date,metric,value,unit,source,fetched_at,raw_ref
2020-01-01,AporEner,132549100,kWh,xm:servapibi,2026-09-22T19:10:49Z,xm/2020/01/AporEner_Sistema.ndjson.gz#AporEner:Sistema:2020-01-01:2020-01-31
2020-01-01,AporEnerMediHist,99390000,kWh,xm:servapibi,2026-09-22T19:10:50Z,xm/2020/01/AporEnerMediHist_Sistema.ndjson.gz#AporEnerMediHist:Sistema:2020-01-01:2020-01-31
2020-01-01,CapaUtilDiarEner,16900891992,kWh,xm:servapibi,2026-09-22T19:10:48Z,xm/2020/01/CapaUtilDiarEner_Sistema.ndjson.gz#CapaUtilDiarEner:Sistema:2020-01-01:2020-01-31
2020-01-01,DemaSIN,155506551.19,kWh,xm:servapibi,2026-09-22T19:10:53Z,xm/2020/01/DemaSIN_Sistema.ndjson.gz#DemaSIN:Sistema:2020-01-01:2020-01-31
2020-01-01,PorcApor,1.33363,fraction,xm:servapibi,2026-09-22T19:10:52Z,xm/2020/01/PorcApor_Sistema.ndjson.gz#PorcApor:Sistema:2020-01-01:2020-01-31
2020-01-01,PorcVoluUtilDiar,0.65934,fraction,xm:servapibi,2026-09-22T19:10:45Z,xm/2020/01/PorcVoluUtilDiar_Sistema.ndjson.gz#PorcVoluUtilDiar:Sistema:2020-01-01:2020-01-31
2020-01-01,PrecBolsNaci,136.49220333333335,COP/kWh,xm:servapibi,2026-09-22T19:10:56Z,xm/2020/01/PrecBolsNaci_Sistema.ndjson.gz#PrecBolsNaci:Sistema:2020-01-01:2020-01-31
2020-01-01,PrecEscaAct,627.21279,COP/kWh,xm:servapibi,2026-09-22T19:10:54Z,xm/2020/01/PrecEscaAct_Sistema.ndjson.gz#PrecEscaAct:Sistema:2020-01-01:2020-01-31
2020-01-01,VoluUtilDiarEner,11143407100,kWh,xm:servapibi,2026-09-22T19:10:46Z,xm/2020/01/VoluUtilDiarEner_Sistema.ndjson.gz#VoluUtilDiarEner:Sistema:2020-01-01:2020-01-31
2020-01-02,AporEner,111798800,kWh,xm:servapibi,2026-09-22T19:10:49Z,xm/2020/01/AporEner_Sistema.ndjson.gz#AporEner:Sistema:2020-01-01:2020-01-31
2020-01-02,AporEnerMediHist,99390000,kWh,xm:servapibi,2026-09-22T19:10:50Z,xm/2020/01/AporEnerMediHist_Sistema.ndjson.gz#AporEnerMediHist:Sistema:2020-01-01:2020-01-31
2020-01-02,CapaUtilDiarEner,16900891992,kWh,xm:servapibi,2026-09-22T19:10:48Z,xm/2020/01/CapaUtilDiarEner_Sistema.ndjson.gz#CapaUtilDiarEner:Sistema:2020-01-01:2020-01-31
2020-01-02,DemaSIN,181754934.08,kWh,xm:servapibi,2026-09-22T19:10:53Z,xm/2020/01/DemaSIN_Sistema.ndjson.gz#DemaSIN:Sistema:2020-01-01:2020-01-31
2020-01-02,PorcApor,1.12485,fraction,xm:servapibi,2026-09-22T19:10:52Z,xm/2020/01/PorcApor_Sistema.ndjson.gz#PorcApor:Sistema:2020-01-01:2020-01-31
2020-01-02,PorcVoluUtilDiar,0.65846,fraction,xm:servapibi,2026-09-22T19:10:45Z,xm/2020/01/PorcVoluUtilDiar_Sistema.ndjson.gz#PorcVoluUtilDiar:Sistema:2020-01-01:2020-01-31
2020-01-02,PrecBolsNaci,254.3980833333333,COP/kWh,xm:servapibi,2026-09-22T19:10:56Z,xm/2020/01/PrecBolsNaci_Sistema.ndjson.gz#PrecBolsNaci:Sistema:2020-01-01:2020-01-31
2020-01-02,PrecEscaAct,627.21279,COP/kWh,xm:servapibi,2026-09-22T19:10:54Z,xm/2020/01/PrecEscaAct_Sistema.ndjson.gz#PrecEscaAct:Sistema:2020-01-01:2020-01-31
2020-01-02,VoluUtilDiarEner,11128500500,kWh,xm:servapibi,2026-09-22T19:10:46Z,xm/2020/01/VoluUtilDiarEner_Sistema.ndjson.gz#VoluUtilDiarEner:Sistema:2020-01-01:2020-01-31
2020-01-03,AporEner,91956000,kWh,xm:servapibi,2026-09-22T19:10:49Z,xm/2020/01/AporEner_Sistema.ndjson.gz#AporEner:Sistema:2020-01-01:2020-01-31
2020-01-03,AporEnerMediHist,99390000,kWh,xm:servapibi,2026-09-22T19:10:50Z,xm/2020/01/AporEnerMediHist_Sistema.ndjson.gz#AporEnerMediHist:Sistema:2020-01-01:2020-01-31
2020-01-03,CapaUtilDiarEner,16900891992,kWh,xm:servapibi,2026-09-22T19:10:48Z,xm/2020/01/CapaUtilDiarEner_Sistema.ndjson.gz#CapaUtilDiarEner:Sistema:2020-01-01:2020-01-31
2020-01-03,DemaSIN,192032421.25,kWh,xm:servapibi,2026-09-22T19:10:53Z,xm/2020/01/DemaSIN_Sistema.ndjson.gz#DemaSIN:Sistema:2020-01-01:2020-01-31
2020-01-03,PorcApor,0.9252,fraction,xm:servapibi,2026-09-22T19:10:52Z,xm/2020/01/PorcApor_Sistema.ndjson.gz#PorcApor:Sistema:2020-01-01:2020-01-31
2020-01-03,PorcVoluUtilDiar,0.65589,fraction,xm:servapibi,2026-09-22T19:10:45Z,xm/2020/01/PorcVoluUtilDiar_Sistema.ndjson.gz#PorcVoluUtilDiar:Sistema:2020-01-01:2020-01-31
2020-01-03,PrecBolsNaci,232.10025666666664,COP/kWh,xm:servapibi,2026-09-22T19:10:56Z,xm/2020/01/PrecBolsNaci_Sistema.ndjson.gz#PrecBolsNaci:Sistema:2020-01-01:2020-01-31
2020-01-03,PrecEscaAct,627.21279,COP/kWh,xm:servapibi,2026-09-22T19:10:54Z,xm/2020/01/PrecEscaAct_Sistema.ndjson.gz#PrecEscaAct:Sistema:2020-01-01:2020-01-31
2020-01-03,VoluUtilDiarEner,11085096800,kWh,xm:servapibi,2026-09-22T19:10:46Z,xm/2020/01/VoluUtilDiarEner_Sistema.ndjson.gz#VoluUtilDiarEner:Sistema:2020-01-01:2020-01-31
2020-01-04,AporEner,80850900,kWh,xm:servapibi,2026-09-22T19:10:49Z,xm/2020/01/AporEner_Sistema.ndjson.gz#AporEner:Sistema:2020-01-01:2020-01-31
2020-01-04,AporEnerMediHist,99390000,kWh,xm:servapibi,2026-09-22T19:10:50Z,xm/2020/01/AporEnerMediHist_Sistema.ndjson.gz#AporEnerMediHist:Sistema:2020-01-01:2020-01-31
2020-01-04,CapaUtilDiarEner,16900891992,kWh,xm:servapibi,2026-09-22T19:10:48Z,xm/2020/01/CapaUtilDiarEner_Sistema.ndjson.gz#CapaUtilDiarEner:Sistema:2020-01-01:2020-01-31
2020-01-04,DemaSIN,188232611.46,kWh,xm:servapibi,2026-09-22T19:10:53Z,xm/2020/01/DemaSIN_Sistema.ndjson.gz#DemaSIN:Sistema:2020-01-01:2020-01-31
2020-01-04,PorcApor,0.81347,fraction,xm:servapibi,2026-09-22T19:10:52Z,xm/2020/01/PorcApor_Sistema.ndjson.gz#PorcApor:Sistema:2020-01-01:2020-01-31
2020-01-04,PorcVoluUtilDiar,0.6526,fraction,xm:servapibi,2026-09-22T19:10:45Z,xm/2020/01/PorcVoluUtilDiar_Sistema.ndjson.gz#PorcVoluUtilDiar:Sistema:2020-01-01:2020-01-31
2020-01-04,PrecBolsNaci,211.94645666666665,COP/kWh,xm:servapibi,2026-09-22T19:10:56Z,xm/2020/01/PrecBolsNaci_Sistema.ndjson.gz#PrecBolsNaci:Sistema:2020-01-01:2020-01-31
2020-01-04,PrecEscaAct,627.21279,COP/kWh,xm:servapibi,2026-09-22T19:10:54Z,xm/2020/01/PrecEscaAct_Sistema.ndjson.gz#PrecEscaAct:Sistema:2020-01-01:2020-01-31
2020-01-04,VoluUtilDiarEner,11029565400,kWh,xm:servapibi,2026-09-22T19:10:46Z,xm/2020/01/VoluUtilDiarEner_Sistema.ndjson.gz#VoluUtilDiarEner:Sistema:2020-01-01:2020-01-31
2020-01-05,AporEner,71334200,kWh,xm:servapibi,2026-09-22T19:10:49Z,xm/2020/01/AporEner_Sistema.ndjson.gz#AporEner:Sistema:2020-01-01:2020-01-31
2020-01-05,AporEnerMediHist,99390000,kWh,xm:servapibi,2026-09-22T19:10:50Z,xm/2020/01/AporEnerMediHist_Sistema.ndjson.gz#AporEnerMediHist:Sistema:2020-01-01:2020-01-31
2020-01-05,CapaUtilDiarEner,16900891992,kWh,xm:servapibi,2026-09-22T19:10:48Z,xm/2020/01/CapaUtilDiarEner_Sistema.ndjson.gz#CapaUtilDiarEner:Sistema:2020-01-01:2020-01-31
2020-01-05,DemaSIN,173195844.11,kWh,xm:servapibi,2026-09-22T19:10:53Z,xm/2020/01/DemaSIN_Sistema.ndjson.gz#DemaSIN:Sistema:2020-01-01:2020-01-31
2020-01-05,PorcApor,0.71772,fraction,xm:servapibi,2026-09-22T19:10:52Z,xm/2020/01/PorcApor_Sistema.ndjson.gz#PorcApor:Sistema:2020-01-01:2020-01-31
2020-01-05,PorcVoluUtilDiar,0.64998,fraction,xm:servapibi,2026-09-22T19:10:45Z,xm/2020/01/PorcVoluUtilDiar_Sistema.ndjson.gz#PorcVoluUtilDiar:Sistema:2020-01-01:2020-01-31
2020-01-05,PrecBolsNaci,227.64241833333335,COP/kWh,xm:servapibi,2026-09-22T19:10:56Z,xm/2020/01/PrecBolsNaci_Sistema.ndjson.gz#PrecBolsNaci:Sistema:2020-01-01:2020-01-31
2020-01-05,PrecEscaAct,627.21279,COP/kWh,xm:servapibi,2026-09-22T19:10:54Z,xm/2020/01/PrecEscaAct_Sistema.ndjson.gz#PrecEscaAct:Sistema:2020-01-01:2020-01-31
2020-01-05,VoluUtilDiarEner,10985194800,kWh,xm:servapibi,2026-09-22T19:10:46Z,xm/2020/01/VoluUtilDiarEner_Sistema.ndjson.gz#VoluUtilDiarEner:Sistema:2020-01-01:2020-01-31
2020-01-06,AporEner,69173700,kWh,xm:servapibi,2026-09-22T19:10:49Z,xm/2020/01/AporEner_Sistema.ndjson.gz#AporEner:Sistema:2020-01-01:2020-01-31
2020-01-06,AporEnerMediHist,99390000,kWh,xm:servapibi,2026-09-22T19:10:50Z,xm/2020/01/AporEnerMediHist_Sistema.ndjson.gz#AporEnerMediHist:Sistema:2020-01-01:2020-01-31
2020-01-06,CapaUtilDiarEner,16900891992,kWh,xm:servapibi,2026-09-22T19:10:48Z,xm/2020/01/CapaUtilDiarEner_Sistema.ndjson.gz#CapaUtilDiarEner:Sistema:2020-01-01:2020-01-31
2020-01-06,DemaSIN,174463788.69,kWh,xm:servapibi,2026-09-22T19:10:53Z,xm/2020/01/DemaSIN_Sistema.ndjson.gz#DemaSIN:Sistema:2020-01-01:2020-01-31
2020-01-06,PorcApor,0.69598,fraction,xm:servapibi,2026-09-22T19:10:52Z,xm/2020/01/PorcApor_Sistema.ndjson.gz#PorcApor:Sistema:2020-01-01:2020-01-31
2020-01-06,PorcVoluUtilDiar,0.6471,fraction,xm:servapibi,2026-09-22T19:10:45Z,xm/2020/01/PorcVoluUtilDiar_Sistema.ndjson.gz#PorcVoluUtilDiar:Sistema:2020-01-01:2020-01-31
2020-01-06,PrecBolsNaci,208.6019133333334,COP/kWh,xm:servapibi,2026-09-22T19:10:56Z,xm/2020/01/PrecBolsNaci_Sistema.ndjson.gz#PrecBolsNaci:Sistema:2020-01-01:2020-01-31
2020-01-06,PrecEscaAct,627.21279,COP/kWh,xm:servapibi,2026-09-22T19:10:54Z,xm/2020/01/PrecEscaAct_Sistema.ndjson.gz#PrecEscaAct:Sistema:2020-01-01:2020-01-31
2020-01-06,VoluUtilDiarEner,10936518600,kWh,xm:servapibi,2026-09-22T19:10:46Z,xm/2020/01/VoluUtilDiarEner_Sistema.ndjson.gz#VoluUtilDiarEner:Sistema:2020-01-01:2020-01-31
2020-01-07,AporEner,62817500,kWh,xm:servapibi,2026-09-22T19:10:49Z,xm/2020/01/AporEner_Sistema.ndjson.gz#AporEner:Sistema:2020-01-01:2020-01-31
2020-01-07,AporEnerMediHist,99390000,kWh,xm:servapibi,2026-09-22T19:10:50Z,xm/2020/01/AporEnerMediHist_Sistema.ndjson.gz#AporEnerMediHist:Sistema:2020-01-01:2020-01-31
2020-01-07,CapaUtilDiarEner,16900891992,kWh,xm:servapibi,2026-09-22T19:10:48Z,xm/2020/01/CapaUtilDiarEner_Sistema.ndjson.gz#CapaUtilDiarEner:Sistema:2020-01-01:2020-01-31
2020-01-07,DemaSIN,195751211.75,kWh,xm:servapibi,2026-09-22T19:10:53Z,xm/2020/01/DemaSIN_Sistema.ndjson.gz#DemaSIN:Sistema:2020-01-01:2020-01-31
2020-01-07,PorcApor,0.63203,fraction,xm:servapibi,2026-09-22T19:10:52Z,xm/2020/01/PorcApor_Sistema.ndjson.gz#PorcApor:Sistema:2020-01-01:2020-01-31
2020-01-07,PorcVoluUtilDiar,0.6429,fraction,xm:servapibi,2026-09-22T19:10:45Z,xm/2020/01/PorcVoluUtilDiar_Sistema.ndjson.gz#PorcVoluUtilDiar:Sistema:2020-01-01:2020-01-31
2020-01-07,PrecBolsNaci,260.99168999999995,COP/kWh,xm:servapibi,2026-09-22T19:10:56Z,xm/2020/01/PrecBolsNaci_Sistema.ndjson.gz#PrecBolsNaci:Sistema:2020-01-01:2020-01-31
2020-01-07,PrecEscaAct,627.21279,COP/kWh,xm:servapibi,2026-09-22T19:10:54Z,xm/2020/01/PrecEscaAct_Sistema.ndjson.gz#PrecEscaAct:Sistema:2020-01-01:2020-01-31
2020-01-07,VoluUtilDiarEner,10865509100,kWh,xm:servapibi,2026-09-22T19:10:46Z,xm/2020/01/VoluUtilDiarEner_Sistema.ndjson.gz#VoluUtilDiarEner:Sistema:2020-01-01:2020-01-31
2020-01-08,AporEner,62052500,kWh,xm:servapibi,2026-09-22T19:10:49Z,xm/2020/01/AporEner_Sistema.ndjson.gz#AporEner:Sistema:2020-01-01:2020-01-31
2020-01-08,AporEnerMediHist,99390000,kWh,xm:servapibi,2026-09-22T19:10:50Z,xm/2020/01/AporEnerMediHist_Sistema.ndjson.gz#AporEnerMediHist:Sistema:2020-01-01:2020-01-31
2020-01-08,CapaUtilDiarEner,16900891992,kWh,xm:servapibi,2026-09-22T19:10:48Z,xm/2020/01/CapaUtilDiarEner_Sistema.ndjson.gz#CapaUtilDiarEner:Sistema:2020-01-01:2020-01-31
2020-01-08,DemaSIN,200798718.57,kWh,xm:servapibi,2026-09-22T19:10:53Z,xm/2020/01/DemaSIN_Sistema.ndjson.gz#DemaSIN:Sistema:2020-01-01:2020-01-31
2020-01-08,PorcApor,0.62433,fraction,xm:servapibi,2026-09-22T19:10:52Z,xm/2020/01/PorcApor_Sistema.ndjson.gz#PorcApor:Sistema:2020-01-01:2020-01-31
2020-01-08,PorcVoluUtilDiar,0.63867,fraction,xm:servapibi,2026-09-22T19:10:45Z,xm/2020/01/PorcVoluUtilDiar_Sistema.ndjson.gz#PorcVoluUtilDiar:Sistema:2020-01-01:2020-01-31
2020-01-08,PrecBolsNaci,264.2665316666667,COP/kWh,xm:servapibi,2026-09-22T19:10:56Z,xm/2020/01/PrecBolsNaci_Sistema.ndjson.gz#PrecBolsNaci:Sistema:2020-01-01:2020-01-31
2020-01-08,PrecEscaAct,627.21279,COP/kWh,xm:servapibi,2026-09-22T19:10:54Z,xm/2020/01/PrecEscaAct_Sistema.ndjson.gz#PrecEscaAct:Sistema:2020-01-01:2020-01-31
2020-01-08,VoluUtilDiarEner,10794117600,kWh,xm:servapibi,2026-09-22T19:10:46Z,xm/2020/01/VoluUtilDiarEner_Sistema.ndjson.gz#VoluUtilDiarEner:Sistema:2020-01-01:2020-01-31
2020-01-09,AporEner,58060600,kWh,xm:servapibi,2026-09-22T19:10:49Z,xm/2020/01/AporEner_Sistema.ndjson.gz#AporEner:Sistema:2020-01-01:2020-01-31
2020-01-09,AporEnerMediHist,99390000,kWh,xm:servapibi,2026-09-22T19:10:50Z,xm/2020/01/AporEnerMediHist_Sistema.ndjson.gz#AporEnerMediHist:Sistema:2020-01-01:2020-01-31
2020-01-09,CapaUtilDiarEner,16900891992,kWh,xm:servapibi,2026-09-22T19:10:48Z,xm/2020/01/CapaUtilDiarEner_Sistema.ndjson.gz#CapaUtilDiarEner:Sistema:2020-01-01:2020-01-31
2020-01-09,DemaSIN,200626186.29,kWh,xm:servapibi,2026-09-22T19:10:53Z,xm/2020/01/DemaSIN_Sistema.ndjson.gz#DemaSIN:Sistema:2020-01-01:2020-01-31
2020-01-09,PorcApor,0.58417,fraction,xm:servapibi,2026-09-22T19:10:52Z,xm/2020/01/PorcApor_Sistema.ndjson.gz#PorcApor:Sistema:2020-01-01:2020-01-31
2020-01-09,PorcVoluUtilDiar,0.63392,fraction,xm:servapibi,2026-09-22T19:10:45Z,xm/2020/01/PorcVoluUtilDiar_Sistema.ndjson.gz#PorcVoluUtilDiar:Sistema:2020-01-01:2020-01-31
2020-01-09,PrecBolsNaci,293.57192666666674,COP/kWh,xm:servapibi,2026-09-22T19:10:56Z,xm/2020/01/PrecBolsNaci_Sistema.ndjson.gz#PrecBolsNaci:Sistema:2020-01-01:2020-01-31
2020-01-09,PrecEscaAct,627.21279,COP/kWh,xm:servapibi,2026-09-22T19:10:54Z,xm/2020/01/PrecEscaAct_Sistema.ndjson.gz#PrecEscaAct:Sistema:2020-01-01:2020-01-31
2020-01-09,VoluUtilDiarEner,10713759400,kWh,xm:servapibi,2026-09-22T19:10:46Z,xm/2020/01/VoluUtilDiarEner_Sistema.ndjson.gz#VoluUtilDiarEner:Sistema:2020-01-01:2020-01-31
2020-01-10,AporEner,57525300,kWh,xm:servapibi,2026-09-22T19:10:49Z,xm/2020/01/AporEner_Sistema.ndjson.gz#AporEner:Sistema:2020-01-01:2020-01-31
2020-01-10,AporEnerMediHist,99390000,kWh,xm:servapibi,2026-09-22T19:10:50Z,xm/2020/01/AporEnerMediHist_Sistema.ndjson.gz#AporEnerMediHist:Sistema:2020-01-01:2020-01-31
2020-01-10,CapaUtilDiarEner,16900891992,kWh,xm:servapibi,2026-09-22T19:10:48Z,xm/2020/01/CapaUtilDiarEner_Sistema.ndjson.gz#CapaUtilDiarEner:Sistema:2020-01-01:2020-01-31
2020-01-10,DemaSIN,201052946.99,kWh,xm:servapibi,2026-09-22T19:10:53Z,xm/2020/01/DemaSIN_Sistema.ndjson.gz#DemaSIN:Sistema:2020-01-01:2020-01-31
2020-01-10,PorcApor,0.57878,fraction,xm:servapibi,2026-09-22T19:10:52Z,xm/2020/01/PorcApor_Sistema.ndjson.gz#PorcApor:Sistema:2020-01-01:2020-01-31
2020-01-10,PorcVoluUtilDiar,0.62883,fraction,xm:servapibi,2026-09-22T19:10:45Z,xm/2020/01/PorcVoluUtilDiar_Sistema.ndjson.gz#PorcVoluUtilDiar:Sistema:2020-01-01:2020-01-31
2020-01-10,PrecBolsNaci,307.4932933333334,COP/kWh,xm:servapibi,2026-09-22T19:10:56Z,xm/2020/01/PrecBolsNaci_Sistema.ndjson.gz#PrecBolsNaci:Sistema:2020-01-01:2020-01-31
2020-01-10,PrecEscaAct,627.21279,COP/kWh,xm:servapibi,2026-09-22T19:10:54Z,xm/2020/01/PrecEscaAct_Sistema.ndjson.gz#PrecEscaAct:Sistema:2020-01-01:2020-01-31
2020-01-10,VoluUtilDiarEner,10627709400,kWh,xm:servapibi,2026-09-22T19:10:46Z,xm/2020/01/VoluUtilDiarEner_Sistema.ndjson.gz#VoluUtilDiarEner:Sistema:2020-01-01:2020-01-31
2020-01-11,AporEner,57948000,kWh,xm:servapibi,2026-09-22T19:10:49Z,xm/2020/01/AporEner_Sistema.ndjson.gz#AporEner:Sistema:2020-01-01:2020-01-31
2020-01-11,AporEnerMediHist,99390000,kWh,xm:servapibi,2026-09-22T19:10:50Z,xm/2020/01/AporEnerMediHist_Sistema.ndjson.gz#AporEnerMediHist:Sistema:2020-01-01:2020-01-31
2020-01-11,CapaUtilDiarEner,16900891992,kWh,xm:servapibi,2026-09-22T19:10:48Z,xm/2020/01/CapaUtilDiarEner_Sistema.ndjson.gz#CapaUtilDiarEner:Sistema:2020-01-01:2020-01-31
2020-01-11,DemaSIN,193696119.5,kWh,xm:servapibi,2026-09-22T19:10:53Z,xm/2020/01/DemaSIN_Sistema.ndjson.gz#DemaSIN:Sistema:2020-01-01:2020-01-31
2020-01-11,PorcApor,0.58304,fraction,xm:servapibi,2026-09-22T19:10:52Z,xm/2020/01/PorcApor_Sistema.ndjson.gz#PorcApor:Sistema:2020-01-01:2020-01-31
2020-01-11,PorcVoluUtilDiar,0.62412,fraction,xm:servapibi,2026-09-22T19:10:45Z,xm/2020/01/PorcVoluUtilDiar_Sistema.ndjson.gz#PorcVoluUtilDiar:Sistema:2020-01-01:2020-01-31
2020-01-11,PrecBolsNaci,292.21528500000005,COP/kWh,xm:servapibi,2026-09-22T19:10:56Z,xm/2020/01/PrecBolsNaci_Sistema.ndjson.gz#PrecBolsNaci:Sistema:2020-01-01:2020-01-31
2020-01-11,PrecEscaAct,627.21279,COP/kWh,xm:servapibi,2026-09-22T19:10:54Z,xm/2020/01/PrecEscaAct_Sistema.ndjson.gz#PrecEscaAct:Sistema:2020-01-01:2020-01-31
2020-01-11,VoluUtilDiarEner,10548177800,kWh,xm:servapibi,2026-09-22T19:10:46Z,xm/2020/01/VoluUtilDiarEner_Sistema.ndjson.gz#VoluUtilDiarEner:Sistema:2020-01-01:2020-01-31
2020-01-12,AporEner,58463200,kWh,xm:servapibi,2026-09-22T19:10:49Z,xm/2020/01/AporEner_Sistema.ndjson.gz#AporEner:Sistema:2020-01-01:2020-01-31
2020-01-12,AporEnerMediHist,99390000,kWh,xm:servapibi,2026-09-22T19:10:50Z,xm/2020/01/AporEnerMediHist_Sistema.ndjson.gz#AporEnerMediHist:Sistema:2020-01-01:2020-01-31
2020-01-12,CapaUtilDiarEner,16900891992,kWh,xm:servapibi,2026-09-22T19:10:48Z,xm/2020/01/CapaUtilDiarEner_Sistema.ndjson.gz#CapaUtilDiarEner:Sistema:2020-01-01:2020-01-31
2020-01-12,DemaSIN,178483315.58,kWh,xm:servapibi,2026-09-22T19:10:53Z,xm/2020/01/DemaSIN_Sistema.ndjson.gz#DemaSIN:Sistema:2020-01-01:2020-01-31
2020-01-12,PorcApor,0.58822,fraction,xm:servapibi,2026-09-22T19:10:52Z,xm/2020/01/PorcApor_Sistema.ndjson.gz#PorcApor:Sistema:2020-01-01:2020-01-31
2020-01-12,PorcVoluUtilDiar,0.62012,fraction,xm:servapibi,2026-09-22T19:10:45Z,xm/2020/01/PorcVoluUtilDiar_Sistema.ndjson.gz#PorcVoluUtilDiar:Sistema:2020-01-01:2020-01-31
2020-01-12,PrecBolsNaci,309.29155999999995,COP/kWh,xm:servapibi,2026-09-22T19:10:56Z,xm/2020/01/PrecBolsNaci_Sistema.ndjson.gz#PrecBolsNaci:Sistema:2020-01-01:2020-01-31
2020-01-12,PrecEscaAct,627.21279,COP/kWh,xm:servapibi,2026-09-22T19:10:54Z,xm/2020/01/PrecEscaAct_Sistema.ndjson.gz#PrecEscaAct:Sistema:2020-01-01:2020-01-31
2020-01-12,VoluUtilDiarEner,10480575500,kWh,xm:servapibi,2026-09-22T19:10:46Z,xm/2020/01/VoluUtilDiarEner_Sistema.ndjson.gz#VoluUtilDiarEner:Sistema:2020-01-01:2020-01-31
2020-01-13,AporEner,54337400,kWh,xm:servapibi,2026-09-22T19:10:49Z,xm/2020/01/AporEner_Sistema.ndjson.gz#AporEner:Sistema:2020-01-01:2020-01-31
2020-01-13,AporEnerMediHist,99390000,kWh,xm:servapibi,2026-09-22T19:10:50Z,xm/2020/01/AporEnerMediHist_Sistema.ndjson.gz#AporEnerMediHist:Sistema:2020-01-01:2020-01-31
2020-01-13,CapaUtilDiarEner,16900891992,kWh,xm:servapibi,2026-09-22T19:10:48Z,xm/2020/01/CapaUtilDiarEner_Sistema.ndjson.gz#CapaUtilDiarEner:Sistema:2020-01-01:2020-01-31
2020-01-13,DemaSIN,202296771.45,kWh,xm:servapibi,2026-09-22T19:10:53Z,xm/2020/01/DemaSIN_Sistema.ndjson.gz#DemaSIN:Sistema:2020-01-01:2020-01-31
2020-01-13,PorcApor,0.54671,fraction,xm:servapibi,2026-09-22T19:10:52Z,xm/2020/01/PorcApor_Sistema.ndjson.gz#PorcApor:Sistema:2020-01-01:2020-01-31
2020-01-13,PorcVoluUtilDiar,0.61508,fraction,xm:servapibi,2026-09-22T19:10:45Z,xm/2020/01/PorcVoluUtilDiar_Sistema.ndjson.gz#PorcVoluUtilDiar:Sistema:2020-01-01:2020-01-31
2020-01-13,PrecBolsNaci,356.51337999999987,COP/kWh,xm:servapibi,2026-09-22T19:10:56Z,xm/2020/01/PrecBolsNaci_Sistema.ndjson.gz#PrecBolsNaci:Sistema:2020-01-01:2020-01-31
2020-01-13,PrecEscaAct,627.21279,COP/kWh,xm:servapibi,2026-09-22T19:10:54Z,xm/2020/01/PrecEscaAct_Sistema.ndjson.gz#PrecEscaAct:Sistema:2020-01-01:2020-01-31
2020-01-13,VoluUtilDiarEner,10395453400,kWh,xm:servapibi,2026-09-22T19:10:46Z,xm/2020/01/VoluUtilDiarEner_Sistema.ndjson.gz#VoluUtilDiarEner:Sistema:2020-01-01:2020-01-31
2020-01-14,AporEner,54031500,kWh,xm:servapibi,2026-09-22T19:10:49Z,xm/2020/01/AporEner_Sistema.ndjson.gz#AporEner:Sistema:2020-01-01:2020-01-31
2020-01-14,AporEnerMediHist,99390000,kWh,xm:servapibi,2026-09-22T19:10:50Z,xm/2020/01/AporEnerMediHist_Sistema.ndjson.gz#AporEnerMediHist:Sistema:2020-01-01:2020-01-31
2020-01-14,CapaUtilDiarEner,16900891992,kWh,xm:servapibi,2026-09-22T19:10:48Z,xm/2020/01/CapaUtilDiarEner_Sistema.ndjson.gz#CapaUtilDiarEner:Sistema:2020-01-01:2020-01-31
2020-01-14,DemaSIN,205745862.26,kWh,xm:servapibi,2026-09-22T19:10:53Z,xm/2020/01/DemaSIN_Sistema.ndjson.gz#DemaSIN:Sistema:2020-01-01:2020-01-31
2020-01-14,PorcApor,0.54363,fraction,xm:servapibi,2026-09-22T19:10:52Z,xm/2020/01/PorcApor_Sistema.ndjson.gz#PorcApor:Sistema:2020-01-01:2020-01-31
2020-01-14,PorcVoluUtilDiar,0.61025,fraction,xm:servapibi,2026-09-22T19:10:45Z,xm/2020/01/PorcVoluUtilDiar_Sistema.ndjson.gz#PorcVoluUtilDiar:Sistema:2020-01-01:2020-01-31
2020-01-14,PrecBolsNaci,321.3293616666667,COP/kWh,xm:servapibi,2026-09-22T19:10:56Z,xm/2020/01/PrecBolsNaci_Sistema.ndjson.gz#PrecBolsNaci:Sistema:2020-01-01:2020-01-31
2020-01-14,PrecEscaAct,627.21279,COP/kWh,xm:servapibi,2026-09-22T19:10:54Z,xm/2020/01/PrecEscaAct_Sistema.ndjson.gz#PrecEscaAct:Sistema:2020-01-01:2020-01-31
2020-01-14,VoluUtilDiarEner,10313712700,kWh,xm:servapibi,2026-09-22T19:10:46Z,xm/2020/01/VoluUtilDiarEner_Sistema.ndjson.gz#VoluUtilDiarEner:Sistema:2020-01-01:2020-01-31
2020-01-15,AporEner,53971200,kWh,xm:servapibi,2026-09-22T19:10:49Z,xm/2020/01/AporEner_Sistema.ndjson.gz#AporEner:Sistema:2020-01-01:2020-01-31
2020-01-15,AporEnerMediHist,99390000,kWh,xm:servapibi,2026-09-22T19:10:50Z,xm/2020/01/AporEnerMediHist_Sistema.ndjson.gz#AporEnerMediHist:Sistema:2020-01-01:2020-01-31
2020-01-15,CapaUtilDiarEner,16900891992,kWh,xm:servapibi,2026-09-22T19:10:48Z,xm/2020/01/CapaUtilDiarEner_Sistema.ndjson.gz#CapaUtilDiarEner:Sistema:2020-01-01:2020-01-31
2020-01-15,DemaSIN,206766294.17,kWh,xm:servapibi,2026-09-22T19:10:53Z,xm/2020/01/DemaSIN_Sistema.ndjson.gz#DemaSIN:Sistema:2020-01-01:2020-01-31
2020-01-15,PorcApor,0.54302,fraction,xm:servapibi,2026-09-22T19:10:52Z,xm/2020/01/PorcApor_Sistema.ndjson.gz#PorcApor:Sistema:2020-01-01:2020-01-31
2020-01-15,PorcVoluUtilDiar,0.60538,fraction,xm:servapibi,2026-09-22T19:10:45Z,xm/2020/01/PorcVoluUtilDiar_Sistema.ndjson.gz#PorcVoluUtilDiar:Sistema:2020-01-01:2020-01-31
2020-01-15,PrecBolsNaci,347.3475516666667,COP/kWh,xm:servapibi,2026-09-22T19:10:56Z,xm/2020/01/PrecBolsNaci_Sistema.ndjson.gz#PrecBolsNaci:Sistema:2020-01-01:2020-01-31
2020-01-15,PrecEscaAct,627.21279,COP/kWh,xm:servapibi,2026-09-22T19:10:54Z,xm/2020/01/PrecEscaAct_Sistema.ndjson.gz#PrecEscaAct:Sistema:2020-01-01:2020-01-31
2020-01-15,VoluUtilDiarEner,10231492700,kWh,xm:servapibi,2026-09-22T19:10:46Z,xm/2020/01/VoluUtilDiarEner_Sistema.ndjson.gz#VoluUtilDiarEner:Sistema:2020-01-01:2020-01-31
2020-01-16,AporEner,56301500,kWh,xm:servapibi,2026-09-22T19:10:49Z,xm/2020/01/AporEner_Sistema.ndjson.gz#AporEner:Sistema:2020-01-01:2020-01-31
2020-01-16,AporEnerMediHist,99390000,kWh,xm:servapibi,2026-09-22T19:10:50Z,xm/2020/01/AporEnerMediHist_Sistema.ndjson.gz#AporEnerMediHist:Sistema:2020-01-01:2020-01-31
2020-01-16,CapaUtilDiarEner,16900891992,kWh,xm:servapibi,2026-09-22T19:10:48Z,xm/2020/01/CapaUtilDiarEner_Sistema.ndjson.gz#CapaUtilDiarEner:Sistema:2020-01-01:2020-01-31
2020-01-16,DemaSIN,208987492.68,kWh,xm:servapibi,2026-09-22T19:10:53Z,xm/2020/01/DemaSIN_Sistema.ndjson.gz#DemaSIN:Sistema:2020-01-01:2020-01-31
2020-01-16,PorcApor,0.56647,fraction,xm:servapibi,2026-09-22T19:10:52Z,xm/2020/01/PorcApor_Sistema.ndjson.gz#PorcApor:Sistema:2020-01-01:2020-01-31
2020-01-16,PorcVoluUtilDiar,0.59762,fraction,xm:servapibi,2026-09-22T19:10:45Z,xm/2020/01/PorcVoluUtilDiar_Sistema.ndjson.gz#PorcVoluUtilDiar:Sistema:2020-01-01:2020-01-31
2020-01-16,PrecBolsNaci,361.3774516666667,COP/kWh,xm:servapibi,2026-09-22T19:10:56Z,xm/2020/01/PrecBolsNaci_Sistema.ndjson.gz#PrecBolsNaci:Sistema:2020-01-01:2020-01-31
2020-01-16,PrecEscaAct,627.21279,COP/kWh,xm:servapibi,2026-09-22T19:10:54Z,xm/2020/01/PrecEscaAct_Sistema.ndjson.gz#PrecEscaAct:Sistema:2020-01-01:2020-01-31
2020-01-16,VoluUtilDiarEner,10100375200,kWh,xm:servapibi,2026-09-22T19:10:46Z,xm/2020/01/VoluUtilDiarEner_Sistema.ndjson.gz#VoluUtilDiarEner:Sistema:2020-01-01:2020-01-31
2020-01-17,AporEner,66271700,kWh,xm:servapibi,2026-09-22T19:10:49Z,xm/2020/01/AporEner_Sistema.ndjson.gz#AporEner:Sistema:2020-01-01:2020-01-31
2020-01-17,AporEnerMediHist,99390000,kWh,xm:servapibi,2026-09-22T19:10:50Z,xm/2020/01/AporEnerMediHist_Sistema.ndjson.gz#AporEnerMediHist:Sistema:2020-01-01:2020-01-31
2020-01-17,CapaUtilDiarEner,16900891992,kWh,xm:servapibi,2026-09-22T19:10:48Z,xm/2020/01/CapaUtilDiarEner_Sistema.ndjson.gz#CapaUtilDiarEner:Sistema:2020-01-01:2020-01-31
2020-01-17,DemaSIN,209933656.1,kWh,xm:servapibi,2026-09-22T19:10:53Z,xm/2020/01/DemaSIN_Sistema.ndjson.gz#DemaSIN:Sistema:2020-01-01:2020-01-31
2020-01-17,PorcApor,0.66678,fraction,xm:servapibi,2026-09-22T19:10:52Z,xm/2020/01/PorcApor_Sistema.ndjson.gz#PorcApor:Sistema:2020-01-01:2020-01-31
2020-01-17,PorcVoluUtilDiar,0.59514,fraction,xm:servapibi,2026-09-22T19:10:45Z,xm/2020/01/PorcVoluUtilDiar_Sistema.ndjson.gz#PorcVoluUtilDiar:Sistema:2020-01-01:2020-01-31
2020-01-17,PrecBolsNaci,358.2492333333333,COP/kWh,xm:servapibi,2026-09-22T19:10:56Z,xm/2020/01/PrecBolsNaci_Sistema.ndjson.gz#PrecBolsNaci:Sistema:2020-01-01:2020-01-31
2020-01-17,PrecEscaAct,627.21279,COP/kWh,xm:servapibi,2026-09-22T19:10:54Z,xm/2020/01/PrecEscaAct_Sistema.ndjson.gz#PrecEscaAct:Sistema:2020-01-01:2020-01-31
2020-01-17,VoluUtilDiarEner,10058410300,kWh,xm:servapibi,2026-09-22T19:10:46Z,xm/2020/01/VoluUtilDiarEner_Sistema.ndjson.gz#VoluUtilDiarEner:Sistema:2020-01-01:2020-01-31
2020-01-18,AporEner,64616100,kWh,xm:servapibi,2026-09-22T19:10:49Z,xm/2020/01/AporEner_Sistema.ndjson.gz#AporEner:Sistema:2020-01-01:2020-01-31
2020-01-18,AporEnerMediHist,99390000,kWh,xm:servapibi,2026-09-22T19:10:50Z,xm/2020/01/AporEnerMediHist_Sistema.ndjson.gz#AporEnerMediHist:Sistema:2020-01-01:2020-01-31
2020-01-18,CapaUtilDiarEner,16900891992,kWh,xm:servapibi,2026-09-22T19:10:48Z,xm/2020/01/CapaUtilDiarEner_Sistema.ndjson.gz#CapaUtilDiarEner:Sistema:2020-01-01:2020-01-31
2020-01-18,DemaSIN,200929424.68,kWh,xm:servapibi,2026-09-22T19:10:53Z,xm/2020/01/DemaSIN_Sistema.ndjson.gz#DemaSIN:Sistema:2020-01-01:2020-01-31
2020-01-18,PorcApor,0.65013,fraction,xm:servapibi,2026-09-22T19:10:52Z,xm/2020/01/PorcApor_Sistema.ndjson.gz#PorcApor:Sistema:2020-01-01:2020-01-31
2020-01-18,PorcVoluUtilDiar,0.59078,fraction,xm:servapibi,2026-09-22T19:10:45Z,xm/2020/01/PorcVoluUtilDiar_Sistema.ndjson.gz#PorcVoluUtilDiar:Sistema:2020-01-01:2020-01-31
2020-01-18,PrecBolsNaci,355.72484333333324,COP/kWh,xm:servapibi,2026-09-22T19:10:56Z,xm/2020/01/PrecBolsNaci_Sistema.ndjson.gz#PrecBolsNaci:Sistema:2020-01-01:2020-01-31
2020-01-18,PrecEscaAct,627.21279,COP/kWh,xm:servapibi,2026-09-22T19:10:54Z,xm/2020/01/PrecEscaAct_Sistema.ndjson.gz#PrecEscaAct:Sistema:2020-01-01:2020-01-31
2020-01-18,VoluUtilDiarEner,9984644600,kWh,xm:servapibi,2026-09-22T19:10:46Z,xm/2020/01/VoluUtilDiarEner_Sistema.ndjson.gz#VoluUtilDiarEner:Sistema:2020-01-01:2020-01-31
2020-01-19,AporEner,64253200,kWh,xm:servapibi,2026-09-22T19:10:49Z,xm/2020/01/AporEner_Sistema.ndjson.gz#AporEner:Sistema:2020-01-01:2020-01-31
2020-01-19,AporEnerMediHist,99390000,kWh,xm:servapibi,2026-09-22T19:10:50Z,xm/2020/01/AporEnerMediHist_Sistema.ndjson.gz#AporEnerMediHist:Sistema:2020-01-01:2020-01-31
2020-01-19,CapaUtilDiarEner,16900891992,kWh,xm:servapibi,2026-09-22T19:10:48Z,xm/2020/01/CapaUtilDiarEner_Sistema.ndjson.gz#CapaUtilDiarEner:Sistema:2020-01-01:2020-01-31
2020-01-19,DemaSIN,183115429.4,kWh,xm:servapibi,2026-09-22T19:10:53Z,xm/2020/01/DemaSIN_Sistema.ndjson.gz#DemaSIN:Sistema:2020-01-01:2020-01-31
2020-01-19,PorcApor,0.64648,fraction,xm:servapibi,2026-09-22T19:10:52Z,xm/2020/01/PorcApor_Sistema.ndjson.gz#PorcApor:Sistema:2020-01-01:2020-01-31
2020-01-19,PorcVoluUtilDiar,0.5875,fraction,xm:servapibi,2026-09-22T19:10:45Z,xm/2020/01/PorcVoluUtilDiar_Sistema.ndjson.gz#PorcVoluUtilDiar:Sistema:2020-01-01:2020-01-31
2020-01-19,PrecBolsNaci,325.1631633333332,COP/kWh,xm:servapibi,2026-09-22T19:10:56Z,xm/2020/01/PrecBolsNaci_Sistema.ndjson.gz#PrecBolsNaci:Sistema:2020-01-01:2020-01-31
2020-01-19,PrecEscaAct,627.21279,COP/kWh,xm:servapibi,2026-09-22T19:10:54Z,xm/2020/01/PrecEscaAct_Sistema.ndjson.gz#PrecEscaAct:Sistema:2020-01-01:2020-01-31
2020-01-19,VoluUtilDiarEner,9929190200,kWh,xm:servapibi,2026-09-22T19:10:46Z,xm/2020/01/VoluUtilDiarEner_Sistema.ndjson.gz#VoluUtilDiarEner:Sistema:2020-01-01:2020-01-31
2020-01-20,AporEner,72607300,kWh,xm:servapibi,2026-09-22T19:10:49Z,xm/2020/01/AporEner_Sistema.ndjson.gz#AporEner:Sistema:2020-01-01:2020-01-31
2020-01-20,AporEnerMediHist,99390000,kWh,xm:servapibi,2026-09-22T19:10:50Z,xm/2020/01/AporEnerMediHist_Sistema.ndjson.gz#AporEnerMediHist:Sistema:2020-01-01:2020-01-31
2020-01-20,CapaUtilDiarEner,16900891992,kWh,xm:servapibi,2026-09-22T19:10:48Z,xm/2020/01/CapaUtilDiarEner_Sistema.ndjson.gz#CapaUtilDiarEner:Sistema:2020-01-01:2020-01-31
2020-01-20,DemaSIN,207741666.88,kWh,xm:servapibi,2026-09-22T19:10:53Z,xm/2020/01/DemaSIN_Sistema.ndjson.gz#DemaSIN:Sistema:2020-01-01:2020-01-31
2020-01-20,PorcApor,0.73053,fraction,xm:servapibi,2026-09-22T19:10:52Z,xm/2020/01/PorcApor_Sistema.ndjson.gz#PorcApor:Sistema:2020-01-01:2020-01-31
2020-01-20,PorcVoluUtilDiar,0.58326,fraction,xm:servapibi,2026-09-22T19:10:45Z,xm/2020/01/PorcVoluUtilDiar_Sistema.ndjson.gz#PorcVoluUtilDiar:Sistema:2020-01-01:2020-01-31
2020-01-20,PrecBolsNaci,418.56336999999985,COP/kWh,xm:servapibi,2026-09-22T19:10:56Z,xm/2020/01/PrecBolsNaci_Sistema.ndjson.gz#PrecBolsNaci:Sistema:2020-01-01:2020-01-31
2020-01-20,PrecEscaAct,627.21279,COP/kWh,xm:servapibi,2026-09-22T19:10:54Z,xm/2020/01/PrecEscaAct_Sistema.ndjson.gz#PrecEscaAct:Sistema:2020-01-01:2020-01-31
2020-01-20,VoluUtilDiarEner,9857566700,kWh,xm:servapibi,2026-09-22T19:10:46Z,xm/2020/01/VoluUtilDiarEner_Sistema.ndjson.gz#VoluUtilDiarEner:Sistema:2020-01-01:2020-01-31
2020-01-21,AporEner,74845000,kWh,xm:servapibi,2026-09-22T19:10:49Z,xm/2020/01/AporEner_Sistema.ndjson.gz#AporEner:Sistema:2020-01-01:2020-01-31
2020-01-21,AporEnerMediHist,99390000,kWh,xm:servapibi,2026-09-22T19:10:50Z,xm/2020/01/AporEnerMediHist_Sistema.ndjson.gz#AporEnerMediHist:Sistema:2020-01-01:2020-01-31
2020-01-21,CapaUtilDiarEner,16900891992,kWh,xm:servapibi,2026-09-22T19:10:48Z,xm/2020/01/CapaUtilDiarEner_Sistema.ndjson.gz#CapaUtilDiarEner:Sistema:2020-01-01:2020-01-31
2020-01-21,DemaSIN,208249232.86,kWh,xm:servapibi,2026-09-22T19:10:53Z,xm/2020/01/DemaSIN_Sistema.ndjson.gz#DemaSIN:Sistema:2020-01-01:2020-01-31
2020-01-21,PorcApor,0.75304,fraction,xm:servapibi,2026-09-22T19:10:52Z,xm/2020/01/PorcApor_Sistema.ndjson.gz#PorcApor:Sistema:2020-01-01:2020-01-31
2020-01-21,PorcVoluUtilDiar,0.57954,fraction,xm:servapibi,2026-09-22T19:10:45Z,xm/2020/01/PorcVoluUtilDiar_Sistema.ndjson.gz#PorcVoluUtilDiar:Sistema:2020-01-01:2020-01-31
2020-01-21,PrecBolsNaci,417.50024666666656,COP/kWh,xm:servapibi,2026-09-22T19:10:56Z,xm/2020/01/PrecBolsNaci_Sistema.ndjson.gz#PrecBolsNaci:Sistema:2020-01-01:2020-01-31
2020-01-21,PrecEscaAct,627.21279,COP/kWh,xm:servapibi,2026-09-22T19:10:54Z,xm/2020/01/PrecEscaAct_Sistema.ndjson.gz#PrecEscaAct:Sistema:2020-01-01:2020-01-31
2020-01-21,VoluUtilDiarEner,9794731700,kWh,xm:servapibi,2026-09-22T19:10:46Z,xm/2020/01/VoluUtilDiarEner_Sistema.ndjson.gz#VoluUtilDiarEner:Sistema:2020-01-01:2020-01-31
2020-01-22,AporEner,77070400,kWh,xm:servapibi,2026-09-22T19:10:49Z,xm/2020/01/AporEner_Sistema.ndjson.gz#AporEner:Sistema:2020-01-01:2020-01-31
2020-01-22,AporEnerMediHist,99390000,kWh,xm:servapibi,2026-09-22T19:10:50Z,xm/2020/01/AporEnerMediHist_Sistema.ndjson.gz#AporEnerMediHist:Sistema:2020-01-01:2020-01-31
2020-01-22,CapaUtilDiarEner,16900891992,kWh,xm:servapibi,2026-09-22T19:10:48Z,xm/2020/01/CapaUtilDiarEner_Sistema.ndjson.gz#CapaUtilDiarEner:Sistema:2020-01-01:2020-01-31
2020-01-22,DemaSIN,205500422.94,kWh,xm:servapibi,2026-09-22T19:10:53Z,xm/2020/01/DemaSIN_Sistema.ndjson.gz#DemaSIN:Sistema:2020-01-01:2020-01-31
2020-01-22,PorcApor,0.77543,fraction,xm:servapibi,2026-09-22T19:10:52Z,xm/2020/01/PorcApor_Sistema.ndjson.gz#PorcApor:Sistema:2020-01-01:2020-01-31
2020-01-22,PorcVoluUtilDiar,0.57642,fraction,xm:servapibi,2026-09-22T19:10:45Z,xm/2020/01/PorcVoluUtilDiar_Sistema.ndjson.gz#PorcVoluUtilDiar:Sistema:2020-01-01:2020-01-31
2020-01-22,PrecBolsNaci,379.6876733333333,COP/kWh,xm:servapibi,2026-09-22T19:10:56Z,xm/2020/01/PrecBolsNaci_Sistema.ndjson.gz#PrecBolsNaci:Sistema:2020-01-01:2020-01-31
2020-01-22,PrecEscaAct,627.21279,COP/kWh,xm:servapibi,2026-09-22T19:10:54Z,xm/2020/01/PrecEscaAct_Sistema.ndjson.gz#PrecEscaAct:Sistema:2020-01-01:2020-01-31
2020-01-22,VoluUtilDiarEner,9742051900,kWh,xm:servapibi,2026-09-22T19:10:46Z,xm/2020/01/VoluUtilDiarEner_Sistema.ndjson.gz#VoluUtilDiarEner:Sistema:2020-01-01:2020-01-31
2020-01-23,AporEner,65665600,kWh,xm:servapibi,2026-09-22T19:10:49Z,xm/2020/01/AporEner_Sistema.ndjson.gz#AporEner:Sistema:2020-01-01:2020-01-31
2020-01-23,AporEnerMediHist,99390000,kWh,xm:servapibi,2026-09-22T19:10:50Z,xm/2020/01/AporEnerMediHist_Sistema.ndjson.gz#AporEnerMediHist:Sistema:2020-01-01:2020-01-31
2020-01-23,CapaUtilDiarEner,16900891992,kWh,xm:servapibi,2026-09-22T19:10:48Z,xm/2020/01/CapaUtilDiarEner_Sistema.ndjson.gz#CapaUtilDiarEner:Sistema:2020-01-01:2020-01-31
2020-01-23,DemaSIN,205344810.73,kWh,xm:servapibi,2026-09-22T19:10:53Z,xm/2020/01/DemaSIN_Sistema.ndjson.gz#DemaSIN:Sistema:2020-01-01:2020-01-31
2020-01-23,PorcApor,0.66069,fraction,xm:servapibi,2026-09-22T19:10:52Z,xm/2020/01/PorcApor_Sistema.ndjson.gz#PorcApor:Sistema:2020-01-01:2020-01-31
2020-01-23,PorcVoluUtilDiar,0.5729,fraction,xm:servapibi,2026-09-22T19:10:45Z,xm/2020/01/PorcVoluUtilDiar_Sistema.ndjson.gz#PorcVoluUtilDiar:Sistema:2020-01-01:2020-01-31
2020-01-23,PrecBolsNaci,368.3020800000001,COP/kWh,xm:servapibi,2026-09-22T19:10:56Z,xm/2020/01/PrecBolsNaci_Sistema.ndjson.gz#PrecBolsNaci:Sistema:2020-01-01:2020-01-31
2020-01-23,PrecEscaAct,627.21279,COP/kWh,xm:servapibi,2026-09-22T19:10:54Z,xm/2020/01/PrecEscaAct_Sistema.ndjson.gz#PrecEscaAct:Sistema:2020-01-01:2020-01-31
2020-01-23,VoluUtilDiarEner,9682472400,kWh,xm:servapibi,2026-09-22T19:10:46Z,xm/2020/01/VoluUtilDiarEner_Sistema.ndjson.gz#VoluUtilDiarEner:Sistema:2020-01-01:2020-01-31
2020-01-24,AporEner,69704000,kWh,xm:servapibi,2026-09-22T19:10:49Z,xm/2020/01/AporEner_Sistema.ndjson.gz#AporEner:Sistema:2020-01-01:2020-01-31
2020-01-24,AporEnerMediHist,99390000,kWh,xm:servapibi,2026-09-22T19:10:50Z,xm/2020/01/AporEnerMediHist_Sistema.ndjson.gz#AporEnerMediHist:Sistema:2020-01-01:2020-01-31
2020-01-24,CapaUtilDiarEner,16900891992,kWh,xm:servapibi,2026-09-22T19:10:48Z,xm/2020/01/CapaUtilDiarEner_Sistema.ndjson.gz#CapaUtilDiarEner:Sistema:2020-01-01:2020-01-31
2020-01-24,DemaSIN,208244482.99,kWh,xm:servapibi,2026-09-22T19:10:53Z,xm/2020/01/DemaSIN_Sistema.ndjson.gz#DemaSIN:Sistema:2020-01-01:2020-01-31
2020-01-24,PorcApor,0.70132,fraction,xm:servapibi,2026-09-22T19:10:52Z,xm/2020/01/PorcApor_Sistema.ndjson.gz#PorcApor:Sistema:2020-01-01:2020-01-31
2020-01-24,PorcVoluUtilDiar,0.5689,fraction,xm:servapibi,2026-09-22T19:10:45Z,xm/2020/01/PorcVoluUtilDiar_Sistema.ndjson.gz#PorcVoluUtilDiar:Sistema:2020-01-01:2020-01-31
2020-01-24,PrecBolsNaci,390.0148133333332,COP/kWh,xm:servapibi,2026-09-22T19:10:56Z,xm/2020/01/PrecBolsNaci_Sistema.ndjson.gz#PrecBolsNaci:Sistema:2020-01-01:2020-01-31
2020-01-24,PrecEscaAct,627.21279,COP/kWh,xm:servapibi,2026-09-22T19:10:54Z,xm/2020/01/PrecEscaAct_Sistema.ndjson.gz#PrecEscaAct:Sistema:2020-01-01:2020-01-31
2020-01-24,VoluUtilDiarEner,9614884300,kWh,xm:servapibi,2026-09-22T19:10:46Z,xm/2020/01/VoluUtilDiarEner_Sistema.ndjson.gz#VoluUtilDiarEner:Sistema:2020-01-01:2020-01-31
2020-01-25,AporEner,61718500,kWh,xm:servapibi,2026-09-22T19:10:49Z,xm/2020/01/AporEner_Sistema.ndjson.gz#AporEner:Sistema:2020-01-01:2020-01-31
2020-01-25,AporEnerMediHist,99390000,kWh,xm:servapibi,2026-09-22T19:10:50Z,xm/2020/01/AporEnerMediHist_Sistema.ndjson.gz#AporEnerMediHist:Sistema:2020-01-01:2020-01-31
2020-01-25,CapaUtilDiarEner,16900891992,kWh,xm:servapibi,2026-09-22T19:10:48Z,xm/2020/01/CapaUtilDiarEner_Sistema.ndjson.gz#CapaUtilDiarEner:Sistema:2020-01-01:2020-01-31
2020-01-25,DemaSIN,199314327.9,kWh,xm:servapibi,2026-09-22T19:10:53Z,xm/2020/01/DemaSIN_Sistema.ndjson.gz#DemaSIN:Sistema:2020-01-01:2020-01-31
2020-01-25,PorcApor,0.62097,fraction,xm:servapibi,2026-09-22T19:10:52Z,xm/2020/01/PorcApor_Sistema.ndjson.gz#PorcApor:Sistema:2020-01-01:2020-01-31
2020-01-25,PorcVoluUtilDiar,0.5648,fraction,xm:servapibi,2026-09-22T19:10:45Z,xm/2020/01/PorcVoluUtilDiar_Sistema.ndjson.gz#PorcVoluUtilDiar:Sistema:2020-01-01:2020-01-31
2020-01-25,PrecBolsNaci,385.64637333333326,COP/kWh,xm:servapibi,2026-09-22T19:10:56Z,xm/2020/01/PrecBolsNaci_Sistema.ndjson.gz#PrecBolsNaci:Sistema:2020-01-01:2020-01-31
2020-01-25,PrecEscaAct,627.21279,COP/kWh,xm:servapibi,2026-09-22T19:10:54Z,xm/2020/01/PrecEscaAct_Sistema.ndjson.gz#PrecEscaAct:Sistema:2020-01-01:2020-01-31
2020-01-25,VoluUtilDiarEner,9545590600,kWh,xm:servapibi,2026-09-22T19:10:46Z,xm/2020/01/VoluUtilDiarEner_Sistema.ndjson.gz#VoluUtilDiarEner:Sistema:2020-01-01:2020-01-31
2020-01-26,AporEner,77286700,kWh,xm:servapibi,2026-09-22T19:10:49Z,xm/2020/01/AporEner_Sistema.ndjson.gz#AporEner:Sistema:2020-01-01:2020-01-31
2020-01-26,AporEnerMediHist,99390000,kWh,xm:servapibi,2026-09-22T19:10:50Z,xm/2020/01/AporEnerMediHist_Sistema.ndjson.gz#AporEnerMediHist:Sistema:2020-01-01:2020-01-31
2020-01-26,CapaUtilDiarEner,16900891992,kWh,xm:servapibi,2026-09-22T19:10:48Z,xm/2020/01/CapaUtilDiarEner_Sistema.ndjson.gz#CapaUtilDiarEner:Sistema:2020-01-01:2020-01-31
2020-01-26,DemaSIN,182188427.31,kWh,xm:servapibi,2026-09-22T19:10:53Z,xm/2020/01/DemaSIN_Sistema.ndjson.gz#DemaSIN:Sistema:2020-01-01:2020-01-31
2020-01-26,PorcApor,0.77761,fraction,xm:servapibi,2026-09-22T19:10:52Z,xm/2020/01/PorcApor_Sistema.ndjson.gz#PorcApor:Sistema:2020-01-01:2020-01-31
2020-01-26,PorcVoluUtilDiar,0.56238,fraction,xm:servapibi,2026-09-22T19:10:45Z,xm/2020/01/PorcVoluUtilDiar_Sistema.ndjson.gz#PorcVoluUtilDiar:Sistema:2020-01-01:2020-01-31
2020-01-26,PrecBolsNaci,369.02495,COP/kWh,xm:servapibi,2026-09-22T19:10:56Z,xm/2020/01/PrecBolsNaci_Sistema.ndjson.gz#PrecBolsNaci:Sistema:2020-01-01:2020-01-31
2020-01-26,PrecEscaAct,627.21279,COP/kWh,xm:servapibi,2026-09-22T19:10:54Z,xm/2020/01/PrecEscaAct_Sistema.ndjson.gz#PrecEscaAct:Sistema:2020-01-01:2020-01-31
2020-01-26,VoluUtilDiarEner,9504753200,kWh,xm:servapibi,2026-09-22T19:10:46Z,xm/2020/01/VoluUtilDiarEner_Sistema.ndjson.gz#VoluUtilDiarEner:Sistema:2020-01-01:2020-01-31
2020-01-27,AporEner,79614900,kWh,xm:servapibi,2026-09-22T19:10:49Z,xm/2020/01/AporEner_Sistema.ndjson.gz#AporEner:Sistema:2020-01-01:2020-01-31
2020-01-27,AporEnerMediHist,99390000,kWh,xm:servapibi,2026-09-22T19:10:50Z,xm/2020/01/AporEnerMediHist_Sistema.ndjson.gz#AporEnerMediHist:Sistema:2020-01-01:2020-01-31
2020-01-27,CapaUtilDiarEner,16900891992,kWh,xm:servapibi,2026-09-22T19:10:48Z,xm/2020/01/CapaUtilDiarEner_Sistema.ndjson.gz#CapaUtilDiarEner:Sistema:2020-01-01:2020-01-31
2020-01-27,DemaSIN,206926839.05,kWh,xm:servapibi,2026-09-22T19:10:53Z,xm/2020/01/DemaSIN_Sistema.ndjson.gz#DemaSIN:Sistema:2020-01-01:2020-01-31
2020-01-27,PorcApor,0.80104,fraction,xm:servapibi,2026-09-22T19:10:52Z,xm/2020/01/PorcApor_Sistema.ndjson.gz#PorcApor:Sistema:2020-01-01:2020-01-31
2020-01-27,PorcVoluUtilDiar,0.55905,fraction,xm:servapibi,2026-09-22T19:10:45Z,xm/2020/01/PorcVoluUtilDiar_Sistema.ndjson.gz#PorcVoluUtilDiar:Sistema:2020-01-01:2020-01-31
2020-01-27,PrecBolsNaci,376.81317000000007,COP/kWh,xm:servapibi,2026-09-22T19:10:56Z,xm/2020/01/PrecBolsNaci_Sistema.ndjson.gz#PrecBolsNaci:Sistema:2020-01-01:2020-01-31
2020-01-27,PrecEscaAct,627.21279,COP/kWh,xm:servapibi,2026-09-22T19:10:54Z,xm/2020/01/PrecEscaAct_Sistema.ndjson.gz#PrecEscaAct:Sistema:2020-01-01:2020-01-31
2020-01-27,VoluUtilDiarEner,9448366800,kWh,xm:servapibi,2026-09-22T19:10:46Z,xm/2020/01/VoluUtilDiarEner_Sistema.ndjson.gz#VoluUtilDiarEner:Sistema:2020-01-01:2020-01-31
2020-01-28,AporEner,68631900,kWh,xm:servapibi,2026-09-22T19:10:49Z,xm/2020/01/AporEner_Sistema.ndjson.gz#AporEner:Sistema:2020-01-01:2020-01-31
2020-01-28,AporEnerMediHist,99390000,kWh,xm:servapibi,2026-09-22T19:10:50Z,xm/2020/01/AporEnerMediHist_Sistema.ndjson.gz#AporEnerMediHist:Sistema:2020-01-01:2020-01-31
2020-01-28,CapaUtilDiarEner,16900891992,kWh,xm:servapibi,2026-09-22T19:10:48Z,xm/2020/01/CapaUtilDiarEner_Sistema.ndjson.gz#CapaUtilDiarEner:Sistema:2020-01-01:2020-01-31
2020-01-28,DemaSIN,209150767.47,kWh,xm:servapibi,2026-09-22T19:10:53Z,xm/2020/01/DemaSIN_Sistema.ndjson.gz#DemaSIN:Sistema:2020-01-01:2020-01-31
2020-01-28,PorcApor,0.69053,fraction,xm:servapibi,2026-09-22T19:10:52Z,xm/2020/01/PorcApor_Sistema.ndjson.gz#PorcApor:Sistema:2020-01-01:2020-01-31
2020-01-28,PorcVoluUtilDiar,0.55537,fraction,xm:servapibi,2026-09-22T19:10:45Z,xm/2020/01/PorcVoluUtilDiar_Sistema.ndjson.gz#PorcVoluUtilDiar:Sistema:2020-01-01:2020-01-31
2020-01-28,PrecBolsNaci,363.0874733333333,COP/kWh,xm:servapibi,2026-09-22T19:10:56Z,xm/2020/01/PrecBolsNaci_Sistema.ndjson.gz#PrecBolsNaci:Sistema:2020-01-01:2020-01-31
2020-01-28,PrecEscaAct,627.21279,COP/kWh,xm:servapibi,2026-09-22T19:10:54Z,xm/2020/01/PrecEscaAct_Sistema.ndjson.gz#PrecEscaAct:Sistema:2020-01-01:2020-01-31
2020-01-28,VoluUtilDiarEner,9386247600,kWh,xm:servapibi,2026-09-22T19:10:46Z,xm/2020/01/VoluUtilDiarEner_Sistema.ndjson.gz#VoluUtilDiarEner:Sistema:2020-01-01:2020-01-31
2020-01-29,AporEner,64302300,kWh,xm:servapibi,2026-09-22T19:10:49Z,xm/2020/01/AporEner_Sistema.ndjson.gz#AporEner:Sistema:2020-01-01:2020-01-31
2020-01-29,AporEnerMediHist,99390000,kWh,xm:servapibi,2026-09-22T19:10:50Z,xm/2020/01/AporEnerMediHist_Sistema.ndjson.gz#AporEnerMediHist:Sistema:2020-01-01:2020-01-31
2020-01-29,CapaUtilDiarEner,16900891992,kWh,xm:servapibi,2026-09-22T19:10:48Z,xm/2020/01/CapaUtilDiarEner_Sistema.ndjson.gz#CapaUtilDiarEner:Sistema:2020-01-01:2020-01-31
2020-01-29,DemaSIN,209998581.83,kWh,xm:servapibi,2026-09-22T19:10:53Z,xm/2020/01/DemaSIN_Sistema.ndjson.gz#DemaSIN:Sistema:2020-01-01:2020-01-31
2020-01-29,PorcApor,0.64697,fraction,xm:servapibi,2026-09-22T19:10:52Z,xm/2020/01/PorcApor_Sistema.ndjson.gz#PorcApor:Sistema:2020-01-01:2020-01-31
2020-01-29,PorcVoluUtilDiar,0.551,fraction,xm:servapibi,2026-09-22T19:10:45Z,xm/2020/01/PorcVoluUtilDiar_Sistema.ndjson.gz#PorcVoluUtilDiar:Sistema:2020-01-01:2020-01-31
2020-01-29,PrecBolsNaci,373.97786666666667,COP/kWh,xm:servapibi,2026-09-22T19:10:56Z,xm/2020/01/PrecBolsNaci_Sistema.ndjson.gz#PrecBolsNaci:Sistema:2020-01-01:2020-01-31
2020-01-29,PrecEscaAct,627.21279,COP/kWh,xm:servapibi,2026-09-22T19:10:54Z,xm/2020/01/PrecEscaAct_Sistema.ndjson.gz#PrecEscaAct:Sistema:2020-01-01:2020-01-31
2020-01-29,VoluUtilDiarEner,9312355500,kWh,xm:servapibi,2026-09-22T19:10:46Z,xm/2020/01/VoluUtilDiarEner_Sistema.ndjson.gz#VoluUtilDiarEner:Sistema:2020-01-01:2020-01-31
2020-01-30,AporEner,60120300,kWh,xm:servapibi,2026-09-22T19:10:49Z,xm/2020/01/AporEner_Sistema.ndjson.gz#AporEner:Sistema:2020-01-01:2020-01-31
2020-01-30,AporEnerMediHist,99390000,kWh,xm:servapibi,2026-09-22T19:10:50Z,xm/2020/01/AporEnerMediHist_Sistema.ndjson.gz#AporEnerMediHist:Sistema:2020-01-01:2020-01-31
2020-01-30,CapaUtilDiarEner,16900891992,kWh,xm:servapibi,2026-09-22T19:10:48Z,xm/2020/01/CapaUtilDiarEner_Sistema.ndjson.gz#CapaUtilDiarEner:Sistema:2020-01-01:2020-01-31
2020-01-30,DemaSIN,210879364.75,kWh,xm:servapibi,2026-09-22T19:10:53Z,xm/2020/01/DemaSIN_Sistema.ndjson.gz#DemaSIN:Sistema:2020-01-01:2020-01-31
2020-01-30,PorcApor,0.60489,fraction,xm:servapibi,2026-09-22T19:10:52Z,xm/2020/01/PorcApor_Sistema.ndjson.gz#PorcApor:Sistema:2020-01-01:2020-01-31
2020-01-30,PorcVoluUtilDiar,0.54632,fraction,xm:servapibi,2026-09-22T19:10:45Z,xm/2020/01/PorcVoluUtilDiar_Sistema.ndjson.gz#PorcVoluUtilDiar:Sistema:2020-01-01:2020-01-31
2020-01-30,PrecBolsNaci,371.4107199999999,COP/kWh,xm:servapibi,2026-09-22T19:10:56Z,xm/2020/01/PrecBolsNaci_Sistema.ndjson.gz#PrecBolsNaci:Sistema:2020-01-01:2020-01-31
2020-01-30,PrecEscaAct,627.21279,COP/kWh,xm:servapibi,2026-09-22T19:10:54Z,xm/2020/01/PrecEscaAct_Sistema.ndjson.gz#PrecEscaAct:Sistema:2020-01-01:2020-01-31
2020-01-30,VoluUtilDiarEner,9233215100,kWh,xm:servapibi,2026-09-22T19:10:46Z,xm/2020/01/VoluUtilDiarEner_Sistema.ndjson.gz#VoluUtilDiarEner:Sistema:2020-01-01:2020-01-31
2020-01-31,AporEner,66411000,kWh,xm:servapibi,2026-09-22T19:10:49Z,xm/2020/01/AporEner_Sistema.ndjson.gz#AporEner:Sistema:2020-01-01:2020-01-31
2020-01-31,AporEnerMediHist,99390000,kWh,xm:servapibi,2026-09-22T19:10:50Z,xm/2020/01/AporEnerMediHist_Sistema.ndjson.gz#AporEnerMediHist:Sistema:2020-01-01:2020-01-31
2020-01-31,CapaUtilDiarEner,16900891992,kWh,xm:servapibi,2026-09-22T19:10:48Z,xm/2020/01/CapaUtilDiarEner_Sistema.ndjson.gz#CapaUtilDiarEner:Sistema:2020-01-01:2020-01-31
2020-01-31,DemaSIN,212383953.45,kWh,xm:servapibi,2026-09-22T19:10:53Z,xm/2020/01/DemaSIN_Sistema.ndjson.gz#DemaSIN:Sistema:2020-01-01:2020-01-31
2020-01-31,PorcApor,0.66819,fraction,xm:servapibi,2026-09-22T19:10:52Z,xm/2020/01/PorcApor_Sistema.ndjson.gz#PorcApor:Sistema:2020-01-01:2020-01-31
2020-01-31,PorcVoluUtilDiar,0.54178,fraction,xm:servapibi,2026-09-22T19:10:45Z,xm/2020/01/PorcVoluUtilDiar_Sistema.ndjson.gz#PorcVoluUtilDiar:Sistema:2020-01-01:2020-01-31
2020-01-31,PrecBolsNaci,375.98309666666665,COP/kWh,xm:servapibi,2026-09-22T19:10:56Z,xm/2020/01/PrecBolsNaci_Sistema.ndjson.gz#PrecBolsNaci:Sistema:2020-01-01:2020-01-31
2020-01-31,PrecEscaAct,627.21279,COP/kWh,xm:servapibi,2026-09-22T19:10:54Z,xm/2020/01/PrecEscaAct_Sistema.ndjson.gz#PrecEscaAct:Sistema:2020-01-01:2020-01-31
2020-01-31,VoluUtilDiarEner,9156605000,kWh,xm:servapibi,2026-09-22T19:10:46Z,xm/2020/01/VoluUtilDiarEner_Sistema.ndjson.gz#VoluUtilDiarEner:Sistema:2020-01-01:2020-01-31
2020-02-01,AporEner,56411900,kWh,xm:servapibi,2026-09-22T19:11:04Z,xm/2020/02/AporEner_Sistema.ndjson.gz#AporEner:Sistema:2020-02-01:2020-02-29
2020-02-01,AporEnerMediHist,93410000,kWh,xm:servapibi,2026-09-22T19:11:05Z,xm/2020/02/AporEnerMediHist_Sistema.ndjson.gz#AporEnerMediHist:Sistema:2020-02-01:2020-02-29
2020-02-01,CapaUtilDiarEner,16900891992,kWh,xm:servapibi,2026-09-22T19:11:02Z,xm/2020/02/CapaUtilDiarEner_Sistema.ndjson.gz#CapaUtilDiarEner:Sistema:2020-02-01:2020-02-29
2020-02-01,DemaSIN,204001507.25,kWh,xm:servapibi,2026-09-22T19:11:08Z,xm/2020/02/DemaSIN_Sistema.ndjson.gz#DemaSIN:Sistema:2020-02-01:2020-02-29
2020-02-01,PorcApor,0.60392,fraction,xm:servapibi,2026-09-22T19:11:06Z,xm/2020/02/PorcApor_Sistema.ndjson.gz#PorcApor:Sistema:2020-02-01:2020-02-29
2020-02-01,PorcVoluUtilDiar,0.53765,fraction,xm:servapibi,2026-09-22T19:11:00Z,xm/2020/02/PorcVoluUtilDiar_Sistema.ndjson.gz#PorcVoluUtilDiar:Sistema:2020-02-01:2020-02-29
2020-02-01,PrecBolsNaci,404.3197633333334,COP/kWh,xm:servapibi,2026-09-22T19:11:11Z,xm/2020/02/PrecBolsNaci_Sistema.ndjson.gz#PrecBolsNaci:Sistema:2020-02-01:2020-02-29
2020-02-01,PrecEscaAct,646.80784,COP/kWh,xm:servapibi,2026-09-22T19:11:09Z,xm/2020/02/PrecEscaAct_Sistema.ndjson.gz#PrecEscaAct:Sistema:2020-02-01:2020-02-29
2020-02-01,VoluUtilDiarEner,9086834300,kWh,xm:servapibi,2026-09-22T19:11:01Z,xm/2020/02/VoluUtilDiarEner_Sistema.ndjson.gz#VoluUtilDiarEner:Sistema:2020-02-01:2020-02-29
2020-02-02,AporEner,59721300,kWh,xm:servapibi,2026-09-22T19:11:04Z,xm/2020/02/AporEner_Sistema.ndjson.gz#AporEner:Sistema:2020-02-01:2020-02-29
2020-02-02,AporEnerMediHist,93410000,kWh,xm:servapibi,2026-09-22T19:11:05Z,xm/2020/02/AporEnerMediHist_Sistema.ndjson.gz#AporEnerMediHist:Sistema:2020-02-01:2020-02-29
2020-02-02,CapaUtilDiarEner,16900891992,kWh,xm:servapibi,2026-09-22T19:11:02Z,xm/2020/02/CapaUtilDiarEner_Sistema.ndjson.gz#CapaUtilDiarEner:Sistema:2020-02-01:2020-02-29
2020-02-02,DemaSIN,184693050,kWh,xm:servapibi,2026-09-22T19:11:08Z,xm/2020/02/DemaSIN_Sistema.ndjson.gz#DemaSIN:Sistema:2020-02-01:2020-02-29
2020-02-02,PorcApor,0.63935,fraction,xm:servapibi,2026-09-22T19:11:06Z,xm/2020/02/PorcApor_Sistema.ndjson.gz#PorcApor:Sistema:2020-02-01:2020-02-29
2020-02-02,PorcVoluUtilDiar,0.53461,fraction,xm:servapibi,2026-09-22T19:11:00Z,xm/2020/02/PorcVoluUtilDiar_Sistema.ndjson.gz#PorcVoluUtilDiar:Sistema:2020-02-01:2020-02-29
2020-02-02,PrecBolsNaci,375.5925333333333,COP/kWh,xm:servapibi,2026-09-22T19:11:11Z,xm/2020/02/PrecBolsNaci_Sistema.ndjson.gz#PrecBolsNaci:Sistema:2020-02-01:2020-02-29
2020-02-02,PrecEscaAct,646.80784,COP/kWh,xm:servapibi,2026-09-22T19:11:09Z,xm/2020/02/PrecEscaAct_Sistema.ndjson.gz#PrecEscaAct:Sistema:2020-02-01:2020-02-29
2020-02-02,VoluUtilDiarEner,9035375100,kWh,xm:servapibi,2026-09-22T19:11:01Z,xm/2020/02/VoluUtilDiarEner_Sistema.ndjson.gz#VoluUtilDiarEner:Sistema:2020-02-01:2020-02-29
2020-02-03,AporEner,60460200,kWh,xm:servapibi,2026-09-22T19:11:04Z,xm/2020/02/AporEner_Sistema.ndjson.gz#AporEner:Sistema:2020-02-01:2020-02-29
2020-02-03,AporEnerMediHist,93410000,kWh,xm:servapibi,2026-09-22T19:11:05Z,xm/2020/02/AporEnerMediHist_Sistema.ndjson.gz#AporEnerMediHist:Sistema:2020-02-01:2020-02-29
2020-02-03,CapaUtilDiarEner,16900891992,kWh,xm:servapibi,2026-09-22T19:11:02Z,xm/2020/02/CapaUtilDiarEner_Sistema.ndjson.gz#CapaUtilDiarEner:Sistema:2020-02-01:2020-02-29
2020-02-03,DemaSIN,210806879.68,kWh,xm:servapibi,2026-09-22T19:11:08Z,xm/2020/02/DemaSIN_Sistema.ndjson.gz#DemaSIN:Sistema:2020-02-01:2020-02-29
2020-02-03,PorcApor,0.64726,fraction,xm:servapibi,2026-09-22T19:11:06Z,xm/2020/02/PorcApor_Sistema.ndjson.gz#PorcApor:Sistema:2020-02-01:2020-02-29
2020-02-03,PorcVoluUtilDiar,0.52884,fraction,xm:servapibi,2026-09-22T19:11:00Z,xm/2020/02/PorcVoluUtilDiar_Sistema.ndjson.gz#PorcVoluUtilDiar:Sistema:2020-02-01:2020-02-29
2020-02-03,PrecBolsNaci,409.12065666666666,COP/kWh,xm:servapibi,2026-09-22T19:11:11Z,xm/2020/02/PrecBolsNaci_Sistema.ndjson.gz#PrecBolsNaci:Sistema:2020-02-01:2020-02-29
2020-02-03,PrecEscaAct,646.80784,COP/kWh,xm:servapibi,2026-09-22T19:11:09Z,xm/2020/02/PrecEscaAct_Sistema.ndjson.gz#PrecEscaAct:Sistema:2020-02-01:2020-02-29
2020-02-03,VoluUtilDiarEner,8937872200,kWh,xm:servapibi,2026-09-22T19:11:01Z,xm/2020/02/VoluUtilDiarEner_Sistema.ndjson.gz#VoluUtilDiarEner:Sistema:2020-02-01:2020-02-29
2020-02-04,AporEner,53207000,kWh,xm:servapibi,2026-09-22T19:11:04Z,xm/2020/02/AporEner_Sistema.ndjson.gz#AporEner:Sistema:2020-02-01:2020-02-29
2020-02-04,AporEnerMediHist,93410000,kWh,xm:servapibi,2026-09-22T19:11:05Z,xm/2020/02/AporEnerMediHist_Sistema.ndjson.gz#AporEnerMediHist:Sistema:2020-02-01:2020-02-29
2020-02-04,CapaUtilDiarEner,16900891992,kWh,xm:servapibi,2026-09-22T19:11:02Z,xm/2020/02/CapaUtilDiarEner_Sistema.ndjson.gz#CapaUtilDiarEner:Sistema:2020-02-01:2020-02-29
2020-02-04,DemaSIN,212116447.3,kWh,xm:servapibi,2026-09-22T19:11:08Z,xm/2020/02/DemaSIN_Sistema.ndjson.gz#DemaSIN:Sistema:2020-02-01:2020-02-29
2020-02-04,PorcApor,0.56961,fraction,xm:servapibi,2026-09-22T19:11:06Z,xm/2020/02/PorcApor_Sistema.ndjson.gz#PorcApor:Sistema:2020-02-01:2020-02-29
2020-02-04,PorcVoluUtilDiar,0.52542,fraction,xm:servapibi,2026-09-22T19:11:00Z,xm/2020/02/PorcVoluUtilDiar_Sistema.ndjson.gz#PorcVoluUtilDiar:Sistema:2020-02-01:2020-02-29
2020-02-04,PrecBolsNaci,410.3759133333333,COP/kWh,xm:servapibi,2026-09-22T19:11:11Z,xm/2020/02/PrecBolsNaci_Sistema.ndjson.gz#PrecBolsNaci:Sistema:2020-02-01:2020-02-29
2020-02-04,PrecEscaAct,646.80784,COP/kWh,xm:servapibi,2026-09-22T19:11:09Z,xm/2020/02/PrecEscaAct_Sistema.ndjson.gz#PrecEscaAct:Sistema:2020-02-01:2020-02-29
2020-02-04,VoluUtilDiarEner,8880113400,kWh,xm:servapibi,2026-09-22T19:11:01Z,xm/2020/02/VoluUtilDiarEner_Sistema.ndjson.gz#VoluUtilDiarEner:Sistema:2020-02-01:2020-02-29
2020-02-05,AporEner,50240700,kWh,xm:servapibi,2026-09-22T19:11:04Z,xm/2020/02/AporEner_Sistema.ndjson.gz#AporEner:Sistema:2020-02-01:2020-02-29
2020-02-05,AporEnerMediHist,93410000,kWh,xm:servapibi,2026-09-22T19:11:05Z,xm/2020/02/AporEnerMediHist_Sistema.ndjson.gz#AporEnerMediHist:Sistema:2020-02-01:2020-02-29
2020-02-05,CapaUtilDiarEner,16900891992,kWh,xm:servapibi,2026-09-22T19:11:02Z,xm/2020/02/CapaUtilDiarEner_Sistema.ndjson.gz#CapaUtilDiarEner:Sistema:2020-02-01:2020-02-29
2020-02-05,DemaSIN,212094362.96,kWh,xm:servapibi,2026-09-22T19:11:08Z,xm/2020/02/DemaSIN_Sistema.ndjson.gz#DemaSIN:Sistema:2020-02-01:2020-02-29
2020-02-05,PorcApor,0.53785,fraction,xm:servapibi,2026-09-22T19:11:06Z,xm/2020/02/PorcApor_Sistema.ndjson.gz#PorcApor:Sistema:2020-02-01:2020-02-29
2020-02-05,PorcVoluUtilDiar,0.52079,fraction,xm:servapibi,2026-09-22T19:11:00Z,xm/2020/02/PorcVoluUtilDiar_Sistema.ndjson.gz#PorcVoluUtilDiar:Sistema:2020-02-01:2020-02-29
2020-02-05,PrecBolsNaci,405.31051,COP/kWh,xm:servapibi,2026-09-22T19:11:11Z,xm/2020/02/PrecBolsNaci_Sistema.ndjson.gz#PrecBolsNaci:Sistema:2020-02-01:2020-02-29
2020-02-05,PrecEscaAct,646.80784,COP/kWh,xm:servapibi,2026-09-22T19:11:09Z,xm/2020/02/PrecEscaAct_Sistema.ndjson.gz#PrecEscaAct:Sistema:2020-02-01:2020-02-29
2020-02-05,VoluUtilDiarEner,8801760900,kWh,xm:servapibi,2026-09-22T19:11:01Z,xm/2020/02/VoluUtilDiarEner_Sistema.ndjson.gz#VoluUtilDiarEner:Sistema:2020-02-01:2020-02-29
2020-02-06,AporEner,48763200,kWh,xm:servapibi,2026-09-22T19:11:04Z,xm/2020/02/AporEner_Sistema.ndjson.gz#AporEner:Sistema:2020-02-01:2020-02-29
2020-02-06,AporEnerMediHist,93410000,kWh,xm:servapibi,2026-09-22T19:11:05Z,xm/2020/02/AporEnerMediHist_Sistema.ndjson.gz#AporEnerMediHist:Sistema:2020-02-01:2020-02-29
2020-02-06,CapaUtilDiarEner,16900891992,kWh,xm:servapibi,2026-09-22T19:11:02Z,xm/2020/02/CapaUtilDiarEner_Sistema.ndjson.gz#CapaUtilDiarEner:Sistema:2020-02-01:2020-02-29
2020-02-06,DemaSIN,213236263,kWh,xm:servapibi,2026-09-22T19:11:08Z,xm/2020/02/DemaSIN_Sistema.ndjson.gz#DemaSIN:Sistema:2020-02-01:2020-02-29
2020-02-06,PorcApor,0.52203,fraction,xm:servapibi,2026-09-22T19:11:06Z,xm/2020/02/PorcApor_Sistema.ndjson.gz#PorcApor:Sistema:2020-02-01:2020-02-29
2020-02-06,PorcVoluUtilDiar,0.51602,fraction,xm:servapibi,2026-09-22T19:11:00Z,xm/2020/02/PorcVoluUtilDiar_Sistema.ndjson.gz#PorcVoluUtilDiar:Sistema:2020-02-01:2020-02-29
2020-02-06,PrecBolsNaci,395.0730233333334,COP/kWh,xm:servapibi,2026-09-22T19:11:11Z,xm/2020/02/PrecBolsNaci_Sistema.ndjson.gz#PrecBolsNaci:Sistema:2020-02-01:2020-02-29
2020-02-06,PrecEscaAct,646.80784,COP/kWh,xm:servapibi,2026-09-22T19:11:09Z,xm/2020/02/PrecEscaAct_Sistema.ndjson.gz#PrecEscaAct:Sistema:2020-02-01:2020-02-29
2020-02-06,VoluUtilDiarEner,8721198600,kWh,xm:servapibi,2026-09-22T19:11:01Z,xm/2020/02/VoluUtilDiarEner_Sistema.ndjson.gz#VoluUtilDiarEner:Sistema:2020-02-01:2020-02-29
2020-02-07,AporEner,49339400,kWh,xm:servapibi,2026-09-22T19:11:04Z,xm/2020/02/AporEner_Sistema.ndjson.gz#AporEner:Sistema:2020-02-01:2020-02-29
2020-02-07,AporEnerMediHist,93410000,kWh,xm:servapibi,2026-09-22T19:11:05Z,xm/2020/02/AporEnerMediHist_Sistema.ndjson.gz#AporEnerMediHist:Sistema:2020-02-01:2020-02-29
2020-02-07,CapaUtilDiarEner,16900891992,kWh,xm:servapibi,2026-09-22T19:11:02Z,xm/2020/02/CapaUtilDiarEner_Sistema.ndjson.gz#CapaUtilDiarEner:Sistema:2020-02-01:2020-02-29
2020-02-07,DemaSIN,214000672.04,kWh,xm:servapibi,2026-09-22T19:11:08Z,xm/2020/02/DemaSIN_Sistema.ndjson.gz#DemaSIN:Sistema:2020-02-01:2020-02-29
2020-02-07,PorcApor,0.5282,fraction,xm:servapibi,2026-09-22T19:11:06Z,xm/2020/02/PorcApor_Sistema.ndjson.gz#PorcApor:Sistema:2020-02-01:2020-02-29
2020-02-07,PorcVoluUtilDiar,0.5109,fraction,xm:servapibi,2026-09-22T19:11:00Z,xm/2020/02/PorcVoluUtilDiar_Sistema.ndjson.gz#PorcVoluUtilDiar:Sistema:2020-02-01:2020-02-29
2020-02-07,PrecBolsNaci,389.15790666666675,COP/kWh,xm:servapibi,2026-09-22T19:11:11Z,xm/2020/02/PrecBolsNaci_Sistema.ndjson.gz#PrecBolsNaci:Sistema:2020-02-01:2020-02-29
2020-02-07,PrecEscaAct,646.80784,COP/kWh,xm:servapibi,2026-09-22T19:11:09Z,xm/2020/02/PrecEscaAct_Sistema.ndjson.gz#PrecEscaAct:Sistema:2020-02-01:2020-02-29
2020-02-07,VoluUtilDiarEner,8634660600,kWh,xm:servapibi,2026-09-22T19:11:01Z,xm/2020/02/VoluUtilDiarEner_Sistema.ndjson.gz#VoluUtilDiarEner:Sistema:2020-02-01:2020-02-29
2020-02-08,AporEner,51898700,kWh,xm:servapibi,2026-09-22T19:11:04Z,xm/2020/02/AporEner_Sistema.ndjson.gz#AporEner:Sistema:2020-02-01:2020-02-29
2020-02-08,AporEnerMediHist,93410000,kWh,xm:servapibi,2026-09-22T19:11:05Z,xm/2020/02/AporEnerMediHist_Sistema.ndjson.gz#AporEnerMediHist:Sistema:2020-02-01:2020-02-29
2020-02-08,CapaUtilDiarEner,16900891992,kWh,xm:servapibi,2026-09-22T19:11:02Z,xm/2020/02/CapaUtilDiarEner_Sistema.ndjson.gz#CapaUtilDiarEner:Sistema:2020-02-01:2020-02-29
2020-02-08,DemaSIN,204151780.5,kWh,xm:servapibi,2026-09-22T19:11:08Z,xm/2020/02/DemaSIN_Sistema.ndjson.gz#DemaSIN:Sistema:2020-02-01:2020-02-29
2020-02-08,PorcApor,0.5556,fraction,xm:servapibi,2026-09-22T19:11:06Z,xm/2020/02/PorcApor_Sistema.ndjson.gz#PorcApor:Sistema:2020-02-01:2020-02-29
2020-02-08,PorcVoluUtilDiar,0.50596,fraction,xm:servapibi,2026-09-22T19:11:00Z,xm/2020/02/PorcVoluUtilDiar_Sistema.ndjson.gz#PorcVoluUtilDiar:Sistema:2020-02-01:2020-02-29
2020-02-08,PrecBolsNaci,388.27409666666676,COP/kWh,xm:servapibi,2026-09-22T19:11:11Z,xm/2020/02/PrecBolsNaci_Sistema.ndjson.gz#PrecBolsNaci:Sistema:2020-02-01:2020-02-29
2020-02-08,PrecEscaAct,646.80784,COP/kWh,xm:servapibi,2026-09-22T19:11:09Z,xm/2020/02/PrecEscaAct_Sistema.ndjson.gz#PrecEscaAct:Sistema:2020-02-01:2020-02-29
2020-02-08,VoluUtilDiarEner,8551249700,kWh,xm:servapibi,2026-09-22T19:11:01Z,xm/2020/02/VoluUtilDiarEner_Sistema.ndjson.gz#VoluUtilDiarEner:Sistema:2020-02-01:2020-02-29
2020-02-09,AporEner,56452500,kWh,xm:servapibi,2026-09-22T19:11:04Z,xm/2020/02/AporEner_Sistema.ndjson.gz#AporEner:Sistema:2020-02-01:2020-02-29
2020-02-09,AporEnerMediHist,93410000,kWh,xm:servapibi,2026-09-22T19:11:05Z,xm/2020/02/AporEnerMediHist_Sistema.ndjson.gz#AporEnerMediHist:Sistema:2020-02-01:2020-02-29
2020-02-09,CapaUtilDiarEner,16900891992,kWh,xm:servapibi,2026-09-22T19:11:02Z,xm/2020/02/CapaUtilDiarEner_Sistema.ndjson.gz#CapaUtilDiarEner:Sistema:2020-02-01:2020-02-29
2020-02-09,DemaSIN,183760816.65,kWh,xm:servapibi,2026-09-22T19:11:08Z,xm/2020/02/DemaSIN_Sistema.ndjson.gz#DemaSIN:Sistema:2020-02-01:2020-02-29
2020-02-09,PorcApor,0.60435,fraction,xm:servapibi,2026-09-22T19:11:06Z,xm/2020/02/PorcApor_Sistema.ndjson.gz#PorcApor:Sistema:2020-02-01:2020-02-29
2020-02-09,PorcVoluUtilDiar,0.50323,fraction,xm:servapibi,2026-09-22T19:11:00Z,xm/2020/02/PorcVoluUtilDiar_Sistema.ndjson.gz#PorcVoluUtilDiar:Sistema:2020-02-01:2020-02-29
2020-02-09,PrecBolsNaci,367.0075299999999,COP/kWh,xm:servapibi,2026-09-22T19:11:11Z,xm/2020/02/PrecBolsNaci_Sistema.ndjson.gz#PrecBolsNaci:Sistema:2020-02-01:2020-02-29
2020-02-09,PrecEscaAct,646.80784,COP/kWh,xm:servapibi,2026-09-22T19:11:09Z,xm/2020/02/PrecEscaAct_Sistema.ndjson.gz#PrecEscaAct:Sistema:2020-02-01:2020-02-29
2020-02-09,VoluUtilDiarEner,8504963700,kWh,xm:servapibi,2026-09-22T19:11:01Z,xm/2020/02/VoluUtilDiarEner_Sistema.ndjson.gz#VoluUtilDiarEner:Sistema:2020-02-01:2020-02-29
2020-02-10,AporEner,49588000,kWh,xm:servapibi,2026-09-22T19:11:04Z,xm/2020/02/AporEner_Sistema.ndjson.gz#AporEner:Sistema:2020-02-01:2020-02-29
2020-02-10,AporEnerMediHist,93410000,kWh,xm:servapibi,2026-09-22T19:11:05Z,xm/2020/02/AporEnerMediHist_Sistema.ndjson.gz#AporEnerMediHist:Sistema:2020-02-01:2020-02-29
2020-02-10,CapaUtilDiarEner,16903898625,kWh,xm:servapibi,2026-09-22T19:11:02Z,xm/2020/02/CapaUtilDiarEner_Sistema.ndjson.gz#CapaUtilDiarEner:Sistema:2020-02-01:2020-02-29
2020-02-10,DemaSIN,208765349.89,kWh,xm:servapibi,2026-09-22T19:11:08Z,xm/2020/02/DemaSIN_Sistema.ndjson.gz#DemaSIN:Sistema:2020-02-01:2020-02-29
2020-02-10,PorcApor,0.53086,fraction,xm:servapibi,2026-09-22T19:11:06Z,xm/2020/02/PorcApor_Sistema.ndjson.gz#PorcApor:Sistema:2020-02-01:2020-02-29
2020-02-10,PorcVoluUtilDiar,0.49774,fraction,xm:servapibi,2026-09-22T19:11:00Z,xm/2020/02/PorcVoluUtilDiar_Sistema.ndjson.gz#PorcVoluUtilDiar:Sistema:2020-02-01:2020-02-29
2020-02-10,PrecBolsNaci,362.8062983333334,COP/kWh,xm:servapibi,2026-09-22T19:11:11Z,xm/2020/02/PrecBolsNaci_Sistema.ndjson.gz#PrecBolsNaci:Sistema:2020-02-01:2020-02-29
2020-02-10,PrecEscaAct,646.80784,COP/kWh,xm:servapibi,2026-09-22T19:11:09Z,xm/2020/02/PrecEscaAct_Sistema.ndjson.gz#PrecEscaAct:Sistema:2020-02-01:2020-02-29
2020-02-10,VoluUtilDiarEner,8413781700,kWh,xm:servapibi,2026-09-22T19:11:01Z,xm/2020/02/VoluUtilDiarEner_Sistema.ndjson.gz#VoluUtilDiarEner:Sistema:2020-02-01:2020-02-29
2020-02-11,AporEner,47073900,kWh,xm:servapibi,2026-09-22T19:11:04Z,xm/2020/02/AporEner_Sistema.ndjson.gz#AporEner:Sistema:2020-02-01:2020-02-29
2020-02-11,AporEnerMediHist,93410000,kWh,xm:servapibi,2026-09-22T19:11:05Z,xm/2020/02/AporEnerMediHist_Sistema.ndjson.gz#AporEnerMediHist:Sistema:2020-02-01:2020-02-29
2020-02-11,CapaUtilDiarEner,16903898625,kWh,xm:servapibi,2026-09-22T19:11:02Z,xm/2020/02/CapaUtilDiarEner_Sistema.ndjson.gz#CapaUtilDiarEner:Sistema:2020-02-01:2020-02-29
2020-02-11,DemaSIN,212591294.45,kWh,xm:servapibi,2026-09-22T19:11:08Z,xm/2020/02/DemaSIN_Sistema.ndjson.gz#DemaSIN:Sistema:2020-02-01:2020-02-29
2020-02-11,PorcApor,0.50395,fraction,xm:servapibi,2026-09-22T19:11:06Z,xm/2020/02/PorcApor_Sistema.ndjson.gz#PorcApor:Sistema:2020-02-01:2020-02-29
2020-02-11,PorcVoluUtilDiar,0.49231,fraction,xm:servapibi,2026-09-22T19:11:00Z,xm/2020/02/PorcVoluUtilDiar_Sistema.ndjson.gz#PorcVoluUtilDiar:Sistema:2020-02-01:2020-02-29
2020-02-11,PrecBolsNaci,401.28024333333315,COP/kWh,xm:servapibi,2026-09-22T19:11:11Z,xm/2020/02/PrecBolsNaci_Sistema.ndjson.gz#PrecBolsNaci:Sistema:2020-02-01:2020-02-29
2020-02-11,PrecEscaAct,646.80784,COP/kWh,xm:servapibi,2026-09-22T19:11:09Z,xm/2020/02/PrecEscaAct_Sistema.ndjson.gz#PrecEscaAct:Sistema:2020-02-01:2020-02-29
2020-02-11,VoluUtilDiarEner,8321985900,kWh,xm:servapibi,2026-09-22T19:11:01Z,xm/2020/02/VoluUtilDiarEner_Sistema.ndjson.gz#VoluUtilDiarEner:Sistema:2020-02-01:2020-02-29
2020-02-12,AporEner,45214800,kWh,xm:servapibi,2026-09-22T19:11:04Z,xm/2020/02/AporEner_Sistema.ndjson.gz#AporEner:Sistema:2020-02-01:2020-02-29
2020-02-12,AporEnerMediHist,93410000,kWh,xm:servapibi,2026-09-22T19:11:05Z,xm/2020/02/AporEnerMediHist_Sistema.ndjson.gz#AporEnerMediHist:Sistema:2020-02-01:2020-02-29
2020-02-12,CapaUtilDiarEner,16903898625,kWh,xm:servapibi,2026-09-22T19:11:02Z,xm/2020/02/CapaUtilDiarEner_Sistema.ndjson.gz#CapaUtilDiarEner:Sistema:2020-02-01:2020-02-29
2020-02-12,DemaSIN,213899829.77,kWh,xm:servapibi,2026-09-22T19:11:08Z,xm/2020/02/DemaSIN_Sistema.ndjson.gz#DemaSIN:Sistema:2020-02-01:2020-02-29
2020-02-12,PorcApor,0.48405,fraction,xm:servapibi,2026-09-22T19:11:06Z,xm/2020/02/PorcApor_Sistema.ndjson.gz#PorcApor:Sistema:2020-02-01:2020-02-29
2020-02-12,PorcVoluUtilDiar,0.48682,fraction,xm:servapibi,2026-09-22T19:11:00Z,xm/2020/02/PorcVoluUtilDiar_Sistema.ndjson.gz#PorcVoluUtilDiar:Sistema:2020-02-01:2020-02-29
2020-02-12,PrecBolsNaci,384.3235399999999,COP/kWh,xm:servapibi,2026-09-22T19:11:11Z,xm/2020/02/PrecBolsNaci_Sistema.ndjson.gz#PrecBolsNaci:Sistema:2020-02-01:2020-02-29
2020-02-12,PrecEscaAct,646.80784,COP/kWh,xm:servapibi,2026-09-22T19:11:09Z,xm/2020/02/PrecEscaAct_Sistema.ndjson.gz#PrecEscaAct:Sistema:2020-02-01:2020-02-29
2020-02-12,VoluUtilDiarEner,8229162000,kWh,xm:servapibi,2026-09-22T19:11:01Z,xm/2020/02/VoluUtilDiarEner_Sistema.ndjson.gz#VoluUtilDiarEner:Sistema:2020-02-01:2020-02-29
2020-02-13,AporEner,45050200,kWh,xm:servapibi,2026-09-22T19:11:04Z,xm/2020/02/AporEner_Sistema.ndjson.gz#AporEner:Sistema:2020-02-01:2020-02-29
2020-02-13,AporEnerMediHist,93410000,kWh,xm:servapibi,2026-09-22T19:11:05Z,xm/2020/02/AporEnerMediHist_Sistema.ndjson.gz#AporEnerMediHist:Sistema:2020-02-01:2020-02-29
2020-02-13,CapaUtilDiarEner,16903898625,kWh,xm:servapibi,2026-09-22T19:11:02Z,xm/2020/02/CapaUtilDiarEner_Sistema.ndjson.gz#CapaUtilDiarEner:Sistema:2020-02-01:2020-02-29
2020-02-13,DemaSIN,215017572.9,kWh,xm:servapibi,2026-09-22T19:11:08Z,xm/2020/02/DemaSIN_Sistema.ndjson.gz#DemaSIN:Sistema:2020-02-01:2020-02-29
2020-02-13,PorcApor,0.48228,fraction,xm:servapibi,2026-09-22T19:11:06Z,xm/2020/02/PorcApor_Sistema.ndjson.gz#PorcApor:Sistema:2020-02-01:2020-02-29
2020-02-13,PorcVoluUtilDiar,0.4814,fraction,xm:servapibi,2026-09-22T19:11:00Z,xm/2020/02/PorcVoluUtilDiar_Sistema.ndjson.gz#PorcVoluUtilDiar:Sistema:2020-02-01:2020-02-29
2020-02-13,PrecBolsNaci,397.92864000000026,COP/kWh,xm:servapibi,2026-09-22T19:11:11Z,xm/2020/02/PrecBolsNaci_Sistema.ndjson.gz#PrecBolsNaci:Sistema:2020-02-01:2020-02-29
2020-02-13,PrecEscaAct,646.80784,COP/kWh,xm:servapibi,2026-09-22T19:11:09Z,xm/2020/02/PrecEscaAct_Sistema.ndjson.gz#PrecEscaAct:Sistema:2020-02-01:2020-02-29
2020-02-13,VoluUtilDiarEner,8137546600,kWh,xm:servapibi,2026-09-22T19:11:01Z,xm/2020/02/VoluUtilDiarEner_Sistema.ndjson.gz#VoluUtilDiarEner:Sistema:2020-02-01:2020-02-29
2020-02-14,AporEner,48703300,kWh,xm:servapibi,2026-09-22T19:11:04Z,xm/2020/02/AporEner_Sistema.ndjson.gz#AporEner:Sistema:2020-02-01:2020-02-29
2020-02-14,AporEnerMediHist,93410000,kWh,xm:servapibi,2026-09-22T19:11:05Z,xm/2020/02/AporEnerMediHist_Sistema.ndjson.gz#AporEnerMediHist:Sistema:2020-02-01:2020-02-29
2020-02-14,CapaUtilDiarEner,16903898625,kWh,xm:servapibi,2026-09-22T19:11:02Z,xm/2020/02/CapaUtilDiarEner_Sistema.ndjson.gz#CapaUtilDiarEner:Sistema:2020-02-01:2020-02-29
2020-02-14,DemaSIN,214601451.97,kWh,xm:servapibi,2026-09-22T19:11:08Z,xm/2020/02/DemaSIN_Sistema.ndjson.gz#DemaSIN:Sistema:2020-02-01:2020-02-29
2020-02-14,PorcApor,0.52139,fraction,xm:servapibi,2026-09-22T19:11:06Z,xm/2020/02/PorcApor_Sistema.ndjson.gz#PorcApor:Sistema:2020-02-01:2020-02-29
2020-02-14,PorcVoluUtilDiar,0.47642,fraction,xm:servapibi,2026-09-22T19:11:00Z,xm/2020/02/PorcVoluUtilDiar_Sistema.ndjson.gz#PorcVoluUtilDiar:Sistema:2020-02-01:2020-02-29
2020-02-14,PrecBolsNaci,440.0190533333334,COP/kWh,xm:servapibi,2026-09-22T19:11:11Z,xm/2020/02/PrecBolsNaci_Sistema.ndjson.gz#PrecBolsNaci:Sistema:2020-02-01:2020-02-29
2020-02-14,PrecEscaAct,646.80784,COP/kWh,xm:servapibi,2026-09-22T19:11:09Z,xm/2020/02/PrecEscaAct_Sistema.ndjson.gz#PrecEscaAct:Sistema:2020-02-01:2020-02-29
2020-02-14,VoluUtilDiarEner,8053344400,kWh,xm:servapibi,2026-09-22T19:11:01Z,xm/2020/02/VoluUtilDiarEner_Sistema.ndjson.gz#VoluUtilDiarEner:Sistema:2020-02-01:2020-02-29
2020-02-15,AporEner,65114600,kWh,xm:servapibi,2026-09-22T19:11:04Z,xm/2020/02/AporEner_Sistema.ndjson.gz#AporEner:Sistema:2020-02-01:2020-02-29
2020-02-15,AporEnerMediHist,93410000,kWh,xm:servapibi,2026-09-22T19:11:05Z,xm/2020/02/AporEnerMediHist_Sistema.ndjson.gz#AporEnerMediHist:Sistema:2020-02-01:2020-02-29
2020-02-15,CapaUtilDiarEner,16903898625,kWh,xm:servapibi,2026-09-22T19:11:02Z,xm/2020/02/CapaUtilDiarEner_Sistema.ndjson.gz#CapaUtilDiarEner:Sistema:2020-02-01:2020-02-29
2020-02-15,DemaSIN,204475214.23,kWh,xm:servapibi,2026-09-22T19:11:08Z,xm/2020/02/DemaSIN_Sistema.ndjson.gz#DemaSIN:Sistema:2020-02-01:2020-02-29
2020-02-15,PorcApor,0.69708,fraction,xm:servapibi,2026-09-22T19:11:06Z,xm/2020/02/PorcApor_Sistema.ndjson.gz#PorcApor:Sistema:2020-02-01:2020-02-29
2020-02-15,PorcVoluUtilDiar,0.47393,fraction,xm:servapibi,2026-09-22T19:11:00Z,xm/2020/02/PorcVoluUtilDiar_Sistema.ndjson.gz#PorcVoluUtilDiar:Sistema:2020-02-01:2020-02-29
2020-02-15,PrecBolsNaci,474.2351166666667,COP/kWh,xm:servapibi,2026-09-22T19:11:11Z,xm/2020/02/PrecBolsNaci_Sistema.ndjson.gz#PrecBolsNaci:Sistema:2020-02-01:2020-02-29
2020-02-15,PrecEscaAct,646.80784,COP/kWh,xm:servapibi,2026-09-22T19:11:09Z,xm/2020/02/PrecEscaAct_Sistema.ndjson.gz#PrecEscaAct:Sistema:2020-02-01:2020-02-29
2020-02-15,VoluUtilDiarEner,8011205000,kWh,xm:servapibi,2026-09-22T19:11:01Z,xm/2020/02/VoluUtilDiarEner_Sistema.ndjson.gz#VoluUtilDiarEner:Sistema:2020-02-01:2020-02-29
2020-02-16,AporEner,54080500,kWh,xm:servapibi,2026-09-22T19:11:04Z,xm/2020/02/AporEner_Sistema.ndjson.gz#AporEner:Sistema:2020-02-01:2020-02-29
2020-02-16,AporEnerMediHist,93410000,kWh,xm:servapibi,2026-09-22T19:11:05Z,xm/2020/02/AporEnerMediHist_Sistema.ndjson.gz#AporEnerMediHist:Sistema:2020-02-01:2020-02-29
2020-02-16,CapaUtilDiarEner,16903898625,kWh,xm:servapibi,2026-09-22T19:11:02Z,xm/2020/02/CapaUtilDiarEner_Sistema.ndjson.gz#CapaUtilDiarEner:Sistema:2020-02-01:2020-02-29
2020-02-16,DemaSIN,185556375.27,kWh,xm:servapibi,2026-09-22T19:11:08Z,xm/2020/02/DemaSIN_Sistema.ndjson.gz#DemaSIN:Sistema:2020-02-01:2020-02-29
2020-02-16,PorcApor,0.57896,fraction,xm:servapibi,2026-09-22T19:11:06Z,xm/2020/02/PorcApor_Sistema.ndjson.gz#PorcApor:Sistema:2020-02-01:2020-02-29
2020-02-16,PorcVoluUtilDiar,0.47125,fraction,xm:servapibi,2026-09-22T19:11:00Z,xm/2020/02/PorcVoluUtilDiar_Sistema.ndjson.gz#PorcVoluUtilDiar:Sistema:2020-02-01:2020-02-29
2020-02-16,PrecBolsNaci,474.91534333333317,COP/kWh,xm:servapibi,2026-09-22T19:11:11Z,xm/2020/02/PrecBolsNaci_Sistema.ndjson.gz#PrecBolsNaci:Sistema:2020-02-01:2020-02-29
2020-02-16,PrecEscaAct,646.80784,COP/kWh,xm:servapibi,2026-09-22T19:11:09Z,xm/2020/02/PrecEscaAct_Sistema.ndjson.gz#PrecEscaAct:Sistema:2020-02-01:2020-02-29
2020-02-16,VoluUtilDiarEner,7965994600,kWh,xm:servapibi,2026-09-22T19:11:01Z,xm/2020/02/VoluUtilDiarEner_Sistema.ndjson.gz#VoluUtilDiarEner:Sistema:2020-02-01:2020-02-29
2020-02-17,AporEner,61892500,kWh,xm:servapibi,2026-09-22T19:11:04Z,xm/2020/02/AporEner_Sistema.ndjson.gz#AporEner:Sistema:2020-02-01:2020-02-29
2020-02-17,AporEnerMediHist,93410000,kWh,xm:servapibi,2026-09-22T19:11:05Z,xm/2020/02/AporEnerMediHist_Sistema.ndjson.gz#AporEnerMediHist:Sistema:2020-02-01:2020-02-29
2020-02-17,CapaUtilDiarEner,16903898625,kWh,xm:servapibi,2026-09-22T19:11:02Z,xm/2020/02/CapaUtilDiarEner_Sistema.ndjson.gz#CapaUtilDiarEner:Sistema:2020-02-01:2020-02-29
2020-02-17,DemaSIN,211523041.36,kWh,xm:servapibi,2026-09-22T19:11:08Z,xm/2020/02/DemaSIN_Sistema.ndjson.gz#DemaSIN:Sistema:2020-02-01:2020-02-29
2020-02-17,PorcApor,0.66259,fraction,xm:servapibi,2026-09-22T19:11:06Z,xm/2020/02/PorcApor_Sistema.ndjson.gz#PorcApor:Sistema:2020-02-01:2020-02-29
2020-02-17,PorcVoluUtilDiar,0.46745,fraction,xm:servapibi,2026-09-22T19:11:00Z,xm/2020/02/PorcVoluUtilDiar_Sistema.ndjson.gz#PorcVoluUtilDiar:Sistema:2020-02-01:2020-02-29
2020-02-17,PrecBolsNaci,503.1021766666666,COP/kWh,xm:servapibi,2026-09-22T19:11:11Z,xm/2020/02/PrecBolsNaci_Sistema.ndjson.gz#PrecBolsNaci:Sistema:2020-02-01:2020-02-29
2020-02-17,PrecEscaAct,646.80784,COP/kWh,xm:servapibi,2026-09-22T19:11:09Z,xm/2020/02/PrecEscaAct_Sistema.ndjson.gz#PrecEscaAct:Sistema:2020-02-01:2020-02-29
2020-02-17,VoluUtilDiarEner,7901782500,kWh,xm:servapibi,2026-09-22T19:11:01Z,xm/2020/02/VoluUtilDiarEner_Sistema.ndjson.gz#VoluUtilDiarEner:Sistema:2020-02-01:2020-02-29
2020-02-18,AporEner,46671300,kWh,xm:servapibi,2026-09-22T19:11:04Z,xm/2020/02/AporEner_Sistema.ndjson.gz#AporEner:Sistema:2020-02-01:2020-02-29
2020-02-18,AporEnerMediHist,93410000,kWh,xm:servapibi,2026-09-22T19:11:05Z,xm/2020/02/AporEnerMediHist_Sistema.ndjson.gz#AporEnerMediHist:Sistema:2020-02-01:2020-02-29
2020-02-18,CapaUtilDiarEner,16903898625,kWh,xm:servapibi,2026-09-22T19:11:02Z,xm/2020/02/CapaUtilDiarEner_Sistema.ndjson.gz#CapaUtilDiarEner:Sistema:2020-02-01:2020-02-29
2020-02-18,DemaSIN,215356881.61,kWh,xm:servapibi,2026-09-22T19:11:08Z,xm/2020/02/DemaSIN_Sistema.ndjson.gz#DemaSIN:Sistema:2020-02-01:2020-02-29
2020-02-18,PorcApor,0.49964,fraction,xm:servapibi,2026-09-22T19:11:06Z,xm/2020/02/PorcApor_Sistema.ndjson.gz#PorcApor:Sistema:2020-02-01:2020-02-29
2020-02-18,PorcVoluUtilDiar,0.46135,fraction,xm:servapibi,2026-09-22T19:11:00Z,xm/2020/02/PorcVoluUtilDiar_Sistema.ndjson.gz#PorcVoluUtilDiar:Sistema:2020-02-01:2020-02-29
2020-02-18,PrecBolsNaci,502.56050999999997,COP/kWh,xm:servapibi,2026-09-22T19:11:11Z,xm/2020/02/PrecBolsNaci_Sistema.ndjson.gz#PrecBolsNaci:Sistema:2020-02-01:2020-02-29
2020-02-18,PrecEscaAct,646.80784,COP/kWh,xm:servapibi,2026-09-22T19:11:09Z,xm/2020/02/PrecEscaAct_Sistema.ndjson.gz#PrecEscaAct:Sistema:2020-02-01:2020-02-29
2020-02-18,VoluUtilDiarEner,7798549400,kWh,xm:servapibi,2026-09-22T19:11:01Z,xm/2020/02/VoluUtilDiarEner_Sistema.ndjson.gz#VoluUtilDiarEner:Sistema:2020-02-01:2020-02-29
2020-02-19,AporEner,49734100,kWh,xm:servapibi,2026-09-22T19:11:04Z,xm/2020/02/AporEner_Sistema.ndjson.gz#AporEner:Sistema:2020-02-01:2020-02-29
2020-02-19,AporEnerMediHist,93410000,kWh,xm:servapibi,2026-09-22T19:11:05Z,xm/2020/02/AporEnerMediHist_Sistema.ndjson.gz#AporEnerMediHist:Sistema:2020-02-01:2020-02-29
2020-02-19,CapaUtilDiarEner,16903898625,kWh,xm:servapibi,2026-09-22T19:11:02Z,xm/2020/02/CapaUtilDiarEner_Sistema.ndjson.gz#CapaUtilDiarEner:Sistema:2020-02-01:2020-02-29
2020-02-19,DemaSIN,217078889.92,kWh,xm:servapibi,2026-09-22T19:11:08Z,xm/2020/02/DemaSIN_Sistema.ndjson.gz#DemaSIN:Sistema:2020-02-01:2020-02-29
2020-02-19,PorcApor,0.53243,fraction,xm:servapibi,2026-09-22T19:11:06Z,xm/2020/02/PorcApor_Sistema.ndjson.gz#PorcApor:Sistema:2020-02-01:2020-02-29
2020-02-19,PorcVoluUtilDiar,0.4553,fraction,xm:servapibi,2026-09-22T19:11:00Z,xm/2020/02/PorcVoluUtilDiar_Sistema.ndjson.gz#PorcVoluUtilDiar:Sistema:2020-02-01:2020-02-29
2020-02-19,PrecBolsNaci,538.9771766666665,COP/kWh,xm:servapibi,2026-09-22T19:11:11Z,xm/2020/02/PrecBolsNaci_Sistema.ndjson.gz#PrecBolsNaci:Sistema:2020-02-01:2020-02-29
2020-02-19,PrecEscaAct,646.80784,COP/kWh,xm:servapibi,2026-09-22T19:11:09Z,xm/2020/02/PrecEscaAct_Sistema.ndjson.gz#PrecEscaAct:Sistema:2020-02-01:2020-02-29
2020-02-19,VoluUtilDiarEner,7696262900,kWh,xm:servapibi,2026-09-22T19:11:01Z,xm/2020/02/VoluUtilDiarEner_Sistema.ndjson.gz#VoluUtilDiarEner:Sistema:2020-02-01:2020-02-29
2020-02-20,AporEner,56027800,kWh,xm:servapibi,2026-09-22T19:11:04Z,xm/2020/02/AporEner_Sistema.ndjson.gz#AporEner:Sistema:2020-02-01:2020-02-29
2020-02-20,AporEnerMediHist,93410000,kWh,xm:servapibi,2026-09-22T19:11:05Z,xm/2020/02/AporEnerMediHist_Sistema.ndjson.gz#AporEnerMediHist:Sistema:2020-02-01:2020-02-29
2020-02-20,CapaUtilDiarEner,16903898625,kWh,xm:servapibi,2026-09-22T19:11:02Z,xm/2020/02/CapaUtilDiarEner_Sistema.ndjson.gz#CapaUtilDiarEner:Sistema:2020-02-01:2020-02-29
2020-02-20,DemaSIN,215988093.25,kWh,xm:servapibi,2026-09-22T19:11:08Z,xm/2020/02/DemaSIN_Sistema.ndjson.gz#DemaSIN:Sistema:2020-02-01:2020-02-29
2020-02-20,PorcApor,0.59981,fraction,xm:servapibi,2026-09-22T19:11:06Z,xm/2020/02/PorcApor_Sistema.ndjson.gz#PorcApor:Sistema:2020-02-01:2020-02-29
2020-02-20,PorcVoluUtilDiar,0.45087,fraction,xm:servapibi,2026-09-22T19:11:00Z,xm/2020/02/PorcVoluUtilDiar_Sistema.ndjson.gz#PorcVoluUtilDiar:Sistema:2020-02-01:2020-02-29
2020-02-20,PrecBolsNaci,566.8873266666664,COP/kWh,xm:servapibi,2026-09-22T19:11:11Z,xm/2020/02/PrecBolsNaci_Sistema.ndjson.gz#PrecBolsNaci:Sistema:2020-02-01:2020-02-29
2020-02-20,PrecEscaAct,646.80784,COP/kWh,xm:servapibi,2026-09-22T19:11:09Z,xm/2020/02/PrecEscaAct_Sistema.ndjson.gz#PrecEscaAct:Sistema:2020-02-01:2020-02-29
2020-02-20,VoluUtilDiarEner,7621493100,kWh,xm:servapibi,2026-09-22T19:11:01Z,xm/2020/02/VoluUtilDiarEner_Sistema.ndjson.gz#VoluUtilDiarEner:Sistema:2020-02-01:2020-02-29
2020-02-21,AporEner,65334900,kWh,xm:servapibi,2026-09-22T19:11:04Z,xm/2020/02/AporEner_Sistema.ndjson.gz#AporEner:Sistema:2020-02-01:2020-02-29
2020-02-21,AporEnerMediHist,93410000,kWh,xm:servapibi,2026-09-22T19:11:05Z,xm/2020/02/AporEnerMediHist_Sistema.ndjson.gz#AporEnerMediHist:Sistema:2020-02-01:2020-02-29
2020-02-21,CapaUtilDiarEner,16903898625,kWh,xm:servapibi,2026-09-22T19:11:02Z,xm/2020/02/CapaUtilDiarEner_Sistema.ndjson.gz#CapaUtilDiarEner:Sistema:2020-02-01:2020-02-29
2020-02-21,DemaSIN,214429408.99,kWh,xm:servapibi,2026-09-22T19:11:08Z,xm/2020/02/DemaSIN_Sistema.ndjson.gz#DemaSIN:Sistema:2020-02-01:2020-02-29
2020-02-21,PorcApor,0.69944,fraction,xm:servapibi,2026-09-22T19:11:06Z,xm/2020/02/PorcApor_Sistema.ndjson.gz#PorcApor:Sistema:2020-02-01:2020-02-29
2020-02-21,PorcVoluUtilDiar,0.44785,fraction,xm:servapibi,2026-09-22T19:11:00Z,xm/2020/02/PorcVoluUtilDiar_Sistema.ndjson.gz#PorcVoluUtilDiar:Sistema:2020-02-01:2020-02-29
2020-02-21,PrecBolsNaci,604.0605099999998,COP/kWh,xm:servapibi,2026-09-22T19:11:11Z,xm/2020/02/PrecBolsNaci_Sistema.ndjson.gz#PrecBolsNaci:Sistema:2020-02-01:2020-02-29
2020-02-21,PrecEscaAct,646.80784,COP/kWh,xm:servapibi,2026-09-22T19:11:09Z,xm/2020/02/PrecEscaAct_Sistema.ndjson.gz#PrecEscaAct:Sistema:2020-02-01:2020-02-29
2020-02-21,VoluUtilDiarEner,7570327500,kWh,xm:servapibi,2026-09-22T19:11:01Z,xm/2020/02/VoluUtilDiarEner_Sistema.ndjson.gz#VoluUtilDiarEner:Sistema:2020-02-01:2020-02-29
2020-02-22,AporEner,88381200,kWh,xm:servapibi,2026-09-22T19:11:04Z,xm/2020/02/AporEner_Sistema.ndjson.gz#AporEner:Sistema:2020-02-01:2020-02-29
2020-02-22,AporEnerMediHist,93410000,kWh,xm:servapibi,2026-09-22T19:11:05Z,xm/2020/02/AporEnerMediHist_Sistema.ndjson.gz#AporEnerMediHist:Sistema:2020-02-01:2020-02-29
2020-02-22,CapaUtilDiarEner,16903898625,kWh,xm:servapibi,2026-09-22T19:11:02Z,xm/2020/02/CapaUtilDiarEner_Sistema.ndjson.gz#CapaUtilDiarEner:Sistema:2020-02-01:2020-02-29
2020-02-22,DemaSIN,199564678.46,kWh,xm:servapibi,2026-09-22T19:11:08Z,xm/2020/02/DemaSIN_Sistema.ndjson.gz#DemaSIN:Sistema:2020-02-01:2020-02-29
2020-02-22,PorcApor,0.94616,fraction,xm:servapibi,2026-09-22T19:11:06Z,xm/2020/02/PorcApor_Sistema.ndjson.gz#PorcApor:Sistema:2020-02-01:2020-02-29
2020-02-22,PorcVoluUtilDiar,0.4472,fraction,xm:servapibi,2026-09-22T19:11:00Z,xm/2020/02/PorcVoluUtilDiar_Sistema.ndjson.gz#PorcVoluUtilDiar:Sistema:2020-02-01:2020-02-29
2020-02-22,PrecBolsNaci,576.5211166666669,COP/kWh,xm:servapibi,2026-09-22T19:11:11Z,xm/2020/02/PrecBolsNaci_Sistema.ndjson.gz#PrecBolsNaci:Sistema:2020-02-01:2020-02-29
2020-02-22,PrecEscaAct,646.80784,COP/kWh,xm:servapibi,2026-09-22T19:11:09Z,xm/2020/02/PrecEscaAct_Sistema.ndjson.gz#PrecEscaAct:Sistema:2020-02-01:2020-02-29
2020-02-22,VoluUtilDiarEner,7559418200,kWh,xm:servapibi,2026-09-22T19:11:01Z,xm/2020/02/VoluUtilDiarEner_Sistema.ndjson.gz#VoluUtilDiarEner:Sistema:2020-02-01:2020-02-29
2020-02-23,AporEner,98808200,kWh,xm:servapibi,2026-09-22T19:11:04Z,xm/2020/02/AporEner_Sistema.ndjson.gz#AporEner:Sistema:2020-02-01:2020-02-29
2020-02-23,AporEnerMediHist,93410000,kWh,xm:servapibi,2026-09-22T19:11:05Z,xm/2020/02/AporEnerMediHist_Sistema.ndjson.gz#AporEnerMediHist:Sistema:2020-02-01:2020-02-29
2020-02-23,CapaUtilDiarEner,16903898625,kWh,xm:servapibi,2026-09-22T19:11:02Z,xm/2020/02/CapaUtilDiarEner_Sistema.ndjson.gz#CapaUtilDiarEner:Sistema:2020-02-01:2020-02-29
2020-02-23,DemaSIN,179787218.77,kWh,xm:servapibi,2026-09-22T19:11:08Z,xm/2020/02/DemaSIN_Sistema.ndjson.gz#DemaSIN:Sistema:2020-02-01:2020-02-29
2020-02-23,PorcApor,1.05779,fraction,xm:servapibi,2026-09-22T19:11:06Z,xm/2020/02/PorcApor_Sistema.ndjson.gz#PorcApor:Sistema:2020-02-01:2020-02-29
2020-02-23,PorcVoluUtilDiar,0.44793,fraction,xm:servapibi,2026-09-22T19:11:00Z,xm/2020/02/PorcVoluUtilDiar_Sistema.ndjson.gz#PorcVoluUtilDiar:Sistema:2020-02-01:2020-02-29
2020-02-23,PrecBolsNaci,470.4509833333332,COP/kWh,xm:servapibi,2026-09-22T19:11:11Z,xm/2020/02/PrecBolsNaci_Sistema.ndjson.gz#PrecBolsNaci:Sistema:2020-02-01:2020-02-29
2020-02-23,PrecEscaAct,646.80784,COP/kWh,xm:servapibi,2026-09-22T19:11:09Z,xm/2020/02/PrecEscaAct_Sistema.ndjson.gz#PrecEscaAct:Sistema:2020-02-01:2020-02-29
2020-02-23,VoluUtilDiarEner,7571818100,kWh,xm:servapibi,2026-09-22T19:11:01Z,xm/2020/02/VoluUtilDiarEner_Sistema.ndjson.gz#VoluUtilDiarEner:Sistema:2020-02-01:2020-02-29
2020-02-24,AporEner,91902700,kWh,xm:servapibi,2026-09-22T19:11:04Z,xm/2020/02/AporEner_Sistema.ndjson.gz#AporEner:Sistema:2020-02-01:2020-02-29
2020-02-24,AporEnerMediHist,93410000,kWh,xm:servapibi,2026-09-22T19:11:05Z,xm/2020/02/AporEnerMediHist_Sistema.ndjson.gz#AporEnerMediHist:Sistema:2020-02-01:2020-02-29
2020-02-24,CapaUtilDiarEner,16903898625,kWh,xm:servapibi,2026-09-22T19:11:02Z,xm/2020/02/CapaUtilDiarEner_Sistema.ndjson.gz#CapaUtilDiarEner:Sistema:2020-02-01:2020-02-29
2020-02-24,DemaSIN,203266465.67,kWh,xm:servapibi,2026-09-22T19:11:08Z,xm/2020/02/DemaSIN_Sistema.ndjson.gz#DemaSIN:Sistema:2020-02-01:2020-02-29
2020-02-24,PorcApor,0.98386,fraction,xm:servapibi,2026-09-22T19:11:06Z,xm/2020/02/PorcApor_Sistema.ndjson.gz#PorcApor:Sistema:2020-02-01:2020-02-29
2020-02-24,PorcVoluUtilDiar,0.44719,fraction,xm:servapibi,2026-09-22T19:11:00Z,xm/2020/02/PorcVoluUtilDiar_Sistema.ndjson.gz#PorcVoluUtilDiar:Sistema:2020-02-01:2020-02-29
2020-02-24,PrecBolsNaci,490.49264333333343,COP/kWh,xm:servapibi,2026-09-22T19:11:11Z,xm/2020/02/PrecBolsNaci_Sistema.ndjson.gz#PrecBolsNaci:Sistema:2020-02-01:2020-02-29
2020-02-24,PrecEscaAct,646.80784,COP/kWh,xm:servapibi,2026-09-22T19:11:09Z,xm/2020/02/PrecEscaAct_Sistema.ndjson.gz#PrecEscaAct:Sistema:2020-02-01:2020-02-29
2020-02-24,VoluUtilDiarEner,7559320100,kWh,xm:servapibi,2026-09-22T19:11:01Z,xm/2020/02/VoluUtilDiarEner_Sistema.ndjson.gz#VoluUtilDiarEner:Sistema:2020-02-01:2020-02-29
2020-02-25,AporEner,92768300,kWh,xm:servapibi,2026-09-22T19:11:04Z,xm/2020/02/AporEner_Sistema.ndjson.gz#AporEner:Sistema:2020-02-01:2020-02-29
2020-02-25,AporEnerMediHist,93410000,kWh,xm:servapibi,2026-09-22T19:11:05Z,xm/2020/02/AporEnerMediHist_Sistema.ndjson.gz#AporEnerMediHist:Sistema:2020-02-01:2020-02-29
2020-02-25,CapaUtilDiarEner,16903898625,kWh,xm:servapibi,2026-09-22T19:11:02Z,xm/2020/02/CapaUtilDiarEner_Sistema.ndjson.gz#CapaUtilDiarEner:Sistema:2020-02-01:2020-02-29
2020-02-25,DemaSIN,207681768.88,kWh,xm:servapibi,2026-09-22T19:11:08Z,xm/2020/02/DemaSIN_Sistema.ndjson.gz#DemaSIN:Sistema:2020-02-01:2020-02-29
2020-02-25,PorcApor,0.99313,fraction,xm:servapibi,2026-09-22T19:11:06Z,xm/2020/02/PorcApor_Sistema.ndjson.gz#PorcApor:Sistema:2020-02-01:2020-02-29
2020-02-25,PorcVoluUtilDiar,0.44659,fraction,xm:servapibi,2026-09-22T19:11:00Z,xm/2020/02/PorcVoluUtilDiar_Sistema.ndjson.gz#PorcVoluUtilDiar:Sistema:2020-02-01:2020-02-29
2020-02-25,PrecBolsNaci,445.28182333333353,COP/kWh,xm:servapibi,2026-09-22T19:11:11Z,xm/2020/02/PrecBolsNaci_Sistema.ndjson.gz#PrecBolsNaci:Sistema:2020-02-01:2020-02-29
2020-02-25,PrecEscaAct,646.80784,COP/kWh,xm:servapibi,2026-09-22T19:11:09Z,xm/2020/02/PrecEscaAct_Sistema.ndjson.gz#PrecEscaAct:Sistema:2020-02-01:2020-02-29
2020-02-25,VoluUtilDiarEner,7549110700,kWh,xm:servapibi,2026-09-22T19:11:01Z,xm/2020/02/VoluUtilDiarEner_Sistema.ndjson.gz#VoluUtilDiarEner:Sistema:2020-02-01:2020-02-29
2020-02-26,AporEner,113985400,kWh,xm:servapibi,2026-09-22T19:11:04Z,xm/2020/02/AporEner_Sistema.ndjson.gz#AporEner:Sistema:2020-02-01:2020-02-29
2020-02-26,AporEnerMediHist,93410000,kWh,xm:servapibi,2026-09-22T19:11:05Z,xm/2020/02/AporEnerMediHist_Sistema.ndjson.gz#AporEnerMediHist:Sistema:2020-02-01:2020-02-29
2020-02-26,CapaUtilDiarEner,16903898625,kWh,xm:servapibi,2026-09-22T19:11:02Z,xm/2020/02/CapaUtilDiarEner_Sistema.ndjson.gz#CapaUtilDiarEner:Sistema:2020-02-01:2020-02-29
2020-02-26,DemaSIN,208447858.69,kWh,xm:servapibi,2026-09-22T19:11:08Z,xm/2020/02/DemaSIN_Sistema.ndjson.gz#DemaSIN:Sistema:2020-02-01:2020-02-29
2020-02-26,PorcApor,1.22027,fraction,xm:servapibi,2026-09-22T19:11:06Z,xm/2020/02/PorcApor_Sistema.ndjson.gz#PorcApor:Sistema:2020-02-01:2020-02-29
2020-02-26,PorcVoluUtilDiar,0.44554,fraction,xm:servapibi,2026-09-22T19:11:00Z,xm/2020/02/PorcVoluUtilDiar_Sistema.ndjson.gz#PorcVoluUtilDiar:Sistema:2020-02-01:2020-02-29
2020-02-26,PrecBolsNaci,390.4586999999999,COP/kWh,xm:servapibi,2026-09-22T19:11:11Z,xm/2020/02/PrecBolsNaci_Sistema.ndjson.gz#PrecBolsNaci:Sistema:2020-02-01:2020-02-29
2020-02-26,PrecEscaAct,646.80784,COP/kWh,xm:servapibi,2026-09-22T19:11:09Z,xm/2020/02/PrecEscaAct_Sistema.ndjson.gz#PrecEscaAct:Sistema:2020-02-01:2020-02-29
2020-02-26,VoluUtilDiarEner,7531368600,kWh,xm:servapibi,2026-09-22T19:11:01Z,xm/2020/02/VoluUtilDiarEner_Sistema.ndjson.gz#VoluUtilDiarEner:Sistema:2020-02-01:2020-02-29
2020-02-27,AporEner,88470200,kWh,xm:servapibi,2026-09-22T19:11:04Z,xm/2020/02/AporEner_Sistema.ndjson.gz#AporEner:Sistema:2020-02-01:2020-02-29
2020-02-27,AporEnerMediHist,93410000,kWh,xm:servapibi,2026-09-22T19:11:05Z,xm/2020/02/AporEnerMediHist_Sistema.ndjson.gz#AporEnerMediHist:Sistema:2020-02-01:2020-02-29
2020-02-27,CapaUtilDiarEner,16903898625,kWh,xm:servapibi,2026-09-22T19:11:02Z,xm/2020/02/CapaUtilDiarEner_Sistema.ndjson.gz#CapaUtilDiarEner:Sistema:2020-02-01:2020-02-29
2020-02-27,DemaSIN,208719084.2,kWh,xm:servapibi,2026-09-22T19:11:08Z,xm/2020/02/DemaSIN_Sistema.ndjson.gz#DemaSIN:Sistema:2020-02-01:2020-02-29
2020-02-27,PorcApor,0.94712,fraction,xm:servapibi,2026-09-22T19:11:06Z,xm/2020/02/PorcApor_Sistema.ndjson.gz#PorcApor:Sistema:2020-02-01:2020-02-29
2020-02-27,PorcVoluUtilDiar,0.44256,fraction,xm:servapibi,2026-09-22T19:11:00Z,xm/2020/02/PorcVoluUtilDiar_Sistema.ndjson.gz#PorcVoluUtilDiar:Sistema:2020-02-01:2020-02-29
2020-02-27,PrecBolsNaci,306.01968166666666,COP/kWh,xm:servapibi,2026-09-22T19:11:11Z,xm/2020/02/PrecBolsNaci_Sistema.ndjson.gz#PrecBolsNaci:Sistema:2020-02-01:2020-02-29
2020-02-27,PrecEscaAct,646.80784,COP/kWh,xm:servapibi,2026-09-22T19:11:09Z,xm/2020/02/PrecEscaAct_Sistema.ndjson.gz#PrecEscaAct:Sistema:2020-02-01:2020-02-29
2020-02-27,VoluUtilDiarEner,7481056700,kWh,xm:servapibi,2026-09-22T19:11:01Z,xm/2020/02/VoluUtilDiarEner_Sistema.ndjson.gz#VoluUtilDiarEner:Sistema:2020-02-01:2020-02-29
2020-02-28,AporEner,85220600,kWh,xm:servapibi,2026-09-22T19:11:04Z,xm/2020/02/AporEner_Sistema.ndjson.gz#AporEner:Sistema:2020-02-01:2020-02-29
2020-02-28,AporEnerMediHist,93410000,kWh,xm:servapibi,2026-09-22T19:11:05Z,xm/2020/02/AporEnerMediHist_Sistema.ndjson.gz#AporEnerMediHist:Sistema:2020-02-01:2020-02-29
2020-02-28,CapaUtilDiarEner,16903898625,kWh,xm:servapibi,2026-09-22T19:11:02Z,xm/2020/02/CapaUtilDiarEner_Sistema.ndjson.gz#CapaUtilDiarEner:Sistema:2020-02-01:2020-02-29
2020-02-28,DemaSIN,210395986.83,kWh,xm:servapibi,2026-09-22T19:11:08Z,xm/2020/02/DemaSIN_Sistema.ndjson.gz#DemaSIN:Sistema:2020-02-01:2020-02-29
2020-02-28,PorcApor,0.91233,fraction,xm:servapibi,2026-09-22T19:11:06Z,xm/2020/02/PorcApor_Sistema.ndjson.gz#PorcApor:Sistema:2020-02-01:2020-02-29
2020-02-28,PorcVoluUtilDiar,0.43797,fraction,xm:servapibi,2026-09-22T19:11:00Z,xm/2020/02/PorcVoluUtilDiar_Sistema.ndjson.gz#PorcVoluUtilDiar:Sistema:2020-02-01:2020-02-29
2020-02-28,PrecBolsNaci,328.55501,COP/kWh,xm:servapibi,2026-09-22T19:11:11Z,xm/2020/02/PrecBolsNaci_Sistema.ndjson.gz#PrecBolsNaci:Sistema:2020-02-01:2020-02-29
2020-02-28,PrecEscaAct,646.80784,COP/kWh,xm:servapibi,2026-09-22T19:11:09Z,xm/2020/02/PrecEscaAct_Sistema.ndjson.gz#PrecEscaAct:Sistema:2020-02-01:2020-02-29
2020-02-28,VoluUtilDiarEner,7403347300,kWh,xm:servapibi,2026-09-22T19:11:01Z,xm/2020/02/VoluUtilDiarEner_Sistema.ndjson.gz#VoluUtilDiarEner:Sistema:2020-02-01:2020-02-29
2020-02-29,AporEner,70620500,kWh,xm:servapibi,2026-09-22T19:11:04Z,xm/2020/02/AporEner_Sistema.ndjson.gz#AporEner:Sistema:2020-02-01:2020-02-29
2020-02-29,AporEnerMediHist,93410000,kWh,xm:servapibi,2026-09-22T19:11:05Z,xm/2020/02/AporEnerMediHist_Sistema.ndjson.gz#AporEnerMediHist:Sistema:2020-02-01:2020-02-29
2020-02-29,CapaUtilDiarEner,16903898625,kWh,xm:servapibi,2026-09-22T19:11:02Z,xm/2020/02/CapaUtilDiarEner_Sistema.ndjson.gz#CapaUtilDiarEner:Sistema:2020-02-01:2020-02-29
2020-02-29,DemaSIN,201988075.55,kWh,xm:servapibi,2026-09-22T19:11:08Z,xm/2020/02/DemaSIN_Sistema.ndjson.gz#DemaSIN:Sistema:2020-02-01:2020-02-29
2020-02-29,PorcApor,0.75603,fraction,xm:servapibi,2026-09-22T19:11:06Z,xm/2020/02/PorcApor_Sistema.ndjson.gz#PorcApor:Sistema:2020-02-01:2020-02-29
2020-02-29,PorcVoluUtilDiar,0.43426,fraction,xm:servapibi,2026-09-22T19:11:00Z,xm/2020/02/PorcVoluUtilDiar_Sistema.ndjson.gz#PorcVoluUtilDiar:Sistema:2020-02-01:2020-02-29
2020-02-29,PrecBolsNaci,281.86936166666663,COP/kWh,xm:servapibi,2026-09-22T19:11:11Z,xm/2020/02/PrecBolsNaci_Sistema.ndjson.gz#PrecBolsNaci:Sistema:2020-02-01:2020-02-29
2020-02-29,PrecEscaAct,646.80784,COP/kWh,xm:servapibi,2026-09-22T19:11:09Z,xm/2020/02/PrecEscaAct_Sistema.ndjson.gz#PrecEscaAct:Sistema:2020-02-01:2020-02-29
2020-02-29,VoluUtilDiarEner,7340691400,kWh,xm:servapibi,2026-09-22T19:11:01Z,xm/2020/02/VoluUtilDiarEner_Sistema.ndjson.gz#VoluUtilDiarEner:Sistema:2020-02-01:2020-02-29
2020-03-01,AporEner,69932600,kWh,xm:servapibi,2026-09-22T19:11:19Z,xm/2020/03/AporEner_Sistema.ndjson.gz#AporEner:Sistema:2020-03-01:2020-03-31
2020-03-01,AporEnerMediHist,109220000,kWh,xm:servapibi,2026-09-22T19:11:20Z,xm/2020/03/AporEnerMediHist_Sistema.ndjson.gz#AporEnerMediHist:Sistema:2020-03-01:2020-03-31
2020-03-01,CapaUtilDiarEner,16903898625,kWh,xm:servapibi,2026-09-22T19:11:18Z,xm/2020/03/CapaUtilDiarEner_Sistema.ndjson.gz#CapaUtilDiarEner:Sistema:2020-03-01:2020-03-31
2020-03-01,DemaSIN,182932186.42,kWh,xm:servapibi,2026-09-22T19:11:23Z,xm/2020/03/DemaSIN_Sistema.ndjson.gz#DemaSIN:Sistema:2020-03-01:2020-03-31
2020-03-01,PorcApor,0.64029,fraction,xm:servapibi,2026-09-22T19:11:21Z,xm/2020/03/PorcApor_Sistema.ndjson.gz#PorcApor:Sistema:2020-03-01:2020-03-31
2020-03-01,PorcVoluUtilDiar,0.43221,fraction,xm:servapibi,2026-09-22T19:11:15Z,xm/2020/03/PorcVoluUtilDiar_Sistema.ndjson.gz#PorcVoluUtilDiar:Sistema:2020-03-01:2020-03-31
2020-03-01,PrecBolsNaci,324.37866333333335,COP/kWh,xm:servapibi,2026-09-22T19:11:26Z,xm/2020/03/PrecBolsNaci_Sistema.ndjson.gz#PrecBolsNaci:Sistema:2020-03-01:2020-03-31
2020-03-01,PrecEscaAct,610.97227,COP/kWh,xm:servapibi,2026-09-22T19:11:24Z,xm/2020/03/PrecEscaAct_Sistema.ndjson.gz#PrecEscaAct:Sistema:2020-03-01:2020-03-31
2020-03-01,VoluUtilDiarEner,7306073600,kWh,xm:servapibi,2026-09-22T19:11:16Z,xm/2020/03/VoluUtilDiarEner_Sistema.ndjson.gz#VoluUtilDiarEner:Sistema:2020-03-01:2020-03-31
2020-03-02,AporEner,72024300,kWh,xm:servapibi,2026-09-22T19:11:19Z,xm/2020/03/AporEner_Sistema.ndjson.gz#AporEner:Sistema:2020-03-01:2020-03-31
2020-03-02,AporEnerMediHist,109220000,kWh,xm:servapibi,2026-09-22T19:11:20Z,xm/2020/03/AporEnerMediHist_Sistema.ndjson.gz#AporEnerMediHist:Sistema:2020-03-01:2020-03-31
2020-03-02,CapaUtilDiarEner,16903898625,kWh,xm:servapibi,2026-09-22T19:11:18Z,xm/2020/03/CapaUtilDiarEner_Sistema.ndjson.gz#CapaUtilDiarEner:Sistema:2020-03-01:2020-03-31
2020-03-02,DemaSIN,209080625.43,kWh,xm:servapibi,2026-09-22T19:11:23Z,xm/2020/03/DemaSIN_Sistema.ndjson.gz#DemaSIN:Sistema:2020-03-01:2020-03-31
2020-03-02,PorcApor,0.65944,fraction,xm:servapibi,2026-09-22T19:11:21Z,xm/2020/03/PorcApor_Sistema.ndjson.gz#PorcApor:Sistema:2020-03-01:2020-03-31
2020-03-02,PorcVoluUtilDiar,0.42877,fraction,xm:servapibi,2026-09-22T19:11:15Z,xm/2020/03/PorcVoluUtilDiar_Sistema.ndjson.gz#PorcVoluUtilDiar:Sistema:2020-03-01:2020-03-31
2020-03-02,PrecBolsNaci,402.61644,COP/kWh,xm:servapibi,2026-09-22T19:11:26Z,xm/2020/03/PrecBolsNaci_Sistema.ndjson.gz#PrecBolsNaci:Sistema:2020-03-01:2020-03-31
2020-03-02,PrecEscaAct,610.97227,COP/kWh,xm:servapibi,2026-09-22T19:11:24Z,xm/2020/03/PrecEscaAct_Sistema.ndjson.gz#PrecEscaAct:Sistema:2020-03-01:2020-03-31
2020-03-02,VoluUtilDiarEner,7247900200,kWh,xm:servapibi,2026-09-22T19:11:16Z,xm/2020/03/VoluUtilDiarEner_Sistema.ndjson.gz#VoluUtilDiarEner:Sistema:2020-03-01:2020-03-31
2020-03-03,AporEner,72521700,kWh,xm:servapibi,2026-09-22T19:11:19Z,xm/2020/03/AporEner_Sistema.ndjson.gz#AporEner:Sistema:2020-03-01:2020-03-31
2020-03-03,AporEnerMediHist,109220000,kWh,xm:servapibi,2026-09-22T19:11:20Z,xm/2020/03/AporEnerMediHist_Sistema.ndjson.gz#AporEnerMediHist:Sistema:2020-03-01:2020-03-31
2020-03-03,CapaUtilDiarEner,16903898625,kWh,xm:servapibi,2026-09-22T19:11:18Z,xm/2020/03/CapaUtilDiarEner_Sistema.ndjson.gz#CapaUtilDiarEner:Sistema:2020-03-01:2020-03-31
2020-03-03,DemaSIN,212751902.73,kWh,xm:servapibi,2026-09-22T19:11:23Z,xm/2020/03/DemaSIN_Sistema.ndjson.gz#DemaSIN:Sistema:2020-03-01:2020-03-31
2020-03-03,PorcApor,0.664,fraction,xm:servapibi,2026-09-22T19:11:21Z,xm/2020/03/PorcApor_Sistema.ndjson.gz#PorcApor:Sistema:2020-03-01:2020-03-31
2020-03-03,PorcVoluUtilDiar,0.42538,fraction,xm:servapibi,2026-09-22T19:11:15Z,xm/2020/03/PorcVoluUtilDiar_Sistema.ndjson.gz#PorcVoluUtilDiar:Sistema:2020-03-01:2020-03-31
2020-03-03,PrecBolsNaci,468.85848333333325,COP/kWh,xm:servapibi,2026-09-22T19:11:26Z,xm/2020/03/PrecBolsNaci_Sistema.ndjson.gz#PrecBolsNaci:Sistema:2020-03-01:2020-03-31
2020-03-03,PrecEscaAct,610.97227,COP/kWh,xm:servapibi,2026-09-22T19:11:24Z,xm/2020/03/PrecEscaAct_Sistema.ndjson.gz#PrecEscaAct:Sistema:2020-03-01:2020-03-31
2020-03-03,VoluUtilDiarEner,7190657700,kWh,xm:servapibi,2026-09-22T19:11:16Z,xm/2020/03/VoluUtilDiarEner_Sistema.ndjson.gz#VoluUtilDiarEner:Sistema:2020-03-01:2020-03-31
2020-03-04,AporEner,67175800,kWh,xm:servapibi,2026-09-22T19:11:19Z,xm/2020/03/AporEner_Sistema.ndjson.gz#AporEner:Sistema:2020-03-01:2020-03-31
2020-03-04,AporEnerMediHist,109220000,kWh,xm:servapibi,2026-09-22T19:11:20Z,xm/2020/03/AporEnerMediHist_Sistema.ndjson.gz#AporEnerMediHist:Sistema:2020-03-01:2020-03-31
2020-03-04,CapaUtilDiarEner,16903898625,kWh,xm:servapibi,2026-09-22T19:11:18Z,xm/2020/03/CapaUtilDiarEner_Sistema.ndjson.gz#CapaUtilDiarEner:Sistema:2020-03-01:2020-03-31
2020-03-04,DemaSIN,215135776.65,kWh,xm:servapibi,2026-09-22T19:11:23Z,xm/2020/03/DemaSIN_Sistema.ndjson.gz#DemaSIN:Sistema:2020-03-01:2020-03-31
2020-03-04,PorcApor,0.61505,fraction,xm:servapibi,2026-09-22T19:11:21Z,xm/2020/03/PorcApor_Sistema.ndjson.gz#PorcApor:Sistema:2020-03-01:2020-03-31
2020-03-04,PorcVoluUtilDiar,0.42209,fraction,xm:servapibi,2026-09-22T19:11:15Z,xm/2020/03/PorcVoluUtilDiar_Sistema.ndjson.gz#PorcVoluUtilDiar:Sistema:2020-03-01:2020-03-31
2020-03-04,PrecBolsNaci,457.76035333333317,COP/kWh,xm:servapibi,2026-09-22T19:11:26Z,xm/2020/03/PrecBolsNaci_Sistema.ndjson.gz#PrecBolsNaci:Sistema:2020-03-01:2020-03-31
2020-03-04,PrecEscaAct,610.97227,COP/kWh,xm:servapibi,2026-09-22T19:11:24Z,xm/2020/03/PrecEscaAct_Sistema.ndjson.gz#PrecEscaAct:Sistema:2020-03-01:2020-03-31
2020-03-04,VoluUtilDiarEner,7134906800,kWh,xm:servapibi,2026-09-22T19:11:16Z,xm/2020/03/VoluUtilDiarEner_Sistema.ndjson.gz#VoluUtilDiarEner:Sistema:2020-03-01:2020-03-31
2020-03-05,AporEner,54989000,kWh,xm:servapibi,2026-09-22T19:11:19Z,xm/2020/03/AporEner_Sistema.ndjson.gz#AporEner:Sistema:2020-03-01:2020-03-31
2020-03-05,AporEnerMediHist,109220000,kWh,xm:servapibi,2026-09-22T19:11:20Z,xm/2020/03/AporEnerMediHist_Sistema.ndjson.gz#AporEnerMediHist:Sistema:2020-03-01:2020-03-31
2020-03-05,CapaUtilDiarEner,16903898625,kWh,xm:servapibi,2026-09-22T19:11:18Z,xm/2020/03/CapaUtilDiarEner_Sistema.ndjson.gz#CapaUtilDiarEner:Sistema:2020-03-01:2020-03-31
2020-03-05,DemaSIN,216132524.11,kWh,xm:servapibi,2026-09-22T19:11:23Z,xm/2020/03/DemaSIN_Sistema.ndjson.gz#DemaSIN:Sistema:2020-03-01:2020-03-31
2020-03-05,PorcApor,0.50347,fraction,xm:servapibi,2026-09-22T19:11:21Z,xm/2020/03/PorcApor_Sistema.ndjson.gz#PorcApor:Sistema:2020-03-01:2020-03-31
2020-03-05,PorcVoluUtilDiar,0.41707,fraction,xm:servapibi,2026-09-22T19:11:15Z,xm/2020/03/PorcVoluUtilDiar_Sistema.ndjson.gz#PorcVoluUtilDiar:Sistema:2020-03-01:2020-03-31
2020-03-05,PrecBolsNaci,446.78742333333344,COP/kWh,xm:servapibi,2026-09-22T19:11:26Z,xm/2020/03/PrecBolsNaci_Sistema.ndjson.gz#PrecBolsNaci:Sistema:2020-03-01:2020-03-31
2020-03-05,PrecEscaAct,610.97227,COP/kWh,xm:servapibi,2026-09-22T19:11:24Z,xm/2020/03/PrecEscaAct_Sistema.ndjson.gz#PrecEscaAct:Sistema:2020-03-01:2020-03-31
2020-03-05,VoluUtilDiarEner,7050169100,kWh,xm:servapibi,2026-09-22T19:11:16Z,xm/2020/03/VoluUtilDiarEner_Sistema.ndjson.gz#VoluUtilDiarEner:Sistema:2020-03-01:2020-03-31
2020-03-06,AporEner,55370100,kWh,xm:servapibi,2026-09-22T19:11:19Z,xm/2020/03/AporEner_Sistema.ndjson.gz#AporEner:Sistema:2020-03-01:2020-03-31
2020-03-06,AporEnerMediHist,109220000,kWh,xm:servapibi,2026-09-22T19:11:20Z,xm/2020/03/AporEnerMediHist_Sistema.ndjson.gz#AporEnerMediHist:Sistema:2020-03-01:2020-03-31
2020-03-06,CapaUtilDiarEner,16903898625,kWh,xm:servapibi,2026-09-22T19:11:18Z,xm/2020/03/CapaUtilDiarEner_Sistema.ndjson.gz#CapaUtilDiarEner:Sistema:2020-03-01:2020-03-31
2020-03-06,DemaSIN,216916220.13,kWh,xm:servapibi,2026-09-22T19:11:23Z,xm/2020/03/DemaSIN_Sistema.ndjson.gz#DemaSIN:Sistema:2020-03-01:2020-03-31
2020-03-06,PorcApor,0.50696,fraction,xm:servapibi,2026-09-22T19:11:21Z,xm/2020/03/PorcApor_Sistema.ndjson.gz#PorcApor:Sistema:2020-03-01:2020-03-31
2020-03-06,PorcVoluUtilDiar,0.41247,fraction,xm:servapibi,2026-09-22T19:11:15Z,xm/2020/03/PorcVoluUtilDiar_Sistema.ndjson.gz#PorcVoluUtilDiar:Sistema:2020-03-01:2020-03-31
2020-03-06,PrecBolsNaci,410.69964333333337,COP/kWh,xm:servapibi,2026-09-22T19:11:26Z,xm/2020/03/PrecBolsNaci_Sistema.ndjson.gz#PrecBolsNaci:Sistema:2020-03-01:2020-03-31
2020-03-06,PrecEscaAct,610.97227,COP/kWh,xm:servapibi,2026-09-22T19:11:24Z,xm/2020/03/PrecEscaAct_Sistema.ndjson.gz#PrecEscaAct:Sistema:2020-03-01:2020-03-31
2020-03-06,VoluUtilDiarEner,6972296100,kWh,xm:servapibi,2026-09-22T19:11:16Z,xm/2020/03/VoluUtilDiarEner_Sistema.ndjson.gz#VoluUtilDiarEner:Sistema:2020-03-01:2020-03-31
2020-03-07,AporEner,61419100,kWh,xm:servapibi,2026-09-22T19:11:19Z,xm/2020/03/AporEner_Sistema.ndjson.gz#AporEner:Sistema:2020-03-01:2020-03-31
2020-03-07,AporEnerMediHist,109220000,kWh,xm:servapibi,2026-09-22T19:11:20Z,xm/2020/03/AporEnerMediHist_Sistema.ndjson.gz#AporEnerMediHist:Sistema:2020-03-01:2020-03-31
2020-03-07,CapaUtilDiarEner,16903898625,kWh,xm:servapibi,2026-09-22T19:11:18Z,xm/2020/03/CapaUtilDiarEner_Sistema.ndjson.gz#CapaUtilDiarEner:Sistema:2020-03-01:2020-03-31
2020-03-07,DemaSIN,204165752.85,kWh,xm:servapibi,2026-09-22T19:11:23Z,xm/2020/03/DemaSIN_Sistema.ndjson.gz#DemaSIN:Sistema:2020-03-01:2020-03-31
2020-03-07,PorcApor,0.56234,fraction,xm:servapibi,2026-09-22T19:11:21Z,xm/2020/03/PorcApor_Sistema.ndjson.gz#PorcApor:Sistema:2020-03-01:2020-03-31
2020-03-07,PorcVoluUtilDiar,0.40947,fraction,xm:servapibi,2026-09-22T19:11:15Z,xm/2020/03/PorcVoluUtilDiar_Sistema.ndjson.gz#PorcVoluUtilDiar:Sistema:2020-03-01:2020-03-31
2020-03-07,PrecBolsNaci,361.3961133333335,COP/kWh,xm:servapibi,2026-09-22T19:11:26Z,xm/2020/03/PrecBolsNaci_Sistema.ndjson.gz#PrecBolsNaci:Sistema:2020-03-01:2020-03-31
2020-03-07,PrecEscaAct,610.97227,COP/kWh,xm:servapibi,2026-09-22T19:11:24Z,xm/2020/03/PrecEscaAct_Sistema.ndjson.gz#PrecEscaAct:Sistema:2020-03-01:2020-03-31
2020-03-07,VoluUtilDiarEner,6921633500,kWh,xm:servapibi,2026-09-22T19:11:16Z,xm/2020/03/VoluUtilDiarEner_Sistema.ndjson.gz#VoluUtilDiarEner:Sistema:2020-03-01:2020-03-31
2020-03-08,AporEner,55798800,kWh,xm:servapibi,2026-09-22T19:11:19Z,xm/2020/03/AporEner_Sistema.ndjson.gz#AporEner:Sistema:2020-03-01:2020-03-31
2020-03-08,AporEnerMediHist,109220000,kWh,xm:servapibi,2026-09-22T19:11:20Z,xm/2020/03/AporEnerMediHist_Sistema.ndjson.gz#AporEnerMediHist:Sistema:2020-03-01:2020-03-31
2020-03-08,CapaUtilDiarEner,16903898625,kWh,xm:servapibi,2026-09-22T19:11:18Z,xm/2020/03/CapaUtilDiarEner_Sistema.ndjson.gz#CapaUtilDiarEner:Sistema:2020-03-01:2020-03-31
2020-03-08,DemaSIN,182458765.69,kWh,xm:servapibi,2026-09-22T19:11:23Z,xm/2020/03/DemaSIN_Sistema.ndjson.gz#DemaSIN:Sistema:2020-03-01:2020-03-31
2020-03-08,PorcApor,0.51088,fraction,xm:servapibi,2026-09-22T19:11:21Z,xm/2020/03/PorcApor_Sistema.ndjson.gz#PorcApor:Sistema:2020-03-01:2020-03-31
2020-03-08,PorcVoluUtilDiar,0.40699,fraction,xm:servapibi,2026-09-22T19:11:15Z,xm/2020/03/PorcVoluUtilDiar_Sistema.ndjson.gz#PorcVoluUtilDiar:Sistema:2020-03-01:2020-03-31
2020-03-08,PrecBolsNaci,358.2725166666665,COP/kWh,xm:servapibi,2026-09-22T19:11:26Z,xm/2020/03/PrecBolsNaci_Sistema.ndjson.gz#PrecBolsNaci:Sistema:2020-03-01:2020-03-31
2020-03-08,PrecEscaAct,610.97227,COP/kWh,xm:servapibi,2026-09-22T19:11:24Z,xm/2020/03/PrecEscaAct_Sistema.ndjson.gz#PrecEscaAct:Sistema:2020-03-01:2020-03-31
2020-03-08,VoluUtilDiarEner,6879651400,kWh,xm:servapibi,2026-09-22T19:11:16Z,xm/2020/03/VoluUtilDiarEner_Sistema.ndjson.gz#VoluUtilDiarEner:Sistema:2020-03-01:2020-03-31
2020-03-09,AporEner,61948100,kWh,xm:servapibi,2026-09-22T19:11:19Z,xm/2020/03/AporEner_Sistema.ndjson.gz#AporEner:Sistema:2020-03-01:2020-03-31
2020-03-09,AporEnerMediHist,109220000,kWh,xm:servapibi,2026-09-22T19:11:20Z,xm/2020/03/AporEnerMediHist_Sistema.ndjson.gz#AporEnerMediHist:Sistema:2020-03-01:2020-03-31
2020-03-09,CapaUtilDiarEner,16894982194,kWh,xm:servapibi,2026-09-22T19:11:18Z,xm/2020/03/CapaUtilDiarEner_Sistema.ndjson.gz#CapaUtilDiarEner:Sistema:2020-03-01:2020-03-31
2020-03-09,DemaSIN,208255371.53,kWh,xm:servapibi,2026-09-22T19:11:23Z,xm/2020/03/DemaSIN_Sistema.ndjson.gz#DemaSIN:Sistema:2020-03-01:2020-03-31
2020-03-09,PorcApor,0.56719,fraction,xm:servapibi,2026-09-22T19:11:21Z,xm/2020/03/PorcApor_Sistema.ndjson.gz#PorcApor:Sistema:2020-03-01:2020-03-31
2020-03-09,PorcVoluUtilDiar,0.40389,fraction,xm:servapibi,2026-09-22T19:11:15Z,xm/2020/03/PorcVoluUtilDiar_Sistema.ndjson.gz#PorcVoluUtilDiar:Sistema:2020-03-01:2020-03-31
2020-03-09,PrecBolsNaci,351.11142666666643,COP/kWh,xm:servapibi,2026-09-22T19:11:26Z,xm/2020/03/PrecBolsNaci_Sistema.ndjson.gz#PrecBolsNaci:Sistema:2020-03-01:2020-03-31
2020-03-09,PrecEscaAct,610.97227,COP/kWh,xm:servapibi,2026-09-22T19:11:24Z,xm/2020/03/PrecEscaAct_Sistema.ndjson.gz#PrecEscaAct:Sistema:2020-03-01:2020-03-31
2020-03-09,VoluUtilDiarEner,6823697000,kWh,xm:servapibi,2026-09-22T19:11:16Z,xm/2020/03/VoluUtilDiarEner_Sistema.ndjson.gz#VoluUtilDiarEner:Sistema:2020-03-01:2020-03-31
2020-03-10,AporEner,71702200,kWh,xm:servapibi,2026-09-22T19:11:19Z,xm/2020/03/AporEner_Sistema.ndjson.gz#AporEner:Sistema:2020-03-01:2020-03-31
2020-03-10,AporEnerMediHist,109220000,kWh,xm:servapibi,2026-09-22T19:11:20Z,xm/2020/03/AporEnerMediHist_Sistema.ndjson.gz#AporEnerMediHist:Sistema:2020-03-01:2020-03-31
2020-03-10,CapaUtilDiarEner,16894982194,kWh,xm:servapibi,2026-09-22T19:11:18Z,xm/2020/03/CapaUtilDiarEner_Sistema.ndjson.gz#CapaUtilDiarEner:Sistema:2020-03-01:2020-03-31
2020-03-10,DemaSIN,212627388.14,kWh,xm:servapibi,2026-09-22T19:11:23Z,xm/2020/03/DemaSIN_Sistema.ndjson.gz#DemaSIN:Sistema:2020-03-01:2020-03-31
2020-03-10,PorcApor,0.65649,fraction,xm:servapibi,2026-09-22T19:11:21Z,xm/2020/03/PorcApor_Sistema.ndjson.gz#PorcApor:Sistema:2020-03-01:2020-03-31
2020-03-10,PorcVoluUtilDiar,0.39965,fraction,xm:servapibi,2026-09-22T19:11:15Z,xm/2020/03/PorcVoluUtilDiar_Sistema.ndjson.gz#PorcVoluUtilDiar:Sistema:2020-03-01:2020-03-31
2020-03-10,PrecBolsNaci,354.568245,COP/kWh,xm:servapibi,2026-09-22T19:11:26Z,xm/2020/03/PrecBolsNaci_Sistema.ndjson.gz#PrecBolsNaci:Sistema:2020-03-01:2020-03-31
2020-03-10,PrecEscaAct,610.97227,COP/kWh,xm:servapibi,2026-09-22T19:11:24Z,xm/2020/03/PrecEscaAct_Sistema.ndjson.gz#PrecEscaAct:Sistema:2020-03-01:2020-03-31
2020-03-10,VoluUtilDiarEner,6752149000,kWh,xm:servapibi,2026-09-22T19:11:16Z,xm/2020/03/VoluUtilDiarEner_Sistema.ndjson.gz#VoluUtilDiarEner:Sistema:2020-03-01:2020-03-31
2020-03-11,AporEner,91350500,kWh,xm:servapibi,2026-09-22T19:11:19Z,xm/2020/03/AporEner_Sistema.ndjson.gz#AporEner:Sistema:2020-03-01:2020-03-31
2020-03-11,AporEnerMediHist,109220000,kWh,xm:servapibi,2026-09-22T19:11:20Z,xm/2020/03/AporEnerMediHist_Sistema.ndjson.gz#AporEnerMediHist:Sistema:2020-03-01:2020-03-31
2020-03-11,CapaUtilDiarEner,16894982194,kWh,xm:servapibi,2026-09-22T19:11:18Z,xm/2020/03/CapaUtilDiarEner_Sistema.ndjson.gz#CapaUtilDiarEner:Sistema:2020-03-01:2020-03-31
2020-03-11,DemaSIN,210061453.51,kWh,xm:servapibi,2026-09-22T19:11:23Z,xm/2020/03/DemaSIN_Sistema.ndjson.gz#DemaSIN:Sistema:2020-03-01:2020-03-31
2020-03-11,PorcApor,0.83639,fraction,xm:servapibi,2026-09-22T19:11:21Z,xm/2020/03/PorcApor_Sistema.ndjson.gz#PorcApor:Sistema:2020-03-01:2020-03-31
2020-03-11,PorcVoluUtilDiar,0.39734,fraction,xm:servapibi,2026-09-22T19:11:15Z,xm/2020/03/PorcVoluUtilDiar_Sistema.ndjson.gz#PorcVoluUtilDiar:Sistema:2020-03-01:2020-03-31
2020-03-11,PrecBolsNaci,348.7454466666665,COP/kWh,xm:servapibi,2026-09-22T19:11:26Z,xm/2020/03/PrecBolsNaci_Sistema.ndjson.gz#PrecBolsNaci:Sistema:2020-03-01:2020-03-31
2020-03-11,PrecEscaAct,610.97227,COP/kWh,xm:servapibi,2026-09-22T19:11:24Z,xm/2020/03/PrecEscaAct_Sistema.ndjson.gz#PrecEscaAct:Sistema:2020-03-01:2020-03-31
2020-03-11,VoluUtilDiarEner,6713056900,kWh,xm:servapibi,2026-09-22T19:11:16Z,xm/2020/03/VoluUtilDiarEner_Sistema.ndjson.gz#VoluUtilDiarEner:Sistema:2020-03-01:2020-03-31
2020-03-12,AporEner,73337400,kWh,xm:servapibi,2026-09-22T19:11:19Z,xm/2020/03/AporEner_Sistema.ndjson.gz#AporEner:Sistema:2020-03-01:2020-03-31
2020-03-12,AporEnerMediHist,109220000,kWh,xm:servapibi,2026-09-22T19:11:20Z,xm/2020/03/AporEnerMediHist_Sistema.ndjson.gz#AporEnerMediHist:Sistema:2020-03-01:2020-03-31
2020-03-12,CapaUtilDiarEner,16894982194,kWh,xm:servapibi,2026-09-22T19:11:18Z,xm/2020/03/CapaUtilDiarEner_Sistema.ndjson.gz#CapaUtilDiarEner:Sistema:2020-03-01:2020-03-31
2020-03-12,DemaSIN,211008204.95,kWh,xm:servapibi,2026-09-22T19:11:23Z,xm/2020/03/DemaSIN_Sistema.ndjson.gz#DemaSIN:Sistema:2020-03-01:2020-03-31
2020-03-12,PorcApor,0.67146,fraction,xm:servapibi,2026-09-22T19:11:21Z,xm/2020/03/PorcApor_Sistema.ndjson.gz#PorcApor:Sistema:2020-03-01:2020-03-31
2020-03-12,PorcVoluUtilDiar,0.39446,fraction,xm:servapibi,2026-09-22T19:11:15Z,xm/2020/03/PorcVoluUtilDiar_Sistema.ndjson.gz#PorcVoluUtilDiar:Sistema:2020-03-01:2020-03-31
2020-03-12,PrecBolsNaci,338.25251333333324,COP/kWh,xm:servapibi,2026-09-22T19:11:26Z,xm/2020/03/PrecBolsNaci_Sistema.ndjson.gz#PrecBolsNaci:Sistema:2020-03-01:2020-03-31
2020-03-12,PrecEscaAct,610.97227,COP/kWh,xm:servapibi,2026-09-22T19:11:24Z,xm/2020/03/PrecEscaAct_Sistema.ndjson.gz#PrecEscaAct:Sistema:2020-03-01:2020-03-31
2020-03-12,VoluUtilDiarEner,6664465900,kWh,xm:servapibi,2026-09-22T19:11:16Z,xm/2020/03/VoluUtilDiarEner_Sistema.ndjson.gz#VoluUtilDiarEner:Sistema:2020-03-01:2020-03-31
2020-03-13,AporEner,77213200,kWh,xm:servapibi,2026-09-22T19:11:19Z,xm/2020/03/AporEner_Sistema.ndjson.gz#AporEner:Sistema:2020-03-01:2020-03-31
2020-03-13,AporEnerMediHist,109220000,kWh,xm:servapibi,2026-09-22T19:11:20Z,xm/2020/03/AporEnerMediHist_Sistema.ndjson.gz#AporEnerMediHist:Sistema:2020-03-01:2020-03-31
2020-03-13,CapaUtilDiarEner,16909827978,kWh,xm:servapibi,2026-09-22T19:11:18Z,xm/2020/03/CapaUtilDiarEner_Sistema.ndjson.gz#CapaUtilDiarEner:Sistema:2020-03-01:2020-03-31
2020-03-13,DemaSIN,209858686.32,kWh,xm:servapibi,2026-09-22T19:11:23Z,xm/2020/03/DemaSIN_Sistema.ndjson.gz#DemaSIN:Sistema:2020-03-01:2020-03-31
2020-03-13,PorcApor,0.70695,fraction,xm:servapibi,2026-09-22T19:11:21Z,xm/2020/03/PorcApor_Sistema.ndjson.gz#PorcApor:Sistema:2020-03-01:2020-03-31
2020-03-13,PorcVoluUtilDiar,0.3918,fraction,xm:servapibi,2026-09-22T19:11:15Z,xm/2020/03/PorcVoluUtilDiar_Sistema.ndjson.gz#PorcVoluUtilDiar:Sistema:2020-03-01:2020-03-31
2020-03-13,PrecBolsNaci,313.7437783333334,COP/kWh,xm:servapibi,2026-09-22T19:11:26Z,xm/2020/03/PrecBolsNaci_Sistema.ndjson.gz#PrecBolsNaci:Sistema:2020-03-01:2020-03-31
2020-03-13,PrecEscaAct,610.97227,COP/kWh,xm:servapibi,2026-09-22T19:11:24Z,xm/2020/03/PrecEscaAct_Sistema.ndjson.gz#PrecEscaAct:Sistema:2020-03-01:2020-03-31
2020-03-13,VoluUtilDiarEner,6625218100,kWh,xm:servapibi,2026-09-22T19:11:16Z,xm/2020/03/VoluUtilDiarEner_Sistema.ndjson.gz#VoluUtilDiarEner:Sistema:2020-03-01:2020-03-31
2020-03-14,AporEner,130672500,kWh,xm:servapibi,2026-09-22T19:11:19Z,xm/2020/03/AporEner_Sistema.ndjson.gz#AporEner:Sistema:2020-03-01:2020-03-31
2020-03-14,AporEnerMediHist,109220000,kWh,xm:servapibi,2026-09-22T19:11:20Z,xm/2020/03/AporEnerMediHist_Sistema.ndjson.gz#AporEnerMediHist:Sistema:2020-03-01:2020-03-31
2020-03-14,CapaUtilDiarEner,16909827978,kWh,xm:servapibi,2026-09-22T19:11:18Z,xm/2020/03/CapaUtilDiarEner_Sistema.ndjson.gz#CapaUtilDiarEner:Sistema:2020-03-01:2020-03-31
2020-03-14,DemaSIN,199219726.45,kWh,xm:servapibi,2026-09-22T19:11:23Z,xm/2020/03/DemaSIN_Sistema.ndjson.gz#DemaSIN:Sistema:2020-03-01:2020-03-31
2020-03-14,PorcApor,1.19642,fraction,xm:servapibi,2026-09-22T19:11:21Z,xm/2020/03/PorcApor_Sistema.ndjson.gz#PorcApor:Sistema:2020-03-01:2020-03-31
2020-03-14,PorcVoluUtilDiar,0.39124,fraction,xm:servapibi,2026-09-22T19:11:15Z,xm/2020/03/PorcVoluUtilDiar_Sistema.ndjson.gz#PorcVoluUtilDiar:Sistema:2020-03-01:2020-03-31
2020-03-14,PrecBolsNaci,299.9809833333334,COP/kWh,xm:servapibi,2026-09-22T19:11:26Z,xm/2020/03/PrecBolsNaci_Sistema.ndjson.gz#PrecBolsNaci:Sistema:2020-03-01:2020-03-31
2020-03-14,PrecEscaAct,610.97227,COP/kWh,xm:servapibi,2026-09-22T19:11:24Z,xm/2020/03/PrecEscaAct_Sistema.ndjson.gz#PrecEscaAct:Sistema:2020-03-01:2020-03-31
2020-03-14,VoluUtilDiarEner,6615865200,kWh,xm:servapibi,2026-09-22T19:11:16Z,xm/2020/03/VoluUtilDiarEner_Sistema.ndjson.gz#VoluUtilDiarEner:Sistema:2020-03-01:2020-03-31
2020-03-15,AporEner,105885200,kWh,xm:servapibi,2026-09-22T19:11:19Z,xm/2020/03/AporEner_Sistema.ndjson.gz#AporEner:Sistema:2020-03-01:2020-03-31
2020-03-15,AporEnerMediHist,109220000,kWh,xm:servapibi,2026-09-22T19:11:20Z,xm/2020/03/AporEnerMediHist_Sistema.ndjson.gz#AporEnerMediHist:Sistema:2020-03-01:2020-03-31
2020-03-15,CapaUtilDiarEner,16909827978,kWh,xm:servapibi,2026-09-22T19:11:18Z,xm/2020/03/CapaUtilDiarEner_Sistema.ndjson.gz#CapaUtilDiarEner:Sistema:2020-03-01:2020-03-31
2020-03-15,DemaSIN,182316657.82,kWh,xm:servapibi,2026-09-22T19:11:23Z,xm/2020/03/DemaSIN_Sistema.ndjson.gz#DemaSIN:Sistema:2020-03-01:2020-03-31
2020-03-15,PorcApor,0.96947,fraction,xm:servapibi,2026-09-22T19:11:21Z,xm/2020/03/PorcApor_Sistema.ndjson.gz#PorcApor:Sistema:2020-03-01:2020-03-31
2020-03-15,PorcVoluUtilDiar,0.39046,fraction,xm:servapibi,2026-09-22T19:11:15Z,xm/2020/03/PorcVoluUtilDiar_Sistema.ndjson.gz#PorcVoluUtilDiar:Sistema:2020-03-01:2020-03-31
2020-03-15,PrecBolsNaci,281.9323200000001,COP/kWh,xm:servapibi,2026-09-22T19:11:26Z,xm/2020/03/PrecBolsNaci_Sistema.ndjson.gz#PrecBolsNaci:Sistema:2020-03-01:2020-03-31
2020-03-15,PrecEscaAct,610.97227,COP/kWh,xm:servapibi,2026-09-22T19:11:24Z,xm/2020/03/PrecEscaAct_Sistema.ndjson.gz#PrecEscaAct:Sistema:2020-03-01:2020-03-31
2020-03-15,VoluUtilDiarEner,6602628700,kWh,xm:servapibi,2026-09-22T19:11:16Z,xm/2020/03/VoluUtilDiarEner_Sistema.ndjson.gz#VoluUtilDiarEner:Sistema:2020-03-01:2020-03-31
2020-03-16,AporEner,98102000,kWh,xm:servapibi,2026-09-22T19:11:19Z,xm/2020/03/AporEner_Sistema.ndjson.gz#AporEner:Sistema:2020-03-01:2020-03-31
2020-03-16,AporEnerMediHist,109220000,kWh,xm:servapibi,2026-09-22T19:11:20Z,xm/2020/03/AporEnerMediHist_Sistema.ndjson.gz#AporEnerMediHist:Sistema:2020-03-01:2020-03-31
2020-03-16,CapaUtilDiarEner,16909827978,kWh,xm:servapibi,2026-09-22T19:11:18Z,xm/2020/03/CapaUtilDiarEner_Sistema.ndjson.gz#CapaUtilDiarEner:Sistema:2020-03-01:2020-03-31
2020-03-16,DemaSIN,206674136.34,kWh,xm:servapibi,2026-09-22T19:11:23Z,xm/2020/03/DemaSIN_Sistema.ndjson.gz#DemaSIN:Sistema:2020-03-01:2020-03-31
2020-03-16,PorcApor,0.89821,fraction,xm:servapibi,2026-09-22T19:11:21Z,xm/2020/03/PorcApor_Sistema.ndjson.gz#PorcApor:Sistema:2020-03-01:2020-03-31
2020-03-16,PorcVoluUtilDiar,0.38761,fraction,xm:servapibi,2026-09-22T19:11:15Z,xm/2020/03/PorcVoluUtilDiar_Sistema.ndjson.gz#PorcVoluUtilDiar:Sistema:2020-03-01:2020-03-31
2020-03-16,PrecBolsNaci,316.54549500000013,COP/kWh,xm:servapibi,2026-09-22T19:11:26Z,xm/2020/03/PrecBolsNaci_Sistema.ndjson.gz#PrecBolsNaci:Sistema:2020-03-01:2020-03-31
2020-03-16,PrecEscaAct,610.97227,COP/kWh,xm:servapibi,2026-09-22T19:11:24Z,xm/2020/03/PrecEscaAct_Sistema.ndjson.gz#PrecEscaAct:Sistema:2020-03-01:2020-03-31
2020-03-16,VoluUtilDiarEner,6554337200,kWh,xm:servapibi,2026-09-22T19:11:16Z,xm/2020/03/VoluUtilDiarEner_Sistema.ndjson.gz#VoluUtilDiarEner:Sistema:2020-03-01:2020-03-31
2020-03-17,AporEner,100658900,kWh,xm:servapibi,2026-09-22T19:11:19Z,xm/2020/03/AporEner_Sistema.ndjson.gz#AporEner:Sistema:2020-03-01:2020-03-31
2020-03-17,AporEnerMediHist,109220000,kWh,xm:servapibi,2026-09-22T19:11:20Z,xm/2020/03/AporEnerMediHist_Sistema.ndjson.gz#AporEnerMediHist:Sistema:2020-03-01:2020-03-31
2020-03-17,CapaUtilDiarEner,16909827978,kWh,xm:servapibi,2026-09-22T19:11:18Z,xm/2020/03/CapaUtilDiarEner_Sistema.ndjson.gz#CapaUtilDiarEner:Sistema:2020-03-01:2020-03-31
2020-03-17,DemaSIN,205345715.73,kWh,xm:servapibi,2026-09-22T19:11:23Z,xm/2020/03/DemaSIN_Sistema.ndjson.gz#DemaSIN:Sistema:2020-03-01:2020-03-31
2020-03-17,PorcApor,0.92162,fraction,xm:servapibi,2026-09-22T19:11:21Z,xm/2020/03/PorcApor_Sistema.ndjson.gz#PorcApor:Sistema:2020-03-01:2020-03-31
2020-03-17,PorcVoluUtilDiar,0.38494,fraction,xm:servapibi,2026-09-22T19:11:15Z,xm/2020/03/PorcVoluUtilDiar_Sistema.ndjson.gz#PorcVoluUtilDiar:Sistema:2020-03-01:2020-03-31
2020-03-17,PrecBolsNaci,340.94613166666653,COP/kWh,xm:servapibi,2026-09-22T19:11:26Z,xm/2020/03/PrecBolsNaci_Sistema.ndjson.gz#PrecBolsNaci:Sistema:2020-03-01:2020-03-31
2020-03-17,PrecEscaAct,610.97227,COP/kWh,xm:servapibi,2026-09-22T19:11:24Z,xm/2020/03/PrecEscaAct_Sistema.ndjson.gz#PrecEscaAct:Sistema:2020-03-01:2020-03-31
2020-03-17,VoluUtilDiarEner,6509283100,kWh,xm:servapibi,2026-09-22T19:11:16Z,xm/2020/03/VoluUtilDiarEner_Sistema.ndjson.gz#VoluUtilDiarEner:Sistema:2020-03-01:2020-03-31
2020-03-18,AporEner,83358900,kWh,xm:servapibi,2026-09-22T19:11:19Z,xm/2020/03/AporEner_Sistema.ndjson.gz#AporEner:Sistema:2020-03-01:2020-03-31
2020-03-18,AporEnerMediHist,109220000,kWh,xm:servapibi,2026-09-22T19:11:20Z,xm/2020/03/AporEnerMediHist_Sistema.ndjson.gz#AporEnerMediHist:Sistema:2020-03-01:2020-03-31
2020-03-18,CapaUtilDiarEner,16909827978,kWh,xm:servapibi,2026-09-22T19:11:18Z,xm/2020/03/CapaUtilDiarEner_Sistema.ndjson.gz#CapaUtilDiarEner:Sistema:2020-03-01:2020-03-31
2020-03-18,DemaSIN,204881483.7,kWh,xm:servapibi,2026-09-22T19:11:23Z,xm/2020/03/DemaSIN_Sistema.ndjson.gz#DemaSIN:Sistema:2020-03-01:2020-03-31
2020-03-18,PorcApor,0.76322,fraction,xm:servapibi,2026-09-22T19:11:21Z,xm/2020/03/PorcApor_Sistema.ndjson.gz#PorcApor:Sistema:2020-03-01:2020-03-31
2020-03-18,PorcVoluUtilDiar,0.38192,fraction,xm:servapibi,2026-09-22T19:11:15Z,xm/2020/03/PorcVoluUtilDiar_Sistema.ndjson.gz#PorcVoluUtilDiar:Sistema:2020-03-01:2020-03-31
2020-03-18,PrecBolsNaci,361.4554283333334,COP/kWh,xm:servapibi,2026-09-22T19:11:26Z,xm/2020/03/PrecBolsNaci_Sistema.ndjson.gz#PrecBolsNaci:Sistema:2020-03-01:2020-03-31
2020-03-18,PrecEscaAct,610.97227,COP/kWh,xm:servapibi,2026-09-22T19:11:24Z,xm/2020/03/PrecEscaAct_Sistema.ndjson.gz#PrecEscaAct:Sistema:2020-03-01:2020-03-31
2020-03-18,VoluUtilDiarEner,6458166300,kWh,xm:servapibi,2026-09-22T19:11:16Z,xm/2020/03/VoluUtilDiarEner_Sistema.ndjson.gz#VoluUtilDiarEner:Sistema:2020-03-01:2020-03-31
2020-03-19,AporEner,80686900,kWh,xm:servapibi,2026-09-22T19:11:19Z,xm/2020/03/AporEner_Sistema.ndjson.gz#AporEner:Sistema:2020-03-01:2020-03-31
2020-03-19,AporEnerMediHist,109220000,kWh,xm:servapibi,2026-09-22T19:11:20Z,xm/2020/03/AporEnerMediHist_Sistema.ndjson.gz#AporEnerMediHist:Sistema:2020-03-01:2020-03-31
2020-03-19,CapaUtilDiarEner,16909827978,kWh,xm:servapibi,2026-09-22T19:11:18Z,xm/2020/03/CapaUtilDiarEner_Sistema.ndjson.gz#CapaUtilDiarEner:Sistema:2020-03-01:2020-03-31
2020-03-19,DemaSIN,205747362.97,kWh,xm:servapibi,2026-09-22T19:11:23Z,xm/2020/03/DemaSIN_Sistema.ndjson.gz#DemaSIN:Sistema:2020-03-01:2020-03-31
2020-03-19,PorcApor,0.73876,fraction,xm:servapibi,2026-09-22T19:11:21Z,xm/2020/03/PorcApor_Sistema.ndjson.gz#PorcApor:Sistema:2020-03-01:2020-03-31
2020-03-19,PorcVoluUtilDiar,0.37861,fraction,xm:servapibi,2026-09-22T19:11:15Z,xm/2020/03/PorcVoluUtilDiar_Sistema.ndjson.gz#PorcVoluUtilDiar:Sistema:2020-03-01:2020-03-31
2020-03-19,PrecBolsNaci,370.7794299999999,COP/kWh,xm:servapibi,2026-09-22T19:11:26Z,xm/2020/03/PrecBolsNaci_Sistema.ndjson.gz#PrecBolsNaci:Sistema:2020-03-01:2020-03-31
2020-03-19,PrecEscaAct,610.97227,COP/kWh,xm:servapibi,2026-09-22T19:11:24Z,xm/2020/03/PrecEscaAct_Sistema.ndjson.gz#PrecEscaAct:Sistema:2020-03-01:2020-03-31
2020-03-19,VoluUtilDiarEner,6402269900,kWh,xm:servapibi,2026-09-22T19:11:16Z,xm/2020/03/VoluUtilDiarEner_Sistema.ndjson.gz#VoluUtilDiarEner:Sistema:2020-03-01:2020-03-31
2020-03-20,AporEner,74533000,kWh,xm:servapibi,2026-09-22T19:11:19Z,xm/2020/03/AporEner_Sistema.ndjson.gz#AporEner:Sistema:2020-03-01:2020-03-31
2020-03-20,AporEnerMediHist,109220000,kWh,xm:servapibi,2026-09-22T19:11:20Z,xm/2020/03/AporEnerMediHist_Sistema.ndjson.gz#AporEnerMediHist:Sistema:2020-03-01:2020-03-31
2020-03-20,CapaUtilDiarEner,16909827978,kWh,xm:servapibi,2026-09-22T19:11:18Z,xm/2020/03/CapaUtilDiarEner_Sistema.ndjson.gz#CapaUtilDiarEner:Sistema:2020-03-01:2020-03-31
2020-03-20,DemaSIN,191784406.21,kWh,xm:servapibi,2026-09-22T19:11:23Z,xm/2020/03/DemaSIN_Sistema.ndjson.gz#DemaSIN:Sistema:2020-03-01:2020-03-31
2020-03-20,PorcApor,0.68241,fraction,xm:servapibi,2026-09-22T19:11:21Z,xm/2020/03/PorcApor_Sistema.ndjson.gz#PorcApor:Sistema:2020-03-01:2020-03-31
2020-03-20,PorcVoluUtilDiar,0.37635,fraction,xm:servapibi,2026-09-22T19:11:15Z,xm/2020/03/PorcVoluUtilDiar_Sistema.ndjson.gz#PorcVoluUtilDiar:Sistema:2020-03-01:2020-03-31
2020-03-20,PrecBolsNaci,371.31010666666674,COP/kWh,xm:servapibi,2026-09-22T19:11:26Z,xm/2020/03/PrecBolsNaci_Sistema.ndjson.gz#PrecBolsNaci:Sistema:2020-03-01:2020-03-31
2020-03-20,PrecEscaAct,610.97227,COP/kWh,xm:servapibi,2026-09-22T19:11:24Z,xm/2020/03/PrecEscaAct_Sistema.ndjson.gz#PrecEscaAct:Sistema:2020-03-01:2020-03-31
2020-03-20,VoluUtilDiarEner,6364029600,kWh,xm:servapibi,2026-09-22T19:11:16Z,xm/2020/03/VoluUtilDiarEner_Sistema.ndjson.gz#VoluUtilDiarEner:Sistema:2020-03-01:2020-03-31
2020-03-21,AporEner,71023200,kWh,xm:servapibi,2026-09-22T19:11:19Z,xm/2020/03/AporEner_Sistema.ndjson.gz#AporEner:Sistema:2020-03-01:2020-03-31
2020-03-21,AporEnerMediHist,109220000,kWh,xm:servapibi,2026-09-22T19:11:20Z,xm/2020/03/AporEnerMediHist_Sistema.ndjson.gz#AporEnerMediHist:Sistema:2020-03-01:2020-03-31
2020-03-21,CapaUtilDiarEner,16909827978,kWh,xm:servapibi,2026-09-22T19:11:18Z,xm/2020/03/CapaUtilDiarEner_Sistema.ndjson.gz#CapaUtilDiarEner:Sistema:2020-03-01:2020-03-31
2020-03-21,DemaSIN,175859490.87,kWh,xm:servapibi,2026-09-22T19:11:23Z,xm/2020/03/DemaSIN_Sistema.ndjson.gz#DemaSIN:Sistema:2020-03-01:2020-03-31
2020-03-21,PorcApor,0.65028,fraction,xm:servapibi,2026-09-22T19:11:21Z,xm/2020/03/PorcApor_Sistema.ndjson.gz#PorcApor:Sistema:2020-03-01:2020-03-31
2020-03-21,PorcVoluUtilDiar,0.37337,fraction,xm:servapibi,2026-09-22T19:11:15Z,xm/2020/03/PorcVoluUtilDiar_Sistema.ndjson.gz#PorcVoluUtilDiar:Sistema:2020-03-01:2020-03-31
2020-03-21,PrecBolsNaci,345.6096933333333,COP/kWh,xm:servapibi,2026-09-22T19:11:26Z,xm/2020/03/PrecBolsNaci_Sistema.ndjson.gz#PrecBolsNaci:Sistema:2020-03-01:2020-03-31
2020-03-21,PrecEscaAct,610.97227,COP/kWh,xm:servapibi,2026-09-22T19:11:24Z,xm/2020/03/PrecEscaAct_Sistema.ndjson.gz#PrecEscaAct:Sistema:2020-03-01:2020-03-31
2020-03-21,VoluUtilDiarEner,6313646700,kWh,xm:servapibi,2026-09-22T19:11:16Z,xm/2020/03/VoluUtilDiarEner_Sistema.ndjson.gz#VoluUtilDiarEner:Sistema:2020-03-01:2020-03-31
2020-03-22,AporEner,61870900,kWh,xm:servapibi,2026-09-22T19:11:19Z,xm/2020/03/AporEner_Sistema.ndjson.gz#AporEner:Sistema:2020-03-01:2020-03-31
2020-03-22,AporEnerMediHist,109220000,kWh,xm:servapibi,2026-09-22T19:11:20Z,xm/2020/03/AporEnerMediHist_Sistema.ndjson.gz#AporEnerMediHist:Sistema:2020-03-01:2020-03-31
2020-03-22,CapaUtilDiarEner,16909827978,kWh,xm:servapibi,2026-09-22T19:11:18Z,xm/2020/03/CapaUtilDiarEner_Sistema.ndjson.gz#CapaUtilDiarEner:Sistema:2020-03-01:2020-03-31
2020-03-22,DemaSIN,167207727.83,kWh,xm:servapibi,2026-09-22T19:11:23Z,xm/2020/03/DemaSIN_Sistema.ndjson.gz#DemaSIN:Sistema:2020-03-01:2020-03-31
2020-03-22,PorcApor,0.56648,fraction,xm:servapibi,2026-09-22T19:11:21Z,xm/2020/03/PorcApor_Sistema.ndjson.gz#PorcApor:Sistema:2020-03-01:2020-03-31
2020-03-22,PorcVoluUtilDiar,0.37114,fraction,xm:servapibi,2026-09-22T19:11:15Z,xm/2020/03/PorcVoluUtilDiar_Sistema.ndjson.gz#PorcVoluUtilDiar:Sistema:2020-03-01:2020-03-31
2020-03-22,PrecBolsNaci,348.43534500000004,COP/kWh,xm:servapibi,2026-09-22T19:11:26Z,xm/2020/03/PrecBolsNaci_Sistema.ndjson.gz#PrecBolsNaci:Sistema:2020-03-01:2020-03-31
2020-03-22,PrecEscaAct,610.97227,COP/kWh,xm:servapibi,2026-09-22T19:11:24Z,xm/2020/03/PrecEscaAct_Sistema.ndjson.gz#PrecEscaAct:Sistema:2020-03-01:2020-03-31
2020-03-22,VoluUtilDiarEner,6275856000,kWh,xm:servapibi,2026-09-22T19:11:16Z,xm/2020/03/VoluUtilDiarEner_Sistema.ndjson.gz#VoluUtilDiarEner:Sistema:2020-03-01:2020-03-31
2020-03-23,AporEner,62344000,kWh,xm:servapibi,2026-09-22T19:11:19Z,xm/2020/03/AporEner_Sistema.ndjson.gz#AporEner:Sistema:2020-03-01:2020-03-31
2020-03-23,AporEnerMediHist,109220000,kWh,xm:servapibi,2026-09-22T19:11:20Z,xm/2020/03/AporEnerMediHist_Sistema.ndjson.gz#AporEnerMediHist:Sistema:2020-03-01:2020-03-31
2020-03-23,CapaUtilDiarEner,16909827978,kWh,xm:servapibi,2026-09-22T19:11:18Z,xm/2020/03/CapaUtilDiarEner_Sistema.ndjson.gz#CapaUtilDiarEner:Sistema:2020-03-01:2020-03-31
2020-03-23,DemaSIN,171057900.63,kWh,xm:servapibi,2026-09-22T19:11:23Z,xm/2020/03/DemaSIN_Sistema.ndjson.gz#DemaSIN:Sistema:2020-03-01:2020-03-31
2020-03-23,PorcApor,0.57081,fraction,xm:servapibi,2026-09-22T19:11:21Z,xm/2020/03/PorcApor_Sistema.ndjson.gz#PorcApor:Sistema:2020-03-01:2020-03-31
2020-03-23,PorcVoluUtilDiar,0.36729,fraction,xm:servapibi,2026-09-22T19:11:15Z,xm/2020/03/PorcVoluUtilDiar_Sistema.ndjson.gz#PorcVoluUtilDiar:Sistema:2020-03-01:2020-03-31
2020-03-23,PrecBolsNaci,349.54916833333317,COP/kWh,xm:servapibi,2026-09-22T19:11:26Z,xm/2020/03/PrecBolsNaci_Sistema.ndjson.gz#PrecBolsNaci:Sistema:2020-03-01:2020-03-31
2020-03-23,PrecEscaAct,610.97227,COP/kWh,xm:servapibi,2026-09-22T19:11:24Z,xm/2020/03/PrecEscaAct_Sistema.ndjson.gz#PrecEscaAct:Sistema:2020-03-01:2020-03-31
2020-03-23,VoluUtilDiarEner,6210783500,kWh,xm:servapibi,2026-09-22T19:11:16Z,xm/2020/03/VoluUtilDiarEner_Sistema.ndjson.gz#VoluUtilDiarEner:Sistema:2020-03-01:2020-03-31
2020-03-24,AporEner,61616700,kWh,xm:servapibi,2026-09-22T19:11:19Z,xm/2020/03/AporEner_Sistema.ndjson.gz#AporEner:Sistema:2020-03-01:2020-03-31
2020-03-24,AporEnerMediHist,109220000,kWh,xm:servapibi,2026-09-22T19:11:20Z,xm/2020/03/AporEnerMediHist_Sistema.ndjson.gz#AporEnerMediHist:Sistema:2020-03-01:2020-03-31
2020-03-24,CapaUtilDiarEner,16909827978,kWh,xm:servapibi,2026-09-22T19:11:18Z,xm/2020/03/CapaUtilDiarEner_Sistema.ndjson.gz#CapaUtilDiarEner:Sistema:2020-03-01:2020-03-31
2020-03-24,DemaSIN,179073157.14,kWh,xm:servapibi,2026-09-22T19:11:23Z,xm/2020/03/DemaSIN_Sistema.ndjson.gz#DemaSIN:Sistema:2020-03-01:2020-03-31
2020-03-24,PorcApor,0.56415,fraction,xm:servapibi,2026-09-22T19:11:21Z,xm/2020/03/PorcApor_Sistema.ndjson.gz#PorcApor:Sistema:2020-03-01:2020-03-31
2020-03-24,PorcVoluUtilDiar,0.3639,fraction,xm:servapibi,2026-09-22T19:11:15Z,xm/2020/03/PorcVoluUtilDiar_Sistema.ndjson.gz#PorcVoluUtilDiar:Sistema:2020-03-01:2020-03-31
2020-03-24,PrecBolsNaci,361.9750833333332,COP/kWh,xm:servapibi,2026-09-22T19:11:26Z,xm/2020/03/PrecBolsNaci_Sistema.ndjson.gz#PrecBolsNaci:Sistema:2020-03-01:2020-03-31
2020-03-24,PrecEscaAct,610.97227,COP/kWh,xm:servapibi,2026-09-22T19:11:24Z,xm/2020/03/PrecEscaAct_Sistema.ndjson.gz#PrecEscaAct:Sistema:2020-03-01:2020-03-31
2020-03-24,VoluUtilDiarEner,6153406200,kWh,xm:servapibi,2026-09-22T19:11:16Z,xm/2020/03/VoluUtilDiarEner_Sistema.ndjson.gz#VoluUtilDiarEner:Sistema:2020-03-01:2020-03-31
2020-03-25,AporEner,66773500,kWh,xm:servapibi,2026-09-22T19:11:19Z,xm/2020/03/AporEner_Sistema.ndjson.gz#AporEner:Sistema:2020-03-01:2020-03-31
2020-03-25,AporEnerMediHist,109220000,kWh,xm:servapibi,2026-09-22T19:11:20Z,xm/2020/03/AporEnerMediHist_Sistema.ndjson.gz#AporEnerMediHist:Sistema:2020-03-01:2020-03-31
2020-03-25,CapaUtilDiarEner,16909827978,kWh,xm:servapibi,2026-09-22T19:11:18Z,xm/2020/03/CapaUtilDiarEner_Sistema.ndjson.gz#CapaUtilDiarEner:Sistema:2020-03-01:2020-03-31
2020-03-25,DemaSIN,175219843.46,kWh,xm:servapibi,2026-09-22T19:11:23Z,xm/2020/03/DemaSIN_Sistema.ndjson.gz#DemaSIN:Sistema:2020-03-01:2020-03-31
2020-03-25,PorcApor,0.61137,fraction,xm:servapibi,2026-09-22T19:11:21Z,xm/2020/03/PorcApor_Sistema.ndjson.gz#PorcApor:Sistema:2020-03-01:2020-03-31
2020-03-25,PorcVoluUtilDiar,0.36123,fraction,xm:servapibi,2026-09-22T19:11:15Z,xm/2020/03/PorcVoluUtilDiar_Sistema.ndjson.gz#PorcVoluUtilDiar:Sistema:2020-03-01:2020-03-31
2020-03-25,PrecBolsNaci,339.4010166666666,COP/kWh,xm:servapibi,2026-09-22T19:11:26Z,xm/2020/03/PrecBolsNaci_Sistema.ndjson.gz#PrecBolsNaci:Sistema:2020-03-01:2020-03-31
2020-03-25,PrecEscaAct,610.97227,COP/kWh,xm:servapibi,2026-09-22T19:11:24Z,xm/2020/03/PrecEscaAct_Sistema.ndjson.gz#PrecEscaAct:Sistema:2020-03-01:2020-03-31
2020-03-25,VoluUtilDiarEner,6108396500,kWh,xm:servapibi,2026-09-22T19:11:16Z,xm/2020/03/VoluUtilDiarEner_Sistema.ndjson.gz#VoluUtilDiarEner:Sistema:2020-03-01:2020-03-31
2020-03-26,AporEner,67472600,kWh,xm:servapibi,2026-09-22T19:11:19Z,xm/2020/03/AporEner_Sistema.ndjson.gz#AporEner:Sistema:2020-03-01:2020-03-31
2020-03-26,AporEnerMediHist,109220000,kWh,xm:servapibi,2026-09-22T19:11:20Z,xm/2020/03/AporEnerMediHist_Sistema.ndjson.gz#AporEnerMediHist:Sistema:2020-03-01:2020-03-31
2020-03-26,CapaUtilDiarEner,16909827978,kWh,xm:servapibi,2026-09-22T19:11:18Z,xm/2020/03/CapaUtilDiarEner_Sistema.ndjson.gz#CapaUtilDiarEner:Sistema:2020-03-01:2020-03-31
2020-03-26,DemaSIN,176307149.03,kWh,xm:servapibi,2026-09-22T19:11:23Z,xm/2020/03/DemaSIN_Sistema.ndjson.gz#DemaSIN:Sistema:2020-03-01:2020-03-31
2020-03-26,PorcApor,0.61777,fraction,xm:servapibi,2026-09-22T19:11:21Z,xm/2020/03/PorcApor_Sistema.ndjson.gz#PorcApor:Sistema:2020-03-01:2020-03-31
2020-03-26,PorcVoluUtilDiar,0.35861,fraction,xm:servapibi,2026-09-22T19:11:15Z,xm/2020/03/PorcVoluUtilDiar_Sistema.ndjson.gz#PorcVoluUtilDiar:Sistema:2020-03-01:2020-03-31
2020-03-26,PrecBolsNaci,321.61852500000015,COP/kWh,xm:servapibi,2026-09-22T19:11:26Z,xm/2020/03/PrecBolsNaci_Sistema.ndjson.gz#PrecBolsNaci:Sistema:2020-03-01:2020-03-31
2020-03-26,PrecEscaAct,610.97227,COP/kWh,xm:servapibi,2026-09-22T19:11:24Z,xm/2020/03/PrecEscaAct_Sistema.ndjson.gz#PrecEscaAct:Sistema:2020-03-01:2020-03-31
2020-03-26,VoluUtilDiarEner,6064013500,kWh,xm:servapibi,2026-09-22T19:11:16Z,xm/2020/03/VoluUtilDiarEner_Sistema.ndjson.gz#VoluUtilDiarEner:Sistema:2020-03-01:2020-03-31
2020-03-27,AporEner,64527600,kWh,xm:servapibi,2026-09-22T19:11:19Z,xm/2020/03/AporEner_Sistema.ndjson.gz#AporEner:Sistema:2020-03-01:2020-03-31
2020-03-27,AporEnerMediHist,109220000,kWh,xm:servapibi,2026-09-22T19:11:20Z,xm/2020/03/AporEnerMediHist_Sistema.ndjson.gz#AporEnerMediHist:Sistema:2020-03-01:2020-03-31
2020-03-27,CapaUtilDiarEner,16909827978,kWh,xm:servapibi,2026-09-22T19:11:18Z,xm/2020/03/CapaUtilDiarEner_Sistema.ndjson.gz#CapaUtilDiarEner:Sistema:2020-03-01:2020-03-31
2020-03-27,DemaSIN,176227417.8,kWh,xm:servapibi,2026-09-22T19:11:23Z,xm/2020/03/DemaSIN_Sistema.ndjson.gz#DemaSIN:Sistema:2020-03-01:2020-03-31
2020-03-27,PorcApor,0.5908,fraction,xm:servapibi,2026-09-22T19:11:21Z,xm/2020/03/PorcApor_Sistema.ndjson.gz#PorcApor:Sistema:2020-03-01:2020-03-31
2020-03-27,PorcVoluUtilDiar,0.35523,fraction,xm:servapibi,2026-09-22T19:11:15Z,xm/2020/03/PorcVoluUtilDiar_Sistema.ndjson.gz#PorcVoluUtilDiar:Sistema:2020-03-01:2020-03-31
2020-03-27,PrecBolsNaci,272.4028383333335,COP/kWh,xm:servapibi,2026-09-22T19:11:26Z,xm/2020/03/PrecBolsNaci_Sistema.ndjson.gz#PrecBolsNaci:Sistema:2020-03-01:2020-03-31
2020-03-27,PrecEscaAct,610.97227,COP/kWh,xm:servapibi,2026-09-22T19:11:24Z,xm/2020/03/PrecEscaAct_Sistema.ndjson.gz#PrecEscaAct:Sistema:2020-03-01:2020-03-31
2020-03-27,VoluUtilDiarEner,6006924000,kWh,xm:servapibi,2026-09-22T19:11:16Z,xm/2020/03/VoluUtilDiarEner_Sistema.ndjson.gz#VoluUtilDiarEner:Sistema:2020-03-01:2020-03-31
2020-03-28,AporEner,75053500,kWh,xm:servapibi,2026-09-22T19:11:19Z,xm/2020/03/AporEner_Sistema.ndjson.gz#AporEner:Sistema:2020-03-01:2020-03-31
2020-03-28,AporEnerMediHist,109220000,kWh,xm:servapibi,2026-09-22T19:11:20Z,xm/2020/03/AporEnerMediHist_Sistema.ndjson.gz#AporEnerMediHist:Sistema:2020-03-01:2020-03-31
2020-03-28,CapaUtilDiarEner,16909827978,kWh,xm:servapibi,2026-09-22T19:11:18Z,xm/2020/03/CapaUtilDiarEner_Sistema.ndjson.gz#CapaUtilDiarEner:Sistema:2020-03-01:2020-03-31
2020-03-28,DemaSIN,172529200.33,kWh,xm:servapibi,2026-09-22T19:11:23Z,xm/2020/03/DemaSIN_Sistema.ndjson.gz#DemaSIN:Sistema:2020-03-01:2020-03-31
2020-03-28,PorcApor,0.68718,fraction,xm:servapibi,2026-09-22T19:11:21Z,xm/2020/03/PorcApor_Sistema.ndjson.gz#PorcApor:Sistema:2020-03-01:2020-03-31
2020-03-28,PorcVoluUtilDiar,0.35229,fraction,xm:servapibi,2026-09-22T19:11:15Z,xm/2020/03/PorcVoluUtilDiar_Sistema.ndjson.gz#PorcVoluUtilDiar:Sistema:2020-03-01:2020-03-31
2020-03-28,PrecBolsNaci,232.99689333333333,COP/kWh,xm:servapibi,2026-09-22T19:11:26Z,xm/2020/03/PrecBolsNaci_Sistema.ndjson.gz#PrecBolsNaci:Sistema:2020-03-01:2020-03-31
2020-03-28,PrecEscaAct,610.97227,COP/kWh,xm:servapibi,2026-09-22T19:11:24Z,xm/2020/03/PrecEscaAct_Sistema.ndjson.gz#PrecEscaAct:Sistema:2020-03-01:2020-03-31
2020-03-28,VoluUtilDiarEner,5957191400,kWh,xm:servapibi,2026-09-22T19:11:16Z,xm/2020/03/VoluUtilDiarEner_Sistema.ndjson.gz#VoluUtilDiarEner:Sistema:2020-03-01:2020-03-31
2020-03-29,AporEner,81772500,kWh,xm:servapibi,2026-09-22T19:11:19Z,xm/2020/03/AporEner_Sistema.ndjson.gz#AporEner:Sistema:2020-03-01:2020-03-31
2020-03-29,AporEnerMediHist,109220000,kWh,xm:servapibi,2026-09-22T19:11:20Z,xm/2020/03/AporEnerMediHist_Sistema.ndjson.gz#AporEnerMediHist:Sistema:2020-03-01:2020-03-31
2020-03-29,CapaUtilDiarEner,16909827978,kWh,xm:servapibi,2026-09-22T19:11:18Z,xm/2020/03/CapaUtilDiarEner_Sistema.ndjson.gz#CapaUtilDiarEner:Sistema:2020-03-01:2020-03-31
2020-03-29,DemaSIN,164911308.19,kWh,xm:servapibi,2026-09-22T19:11:23Z,xm/2020/03/DemaSIN_Sistema.ndjson.gz#DemaSIN:Sistema:2020-03-01:2020-03-31
2020-03-29,PorcApor,0.7487,fraction,xm:servapibi,2026-09-22T19:11:21Z,xm/2020/03/PorcApor_Sistema.ndjson.gz#PorcApor:Sistema:2020-03-01:2020-03-31
2020-03-29,PorcVoluUtilDiar,0.34912,fraction,xm:servapibi,2026-09-22T19:11:15Z,xm/2020/03/PorcVoluUtilDiar_Sistema.ndjson.gz#PorcVoluUtilDiar:Sistema:2020-03-01:2020-03-31
2020-03-29,PrecBolsNaci,241.91990333333342,COP/kWh,xm:servapibi,2026-09-22T19:11:26Z,xm/2020/03/PrecBolsNaci_Sistema.ndjson.gz#PrecBolsNaci:Sistema:2020-03-01:2020-03-31
2020-03-29,PrecEscaAct,610.97227,COP/kWh,xm:servapibi,2026-09-22T19:11:24Z,xm/2020/03/PrecEscaAct_Sistema.ndjson.gz#PrecEscaAct:Sistema:2020-03-01:2020-03-31
2020-03-29,VoluUtilDiarEner,5903641500,kWh,xm:servapibi,2026-09-22T19:11:16Z,xm/2020/03/VoluUtilDiarEner_Sistema.ndjson.gz#VoluUtilDiarEner:Sistema:2020-03-01:2020-03-31
2020-03-30,AporEner,85677900,kWh,xm:servapibi,2026-09-22T19:11:19Z,xm/2020/03/AporEner_Sistema.ndjson.gz#AporEner:Sistema:2020-03-01:2020-03-31
2020-03-30,AporEnerMediHist,109220000,kWh,xm:servapibi,2026-09-22T19:11:20Z,xm/2020/03/AporEnerMediHist_Sistema.ndjson.gz#AporEnerMediHist:Sistema:2020-03-01:2020-03-31
2020-03-30,CapaUtilDiarEner,16922220811,kWh,xm:servapibi,2026-09-22T19:11:18Z,xm/2020/03/CapaUtilDiarEner_Sistema.ndjson.gz#CapaUtilDiarEner:Sistema:2020-03-01:2020-03-31
2020-03-30,DemaSIN,173924828.78,kWh,xm:servapibi,2026-09-22T19:11:23Z,xm/2020/03/DemaSIN_Sistema.ndjson.gz#DemaSIN:Sistema:2020-03-01:2020-03-31
2020-03-30,PorcApor,0.78445,fraction,xm:servapibi,2026-09-22T19:11:21Z,xm/2020/03/PorcApor_Sistema.ndjson.gz#PorcApor:Sistema:2020-03-01:2020-03-31
2020-03-30,PorcVoluUtilDiar,0.34699,fraction,xm:servapibi,2026-09-22T19:11:15Z,xm/2020/03/PorcVoluUtilDiar_Sistema.ndjson.gz#PorcVoluUtilDiar:Sistema:2020-03-01:2020-03-31
2020-03-30,PrecBolsNaci,227.4066466666667,COP/kWh,xm:servapibi,2026-09-22T19:11:26Z,xm/2020/03/PrecBolsNaci_Sistema.ndjson.gz#PrecBolsNaci:Sistema:2020-03-01:2020-03-31
2020-03-30,PrecEscaAct,610.97227,COP/kWh,xm:servapibi,2026-09-22T19:11:24Z,xm/2020/03/PrecEscaAct_Sistema.ndjson.gz#PrecEscaAct:Sistema:2020-03-01:2020-03-31
2020-03-30,VoluUtilDiarEner,5871789700,kWh,xm:servapibi,2026-09-22T19:11:16Z,xm/2020/03/VoluUtilDiarEner_Sistema.ndjson.gz#VoluUtilDiarEner:Sistema:2020-03-01:2020-03-31
2020-03-31,AporEner,104488800,kWh,xm:servapibi,2026-09-22T19:11:19Z,xm/2020/03/AporEner_Sistema.ndjson.gz#AporEner:Sistema:2020-03-01:2020-03-31
2020-03-31,AporEnerMediHist,109220000,kWh,xm:servapibi,2026-09-22T19:11:20Z,xm/2020/03/AporEnerMediHist_Sistema.ndjson.gz#AporEnerMediHist:Sistema:2020-03-01:2020-03-31
2020-03-31,CapaUtilDiarEner,16922220811,kWh,xm:servapibi,2026-09-22T19:11:18Z,xm/2020/03/CapaUtilDiarEner_Sistema.ndjson.gz#CapaUtilDiarEner:Sistema:2020-03-01:2020-03-31
2020-03-31,DemaSIN,173287738.13,kWh,xm:servapibi,2026-09-22T19:11:23Z,xm/2020/03/DemaSIN_Sistema.ndjson.gz#DemaSIN:Sistema:2020-03-01:2020-03-31
2020-03-31,PorcApor,0.95668,fraction,xm:servapibi,2026-09-22T19:11:21Z,xm/2020/03/PorcApor_Sistema.ndjson.gz#PorcApor:Sistema:2020-03-01:2020-03-31
2020-03-31,PorcVoluUtilDiar,0.3462,fraction,xm:servapibi,2026-09-22T19:11:15Z,xm/2020/03/PorcVoluUtilDiar_Sistema.ndjson.gz#PorcVoluUtilDiar:Sistema:2020-03-01:2020-03-31
2020-03-31,PrecBolsNaci,202.7821733333333,COP/kWh,xm:servapibi,2026-09-22T19:11:26Z,xm/2020/03/PrecBolsNaci_Sistema.ndjson.gz#PrecBolsNaci:Sistema:2020-03-01:2020-03-31
2020-03-31,PrecEscaAct,610.97227,COP/kWh,xm:servapibi,2026-09-22T19:11:24Z,xm/2020/03/PrecEscaAct_Sistema.ndjson.gz#PrecEscaAct:Sistema:2020-03-01:2020-03-31
2020-03-31,VoluUtilDiarEner,5858469200,kWh,xm:servapibi,2026-09-22T19:11:16Z,xm/2020/03/VoluUtilDiarEner_Sistema.ndjson.gz#VoluUtilDiarEner:Sistema:2020-03-01:2020-03-31
2020-04-01,AporEner,162127000,kWh,xm:servapibi,2026-09-22T19:11:34Z,xm/2020/04/AporEner_Sistema.ndjson.gz#AporEner:Sistema:2020-04-01:2020-04-30
2020-04-01,AporEnerMediHist,169000000,kWh,xm:servapibi,2026-09-22T19:11:35Z,xm/2020/04/AporEnerMediHist_Sistema.ndjson.gz#AporEnerMediHist:Sistema:2020-04-01:2020-04-30
2020-04-01,CapaUtilDiarEner,16922220811,kWh,xm:servapibi,2026-09-22T19:11:32Z,xm/2020/04/CapaUtilDiarEner_Sistema.ndjson.gz#CapaUtilDiarEner:Sistema:2020-04-01:2020-04-30
2020-04-01,DemaSIN,171194754.25,kWh,xm:servapibi,2026-09-22T19:11:38Z,xm/2020/04/DemaSIN_Sistema.ndjson.gz#DemaSIN:Sistema:2020-04-01:2020-04-30
2020-04-01,PorcApor,0.95933,fraction,xm:servapibi,2026-09-22T19:11:36Z,xm/2020/04/PorcApor_Sistema.ndjson.gz#PorcApor:Sistema:2020-04-01:2020-04-30
2020-04-01,PorcVoluUtilDiar,0.34875,fraction,xm:servapibi,2026-09-22T19:11:30Z,xm/2020/04/PorcVoluUtilDiar_Sistema.ndjson.gz#PorcVoluUtilDiar:Sistema:2020-04-01:2020-04-30
2020-04-01,PrecBolsNaci,204.2007933333333,COP/kWh,xm:servapibi,2026-09-22T19:11:40Z,xm/2020/04/PrecBolsNaci_Sistema.ndjson.gz#PrecBolsNaci:Sistema:2020-04-01:2020-04-30
2020-04-01,PrecEscaAct,613.83706,COP/kWh,xm:servapibi,2026-09-22T19:11:39Z,xm/2020/04/PrecEscaAct_Sistema.ndjson.gz#PrecEscaAct:Sistema:2020-04-01:2020-04-30
2020-04-01,VoluUtilDiarEner,5901694400,kWh,xm:servapibi,2026-09-22T19:11:31Z,xm/2020/04/VoluUtilDiarEner_Sistema.ndjson.gz#VoluUtilDiarEner:Sistema:2020-04-01:2020-04-30
2020-04-02,AporEner,115655800,kWh,xm:servapibi,2026-09-22T19:11:34Z,xm/2020/04/AporEner_Sistema.ndjson.gz#AporEner:Sistema:2020-04-01:2020-04-30
2020-04-02,AporEnerMediHist,169000000,kWh,xm:servapibi,2026-09-22T19:11:35Z,xm/2020/04/AporEnerMediHist_Sistema.ndjson.gz#AporEnerMediHist:Sistema:2020-04-01:2020-04-30
2020-04-02,CapaUtilDiarEner,16922220811,kWh,xm:servapibi,2026-09-22T19:11:32Z,xm/2020/04/CapaUtilDiarEner_Sistema.ndjson.gz#CapaUtilDiarEner:Sistema:2020-04-01:2020-04-30
2020-04-02,DemaSIN,173160886.58,kWh,xm:servapibi,2026-09-22T19:11:38Z,xm/2020/04/DemaSIN_Sistema.ndjson.gz#DemaSIN:Sistema:2020-04-01:2020-04-30
2020-04-02,PorcApor,0.68435,fraction,xm:servapibi,2026-09-22T19:11:36Z,xm/2020/04/PorcApor_Sistema.ndjson.gz#PorcApor:Sistema:2020-04-01:2020-04-30
2020-04-02,PorcVoluUtilDiar,0.34763,fraction,xm:servapibi,2026-09-22T19:11:30Z,xm/2020/04/PorcVoluUtilDiar_Sistema.ndjson.gz#PorcVoluUtilDiar:Sistema:2020-04-01:2020-04-30
2020-04-02,PrecBolsNaci,184.33359833333338,COP/kWh,xm:servapibi,2026-09-22T19:11:40Z,xm/2020/04/PrecBolsNaci_Sistema.ndjson.gz#PrecBolsNaci:Sistema:2020-04-01:2020-04-30
2020-04-02,PrecEscaAct,613.83706,COP/kWh,xm:servapibi,2026-09-22T19:11:39Z,xm/2020/04/PrecEscaAct_Sistema.ndjson.gz#PrecEscaAct:Sistema:2020-04-01:2020-04-30
2020-04-02,VoluUtilDiarEner,5882725500,kWh,xm:servapibi,2026-09-22T19:11:31Z,xm/2020/04/VoluUtilDiarEner_Sistema.ndjson.gz#VoluUtilDiarEner:Sistema:2020-04-01:2020-04-30
2020-04-03,AporEner,89676300,kWh,xm:servapibi,2026-09-22T19:11:34Z,xm/2020/04/AporEner_Sistema.ndjson.gz#AporEner:Sistema:2020-04-01:2020-04-30
2020-04-03,AporEnerMediHist,169000000,kWh,xm:servapibi,2026-09-22T19:11:35Z,xm/2020/04/AporEnerMediHist_Sistema.ndjson.gz#AporEnerMediHist:Sistema:2020-04-01:2020-04-30
2020-04-03,CapaUtilDiarEner,16990010778,kWh,xm:servapibi,2026-09-22T19:11:32Z,xm/2020/04/CapaUtilDiarEner_Sistema.ndjson.gz#CapaUtilDiarEner:Sistema:2020-04-01:2020-04-30
2020-04-03,DemaSIN,176262300.49,kWh,xm:servapibi,2026-09-22T19:11:38Z,xm/2020/04/DemaSIN_Sistema.ndjson.gz#DemaSIN:Sistema:2020-04-01:2020-04-30
2020-04-03,PorcApor,0.53063,fraction,xm:servapibi,2026-09-22T19:11:36Z,xm/2020/04/PorcApor_Sistema.ndjson.gz#PorcApor:Sistema:2020-04-01:2020-04-30
2020-04-03,PorcVoluUtilDiar,0.34505,fraction,xm:servapibi,2026-09-22T19:11:30Z,xm/2020/04/PorcVoluUtilDiar_Sistema.ndjson.gz#PorcVoluUtilDiar:Sistema:2020-04-01:2020-04-30
2020-04-03,PrecBolsNaci,169.9034499999999,COP/kWh,xm:servapibi,2026-09-22T19:11:40Z,xm/2020/04/PrecBolsNaci_Sistema.ndjson.gz#PrecBolsNaci:Sistema:2020-04-01:2020-04-30
2020-04-03,PrecEscaAct,613.83706,COP/kWh,xm:servapibi,2026-09-22T19:11:39Z,xm/2020/04/PrecEscaAct_Sistema.ndjson.gz#PrecEscaAct:Sistema:2020-04-01:2020-04-30
2020-04-03,VoluUtilDiarEner,5862409900,kWh,xm:servapibi,2026-09-22T19:11:31Z,xm/2020/04/VoluUtilDiarEner_Sistema.ndjson.gz#VoluUtilDiarEner:Sistema:2020-04-01:2020-04-30
2020-04-04,AporEner,104145500,kWh,xm:servapibi,2026-09-22T19:11:34Z,xm/2020/04/AporEner_Sistema.ndjson.gz#AporEner:Sistema:2020-04-01:2020-04-30
2020-04-04,AporEnerMediHist,169000000,kWh,xm:servapibi,2026-09-22T19:11:35Z,xm/2020/04/AporEnerMediHist_Sistema.ndjson.gz#AporEnerMediHist:Sistema:2020-04-01:2020-04-30
2020-04-04,CapaUtilDiarEner,16990010778,kWh,xm:servapibi,2026-09-22T19:11:32Z,xm/2020/04/CapaUtilDiarEner_Sistema.ndjson.gz#CapaUtilDiarEner:Sistema:2020-04-01:2020-04-30
2020-04-04,DemaSIN,172757847.76,kWh,xm:servapibi,2026-09-22T19:11:38Z,xm/2020/04/DemaSIN_Sistema.ndjson.gz#DemaSIN:Sistema:2020-04-01:2020-04-30
2020-04-04,PorcApor,0.61625,fraction,xm:servapibi,2026-09-22T19:11:36Z,xm/2020/04/PorcApor_Sistema.ndjson.gz#PorcApor:Sistema:2020-04-01:2020-04-30
2020-04-04,PorcVoluUtilDiar,0.34412,fraction,xm:servapibi,2026-09-22T19:11:30Z,xm/2020/04/PorcVoluUtilDiar_Sistema.ndjson.gz#PorcVoluUtilDiar:Sistema:2020-04-01:2020-04-30
2020-04-04,PrecBolsNaci,203.6833466666667,COP/kWh,xm:servapibi,2026-09-22T19:11:40Z,xm/2020/04/PrecBolsNaci_Sistema.ndjson.gz#PrecBolsNaci:Sistema:2020-04-01:2020-04-30
2020-04-04,PrecEscaAct,613.83706,COP/kWh,xm:servapibi,2026-09-22T19:11:39Z,xm/2020/04/PrecEscaAct_Sistema.ndjson.gz#PrecEscaAct:Sistema:2020-04-01:2020-04-30
2020-04-04,VoluUtilDiarEner,5846609200,kWh,xm:servapibi,2026-09-22T19:11:31Z,xm/2020/04/VoluUtilDiarEner_Sistema.ndjson.gz#VoluUtilDiarEner:Sistema:2020-04-01:2020-04-30
2020-04-05,AporEner,87589300,kWh,xm:servapibi,2026-09-22T19:11:34Z,xm/2020/04/AporEner_Sistema.ndjson.gz#AporEner:Sistema:2020-04-01:2020-04-30
2020-04-05,AporEnerMediHist,169000000,kWh,xm:servapibi,2026-09-22T19:11:35Z,xm/2020/04/AporEnerMediHist_Sistema.ndjson.gz#AporEnerMediHist:Sistema:2020-04-01:2020-04-30
2020-04-05,CapaUtilDiarEner,16990010778,kWh,xm:servapibi,2026-09-22T19:11:32Z,xm/2020/04/CapaUtilDiarEner_Sistema.ndjson.gz#CapaUtilDiarEner:Sistema:2020-04-01:2020-04-30
2020-04-05,DemaSIN,166879197.69,kWh,xm:servapibi,2026-09-22T19:11:38Z,xm/2020/04/DemaSIN_Sistema.ndjson.gz#DemaSIN:Sistema:2020-04-01:2020-04-30
2020-04-05,PorcApor,0.51828,fraction,xm:servapibi,2026-09-22T19:11:36Z,xm/2020/04/PorcApor_Sistema.ndjson.gz#PorcApor:Sistema:2020-04-01:2020-04-30
2020-04-05,PorcVoluUtilDiar,0.34298,fraction,xm:servapibi,2026-09-22T19:11:30Z,xm/2020/04/PorcVoluUtilDiar_Sistema.ndjson.gz#PorcVoluUtilDiar:Sistema:2020-04-01:2020-04-30
2020-04-05,PrecBolsNaci,254.32783666666668,COP/kWh,xm:servapibi,2026-09-22T19:11:40Z,xm/2020/04/PrecBolsNaci_Sistema.ndjson.gz#PrecBolsNaci:Sistema:2020-04-01:2020-04-30
2020-04-05,PrecEscaAct,613.83706,COP/kWh,xm:servapibi,2026-09-22T19:11:39Z,xm/2020/04/PrecEscaAct_Sistema.ndjson.gz#PrecEscaAct:Sistema:2020-04-01:2020-04-30
2020-04-05,VoluUtilDiarEner,5827244600,kWh,xm:servapibi,2026-09-22T19:11:31Z,xm/2020/04/VoluUtilDiarEner_Sistema.ndjson.gz#VoluUtilDiarEner:Sistema:2020-04-01:2020-04-30
2020-04-06,AporEner,85762400,kWh,xm:servapibi,2026-09-22T19:11:34Z,xm/2020/04/AporEner_Sistema.ndjson.gz#AporEner:Sistema:2020-04-01:2020-04-30
2020-04-06,AporEnerMediHist,169000000,kWh,xm:servapibi,2026-09-22T19:11:35Z,xm/2020/04/AporEnerMediHist_Sistema.ndjson.gz#AporEnerMediHist:Sistema:2020-04-01:2020-04-30
2020-04-06,CapaUtilDiarEner,16990394897,kWh,xm:servapibi,2026-09-22T19:11:32Z,xm/2020/04/CapaUtilDiarEner_Sistema.ndjson.gz#CapaUtilDiarEner:Sistema:2020-04-01:2020-04-30
2020-04-06,DemaSIN,176771791.39,kWh,xm:servapibi,2026-09-22T19:11:38Z,xm/2020/04/DemaSIN_Sistema.ndjson.gz#DemaSIN:Sistema:2020-04-01:2020-04-30
2020-04-06,PorcApor,0.50747,fraction,xm:servapibi,2026-09-22T19:11:36Z,xm/2020/04/PorcApor_Sistema.ndjson.gz#PorcApor:Sistema:2020-04-01:2020-04-30
2020-04-06,PorcVoluUtilDiar,0.34028,fraction,xm:servapibi,2026-09-22T19:11:30Z,xm/2020/04/PorcVoluUtilDiar_Sistema.ndjson.gz#PorcVoluUtilDiar:Sistema:2020-04-01:2020-04-30
2020-04-06,PrecBolsNaci,267.1020966666666,COP/kWh,xm:servapibi,2026-09-22T19:11:40Z,xm/2020/04/PrecBolsNaci_Sistema.ndjson.gz#PrecBolsNaci:Sistema:2020-04-01:2020-04-30
2020-04-06,PrecEscaAct,613.83706,COP/kWh,xm:servapibi,2026-09-22T19:11:39Z,xm/2020/04/PrecEscaAct_Sistema.ndjson.gz#PrecEscaAct:Sistema:2020-04-01:2020-04-30
2020-04-06,VoluUtilDiarEner,5781532700,kWh,xm:servapibi,2026-09-22T19:11:31Z,xm/2020/04/VoluUtilDiarEner_Sistema.ndjson.gz#VoluUtilDiarEner:Sistema:2020-04-01:2020-04-30
2020-04-07,AporEner,142637400,kWh,xm:servapibi,2026-09-22T19:11:34Z,xm/2020/04/AporEner_Sistema.ndjson.gz#AporEner:Sistema:2020-04-01:2020-04-30
2020-04-07,AporEnerMediHist,169000000,kWh,xm:servapibi,2026-09-22T19:11:35Z,xm/2020/04/AporEnerMediHist_Sistema.ndjson.gz#AporEnerMediHist:Sistema:2020-04-01:2020-04-30
2020-04-07,CapaUtilDiarEner,16990394897,kWh,xm:servapibi,2026-09-22T19:11:32Z,xm/2020/04/CapaUtilDiarEner_Sistema.ndjson.gz#CapaUtilDiarEner:Sistema:2020-04-01:2020-04-30
2020-04-07,DemaSIN,175186781.86,kWh,xm:servapibi,2026-09-22T19:11:38Z,xm/2020/04/DemaSIN_Sistema.ndjson.gz#DemaSIN:Sistema:2020-04-01:2020-04-30
2020-04-07,PorcApor,0.84401,fraction,xm:servapibi,2026-09-22T19:11:36Z,xm/2020/04/PorcApor_Sistema.ndjson.gz#PorcApor:Sistema:2020-04-01:2020-04-30
2020-04-07,PorcVoluUtilDiar,0.3414,fraction,xm:servapibi,2026-09-22T19:11:30Z,xm/2020/04/PorcVoluUtilDiar_Sistema.ndjson.gz#PorcVoluUtilDiar:Sistema:2020-04-01:2020-04-30
2020-04-07,PrecBolsNaci,255.48260500000006,COP/kWh,xm:servapibi,2026-09-22T19:11:40Z,xm/2020/04/PrecBolsNaci_Sistema.ndjson.gz#PrecBolsNaci:Sistema:2020-04-01:2020-04-30
2020-04-07,PrecEscaAct,613.83706,COP/kWh,xm:servapibi,2026-09-22T19:11:39Z,xm/2020/04/PrecEscaAct_Sistema.ndjson.gz#PrecEscaAct:Sistema:2020-04-01:2020-04-30
2020-04-07,VoluUtilDiarEner,5800484600,kWh,xm:servapibi,2026-09-22T19:11:31Z,xm/2020/04/VoluUtilDiarEner_Sistema.ndjson.gz#VoluUtilDiarEner:Sistema:2020-04-01:2020-04-30
2020-04-08,AporEner,92432400,kWh,xm:servapibi,2026-09-22T19:11:34Z,xm/2020/04/AporEner_Sistema.ndjson.gz#AporEner:Sistema:2020-04-01:2020-04-30
2020-04-08,AporEnerMediHist,169000000,kWh,xm:servapibi,2026-09-22T19:11:35Z,xm/2020/04/AporEnerMediHist_Sistema.ndjson.gz#AporEnerMediHist:Sistema:2020-04-01:2020-04-30
2020-04-08,CapaUtilDiarEner,16990394897,kWh,xm:servapibi,2026-09-22T19:11:32Z,xm/2020/04/CapaUtilDiarEner_Sistema.ndjson.gz#CapaUtilDiarEner:Sistema:2020-04-01:2020-04-30
2020-04-08,DemaSIN,176585188.11,kWh,xm:servapibi,2026-09-22T19:11:38Z,xm/2020/04/DemaSIN_Sistema.ndjson.gz#DemaSIN:Sistema:2020-04-01:2020-04-30
2020-04-08,PorcApor,0.54694,fraction,xm:servapibi,2026-09-22T19:11:36Z,xm/2020/04/PorcApor_Sistema.ndjson.gz#PorcApor:Sistema:2020-04-01:2020-04-30
2020-04-08,PorcVoluUtilDiar,0.33994,fraction,xm:servapibi,2026-09-22T19:11:30Z,xm/2020/04/PorcVoluUtilDiar_Sistema.ndjson.gz#PorcVoluUtilDiar:Sistema:2020-04-01:2020-04-30
2020-04-08,PrecBolsNaci,261.9756916666666,COP/kWh,xm:servapibi,2026-09-22T19:11:40Z,xm/2020/04/PrecBolsNaci_Sistema.ndjson.gz#PrecBolsNaci:Sistema:2020-04-01:2020-04-30
2020-04-08,PrecEscaAct,613.83706,COP/kWh,xm:servapibi,2026-09-22T19:11:39Z,xm/2020/04/PrecEscaAct_Sistema.ndjson.gz#PrecEscaAct:Sistema:2020-04-01:2020-04-30
2020-04-08,VoluUtilDiarEner,5775718400,kWh,xm:servapibi,2026-09-22T19:11:31Z,xm/2020/04/VoluUtilDiarEner_Sistema.ndjson.gz#VoluUtilDiarEner:Sistema:2020-04-01:2020-04-30
2020-04-09,AporEner,106719400,kWh,xm:servapibi,2026-09-22T19:11:34Z,xm/2020/04/AporEner_Sistema.ndjson.gz#AporEner:Sistema:2020-04-01:2020-04-30
2020-04-09,AporEnerMediHist,169000000,kWh,xm:servapibi,2026-09-22T19:11:35Z,xm/2020/04/AporEnerMediHist_Sistema.ndjson.gz#AporEnerMediHist:Sistema:2020-04-01:2020-04-30
2020-04-09,CapaUtilDiarEner,16990394897,kWh,xm:servapibi,2026-09-22T19:11:32Z,xm/2020/04/CapaUtilDiarEner_Sistema.ndjson.gz#CapaUtilDiarEner:Sistema:2020-04-01:2020-04-30
2020-04-09,DemaSIN,165531131.11,kWh,xm:servapibi,2026-09-22T19:11:38Z,xm/2020/04/DemaSIN_Sistema.ndjson.gz#DemaSIN:Sistema:2020-04-01:2020-04-30
2020-04-09,PorcApor,0.63148,fraction,xm:servapibi,2026-09-22T19:11:36Z,xm/2020/04/PorcApor_Sistema.ndjson.gz#PorcApor:Sistema:2020-04-01:2020-04-30
2020-04-09,PorcVoluUtilDiar,0.33999,fraction,xm:servapibi,2026-09-22T19:11:30Z,xm/2020/04/PorcVoluUtilDiar_Sistema.ndjson.gz#PorcVoluUtilDiar:Sistema:2020-04-01:2020-04-30
2020-04-09,PrecBolsNaci,232.44025833333333,COP/kWh,xm:servapibi,2026-09-22T19:11:40Z,xm/2020/04/PrecBolsNaci_Sistema.ndjson.gz#PrecBolsNaci:Sistema:2020-04-01:2020-04-30
2020-04-09,PrecEscaAct,613.83706,COP/kWh,xm:servapibi,2026-09-22T19:11:39Z,xm/2020/04/PrecEscaAct_Sistema.ndjson.gz#PrecEscaAct:Sistema:2020-04-01:2020-04-30
2020-04-09,VoluUtilDiarEner,5776487000,kWh,xm:servapibi,2026-09-22T19:11:31Z,xm/2020/04/VoluUtilDiarEner_Sistema.ndjson.gz#VoluUtilDiarEner:Sistema:2020-04-01:2020-04-30
2020-04-10,AporEner,98317600,kWh,xm:servapibi,2026-09-22T19:11:34Z,xm/2020/04/AporEner_Sistema.ndjson.gz#AporEner:Sistema:2020-04-01:2020-04-30
2020-04-10,AporEnerMediHist,169000000,kWh,xm:servapibi,2026-09-22T19:11:35Z,xm/2020/04/AporEnerMediHist_Sistema.ndjson.gz#AporEnerMediHist:Sistema:2020-04-01:2020-04-30
2020-04-10,CapaUtilDiarEner,16990394897,kWh,xm:servapibi,2026-09-22T19:11:32Z,xm/2020/04/CapaUtilDiarEner_Sistema.ndjson.gz#CapaUtilDiarEner:Sistema:2020-04-01:2020-04-30
2020-04-10,DemaSIN,160716729.79,kWh,xm:servapibi,2026-09-22T19:11:38Z,xm/2020/04/DemaSIN_Sistema.ndjson.gz#DemaSIN:Sistema:2020-04-01:2020-04-30
2020-04-10,PorcApor,0.58176,fraction,xm:servapibi,2026-09-22T19:11:36Z,xm/2020/04/PorcApor_Sistema.ndjson.gz#PorcApor:Sistema:2020-04-01:2020-04-30
2020-04-10,PorcVoluUtilDiar,0.33908,fraction,xm:servapibi,2026-09-22T19:11:30Z,xm/2020/04/PorcVoluUtilDiar_Sistema.ndjson.gz#PorcVoluUtilDiar:Sistema:2020-04-01:2020-04-30
2020-04-10,PrecBolsNaci,223.26251666666664,COP/kWh,xm:servapibi,2026-09-22T19:11:40Z,xm/2020/04/PrecBolsNaci_Sistema.ndjson.gz#PrecBolsNaci:Sistema:2020-04-01:2020-04-30
2020-04-10,PrecEscaAct,613.83706,COP/kWh,xm:servapibi,2026-09-22T19:11:39Z,xm/2020/04/PrecEscaAct_Sistema.ndjson.gz#PrecEscaAct:Sistema:2020-04-01:2020-04-30
2020-04-10,VoluUtilDiarEner,5761100000,kWh,xm:servapibi,2026-09-22T19:11:31Z,xm/2020/04/VoluUtilDiarEner_Sistema.ndjson.gz#VoluUtilDiarEner:Sistema:2020-04-01:2020-04-30
2020-04-11,AporEner,172942400,kWh,xm:servapibi,2026-09-22T19:11:34Z,xm/2020/04/AporEner_Sistema.ndjson.gz#AporEner:Sistema:2020-04-01:2020-04-30
2020-04-11,AporEnerMediHist,169000000,kWh,xm:servapibi,2026-09-22T19:11:35Z,xm/2020/04/AporEnerMediHist_Sistema.ndjson.gz#AporEnerMediHist:Sistema:2020-04-01:2020-04-30
2020-04-11,CapaUtilDiarEner,16990394897,kWh,xm:servapibi,2026-09-22T19:11:32Z,xm/2020/04/CapaUtilDiarEner_Sistema.ndjson.gz#CapaUtilDiarEner:Sistema:2020-04-01:2020-04-30
2020-04-11,DemaSIN,163235634.17,kWh,xm:servapibi,2026-09-22T19:11:38Z,xm/2020/04/DemaSIN_Sistema.ndjson.gz#DemaSIN:Sistema:2020-04-01:2020-04-30
2020-04-11,PorcApor,1.02333,fraction,xm:servapibi,2026-09-22T19:11:36Z,xm/2020/04/PorcApor_Sistema.ndjson.gz#PorcApor:Sistema:2020-04-01:2020-04-30
2020-04-11,PorcVoluUtilDiar,0.34333,fraction,xm:servapibi,2026-09-22T19:11:30Z,xm/2020/04/PorcVoluUtilDiar_Sistema.ndjson.gz#PorcVoluUtilDiar:Sistema:2020-04-01:2020-04-30
2020-04-11,PrecBolsNaci,245.36666333333332,COP/kWh,xm:servapibi,2026-09-22T19:11:40Z,xm/2020/04/PrecBolsNaci_Sistema.ndjson.gz#PrecBolsNaci:Sistema:2020-04-01:2020-04-30
2020-04-11,PrecEscaAct,613.83706,COP/kWh,xm:servapibi,2026-09-22T19:11:39Z,xm/2020/04/PrecEscaAct_Sistema.ndjson.gz#PrecEscaAct:Sistema:2020-04-01:2020-04-30
2020-04-11,VoluUtilDiarEner,5833236900,kWh,xm:servapibi,2026-09-22T19:11:31Z,xm/2020/04/VoluUtilDiarEner_Sistema.ndjson.gz#VoluUtilDiarEner:Sistema:2020-04-01:2020-04-30
2020-04-12,AporEner,109035100,kWh,xm:servapibi,2026-09-22T19:11:34Z,xm/2020/04/AporEner_Sistema.ndjson.gz#AporEner:Sistema:2020-04-01:2020-04-30
2020-04-12,AporEnerMediHist,169000000,kWh,xm:servapibi,2026-09-22T19:11:35Z,xm/2020/04/AporEnerMediHist_Sistema.ndjson.gz#AporEnerMediHist:Sistema:2020-04-01:2020-04-30
2020-04-12,CapaUtilDiarEner,16990394897,kWh,xm:servapibi,2026-09-22T19:11:32Z,xm/2020/04/CapaUtilDiarEner_Sistema.ndjson.gz#CapaUtilDiarEner:Sistema:2020-04-01:2020-04-30
2020-04-12,DemaSIN,161131800.12,kWh,xm:servapibi,2026-09-22T19:11:38Z,xm/2020/04/DemaSIN_Sistema.ndjson.gz#DemaSIN:Sistema:2020-04-01:2020-04-30
2020-04-12,PorcApor,0.64518,fraction,xm:servapibi,2026-09-22T19:11:36Z,xm/2020/04/PorcApor_Sistema.ndjson.gz#PorcApor:Sistema:2020-04-01:2020-04-30
2020-04-12,PorcVoluUtilDiar,0.34346,fraction,xm:servapibi,2026-09-22T19:11:30Z,xm/2020/04/PorcVoluUtilDiar_Sistema.ndjson.gz#PorcVoluUtilDiar:Sistema:2020-04-01:2020-04-30
2020-04-12,PrecBolsNaci,258.7726016666668,COP/kWh,xm:servapibi,2026-09-22T19:11:40Z,xm/2020/04/PrecBolsNaci_Sistema.ndjson.gz#PrecBolsNaci:Sistema:2020-04-01:2020-04-30
2020-04-12,PrecEscaAct,613.83706,COP/kWh,xm:servapibi,2026-09-22T19:11:39Z,xm/2020/04/PrecEscaAct_Sistema.ndjson.gz#PrecEscaAct:Sistema:2020-04-01:2020-04-30
2020-04-12,VoluUtilDiarEner,5835522400,kWh,xm:servapibi,2026-09-22T19:11:31Z,xm/2020/04/VoluUtilDiarEner_Sistema.ndjson.gz#VoluUtilDiarEner:Sistema:2020-04-01:2020-04-30
2020-04-13,AporEner,93076200,kWh,xm:servapibi,2026-09-22T19:11:34Z,xm/2020/04/AporEner_Sistema.ndjson.gz#AporEner:Sistema:2020-04-01:2020-04-30
2020-04-13,AporEnerMediHist,169000000,kWh,xm:servapibi,2026-09-22T19:11:35Z,xm/2020/04/AporEnerMediHist_Sistema.ndjson.gz#AporEnerMediHist:Sistema:2020-04-01:2020-04-30
2020-04-13,CapaUtilDiarEner,16990394897,kWh,xm:servapibi,2026-09-22T19:11:32Z,xm/2020/04/CapaUtilDiarEner_Sistema.ndjson.gz#CapaUtilDiarEner:Sistema:2020-04-01:2020-04-30
2020-04-13,DemaSIN,173980835.78,kWh,xm:servapibi,2026-09-22T19:11:38Z,xm/2020/04/DemaSIN_Sistema.ndjson.gz#DemaSIN:Sistema:2020-04-01:2020-04-30
2020-04-13,PorcApor,0.55075,fraction,xm:servapibi,2026-09-22T19:11:36Z,xm/2020/04/PorcApor_Sistema.ndjson.gz#PorcApor:Sistema:2020-04-01:2020-04-30
2020-04-13,PorcVoluUtilDiar,0.34155,fraction,xm:servapibi,2026-09-22T19:11:30Z,xm/2020/04/PorcVoluUtilDiar_Sistema.ndjson.gz#PorcVoluUtilDiar:Sistema:2020-04-01:2020-04-30
2020-04-13,PrecBolsNaci,236.91389333333333,COP/kWh,xm:servapibi,2026-09-22T19:11:40Z,xm/2020/04/PrecBolsNaci_Sistema.ndjson.gz#PrecBolsNaci:Sistema:2020-04-01:2020-04-30
2020-04-13,PrecEscaAct,613.83706,COP/kWh,xm:servapibi,2026-09-22T19:11:39Z,xm/2020/04/PrecEscaAct_Sistema.ndjson.gz#PrecEscaAct:Sistema:2020-04-01:2020-04-30
2020-04-13,VoluUtilDiarEner,5803075800,kWh,xm:servapibi,2026-09-22T19:11:31Z,xm/2020/04/VoluUtilDiarEner_Sistema.ndjson.gz#VoluUtilDiarEner:Sistema:2020-04-01:2020-04-30
2020-04-14,AporEner,91573500,kWh,xm:servapibi,2026-09-22T19:11:34Z,xm/2020/04/AporEner_Sistema.ndjson.gz#AporEner:Sistema:2020-04-01:2020-04-30
2020-04-14,AporEnerMediHist,169000000,kWh,xm:servapibi,2026-09-22T19:11:35Z,xm/2020/04/AporEnerMediHist_Sistema.ndjson.gz#AporEnerMediHist:Sistema:2020-04-01:2020-04-30
2020-04-14,CapaUtilDiarEner,16990394897,kWh,xm:servapibi,2026-09-22T19:11:32Z,xm/2020/04/CapaUtilDiarEner_Sistema.ndjson.gz#CapaUtilDiarEner:Sistema:2020-04-01:2020-04-30
2020-04-14,DemaSIN,175349205.47,kWh,xm:servapibi,2026-09-22T19:11:38Z,xm/2020/04/DemaSIN_Sistema.ndjson.gz#DemaSIN:Sistema:2020-04-01:2020-04-30
2020-04-14,PorcApor,0.54186,fraction,xm:servapibi,2026-09-22T19:11:36Z,xm/2020/04/PorcApor_Sistema.ndjson.gz#PorcApor:Sistema:2020-04-01:2020-04-30
2020-04-14,PorcVoluUtilDiar,0.33936,fraction,xm:servapibi,2026-09-22T19:11:30Z,xm/2020/04/PorcVoluUtilDiar_Sistema.ndjson.gz#PorcVoluUtilDiar:Sistema:2020-04-01:2020-04-30
2020-04-14,PrecBolsNaci,238.1795783333333,COP/kWh,xm:servapibi,2026-09-22T19:11:40Z,xm/2020/04/PrecBolsNaci_Sistema.ndjson.gz#PrecBolsNaci:Sistema:2020-04-01:2020-04-30
2020-04-14,PrecEscaAct,613.83706,COP/kWh,xm:servapibi,2026-09-22T19:11:39Z,xm/2020/04/PrecEscaAct_Sistema.ndjson.gz#PrecEscaAct:Sistema:2020-04-01:2020-04-30
2020-04-14,VoluUtilDiarEner,5765858200,kWh,xm:servapibi,2026-09-22T19:11:31Z,xm/2020/04/VoluUtilDiarEner_Sistema.ndjson.gz#VoluUtilDiarEner:Sistema:2020-04-01:2020-04-30
2020-04-15,AporEner,89952600,kWh,xm:servapibi,2026-09-22T19:11:34Z,xm/2020/04/AporEner_Sistema.ndjson.gz#AporEner:Sistema:2020-04-01:2020-04-30
2020-04-15,AporEnerMediHist,169000000,kWh,xm:servapibi,2026-09-22T19:11:35Z,xm/2020/04/AporEnerMediHist_Sistema.ndjson.gz#AporEnerMediHist:Sistema:2020-04-01:2020-04-30
2020-04-15,CapaUtilDiarEner,16990394897,kWh,xm:servapibi,2026-09-22T19:11:32Z,xm/2020/04/CapaUtilDiarEner_Sistema.ndjson.gz#CapaUtilDiarEner:Sistema:2020-04-01:2020-04-30
2020-04-15,DemaSIN,173605879.88,kWh,xm:servapibi,2026-09-22T19:11:38Z,xm/2020/04/DemaSIN_Sistema.ndjson.gz#DemaSIN:Sistema:2020-04-01:2020-04-30
2020-04-15,PorcApor,0.53226,fraction,xm:servapibi,2026-09-22T19:11:36Z,xm/2020/04/PorcApor_Sistema.ndjson.gz#PorcApor:Sistema:2020-04-01:2020-04-30
2020-04-15,PorcVoluUtilDiar,0.33785,fraction,xm:servapibi,2026-09-22T19:11:30Z,xm/2020/04/PorcVoluUtilDiar_Sistema.ndjson.gz#PorcVoluUtilDiar:Sistema:2020-04-01:2020-04-30
2020-04-15,PrecBolsNaci,241.54021833333343,COP/kWh,xm:servapibi,2026-09-22T19:11:40Z,xm/2020/04/PrecBolsNaci_Sistema.ndjson.gz#PrecBolsNaci:Sistema:2020-04-01:2020-04-30
2020-04-15,PrecEscaAct,613.83706,COP/kWh,xm:servapibi,2026-09-22T19:11:39Z,xm/2020/04/PrecEscaAct_Sistema.ndjson.gz#PrecEscaAct:Sistema:2020-04-01:2020-04-30
2020-04-15,VoluUtilDiarEner,5740209400,kWh,xm:servapibi,2026-09-22T19:11:31Z,xm/2020/04/VoluUtilDiarEner_Sistema.ndjson.gz#VoluUtilDiarEner:Sistema:2020-04-01:2020-04-30
2020-04-16,AporEner,79432100,kWh,xm:servapibi,2026-09-22T19:11:34Z,xm/2020/04/AporEner_Sistema.ndjson.gz#AporEner:Sistema:2020-04-01:2020-04-30
2020-04-16,AporEnerMediHist,169000000,kWh,xm:servapibi,2026-09-22T19:11:35Z,xm/2020/04/AporEnerMediHist_Sistema.ndjson.gz#AporEnerMediHist:Sistema:2020-04-01:2020-04-30
2020-04-16,CapaUtilDiarEner,16990394897,kWh,xm:servapibi,2026-09-22T19:11:32Z,xm/2020/04/CapaUtilDiarEner_Sistema.ndjson.gz#CapaUtilDiarEner:Sistema:2020-04-01:2020-04-30
2020-04-16,DemaSIN,175402725.54,kWh,xm:servapibi,2026-09-22T19:11:38Z,xm/2020/04/DemaSIN_Sistema.ndjson.gz#DemaSIN:Sistema:2020-04-01:2020-04-30
2020-04-16,PorcApor,0.47001,fraction,xm:servapibi,2026-09-22T19:11:36Z,xm/2020/04/PorcApor_Sistema.ndjson.gz#PorcApor:Sistema:2020-04-01:2020-04-30
2020-04-16,PorcVoluUtilDiar,0.33504,fraction,xm:servapibi,2026-09-22T19:11:30Z,xm/2020/04/PorcVoluUtilDiar_Sistema.ndjson.gz#PorcVoluUtilDiar:Sistema:2020-04-01:2020-04-30
2020-04-16,PrecBolsNaci,250.64090999999993,COP/kWh,xm:servapibi,2026-09-22T19:11:40Z,xm/2020/04/PrecBolsNaci_Sistema.ndjson.gz#PrecBolsNaci:Sistema:2020-04-01:2020-04-30
2020-04-16,PrecEscaAct,613.83706,COP/kWh,xm:servapibi,2026-09-22T19:11:39Z,xm/2020/04/PrecEscaAct_Sistema.ndjson.gz#PrecEscaAct:Sistema:2020-04-01:2020-04-30
2020-04-16,VoluUtilDiarEner,5692473200,kWh,xm:servapibi,2026-09-22T19:11:31Z,xm/2020/04/VoluUtilDiarEner_Sistema.ndjson.gz#VoluUtilDiarEner:Sistema:2020-04-01:2020-04-30
2020-04-17,AporEner,86393400,kWh,xm:servapibi,2026-09-22T19:11:34Z,xm/2020/04/AporEner_Sistema.ndjson.gz#AporEner:Sistema:2020-04-01:2020-04-30
2020-04-17,AporEnerMediHist,169000000,kWh,xm:servapibi,2026-09-22T19:11:35Z,xm/2020/04/AporEnerMediHist_Sistema.ndjson.gz#AporEnerMediHist:Sistema:2020-04-01:2020-04-30
2020-04-17,CapaUtilDiarEner,16990394897,kWh,xm:servapibi,2026-09-22T19:11:32Z,xm/2020/04/CapaUtilDiarEner_Sistema.ndjson.gz#CapaUtilDiarEner:Sistema:2020-04-01:2020-04-30
2020-04-17,DemaSIN,177436771.99,kWh,xm:servapibi,2026-09-22T19:11:38Z,xm/2020/04/DemaSIN_Sistema.ndjson.gz#DemaSIN:Sistema:2020-04-01:2020-04-30
2020-04-17,PorcApor,0.5112,fraction,xm:servapibi,2026-09-22T19:11:36Z,xm/2020/04/PorcApor_Sistema.ndjson.gz#PorcApor:Sistema:2020-04-01:2020-04-30
2020-04-17,PorcVoluUtilDiar,0.33224,fraction,xm:servapibi,2026-09-22T19:11:30Z,xm/2020/04/PorcVoluUtilDiar_Sistema.ndjson.gz#PorcVoluUtilDiar:Sistema:2020-04-01:2020-04-30
2020-04-17,PrecBolsNaci,262.60168333333326,COP/kWh,xm:servapibi,2026-09-22T19:11:40Z,xm/2020/04/PrecBolsNaci_Sistema.ndjson.gz#PrecBolsNaci:Sistema:2020-04-01:2020-04-30
2020-04-17,PrecEscaAct,613.83706,COP/kWh,xm:servapibi,2026-09-22T19:11:39Z,xm/2020/04/PrecEscaAct_Sistema.ndjson.gz#PrecEscaAct:Sistema:2020-04-01:2020-04-30
2020-04-17,VoluUtilDiarEner,5644884600,kWh,xm:servapibi,2026-09-22T19:11:31Z,xm/2020/04/VoluUtilDiarEner_Sistema.ndjson.gz#VoluUtilDiarEner:Sistema:2020-04-01:2020-04-30
2020-04-18,AporEner,101451800,kWh,xm:servapibi,2026-09-22T19:11:34Z,xm/2020/04/AporEner_Sistema.ndjson.gz#AporEner:Sistema:2020-04-01:2020-04-30
2020-04-18,AporEnerMediHist,169000000,kWh,xm:servapibi,2026-09-22T19:11:35Z,xm/2020/04/AporEnerMediHist_Sistema.ndjson.gz#AporEnerMediHist:Sistema:2020-04-01:2020-04-30
2020-04-18,CapaUtilDiarEner,16990394897,kWh,xm:servapibi,2026-09-22T19:11:32Z,xm/2020/04/CapaUtilDiarEner_Sistema.ndjson.gz#CapaUtilDiarEner:Sistema:2020-04-01:2020-04-30
2020-04-18,DemaSIN,170672379.61,kWh,xm:servapibi,2026-09-22T19:11:38Z,xm/2020/04/DemaSIN_Sistema.ndjson.gz#DemaSIN:Sistema:2020-04-01:2020-04-30
2020-04-18,PorcApor,0.60031,fraction,xm:servapibi,2026-09-22T19:11:36Z,xm/2020/04/PorcApor_Sistema.ndjson.gz#PorcApor:Sistema:2020-04-01:2020-04-30
2020-04-18,PorcVoluUtilDiar,0.33243,fraction,xm:servapibi,2026-09-22T19:11:30Z,xm/2020/04/PorcVoluUtilDiar_Sistema.ndjson.gz#PorcVoluUtilDiar:Sistema:2020-04-01:2020-04-30
2020-04-18,PrecBolsNaci,268.69276833333345,COP/kWh,xm:servapibi,2026-09-22T19:11:40Z,xm/2020/04/PrecBolsNaci_Sistema.ndjson.gz#PrecBolsNaci:Sistema:2020-04-01:2020-04-30
2020-04-18,PrecEscaAct,613.83706,COP/kWh,xm:servapibi,2026-09-22T19:11:39Z,xm/2020/04/PrecEscaAct_Sistema.ndjson.gz#PrecEscaAct:Sistema:2020-04-01:2020-04-30
2020-04-18,VoluUtilDiarEner,5648154400,kWh,xm:servapibi,2026-09-22T19:11:31Z,xm/2020/04/VoluUtilDiarEner_Sistema.ndjson.gz#VoluUtilDiarEner:Sistema:2020-04-01:2020-04-30
2020-04-19,AporEner,93499600,kWh,xm:servapibi,2026-09-22T19:11:34Z,xm/2020/04/AporEner_Sistema.ndjson.gz#AporEner:Sistema:2020-04-01:2020-04-30
2020-04-19,AporEnerMediHist,169000000,kWh,xm:servapibi,2026-09-22T19:11:35Z,xm/2020/04/AporEnerMediHist_Sistema.ndjson.gz#AporEnerMediHist:Sistema:2020-04-01:2020-04-30
2020-04-19,CapaUtilDiarEner,16990394897,kWh,xm:servapibi,2026-09-22T19:11:32Z,xm/2020/04/CapaUtilDiarEner_Sistema.ndjson.gz#CapaUtilDiarEner:Sistema:2020-04-01:2020-04-30
2020-04-19,DemaSIN,159749694.11,kWh,xm:servapibi,2026-09-22T19:11:38Z,xm/2020/04/DemaSIN_Sistema.ndjson.gz#DemaSIN:Sistema:2020-04-01:2020-04-30
2020-04-19,PorcApor,0.55325,fraction,xm:servapibi,2026-09-22T19:11:36Z,xm/2020/04/PorcApor_Sistema.ndjson.gz#PorcApor:Sistema:2020-04-01:2020-04-30
2020-04-19,PorcVoluUtilDiar,0.33214,fraction,xm:servapibi,2026-09-22T19:11:30Z,xm/2020/04/PorcVoluUtilDiar_Sistema.ndjson.gz#PorcVoluUtilDiar:Sistema:2020-04-01:2020-04-30
2020-04-19,PrecBolsNaci,218.08472000000006,COP/kWh,xm:servapibi,2026-09-22T19:11:40Z,xm/2020/04/PrecBolsNaci_Sistema.ndjson.gz#PrecBolsNaci:Sistema:2020-04-01:2020-04-30
2020-04-19,PrecEscaAct,613.83706,COP/kWh,xm:servapibi,2026-09-22T19:11:39Z,xm/2020/04/PrecEscaAct_Sistema.ndjson.gz#PrecEscaAct:Sistema:2020-04-01:2020-04-30
2020-04-19,VoluUtilDiarEner,5643263700,kWh,xm:servapibi,2026-09-22T19:11:31Z,xm/2020/04/VoluUtilDiarEner_Sistema.ndjson.gz#VoluUtilDiarEner:Sistema:2020-04-01:2020-04-30
2020-04-20,AporEner,87560600,kWh,xm:servapibi,2026-09-22T19:11:34Z,xm/2020/04/AporEner_Sistema.ndjson.gz#AporEner:Sistema:2020-04-01:2020-04-30
2020-04-20,AporEnerMediHist,169000000,kWh,xm:servapibi,2026-09-22T19:11:35Z,xm/2020/04/AporEnerMediHist_Sistema.ndjson.gz#AporEnerMediHist:Sistema:2020-04-01:2020-04-30
2020-04-20,CapaUtilDiarEner,16990394897,kWh,xm:servapibi,2026-09-22T19:11:32Z,xm/2020/04/CapaUtilDiarEner_Sistema.ndjson.gz#CapaUtilDiarEner:Sistema:2020-04-01:2020-04-30
2020-04-20,DemaSIN,175712684.46,kWh,xm:servapibi,2026-09-22T19:11:38Z,xm/2020/04/DemaSIN_Sistema.ndjson.gz#DemaSIN:Sistema:2020-04-01:2020-04-30
2020-04-20,PorcApor,0.51811,fraction,xm:servapibi,2026-09-22T19:11:36Z,xm/2020/04/PorcApor_Sistema.ndjson.gz#PorcApor:Sistema:2020-04-01:2020-04-30
2020-04-20,PorcVoluUtilDiar,0.33066,fraction,xm:servapibi,2026-09-22T19:11:30Z,xm/2020/04/PorcVoluUtilDiar_Sistema.ndjson.gz#PorcVoluUtilDiar:Sistema:2020-04-01:2020-04-30
2020-04-20,PrecBolsNaci,260.13313666666664,COP/kWh,xm:servapibi,2026-09-22T19:11:40Z,xm/2020/04/PrecBolsNaci_Sistema.ndjson.gz#PrecBolsNaci:Sistema:2020-04-01:2020-04-30
2020-04-20,PrecEscaAct,613.83706,COP/kWh,xm:servapibi,2026-09-22T19:11:39Z,xm/2020/04/PrecEscaAct_Sistema.ndjson.gz#PrecEscaAct:Sistema:2020-04-01:2020-04-30
2020-04-20,VoluUtilDiarEner,5617994400,kWh,xm:servapibi,2026-09-22T19:11:31Z,xm/2020/04/VoluUtilDiarEner_Sistema.ndjson.gz#VoluUtilDiarEner:Sistema:2020-04-01:2020-04-30
2020-04-21,AporEner,106716400,kWh,xm:servapibi,2026-09-22T19:11:34Z,xm/2020/04/AporEner_Sistema.ndjson.gz#AporEner:Sistema:2020-04-01:2020-04-30
2020-04-21,AporEnerMediHist,169000000,kWh,xm:servapibi,2026-09-22T19:11:35Z,xm/2020/04/AporEnerMediHist_Sistema.ndjson.gz#AporEnerMediHist:Sistema:2020-04-01:2020-04-30
2020-04-21,CapaUtilDiarEner,16990394897,kWh,xm:servapibi,2026-09-22T19:11:32Z,xm/2020/04/CapaUtilDiarEner_Sistema.ndjson.gz#CapaUtilDiarEner:Sistema:2020-04-01:2020-04-30
2020-04-21,DemaSIN,176358701.62,kWh,xm:servapibi,2026-09-22T19:11:38Z,xm/2020/04/DemaSIN_Sistema.ndjson.gz#DemaSIN:Sistema:2020-04-01:2020-04-30
2020-04-21,PorcApor,0.63146,fraction,xm:servapibi,2026-09-22T19:11:36Z,xm/2020/04/PorcApor_Sistema.ndjson.gz#PorcApor:Sistema:2020-04-01:2020-04-30
2020-04-21,PorcVoluUtilDiar,0.33084,fraction,xm:servapibi,2026-09-22T19:11:30Z,xm/2020/04/PorcVoluUtilDiar_Sistema.ndjson.gz#PorcVoluUtilDiar:Sistema:2020-04-01:2020-04-30
2020-04-21,PrecBolsNaci,262.9152133333333,COP/kWh,xm:servapibi,2026-09-22T19:11:40Z,xm/2020/04/PrecBolsNaci_Sistema.ndjson.gz#PrecBolsNaci:Sistema:2020-04-01:2020-04-30
2020-04-21,PrecEscaAct,613.83706,COP/kWh,xm:servapibi,2026-09-22T19:11:39Z,xm/2020/04/PrecEscaAct_Sistema.ndjson.gz#PrecEscaAct:Sistema:2020-04-01:2020-04-30
2020-04-21,VoluUtilDiarEner,5621111500,kWh,xm:servapibi,2026-09-22T19:11:31Z,xm/2020/04/VoluUtilDiarEner_Sistema.ndjson.gz#VoluUtilDiarEner:Sistema:2020-04-01:2020-04-30
2020-04-22,AporEner,90621200,kWh,xm:servapibi,2026-09-22T19:11:34Z,xm/2020/04/AporEner_Sistema.ndjson.gz#AporEner:Sistema:2020-04-01:2020-04-30
2020-04-22,AporEnerMediHist,169000000,kWh,xm:servapibi,2026-09-22T19:11:35Z,xm/2020/04/AporEnerMediHist_Sistema.ndjson.gz#AporEnerMediHist:Sistema:2020-04-01:2020-04-30
2020-04-22,CapaUtilDiarEner,16990394897,kWh,xm:servapibi,2026-09-22T19:11:32Z,xm/2020/04/CapaUtilDiarEner_Sistema.ndjson.gz#CapaUtilDiarEner:Sistema:2020-04-01:2020-04-30
2020-04-22,DemaSIN,176987751.48,kWh,xm:servapibi,2026-09-22T19:11:38Z,xm/2020/04/DemaSIN_Sistema.ndjson.gz#DemaSIN:Sistema:2020-04-01:2020-04-30
2020-04-22,PorcApor,0.53622,fraction,xm:servapibi,2026-09-22T19:11:36Z,xm/2020/04/PorcApor_Sistema.ndjson.gz#PorcApor:Sistema:2020-04-01:2020-04-30
2020-04-22,PorcVoluUtilDiar,0.3296,fraction,xm:servapibi,2026-09-22T19:11:30Z,xm/2020/04/PorcVoluUtilDiar_Sistema.ndjson.gz#PorcVoluUtilDiar:Sistema:2020-04-01:2020-04-30
2020-04-22,PrecBolsNaci,259.8132616666667,COP/kWh,xm:servapibi,2026-09-22T19:11:40Z,xm/2020/04/PrecBolsNaci_Sistema.ndjson.gz#PrecBolsNaci:Sistema:2020-04-01:2020-04-30
2020-04-22,PrecEscaAct,613.83706,COP/kWh,xm:servapibi,2026-09-22T19:11:39Z,xm/2020/04/PrecEscaAct_Sistema.ndjson.gz#PrecEscaAct:Sistema:2020-04-01:2020-04-30
2020-04-22,VoluUtilDiarEner,5599969400,kWh,xm:servapibi,2026-09-22T19:11:31Z,xm/2020/04/VoluUtilDiarEner_Sistema.ndjson.gz#VoluUtilDiarEner:Sistema:2020-04-01:2020-04-30
2020-04-23,AporEner,143997600,kWh,xm:servapibi,2026-09-22T19:11:34Z,xm/2020/04/AporEner_Sistema.ndjson.gz#AporEner:Sistema:2020-04-01:2020-04-30
2020-04-23,AporEnerMediHist,169000000,kWh,xm:servapibi,2026-09-22T19:11:35Z,xm/2020/04/AporEnerMediHist_Sistema.ndjson.gz#AporEnerMediHist:Sistema:2020-04-01:2020-04-30
2020-04-23,CapaUtilDiarEner,16990394897,kWh,xm:servapibi,2026-09-22T19:11:32Z,xm/2020/04/CapaUtilDiarEner_Sistema.ndjson.gz#CapaUtilDiarEner:Sistema:2020-04-01:2020-04-30
2020-04-23,DemaSIN,177152632.31,kWh,xm:servapibi,2026-09-22T19:11:38Z,xm/2020/04/DemaSIN_Sistema.ndjson.gz#DemaSIN:Sistema:2020-04-01:2020-04-30
2020-04-23,PorcApor,0.85206,fraction,xm:servapibi,2026-09-22T19:11:36Z,xm/2020/04/PorcApor_Sistema.ndjson.gz#PorcApor:Sistema:2020-04-01:2020-04-30
2020-04-23,PorcVoluUtilDiar,0.33122,fraction,xm:servapibi,2026-09-22T19:11:30Z,xm/2020/04/PorcVoluUtilDiar_Sistema.ndjson.gz#PorcVoluUtilDiar:Sistema:2020-04-01:2020-04-30
2020-04-23,PrecBolsNaci,235.32039000000006,COP/kWh,xm:servapibi,2026-09-22T19:11:40Z,xm/2020/04/PrecBolsNaci_Sistema.ndjson.gz#PrecBolsNaci:Sistema:2020-04-01:2020-04-30
2020-04-23,PrecEscaAct,613.83706,COP/kWh,xm:servapibi,2026-09-22T19:11:39Z,xm/2020/04/PrecEscaAct_Sistema.ndjson.gz#PrecEscaAct:Sistema:2020-04-01:2020-04-30
2020-04-23,VoluUtilDiarEner,5627548700,kWh,xm:servapibi,2026-09-22T19:11:31Z,xm/2020/04/VoluUtilDiarEner_Sistema.ndjson.gz#VoluUtilDiarEner:Sistema:2020-04-01:2020-04-30
2020-04-24,AporEner,105797300,kWh,xm:servapibi,2026-09-22T19:11:34Z,xm/2020/04/AporEner_Sistema.ndjson.gz#AporEner:Sistema:2020-04-01:2020-04-30
2020-04-24,AporEnerMediHist,169000000,kWh,xm:servapibi,2026-09-22T19:11:35Z,xm/2020/04/AporEnerMediHist_Sistema.ndjson.gz#AporEnerMediHist:Sistema:2020-04-01:2020-04-30
2020-04-24,CapaUtilDiarEner,16990394897,kWh,xm:servapibi,2026-09-22T19:11:32Z,xm/2020/04/CapaUtilDiarEner_Sistema.ndjson.gz#CapaUtilDiarEner:Sistema:2020-04-01:2020-04-30
2020-04-24,DemaSIN,178330688.11,kWh,xm:servapibi,2026-09-22T19:11:38Z,xm/2020/04/DemaSIN_Sistema.ndjson.gz#DemaSIN:Sistema:2020-04-01:2020-04-30
2020-04-24,PorcApor,0.62602,fraction,xm:servapibi,2026-09-22T19:11:36Z,xm/2020/04/PorcApor_Sistema.ndjson.gz#PorcApor:Sistema:2020-04-01:2020-04-30
2020-04-24,PorcVoluUtilDiar,0.32952,fraction,xm:servapibi,2026-09-22T19:11:30Z,xm/2020/04/PorcVoluUtilDiar_Sistema.ndjson.gz#PorcVoluUtilDiar:Sistema:2020-04-01:2020-04-30
2020-04-24,PrecBolsNaci,236.14750333333328,COP/kWh,xm:servapibi,2026-09-22T19:11:40Z,xm/2020/04/PrecBolsNaci_Sistema.ndjson.gz#PrecBolsNaci:Sistema:2020-04-01:2020-04-30
2020-04-24,PrecEscaAct,613.83706,COP/kWh,xm:servapibi,2026-09-22T19:11:39Z,xm/2020/04/PrecEscaAct_Sistema.ndjson.gz#PrecEscaAct:Sistema:2020-04-01:2020-04-30
2020-04-24,VoluUtilDiarEner,5598609500,kWh,xm:servapibi,2026-09-22T19:11:31Z,xm/2020/04/VoluUtilDiarEner_Sistema.ndjson.gz#VoluUtilDiarEner:Sistema:2020-04-01:2020-04-30
2020-04-25,AporEner,77425700,kWh,xm:servapibi,2026-09-22T19:11:34Z,xm/2020/04/AporEner_Sistema.ndjson.gz#AporEner:Sistema:2020-04-01:2020-04-30
2020-04-25,AporEnerMediHist,169000000,kWh,xm:servapibi,2026-09-22T19:11:35Z,xm/2020/04/AporEnerMediHist_Sistema.ndjson.gz#AporEnerMediHist:Sistema:2020-04-01:2020-04-30
2020-04-25,CapaUtilDiarEner,16990394897,kWh,xm:servapibi,2026-09-22T19:11:32Z,xm/2020/04/CapaUtilDiarEner_Sistema.ndjson.gz#CapaUtilDiarEner:Sistema:2020-04-01:2020-04-30
2020-04-25,DemaSIN,174499553.92,kWh,xm:servapibi,2026-09-22T19:11:38Z,xm/2020/04/DemaSIN_Sistema.ndjson.gz#DemaSIN:Sistema:2020-04-01:2020-04-30
2020-04-25,PorcApor,0.45814,fraction,xm:servapibi,2026-09-22T19:11:36Z,xm/2020/04/PorcApor_Sistema.ndjson.gz#PorcApor:Sistema:2020-04-01:2020-04-30
2020-04-25,PorcVoluUtilDiar,0.32656,fraction,xm:servapibi,2026-09-22T19:11:30Z,xm/2020/04/PorcVoluUtilDiar_Sistema.ndjson.gz#PorcVoluUtilDiar:Sistema:2020-04-01:2020-04-30
2020-04-25,PrecBolsNaci,205.3460666666667,COP/kWh,xm:servapibi,2026-09-22T19:11:40Z,xm/2020/04/PrecBolsNaci_Sistema.ndjson.gz#PrecBolsNaci:Sistema:2020-04-01:2020-04-30
2020-04-25,PrecEscaAct,613.83706,COP/kWh,xm:servapibi,2026-09-22T19:11:39Z,xm/2020/04/PrecEscaAct_Sistema.ndjson.gz#PrecEscaAct:Sistema:2020-04-01:2020-04-30
2020-04-25,VoluUtilDiarEner,5548452000,kWh,xm:servapibi,2026-09-22T19:11:31Z,xm/2020/04/VoluUtilDiarEner_Sistema.ndjson.gz#VoluUtilDiarEner:Sistema:2020-04-01:2020-04-30
2020-04-26,AporEner,82890700,kWh,xm:servapibi,2026-09-22T19:11:34Z,xm/2020/04/AporEner_Sistema.ndjson.gz#AporEner:Sistema:2020-04-01:2020-04-30
2020-04-26,AporEnerMediHist,169000000,kWh,xm:servapibi,2026-09-22T19:11:35Z,xm/2020/04/AporEnerMediHist_Sistema.ndjson.gz#AporEnerMediHist:Sistema:2020-04-01:2020-04-30
2020-04-26,CapaUtilDiarEner,16990394897,kWh,xm:servapibi,2026-09-22T19:11:32Z,xm/2020/04/CapaUtilDiarEner_Sistema.ndjson.gz#CapaUtilDiarEner:Sistema:2020-04-01:2020-04-30
2020-04-26,DemaSIN,165594586.84,kWh,xm:servapibi,2026-09-22T19:11:38Z,xm/2020/04/DemaSIN_Sistema.ndjson.gz#DemaSIN:Sistema:2020-04-01:2020-04-30
2020-04-26,PorcApor,0.49048,fraction,xm:servapibi,2026-09-22T19:11:36Z,xm/2020/04/PorcApor_Sistema.ndjson.gz#PorcApor:Sistema:2020-04-01:2020-04-30
2020-04-26,PorcVoluUtilDiar,0.32454,fraction,xm:servapibi,2026-09-22T19:11:30Z,xm/2020/04/PorcVoluUtilDiar_Sistema.ndjson.gz#PorcVoluUtilDiar:Sistema:2020-04-01:2020-04-30
2020-04-26,PrecBolsNaci,240.95456666666666,COP/kWh,xm:servapibi,2026-09-22T19:11:40Z,xm/2020/04/PrecBolsNaci_Sistema.ndjson.gz#PrecBolsNaci:Sistema:2020-04-01:2020-04-30
2020-04-26,PrecEscaAct,613.83706,COP/kWh,xm:servapibi,2026-09-22T19:11:39Z,xm/2020/04/PrecEscaAct_Sistema.ndjson.gz#PrecEscaAct:Sistema:2020-04-01:2020-04-30
2020-04-26,VoluUtilDiarEner,5514097300,kWh,xm:servapibi,2026-09-22T19:11:31Z,xm/2020/04/VoluUtilDiarEner_Sistema.ndjson.gz#VoluUtilDiarEner:Sistema:2020-04-01:2020-04-30
2020-04-27,AporEner,80143900,kWh,xm:servapibi,2026-09-22T19:11:34Z,xm/2020/04/AporEner_Sistema.ndjson.gz#AporEner:Sistema:2020-04-01:2020-04-30
2020-04-27,AporEnerMediHist,169000000,kWh,xm:servapibi,2026-09-22T19:11:35Z,xm/2020/04/AporEnerMediHist_Sistema.ndjson.gz#AporEnerMediHist:Sistema:2020-04-01:2020-04-30
2020-04-27,CapaUtilDiarEner,16990394897,kWh,xm:servapibi,2026-09-22T19:11:32Z,xm/2020/04/CapaUtilDiarEner_Sistema.ndjson.gz#CapaUtilDiarEner:Sistema:2020-04-01:2020-04-30
2020-04-27,DemaSIN,181621093.95,kWh,xm:servapibi,2026-09-22T19:11:38Z,xm/2020/04/DemaSIN_Sistema.ndjson.gz#DemaSIN:Sistema:2020-04-01:2020-04-30
2020-04-27,PorcApor,0.47422,fraction,xm:servapibi,2026-09-22T19:11:36Z,xm/2020/04/PorcApor_Sistema.ndjson.gz#PorcApor:Sistema:2020-04-01:2020-04-30
2020-04-27,PorcVoluUtilDiar,0.32127,fraction,xm:servapibi,2026-09-22T19:11:30Z,xm/2020/04/PorcVoluUtilDiar_Sistema.ndjson.gz#PorcVoluUtilDiar:Sistema:2020-04-01:2020-04-30
2020-04-27,PrecBolsNaci,328.31072999999986,COP/kWh,xm:servapibi,2026-09-22T19:11:40Z,xm/2020/04/PrecBolsNaci_Sistema.ndjson.gz#PrecBolsNaci:Sistema:2020-04-01:2020-04-30
2020-04-27,PrecEscaAct,613.83706,COP/kWh,xm:servapibi,2026-09-22T19:11:39Z,xm/2020/04/PrecEscaAct_Sistema.ndjson.gz#PrecEscaAct:Sistema:2020-04-01:2020-04-30
2020-04-27,VoluUtilDiarEner,5458484400,kWh,xm:servapibi,2026-09-22T19:11:31Z,xm/2020/04/VoluUtilDiarEner_Sistema.ndjson.gz#VoluUtilDiarEner:Sistema:2020-04-01:2020-04-30
2020-04-28,AporEner,101676400,kWh,xm:servapibi,2026-09-22T19:11:34Z,xm/2020/04/AporEner_Sistema.ndjson.gz#AporEner:Sistema:2020-04-01:2020-04-30
2020-04-28,AporEnerMediHist,169000000,kWh,xm:servapibi,2026-09-22T19:11:35Z,xm/2020/04/AporEnerMediHist_Sistema.ndjson.gz#AporEnerMediHist:Sistema:2020-04-01:2020-04-30
2020-04-28,CapaUtilDiarEner,16990394897,kWh,xm:servapibi,2026-09-22T19:11:32Z,xm/2020/04/CapaUtilDiarEner_Sistema.ndjson.gz#CapaUtilDiarEner:Sistema:2020-04-01:2020-04-30
2020-04-28,DemaSIN,181818754.09,kWh,xm:servapibi,2026-09-22T19:11:38Z,xm/2020/04/DemaSIN_Sistema.ndjson.gz#DemaSIN:Sistema:2020-04-01:2020-04-30
2020-04-28,PorcApor,0.60164,fraction,xm:servapibi,2026-09-22T19:11:36Z,xm/2020/04/PorcApor_Sistema.ndjson.gz#PorcApor:Sistema:2020-04-01:2020-04-30
2020-04-28,PorcVoluUtilDiar,0.32151,fraction,xm:servapibi,2026-09-22T19:11:30Z,xm/2020/04/PorcVoluUtilDiar_Sistema.ndjson.gz#PorcVoluUtilDiar:Sistema:2020-04-01:2020-04-30
2020-04-28,PrecBolsNaci,368.1643016666667,COP/kWh,xm:servapibi,2026-09-22T19:11:40Z,xm/2020/04/PrecBolsNaci_Sistema.ndjson.gz#PrecBolsNaci:Sistema:2020-04-01:2020-04-30
2020-04-28,PrecEscaAct,613.83706,COP/kWh,xm:servapibi,2026-09-22T19:11:39Z,xm/2020/04/PrecEscaAct_Sistema.ndjson.gz#PrecEscaAct:Sistema:2020-04-01:2020-04-30
2020-04-28,VoluUtilDiarEner,5462591000,kWh,xm:servapibi,2026-09-22T19:11:31Z,xm/2020/04/VoluUtilDiarEner_Sistema.ndjson.gz#VoluUtilDiarEner:Sistema:2020-04-01:2020-04-30
2020-04-29,AporEner,81601800,kWh,xm:servapibi,2026-09-22T19:11:34Z,xm/2020/04/AporEner_Sistema.ndjson.gz#AporEner:Sistema:2020-04-01:2020-04-30
2020-04-29,AporEnerMediHist,169000000,kWh,xm:servapibi,2026-09-22T19:11:35Z,xm/2020/04/AporEnerMediHist_Sistema.ndjson.gz#AporEnerMediHist:Sistema:2020-04-01:2020-04-30
2020-04-29,CapaUtilDiarEner,16990394897,kWh,xm:servapibi,2026-09-22T19:11:32Z,xm/2020/04/CapaUtilDiarEner_Sistema.ndjson.gz#CapaUtilDiarEner:Sistema:2020-04-01:2020-04-30
2020-04-29,DemaSIN,183368973.11,kWh,xm:servapibi,2026-09-22T19:11:38Z,xm/2020/04/DemaSIN_Sistema.ndjson.gz#DemaSIN:Sistema:2020-04-01:2020-04-30
2020-04-29,PorcApor,0.48285,fraction,xm:servapibi,2026-09-22T19:11:36Z,xm/2020/04/PorcApor_Sistema.ndjson.gz#PorcApor:Sistema:2020-04-01:2020-04-30
2020-04-29,PorcVoluUtilDiar,0.3198,fraction,xm:servapibi,2026-09-22T19:11:30Z,xm/2020/04/PorcVoluUtilDiar_Sistema.ndjson.gz#PorcVoluUtilDiar:Sistema:2020-04-01:2020-04-30
2020-04-29,PrecBolsNaci,352.2618983333332,COP/kWh,xm:servapibi,2026-09-22T19:11:40Z,xm/2020/04/PrecBolsNaci_Sistema.ndjson.gz#PrecBolsNaci:Sistema:2020-04-01:2020-04-30
2020-04-29,PrecEscaAct,613.83706,COP/kWh,xm:servapibi,2026-09-22T19:11:39Z,xm/2020/04/PrecEscaAct_Sistema.ndjson.gz#PrecEscaAct:Sistema:2020-04-01:2020-04-30
2020-04-29,VoluUtilDiarEner,5433584600,kWh,xm:servapibi,2026-09-22T19:11:31Z,xm/2020/04/VoluUtilDiarEner_Sistema.ndjson.gz#VoluUtilDiarEner:Sistema:2020-04-01:2020-04-30
2020-04-30,AporEner,94748300,kWh,xm:servapibi,2026-09-22T19:11:34Z,xm/2020/04/AporEner_Sistema.ndjson.gz#AporEner:Sistema:2020-04-01:2020-04-30
2020-04-30,AporEnerMediHist,169000000,kWh,xm:servapibi,2026-09-22T19:11:35Z,xm/2020/04/AporEnerMediHist_Sistema.ndjson.gz#AporEnerMediHist:Sistema:2020-04-01:2020-04-30
2020-04-30,CapaUtilDiarEner,16990394897,kWh,xm:servapibi,2026-09-22T19:11:32Z,xm/2020/04/CapaUtilDiarEner_Sistema.ndjson.gz#CapaUtilDiarEner:Sistema:2020-04-01:2020-04-30
2020-04-30,DemaSIN,183751740.33,kWh,xm:servapibi,2026-09-22T19:11:38Z,xm/2020/04/DemaSIN_Sistema.ndjson.gz#DemaSIN:Sistema:2020-04-01:2020-04-30
2020-04-30,PorcApor,0.56064,fraction,xm:servapibi,2026-09-22T19:11:36Z,xm/2020/04/PorcApor_Sistema.ndjson.gz#PorcApor:Sistema:2020-04-01:2020-04-30
2020-04-30,PorcVoluUtilDiar,0.31812,fraction,xm:servapibi,2026-09-22T19:11:30Z,xm/2020/04/PorcVoluUtilDiar_Sistema.ndjson.gz#PorcVoluUtilDiar:Sistema:2020-04-01:2020-04-30
2020-04-30,PrecBolsNaci,337.90132166666655,COP/kWh,xm:servapibi,2026-09-22T19:11:40Z,xm/2020/04/PrecBolsNaci_Sistema.ndjson.gz#PrecBolsNaci:Sistema:2020-04-01:2020-04-30
2020-04-30,PrecEscaAct,613.83706,COP/kWh,xm:servapibi,2026-09-22T19:11:39Z,xm/2020/04/PrecEscaAct_Sistema.ndjson.gz#PrecEscaAct:Sistema:2020-04-01:2020-04-30
2020-04-30,VoluUtilDiarEner,5405007800,kWh,xm:servapibi,2026-09-22T19:11:31Z,xm/2020/04/VoluUtilDiarEner_Sistema.ndjson.gz#VoluUtilDiarEner:Sistema:2020-04-01:2020-04-30
2020-05-01,AporEner,161569500,kWh,xm:servapibi,2026-09-22T19:11:48Z,xm/2020/05/AporEner_Sistema.ndjson.gz#AporEner:Sistema:2020-05-01:2020-05-31
2020-05-01,AporEnerMediHist,226610000,kWh,xm:servapibi,2026-09-22T19:11:50Z,xm/2020/05/AporEnerMediHist_Sistema.ndjson.gz#AporEnerMediHist:Sistema:2020-05-01:2020-05-31
2020-05-01,CapaUtilDiarEner,16990394897,kWh,xm:servapibi,2026-09-22T19:11:47Z,xm/2020/05/CapaUtilDiarEner_Sistema.ndjson.gz#CapaUtilDiarEner:Sistema:2020-05-01:2020-05-31
2020-05-01,DemaSIN,170262403.99,kWh,xm:servapibi,2026-09-22T19:11:52Z,xm/2020/05/DemaSIN_Sistema.ndjson.gz#DemaSIN:Sistema:2020-05-01:2020-05-31
2020-05-01,PorcApor,0.71298,fraction,xm:servapibi,2026-09-22T19:11:51Z,xm/2020/05/PorcApor_Sistema.ndjson.gz#PorcApor:Sistema:2020-05-01:2020-05-31
2020-05-01,PorcVoluUtilDiar,0.32102,fraction,xm:servapibi,2026-09-22T19:11:45Z,xm/2020/05/PorcVoluUtilDiar_Sistema.ndjson.gz#PorcVoluUtilDiar:Sistema:2020-05-01:2020-05-31
2020-05-01,PrecBolsNaci,283.00777499999987,COP/kWh,xm:servapibi,2026-09-22T19:11:55Z,xm/2020/05/PrecBolsNaci_Sistema.ndjson.gz#PrecBolsNaci:Sistema:2020-05-01:2020-05-31
2020-05-01,PrecEscaAct,588.48055,COP/kWh,xm:servapibi,2026-09-22T19:11:54Z,xm/2020/05/PrecEscaAct_Sistema.ndjson.gz#PrecEscaAct:Sistema:2020-05-01:2020-05-31
2020-05-01,VoluUtilDiarEner,5454305600,kWh,xm:servapibi,2026-09-22T19:11:46Z,xm/2020/05/VoluUtilDiarEner_Sistema.ndjson.gz#VoluUtilDiarEner:Sistema:2020-05-01:2020-05-31
2020-05-02,AporEner,120002800,kWh,xm:servapibi,2026-09-22T19:11:48Z,xm/2020/05/AporEner_Sistema.ndjson.gz#AporEner:Sistema:2020-05-01:2020-05-31
2020-05-02,AporEnerMediHist,226610000,kWh,xm:servapibi,2026-09-22T19:11:50Z,xm/2020/05/AporEnerMediHist_Sistema.ndjson.gz#AporEnerMediHist:Sistema:2020-05-01:2020-05-31
2020-05-02,CapaUtilDiarEner,16990394897,kWh,xm:servapibi,2026-09-22T19:11:47Z,xm/2020/05/CapaUtilDiarEner_Sistema.ndjson.gz#CapaUtilDiarEner:Sistema:2020-05-01:2020-05-31
2020-05-02,DemaSIN,173299552.69,kWh,xm:servapibi,2026-09-22T19:11:52Z,xm/2020/05/DemaSIN_Sistema.ndjson.gz#DemaSIN:Sistema:2020-05-01:2020-05-31
2020-05-02,PorcApor,0.52956,fraction,xm:servapibi,2026-09-22T19:11:51Z,xm/2020/05/PorcApor_Sistema.ndjson.gz#PorcApor:Sistema:2020-05-01:2020-05-31
2020-05-02,PorcVoluUtilDiar,0.32104,fraction,xm:servapibi,2026-09-22T19:11:45Z,xm/2020/05/PorcVoluUtilDiar_Sistema.ndjson.gz#PorcVoluUtilDiar:Sistema:2020-05-01:2020-05-31
2020-05-02,PrecBolsNaci,315.0996049999999,COP/kWh,xm:servapibi,2026-09-22T19:11:55Z,xm/2020/05/PrecBolsNaci_Sistema.ndjson.gz#PrecBolsNaci:Sistema:2020-05-01:2020-05-31
2020-05-02,PrecEscaAct,588.48055,COP/kWh,xm:servapibi,2026-09-22T19:11:54Z,xm/2020/05/PrecEscaAct_Sistema.ndjson.gz#PrecEscaAct:Sistema:2020-05-01:2020-05-31
2020-05-02,VoluUtilDiarEner,5454515300,kWh,xm:servapibi,2026-09-22T19:11:46Z,xm/2020/05/VoluUtilDiarEner_Sistema.ndjson.gz#VoluUtilDiarEner:Sistema:2020-05-01:2020-05-31
2020-05-03,AporEner,141273000,kWh,xm:servapibi,2026-09-22T19:11:48Z,xm/2020/05/AporEner_Sistema.ndjson.gz#AporEner:Sistema:2020-05-01:2020-05-31
2020-05-03,AporEnerMediHist,226610000,kWh,xm:servapibi,2026-09-22T19:11:50Z,xm/2020/05/AporEnerMediHist_Sistema.ndjson.gz#AporEnerMediHist:Sistema:2020-05-01:2020-05-31
2020-05-03,CapaUtilDiarEner,16990394897,kWh,xm:servapibi,2026-09-22T19:11:47Z,xm/2020/05/CapaUtilDiarEner_Sistema.ndjson.gz#CapaUtilDiarEner:Sistema:2020-05-01:2020-05-31
2020-05-03,DemaSIN,164097542.6,kWh,xm:servapibi,2026-09-22T19:11:52Z,xm/2020/05/DemaSIN_Sistema.ndjson.gz#DemaSIN:Sistema:2020-05-01:2020-05-31
2020-05-03,PorcApor,0.62342,fraction,xm:servapibi,2026-09-22T19:11:51Z,xm/2020/05/PorcApor_Sistema.ndjson.gz#PorcApor:Sistema:2020-05-01:2020-05-31
2020-05-03,PorcVoluUtilDiar,0.32336,fraction,xm:servapibi,2026-09-22T19:11:45Z,xm/2020/05/PorcVoluUtilDiar_Sistema.ndjson.gz#PorcVoluUtilDiar:Sistema:2020-05-01:2020-05-31
2020-05-03,PrecBolsNaci,297.5375483333333,COP/kWh,xm:servapibi,2026-09-22T19:11:55Z,xm/2020/05/PrecBolsNaci_Sistema.ndjson.gz#PrecBolsNaci:Sistema:2020-05-01:2020-05-31
2020-05-03,PrecEscaAct,588.48055,COP/kWh,xm:servapibi,2026-09-22T19:11:54Z,xm/2020/05/PrecEscaAct_Sistema.ndjson.gz#PrecEscaAct:Sistema:2020-05-01:2020-05-31
2020-05-03,VoluUtilDiarEner,5493990900,kWh,xm:servapibi,2026-09-22T19:11:46Z,xm/2020/05/VoluUtilDiarEner_Sistema.ndjson.gz#VoluUtilDiarEner:Sistema:2020-05-01:2020-05-31
2020-05-04,AporEner,117375300,kWh,xm:servapibi,2026-09-22T19:11:48Z,xm/2020/05/AporEner_Sistema.ndjson.gz#AporEner:Sistema:2020-05-01:2020-05-31
2020-05-04,AporEnerMediHist,226610000,kWh,xm:servapibi,2026-09-22T19:11:50Z,xm/2020/05/AporEnerMediHist_Sistema.ndjson.gz#AporEnerMediHist:Sistema:2020-05-01:2020-05-31
2020-05-04,CapaUtilDiarEner,16990394897,kWh,xm:servapibi,2026-09-22T19:11:47Z,xm/2020/05/CapaUtilDiarEner_Sistema.ndjson.gz#CapaUtilDiarEner:Sistema:2020-05-01:2020-05-31
2020-05-04,DemaSIN,181966317.7,kWh,xm:servapibi,2026-09-22T19:11:52Z,xm/2020/05/DemaSIN_Sistema.ndjson.gz#DemaSIN:Sistema:2020-05-01:2020-05-31
2020-05-04,PorcApor,0.51796,fraction,xm:servapibi,2026-09-22T19:11:51Z,xm/2020/05/PorcApor_Sistema.ndjson.gz#PorcApor:Sistema:2020-05-01:2020-05-31
2020-05-04,PorcVoluUtilDiar,0.32395,fraction,xm:servapibi,2026-09-22T19:11:45Z,xm/2020/05/PorcVoluUtilDiar_Sistema.ndjson.gz#PorcVoluUtilDiar:Sistema:2020-05-01:2020-05-31
2020-05-04,PrecBolsNaci,307.75543333333343,COP/kWh,xm:servapibi,2026-09-22T19:11:55Z,xm/2020/05/PrecBolsNaci_Sistema.ndjson.gz#PrecBolsNaci:Sistema:2020-05-01:2020-05-31
2020-05-04,PrecEscaAct,588.48055,COP/kWh,xm:servapibi,2026-09-22T19:11:54Z,xm/2020/05/PrecEscaAct_Sistema.ndjson.gz#PrecEscaAct:Sistema:2020-05-01:2020-05-31
2020-05-04,VoluUtilDiarEner,5504030100,kWh,xm:servapibi,2026-09-22T19:11:46Z,xm/2020/05/VoluUtilDiarEner_Sistema.ndjson.gz#VoluUtilDiarEner:Sistema:2020-05-01:2020-05-31
2020-05-05,AporEner,122828900,kWh,xm:servapibi,2026-09-22T19:11:48Z,xm/2020/05/AporEner_Sistema.ndjson.gz#AporEner:Sistema:2020-05-01:2020-05-31
2020-05-05,AporEnerMediHist,226610000,kWh,xm:servapibi,2026-09-22T19:11:50Z,xm/2020/05/AporEnerMediHist_Sistema.ndjson.gz#AporEnerMediHist:Sistema:2020-05-01:2020-05-31
2020-05-05,CapaUtilDiarEner,16990394897,kWh,xm:servapibi,2026-09-22T19:11:47Z,xm/2020/05/CapaUtilDiarEner_Sistema.ndjson.gz#CapaUtilDiarEner:Sistema:2020-05-01:2020-05-31
2020-05-05,DemaSIN,186422548.68,kWh,xm:servapibi,2026-09-22T19:11:52Z,xm/2020/05/DemaSIN_Sistema.ndjson.gz#DemaSIN:Sistema:2020-05-01:2020-05-31
2020-05-05,PorcApor,0.54203,fraction,xm:servapibi,2026-09-22T19:11:51Z,xm/2020/05/PorcApor_Sistema.ndjson.gz#PorcApor:Sistema:2020-05-01:2020-05-31
2020-05-05,PorcVoluUtilDiar,0.32435,fraction,xm:servapibi,2026-09-22T19:11:45Z,xm/2020/05/PorcVoluUtilDiar_Sistema.ndjson.gz#PorcVoluUtilDiar:Sistema:2020-05-01:2020-05-31
2020-05-05,PrecBolsNaci,289.3279333333333,COP/kWh,xm:servapibi,2026-09-22T19:11:55Z,xm/2020/05/PrecBolsNaci_Sistema.ndjson.gz#PrecBolsNaci:Sistema:2020-05-01:2020-05-31
2020-05-05,PrecEscaAct,588.48055,COP/kWh,xm:servapibi,2026-09-22T19:11:54Z,xm/2020/05/PrecEscaAct_Sistema.ndjson.gz#PrecEscaAct:Sistema:2020-05-01:2020-05-31
2020-05-05,VoluUtilDiarEner,5510860100,kWh,xm:servapibi,2026-09-22T19:11:46Z,xm/2020/05/VoluUtilDiarEner_Sistema.ndjson.gz#VoluUtilDiarEner:Sistema:2020-05-01:2020-05-31
2020-05-06,AporEner,110025300,kWh,xm:servapibi,2026-09-22T19:11:48Z,xm/2020/05/AporEner_Sistema.ndjson.gz#AporEner:Sistema:2020-05-01:2020-05-31
2020-05-06,AporEnerMediHist,226610000,kWh,xm:servapibi,2026-09-22T19:11:50Z,xm/2020/05/AporEnerMediHist_Sistema.ndjson.gz#AporEnerMediHist:Sistema:2020-05-01:2020-05-31
2020-05-06,CapaUtilDiarEner,16990394897,kWh,xm:servapibi,2026-09-22T19:11:47Z,xm/2020/05/CapaUtilDiarEner_Sistema.ndjson.gz#CapaUtilDiarEner:Sistema:2020-05-01:2020-05-31
2020-05-06,DemaSIN,187943583.63,kWh,xm:servapibi,2026-09-22T19:11:52Z,xm/2020/05/DemaSIN_Sistema.ndjson.gz#DemaSIN:Sistema:2020-05-01:2020-05-31
2020-05-06,PorcApor,0.48553,fraction,xm:servapibi,2026-09-22T19:11:51Z,xm/2020/05/PorcApor_Sistema.ndjson.gz#PorcApor:Sistema:2020-05-01:2020-05-31
2020-05-06,PorcVoluUtilDiar,0.32318,fraction,xm:servapibi,2026-09-22T19:11:45Z,xm/2020/05/PorcVoluUtilDiar_Sistema.ndjson.gz#PorcVoluUtilDiar:Sistema:2020-05-01:2020-05-31
2020-05-06,PrecBolsNaci,275.9613083333332,COP/kWh,xm:servapibi,2026-09-22T19:11:55Z,xm/2020/05/PrecBolsNaci_Sistema.ndjson.gz#PrecBolsNaci:Sistema:2020-05-01:2020-05-31
2020-05-06,PrecEscaAct,588.48055,COP/kWh,xm:servapibi,2026-09-22T19:11:54Z,xm/2020/05/PrecEscaAct_Sistema.ndjson.gz#PrecEscaAct:Sistema:2020-05-01:2020-05-31
2020-05-06,VoluUtilDiarEner,5490894400,kWh,xm:servapibi,2026-09-22T19:11:46Z,xm/2020/05/VoluUtilDiarEner_Sistema.ndjson.gz#VoluUtilDiarEner:Sistema:2020-05-01:2020-05-31
2020-05-07,AporEner,200041200,kWh,xm:servapibi,2026-09-22T19:11:48Z,xm/2020/05/AporEner_Sistema.ndjson.gz#AporEner:Sistema:2020-05-01:2020-05-31
2020-05-07,AporEnerMediHist,226610000,kWh,xm:servapibi,2026-09-22T19:11:50Z,xm/2020/05/AporEnerMediHist_Sistema.ndjson.gz#AporEnerMediHist:Sistema:2020-05-01:2020-05-31
2020-05-07,CapaUtilDiarEner,16990394897,kWh,xm:servapibi,2026-09-22T19:11:47Z,xm/2020/05/CapaUtilDiarEner_Sistema.ndjson.gz#CapaUtilDiarEner:Sistema:2020-05-01:2020-05-31
2020-05-07,DemaSIN,187593797.69,kWh,xm:servapibi,2026-09-22T19:11:52Z,xm/2020/05/DemaSIN_Sistema.ndjson.gz#DemaSIN:Sistema:2020-05-01:2020-05-31
2020-05-07,PorcApor,0.88276,fraction,xm:servapibi,2026-09-22T19:11:51Z,xm/2020/05/PorcApor_Sistema.ndjson.gz#PorcApor:Sistema:2020-05-01:2020-05-31
2020-05-07,PorcVoluUtilDiar,0.32706,fraction,xm:servapibi,2026-09-22T19:11:45Z,xm/2020/05/PorcVoluUtilDiar_Sistema.ndjson.gz#PorcVoluUtilDiar:Sistema:2020-05-01:2020-05-31
2020-05-07,PrecBolsNaci,300.75023499999986,COP/kWh,xm:servapibi,2026-09-22T19:11:55Z,xm/2020/05/PrecBolsNaci_Sistema.ndjson.gz#PrecBolsNaci:Sistema:2020-05-01:2020-05-31
2020-05-07,PrecEscaAct,588.48055,COP/kWh,xm:servapibi,2026-09-22T19:11:54Z,xm/2020/05/PrecEscaAct_Sistema.ndjson.gz#PrecEscaAct:Sistema:2020-05-01:2020-05-31
2020-05-07,VoluUtilDiarEner,5556833800,kWh,xm:servapibi,2026-09-22T19:11:46Z,xm/2020/05/VoluUtilDiarEner_Sistema.ndjson.gz#VoluUtilDiarEner:Sistema:2020-05-01:2020-05-31
2020-05-08,AporEner,139352900,kWh,xm:servapibi,2026-09-22T19:11:48Z,xm/2020/05/AporEner_Sistema.ndjson.gz#AporEner:Sistema:2020-05-01:2020-05-31
2020-05-08,AporEnerMediHist,226610000,kWh,xm:servapibi,2026-09-22T19:11:50Z,xm/2020/05/AporEnerMediHist_Sistema.ndjson.gz#AporEnerMediHist:Sistema:2020-05-01:2020-05-31
2020-05-08,CapaUtilDiarEner,16990394897,kWh,xm:servapibi,2026-09-22T19:11:47Z,xm/2020/05/CapaUtilDiarEner_Sistema.ndjson.gz#CapaUtilDiarEner:Sistema:2020-05-01:2020-05-31
2020-05-08,DemaSIN,187199604.36,kWh,xm:servapibi,2026-09-22T19:11:52Z,xm/2020/05/DemaSIN_Sistema.ndjson.gz#DemaSIN:Sistema:2020-05-01:2020-05-31
2020-05-08,PorcApor,0.61495,fraction,xm:servapibi,2026-09-22T19:11:51Z,xm/2020/05/PorcApor_Sistema.ndjson.gz#PorcApor:Sistema:2020-05-01:2020-05-31
2020-05-08,PorcVoluUtilDiar,0.32774,fraction,xm:servapibi,2026-09-22T19:11:45Z,xm/2020/05/PorcVoluUtilDiar_Sistema.ndjson.gz#PorcVoluUtilDiar:Sistema:2020-05-01:2020-05-31
2020-05-08,PrecBolsNaci,324.28588333333335,COP/kWh,xm:servapibi,2026-09-22T19:11:55Z,xm/2020/05/PrecBolsNaci_Sistema.ndjson.gz#PrecBolsNaci:Sistema:2020-05-01:2020-05-31
2020-05-08,PrecEscaAct,588.48055,COP/kWh,xm:servapibi,2026-09-22T19:11:54Z,xm/2020/05/PrecEscaAct_Sistema.ndjson.gz#PrecEscaAct:Sistema:2020-05-01:2020-05-31
2020-05-08,VoluUtilDiarEner,5568398000,kWh,xm:servapibi,2026-09-22T19:11:46Z,xm/2020/05/VoluUtilDiarEner_Sistema.ndjson.gz#VoluUtilDiarEner:Sistema:2020-05-01:2020-05-31
2020-05-09,AporEner,122627100,kWh,xm:servapibi,2026-09-22T19:11:48Z,xm/2020/05/AporEner_Sistema.ndjson.gz#AporEner:Sistema:2020-05-01:2020-05-31
2020-05-09,AporEnerMediHist,226610000,kWh,xm:servapibi,2026-09-22T19:11:50Z,xm/2020/05/AporEnerMediHist_Sistema.ndjson.gz#AporEnerMediHist:Sistema:2020-05-01:2020-05-31
2020-05-09,CapaUtilDiarEner,16990394897,kWh,xm:servapibi,2026-09-22T19:11:47Z,xm/2020/05/CapaUtilDiarEner_Sistema.ndjson.gz#CapaUtilDiarEner:Sistema:2020-05-01:2020-05-31
2020-05-09,DemaSIN,181027861.76,kWh,xm:servapibi,2026-09-22T19:11:52Z,xm/2020/05/DemaSIN_Sistema.ndjson.gz#DemaSIN:Sistema:2020-05-01:2020-05-31
2020-05-09,PorcApor,0.54114,fraction,xm:servapibi,2026-09-22T19:11:51Z,xm/2020/05/PorcApor_Sistema.ndjson.gz#PorcApor:Sistema:2020-05-01:2020-05-31
2020-05-09,PorcVoluUtilDiar,0.3276,fraction,xm:servapibi,2026-09-22T19:11:45Z,xm/2020/05/PorcVoluUtilDiar_Sistema.ndjson.gz#PorcVoluUtilDiar:Sistema:2020-05-01:2020-05-31
2020-05-09,PrecBolsNaci,256.105415,COP/kWh,xm:servapibi,2026-09-22T19:11:55Z,xm/2020/05/PrecBolsNaci_Sistema.ndjson.gz#PrecBolsNaci:Sistema:2020-05-01:2020-05-31
2020-05-09,PrecEscaAct,588.48055,COP/kWh,xm:servapibi,2026-09-22T19:11:54Z,xm/2020/05/PrecEscaAct_Sistema.ndjson.gz#PrecEscaAct:Sistema:2020-05-01:2020-05-31
2020-05-09,VoluUtilDiarEner,5566133100,kWh,xm:servapibi,2026-09-22T19:11:46Z,xm/2020/05/VoluUtilDiarEner_Sistema.ndjson.gz#VoluUtilDiarEner:Sistema:2020-05-01:2020-05-31
2020-05-10,AporEner,108688100,kWh,xm:servapibi,2026-09-22T19:11:48Z,xm/2020/05/AporEner_Sistema.ndjson.gz#AporEner:Sistema:2020-05-01:2020-05-31
2020-05-10,AporEnerMediHist,226610000,kWh,xm:servapibi,2026-09-22T19:11:50Z,xm/2020/05/AporEnerMediHist_Sistema.ndjson.gz#AporEnerMediHist:Sistema:2020-05-01:2020-05-31
2020-05-10,CapaUtilDiarEner,16990394897,kWh,xm:servapibi,2026-09-22T19:11:47Z,xm/2020/05/CapaUtilDiarEner_Sistema.ndjson.gz#CapaUtilDiarEner:Sistema:2020-05-01:2020-05-31
2020-05-10,DemaSIN,168946867.76,kWh,xm:servapibi,2026-09-22T19:11:52Z,xm/2020/05/DemaSIN_Sistema.ndjson.gz#DemaSIN:Sistema:2020-05-01:2020-05-31
2020-05-10,PorcApor,0.47963,fraction,xm:servapibi,2026-09-22T19:11:51Z,xm/2020/05/PorcApor_Sistema.ndjson.gz#PorcApor:Sistema:2020-05-01:2020-05-31
2020-05-10,PorcVoluUtilDiar,0.32768,fraction,xm:servapibi,2026-09-22T19:11:45Z,xm/2020/05/PorcVoluUtilDiar_Sistema.ndjson.gz#PorcVoluUtilDiar:Sistema:2020-05-01:2020-05-31
2020-05-10,PrecBolsNaci,306.45027166666665,COP/kWh,xm:servapibi,2026-09-22T19:11:55Z,xm/2020/05/PrecBolsNaci_Sistema.ndjson.gz#PrecBolsNaci:Sistema:2020-05-01:2020-05-31
2020-05-10,PrecEscaAct,588.48055,COP/kWh,xm:servapibi,2026-09-22T19:11:54Z,xm/2020/05/PrecEscaAct_Sistema.ndjson.gz#PrecEscaAct:Sistema:2020-05-01:2020-05-31
2020-05-10,VoluUtilDiarEner,5567453600,kWh,xm:servapibi,2026-09-22T19:11:46Z,xm/2020/05/VoluUtilDiarEner_Sistema.ndjson.gz#VoluUtilDiarEner:Sistema:2020-05-01:2020-05-31
2020-05-11,AporEner,111210300,kWh,xm:servapibi,2026-09-22T19:11:48Z,xm/2020/05/AporEner_Sistema.ndjson.gz#AporEner:Sistema:2020-05-01:2020-05-31
2020-05-11,AporEnerMediHist,226610000,kWh,xm:servapibi,2026-09-22T19:11:50Z,xm/2020/05/AporEnerMediHist_Sistema.ndjson.gz#AporEnerMediHist:Sistema:2020-05-01:2020-05-31
2020-05-11,CapaUtilDiarEner,16990394897,kWh,xm:servapibi,2026-09-22T19:11:47Z,xm/2020/05/CapaUtilDiarEner_Sistema.ndjson.gz#CapaUtilDiarEner:Sistema:2020-05-01:2020-05-31
2020-05-11,DemaSIN,188765317.75,kWh,xm:servapibi,2026-09-22T19:11:52Z,xm/2020/05/DemaSIN_Sistema.ndjson.gz#DemaSIN:Sistema:2020-05-01:2020-05-31
2020-05-11,PorcApor,0.49076,fraction,xm:servapibi,2026-09-22T19:11:51Z,xm/2020/05/PorcApor_Sistema.ndjson.gz#PorcApor:Sistema:2020-05-01:2020-05-31
2020-05-11,PorcVoluUtilDiar,0.32657,fraction,xm:servapibi,2026-09-22T19:11:45Z,xm/2020/05/PorcVoluUtilDiar_Sistema.ndjson.gz#PorcVoluUtilDiar:Sistema:2020-05-01:2020-05-31
2020-05-11,PrecBolsNaci,328.90182666666675,COP/kWh,xm:servapibi,2026-09-22T19:11:55Z,xm/2020/05/PrecBolsNaci_Sistema.ndjson.gz#PrecBolsNaci:Sistema:2020-05-01:2020-05-31
2020-05-11,PrecEscaAct,588.48055,COP/kWh,xm:servapibi,2026-09-22T19:11:54Z,xm/2020/05/PrecEscaAct_Sistema.ndjson.gz#PrecEscaAct:Sistema:2020-05-01:2020-05-31
2020-05-11,VoluUtilDiarEner,5548550100,kWh,xm:servapibi,2026-09-22T19:11:46Z,xm/2020/05/VoluUtilDiarEner_Sistema.ndjson.gz#VoluUtilDiarEner:Sistema:2020-05-01:2020-05-31
2020-05-12,AporEner,98049600,kWh,xm:servapibi,2026-09-22T19:11:48Z,xm/2020/05/AporEner_Sistema.ndjson.gz#AporEner:Sistema:2020-05-01:2020-05-31
2020-05-12,AporEnerMediHist,226610000,kWh,xm:servapibi,2026-09-22T19:11:50Z,xm/2020/05/AporEnerMediHist_Sistema.ndjson.gz#AporEnerMediHist:Sistema:2020-05-01:2020-05-31
2020-05-12,CapaUtilDiarEner,16990394897,kWh,xm:servapibi,2026-09-22T19:11:47Z,xm/2020/05/CapaUtilDiarEner_Sistema.ndjson.gz#CapaUtilDiarEner:Sistema:2020-05-01:2020-05-31
2020-05-12,DemaSIN,189058013.57,kWh,xm:servapibi,2026-09-22T19:11:52Z,xm/2020/05/DemaSIN_Sistema.ndjson.gz#DemaSIN:Sistema:2020-05-01:2020-05-31
2020-05-12,PorcApor,0.43268,fraction,xm:servapibi,2026-09-22T19:11:51Z,xm/2020/05/PorcApor_Sistema.ndjson.gz#PorcApor:Sistema:2020-05-01:2020-05-31
2020-05-12,PorcVoluUtilDiar,0.32447,fraction,xm:servapibi,2026-09-22T19:11:45Z,xm/2020/05/PorcVoluUtilDiar_Sistema.ndjson.gz#PorcVoluUtilDiar:Sistema:2020-05-01:2020-05-31
2020-05-12,PrecBolsNaci,329.43261666666666,COP/kWh,xm:servapibi,2026-09-22T19:11:55Z,xm/2020/05/PrecBolsNaci_Sistema.ndjson.gz#PrecBolsNaci:Sistema:2020-05-01:2020-05-31
2020-05-12,PrecEscaAct,588.48055,COP/kWh,xm:servapibi,2026-09-22T19:11:54Z,xm/2020/05/PrecEscaAct_Sistema.ndjson.gz#PrecEscaAct:Sistema:2020-05-01:2020-05-31
2020-05-12,VoluUtilDiarEner,5512907000,kWh,xm:servapibi,2026-09-22T19:11:46Z,xm/2020/05/VoluUtilDiarEner_Sistema.ndjson.gz#VoluUtilDiarEner:Sistema:2020-05-01:2020-05-31
2020-05-13,AporEner,138137000,kWh,xm:servapibi,2026-09-22T19:11:48Z,xm/2020/05/AporEner_Sistema.ndjson.gz#AporEner:Sistema:2020-05-01:2020-05-31
2020-05-13,AporEnerMediHist,226610000,kWh,xm:servapibi,2026-09-22T19:11:50Z,xm/2020/05/AporEnerMediHist_Sistema.ndjson.gz#AporEnerMediHist:Sistema:2020-05-01:2020-05-31
2020-05-13,CapaUtilDiarEner,16990394897,kWh,xm:servapibi,2026-09-22T19:11:47Z,xm/2020/05/CapaUtilDiarEner_Sistema.ndjson.gz#CapaUtilDiarEner:Sistema:2020-05-01:2020-05-31
2020-05-13,DemaSIN,184835252.26,kWh,xm:servapibi,2026-09-22T19:11:52Z,xm/2020/05/DemaSIN_Sistema.ndjson.gz#DemaSIN:Sistema:2020-05-01:2020-05-31
2020-05-13,PorcApor,0.60958,fraction,xm:servapibi,2026-09-22T19:11:51Z,xm/2020/05/PorcApor_Sistema.ndjson.gz#PorcApor:Sistema:2020-05-01:2020-05-31
2020-05-13,PorcVoluUtilDiar,0.32532,fraction,xm:servapibi,2026-09-22T19:11:45Z,xm/2020/05/PorcVoluUtilDiar_Sistema.ndjson.gz#PorcVoluUtilDiar:Sistema:2020-05-01:2020-05-31
2020-05-13,PrecBolsNaci,330.3994500000001,COP/kWh,xm:servapibi,2026-09-22T19:11:55Z,xm/2020/05/PrecBolsNaci_Sistema.ndjson.gz#PrecBolsNaci:Sistema:2020-05-01:2020-05-31
2020-05-13,PrecEscaAct,588.48055,COP/kWh,xm:servapibi,2026-09-22T19:11:54Z,xm/2020/05/PrecEscaAct_Sistema.ndjson.gz#PrecEscaAct:Sistema:2020-05-01:2020-05-31
2020-05-13,VoluUtilDiarEner,5527235700,kWh,xm:servapibi,2026-09-22T19:11:46Z,xm/2020/05/VoluUtilDiarEner_Sistema.ndjson.gz#VoluUtilDiarEner:Sistema:2020-05-01:2020-05-31
2020-05-14,AporEner,112494600,kWh,xm:servapibi,2026-09-22T19:11:48Z,xm/2020/05/AporEner_Sistema.ndjson.gz#AporEner:Sistema:2020-05-01:2020-05-31
2020-05-14,AporEnerMediHist,226610000,kWh,xm:servapibi,2026-09-22T19:11:50Z,xm/2020/05/AporEnerMediHist_Sistema.ndjson.gz#AporEnerMediHist:Sistema:2020-05-01:2020-05-31
2020-05-14,CapaUtilDiarEner,16990394897,kWh,xm:servapibi,2026-09-22T19:11:47Z,xm/2020/05/CapaUtilDiarEner_Sistema.ndjson.gz#CapaUtilDiarEner:Sistema:2020-05-01:2020-05-31
2020-05-14,DemaSIN,187588502.54,kWh,xm:servapibi,2026-09-22T19:11:52Z,xm/2020/05/DemaSIN_Sistema.ndjson.gz#DemaSIN:Sistema:2020-05-01:2020-05-31
2020-05-14,PorcApor,0.49642,fraction,xm:servapibi,2026-09-22T19:11:51Z,xm/2020/05/PorcApor_Sistema.ndjson.gz#PorcApor:Sistema:2020-05-01:2020-05-31
2020-05-14,PorcVoluUtilDiar,0.3231,fraction,xm:servapibi,2026-09-22T19:11:45Z,xm/2020/05/PorcVoluUtilDiar_Sistema.ndjson.gz#PorcVoluUtilDiar:Sistema:2020-05-01:2020-05-31
2020-05-14,PrecBolsNaci,404.4643116666664,COP/kWh,xm:servapibi,2026-09-22T19:11:55Z,xm/2020/05/PrecBolsNaci_Sistema.ndjson.gz#PrecBolsNaci:Sistema:2020-05-01:2020-05-31
2020-05-14,PrecEscaAct,588.48055,COP/kWh,xm:servapibi,2026-09-22T19:11:54Z,xm/2020/05/PrecEscaAct_Sistema.ndjson.gz#PrecEscaAct:Sistema:2020-05-01:2020-05-31
2020-05-14,VoluUtilDiarEner,5489554700,kWh,xm:servapibi,2026-09-22T19:11:46Z,xm/2020/05/VoluUtilDiarEner_Sistema.ndjson.gz#VoluUtilDiarEner:Sistema:2020-05-01:2020-05-31
2020-05-15,AporEner,99181200,kWh,xm:servapibi,2026-09-22T19:11:48Z,xm/2020/05/AporEner_Sistema.ndjson.gz#AporEner:Sistema:2020-05-01:2020-05-31
2020-05-15,AporEnerMediHist,226610000,kWh,xm:servapibi,2026-09-22T19:11:50Z,xm/2020/05/AporEnerMediHist_Sistema.ndjson.gz#AporEnerMediHist:Sistema:2020-05-01:2020-05-31
2020-05-15,CapaUtilDiarEner,16990394897,kWh,xm:servapibi,2026-09-22T19:11:47Z,xm/2020/05/CapaUtilDiarEner_Sistema.ndjson.gz#CapaUtilDiarEner:Sistema:2020-05-01:2020-05-31
2020-05-15,DemaSIN,188035493.36,kWh,xm:servapibi,2026-09-22T19:11:52Z,xm/2020/05/DemaSIN_Sistema.ndjson.gz#DemaSIN:Sistema:2020-05-01:2020-05-31
2020-05-15,PorcApor,0.43767,fraction,xm:servapibi,2026-09-22T19:11:51Z,xm/2020/05/PorcApor_Sistema.ndjson.gz#PorcApor:Sistema:2020-05-01:2020-05-31
2020-05-15,PorcVoluUtilDiar,0.32172,fraction,xm:servapibi,2026-09-22T19:11:45Z,xm/2020/05/PorcVoluUtilDiar_Sistema.ndjson.gz#PorcVoluUtilDiar:Sistema:2020-05-01:2020-05-31
2020-05-15,PrecBolsNaci,443.6346000000001,COP/kWh,xm:servapibi,2026-09-22T19:11:55Z,xm/2020/05/PrecBolsNaci_Sistema.ndjson.gz#PrecBolsNaci:Sistema:2020-05-01:2020-05-31
2020-05-15,PrecEscaAct,588.48055,COP/kWh,xm:servapibi,2026-09-22T19:11:54Z,xm/2020/05/PrecEscaAct_Sistema.ndjson.gz#PrecEscaAct:Sistema:2020-05-01:2020-05-31
2020-05-15,VoluUtilDiarEner,5466205800,kWh,xm:servapibi,2026-09-22T19:11:46Z,xm/2020/05/VoluUtilDiarEner_Sistema.ndjson.gz#VoluUtilDiarEner:Sistema:2020-05-01:2020-05-31
2020-05-16,AporEner,163575900,kWh,xm:servapibi,2026-09-22T19:11:48Z,xm/2020/05/AporEner_Sistema.ndjson.gz#AporEner:Sistema:2020-05-01:2020-05-31
2020-05-16,AporEnerMediHist,226610000,kWh,xm:servapibi,2026-09-22T19:11:50Z,xm/2020/05/AporEnerMediHist_Sistema.ndjson.gz#AporEnerMediHist:Sistema:2020-05-01:2020-05-31
2020-05-16,CapaUtilDiarEner,16990394897,kWh,xm:servapibi,2026-09-22T19:11:47Z,xm/2020/05/CapaUtilDiarEner_Sistema.ndjson.gz#CapaUtilDiarEner:Sistema:2020-05-01:2020-05-31
2020-05-16,DemaSIN,183363816.73,kWh,xm:servapibi,2026-09-22T19:11:52Z,xm/2020/05/DemaSIN_Sistema.ndjson.gz#DemaSIN:Sistema:2020-05-01:2020-05-31
2020-05-16,PorcApor,0.72184,fraction,xm:servapibi,2026-09-22T19:11:51Z,xm/2020/05/PorcApor_Sistema.ndjson.gz#PorcApor:Sistema:2020-05-01:2020-05-31
2020-05-16,PorcVoluUtilDiar,0.32299,fraction,xm:servapibi,2026-09-22T19:11:45Z,xm/2020/05/PorcVoluUtilDiar_Sistema.ndjson.gz#PorcVoluUtilDiar:Sistema:2020-05-01:2020-05-31
2020-05-16,PrecBolsNaci,460.6456233333331,COP/kWh,xm:servapibi,2026-09-22T19:11:55Z,xm/2020/05/PrecBolsNaci_Sistema.ndjson.gz#PrecBolsNaci:Sistema:2020-05-01:2020-05-31
2020-05-16,PrecEscaAct,588.48055,COP/kWh,xm:servapibi,2026-09-22T19:11:54Z,xm/2020/05/PrecEscaAct_Sistema.ndjson.gz#PrecEscaAct:Sistema:2020-05-01:2020-05-31
2020-05-16,VoluUtilDiarEner,5487646200,kWh,xm:servapibi,2026-09-22T19:11:46Z,xm/2020/05/VoluUtilDiarEner_Sistema.ndjson.gz#VoluUtilDiarEner:Sistema:2020-05-01:2020-05-31
2020-05-17,AporEner,127879200,kWh,xm:servapibi,2026-09-22T19:11:48Z,xm/2020/05/AporEner_Sistema.ndjson.gz#AporEner:Sistema:2020-05-01:2020-05-31
2020-05-17,AporEnerMediHist,226610000,kWh,xm:servapibi,2026-09-22T19:11:50Z,xm/2020/05/AporEnerMediHist_Sistema.ndjson.gz#AporEnerMediHist:Sistema:2020-05-01:2020-05-31
2020-05-17,CapaUtilDiarEner,16990394897,kWh,xm:servapibi,2026-09-22T19:11:47Z,xm/2020/05/CapaUtilDiarEner_Sistema.ndjson.gz#CapaUtilDiarEner:Sistema:2020-05-01:2020-05-31
2020-05-17,DemaSIN,167638948.47,kWh,xm:servapibi,2026-09-22T19:11:52Z,xm/2020/05/DemaSIN_Sistema.ndjson.gz#DemaSIN:Sistema:2020-05-01:2020-05-31
2020-05-17,PorcApor,0.56431,fraction,xm:servapibi,2026-09-22T19:11:51Z,xm/2020/05/PorcApor_Sistema.ndjson.gz#PorcApor:Sistema:2020-05-01:2020-05-31
2020-05-17,PorcVoluUtilDiar,0.32507,fraction,xm:servapibi,2026-09-22T19:11:45Z,xm/2020/05/PorcVoluUtilDiar_Sistema.ndjson.gz#PorcVoluUtilDiar:Sistema:2020-05-01:2020-05-31
2020-05-17,PrecBolsNaci,454.9174000000001,COP/kWh,xm:servapibi,2026-09-22T19:11:55Z,xm/2020/05/PrecBolsNaci_Sistema.ndjson.gz#PrecBolsNaci:Sistema:2020-05-01:2020-05-31
2020-05-17,PrecEscaAct,588.48055,COP/kWh,xm:servapibi,2026-09-22T19:11:54Z,xm/2020/05/PrecEscaAct_Sistema.ndjson.gz#PrecEscaAct:Sistema:2020-05-01:2020-05-31
2020-05-17,VoluUtilDiarEner,5523048900,kWh,xm:servapibi,2026-09-22T19:11:46Z,xm/2020/05/VoluUtilDiarEner_Sistema.ndjson.gz#VoluUtilDiarEner:Sistema:2020-05-01:2020-05-31
2020-05-18,AporEner,144412900,kWh,xm:servapibi,2026-09-22T19:11:48Z,xm/2020/05/AporEner_Sistema.ndjson.gz#AporEner:Sistema:2020-05-01:2020-05-31
2020-05-18,AporEnerMediHist,226610000,kWh,xm:servapibi,2026-09-22T19:11:50Z,xm/2020/05/AporEnerMediHist_Sistema.ndjson.gz#AporEnerMediHist:Sistema:2020-05-01:2020-05-31
2020-05-18,CapaUtilDiarEner,16990394897,kWh,xm:servapibi,2026-09-22T19:11:47Z,xm/2020/05/CapaUtilDiarEner_Sistema.ndjson.gz#CapaUtilDiarEner:Sistema:2020-05-01:2020-05-31
2020-05-18,DemaSIN,186571421.2,kWh,xm:servapibi,2026-09-22T19:11:52Z,xm/2020/05/DemaSIN_Sistema.ndjson.gz#DemaSIN:Sistema:2020-05-01:2020-05-31
2020-05-18,PorcApor,0.63728,fraction,xm:servapibi,2026-09-22T19:11:51Z,xm/2020/05/PorcApor_Sistema.ndjson.gz#PorcApor:Sistema:2020-05-01:2020-05-31
2020-05-18,PorcVoluUtilDiar,0.32741,fraction,xm:servapibi,2026-09-22T19:11:45Z,xm/2020/05/PorcVoluUtilDiar_Sistema.ndjson.gz#PorcVoluUtilDiar:Sistema:2020-05-01:2020-05-31
2020-05-18,PrecBolsNaci,457.30725999999987,COP/kWh,xm:servapibi,2026-09-22T19:11:55Z,xm/2020/05/PrecBolsNaci_Sistema.ndjson.gz#PrecBolsNaci:Sistema:2020-05-01:2020-05-31
2020-05-18,PrecEscaAct,588.48055,COP/kWh,xm:servapibi,2026-09-22T19:11:54Z,xm/2020/05/PrecEscaAct_Sistema.ndjson.gz#PrecEscaAct:Sistema:2020-05-01:2020-05-31
2020-05-18,VoluUtilDiarEner,5562847600,kWh,xm:servapibi,2026-09-22T19:11:46Z,xm/2020/05/VoluUtilDiarEner_Sistema.ndjson.gz#VoluUtilDiarEner:Sistema:2020-05-01:2020-05-31
2020-05-19,AporEner,182814900,kWh,xm:servapibi,2026-09-22T19:11:48Z,xm/2020/05/AporEner_Sistema.ndjson.gz#AporEner:Sistema:2020-05-01:2020-05-31
2020-05-19,AporEnerMediHist,226610000,kWh,xm:servapibi,2026-09-22T19:11:50Z,xm/2020/05/AporEnerMediHist_Sistema.ndjson.gz#AporEnerMediHist:Sistema:2020-05-01:2020-05-31
2020-05-19,CapaUtilDiarEner,16990394897,kWh,xm:servapibi,2026-09-22T19:11:47Z,xm/2020/05/CapaUtilDiarEner_Sistema.ndjson.gz#CapaUtilDiarEner:Sistema:2020-05-01:2020-05-31
2020-05-19,DemaSIN,186111923.44,kWh,xm:servapibi,2026-09-22T19:11:52Z,xm/2020/05/DemaSIN_Sistema.ndjson.gz#DemaSIN:Sistema:2020-05-01:2020-05-31
2020-05-19,PorcApor,0.80674,fraction,xm:servapibi,2026-09-22T19:11:51Z,xm/2020/05/PorcApor_Sistema.ndjson.gz#PorcApor:Sistema:2020-05-01:2020-05-31
2020-05-19,PorcVoluUtilDiar,0.33341,fraction,xm:servapibi,2026-09-22T19:11:45Z,xm/2020/05/PorcVoluUtilDiar_Sistema.ndjson.gz#PorcVoluUtilDiar:Sistema:2020-05-01:2020-05-31
2020-05-19,PrecBolsNaci,397.39718333333343,COP/kWh,xm:servapibi,2026-09-22T19:11:55Z,xm/2020/05/PrecBolsNaci_Sistema.ndjson.gz#PrecBolsNaci:Sistema:2020-05-01:2020-05-31
2020-05-19,PrecEscaAct,588.48055,COP/kWh,xm:servapibi,2026-09-22T19:11:54Z,xm/2020/05/PrecEscaAct_Sistema.ndjson.gz#PrecEscaAct:Sistema:2020-05-01:2020-05-31
2020-05-19,VoluUtilDiarEner,5664768700,kWh,xm:servapibi,2026-09-22T19:11:46Z,xm/2020/05/VoluUtilDiarEner_Sistema.ndjson.gz#VoluUtilDiarEner:Sistema:2020-05-01:2020-05-31
2020-05-20,AporEner,129017600,kWh,xm:servapibi,2026-09-22T19:11:48Z,xm/2020/05/AporEner_Sistema.ndjson.gz#AporEner:Sistema:2020-05-01:2020-05-31
2020-05-20,AporEnerMediHist,226610000,kWh,xm:servapibi,2026-09-22T19:11:50Z,xm/2020/05/AporEnerMediHist_Sistema.ndjson.gz#AporEnerMediHist:Sistema:2020-05-01:2020-05-31
2020-05-20,CapaUtilDiarEner,16990394897,kWh,xm:servapibi,2026-09-22T19:11:47Z,xm/2020/05/CapaUtilDiarEner_Sistema.ndjson.gz#CapaUtilDiarEner:Sistema:2020-05-01:2020-05-31
2020-05-20,DemaSIN,190229191.7,kWh,xm:servapibi,2026-09-22T19:11:52Z,xm/2020/05/DemaSIN_Sistema.ndjson.gz#DemaSIN:Sistema:2020-05-01:2020-05-31
2020-05-20,PorcApor,0.56934,fraction,xm:servapibi,2026-09-22T19:11:51Z,xm/2020/05/PorcApor_Sistema.ndjson.gz#PorcApor:Sistema:2020-05-01:2020-05-31
2020-05-20,PorcVoluUtilDiar,0.33415,fraction,xm:servapibi,2026-09-22T19:11:45Z,xm/2020/05/PorcVoluUtilDiar_Sistema.ndjson.gz#PorcVoluUtilDiar:Sistema:2020-05-01:2020-05-31
2020-05-20,PrecBolsNaci,365.2849266666667,COP/kWh,xm:servapibi,2026-09-22T19:11:55Z,xm/2020/05/PrecBolsNaci_Sistema.ndjson.gz#PrecBolsNaci:Sistema:2020-05-01:2020-05-31
2020-05-20,PrecEscaAct,588.48055,COP/kWh,xm:servapibi,2026-09-22T19:11:54Z,xm/2020/05/PrecEscaAct_Sistema.ndjson.gz#PrecEscaAct:Sistema:2020-05-01:2020-05-31
2020-05-20,VoluUtilDiarEner,5677414200,kWh,xm:servapibi,2026-09-22T19:11:46Z,xm/2020/05/VoluUtilDiarEner_Sistema.ndjson.gz#VoluUtilDiarEner:Sistema:2020-05-01:2020-05-31
2020-05-21,AporEner,101587600,kWh,xm:servapibi,2026-09-22T19:11:48Z,xm/2020/05/AporEner_Sistema.ndjson.gz#AporEner:Sistema:2020-05-01:2020-05-31
2020-05-21,AporEnerMediHist,226610000,kWh,xm:servapibi,2026-09-22T19:11:50Z,xm/2020/05/AporEnerMediHist_Sistema.ndjson.gz#AporEnerMediHist:Sistema:2020-05-01:2020-05-31
2020-05-21,CapaUtilDiarEner,16990394897,kWh,xm:servapibi,2026-09-22T19:11:47Z,xm/2020/05/CapaUtilDiarEner_Sistema.ndjson.gz#CapaUtilDiarEner:Sistema:2020-05-01:2020-05-31
2020-05-21,DemaSIN,193806593.42,kWh,xm:servapibi,2026-09-22T19:11:52Z,xm/2020/05/DemaSIN_Sistema.ndjson.gz#DemaSIN:Sistema:2020-05-01:2020-05-31
2020-05-21,PorcApor,0.44829,fraction,xm:servapibi,2026-09-22T19:11:51Z,xm/2020/05/PorcApor_Sistema.ndjson.gz#PorcApor:Sistema:2020-05-01:2020-05-31
2020-05-21,PorcVoluUtilDiar,0.33218,fraction,xm:servapibi,2026-09-22T19:11:45Z,xm/2020/05/PorcVoluUtilDiar_Sistema.ndjson.gz#PorcVoluUtilDiar:Sistema:2020-05-01:2020-05-31
2020-05-21,PrecBolsNaci,363.38691666666676,COP/kWh,xm:servapibi,2026-09-22T19:11:55Z,xm/2020/05/PrecBolsNaci_Sistema.ndjson.gz#PrecBolsNaci:Sistema:2020-05-01:2020-05-31
2020-05-21,PrecEscaAct,588.48055,COP/kWh,xm:servapibi,2026-09-22T19:11:54Z,xm/2020/05/PrecEscaAct_Sistema.ndjson.gz#PrecEscaAct:Sistema:2020-05-01:2020-05-31
2020-05-21,VoluUtilDiarEner,5643875600,kWh,xm:servapibi,2026-09-22T19:11:46Z,xm/2020/05/VoluUtilDiarEner_Sistema.ndjson.gz#VoluUtilDiarEner:Sistema:2020-05-01:2020-05-31
2020-05-22,AporEner,95862600,kWh,xm:servapibi,2026-09-22T19:11:48Z,xm/2020/05/AporEner_Sistema.ndjson.gz#AporEner:Sistema:2020-05-01:2020-05-31
2020-05-22,AporEnerMediHist,226610000,kWh,xm:servapibi,2026-09-22T19:11:50Z,xm/2020/05/AporEnerMediHist_Sistema.ndjson.gz#AporEnerMediHist:Sistema:2020-05-01:2020-05-31
2020-05-22,CapaUtilDiarEner,16990394897,kWh,xm:servapibi,2026-09-22T19:11:47Z,xm/2020/05/CapaUtilDiarEner_Sistema.ndjson.gz#CapaUtilDiarEner:Sistema:2020-05-01:2020-05-31
2020-05-22,DemaSIN,191652298.08,kWh,xm:servapibi,2026-09-22T19:11:52Z,xm/2020/05/DemaSIN_Sistema.ndjson.gz#DemaSIN:Sistema:2020-05-01:2020-05-31
2020-05-22,PorcApor,0.42303,fraction,xm:servapibi,2026-09-22T19:11:51Z,xm/2020/05/PorcApor_Sistema.ndjson.gz#PorcApor:Sistema:2020-05-01:2020-05-31
2020-05-22,PorcVoluUtilDiar,0.33083,fraction,xm:servapibi,2026-09-22T19:11:45Z,xm/2020/05/PorcVoluUtilDiar_Sistema.ndjson.gz#PorcVoluUtilDiar:Sistema:2020-05-01:2020-05-31
2020-05-22,PrecBolsNaci,280.4681466666666,COP/kWh,xm:servapibi,2026-09-22T19:11:55Z,xm/2020/05/PrecBolsNaci_Sistema.ndjson.gz#PrecBolsNaci:Sistema:2020-05-01:2020-05-31
2020-05-22,PrecEscaAct,588.48055,COP/kWh,xm:servapibi,2026-09-22T19:11:54Z,xm/2020/05/PrecEscaAct_Sistema.ndjson.gz#PrecEscaAct:Sistema:2020-05-01:2020-05-31
2020-05-22,VoluUtilDiarEner,5620884600,kWh,xm:servapibi,2026-09-22T19:11:46Z,xm/2020/05/VoluUtilDiarEner_Sistema.ndjson.gz#VoluUtilDiarEner:Sistema:2020-05-01:2020-05-31
2020-05-23,AporEner,97326100,kWh,xm:servapibi,2026-09-22T19:11:48Z,xm/2020/05/AporEner_Sistema.ndjson.gz#AporEner:Sistema:2020-05-01:2020-05-31
2020-05-23,AporEnerMediHist,226610000,kWh,xm:servapibi,2026-09-22T19:11:50Z,xm/2020/05/AporEnerMediHist_Sistema.ndjson.gz#AporEnerMediHist:Sistema:2020-05-01:2020-05-31
2020-05-23,CapaUtilDiarEner,16990394897,kWh,xm:servapibi,2026-09-22T19:11:47Z,xm/2020/05/CapaUtilDiarEner_Sistema.ndjson.gz#CapaUtilDiarEner:Sistema:2020-05-01:2020-05-31
2020-05-23,DemaSIN,184549746.47,kWh,xm:servapibi,2026-09-22T19:11:52Z,xm/2020/05/DemaSIN_Sistema.ndjson.gz#DemaSIN:Sistema:2020-05-01:2020-05-31
2020-05-23,PorcApor,0.42949,fraction,xm:servapibi,2026-09-22T19:11:51Z,xm/2020/05/PorcApor_Sistema.ndjson.gz#PorcApor:Sistema:2020-05-01:2020-05-31
2020-05-23,PorcVoluUtilDiar,0.32935,fraction,xm:servapibi,2026-09-22T19:11:45Z,xm/2020/05/PorcVoluUtilDiar_Sistema.ndjson.gz#PorcVoluUtilDiar:Sistema:2020-05-01:2020-05-31
2020-05-23,PrecBolsNaci,311.5197633333332,COP/kWh,xm:servapibi,2026-09-22T19:11:55Z,xm/2020/05/PrecBolsNaci_Sistema.ndjson.gz#PrecBolsNaci:Sistema:2020-05-01:2020-05-31
2020-05-23,PrecEscaAct,588.48055,COP/kWh,xm:servapibi,2026-09-22T19:11:54Z,xm/2020/05/PrecEscaAct_Sistema.ndjson.gz#PrecEscaAct:Sistema:2020-05-01:2020-05-31
2020-05-23,VoluUtilDiarEner,5595805800,kWh,xm:servapibi,2026-09-22T19:11:46Z,xm/2020/05/VoluUtilDiarEner_Sistema.ndjson.gz#VoluUtilDiarEner:Sistema:2020-05-01:2020-05-31
2020-05-24,AporEner,87702500,kWh,xm:servapibi,2026-09-22T19:11:48Z,xm/2020/05/AporEner_Sistema.ndjson.gz#AporEner:Sistema:2020-05-01:2020-05-31
2020-05-24,AporEnerMediHist,226610000,kWh,xm:servapibi,2026-09-22T19:11:50Z,xm/2020/05/AporEnerMediHist_Sistema.ndjson.gz#AporEnerMediHist:Sistema:2020-05-01:2020-05-31
2020-05-24,CapaUtilDiarEner,16990394897,kWh,xm:servapibi,2026-09-22T19:11:47Z,xm/2020/05/CapaUtilDiarEner_Sistema.ndjson.gz#CapaUtilDiarEner:Sistema:2020-05-01:2020-05-31
2020-05-24,DemaSIN,170828173.26,kWh,xm:servapibi,2026-09-22T19:11:52Z,xm/2020/05/DemaSIN_Sistema.ndjson.gz#DemaSIN:Sistema:2020-05-01:2020-05-31
2020-05-24,PorcApor,0.38702,fraction,xm:servapibi,2026-09-22T19:11:51Z,xm/2020/05/PorcApor_Sistema.ndjson.gz#PorcApor:Sistema:2020-05-01:2020-05-31
2020-05-24,PorcVoluUtilDiar,0.3283,fraction,xm:servapibi,2026-09-22T19:11:45Z,xm/2020/05/PorcVoluUtilDiar_Sistema.ndjson.gz#PorcVoluUtilDiar:Sistema:2020-05-01:2020-05-31
2020-05-24,PrecBolsNaci,341.1678233333333,COP/kWh,xm:servapibi,2026-09-22T19:11:55Z,xm/2020/05/PrecBolsNaci_Sistema.ndjson.gz#PrecBolsNaci:Sistema:2020-05-01:2020-05-31
2020-05-24,PrecEscaAct,588.48055,COP/kWh,xm:servapibi,2026-09-22T19:11:54Z,xm/2020/05/PrecEscaAct_Sistema.ndjson.gz#PrecEscaAct:Sistema:2020-05-01:2020-05-31
2020-05-24,VoluUtilDiarEner,5577916500,kWh,xm:servapibi,2026-09-22T19:11:46Z,xm/2020/05/VoluUtilDiarEner_Sistema.ndjson.gz#VoluUtilDiarEner:Sistema:2020-05-01:2020-05-31
2020-05-25,AporEner,110120900,kWh,xm:servapibi,2026-09-22T19:11:48Z,xm/2020/05/AporEner_Sistema.ndjson.gz#AporEner:Sistema:2020-05-01:2020-05-31
2020-05-25,AporEnerMediHist,226610000,kWh,xm:servapibi,2026-09-22T19:11:50Z,xm/2020/05/AporEnerMediHist_Sistema.ndjson.gz#AporEnerMediHist:Sistema:2020-05-01:2020-05-31
2020-05-25,CapaUtilDiarEner,16990394897,kWh,xm:servapibi,2026-09-22T19:11:47Z,xm/2020/05/CapaUtilDiarEner_Sistema.ndjson.gz#CapaUtilDiarEner:Sistema:2020-05-01:2020-05-31
2020-05-25,DemaSIN,175005482.14,kWh,xm:servapibi,2026-09-22T19:11:52Z,xm/2020/05/DemaSIN_Sistema.ndjson.gz#DemaSIN:Sistema:2020-05-01:2020-05-31
2020-05-25,PorcApor,0.48595,fraction,xm:servapibi,2026-09-22T19:11:51Z,xm/2020/05/PorcApor_Sistema.ndjson.gz#PorcApor:Sistema:2020-05-01:2020-05-31
2020-05-25,PorcVoluUtilDiar,0.32832,fraction,xm:servapibi,2026-09-22T19:11:45Z,xm/2020/05/PorcVoluUtilDiar_Sistema.ndjson.gz#PorcVoluUtilDiar:Sistema:2020-05-01:2020-05-31
2020-05-25,PrecBolsNaci,475.61219333333355,COP/kWh,xm:servapibi,2026-09-22T19:11:55Z,xm/2020/05/PrecBolsNaci_Sistema.ndjson.gz#PrecBolsNaci:Sistema:2020-05-01:2020-05-31
2020-05-25,PrecEscaAct,588.48055,COP/kWh,xm:servapibi,2026-09-22T19:11:54Z,xm/2020/05/PrecEscaAct_Sistema.ndjson.gz#PrecEscaAct:Sistema:2020-05-01:2020-05-31
2020-05-25,VoluUtilDiarEner,5578312700,kWh,xm:servapibi,2026-09-22T19:11:46Z,xm/2020/05/VoluUtilDiarEner_Sistema.ndjson.gz#VoluUtilDiarEner:Sistema:2020-05-01:2020-05-31
2020-05-26,AporEner,136214600,kWh,xm:servapibi,2026-09-22T19:11:48Z,xm/2020/05/AporEner_Sistema.ndjson.gz#AporEner:Sistema:2020-05-01:2020-05-31
2020-05-26,AporEnerMediHist,226610000,kWh,xm:servapibi,2026-09-22T19:11:50Z,xm/2020/05/AporEnerMediHist_Sistema.ndjson.gz#AporEnerMediHist:Sistema:2020-05-01:2020-05-31
2020-05-26,CapaUtilDiarEner,16990394897,kWh,xm:servapibi,2026-09-22T19:11:47Z,xm/2020/05/CapaUtilDiarEner_Sistema.ndjson.gz#CapaUtilDiarEner:Sistema:2020-05-01:2020-05-31
2020-05-26,DemaSIN,192707795.58,kWh,xm:servapibi,2026-09-22T19:11:52Z,xm/2020/05/DemaSIN_Sistema.ndjson.gz#DemaSIN:Sistema:2020-05-01:2020-05-31
2020-05-26,PorcApor,0.6011,fraction,xm:servapibi,2026-09-22T19:11:51Z,xm/2020/05/PorcApor_Sistema.ndjson.gz#PorcApor:Sistema:2020-05-01:2020-05-31
2020-05-26,PorcVoluUtilDiar,0.32878,fraction,xm:servapibi,2026-09-22T19:11:45Z,xm/2020/05/PorcVoluUtilDiar_Sistema.ndjson.gz#PorcVoluUtilDiar:Sistema:2020-05-01:2020-05-31
2020-05-26,PrecBolsNaci,463.02652166666684,COP/kWh,xm:servapibi,2026-09-22T19:11:55Z,xm/2020/05/PrecBolsNaci_Sistema.ndjson.gz#PrecBolsNaci:Sistema:2020-05-01:2020-05-31
2020-05-26,PrecEscaAct,588.48055,COP/kWh,xm:servapibi,2026-09-22T19:11:54Z,xm/2020/05/PrecEscaAct_Sistema.ndjson.gz#PrecEscaAct:Sistema:2020-05-01:2020-05-31
2020-05-26,VoluUtilDiarEner,5586101500,kWh,xm:servapibi,2026-09-22T19:11:46Z,xm/2020/05/VoluUtilDiarEner_Sistema.ndjson.gz#VoluUtilDiarEner:Sistema:2020-05-01:2020-05-31
2020-05-27,AporEner,181336100,kWh,xm:servapibi,2026-09-22T19:11:48Z,xm/2020/05/AporEner_Sistema.ndjson.gz#AporEner:Sistema:2020-05-01:2020-05-31
2020-05-27,AporEnerMediHist,226610000,kWh,xm:servapibi,2026-09-22T19:11:50Z,xm/2020/05/AporEnerMediHist_Sistema.ndjson.gz#AporEnerMediHist:Sistema:2020-05-01:2020-05-31
2020-05-27,CapaUtilDiarEner,16990394897,kWh,xm:servapibi,2026-09-22T19:11:47Z,xm/2020/05/CapaUtilDiarEner_Sistema.ndjson.gz#CapaUtilDiarEner:Sistema:2020-05-01:2020-05-31
2020-05-27,DemaSIN,188060608.1,kWh,xm:servapibi,2026-09-22T19:11:52Z,xm/2020/05/DemaSIN_Sistema.ndjson.gz#DemaSIN:Sistema:2020-05-01:2020-05-31
2020-05-27,PorcApor,0.80021,fraction,xm:servapibi,2026-09-22T19:11:51Z,xm/2020/05/PorcApor_Sistema.ndjson.gz#PorcApor:Sistema:2020-05-01:2020-05-31
2020-05-27,PorcVoluUtilDiar,0.33256,fraction,xm:servapibi,2026-09-22T19:11:45Z,xm/2020/05/PorcVoluUtilDiar_Sistema.ndjson.gz#PorcVoluUtilDiar:Sistema:2020-05-01:2020-05-31
2020-05-27,PrecBolsNaci,450.71790000000004,COP/kWh,xm:servapibi,2026-09-22T19:11:55Z,xm/2020/05/PrecBolsNaci_Sistema.ndjson.gz#PrecBolsNaci:Sistema:2020-05-01:2020-05-31
2020-05-27,PrecEscaAct,588.48055,COP/kWh,xm:servapibi,2026-09-22T19:11:54Z,xm/2020/05/PrecEscaAct_Sistema.ndjson.gz#PrecEscaAct:Sistema:2020-05-01:2020-05-31
2020-05-27,VoluUtilDiarEner,5650365600,kWh,xm:servapibi,2026-09-22T19:11:46Z,xm/2020/05/VoluUtilDiarEner_Sistema.ndjson.gz#VoluUtilDiarEner:Sistema:2020-05-01:2020-05-31
2020-05-28,AporEner,156629800,kWh,xm:servapibi,2026-09-22T19:11:48Z,xm/2020/05/AporEner_Sistema.ndjson.gz#AporEner:Sistema:2020-05-01:2020-05-31
2020-05-28,AporEnerMediHist,226610000,kWh,xm:servapibi,2026-09-22T19:11:50Z,xm/2020/05/AporEnerMediHist_Sistema.ndjson.gz#AporEnerMediHist:Sistema:2020-05-01:2020-05-31
2020-05-28,CapaUtilDiarEner,16990394897,kWh,xm:servapibi,2026-09-22T19:11:47Z,xm/2020/05/CapaUtilDiarEner_Sistema.ndjson.gz#CapaUtilDiarEner:Sistema:2020-05-01:2020-05-31
2020-05-28,DemaSIN,186659317.12,kWh,xm:servapibi,2026-09-22T19:11:52Z,xm/2020/05/DemaSIN_Sistema.ndjson.gz#DemaSIN:Sistema:2020-05-01:2020-05-31
2020-05-28,PorcApor,0.69119,fraction,xm:servapibi,2026-09-22T19:11:51Z,xm/2020/05/PorcApor_Sistema.ndjson.gz#PorcApor:Sistema:2020-05-01:2020-05-31
2020-05-28,PorcVoluUtilDiar,0.33668,fraction,xm:servapibi,2026-09-22T19:11:45Z,xm/2020/05/PorcVoluUtilDiar_Sistema.ndjson.gz#PorcVoluUtilDiar:Sistema:2020-05-01:2020-05-31
2020-05-28,PrecBolsNaci,446.27097999999995,COP/kWh,xm:servapibi,2026-09-22T19:11:55Z,xm/2020/05/PrecBolsNaci_Sistema.ndjson.gz#PrecBolsNaci:Sistema:2020-05-01:2020-05-31
2020-05-28,PrecEscaAct,588.48055,COP/kWh,xm:servapibi,2026-09-22T19:11:54Z,xm/2020/05/PrecEscaAct_Sistema.ndjson.gz#PrecEscaAct:Sistema:2020-05-01:2020-05-31
2020-05-28,VoluUtilDiarEner,5720269500,kWh,xm:servapibi,2026-09-22T19:11:46Z,xm/2020/05/VoluUtilDiarEner_Sistema.ndjson.gz#VoluUtilDiarEner:Sistema:2020-05-01:2020-05-31
2020-05-29,AporEner,132673400,kWh,xm:servapibi,2026-09-22T19:11:48Z,xm/2020/05/AporEner_Sistema.ndjson.gz#AporEner:Sistema:2020-05-01:2020-05-31
2020-05-29,AporEnerMediHist,226610000,kWh,xm:servapibi,2026-09-22T19:11:50Z,xm/2020/05/AporEnerMediHist_Sistema.ndjson.gz#AporEnerMediHist:Sistema:2020-05-01:2020-05-31
2020-05-29,CapaUtilDiarEner,16990394897,kWh,xm:servapibi,2026-09-22T19:11:47Z,xm/2020/05/CapaUtilDiarEner_Sistema.ndjson.gz#CapaUtilDiarEner:Sistema:2020-05-01:2020-05-31
2020-05-29,DemaSIN,186531641.7,kWh,xm:servapibi,2026-09-22T19:11:52Z,xm/2020/05/DemaSIN_Sistema.ndjson.gz#DemaSIN:Sistema:2020-05-01:2020-05-31
2020-05-29,PorcApor,0.58547,fraction,xm:servapibi,2026-09-22T19:11:51Z,xm/2020/05/PorcApor_Sistema.ndjson.gz#PorcApor:Sistema:2020-05-01:2020-05-31
2020-05-29,PorcVoluUtilDiar,0.33814,fraction,xm:servapibi,2026-09-22T19:11:45Z,xm/2020/05/PorcVoluUtilDiar_Sistema.ndjson.gz#PorcVoluUtilDiar:Sistema:2020-05-01:2020-05-31
2020-05-29,PrecBolsNaci,414.29864999999995,COP/kWh,xm:servapibi,2026-09-22T19:11:55Z,xm/2020/05/PrecBolsNaci_Sistema.ndjson.gz#PrecBolsNaci:Sistema:2020-05-01:2020-05-31
2020-05-29,PrecEscaAct,588.48055,COP/kWh,xm:servapibi,2026-09-22T19:11:54Z,xm/2020/05/PrecEscaAct_Sistema.ndjson.gz#PrecEscaAct:Sistema:2020-05-01:2020-05-31
2020-05-29,VoluUtilDiarEner,5745101900,kWh,xm:servapibi,2026-09-22T19:11:46Z,xm/2020/05/VoluUtilDiarEner_Sistema.ndjson.gz#VoluUtilDiarEner:Sistema:2020-05-01:2020-05-31
2020-05-30,AporEner,211778200,kWh,xm:servapibi,2026-09-22T19:11:48Z,xm/2020/05/AporEner_Sistema.ndjson.gz#AporEner:Sistema:2020-05-01:2020-05-31
2020-05-30,AporEnerMediHist,226610000,kWh,xm:servapibi,2026-09-22T19:11:50Z,xm/2020/05/AporEnerMediHist_Sistema.ndjson.gz#AporEnerMediHist:Sistema:2020-05-01:2020-05-31
2020-05-30,CapaUtilDiarEner,16990394897,kWh,xm:servapibi,2026-09-22T19:11:47Z,xm/2020/05/CapaUtilDiarEner_Sistema.ndjson.gz#CapaUtilDiarEner:Sistema:2020-05-01:2020-05-31
2020-05-30,DemaSIN,173867932.36,kWh,xm:servapibi,2026-09-22T19:11:52Z,xm/2020/05/DemaSIN_Sistema.ndjson.gz#DemaSIN:Sistema:2020-05-01:2020-05-31
2020-05-30,PorcApor,0.93455,fraction,xm:servapibi,2026-09-22T19:11:51Z,xm/2020/05/PorcApor_Sistema.ndjson.gz#PorcApor:Sistema:2020-05-01:2020-05-31
2020-05-30,PorcVoluUtilDiar,0.34547,fraction,xm:servapibi,2026-09-22T19:11:45Z,xm/2020/05/PorcVoluUtilDiar_Sistema.ndjson.gz#PorcVoluUtilDiar:Sistema:2020-05-01:2020-05-31
2020-05-30,PrecBolsNaci,400.9663983333331,COP/kWh,xm:servapibi,2026-09-22T19:11:55Z,xm/2020/05/PrecBolsNaci_Sistema.ndjson.gz#PrecBolsNaci:Sistema:2020-05-01:2020-05-31
2020-05-30,PrecEscaAct,588.48055,COP/kWh,xm:servapibi,2026-09-22T19:11:54Z,xm/2020/05/PrecEscaAct_Sistema.ndjson.gz#PrecEscaAct:Sistema:2020-05-01:2020-05-31
2020-05-30,VoluUtilDiarEner,5869690900,kWh,xm:servapibi,2026-09-22T19:11:46Z,xm/2020/05/VoluUtilDiarEner_Sistema.ndjson.gz#VoluUtilDiarEner:Sistema:2020-05-01:2020-05-31
2020-05-31,AporEner,184203400,kWh,xm:servapibi,2026-09-22T19:11:48Z,xm/2020/05/AporEner_Sistema.ndjson.gz#AporEner:Sistema:2020-05-01:2020-05-31
2020-05-31,AporEnerMediHist,226610000,kWh,xm:servapibi,2026-09-22T19:11:50Z,xm/2020/05/AporEnerMediHist_Sistema.ndjson.gz#AporEnerMediHist:Sistema:2020-05-01:2020-05-31
2020-05-31,CapaUtilDiarEner,16990394897,kWh,xm:servapibi,2026-09-22T19:11:47Z,xm/2020/05/CapaUtilDiarEner_Sistema.ndjson.gz#CapaUtilDiarEner:Sistema:2020-05-01:2020-05-31
2020-05-31,DemaSIN,157544868.07,kWh,xm:servapibi,2026-09-22T19:11:52Z,xm/2020/05/DemaSIN_Sistema.ndjson.gz#DemaSIN:Sistema:2020-05-01:2020-05-31
2020-05-31,PorcApor,0.81287,fraction,xm:servapibi,2026-09-22T19:11:51Z,xm/2020/05/PorcApor_Sistema.ndjson.gz#PorcApor:Sistema:2020-05-01:2020-05-31
2020-05-31,PorcVoluUtilDiar,0.35162,fraction,xm:servapibi,2026-09-22T19:11:45Z,xm/2020/05/PorcVoluUtilDiar_Sistema.ndjson.gz#PorcVoluUtilDiar:Sistema:2020-05-01:2020-05-31
2020-05-31,PrecBolsNaci,314.41426166666673,COP/kWh,xm:servapibi,2026-09-22T19:11:55Z,xm/2020/05/PrecBolsNaci_Sistema.ndjson.gz#PrecBolsNaci:Sistema:2020-05-01:2020-05-31
2020-05-31,PrecEscaAct,588.48055,COP/kWh,xm:servapibi,2026-09-22T19:11:54Z,xm/2020/05/PrecEscaAct_Sistema.ndjson.gz#PrecEscaAct:Sistema:2020-05-01:2020-05-31
2020-05-31,VoluUtilDiarEner,5974134100,kWh,xm:servapibi,2026-09-22T19:11:46Z,xm/2020/05/VoluUtilDiarEner_Sistema.ndjson.gz#VoluUtilDiarEner:Sistema:2020-05-01:2020-05-31
2020-06-01,AporEner,195460600,kWh,xm:servapibi,2026-09-22T19:12:03Z,xm/2020/06/AporEner_Sistema.ndjson.gz#AporEner:Sistema:2020-06-01:2020-06-30
2020-06-01,AporEnerMediHist,228760000,kWh,xm:servapibi,2026-09-22T19:12:04Z,xm/2020/06/AporEnerMediHist_Sistema.ndjson.gz#AporEnerMediHist:Sistema:2020-06-01:2020-06-30
2020-06-01,CapaUtilDiarEner,16990394897,kWh,xm:servapibi,2026-09-22T19:12:02Z,xm/2020/06/CapaUtilDiarEner_Sistema.ndjson.gz#CapaUtilDiarEner:Sistema:2020-06-01:2020-06-30
2020-06-01,DemaSIN,181977687.06,kWh,xm:servapibi,2026-09-22T19:12:07Z,xm/2020/06/DemaSIN_Sistema.ndjson.gz#DemaSIN:Sistema:2020-06-01:2020-06-30
2020-06-01,PorcApor,0.85444,fraction,xm:servapibi,2026-09-22T19:12:06Z,xm/2020/06/PorcApor_Sistema.ndjson.gz#PorcApor:Sistema:2020-06-01:2020-06-30
2020-06-01,PorcVoluUtilDiar,0.35728,fraction,xm:servapibi,2026-09-22T19:11:59Z,xm/2020/06/PorcVoluUtilDiar_Sistema.ndjson.gz#PorcVoluUtilDiar:Sistema:2020-06-01:2020-06-30
2020-06-01,PrecBolsNaci,363.7144366666668,COP/kWh,xm:servapibi,2026-09-22T19:12:10Z,xm/2020/06/PrecBolsNaci_Sistema.ndjson.gz#PrecBolsNaci:Sistema:2020-06-01:2020-06-30
2020-06-01,PrecEscaAct,582.19064,COP/kWh,xm:servapibi,2026-09-22T19:12:08Z,xm/2020/06/PrecEscaAct_Sistema.ndjson.gz#PrecEscaAct:Sistema:2020-06-01:2020-06-30
2020-06-01,VoluUtilDiarEner,6070320500,kWh,xm:servapibi,2026-09-22T19:12:01Z,xm/2020/06/VoluUtilDiarEner_Sistema.ndjson.gz#VoluUtilDiarEner:Sistema:2020-06-01:2020-06-30
2020-06-02,AporEner,141855700,kWh,xm:servapibi,2026-09-22T19:12:03Z,xm/2020/06/AporEner_Sistema.ndjson.gz#AporEner:Sistema:2020-06-01:2020-06-30
2020-06-02,AporEnerMediHist,228760000,kWh,xm:servapibi,2026-09-22T19:12:04Z,xm/2020/06/AporEnerMediHist_Sistema.ndjson.gz#AporEnerMediHist:Sistema:2020-06-01:2020-06-30
2020-06-02,CapaUtilDiarEner,16990394897,kWh,xm:servapibi,2026-09-22T19:12:02Z,xm/2020/06/CapaUtilDiarEner_Sistema.ndjson.gz#CapaUtilDiarEner:Sistema:2020-06-01:2020-06-30
2020-06-02,DemaSIN,187347171.99,kWh,xm:servapibi,2026-09-22T19:12:07Z,xm/2020/06/DemaSIN_Sistema.ndjson.gz#DemaSIN:Sistema:2020-06-01:2020-06-30
2020-06-02,PorcApor,0.62011,fraction,xm:servapibi,2026-09-22T19:12:06Z,xm/2020/06/PorcApor_Sistema.ndjson.gz#PorcApor:Sistema:2020-06-01:2020-06-30
2020-06-02,PorcVoluUtilDiar,0.36007,fraction,xm:servapibi,2026-09-22T19:11:59Z,xm/2020/06/PorcVoluUtilDiar_Sistema.ndjson.gz#PorcVoluUtilDiar:Sistema:2020-06-01:2020-06-30
2020-06-02,PrecBolsNaci,382.83443333333327,COP/kWh,xm:servapibi,2026-09-22T19:12:10Z,xm/2020/06/PrecBolsNaci_Sistema.ndjson.gz#PrecBolsNaci:Sistema:2020-06-01:2020-06-30
2020-06-02,PrecEscaAct,582.19064,COP/kWh,xm:servapibi,2026-09-22T19:12:08Z,xm/2020/06/PrecEscaAct_Sistema.ndjson.gz#PrecEscaAct:Sistema:2020-06-01:2020-06-30
2020-06-02,VoluUtilDiarEner,6117803600,kWh,xm:servapibi,2026-09-22T19:12:01Z,xm/2020/06/VoluUtilDiarEner_Sistema.ndjson.gz#VoluUtilDiarEner:Sistema:2020-06-01:2020-06-30
2020-06-03,AporEner,136690400,kWh,xm:servapibi,2026-09-22T19:12:03Z,xm/2020/06/AporEner_Sistema.ndjson.gz#AporEner:Sistema:2020-06-01:2020-06-30
2020-06-03,AporEnerMediHist,228760000,kWh,xm:servapibi,2026-09-22T19:12:04Z,xm/2020/06/AporEnerMediHist_Sistema.ndjson.gz#AporEnerMediHist:Sistema:2020-06-01:2020-06-30
2020-06-03,CapaUtilDiarEner,16990394897,kWh,xm:servapibi,2026-09-22T19:12:02Z,xm/2020/06/CapaUtilDiarEner_Sistema.ndjson.gz#CapaUtilDiarEner:Sistema:2020-06-01:2020-06-30
2020-06-03,DemaSIN,188381177.51,kWh,xm:servapibi,2026-09-22T19:12:07Z,xm/2020/06/DemaSIN_Sistema.ndjson.gz#DemaSIN:Sistema:2020-06-01:2020-06-30
2020-06-03,PorcApor,0.59753,fraction,xm:servapibi,2026-09-22T19:12:06Z,xm/2020/06/PorcApor_Sistema.ndjson.gz#PorcApor:Sistema:2020-06-01:2020-06-30
2020-06-03,PorcVoluUtilDiar,0.36176,fraction,xm:servapibi,2026-09-22T19:11:59Z,xm/2020/06/PorcVoluUtilDiar_Sistema.ndjson.gz#PorcVoluUtilDiar:Sistema:2020-06-01:2020-06-30
2020-06-03,PrecBolsNaci,350.613515,COP/kWh,xm:servapibi,2026-09-22T19:12:10Z,xm/2020/06/PrecBolsNaci_Sistema.ndjson.gz#PrecBolsNaci:Sistema:2020-06-01:2020-06-30
2020-06-03,PrecEscaAct,582.19064,COP/kWh,xm:servapibi,2026-09-22T19:12:08Z,xm/2020/06/PrecEscaAct_Sistema.ndjson.gz#PrecEscaAct:Sistema:2020-06-01:2020-06-30
2020-06-03,VoluUtilDiarEner,6146467100,kWh,xm:servapibi,2026-09-22T19:12:01Z,xm/2020/06/VoluUtilDiarEner_Sistema.ndjson.gz#VoluUtilDiarEner:Sistema:2020-06-01:2020-06-30
2020-06-04,AporEner,161251600,kWh,xm:servapibi,2026-09-22T19:12:03Z,xm/2020/06/AporEner_Sistema.ndjson.gz#AporEner:Sistema:2020-06-01:2020-06-30
2020-06-04,AporEnerMediHist,228760000,kWh,xm:servapibi,2026-09-22T19:12:04Z,xm/2020/06/AporEnerMediHist_Sistema.ndjson.gz#AporEnerMediHist:Sistema:2020-06-01:2020-06-30
2020-06-04,CapaUtilDiarEner,16990394897,kWh,xm:servapibi,2026-09-22T19:12:02Z,xm/2020/06/CapaUtilDiarEner_Sistema.ndjson.gz#CapaUtilDiarEner:Sistema:2020-06-01:2020-06-30
2020-06-04,DemaSIN,192115641.71,kWh,xm:servapibi,2026-09-22T19:12:07Z,xm/2020/06/DemaSIN_Sistema.ndjson.gz#DemaSIN:Sistema:2020-06-01:2020-06-30
2020-06-04,PorcApor,0.70489,fraction,xm:servapibi,2026-09-22T19:12:06Z,xm/2020/06/PorcApor_Sistema.ndjson.gz#PorcApor:Sistema:2020-06-01:2020-06-30
2020-06-04,PorcVoluUtilDiar,0.36461,fraction,xm:servapibi,2026-09-22T19:11:59Z,xm/2020/06/PorcVoluUtilDiar_Sistema.ndjson.gz#PorcVoluUtilDiar:Sistema:2020-06-01:2020-06-30
2020-06-04,PrecBolsNaci,345.77491333333325,COP/kWh,xm:servapibi,2026-09-22T19:12:10Z,xm/2020/06/PrecBolsNaci_Sistema.ndjson.gz#PrecBolsNaci:Sistema:2020-06-01:2020-06-30
2020-06-04,PrecEscaAct,582.19064,COP/kWh,xm:servapibi,2026-09-22T19:12:08Z,xm/2020/06/PrecEscaAct_Sistema.ndjson.gz#PrecEscaAct:Sistema:2020-06-01:2020-06-30
2020-06-04,VoluUtilDiarEner,6194860500,kWh,xm:servapibi,2026-09-22T19:12:01Z,xm/2020/06/VoluUtilDiarEner_Sistema.ndjson.gz#VoluUtilDiarEner:Sistema:2020-06-01:2020-06-30
2020-06-05,AporEner,118699300,kWh,xm:servapibi,2026-09-22T19:12:03Z,xm/2020/06/AporEner_Sistema.ndjson.gz#AporEner:Sistema:2020-06-01:2020-06-30
2020-06-05,AporEnerMediHist,228760000,kWh,xm:servapibi,2026-09-22T19:12:04Z,xm/2020/06/AporEnerMediHist_Sistema.ndjson.gz#AporEnerMediHist:Sistema:2020-06-01:2020-06-30
2020-06-05,CapaUtilDiarEner,16990394897,kWh,xm:servapibi,2026-09-22T19:12:02Z,xm/2020/06/CapaUtilDiarEner_Sistema.ndjson.gz#CapaUtilDiarEner:Sistema:2020-06-01:2020-06-30
2020-06-05,DemaSIN,194769249.51,kWh,xm:servapibi,2026-09-22T19:12:07Z,xm/2020/06/DemaSIN_Sistema.ndjson.gz#DemaSIN:Sistema:2020-06-01:2020-06-30
2020-06-05,PorcApor,0.51888,fraction,xm:servapibi,2026-09-22T19:12:06Z,xm/2020/06/PorcApor_Sistema.ndjson.gz#PorcApor:Sistema:2020-06-01:2020-06-30
2020-06-05,PorcVoluUtilDiar,0.36445,fraction,xm:servapibi,2026-09-22T19:11:59Z,xm/2020/06/PorcVoluUtilDiar_Sistema.ndjson.gz#PorcVoluUtilDiar:Sistema:2020-06-01:2020-06-30
2020-06-05,PrecBolsNaci,367.87504000000007,COP/kWh,xm:servapibi,2026-09-22T19:12:10Z,xm/2020/06/PrecBolsNaci_Sistema.ndjson.gz#PrecBolsNaci:Sistema:2020-06-01:2020-06-30
2020-06-05,PrecEscaAct,582.19064,COP/kWh,xm:servapibi,2026-09-22T19:12:08Z,xm/2020/06/PrecEscaAct_Sistema.ndjson.gz#PrecEscaAct:Sistema:2020-06-01:2020-06-30
2020-06-05,VoluUtilDiarEner,6192223200,kWh,xm:servapibi,2026-09-22T19:12:01Z,xm/2020/06/VoluUtilDiarEner_Sistema.ndjson.gz#VoluUtilDiarEner:Sistema:2020-06-01:2020-06-30
2020-06-06,AporEner,223466800,kWh,xm:servapibi,2026-09-22T19:12:03Z,xm/2020/06/AporEner_Sistema.ndjson.gz#AporEner:Sistema:2020-06-01:2020-06-30
2020-06-06,AporEnerMediHist,228760000,kWh,xm:servapibi,2026-09-22T19:12:04Z,xm/2020/06/AporEnerMediHist_Sistema.ndjson.gz#AporEnerMediHist:Sistema:2020-06-01:2020-06-30
2020-06-06,CapaUtilDiarEner,16990394897,kWh,xm:servapibi,2026-09-22T19:12:02Z,xm/2020/06/CapaUtilDiarEner_Sistema.ndjson.gz#CapaUtilDiarEner:Sistema:2020-06-01:2020-06-30
2020-06-06,DemaSIN,181983135.7,kWh,xm:servapibi,2026-09-22T19:12:07Z,xm/2020/06/DemaSIN_Sistema.ndjson.gz#DemaSIN:Sistema:2020-06-01:2020-06-30
2020-06-06,PorcApor,0.97686,fraction,xm:servapibi,2026-09-22T19:12:06Z,xm/2020/06/PorcApor_Sistema.ndjson.gz#PorcApor:Sistema:2020-06-01:2020-06-30
2020-06-06,PorcVoluUtilDiar,0.37074,fraction,xm:servapibi,2026-09-22T19:11:59Z,xm/2020/06/PorcVoluUtilDiar_Sistema.ndjson.gz#PorcVoluUtilDiar:Sistema:2020-06-01:2020-06-30
2020-06-06,PrecBolsNaci,375.3501466666665,COP/kWh,xm:servapibi,2026-09-22T19:12:10Z,xm/2020/06/PrecBolsNaci_Sistema.ndjson.gz#PrecBolsNaci:Sistema:2020-06-01:2020-06-30
2020-06-06,PrecEscaAct,582.19064,COP/kWh,xm:servapibi,2026-09-22T19:12:08Z,xm/2020/06/PrecEscaAct_Sistema.ndjson.gz#PrecEscaAct:Sistema:2020-06-01:2020-06-30
2020-06-06,VoluUtilDiarEner,6298968600,kWh,xm:servapibi,2026-09-22T19:12:01Z,xm/2020/06/VoluUtilDiarEner_Sistema.ndjson.gz#VoluUtilDiarEner:Sistema:2020-06-01:2020-06-30
2020-06-07,AporEner,151538700,kWh,xm:servapibi,2026-09-22T19:12:03Z,xm/2020/06/AporEner_Sistema.ndjson.gz#AporEner:Sistema:2020-06-01:2020-06-30
2020-06-07,AporEnerMediHist,228760000,kWh,xm:servapibi,2026-09-22T19:12:04Z,xm/2020/06/AporEnerMediHist_Sistema.ndjson.gz#AporEnerMediHist:Sistema:2020-06-01:2020-06-30
2020-06-07,CapaUtilDiarEner,16990394897,kWh,xm:servapibi,2026-09-22T19:12:02Z,xm/2020/06/CapaUtilDiarEner_Sistema.ndjson.gz#CapaUtilDiarEner:Sistema:2020-06-01:2020-06-30
2020-06-07,DemaSIN,167937419.72,kWh,xm:servapibi,2026-09-22T19:12:07Z,xm/2020/06/DemaSIN_Sistema.ndjson.gz#DemaSIN:Sistema:2020-06-01:2020-06-30
2020-06-07,PorcApor,0.66244,fraction,xm:servapibi,2026-09-22T19:12:06Z,xm/2020/06/PorcApor_Sistema.ndjson.gz#PorcApor:Sistema:2020-06-01:2020-06-30
2020-06-07,PorcVoluUtilDiar,0.37351,fraction,xm:servapibi,2026-09-22T19:11:59Z,xm/2020/06/PorcVoluUtilDiar_Sistema.ndjson.gz#PorcVoluUtilDiar:Sistema:2020-06-01:2020-06-30
2020-06-07,PrecBolsNaci,361.85020833333334,COP/kWh,xm:servapibi,2026-09-22T19:12:10Z,xm/2020/06/PrecBolsNaci_Sistema.ndjson.gz#PrecBolsNaci:Sistema:2020-06-01:2020-06-30
2020-06-07,PrecEscaAct,582.19064,COP/kWh,xm:servapibi,2026-09-22T19:12:08Z,xm/2020/06/PrecEscaAct_Sistema.ndjson.gz#PrecEscaAct:Sistema:2020-06-01:2020-06-30
2020-06-07,VoluUtilDiarEner,6346004400,kWh,xm:servapibi,2026-09-22T19:12:01Z,xm/2020/06/VoluUtilDiarEner_Sistema.ndjson.gz#VoluUtilDiarEner:Sistema:2020-06-01:2020-06-30
2020-06-08,AporEner,116908100,kWh,xm:servapibi,2026-09-22T19:12:03Z,xm/2020/06/AporEner_Sistema.ndjson.gz#AporEner:Sistema:2020-06-01:2020-06-30
2020-06-08,AporEnerMediHist,228760000,kWh,xm:servapibi,2026-09-22T19:12:04Z,xm/2020/06/AporEnerMediHist_Sistema.ndjson.gz#AporEnerMediHist:Sistema:2020-06-01:2020-06-30
2020-06-08,CapaUtilDiarEner,16969329909,kWh,xm:servapibi,2026-09-22T19:12:02Z,xm/2020/06/CapaUtilDiarEner_Sistema.ndjson.gz#CapaUtilDiarEner:Sistema:2020-06-01:2020-06-30
2020-06-08,DemaSIN,191643976.46,kWh,xm:servapibi,2026-09-22T19:12:07Z,xm/2020/06/DemaSIN_Sistema.ndjson.gz#DemaSIN:Sistema:2020-06-01:2020-06-30
2020-06-08,PorcApor,0.51105,fraction,xm:servapibi,2026-09-22T19:12:06Z,xm/2020/06/PorcApor_Sistema.ndjson.gz#PorcApor:Sistema:2020-06-01:2020-06-30
2020-06-08,PorcVoluUtilDiar,0.37346,fraction,xm:servapibi,2026-09-22T19:11:59Z,xm/2020/06/PorcVoluUtilDiar_Sistema.ndjson.gz#PorcVoluUtilDiar:Sistema:2020-06-01:2020-06-30
2020-06-08,PrecBolsNaci,406.2054900000001,COP/kWh,xm:servapibi,2026-09-22T19:12:10Z,xm/2020/06/PrecBolsNaci_Sistema.ndjson.gz#PrecBolsNaci:Sistema:2020-06-01:2020-06-30
2020-06-08,PrecEscaAct,582.19064,COP/kWh,xm:servapibi,2026-09-22T19:12:08Z,xm/2020/06/PrecEscaAct_Sistema.ndjson.gz#PrecEscaAct:Sistema:2020-06-01:2020-06-30
2020-06-08,VoluUtilDiarEner,6337306300,kWh,xm:servapibi,2026-09-22T19:12:01Z,xm/2020/06/VoluUtilDiarEner_Sistema.ndjson.gz#VoluUtilDiarEner:Sistema:2020-06-01:2020-06-30
2020-06-09,AporEner,105413300,kWh,xm:servapibi,2026-09-22T19:12:03Z,xm/2020/06/AporEner_Sistema.ndjson.gz#AporEner:Sistema:2020-06-01:2020-06-30
2020-06-09,AporEnerMediHist,228760000,kWh,xm:servapibi,2026-09-22T19:12:04Z,xm/2020/06/AporEnerMediHist_Sistema.ndjson.gz#AporEnerMediHist:Sistema:2020-06-01:2020-06-30
2020-06-09,CapaUtilDiarEner,16969329909,kWh,xm:servapibi,2026-09-22T19:12:02Z,xm/2020/06/CapaUtilDiarEner_Sistema.ndjson.gz#CapaUtilDiarEner:Sistema:2020-06-01:2020-06-30
2020-06-09,DemaSIN,192562135.43,kWh,xm:servapibi,2026-09-22T19:12:07Z,xm/2020/06/DemaSIN_Sistema.ndjson.gz#DemaSIN:Sistema:2020-06-01:2020-06-30
2020-06-09,PorcApor,0.4608,fraction,xm:servapibi,2026-09-22T19:12:06Z,xm/2020/06/PorcApor_Sistema.ndjson.gz#PorcApor:Sistema:2020-06-01:2020-06-30
2020-06-09,PorcVoluUtilDiar,0.37264,fraction,xm:servapibi,2026-09-22T19:11:59Z,xm/2020/06/PorcVoluUtilDiar_Sistema.ndjson.gz#PorcVoluUtilDiar:Sistema:2020-06-01:2020-06-30
2020-06-09,PrecBolsNaci,420.06447,COP/kWh,xm:servapibi,2026-09-22T19:12:10Z,xm/2020/06/PrecBolsNaci_Sistema.ndjson.gz#PrecBolsNaci:Sistema:2020-06-01:2020-06-30
2020-06-09,PrecEscaAct,582.19064,COP/kWh,xm:servapibi,2026-09-22T19:12:08Z,xm/2020/06/PrecEscaAct_Sistema.ndjson.gz#PrecEscaAct:Sistema:2020-06-01:2020-06-30
2020-06-09,VoluUtilDiarEner,6323402300,kWh,xm:servapibi,2026-09-22T19:12:01Z,xm/2020/06/VoluUtilDiarEner_Sistema.ndjson.gz#VoluUtilDiarEner:Sistema:2020-06-01:2020-06-30
2020-06-10,AporEner,147294100,kWh,xm:servapibi,2026-09-22T19:12:03Z,xm/2020/06/AporEner_Sistema.ndjson.gz#AporEner:Sistema:2020-06-01:2020-06-30
2020-06-10,AporEnerMediHist,228760000,kWh,xm:servapibi,2026-09-22T19:12:04Z,xm/2020/06/AporEnerMediHist_Sistema.ndjson.gz#AporEnerMediHist:Sistema:2020-06-01:2020-06-30
2020-06-10,CapaUtilDiarEner,16969329909,kWh,xm:servapibi,2026-09-22T19:12:02Z,xm/2020/06/CapaUtilDiarEner_Sistema.ndjson.gz#CapaUtilDiarEner:Sistema:2020-06-01:2020-06-30
2020-06-10,DemaSIN,184500846.27,kWh,xm:servapibi,2026-09-22T19:12:07Z,xm/2020/06/DemaSIN_Sistema.ndjson.gz#DemaSIN:Sistema:2020-06-01:2020-06-30
2020-06-10,PorcApor,0.64388,fraction,xm:servapibi,2026-09-22T19:12:06Z,xm/2020/06/PorcApor_Sistema.ndjson.gz#PorcApor:Sistema:2020-06-01:2020-06-30
2020-06-10,PorcVoluUtilDiar,0.37663,fraction,xm:servapibi,2026-09-22T19:11:59Z,xm/2020/06/PorcVoluUtilDiar_Sistema.ndjson.gz#PorcVoluUtilDiar:Sistema:2020-06-01:2020-06-30
2020-06-10,PrecBolsNaci,416.16616333333326,COP/kWh,xm:servapibi,2026-09-22T19:12:10Z,xm/2020/06/PrecBolsNaci_Sistema.ndjson.gz#PrecBolsNaci:Sistema:2020-06-01:2020-06-30
2020-06-10,PrecEscaAct,582.19064,COP/kWh,xm:servapibi,2026-09-22T19:12:08Z,xm/2020/06/PrecEscaAct_Sistema.ndjson.gz#PrecEscaAct:Sistema:2020-06-01:2020-06-30
2020-06-10,VoluUtilDiarEner,6391206000,kWh,xm:servapibi,2026-09-22T19:12:01Z,xm/2020/06/VoluUtilDiarEner_Sistema.ndjson.gz#VoluUtilDiarEner:Sistema:2020-06-01:2020-06-30
2020-06-11,AporEner,186785300,kWh,xm:servapibi,2026-09-22T19:12:03Z,xm/2020/06/AporEner_Sistema.ndjson.gz#AporEner:Sistema:2020-06-01:2020-06-30
2020-06-11,AporEnerMediHist,228760000,kWh,xm:servapibi,2026-09-22T19:12:04Z,xm/2020/06/AporEnerMediHist_Sistema.ndjson.gz#AporEnerMediHist:Sistema:2020-06-01:2020-06-30
2020-06-11,CapaUtilDiarEner,16969329909,kWh,xm:servapibi,2026-09-22T19:12:02Z,xm/2020/06/CapaUtilDiarEner_Sistema.ndjson.gz#CapaUtilDiarEner:Sistema:2020-06-01:2020-06-30
2020-06-11,DemaSIN,187362362.21,kWh,xm:servapibi,2026-09-22T19:12:07Z,xm/2020/06/DemaSIN_Sistema.ndjson.gz#DemaSIN:Sistema:2020-06-01:2020-06-30
2020-06-11,PorcApor,0.81651,fraction,xm:servapibi,2026-09-22T19:12:06Z,xm/2020/06/PorcApor_Sistema.ndjson.gz#PorcApor:Sistema:2020-06-01:2020-06-30
2020-06-11,PorcVoluUtilDiar,0.38221,fraction,xm:servapibi,2026-09-22T19:11:59Z,xm/2020/06/PorcVoluUtilDiar_Sistema.ndjson.gz#PorcVoluUtilDiar:Sistema:2020-06-01:2020-06-30
2020-06-11,PrecBolsNaci,400.8414566666668,COP/kWh,xm:servapibi,2026-09-22T19:12:10Z,xm/2020/06/PrecBolsNaci_Sistema.ndjson.gz#PrecBolsNaci:Sistema:2020-06-01:2020-06-30
2020-06-11,PrecEscaAct,582.19064,COP/kWh,xm:servapibi,2026-09-22T19:12:08Z,xm/2020/06/PrecEscaAct_Sistema.ndjson.gz#PrecEscaAct:Sistema:2020-06-01:2020-06-30
2020-06-11,VoluUtilDiarEner,6485835200,kWh,xm:servapibi,2026-09-22T19:12:01Z,xm/2020/06/VoluUtilDiarEner_Sistema.ndjson.gz#VoluUtilDiarEner:Sistema:2020-06-01:2020-06-30
2020-06-12,AporEner,241029100,kWh,xm:servapibi,2026-09-22T19:12:03Z,xm/2020/06/AporEner_Sistema.ndjson.gz#AporEner:Sistema:2020-06-01:2020-06-30
2020-06-12,AporEnerMediHist,228760000,kWh,xm:servapibi,2026-09-22T19:12:04Z,xm/2020/06/AporEnerMediHist_Sistema.ndjson.gz#AporEnerMediHist:Sistema:2020-06-01:2020-06-30
2020-06-12,CapaUtilDiarEner,16969329909,kWh,xm:servapibi,2026-09-22T19:12:02Z,xm/2020/06/CapaUtilDiarEner_Sistema.ndjson.gz#CapaUtilDiarEner:Sistema:2020-06-01:2020-06-30
2020-06-12,DemaSIN,188451468.59,kWh,xm:servapibi,2026-09-22T19:12:07Z,xm/2020/06/DemaSIN_Sistema.ndjson.gz#DemaSIN:Sistema:2020-06-01:2020-06-30
2020-06-12,PorcApor,1.05363,fraction,xm:servapibi,2026-09-22T19:12:06Z,xm/2020/06/PorcApor_Sistema.ndjson.gz#PorcApor:Sistema:2020-06-01:2020-06-30
2020-06-12,PorcVoluUtilDiar,0.39161,fraction,xm:servapibi,2026-09-22T19:11:59Z,xm/2020/06/PorcVoluUtilDiar_Sistema.ndjson.gz#PorcVoluUtilDiar:Sistema:2020-06-01:2020-06-30
2020-06-12,PrecBolsNaci,389.8480466666667,COP/kWh,xm:servapibi,2026-09-22T19:12:10Z,xm/2020/06/PrecBolsNaci_Sistema.ndjson.gz#PrecBolsNaci:Sistema:2020-06-01:2020-06-30
2020-06-12,PrecEscaAct,582.19064,COP/kWh,xm:servapibi,2026-09-22T19:12:08Z,xm/2020/06/PrecEscaAct_Sistema.ndjson.gz#PrecEscaAct:Sistema:2020-06-01:2020-06-30
2020-06-12,VoluUtilDiarEner,6645308100,kWh,xm:servapibi,2026-09-22T19:12:01Z,xm/2020/06/VoluUtilDiarEner_Sistema.ndjson.gz#VoluUtilDiarEner:Sistema:2020-06-01:2020-06-30
2020-06-13,AporEner,165017500,kWh,xm:servapibi,2026-09-22T19:12:03Z,xm/2020/06/AporEner_Sistema.ndjson.gz#AporEner:Sistema:2020-06-01:2020-06-30
2020-06-13,AporEnerMediHist,228760000,kWh,xm:servapibi,2026-09-22T19:12:04Z,xm/2020/06/AporEnerMediHist_Sistema.ndjson.gz#AporEnerMediHist:Sistema:2020-06-01:2020-06-30
2020-06-13,CapaUtilDiarEner,16969329909,kWh,xm:servapibi,2026-09-22T19:12:02Z,xm/2020/06/CapaUtilDiarEner_Sistema.ndjson.gz#CapaUtilDiarEner:Sistema:2020-06-01:2020-06-30
2020-06-13,DemaSIN,183144982.95,kWh,xm:servapibi,2026-09-22T19:12:07Z,xm/2020/06/DemaSIN_Sistema.ndjson.gz#DemaSIN:Sistema:2020-06-01:2020-06-30
2020-06-13,PorcApor,0.72136,fraction,xm:servapibi,2026-09-22T19:12:06Z,xm/2020/06/PorcApor_Sistema.ndjson.gz#PorcApor:Sistema:2020-06-01:2020-06-30
2020-06-13,PorcVoluUtilDiar,0.39477,fraction,xm:servapibi,2026-09-22T19:11:59Z,xm/2020/06/PorcVoluUtilDiar_Sistema.ndjson.gz#PorcVoluUtilDiar:Sistema:2020-06-01:2020-06-30
2020-06-13,PrecBolsNaci,354.9356666666667,COP/kWh,xm:servapibi,2026-09-22T19:12:10Z,xm/2020/06/PrecBolsNaci_Sistema.ndjson.gz#PrecBolsNaci:Sistema:2020-06-01:2020-06-30
2020-06-13,PrecEscaAct,582.19064,COP/kWh,xm:servapibi,2026-09-22T19:12:08Z,xm/2020/06/PrecEscaAct_Sistema.ndjson.gz#PrecEscaAct:Sistema:2020-06-01:2020-06-30
2020-06-13,VoluUtilDiarEner,6699048100,kWh,xm:servapibi,2026-09-22T19:12:01Z,xm/2020/06/VoluUtilDiarEner_Sistema.ndjson.gz#VoluUtilDiarEner:Sistema:2020-06-01:2020-06-30
2020-06-14,AporEner,188209300,kWh,xm:servapibi,2026-09-22T19:12:03Z,xm/2020/06/AporEner_Sistema.ndjson.gz#AporEner:Sistema:2020-06-01:2020-06-30
2020-06-14,AporEnerMediHist,228760000,kWh,xm:servapibi,2026-09-22T19:12:04Z,xm/2020/06/AporEnerMediHist_Sistema.ndjson.gz#AporEnerMediHist:Sistema:2020-06-01:2020-06-30
2020-06-14,CapaUtilDiarEner,16969329909,kWh,xm:servapibi,2026-09-22T19:12:02Z,xm/2020/06/CapaUtilDiarEner_Sistema.ndjson.gz#CapaUtilDiarEner:Sistema:2020-06-01:2020-06-30
2020-06-14,DemaSIN,168890982.84,kWh,xm:servapibi,2026-09-22T19:12:07Z,xm/2020/06/DemaSIN_Sistema.ndjson.gz#DemaSIN:Sistema:2020-06-01:2020-06-30
2020-06-14,PorcApor,0.82274,fraction,xm:servapibi,2026-09-22T19:12:06Z,xm/2020/06/PorcApor_Sistema.ndjson.gz#PorcApor:Sistema:2020-06-01:2020-06-30
2020-06-14,PorcVoluUtilDiar,0.39955,fraction,xm:servapibi,2026-09-22T19:11:59Z,xm/2020/06/PorcVoluUtilDiar_Sistema.ndjson.gz#PorcVoluUtilDiar:Sistema:2020-06-01:2020-06-30
2020-06-14,PrecBolsNaci,307.0176166666668,COP/kWh,xm:servapibi,2026-09-22T19:12:10Z,xm/2020/06/PrecBolsNaci_Sistema.ndjson.gz#PrecBolsNaci:Sistema:2020-06-01:2020-06-30
2020-06-14,PrecEscaAct,582.19064,COP/kWh,xm:servapibi,2026-09-22T19:12:08Z,xm/2020/06/PrecEscaAct_Sistema.ndjson.gz#PrecEscaAct:Sistema:2020-06-01:2020-06-30
2020-06-14,VoluUtilDiarEner,6780087000,kWh,xm:servapibi,2026-09-22T19:12:01Z,xm/2020/06/VoluUtilDiarEner_Sistema.ndjson.gz#VoluUtilDiarEner:Sistema:2020-06-01:2020-06-30
2020-06-15,AporEner,200772500,kWh,xm:servapibi,2026-09-22T19:12:03Z,xm/2020/06/AporEner_Sistema.ndjson.gz#AporEner:Sistema:2020-06-01:2020-06-30
2020-06-15,AporEnerMediHist,228760000,kWh,xm:servapibi,2026-09-22T19:12:04Z,xm/2020/06/AporEnerMediHist_Sistema.ndjson.gz#AporEnerMediHist:Sistema:2020-06-01:2020-06-30
2020-06-15,CapaUtilDiarEner,16969329909,kWh,xm:servapibi,2026-09-22T19:12:02Z,xm/2020/06/CapaUtilDiarEner_Sistema.ndjson.gz#CapaUtilDiarEner:Sistema:2020-06-01:2020-06-30
2020-06-15,DemaSIN,170564728.55,kWh,xm:servapibi,2026-09-22T19:12:07Z,xm/2020/06/DemaSIN_Sistema.ndjson.gz#DemaSIN:Sistema:2020-06-01:2020-06-30
2020-06-15,PorcApor,0.87766,fraction,xm:servapibi,2026-09-22T19:12:06Z,xm/2020/06/PorcApor_Sistema.ndjson.gz#PorcApor:Sistema:2020-06-01:2020-06-30
2020-06-15,PorcVoluUtilDiar,0.40595,fraction,xm:servapibi,2026-09-22T19:11:59Z,xm/2020/06/PorcVoluUtilDiar_Sistema.ndjson.gz#PorcVoluUtilDiar:Sistema:2020-06-01:2020-06-30
2020-06-15,PrecBolsNaci,281.0822183333334,COP/kWh,xm:servapibi,2026-09-22T19:12:10Z,xm/2020/06/PrecBolsNaci_Sistema.ndjson.gz#PrecBolsNaci:Sistema:2020-06-01:2020-06-30
2020-06-15,PrecEscaAct,582.19064,COP/kWh,xm:servapibi,2026-09-22T19:12:08Z,xm/2020/06/PrecEscaAct_Sistema.ndjson.gz#PrecEscaAct:Sistema:2020-06-01:2020-06-30
2020-06-15,VoluUtilDiarEner,6888733500,kWh,xm:servapibi,2026-09-22T19:12:01Z,xm/2020/06/VoluUtilDiarEner_Sistema.ndjson.gz#VoluUtilDiarEner:Sistema:2020-06-01:2020-06-30
2020-06-16,AporEner,153450100,kWh,xm:servapibi,2026-09-22T19:12:03Z,xm/2020/06/AporEner_Sistema.ndjson.gz#AporEner:Sistema:2020-06-01:2020-06-30
2020-06-16,AporEnerMediHist,228760000,kWh,xm:servapibi,2026-09-22T19:12:04Z,xm/2020/06/AporEnerMediHist_Sistema.ndjson.gz#AporEnerMediHist:Sistema:2020-06-01:2020-06-30
2020-06-16,CapaUtilDiarEner,16969329909,kWh,xm:servapibi,2026-09-22T19:12:02Z,xm/2020/06/CapaUtilDiarEner_Sistema.ndjson.gz#CapaUtilDiarEner:Sistema:2020-06-01:2020-06-30
2020-06-16,DemaSIN,192336065.07,kWh,xm:servapibi,2026-09-22T19:12:07Z,xm/2020/06/DemaSIN_Sistema.ndjson.gz#DemaSIN:Sistema:2020-06-01:2020-06-30
2020-06-16,PorcApor,0.67079,fraction,xm:servapibi,2026-09-22T19:12:06Z,xm/2020/06/PorcApor_Sistema.ndjson.gz#PorcApor:Sistema:2020-06-01:2020-06-30
2020-06-16,PorcVoluUtilDiar,0.40739,fraction,xm:servapibi,2026-09-22T19:11:59Z,xm/2020/06/PorcVoluUtilDiar_Sistema.ndjson.gz#PorcVoluUtilDiar:Sistema:2020-06-01:2020-06-30
2020-06-16,PrecBolsNaci,279.41275,COP/kWh,xm:servapibi,2026-09-22T19:12:10Z,xm/2020/06/PrecBolsNaci_Sistema.ndjson.gz#PrecBolsNaci:Sistema:2020-06-01:2020-06-30
2020-06-16,PrecEscaAct,582.19064,COP/kWh,xm:servapibi,2026-09-22T19:12:08Z,xm/2020/06/PrecEscaAct_Sistema.ndjson.gz#PrecEscaAct:Sistema:2020-06-01:2020-06-30
2020-06-16,VoluUtilDiarEner,6913201700,kWh,xm:servapibi,2026-09-22T19:12:01Z,xm/2020/06/VoluUtilDiarEner_Sistema.ndjson.gz#VoluUtilDiarEner:Sistema:2020-06-01:2020-06-30
2020-06-17,AporEner,196181900,kWh,xm:servapibi,2026-09-22T19:12:03Z,xm/2020/06/AporEner_Sistema.ndjson.gz#AporEner:Sistema:2020-06-01:2020-06-30
2020-06-17,AporEnerMediHist,228760000,kWh,xm:servapibi,2026-09-22T19:12:04Z,xm/2020/06/AporEnerMediHist_Sistema.ndjson.gz#AporEnerMediHist:Sistema:2020-06-01:2020-06-30
2020-06-17,CapaUtilDiarEner,16969329909,kWh,xm:servapibi,2026-09-22T19:12:02Z,xm/2020/06/CapaUtilDiarEner_Sistema.ndjson.gz#CapaUtilDiarEner:Sistema:2020-06-01:2020-06-30
2020-06-17,DemaSIN,192958332.75,kWh,xm:servapibi,2026-09-22T19:12:07Z,xm/2020/06/DemaSIN_Sistema.ndjson.gz#DemaSIN:Sistema:2020-06-01:2020-06-30
2020-06-17,PorcApor,0.85759,fraction,xm:servapibi,2026-09-22T19:12:06Z,xm/2020/06/PorcApor_Sistema.ndjson.gz#PorcApor:Sistema:2020-06-01:2020-06-30
2020-06-17,PorcVoluUtilDiar,0.41198,fraction,xm:servapibi,2026-09-22T19:11:59Z,xm/2020/06/PorcVoluUtilDiar_Sistema.ndjson.gz#PorcVoluUtilDiar:Sistema:2020-06-01:2020-06-30
2020-06-17,PrecBolsNaci,310.06406333333337,COP/kWh,xm:servapibi,2026-09-22T19:12:10Z,xm/2020/06/PrecBolsNaci_Sistema.ndjson.gz#PrecBolsNaci:Sistema:2020-06-01:2020-06-30
2020-06-17,PrecEscaAct,582.19064,COP/kWh,xm:servapibi,2026-09-22T19:12:08Z,xm/2020/06/PrecEscaAct_Sistema.ndjson.gz#PrecEscaAct:Sistema:2020-06-01:2020-06-30
2020-06-17,VoluUtilDiarEner,6991028500,kWh,xm:servapibi,2026-09-22T19:12:01Z,xm/2020/06/VoluUtilDiarEner_Sistema.ndjson.gz#VoluUtilDiarEner:Sistema:2020-06-01:2020-06-30
2020-06-18,AporEner,166611200,kWh,xm:servapibi,2026-09-22T19:12:03Z,xm/2020/06/AporEner_Sistema.ndjson.gz#AporEner:Sistema:2020-06-01:2020-06-30
2020-06-18,AporEnerMediHist,228760000,kWh,xm:servapibi,2026-09-22T19:12:04Z,xm/2020/06/AporEnerMediHist_Sistema.ndjson.gz#AporEnerMediHist:Sistema:2020-06-01:2020-06-30
2020-06-18,CapaUtilDiarEner,16969329909,kWh,xm:servapibi,2026-09-22T19:12:02Z,xm/2020/06/CapaUtilDiarEner_Sistema.ndjson.gz#CapaUtilDiarEner:Sistema:2020-06-01:2020-06-30
2020-06-18,DemaSIN,194155257.79,kWh,xm:servapibi,2026-09-22T19:12:07Z,xm/2020/06/DemaSIN_Sistema.ndjson.gz#DemaSIN:Sistema:2020-06-01:2020-06-30
2020-06-18,PorcApor,0.72832,fraction,xm:servapibi,2026-09-22T19:12:06Z,xm/2020/06/PorcApor_Sistema.ndjson.gz#PorcApor:Sistema:2020-06-01:2020-06-30
2020-06-18,PorcVoluUtilDiar,0.41429,fraction,xm:servapibi,2026-09-22T19:11:59Z,xm/2020/06/PorcVoluUtilDiar_Sistema.ndjson.gz#PorcVoluUtilDiar:Sistema:2020-06-01:2020-06-30
2020-06-18,PrecBolsNaci,265.11408000000006,COP/kWh,xm:servapibi,2026-09-22T19:12:10Z,xm/2020/06/PrecBolsNaci_Sistema.ndjson.gz#PrecBolsNaci:Sistema:2020-06-01:2020-06-30
2020-06-18,PrecEscaAct,582.19064,COP/kWh,xm:servapibi,2026-09-22T19:12:08Z,xm/2020/06/PrecEscaAct_Sistema.ndjson.gz#PrecEscaAct:Sistema:2020-06-01:2020-06-30
2020-06-18,VoluUtilDiarEner,7030196700,kWh,xm:servapibi,2026-09-22T19:12:01Z,xm/2020/06/VoluUtilDiarEner_Sistema.ndjson.gz#VoluUtilDiarEner:Sistema:2020-06-01:2020-06-30
2020-06-19,AporEner,157580500,kWh,xm:servapibi,2026-09-22T19:12:03Z,xm/2020/06/AporEner_Sistema.ndjson.gz#AporEner:Sistema:2020-06-01:2020-06-30
2020-06-19,AporEnerMediHist,228760000,kWh,xm:servapibi,2026-09-22T19:12:04Z,xm/2020/06/AporEnerMediHist_Sistema.ndjson.gz#AporEnerMediHist:Sistema:2020-06-01:2020-06-30
2020-06-19,CapaUtilDiarEner,16969329909,kWh,xm:servapibi,2026-09-22T19:12:02Z,xm/2020/06/CapaUtilDiarEner_Sistema.ndjson.gz#CapaUtilDiarEner:Sistema:2020-06-01:2020-06-30
2020-06-19,DemaSIN,195398340.16,kWh,xm:servapibi,2026-09-22T19:12:07Z,xm/2020/06/DemaSIN_Sistema.ndjson.gz#DemaSIN:Sistema:2020-06-01:2020-06-30
2020-06-19,PorcApor,0.68885,fraction,xm:servapibi,2026-09-22T19:12:06Z,xm/2020/06/PorcApor_Sistema.ndjson.gz#PorcApor:Sistema:2020-06-01:2020-06-30
2020-06-19,PorcVoluUtilDiar,0.4168,fraction,xm:servapibi,2026-09-22T19:11:59Z,xm/2020/06/PorcVoluUtilDiar_Sistema.ndjson.gz#PorcVoluUtilDiar:Sistema:2020-06-01:2020-06-30
2020-06-19,PrecBolsNaci,254.65473999999998,COP/kWh,xm:servapibi,2026-09-22T19:12:10Z,xm/2020/06/PrecBolsNaci_Sistema.ndjson.gz#PrecBolsNaci:Sistema:2020-06-01:2020-06-30
2020-06-19,PrecEscaAct,582.19064,COP/kWh,xm:servapibi,2026-09-22T19:12:08Z,xm/2020/06/PrecEscaAct_Sistema.ndjson.gz#PrecEscaAct:Sistema:2020-06-01:2020-06-30
2020-06-19,VoluUtilDiarEner,7072781700,kWh,xm:servapibi,2026-09-22T19:12:01Z,xm/2020/06/VoluUtilDiarEner_Sistema.ndjson.gz#VoluUtilDiarEner:Sistema:2020-06-01:2020-06-30
2020-06-20,AporEner,271136500,kWh,xm:servapibi,2026-09-22T19:12:03Z,xm/2020/06/AporEner_Sistema.ndjson.gz#AporEner:Sistema:2020-06-01:2020-06-30
2020-06-20,AporEnerMediHist,228760000,kWh,xm:servapibi,2026-09-22T19:12:04Z,xm/2020/06/AporEnerMediHist_Sistema.ndjson.gz#AporEnerMediHist:Sistema:2020-06-01:2020-06-30
2020-06-20,CapaUtilDiarEner,16969329909,kWh,xm:servapibi,2026-09-22T19:12:02Z,xm/2020/06/CapaUtilDiarEner_Sistema.ndjson.gz#CapaUtilDiarEner:Sistema:2020-06-01:2020-06-30
2020-06-20,DemaSIN,186187152.22,kWh,xm:servapibi,2026-09-22T19:12:07Z,xm/2020/06/DemaSIN_Sistema.ndjson.gz#DemaSIN:Sistema:2020-06-01:2020-06-30
2020-06-20,PorcApor,1.18524,fraction,xm:servapibi,2026-09-22T19:12:06Z,xm/2020/06/PorcApor_Sistema.ndjson.gz#PorcApor:Sistema:2020-06-01:2020-06-30
2020-06-20,PorcVoluUtilDiar,0.42632,fraction,xm:servapibi,2026-09-22T19:11:59Z,xm/2020/06/PorcVoluUtilDiar_Sistema.ndjson.gz#PorcVoluUtilDiar:Sistema:2020-06-01:2020-06-30
2020-06-20,PrecBolsNaci,238.88161333333335,COP/kWh,xm:servapibi,2026-09-22T19:12:10Z,xm/2020/06/PrecBolsNaci_Sistema.ndjson.gz#PrecBolsNaci:Sistema:2020-06-01:2020-06-30
2020-06-20,PrecEscaAct,582.19064,COP/kWh,xm:servapibi,2026-09-22T19:12:08Z,xm/2020/06/PrecEscaAct_Sistema.ndjson.gz#PrecEscaAct:Sistema:2020-06-01:2020-06-30
2020-06-20,VoluUtilDiarEner,7234367600,kWh,xm:servapibi,2026-09-22T19:12:01Z,xm/2020/06/VoluUtilDiarEner_Sistema.ndjson.gz#VoluUtilDiarEner:Sistema:2020-06-01:2020-06-30
2020-06-21,AporEner,293630600,kWh,xm:servapibi,2026-09-22T19:12:03Z,xm/2020/06/AporEner_Sistema.ndjson.gz#AporEner:Sistema:2020-06-01:2020-06-30
2020-06-21,AporEnerMediHist,228760000,kWh,xm:servapibi,2026-09-22T19:12:04Z,xm/2020/06/AporEnerMediHist_Sistema.ndjson.gz#AporEnerMediHist:Sistema:2020-06-01:2020-06-30
2020-06-21,CapaUtilDiarEner,16969329909,kWh,xm:servapibi,2026-09-22T19:12:02Z,xm/2020/06/CapaUtilDiarEner_Sistema.ndjson.gz#CapaUtilDiarEner:Sistema:2020-06-01:2020-06-30
2020-06-21,DemaSIN,167616795.49,kWh,xm:servapibi,2026-09-22T19:12:07Z,xm/2020/06/DemaSIN_Sistema.ndjson.gz#DemaSIN:Sistema:2020-06-01:2020-06-30
2020-06-21,PorcApor,1.28357,fraction,xm:servapibi,2026-09-22T19:12:06Z,xm/2020/06/PorcApor_Sistema.ndjson.gz#PorcApor:Sistema:2020-06-01:2020-06-30
2020-06-21,PorcVoluUtilDiar,0.43703,fraction,xm:servapibi,2026-09-22T19:11:59Z,xm/2020/06/PorcVoluUtilDiar_Sistema.ndjson.gz#PorcVoluUtilDiar:Sistema:2020-06-01:2020-06-30
2020-06-21,PrecBolsNaci,234.19839666666664,COP/kWh,xm:servapibi,2026-09-22T19:12:10Z,xm/2020/06/PrecBolsNaci_Sistema.ndjson.gz#PrecBolsNaci:Sistema:2020-06-01:2020-06-30
2020-06-21,PrecEscaAct,582.19064,COP/kWh,xm:servapibi,2026-09-22T19:12:08Z,xm/2020/06/PrecEscaAct_Sistema.ndjson.gz#PrecEscaAct:Sistema:2020-06-01:2020-06-30
2020-06-21,VoluUtilDiarEner,7416043300,kWh,xm:servapibi,2026-09-22T19:12:01Z,xm/2020/06/VoluUtilDiarEner_Sistema.ndjson.gz#VoluUtilDiarEner:Sistema:2020-06-01:2020-06-30
2020-06-22,AporEner,257702800,kWh,xm:servapibi,2026-09-22T19:12:03Z,xm/2020/06/AporEner_Sistema.ndjson.gz#AporEner:Sistema:2020-06-01:2020-06-30
2020-06-22,AporEnerMediHist,228760000,kWh,xm:servapibi,2026-09-22T19:12:04Z,xm/2020/06/AporEnerMediHist_Sistema.ndjson.gz#AporEnerMediHist:Sistema:2020-06-01:2020-06-30
2020-06-22,CapaUtilDiarEner,16969329909,kWh,xm:servapibi,2026-09-22T19:12:02Z,xm/2020/06/CapaUtilDiarEner_Sistema.ndjson.gz#CapaUtilDiarEner:Sistema:2020-06-01:2020-06-30
2020-06-22,DemaSIN,173162162.88,kWh,xm:servapibi,2026-09-22T19:12:07Z,xm/2020/06/DemaSIN_Sistema.ndjson.gz#DemaSIN:Sistema:2020-06-01:2020-06-30
2020-06-22,PorcApor,1.12652,fraction,xm:servapibi,2026-09-22T19:12:06Z,xm/2020/06/PorcApor_Sistema.ndjson.gz#PorcApor:Sistema:2020-06-01:2020-06-30
2020-06-22,PorcVoluUtilDiar,0.44503,fraction,xm:servapibi,2026-09-22T19:11:59Z,xm/2020/06/PorcVoluUtilDiar_Sistema.ndjson.gz#PorcVoluUtilDiar:Sistema:2020-06-01:2020-06-30
2020-06-22,PrecBolsNaci,220.93247000000005,COP/kWh,xm:servapibi,2026-09-22T19:12:10Z,xm/2020/06/PrecBolsNaci_Sistema.ndjson.gz#PrecBolsNaci:Sistema:2020-06-01:2020-06-30
2020-06-22,PrecEscaAct,582.19064,COP/kWh,xm:servapibi,2026-09-22T19:12:08Z,xm/2020/06/PrecEscaAct_Sistema.ndjson.gz#PrecEscaAct:Sistema:2020-06-01:2020-06-30
2020-06-22,VoluUtilDiarEner,7551785600,kWh,xm:servapibi,2026-09-22T19:12:01Z,xm/2020/06/VoluUtilDiarEner_Sistema.ndjson.gz#VoluUtilDiarEner:Sistema:2020-06-01:2020-06-30
2020-06-23,AporEner,220680100,kWh,xm:servapibi,2026-09-22T19:12:03Z,xm/2020/06/AporEner_Sistema.ndjson.gz#AporEner:Sistema:2020-06-01:2020-06-30
2020-06-23,AporEnerMediHist,228760000,kWh,xm:servapibi,2026-09-22T19:12:04Z,xm/2020/06/AporEnerMediHist_Sistema.ndjson.gz#AporEnerMediHist:Sistema:2020-06-01:2020-06-30
2020-06-23,CapaUtilDiarEner,16969329909,kWh,xm:servapibi,2026-09-22T19:12:02Z,xm/2020/06/CapaUtilDiarEner_Sistema.ndjson.gz#CapaUtilDiarEner:Sistema:2020-06-01:2020-06-30
2020-06-23,DemaSIN,194400594.1,kWh,xm:servapibi,2026-09-22T19:12:07Z,xm/2020/06/DemaSIN_Sistema.ndjson.gz#DemaSIN:Sistema:2020-06-01:2020-06-30
2020-06-23,PorcApor,0.96468,fraction,xm:servapibi,2026-09-22T19:12:06Z,xm/2020/06/PorcApor_Sistema.ndjson.gz#PorcApor:Sistema:2020-06-01:2020-06-30
2020-06-23,PorcVoluUtilDiar,0.45041,fraction,xm:servapibi,2026-09-22T19:11:59Z,xm/2020/06/PorcVoluUtilDiar_Sistema.ndjson.gz#PorcVoluUtilDiar:Sistema:2020-06-01:2020-06-30
2020-06-23,PrecBolsNaci,234.24045166666656,COP/kWh,xm:servapibi,2026-09-22T19:12:10Z,xm/2020/06/PrecBolsNaci_Sistema.ndjson.gz#PrecBolsNaci:Sistema:2020-06-01:2020-06-30
2020-06-23,PrecEscaAct,582.19064,COP/kWh,xm:servapibi,2026-09-22T19:12:08Z,xm/2020/06/PrecEscaAct_Sistema.ndjson.gz#PrecEscaAct:Sistema:2020-06-01:2020-06-30
2020-06-23,VoluUtilDiarEner,7643220900,kWh,xm:servapibi,2026-09-22T19:12:01Z,xm/2020/06/VoluUtilDiarEner_Sistema.ndjson.gz#VoluUtilDiarEner:Sistema:2020-06-01:2020-06-30
2020-06-24,AporEner,161631200,kWh,xm:servapibi,2026-09-22T19:12:03Z,xm/2020/06/AporEner_Sistema.ndjson.gz#AporEner:Sistema:2020-06-01:2020-06-30
2020-06-24,AporEnerMediHist,228760000,kWh,xm:servapibi,2026-09-22T19:12:04Z,xm/2020/06/AporEnerMediHist_Sistema.ndjson.gz#AporEnerMediHist:Sistema:2020-06-01:2020-06-30
2020-06-24,CapaUtilDiarEner,16969329909,kWh,xm:servapibi,2026-09-22T19:12:02Z,xm/2020/06/CapaUtilDiarEner_Sistema.ndjson.gz#CapaUtilDiarEner:Sistema:2020-06-01:2020-06-30
2020-06-24,DemaSIN,194047827.66,kWh,xm:servapibi,2026-09-22T19:12:07Z,xm/2020/06/DemaSIN_Sistema.ndjson.gz#DemaSIN:Sistema:2020-06-01:2020-06-30
2020-06-24,PorcApor,0.70655,fraction,xm:servapibi,2026-09-22T19:12:06Z,xm/2020/06/PorcApor_Sistema.ndjson.gz#PorcApor:Sistema:2020-06-01:2020-06-30
2020-06-24,PorcVoluUtilDiar,0.45251,fraction,xm:servapibi,2026-09-22T19:11:59Z,xm/2020/06/PorcVoluUtilDiar_Sistema.ndjson.gz#PorcVoluUtilDiar:Sistema:2020-06-01:2020-06-30
2020-06-24,PrecBolsNaci,227.2904833333333,COP/kWh,xm:servapibi,2026-09-22T19:12:10Z,xm/2020/06/PrecBolsNaci_Sistema.ndjson.gz#PrecBolsNaci:Sistema:2020-06-01:2020-06-30
2020-06-24,PrecEscaAct,582.19064,COP/kWh,xm:servapibi,2026-09-22T19:12:08Z,xm/2020/06/PrecEscaAct_Sistema.ndjson.gz#PrecEscaAct:Sistema:2020-06-01:2020-06-30
2020-06-24,VoluUtilDiarEner,7678812300,kWh,xm:servapibi,2026-09-22T19:12:01Z,xm/2020/06/VoluUtilDiarEner_Sistema.ndjson.gz#VoluUtilDiarEner:Sistema:2020-06-01:2020-06-30
2020-06-25,AporEner,135565700,kWh,xm:servapibi,2026-09-22T19:12:03Z,xm/2020/06/AporEner_Sistema.ndjson.gz#AporEner:Sistema:2020-06-01:2020-06-30
2020-06-25,AporEnerMediHist,228760000,kWh,xm:servapibi,2026-09-22T19:12:04Z,xm/2020/06/AporEnerMediHist_Sistema.ndjson.gz#AporEnerMediHist:Sistema:2020-06-01:2020-06-30
2020-06-25,CapaUtilDiarEner,16969329909,kWh,xm:servapibi,2026-09-22T19:12:02Z,xm/2020/06/CapaUtilDiarEner_Sistema.ndjson.gz#CapaUtilDiarEner:Sistema:2020-06-01:2020-06-30
2020-06-25,DemaSIN,196403404.95,kWh,xm:servapibi,2026-09-22T19:12:07Z,xm/2020/06/DemaSIN_Sistema.ndjson.gz#DemaSIN:Sistema:2020-06-01:2020-06-30
2020-06-25,PorcApor,0.59261,fraction,xm:servapibi,2026-09-22T19:12:06Z,xm/2020/06/PorcApor_Sistema.ndjson.gz#PorcApor:Sistema:2020-06-01:2020-06-30
2020-06-25,PorcVoluUtilDiar,0.45374,fraction,xm:servapibi,2026-09-22T19:11:59Z,xm/2020/06/PorcVoluUtilDiar_Sistema.ndjson.gz#PorcVoluUtilDiar:Sistema:2020-06-01:2020-06-30
2020-06-25,PrecBolsNaci,250.04606499999997,COP/kWh,xm:servapibi,2026-09-22T19:12:10Z,xm/2020/06/PrecBolsNaci_Sistema.ndjson.gz#PrecBolsNaci:Sistema:2020-06-01:2020-06-30
2020-06-25,PrecEscaAct,582.19064,COP/kWh,xm:servapibi,2026-09-22T19:12:08Z,xm/2020/06/PrecEscaAct_Sistema.ndjson.gz#PrecEscaAct:Sistema:2020-06-01:2020-06-30
2020-06-25,VoluUtilDiarEner,7699717200,kWh,xm:servapibi,2026-09-22T19:12:01Z,xm/2020/06/VoluUtilDiarEner_Sistema.ndjson.gz#VoluUtilDiarEner:Sistema:2020-06-01:2020-06-30
2020-06-26,AporEner,201168100,kWh,xm:servapibi,2026-09-22T19:12:03Z,xm/2020/06/AporEner_Sistema.ndjson.gz#AporEner:Sistema:2020-06-01:2020-06-30
2020-06-26,AporEnerMediHist,228760000,kWh,xm:servapibi,2026-09-22T19:12:04Z,xm/2020/06/AporEnerMediHist_Sistema.ndjson.gz#AporEnerMediHist:Sistema:2020-06-01:2020-06-30
2020-06-26,CapaUtilDiarEner,16969329909,kWh,xm:servapibi,2026-09-22T19:12:02Z,xm/2020/06/CapaUtilDiarEner_Sistema.ndjson.gz#CapaUtilDiarEner:Sistema:2020-06-01:2020-06-30
2020-06-26,DemaSIN,195039452.46,kWh,xm:servapibi,2026-09-22T19:12:07Z,xm/2020/06/DemaSIN_Sistema.ndjson.gz#DemaSIN:Sistema:2020-06-01:2020-06-30
2020-06-26,PorcApor,0.87938,fraction,xm:servapibi,2026-09-22T19:12:06Z,xm/2020/06/PorcApor_Sistema.ndjson.gz#PorcApor:Sistema:2020-06-01:2020-06-30
2020-06-26,PorcVoluUtilDiar,0.4575,fraction,xm:servapibi,2026-09-22T19:11:59Z,xm/2020/06/PorcVoluUtilDiar_Sistema.ndjson.gz#PorcVoluUtilDiar:Sistema:2020-06-01:2020-06-30
2020-06-26,PrecBolsNaci,251.97649,COP/kWh,xm:servapibi,2026-09-22T19:12:10Z,xm/2020/06/PrecBolsNaci_Sistema.ndjson.gz#PrecBolsNaci:Sistema:2020-06-01:2020-06-30
2020-06-26,PrecEscaAct,582.19064,COP/kWh,xm:servapibi,2026-09-22T19:12:08Z,xm/2020/06/PrecEscaAct_Sistema.ndjson.gz#PrecEscaAct:Sistema:2020-06-01:2020-06-30
2020-06-26,VoluUtilDiarEner,7763530400,kWh,xm:servapibi,2026-09-22T19:12:01Z,xm/2020/06/VoluUtilDiarEner_Sistema.ndjson.gz#VoluUtilDiarEner:Sistema:2020-06-01:2020-06-30
2020-06-27,AporEner,197898500,kWh,xm:servapibi,2026-09-22T19:12:03Z,xm/2020/06/AporEner_Sistema.ndjson.gz#AporEner:Sistema:2020-06-01:2020-06-30
2020-06-27,AporEnerMediHist,228760000,kWh,xm:servapibi,2026-09-22T19:12:04Z,xm/2020/06/AporEnerMediHist_Sistema.ndjson.gz#AporEnerMediHist:Sistema:2020-06-01:2020-06-30
2020-06-27,CapaUtilDiarEner,16969329909,kWh,xm:servapibi,2026-09-22T19:12:02Z,xm/2020/06/CapaUtilDiarEner_Sistema.ndjson.gz#CapaUtilDiarEner:Sistema:2020-06-01:2020-06-30
2020-06-27,DemaSIN,186769120.12,kWh,xm:servapibi,2026-09-22T19:12:07Z,xm/2020/06/DemaSIN_Sistema.ndjson.gz#DemaSIN:Sistema:2020-06-01:2020-06-30
2020-06-27,PorcApor,0.86509,fraction,xm:servapibi,2026-09-22T19:12:06Z,xm/2020/06/PorcApor_Sistema.ndjson.gz#PorcApor:Sistema:2020-06-01:2020-06-30
2020-06-27,PorcVoluUtilDiar,0.46156,fraction,xm:servapibi,2026-09-22T19:11:59Z,xm/2020/06/PorcVoluUtilDiar_Sistema.ndjson.gz#PorcVoluUtilDiar:Sistema:2020-06-01:2020-06-30
2020-06-27,PrecBolsNaci,240.98177666666666,COP/kWh,xm:servapibi,2026-09-22T19:12:10Z,xm/2020/06/PrecBolsNaci_Sistema.ndjson.gz#PrecBolsNaci:Sistema:2020-06-01:2020-06-30
2020-06-27,PrecEscaAct,582.19064,COP/kWh,xm:servapibi,2026-09-22T19:12:08Z,xm/2020/06/PrecEscaAct_Sistema.ndjson.gz#PrecEscaAct:Sistema:2020-06-01:2020-06-30
2020-06-27,VoluUtilDiarEner,7832288700,kWh,xm:servapibi,2026-09-22T19:12:01Z,xm/2020/06/VoluUtilDiarEner_Sistema.ndjson.gz#VoluUtilDiarEner:Sistema:2020-06-01:2020-06-30
2020-06-28,AporEner,242064800,kWh,xm:servapibi,2026-09-22T19:12:03Z,xm/2020/06/AporEner_Sistema.ndjson.gz#AporEner:Sistema:2020-06-01:2020-06-30
2020-06-28,AporEnerMediHist,228760000,kWh,xm:servapibi,2026-09-22T19:12:04Z,xm/2020/06/AporEnerMediHist_Sistema.ndjson.gz#AporEnerMediHist:Sistema:2020-06-01:2020-06-30
2020-06-28,CapaUtilDiarEner,16969329909,kWh,xm:servapibi,2026-09-22T19:12:02Z,xm/2020/06/CapaUtilDiarEner_Sistema.ndjson.gz#CapaUtilDiarEner:Sistema:2020-06-01:2020-06-30
2020-06-28,DemaSIN,168387413.25,kWh,xm:servapibi,2026-09-22T19:12:07Z,xm/2020/06/DemaSIN_Sistema.ndjson.gz#DemaSIN:Sistema:2020-06-01:2020-06-30
2020-06-28,PorcApor,1.05816,fraction,xm:servapibi,2026-09-22T19:12:06Z,xm/2020/06/PorcApor_Sistema.ndjson.gz#PorcApor:Sistema:2020-06-01:2020-06-30
2020-06-28,PorcVoluUtilDiar,0.47058,fraction,xm:servapibi,2026-09-22T19:11:59Z,xm/2020/06/PorcVoluUtilDiar_Sistema.ndjson.gz#PorcVoluUtilDiar:Sistema:2020-06-01:2020-06-30
2020-06-28,PrecBolsNaci,215.65387833333332,COP/kWh,xm:servapibi,2026-09-22T19:12:10Z,xm/2020/06/PrecBolsNaci_Sistema.ndjson.gz#PrecBolsNaci:Sistema:2020-06-01:2020-06-30
2020-06-28,PrecEscaAct,582.19064,COP/kWh,xm:servapibi,2026-09-22T19:12:08Z,xm/2020/06/PrecEscaAct_Sistema.ndjson.gz#PrecEscaAct:Sistema:2020-06-01:2020-06-30
2020-06-28,VoluUtilDiarEner,7985399500,kWh,xm:servapibi,2026-09-22T19:12:01Z,xm/2020/06/VoluUtilDiarEner_Sistema.ndjson.gz#VoluUtilDiarEner:Sistema:2020-06-01:2020-06-30
2020-06-29,AporEner,163172400,kWh,xm:servapibi,2026-09-22T19:12:03Z,xm/2020/06/AporEner_Sistema.ndjson.gz#AporEner:Sistema:2020-06-01:2020-06-30
2020-06-29,AporEnerMediHist,228760000,kWh,xm:servapibi,2026-09-22T19:12:04Z,xm/2020/06/AporEnerMediHist_Sistema.ndjson.gz#AporEnerMediHist:Sistema:2020-06-01:2020-06-30
2020-06-29,CapaUtilDiarEner,16969329909,kWh,xm:servapibi,2026-09-22T19:12:02Z,xm/2020/06/CapaUtilDiarEner_Sistema.ndjson.gz#CapaUtilDiarEner:Sistema:2020-06-01:2020-06-30
2020-06-29,DemaSIN,174159483.18,kWh,xm:servapibi,2026-09-22T19:12:07Z,xm/2020/06/DemaSIN_Sistema.ndjson.gz#DemaSIN:Sistema:2020-06-01:2020-06-30
2020-06-29,PorcApor,0.71329,fraction,xm:servapibi,2026-09-22T19:12:06Z,xm/2020/06/PorcApor_Sistema.ndjson.gz#PorcApor:Sistema:2020-06-01:2020-06-30
2020-06-29,PorcVoluUtilDiar,0.47314,fraction,xm:servapibi,2026-09-22T19:11:59Z,xm/2020/06/PorcVoluUtilDiar_Sistema.ndjson.gz#PorcVoluUtilDiar:Sistema:2020-06-01:2020-06-30
2020-06-29,PrecBolsNaci,224.32913833333342,COP/kWh,xm:servapibi,2026-09-22T19:12:10Z,xm/2020/06/PrecBolsNaci_Sistema.ndjson.gz#PrecBolsNaci:Sistema:2020-06-01:2020-06-30
2020-06-29,PrecEscaAct,582.19064,COP/kWh,xm:servapibi,2026-09-22T19:12:08Z,xm/2020/06/PrecEscaAct_Sistema.ndjson.gz#PrecEscaAct:Sistema:2020-06-01:2020-06-30
2020-06-29,VoluUtilDiarEner,8028928000,kWh,xm:servapibi,2026-09-22T19:12:01Z,xm/2020/06/VoluUtilDiarEner_Sistema.ndjson.gz#VoluUtilDiarEner:Sistema:2020-06-01:2020-06-30
2020-06-30,AporEner,155789800,kWh,xm:servapibi,2026-09-22T19:12:03Z,xm/2020/06/AporEner_Sistema.ndjson.gz#AporEner:Sistema:2020-06-01:2020-06-30
2020-06-30,AporEnerMediHist,228760000,kWh,xm:servapibi,2026-09-22T19:12:04Z,xm/2020/06/AporEnerMediHist_Sistema.ndjson.gz#AporEnerMediHist:Sistema:2020-06-01:2020-06-30
2020-06-30,CapaUtilDiarEner,16969329909,kWh,xm:servapibi,2026-09-22T19:12:02Z,xm/2020/06/CapaUtilDiarEner_Sistema.ndjson.gz#CapaUtilDiarEner:Sistema:2020-06-01:2020-06-30
2020-06-30,DemaSIN,195702409.11,kWh,xm:servapibi,2026-09-22T19:12:07Z,xm/2020/06/DemaSIN_Sistema.ndjson.gz#DemaSIN:Sistema:2020-06-01:2020-06-30
2020-06-30,PorcApor,0.68102,fraction,xm:servapibi,2026-09-22T19:12:06Z,xm/2020/06/PorcApor_Sistema.ndjson.gz#PorcApor:Sistema:2020-06-01:2020-06-30
2020-06-30,PorcVoluUtilDiar,0.47457,fraction,xm:servapibi,2026-09-22T19:11:59Z,xm/2020/06/PorcVoluUtilDiar_Sistema.ndjson.gz#PorcVoluUtilDiar:Sistema:2020-06-01:2020-06-30
2020-06-30,PrecBolsNaci,225.57354833333332,COP/kWh,xm:servapibi,2026-09-22T19:12:10Z,xm/2020/06/PrecBolsNaci_Sistema.ndjson.gz#PrecBolsNaci:Sistema:2020-06-01:2020-06-30
2020-06-30,PrecEscaAct,582.19064,COP/kWh,xm:servapibi,2026-09-22T19:12:08Z,xm/2020/06/PrecEscaAct_Sistema.ndjson.gz#PrecEscaAct:Sistema:2020-06-01:2020-06-30
2020-06-30,VoluUtilDiarEner,8053120600,kWh,xm:servapibi,2026-09-22T19:12:01Z,xm/2020/06/VoluUtilDiarEner_Sistema.ndjson.gz#VoluUtilDiarEner:Sistema:2020-06-01:2020-06-30
2020-07-01,AporEner,159877100,kWh,xm:servapibi,2026-09-22T19:12:18Z,xm/2020/07/AporEner_Sistema.ndjson.gz#AporEner:Sistema:2020-07-01:2020-07-31
2020-07-01,AporEnerMediHist,216010000,kWh,xm:servapibi,2026-09-22T19:12:19Z,xm/2020/07/AporEnerMediHist_Sistema.ndjson.gz#AporEnerMediHist:Sistema:2020-07-01:2020-07-31
2020-07-01,CapaUtilDiarEner,16969329909,kWh,xm:servapibi,2026-09-22T19:12:17Z,xm/2020/07/CapaUtilDiarEner_Sistema.ndjson.gz#CapaUtilDiarEner:Sistema:2020-07-01:2020-07-31
2020-07-01,DemaSIN,197539726.23,kWh,xm:servapibi,2026-09-22T19:12:22Z,xm/2020/07/DemaSIN_Sistema.ndjson.gz#DemaSIN:Sistema:2020-07-01:2020-07-31
2020-07-01,PorcApor,0.74014,fraction,xm:servapibi,2026-09-22T19:12:21Z,xm/2020/07/PorcApor_Sistema.ndjson.gz#PorcApor:Sistema:2020-07-01:2020-07-31
2020-07-01,PorcVoluUtilDiar,0.4776,fraction,xm:servapibi,2026-09-22T19:12:14Z,xm/2020/07/PorcVoluUtilDiar_Sistema.ndjson.gz#PorcVoluUtilDiar:Sistema:2020-07-01:2020-07-31
2020-07-01,PrecBolsNaci,239.33550666666667,COP/kWh,xm:servapibi,2026-09-22T19:12:25Z,xm/2020/07/PrecBolsNaci_Sistema.ndjson.gz#PrecBolsNaci:Sistema:2020-07-01:2020-07-31
2020-07-01,PrecEscaAct,573.61054,COP/kWh,xm:servapibi,2026-09-22T19:12:23Z,xm/2020/07/PrecEscaAct_Sistema.ndjson.gz#PrecEscaAct:Sistema:2020-07-01:2020-07-31
2020-07-01,VoluUtilDiarEner,8104476300,kWh,xm:servapibi,2026-09-22T19:12:15Z,xm/2020/07/VoluUtilDiarEner_Sistema.ndjson.gz#VoluUtilDiarEner:Sistema:2020-07-01:2020-07-31
2020-07-02,AporEner,311876000,kWh,xm:servapibi,2026-09-22T19:12:18Z,xm/2020/07/AporEner_Sistema.ndjson.gz#AporEner:Sistema:2020-07-01:2020-07-31
2020-07-02,AporEnerMediHist,216010000,kWh,xm:servapibi,2026-09-22T19:12:19Z,xm/2020/07/AporEnerMediHist_Sistema.ndjson.gz#AporEnerMediHist:Sistema:2020-07-01:2020-07-31
2020-07-02,CapaUtilDiarEner,16969329909,kWh,xm:servapibi,2026-09-22T19:12:17Z,xm/2020/07/CapaUtilDiarEner_Sistema.ndjson.gz#CapaUtilDiarEner:Sistema:2020-07-01:2020-07-31
2020-07-02,DemaSIN,194361717.93,kWh,xm:servapibi,2026-09-22T19:12:22Z,xm/2020/07/DemaSIN_Sistema.ndjson.gz#DemaSIN:Sistema:2020-07-01:2020-07-31
2020-07-02,PorcApor,1.4438,fraction,xm:servapibi,2026-09-22T19:12:21Z,xm/2020/07/PorcApor_Sistema.ndjson.gz#PorcApor:Sistema:2020-07-01:2020-07-31
2020-07-02,PorcVoluUtilDiar,0.48871,fraction,xm:servapibi,2026-09-22T19:12:14Z,xm/2020/07/PorcVoluUtilDiar_Sistema.ndjson.gz#PorcVoluUtilDiar:Sistema:2020-07-01:2020-07-31
2020-07-02,PrecBolsNaci,209.18502666666657,COP/kWh,xm:servapibi,2026-09-22T19:12:25Z,xm/2020/07/PrecBolsNaci_Sistema.ndjson.gz#PrecBolsNaci:Sistema:2020-07-01:2020-07-31
2020-07-02,PrecEscaAct,573.61054,COP/kWh,xm:servapibi,2026-09-22T19:12:23Z,xm/2020/07/PrecEscaAct_Sistema.ndjson.gz#PrecEscaAct:Sistema:2020-07-01:2020-07-31
2020-07-02,VoluUtilDiarEner,8293075100,kWh,xm:servapibi,2026-09-22T19:12:15Z,xm/2020/07/VoluUtilDiarEner_Sistema.ndjson.gz#VoluUtilDiarEner:Sistema:2020-07-01:2020-07-31
2020-07-03,AporEner,212216700,kWh,xm:servapibi,2026-09-22T19:12:18Z,xm/2020/07/AporEner_Sistema.ndjson.gz#AporEner:Sistema:2020-07-01:2020-07-31
2020-07-03,AporEnerMediHist,216010000,kWh,xm:servapibi,2026-09-22T19:12:19Z,xm/2020/07/AporEnerMediHist_Sistema.ndjson.gz#AporEnerMediHist:Sistema:2020-07-01:2020-07-31
2020-07-03,CapaUtilDiarEner,16969329909,kWh,xm:servapibi,2026-09-22T19:12:17Z,xm/2020/07/CapaUtilDiarEner_Sistema.ndjson.gz#CapaUtilDiarEner:Sistema:2020-07-01:2020-07-31
2020-07-03,DemaSIN,195226563.88,kWh,xm:servapibi,2026-09-22T19:12:22Z,xm/2020/07/DemaSIN_Sistema.ndjson.gz#DemaSIN:Sistema:2020-07-01:2020-07-31
2020-07-03,PorcApor,0.98244,fraction,xm:servapibi,2026-09-22T19:12:21Z,xm/2020/07/PorcApor_Sistema.ndjson.gz#PorcApor:Sistema:2020-07-01:2020-07-31
2020-07-03,PorcVoluUtilDiar,0.4944,fraction,xm:servapibi,2026-09-22T19:12:14Z,xm/2020/07/PorcVoluUtilDiar_Sistema.ndjson.gz#PorcVoluUtilDiar:Sistema:2020-07-01:2020-07-31
2020-07-03,PrecBolsNaci,200.2739750000001,COP/kWh,xm:servapibi,2026-09-22T19:12:25Z,xm/2020/07/PrecBolsNaci_Sistema.ndjson.gz#PrecBolsNaci:Sistema:2020-07-01:2020-07-31
2020-07-03,PrecEscaAct,573.61054,COP/kWh,xm:servapibi,2026-09-22T19:12:23Z,xm/2020/07/PrecEscaAct_Sistema.ndjson.gz#PrecEscaAct:Sistema:2020-07-01:2020-07-31
2020-07-03,VoluUtilDiarEner,8389608800,kWh,xm:servapibi,2026-09-22T19:12:15Z,xm/2020/07/VoluUtilDiarEner_Sistema.ndjson.gz#VoluUtilDiarEner:Sistema:2020-07-01:2020-07-31
2020-07-04,AporEner,399617000,kWh,xm:servapibi,2026-09-22T19:12:18Z,xm/2020/07/AporEner_Sistema.ndjson.gz#AporEner:Sistema:2020-07-01:2020-07-31
2020-07-04,AporEnerMediHist,216010000,kWh,xm:servapibi,2026-09-22T19:12:19Z,xm/2020/07/AporEnerMediHist_Sistema.ndjson.gz#AporEnerMediHist:Sistema:2020-07-01:2020-07-31
2020-07-04,CapaUtilDiarEner,16969329909,kWh,xm:servapibi,2026-09-22T19:12:17Z,xm/2020/07/CapaUtilDiarEner_Sistema.ndjson.gz#CapaUtilDiarEner:Sistema:2020-07-01:2020-07-31
2020-07-04,DemaSIN,187194407.78,kWh,xm:servapibi,2026-09-22T19:12:22Z,xm/2020/07/DemaSIN_Sistema.ndjson.gz#DemaSIN:Sistema:2020-07-01:2020-07-31
2020-07-04,PorcApor,1.84999,fraction,xm:servapibi,2026-09-22T19:12:21Z,xm/2020/07/PorcApor_Sistema.ndjson.gz#PorcApor:Sistema:2020-07-01:2020-07-31
2020-07-04,PorcVoluUtilDiar,0.509,fraction,xm:servapibi,2026-09-22T19:12:14Z,xm/2020/07/PorcVoluUtilDiar_Sistema.ndjson.gz#PorcVoluUtilDiar:Sistema:2020-07-01:2020-07-31
2020-07-04,PrecBolsNaci,178.56723666666667,COP/kWh,xm:servapibi,2026-09-22T19:12:25Z,xm/2020/07/PrecBolsNaci_Sistema.ndjson.gz#PrecBolsNaci:Sistema:2020-07-01:2020-07-31
2020-07-04,PrecEscaAct,573.61054,COP/kWh,xm:servapibi,2026-09-22T19:12:23Z,xm/2020/07/PrecEscaAct_Sistema.ndjson.gz#PrecEscaAct:Sistema:2020-07-01:2020-07-31
2020-07-04,VoluUtilDiarEner,8637366600,kWh,xm:servapibi,2026-09-22T19:12:15Z,xm/2020/07/VoluUtilDiarEner_Sistema.ndjson.gz#VoluUtilDiarEner:Sistema:2020-07-01:2020-07-31
2020-07-05,AporEner,330466000,kWh,xm:servapibi,2026-09-22T19:12:18Z,xm/2020/07/AporEner_Sistema.ndjson.gz#AporEner:Sistema:2020-07-01:2020-07-31
2020-07-05,AporEnerMediHist,216010000,kWh,xm:servapibi,2026-09-22T19:12:19Z,xm/2020/07/AporEnerMediHist_Sistema.ndjson.gz#AporEnerMediHist:Sistema:2020-07-01:2020-07-31
2020-07-05,CapaUtilDiarEner,16969329909,kWh,xm:servapibi,2026-09-22T19:12:17Z,xm/2020/07/CapaUtilDiarEner_Sistema.ndjson.gz#CapaUtilDiarEner:Sistema:2020-07-01:2020-07-31
2020-07-05,DemaSIN,168362239.36,kWh,xm:servapibi,2026-09-22T19:12:22Z,xm/2020/07/DemaSIN_Sistema.ndjson.gz#DemaSIN:Sistema:2020-07-01:2020-07-31
2020-07-05,PorcApor,1.52986,fraction,xm:servapibi,2026-09-22T19:12:21Z,xm/2020/07/PorcApor_Sistema.ndjson.gz#PorcApor:Sistema:2020-07-01:2020-07-31
2020-07-05,PorcVoluUtilDiar,0.52109,fraction,xm:servapibi,2026-09-22T19:12:14Z,xm/2020/07/PorcVoluUtilDiar_Sistema.ndjson.gz#PorcVoluUtilDiar:Sistema:2020-07-01:2020-07-31
2020-07-05,PrecBolsNaci,163.89274666666674,COP/kWh,xm:servapibi,2026-09-22T19:12:25Z,xm/2020/07/PrecBolsNaci_Sistema.ndjson.gz#PrecBolsNaci:Sistema:2020-07-01:2020-07-31
2020-07-05,PrecEscaAct,573.61054,COP/kWh,xm:servapibi,2026-09-22T19:12:23Z,xm/2020/07/PrecEscaAct_Sistema.ndjson.gz#PrecEscaAct:Sistema:2020-07-01:2020-07-31
2020-07-05,VoluUtilDiarEner,8842627200,kWh,xm:servapibi,2026-09-22T19:12:15Z,xm/2020/07/VoluUtilDiarEner_Sistema.ndjson.gz#VoluUtilDiarEner:Sistema:2020-07-01:2020-07-31
2020-07-06,AporEner,251440500,kWh,xm:servapibi,2026-09-22T19:12:18Z,xm/2020/07/AporEner_Sistema.ndjson.gz#AporEner:Sistema:2020-07-01:2020-07-31
2020-07-06,AporEnerMediHist,216010000,kWh,xm:servapibi,2026-09-22T19:12:19Z,xm/2020/07/AporEnerMediHist_Sistema.ndjson.gz#AporEnerMediHist:Sistema:2020-07-01:2020-07-31
2020-07-06,CapaUtilDiarEner,16969329909,kWh,xm:servapibi,2026-09-22T19:12:17Z,xm/2020/07/CapaUtilDiarEner_Sistema.ndjson.gz#CapaUtilDiarEner:Sistema:2020-07-01:2020-07-31
2020-07-06,DemaSIN,193251541.01,kWh,xm:servapibi,2026-09-22T19:12:22Z,xm/2020/07/DemaSIN_Sistema.ndjson.gz#DemaSIN:Sistema:2020-07-01:2020-07-31
2020-07-06,PorcApor,1.16402,fraction,xm:servapibi,2026-09-22T19:12:21Z,xm/2020/07/PorcApor_Sistema.ndjson.gz#PorcApor:Sistema:2020-07-01:2020-07-31
2020-07-06,PorcVoluUtilDiar,0.52654,fraction,xm:servapibi,2026-09-22T19:12:14Z,xm/2020/07/PorcVoluUtilDiar_Sistema.ndjson.gz#PorcVoluUtilDiar:Sistema:2020-07-01:2020-07-31
2020-07-06,PrecBolsNaci,146.6081766666666,COP/kWh,xm:servapibi,2026-09-22T19:12:25Z,xm/2020/07/PrecBolsNaci_Sistema.ndjson.gz#PrecBolsNaci:Sistema:2020-07-01:2020-07-31
2020-07-06,PrecEscaAct,573.61054,COP/kWh,xm:servapibi,2026-09-22T19:12:23Z,xm/2020/07/PrecEscaAct_Sistema.ndjson.gz#PrecEscaAct:Sistema:2020-07-01:2020-07-31
2020-07-06,VoluUtilDiarEner,8935099300,kWh,xm:servapibi,2026-09-22T19:12:15Z,xm/2020/07/VoluUtilDiarEner_Sistema.ndjson.gz#VoluUtilDiarEner:Sistema:2020-07-01:2020-07-31
2020-07-07,AporEner,237366500,kWh,xm:servapibi,2026-09-22T19:12:18Z,xm/2020/07/AporEner_Sistema.ndjson.gz#AporEner:Sistema:2020-07-01:2020-07-31
2020-07-07,AporEnerMediHist,216010000,kWh,xm:servapibi,2026-09-22T19:12:19Z,xm/2020/07/AporEnerMediHist_Sistema.ndjson.gz#AporEnerMediHist:Sistema:2020-07-01:2020-07-31
2020-07-07,CapaUtilDiarEner,16969329909,kWh,xm:servapibi,2026-09-22T19:12:17Z,xm/2020/07/CapaUtilDiarEner_Sistema.ndjson.gz#CapaUtilDiarEner:Sistema:2020-07-01:2020-07-31
2020-07-07,DemaSIN,194083933.51,kWh,xm:servapibi,2026-09-22T19:12:22Z,xm/2020/07/DemaSIN_Sistema.ndjson.gz#DemaSIN:Sistema:2020-07-01:2020-07-31
2020-07-07,PorcApor,1.09887,fraction,xm:servapibi,2026-09-22T19:12:21Z,xm/2020/07/PorcApor_Sistema.ndjson.gz#PorcApor:Sistema:2020-07-01:2020-07-31
2020-07-07,PorcVoluUtilDiar,0.53136,fraction,xm:servapibi,2026-09-22T19:12:14Z,xm/2020/07/PorcVoluUtilDiar_Sistema.ndjson.gz#PorcVoluUtilDiar:Sistema:2020-07-01:2020-07-31
2020-07-07,PrecBolsNaci,149.82126,COP/kWh,xm:servapibi,2026-09-22T19:12:25Z,xm/2020/07/PrecBolsNaci_Sistema.ndjson.gz#PrecBolsNaci:Sistema:2020-07-01:2020-07-31
2020-07-07,PrecEscaAct,573.61054,COP/kWh,xm:servapibi,2026-09-22T19:12:23Z,xm/2020/07/PrecEscaAct_Sistema.ndjson.gz#PrecEscaAct:Sistema:2020-07-01:2020-07-31
2020-07-07,VoluUtilDiarEner,9016761100,kWh,xm:servapibi,2026-09-22T19:12:15Z,xm/2020/07/VoluUtilDiarEner_Sistema.ndjson.gz#VoluUtilDiarEner:Sistema:2020-07-01:2020-07-31
2020-07-08,AporEner,225963000,kWh,xm:servapibi,2026-09-22T19:12:18Z,xm/2020/07/AporEner_Sistema.ndjson.gz#AporEner:Sistema:2020-07-01:2020-07-31
2020-07-08,AporEnerMediHist,216010000,kWh,xm:servapibi,2026-09-22T19:12:19Z,xm/2020/07/AporEnerMediHist_Sistema.ndjson.gz#AporEnerMediHist:Sistema:2020-07-01:2020-07-31
2020-07-08,CapaUtilDiarEner,16969329909,kWh,xm:servapibi,2026-09-22T19:12:17Z,xm/2020/07/CapaUtilDiarEner_Sistema.ndjson.gz#CapaUtilDiarEner:Sistema:2020-07-01:2020-07-31
2020-07-08,DemaSIN,192428742.3,kWh,xm:servapibi,2026-09-22T19:12:22Z,xm/2020/07/DemaSIN_Sistema.ndjson.gz#DemaSIN:Sistema:2020-07-01:2020-07-31
2020-07-08,PorcApor,1.04608,fraction,xm:servapibi,2026-09-22T19:12:21Z,xm/2020/07/PorcApor_Sistema.ndjson.gz#PorcApor:Sistema:2020-07-01:2020-07-31
2020-07-08,PorcVoluUtilDiar,0.53649,fraction,xm:servapibi,2026-09-22T19:12:14Z,xm/2020/07/PorcVoluUtilDiar_Sistema.ndjson.gz#PorcVoluUtilDiar:Sistema:2020-07-01:2020-07-31
2020-07-08,PrecBolsNaci,149.86100666666667,COP/kWh,xm:servapibi,2026-09-22T19:12:25Z,xm/2020/07/PrecBolsNaci_Sistema.ndjson.gz#PrecBolsNaci:Sistema:2020-07-01:2020-07-31
2020-07-08,PrecEscaAct,573.61054,COP/kWh,xm:servapibi,2026-09-22T19:12:23Z,xm/2020/07/PrecEscaAct_Sistema.ndjson.gz#PrecEscaAct:Sistema:2020-07-01:2020-07-31
2020-07-08,VoluUtilDiarEner,9103798300,kWh,xm:servapibi,2026-09-22T19:12:15Z,xm/2020/07/VoluUtilDiarEner_Sistema.ndjson.gz#VoluUtilDiarEner:Sistema:2020-07-01:2020-07-31
2020-07-09,AporEner,275541400,kWh,xm:servapibi,2026-09-22T19:12:18Z,xm/2020/07/AporEner_Sistema.ndjson.gz#AporEner:Sistema:2020-07-01:2020-07-31
2020-07-09,AporEnerMediHist,216010000,kWh,xm:servapibi,2026-09-22T19:12:19Z,xm/2020/07/AporEnerMediHist_Sistema.ndjson.gz#AporEnerMediHist:Sistema:2020-07-01:2020-07-31
2020-07-09,CapaUtilDiarEner,16969329909,kWh,xm:servapibi,2026-09-22T19:12:17Z,xm/2020/07/CapaUtilDiarEner_Sistema.ndjson.gz#CapaUtilDiarEner:Sistema:2020-07-01:2020-07-31
2020-07-09,DemaSIN,194923632.39,kWh,xm:servapibi,2026-09-22T19:12:22Z,xm/2020/07/DemaSIN_Sistema.ndjson.gz#DemaSIN:Sistema:2020-07-01:2020-07-31
2020-07-09,PorcApor,1.2756,fraction,xm:servapibi,2026-09-22T19:12:21Z,xm/2020/07/PorcApor_Sistema.ndjson.gz#PorcApor:Sistema:2020-07-01:2020-07-31
2020-07-09,PorcVoluUtilDiar,0.54302,fraction,xm:servapibi,2026-09-22T19:12:14Z,xm/2020/07/PorcVoluUtilDiar_Sistema.ndjson.gz#PorcVoluUtilDiar:Sistema:2020-07-01:2020-07-31
2020-07-09,PrecBolsNaci,140.74695333333327,COP/kWh,xm:servapibi,2026-09-22T19:12:25Z,xm/2020/07/PrecBolsNaci_Sistema.ndjson.gz#PrecBolsNaci:Sistema:2020-07-01:2020-07-31
2020-07-09,PrecEscaAct,573.61054,COP/kWh,xm:servapibi,2026-09-22T19:12:23Z,xm/2020/07/PrecEscaAct_Sistema.ndjson.gz#PrecEscaAct:Sistema:2020-07-01:2020-07-31
2020-07-09,VoluUtilDiarEner,9214621700,kWh,xm:servapibi,2026-09-22T19:12:15Z,xm/2020/07/VoluUtilDiarEner_Sistema.ndjson.gz#VoluUtilDiarEner:Sistema:2020-07-01:2020-07-31
2020-07-10,AporEner,199545500,kWh,xm:servapibi,2026-09-22T19:12:18Z,xm/2020/07/AporEner_Sistema.ndjson.gz#AporEner:Sistema:2020-07-01:2020-07-31
2020-07-10,AporEnerMediHist,216010000,kWh,xm:servapibi,2026-09-22T19:12:19Z,xm/2020/07/AporEnerMediHist_Sistema.ndjson.gz#AporEnerMediHist:Sistema:2020-07-01:2020-07-31
2020-07-10,CapaUtilDiarEner,16969329909,kWh,xm:servapibi,2026-09-22T19:12:17Z,xm/2020/07/CapaUtilDiarEner_Sistema.ndjson.gz#CapaUtilDiarEner:Sistema:2020-07-01:2020-07-31
2020-07-10,DemaSIN,198283546.6,kWh,xm:servapibi,2026-09-22T19:12:22Z,xm/2020/07/DemaSIN_Sistema.ndjson.gz#DemaSIN:Sistema:2020-07-01:2020-07-31
2020-07-10,PorcApor,0.92378,fraction,xm:servapibi,2026-09-22T19:12:21Z,xm/2020/07/PorcApor_Sistema.ndjson.gz#PorcApor:Sistema:2020-07-01:2020-07-31
2020-07-10,PorcVoluUtilDiar,0.54593,fraction,xm:servapibi,2026-09-22T19:12:14Z,xm/2020/07/PorcVoluUtilDiar_Sistema.ndjson.gz#PorcVoluUtilDiar:Sistema:2020-07-01:2020-07-31
2020-07-10,PrecBolsNaci,151.2788366666667,COP/kWh,xm:servapibi,2026-09-22T19:12:25Z,xm/2020/07/PrecBolsNaci_Sistema.ndjson.gz#PrecBolsNaci:Sistema:2020-07-01:2020-07-31
2020-07-10,PrecEscaAct,573.61054,COP/kWh,xm:servapibi,2026-09-22T19:12:23Z,xm/2020/07/PrecEscaAct_Sistema.ndjson.gz#PrecEscaAct:Sistema:2020-07-01:2020-07-31
2020-07-10,VoluUtilDiarEner,9264022300,kWh,xm:servapibi,2026-09-22T19:12:15Z,xm/2020/07/VoluUtilDiarEner_Sistema.ndjson.gz#VoluUtilDiarEner:Sistema:2020-07-01:2020-07-31
2020-07-11,AporEner,282068800,kWh,xm:servapibi,2026-09-22T19:12:18Z,xm/2020/07/AporEner_Sistema.ndjson.gz#AporEner:Sistema:2020-07-01:2020-07-31
2020-07-11,AporEnerMediHist,216010000,kWh,xm:servapibi,2026-09-22T19:12:19Z,xm/2020/07/AporEnerMediHist_Sistema.ndjson.gz#AporEnerMediHist:Sistema:2020-07-01:2020-07-31
2020-07-11,CapaUtilDiarEner,16969329909,kWh,xm:servapibi,2026-09-22T19:12:17Z,xm/2020/07/CapaUtilDiarEner_Sistema.ndjson.gz#CapaUtilDiarEner:Sistema:2020-07-01:2020-07-31
2020-07-11,DemaSIN,184012616.09,kWh,xm:servapibi,2026-09-22T19:12:22Z,xm/2020/07/DemaSIN_Sistema.ndjson.gz#DemaSIN:Sistema:2020-07-01:2020-07-31
2020-07-11,PorcApor,1.30581,fraction,xm:servapibi,2026-09-22T19:12:21Z,xm/2020/07/PorcApor_Sistema.ndjson.gz#PorcApor:Sistema:2020-07-01:2020-07-31
2020-07-11,PorcVoluUtilDiar,0.55369,fraction,xm:servapibi,2026-09-22T19:12:14Z,xm/2020/07/PorcVoluUtilDiar_Sistema.ndjson.gz#PorcVoluUtilDiar:Sistema:2020-07-01:2020-07-31
2020-07-11,PrecBolsNaci,132.60196666666673,COP/kWh,xm:servapibi,2026-09-22T19:12:25Z,xm/2020/07/PrecBolsNaci_Sistema.ndjson.gz#PrecBolsNaci:Sistema:2020-07-01:2020-07-31
2020-07-11,PrecEscaAct,573.61054,COP/kWh,xm:servapibi,2026-09-22T19:12:23Z,xm/2020/07/PrecEscaAct_Sistema.ndjson.gz#PrecEscaAct:Sistema:2020-07-01:2020-07-31
2020-07-11,VoluUtilDiarEner,9395785100,kWh,xm:servapibi,2026-09-22T19:12:15Z,xm/2020/07/VoluUtilDiarEner_Sistema.ndjson.gz#VoluUtilDiarEner:Sistema:2020-07-01:2020-07-31
2020-07-12,AporEner,198480400,kWh,xm:servapibi,2026-09-22T19:12:18Z,xm/2020/07/AporEner_Sistema.ndjson.gz#AporEner:Sistema:2020-07-01:2020-07-31
2020-07-12,AporEnerMediHist,216010000,kWh,xm:servapibi,2026-09-22T19:12:19Z,xm/2020/07/AporEnerMediHist_Sistema.ndjson.gz#AporEnerMediHist:Sistema:2020-07-01:2020-07-31
2020-07-12,CapaUtilDiarEner,16969329909,kWh,xm:servapibi,2026-09-22T19:12:17Z,xm/2020/07/CapaUtilDiarEner_Sistema.ndjson.gz#CapaUtilDiarEner:Sistema:2020-07-01:2020-07-31
2020-07-12,DemaSIN,167053729.44,kWh,xm:servapibi,2026-09-22T19:12:22Z,xm/2020/07/DemaSIN_Sistema.ndjson.gz#DemaSIN:Sistema:2020-07-01:2020-07-31
2020-07-12,PorcApor,0.91885,fraction,xm:servapibi,2026-09-22T19:12:21Z,xm/2020/07/PorcApor_Sistema.ndjson.gz#PorcApor:Sistema:2020-07-01:2020-07-31
2020-07-12,PorcVoluUtilDiar,0.55791,fraction,xm:servapibi,2026-09-22T19:12:14Z,xm/2020/07/PorcVoluUtilDiar_Sistema.ndjson.gz#PorcVoluUtilDiar:Sistema:2020-07-01:2020-07-31
2020-07-12,PrecBolsNaci,118.46975333333332,COP/kWh,xm:servapibi,2026-09-22T19:12:25Z,xm/2020/07/PrecBolsNaci_Sistema.ndjson.gz#PrecBolsNaci:Sistema:2020-07-01:2020-07-31
2020-07-12,PrecEscaAct,573.61054,COP/kWh,xm:servapibi,2026-09-22T19:12:23Z,xm/2020/07/PrecEscaAct_Sistema.ndjson.gz#PrecEscaAct:Sistema:2020-07-01:2020-07-31
2020-07-12,VoluUtilDiarEner,9467431600,kWh,xm:servapibi,2026-09-22T19:12:15Z,xm/2020/07/VoluUtilDiarEner_Sistema.ndjson.gz#VoluUtilDiarEner:Sistema:2020-07-01:2020-07-31
2020-07-13,AporEner,206281700,kWh,xm:servapibi,2026-09-22T19:12:18Z,xm/2020/07/AporEner_Sistema.ndjson.gz#AporEner:Sistema:2020-07-01:2020-07-31
2020-07-13,AporEnerMediHist,216010000,kWh,xm:servapibi,2026-09-22T19:12:19Z,xm/2020/07/AporEnerMediHist_Sistema.ndjson.gz#AporEnerMediHist:Sistema:2020-07-01:2020-07-31
2020-07-13,CapaUtilDiarEner,16969329909,kWh,xm:servapibi,2026-09-22T19:12:17Z,xm/2020/07/CapaUtilDiarEner_Sistema.ndjson.gz#CapaUtilDiarEner:Sistema:2020-07-01:2020-07-31
2020-07-13,DemaSIN,193704343.04,kWh,xm:servapibi,2026-09-22T19:12:22Z,xm/2020/07/DemaSIN_Sistema.ndjson.gz#DemaSIN:Sistema:2020-07-01:2020-07-31
2020-07-13,PorcApor,0.95496,fraction,xm:servapibi,2026-09-22T19:12:21Z,xm/2020/07/PorcApor_Sistema.ndjson.gz#PorcApor:Sistema:2020-07-01:2020-07-31
2020-07-13,PorcVoluUtilDiar,0.5612,fraction,xm:servapibi,2026-09-22T19:12:14Z,xm/2020/07/PorcVoluUtilDiar_Sistema.ndjson.gz#PorcVoluUtilDiar:Sistema:2020-07-01:2020-07-31
2020-07-13,PrecBolsNaci,143.6854183333333,COP/kWh,xm:servapibi,2026-09-22T19:12:25Z,xm/2020/07/PrecBolsNaci_Sistema.ndjson.gz#PrecBolsNaci:Sistema:2020-07-01:2020-07-31
2020-07-13,PrecEscaAct,573.61054,COP/kWh,xm:servapibi,2026-09-22T19:12:23Z,xm/2020/07/PrecEscaAct_Sistema.ndjson.gz#PrecEscaAct:Sistema:2020-07-01:2020-07-31
2020-07-13,VoluUtilDiarEner,9523162000,kWh,xm:servapibi,2026-09-22T19:12:15Z,xm/2020/07/VoluUtilDiarEner_Sistema.ndjson.gz#VoluUtilDiarEner:Sistema:2020-07-01:2020-07-31
2020-07-14,AporEner,228923100,kWh,xm:servapibi,2026-09-22T19:12:18Z,xm/2020/07/AporEner_Sistema.ndjson.gz#AporEner:Sistema:2020-07-01:2020-07-31
2020-07-14,AporEnerMediHist,216010000,kWh,xm:servapibi,2026-09-22T19:12:19Z,xm/2020/07/AporEnerMediHist_Sistema.ndjson.gz#AporEnerMediHist:Sistema:2020-07-01:2020-07-31
2020-07-14,CapaUtilDiarEner,16969329909,kWh,xm:servapibi,2026-09-22T19:12:17Z,xm/2020/07/CapaUtilDiarEner_Sistema.ndjson.gz#CapaUtilDiarEner:Sistema:2020-07-01:2020-07-31
2020-07-14,DemaSIN,195139838.04,kWh,xm:servapibi,2026-09-22T19:12:22Z,xm/2020/07/DemaSIN_Sistema.ndjson.gz#DemaSIN:Sistema:2020-07-01:2020-07-31
2020-07-14,PorcApor,1.05978,fraction,xm:servapibi,2026-09-22T19:12:21Z,xm/2020/07/PorcApor_Sistema.ndjson.gz#PorcApor:Sistema:2020-07-01:2020-07-31
2020-07-14,PorcVoluUtilDiar,0.56547,fraction,xm:servapibi,2026-09-22T19:12:14Z,xm/2020/07/PorcVoluUtilDiar_Sistema.ndjson.gz#PorcVoluUtilDiar:Sistema:2020-07-01:2020-07-31
2020-07-14,PrecBolsNaci,138.7177733333333,COP/kWh,xm:servapibi,2026-09-22T19:12:25Z,xm/2020/07/PrecBolsNaci_Sistema.ndjson.gz#PrecBolsNaci:Sistema:2020-07-01:2020-07-31
2020-07-14,PrecEscaAct,573.61054,COP/kWh,xm:servapibi,2026-09-22T19:12:23Z,xm/2020/07/PrecEscaAct_Sistema.ndjson.gz#PrecEscaAct:Sistema:2020-07-01:2020-07-31
2020-07-14,VoluUtilDiarEner,9595581700,kWh,xm:servapibi,2026-09-22T19:12:15Z,xm/2020/07/VoluUtilDiarEner_Sistema.ndjson.gz#VoluUtilDiarEner:Sistema:2020-07-01:2020-07-31
2020-07-15,AporEner,176700600,kWh,xm:servapibi,2026-09-22T19:12:18Z,xm/2020/07/AporEner_Sistema.ndjson.gz#AporEner:Sistema:2020-07-01:2020-07-31
2020-07-15,AporEnerMediHist,216010000,kWh,xm:servapibi,2026-09-22T19:12:19Z,xm/2020/07/AporEnerMediHist_Sistema.ndjson.gz#AporEnerMediHist:Sistema:2020-07-01:2020-07-31
2020-07-15,CapaUtilDiarEner,16969329909,kWh,xm:servapibi,2026-09-22T19:12:17Z,xm/2020/07/CapaUtilDiarEner_Sistema.ndjson.gz#CapaUtilDiarEner:Sistema:2020-07-01:2020-07-31
2020-07-15,DemaSIN,199629818.51,kWh,xm:servapibi,2026-09-22T19:12:22Z,xm/2020/07/DemaSIN_Sistema.ndjson.gz#DemaSIN:Sistema:2020-07-01:2020-07-31
2020-07-15,PorcApor,0.81802,fraction,xm:servapibi,2026-09-22T19:12:21Z,xm/2020/07/PorcApor_Sistema.ndjson.gz#PorcApor:Sistema:2020-07-01:2020-07-31
2020-07-15,PorcVoluUtilDiar,0.56632,fraction,xm:servapibi,2026-09-22T19:12:14Z,xm/2020/07/PorcVoluUtilDiar_Sistema.ndjson.gz#PorcVoluUtilDiar:Sistema:2020-07-01:2020-07-31
2020-07-15,PrecBolsNaci,148.69284000000005,COP/kWh,xm:servapibi,2026-09-22T19:12:25Z,xm/2020/07/PrecBolsNaci_Sistema.ndjson.gz#PrecBolsNaci:Sistema:2020-07-01:2020-07-31
2020-07-15,PrecEscaAct,573.61054,COP/kWh,xm:servapibi,2026-09-22T19:12:23Z,xm/2020/07/PrecEscaAct_Sistema.ndjson.gz#PrecEscaAct:Sistema:2020-07-01:2020-07-31
2020-07-15,VoluUtilDiarEner,9609997900,kWh,xm:servapibi,2026-09-22T19:12:15Z,xm/2020/07/VoluUtilDiarEner_Sistema.ndjson.gz#VoluUtilDiarEner:Sistema:2020-07-01:2020-07-31
2020-07-16,AporEner,187038300,kWh,xm:servapibi,2026-09-22T19:12:18Z,xm/2020/07/AporEner_Sistema.ndjson.gz#AporEner:Sistema:2020-07-01:2020-07-31
2020-07-16,AporEnerMediHist,216010000,kWh,xm:servapibi,2026-09-22T19:12:19Z,xm/2020/07/AporEnerMediHist_Sistema.ndjson.gz#AporEnerMediHist:Sistema:2020-07-01:2020-07-31
2020-07-16,CapaUtilDiarEner,16969329909,kWh,xm:servapibi,2026-09-22T19:12:17Z,xm/2020/07/CapaUtilDiarEner_Sistema.ndjson.gz#CapaUtilDiarEner:Sistema:2020-07-01:2020-07-31
2020-07-16,DemaSIN,198194100.55,kWh,xm:servapibi,2026-09-22T19:12:22Z,xm/2020/07/DemaSIN_Sistema.ndjson.gz#DemaSIN:Sistema:2020-07-01:2020-07-31
2020-07-16,PorcApor,0.86588,fraction,xm:servapibi,2026-09-22T19:12:21Z,xm/2020/07/PorcApor_Sistema.ndjson.gz#PorcApor:Sistema:2020-07-01:2020-07-31
2020-07-16,PorcVoluUtilDiar,0.56796,fraction,xm:servapibi,2026-09-22T19:12:14Z,xm/2020/07/PorcVoluUtilDiar_Sistema.ndjson.gz#PorcVoluUtilDiar:Sistema:2020-07-01:2020-07-31
2020-07-16,PrecBolsNaci,147.8940933333333,COP/kWh,xm:servapibi,2026-09-22T19:12:25Z,xm/2020/07/PrecBolsNaci_Sistema.ndjson.gz#PrecBolsNaci:Sistema:2020-07-01:2020-07-31
2020-07-16,PrecEscaAct,573.61054,COP/kWh,xm:servapibi,2026-09-22T19:12:23Z,xm/2020/07/PrecEscaAct_Sistema.ndjson.gz#PrecEscaAct:Sistema:2020-07-01:2020-07-31
2020-07-16,VoluUtilDiarEner,9637895900,kWh,xm:servapibi,2026-09-22T19:12:15Z,xm/2020/07/VoluUtilDiarEner_Sistema.ndjson.gz#VoluUtilDiarEner:Sistema:2020-07-01:2020-07-31
2020-07-17,AporEner,177964500,kWh,xm:servapibi,2026-09-22T19:12:18Z,xm/2020/07/AporEner_Sistema.ndjson.gz#AporEner:Sistema:2020-07-01:2020-07-31
2020-07-17,AporEnerMediHist,216010000,kWh,xm:servapibi,2026-09-22T19:12:19Z,xm/2020/07/AporEnerMediHist_Sistema.ndjson.gz#AporEnerMediHist:Sistema:2020-07-01:2020-07-31
2020-07-17,CapaUtilDiarEner,16969329909,kWh,xm:servapibi,2026-09-22T19:12:17Z,xm/2020/07/CapaUtilDiarEner_Sistema.ndjson.gz#CapaUtilDiarEner:Sistema:2020-07-01:2020-07-31
2020-07-17,DemaSIN,199074716.91,kWh,xm:servapibi,2026-09-22T19:12:22Z,xm/2020/07/DemaSIN_Sistema.ndjson.gz#DemaSIN:Sistema:2020-07-01:2020-07-31
2020-07-17,PorcApor,0.82387,fraction,xm:servapibi,2026-09-22T19:12:21Z,xm/2020/07/PorcApor_Sistema.ndjson.gz#PorcApor:Sistema:2020-07-01:2020-07-31
2020-07-17,PorcVoluUtilDiar,0.56901,fraction,xm:servapibi,2026-09-22T19:12:14Z,xm/2020/07/PorcVoluUtilDiar_Sistema.ndjson.gz#PorcVoluUtilDiar:Sistema:2020-07-01:2020-07-31
2020-07-17,PrecBolsNaci,143.45162166666668,COP/kWh,xm:servapibi,2026-09-22T19:12:25Z,xm/2020/07/PrecBolsNaci_Sistema.ndjson.gz#PrecBolsNaci:Sistema:2020-07-01:2020-07-31
2020-07-17,PrecEscaAct,573.61054,COP/kWh,xm:servapibi,2026-09-22T19:12:23Z,xm/2020/07/PrecEscaAct_Sistema.ndjson.gz#PrecEscaAct:Sistema:2020-07-01:2020-07-31
2020-07-17,VoluUtilDiarEner,9655784800,kWh,xm:servapibi,2026-09-22T19:12:15Z,xm/2020/07/VoluUtilDiarEner_Sistema.ndjson.gz#VoluUtilDiarEner:Sistema:2020-07-01:2020-07-31
2020-07-18,AporEner,145331000,kWh,xm:servapibi,2026-09-22T19:12:18Z,xm/2020/07/AporEner_Sistema.ndjson.gz#AporEner:Sistema:2020-07-01:2020-07-31
2020-07-18,AporEnerMediHist,216010000,kWh,xm:servapibi,2026-09-22T19:12:19Z,xm/2020/07/AporEnerMediHist_Sistema.ndjson.gz#AporEnerMediHist:Sistema:2020-07-01:2020-07-31
2020-07-18,CapaUtilDiarEner,16969329909,kWh,xm:servapibi,2026-09-22T19:12:17Z,xm/2020/07/CapaUtilDiarEner_Sistema.ndjson.gz#CapaUtilDiarEner:Sistema:2020-07-01:2020-07-31
2020-07-18,DemaSIN,190766146.87,kWh,xm:servapibi,2026-09-22T19:12:22Z,xm/2020/07/DemaSIN_Sistema.ndjson.gz#DemaSIN:Sistema:2020-07-01:2020-07-31
2020-07-18,PorcApor,0.6728,fraction,xm:servapibi,2026-09-22T19:12:21Z,xm/2020/07/PorcApor_Sistema.ndjson.gz#PorcApor:Sistema:2020-07-01:2020-07-31
2020-07-18,PorcVoluUtilDiar,0.56884,fraction,xm:servapibi,2026-09-22T19:12:14Z,xm/2020/07/PorcVoluUtilDiar_Sistema.ndjson.gz#PorcVoluUtilDiar:Sistema:2020-07-01:2020-07-31
2020-07-18,PrecBolsNaci,133.48211333333333,COP/kWh,xm:servapibi,2026-09-22T19:12:25Z,xm/2020/07/PrecBolsNaci_Sistema.ndjson.gz#PrecBolsNaci:Sistema:2020-07-01:2020-07-31
2020-07-18,PrecEscaAct,573.61054,COP/kWh,xm:servapibi,2026-09-22T19:12:23Z,xm/2020/07/PrecEscaAct_Sistema.ndjson.gz#PrecEscaAct:Sistema:2020-07-01:2020-07-31
2020-07-18,VoluUtilDiarEner,9652752600,kWh,xm:servapibi,2026-09-22T19:12:15Z,xm/2020/07/VoluUtilDiarEner_Sistema.ndjson.gz#VoluUtilDiarEner:Sistema:2020-07-01:2020-07-31
2020-07-19,AporEner,153052900,kWh,xm:servapibi,2026-09-22T19:12:18Z,xm/2020/07/AporEner_Sistema.ndjson.gz#AporEner:Sistema:2020-07-01:2020-07-31
2020-07-19,AporEnerMediHist,216010000,kWh,xm:servapibi,2026-09-22T19:12:19Z,xm/2020/07/AporEnerMediHist_Sistema.ndjson.gz#AporEnerMediHist:Sistema:2020-07-01:2020-07-31
2020-07-19,CapaUtilDiarEner,16969329909,kWh,xm:servapibi,2026-09-22T19:12:17Z,xm/2020/07/CapaUtilDiarEner_Sistema.ndjson.gz#CapaUtilDiarEner:Sistema:2020-07-01:2020-07-31
2020-07-19,DemaSIN,175870456.88,kWh,xm:servapibi,2026-09-22T19:12:22Z,xm/2020/07/DemaSIN_Sistema.ndjson.gz#DemaSIN:Sistema:2020-07-01:2020-07-31
2020-07-19,PorcApor,0.70855,fraction,xm:servapibi,2026-09-22T19:12:21Z,xm/2020/07/PorcApor_Sistema.ndjson.gz#PorcApor:Sistema:2020-07-01:2020-07-31
2020-07-19,PorcVoluUtilDiar,0.56962,fraction,xm:servapibi,2026-09-22T19:12:14Z,xm/2020/07/PorcVoluUtilDiar_Sistema.ndjson.gz#PorcVoluUtilDiar:Sistema:2020-07-01:2020-07-31
2020-07-19,PrecBolsNaci,130.26634833333335,COP/kWh,xm:servapibi,2026-09-22T19:12:25Z,xm/2020/07/PrecBolsNaci_Sistema.ndjson.gz#PrecBolsNaci:Sistema:2020-07-01:2020-07-31
2020-07-19,PrecEscaAct,573.61054,COP/kWh,xm:servapibi,2026-09-22T19:12:23Z,xm/2020/07/PrecEscaAct_Sistema.ndjson.gz#PrecEscaAct:Sistema:2020-07-01:2020-07-31
2020-07-19,VoluUtilDiarEner,9666150400,kWh,xm:servapibi,2026-09-22T19:12:15Z,xm/2020/07/VoluUtilDiarEner_Sistema.ndjson.gz#VoluUtilDiarEner:Sistema:2020-07-01:2020-07-31
2020-07-20,AporEner,149993000,kWh,xm:servapibi,2026-09-22T19:12:18Z,xm/2020/07/AporEner_Sistema.ndjson.gz#AporEner:Sistema:2020-07-01:2020-07-31
2020-07-20,AporEnerMediHist,216010000,kWh,xm:servapibi,2026-09-22T19:12:19Z,xm/2020/07/AporEnerMediHist_Sistema.ndjson.gz#AporEnerMediHist:Sistema:2020-07-01:2020-07-31
2020-07-20,CapaUtilDiarEner,16969329909,kWh,xm:servapibi,2026-09-22T19:12:17Z,xm/2020/07/CapaUtilDiarEner_Sistema.ndjson.gz#CapaUtilDiarEner:Sistema:2020-07-01:2020-07-31
2020-07-20,DemaSIN,176613450.15,kWh,xm:servapibi,2026-09-22T19:12:22Z,xm/2020/07/DemaSIN_Sistema.ndjson.gz#DemaSIN:Sistema:2020-07-01:2020-07-31
2020-07-20,PorcApor,0.69438,fraction,xm:servapibi,2026-09-22T19:12:21Z,xm/2020/07/PorcApor_Sistema.ndjson.gz#PorcApor:Sistema:2020-07-01:2020-07-31
2020-07-20,PorcVoluUtilDiar,0.5703,fraction,xm:servapibi,2026-09-22T19:12:14Z,xm/2020/07/PorcVoluUtilDiar_Sistema.ndjson.gz#PorcVoluUtilDiar:Sistema:2020-07-01:2020-07-31
2020-07-20,PrecBolsNaci,155.29601,COP/kWh,xm:servapibi,2026-09-22T19:12:25Z,xm/2020/07/PrecBolsNaci_Sistema.ndjson.gz#PrecBolsNaci:Sistema:2020-07-01:2020-07-31
2020-07-20,PrecEscaAct,573.61054,COP/kWh,xm:servapibi,2026-09-22T19:12:23Z,xm/2020/07/PrecEscaAct_Sistema.ndjson.gz#PrecEscaAct:Sistema:2020-07-01:2020-07-31
2020-07-20,VoluUtilDiarEner,9677676700,kWh,xm:servapibi,2026-09-22T19:12:15Z,xm/2020/07/VoluUtilDiarEner_Sistema.ndjson.gz#VoluUtilDiarEner:Sistema:2020-07-01:2020-07-31
2020-07-21,AporEner,164859300,kWh,xm:servapibi,2026-09-22T19:12:18Z,xm/2020/07/AporEner_Sistema.ndjson.gz#AporEner:Sistema:2020-07-01:2020-07-31
2020-07-21,AporEnerMediHist,216010000,kWh,xm:servapibi,2026-09-22T19:12:19Z,xm/2020/07/AporEnerMediHist_Sistema.ndjson.gz#AporEnerMediHist:Sistema:2020-07-01:2020-07-31
2020-07-21,CapaUtilDiarEner,16969329909,kWh,xm:servapibi,2026-09-22T19:12:17Z,xm/2020/07/CapaUtilDiarEner_Sistema.ndjson.gz#CapaUtilDiarEner:Sistema:2020-07-01:2020-07-31
2020-07-21,DemaSIN,195274993.75,kWh,xm:servapibi,2026-09-22T19:12:22Z,xm/2020/07/DemaSIN_Sistema.ndjson.gz#DemaSIN:Sistema:2020-07-01:2020-07-31
2020-07-21,PorcApor,0.7632,fraction,xm:servapibi,2026-09-22T19:12:21Z,xm/2020/07/PorcApor_Sistema.ndjson.gz#PorcApor:Sistema:2020-07-01:2020-07-31
2020-07-21,PorcVoluUtilDiar,0.57162,fraction,xm:servapibi,2026-09-22T19:12:14Z,xm/2020/07/PorcVoluUtilDiar_Sistema.ndjson.gz#PorcVoluUtilDiar:Sistema:2020-07-01:2020-07-31
2020-07-21,PrecBolsNaci,162.4402883333333,COP/kWh,xm:servapibi,2026-09-22T19:12:25Z,xm/2020/07/PrecBolsNaci_Sistema.ndjson.gz#PrecBolsNaci:Sistema:2020-07-01:2020-07-31
2020-07-21,PrecEscaAct,573.61054,COP/kWh,xm:servapibi,2026-09-22T19:12:23Z,xm/2020/07/PrecEscaAct_Sistema.ndjson.gz#PrecEscaAct:Sistema:2020-07-01:2020-07-31
2020-07-21,VoluUtilDiarEner,9699986500,kWh,xm:servapibi,2026-09-22T19:12:15Z,xm/2020/07/VoluUtilDiarEner_Sistema.ndjson.gz#VoluUtilDiarEner:Sistema:2020-07-01:2020-07-31
2020-07-22,AporEner,176404200,kWh,xm:servapibi,2026-09-22T19:12:18Z,xm/2020/07/AporEner_Sistema.ndjson.gz#AporEner:Sistema:2020-07-01:2020-07-31
2020-07-22,AporEnerMediHist,216010000,kWh,xm:servapibi,2026-09-22T19:12:19Z,xm/2020/07/AporEnerMediHist_Sistema.ndjson.gz#AporEnerMediHist:Sistema:2020-07-01:2020-07-31
2020-07-22,CapaUtilDiarEner,16969329909,kWh,xm:servapibi,2026-09-22T19:12:17Z,xm/2020/07/CapaUtilDiarEner_Sistema.ndjson.gz#CapaUtilDiarEner:Sistema:2020-07-01:2020-07-31
2020-07-22,DemaSIN,195647351.03,kWh,xm:servapibi,2026-09-22T19:12:22Z,xm/2020/07/DemaSIN_Sistema.ndjson.gz#DemaSIN:Sistema:2020-07-01:2020-07-31
2020-07-22,PorcApor,0.81665,fraction,xm:servapibi,2026-09-22T19:12:21Z,xm/2020/07/PorcApor_Sistema.ndjson.gz#PorcApor:Sistema:2020-07-01:2020-07-31
2020-07-22,PorcVoluUtilDiar,0.57342,fraction,xm:servapibi,2026-09-22T19:12:14Z,xm/2020/07/PorcVoluUtilDiar_Sistema.ndjson.gz#PorcVoluUtilDiar:Sistema:2020-07-01:2020-07-31
2020-07-22,PrecBolsNaci,167.10639333333333,COP/kWh,xm:servapibi,2026-09-22T19:12:25Z,xm/2020/07/PrecBolsNaci_Sistema.ndjson.gz#PrecBolsNaci:Sistema:2020-07-01:2020-07-31
2020-07-22,PrecEscaAct,573.61054,COP/kWh,xm:servapibi,2026-09-22T19:12:23Z,xm/2020/07/PrecEscaAct_Sistema.ndjson.gz#PrecEscaAct:Sistema:2020-07-01:2020-07-31
2020-07-22,VoluUtilDiarEner,9730548500,kWh,xm:servapibi,2026-09-22T19:12:15Z,xm/2020/07/VoluUtilDiarEner_Sistema.ndjson.gz#VoluUtilDiarEner:Sistema:2020-07-01:2020-07-31
2020-07-23,AporEner,159494000,kWh,xm:servapibi,2026-09-22T19:12:18Z,xm/2020/07/AporEner_Sistema.ndjson.gz#AporEner:Sistema:2020-07-01:2020-07-31
2020-07-23,AporEnerMediHist,216010000,kWh,xm:servapibi,2026-09-22T19:12:19Z,xm/2020/07/AporEnerMediHist_Sistema.ndjson.gz#AporEnerMediHist:Sistema:2020-07-01:2020-07-31
2020-07-23,CapaUtilDiarEner,16969329909,kWh,xm:servapibi,2026-09-22T19:12:17Z,xm/2020/07/CapaUtilDiarEner_Sistema.ndjson.gz#CapaUtilDiarEner:Sistema:2020-07-01:2020-07-31
2020-07-23,DemaSIN,196928699.53,kWh,xm:servapibi,2026-09-22T19:12:22Z,xm/2020/07/DemaSIN_Sistema.ndjson.gz#DemaSIN:Sistema:2020-07-01:2020-07-31
2020-07-23,PorcApor,0.73836,fraction,xm:servapibi,2026-09-22T19:12:21Z,xm/2020/07/PorcApor_Sistema.ndjson.gz#PorcApor:Sistema:2020-07-01:2020-07-31
2020-07-23,PorcVoluUtilDiar,0.57507,fraction,xm:servapibi,2026-09-22T19:12:14Z,xm/2020/07/PorcVoluUtilDiar_Sistema.ndjson.gz#PorcVoluUtilDiar:Sistema:2020-07-01:2020-07-31
2020-07-23,PrecBolsNaci,173.0583816666666,COP/kWh,xm:servapibi,2026-09-22T19:12:25Z,xm/2020/07/PrecBolsNaci_Sistema.ndjson.gz#PrecBolsNaci:Sistema:2020-07-01:2020-07-31
2020-07-23,PrecEscaAct,573.61054,COP/kWh,xm:servapibi,2026-09-22T19:12:23Z,xm/2020/07/PrecEscaAct_Sistema.ndjson.gz#PrecEscaAct:Sistema:2020-07-01:2020-07-31
2020-07-23,VoluUtilDiarEner,9758605400,kWh,xm:servapibi,2026-09-22T19:12:15Z,xm/2020/07/VoluUtilDiarEner_Sistema.ndjson.gz#VoluUtilDiarEner:Sistema:2020-07-01:2020-07-31
2020-07-24,AporEner,253606300,kWh,xm:servapibi,2026-09-22T19:12:18Z,xm/2020/07/AporEner_Sistema.ndjson.gz#AporEner:Sistema:2020-07-01:2020-07-31
2020-07-24,AporEnerMediHist,216010000,kWh,xm:servapibi,2026-09-22T19:12:19Z,xm/2020/07/AporEnerMediHist_Sistema.ndjson.gz#AporEnerMediHist:Sistema:2020-07-01:2020-07-31
2020-07-24,CapaUtilDiarEner,16969329909,kWh,xm:servapibi,2026-09-22T19:12:17Z,xm/2020/07/CapaUtilDiarEner_Sistema.ndjson.gz#CapaUtilDiarEner:Sistema:2020-07-01:2020-07-31
2020-07-24,DemaSIN,193929979.7,kWh,xm:servapibi,2026-09-22T19:12:22Z,xm/2020/07/DemaSIN_Sistema.ndjson.gz#DemaSIN:Sistema:2020-07-01:2020-07-31
2020-07-24,PorcApor,1.17405,fraction,xm:servapibi,2026-09-22T19:12:21Z,xm/2020/07/PorcApor_Sistema.ndjson.gz#PorcApor:Sistema:2020-07-01:2020-07-31
2020-07-24,PorcVoluUtilDiar,0.58195,fraction,xm:servapibi,2026-09-22T19:12:14Z,xm/2020/07/PorcVoluUtilDiar_Sistema.ndjson.gz#PorcVoluUtilDiar:Sistema:2020-07-01:2020-07-31
2020-07-24,PrecBolsNaci,177.44445666666658,COP/kWh,xm:servapibi,2026-09-22T19:12:25Z,xm/2020/07/PrecBolsNaci_Sistema.ndjson.gz#PrecBolsNaci:Sistema:2020-07-01:2020-07-31
2020-07-24,PrecEscaAct,573.61054,COP/kWh,xm:servapibi,2026-09-22T19:12:23Z,xm/2020/07/PrecEscaAct_Sistema.ndjson.gz#PrecEscaAct:Sistema:2020-07-01:2020-07-31
2020-07-24,VoluUtilDiarEner,9875229600,kWh,xm:servapibi,2026-09-22T19:12:15Z,xm/2020/07/VoluUtilDiarEner_Sistema.ndjson.gz#VoluUtilDiarEner:Sistema:2020-07-01:2020-07-31
2020-07-25,AporEner,406771700,kWh,xm:servapibi,2026-09-22T19:12:18Z,xm/2020/07/AporEner_Sistema.ndjson.gz#AporEner:Sistema:2020-07-01:2020-07-31
2020-07-25,AporEnerMediHist,216010000,kWh,xm:servapibi,2026-09-22T19:12:19Z,xm/2020/07/AporEnerMediHist_Sistema.ndjson.gz#AporEnerMediHist:Sistema:2020-07-01:2020-07-31
2020-07-25,CapaUtilDiarEner,16969329909,kWh,xm:servapibi,2026-09-22T19:12:17Z,xm/2020/07/CapaUtilDiarEner_Sistema.ndjson.gz#CapaUtilDiarEner:Sistema:2020-07-01:2020-07-31
2020-07-25,DemaSIN,182462326.94,kWh,xm:servapibi,2026-09-22T19:12:22Z,xm/2020/07/DemaSIN_Sistema.ndjson.gz#DemaSIN:Sistema:2020-07-01:2020-07-31
2020-07-25,PorcApor,1.88312,fraction,xm:servapibi,2026-09-22T19:12:21Z,xm/2020/07/PorcApor_Sistema.ndjson.gz#PorcApor:Sistema:2020-07-01:2020-07-31
2020-07-25,PorcVoluUtilDiar,0.59802,fraction,xm:servapibi,2026-09-22T19:12:14Z,xm/2020/07/PorcVoluUtilDiar_Sistema.ndjson.gz#PorcVoluUtilDiar:Sistema:2020-07-01:2020-07-31
2020-07-25,PrecBolsNaci,182.21106000000006,COP/kWh,xm:servapibi,2026-09-22T19:12:25Z,xm/2020/07/PrecBolsNaci_Sistema.ndjson.gz#PrecBolsNaci:Sistema:2020-07-01:2020-07-31
2020-07-25,PrecEscaAct,573.61054,COP/kWh,xm:servapibi,2026-09-22T19:12:23Z,xm/2020/07/PrecEscaAct_Sistema.ndjson.gz#PrecEscaAct:Sistema:2020-07-01:2020-07-31
2020-07-25,VoluUtilDiarEner,10148018800,kWh,xm:servapibi,2026-09-22T19:12:15Z,xm/2020/07/VoluUtilDiarEner_Sistema.ndjson.gz#VoluUtilDiarEner:Sistema:2020-07-01:2020-07-31
2020-07-26,AporEner,252169200,kWh,xm:servapibi,2026-09-22T19:12:18Z,xm/2020/07/AporEner_Sistema.ndjson.gz#AporEner:Sistema:2020-07-01:2020-07-31
2020-07-26,AporEnerMediHist,216010000,kWh,xm:servapibi,2026-09-22T19:12:19Z,xm/2020/07/AporEnerMediHist_Sistema.ndjson.gz#AporEnerMediHist:Sistema:2020-07-01:2020-07-31
2020-07-26,CapaUtilDiarEner,16969329909,kWh,xm:servapibi,2026-09-22T19:12:17Z,xm/2020/07/CapaUtilDiarEner_Sistema.ndjson.gz#CapaUtilDiarEner:Sistema:2020-07-01:2020-07-31
2020-07-26,DemaSIN,170904346.19,kWh,xm:servapibi,2026-09-22T19:12:22Z,xm/2020/07/DemaSIN_Sistema.ndjson.gz#DemaSIN:Sistema:2020-07-01:2020-07-31
2020-07-26,PorcApor,1.1674,fraction,xm:servapibi,2026-09-22T19:12:21Z,xm/2020/07/PorcApor_Sistema.ndjson.gz#PorcApor:Sistema:2020-07-01:2020-07-31
2020-07-26,PorcVoluUtilDiar,0.60593,fraction,xm:servapibi,2026-09-22T19:12:14Z,xm/2020/07/PorcVoluUtilDiar_Sistema.ndjson.gz#PorcVoluUtilDiar:Sistema:2020-07-01:2020-07-31
2020-07-26,PrecBolsNaci,178.0718433333333,COP/kWh,xm:servapibi,2026-09-22T19:12:25Z,xm/2020/07/PrecBolsNaci_Sistema.ndjson.gz#PrecBolsNaci:Sistema:2020-07-01:2020-07-31
2020-07-26,PrecEscaAct,573.61054,COP/kWh,xm:servapibi,2026-09-22T19:12:23Z,xm/2020/07/PrecEscaAct_Sistema.ndjson.gz#PrecEscaAct:Sistema:2020-07-01:2020-07-31
2020-07-26,VoluUtilDiarEner,10282287600,kWh,xm:servapibi,2026-09-22T19:12:15Z,xm/2020/07/VoluUtilDiarEner_Sistema.ndjson.gz#VoluUtilDiarEner:Sistema:2020-07-01:2020-07-31
2020-07-27,AporEner,309559700,kWh,xm:servapibi,2026-09-22T19:12:18Z,xm/2020/07/AporEner_Sistema.ndjson.gz#AporEner:Sistema:2020-07-01:2020-07-31
2020-07-27,AporEnerMediHist,216010000,kWh,xm:servapibi,2026-09-22T19:12:19Z,xm/2020/07/AporEnerMediHist_Sistema.ndjson.gz#AporEnerMediHist:Sistema:2020-07-01:2020-07-31
2020-07-27,CapaUtilDiarEner,16969329909,kWh,xm:servapibi,2026-09-22T19:12:17Z,xm/2020/07/CapaUtilDiarEner_Sistema.ndjson.gz#CapaUtilDiarEner:Sistema:2020-07-01:2020-07-31
2020-07-27,DemaSIN,193836394.9,kWh,xm:servapibi,2026-09-22T19:12:22Z,xm/2020/07/DemaSIN_Sistema.ndjson.gz#DemaSIN:Sistema:2020-07-01:2020-07-31
2020-07-27,PorcApor,1.43308,fraction,xm:servapibi,2026-09-22T19:12:21Z,xm/2020/07/PorcApor_Sistema.ndjson.gz#PorcApor:Sistema:2020-07-01:2020-07-31
2020-07-27,PorcVoluUtilDiar,0.6153,fraction,xm:servapibi,2026-09-22T19:12:14Z,xm/2020/07/PorcVoluUtilDiar_Sistema.ndjson.gz#PorcVoluUtilDiar:Sistema:2020-07-01:2020-07-31
2020-07-27,PrecBolsNaci,156.0844766666667,COP/kWh,xm:servapibi,2026-09-22T19:12:25Z,xm/2020/07/PrecBolsNaci_Sistema.ndjson.gz#PrecBolsNaci:Sistema:2020-07-01:2020-07-31
2020-07-27,PrecEscaAct,573.61054,COP/kWh,xm:servapibi,2026-09-22T19:12:23Z,xm/2020/07/PrecEscaAct_Sistema.ndjson.gz#PrecEscaAct:Sistema:2020-07-01:2020-07-31
2020-07-27,VoluUtilDiarEner,10441172500,kWh,xm:servapibi,2026-09-22T19:12:15Z,xm/2020/07/VoluUtilDiarEner_Sistema.ndjson.gz#VoluUtilDiarEner:Sistema:2020-07-01:2020-07-31
2020-07-28,AporEner,222173900,kWh,xm:servapibi,2026-09-22T19:12:18Z,xm/2020/07/AporEner_Sistema.ndjson.gz#AporEner:Sistema:2020-07-01:2020-07-31
2020-07-28,AporEnerMediHist,216010000,kWh,xm:servapibi,2026-09-22T19:12:19Z,xm/2020/07/AporEnerMediHist_Sistema.ndjson.gz#AporEnerMediHist:Sistema:2020-07-01:2020-07-31
2020-07-28,CapaUtilDiarEner,16969329909,kWh,xm:servapibi,2026-09-22T19:12:17Z,xm/2020/07/CapaUtilDiarEner_Sistema.ndjson.gz#CapaUtilDiarEner:Sistema:2020-07-01:2020-07-31
2020-07-28,DemaSIN,199785826.05,kWh,xm:servapibi,2026-09-22T19:12:22Z,xm/2020/07/DemaSIN_Sistema.ndjson.gz#DemaSIN:Sistema:2020-07-01:2020-07-31
2020-07-28,PorcApor,1.02854,fraction,xm:servapibi,2026-09-22T19:12:21Z,xm/2020/07/PorcApor_Sistema.ndjson.gz#PorcApor:Sistema:2020-07-01:2020-07-31
2020-07-28,PorcVoluUtilDiar,0.62005,fraction,xm:servapibi,2026-09-22T19:12:14Z,xm/2020/07/PorcVoluUtilDiar_Sistema.ndjson.gz#PorcVoluUtilDiar:Sistema:2020-07-01:2020-07-31
2020-07-28,PrecBolsNaci,148.84009000000006,COP/kWh,xm:servapibi,2026-09-22T19:12:25Z,xm/2020/07/PrecBolsNaci_Sistema.ndjson.gz#PrecBolsNaci:Sistema:2020-07-01:2020-07-31
2020-07-28,PrecEscaAct,573.61054,COP/kWh,xm:servapibi,2026-09-22T19:12:23Z,xm/2020/07/PrecEscaAct_Sistema.ndjson.gz#PrecEscaAct:Sistema:2020-07-01:2020-07-31
2020-07-28,VoluUtilDiarEner,10521784000,kWh,xm:servapibi,2026-09-22T19:12:15Z,xm/2020/07/VoluUtilDiarEner_Sistema.ndjson.gz#VoluUtilDiarEner:Sistema:2020-07-01:2020-07-31
2020-07-29,AporEner,169735200,kWh,xm:servapibi,2026-09-22T19:12:18Z,xm/2020/07/AporEner_Sistema.ndjson.gz#AporEner:Sistema:2020-07-01:2020-07-31
2020-07-29,AporEnerMediHist,216010000,kWh,xm:servapibi,2026-09-22T19:12:19Z,xm/2020/07/AporEnerMediHist_Sistema.ndjson.gz#AporEnerMediHist:Sistema:2020-07-01:2020-07-31
2020-07-29,CapaUtilDiarEner,16969329909,kWh,xm:servapibi,2026-09-22T19:12:17Z,xm/2020/07/CapaUtilDiarEner_Sistema.ndjson.gz#CapaUtilDiarEner:Sistema:2020-07-01:2020-07-31
2020-07-29,DemaSIN,201458126.02,kWh,xm:servapibi,2026-09-22T19:12:22Z,xm/2020/07/DemaSIN_Sistema.ndjson.gz#DemaSIN:Sistema:2020-07-01:2020-07-31
2020-07-29,PorcApor,0.78577,fraction,xm:servapibi,2026-09-22T19:12:21Z,xm/2020/07/PorcApor_Sistema.ndjson.gz#PorcApor:Sistema:2020-07-01:2020-07-31
2020-07-29,PorcVoluUtilDiar,0.62127,fraction,xm:servapibi,2026-09-22T19:12:14Z,xm/2020/07/PorcVoluUtilDiar_Sistema.ndjson.gz#PorcVoluUtilDiar:Sistema:2020-07-01:2020-07-31
2020-07-29,PrecBolsNaci,143.96842166666661,COP/kWh,xm:servapibi,2026-09-22T19:12:25Z,xm/2020/07/PrecBolsNaci_Sistema.ndjson.gz#PrecBolsNaci:Sistema:2020-07-01:2020-07-31
2020-07-29,PrecEscaAct,573.61054,COP/kWh,xm:servapibi,2026-09-22T19:12:23Z,xm/2020/07/PrecEscaAct_Sistema.ndjson.gz#PrecEscaAct:Sistema:2020-07-01:2020-07-31
2020-07-29,VoluUtilDiarEner,10542487800,kWh,xm:servapibi,2026-09-22T19:12:15Z,xm/2020/07/VoluUtilDiarEner_Sistema.ndjson.gz#VoluUtilDiarEner:Sistema:2020-07-01:2020-07-31
2020-07-30,AporEner,213239200,kWh,xm:servapibi,2026-09-22T19:12:18Z,xm/2020/07/AporEner_Sistema.ndjson.gz#AporEner:Sistema:2020-07-01:2020-07-31
2020-07-30,AporEnerMediHist,216010000,kWh,xm:servapibi,2026-09-22T19:12:19Z,xm/2020/07/AporEnerMediHist_Sistema.ndjson.gz#AporEnerMediHist:Sistema:2020-07-01:2020-07-31
2020-07-30,CapaUtilDiarEner,16969329909,kWh,xm:servapibi,2026-09-22T19:12:17Z,xm/2020/07/CapaUtilDiarEner_Sistema.ndjson.gz#CapaUtilDiarEner:Sistema:2020-07-01:2020-07-31
2020-07-30,DemaSIN,200399134.56,kWh,xm:servapibi,2026-09-22T19:12:22Z,xm/2020/07/DemaSIN_Sistema.ndjson.gz#DemaSIN:Sistema:2020-07-01:2020-07-31
2020-07-30,PorcApor,0.98717,fraction,xm:servapibi,2026-09-22T19:12:21Z,xm/2020/07/PorcApor_Sistema.ndjson.gz#PorcApor:Sistema:2020-07-01:2020-07-31
2020-07-30,PorcVoluUtilDiar,0.62417,fraction,xm:servapibi,2026-09-22T19:12:14Z,xm/2020/07/PorcVoluUtilDiar_Sistema.ndjson.gz#PorcVoluUtilDiar:Sistema:2020-07-01:2020-07-31
2020-07-30,PrecBolsNaci,134.38939333333326,COP/kWh,xm:servapibi,2026-09-22T19:12:25Z,xm/2020/07/PrecBolsNaci_Sistema.ndjson.gz#PrecBolsNaci:Sistema:2020-07-01:2020-07-31
2020-07-30,PrecEscaAct,573.61054,COP/kWh,xm:servapibi,2026-09-22T19:12:23Z,xm/2020/07/PrecEscaAct_Sistema.ndjson.gz#PrecEscaAct:Sistema:2020-07-01:2020-07-31
2020-07-30,VoluUtilDiarEner,10591791200,kWh,xm:servapibi,2026-09-22T19:12:15Z,xm/2020/07/VoluUtilDiarEner_Sistema.ndjson.gz#VoluUtilDiarEner:Sistema:2020-07-01:2020-07-31
2020-07-31,AporEner,176809900,kWh,xm:servapibi,2026-09-22T19:12:18Z,xm/2020/07/AporEner_Sistema.ndjson.gz#AporEner:Sistema:2020-07-01:2020-07-31
2020-07-31,AporEnerMediHist,216010000,kWh,xm:servapibi,2026-09-22T19:12:19Z,xm/2020/07/AporEnerMediHist_Sistema.ndjson.gz#AporEnerMediHist:Sistema:2020-07-01:2020-07-31
2020-07-31,CapaUtilDiarEner,16969329909,kWh,xm:servapibi,2026-09-22T19:12:17Z,xm/2020/07/CapaUtilDiarEner_Sistema.ndjson.gz#CapaUtilDiarEner:Sistema:2020-07-01:2020-07-31
2020-07-31,DemaSIN,200228284.23,kWh,xm:servapibi,2026-09-22T19:12:22Z,xm/2020/07/DemaSIN_Sistema.ndjson.gz#DemaSIN:Sistema:2020-07-01:2020-07-31
2020-07-31,PorcApor,0.81853,fraction,xm:servapibi,2026-09-22T19:12:21Z,xm/2020/07/PorcApor_Sistema.ndjson.gz#PorcApor:Sistema:2020-07-01:2020-07-31
2020-07-31,PorcVoluUtilDiar,0.6253,fraction,xm:servapibi,2026-09-22T19:12:14Z,xm/2020/07/PorcVoluUtilDiar_Sistema.ndjson.gz#PorcVoluUtilDiar:Sistema:2020-07-01:2020-07-31
2020-07-31,PrecBolsNaci,117.45620000000004,COP/kWh,xm:servapibi,2026-09-22T19:12:25Z,xm/2020/07/PrecBolsNaci_Sistema.ndjson.gz#PrecBolsNaci:Sistema:2020-07-01:2020-07-31
2020-07-31,PrecEscaAct,573.61054,COP/kWh,xm:servapibi,2026-09-22T19:12:23Z,xm/2020/07/PrecEscaAct_Sistema.ndjson.gz#PrecEscaAct:Sistema:2020-07-01:2020-07-31
2020-07-31,VoluUtilDiarEner,10610971400,kWh,xm:servapibi,2026-09-22T19:12:15Z,xm/2020/07/VoluUtilDiarEner_Sistema.ndjson.gz#VoluUtilDiarEner:Sistema:2020-07-01:2020-07-31
2020-08-01,AporEner,150127400,kWh,xm:servapibi,2026-09-22T19:12:33Z,xm/2020/08/AporEner_Sistema.ndjson.gz#AporEner:Sistema:2020-08-01:2020-08-31
2020-08-01,AporEnerMediHist,190670000,kWh,xm:servapibi,2026-09-22T19:12:34Z,xm/2020/08/AporEnerMediHist_Sistema.ndjson.gz#AporEnerMediHist:Sistema:2020-08-01:2020-08-31
2020-08-01,CapaUtilDiarEner,16969329909,kWh,xm:servapibi,2026-09-22T19:12:31Z,xm/2020/08/CapaUtilDiarEner_Sistema.ndjson.gz#CapaUtilDiarEner:Sistema:2020-08-01:2020-08-31
2020-08-01,DemaSIN,191589967.16,kWh,xm:servapibi,2026-09-22T19:12:37Z,xm/2020/08/DemaSIN_Sistema.ndjson.gz#DemaSIN:Sistema:2020-08-01:2020-08-31
2020-08-01,PorcApor,0.78737,fraction,xm:servapibi,2026-09-22T19:12:35Z,xm/2020/08/PorcApor_Sistema.ndjson.gz#PorcApor:Sistema:2020-08-01:2020-08-31
2020-08-01,PorcVoluUtilDiar,0.62582,fraction,xm:servapibi,2026-09-22T19:12:29Z,xm/2020/08/PorcVoluUtilDiar_Sistema.ndjson.gz#PorcVoluUtilDiar:Sistema:2020-08-01:2020-08-31
2020-08-01,PrecBolsNaci,131.5287966666667,COP/kWh,xm:servapibi,2026-09-22T19:12:39Z,xm/2020/08/PrecBolsNaci_Sistema.ndjson.gz#PrecBolsNaci:Sistema:2020-08-01:2020-08-31
2020-08-01,PrecEscaAct,562.99838,COP/kWh,xm:servapibi,2026-09-22T19:12:38Z,xm/2020/08/PrecEscaAct_Sistema.ndjson.gz#PrecEscaAct:Sistema:2020-08-01:2020-08-31
2020-08-01,VoluUtilDiarEner,10619792700,kWh,xm:servapibi,2026-09-22T19:12:30Z,xm/2020/08/VoluUtilDiarEner_Sistema.ndjson.gz#VoluUtilDiarEner:Sistema:2020-08-01:2020-08-31
2020-08-02,AporEner,122048000,kWh,xm:servapibi,2026-09-22T19:12:33Z,xm/2020/08/AporEner_Sistema.ndjson.gz#AporEner:Sistema:2020-08-01:2020-08-31
2020-08-02,AporEnerMediHist,190670000,kWh,xm:servapibi,2026-09-22T19:12:34Z,xm/2020/08/AporEnerMediHist_Sistema.ndjson.gz#AporEnerMediHist:Sistema:2020-08-01:2020-08-31
2020-08-02,CapaUtilDiarEner,16969329909,kWh,xm:servapibi,2026-09-22T19:12:31Z,xm/2020/08/CapaUtilDiarEner_Sistema.ndjson.gz#CapaUtilDiarEner:Sistema:2020-08-01:2020-08-31
2020-08-02,DemaSIN,178505297.39,kWh,xm:servapibi,2026-09-22T19:12:37Z,xm/2020/08/DemaSIN_Sistema.ndjson.gz#DemaSIN:Sistema:2020-08-01:2020-08-31
2020-08-02,PorcApor,0.6401,fraction,xm:servapibi,2026-09-22T19:12:35Z,xm/2020/08/PorcApor_Sistema.ndjson.gz#PorcApor:Sistema:2020-08-01:2020-08-31
2020-08-02,PorcVoluUtilDiar,0.62531,fraction,xm:servapibi,2026-09-22T19:12:29Z,xm/2020/08/PorcVoluUtilDiar_Sistema.ndjson.gz#PorcVoluUtilDiar:Sistema:2020-08-01:2020-08-31
2020-08-02,PrecBolsNaci,131.28447666666673,COP/kWh,xm:servapibi,2026-09-22T19:12:39Z,xm/2020/08/PrecBolsNaci_Sistema.ndjson.gz#PrecBolsNaci:Sistema:2020-08-01:2020-08-31
2020-08-02,PrecEscaAct,562.99838,COP/kWh,xm:servapibi,2026-09-22T19:12:38Z,xm/2020/08/PrecEscaAct_Sistema.ndjson.gz#PrecEscaAct:Sistema:2020-08-01:2020-08-31
2020-08-02,VoluUtilDiarEner,10611107300,kWh,xm:servapibi,2026-09-22T19:12:30Z,xm/2020/08/VoluUtilDiarEner_Sistema.ndjson.gz#VoluUtilDiarEner:Sistema:2020-08-01:2020-08-31
2020-08-03,AporEner,120048000,kWh,xm:servapibi,2026-09-22T19:12:33Z,xm/2020/08/AporEner_Sistema.ndjson.gz#AporEner:Sistema:2020-08-01:2020-08-31
2020-08-03,AporEnerMediHist,190670000,kWh,xm:servapibi,2026-09-22T19:12:34Z,xm/2020/08/AporEnerMediHist_Sistema.ndjson.gz#AporEnerMediHist:Sistema:2020-08-01:2020-08-31
2020-08-03,CapaUtilDiarEner,16969329909,kWh,xm:servapibi,2026-09-22T19:12:31Z,xm/2020/08/CapaUtilDiarEner_Sistema.ndjson.gz#CapaUtilDiarEner:Sistema:2020-08-01:2020-08-31
2020-08-03,DemaSIN,198587565.82,kWh,xm:servapibi,2026-09-22T19:12:37Z,xm/2020/08/DemaSIN_Sistema.ndjson.gz#DemaSIN:Sistema:2020-08-01:2020-08-31
2020-08-03,PorcApor,0.62961,fraction,xm:servapibi,2026-09-22T19:12:35Z,xm/2020/08/PorcApor_Sistema.ndjson.gz#PorcApor:Sistema:2020-08-01:2020-08-31
2020-08-03,PorcVoluUtilDiar,0.62301,fraction,xm:servapibi,2026-09-22T19:12:29Z,xm/2020/08/PorcVoluUtilDiar_Sistema.ndjson.gz#PorcVoluUtilDiar:Sistema:2020-08-01:2020-08-31
2020-08-03,PrecBolsNaci,146.39078333333327,COP/kWh,xm:servapibi,2026-09-22T19:12:39Z,xm/2020/08/PrecBolsNaci_Sistema.ndjson.gz#PrecBolsNaci:Sistema:2020-08-01:2020-08-31
2020-08-03,PrecEscaAct,562.99838,COP/kWh,xm:servapibi,2026-09-22T19:12:38Z,xm/2020/08/PrecEscaAct_Sistema.ndjson.gz#PrecEscaAct:Sistema:2020-08-01:2020-08-31
2020-08-03,VoluUtilDiarEner,10572002800,kWh,xm:servapibi,2026-09-22T19:12:30Z,xm/2020/08/VoluUtilDiarEner_Sistema.ndjson.gz#VoluUtilDiarEner:Sistema:2020-08-01:2020-08-31
2020-08-04,AporEner,111033200,kWh,xm:servapibi,2026-09-22T19:12:33Z,xm/2020/08/AporEner_Sistema.ndjson.gz#AporEner:Sistema:2020-08-01:2020-08-31
2020-08-04,AporEnerMediHist,190670000,kWh,xm:servapibi,2026-09-22T19:12:34Z,xm/2020/08/AporEnerMediHist_Sistema.ndjson.gz#AporEnerMediHist:Sistema:2020-08-01:2020-08-31
2020-08-04,CapaUtilDiarEner,16969329909,kWh,xm:servapibi,2026-09-22T19:12:31Z,xm/2020/08/CapaUtilDiarEner_Sistema.ndjson.gz#CapaUtilDiarEner:Sistema:2020-08-01:2020-08-31
2020-08-04,DemaSIN,199104452.21,kWh,xm:servapibi,2026-09-22T19:12:37Z,xm/2020/08/DemaSIN_Sistema.ndjson.gz#DemaSIN:Sistema:2020-08-01:2020-08-31
2020-08-04,PorcApor,0.58233,fraction,xm:servapibi,2026-09-22T19:12:35Z,xm/2020/08/PorcApor_Sistema.ndjson.gz#PorcApor:Sistema:2020-08-01:2020-08-31
2020-08-04,PorcVoluUtilDiar,0.62037,fraction,xm:servapibi,2026-09-22T19:12:29Z,xm/2020/08/PorcVoluUtilDiar_Sistema.ndjson.gz#PorcVoluUtilDiar:Sistema:2020-08-01:2020-08-31
2020-08-04,PrecBolsNaci,152.59714999999994,COP/kWh,xm:servapibi,2026-09-22T19:12:39Z,xm/2020/08/PrecBolsNaci_Sistema.ndjson.gz#PrecBolsNaci:Sistema:2020-08-01:2020-08-31
2020-08-04,PrecEscaAct,562.99838,COP/kWh,xm:servapibi,2026-09-22T19:12:38Z,xm/2020/08/PrecEscaAct_Sistema.ndjson.gz#PrecEscaAct:Sistema:2020-08-01:2020-08-31
2020-08-04,VoluUtilDiarEner,10527222900,kWh,xm:servapibi,2026-09-22T19:12:30Z,xm/2020/08/VoluUtilDiarEner_Sistema.ndjson.gz#VoluUtilDiarEner:Sistema:2020-08-01:2020-08-31
2020-08-05,AporEner,117882100,kWh,xm:servapibi,2026-09-22T19:12:33Z,xm/2020/08/AporEner_Sistema.ndjson.gz#AporEner:Sistema:2020-08-01:2020-08-31
2020-08-05,AporEnerMediHist,190670000,kWh,xm:servapibi,2026-09-22T19:12:34Z,xm/2020/08/AporEnerMediHist_Sistema.ndjson.gz#AporEnerMediHist:Sistema:2020-08-01:2020-08-31
2020-08-05,CapaUtilDiarEner,16969329909,kWh,xm:servapibi,2026-09-22T19:12:31Z,xm/2020/08/CapaUtilDiarEner_Sistema.ndjson.gz#CapaUtilDiarEner:Sistema:2020-08-01:2020-08-31
2020-08-05,DemaSIN,201156317.92,kWh,xm:servapibi,2026-09-22T19:12:37Z,xm/2020/08/DemaSIN_Sistema.ndjson.gz#DemaSIN:Sistema:2020-08-01:2020-08-31
2020-08-05,PorcApor,0.61825,fraction,xm:servapibi,2026-09-22T19:12:35Z,xm/2020/08/PorcApor_Sistema.ndjson.gz#PorcApor:Sistema:2020-08-01:2020-08-31
2020-08-05,PorcVoluUtilDiar,0.61788,fraction,xm:servapibi,2026-09-22T19:12:29Z,xm/2020/08/PorcVoluUtilDiar_Sistema.ndjson.gz#PorcVoluUtilDiar:Sistema:2020-08-01:2020-08-31
2020-08-05,PrecBolsNaci,143.43382333333327,COP/kWh,xm:servapibi,2026-09-22T19:12:39Z,xm/2020/08/PrecBolsNaci_Sistema.ndjson.gz#PrecBolsNaci:Sistema:2020-08-01:2020-08-31
2020-08-05,PrecEscaAct,562.99838,COP/kWh,xm:servapibi,2026-09-22T19:12:38Z,xm/2020/08/PrecEscaAct_Sistema.ndjson.gz#PrecEscaAct:Sistema:2020-08-01:2020-08-31
2020-08-05,VoluUtilDiarEner,10485021400,kWh,xm:servapibi,2026-09-22T19:12:30Z,xm/2020/08/VoluUtilDiarEner_Sistema.ndjson.gz#VoluUtilDiarEner:Sistema:2020-08-01:2020-08-31
2020-08-06,AporEner,123520800,kWh,xm:servapibi,2026-09-22T19:12:33Z,xm/2020/08/AporEner_Sistema.ndjson.gz#AporEner:Sistema:2020-08-01:2020-08-31
2020-08-06,AporEnerMediHist,190670000,kWh,xm:servapibi,2026-09-22T19:12:34Z,xm/2020/08/AporEnerMediHist_Sistema.ndjson.gz#AporEnerMediHist:Sistema:2020-08-01:2020-08-31
2020-08-06,CapaUtilDiarEner,16969329909,kWh,xm:servapibi,2026-09-22T19:12:31Z,xm/2020/08/CapaUtilDiarEner_Sistema.ndjson.gz#CapaUtilDiarEner:Sistema:2020-08-01:2020-08-31
2020-08-06,DemaSIN,200773726.16,kWh,xm:servapibi,2026-09-22T19:12:37Z,xm/2020/08/DemaSIN_Sistema.ndjson.gz#DemaSIN:Sistema:2020-08-01:2020-08-31
2020-08-06,PorcApor,0.64783,fraction,xm:servapibi,2026-09-22T19:12:35Z,xm/2020/08/PorcApor_Sistema.ndjson.gz#PorcApor:Sistema:2020-08-01:2020-08-31
2020-08-06,PorcVoluUtilDiar,0.61603,fraction,xm:servapibi,2026-09-22T19:12:29Z,xm/2020/08/PorcVoluUtilDiar_Sistema.ndjson.gz#PorcVoluUtilDiar:Sistema:2020-08-01:2020-08-31
2020-08-06,PrecBolsNaci,159.2049233333333,COP/kWh,xm:servapibi,2026-09-22T19:12:39Z,xm/2020/08/PrecBolsNaci_Sistema.ndjson.gz#PrecBolsNaci:Sistema:2020-08-01:2020-08-31
2020-08-06,PrecEscaAct,562.99838,COP/kWh,xm:servapibi,2026-09-22T19:12:38Z,xm/2020/08/PrecEscaAct_Sistema.ndjson.gz#PrecEscaAct:Sistema:2020-08-01:2020-08-31
2020-08-06,VoluUtilDiarEner,10453632500,kWh,xm:servapibi,2026-09-22T19:12:30Z,xm/2020/08/VoluUtilDiarEner_Sistema.ndjson.gz#VoluUtilDiarEner:Sistema:2020-08-01:2020-08-31
2020-08-07,AporEner,117119000,kWh,xm:servapibi,2026-09-22T19:12:33Z,xm/2020/08/AporEner_Sistema.ndjson.gz#AporEner:Sistema:2020-08-01:2020-08-31
2020-08-07,AporEnerMediHist,190670000,kWh,xm:servapibi,2026-09-22T19:12:34Z,xm/2020/08/AporEnerMediHist_Sistema.ndjson.gz#AporEnerMediHist:Sistema:2020-08-01:2020-08-31
2020-08-07,CapaUtilDiarEner,16969329909,kWh,xm:servapibi,2026-09-22T19:12:31Z,xm/2020/08/CapaUtilDiarEner_Sistema.ndjson.gz#CapaUtilDiarEner:Sistema:2020-08-01:2020-08-31
2020-08-07,DemaSIN,187931173.8,kWh,xm:servapibi,2026-09-22T19:12:37Z,xm/2020/08/DemaSIN_Sistema.ndjson.gz#DemaSIN:Sistema:2020-08-01:2020-08-31
2020-08-07,PorcApor,0.61425,fraction,xm:servapibi,2026-09-22T19:12:35Z,xm/2020/08/PorcApor_Sistema.ndjson.gz#PorcApor:Sistema:2020-08-01:2020-08-31
2020-08-07,PorcVoluUtilDiar,0.61458,fraction,xm:servapibi,2026-09-22T19:12:29Z,xm/2020/08/PorcVoluUtilDiar_Sistema.ndjson.gz#PorcVoluUtilDiar:Sistema:2020-08-01:2020-08-31
2020-08-07,PrecBolsNaci,171.85551333333342,COP/kWh,xm:servapibi,2026-09-22T19:12:39Z,xm/2020/08/PrecBolsNaci_Sistema.ndjson.gz#PrecBolsNaci:Sistema:2020-08-01:2020-08-31
2020-08-07,PrecEscaAct,562.99838,COP/kWh,xm:servapibi,2026-09-22T19:12:38Z,xm/2020/08/PrecEscaAct_Sistema.ndjson.gz#PrecEscaAct:Sistema:2020-08-01:2020-08-31
2020-08-07,VoluUtilDiarEner,10428933300,kWh,xm:servapibi,2026-09-22T19:12:30Z,xm/2020/08/VoluUtilDiarEner_Sistema.ndjson.gz#VoluUtilDiarEner:Sistema:2020-08-01:2020-08-31
2020-08-08,AporEner,149512000,kWh,xm:servapibi,2026-09-22T19:12:33Z,xm/2020/08/AporEner_Sistema.ndjson.gz#AporEner:Sistema:2020-08-01:2020-08-31
2020-08-08,AporEnerMediHist,190670000,kWh,xm:servapibi,2026-09-22T19:12:34Z,xm/2020/08/AporEnerMediHist_Sistema.ndjson.gz#AporEnerMediHist:Sistema:2020-08-01:2020-08-31
2020-08-08,CapaUtilDiarEner,16969329909,kWh,xm:servapibi,2026-09-22T19:12:31Z,xm/2020/08/CapaUtilDiarEner_Sistema.ndjson.gz#CapaUtilDiarEner:Sistema:2020-08-01:2020-08-31
2020-08-08,DemaSIN,189196517.01,kWh,xm:servapibi,2026-09-22T19:12:37Z,xm/2020/08/DemaSIN_Sistema.ndjson.gz#DemaSIN:Sistema:2020-08-01:2020-08-31
2020-08-08,PorcApor,0.78414,fraction,xm:servapibi,2026-09-22T19:12:35Z,xm/2020/08/PorcApor_Sistema.ndjson.gz#PorcApor:Sistema:2020-08-01:2020-08-31
2020-08-08,PorcVoluUtilDiar,0.6172,fraction,xm:servapibi,2026-09-22T19:12:29Z,xm/2020/08/PorcVoluUtilDiar_Sistema.ndjson.gz#PorcVoluUtilDiar:Sistema:2020-08-01:2020-08-31
2020-08-08,PrecBolsNaci,191.57427999999993,COP/kWh,xm:servapibi,2026-09-22T19:12:39Z,xm/2020/08/PrecBolsNaci_Sistema.ndjson.gz#PrecBolsNaci:Sistema:2020-08-01:2020-08-31
2020-08-08,PrecEscaAct,562.99838,COP/kWh,xm:servapibi,2026-09-22T19:12:38Z,xm/2020/08/PrecEscaAct_Sistema.ndjson.gz#PrecEscaAct:Sistema:2020-08-01:2020-08-31
2020-08-08,VoluUtilDiarEner,10473416000,kWh,xm:servapibi,2026-09-22T19:12:30Z,xm/2020/08/VoluUtilDiarEner_Sistema.ndjson.gz#VoluUtilDiarEner:Sistema:2020-08-01:2020-08-31
2020-08-09,AporEner,133786400,kWh,xm:servapibi,2026-09-22T19:12:33Z,xm/2020/08/AporEner_Sistema.ndjson.gz#AporEner:Sistema:2020-08-01:2020-08-31
2020-08-09,AporEnerMediHist,190670000,kWh,xm:servapibi,2026-09-22T19:12:34Z,xm/2020/08/AporEnerMediHist_Sistema.ndjson.gz#AporEnerMediHist:Sistema:2020-08-01:2020-08-31
2020-08-09,CapaUtilDiarEner,16969329909,kWh,xm:servapibi,2026-09-22T19:12:31Z,xm/2020/08/CapaUtilDiarEner_Sistema.ndjson.gz#CapaUtilDiarEner:Sistema:2020-08-01:2020-08-31
2020-08-09,DemaSIN,177848895.76,kWh,xm:servapibi,2026-09-22T19:12:37Z,xm/2020/08/DemaSIN_Sistema.ndjson.gz#DemaSIN:Sistema:2020-08-01:2020-08-31
2020-08-09,PorcApor,0.70166,fraction,xm:servapibi,2026-09-22T19:12:35Z,xm/2020/08/PorcApor_Sistema.ndjson.gz#PorcApor:Sistema:2020-08-01:2020-08-31
2020-08-09,PorcVoluUtilDiar,0.61681,fraction,xm:servapibi,2026-09-22T19:12:29Z,xm/2020/08/PorcVoluUtilDiar_Sistema.ndjson.gz#PorcVoluUtilDiar:Sistema:2020-08-01:2020-08-31
2020-08-09,PrecBolsNaci,200.20034,COP/kWh,xm:servapibi,2026-09-22T19:12:39Z,xm/2020/08/PrecBolsNaci_Sistema.ndjson.gz#PrecBolsNaci:Sistema:2020-08-01:2020-08-31
2020-08-09,PrecEscaAct,562.99838,COP/kWh,xm:servapibi,2026-09-22T19:12:38Z,xm/2020/08/PrecEscaAct_Sistema.ndjson.gz#PrecEscaAct:Sistema:2020-08-01:2020-08-31
2020-08-09,VoluUtilDiarEner,10466917700,kWh,xm:servapibi,2026-09-22T19:12:30Z,xm/2020/08/VoluUtilDiarEner_Sistema.ndjson.gz#VoluUtilDiarEner:Sistema:2020-08-01:2020-08-31
2020-08-10,AporEner,119278600,kWh,xm:servapibi,2026-09-22T19:12:33Z,xm/2020/08/AporEner_Sistema.ndjson.gz#AporEner:Sistema:2020-08-01:2020-08-31
2020-08-10,AporEnerMediHist,190670000,kWh,xm:servapibi,2026-09-22T19:12:34Z,xm/2020/08/AporEnerMediHist_Sistema.ndjson.gz#AporEnerMediHist:Sistema:2020-08-01:2020-08-31
2020-08-10,CapaUtilDiarEner,16969329909,kWh,xm:servapibi,2026-09-22T19:12:31Z,xm/2020/08/CapaUtilDiarEner_Sistema.ndjson.gz#CapaUtilDiarEner:Sistema:2020-08-01:2020-08-31
2020-08-10,DemaSIN,201237077.45,kWh,xm:servapibi,2026-09-22T19:12:37Z,xm/2020/08/DemaSIN_Sistema.ndjson.gz#DemaSIN:Sistema:2020-08-01:2020-08-31
2020-08-10,PorcApor,0.62558,fraction,xm:servapibi,2026-09-22T19:12:35Z,xm/2020/08/PorcApor_Sistema.ndjson.gz#PorcApor:Sistema:2020-08-01:2020-08-31
2020-08-10,PorcVoluUtilDiar,0.61498,fraction,xm:servapibi,2026-09-22T19:12:29Z,xm/2020/08/PorcVoluUtilDiar_Sistema.ndjson.gz#PorcVoluUtilDiar:Sistema:2020-08-01:2020-08-31
2020-08-10,PrecBolsNaci,197.25157666666664,COP/kWh,xm:servapibi,2026-09-22T19:12:39Z,xm/2020/08/PrecBolsNaci_Sistema.ndjson.gz#PrecBolsNaci:Sistema:2020-08-01:2020-08-31
2020-08-10,PrecEscaAct,562.99838,COP/kWh,xm:servapibi,2026-09-22T19:12:38Z,xm/2020/08/PrecEscaAct_Sistema.ndjson.gz#PrecEscaAct:Sistema:2020-08-01:2020-08-31
2020-08-10,VoluUtilDiarEner,10435732100,kWh,xm:servapibi,2026-09-22T19:12:30Z,xm/2020/08/VoluUtilDiarEner_Sistema.ndjson.gz#VoluUtilDiarEner:Sistema:2020-08-01:2020-08-31
2020-08-11,AporEner,121467500,kWh,xm:servapibi,2026-09-22T19:12:33Z,xm/2020/08/AporEner_Sistema.ndjson.gz#AporEner:Sistema:2020-08-01:2020-08-31
2020-08-11,AporEnerMediHist,190670000,kWh,xm:servapibi,2026-09-22T19:12:34Z,xm/2020/08/AporEnerMediHist_Sistema.ndjson.gz#AporEnerMediHist:Sistema:2020-08-01:2020-08-31
2020-08-11,CapaUtilDiarEner,16969329909,kWh,xm:servapibi,2026-09-22T19:12:31Z,xm/2020/08/CapaUtilDiarEner_Sistema.ndjson.gz#CapaUtilDiarEner:Sistema:2020-08-01:2020-08-31
2020-08-11,DemaSIN,204685689.03,kWh,xm:servapibi,2026-09-22T19:12:37Z,xm/2020/08/DemaSIN_Sistema.ndjson.gz#DemaSIN:Sistema:2020-08-01:2020-08-31
2020-08-11,PorcApor,0.63706,fraction,xm:servapibi,2026-09-22T19:12:35Z,xm/2020/08/PorcApor_Sistema.ndjson.gz#PorcApor:Sistema:2020-08-01:2020-08-31
2020-08-11,PorcVoluUtilDiar,0.6139,fraction,xm:servapibi,2026-09-22T19:12:29Z,xm/2020/08/PorcVoluUtilDiar_Sistema.ndjson.gz#PorcVoluUtilDiar:Sistema:2020-08-01:2020-08-31
2020-08-11,PrecBolsNaci,201.04737999999998,COP/kWh,xm:servapibi,2026-09-22T19:12:39Z,xm/2020/08/PrecBolsNaci_Sistema.ndjson.gz#PrecBolsNaci:Sistema:2020-08-01:2020-08-31
2020-08-11,PrecEscaAct,562.99838,COP/kWh,xm:servapibi,2026-09-22T19:12:38Z,xm/2020/08/PrecEscaAct_Sistema.ndjson.gz#PrecEscaAct:Sistema:2020-08-01:2020-08-31
2020-08-11,VoluUtilDiarEner,10417421500,kWh,xm:servapibi,2026-09-22T19:12:30Z,xm/2020/08/VoluUtilDiarEner_Sistema.ndjson.gz#VoluUtilDiarEner:Sistema:2020-08-01:2020-08-31
2020-08-12,AporEner,133098800,kWh,xm:servapibi,2026-09-22T19:12:33Z,xm/2020/08/AporEner_Sistema.ndjson.gz#AporEner:Sistema:2020-08-01:2020-08-31
2020-08-12,AporEnerMediHist,190670000,kWh,xm:servapibi,2026-09-22T19:12:34Z,xm/2020/08/AporEnerMediHist_Sistema.ndjson.gz#AporEnerMediHist:Sistema:2020-08-01:2020-08-31
2020-08-12,CapaUtilDiarEner,16969329909,kWh,xm:servapibi,2026-09-22T19:12:31Z,xm/2020/08/CapaUtilDiarEner_Sistema.ndjson.gz#CapaUtilDiarEner:Sistema:2020-08-01:2020-08-31
2020-08-12,DemaSIN,205391427.13,kWh,xm:servapibi,2026-09-22T19:12:37Z,xm/2020/08/DemaSIN_Sistema.ndjson.gz#DemaSIN:Sistema:2020-08-01:2020-08-31
2020-08-12,PorcApor,0.69806,fraction,xm:servapibi,2026-09-22T19:12:35Z,xm/2020/08/PorcApor_Sistema.ndjson.gz#PorcApor:Sistema:2020-08-01:2020-08-31
2020-08-12,PorcVoluUtilDiar,0.61348,fraction,xm:servapibi,2026-09-22T19:12:29Z,xm/2020/08/PorcVoluUtilDiar_Sistema.ndjson.gz#PorcVoluUtilDiar:Sistema:2020-08-01:2020-08-31
2020-08-12,PrecBolsNaci,186.96844666666655,COP/kWh,xm:servapibi,2026-09-22T19:12:39Z,xm/2020/08/PrecBolsNaci_Sistema.ndjson.gz#PrecBolsNaci:Sistema:2020-08-01:2020-08-31
2020-08-12,PrecEscaAct,562.99838,COP/kWh,xm:servapibi,2026-09-22T19:12:38Z,xm/2020/08/PrecEscaAct_Sistema.ndjson.gz#PrecEscaAct:Sistema:2020-08-01:2020-08-31
2020-08-12,VoluUtilDiarEner,10410268000,kWh,xm:servapibi,2026-09-22T19:12:30Z,xm/2020/08/VoluUtilDiarEner_Sistema.ndjson.gz#VoluUtilDiarEner:Sistema:2020-08-01:2020-08-31
2020-08-13,AporEner,176684900,kWh,xm:servapibi,2026-09-22T19:12:33Z,xm/2020/08/AporEner_Sistema.ndjson.gz#AporEner:Sistema:2020-08-01:2020-08-31
2020-08-13,AporEnerMediHist,190670000,kWh,xm:servapibi,2026-09-22T19:12:34Z,xm/2020/08/AporEnerMediHist_Sistema.ndjson.gz#AporEnerMediHist:Sistema:2020-08-01:2020-08-31
2020-08-13,CapaUtilDiarEner,16969329909,kWh,xm:servapibi,2026-09-22T19:12:31Z,xm/2020/08/CapaUtilDiarEner_Sistema.ndjson.gz#CapaUtilDiarEner:Sistema:2020-08-01:2020-08-31
2020-08-13,DemaSIN,205462088.46,kWh,xm:servapibi,2026-09-22T19:12:37Z,xm/2020/08/DemaSIN_Sistema.ndjson.gz#DemaSIN:Sistema:2020-08-01:2020-08-31
2020-08-13,PorcApor,0.92665,fraction,xm:servapibi,2026-09-22T19:12:35Z,xm/2020/08/PorcApor_Sistema.ndjson.gz#PorcApor:Sistema:2020-08-01:2020-08-31
2020-08-13,PorcVoluUtilDiar,0.61625,fraction,xm:servapibi,2026-09-22T19:12:29Z,xm/2020/08/PorcVoluUtilDiar_Sistema.ndjson.gz#PorcVoluUtilDiar:Sistema:2020-08-01:2020-08-31
2020-08-13,PrecBolsNaci,182.20599499999994,COP/kWh,xm:servapibi,2026-09-22T19:12:39Z,xm/2020/08/PrecBolsNaci_Sistema.ndjson.gz#PrecBolsNaci:Sistema:2020-08-01:2020-08-31
2020-08-13,PrecEscaAct,562.99838,COP/kWh,xm:servapibi,2026-09-22T19:12:38Z,xm/2020/08/PrecEscaAct_Sistema.ndjson.gz#PrecEscaAct:Sistema:2020-08-01:2020-08-31
2020-08-13,VoluUtilDiarEner,10457338200,kWh,xm:servapibi,2026-09-22T19:12:30Z,xm/2020/08/VoluUtilDiarEner_Sistema.ndjson.gz#VoluUtilDiarEner:Sistema:2020-08-01:2020-08-31
2020-08-14,AporEner,214910200,kWh,xm:servapibi,2026-09-22T19:12:33Z,xm/2020/08/AporEner_Sistema.ndjson.gz#AporEner:Sistema:2020-08-01:2020-08-31
2020-08-14,AporEnerMediHist,190670000,kWh,xm:servapibi,2026-09-22T19:12:34Z,xm/2020/08/AporEnerMediHist_Sistema.ndjson.gz#AporEnerMediHist:Sistema:2020-08-01:2020-08-31
2020-08-14,CapaUtilDiarEner,16969329909,kWh,xm:servapibi,2026-09-22T19:12:31Z,xm/2020/08/CapaUtilDiarEner_Sistema.ndjson.gz#CapaUtilDiarEner:Sistema:2020-08-01:2020-08-31
2020-08-14,DemaSIN,202430866.98,kWh,xm:servapibi,2026-09-22T19:12:37Z,xm/2020/08/DemaSIN_Sistema.ndjson.gz#DemaSIN:Sistema:2020-08-01:2020-08-31
2020-08-14,PorcApor,1.12713,fraction,xm:servapibi,2026-09-22T19:12:35Z,xm/2020/08/PorcApor_Sistema.ndjson.gz#PorcApor:Sistema:2020-08-01:2020-08-31
2020-08-14,PorcVoluUtilDiar,0.61989,fraction,xm:servapibi,2026-09-22T19:12:29Z,xm/2020/08/PorcVoluUtilDiar_Sistema.ndjson.gz#PorcVoluUtilDiar:Sistema:2020-08-01:2020-08-31
2020-08-14,PrecBolsNaci,170.813945,COP/kWh,xm:servapibi,2026-09-22T19:12:39Z,xm/2020/08/PrecBolsNaci_Sistema.ndjson.gz#PrecBolsNaci:Sistema:2020-08-01:2020-08-31
2020-08-14,PrecEscaAct,562.99838,COP/kWh,xm:servapibi,2026-09-22T19:12:38Z,xm/2020/08/PrecEscaAct_Sistema.ndjson.gz#PrecEscaAct:Sistema:2020-08-01:2020-08-31
2020-08-14,VoluUtilDiarEner,10519057700,kWh,xm:servapibi,2026-09-22T19:12:30Z,xm/2020/08/VoluUtilDiarEner_Sistema.ndjson.gz#VoluUtilDiarEner:Sistema:2020-08-01:2020-08-31
2020-08-15,AporEner,181124800,kWh,xm:servapibi,2026-09-22T19:12:33Z,xm/2020/08/AporEner_Sistema.ndjson.gz#AporEner:Sistema:2020-08-01:2020-08-31
2020-08-15,AporEnerMediHist,190670000,kWh,xm:servapibi,2026-09-22T19:12:34Z,xm/2020/08/AporEnerMediHist_Sistema.ndjson.gz#AporEnerMediHist:Sistema:2020-08-01:2020-08-31
2020-08-15,CapaUtilDiarEner,16969329909,kWh,xm:servapibi,2026-09-22T19:12:31Z,xm/2020/08/CapaUtilDiarEner_Sistema.ndjson.gz#CapaUtilDiarEner:Sistema:2020-08-01:2020-08-31
2020-08-15,DemaSIN,192470465.74,kWh,xm:servapibi,2026-09-22T19:12:37Z,xm/2020/08/DemaSIN_Sistema.ndjson.gz#DemaSIN:Sistema:2020-08-01:2020-08-31
2020-08-15,PorcApor,0.94994,fraction,xm:servapibi,2026-09-22T19:12:35Z,xm/2020/08/PorcApor_Sistema.ndjson.gz#PorcApor:Sistema:2020-08-01:2020-08-31
2020-08-15,PorcVoluUtilDiar,0.62276,fraction,xm:servapibi,2026-09-22T19:12:29Z,xm/2020/08/PorcVoluUtilDiar_Sistema.ndjson.gz#PorcVoluUtilDiar:Sistema:2020-08-01:2020-08-31
2020-08-15,PrecBolsNaci,154.30349666666663,COP/kWh,xm:servapibi,2026-09-22T19:12:39Z,xm/2020/08/PrecBolsNaci_Sistema.ndjson.gz#PrecBolsNaci:Sistema:2020-08-01:2020-08-31
2020-08-15,PrecEscaAct,562.99838,COP/kWh,xm:servapibi,2026-09-22T19:12:38Z,xm/2020/08/PrecEscaAct_Sistema.ndjson.gz#PrecEscaAct:Sistema:2020-08-01:2020-08-31
2020-08-15,VoluUtilDiarEner,10567812200,kWh,xm:servapibi,2026-09-22T19:12:30Z,xm/2020/08/VoluUtilDiarEner_Sistema.ndjson.gz#VoluUtilDiarEner:Sistema:2020-08-01:2020-08-31
2020-08-16,AporEner,156314600,kWh,xm:servapibi,2026-09-22T19:12:33Z,xm/2020/08/AporEner_Sistema.ndjson.gz#AporEner:Sistema:2020-08-01:2020-08-31
2020-08-16,AporEnerMediHist,190670000,kWh,xm:servapibi,2026-09-22T19:12:34Z,xm/2020/08/AporEnerMediHist_Sistema.ndjson.gz#AporEnerMediHist:Sistema:2020-08-01:2020-08-31
2020-08-16,CapaUtilDiarEner,16969329909,kWh,xm:servapibi,2026-09-22T19:12:31Z,xm/2020/08/CapaUtilDiarEner_Sistema.ndjson.gz#CapaUtilDiarEner:Sistema:2020-08-01:2020-08-31
2020-08-16,DemaSIN,173475108.83,kWh,xm:servapibi,2026-09-22T19:12:37Z,xm/2020/08/DemaSIN_Sistema.ndjson.gz#DemaSIN:Sistema:2020-08-01:2020-08-31
2020-08-16,PorcApor,0.81982,fraction,xm:servapibi,2026-09-22T19:12:35Z,xm/2020/08/PorcApor_Sistema.ndjson.gz#PorcApor:Sistema:2020-08-01:2020-08-31
2020-08-16,PorcVoluUtilDiar,0.62557,fraction,xm:servapibi,2026-09-22T19:12:29Z,xm/2020/08/PorcVoluUtilDiar_Sistema.ndjson.gz#PorcVoluUtilDiar:Sistema:2020-08-01:2020-08-31
2020-08-16,PrecBolsNaci,149.4876433333333,COP/kWh,xm:servapibi,2026-09-22T19:12:39Z,xm/2020/08/PrecBolsNaci_Sistema.ndjson.gz#PrecBolsNaci:Sistema:2020-08-01:2020-08-31
2020-08-16,PrecEscaAct,562.99838,COP/kWh,xm:servapibi,2026-09-22T19:12:38Z,xm/2020/08/PrecEscaAct_Sistema.ndjson.gz#PrecEscaAct:Sistema:2020-08-01:2020-08-31
2020-08-16,VoluUtilDiarEner,10615492100,kWh,xm:servapibi,2026-09-22T19:12:30Z,xm/2020/08/VoluUtilDiarEner_Sistema.ndjson.gz#VoluUtilDiarEner:Sistema:2020-08-01:2020-08-31
2020-08-17,AporEner,183202700,kWh,xm:servapibi,2026-09-22T19:12:33Z,xm/2020/08/AporEner_Sistema.ndjson.gz#AporEner:Sistema:2020-08-01:2020-08-31
2020-08-17,AporEnerMediHist,190670000,kWh,xm:servapibi,2026-09-22T19:12:34Z,xm/2020/08/AporEnerMediHist_Sistema.ndjson.gz#AporEnerMediHist:Sistema:2020-08-01:2020-08-31
2020-08-17,CapaUtilDiarEner,16969329909,kWh,xm:servapibi,2026-09-22T19:12:31Z,xm/2020/08/CapaUtilDiarEner_Sistema.ndjson.gz#CapaUtilDiarEner:Sistema:2020-08-01:2020-08-31
2020-08-17,DemaSIN,176349929.47,kWh,xm:servapibi,2026-09-22T19:12:37Z,xm/2020/08/DemaSIN_Sistema.ndjson.gz#DemaSIN:Sistema:2020-08-01:2020-08-31
2020-08-17,PorcApor,0.96084,fraction,xm:servapibi,2026-09-22T19:12:35Z,xm/2020/08/PorcApor_Sistema.ndjson.gz#PorcApor:Sistema:2020-08-01:2020-08-31
2020-08-17,PorcVoluUtilDiar,0.62918,fraction,xm:servapibi,2026-09-22T19:12:29Z,xm/2020/08/PorcVoluUtilDiar_Sistema.ndjson.gz#PorcVoluUtilDiar:Sistema:2020-08-01:2020-08-31
2020-08-17,PrecBolsNaci,170.86282000000003,COP/kWh,xm:servapibi,2026-09-22T19:12:39Z,xm/2020/08/PrecBolsNaci_Sistema.ndjson.gz#PrecBolsNaci:Sistema:2020-08-01:2020-08-31
2020-08-17,PrecEscaAct,562.99838,COP/kWh,xm:servapibi,2026-09-22T19:12:38Z,xm/2020/08/PrecEscaAct_Sistema.ndjson.gz#PrecEscaAct:Sistema:2020-08-01:2020-08-31
2020-08-17,VoluUtilDiarEner,10676786700,kWh,xm:servapibi,2026-09-22T19:12:30Z,xm/2020/08/VoluUtilDiarEner_Sistema.ndjson.gz#VoluUtilDiarEner:Sistema:2020-08-01:2020-08-31
2020-08-18,AporEner,126682400,kWh,xm:servapibi,2026-09-22T19:12:33Z,xm/2020/08/AporEner_Sistema.ndjson.gz#AporEner:Sistema:2020-08-01:2020-08-31
2020-08-18,AporEnerMediHist,190670000,kWh,xm:servapibi,2026-09-22T19:12:34Z,xm/2020/08/AporEnerMediHist_Sistema.ndjson.gz#AporEnerMediHist:Sistema:2020-08-01:2020-08-31
2020-08-18,CapaUtilDiarEner,16969329909,kWh,xm:servapibi,2026-09-22T19:12:31Z,xm/2020/08/CapaUtilDiarEner_Sistema.ndjson.gz#CapaUtilDiarEner:Sistema:2020-08-01:2020-08-31
2020-08-18,DemaSIN,198428502.05,kWh,xm:servapibi,2026-09-22T19:12:37Z,xm/2020/08/DemaSIN_Sistema.ndjson.gz#DemaSIN:Sistema:2020-08-01:2020-08-31
2020-08-18,PorcApor,0.66441,fraction,xm:servapibi,2026-09-22T19:12:35Z,xm/2020/08/PorcApor_Sistema.ndjson.gz#PorcApor:Sistema:2020-08-01:2020-08-31
2020-08-18,PorcVoluUtilDiar,0.62817,fraction,xm:servapibi,2026-09-22T19:12:29Z,xm/2020/08/PorcVoluUtilDiar_Sistema.ndjson.gz#PorcVoluUtilDiar:Sistema:2020-08-01:2020-08-31
2020-08-18,PrecBolsNaci,166.0993799999999,COP/kWh,xm:servapibi,2026-09-22T19:12:39Z,xm/2020/08/PrecBolsNaci_Sistema.ndjson.gz#PrecBolsNaci:Sistema:2020-08-01:2020-08-31
2020-08-18,PrecEscaAct,562.99838,COP/kWh,xm:servapibi,2026-09-22T19:12:38Z,xm/2020/08/PrecEscaAct_Sistema.ndjson.gz#PrecEscaAct:Sistema:2020-08-01:2020-08-31
2020-08-18,VoluUtilDiarEner,10659681700,kWh,xm:servapibi,2026-09-22T19:12:30Z,xm/2020/08/VoluUtilDiarEner_Sistema.ndjson.gz#VoluUtilDiarEner:Sistema:2020-08-01:2020-08-31
2020-08-19,AporEner,137564800,kWh,xm:servapibi,2026-09-22T19:12:33Z,xm/2020/08/AporEner_Sistema.ndjson.gz#AporEner:Sistema:2020-08-01:2020-08-31
2020-08-19,AporEnerMediHist,190670000,kWh,xm:servapibi,2026-09-22T19:12:34Z,xm/2020/08/AporEnerMediHist_Sistema.ndjson.gz#AporEnerMediHist:Sistema:2020-08-01:2020-08-31
2020-08-19,CapaUtilDiarEner,16969329909,kWh,xm:servapibi,2026-09-22T19:12:31Z,xm/2020/08/CapaUtilDiarEner_Sistema.ndjson.gz#CapaUtilDiarEner:Sistema:2020-08-01:2020-08-31
2020-08-19,DemaSIN,198359000.39,kWh,xm:servapibi,2026-09-22T19:12:37Z,xm/2020/08/DemaSIN_Sistema.ndjson.gz#DemaSIN:Sistema:2020-08-01:2020-08-31
2020-08-19,PorcApor,0.72148,fraction,xm:servapibi,2026-09-22T19:12:35Z,xm/2020/08/PorcApor_Sistema.ndjson.gz#PorcApor:Sistema:2020-08-01:2020-08-31
2020-08-19,PorcVoluUtilDiar,0.62782,fraction,xm:servapibi,2026-09-22T19:12:29Z,xm/2020/08/PorcVoluUtilDiar_Sistema.ndjson.gz#PorcVoluUtilDiar:Sistema:2020-08-01:2020-08-31
2020-08-19,PrecBolsNaci,150.76917333333336,COP/kWh,xm:servapibi,2026-09-22T19:12:39Z,xm/2020/08/PrecBolsNaci_Sistema.ndjson.gz#PrecBolsNaci:Sistema:2020-08-01:2020-08-31
2020-08-19,PrecEscaAct,562.99838,COP/kWh,xm:servapibi,2026-09-22T19:12:38Z,xm/2020/08/PrecEscaAct_Sistema.ndjson.gz#PrecEscaAct:Sistema:2020-08-01:2020-08-31
2020-08-19,VoluUtilDiarEner,10653620500,kWh,xm:servapibi,2026-09-22T19:12:30Z,xm/2020/08/VoluUtilDiarEner_Sistema.ndjson.gz#VoluUtilDiarEner:Sistema:2020-08-01:2020-08-31
2020-08-20,AporEner,223341200,kWh,xm:servapibi,2026-09-22T19:12:33Z,xm/2020/08/AporEner_Sistema.ndjson.gz#AporEner:Sistema:2020-08-01:2020-08-31
2020-08-20,AporEnerMediHist,190670000,kWh,xm:servapibi,2026-09-22T19:12:34Z,xm/2020/08/AporEnerMediHist_Sistema.ndjson.gz#AporEnerMediHist:Sistema:2020-08-01:2020-08-31
2020-08-20,CapaUtilDiarEner,16969329909,kWh,xm:servapibi,2026-09-22T19:12:31Z,xm/2020/08/CapaUtilDiarEner_Sistema.ndjson.gz#CapaUtilDiarEner:Sistema:2020-08-01:2020-08-31
2020-08-20,DemaSIN,198609320.83,kWh,xm:servapibi,2026-09-22T19:12:37Z,xm/2020/08/DemaSIN_Sistema.ndjson.gz#DemaSIN:Sistema:2020-08-01:2020-08-31
2020-08-20,PorcApor,1.17135,fraction,xm:servapibi,2026-09-22T19:12:35Z,xm/2020/08/PorcApor_Sistema.ndjson.gz#PorcApor:Sistema:2020-08-01:2020-08-31
2020-08-20,PorcVoluUtilDiar,0.6324,fraction,xm:servapibi,2026-09-22T19:12:29Z,xm/2020/08/PorcVoluUtilDiar_Sistema.ndjson.gz#PorcVoluUtilDiar:Sistema:2020-08-01:2020-08-31
2020-08-20,PrecBolsNaci,151.21671666666666,COP/kWh,xm:servapibi,2026-09-22T19:12:39Z,xm/2020/08/PrecBolsNaci_Sistema.ndjson.gz#PrecBolsNaci:Sistema:2020-08-01:2020-08-31
2020-08-20,PrecEscaAct,562.99838,COP/kWh,xm:servapibi,2026-09-22T19:12:38Z,xm/2020/08/PrecEscaAct_Sistema.ndjson.gz#PrecEscaAct:Sistema:2020-08-01:2020-08-31
2020-08-20,VoluUtilDiarEner,10731452000,kWh,xm:servapibi,2026-09-22T19:12:30Z,xm/2020/08/VoluUtilDiarEner_Sistema.ndjson.gz#VoluUtilDiarEner:Sistema:2020-08-01:2020-08-31
2020-08-21,AporEner,197603200,kWh,xm:servapibi,2026-09-22T19:12:33Z,xm/2020/08/AporEner_Sistema.ndjson.gz#AporEner:Sistema:2020-08-01:2020-08-31
2020-08-21,AporEnerMediHist,190670000,kWh,xm:servapibi,2026-09-22T19:12:34Z,xm/2020/08/AporEnerMediHist_Sistema.ndjson.gz#AporEnerMediHist:Sistema:2020-08-01:2020-08-31
2020-08-21,CapaUtilDiarEner,16969329909,kWh,xm:servapibi,2026-09-22T19:12:31Z,xm/2020/08/CapaUtilDiarEner_Sistema.ndjson.gz#CapaUtilDiarEner:Sistema:2020-08-01:2020-08-31
2020-08-21,DemaSIN,198860956.9,kWh,xm:servapibi,2026-09-22T19:12:37Z,xm/2020/08/DemaSIN_Sistema.ndjson.gz#DemaSIN:Sistema:2020-08-01:2020-08-31
2020-08-21,PorcApor,1.03636,fraction,xm:servapibi,2026-09-22T19:12:35Z,xm/2020/08/PorcApor_Sistema.ndjson.gz#PorcApor:Sistema:2020-08-01:2020-08-31
2020-08-21,PorcVoluUtilDiar,0.63529,fraction,xm:servapibi,2026-09-22T19:12:29Z,xm/2020/08/PorcVoluUtilDiar_Sistema.ndjson.gz#PorcVoluUtilDiar:Sistema:2020-08-01:2020-08-31
2020-08-21,PrecBolsNaci,145.72965666666664,COP/kWh,xm:servapibi,2026-09-22T19:12:39Z,xm/2020/08/PrecBolsNaci_Sistema.ndjson.gz#PrecBolsNaci:Sistema:2020-08-01:2020-08-31
2020-08-21,PrecEscaAct,562.99838,COP/kWh,xm:servapibi,2026-09-22T19:12:38Z,xm/2020/08/PrecEscaAct_Sistema.ndjson.gz#PrecEscaAct:Sistema:2020-08-01:2020-08-31
2020-08-21,VoluUtilDiarEner,10780382300,kWh,xm:servapibi,2026-09-22T19:12:30Z,xm/2020/08/VoluUtilDiarEner_Sistema.ndjson.gz#VoluUtilDiarEner:Sistema:2020-08-01:2020-08-31
2020-08-22,AporEner,249882900,kWh,xm:servapibi,2026-09-22T19:12:33Z,xm/2020/08/AporEner_Sistema.ndjson.gz#AporEner:Sistema:2020-08-01:2020-08-31
2020-08-22,AporEnerMediHist,190670000,kWh,xm:servapibi,2026-09-22T19:12:34Z,xm/2020/08/AporEnerMediHist_Sistema.ndjson.gz#AporEnerMediHist:Sistema:2020-08-01:2020-08-31
2020-08-22,CapaUtilDiarEner,16969329909,kWh,xm:servapibi,2026-09-22T19:12:31Z,xm/2020/08/CapaUtilDiarEner_Sistema.ndjson.gz#CapaUtilDiarEner:Sistema:2020-08-01:2020-08-31
2020-08-22,DemaSIN,188714602.18,kWh,xm:servapibi,2026-09-22T19:12:37Z,xm/2020/08/DemaSIN_Sistema.ndjson.gz#DemaSIN:Sistema:2020-08-01:2020-08-31
2020-08-22,PorcApor,1.31055,fraction,xm:servapibi,2026-09-22T19:12:35Z,xm/2020/08/PorcApor_Sistema.ndjson.gz#PorcApor:Sistema:2020-08-01:2020-08-31
2020-08-22,PorcVoluUtilDiar,0.64193,fraction,xm:servapibi,2026-09-22T19:12:29Z,xm/2020/08/PorcVoluUtilDiar_Sistema.ndjson.gz#PorcVoluUtilDiar:Sistema:2020-08-01:2020-08-31
2020-08-22,PrecBolsNaci,149.35087333333334,COP/kWh,xm:servapibi,2026-09-22T19:12:39Z,xm/2020/08/PrecBolsNaci_Sistema.ndjson.gz#PrecBolsNaci:Sistema:2020-08-01:2020-08-31
2020-08-22,PrecEscaAct,562.99838,COP/kWh,xm:servapibi,2026-09-22T19:12:38Z,xm/2020/08/PrecEscaAct_Sistema.ndjson.gz#PrecEscaAct:Sistema:2020-08-01:2020-08-31
2020-08-22,VoluUtilDiarEner,10893042100,kWh,xm:servapibi,2026-09-22T19:12:30Z,xm/2020/08/VoluUtilDiarEner_Sistema.ndjson.gz#VoluUtilDiarEner:Sistema:2020-08-01:2020-08-31
2020-08-23,AporEner,194179800,kWh,xm:servapibi,2026-09-22T19:12:33Z,xm/2020/08/AporEner_Sistema.ndjson.gz#AporEner:Sistema:2020-08-01:2020-08-31
2020-08-23,AporEnerMediHist,190670000,kWh,xm:servapibi,2026-09-22T19:12:34Z,xm/2020/08/AporEnerMediHist_Sistema.ndjson.gz#AporEnerMediHist:Sistema:2020-08-01:2020-08-31
2020-08-23,CapaUtilDiarEner,16969329909,kWh,xm:servapibi,2026-09-22T19:12:31Z,xm/2020/08/CapaUtilDiarEner_Sistema.ndjson.gz#CapaUtilDiarEner:Sistema:2020-08-01:2020-08-31
2020-08-23,DemaSIN,170432421.67,kWh,xm:servapibi,2026-09-22T19:12:37Z,xm/2020/08/DemaSIN_Sistema.ndjson.gz#DemaSIN:Sistema:2020-08-01:2020-08-31
2020-08-23,PorcApor,1.01841,fraction,xm:servapibi,2026-09-22T19:12:35Z,xm/2020/08/PorcApor_Sistema.ndjson.gz#PorcApor:Sistema:2020-08-01:2020-08-31
2020-08-23,PorcVoluUtilDiar,0.6464,fraction,xm:servapibi,2026-09-22T19:12:29Z,xm/2020/08/PorcVoluUtilDiar_Sistema.ndjson.gz#PorcVoluUtilDiar:Sistema:2020-08-01:2020-08-31
2020-08-23,PrecBolsNaci,149.1426866666666,COP/kWh,xm:servapibi,2026-09-22T19:12:39Z,xm/2020/08/PrecBolsNaci_Sistema.ndjson.gz#PrecBolsNaci:Sistema:2020-08-01:2020-08-31
2020-08-23,PrecEscaAct,562.99838,COP/kWh,xm:servapibi,2026-09-22T19:12:38Z,xm/2020/08/PrecEscaAct_Sistema.ndjson.gz#PrecEscaAct:Sistema:2020-08-01:2020-08-31
2020-08-23,VoluUtilDiarEner,10968993600,kWh,xm:servapibi,2026-09-22T19:12:30Z,xm/2020/08/VoluUtilDiarEner_Sistema.ndjson.gz#VoluUtilDiarEner:Sistema:2020-08-01:2020-08-31
2020-08-24,AporEner,156193300,kWh,xm:servapibi,2026-09-22T19:12:33Z,xm/2020/08/AporEner_Sistema.ndjson.gz#AporEner:Sistema:2020-08-01:2020-08-31
2020-08-24,AporEnerMediHist,190670000,kWh,xm:servapibi,2026-09-22T19:12:34Z,xm/2020/08/AporEnerMediHist_Sistema.ndjson.gz#AporEnerMediHist:Sistema:2020-08-01:2020-08-31
2020-08-24,CapaUtilDiarEner,16969329909,kWh,xm:servapibi,2026-09-22T19:12:31Z,xm/2020/08/CapaUtilDiarEner_Sistema.ndjson.gz#CapaUtilDiarEner:Sistema:2020-08-01:2020-08-31
2020-08-24,DemaSIN,193923526.52,kWh,xm:servapibi,2026-09-22T19:12:37Z,xm/2020/08/DemaSIN_Sistema.ndjson.gz#DemaSIN:Sistema:2020-08-01:2020-08-31
2020-08-24,PorcApor,0.81918,fraction,xm:servapibi,2026-09-22T19:12:35Z,xm/2020/08/PorcApor_Sistema.ndjson.gz#PorcApor:Sistema:2020-08-01:2020-08-31
2020-08-24,PorcVoluUtilDiar,0.64818,fraction,xm:servapibi,2026-09-22T19:12:29Z,xm/2020/08/PorcVoluUtilDiar_Sistema.ndjson.gz#PorcVoluUtilDiar:Sistema:2020-08-01:2020-08-31
2020-08-24,PrecBolsNaci,146.20894333333334,COP/kWh,xm:servapibi,2026-09-22T19:12:39Z,xm/2020/08/PrecBolsNaci_Sistema.ndjson.gz#PrecBolsNaci:Sistema:2020-08-01:2020-08-31
2020-08-24,PrecEscaAct,562.99838,COP/kWh,xm:servapibi,2026-09-22T19:12:38Z,xm/2020/08/PrecEscaAct_Sistema.ndjson.gz#PrecEscaAct:Sistema:2020-08-01:2020-08-31
2020-08-24,VoluUtilDiarEner,10999148400,kWh,xm:servapibi,2026-09-22T19:12:30Z,xm/2020/08/VoluUtilDiarEner_Sistema.ndjson.gz#VoluUtilDiarEner:Sistema:2020-08-01:2020-08-31
2020-08-25,AporEner,201203600,kWh,xm:servapibi,2026-09-22T19:12:33Z,xm/2020/08/AporEner_Sistema.ndjson.gz#AporEner:Sistema:2020-08-01:2020-08-31
2020-08-25,AporEnerMediHist,190670000,kWh,xm:servapibi,2026-09-22T19:12:34Z,xm/2020/08/AporEnerMediHist_Sistema.ndjson.gz#AporEnerMediHist:Sistema:2020-08-01:2020-08-31
2020-08-25,CapaUtilDiarEner,16969329909,kWh,xm:servapibi,2026-09-22T19:12:31Z,xm/2020/08/CapaUtilDiarEner_Sistema.ndjson.gz#CapaUtilDiarEner:Sistema:2020-08-01:2020-08-31
2020-08-25,DemaSIN,195746300.37,kWh,xm:servapibi,2026-09-22T19:12:37Z,xm/2020/08/DemaSIN_Sistema.ndjson.gz#DemaSIN:Sistema:2020-08-01:2020-08-31
2020-08-25,PorcApor,1.05525,fraction,xm:servapibi,2026-09-22T19:12:35Z,xm/2020/08/PorcApor_Sistema.ndjson.gz#PorcApor:Sistema:2020-08-01:2020-08-31
2020-08-25,PorcVoluUtilDiar,0.65115,fraction,xm:servapibi,2026-09-22T19:12:29Z,xm/2020/08/PorcVoluUtilDiar_Sistema.ndjson.gz#PorcVoluUtilDiar:Sistema:2020-08-01:2020-08-31
2020-08-25,PrecBolsNaci,146.23040000000006,COP/kWh,xm:servapibi,2026-09-22T19:12:39Z,xm/2020/08/PrecBolsNaci_Sistema.ndjson.gz#PrecBolsNaci:Sistema:2020-08-01:2020-08-31
2020-08-25,PrecEscaAct,562.99838,COP/kWh,xm:servapibi,2026-09-22T19:12:38Z,xm/2020/08/PrecEscaAct_Sistema.ndjson.gz#PrecEscaAct:Sistema:2020-08-01:2020-08-31
2020-08-25,VoluUtilDiarEner,11049504800,kWh,xm:servapibi,2026-09-22T19:12:30Z,xm/2020/08/VoluUtilDiarEner_Sistema.ndjson.gz#VoluUtilDiarEner:Sistema:2020-08-01:2020-08-31
2020-08-26,AporEner,170122600,kWh,xm:servapibi,2026-09-22T19:12:33Z,xm/2020/08/AporEner_Sistema.ndjson.gz#AporEner:Sistema:2020-08-01:2020-08-31
2020-08-26,AporEnerMediHist,190670000,kWh,xm:servapibi,2026-09-22T19:12:34Z,xm/2020/08/AporEnerMediHist_Sistema.ndjson.gz#AporEnerMediHist:Sistema:2020-08-01:2020-08-31
2020-08-26,CapaUtilDiarEner,16969329909,kWh,xm:servapibi,2026-09-22T19:12:31Z,xm/2020/08/CapaUtilDiarEner_Sistema.ndjson.gz#CapaUtilDiarEner:Sistema:2020-08-01:2020-08-31
2020-08-26,DemaSIN,197118788.13,kWh,xm:servapibi,2026-09-22T19:12:37Z,xm/2020/08/DemaSIN_Sistema.ndjson.gz#DemaSIN:Sistema:2020-08-01:2020-08-31
2020-08-26,PorcApor,0.89224,fraction,xm:servapibi,2026-09-22T19:12:35Z,xm/2020/08/PorcApor_Sistema.ndjson.gz#PorcApor:Sistema:2020-08-01:2020-08-31
2020-08-26,PorcVoluUtilDiar,0.65238,fraction,xm:servapibi,2026-09-22T19:12:29Z,xm/2020/08/PorcVoluUtilDiar_Sistema.ndjson.gz#PorcVoluUtilDiar:Sistema:2020-08-01:2020-08-31
2020-08-26,PrecBolsNaci,136.99727166666665,COP/kWh,xm:servapibi,2026-09-22T19:12:39Z,xm/2020/08/PrecBolsNaci_Sistema.ndjson.gz#PrecBolsNaci:Sistema:2020-08-01:2020-08-31
2020-08-26,PrecEscaAct,562.99838,COP/kWh,xm:servapibi,2026-09-22T19:12:38Z,xm/2020/08/PrecEscaAct_Sistema.ndjson.gz#PrecEscaAct:Sistema:2020-08-01:2020-08-31
2020-08-26,VoluUtilDiarEner,11070392300,kWh,xm:servapibi,2026-09-22T19:12:30Z,xm/2020/08/VoluUtilDiarEner_Sistema.ndjson.gz#VoluUtilDiarEner:Sistema:2020-08-01:2020-08-31
2020-08-27,AporEner,136580800,kWh,xm:servapibi,2026-09-22T19:12:33Z,xm/2020/08/AporEner_Sistema.ndjson.gz#AporEner:Sistema:2020-08-01:2020-08-31
2020-08-27,AporEnerMediHist,190670000,kWh,xm:servapibi,2026-09-22T19:12:34Z,xm/2020/08/AporEnerMediHist_Sistema.ndjson.gz#AporEnerMediHist:Sistema:2020-08-01:2020-08-31
2020-08-27,CapaUtilDiarEner,16969329909,kWh,xm:servapibi,2026-09-22T19:12:31Z,xm/2020/08/CapaUtilDiarEner_Sistema.ndjson.gz#CapaUtilDiarEner:Sistema:2020-08-01:2020-08-31
2020-08-27,DemaSIN,199722152.9,kWh,xm:servapibi,2026-09-22T19:12:37Z,xm/2020/08/DemaSIN_Sistema.ndjson.gz#DemaSIN:Sistema:2020-08-01:2020-08-31
2020-08-27,PorcApor,0.71632,fraction,xm:servapibi,2026-09-22T19:12:35Z,xm/2020/08/PorcApor_Sistema.ndjson.gz#PorcApor:Sistema:2020-08-01:2020-08-31
2020-08-27,PorcVoluUtilDiar,0.65124,fraction,xm:servapibi,2026-09-22T19:12:29Z,xm/2020/08/PorcVoluUtilDiar_Sistema.ndjson.gz#PorcVoluUtilDiar:Sistema:2020-08-01:2020-08-31
2020-08-27,PrecBolsNaci,147.97919666666658,COP/kWh,xm:servapibi,2026-09-22T19:12:39Z,xm/2020/08/PrecBolsNaci_Sistema.ndjson.gz#PrecBolsNaci:Sistema:2020-08-01:2020-08-31
2020-08-27,PrecEscaAct,562.99838,COP/kWh,xm:servapibi,2026-09-22T19:12:38Z,xm/2020/08/PrecEscaAct_Sistema.ndjson.gz#PrecEscaAct:Sistema:2020-08-01:2020-08-31
2020-08-27,VoluUtilDiarEner,11051095600,kWh,xm:servapibi,2026-09-22T19:12:30Z,xm/2020/08/VoluUtilDiarEner_Sistema.ndjson.gz#VoluUtilDiarEner:Sistema:2020-08-01:2020-08-31
2020-08-28,AporEner,158004900,kWh,xm:servapibi,2026-09-22T19:12:33Z,xm/2020/08/AporEner_Sistema.ndjson.gz#AporEner:Sistema:2020-08-01:2020-08-31
2020-08-28,AporEnerMediHist,190670000,kWh,xm:servapibi,2026-09-22T19:12:34Z,xm/2020/08/AporEnerMediHist_Sistema.ndjson.gz#AporEnerMediHist:Sistema:2020-08-01:2020-08-31
2020-08-28,CapaUtilDiarEner,16969329909,kWh,xm:servapibi,2026-09-22T19:12:31Z,xm/2020/08/CapaUtilDiarEner_Sistema.ndjson.gz#CapaUtilDiarEner:Sistema:2020-08-01:2020-08-31
2020-08-28,DemaSIN,202195431.89,kWh,xm:servapibi,2026-09-22T19:12:37Z,xm/2020/08/DemaSIN_Sistema.ndjson.gz#DemaSIN:Sistema:2020-08-01:2020-08-31
2020-08-28,PorcApor,0.82868,fraction,xm:servapibi,2026-09-22T19:12:35Z,xm/2020/08/PorcApor_Sistema.ndjson.gz#PorcApor:Sistema:2020-08-01:2020-08-31
2020-08-28,PorcVoluUtilDiar,0.65195,fraction,xm:servapibi,2026-09-22T19:12:29Z,xm/2020/08/PorcVoluUtilDiar_Sistema.ndjson.gz#PorcVoluUtilDiar:Sistema:2020-08-01:2020-08-31
2020-08-28,PrecBolsNaci,153.9852,COP/kWh,xm:servapibi,2026-09-22T19:12:39Z,xm/2020/08/PrecBolsNaci_Sistema.ndjson.gz#PrecBolsNaci:Sistema:2020-08-01:2020-08-31
2020-08-28,PrecEscaAct,562.99838,COP/kWh,xm:servapibi,2026-09-22T19:12:38Z,xm/2020/08/PrecEscaAct_Sistema.ndjson.gz#PrecEscaAct:Sistema:2020-08-01:2020-08-31
2020-08-28,VoluUtilDiarEner,11063099700,kWh,xm:servapibi,2026-09-22T19:12:30Z,xm/2020/08/VoluUtilDiarEner_Sistema.ndjson.gz#VoluUtilDiarEner:Sistema:2020-08-01:2020-08-31
2020-08-29,AporEner,118282300,kWh,xm:servapibi,2026-09-22T19:12:33Z,xm/2020/08/AporEner_Sistema.ndjson.gz#AporEner:Sistema:2020-08-01:2020-08-31
2020-08-29,AporEnerMediHist,190670000,kWh,xm:servapibi,2026-09-22T19:12:34Z,xm/2020/08/AporEnerMediHist_Sistema.ndjson.gz#AporEnerMediHist:Sistema:2020-08-01:2020-08-31
2020-08-29,CapaUtilDiarEner,16969329909,kWh,xm:servapibi,2026-09-22T19:12:31Z,xm/2020/08/CapaUtilDiarEner_Sistema.ndjson.gz#CapaUtilDiarEner:Sistema:2020-08-01:2020-08-31
2020-08-29,DemaSIN,193660876.84,kWh,xm:servapibi,2026-09-22T19:12:37Z,xm/2020/08/DemaSIN_Sistema.ndjson.gz#DemaSIN:Sistema:2020-08-01:2020-08-31
2020-08-29,PorcApor,0.62035,fraction,xm:servapibi,2026-09-22T19:12:35Z,xm/2020/08/PorcApor_Sistema.ndjson.gz#PorcApor:Sistema:2020-08-01:2020-08-31
2020-08-29,PorcVoluUtilDiar,0.65013,fraction,xm:servapibi,2026-09-22T19:12:29Z,xm/2020/08/PorcVoluUtilDiar_Sistema.ndjson.gz#PorcVoluUtilDiar:Sistema:2020-08-01:2020-08-31
2020-08-29,PrecBolsNaci,156.63228666666663,COP/kWh,xm:servapibi,2026-09-22T19:12:39Z,xm/2020/08/PrecBolsNaci_Sistema.ndjson.gz#PrecBolsNaci:Sistema:2020-08-01:2020-08-31
2020-08-29,PrecEscaAct,562.99838,COP/kWh,xm:servapibi,2026-09-22T19:12:38Z,xm/2020/08/PrecEscaAct_Sistema.ndjson.gz#PrecEscaAct:Sistema:2020-08-01:2020-08-31
2020-08-29,VoluUtilDiarEner,11032324200,kWh,xm:servapibi,2026-09-22T19:12:30Z,xm/2020/08/VoluUtilDiarEner_Sistema.ndjson.gz#VoluUtilDiarEner:Sistema:2020-08-01:2020-08-31
2020-08-30,AporEner,122199300,kWh,xm:servapibi,2026-09-22T19:12:33Z,xm/2020/08/AporEner_Sistema.ndjson.gz#AporEner:Sistema:2020-08-01:2020-08-31
2020-08-30,AporEnerMediHist,190670000,kWh,xm:servapibi,2026-09-22T19:12:34Z,xm/2020/08/AporEnerMediHist_Sistema.ndjson.gz#AporEnerMediHist:Sistema:2020-08-01:2020-08-31
2020-08-30,CapaUtilDiarEner,16969329909,kWh,xm:servapibi,2026-09-22T19:12:31Z,xm/2020/08/CapaUtilDiarEner_Sistema.ndjson.gz#CapaUtilDiarEner:Sistema:2020-08-01:2020-08-31
2020-08-30,DemaSIN,171856293.77,kWh,xm:servapibi,2026-09-22T19:12:37Z,xm/2020/08/DemaSIN_Sistema.ndjson.gz#DemaSIN:Sistema:2020-08-01:2020-08-31
2020-08-30,PorcApor,0.64089,fraction,xm:servapibi,2026-09-22T19:12:35Z,xm/2020/08/PorcApor_Sistema.ndjson.gz#PorcApor:Sistema:2020-08-01:2020-08-31
2020-08-30,PorcVoluUtilDiar,0.65041,fraction,xm:servapibi,2026-09-22T19:12:29Z,xm/2020/08/PorcVoluUtilDiar_Sistema.ndjson.gz#PorcVoluUtilDiar:Sistema:2020-08-01:2020-08-31
2020-08-30,PrecBolsNaci,151.10362333333327,COP/kWh,xm:servapibi,2026-09-22T19:12:39Z,xm/2020/08/PrecBolsNaci_Sistema.ndjson.gz#PrecBolsNaci:Sistema:2020-08-01:2020-08-31
2020-08-30,PrecEscaAct,562.99838,COP/kWh,xm:servapibi,2026-09-22T19:12:38Z,xm/2020/08/PrecEscaAct_Sistema.ndjson.gz#PrecEscaAct:Sistema:2020-08-01:2020-08-31
2020-08-30,VoluUtilDiarEner,11036957600,kWh,xm:servapibi,2026-09-22T19:12:30Z,xm/2020/08/VoluUtilDiarEner_Sistema.ndjson.gz#VoluUtilDiarEner:Sistema:2020-08-01:2020-08-31
2020-08-31,AporEner,103637700,kWh,xm:servapibi,2026-09-22T19:12:33Z,xm/2020/08/AporEner_Sistema.ndjson.gz#AporEner:Sistema:2020-08-01:2020-08-31
2020-08-31,AporEnerMediHist,190670000,kWh,xm:servapibi,2026-09-22T19:12:34Z,xm/2020/08/AporEnerMediHist_Sistema.ndjson.gz#AporEnerMediHist:Sistema:2020-08-01:2020-08-31
2020-08-31,CapaUtilDiarEner,16969329909,kWh,xm:servapibi,2026-09-22T19:12:31Z,xm/2020/08/CapaUtilDiarEner_Sistema.ndjson.gz#CapaUtilDiarEner:Sistema:2020-08-01:2020-08-31
2020-08-31,DemaSIN,196220265.36,kWh,xm:servapibi,2026-09-22T19:12:37Z,xm/2020/08/DemaSIN_Sistema.ndjson.gz#DemaSIN:Sistema:2020-08-01:2020-08-31
2020-08-31,PorcApor,0.54354,fraction,xm:servapibi,2026-09-22T19:12:35Z,xm/2020/08/PorcApor_Sistema.ndjson.gz#PorcApor:Sistema:2020-08-01:2020-08-31
2020-08-31,PorcVoluUtilDiar,0.64782,fraction,xm:servapibi,2026-09-22T19:12:29Z,xm/2020/08/PorcVoluUtilDiar_Sistema.ndjson.gz#PorcVoluUtilDiar:Sistema:2020-08-01:2020-08-31
2020-08-31,PrecBolsNaci,135.4895566666667,COP/kWh,xm:servapibi,2026-09-22T19:12:39Z,xm/2020/08/PrecBolsNaci_Sistema.ndjson.gz#PrecBolsNaci:Sistema:2020-08-01:2020-08-31
2020-08-31,PrecEscaAct,562.99838,COP/kWh,xm:servapibi,2026-09-22T19:12:38Z,xm/2020/08/PrecEscaAct_Sistema.ndjson.gz#PrecEscaAct:Sistema:2020-08-01:2020-08-31
2020-08-31,VoluUtilDiarEner,10993123700,kWh,xm:servapibi,2026-09-22T19:12:30Z,xm/2020/08/VoluUtilDiarEner_Sistema.ndjson.gz#VoluUtilDiarEner:Sistema:2020-08-01:2020-08-31
2020-09-01,AporEner,130795000,kWh,xm:servapibi,2026-09-22T19:12:48Z,xm/2020/09/AporEner_Sistema.ndjson.gz#AporEner:Sistema:2020-09-01:2020-09-30
2020-09-01,AporEnerMediHist,178840000,kWh,xm:servapibi,2026-09-22T19:12:49Z,xm/2020/09/AporEnerMediHist_Sistema.ndjson.gz#AporEnerMediHist:Sistema:2020-09-01:2020-09-30
2020-09-01,CapaUtilDiarEner,16969329909,kWh,xm:servapibi,2026-09-22T19:12:46Z,xm/2020/09/CapaUtilDiarEner_Sistema.ndjson.gz#CapaUtilDiarEner:Sistema:2020-09-01:2020-09-30
2020-09-01,DemaSIN,199585913.56,kWh,xm:servapibi,2026-09-22T19:12:52Z,xm/2020/09/DemaSIN_Sistema.ndjson.gz#DemaSIN:Sistema:2020-09-01:2020-09-30
2020-09-01,PorcApor,0.73135,fraction,xm:servapibi,2026-09-22T19:12:50Z,xm/2020/09/PorcApor_Sistema.ndjson.gz#PorcApor:Sistema:2020-09-01:2020-09-30
2020-09-01,PorcVoluUtilDiar,0.64752,fraction,xm:servapibi,2026-09-22T19:12:44Z,xm/2020/09/PorcVoluUtilDiar_Sistema.ndjson.gz#PorcVoluUtilDiar:Sistema:2020-09-01:2020-09-30
2020-09-01,PrecBolsNaci,163.68132999999992,COP/kWh,xm:servapibi,2026-09-22T19:12:54Z,xm/2020/09/PrecBolsNaci_Sistema.ndjson.gz#PrecBolsNaci:Sistema:2020-09-01:2020-09-30
2020-09-01,PrecEscaAct,592.15835,COP/kWh,xm:servapibi,2026-09-22T19:12:53Z,xm/2020/09/PrecEscaAct_Sistema.ndjson.gz#PrecEscaAct:Sistema:2020-09-01:2020-09-30
2020-09-01,VoluUtilDiarEner,10988001600,kWh,xm:servapibi,2026-09-22T19:12:45Z,xm/2020/09/VoluUtilDiarEner_Sistema.ndjson.gz#VoluUtilDiarEner:Sistema:2020-09-01:2020-09-30
2020-09-02,AporEner,164581800,kWh,xm:servapibi,2026-09-22T19:12:48Z,xm/2020/09/AporEner_Sistema.ndjson.gz#AporEner:Sistema:2020-09-01:2020-09-30
2020-09-02,AporEnerMediHist,178840000,kWh,xm:servapibi,2026-09-22T19:12:49Z,xm/2020/09/AporEnerMediHist_Sistema.ndjson.gz#AporEnerMediHist:Sistema:2020-09-01:2020-09-30
2020-09-02,CapaUtilDiarEner,16969329909,kWh,xm:servapibi,2026-09-22T19:12:46Z,xm/2020/09/CapaUtilDiarEner_Sistema.ndjson.gz#CapaUtilDiarEner:Sistema:2020-09-01:2020-09-30
2020-09-02,DemaSIN,196362645.1,kWh,xm:servapibi,2026-09-22T19:12:52Z,xm/2020/09/DemaSIN_Sistema.ndjson.gz#DemaSIN:Sistema:2020-09-01:2020-09-30
2020-09-02,PorcApor,0.92027,fraction,xm:servapibi,2026-09-22T19:12:50Z,xm/2020/09/PorcApor_Sistema.ndjson.gz#PorcApor:Sistema:2020-09-01:2020-09-30
2020-09-02,PorcVoluUtilDiar,0.64779,fraction,xm:servapibi,2026-09-22T19:12:44Z,xm/2020/09/PorcVoluUtilDiar_Sistema.ndjson.gz#PorcVoluUtilDiar:Sistema:2020-09-01:2020-09-30
2020-09-02,PrecBolsNaci,171.7937333333334,COP/kWh,xm:servapibi,2026-09-22T19:12:54Z,xm/2020/09/PrecBolsNaci_Sistema.ndjson.gz#PrecBolsNaci:Sistema:2020-09-01:2020-09-30
2020-09-02,PrecEscaAct,592.15835,COP/kWh,xm:servapibi,2026-09-22T19:12:53Z,xm/2020/09/PrecEscaAct_Sistema.ndjson.gz#PrecEscaAct:Sistema:2020-09-01:2020-09-30
2020-09-02,VoluUtilDiarEner,10992596600,kWh,xm:servapibi,2026-09-22T19:12:45Z,xm/2020/09/VoluUtilDiarEner_Sistema.ndjson.gz#VoluUtilDiarEner:Sistema:2020-09-01:2020-09-30
2020-09-03,AporEner,152479400,kWh,xm:servapibi,2026-09-22T19:12:48Z,xm/2020/09/AporEner_Sistema.ndjson.gz#AporEner:Sistema:2020-09-01:2020-09-30
2020-09-03,AporEnerMediHist,178840000,kWh,xm:servapibi,2026-09-22T19:12:49Z,xm/2020/09/AporEnerMediHist_Sistema.ndjson.gz#AporEnerMediHist:Sistema:2020-09-01:2020-09-30
2020-09-03,CapaUtilDiarEner,16969329909,kWh,xm:servapibi,2026-09-22T19:12:46Z,xm/2020/09/CapaUtilDiarEner_Sistema.ndjson.gz#CapaUtilDiarEner:Sistema:2020-09-01:2020-09-30
2020-09-03,DemaSIN,199896657.09,kWh,xm:servapibi,2026-09-22T19:12:52Z,xm/2020/09/DemaSIN_Sistema.ndjson.gz#DemaSIN:Sistema:2020-09-01:2020-09-30
2020-09-03,PorcApor,0.8526,fraction,xm:servapibi,2026-09-22T19:12:50Z,xm/2020/09/PorcApor_Sistema.ndjson.gz#PorcApor:Sistema:2020-09-01:2020-09-30
2020-09-03,PorcVoluUtilDiar,0.64746,fraction,xm:servapibi,2026-09-22T19:12:44Z,xm/2020/09/PorcVoluUtilDiar_Sistema.ndjson.gz#PorcVoluUtilDiar:Sistema:2020-09-01:2020-09-30
2020-09-03,PrecBolsNaci,171.30831,COP/kWh,xm:servapibi,2026-09-22T19:12:54Z,xm/2020/09/PrecBolsNaci_Sistema.ndjson.gz#PrecBolsNaci:Sistema:2020-09-01:2020-09-30
2020-09-03,PrecEscaAct,592.15835,COP/kWh,xm:servapibi,2026-09-22T19:12:53Z,xm/2020/09/PrecEscaAct_Sistema.ndjson.gz#PrecEscaAct:Sistema:2020-09-01:2020-09-30
2020-09-03,VoluUtilDiarEner,10986997200,kWh,xm:servapibi,2026-09-22T19:12:45Z,xm/2020/09/VoluUtilDiarEner_Sistema.ndjson.gz#VoluUtilDiarEner:Sistema:2020-09-01:2020-09-30
2020-09-04,AporEner,201821500,kWh,xm:servapibi,2026-09-22T19:12:48Z,xm/2020/09/AporEner_Sistema.ndjson.gz#AporEner:Sistema:2020-09-01:2020-09-30
2020-09-04,AporEnerMediHist,178840000,kWh,xm:servapibi,2026-09-22T19:12:49Z,xm/2020/09/AporEnerMediHist_Sistema.ndjson.gz#AporEnerMediHist:Sistema:2020-09-01:2020-09-30
2020-09-04,CapaUtilDiarEner,16969329909,kWh,xm:servapibi,2026-09-22T19:12:46Z,xm/2020/09/CapaUtilDiarEner_Sistema.ndjson.gz#CapaUtilDiarEner:Sistema:2020-09-01:2020-09-30
2020-09-04,DemaSIN,200961237.27,kWh,xm:servapibi,2026-09-22T19:12:52Z,xm/2020/09/DemaSIN_Sistema.ndjson.gz#DemaSIN:Sistema:2020-09-01:2020-09-30
2020-09-04,PorcApor,1.1285,fraction,xm:servapibi,2026-09-22T19:12:50Z,xm/2020/09/PorcApor_Sistema.ndjson.gz#PorcApor:Sistema:2020-09-01:2020-09-30
2020-09-04,PorcVoluUtilDiar,0.65066,fraction,xm:servapibi,2026-09-22T19:12:44Z,xm/2020/09/PorcVoluUtilDiar_Sistema.ndjson.gz#PorcVoluUtilDiar:Sistema:2020-09-01:2020-09-30
2020-09-04,PrecBolsNaci,165.86269333333334,COP/kWh,xm:servapibi,2026-09-22T19:12:54Z,xm/2020/09/PrecBolsNaci_Sistema.ndjson.gz#PrecBolsNaci:Sistema:2020-09-01:2020-09-30
2020-09-04,PrecEscaAct,592.15835,COP/kWh,xm:servapibi,2026-09-22T19:12:53Z,xm/2020/09/PrecEscaAct_Sistema.ndjson.gz#PrecEscaAct:Sistema:2020-09-01:2020-09-30
2020-09-04,VoluUtilDiarEner,11041239800,kWh,xm:servapibi,2026-09-22T19:12:45Z,xm/2020/09/VoluUtilDiarEner_Sistema.ndjson.gz#VoluUtilDiarEner:Sistema:2020-09-01:2020-09-30
2020-09-05,AporEner,181666600,kWh,xm:servapibi,2026-09-22T19:12:48Z,xm/2020/09/AporEner_Sistema.ndjson.gz#AporEner:Sistema:2020-09-01:2020-09-30
2020-09-05,AporEnerMediHist,178840000,kWh,xm:servapibi,2026-09-22T19:12:49Z,xm/2020/09/AporEnerMediHist_Sistema.ndjson.gz#AporEnerMediHist:Sistema:2020-09-01:2020-09-30
2020-09-05,CapaUtilDiarEner,16969329909,kWh,xm:servapibi,2026-09-22T19:12:46Z,xm/2020/09/CapaUtilDiarEner_Sistema.ndjson.gz#CapaUtilDiarEner:Sistema:2020-09-01:2020-09-30
2020-09-05,DemaSIN,195596973.49,kWh,xm:servapibi,2026-09-22T19:12:52Z,xm/2020/09/DemaSIN_Sistema.ndjson.gz#DemaSIN:Sistema:2020-09-01:2020-09-30
2020-09-05,PorcApor,1.01581,fraction,xm:servapibi,2026-09-22T19:12:50Z,xm/2020/09/PorcApor_Sistema.ndjson.gz#PorcApor:Sistema:2020-09-01:2020-09-30
2020-09-05,PorcVoluUtilDiar,0.6535,fraction,xm:servapibi,2026-09-22T19:12:44Z,xm/2020/09/PorcVoluUtilDiar_Sistema.ndjson.gz#PorcVoluUtilDiar:Sistema:2020-09-01:2020-09-30
2020-09-05,PrecBolsNaci,168.48615333333325,COP/kWh,xm:servapibi,2026-09-22T19:12:54Z,xm/2020/09/PrecBolsNaci_Sistema.ndjson.gz#PrecBolsNaci:Sistema:2020-09-01:2020-09-30
2020-09-05,PrecEscaAct,592.15835,COP/kWh,xm:servapibi,2026-09-22T19:12:53Z,xm/2020/09/PrecEscaAct_Sistema.ndjson.gz#PrecEscaAct:Sistema:2020-09-01:2020-09-30
2020-09-05,VoluUtilDiarEner,11089497300,kWh,xm:servapibi,2026-09-22T19:12:45Z,xm/2020/09/VoluUtilDiarEner_Sistema.ndjson.gz#VoluUtilDiarEner:Sistema:2020-09-01:2020-09-30
2020-09-06,AporEner,182868900,kWh,xm:servapibi,2026-09-22T19:12:48Z,xm/2020/09/AporEner_Sistema.ndjson.gz#AporEner:Sistema:2020-09-01:2020-09-30
2020-09-06,AporEnerMediHist,178840000,kWh,xm:servapibi,2026-09-22T19:12:49Z,xm/2020/09/AporEnerMediHist_Sistema.ndjson.gz#AporEnerMediHist:Sistema:2020-09-01:2020-09-30
2020-09-06,CapaUtilDiarEner,16969329909,kWh,xm:servapibi,2026-09-22T19:12:46Z,xm/2020/09/CapaUtilDiarEner_Sistema.ndjson.gz#CapaUtilDiarEner:Sistema:2020-09-01:2020-09-30
2020-09-06,DemaSIN,175497617.61,kWh,xm:servapibi,2026-09-22T19:12:52Z,xm/2020/09/DemaSIN_Sistema.ndjson.gz#DemaSIN:Sistema:2020-09-01:2020-09-30
2020-09-06,PorcApor,1.02253,fraction,xm:servapibi,2026-09-22T19:12:50Z,xm/2020/09/PorcApor_Sistema.ndjson.gz#PorcApor:Sistema:2020-09-01:2020-09-30
2020-09-06,PorcVoluUtilDiar,0.65709,fraction,xm:servapibi,2026-09-22T19:12:44Z,xm/2020/09/PorcVoluUtilDiar_Sistema.ndjson.gz#PorcVoluUtilDiar:Sistema:2020-09-01:2020-09-30
2020-09-06,PrecBolsNaci,162.18448666666666,COP/kWh,xm:servapibi,2026-09-22T19:12:54Z,xm/2020/09/PrecBolsNaci_Sistema.ndjson.gz#PrecBolsNaci:Sistema:2020-09-01:2020-09-30
2020-09-06,PrecEscaAct,592.15835,COP/kWh,xm:servapibi,2026-09-22T19:12:53Z,xm/2020/09/PrecEscaAct_Sistema.ndjson.gz#PrecEscaAct:Sistema:2020-09-01:2020-09-30
2020-09-06,VoluUtilDiarEner,11150445900,kWh,xm:servapibi,2026-09-22T19:12:45Z,xm/2020/09/VoluUtilDiarEner_Sistema.ndjson.gz#VoluUtilDiarEner:Sistema:2020-09-01:2020-09-30
2020-09-07,AporEner,158710200,kWh,xm:servapibi,2026-09-22T19:12:48Z,xm/2020/09/AporEner_Sistema.ndjson.gz#AporEner:Sistema:2020-09-01:2020-09-30
2020-09-07,AporEnerMediHist,178840000,kWh,xm:servapibi,2026-09-22T19:12:49Z,xm/2020/09/AporEnerMediHist_Sistema.ndjson.gz#AporEnerMediHist:Sistema:2020-09-01:2020-09-30
2020-09-07,CapaUtilDiarEner,16969329909,kWh,xm:servapibi,2026-09-22T19:12:46Z,xm/2020/09/CapaUtilDiarEner_Sistema.ndjson.gz#CapaUtilDiarEner:Sistema:2020-09-01:2020-09-30
2020-09-07,DemaSIN,197852968.2,kWh,xm:servapibi,2026-09-22T19:12:52Z,xm/2020/09/DemaSIN_Sistema.ndjson.gz#DemaSIN:Sistema:2020-09-01:2020-09-30
2020-09-07,PorcApor,0.88744,fraction,xm:servapibi,2026-09-22T19:12:50Z,xm/2020/09/PorcApor_Sistema.ndjson.gz#PorcApor:Sistema:2020-09-01:2020-09-30
2020-09-07,PorcVoluUtilDiar,0.65793,fraction,xm:servapibi,2026-09-22T19:12:44Z,xm/2020/09/PorcVoluUtilDiar_Sistema.ndjson.gz#PorcVoluUtilDiar:Sistema:2020-09-01:2020-09-30
2020-09-07,PrecBolsNaci,164.8715666666667,COP/kWh,xm:servapibi,2026-09-22T19:12:54Z,xm/2020/09/PrecBolsNaci_Sistema.ndjson.gz#PrecBolsNaci:Sistema:2020-09-01:2020-09-30
2020-09-07,PrecEscaAct,592.15835,COP/kWh,xm:servapibi,2026-09-22T19:12:53Z,xm/2020/09/PrecEscaAct_Sistema.ndjson.gz#PrecEscaAct:Sistema:2020-09-01:2020-09-30
2020-09-07,VoluUtilDiarEner,11164712400,kWh,xm:servapibi,2026-09-22T19:12:45Z,xm/2020/09/VoluUtilDiarEner_Sistema.ndjson.gz#VoluUtilDiarEner:Sistema:2020-09-01:2020-09-30
2020-09-08,AporEner,284757700,kWh,xm:servapibi,2026-09-22T19:12:48Z,xm/2020/09/AporEner_Sistema.ndjson.gz#AporEner:Sistema:2020-09-01:2020-09-30
2020-09-08,AporEnerMediHist,178840000,kWh,xm:servapibi,2026-09-22T19:12:49Z,xm/2020/09/AporEnerMediHist_Sistema.ndjson.gz#AporEnerMediHist:Sistema:2020-09-01:2020-09-30
2020-09-08,CapaUtilDiarEner,16969329909,kWh,xm:servapibi,2026-09-22T19:12:46Z,xm/2020/09/CapaUtilDiarEner_Sistema.ndjson.gz#CapaUtilDiarEner:Sistema:2020-09-01:2020-09-30
2020-09-08,DemaSIN,196328131.78,kWh,xm:servapibi,2026-09-22T19:12:52Z,xm/2020/09/DemaSIN_Sistema.ndjson.gz#DemaSIN:Sistema:2020-09-01:2020-09-30
2020-09-08,PorcApor,1.59225,fraction,xm:servapibi,2026-09-22T19:12:50Z,xm/2020/09/PorcApor_Sistema.ndjson.gz#PorcApor:Sistema:2020-09-01:2020-09-30
2020-09-08,PorcVoluUtilDiar,0.66705,fraction,xm:servapibi,2026-09-22T19:12:44Z,xm/2020/09/PorcVoluUtilDiar_Sistema.ndjson.gz#PorcVoluUtilDiar:Sistema:2020-09-01:2020-09-30
2020-09-08,PrecBolsNaci,164.3779166666666,COP/kWh,xm:servapibi,2026-09-22T19:12:54Z,xm/2020/09/PrecBolsNaci_Sistema.ndjson.gz#PrecBolsNaci:Sistema:2020-09-01:2020-09-30
2020-09-08,PrecEscaAct,592.15835,COP/kWh,xm:servapibi,2026-09-22T19:12:53Z,xm/2020/09/PrecEscaAct_Sistema.ndjson.gz#PrecEscaAct:Sistema:2020-09-01:2020-09-30
2020-09-08,VoluUtilDiarEner,11319384300,kWh,xm:servapibi,2026-09-22T19:12:45Z,xm/2020/09/VoluUtilDiarEner_Sistema.ndjson.gz#VoluUtilDiarEner:Sistema:2020-09-01:2020-09-30
2020-09-09,AporEner,154200700,kWh,xm:servapibi,2026-09-22T19:12:48Z,xm/2020/09/AporEner_Sistema.ndjson.gz#AporEner:Sistema:2020-09-01:2020-09-30
2020-09-09,AporEnerMediHist,178840000,kWh,xm:servapibi,2026-09-22T19:12:49Z,xm/2020/09/AporEnerMediHist_Sistema.ndjson.gz#AporEnerMediHist:Sistema:2020-09-01:2020-09-30
2020-09-09,CapaUtilDiarEner,16969329909,kWh,xm:servapibi,2026-09-22T19:12:46Z,xm/2020/09/CapaUtilDiarEner_Sistema.ndjson.gz#CapaUtilDiarEner:Sistema:2020-09-01:2020-09-30
2020-09-09,DemaSIN,197692176.86,kWh,xm:servapibi,2026-09-22T19:12:52Z,xm/2020/09/DemaSIN_Sistema.ndjson.gz#DemaSIN:Sistema:2020-09-01:2020-09-30
2020-09-09,PorcApor,0.86223,fraction,xm:servapibi,2026-09-22T19:12:50Z,xm/2020/09/PorcApor_Sistema.ndjson.gz#PorcApor:Sistema:2020-09-01:2020-09-30
2020-09-09,PorcVoluUtilDiar,0.66743,fraction,xm:servapibi,2026-09-22T19:12:44Z,xm/2020/09/PorcVoluUtilDiar_Sistema.ndjson.gz#PorcVoluUtilDiar:Sistema:2020-09-01:2020-09-30
2020-09-09,PrecBolsNaci,144.63224333333335,COP/kWh,xm:servapibi,2026-09-22T19:12:54Z,xm/2020/09/PrecBolsNaci_Sistema.ndjson.gz#PrecBolsNaci:Sistema:2020-09-01:2020-09-30
2020-09-09,PrecEscaAct,592.15835,COP/kWh,xm:servapibi,2026-09-22T19:12:53Z,xm/2020/09/PrecEscaAct_Sistema.ndjson.gz#PrecEscaAct:Sistema:2020-09-01:2020-09-30
2020-09-09,VoluUtilDiarEner,11325924700,kWh,xm:servapibi,2026-09-22T19:12:45Z,xm/2020/09/VoluUtilDiarEner_Sistema.ndjson.gz#VoluUtilDiarEner:Sistema:2020-09-01:2020-09-30
2020-09-10,AporEner,146455500,kWh,xm:servapibi,2026-09-22T19:12:48Z,xm/2020/09/AporEner_Sistema.ndjson.gz#AporEner:Sistema:2020-09-01:2020-09-30
2020-09-10,AporEnerMediHist,178840000,kWh,xm:servapibi,2026-09-22T19:12:49Z,xm/2020/09/AporEnerMediHist_Sistema.ndjson.gz#AporEnerMediHist:Sistema:2020-09-01:2020-09-30
2020-09-10,CapaUtilDiarEner,16969329909,kWh,xm:servapibi,2026-09-22T19:12:46Z,xm/2020/09/CapaUtilDiarEner_Sistema.ndjson.gz#CapaUtilDiarEner:Sistema:2020-09-01:2020-09-30
2020-09-10,DemaSIN,202093205.37,kWh,xm:servapibi,2026-09-22T19:12:52Z,xm/2020/09/DemaSIN_Sistema.ndjson.gz#DemaSIN:Sistema:2020-09-01:2020-09-30
2020-09-10,PorcApor,0.81892,fraction,xm:servapibi,2026-09-22T19:12:50Z,xm/2020/09/PorcApor_Sistema.ndjson.gz#PorcApor:Sistema:2020-09-01:2020-09-30
2020-09-10,PorcVoluUtilDiar,0.66741,fraction,xm:servapibi,2026-09-22T19:12:44Z,xm/2020/09/PorcVoluUtilDiar_Sistema.ndjson.gz#PorcVoluUtilDiar:Sistema:2020-09-01:2020-09-30
2020-09-10,PrecBolsNaci,146.9580149999999,COP/kWh,xm:servapibi,2026-09-22T19:12:54Z,xm/2020/09/PrecBolsNaci_Sistema.ndjson.gz#PrecBolsNaci:Sistema:2020-09-01:2020-09-30
2020-09-10,PrecEscaAct,592.15835,COP/kWh,xm:servapibi,2026-09-22T19:12:53Z,xm/2020/09/PrecEscaAct_Sistema.ndjson.gz#PrecEscaAct:Sistema:2020-09-01:2020-09-30
2020-09-10,VoluUtilDiarEner,11325519200,kWh,xm:servapibi,2026-09-22T19:12:45Z,xm/2020/09/VoluUtilDiarEner_Sistema.ndjson.gz#VoluUtilDiarEner:Sistema:2020-09-01:2020-09-30
2020-09-11,AporEner,137946700,kWh,xm:servapibi,2026-09-22T19:12:48Z,xm/2020/09/AporEner_Sistema.ndjson.gz#AporEner:Sistema:2020-09-01:2020-09-30
2020-09-11,AporEnerMediHist,178840000,kWh,xm:servapibi,2026-09-22T19:12:49Z,xm/2020/09/AporEnerMediHist_Sistema.ndjson.gz#AporEnerMediHist:Sistema:2020-09-01:2020-09-30
2020-09-11,CapaUtilDiarEner,16969329909,kWh,xm:servapibi,2026-09-22T19:12:46Z,xm/2020/09/CapaUtilDiarEner_Sistema.ndjson.gz#CapaUtilDiarEner:Sistema:2020-09-01:2020-09-30
2020-09-11,DemaSIN,204861095.73,kWh,xm:servapibi,2026-09-22T19:12:52Z,xm/2020/09/DemaSIN_Sistema.ndjson.gz#DemaSIN:Sistema:2020-09-01:2020-09-30
2020-09-11,PorcApor,0.77134,fraction,xm:servapibi,2026-09-22T19:12:50Z,xm/2020/09/PorcApor_Sistema.ndjson.gz#PorcApor:Sistema:2020-09-01:2020-09-30
2020-09-11,PorcVoluUtilDiar,0.66685,fraction,xm:servapibi,2026-09-22T19:12:44Z,xm/2020/09/PorcVoluUtilDiar_Sistema.ndjson.gz#PorcVoluUtilDiar:Sistema:2020-09-01:2020-09-30
2020-09-11,PrecBolsNaci,149.3252166666666,COP/kWh,xm:servapibi,2026-09-22T19:12:54Z,xm/2020/09/PrecBolsNaci_Sistema.ndjson.gz#PrecBolsNaci:Sistema:2020-09-01:2020-09-30
2020-09-11,PrecEscaAct,592.15835,COP/kWh,xm:servapibi,2026-09-22T19:12:53Z,xm/2020/09/PrecEscaAct_Sistema.ndjson.gz#PrecEscaAct:Sistema:2020-09-01:2020-09-30
2020-09-11,VoluUtilDiarEner,11316067400,kWh,xm:servapibi,2026-09-22T19:12:45Z,xm/2020/09/VoluUtilDiarEner_Sistema.ndjson.gz#VoluUtilDiarEner:Sistema:2020-09-01:2020-09-30
2020-09-12,AporEner,151238200,kWh,xm:servapibi,2026-09-22T19:12:48Z,xm/2020/09/AporEner_Sistema.ndjson.gz#AporEner:Sistema:2020-09-01:2020-09-30
2020-09-12,AporEnerMediHist,178840000,kWh,xm:servapibi,2026-09-22T19:12:49Z,xm/2020/09/AporEnerMediHist_Sistema.ndjson.gz#AporEnerMediHist:Sistema:2020-09-01:2020-09-30
2020-09-12,CapaUtilDiarEner,16969329909,kWh,xm:servapibi,2026-09-22T19:12:46Z,xm/2020/09/CapaUtilDiarEner_Sistema.ndjson.gz#CapaUtilDiarEner:Sistema:2020-09-01:2020-09-30
2020-09-12,DemaSIN,196002568.09,kWh,xm:servapibi,2026-09-22T19:12:52Z,xm/2020/09/DemaSIN_Sistema.ndjson.gz#DemaSIN:Sistema:2020-09-01:2020-09-30
2020-09-12,PorcApor,0.84566,fraction,xm:servapibi,2026-09-22T19:12:50Z,xm/2020/09/PorcApor_Sistema.ndjson.gz#PorcApor:Sistema:2020-09-01:2020-09-30
2020-09-12,PorcVoluUtilDiar,0.66846,fraction,xm:servapibi,2026-09-22T19:12:44Z,xm/2020/09/PorcVoluUtilDiar_Sistema.ndjson.gz#PorcVoluUtilDiar:Sistema:2020-09-01:2020-09-30
2020-09-12,PrecBolsNaci,154.38988333333324,COP/kWh,xm:servapibi,2026-09-22T19:12:54Z,xm/2020/09/PrecBolsNaci_Sistema.ndjson.gz#PrecBolsNaci:Sistema:2020-09-01:2020-09-30
2020-09-12,PrecEscaAct,592.15835,COP/kWh,xm:servapibi,2026-09-22T19:12:53Z,xm/2020/09/PrecEscaAct_Sistema.ndjson.gz#PrecEscaAct:Sistema:2020-09-01:2020-09-30
2020-09-12,VoluUtilDiarEner,11343237600,kWh,xm:servapibi,2026-09-22T19:12:45Z,xm/2020/09/VoluUtilDiarEner_Sistema.ndjson.gz#VoluUtilDiarEner:Sistema:2020-09-01:2020-09-30
2020-09-13,AporEner,140593700,kWh,xm:servapibi,2026-09-22T19:12:48Z,xm/2020/09/AporEner_Sistema.ndjson.gz#AporEner:Sistema:2020-09-01:2020-09-30
2020-09-13,AporEnerMediHist,178840000,kWh,xm:servapibi,2026-09-22T19:12:49Z,xm/2020/09/AporEnerMediHist_Sistema.ndjson.gz#AporEnerMediHist:Sistema:2020-09-01:2020-09-30
2020-09-13,CapaUtilDiarEner,16969329909,kWh,xm:servapibi,2026-09-22T19:12:46Z,xm/2020/09/CapaUtilDiarEner_Sistema.ndjson.gz#CapaUtilDiarEner:Sistema:2020-09-01:2020-09-30
2020-09-13,DemaSIN,176404543.39,kWh,xm:servapibi,2026-09-22T19:12:52Z,xm/2020/09/DemaSIN_Sistema.ndjson.gz#DemaSIN:Sistema:2020-09-01:2020-09-30
2020-09-13,PorcApor,0.78614,fraction,xm:servapibi,2026-09-22T19:12:50Z,xm/2020/09/PorcApor_Sistema.ndjson.gz#PorcApor:Sistema:2020-09-01:2020-09-30
2020-09-13,PorcVoluUtilDiar,0.66966,fraction,xm:servapibi,2026-09-22T19:12:44Z,xm/2020/09/PorcVoluUtilDiar_Sistema.ndjson.gz#PorcVoluUtilDiar:Sistema:2020-09-01:2020-09-30
2020-09-13,PrecBolsNaci,141.56231666666667,COP/kWh,xm:servapibi,2026-09-22T19:12:54Z,xm/2020/09/PrecBolsNaci_Sistema.ndjson.gz#PrecBolsNaci:Sistema:2020-09-01:2020-09-30
2020-09-13,PrecEscaAct,592.15835,COP/kWh,xm:servapibi,2026-09-22T19:12:53Z,xm/2020/09/PrecEscaAct_Sistema.ndjson.gz#PrecEscaAct:Sistema:2020-09-01:2020-09-30
2020-09-13,VoluUtilDiarEner,11363712400,kWh,xm:servapibi,2026-09-22T19:12:45Z,xm/2020/09/VoluUtilDiarEner_Sistema.ndjson.gz#VoluUtilDiarEner:Sistema:2020-09-01:2020-09-30
2020-09-14,AporEner,126561500,kWh,xm:servapibi,2026-09-22T19:12:48Z,xm/2020/09/AporEner_Sistema.ndjson.gz#AporEner:Sistema:2020-09-01:2020-09-30
2020-09-14,AporEnerMediHist,178840000,kWh,xm:servapibi,2026-09-22T19:12:49Z,xm/2020/09/AporEnerMediHist_Sistema.ndjson.gz#AporEnerMediHist:Sistema:2020-09-01:2020-09-30
2020-09-14,CapaUtilDiarEner,16969329909,kWh,xm:servapibi,2026-09-22T19:12:46Z,xm/2020/09/CapaUtilDiarEner_Sistema.ndjson.gz#CapaUtilDiarEner:Sistema:2020-09-01:2020-09-30
2020-09-14,DemaSIN,200781316.18,kWh,xm:servapibi,2026-09-22T19:12:52Z,xm/2020/09/DemaSIN_Sistema.ndjson.gz#DemaSIN:Sistema:2020-09-01:2020-09-30
2020-09-14,PorcApor,0.70768,fraction,xm:servapibi,2026-09-22T19:12:50Z,xm/2020/09/PorcApor_Sistema.ndjson.gz#PorcApor:Sistema:2020-09-01:2020-09-30
2020-09-14,PorcVoluUtilDiar,0.66925,fraction,xm:servapibi,2026-09-22T19:12:44Z,xm/2020/09/PorcVoluUtilDiar_Sistema.ndjson.gz#PorcVoluUtilDiar:Sistema:2020-09-01:2020-09-30
2020-09-14,PrecBolsNaci,140.39318833333328,COP/kWh,xm:servapibi,2026-09-22T19:12:54Z,xm/2020/09/PrecBolsNaci_Sistema.ndjson.gz#PrecBolsNaci:Sistema:2020-09-01:2020-09-30
2020-09-14,PrecEscaAct,592.15835,COP/kWh,xm:servapibi,2026-09-22T19:12:53Z,xm/2020/09/PrecEscaAct_Sistema.ndjson.gz#PrecEscaAct:Sistema:2020-09-01:2020-09-30
2020-09-14,VoluUtilDiarEner,11356755000,kWh,xm:servapibi,2026-09-22T19:12:45Z,xm/2020/09/VoluUtilDiarEner_Sistema.ndjson.gz#VoluUtilDiarEner:Sistema:2020-09-01:2020-09-30
2020-09-15,AporEner,114063900,kWh,xm:servapibi,2026-09-22T19:12:48Z,xm/2020/09/AporEner_Sistema.ndjson.gz#AporEner:Sistema:2020-09-01:2020-09-30
2020-09-15,AporEnerMediHist,178840000,kWh,xm:servapibi,2026-09-22T19:12:49Z,xm/2020/09/AporEnerMediHist_Sistema.ndjson.gz#AporEnerMediHist:Sistema:2020-09-01:2020-09-30
2020-09-15,CapaUtilDiarEner,16969329909,kWh,xm:servapibi,2026-09-22T19:12:46Z,xm/2020/09/CapaUtilDiarEner_Sistema.ndjson.gz#CapaUtilDiarEner:Sistema:2020-09-01:2020-09-30
2020-09-15,DemaSIN,203735166.59,kWh,xm:servapibi,2026-09-22T19:12:52Z,xm/2020/09/DemaSIN_Sistema.ndjson.gz#DemaSIN:Sistema:2020-09-01:2020-09-30
2020-09-15,PorcApor,0.6378,fraction,xm:servapibi,2026-09-22T19:12:50Z,xm/2020/09/PorcApor_Sistema.ndjson.gz#PorcApor:Sistema:2020-09-01:2020-09-30
2020-09-15,PorcVoluUtilDiar,0.66819,fraction,xm:servapibi,2026-09-22T19:12:44Z,xm/2020/09/PorcVoluUtilDiar_Sistema.ndjson.gz#PorcVoluUtilDiar:Sistema:2020-09-01:2020-09-30
2020-09-15,PrecBolsNaci,161.14609666666658,COP/kWh,xm:servapibi,2026-09-22T19:12:54Z,xm/2020/09/PrecBolsNaci_Sistema.ndjson.gz#PrecBolsNaci:Sistema:2020-09-01:2020-09-30
2020-09-15,PrecEscaAct,592.15835,COP/kWh,xm:servapibi,2026-09-22T19:12:53Z,xm/2020/09/PrecEscaAct_Sistema.ndjson.gz#PrecEscaAct:Sistema:2020-09-01:2020-09-30
2020-09-15,VoluUtilDiarEner,11338782400,kWh,xm:servapibi,2026-09-22T19:12:45Z,xm/2020/09/VoluUtilDiarEner_Sistema.ndjson.gz#VoluUtilDiarEner:Sistema:2020-09-01:2020-09-30
2020-09-16,AporEner,137488500,kWh,xm:servapibi,2026-09-22T19:12:48Z,xm/2020/09/AporEner_Sistema.ndjson.gz#AporEner:Sistema:2020-09-01:2020-09-30
2020-09-16,AporEnerMediHist,178840000,kWh,xm:servapibi,2026-09-22T19:12:49Z,xm/2020/09/AporEnerMediHist_Sistema.ndjson.gz#AporEnerMediHist:Sistema:2020-09-01:2020-09-30
2020-09-16,CapaUtilDiarEner,16969329909,kWh,xm:servapibi,2026-09-22T19:12:46Z,xm/2020/09/CapaUtilDiarEner_Sistema.ndjson.gz#CapaUtilDiarEner:Sistema:2020-09-01:2020-09-30
2020-09-16,DemaSIN,197176085.12,kWh,xm:servapibi,2026-09-22T19:12:52Z,xm/2020/09/DemaSIN_Sistema.ndjson.gz#DemaSIN:Sistema:2020-09-01:2020-09-30
2020-09-16,PorcApor,0.76878,fraction,xm:servapibi,2026-09-22T19:12:50Z,xm/2020/09/PorcApor_Sistema.ndjson.gz#PorcApor:Sistema:2020-09-01:2020-09-30
2020-09-16,PorcVoluUtilDiar,0.66851,fraction,xm:servapibi,2026-09-22T19:12:44Z,xm/2020/09/PorcVoluUtilDiar_Sistema.ndjson.gz#PorcVoluUtilDiar:Sistema:2020-09-01:2020-09-30
2020-09-16,PrecBolsNaci,159.48092666666665,COP/kWh,xm:servapibi,2026-09-22T19:12:54Z,xm/2020/09/PrecBolsNaci_Sistema.ndjson.gz#PrecBolsNaci:Sistema:2020-09-01:2020-09-30
2020-09-16,PrecEscaAct,592.15835,COP/kWh,xm:servapibi,2026-09-22T19:12:53Z,xm/2020/09/PrecEscaAct_Sistema.ndjson.gz#PrecEscaAct:Sistema:2020-09-01:2020-09-30
2020-09-16,VoluUtilDiarEner,11344249900,kWh,xm:servapibi,2026-09-22T19:12:45Z,xm/2020/09/VoluUtilDiarEner_Sistema.ndjson.gz#VoluUtilDiarEner:Sistema:2020-09-01:2020-09-30
2020-09-17,AporEner,130897300,kWh,xm:servapibi,2026-09-22T19:12:48Z,xm/2020/09/AporEner_Sistema.ndjson.gz#AporEner:Sistema:2020-09-01:2020-09-30
2020-09-17,AporEnerMediHist,178840000,kWh,xm:servapibi,2026-09-22T19:12:49Z,xm/2020/09/AporEnerMediHist_Sistema.ndjson.gz#AporEnerMediHist:Sistema:2020-09-01:2020-09-30
2020-09-17,CapaUtilDiarEner,16969329909,kWh,xm:servapibi,2026-09-22T19:12:46Z,xm/2020/09/CapaUtilDiarEner_Sistema.ndjson.gz#CapaUtilDiarEner:Sistema:2020-09-01:2020-09-30
2020-09-17,DemaSIN,202961018.24,kWh,xm:servapibi,2026-09-22T19:12:52Z,xm/2020/09/DemaSIN_Sistema.ndjson.gz#DemaSIN:Sistema:2020-09-01:2020-09-30
2020-09-17,PorcApor,0.73192,fraction,xm:servapibi,2026-09-22T19:12:50Z,xm/2020/09/PorcApor_Sistema.ndjson.gz#PorcApor:Sistema:2020-09-01:2020-09-30
2020-09-17,PorcVoluUtilDiar,0.66805,fraction,xm:servapibi,2026-09-22T19:12:44Z,xm/2020/09/PorcVoluUtilDiar_Sistema.ndjson.gz#PorcVoluUtilDiar:Sistema:2020-09-01:2020-09-30
2020-09-17,PrecBolsNaci,138.18499666666662,COP/kWh,xm:servapibi,2026-09-22T19:12:54Z,xm/2020/09/PrecBolsNaci_Sistema.ndjson.gz#PrecBolsNaci:Sistema:2020-09-01:2020-09-30
2020-09-17,PrecEscaAct,592.15835,COP/kWh,xm:servapibi,2026-09-22T19:12:53Z,xm/2020/09/PrecEscaAct_Sistema.ndjson.gz#PrecEscaAct:Sistema:2020-09-01:2020-09-30
2020-09-17,VoluUtilDiarEner,11336418700,kWh,xm:servapibi,2026-09-22T19:12:45Z,xm/2020/09/VoluUtilDiarEner_Sistema.ndjson.gz#VoluUtilDiarEner:Sistema:2020-09-01:2020-09-30
2020-09-18,AporEner,171307000,kWh,xm:servapibi,2026-09-22T19:12:48Z,xm/2020/09/AporEner_Sistema.ndjson.gz#AporEner:Sistema:2020-09-01:2020-09-30
2020-09-18,AporEnerMediHist,178840000,kWh,xm:servapibi,2026-09-22T19:12:49Z,xm/2020/09/AporEnerMediHist_Sistema.ndjson.gz#AporEnerMediHist:Sistema:2020-09-01:2020-09-30
2020-09-18,CapaUtilDiarEner,16969329909,kWh,xm:servapibi,2026-09-22T19:12:46Z,xm/2020/09/CapaUtilDiarEner_Sistema.ndjson.gz#CapaUtilDiarEner:Sistema:2020-09-01:2020-09-30
2020-09-18,DemaSIN,201666723.63,kWh,xm:servapibi,2026-09-22T19:12:52Z,xm/2020/09/DemaSIN_Sistema.ndjson.gz#DemaSIN:Sistema:2020-09-01:2020-09-30
2020-09-18,PorcApor,0.95788,fraction,xm:servapibi,2026-09-22T19:12:50Z,xm/2020/09/PorcApor_Sistema.ndjson.gz#PorcApor:Sistema:2020-09-01:2020-09-30
2020-09-18,PorcVoluUtilDiar,0.67094,fraction,xm:servapibi,2026-09-22T19:12:44Z,xm/2020/09/PorcVoluUtilDiar_Sistema.ndjson.gz#PorcVoluUtilDiar:Sistema:2020-09-01:2020-09-30
2020-09-18,PrecBolsNaci,162.93201666666673,COP/kWh,xm:servapibi,2026-09-22T19:12:54Z,xm/2020/09/PrecBolsNaci_Sistema.ndjson.gz#PrecBolsNaci:Sistema:2020-09-01:2020-09-30
2020-09-18,PrecEscaAct,592.15835,COP/kWh,xm:servapibi,2026-09-22T19:12:53Z,xm/2020/09/PrecEscaAct_Sistema.ndjson.gz#PrecEscaAct:Sistema:2020-09-01:2020-09-30
2020-09-18,VoluUtilDiarEner,11385412700,kWh,xm:servapibi,2026-09-22T19:12:45Z,xm/2020/09/VoluUtilDiarEner_Sistema.ndjson.gz#VoluUtilDiarEner:Sistema:2020-09-01:2020-09-30
2020-09-19,AporEner,182653600,kWh,xm:servapibi,2026-09-22T19:12:48Z,xm/2020/09/AporEner_Sistema.ndjson.gz#AporEner:Sistema:2020-09-01:2020-09-30
2020-09-19,AporEnerMediHist,178840000,kWh,xm:servapibi,2026-09-22T19:12:49Z,xm/2020/09/AporEnerMediHist_Sistema.ndjson.gz#AporEnerMediHist:Sistema:2020-09-01:2020-09-30
2020-09-19,CapaUtilDiarEner,16969329909,kWh,xm:servapibi,2026-09-22T19:12:46Z,xm/2020/09/CapaUtilDiarEner_Sistema.ndjson.gz#CapaUtilDiarEner:Sistema:2020-09-01:2020-09-30
2020-09-19,DemaSIN,192272674.52,kWh,xm:servapibi,2026-09-22T19:12:52Z,xm/2020/09/DemaSIN_Sistema.ndjson.gz#DemaSIN:Sistema:2020-09-01:2020-09-30
2020-09-19,PorcApor,1.02132,fraction,xm:servapibi,2026-09-22T19:12:50Z,xm/2020/09/PorcApor_Sistema.ndjson.gz#PorcApor:Sistema:2020-09-01:2020-09-30
2020-09-19,PorcVoluUtilDiar,0.67452,fraction,xm:servapibi,2026-09-22T19:12:44Z,xm/2020/09/PorcVoluUtilDiar_Sistema.ndjson.gz#PorcVoluUtilDiar:Sistema:2020-09-01:2020-09-30
2020-09-19,PrecBolsNaci,159.4626833333334,COP/kWh,xm:servapibi,2026-09-22T19:12:54Z,xm/2020/09/PrecBolsNaci_Sistema.ndjson.gz#PrecBolsNaci:Sistema:2020-09-01:2020-09-30
2020-09-19,PrecEscaAct,592.15835,COP/kWh,xm:servapibi,2026-09-22T19:12:53Z,xm/2020/09/PrecEscaAct_Sistema.ndjson.gz#PrecEscaAct:Sistema:2020-09-01:2020-09-30
2020-09-19,VoluUtilDiarEner,11446226500,kWh,xm:servapibi,2026-09-22T19:12:45Z,xm/2020/09/VoluUtilDiarEner_Sistema.ndjson.gz#VoluUtilDiarEner:Sistema:2020-09-01:2020-09-30
2020-09-20,AporEner,186952800,kWh,xm:servapibi,2026-09-22T19:12:48Z,xm/2020/09/AporEner_Sistema.ndjson.gz#AporEner:Sistema:2020-09-01:2020-09-30
2020-09-20,AporEnerMediHist,178840000,kWh,xm:servapibi,2026-09-22T19:12:49Z,xm/2020/09/AporEnerMediHist_Sistema.ndjson.gz#AporEnerMediHist:Sistema:2020-09-01:2020-09-30
2020-09-20,CapaUtilDiarEner,16969329909,kWh,xm:servapibi,2026-09-22T19:12:46Z,xm/2020/09/CapaUtilDiarEner_Sistema.ndjson.gz#CapaUtilDiarEner:Sistema:2020-09-01:2020-09-30
2020-09-20,DemaSIN,173952906.13,kWh,xm:servapibi,2026-09-22T19:12:52Z,xm/2020/09/DemaSIN_Sistema.ndjson.gz#DemaSIN:Sistema:2020-09-01:2020-09-30
2020-09-20,PorcApor,1.04536,fraction,xm:servapibi,2026-09-22T19:12:50Z,xm/2020/09/PorcApor_Sistema.ndjson.gz#PorcApor:Sistema:2020-09-01:2020-09-30
2020-09-20,PorcVoluUtilDiar,0.67863,fraction,xm:servapibi,2026-09-22T19:12:44Z,xm/2020/09/PorcVoluUtilDiar_Sistema.ndjson.gz#PorcVoluUtilDiar:Sistema:2020-09-01:2020-09-30
2020-09-20,PrecBolsNaci,136.92695833333326,COP/kWh,xm:servapibi,2026-09-22T19:12:54Z,xm/2020/09/PrecBolsNaci_Sistema.ndjson.gz#PrecBolsNaci:Sistema:2020-09-01:2020-09-30
2020-09-20,PrecEscaAct,592.15835,COP/kWh,xm:servapibi,2026-09-22T19:12:53Z,xm/2020/09/PrecEscaAct_Sistema.ndjson.gz#PrecEscaAct:Sistema:2020-09-01:2020-09-30
2020-09-20,VoluUtilDiarEner,11515951700,kWh,xm:servapibi,2026-09-22T19:12:45Z,xm/2020/09/VoluUtilDiarEner_Sistema.ndjson.gz#VoluUtilDiarEner:Sistema:2020-09-01:2020-09-30
2020-09-21,AporEner,173098100,kWh,xm:servapibi,2026-09-22T19:12:48Z,xm/2020/09/AporEner_Sistema.ndjson.gz#AporEner:Sistema:2020-09-01:2020-09-30
2020-09-21,AporEnerMediHist,178840000,kWh,xm:servapibi,2026-09-22T19:12:49Z,xm/2020/09/AporEnerMediHist_Sistema.ndjson.gz#AporEnerMediHist:Sistema:2020-09-01:2020-09-30
2020-09-21,CapaUtilDiarEner,16969329909,kWh,xm:servapibi,2026-09-22T19:12:46Z,xm/2020/09/CapaUtilDiarEner_Sistema.ndjson.gz#CapaUtilDiarEner:Sistema:2020-09-01:2020-09-30
2020-09-21,DemaSIN,198369783.62,kWh,xm:servapibi,2026-09-22T19:12:52Z,xm/2020/09/DemaSIN_Sistema.ndjson.gz#DemaSIN:Sistema:2020-09-01:2020-09-30
2020-09-21,PorcApor,0.96789,fraction,xm:servapibi,2026-09-22T19:12:50Z,xm/2020/09/PorcApor_Sistema.ndjson.gz#PorcApor:Sistema:2020-09-01:2020-09-30
2020-09-21,PorcVoluUtilDiar,0.68162,fraction,xm:servapibi,2026-09-22T19:12:44Z,xm/2020/09/PorcVoluUtilDiar_Sistema.ndjson.gz#PorcVoluUtilDiar:Sistema:2020-09-01:2020-09-30
2020-09-21,PrecBolsNaci,152.5065,COP/kWh,xm:servapibi,2026-09-22T19:12:54Z,xm/2020/09/PrecBolsNaci_Sistema.ndjson.gz#PrecBolsNaci:Sistema:2020-09-01:2020-09-30
2020-09-21,PrecEscaAct,592.15835,COP/kWh,xm:servapibi,2026-09-22T19:12:53Z,xm/2020/09/PrecEscaAct_Sistema.ndjson.gz#PrecEscaAct:Sistema:2020-09-01:2020-09-30
2020-09-21,VoluUtilDiarEner,11566625300,kWh,xm:servapibi,2026-09-22T19:12:45Z,xm/2020/09/VoluUtilDiarEner_Sistema.ndjson.gz#VoluUtilDiarEner:Sistema:2020-09-01:2020-09-30
2020-09-22,AporEner,148477300,kWh,xm:servapibi,2026-09-22T19:12:48Z,xm/2020/09/AporEner_Sistema.ndjson.gz#AporEner:Sistema:2020-09-01:2020-09-30
2020-09-22,AporEnerMediHist,178840000,kWh,xm:servapibi,2026-09-22T19:12:49Z,xm/2020/09/AporEnerMediHist_Sistema.ndjson.gz#AporEnerMediHist:Sistema:2020-09-01:2020-09-30
2020-09-22,CapaUtilDiarEner,16969329909,kWh,xm:servapibi,2026-09-22T19:12:46Z,xm/2020/09/CapaUtilDiarEner_Sistema.ndjson.gz#CapaUtilDiarEner:Sistema:2020-09-01:2020-09-30
2020-09-22,DemaSIN,203462592.93,kWh,xm:servapibi,2026-09-22T19:12:52Z,xm/2020/09/DemaSIN_Sistema.ndjson.gz#DemaSIN:Sistema:2020-09-01:2020-09-30
2020-09-22,PorcApor,0.83022,fraction,xm:servapibi,2026-09-22T19:12:50Z,xm/2020/09/PorcApor_Sistema.ndjson.gz#PorcApor:Sistema:2020-09-01:2020-09-30
2020-09-22,PorcVoluUtilDiar,0.6835,fraction,xm:servapibi,2026-09-22T19:12:44Z,xm/2020/09/PorcVoluUtilDiar_Sistema.ndjson.gz#PorcVoluUtilDiar:Sistema:2020-09-01:2020-09-30
2020-09-22,PrecBolsNaci,165.94688000000005,COP/kWh,xm:servapibi,2026-09-22T19:12:54Z,xm/2020/09/PrecBolsNaci_Sistema.ndjson.gz#PrecBolsNaci:Sistema:2020-09-01:2020-09-30
2020-09-22,PrecEscaAct,592.15835,COP/kWh,xm:servapibi,2026-09-22T19:12:53Z,xm/2020/09/PrecEscaAct_Sistema.ndjson.gz#PrecEscaAct:Sistema:2020-09-01:2020-09-30
2020-09-22,VoluUtilDiarEner,11598489900,kWh,xm:servapibi,2026-09-22T19:12:45Z,xm/2020/09/VoluUtilDiarEner_Sistema.ndjson.gz#VoluUtilDiarEner:Sistema:2020-09-01:2020-09-30
2020-09-23,AporEner,171955300,kWh,xm:servapibi,2026-09-22T19:12:48Z,xm/2020/09/AporEner_Sistema.ndjson.gz#AporEner:Sistema:2020-09-01:2020-09-30
2020-09-23,AporEnerMediHist,178840000,kWh,xm:servapibi,2026-09-22T19:12:49Z,xm/2020/09/AporEnerMediHist_Sistema.ndjson.gz#AporEnerMediHist:Sistema:2020-09-01:2020-09-30
2020-09-23,CapaUtilDiarEner,16969329909,kWh,xm:servapibi,2026-09-22T19:12:46Z,xm/2020/09/CapaUtilDiarEner_Sistema.ndjson.gz#CapaUtilDiarEner:Sistema:2020-09-01:2020-09-30
2020-09-23,DemaSIN,203999129.46,kWh,xm:servapibi,2026-09-22T19:12:52Z,xm/2020/09/DemaSIN_Sistema.ndjson.gz#DemaSIN:Sistema:2020-09-01:2020-09-30
2020-09-23,PorcApor,0.9615,fraction,xm:servapibi,2026-09-22T19:12:50Z,xm/2020/09/PorcApor_Sistema.ndjson.gz#PorcApor:Sistema:2020-09-01:2020-09-30
2020-09-23,PorcVoluUtilDiar,0.68543,fraction,xm:servapibi,2026-09-22T19:12:44Z,xm/2020/09/PorcVoluUtilDiar_Sistema.ndjson.gz#PorcVoluUtilDiar:Sistema:2020-09-01:2020-09-30
2020-09-23,PrecBolsNaci,145.49260166666673,COP/kWh,xm:servapibi,2026-09-22T19:12:54Z,xm/2020/09/PrecBolsNaci_Sistema.ndjson.gz#PrecBolsNaci:Sistema:2020-09-01:2020-09-30
2020-09-23,PrecEscaAct,592.15835,COP/kWh,xm:servapibi,2026-09-22T19:12:53Z,xm/2020/09/PrecEscaAct_Sistema.ndjson.gz#PrecEscaAct:Sistema:2020-09-01:2020-09-30
2020-09-23,VoluUtilDiarEner,11631312800,kWh,xm:servapibi,2026-09-22T19:12:45Z,xm/2020/09/VoluUtilDiarEner_Sistema.ndjson.gz#VoluUtilDiarEner:Sistema:2020-09-01:2020-09-30
2020-09-24,AporEner,146579300,kWh,xm:servapibi,2026-09-22T19:12:48Z,xm/2020/09/AporEner_Sistema.ndjson.gz#AporEner:Sistema:2020-09-01:2020-09-30
2020-09-24,AporEnerMediHist,178840000,kWh,xm:servapibi,2026-09-22T19:12:49Z,xm/2020/09/AporEnerMediHist_Sistema.ndjson.gz#AporEnerMediHist:Sistema:2020-09-01:2020-09-30
2020-09-24,CapaUtilDiarEner,16969329909,kWh,xm:servapibi,2026-09-22T19:12:46Z,xm/2020/09/CapaUtilDiarEner_Sistema.ndjson.gz#CapaUtilDiarEner:Sistema:2020-09-01:2020-09-30
2020-09-24,DemaSIN,199199417.47,kWh,xm:servapibi,2026-09-22T19:12:52Z,xm/2020/09/DemaSIN_Sistema.ndjson.gz#DemaSIN:Sistema:2020-09-01:2020-09-30
2020-09-24,PorcApor,0.81961,fraction,xm:servapibi,2026-09-22T19:12:50Z,xm/2020/09/PorcApor_Sistema.ndjson.gz#PorcApor:Sistema:2020-09-01:2020-09-30
2020-09-24,PorcVoluUtilDiar,0.68655,fraction,xm:servapibi,2026-09-22T19:12:44Z,xm/2020/09/PorcVoluUtilDiar_Sistema.ndjson.gz#PorcVoluUtilDiar:Sistema:2020-09-01:2020-09-30
2020-09-24,PrecBolsNaci,142.3029833333333,COP/kWh,xm:servapibi,2026-09-22T19:12:54Z,xm/2020/09/PrecBolsNaci_Sistema.ndjson.gz#PrecBolsNaci:Sistema:2020-09-01:2020-09-30
2020-09-24,PrecEscaAct,592.15835,COP/kWh,xm:servapibi,2026-09-22T19:12:53Z,xm/2020/09/PrecEscaAct_Sistema.ndjson.gz#PrecEscaAct:Sistema:2020-09-01:2020-09-30
2020-09-24,VoluUtilDiarEner,11650265300,kWh,xm:servapibi,2026-09-22T19:12:45Z,xm/2020/09/VoluUtilDiarEner_Sistema.ndjson.gz#VoluUtilDiarEner:Sistema:2020-09-01:2020-09-30
2020-09-25,AporEner,151378900,kWh,xm:servapibi,2026-09-22T19:12:48Z,xm/2020/09/AporEner_Sistema.ndjson.gz#AporEner:Sistema:2020-09-01:2020-09-30
2020-09-25,AporEnerMediHist,178840000,kWh,xm:servapibi,2026-09-22T19:12:49Z,xm/2020/09/AporEnerMediHist_Sistema.ndjson.gz#AporEnerMediHist:Sistema:2020-09-01:2020-09-30
2020-09-25,CapaUtilDiarEner,16969329909,kWh,xm:servapibi,2026-09-22T19:12:46Z,xm/2020/09/CapaUtilDiarEner_Sistema.ndjson.gz#CapaUtilDiarEner:Sistema:2020-09-01:2020-09-30
2020-09-25,DemaSIN,199423910.32,kWh,xm:servapibi,2026-09-22T19:12:52Z,xm/2020/09/DemaSIN_Sistema.ndjson.gz#DemaSIN:Sistema:2020-09-01:2020-09-30
2020-09-25,PorcApor,0.84645,fraction,xm:servapibi,2026-09-22T19:12:50Z,xm/2020/09/PorcApor_Sistema.ndjson.gz#PorcApor:Sistema:2020-09-01:2020-09-30
2020-09-25,PorcVoluUtilDiar,0.68727,fraction,xm:servapibi,2026-09-22T19:12:44Z,xm/2020/09/PorcVoluUtilDiar_Sistema.ndjson.gz#PorcVoluUtilDiar:Sistema:2020-09-01:2020-09-30
2020-09-25,PrecBolsNaci,133.88181333333335,COP/kWh,xm:servapibi,2026-09-22T19:12:54Z,xm/2020/09/PrecBolsNaci_Sistema.ndjson.gz#PrecBolsNaci:Sistema:2020-09-01:2020-09-30
2020-09-25,PrecEscaAct,592.15835,COP/kWh,xm:servapibi,2026-09-22T19:12:53Z,xm/2020/09/PrecEscaAct_Sistema.ndjson.gz#PrecEscaAct:Sistema:2020-09-01:2020-09-30
2020-09-25,VoluUtilDiarEner,11662544500,kWh,xm:servapibi,2026-09-22T19:12:45Z,xm/2020/09/VoluUtilDiarEner_Sistema.ndjson.gz#VoluUtilDiarEner:Sistema:2020-09-01:2020-09-30
2020-09-26,AporEner,149071300,kWh,xm:servapibi,2026-09-22T19:12:48Z,xm/2020/09/AporEner_Sistema.ndjson.gz#AporEner:Sistema:2020-09-01:2020-09-30
2020-09-26,AporEnerMediHist,178840000,kWh,xm:servapibi,2026-09-22T19:12:49Z,xm/2020/09/AporEnerMediHist_Sistema.ndjson.gz#AporEnerMediHist:Sistema:2020-09-01:2020-09-30
2020-09-26,CapaUtilDiarEner,16969329909,kWh,xm:servapibi,2026-09-22T19:12:46Z,xm/2020/09/CapaUtilDiarEner_Sistema.ndjson.gz#CapaUtilDiarEner:Sistema:2020-09-01:2020-09-30
2020-09-26,DemaSIN,193341882.78,kWh,xm:servapibi,2026-09-22T19:12:52Z,xm/2020/09/DemaSIN_Sistema.ndjson.gz#DemaSIN:Sistema:2020-09-01:2020-09-30
2020-09-26,PorcApor,0.83355,fraction,xm:servapibi,2026-09-22T19:12:50Z,xm/2020/09/PorcApor_Sistema.ndjson.gz#PorcApor:Sistema:2020-09-01:2020-09-30
2020-09-26,PorcVoluUtilDiar,0.68812,fraction,xm:servapibi,2026-09-22T19:12:44Z,xm/2020/09/PorcVoluUtilDiar_Sistema.ndjson.gz#PorcVoluUtilDiar:Sistema:2020-09-01:2020-09-30
2020-09-26,PrecBolsNaci,150.2141433333334,COP/kWh,xm:servapibi,2026-09-22T19:12:54Z,xm/2020/09/PrecBolsNaci_Sistema.ndjson.gz#PrecBolsNaci:Sistema:2020-09-01:2020-09-30
2020-09-26,PrecEscaAct,592.15835,COP/kWh,xm:servapibi,2026-09-22T19:12:53Z,xm/2020/09/PrecEscaAct_Sistema.ndjson.gz#PrecEscaAct:Sistema:2020-09-01:2020-09-30
2020-09-26,VoluUtilDiarEner,11676977700,kWh,xm:servapibi,2026-09-22T19:12:45Z,xm/2020/09/VoluUtilDiarEner_Sistema.ndjson.gz#VoluUtilDiarEner:Sistema:2020-09-01:2020-09-30
2020-09-27,AporEner,155595600,kWh,xm:servapibi,2026-09-22T19:12:48Z,xm/2020/09/AporEner_Sistema.ndjson.gz#AporEner:Sistema:2020-09-01:2020-09-30
2020-09-27,AporEnerMediHist,178840000,kWh,xm:servapibi,2026-09-22T19:12:49Z,xm/2020/09/AporEnerMediHist_Sistema.ndjson.gz#AporEnerMediHist:Sistema:2020-09-01:2020-09-30
2020-09-27,CapaUtilDiarEner,16969329909,kWh,xm:servapibi,2026-09-22T19:12:46Z,xm/2020/09/CapaUtilDiarEner_Sistema.ndjson.gz#CapaUtilDiarEner:Sistema:2020-09-01:2020-09-30
2020-09-27,DemaSIN,171881812.5,kWh,xm:servapibi,2026-09-22T19:12:52Z,xm/2020/09/DemaSIN_Sistema.ndjson.gz#DemaSIN:Sistema:2020-09-01:2020-09-30
2020-09-27,PorcApor,0.87003,fraction,xm:servapibi,2026-09-22T19:12:50Z,xm/2020/09/PorcApor_Sistema.ndjson.gz#PorcApor:Sistema:2020-09-01:2020-09-30
2020-09-27,PorcVoluUtilDiar,0.69054,fraction,xm:servapibi,2026-09-22T19:12:44Z,xm/2020/09/PorcVoluUtilDiar_Sistema.ndjson.gz#PorcVoluUtilDiar:Sistema:2020-09-01:2020-09-30
2020-09-27,PrecBolsNaci,123.84477999999996,COP/kWh,xm:servapibi,2026-09-22T19:12:54Z,xm/2020/09/PrecBolsNaci_Sistema.ndjson.gz#PrecBolsNaci:Sistema:2020-09-01:2020-09-30
2020-09-27,PrecEscaAct,592.15835,COP/kWh,xm:servapibi,2026-09-22T19:12:53Z,xm/2020/09/PrecEscaAct_Sistema.ndjson.gz#PrecEscaAct:Sistema:2020-09-01:2020-09-30
2020-09-27,VoluUtilDiarEner,11717973000,kWh,xm:servapibi,2026-09-22T19:12:45Z,xm/2020/09/VoluUtilDiarEner_Sistema.ndjson.gz#VoluUtilDiarEner:Sistema:2020-09-01:2020-09-30
2020-09-28,AporEner,128584400,kWh,xm:servapibi,2026-09-22T19:12:48Z,xm/2020/09/AporEner_Sistema.ndjson.gz#AporEner:Sistema:2020-09-01:2020-09-30
2020-09-28,AporEnerMediHist,178840000,kWh,xm:servapibi,2026-09-22T19:12:49Z,xm/2020/09/AporEnerMediHist_Sistema.ndjson.gz#AporEnerMediHist:Sistema:2020-09-01:2020-09-30
2020-09-28,CapaUtilDiarEner,16969329909,kWh,xm:servapibi,2026-09-22T19:12:46Z,xm/2020/09/CapaUtilDiarEner_Sistema.ndjson.gz#CapaUtilDiarEner:Sistema:2020-09-01:2020-09-30
2020-09-28,DemaSIN,197965844.04,kWh,xm:servapibi,2026-09-22T19:12:52Z,xm/2020/09/DemaSIN_Sistema.ndjson.gz#DemaSIN:Sistema:2020-09-01:2020-09-30
2020-09-28,PorcApor,0.71899,fraction,xm:servapibi,2026-09-22T19:12:50Z,xm/2020/09/PorcApor_Sistema.ndjson.gz#PorcApor:Sistema:2020-09-01:2020-09-30
2020-09-28,PorcVoluUtilDiar,0.68955,fraction,xm:servapibi,2026-09-22T19:12:44Z,xm/2020/09/PorcVoluUtilDiar_Sistema.ndjson.gz#PorcVoluUtilDiar:Sistema:2020-09-01:2020-09-30
2020-09-28,PrecBolsNaci,124.49266833333336,COP/kWh,xm:servapibi,2026-09-22T19:12:54Z,xm/2020/09/PrecBolsNaci_Sistema.ndjson.gz#PrecBolsNaci:Sistema:2020-09-01:2020-09-30
2020-09-28,PrecEscaAct,592.15835,COP/kWh,xm:servapibi,2026-09-22T19:12:53Z,xm/2020/09/PrecEscaAct_Sistema.ndjson.gz#PrecEscaAct:Sistema:2020-09-01:2020-09-30
2020-09-28,VoluUtilDiarEner,11701275400,kWh,xm:servapibi,2026-09-22T19:12:45Z,xm/2020/09/VoluUtilDiarEner_Sistema.ndjson.gz#VoluUtilDiarEner:Sistema:2020-09-01:2020-09-30
2020-09-29,AporEner,126456700,kWh,xm:servapibi,2026-09-22T19:12:48Z,xm/2020/09/AporEner_Sistema.ndjson.gz#AporEner:Sistema:2020-09-01:2020-09-30
2020-09-29,AporEnerMediHist,178840000,kWh,xm:servapibi,2026-09-22T19:12:49Z,xm/2020/09/AporEnerMediHist_Sistema.ndjson.gz#AporEnerMediHist:Sistema:2020-09-01:2020-09-30
2020-09-29,CapaUtilDiarEner,16969329909,kWh,xm:servapibi,2026-09-22T19:12:46Z,xm/2020/09/CapaUtilDiarEner_Sistema.ndjson.gz#CapaUtilDiarEner:Sistema:2020-09-01:2020-09-30
2020-09-29,DemaSIN,202207104.1,kWh,xm:servapibi,2026-09-22T19:12:52Z,xm/2020/09/DemaSIN_Sistema.ndjson.gz#DemaSIN:Sistema:2020-09-01:2020-09-30
2020-09-29,PorcApor,0.70709,fraction,xm:servapibi,2026-09-22T19:12:50Z,xm/2020/09/PorcApor_Sistema.ndjson.gz#PorcApor:Sistema:2020-09-01:2020-09-30
2020-09-29,PorcVoluUtilDiar,0.68811,fraction,xm:servapibi,2026-09-22T19:12:44Z,xm/2020/09/PorcVoluUtilDiar_Sistema.ndjson.gz#PorcVoluUtilDiar:Sistema:2020-09-01:2020-09-30
2020-09-29,PrecBolsNaci,122.34670999999999,COP/kWh,xm:servapibi,2026-09-22T19:12:54Z,xm/2020/09/PrecBolsNaci_Sistema.ndjson.gz#PrecBolsNaci:Sistema:2020-09-01:2020-09-30
2020-09-29,PrecEscaAct,592.15835,COP/kWh,xm:servapibi,2026-09-22T19:12:53Z,xm/2020/09/PrecEscaAct_Sistema.ndjson.gz#PrecEscaAct:Sistema:2020-09-01:2020-09-30
2020-09-29,VoluUtilDiarEner,11676774000,kWh,xm:servapibi,2026-09-22T19:12:45Z,xm/2020/09/VoluUtilDiarEner_Sistema.ndjson.gz#VoluUtilDiarEner:Sistema:2020-09-01:2020-09-30
2020-09-30,AporEner,162990700,kWh,xm:servapibi,2026-09-22T19:12:48Z,xm/2020/09/AporEner_Sistema.ndjson.gz#AporEner:Sistema:2020-09-01:2020-09-30
2020-09-30,AporEnerMediHist,178840000,kWh,xm:servapibi,2026-09-22T19:12:49Z,xm/2020/09/AporEnerMediHist_Sistema.ndjson.gz#AporEnerMediHist:Sistema:2020-09-01:2020-09-30
2020-09-30,CapaUtilDiarEner,16969329909,kWh,xm:servapibi,2026-09-22T19:12:46Z,xm/2020/09/CapaUtilDiarEner_Sistema.ndjson.gz#CapaUtilDiarEner:Sistema:2020-09-01:2020-09-30
2020-09-30,DemaSIN,199281090.45,kWh,xm:servapibi,2026-09-22T19:12:52Z,xm/2020/09/DemaSIN_Sistema.ndjson.gz#DemaSIN:Sistema:2020-09-01:2020-09-30
2020-09-30,PorcApor,0.91138,fraction,xm:servapibi,2026-09-22T19:12:50Z,xm/2020/09/PorcApor_Sistema.ndjson.gz#PorcApor:Sistema:2020-09-01:2020-09-30
2020-09-30,PorcVoluUtilDiar,0.68928,fraction,xm:servapibi,2026-09-22T19:12:44Z,xm/2020/09/PorcVoluUtilDiar_Sistema.ndjson.gz#PorcVoluUtilDiar:Sistema:2020-09-01:2020-09-30
2020-09-30,PrecBolsNaci,139.22368666666668,COP/kWh,xm:servapibi,2026-09-22T19:12:54Z,xm/2020/09/PrecBolsNaci_Sistema.ndjson.gz#PrecBolsNaci:Sistema:2020-09-01:2020-09-30
2020-09-30,PrecEscaAct,592.15835,COP/kWh,xm:servapibi,2026-09-22T19:12:53Z,xm/2020/09/PrecEscaAct_Sistema.ndjson.gz#PrecEscaAct:Sistema:2020-09-01:2020-09-30
2020-09-30,VoluUtilDiarEner,11696674200,kWh,xm:servapibi,2026-09-22T19:12:45Z,xm/2020/09/VoluUtilDiarEner_Sistema.ndjson.gz#VoluUtilDiarEner:Sistema:2020-09-01:2020-09-30
2020-10-01,AporEner,148834700,kWh,xm:servapibi,2026-09-22T19:13:03Z,xm/2020/10/AporEner_Sistema.ndjson.gz#AporEner:Sistema:2020-10-01:2020-10-31
2020-10-01,AporEnerMediHist,203570000,kWh,xm:servapibi,2026-09-22T19:13:04Z,xm/2020/10/AporEnerMediHist_Sistema.ndjson.gz#AporEnerMediHist:Sistema:2020-10-01:2020-10-31
2020-10-01,CapaUtilDiarEner,16969329909,kWh,xm:servapibi,2026-09-22T19:13:01Z,xm/2020/10/CapaUtilDiarEner_Sistema.ndjson.gz#CapaUtilDiarEner:Sistema:2020-10-01:2020-10-31
2020-10-01,DemaSIN,201980328.95,kWh,xm:servapibi,2026-09-22T19:13:06Z,xm/2020/10/DemaSIN_Sistema.ndjson.gz#DemaSIN:Sistema:2020-10-01:2020-10-31
2020-10-01,PorcApor,0.73112,fraction,xm:servapibi,2026-09-22T19:13:05Z,xm/2020/10/PorcApor_Sistema.ndjson.gz#PorcApor:Sistema:2020-10-01:2020-10-31
2020-10-01,PorcVoluUtilDiar,0.68858,fraction,xm:servapibi,2026-09-22T19:12:59Z,xm/2020/10/PorcVoluUtilDiar_Sistema.ndjson.gz#PorcVoluUtilDiar:Sistema:2020-10-01:2020-10-31
2020-10-01,PrecBolsNaci,154.66654000000005,COP/kWh,xm:servapibi,2026-09-22T19:13:09Z,xm/2020/10/PrecBolsNaci_Sistema.ndjson.gz#PrecBolsNaci:Sistema:2020-10-01:2020-10-31
2020-10-01,PrecEscaAct,585.4071,COP/kWh,xm:servapibi,2026-09-22T19:13:08Z,xm/2020/10/PrecEscaAct_Sistema.ndjson.gz#PrecEscaAct:Sistema:2020-10-01:2020-10-31
2020-10-01,VoluUtilDiarEner,11684803600,kWh,xm:servapibi,2026-09-22T19:13:00Z,xm/2020/10/VoluUtilDiarEner_Sistema.ndjson.gz#VoluUtilDiarEner:Sistema:2020-10-01:2020-10-31
2020-10-02,AporEner,162975000,kWh,xm:servapibi,2026-09-22T19:13:03Z,xm/2020/10/AporEner_Sistema.ndjson.gz#AporEner:Sistema:2020-10-01:2020-10-31
2020-10-02,AporEnerMediHist,203570000,kWh,xm:servapibi,2026-09-22T19:13:04Z,xm/2020/10/AporEnerMediHist_Sistema.ndjson.gz#AporEnerMediHist:Sistema:2020-10-01:2020-10-31
2020-10-02,CapaUtilDiarEner,16969329909,kWh,xm:servapibi,2026-09-22T19:13:01Z,xm/2020/10/CapaUtilDiarEner_Sistema.ndjson.gz#CapaUtilDiarEner:Sistema:2020-10-01:2020-10-31
2020-10-02,DemaSIN,202183797.25,kWh,xm:servapibi,2026-09-22T19:13:06Z,xm/2020/10/DemaSIN_Sistema.ndjson.gz#DemaSIN:Sistema:2020-10-01:2020-10-31
2020-10-02,PorcApor,0.80058,fraction,xm:servapibi,2026-09-22T19:13:05Z,xm/2020/10/PorcApor_Sistema.ndjson.gz#PorcApor:Sistema:2020-10-01:2020-10-31
2020-10-02,PorcVoluUtilDiar,0.6886,fraction,xm:servapibi,2026-09-22T19:12:59Z,xm/2020/10/PorcVoluUtilDiar_Sistema.ndjson.gz#PorcVoluUtilDiar:Sistema:2020-10-01:2020-10-31
2020-10-02,PrecBolsNaci,149.00231999999994,COP/kWh,xm:servapibi,2026-09-22T19:13:09Z,xm/2020/10/PrecBolsNaci_Sistema.ndjson.gz#PrecBolsNaci:Sistema:2020-10-01:2020-10-31
2020-10-02,PrecEscaAct,585.4071,COP/kWh,xm:servapibi,2026-09-22T19:13:08Z,xm/2020/10/PrecEscaAct_Sistema.ndjson.gz#PrecEscaAct:Sistema:2020-10-01:2020-10-31
2020-10-02,VoluUtilDiarEner,11685143100,kWh,xm:servapibi,2026-09-22T19:13:00Z,xm/2020/10/VoluUtilDiarEner_Sistema.ndjson.gz#VoluUtilDiarEner:Sistema:2020-10-01:2020-10-31
2020-10-03,AporEner,138412400,kWh,xm:servapibi,2026-09-22T19:13:03Z,xm/2020/10/AporEner_Sistema.ndjson.gz#AporEner:Sistema:2020-10-01:2020-10-31
2020-10-03,AporEnerMediHist,203570000,kWh,xm:servapibi,2026-09-22T19:13:04Z,xm/2020/10/AporEnerMediHist_Sistema.ndjson.gz#AporEnerMediHist:Sistema:2020-10-01:2020-10-31
2020-10-03,CapaUtilDiarEner,16969329909,kWh,xm:servapibi,2026-09-22T19:13:01Z,xm/2020/10/CapaUtilDiarEner_Sistema.ndjson.gz#CapaUtilDiarEner:Sistema:2020-10-01:2020-10-31
2020-10-03,DemaSIN,190809041.59,kWh,xm:servapibi,2026-09-22T19:13:06Z,xm/2020/10/DemaSIN_Sistema.ndjson.gz#DemaSIN:Sistema:2020-10-01:2020-10-31
2020-10-03,PorcApor,0.67993,fraction,xm:servapibi,2026-09-22T19:13:05Z,xm/2020/10/PorcApor_Sistema.ndjson.gz#PorcApor:Sistema:2020-10-01:2020-10-31
2020-10-03,PorcVoluUtilDiar,0.6865,fraction,xm:servapibi,2026-09-22T19:12:59Z,xm/2020/10/PorcVoluUtilDiar_Sistema.ndjson.gz#PorcVoluUtilDiar:Sistema:2020-10-01:2020-10-31
2020-10-03,PrecBolsNaci,140.00725833333328,COP/kWh,xm:servapibi,2026-09-22T19:13:09Z,xm/2020/10/PrecBolsNaci_Sistema.ndjson.gz#PrecBolsNaci:Sistema:2020-10-01:2020-10-31
2020-10-03,PrecEscaAct,585.4071,COP/kWh,xm:servapibi,2026-09-22T19:13:08Z,xm/2020/10/PrecEscaAct_Sistema.ndjson.gz#PrecEscaAct:Sistema:2020-10-01:2020-10-31
2020-10-03,VoluUtilDiarEner,11649381800,kWh,xm:servapibi,2026-09-22T19:13:00Z,xm/2020/10/VoluUtilDiarEner_Sistema.ndjson.gz#VoluUtilDiarEner:Sistema:2020-10-01:2020-10-31
2020-10-04,AporEner,222928700,kWh,xm:servapibi,2026-09-22T19:13:03Z,xm/2020/10/AporEner_Sistema.ndjson.gz#AporEner:Sistema:2020-10-01:2020-10-31
2020-10-04,AporEnerMediHist,203570000,kWh,xm:servapibi,2026-09-22T19:13:04Z,xm/2020/10/AporEnerMediHist_Sistema.ndjson.gz#AporEnerMediHist:Sistema:2020-10-01:2020-10-31
2020-10-04,CapaUtilDiarEner,16969329909,kWh,xm:servapibi,2026-09-22T19:13:01Z,xm/2020/10/CapaUtilDiarEner_Sistema.ndjson.gz#CapaUtilDiarEner:Sistema:2020-10-01:2020-10-31
2020-10-04,DemaSIN,170572102.55,kWh,xm:servapibi,2026-09-22T19:13:06Z,xm/2020/10/DemaSIN_Sistema.ndjson.gz#DemaSIN:Sistema:2020-10-01:2020-10-31
2020-10-04,PorcApor,1.0951,fraction,xm:servapibi,2026-09-22T19:13:05Z,xm/2020/10/PorcApor_Sistema.ndjson.gz#PorcApor:Sistema:2020-10-01:2020-10-31
2020-10-04,PorcVoluUtilDiar,0.69096,fraction,xm:servapibi,2026-09-22T19:12:59Z,xm/2020/10/PorcVoluUtilDiar_Sistema.ndjson.gz#PorcVoluUtilDiar:Sistema:2020-10-01:2020-10-31
2020-10-04,PrecBolsNaci,113.065465,COP/kWh,xm:servapibi,2026-09-22T19:13:09Z,xm/2020/10/PrecBolsNaci_Sistema.ndjson.gz#PrecBolsNaci:Sistema:2020-10-01:2020-10-31
2020-10-04,PrecEscaAct,585.4071,COP/kWh,xm:servapibi,2026-09-22T19:13:08Z,xm/2020/10/PrecEscaAct_Sistema.ndjson.gz#PrecEscaAct:Sistema:2020-10-01:2020-10-31
2020-10-04,VoluUtilDiarEner,11725144400,kWh,xm:servapibi,2026-09-22T19:13:00Z,xm/2020/10/VoluUtilDiarEner_Sistema.ndjson.gz#VoluUtilDiarEner:Sistema:2020-10-01:2020-10-31
2020-10-05,AporEner,184936200,kWh,xm:servapibi,2026-09-22T19:13:03Z,xm/2020/10/AporEner_Sistema.ndjson.gz#AporEner:Sistema:2020-10-01:2020-10-31
2020-10-05,AporEnerMediHist,203570000,kWh,xm:servapibi,2026-09-22T19:13:04Z,xm/2020/10/AporEnerMediHist_Sistema.ndjson.gz#AporEnerMediHist:Sistema:2020-10-01:2020-10-31
2020-10-05,CapaUtilDiarEner,16946671413,kWh,xm:servapibi,2026-09-22T19:13:01Z,xm/2020/10/CapaUtilDiarEner_Sistema.ndjson.gz#CapaUtilDiarEner:Sistema:2020-10-01:2020-10-31
2020-10-05,DemaSIN,197022384.52,kWh,xm:servapibi,2026-09-22T19:13:06Z,xm/2020/10/DemaSIN_Sistema.ndjson.gz#DemaSIN:Sistema:2020-10-01:2020-10-31
2020-10-05,PorcApor,0.90846,fraction,xm:servapibi,2026-09-22T19:13:05Z,xm/2020/10/PorcApor_Sistema.ndjson.gz#PorcApor:Sistema:2020-10-01:2020-10-31
2020-10-05,PorcVoluUtilDiar,0.69194,fraction,xm:servapibi,2026-09-22T19:12:59Z,xm/2020/10/PorcVoluUtilDiar_Sistema.ndjson.gz#PorcVoluUtilDiar:Sistema:2020-10-01:2020-10-31
2020-10-05,PrecBolsNaci,147.18075833333327,COP/kWh,xm:servapibi,2026-09-22T19:13:09Z,xm/2020/10/PrecBolsNaci_Sistema.ndjson.gz#PrecBolsNaci:Sistema:2020-10-01:2020-10-31
2020-10-05,PrecEscaAct,585.4071,COP/kWh,xm:servapibi,2026-09-22T19:13:08Z,xm/2020/10/PrecEscaAct_Sistema.ndjson.gz#PrecEscaAct:Sistema:2020-10-01:2020-10-31
2020-10-05,VoluUtilDiarEner,11726060300,kWh,xm:servapibi,2026-09-22T19:13:00Z,xm/2020/10/VoluUtilDiarEner_Sistema.ndjson.gz#VoluUtilDiarEner:Sistema:2020-10-01:2020-10-31
2020-10-06,AporEner,185441100,kWh,xm:servapibi,2026-09-22T19:13:03Z,xm/2020/10/AporEner_Sistema.ndjson.gz#AporEner:Sistema:2020-10-01:2020-10-31
2020-10-06,AporEnerMediHist,203570000,kWh,xm:servapibi,2026-09-22T19:13:04Z,xm/2020/10/AporEnerMediHist_Sistema.ndjson.gz#AporEnerMediHist:Sistema:2020-10-01:2020-10-31
2020-10-06,CapaUtilDiarEner,16946671413,kWh,xm:servapibi,2026-09-22T19:13:01Z,xm/2020/10/CapaUtilDiarEner_Sistema.ndjson.gz#CapaUtilDiarEner:Sistema:2020-10-01:2020-10-31
2020-10-06,DemaSIN,200848009.7,kWh,xm:servapibi,2026-09-22T19:13:06Z,xm/2020/10/DemaSIN_Sistema.ndjson.gz#DemaSIN:Sistema:2020-10-01:2020-10-31
2020-10-06,PorcApor,0.91095,fraction,xm:servapibi,2026-09-22T19:13:05Z,xm/2020/10/PorcApor_Sistema.ndjson.gz#PorcApor:Sistema:2020-10-01:2020-10-31
2020-10-06,PorcVoluUtilDiar,0.69392,fraction,xm:servapibi,2026-09-22T19:12:59Z,xm/2020/10/PorcVoluUtilDiar_Sistema.ndjson.gz#PorcVoluUtilDiar:Sistema:2020-10-01:2020-10-31
2020-10-06,PrecBolsNaci,139.11316999999997,COP/kWh,xm:servapibi,2026-09-22T19:13:09Z,xm/2020/10/PrecBolsNaci_Sistema.ndjson.gz#PrecBolsNaci:Sistema:2020-10-01:2020-10-31
2020-10-06,PrecEscaAct,585.4071,COP/kWh,xm:servapibi,2026-09-22T19:13:08Z,xm/2020/10/PrecEscaAct_Sistema.ndjson.gz#PrecEscaAct:Sistema:2020-10-01:2020-10-31
2020-10-06,VoluUtilDiarEner,11759633300,kWh,xm:servapibi,2026-09-22T19:13:00Z,xm/2020/10/VoluUtilDiarEner_Sistema.ndjson.gz#VoluUtilDiarEner:Sistema:2020-10-01:2020-10-31
2020-10-07,AporEner,127586400,kWh,xm:servapibi,2026-09-22T19:13:03Z,xm/2020/10/AporEner_Sistema.ndjson.gz#AporEner:Sistema:2020-10-01:2020-10-31
2020-10-07,AporEnerMediHist,203570000,kWh,xm:servapibi,2026-09-22T19:13:04Z,xm/2020/10/AporEnerMediHist_Sistema.ndjson.gz#AporEnerMediHist:Sistema:2020-10-01:2020-10-31
2020-10-07,CapaUtilDiarEner,16946671413,kWh,xm:servapibi,2026-09-22T19:13:01Z,xm/2020/10/CapaUtilDiarEner_Sistema.ndjson.gz#CapaUtilDiarEner:Sistema:2020-10-01:2020-10-31
2020-10-07,DemaSIN,202569593.08,kWh,xm:servapibi,2026-09-22T19:13:06Z,xm/2020/10/DemaSIN_Sistema.ndjson.gz#DemaSIN:Sistema:2020-10-01:2020-10-31
2020-10-07,PorcApor,0.62674,fraction,xm:servapibi,2026-09-22T19:13:05Z,xm/2020/10/PorcApor_Sistema.ndjson.gz#PorcApor:Sistema:2020-10-01:2020-10-31
2020-10-07,PorcVoluUtilDiar,0.69236,fraction,xm:servapibi,2026-09-22T19:12:59Z,xm/2020/10/PorcVoluUtilDiar_Sistema.ndjson.gz#PorcVoluUtilDiar:Sistema:2020-10-01:2020-10-31
2020-10-07,PrecBolsNaci,158.14129999999994,COP/kWh,xm:servapibi,2026-09-22T19:13:09Z,xm/2020/10/PrecBolsNaci_Sistema.ndjson.gz#PrecBolsNaci:Sistema:2020-10-01:2020-10-31
2020-10-07,PrecEscaAct,585.4071,COP/kWh,xm:servapibi,2026-09-22T19:13:08Z,xm/2020/10/PrecEscaAct_Sistema.ndjson.gz#PrecEscaAct:Sistema:2020-10-01:2020-10-31
2020-10-07,VoluUtilDiarEner,11733276800,kWh,xm:servapibi,2026-09-22T19:13:00Z,xm/2020/10/VoluUtilDiarEner_Sistema.ndjson.gz#VoluUtilDiarEner:Sistema:2020-10-01:2020-10-31
2020-10-08,AporEner,161030600,kWh,xm:servapibi,2026-09-22T19:13:03Z,xm/2020/10/AporEner_Sistema.ndjson.gz#AporEner:Sistema:2020-10-01:2020-10-31
2020-10-08,AporEnerMediHist,203570000,kWh,xm:servapibi,2026-09-22T19:13:04Z,xm/2020/10/AporEnerMediHist_Sistema.ndjson.gz#AporEnerMediHist:Sistema:2020-10-01:2020-10-31
2020-10-08,CapaUtilDiarEner,16946671413,kWh,xm:servapibi,2026-09-22T19:13:01Z,xm/2020/10/CapaUtilDiarEner_Sistema.ndjson.gz#CapaUtilDiarEner:Sistema:2020-10-01:2020-10-31
2020-10-08,DemaSIN,199551784.99,kWh,xm:servapibi,2026-09-22T19:13:06Z,xm/2020/10/DemaSIN_Sistema.ndjson.gz#DemaSIN:Sistema:2020-10-01:2020-10-31
2020-10-08,PorcApor,0.79103,fraction,xm:servapibi,2026-09-22T19:13:05Z,xm/2020/10/PorcApor_Sistema.ndjson.gz#PorcApor:Sistema:2020-10-01:2020-10-31
2020-10-08,PorcVoluUtilDiar,0.69232,fraction,xm:servapibi,2026-09-22T19:12:59Z,xm/2020/10/PorcVoluUtilDiar_Sistema.ndjson.gz#PorcVoluUtilDiar:Sistema:2020-10-01:2020-10-31
2020-10-08,PrecBolsNaci,168.60373666666663,COP/kWh,xm:servapibi,2026-09-22T19:13:09Z,xm/2020/10/PrecBolsNaci_Sistema.ndjson.gz#PrecBolsNaci:Sistema:2020-10-01:2020-10-31
2020-10-08,PrecEscaAct,585.4071,COP/kWh,xm:servapibi,2026-09-22T19:13:08Z,xm/2020/10/PrecEscaAct_Sistema.ndjson.gz#PrecEscaAct:Sistema:2020-10-01:2020-10-31
2020-10-08,VoluUtilDiarEner,11732474700,kWh,xm:servapibi,2026-09-22T19:13:00Z,xm/2020/10/VoluUtilDiarEner_Sistema.ndjson.gz#VoluUtilDiarEner:Sistema:2020-10-01:2020-10-31
2020-10-09,AporEner,156432500,kWh,xm:servapibi,2026-09-22T19:13:03Z,xm/2020/10/AporEner_Sistema.ndjson.gz#AporEner:Sistema:2020-10-01:2020-10-31
2020-10-09,AporEnerMediHist,203570000,kWh,xm:servapibi,2026-09-22T19:13:04Z,xm/2020/10/AporEnerMediHist_Sistema.ndjson.gz#AporEnerMediHist:Sistema:2020-10-01:2020-10-31
2020-10-09,CapaUtilDiarEner,16946671413,kWh,xm:servapibi,2026-09-22T19:13:01Z,xm/2020/10/CapaUtilDiarEner_Sistema.ndjson.gz#CapaUtilDiarEner:Sistema:2020-10-01:2020-10-31
2020-10-09,DemaSIN,202992988.08,kWh,xm:servapibi,2026-09-22T19:13:06Z,xm/2020/10/DemaSIN_Sistema.ndjson.gz#DemaSIN:Sistema:2020-10-01:2020-10-31
2020-10-09,PorcApor,0.76845,fraction,xm:servapibi,2026-09-22T19:13:05Z,xm/2020/10/PorcApor_Sistema.ndjson.gz#PorcApor:Sistema:2020-10-01:2020-10-31
2020-10-09,PorcVoluUtilDiar,0.69231,fraction,xm:servapibi,2026-09-22T19:12:59Z,xm/2020/10/PorcVoluUtilDiar_Sistema.ndjson.gz#PorcVoluUtilDiar:Sistema:2020-10-01:2020-10-31
2020-10-09,PrecBolsNaci,161.9259716666666,COP/kWh,xm:servapibi,2026-09-22T19:13:09Z,xm/2020/10/PrecBolsNaci_Sistema.ndjson.gz#PrecBolsNaci:Sistema:2020-10-01:2020-10-31
2020-10-09,PrecEscaAct,585.4071,COP/kWh,xm:servapibi,2026-09-22T19:13:08Z,xm/2020/10/PrecEscaAct_Sistema.ndjson.gz#PrecEscaAct:Sistema:2020-10-01:2020-10-31
2020-10-09,VoluUtilDiarEner,11732281900,kWh,xm:servapibi,2026-09-22T19:13:00Z,xm/2020/10/VoluUtilDiarEner_Sistema.ndjson.gz#VoluUtilDiarEner:Sistema:2020-10-01:2020-10-31
2020-10-10,AporEner,121592800,kWh,xm:servapibi,2026-09-22T19:13:03Z,xm/2020/10/AporEner_Sistema.ndjson.gz#AporEner:Sistema:2020-10-01:2020-10-31
2020-10-10,AporEnerMediHist,203570000,kWh,xm:servapibi,2026-09-22T19:13:04Z,xm/2020/10/AporEnerMediHist_Sistema.ndjson.gz#AporEnerMediHist:Sistema:2020-10-01:2020-10-31
2020-10-10,CapaUtilDiarEner,16946671413,kWh,xm:servapibi,2026-09-22T19:13:01Z,xm/2020/10/CapaUtilDiarEner_Sistema.ndjson.gz#CapaUtilDiarEner:Sistema:2020-10-01:2020-10-31
2020-10-10,DemaSIN,196671780.6,kWh,xm:servapibi,2026-09-22T19:13:06Z,xm/2020/10/DemaSIN_Sistema.ndjson.gz#DemaSIN:Sistema:2020-10-01:2020-10-31
2020-10-10,PorcApor,0.5973,fraction,xm:servapibi,2026-09-22T19:13:05Z,xm/2020/10/PorcApor_Sistema.ndjson.gz#PorcApor:Sistema:2020-10-01:2020-10-31
2020-10-10,PorcVoluUtilDiar,0.69099,fraction,xm:servapibi,2026-09-22T19:12:59Z,xm/2020/10/PorcVoluUtilDiar_Sistema.ndjson.gz#PorcVoluUtilDiar:Sistema:2020-10-01:2020-10-31
2020-10-10,PrecBolsNaci,181.0658666666667,COP/kWh,xm:servapibi,2026-09-22T19:13:09Z,xm/2020/10/PrecBolsNaci_Sistema.ndjson.gz#PrecBolsNaci:Sistema:2020-10-01:2020-10-31
2020-10-10,PrecEscaAct,585.4071,COP/kWh,xm:servapibi,2026-09-22T19:13:08Z,xm/2020/10/PrecEscaAct_Sistema.ndjson.gz#PrecEscaAct:Sistema:2020-10-01:2020-10-31
2020-10-10,VoluUtilDiarEner,11709901600,kWh,xm:servapibi,2026-09-22T19:13:00Z,xm/2020/10/VoluUtilDiarEner_Sistema.ndjson.gz#VoluUtilDiarEner:Sistema:2020-10-01:2020-10-31
2020-10-11,AporEner,106579000,kWh,xm:servapibi,2026-09-22T19:13:03Z,xm/2020/10/AporEner_Sistema.ndjson.gz#AporEner:Sistema:2020-10-01:2020-10-31
2020-10-11,AporEnerMediHist,203570000,kWh,xm:servapibi,2026-09-22T19:13:04Z,xm/2020/10/AporEnerMediHist_Sistema.ndjson.gz#AporEnerMediHist:Sistema:2020-10-01:2020-10-31
2020-10-11,CapaUtilDiarEner,16946671413,kWh,xm:servapibi,2026-09-22T19:13:01Z,xm/2020/10/CapaUtilDiarEner_Sistema.ndjson.gz#CapaUtilDiarEner:Sistema:2020-10-01:2020-10-31
2020-10-11,DemaSIN,179600608.95,kWh,xm:servapibi,2026-09-22T19:13:06Z,xm/2020/10/DemaSIN_Sistema.ndjson.gz#DemaSIN:Sistema:2020-10-01:2020-10-31
2020-10-11,PorcApor,0.52355,fraction,xm:servapibi,2026-09-22T19:13:05Z,xm/2020/10/PorcApor_Sistema.ndjson.gz#PorcApor:Sistema:2020-10-01:2020-10-31
2020-10-11,PorcVoluUtilDiar,0.68873,fraction,xm:servapibi,2026-09-22T19:12:59Z,xm/2020/10/PorcVoluUtilDiar_Sistema.ndjson.gz#PorcVoluUtilDiar:Sistema:2020-10-01:2020-10-31
2020-10-11,PrecBolsNaci,162.2051133333334,COP/kWh,xm:servapibi,2026-09-22T19:13:09Z,xm/2020/10/PrecBolsNaci_Sistema.ndjson.gz#PrecBolsNaci:Sistema:2020-10-01:2020-10-31
2020-10-11,PrecEscaAct,585.4071,COP/kWh,xm:servapibi,2026-09-22T19:13:08Z,xm/2020/10/PrecEscaAct_Sistema.ndjson.gz#PrecEscaAct:Sistema:2020-10-01:2020-10-31
2020-10-11,VoluUtilDiarEner,11671670700,kWh,xm:servapibi,2026-09-22T19:13:00Z,xm/2020/10/VoluUtilDiarEner_Sistema.ndjson.gz#VoluUtilDiarEner:Sistema:2020-10-01:2020-10-31
2020-10-12,AporEner,110910000,kWh,xm:servapibi,2026-09-22T19:13:03Z,xm/2020/10/AporEner_Sistema.ndjson.gz#AporEner:Sistema:2020-10-01:2020-10-31
2020-10-12,AporEnerMediHist,203570000,kWh,xm:servapibi,2026-09-22T19:13:04Z,xm/2020/10/AporEnerMediHist_Sistema.ndjson.gz#AporEnerMediHist:Sistema:2020-10-01:2020-10-31
2020-10-12,CapaUtilDiarEner,16946671413,kWh,xm:servapibi,2026-09-22T19:13:01Z,xm/2020/10/CapaUtilDiarEner_Sistema.ndjson.gz#CapaUtilDiarEner:Sistema:2020-10-01:2020-10-31
2020-10-12,DemaSIN,183681179.8,kWh,xm:servapibi,2026-09-22T19:13:06Z,xm/2020/10/DemaSIN_Sistema.ndjson.gz#DemaSIN:Sistema:2020-10-01:2020-10-31
2020-10-12,PorcApor,0.54482,fraction,xm:servapibi,2026-09-22T19:13:05Z,xm/2020/10/PorcApor_Sistema.ndjson.gz#PorcApor:Sistema:2020-10-01:2020-10-31
2020-10-12,PorcVoluUtilDiar,0.68778,fraction,xm:servapibi,2026-09-22T19:12:59Z,xm/2020/10/PorcVoluUtilDiar_Sistema.ndjson.gz#PorcVoluUtilDiar:Sistema:2020-10-01:2020-10-31
2020-10-12,PrecBolsNaci,192.16068999999996,COP/kWh,xm:servapibi,2026-09-22T19:13:09Z,xm/2020/10/PrecBolsNaci_Sistema.ndjson.gz#PrecBolsNaci:Sistema:2020-10-01:2020-10-31
2020-10-12,PrecEscaAct,585.4071,COP/kWh,xm:servapibi,2026-09-22T19:13:08Z,xm/2020/10/PrecEscaAct_Sistema.ndjson.gz#PrecEscaAct:Sistema:2020-10-01:2020-10-31
2020-10-12,VoluUtilDiarEner,11655512400,kWh,xm:servapibi,2026-09-22T19:13:00Z,xm/2020/10/VoluUtilDiarEner_Sistema.ndjson.gz#VoluUtilDiarEner:Sistema:2020-10-01:2020-10-31
2020-10-13,AporEner,151529700,kWh,xm:servapibi,2026-09-22T19:13:03Z,xm/2020/10/AporEner_Sistema.ndjson.gz#AporEner:Sistema:2020-10-01:2020-10-31
2020-10-13,AporEnerMediHist,203570000,kWh,xm:servapibi,2026-09-22T19:13:04Z,xm/2020/10/AporEnerMediHist_Sistema.ndjson.gz#AporEnerMediHist:Sistema:2020-10-01:2020-10-31
2020-10-13,CapaUtilDiarEner,16946671413,kWh,xm:servapibi,2026-09-22T19:13:01Z,xm/2020/10/CapaUtilDiarEner_Sistema.ndjson.gz#CapaUtilDiarEner:Sistema:2020-10-01:2020-10-31
2020-10-13,DemaSIN,201212170.97,kWh,xm:servapibi,2026-09-22T19:13:06Z,xm/2020/10/DemaSIN_Sistema.ndjson.gz#DemaSIN:Sistema:2020-10-01:2020-10-31
2020-10-13,PorcApor,0.74436,fraction,xm:servapibi,2026-09-22T19:13:05Z,xm/2020/10/PorcApor_Sistema.ndjson.gz#PorcApor:Sistema:2020-10-01:2020-10-31
2020-10-13,PorcVoluUtilDiar,0.68847,fraction,xm:servapibi,2026-09-22T19:12:59Z,xm/2020/10/PorcVoluUtilDiar_Sistema.ndjson.gz#PorcVoluUtilDiar:Sistema:2020-10-01:2020-10-31
2020-10-13,PrecBolsNaci,206.74703000000008,COP/kWh,xm:servapibi,2026-09-22T19:13:09Z,xm/2020/10/PrecBolsNaci_Sistema.ndjson.gz#PrecBolsNaci:Sistema:2020-10-01:2020-10-31
2020-10-13,PrecEscaAct,585.4071,COP/kWh,xm:servapibi,2026-09-22T19:13:08Z,xm/2020/10/PrecEscaAct_Sistema.ndjson.gz#PrecEscaAct:Sistema:2020-10-01:2020-10-31
2020-10-13,VoluUtilDiarEner,11667256200,kWh,xm:servapibi,2026-09-22T19:13:00Z,xm/2020/10/VoluUtilDiarEner_Sistema.ndjson.gz#VoluUtilDiarEner:Sistema:2020-10-01:2020-10-31
2020-10-14,AporEner,147393600,kWh,xm:servapibi,2026-09-22T19:13:03Z,xm/2020/10/AporEner_Sistema.ndjson.gz#AporEner:Sistema:2020-10-01:2020-10-31
2020-10-14,AporEnerMediHist,203570000,kWh,xm:servapibi,2026-09-22T19:13:04Z,xm/2020/10/AporEnerMediHist_Sistema.ndjson.gz#AporEnerMediHist:Sistema:2020-10-01:2020-10-31
2020-10-14,CapaUtilDiarEner,16946671413,kWh,xm:servapibi,2026-09-22T19:13:01Z,xm/2020/10/CapaUtilDiarEner_Sistema.ndjson.gz#CapaUtilDiarEner:Sistema:2020-10-01:2020-10-31
2020-10-14,DemaSIN,202013893.28,kWh,xm:servapibi,2026-09-22T19:13:06Z,xm/2020/10/DemaSIN_Sistema.ndjson.gz#DemaSIN:Sistema:2020-10-01:2020-10-31
2020-10-14,PorcApor,0.72404,fraction,xm:servapibi,2026-09-22T19:13:05Z,xm/2020/10/PorcApor_Sistema.ndjson.gz#PorcApor:Sistema:2020-10-01:2020-10-31
2020-10-14,PorcVoluUtilDiar,0.68896,fraction,xm:servapibi,2026-09-22T19:12:59Z,xm/2020/10/PorcVoluUtilDiar_Sistema.ndjson.gz#PorcVoluUtilDiar:Sistema:2020-10-01:2020-10-31
2020-10-14,PrecBolsNaci,191.3127066666667,COP/kWh,xm:servapibi,2026-09-22T19:13:09Z,xm/2020/10/PrecBolsNaci_Sistema.ndjson.gz#PrecBolsNaci:Sistema:2020-10-01:2020-10-31
2020-10-14,PrecEscaAct,585.4071,COP/kWh,xm:servapibi,2026-09-22T19:13:08Z,xm/2020/10/PrecEscaAct_Sistema.ndjson.gz#PrecEscaAct:Sistema:2020-10-01:2020-10-31
2020-10-14,VoluUtilDiarEner,11675581100,kWh,xm:servapibi,2026-09-22T19:13:00Z,xm/2020/10/VoluUtilDiarEner_Sistema.ndjson.gz#VoluUtilDiarEner:Sistema:2020-10-01:2020-10-31
2020-10-15,AporEner,125820000,kWh,xm:servapibi,2026-09-22T19:13:03Z,xm/2020/10/AporEner_Sistema.ndjson.gz#AporEner:Sistema:2020-10-01:2020-10-31
2020-10-15,AporEnerMediHist,203570000,kWh,xm:servapibi,2026-09-22T19:13:04Z,xm/2020/10/AporEnerMediHist_Sistema.ndjson.gz#AporEnerMediHist:Sistema:2020-10-01:2020-10-31
2020-10-15,CapaUtilDiarEner,16946671413,kWh,xm:servapibi,2026-09-22T19:13:01Z,xm/2020/10/CapaUtilDiarEner_Sistema.ndjson.gz#CapaUtilDiarEner:Sistema:2020-10-01:2020-10-31
2020-10-15,DemaSIN,205419885.14,kWh,xm:servapibi,2026-09-22T19:13:06Z,xm/2020/10/DemaSIN_Sistema.ndjson.gz#DemaSIN:Sistema:2020-10-01:2020-10-31
2020-10-15,PorcApor,0.61807,fraction,xm:servapibi,2026-09-22T19:13:05Z,xm/2020/10/PorcApor_Sistema.ndjson.gz#PorcApor:Sistema:2020-10-01:2020-10-31
2020-10-15,PorcVoluUtilDiar,0.68733,fraction,xm:servapibi,2026-09-22T19:12:59Z,xm/2020/10/PorcVoluUtilDiar_Sistema.ndjson.gz#PorcVoluUtilDiar:Sistema:2020-10-01:2020-10-31
2020-10-15,PrecBolsNaci,191.76479500000002,COP/kWh,xm:servapibi,2026-09-22T19:13:09Z,xm/2020/10/PrecBolsNaci_Sistema.ndjson.gz#PrecBolsNaci:Sistema:2020-10-01:2020-10-31
2020-10-15,PrecEscaAct,585.4071,COP/kWh,xm:servapibi,2026-09-22T19:13:08Z,xm/2020/10/PrecEscaAct_Sistema.ndjson.gz#PrecEscaAct:Sistema:2020-10-01:2020-10-31
2020-10-15,VoluUtilDiarEner,11647996400,kWh,xm:servapibi,2026-09-22T19:13:00Z,xm/2020/10/VoluUtilDiarEner_Sistema.ndjson.gz#VoluUtilDiarEner:Sistema:2020-10-01:2020-10-31
2020-10-16,AporEner,125092900,kWh,xm:servapibi,2026-09-22T19:13:03Z,xm/2020/10/AporEner_Sistema.ndjson.gz#AporEner:Sistema:2020-10-01:2020-10-31
2020-10-16,AporEnerMediHist,203570000,kWh,xm:servapibi,2026-09-22T19:13:04Z,xm/2020/10/AporEnerMediHist_Sistema.ndjson.gz#AporEnerMediHist:Sistema:2020-10-01:2020-10-31
2020-10-16,CapaUtilDiarEner,16946671413,kWh,xm:servapibi,2026-09-22T19:13:01Z,xm/2020/10/CapaUtilDiarEner_Sistema.ndjson.gz#CapaUtilDiarEner:Sistema:2020-10-01:2020-10-31
2020-10-16,DemaSIN,209434542.9,kWh,xm:servapibi,2026-09-22T19:13:06Z,xm/2020/10/DemaSIN_Sistema.ndjson.gz#DemaSIN:Sistema:2020-10-01:2020-10-31
2020-10-16,PorcApor,0.6145,fraction,xm:servapibi,2026-09-22T19:13:05Z,xm/2020/10/PorcApor_Sistema.ndjson.gz#PorcApor:Sistema:2020-10-01:2020-10-31
2020-10-16,PorcVoluUtilDiar,0.68541,fraction,xm:servapibi,2026-09-22T19:12:59Z,xm/2020/10/PorcVoluUtilDiar_Sistema.ndjson.gz#PorcVoluUtilDiar:Sistema:2020-10-01:2020-10-31
2020-10-16,PrecBolsNaci,187.0481583333334,COP/kWh,xm:servapibi,2026-09-22T19:13:09Z,xm/2020/10/PrecBolsNaci_Sistema.ndjson.gz#PrecBolsNaci:Sistema:2020-10-01:2020-10-31
2020-10-16,PrecEscaAct,585.4071,COP/kWh,xm:servapibi,2026-09-22T19:13:08Z,xm/2020/10/PrecEscaAct_Sistema.ndjson.gz#PrecEscaAct:Sistema:2020-10-01:2020-10-31
2020-10-16,VoluUtilDiarEner,11615358900,kWh,xm:servapibi,2026-09-22T19:13:00Z,xm/2020/10/VoluUtilDiarEner_Sistema.ndjson.gz#VoluUtilDiarEner:Sistema:2020-10-01:2020-10-31
2020-10-17,AporEner,102504400,kWh,xm:servapibi,2026-09-22T19:13:03Z,xm/2020/10/AporEner_Sistema.ndjson.gz#AporEner:Sistema:2020-10-01:2020-10-31
2020-10-17,AporEnerMediHist,203570000,kWh,xm:servapibi,2026-09-22T19:13:04Z,xm/2020/10/AporEnerMediHist_Sistema.ndjson.gz#AporEnerMediHist:Sistema:2020-10-01:2020-10-31
2020-10-17,CapaUtilDiarEner,16946671413,kWh,xm:servapibi,2026-09-22T19:13:01Z,xm/2020/10/CapaUtilDiarEner_Sistema.ndjson.gz#CapaUtilDiarEner:Sistema:2020-10-01:2020-10-31
2020-10-17,DemaSIN,198349558.38,kWh,xm:servapibi,2026-09-22T19:13:06Z,xm/2020/10/DemaSIN_Sistema.ndjson.gz#DemaSIN:Sistema:2020-10-01:2020-10-31
2020-10-17,PorcApor,0.50353,fraction,xm:servapibi,2026-09-22T19:13:05Z,xm/2020/10/PorcApor_Sistema.ndjson.gz#PorcApor:Sistema:2020-10-01:2020-10-31
2020-10-17,PorcVoluUtilDiar,0.68305,fraction,xm:servapibi,2026-09-22T19:12:59Z,xm/2020/10/PorcVoluUtilDiar_Sistema.ndjson.gz#PorcVoluUtilDiar:Sistema:2020-10-01:2020-10-31
2020-10-17,PrecBolsNaci,207.17632333333333,COP/kWh,xm:servapibi,2026-09-22T19:13:09Z,xm/2020/10/PrecBolsNaci_Sistema.ndjson.gz#PrecBolsNaci:Sistema:2020-10-01:2020-10-31
2020-10-17,PrecEscaAct,585.4071,COP/kWh,xm:servapibi,2026-09-22T19:13:08Z,xm/2020/10/PrecEscaAct_Sistema.ndjson.gz#PrecEscaAct:Sistema:2020-10-01:2020-10-31
2020-10-17,VoluUtilDiarEner,11575339400,kWh,xm:servapibi,2026-09-22T19:13:00Z,xm/2020/10/VoluUtilDiarEner_Sistema.ndjson.gz#VoluUtilDiarEner:Sistema:2020-10-01:2020-10-31
2020-10-18,AporEner,111313500,kWh,xm:servapibi,2026-09-22T19:13:03Z,xm/2020/10/AporEner_Sistema.ndjson.gz#AporEner:Sistema:2020-10-01:2020-10-31
2020-10-18,AporEnerMediHist,203570000,kWh,xm:servapibi,2026-09-22T19:13:04Z,xm/2020/10/AporEnerMediHist_Sistema.ndjson.gz#AporEnerMediHist:Sistema:2020-10-01:2020-10-31
2020-10-18,CapaUtilDiarEner,16946671413,kWh,xm:servapibi,2026-09-22T19:13:01Z,xm/2020/10/CapaUtilDiarEner_Sistema.ndjson.gz#CapaUtilDiarEner:Sistema:2020-10-01:2020-10-31
2020-10-18,DemaSIN,176702311.33,kWh,xm:servapibi,2026-09-22T19:13:06Z,xm/2020/10/DemaSIN_Sistema.ndjson.gz#DemaSIN:Sistema:2020-10-01:2020-10-31
2020-10-18,PorcApor,0.54681,fraction,xm:servapibi,2026-09-22T19:13:05Z,xm/2020/10/PorcApor_Sistema.ndjson.gz#PorcApor:Sistema:2020-10-01:2020-10-31
2020-10-18,PorcVoluUtilDiar,0.68285,fraction,xm:servapibi,2026-09-22T19:12:59Z,xm/2020/10/PorcVoluUtilDiar_Sistema.ndjson.gz#PorcVoluUtilDiar:Sistema:2020-10-01:2020-10-31
2020-10-18,PrecBolsNaci,194.07846000000006,COP/kWh,xm:servapibi,2026-09-22T19:13:09Z,xm/2020/10/PrecBolsNaci_Sistema.ndjson.gz#PrecBolsNaci:Sistema:2020-10-01:2020-10-31
2020-10-18,PrecEscaAct,585.4071,COP/kWh,xm:servapibi,2026-09-22T19:13:08Z,xm/2020/10/PrecEscaAct_Sistema.ndjson.gz#PrecEscaAct:Sistema:2020-10-01:2020-10-31
2020-10-18,VoluUtilDiarEner,11572090700,kWh,xm:servapibi,2026-09-22T19:13:00Z,xm/2020/10/VoluUtilDiarEner_Sistema.ndjson.gz#VoluUtilDiarEner:Sistema:2020-10-01:2020-10-31
2020-10-19,AporEner,126193600,kWh,xm:servapibi,2026-09-22T19:13:03Z,xm/2020/10/AporEner_Sistema.ndjson.gz#AporEner:Sistema:2020-10-01:2020-10-31
2020-10-19,AporEnerMediHist,203570000,kWh,xm:servapibi,2026-09-22T19:13:04Z,xm/2020/10/AporEnerMediHist_Sistema.ndjson.gz#AporEnerMediHist:Sistema:2020-10-01:2020-10-31
2020-10-19,CapaUtilDiarEner,16946671413,kWh,xm:servapibi,2026-09-22T19:13:01Z,xm/2020/10/CapaUtilDiarEner_Sistema.ndjson.gz#CapaUtilDiarEner:Sistema:2020-10-01:2020-10-31
2020-10-19,DemaSIN,195638852,kWh,xm:servapibi,2026-09-22T19:13:06Z,xm/2020/10/DemaSIN_Sistema.ndjson.gz#DemaSIN:Sistema:2020-10-01:2020-10-31
2020-10-19,PorcApor,0.6199,fraction,xm:servapibi,2026-09-22T19:13:05Z,xm/2020/10/PorcApor_Sistema.ndjson.gz#PorcApor:Sistema:2020-10-01:2020-10-31
2020-10-19,PorcVoluUtilDiar,0.68194,fraction,xm:servapibi,2026-09-22T19:12:59Z,xm/2020/10/PorcVoluUtilDiar_Sistema.ndjson.gz#PorcVoluUtilDiar:Sistema:2020-10-01:2020-10-31
2020-10-19,PrecBolsNaci,185.47393000000002,COP/kWh,xm:servapibi,2026-09-22T19:13:09Z,xm/2020/10/PrecBolsNaci_Sistema.ndjson.gz#PrecBolsNaci:Sistema:2020-10-01:2020-10-31
2020-10-19,PrecEscaAct,585.4071,COP/kWh,xm:servapibi,2026-09-22T19:13:08Z,xm/2020/10/PrecEscaAct_Sistema.ndjson.gz#PrecEscaAct:Sistema:2020-10-01:2020-10-31
2020-10-19,VoluUtilDiarEner,11556592300,kWh,xm:servapibi,2026-09-22T19:13:00Z,xm/2020/10/VoluUtilDiarEner_Sistema.ndjson.gz#VoluUtilDiarEner:Sistema:2020-10-01:2020-10-31
2020-10-20,AporEner,102767000,kWh,xm:servapibi,2026-09-22T19:13:03Z,xm/2020/10/AporEner_Sistema.ndjson.gz#AporEner:Sistema:2020-10-01:2020-10-31
2020-10-20,AporEnerMediHist,203570000,kWh,xm:servapibi,2026-09-22T19:13:04Z,xm/2020/10/AporEnerMediHist_Sistema.ndjson.gz#AporEnerMediHist:Sistema:2020-10-01:2020-10-31
2020-10-20,CapaUtilDiarEner,16946671413,kWh,xm:servapibi,2026-09-22T19:13:01Z,xm/2020/10/CapaUtilDiarEner_Sistema.ndjson.gz#CapaUtilDiarEner:Sistema:2020-10-01:2020-10-31
2020-10-20,DemaSIN,200257954.29,kWh,xm:servapibi,2026-09-22T19:13:06Z,xm/2020/10/DemaSIN_Sistema.ndjson.gz#DemaSIN:Sistema:2020-10-01:2020-10-31
2020-10-20,PorcApor,0.50482,fraction,xm:servapibi,2026-09-22T19:13:05Z,xm/2020/10/PorcApor_Sistema.ndjson.gz#PorcApor:Sistema:2020-10-01:2020-10-31
2020-10-20,PorcVoluUtilDiar,0.67963,fraction,xm:servapibi,2026-09-22T19:12:59Z,xm/2020/10/PorcVoluUtilDiar_Sistema.ndjson.gz#PorcVoluUtilDiar:Sistema:2020-10-01:2020-10-31
2020-10-20,PrecBolsNaci,205.09960500000003,COP/kWh,xm:servapibi,2026-09-22T19:13:09Z,xm/2020/10/PrecBolsNaci_Sistema.ndjson.gz#PrecBolsNaci:Sistema:2020-10-01:2020-10-31
2020-10-20,PrecEscaAct,585.4071,COP/kWh,xm:servapibi,2026-09-22T19:13:08Z,xm/2020/10/PrecEscaAct_Sistema.ndjson.gz#PrecEscaAct:Sistema:2020-10-01:2020-10-31
2020-10-20,VoluUtilDiarEner,11517431300,kWh,xm:servapibi,2026-09-22T19:13:00Z,xm/2020/10/VoluUtilDiarEner_Sistema.ndjson.gz#VoluUtilDiarEner:Sistema:2020-10-01:2020-10-31
2020-10-21,AporEner,109548600,kWh,xm:servapibi,2026-09-22T19:13:03Z,xm/2020/10/AporEner_Sistema.ndjson.gz#AporEner:Sistema:2020-10-01:2020-10-31
2020-10-21,AporEnerMediHist,203570000,kWh,xm:servapibi,2026-09-22T19:13:04Z,xm/2020/10/AporEnerMediHist_Sistema.ndjson.gz#AporEnerMediHist:Sistema:2020-10-01:2020-10-31
2020-10-21,CapaUtilDiarEner,16946671413,kWh,xm:servapibi,2026-09-22T19:13:01Z,xm/2020/10/CapaUtilDiarEner_Sistema.ndjson.gz#CapaUtilDiarEner:Sistema:2020-10-01:2020-10-31
2020-10-21,DemaSIN,203685345.9,kWh,xm:servapibi,2026-09-22T19:13:06Z,xm/2020/10/DemaSIN_Sistema.ndjson.gz#DemaSIN:Sistema:2020-10-01:2020-10-31
2020-10-21,PorcApor,0.53814,fraction,xm:servapibi,2026-09-22T19:13:05Z,xm/2020/10/PorcApor_Sistema.ndjson.gz#PorcApor:Sistema:2020-10-01:2020-10-31
2020-10-21,PorcVoluUtilDiar,0.67763,fraction,xm:servapibi,2026-09-22T19:12:59Z,xm/2020/10/PorcVoluUtilDiar_Sistema.ndjson.gz#PorcVoluUtilDiar:Sistema:2020-10-01:2020-10-31
2020-10-21,PrecBolsNaci,258.83307833333333,COP/kWh,xm:servapibi,2026-09-22T19:13:09Z,xm/2020/10/PrecBolsNaci_Sistema.ndjson.gz#PrecBolsNaci:Sistema:2020-10-01:2020-10-31
2020-10-21,PrecEscaAct,585.4071,COP/kWh,xm:servapibi,2026-09-22T19:13:08Z,xm/2020/10/PrecEscaAct_Sistema.ndjson.gz#PrecEscaAct:Sistema:2020-10-01:2020-10-31
2020-10-21,VoluUtilDiarEner,11483559200,kWh,xm:servapibi,2026-09-22T19:13:00Z,xm/2020/10/VoluUtilDiarEner_Sistema.ndjson.gz#VoluUtilDiarEner:Sistema:2020-10-01:2020-10-31
2020-10-22,AporEner,158585400,kWh,xm:servapibi,2026-09-22T19:13:03Z,xm/2020/10/AporEner_Sistema.ndjson.gz#AporEner:Sistema:2020-10-01:2020-10-31
2020-10-22,AporEnerMediHist,203570000,kWh,xm:servapibi,2026-09-22T19:13:04Z,xm/2020/10/AporEnerMediHist_Sistema.ndjson.gz#AporEnerMediHist:Sistema:2020-10-01:2020-10-31
2020-10-22,CapaUtilDiarEner,16946671413,kWh,xm:servapibi,2026-09-22T19:13:01Z,xm/2020/10/CapaUtilDiarEner_Sistema.ndjson.gz#CapaUtilDiarEner:Sistema:2020-10-01:2020-10-31
2020-10-22,DemaSIN,206383078.29,kWh,xm:servapibi,2026-09-22T19:13:06Z,xm/2020/10/DemaSIN_Sistema.ndjson.gz#DemaSIN:Sistema:2020-10-01:2020-10-31
2020-10-22,PorcApor,0.77902,fraction,xm:servapibi,2026-09-22T19:13:05Z,xm/2020/10/PorcApor_Sistema.ndjson.gz#PorcApor:Sistema:2020-10-01:2020-10-31
2020-10-22,PorcVoluUtilDiar,0.67847,fraction,xm:servapibi,2026-09-22T19:12:59Z,xm/2020/10/PorcVoluUtilDiar_Sistema.ndjson.gz#PorcVoluUtilDiar:Sistema:2020-10-01:2020-10-31
2020-10-22,PrecBolsNaci,295.5576899999999,COP/kWh,xm:servapibi,2026-09-22T19:13:09Z,xm/2020/10/PrecBolsNaci_Sistema.ndjson.gz#PrecBolsNaci:Sistema:2020-10-01:2020-10-31
2020-10-22,PrecEscaAct,585.4071,COP/kWh,xm:servapibi,2026-09-22T19:13:08Z,xm/2020/10/PrecEscaAct_Sistema.ndjson.gz#PrecEscaAct:Sistema:2020-10-01:2020-10-31
2020-10-22,VoluUtilDiarEner,11497870100,kWh,xm:servapibi,2026-09-22T19:13:00Z,xm/2020/10/VoluUtilDiarEner_Sistema.ndjson.gz#VoluUtilDiarEner:Sistema:2020-10-01:2020-10-31
2020-10-23,AporEner,132428700,kWh,xm:servapibi,2026-09-22T19:13:03Z,xm/2020/10/AporEner_Sistema.ndjson.gz#AporEner:Sistema:2020-10-01:2020-10-31
2020-10-23,AporEnerMediHist,203570000,kWh,xm:servapibi,2026-09-22T19:13:04Z,xm/2020/10/AporEnerMediHist_Sistema.ndjson.gz#AporEnerMediHist:Sistema:2020-10-01:2020-10-31
2020-10-23,CapaUtilDiarEner,16946671413,kWh,xm:servapibi,2026-09-22T19:13:01Z,xm/2020/10/CapaUtilDiarEner_Sistema.ndjson.gz#CapaUtilDiarEner:Sistema:2020-10-01:2020-10-31
2020-10-23,DemaSIN,206264814.19,kWh,xm:servapibi,2026-09-22T19:13:06Z,xm/2020/10/DemaSIN_Sistema.ndjson.gz#DemaSIN:Sistema:2020-10-01:2020-10-31
2020-10-23,PorcApor,0.65053,fraction,xm:servapibi,2026-09-22T19:13:05Z,xm/2020/10/PorcApor_Sistema.ndjson.gz#PorcApor:Sistema:2020-10-01:2020-10-31
2020-10-23,PorcVoluUtilDiar,0.67762,fraction,xm:servapibi,2026-09-22T19:12:59Z,xm/2020/10/PorcVoluUtilDiar_Sistema.ndjson.gz#PorcVoluUtilDiar:Sistema:2020-10-01:2020-10-31
2020-10-23,PrecBolsNaci,323.09519333333327,COP/kWh,xm:servapibi,2026-09-22T19:13:09Z,xm/2020/10/PrecBolsNaci_Sistema.ndjson.gz#PrecBolsNaci:Sistema:2020-10-01:2020-10-31
2020-10-23,PrecEscaAct,585.4071,COP/kWh,xm:servapibi,2026-09-22T19:13:08Z,xm/2020/10/PrecEscaAct_Sistema.ndjson.gz#PrecEscaAct:Sistema:2020-10-01:2020-10-31
2020-10-23,VoluUtilDiarEner,11483428600,kWh,xm:servapibi,2026-09-22T19:13:00Z,xm/2020/10/VoluUtilDiarEner_Sistema.ndjson.gz#VoluUtilDiarEner:Sistema:2020-10-01:2020-10-31
2020-10-24,AporEner,165145000,kWh,xm:servapibi,2026-09-22T19:13:03Z,xm/2020/10/AporEner_Sistema.ndjson.gz#AporEner:Sistema:2020-10-01:2020-10-31
2020-10-24,AporEnerMediHist,203570000,kWh,xm:servapibi,2026-09-22T19:13:04Z,xm/2020/10/AporEnerMediHist_Sistema.ndjson.gz#AporEnerMediHist:Sistema:2020-10-01:2020-10-31
2020-10-24,CapaUtilDiarEner,16946671413,kWh,xm:servapibi,2026-09-22T19:13:01Z,xm/2020/10/CapaUtilDiarEner_Sistema.ndjson.gz#CapaUtilDiarEner:Sistema:2020-10-01:2020-10-31
2020-10-24,DemaSIN,193274108.01,kWh,xm:servapibi,2026-09-22T19:13:06Z,xm/2020/10/DemaSIN_Sistema.ndjson.gz#DemaSIN:Sistema:2020-10-01:2020-10-31
2020-10-24,PorcApor,0.81124,fraction,xm:servapibi,2026-09-22T19:13:05Z,xm/2020/10/PorcApor_Sistema.ndjson.gz#PorcApor:Sistema:2020-10-01:2020-10-31
2020-10-24,PorcVoluUtilDiar,0.68078,fraction,xm:servapibi,2026-09-22T19:12:59Z,xm/2020/10/PorcVoluUtilDiar_Sistema.ndjson.gz#PorcVoluUtilDiar:Sistema:2020-10-01:2020-10-31
2020-10-24,PrecBolsNaci,275.7521299999999,COP/kWh,xm:servapibi,2026-09-22T19:13:09Z,xm/2020/10/PrecBolsNaci_Sistema.ndjson.gz#PrecBolsNaci:Sistema:2020-10-01:2020-10-31
2020-10-24,PrecEscaAct,585.4071,COP/kWh,xm:servapibi,2026-09-22T19:13:08Z,xm/2020/10/PrecEscaAct_Sistema.ndjson.gz#PrecEscaAct:Sistema:2020-10-01:2020-10-31
2020-10-24,VoluUtilDiarEner,11536975300,kWh,xm:servapibi,2026-09-22T19:13:00Z,xm/2020/10/VoluUtilDiarEner_Sistema.ndjson.gz#VoluUtilDiarEner:Sistema:2020-10-01:2020-10-31
2020-10-25,AporEner,121732000,kWh,xm:servapibi,2026-09-22T19:13:03Z,xm/2020/10/AporEner_Sistema.ndjson.gz#AporEner:Sistema:2020-10-01:2020-10-31
2020-10-25,AporEnerMediHist,203570000,kWh,xm:servapibi,2026-09-22T19:13:04Z,xm/2020/10/AporEnerMediHist_Sistema.ndjson.gz#AporEnerMediHist:Sistema:2020-10-01:2020-10-31
2020-10-25,CapaUtilDiarEner,16946671413,kWh,xm:servapibi,2026-09-22T19:13:01Z,xm/2020/10/CapaUtilDiarEner_Sistema.ndjson.gz#CapaUtilDiarEner:Sistema:2020-10-01:2020-10-31
2020-10-25,DemaSIN,176075662.39,kWh,xm:servapibi,2026-09-22T19:13:06Z,xm/2020/10/DemaSIN_Sistema.ndjson.gz#DemaSIN:Sistema:2020-10-01:2020-10-31
2020-10-25,PorcApor,0.59799,fraction,xm:servapibi,2026-09-22T19:13:05Z,xm/2020/10/PorcApor_Sistema.ndjson.gz#PorcApor:Sistema:2020-10-01:2020-10-31
2020-10-25,PorcVoluUtilDiar,0.68074,fraction,xm:servapibi,2026-09-22T19:12:59Z,xm/2020/10/PorcVoluUtilDiar_Sistema.ndjson.gz#PorcVoluUtilDiar:Sistema:2020-10-01:2020-10-31
2020-10-25,PrecBolsNaci,204.54842333333332,COP/kWh,xm:servapibi,2026-09-22T19:13:09Z,xm/2020/10/PrecBolsNaci_Sistema.ndjson.gz#PrecBolsNaci:Sistema:2020-10-01:2020-10-31
2020-10-25,PrecEscaAct,585.4071,COP/kWh,xm:servapibi,2026-09-22T19:13:08Z,xm/2020/10/PrecEscaAct_Sistema.ndjson.gz#PrecEscaAct:Sistema:2020-10-01:2020-10-31
2020-10-25,VoluUtilDiarEner,11536361700,kWh,xm:servapibi,2026-09-22T19:13:00Z,xm/2020/10/VoluUtilDiarEner_Sistema.ndjson.gz#VoluUtilDiarEner:Sistema:2020-10-01:2020-10-31
2020-10-26,AporEner,124268600,kWh,xm:servapibi,2026-09-22T19:13:03Z,xm/2020/10/AporEner_Sistema.ndjson.gz#AporEner:Sistema:2020-10-01:2020-10-31
2020-10-26,AporEnerMediHist,203570000,kWh,xm:servapibi,2026-09-22T19:13:04Z,xm/2020/10/AporEnerMediHist_Sistema.ndjson.gz#AporEnerMediHist:Sistema:2020-10-01:2020-10-31
2020-10-26,CapaUtilDiarEner,16946671413,kWh,xm:servapibi,2026-09-22T19:13:01Z,xm/2020/10/CapaUtilDiarEner_Sistema.ndjson.gz#CapaUtilDiarEner:Sistema:2020-10-01:2020-10-31
2020-10-26,DemaSIN,202705224.69,kWh,xm:servapibi,2026-09-22T19:13:06Z,xm/2020/10/DemaSIN_Sistema.ndjson.gz#DemaSIN:Sistema:2020-10-01:2020-10-31
2020-10-26,PorcApor,0.61045,fraction,xm:servapibi,2026-09-22T19:13:05Z,xm/2020/10/PorcApor_Sistema.ndjson.gz#PorcApor:Sistema:2020-10-01:2020-10-31
2020-10-26,PorcVoluUtilDiar,0.67964,fraction,xm:servapibi,2026-09-22T19:12:59Z,xm/2020/10/PorcVoluUtilDiar_Sistema.ndjson.gz#PorcVoluUtilDiar:Sistema:2020-10-01:2020-10-31
2020-10-26,PrecBolsNaci,243.04871666666668,COP/kWh,xm:servapibi,2026-09-22T19:13:09Z,xm/2020/10/PrecBolsNaci_Sistema.ndjson.gz#PrecBolsNaci:Sistema:2020-10-01:2020-10-31
2020-10-26,PrecEscaAct,585.4071,COP/kWh,xm:servapibi,2026-09-22T19:13:08Z,xm/2020/10/PrecEscaAct_Sistema.ndjson.gz#PrecEscaAct:Sistema:2020-10-01:2020-10-31
2020-10-26,VoluUtilDiarEner,11517594200,kWh,xm:servapibi,2026-09-22T19:13:00Z,xm/2020/10/VoluUtilDiarEner_Sistema.ndjson.gz#VoluUtilDiarEner:Sistema:2020-10-01:2020-10-31
2020-10-27,AporEner,115727500,kWh,xm:servapibi,2026-09-22T19:13:03Z,xm/2020/10/AporEner_Sistema.ndjson.gz#AporEner:Sistema:2020-10-01:2020-10-31
2020-10-27,AporEnerMediHist,203570000,kWh,xm:servapibi,2026-09-22T19:13:04Z,xm/2020/10/AporEnerMediHist_Sistema.ndjson.gz#AporEnerMediHist:Sistema:2020-10-01:2020-10-31
2020-10-27,CapaUtilDiarEner,16946671413,kWh,xm:servapibi,2026-09-22T19:13:01Z,xm/2020/10/CapaUtilDiarEner_Sistema.ndjson.gz#CapaUtilDiarEner:Sistema:2020-10-01:2020-10-31
2020-10-27,DemaSIN,208908897.93,kWh,xm:servapibi,2026-09-22T19:13:06Z,xm/2020/10/DemaSIN_Sistema.ndjson.gz#DemaSIN:Sistema:2020-10-01:2020-10-31
2020-10-27,PorcApor,0.56849,fraction,xm:servapibi,2026-09-22T19:13:05Z,xm/2020/10/PorcApor_Sistema.ndjson.gz#PorcApor:Sistema:2020-10-01:2020-10-31
2020-10-27,PorcVoluUtilDiar,0.677,fraction,xm:servapibi,2026-09-22T19:12:59Z,xm/2020/10/PorcVoluUtilDiar_Sistema.ndjson.gz#PorcVoluUtilDiar:Sistema:2020-10-01:2020-10-31
2020-10-27,PrecBolsNaci,264.4468683333334,COP/kWh,xm:servapibi,2026-09-22T19:13:09Z,xm/2020/10/PrecBolsNaci_Sistema.ndjson.gz#PrecBolsNaci:Sistema:2020-10-01:2020-10-31
2020-10-27,PrecEscaAct,585.4071,COP/kWh,xm:servapibi,2026-09-22T19:13:08Z,xm/2020/10/PrecEscaAct_Sistema.ndjson.gz#PrecEscaAct:Sistema:2020-10-01:2020-10-31
2020-10-27,VoluUtilDiarEner,11472944600,kWh,xm:servapibi,2026-09-22T19:13:00Z,xm/2020/10/VoluUtilDiarEner_Sistema.ndjson.gz#VoluUtilDiarEner:Sistema:2020-10-01:2020-10-31
2020-10-28,AporEner,136653800,kWh,xm:servapibi,2026-09-22T19:13:03Z,xm/2020/10/AporEner_Sistema.ndjson.gz#AporEner:Sistema:2020-10-01:2020-10-31
2020-10-28,AporEnerMediHist,203570000,kWh,xm:servapibi,2026-09-22T19:13:04Z,xm/2020/10/AporEnerMediHist_Sistema.ndjson.gz#AporEnerMediHist:Sistema:2020-10-01:2020-10-31
2020-10-28,CapaUtilDiarEner,16946671413,kWh,xm:servapibi,2026-09-22T19:13:01Z,xm/2020/10/CapaUtilDiarEner_Sistema.ndjson.gz#CapaUtilDiarEner:Sistema:2020-10-01:2020-10-31
2020-10-28,DemaSIN,206856495.85,kWh,xm:servapibi,2026-09-22T19:13:06Z,xm/2020/10/DemaSIN_Sistema.ndjson.gz#DemaSIN:Sistema:2020-10-01:2020-10-31
2020-10-28,PorcApor,0.67129,fraction,xm:servapibi,2026-09-22T19:13:05Z,xm/2020/10/PorcApor_Sistema.ndjson.gz#PorcApor:Sistema:2020-10-01:2020-10-31
2020-10-28,PorcVoluUtilDiar,0.67593,fraction,xm:servapibi,2026-09-22T19:12:59Z,xm/2020/10/PorcVoluUtilDiar_Sistema.ndjson.gz#PorcVoluUtilDiar:Sistema:2020-10-01:2020-10-31
2020-10-28,PrecBolsNaci,238.41258000000002,COP/kWh,xm:servapibi,2026-09-22T19:13:09Z,xm/2020/10/PrecBolsNaci_Sistema.ndjson.gz#PrecBolsNaci:Sistema:2020-10-01:2020-10-31
2020-10-28,PrecEscaAct,585.4071,COP/kWh,xm:servapibi,2026-09-22T19:13:08Z,xm/2020/10/PrecEscaAct_Sistema.ndjson.gz#PrecEscaAct:Sistema:2020-10-01:2020-10-31
2020-10-28,VoluUtilDiarEner,11454777300,kWh,xm:servapibi,2026-09-22T19:13:00Z,xm/2020/10/VoluUtilDiarEner_Sistema.ndjson.gz#VoluUtilDiarEner:Sistema:2020-10-01:2020-10-31
2020-10-29,AporEner,132910800,kWh,xm:servapibi,2026-09-22T19:13:03Z,xm/2020/10/AporEner_Sistema.ndjson.gz#AporEner:Sistema:2020-10-01:2020-10-31
2020-10-29,AporEnerMediHist,203570000,kWh,xm:servapibi,2026-09-22T19:13:04Z,xm/2020/10/AporEnerMediHist_Sistema.ndjson.gz#AporEnerMediHist:Sistema:2020-10-01:2020-10-31
2020-10-29,CapaUtilDiarEner,16946671413,kWh,xm:servapibi,2026-09-22T19:13:01Z,xm/2020/10/CapaUtilDiarEner_Sistema.ndjson.gz#CapaUtilDiarEner:Sistema:2020-10-01:2020-10-31
2020-10-29,DemaSIN,205887140.34,kWh,xm:servapibi,2026-09-22T19:13:06Z,xm/2020/10/DemaSIN_Sistema.ndjson.gz#DemaSIN:Sistema:2020-10-01:2020-10-31
2020-10-29,PorcApor,0.6529,fraction,xm:servapibi,2026-09-22T19:13:05Z,xm/2020/10/PorcApor_Sistema.ndjson.gz#PorcApor:Sistema:2020-10-01:2020-10-31
2020-10-29,PorcVoluUtilDiar,0.67457,fraction,xm:servapibi,2026-09-22T19:12:59Z,xm/2020/10/PorcVoluUtilDiar_Sistema.ndjson.gz#PorcVoluUtilDiar:Sistema:2020-10-01:2020-10-31
2020-10-29,PrecBolsNaci,218.28299166666667,COP/kWh,xm:servapibi,2026-09-22T19:13:09Z,xm/2020/10/PrecBolsNaci_Sistema.ndjson.gz#PrecBolsNaci:Sistema:2020-10-01:2020-10-31
2020-10-29,PrecEscaAct,585.4071,COP/kWh,xm:servapibi,2026-09-22T19:13:08Z,xm/2020/10/PrecEscaAct_Sistema.ndjson.gz#PrecEscaAct:Sistema:2020-10-01:2020-10-31
2020-10-29,VoluUtilDiarEner,11431772800,kWh,xm:servapibi,2026-09-22T19:13:00Z,xm/2020/10/VoluUtilDiarEner_Sistema.ndjson.gz#VoluUtilDiarEner:Sistema:2020-10-01:2020-10-31
2020-10-30,AporEner,123474500,kWh,xm:servapibi,2026-09-22T19:13:03Z,xm/2020/10/AporEner_Sistema.ndjson.gz#AporEner:Sistema:2020-10-01:2020-10-31
2020-10-30,AporEnerMediHist,203570000,kWh,xm:servapibi,2026-09-22T19:13:04Z,xm/2020/10/AporEnerMediHist_Sistema.ndjson.gz#AporEnerMediHist:Sistema:2020-10-01:2020-10-31
2020-10-30,CapaUtilDiarEner,16946671413,kWh,xm:servapibi,2026-09-22T19:13:01Z,xm/2020/10/CapaUtilDiarEner_Sistema.ndjson.gz#CapaUtilDiarEner:Sistema:2020-10-01:2020-10-31
2020-10-30,DemaSIN,205827460.48,kWh,xm:servapibi,2026-09-22T19:13:06Z,xm/2020/10/DemaSIN_Sistema.ndjson.gz#DemaSIN:Sistema:2020-10-01:2020-10-31
2020-10-30,PorcApor,0.60655,fraction,xm:servapibi,2026-09-22T19:13:05Z,xm/2020/10/PorcApor_Sistema.ndjson.gz#PorcApor:Sistema:2020-10-01:2020-10-31
2020-10-30,PorcVoluUtilDiar,0.67206,fraction,xm:servapibi,2026-09-22T19:12:59Z,xm/2020/10/PorcVoluUtilDiar_Sistema.ndjson.gz#PorcVoluUtilDiar:Sistema:2020-10-01:2020-10-31
2020-10-30,PrecBolsNaci,202.52431666666664,COP/kWh,xm:servapibi,2026-09-22T19:13:09Z,xm/2020/10/PrecBolsNaci_Sistema.ndjson.gz#PrecBolsNaci:Sistema:2020-10-01:2020-10-31
2020-10-30,PrecEscaAct,585.4071,COP/kWh,xm:servapibi,2026-09-22T19:13:08Z,xm/2020/10/PrecEscaAct_Sistema.ndjson.gz#PrecEscaAct:Sistema:2020-10-01:2020-10-31
2020-10-30,VoluUtilDiarEner,11389142700,kWh,xm:servapibi,2026-09-22T19:13:00Z,xm/2020/10/VoluUtilDiarEner_Sistema.ndjson.gz#VoluUtilDiarEner:Sistema:2020-10-01:2020-10-31
2020-10-31,AporEner,225570600,kWh,xm:servapibi,2026-09-22T19:13:03Z,xm/2020/10/AporEner_Sistema.ndjson.gz#AporEner:Sistema:2020-10-01:2020-10-31
2020-10-31,AporEnerMediHist,203570000,kWh,xm:servapibi,2026-09-22T19:13:04Z,xm/2020/10/AporEnerMediHist_Sistema.ndjson.gz#AporEnerMediHist:Sistema:2020-10-01:2020-10-31
2020-10-31,CapaUtilDiarEner,16946671413,kWh,xm:servapibi,2026-09-22T19:13:01Z,xm/2020/10/CapaUtilDiarEner_Sistema.ndjson.gz#CapaUtilDiarEner:Sistema:2020-10-01:2020-10-31
2020-10-31,DemaSIN,191342459.26,kWh,xm:servapibi,2026-09-22T19:13:06Z,xm/2020/10/DemaSIN_Sistema.ndjson.gz#DemaSIN:Sistema:2020-10-01:2020-10-31
2020-10-31,PorcApor,1.10807,fraction,xm:servapibi,2026-09-22T19:13:05Z,xm/2020/10/PorcApor_Sistema.ndjson.gz#PorcApor:Sistema:2020-10-01:2020-10-31
2020-10-31,PorcVoluUtilDiar,0.67853,fraction,xm:servapibi,2026-09-22T19:12:59Z,xm/2020/10/PorcVoluUtilDiar_Sistema.ndjson.gz#PorcVoluUtilDiar:Sistema:2020-10-01:2020-10-31
2020-10-31,PrecBolsNaci,187.3383533333334,COP/kWh,xm:servapibi,2026-09-22T19:13:09Z,xm/2020/10/PrecBolsNaci_Sistema.ndjson.gz#PrecBolsNaci:Sistema:2020-10-01:2020-10-31
2020-10-31,PrecEscaAct,585.4071,COP/kWh,xm:servapibi,2026-09-22T19:13:08Z,xm/2020/10/PrecEscaAct_Sistema.ndjson.gz#PrecEscaAct:Sistema:2020-10-01:2020-10-31
2020-10-31,VoluUtilDiarEner,11498831000,kWh,xm:servapibi,2026-09-22T19:13:00Z,xm/2020/10/VoluUtilDiarEner_Sistema.ndjson.gz#VoluUtilDiarEner:Sistema:2020-10-01:2020-10-31
2020-11-01,AporEner,299422300,kWh,xm:servapibi,2026-09-22T19:13:17Z,xm/2020/11/AporEner_Sistema.ndjson.gz#AporEner:Sistema:2020-11-01:2020-11-30
2020-11-01,AporEnerMediHist,206600000,kWh,xm:servapibi,2026-09-22T19:13:19Z,xm/2020/11/AporEnerMediHist_Sistema.ndjson.gz#AporEnerMediHist:Sistema:2020-11-01:2020-11-30
2020-11-01,CapaUtilDiarEner,16946671413,kWh,xm:servapibi,2026-09-22T19:13:16Z,xm/2020/11/CapaUtilDiarEner_Sistema.ndjson.gz#CapaUtilDiarEner:Sistema:2020-11-01:2020-11-30
2020-11-01,DemaSIN,168924100.08,kWh,xm:servapibi,2026-09-22T19:13:21Z,xm/2020/11/DemaSIN_Sistema.ndjson.gz#DemaSIN:Sistema:2020-11-01:2020-11-30
2020-11-01,PorcApor,1.44929,fraction,xm:servapibi,2026-09-22T19:13:20Z,xm/2020/11/PorcApor_Sistema.ndjson.gz#PorcApor:Sistema:2020-11-01:2020-11-30
2020-11-01,PorcVoluUtilDiar,0.68899,fraction,xm:servapibi,2026-09-22T19:13:13Z,xm/2020/11/PorcVoluUtilDiar_Sistema.ndjson.gz#PorcVoluUtilDiar:Sistema:2020-11-01:2020-11-30
2020-11-01,PrecBolsNaci,142.20916666666665,COP/kWh,xm:servapibi,2026-09-22T19:13:24Z,xm/2020/11/PrecBolsNaci_Sistema.ndjson.gz#PrecBolsNaci:Sistema:2020-11-01:2020-11-30
2020-11-01,PrecEscaAct,570.46068,COP/kWh,xm:servapibi,2026-09-22T19:13:23Z,xm/2020/11/PrecEscaAct_Sistema.ndjson.gz#PrecEscaAct:Sistema:2020-11-01:2020-11-30
2020-11-01,VoluUtilDiarEner,11676045000,kWh,xm:servapibi,2026-09-22T19:13:15Z,xm/2020/11/VoluUtilDiarEner_Sistema.ndjson.gz#VoluUtilDiarEner:Sistema:2020-11-01:2020-11-30
2020-11-02,AporEner,161847900,kWh,xm:servapibi,2026-09-22T19:13:17Z,xm/2020/11/AporEner_Sistema.ndjson.gz#AporEner:Sistema:2020-11-01:2020-11-30
2020-11-02,AporEnerMediHist,206600000,kWh,xm:servapibi,2026-09-22T19:13:19Z,xm/2020/11/AporEnerMediHist_Sistema.ndjson.gz#AporEnerMediHist:Sistema:2020-11-01:2020-11-30
2020-11-02,CapaUtilDiarEner,16946671413,kWh,xm:servapibi,2026-09-22T19:13:16Z,xm/2020/11/CapaUtilDiarEner_Sistema.ndjson.gz#CapaUtilDiarEner:Sistema:2020-11-01:2020-11-30
2020-11-02,DemaSIN,178076140.6,kWh,xm:servapibi,2026-09-22T19:13:21Z,xm/2020/11/DemaSIN_Sistema.ndjson.gz#DemaSIN:Sistema:2020-11-01:2020-11-30
2020-11-02,PorcApor,0.78339,fraction,xm:servapibi,2026-09-22T19:13:20Z,xm/2020/11/PorcApor_Sistema.ndjson.gz#PorcApor:Sistema:2020-11-01:2020-11-30
2020-11-02,PorcVoluUtilDiar,0.69057,fraction,xm:servapibi,2026-09-22T19:13:13Z,xm/2020/11/PorcVoluUtilDiar_Sistema.ndjson.gz#PorcVoluUtilDiar:Sistema:2020-11-01:2020-11-30
2020-11-02,PrecBolsNaci,189.47166833333333,COP/kWh,xm:servapibi,2026-09-22T19:13:24Z,xm/2020/11/PrecBolsNaci_Sistema.ndjson.gz#PrecBolsNaci:Sistema:2020-11-01:2020-11-30
2020-11-02,PrecEscaAct,570.46068,COP/kWh,xm:servapibi,2026-09-22T19:13:23Z,xm/2020/11/PrecEscaAct_Sistema.ndjson.gz#PrecEscaAct:Sistema:2020-11-01:2020-11-30
2020-11-02,VoluUtilDiarEner,11702859500,kWh,xm:servapibi,2026-09-22T19:13:15Z,xm/2020/11/VoluUtilDiarEner_Sistema.ndjson.gz#VoluUtilDiarEner:Sistema:2020-11-01:2020-11-30
2020-11-03,AporEner,167550600,kWh,xm:servapibi,2026-09-22T19:13:17Z,xm/2020/11/AporEner_Sistema.ndjson.gz#AporEner:Sistema:2020-11-01:2020-11-30
2020-11-03,AporEnerMediHist,206600000,kWh,xm:servapibi,2026-09-22T19:13:19Z,xm/2020/11/AporEnerMediHist_Sistema.ndjson.gz#AporEnerMediHist:Sistema:2020-11-01:2020-11-30
2020-11-03,CapaUtilDiarEner,16946671413,kWh,xm:servapibi,2026-09-22T19:13:16Z,xm/2020/11/CapaUtilDiarEner_Sistema.ndjson.gz#CapaUtilDiarEner:Sistema:2020-11-01:2020-11-30
2020-11-03,DemaSIN,202405609.74,kWh,xm:servapibi,2026-09-22T19:13:21Z,xm/2020/11/DemaSIN_Sistema.ndjson.gz#DemaSIN:Sistema:2020-11-01:2020-11-30
2020-11-03,PorcApor,0.81099,fraction,xm:servapibi,2026-09-22T19:13:20Z,xm/2020/11/PorcApor_Sistema.ndjson.gz#PorcApor:Sistema:2020-11-01:2020-11-30
2020-11-03,PorcVoluUtilDiar,0.69127,fraction,xm:servapibi,2026-09-22T19:13:13Z,xm/2020/11/PorcVoluUtilDiar_Sistema.ndjson.gz#PorcVoluUtilDiar:Sistema:2020-11-01:2020-11-30
2020-11-03,PrecBolsNaci,217.1322733333333,COP/kWh,xm:servapibi,2026-09-22T19:13:24Z,xm/2020/11/PrecBolsNaci_Sistema.ndjson.gz#PrecBolsNaci:Sistema:2020-11-01:2020-11-30
2020-11-03,PrecEscaAct,570.46068,COP/kWh,xm:servapibi,2026-09-22T19:13:23Z,xm/2020/11/PrecEscaAct_Sistema.ndjson.gz#PrecEscaAct:Sistema:2020-11-01:2020-11-30
2020-11-03,VoluUtilDiarEner,11714768600,kWh,xm:servapibi,2026-09-22T19:13:15Z,xm/2020/11/VoluUtilDiarEner_Sistema.ndjson.gz#VoluUtilDiarEner:Sistema:2020-11-01:2020-11-30
2020-11-04,AporEner,145199500,kWh,xm:servapibi,2026-09-22T19:13:17Z,xm/2020/11/AporEner_Sistema.ndjson.gz#AporEner:Sistema:2020-11-01:2020-11-30
2020-11-04,AporEnerMediHist,206600000,kWh,xm:servapibi,2026-09-22T19:13:19Z,xm/2020/11/AporEnerMediHist_Sistema.ndjson.gz#AporEnerMediHist:Sistema:2020-11-01:2020-11-30
2020-11-04,CapaUtilDiarEner,16946671413,kWh,xm:servapibi,2026-09-22T19:13:16Z,xm/2020/11/CapaUtilDiarEner_Sistema.ndjson.gz#CapaUtilDiarEner:Sistema:2020-11-01:2020-11-30
2020-11-04,DemaSIN,205606264.59,kWh,xm:servapibi,2026-09-22T19:13:21Z,xm/2020/11/DemaSIN_Sistema.ndjson.gz#DemaSIN:Sistema:2020-11-01:2020-11-30
2020-11-04,PorcApor,0.7028,fraction,xm:servapibi,2026-09-22T19:13:20Z,xm/2020/11/PorcApor_Sistema.ndjson.gz#PorcApor:Sistema:2020-11-01:2020-11-30
2020-11-04,PorcVoluUtilDiar,0.69061,fraction,xm:servapibi,2026-09-22T19:13:13Z,xm/2020/11/PorcVoluUtilDiar_Sistema.ndjson.gz#PorcVoluUtilDiar:Sistema:2020-11-01:2020-11-30
2020-11-04,PrecBolsNaci,201.19796666666673,COP/kWh,xm:servapibi,2026-09-22T19:13:24Z,xm/2020/11/PrecBolsNaci_Sistema.ndjson.gz#PrecBolsNaci:Sistema:2020-11-01:2020-11-30
2020-11-04,PrecEscaAct,570.46068,COP/kWh,xm:servapibi,2026-09-22T19:13:23Z,xm/2020/11/PrecEscaAct_Sistema.ndjson.gz#PrecEscaAct:Sistema:2020-11-01:2020-11-30
2020-11-04,VoluUtilDiarEner,11703602800,kWh,xm:servapibi,2026-09-22T19:13:15Z,xm/2020/11/VoluUtilDiarEner_Sistema.ndjson.gz#VoluUtilDiarEner:Sistema:2020-11-01:2020-11-30
2020-11-05,AporEner,168628300,kWh,xm:servapibi,2026-09-22T19:13:17Z,xm/2020/11/AporEner_Sistema.ndjson.gz#AporEner:Sistema:2020-11-01:2020-11-30
2020-11-05,AporEnerMediHist,206600000,kWh,xm:servapibi,2026-09-22T19:13:19Z,xm/2020/11/AporEnerMediHist_Sistema.ndjson.gz#AporEnerMediHist:Sistema:2020-11-01:2020-11-30
2020-11-05,CapaUtilDiarEner,16946671413,kWh,xm:servapibi,2026-09-22T19:13:16Z,xm/2020/11/CapaUtilDiarEner_Sistema.ndjson.gz#CapaUtilDiarEner:Sistema:2020-11-01:2020-11-30
2020-11-05,DemaSIN,203887605.65,kWh,xm:servapibi,2026-09-22T19:13:21Z,xm/2020/11/DemaSIN_Sistema.ndjson.gz#DemaSIN:Sistema:2020-11-01:2020-11-30
2020-11-05,PorcApor,0.81621,fraction,xm:servapibi,2026-09-22T19:13:20Z,xm/2020/11/PorcApor_Sistema.ndjson.gz#PorcApor:Sistema:2020-11-01:2020-11-30
2020-11-05,PorcVoluUtilDiar,0.69151,fraction,xm:servapibi,2026-09-22T19:13:13Z,xm/2020/11/PorcVoluUtilDiar_Sistema.ndjson.gz#PorcVoluUtilDiar:Sistema:2020-11-01:2020-11-30
2020-11-05,PrecBolsNaci,201.47068,COP/kWh,xm:servapibi,2026-09-22T19:13:24Z,xm/2020/11/PrecBolsNaci_Sistema.ndjson.gz#PrecBolsNaci:Sistema:2020-11-01:2020-11-30
2020-11-05,PrecEscaAct,570.46068,COP/kWh,xm:servapibi,2026-09-22T19:13:23Z,xm/2020/11/PrecEscaAct_Sistema.ndjson.gz#PrecEscaAct:Sistema:2020-11-01:2020-11-30
2020-11-05,VoluUtilDiarEner,11718728300,kWh,xm:servapibi,2026-09-22T19:13:15Z,xm/2020/11/VoluUtilDiarEner_Sistema.ndjson.gz#VoluUtilDiarEner:Sistema:2020-11-01:2020-11-30
2020-11-06,AporEner,178034600,kWh,xm:servapibi,2026-09-22T19:13:17Z,xm/2020/11/AporEner_Sistema.ndjson.gz#AporEner:Sistema:2020-11-01:2020-11-30
2020-11-06,AporEnerMediHist,206600000,kWh,xm:servapibi,2026-09-22T19:13:19Z,xm/2020/11/AporEnerMediHist_Sistema.ndjson.gz#AporEnerMediHist:Sistema:2020-11-01:2020-11-30
2020-11-06,CapaUtilDiarEner,16946671413,kWh,xm:servapibi,2026-09-22T19:13:16Z,xm/2020/11/CapaUtilDiarEner_Sistema.ndjson.gz#CapaUtilDiarEner:Sistema:2020-11-01:2020-11-30
2020-11-06,DemaSIN,202469090.02,kWh,xm:servapibi,2026-09-22T19:13:21Z,xm/2020/11/DemaSIN_Sistema.ndjson.gz#DemaSIN:Sistema:2020-11-01:2020-11-30
2020-11-06,PorcApor,0.86174,fraction,xm:servapibi,2026-09-22T19:13:20Z,xm/2020/11/PorcApor_Sistema.ndjson.gz#PorcApor:Sistema:2020-11-01:2020-11-30
2020-11-06,PorcVoluUtilDiar,0.69355,fraction,xm:servapibi,2026-09-22T19:13:13Z,xm/2020/11/PorcVoluUtilDiar_Sistema.ndjson.gz#PorcVoluUtilDiar:Sistema:2020-11-01:2020-11-30
2020-11-06,PrecBolsNaci,237.93737666666655,COP/kWh,xm:servapibi,2026-09-22T19:13:24Z,xm/2020/11/PrecBolsNaci_Sistema.ndjson.gz#PrecBolsNaci:Sistema:2020-11-01:2020-11-30
2020-11-06,PrecEscaAct,570.46068,COP/kWh,xm:servapibi,2026-09-22T19:13:23Z,xm/2020/11/PrecEscaAct_Sistema.ndjson.gz#PrecEscaAct:Sistema:2020-11-01:2020-11-30
2020-11-06,VoluUtilDiarEner,11753286600,kWh,xm:servapibi,2026-09-22T19:13:15Z,xm/2020/11/VoluUtilDiarEner_Sistema.ndjson.gz#VoluUtilDiarEner:Sistema:2020-11-01:2020-11-30
2020-11-07,AporEner,160700000,kWh,xm:servapibi,2026-09-22T19:13:17Z,xm/2020/11/AporEner_Sistema.ndjson.gz#AporEner:Sistema:2020-11-01:2020-11-30
2020-11-07,AporEnerMediHist,206600000,kWh,xm:servapibi,2026-09-22T19:13:19Z,xm/2020/11/AporEnerMediHist_Sistema.ndjson.gz#AporEnerMediHist:Sistema:2020-11-01:2020-11-30
2020-11-07,CapaUtilDiarEner,16946671413,kWh,xm:servapibi,2026-09-22T19:13:16Z,xm/2020/11/CapaUtilDiarEner_Sistema.ndjson.gz#CapaUtilDiarEner:Sistema:2020-11-01:2020-11-30
2020-11-07,DemaSIN,194484919.03,kWh,xm:servapibi,2026-09-22T19:13:21Z,xm/2020/11/DemaSIN_Sistema.ndjson.gz#DemaSIN:Sistema:2020-11-01:2020-11-30
2020-11-07,PorcApor,0.77783,fraction,xm:servapibi,2026-09-22T19:13:20Z,xm/2020/11/PorcApor_Sistema.ndjson.gz#PorcApor:Sistema:2020-11-01:2020-11-30
2020-11-07,PorcVoluUtilDiar,0.69377,fraction,xm:servapibi,2026-09-22T19:13:13Z,xm/2020/11/PorcVoluUtilDiar_Sistema.ndjson.gz#PorcVoluUtilDiar:Sistema:2020-11-01:2020-11-30
2020-11-07,PrecBolsNaci,209.44850166666666,COP/kWh,xm:servapibi,2026-09-22T19:13:24Z,xm/2020/11/PrecBolsNaci_Sistema.ndjson.gz#PrecBolsNaci:Sistema:2020-11-01:2020-11-30
2020-11-07,PrecEscaAct,570.46068,COP/kWh,xm:servapibi,2026-09-22T19:13:23Z,xm/2020/11/PrecEscaAct_Sistema.ndjson.gz#PrecEscaAct:Sistema:2020-11-01:2020-11-30
2020-11-07,VoluUtilDiarEner,11757091200,kWh,xm:servapibi,2026-09-22T19:13:15Z,xm/2020/11/VoluUtilDiarEner_Sistema.ndjson.gz#VoluUtilDiarEner:Sistema:2020-11-01:2020-11-30
2020-11-08,AporEner,162463400,kWh,xm:servapibi,2026-09-22T19:13:17Z,xm/2020/11/AporEner_Sistema.ndjson.gz#AporEner:Sistema:2020-11-01:2020-11-30
2020-11-08,AporEnerMediHist,206600000,kWh,xm:servapibi,2026-09-22T19:13:19Z,xm/2020/11/AporEnerMediHist_Sistema.ndjson.gz#AporEnerMediHist:Sistema:2020-11-01:2020-11-30
2020-11-08,CapaUtilDiarEner,16946671413,kWh,xm:servapibi,2026-09-22T19:13:16Z,xm/2020/11/CapaUtilDiarEner_Sistema.ndjson.gz#CapaUtilDiarEner:Sistema:2020-11-01:2020-11-30
2020-11-08,DemaSIN,178542185.78,kWh,xm:servapibi,2026-09-22T19:13:21Z,xm/2020/11/DemaSIN_Sistema.ndjson.gz#DemaSIN:Sistema:2020-11-01:2020-11-30
2020-11-08,PorcApor,0.78637,fraction,xm:servapibi,2026-09-22T19:13:20Z,xm/2020/11/PorcApor_Sistema.ndjson.gz#PorcApor:Sistema:2020-11-01:2020-11-30
2020-11-08,PorcVoluUtilDiar,0.69579,fraction,xm:servapibi,2026-09-22T19:13:13Z,xm/2020/11/PorcVoluUtilDiar_Sistema.ndjson.gz#PorcVoluUtilDiar:Sistema:2020-11-01:2020-11-30
2020-11-08,PrecBolsNaci,208.35416999999993,COP/kWh,xm:servapibi,2026-09-22T19:13:24Z,xm/2020/11/PrecBolsNaci_Sistema.ndjson.gz#PrecBolsNaci:Sistema:2020-11-01:2020-11-30
2020-11-08,PrecEscaAct,570.46068,COP/kWh,xm:servapibi,2026-09-22T19:13:23Z,xm/2020/11/PrecEscaAct_Sistema.ndjson.gz#PrecEscaAct:Sistema:2020-11-01:2020-11-30
2020-11-08,VoluUtilDiarEner,11791355900,kWh,xm:servapibi,2026-09-22T19:13:15Z,xm/2020/11/VoluUtilDiarEner_Sistema.ndjson.gz#VoluUtilDiarEner:Sistema:2020-11-01:2020-11-30
2020-11-09,AporEner,148154000,kWh,xm:servapibi,2026-09-22T19:13:17Z,xm/2020/11/AporEner_Sistema.ndjson.gz#AporEner:Sistema:2020-11-01:2020-11-30
2020-11-09,AporEnerMediHist,206600000,kWh,xm:servapibi,2026-09-22T19:13:19Z,xm/2020/11/AporEnerMediHist_Sistema.ndjson.gz#AporEnerMediHist:Sistema:2020-11-01:2020-11-30
2020-11-09,CapaUtilDiarEner,16946671413,kWh,xm:servapibi,2026-09-22T19:13:16Z,xm/2020/11/CapaUtilDiarEner_Sistema.ndjson.gz#CapaUtilDiarEner:Sistema:2020-11-01:2020-11-30
2020-11-09,DemaSIN,200682172.71,kWh,xm:servapibi,2026-09-22T19:13:21Z,xm/2020/11/DemaSIN_Sistema.ndjson.gz#DemaSIN:Sistema:2020-11-01:2020-11-30
2020-11-09,PorcApor,0.71711,fraction,xm:servapibi,2026-09-22T19:13:20Z,xm/2020/11/PorcApor_Sistema.ndjson.gz#PorcApor:Sistema:2020-11-01:2020-11-30
2020-11-09,PorcVoluUtilDiar,0.69553,fraction,xm:servapibi,2026-09-22T19:13:13Z,xm/2020/11/PorcVoluUtilDiar_Sistema.ndjson.gz#PorcVoluUtilDiar:Sistema:2020-11-01:2020-11-30
2020-11-09,PrecBolsNaci,214.24976500000002,COP/kWh,xm:servapibi,2026-09-22T19:13:24Z,xm/2020/11/PrecBolsNaci_Sistema.ndjson.gz#PrecBolsNaci:Sistema:2020-11-01:2020-11-30
2020-11-09,PrecEscaAct,570.46068,COP/kWh,xm:servapibi,2026-09-22T19:13:23Z,xm/2020/11/PrecEscaAct_Sistema.ndjson.gz#PrecEscaAct:Sistema:2020-11-01:2020-11-30
2020-11-09,VoluUtilDiarEner,11786934300,kWh,xm:servapibi,2026-09-22T19:13:15Z,xm/2020/11/VoluUtilDiarEner_Sistema.ndjson.gz#VoluUtilDiarEner:Sistema:2020-11-01:2020-11-30
2020-11-10,AporEner,196817400,kWh,xm:servapibi,2026-09-22T19:13:17Z,xm/2020/11/AporEner_Sistema.ndjson.gz#AporEner:Sistema:2020-11-01:2020-11-30
2020-11-10,AporEnerMediHist,206600000,kWh,xm:servapibi,2026-09-22T19:13:19Z,xm/2020/11/AporEnerMediHist_Sistema.ndjson.gz#AporEnerMediHist:Sistema:2020-11-01:2020-11-30
2020-11-10,CapaUtilDiarEner,16946671413,kWh,xm:servapibi,2026-09-22T19:13:16Z,xm/2020/11/CapaUtilDiarEner_Sistema.ndjson.gz#CapaUtilDiarEner:Sistema:2020-11-01:2020-11-30
2020-11-10,DemaSIN,204521055.3,kWh,xm:servapibi,2026-09-22T19:13:21Z,xm/2020/11/DemaSIN_Sistema.ndjson.gz#DemaSIN:Sistema:2020-11-01:2020-11-30
2020-11-10,PorcApor,0.95265,fraction,xm:servapibi,2026-09-22T19:13:20Z,xm/2020/11/PorcApor_Sistema.ndjson.gz#PorcApor:Sistema:2020-11-01:2020-11-30
2020-11-10,PorcVoluUtilDiar,0.69879,fraction,xm:servapibi,2026-09-22T19:13:13Z,xm/2020/11/PorcVoluUtilDiar_Sistema.ndjson.gz#PorcVoluUtilDiar:Sistema:2020-11-01:2020-11-30
2020-11-10,PrecBolsNaci,219.4633133333333,COP/kWh,xm:servapibi,2026-09-22T19:13:24Z,xm/2020/11/PrecBolsNaci_Sistema.ndjson.gz#PrecBolsNaci:Sistema:2020-11-01:2020-11-30
2020-11-10,PrecEscaAct,570.46068,COP/kWh,xm:servapibi,2026-09-22T19:13:23Z,xm/2020/11/PrecEscaAct_Sistema.ndjson.gz#PrecEscaAct:Sistema:2020-11-01:2020-11-30
2020-11-10,VoluUtilDiarEner,11842220800,kWh,xm:servapibi,2026-09-22T19:13:15Z,xm/2020/11/VoluUtilDiarEner_Sistema.ndjson.gz#VoluUtilDiarEner:Sistema:2020-11-01:2020-11-30
2020-11-11,AporEner,340459000,kWh,xm:servapibi,2026-09-22T19:13:17Z,xm/2020/11/AporEner_Sistema.ndjson.gz#AporEner:Sistema:2020-11-01:2020-11-30
2020-11-11,AporEnerMediHist,206600000,kWh,xm:servapibi,2026-09-22T19:13:19Z,xm/2020/11/AporEnerMediHist_Sistema.ndjson.gz#AporEnerMediHist:Sistema:2020-11-01:2020-11-30
2020-11-11,CapaUtilDiarEner,16946671413,kWh,xm:servapibi,2026-09-22T19:13:16Z,xm/2020/11/CapaUtilDiarEner_Sistema.ndjson.gz#CapaUtilDiarEner:Sistema:2020-11-01:2020-11-30
2020-11-11,DemaSIN,202011388.72,kWh,xm:servapibi,2026-09-22T19:13:21Z,xm/2020/11/DemaSIN_Sistema.ndjson.gz#DemaSIN:Sistema:2020-11-01:2020-11-30
2020-11-11,PorcApor,1.64791,fraction,xm:servapibi,2026-09-22T19:13:20Z,xm/2020/11/PorcApor_Sistema.ndjson.gz#PorcApor:Sistema:2020-11-01:2020-11-30
2020-11-11,PorcVoluUtilDiar,0.7094,fraction,xm:servapibi,2026-09-22T19:13:13Z,xm/2020/11/PorcVoluUtilDiar_Sistema.ndjson.gz#PorcVoluUtilDiar:Sistema:2020-11-01:2020-11-30
2020-11-11,PrecBolsNaci,221.10759999999996,COP/kWh,xm:servapibi,2026-09-22T19:13:24Z,xm/2020/11/PrecBolsNaci_Sistema.ndjson.gz#PrecBolsNaci:Sistema:2020-11-01:2020-11-30
2020-11-11,PrecEscaAct,570.46068,COP/kWh,xm:servapibi,2026-09-22T19:13:23Z,xm/2020/11/PrecEscaAct_Sistema.ndjson.gz#PrecEscaAct:Sistema:2020-11-01:2020-11-30
2020-11-11,VoluUtilDiarEner,12022020200,kWh,xm:servapibi,2026-09-22T19:13:15Z,xm/2020/11/VoluUtilDiarEner_Sistema.ndjson.gz#VoluUtilDiarEner:Sistema:2020-11-01:2020-11-30
2020-11-12,AporEner,235138000,kWh,xm:servapibi,2026-09-22T19:13:17Z,xm/2020/11/AporEner_Sistema.ndjson.gz#AporEner:Sistema:2020-11-01:2020-11-30
2020-11-12,AporEnerMediHist,206600000,kWh,xm:servapibi,2026-09-22T19:13:19Z,xm/2020/11/AporEnerMediHist_Sistema.ndjson.gz#AporEnerMediHist:Sistema:2020-11-01:2020-11-30
2020-11-12,CapaUtilDiarEner,16946671413,kWh,xm:servapibi,2026-09-22T19:13:16Z,xm/2020/11/CapaUtilDiarEner_Sistema.ndjson.gz#CapaUtilDiarEner:Sistema:2020-11-01:2020-11-30
2020-11-12,DemaSIN,201558608.59,kWh,xm:servapibi,2026-09-22T19:13:21Z,xm/2020/11/DemaSIN_Sistema.ndjson.gz#DemaSIN:Sistema:2020-11-01:2020-11-30
2020-11-12,PorcApor,1.13813,fraction,xm:servapibi,2026-09-22T19:13:20Z,xm/2020/11/PorcApor_Sistema.ndjson.gz#PorcApor:Sistema:2020-11-01:2020-11-30
2020-11-12,PorcVoluUtilDiar,0.71417,fraction,xm:servapibi,2026-09-22T19:13:13Z,xm/2020/11/PorcVoluUtilDiar_Sistema.ndjson.gz#PorcVoluUtilDiar:Sistema:2020-11-01:2020-11-30
2020-11-12,PrecBolsNaci,181.08903666666663,COP/kWh,xm:servapibi,2026-09-22T19:13:24Z,xm/2020/11/PrecBolsNaci_Sistema.ndjson.gz#PrecBolsNaci:Sistema:2020-11-01:2020-11-30
2020-11-12,PrecEscaAct,570.46068,COP/kWh,xm:servapibi,2026-09-22T19:13:23Z,xm/2020/11/PrecEscaAct_Sistema.ndjson.gz#PrecEscaAct:Sistema:2020-11-01:2020-11-30
2020-11-12,VoluUtilDiarEner,12102760100,kWh,xm:servapibi,2026-09-22T19:13:15Z,xm/2020/11/VoluUtilDiarEner_Sistema.ndjson.gz#VoluUtilDiarEner:Sistema:2020-11-01:2020-11-30
2020-11-13,AporEner,347165100,kWh,xm:servapibi,2026-09-22T19:13:17Z,xm/2020/11/AporEner_Sistema.ndjson.gz#AporEner:Sistema:2020-11-01:2020-11-30
2020-11-13,AporEnerMediHist,206600000,kWh,xm:servapibi,2026-09-22T19:13:19Z,xm/2020/11/AporEnerMediHist_Sistema.ndjson.gz#AporEnerMediHist:Sistema:2020-11-01:2020-11-30
2020-11-13,CapaUtilDiarEner,16946671413,kWh,xm:servapibi,2026-09-22T19:13:16Z,xm/2020/11/CapaUtilDiarEner_Sistema.ndjson.gz#CapaUtilDiarEner:Sistema:2020-11-01:2020-11-30
2020-11-13,DemaSIN,200429274.35,kWh,xm:servapibi,2026-09-22T19:13:21Z,xm/2020/11/DemaSIN_Sistema.ndjson.gz#DemaSIN:Sistema:2020-11-01:2020-11-30
2020-11-13,PorcApor,1.68037,fraction,xm:servapibi,2026-09-22T19:13:20Z,xm/2020/11/PorcApor_Sistema.ndjson.gz#PorcApor:Sistema:2020-11-01:2020-11-30
2020-11-13,PorcVoluUtilDiar,0.72622,fraction,xm:servapibi,2026-09-22T19:13:13Z,xm/2020/11/PorcVoluUtilDiar_Sistema.ndjson.gz#PorcVoluUtilDiar:Sistema:2020-11-01:2020-11-30
2020-11-13,PrecBolsNaci,188.83861666666667,COP/kWh,xm:servapibi,2026-09-22T19:13:24Z,xm/2020/11/PrecBolsNaci_Sistema.ndjson.gz#PrecBolsNaci:Sistema:2020-11-01:2020-11-30
2020-11-13,PrecEscaAct,570.46068,COP/kWh,xm:servapibi,2026-09-22T19:13:23Z,xm/2020/11/PrecEscaAct_Sistema.ndjson.gz#PrecEscaAct:Sistema:2020-11-01:2020-11-30
2020-11-13,VoluUtilDiarEner,12306993200,kWh,xm:servapibi,2026-09-22T19:13:15Z,xm/2020/11/VoluUtilDiarEner_Sistema.ndjson.gz#VoluUtilDiarEner:Sistema:2020-11-01:2020-11-30
2020-11-14,AporEner,319776900,kWh,xm:servapibi,2026-09-22T19:13:17Z,xm/2020/11/AporEner_Sistema.ndjson.gz#AporEner:Sistema:2020-11-01:2020-11-30
2020-11-14,AporEnerMediHist,206600000,kWh,xm:servapibi,2026-09-22T19:13:19Z,xm/2020/11/AporEnerMediHist_Sistema.ndjson.gz#AporEnerMediHist:Sistema:2020-11-01:2020-11-30
2020-11-14,CapaUtilDiarEner,16946671413,kWh,xm:servapibi,2026-09-22T19:13:16Z,xm/2020/11/CapaUtilDiarEner_Sistema.ndjson.gz#CapaUtilDiarEner:Sistema:2020-11-01:2020-11-30
2020-11-14,DemaSIN,188162611.68,kWh,xm:servapibi,2026-09-22T19:13:21Z,xm/2020/11/DemaSIN_Sistema.ndjson.gz#DemaSIN:Sistema:2020-11-01:2020-11-30
2020-11-14,PorcApor,1.54781,fraction,xm:servapibi,2026-09-22T19:13:20Z,xm/2020/11/PorcApor_Sistema.ndjson.gz#PorcApor:Sistema:2020-11-01:2020-11-30
2020-11-14,PorcVoluUtilDiar,0.73418,fraction,xm:servapibi,2026-09-22T19:13:13Z,xm/2020/11/PorcVoluUtilDiar_Sistema.ndjson.gz#PorcVoluUtilDiar:Sistema:2020-11-01:2020-11-30
2020-11-14,PrecBolsNaci,149.4368033333333,COP/kWh,xm:servapibi,2026-09-22T19:13:24Z,xm/2020/11/PrecBolsNaci_Sistema.ndjson.gz#PrecBolsNaci:Sistema:2020-11-01:2020-11-30
2020-11-14,PrecEscaAct,570.46068,COP/kWh,xm:servapibi,2026-09-22T19:13:23Z,xm/2020/11/PrecEscaAct_Sistema.ndjson.gz#PrecEscaAct:Sistema:2020-11-01:2020-11-30
2020-11-14,VoluUtilDiarEner,12441919900,kWh,xm:servapibi,2026-09-22T19:13:15Z,xm/2020/11/VoluUtilDiarEner_Sistema.ndjson.gz#VoluUtilDiarEner:Sistema:2020-11-01:2020-11-30
2020-11-15,AporEner,263185400,kWh,xm:servapibi,2026-09-22T19:13:17Z,xm/2020/11/AporEner_Sistema.ndjson.gz#AporEner:Sistema:2020-11-01:2020-11-30
2020-11-15,AporEnerMediHist,206600000,kWh,xm:servapibi,2026-09-22T19:13:19Z,xm/2020/11/AporEnerMediHist_Sistema.ndjson.gz#AporEnerMediHist:Sistema:2020-11-01:2020-11-30
2020-11-15,CapaUtilDiarEner,16946671413,kWh,xm:servapibi,2026-09-22T19:13:16Z,xm/2020/11/CapaUtilDiarEner_Sistema.ndjson.gz#CapaUtilDiarEner:Sistema:2020-11-01:2020-11-30
2020-11-15,DemaSIN,173657653.4,kWh,xm:servapibi,2026-09-22T19:13:21Z,xm/2020/11/DemaSIN_Sistema.ndjson.gz#DemaSIN:Sistema:2020-11-01:2020-11-30
2020-11-15,PorcApor,1.27389,fraction,xm:servapibi,2026-09-22T19:13:20Z,xm/2020/11/PorcApor_Sistema.ndjson.gz#PorcApor:Sistema:2020-11-01:2020-11-30
2020-11-15,PorcVoluUtilDiar,0.73969,fraction,xm:servapibi,2026-09-22T19:13:13Z,xm/2020/11/PorcVoluUtilDiar_Sistema.ndjson.gz#PorcVoluUtilDiar:Sistema:2020-11-01:2020-11-30
2020-11-15,PrecBolsNaci,117.16343333333339,COP/kWh,xm:servapibi,2026-09-22T19:13:24Z,xm/2020/11/PrecBolsNaci_Sistema.ndjson.gz#PrecBolsNaci:Sistema:2020-11-01:2020-11-30
2020-11-15,PrecEscaAct,570.46068,COP/kWh,xm:servapibi,2026-09-22T19:13:23Z,xm/2020/11/PrecEscaAct_Sistema.ndjson.gz#PrecEscaAct:Sistema:2020-11-01:2020-11-30
2020-11-15,VoluUtilDiarEner,12535272000,kWh,xm:servapibi,2026-09-22T19:13:15Z,xm/2020/11/VoluUtilDiarEner_Sistema.ndjson.gz#VoluUtilDiarEner:Sistema:2020-11-01:2020-11-30
2020-11-16,AporEner,341885600,kWh,xm:servapibi,2026-09-22T19:13:17Z,xm/2020/11/AporEner_Sistema.ndjson.gz#AporEner:Sistema:2020-11-01:2020-11-30
2020-11-16,AporEnerMediHist,206600000,kWh,xm:servapibi,2026-09-22T19:13:19Z,xm/2020/11/AporEnerMediHist_Sistema.ndjson.gz#AporEnerMediHist:Sistema:2020-11-01:2020-11-30
2020-11-16,CapaUtilDiarEner,16946671413,kWh,xm:servapibi,2026-09-22T19:13:16Z,xm/2020/11/CapaUtilDiarEner_Sistema.ndjson.gz#CapaUtilDiarEner:Sistema:2020-11-01:2020-11-30
2020-11-16,DemaSIN,180511379.17,kWh,xm:servapibi,2026-09-22T19:13:21Z,xm/2020/11/DemaSIN_Sistema.ndjson.gz#DemaSIN:Sistema:2020-11-01:2020-11-30
2020-11-16,PorcApor,1.65482,fraction,xm:servapibi,2026-09-22T19:13:20Z,xm/2020/11/PorcApor_Sistema.ndjson.gz#PorcApor:Sistema:2020-11-01:2020-11-30
2020-11-16,PorcVoluUtilDiar,0.74622,fraction,xm:servapibi,2026-09-22T19:13:13Z,xm/2020/11/PorcVoluUtilDiar_Sistema.ndjson.gz#PorcVoluUtilDiar:Sistema:2020-11-01:2020-11-30
2020-11-16,PrecBolsNaci,114.61642000000002,COP/kWh,xm:servapibi,2026-09-22T19:13:24Z,xm/2020/11/PrecBolsNaci_Sistema.ndjson.gz#PrecBolsNaci:Sistema:2020-11-01:2020-11-30
2020-11-16,PrecEscaAct,570.46068,COP/kWh,xm:servapibi,2026-09-22T19:13:23Z,xm/2020/11/PrecEscaAct_Sistema.ndjson.gz#PrecEscaAct:Sistema:2020-11-01:2020-11-30
2020-11-16,VoluUtilDiarEner,12646015000,kWh,xm:servapibi,2026-09-22T19:13:15Z,xm/2020/11/VoluUtilDiarEner_Sistema.ndjson.gz#VoluUtilDiarEner:Sistema:2020-11-01:2020-11-30
2020-11-17,AporEner,304024700,kWh,xm:servapibi,2026-09-22T19:13:17Z,xm/2020/11/AporEner_Sistema.ndjson.gz#AporEner:Sistema:2020-11-01:2020-11-30
2020-11-17,AporEnerMediHist,206600000,kWh,xm:servapibi,2026-09-22T19:13:19Z,xm/2020/11/AporEnerMediHist_Sistema.ndjson.gz#AporEnerMediHist:Sistema:2020-11-01:2020-11-30
2020-11-17,CapaUtilDiarEner,16946671413,kWh,xm:servapibi,2026-09-22T19:13:16Z,xm/2020/11/CapaUtilDiarEner_Sistema.ndjson.gz#CapaUtilDiarEner:Sistema:2020-11-01:2020-11-30
2020-11-17,DemaSIN,197462347.91,kWh,xm:servapibi,2026-09-22T19:13:21Z,xm/2020/11/DemaSIN_Sistema.ndjson.gz#DemaSIN:Sistema:2020-11-01:2020-11-30
2020-11-17,PorcApor,1.47156,fraction,xm:servapibi,2026-09-22T19:13:20Z,xm/2020/11/PorcApor_Sistema.ndjson.gz#PorcApor:Sistema:2020-11-01:2020-11-30
2020-11-17,PorcVoluUtilDiar,0.75054,fraction,xm:servapibi,2026-09-22T19:13:13Z,xm/2020/11/PorcVoluUtilDiar_Sistema.ndjson.gz#PorcVoluUtilDiar:Sistema:2020-11-01:2020-11-30
2020-11-17,PrecBolsNaci,139.2025966666666,COP/kWh,xm:servapibi,2026-09-22T19:13:24Z,xm/2020/11/PrecBolsNaci_Sistema.ndjson.gz#PrecBolsNaci:Sistema:2020-11-01:2020-11-30
2020-11-17,PrecEscaAct,570.46068,COP/kWh,xm:servapibi,2026-09-22T19:13:23Z,xm/2020/11/PrecEscaAct_Sistema.ndjson.gz#PrecEscaAct:Sistema:2020-11-01:2020-11-30
2020-11-17,VoluUtilDiarEner,12719178900,kWh,xm:servapibi,2026-09-22T19:13:15Z,xm/2020/11/VoluUtilDiarEner_Sistema.ndjson.gz#VoluUtilDiarEner:Sistema:2020-11-01:2020-11-30
2020-11-18,AporEner,319981900,kWh,xm:servapibi,2026-09-22T19:13:17Z,xm/2020/11/AporEner_Sistema.ndjson.gz#AporEner:Sistema:2020-11-01:2020-11-30
2020-11-18,AporEnerMediHist,206600000,kWh,xm:servapibi,2026-09-22T19:13:19Z,xm/2020/11/AporEnerMediHist_Sistema.ndjson.gz#AporEnerMediHist:Sistema:2020-11-01:2020-11-30
2020-11-18,CapaUtilDiarEner,16946671413,kWh,xm:servapibi,2026-09-22T19:13:16Z,xm/2020/11/CapaUtilDiarEner_Sistema.ndjson.gz#CapaUtilDiarEner:Sistema:2020-11-01:2020-11-30
2020-11-18,DemaSIN,199106808.9,kWh,xm:servapibi,2026-09-22T19:13:21Z,xm/2020/11/DemaSIN_Sistema.ndjson.gz#DemaSIN:Sistema:2020-11-01:2020-11-30
2020-11-18,PorcApor,1.5488,fraction,xm:servapibi,2026-09-22T19:13:20Z,xm/2020/11/PorcApor_Sistema.ndjson.gz#PorcApor:Sistema:2020-11-01:2020-11-30
2020-11-18,PorcVoluUtilDiar,0.75671,fraction,xm:servapibi,2026-09-22T19:13:13Z,xm/2020/11/PorcVoluUtilDiar_Sistema.ndjson.gz#PorcVoluUtilDiar:Sistema:2020-11-01:2020-11-30
2020-11-18,PrecBolsNaci,159.5829733333333,COP/kWh,xm:servapibi,2026-09-22T19:13:24Z,xm/2020/11/PrecBolsNaci_Sistema.ndjson.gz#PrecBolsNaci:Sistema:2020-11-01:2020-11-30
2020-11-18,PrecEscaAct,570.46068,COP/kWh,xm:servapibi,2026-09-22T19:13:23Z,xm/2020/11/PrecEscaAct_Sistema.ndjson.gz#PrecEscaAct:Sistema:2020-11-01:2020-11-30
2020-11-18,VoluUtilDiarEner,12823648300,kWh,xm:servapibi,2026-09-22T19:13:15Z,xm/2020/11/VoluUtilDiarEner_Sistema.ndjson.gz#VoluUtilDiarEner:Sistema:2020-11-01:2020-11-30
2020-11-19,AporEner,290866600,kWh,xm:servapibi,2026-09-22T19:13:17Z,xm/2020/11/AporEner_Sistema.ndjson.gz#AporEner:Sistema:2020-11-01:2020-11-30
2020-11-19,AporEnerMediHist,206600000,kWh,xm:servapibi,2026-09-22T19:13:19Z,xm/2020/11/AporEnerMediHist_Sistema.ndjson.gz#AporEnerMediHist:Sistema:2020-11-01:2020-11-30
2020-11-19,CapaUtilDiarEner,16946671413,kWh,xm:servapibi,2026-09-22T19:13:16Z,xm/2020/11/CapaUtilDiarEner_Sistema.ndjson.gz#CapaUtilDiarEner:Sistema:2020-11-01:2020-11-30
2020-11-19,DemaSIN,201015569.04,kWh,xm:servapibi,2026-09-22T19:13:21Z,xm/2020/11/DemaSIN_Sistema.ndjson.gz#DemaSIN:Sistema:2020-11-01:2020-11-30
2020-11-19,PorcApor,1.40787,fraction,xm:servapibi,2026-09-22T19:13:20Z,xm/2020/11/PorcApor_Sistema.ndjson.gz#PorcApor:Sistema:2020-11-01:2020-11-30
2020-11-19,PorcVoluUtilDiar,0.75939,fraction,xm:servapibi,2026-09-22T19:13:13Z,xm/2020/11/PorcVoluUtilDiar_Sistema.ndjson.gz#PorcVoluUtilDiar:Sistema:2020-11-01:2020-11-30
2020-11-19,PrecBolsNaci,148.22553833333328,COP/kWh,xm:servapibi,2026-09-22T19:13:24Z,xm/2020/11/PrecBolsNaci_Sistema.ndjson.gz#PrecBolsNaci:Sistema:2020-11-01:2020-11-30
2020-11-19,PrecEscaAct,570.46068,COP/kWh,xm:servapibi,2026-09-22T19:13:23Z,xm/2020/11/PrecEscaAct_Sistema.ndjson.gz#PrecEscaAct:Sistema:2020-11-01:2020-11-30
2020-11-19,VoluUtilDiarEner,12869123900,kWh,xm:servapibi,2026-09-22T19:13:15Z,xm/2020/11/VoluUtilDiarEner_Sistema.ndjson.gz#VoluUtilDiarEner:Sistema:2020-11-01:2020-11-30
2020-11-20,AporEner,256009500,kWh,xm:servapibi,2026-09-22T19:13:17Z,xm/2020/11/AporEner_Sistema.ndjson.gz#AporEner:Sistema:2020-11-01:2020-11-30
2020-11-20,AporEnerMediHist,206600000,kWh,xm:servapibi,2026-09-22T19:13:19Z,xm/2020/11/AporEnerMediHist_Sistema.ndjson.gz#AporEnerMediHist:Sistema:2020-11-01:2020-11-30
2020-11-20,CapaUtilDiarEner,16946671413,kWh,xm:servapibi,2026-09-22T19:13:16Z,xm/2020/11/CapaUtilDiarEner_Sistema.ndjson.gz#CapaUtilDiarEner:Sistema:2020-11-01:2020-11-30
2020-11-20,DemaSIN,204299101.18,kWh,xm:servapibi,2026-09-22T19:13:21Z,xm/2020/11/DemaSIN_Sistema.ndjson.gz#DemaSIN:Sistema:2020-11-01:2020-11-30
2020-11-20,PorcApor,1.23916,fraction,xm:servapibi,2026-09-22T19:13:20Z,xm/2020/11/PorcApor_Sistema.ndjson.gz#PorcApor:Sistema:2020-11-01:2020-11-30
2020-11-20,PorcVoluUtilDiar,0.75941,fraction,xm:servapibi,2026-09-22T19:13:13Z,xm/2020/11/PorcVoluUtilDiar_Sistema.ndjson.gz#PorcVoluUtilDiar:Sistema:2020-11-01:2020-11-30
2020-11-20,PrecBolsNaci,152.70656166666666,COP/kWh,xm:servapibi,2026-09-22T19:13:24Z,xm/2020/11/PrecBolsNaci_Sistema.ndjson.gz#PrecBolsNaci:Sistema:2020-11-01:2020-11-30
2020-11-20,PrecEscaAct,570.46068,COP/kWh,xm:servapibi,2026-09-22T19:13:23Z,xm/2020/11/PrecEscaAct_Sistema.ndjson.gz#PrecEscaAct:Sistema:2020-11-01:2020-11-30
2020-11-20,VoluUtilDiarEner,12869525700,kWh,xm:servapibi,2026-09-22T19:13:15Z,xm/2020/11/VoluUtilDiarEner_Sistema.ndjson.gz#VoluUtilDiarEner:Sistema:2020-11-01:2020-11-30
2020-11-21,AporEner,252825400,kWh,xm:servapibi,2026-09-22T19:13:17Z,xm/2020/11/AporEner_Sistema.ndjson.gz#AporEner:Sistema:2020-11-01:2020-11-30
2020-11-21,AporEnerMediHist,206600000,kWh,xm:servapibi,2026-09-22T19:13:19Z,xm/2020/11/AporEnerMediHist_Sistema.ndjson.gz#AporEnerMediHist:Sistema:2020-11-01:2020-11-30
2020-11-21,CapaUtilDiarEner,16946671413,kWh,xm:servapibi,2026-09-22T19:13:16Z,xm/2020/11/CapaUtilDiarEner_Sistema.ndjson.gz#CapaUtilDiarEner:Sistema:2020-11-01:2020-11-30
2020-11-21,DemaSIN,195849719.06,kWh,xm:servapibi,2026-09-22T19:13:21Z,xm/2020/11/DemaSIN_Sistema.ndjson.gz#DemaSIN:Sistema:2020-11-01:2020-11-30
2020-11-21,PorcApor,1.22374,fraction,xm:servapibi,2026-09-22T19:13:20Z,xm/2020/11/PorcApor_Sistema.ndjson.gz#PorcApor:Sistema:2020-11-01:2020-11-30
2020-11-21,PorcVoluUtilDiar,0.76155,fraction,xm:servapibi,2026-09-22T19:13:13Z,xm/2020/11/PorcVoluUtilDiar_Sistema.ndjson.gz#PorcVoluUtilDiar:Sistema:2020-11-01:2020-11-30
2020-11-21,PrecBolsNaci,159.82871333333335,COP/kWh,xm:servapibi,2026-09-22T19:13:24Z,xm/2020/11/PrecBolsNaci_Sistema.ndjson.gz#PrecBolsNaci:Sistema:2020-11-01:2020-11-30
2020-11-21,PrecEscaAct,570.46068,COP/kWh,xm:servapibi,2026-09-22T19:13:23Z,xm/2020/11/PrecEscaAct_Sistema.ndjson.gz#PrecEscaAct:Sistema:2020-11-01:2020-11-30
2020-11-21,VoluUtilDiarEner,12905680200,kWh,xm:servapibi,2026-09-22T19:13:15Z,xm/2020/11/VoluUtilDiarEner_Sistema.ndjson.gz#VoluUtilDiarEner:Sistema:2020-11-01:2020-11-30
2020-11-22,AporEner,201531700,kWh,xm:servapibi,2026-09-22T19:13:17Z,xm/2020/11/AporEner_Sistema.ndjson.gz#AporEner:Sistema:2020-11-01:2020-11-30
2020-11-22,AporEnerMediHist,206600000,kWh,xm:servapibi,2026-09-22T19:13:19Z,xm/2020/11/AporEnerMediHist_Sistema.ndjson.gz#AporEnerMediHist:Sistema:2020-11-01:2020-11-30
2020-11-22,CapaUtilDiarEner,16946671413,kWh,xm:servapibi,2026-09-22T19:13:16Z,xm/2020/11/CapaUtilDiarEner_Sistema.ndjson.gz#CapaUtilDiarEner:Sistema:2020-11-01:2020-11-30
2020-11-22,DemaSIN,180302291.43,kWh,xm:servapibi,2026-09-22T19:13:21Z,xm/2020/11/DemaSIN_Sistema.ndjson.gz#DemaSIN:Sistema:2020-11-01:2020-11-30
2020-11-22,PorcApor,0.97547,fraction,xm:servapibi,2026-09-22T19:13:20Z,xm/2020/11/PorcApor_Sistema.ndjson.gz#PorcApor:Sistema:2020-11-01:2020-11-30
2020-11-22,PorcVoluUtilDiar,0.76268,fraction,xm:servapibi,2026-09-22T19:13:13Z,xm/2020/11/PorcVoluUtilDiar_Sistema.ndjson.gz#PorcVoluUtilDiar:Sistema:2020-11-01:2020-11-30
2020-11-22,PrecBolsNaci,133.44448166666666,COP/kWh,xm:servapibi,2026-09-22T19:13:24Z,xm/2020/11/PrecBolsNaci_Sistema.ndjson.gz#PrecBolsNaci:Sistema:2020-11-01:2020-11-30
2020-11-22,PrecEscaAct,570.46068,COP/kWh,xm:servapibi,2026-09-22T19:13:23Z,xm/2020/11/PrecEscaAct_Sistema.ndjson.gz#PrecEscaAct:Sistema:2020-11-01:2020-11-30
2020-11-22,VoluUtilDiarEner,12924859800,kWh,xm:servapibi,2026-09-22T19:13:15Z,xm/2020/11/VoluUtilDiarEner_Sistema.ndjson.gz#VoluUtilDiarEner:Sistema:2020-11-01:2020-11-30
2020-11-23,AporEner,164124900,kWh,xm:servapibi,2026-09-22T19:13:17Z,xm/2020/11/AporEner_Sistema.ndjson.gz#AporEner:Sistema:2020-11-01:2020-11-30
2020-11-23,AporEnerMediHist,206600000,kWh,xm:servapibi,2026-09-22T19:13:19Z,xm/2020/11/AporEnerMediHist_Sistema.ndjson.gz#AporEnerMediHist:Sistema:2020-11-01:2020-11-30
2020-11-23,CapaUtilDiarEner,16946671413,kWh,xm:servapibi,2026-09-22T19:13:16Z,xm/2020/11/CapaUtilDiarEner_Sistema.ndjson.gz#CapaUtilDiarEner:Sistema:2020-11-01:2020-11-30
2020-11-23,DemaSIN,205149563.88,kWh,xm:servapibi,2026-09-22T19:13:21Z,xm/2020/11/DemaSIN_Sistema.ndjson.gz#DemaSIN:Sistema:2020-11-01:2020-11-30
2020-11-23,PorcApor,0.79441,fraction,xm:servapibi,2026-09-22T19:13:20Z,xm/2020/11/PorcApor_Sistema.ndjson.gz#PorcApor:Sistema:2020-11-01:2020-11-30
2020-11-23,PorcVoluUtilDiar,0.76182,fraction,xm:servapibi,2026-09-22T19:13:13Z,xm/2020/11/PorcVoluUtilDiar_Sistema.ndjson.gz#PorcVoluUtilDiar:Sistema:2020-11-01:2020-11-30
2020-11-23,PrecBolsNaci,209.8438833333333,COP/kWh,xm:servapibi,2026-09-22T19:13:24Z,xm/2020/11/PrecBolsNaci_Sistema.ndjson.gz#PrecBolsNaci:Sistema:2020-11-01:2020-11-30
2020-11-23,PrecEscaAct,570.46068,COP/kWh,xm:servapibi,2026-09-22T19:13:23Z,xm/2020/11/PrecEscaAct_Sistema.ndjson.gz#PrecEscaAct:Sistema:2020-11-01:2020-11-30
2020-11-23,VoluUtilDiarEner,12910292100,kWh,xm:servapibi,2026-09-22T19:13:15Z,xm/2020/11/VoluUtilDiarEner_Sistema.ndjson.gz#VoluUtilDiarEner:Sistema:2020-11-01:2020-11-30
2020-11-24,AporEner,167752700,kWh,xm:servapibi,2026-09-22T19:13:17Z,xm/2020/11/AporEner_Sistema.ndjson.gz#AporEner:Sistema:2020-11-01:2020-11-30
2020-11-24,AporEnerMediHist,206600000,kWh,xm:servapibi,2026-09-22T19:13:19Z,xm/2020/11/AporEnerMediHist_Sistema.ndjson.gz#AporEnerMediHist:Sistema:2020-11-01:2020-11-30
2020-11-24,CapaUtilDiarEner,16946671413,kWh,xm:servapibi,2026-09-22T19:13:16Z,xm/2020/11/CapaUtilDiarEner_Sistema.ndjson.gz#CapaUtilDiarEner:Sistema:2020-11-01:2020-11-30
2020-11-24,DemaSIN,208537000.3,kWh,xm:servapibi,2026-09-22T19:13:21Z,xm/2020/11/DemaSIN_Sistema.ndjson.gz#DemaSIN:Sistema:2020-11-01:2020-11-30
2020-11-24,PorcApor,0.81197,fraction,xm:servapibi,2026-09-22T19:13:20Z,xm/2020/11/PorcApor_Sistema.ndjson.gz#PorcApor:Sistema:2020-11-01:2020-11-30
2020-11-24,PorcVoluUtilDiar,0.76122,fraction,xm:servapibi,2026-09-22T19:13:13Z,xm/2020/11/PorcVoluUtilDiar_Sistema.ndjson.gz#PorcVoluUtilDiar:Sistema:2020-11-01:2020-11-30
2020-11-24,PrecBolsNaci,274.6926283333333,COP/kWh,xm:servapibi,2026-09-22T19:13:24Z,xm/2020/11/PrecBolsNaci_Sistema.ndjson.gz#PrecBolsNaci:Sistema:2020-11-01:2020-11-30
2020-11-24,PrecEscaAct,570.46068,COP/kWh,xm:servapibi,2026-09-22T19:13:23Z,xm/2020/11/PrecEscaAct_Sistema.ndjson.gz#PrecEscaAct:Sistema:2020-11-01:2020-11-30
2020-11-24,VoluUtilDiarEner,12900196800,kWh,xm:servapibi,2026-09-22T19:13:15Z,xm/2020/11/VoluUtilDiarEner_Sistema.ndjson.gz#VoluUtilDiarEner:Sistema:2020-11-01:2020-11-30
2020-11-25,AporEner,173871500,kWh,xm:servapibi,2026-09-22T19:13:17Z,xm/2020/11/AporEner_Sistema.ndjson.gz#AporEner:Sistema:2020-11-01:2020-11-30
2020-11-25,AporEnerMediHist,206600000,kWh,xm:servapibi,2026-09-22T19:13:19Z,xm/2020/11/AporEnerMediHist_Sistema.ndjson.gz#AporEnerMediHist:Sistema:2020-11-01:2020-11-30
2020-11-25,CapaUtilDiarEner,16946671413,kWh,xm:servapibi,2026-09-22T19:13:16Z,xm/2020/11/CapaUtilDiarEner_Sistema.ndjson.gz#CapaUtilDiarEner:Sistema:2020-11-01:2020-11-30
2020-11-25,DemaSIN,208208569.37,kWh,xm:servapibi,2026-09-22T19:13:21Z,xm/2020/11/DemaSIN_Sistema.ndjson.gz#DemaSIN:Sistema:2020-11-01:2020-11-30
2020-11-25,PorcApor,0.84159,fraction,xm:servapibi,2026-09-22T19:13:20Z,xm/2020/11/PorcApor_Sistema.ndjson.gz#PorcApor:Sistema:2020-11-01:2020-11-30
2020-11-25,PorcVoluUtilDiar,0.75959,fraction,xm:servapibi,2026-09-22T19:13:13Z,xm/2020/11/PorcVoluUtilDiar_Sistema.ndjson.gz#PorcVoluUtilDiar:Sistema:2020-11-01:2020-11-30
2020-11-25,PrecBolsNaci,187.30597666666665,COP/kWh,xm:servapibi,2026-09-22T19:13:24Z,xm/2020/11/PrecBolsNaci_Sistema.ndjson.gz#PrecBolsNaci:Sistema:2020-11-01:2020-11-30
2020-11-25,PrecEscaAct,570.46068,COP/kWh,xm:servapibi,2026-09-22T19:13:23Z,xm/2020/11/PrecEscaAct_Sistema.ndjson.gz#PrecEscaAct:Sistema:2020-11-01:2020-11-30
2020-11-25,VoluUtilDiarEner,12872504300,kWh,xm:servapibi,2026-09-22T19:13:15Z,xm/2020/11/VoluUtilDiarEner_Sistema.ndjson.gz#VoluUtilDiarEner:Sistema:2020-11-01:2020-11-30
2020-11-26,AporEner,155006600,kWh,xm:servapibi,2026-09-22T19:13:17Z,xm/2020/11/AporEner_Sistema.ndjson.gz#AporEner:Sistema:2020-11-01:2020-11-30
2020-11-26,AporEnerMediHist,206600000,kWh,xm:servapibi,2026-09-22T19:13:19Z,xm/2020/11/AporEnerMediHist_Sistema.ndjson.gz#AporEnerMediHist:Sistema:2020-11-01:2020-11-30
2020-11-26,CapaUtilDiarEner,16946671413,kWh,xm:servapibi,2026-09-22T19:13:16Z,xm/2020/11/CapaUtilDiarEner_Sistema.ndjson.gz#CapaUtilDiarEner:Sistema:2020-11-01:2020-11-30
2020-11-26,DemaSIN,207106867.95,kWh,xm:servapibi,2026-09-22T19:13:21Z,xm/2020/11/DemaSIN_Sistema.ndjson.gz#DemaSIN:Sistema:2020-11-01:2020-11-30
2020-11-26,PorcApor,0.75027,fraction,xm:servapibi,2026-09-22T19:13:20Z,xm/2020/11/PorcApor_Sistema.ndjson.gz#PorcApor:Sistema:2020-11-01:2020-11-30
2020-11-26,PorcVoluUtilDiar,0.75891,fraction,xm:servapibi,2026-09-22T19:13:13Z,xm/2020/11/PorcVoluUtilDiar_Sistema.ndjson.gz#PorcVoluUtilDiar:Sistema:2020-11-01:2020-11-30
2020-11-26,PrecBolsNaci,204.66476166666666,COP/kWh,xm:servapibi,2026-09-22T19:13:24Z,xm/2020/11/PrecBolsNaci_Sistema.ndjson.gz#PrecBolsNaci:Sistema:2020-11-01:2020-11-30
2020-11-26,PrecEscaAct,570.46068,COP/kWh,xm:servapibi,2026-09-22T19:13:23Z,xm/2020/11/PrecEscaAct_Sistema.ndjson.gz#PrecEscaAct:Sistema:2020-11-01:2020-11-30
2020-11-26,VoluUtilDiarEner,12860939200,kWh,xm:servapibi,2026-09-22T19:13:15Z,xm/2020/11/VoluUtilDiarEner_Sistema.ndjson.gz#VoluUtilDiarEner:Sistema:2020-11-01:2020-11-30
2020-11-27,AporEner,173322200,kWh,xm:servapibi,2026-09-22T19:13:17Z,xm/2020/11/AporEner_Sistema.ndjson.gz#AporEner:Sistema:2020-11-01:2020-11-30
2020-11-27,AporEnerMediHist,206600000,kWh,xm:servapibi,2026-09-22T19:13:19Z,xm/2020/11/AporEnerMediHist_Sistema.ndjson.gz#AporEnerMediHist:Sistema:2020-11-01:2020-11-30
2020-11-27,CapaUtilDiarEner,16946671413,kWh,xm:servapibi,2026-09-22T19:13:16Z,xm/2020/11/CapaUtilDiarEner_Sistema.ndjson.gz#CapaUtilDiarEner:Sistema:2020-11-01:2020-11-30
2020-11-27,DemaSIN,204281380.92,kWh,xm:servapibi,2026-09-22T19:13:21Z,xm/2020/11/DemaSIN_Sistema.ndjson.gz#DemaSIN:Sistema:2020-11-01:2020-11-30
2020-11-27,PorcApor,0.83893,fraction,xm:servapibi,2026-09-22T19:13:20Z,xm/2020/11/PorcApor_Sistema.ndjson.gz#PorcApor:Sistema:2020-11-01:2020-11-30
2020-11-27,PorcVoluUtilDiar,0.75483,fraction,xm:servapibi,2026-09-22T19:13:13Z,xm/2020/11/PorcVoluUtilDiar_Sistema.ndjson.gz#PorcVoluUtilDiar:Sistema:2020-11-01:2020-11-30
2020-11-27,PrecBolsNaci,180.25386833333332,COP/kWh,xm:servapibi,2026-09-22T19:13:24Z,xm/2020/11/PrecBolsNaci_Sistema.ndjson.gz#PrecBolsNaci:Sistema:2020-11-01:2020-11-30
2020-11-27,PrecEscaAct,570.46068,COP/kWh,xm:servapibi,2026-09-22T19:13:23Z,xm/2020/11/PrecEscaAct_Sistema.ndjson.gz#PrecEscaAct:Sistema:2020-11-01:2020-11-30
2020-11-27,VoluUtilDiarEner,12791897300,kWh,xm:servapibi,2026-09-22T19:13:15Z,xm/2020/11/VoluUtilDiarEner_Sistema.ndjson.gz#VoluUtilDiarEner:Sistema:2020-11-01:2020-11-30
2020-11-28,AporEner,326329100,kWh,xm:servapibi,2026-09-22T19:13:17Z,xm/2020/11/AporEner_Sistema.ndjson.gz#AporEner:Sistema:2020-11-01:2020-11-30
2020-11-28,AporEnerMediHist,206600000,kWh,xm:servapibi,2026-09-22T19:13:19Z,xm/2020/11/AporEnerMediHist_Sistema.ndjson.gz#AporEnerMediHist:Sistema:2020-11-01:2020-11-30
2020-11-28,CapaUtilDiarEner,16946671413,kWh,xm:servapibi,2026-09-22T19:13:16Z,xm/2020/11/CapaUtilDiarEner_Sistema.ndjson.gz#CapaUtilDiarEner:Sistema:2020-11-01:2020-11-30
2020-11-28,DemaSIN,193807790.25,kWh,xm:servapibi,2026-09-22T19:13:21Z,xm/2020/11/DemaSIN_Sistema.ndjson.gz#DemaSIN:Sistema:2020-11-01:2020-11-30
2020-11-28,PorcApor,1.57952,fraction,xm:servapibi,2026-09-22T19:13:20Z,xm/2020/11/PorcApor_Sistema.ndjson.gz#PorcApor:Sistema:2020-11-01:2020-11-30
2020-11-28,PorcVoluUtilDiar,0.76296,fraction,xm:servapibi,2026-09-22T19:13:13Z,xm/2020/11/PorcVoluUtilDiar_Sistema.ndjson.gz#PorcVoluUtilDiar:Sistema:2020-11-01:2020-11-30
2020-11-28,PrecBolsNaci,156.08116833333335,COP/kWh,xm:servapibi,2026-09-22T19:13:24Z,xm/2020/11/PrecBolsNaci_Sistema.ndjson.gz#PrecBolsNaci:Sistema:2020-11-01:2020-11-30
2020-11-28,PrecEscaAct,570.46068,COP/kWh,xm:servapibi,2026-09-22T19:13:23Z,xm/2020/11/PrecEscaAct_Sistema.ndjson.gz#PrecEscaAct:Sistema:2020-11-01:2020-11-30
2020-11-28,VoluUtilDiarEner,12929555600,kWh,xm:servapibi,2026-09-22T19:13:15Z,xm/2020/11/VoluUtilDiarEner_Sistema.ndjson.gz#VoluUtilDiarEner:Sistema:2020-11-01:2020-11-30
2020-11-29,AporEner,253159300,kWh,xm:servapibi,2026-09-22T19:13:17Z,xm/2020/11/AporEner_Sistema.ndjson.gz#AporEner:Sistema:2020-11-01:2020-11-30
2020-11-29,AporEnerMediHist,206600000,kWh,xm:servapibi,2026-09-22T19:13:19Z,xm/2020/11/AporEnerMediHist_Sistema.ndjson.gz#AporEnerMediHist:Sistema:2020-11-01:2020-11-30
2020-11-29,CapaUtilDiarEner,16946671413,kWh,xm:servapibi,2026-09-22T19:13:16Z,xm/2020/11/CapaUtilDiarEner_Sistema.ndjson.gz#CapaUtilDiarEner:Sistema:2020-11-01:2020-11-30
2020-11-29,DemaSIN,178937201.7,kWh,xm:servapibi,2026-09-22T19:13:21Z,xm/2020/11/DemaSIN_Sistema.ndjson.gz#DemaSIN:Sistema:2020-11-01:2020-11-30
2020-11-29,PorcApor,1.22536,fraction,xm:servapibi,2026-09-22T19:13:20Z,xm/2020/11/PorcApor_Sistema.ndjson.gz#PorcApor:Sistema:2020-11-01:2020-11-30
2020-11-29,PorcVoluUtilDiar,0.76676,fraction,xm:servapibi,2026-09-22T19:13:13Z,xm/2020/11/PorcVoluUtilDiar_Sistema.ndjson.gz#PorcVoluUtilDiar:Sistema:2020-11-01:2020-11-30
2020-11-29,PrecBolsNaci,143.60498999999996,COP/kWh,xm:servapibi,2026-09-22T19:13:24Z,xm/2020/11/PrecBolsNaci_Sistema.ndjson.gz#PrecBolsNaci:Sistema:2020-11-01:2020-11-30
2020-11-29,PrecEscaAct,570.46068,COP/kWh,xm:servapibi,2026-09-22T19:13:23Z,xm/2020/11/PrecEscaAct_Sistema.ndjson.gz#PrecEscaAct:Sistema:2020-11-01:2020-11-30
2020-11-29,VoluUtilDiarEner,12993958900,kWh,xm:servapibi,2026-09-22T19:13:15Z,xm/2020/11/VoluUtilDiarEner_Sistema.ndjson.gz#VoluUtilDiarEner:Sistema:2020-11-01:2020-11-30
2020-11-30,AporEner,212961600,kWh,xm:servapibi,2026-09-22T19:13:17Z,xm/2020/11/AporEner_Sistema.ndjson.gz#AporEner:Sistema:2020-11-01:2020-11-30
2020-11-30,AporEnerMediHist,206600000,kWh,xm:servapibi,2026-09-22T19:13:19Z,xm/2020/11/AporEnerMediHist_Sistema.ndjson.gz#AporEnerMediHist:Sistema:2020-11-01:2020-11-30
2020-11-30,CapaUtilDiarEner,16946671413,kWh,xm:servapibi,2026-09-22T19:13:16Z,xm/2020/11/CapaUtilDiarEner_Sistema.ndjson.gz#CapaUtilDiarEner:Sistema:2020-11-01:2020-11-30
2020-11-30,DemaSIN,203778844.02,kWh,xm:servapibi,2026-09-22T19:13:21Z,xm/2020/11/DemaSIN_Sistema.ndjson.gz#DemaSIN:Sistema:2020-11-01:2020-11-30
2020-11-30,PorcApor,1.03079,fraction,xm:servapibi,2026-09-22T19:13:20Z,xm/2020/11/PorcApor_Sistema.ndjson.gz#PorcApor:Sistema:2020-11-01:2020-11-30
2020-11-30,PorcVoluUtilDiar,0.76546,fraction,xm:servapibi,2026-09-22T19:13:13Z,xm/2020/11/PorcVoluUtilDiar_Sistema.ndjson.gz#PorcVoluUtilDiar:Sistema:2020-11-01:2020-11-30
2020-11-30,PrecBolsNaci,136.51452499999996,COP/kWh,xm:servapibi,2026-09-22T19:13:24Z,xm/2020/11/PrecBolsNaci_Sistema.ndjson.gz#PrecBolsNaci:Sistema:2020-11-01:2020-11-30
2020-11-30,PrecEscaAct,570.46068,COP/kWh,xm:servapibi,2026-09-22T19:13:23Z,xm/2020/11/PrecEscaAct_Sistema.ndjson.gz#PrecEscaAct:Sistema:2020-11-01:2020-11-30
2020-11-30,VoluUtilDiarEner,12971922100,kWh,xm:servapibi,2026-09-22T19:13:15Z,xm/2020/11/VoluUtilDiarEner_Sistema.ndjson.gz#VoluUtilDiarEner:Sistema:2020-11-01:2020-11-30
2020-12-01,AporEner,206814400,kWh,xm:servapibi,2026-09-22T19:13:33Z,xm/2020/12/AporEner_Sistema.ndjson.gz#AporEner:Sistema:2020-12-01:2020-12-31
2020-12-01,AporEnerMediHist,144660000,kWh,xm:servapibi,2026-09-22T19:13:34Z,xm/2020/12/AporEnerMediHist_Sistema.ndjson.gz#AporEnerMediHist:Sistema:2020-12-01:2020-12-31
2020-12-01,CapaUtilDiarEner,16946671413,kWh,xm:servapibi,2026-09-22T19:13:31Z,xm/2020/12/CapaUtilDiarEner_Sistema.ndjson.gz#CapaUtilDiarEner:Sistema:2020-12-01:2020-12-31
2020-12-01,DemaSIN,205355564.8,kWh,xm:servapibi,2026-09-22T19:13:37Z,xm/2020/12/DemaSIN_Sistema.ndjson.gz#DemaSIN:Sistema:2020-12-01:2020-12-31
2020-12-01,PorcApor,1.42966,fraction,xm:servapibi,2026-09-22T19:13:35Z,xm/2020/12/PorcApor_Sistema.ndjson.gz#PorcApor:Sistema:2020-12-01:2020-12-31
2020-12-01,PorcVoluUtilDiar,0.76486,fraction,xm:servapibi,2026-09-22T19:13:29Z,xm/2020/12/PorcVoluUtilDiar_Sistema.ndjson.gz#PorcVoluUtilDiar:Sistema:2020-12-01:2020-12-31
2020-12-01,PrecBolsNaci,130.91201333333336,COP/kWh,xm:servapibi,2026-09-22T19:13:39Z,xm/2020/12/PrecBolsNaci_Sistema.ndjson.gz#PrecBolsNaci:Sistema:2020-12-01:2020-12-31
2020-12-01,PrecEscaAct,568.45699,COP/kWh,xm:servapibi,2026-09-22T19:13:38Z,xm/2020/12/PrecEscaAct_Sistema.ndjson.gz#PrecEscaAct:Sistema:2020-12-01:2020-12-31
2020-12-01,VoluUtilDiarEner,12961778700,kWh,xm:servapibi,2026-09-22T19:13:30Z,xm/2020/12/VoluUtilDiarEner_Sistema.ndjson.gz#VoluUtilDiarEner:Sistema:2020-12-01:2020-12-31
2020-12-02,AporEner,214685800,kWh,xm:servapibi,2026-09-22T19:13:33Z,xm/2020/12/AporEner_Sistema.ndjson.gz#AporEner:Sistema:2020-12-01:2020-12-31
2020-12-02,AporEnerMediHist,144660000,kWh,xm:servapibi,2026-09-22T19:13:34Z,xm/2020/12/AporEnerMediHist_Sistema.ndjson.gz#AporEnerMediHist:Sistema:2020-12-01:2020-12-31
2020-12-02,CapaUtilDiarEner,16946671413,kWh,xm:servapibi,2026-09-22T19:13:31Z,xm/2020/12/CapaUtilDiarEner_Sistema.ndjson.gz#CapaUtilDiarEner:Sistema:2020-12-01:2020-12-31
2020-12-02,DemaSIN,204719532.48,kWh,xm:servapibi,2026-09-22T19:13:37Z,xm/2020/12/DemaSIN_Sistema.ndjson.gz#DemaSIN:Sistema:2020-12-01:2020-12-31
2020-12-02,PorcApor,1.48407,fraction,xm:servapibi,2026-09-22T19:13:35Z,xm/2020/12/PorcApor_Sistema.ndjson.gz#PorcApor:Sistema:2020-12-01:2020-12-31
2020-12-02,PorcVoluUtilDiar,0.76516,fraction,xm:servapibi,2026-09-22T19:13:29Z,xm/2020/12/PorcVoluUtilDiar_Sistema.ndjson.gz#PorcVoluUtilDiar:Sistema:2020-12-01:2020-12-31
2020-12-02,PrecBolsNaci,120.63686000000006,COP/kWh,xm:servapibi,2026-09-22T19:13:39Z,xm/2020/12/PrecBolsNaci_Sistema.ndjson.gz#PrecBolsNaci:Sistema:2020-12-01:2020-12-31
2020-12-02,PrecEscaAct,568.45699,COP/kWh,xm:servapibi,2026-09-22T19:13:38Z,xm/2020/12/PrecEscaAct_Sistema.ndjson.gz#PrecEscaAct:Sistema:2020-12-01:2020-12-31
2020-12-02,VoluUtilDiarEner,12966947700,kWh,xm:servapibi,2026-09-22T19:13:30Z,xm/2020/12/VoluUtilDiarEner_Sistema.ndjson.gz#VoluUtilDiarEner:Sistema:2020-12-01:2020-12-31
2020-12-03,AporEner,247142300,kWh,xm:servapibi,2026-09-22T19:13:33Z,xm/2020/12/AporEner_Sistema.ndjson.gz#AporEner:Sistema:2020-12-01:2020-12-31
2020-12-03,AporEnerMediHist,144660000,kWh,xm:servapibi,2026-09-22T19:13:34Z,xm/2020/12/AporEnerMediHist_Sistema.ndjson.gz#AporEnerMediHist:Sistema:2020-12-01:2020-12-31
2020-12-03,CapaUtilDiarEner,16946671413,kWh,xm:servapibi,2026-09-22T19:13:31Z,xm/2020/12/CapaUtilDiarEner_Sistema.ndjson.gz#CapaUtilDiarEner:Sistema:2020-12-01:2020-12-31
2020-12-03,DemaSIN,205801778.95,kWh,xm:servapibi,2026-09-22T19:13:37Z,xm/2020/12/DemaSIN_Sistema.ndjson.gz#DemaSIN:Sistema:2020-12-01:2020-12-31
2020-12-03,PorcApor,1.70844,fraction,xm:servapibi,2026-09-22T19:13:35Z,xm/2020/12/PorcApor_Sistema.ndjson.gz#PorcApor:Sistema:2020-12-01:2020-12-31
2020-12-03,PorcVoluUtilDiar,0.76922,fraction,xm:servapibi,2026-09-22T19:13:29Z,xm/2020/12/PorcVoluUtilDiar_Sistema.ndjson.gz#PorcVoluUtilDiar:Sistema:2020-12-01:2020-12-31
2020-12-03,PrecBolsNaci,115.08654000000001,COP/kWh,xm:servapibi,2026-09-22T19:13:39Z,xm/2020/12/PrecBolsNaci_Sistema.ndjson.gz#PrecBolsNaci:Sistema:2020-12-01:2020-12-31
2020-12-03,PrecEscaAct,568.45699,COP/kWh,xm:servapibi,2026-09-22T19:13:38Z,xm/2020/12/PrecEscaAct_Sistema.ndjson.gz#PrecEscaAct:Sistema:2020-12-01:2020-12-31
2020-12-03,VoluUtilDiarEner,13035773900,kWh,xm:servapibi,2026-09-22T19:13:30Z,xm/2020/12/VoluUtilDiarEner_Sistema.ndjson.gz#VoluUtilDiarEner:Sistema:2020-12-01:2020-12-31
2020-12-04,AporEner,167728800,kWh,xm:servapibi,2026-09-22T19:13:33Z,xm/2020/12/AporEner_Sistema.ndjson.gz#AporEner:Sistema:2020-12-01:2020-12-31
2020-12-04,AporEnerMediHist,144660000,kWh,xm:servapibi,2026-09-22T19:13:34Z,xm/2020/12/AporEnerMediHist_Sistema.ndjson.gz#AporEnerMediHist:Sistema:2020-12-01:2020-12-31
2020-12-04,CapaUtilDiarEner,16946671413,kWh,xm:servapibi,2026-09-22T19:13:31Z,xm/2020/12/CapaUtilDiarEner_Sistema.ndjson.gz#CapaUtilDiarEner:Sistema:2020-12-01:2020-12-31
2020-12-04,DemaSIN,207230898.05,kWh,xm:servapibi,2026-09-22T19:13:37Z,xm/2020/12/DemaSIN_Sistema.ndjson.gz#DemaSIN:Sistema:2020-12-01:2020-12-31
2020-12-04,PorcApor,1.15947,fraction,xm:servapibi,2026-09-22T19:13:35Z,xm/2020/12/PorcApor_Sistema.ndjson.gz#PorcApor:Sistema:2020-12-01:2020-12-31
2020-12-04,PorcVoluUtilDiar,0.76831,fraction,xm:servapibi,2026-09-22T19:13:29Z,xm/2020/12/PorcVoluUtilDiar_Sistema.ndjson.gz#PorcVoluUtilDiar:Sistema:2020-12-01:2020-12-31
2020-12-04,PrecBolsNaci,115.67402666666665,COP/kWh,xm:servapibi,2026-09-22T19:13:39Z,xm/2020/12/PrecBolsNaci_Sistema.ndjson.gz#PrecBolsNaci:Sistema:2020-12-01:2020-12-31
2020-12-04,PrecEscaAct,568.45699,COP/kWh,xm:servapibi,2026-09-22T19:13:38Z,xm/2020/12/PrecEscaAct_Sistema.ndjson.gz#PrecEscaAct:Sistema:2020-12-01:2020-12-31
2020-12-04,VoluUtilDiarEner,13020341300,kWh,xm:servapibi,2026-09-22T19:13:30Z,xm/2020/12/VoluUtilDiarEner_Sistema.ndjson.gz#VoluUtilDiarEner:Sistema:2020-12-01:2020-12-31
2020-12-05,AporEner,136721900,kWh,xm:servapibi,2026-09-22T19:13:33Z,xm/2020/12/AporEner_Sistema.ndjson.gz#AporEner:Sistema:2020-12-01:2020-12-31
2020-12-05,AporEnerMediHist,144660000,kWh,xm:servapibi,2026-09-22T19:13:34Z,xm/2020/12/AporEnerMediHist_Sistema.ndjson.gz#AporEnerMediHist:Sistema:2020-12-01:2020-12-31
2020-12-05,CapaUtilDiarEner,16946671413,kWh,xm:servapibi,2026-09-22T19:13:31Z,xm/2020/12/CapaUtilDiarEner_Sistema.ndjson.gz#CapaUtilDiarEner:Sistema:2020-12-01:2020-12-31
2020-12-05,DemaSIN,199081199.31,kWh,xm:servapibi,2026-09-22T19:13:37Z,xm/2020/12/DemaSIN_Sistema.ndjson.gz#DemaSIN:Sistema:2020-12-01:2020-12-31
2020-12-05,PorcApor,0.94513,fraction,xm:servapibi,2026-09-22T19:13:35Z,xm/2020/12/PorcApor_Sistema.ndjson.gz#PorcApor:Sistema:2020-12-01:2020-12-31
2020-12-05,PorcVoluUtilDiar,0.76678,fraction,xm:servapibi,2026-09-22T19:13:29Z,xm/2020/12/PorcVoluUtilDiar_Sistema.ndjson.gz#PorcVoluUtilDiar:Sistema:2020-12-01:2020-12-31
2020-12-05,PrecBolsNaci,112.45808666666672,COP/kWh,xm:servapibi,2026-09-22T19:13:39Z,xm/2020/12/PrecBolsNaci_Sistema.ndjson.gz#PrecBolsNaci:Sistema:2020-12-01:2020-12-31
2020-12-05,PrecEscaAct,568.45699,COP/kWh,xm:servapibi,2026-09-22T19:13:38Z,xm/2020/12/PrecEscaAct_Sistema.ndjson.gz#PrecEscaAct:Sistema:2020-12-01:2020-12-31
2020-12-05,VoluUtilDiarEner,12994430400,kWh,xm:servapibi,2026-09-22T19:13:30Z,xm/2020/12/VoluUtilDiarEner_Sistema.ndjson.gz#VoluUtilDiarEner:Sistema:2020-12-01:2020-12-31
2020-12-06,AporEner,145426600,kWh,xm:servapibi,2026-09-22T19:13:33Z,xm/2020/12/AporEner_Sistema.ndjson.gz#AporEner:Sistema:2020-12-01:2020-12-31
2020-12-06,AporEnerMediHist,144660000,kWh,xm:servapibi,2026-09-22T19:13:34Z,xm/2020/12/AporEnerMediHist_Sistema.ndjson.gz#AporEnerMediHist:Sistema:2020-12-01:2020-12-31
2020-12-06,CapaUtilDiarEner,16946671413,kWh,xm:servapibi,2026-09-22T19:13:31Z,xm/2020/12/CapaUtilDiarEner_Sistema.ndjson.gz#CapaUtilDiarEner:Sistema:2020-12-01:2020-12-31
2020-12-06,DemaSIN,185289242.46,kWh,xm:servapibi,2026-09-22T19:13:37Z,xm/2020/12/DemaSIN_Sistema.ndjson.gz#DemaSIN:Sistema:2020-12-01:2020-12-31
2020-12-06,PorcApor,1.0053,fraction,xm:servapibi,2026-09-22T19:13:35Z,xm/2020/12/PorcApor_Sistema.ndjson.gz#PorcApor:Sistema:2020-12-01:2020-12-31
2020-12-06,PorcVoluUtilDiar,0.76754,fraction,xm:servapibi,2026-09-22T19:13:29Z,xm/2020/12/PorcVoluUtilDiar_Sistema.ndjson.gz#PorcVoluUtilDiar:Sistema:2020-12-01:2020-12-31
2020-12-06,PrecBolsNaci,121.15939666666662,COP/kWh,xm:servapibi,2026-09-22T19:13:39Z,xm/2020/12/PrecBolsNaci_Sistema.ndjson.gz#PrecBolsNaci:Sistema:2020-12-01:2020-12-31
2020-12-06,PrecEscaAct,568.45699,COP/kWh,xm:servapibi,2026-09-22T19:13:38Z,xm/2020/12/PrecEscaAct_Sistema.ndjson.gz#PrecEscaAct:Sistema:2020-12-01:2020-12-31
2020-12-06,VoluUtilDiarEner,13007256800,kWh,xm:servapibi,2026-09-22T19:13:30Z,xm/2020/12/VoluUtilDiarEner_Sistema.ndjson.gz#VoluUtilDiarEner:Sistema:2020-12-01:2020-12-31
2020-12-07,AporEner,132720700,kWh,xm:servapibi,2026-09-22T19:13:33Z,xm/2020/12/AporEner_Sistema.ndjson.gz#AporEner:Sistema:2020-12-01:2020-12-31
2020-12-07,AporEnerMediHist,144660000,kWh,xm:servapibi,2026-09-22T19:13:34Z,xm/2020/12/AporEnerMediHist_Sistema.ndjson.gz#AporEnerMediHist:Sistema:2020-12-01:2020-12-31
2020-12-07,CapaUtilDiarEner,16924074293,kWh,xm:servapibi,2026-09-22T19:13:31Z,xm/2020/12/CapaUtilDiarEner_Sistema.ndjson.gz#CapaUtilDiarEner:Sistema:2020-12-01:2020-12-31
2020-12-07,DemaSIN,202265547.1,kWh,xm:servapibi,2026-09-22T19:13:37Z,xm/2020/12/DemaSIN_Sistema.ndjson.gz#DemaSIN:Sistema:2020-12-01:2020-12-31
2020-12-07,PorcApor,0.91747,fraction,xm:servapibi,2026-09-22T19:13:35Z,xm/2020/12/PorcApor_Sistema.ndjson.gz#PorcApor:Sistema:2020-12-01:2020-12-31
2020-12-07,PorcVoluUtilDiar,0.76702,fraction,xm:servapibi,2026-09-22T19:13:29Z,xm/2020/12/PorcVoluUtilDiar_Sistema.ndjson.gz#PorcVoluUtilDiar:Sistema:2020-12-01:2020-12-31
2020-12-07,PrecBolsNaci,135.8380616666667,COP/kWh,xm:servapibi,2026-09-22T19:13:39Z,xm/2020/12/PrecBolsNaci_Sistema.ndjson.gz#PrecBolsNaci:Sistema:2020-12-01:2020-12-31
2020-12-07,PrecEscaAct,568.45699,COP/kWh,xm:servapibi,2026-09-22T19:13:38Z,xm/2020/12/PrecEscaAct_Sistema.ndjson.gz#PrecEscaAct:Sistema:2020-12-01:2020-12-31
2020-12-07,VoluUtilDiarEner,12981152000,kWh,xm:servapibi,2026-09-22T19:13:30Z,xm/2020/12/VoluUtilDiarEner_Sistema.ndjson.gz#VoluUtilDiarEner:Sistema:2020-12-01:2020-12-31
2020-12-08,AporEner,126160900,kWh,xm:servapibi,2026-09-22T19:13:33Z,xm/2020/12/AporEner_Sistema.ndjson.gz#AporEner:Sistema:2020-12-01:2020-12-31
2020-12-08,AporEnerMediHist,144660000,kWh,xm:servapibi,2026-09-22T19:13:34Z,xm/2020/12/AporEnerMediHist_Sistema.ndjson.gz#AporEnerMediHist:Sistema:2020-12-01:2020-12-31
2020-12-08,CapaUtilDiarEner,16924074293,kWh,xm:servapibi,2026-09-22T19:13:31Z,xm/2020/12/CapaUtilDiarEner_Sistema.ndjson.gz#CapaUtilDiarEner:Sistema:2020-12-01:2020-12-31
2020-12-08,DemaSIN,187590443.01,kWh,xm:servapibi,2026-09-22T19:13:37Z,xm/2020/12/DemaSIN_Sistema.ndjson.gz#DemaSIN:Sistema:2020-12-01:2020-12-31
2020-12-08,PorcApor,0.87212,fraction,xm:servapibi,2026-09-22T19:13:35Z,xm/2020/12/PorcApor_Sistema.ndjson.gz#PorcApor:Sistema:2020-12-01:2020-12-31
2020-12-08,PorcVoluUtilDiar,0.76572,fraction,xm:servapibi,2026-09-22T19:13:29Z,xm/2020/12/PorcVoluUtilDiar_Sistema.ndjson.gz#PorcVoluUtilDiar:Sistema:2020-12-01:2020-12-31
2020-12-08,PrecBolsNaci,123.52298000000003,COP/kWh,xm:servapibi,2026-09-22T19:13:39Z,xm/2020/12/PrecBolsNaci_Sistema.ndjson.gz#PrecBolsNaci:Sistema:2020-12-01:2020-12-31
2020-12-08,PrecEscaAct,568.45699,COP/kWh,xm:servapibi,2026-09-22T19:13:38Z,xm/2020/12/PrecEscaAct_Sistema.ndjson.gz#PrecEscaAct:Sistema:2020-12-01:2020-12-31
2020-12-08,VoluUtilDiarEner,12959186200,kWh,xm:servapibi,2026-09-22T19:13:30Z,xm/2020/12/VoluUtilDiarEner_Sistema.ndjson.gz#VoluUtilDiarEner:Sistema:2020-12-01:2020-12-31
2020-12-09,AporEner,125320300,kWh,xm:servapibi,2026-09-22T19:13:33Z,xm/2020/12/AporEner_Sistema.ndjson.gz#AporEner:Sistema:2020-12-01:2020-12-31
2020-12-09,AporEnerMediHist,144660000,kWh,xm:servapibi,2026-09-22T19:13:34Z,xm/2020/12/AporEnerMediHist_Sistema.ndjson.gz#AporEnerMediHist:Sistema:2020-12-01:2020-12-31
2020-12-09,CapaUtilDiarEner,16924074293,kWh,xm:servapibi,2026-09-22T19:13:31Z,xm/2020/12/CapaUtilDiarEner_Sistema.ndjson.gz#CapaUtilDiarEner:Sistema:2020-12-01:2020-12-31
2020-12-09,DemaSIN,206560802.69,kWh,xm:servapibi,2026-09-22T19:13:37Z,xm/2020/12/DemaSIN_Sistema.ndjson.gz#DemaSIN:Sistema:2020-12-01:2020-12-31
2020-12-09,PorcApor,0.86631,fraction,xm:servapibi,2026-09-22T19:13:35Z,xm/2020/12/PorcApor_Sistema.ndjson.gz#PorcApor:Sistema:2020-12-01:2020-12-31
2020-12-09,PorcVoluUtilDiar,0.7613,fraction,xm:servapibi,2026-09-22T19:13:29Z,xm/2020/12/PorcVoluUtilDiar_Sistema.ndjson.gz#PorcVoluUtilDiar:Sistema:2020-12-01:2020-12-31
2020-12-09,PrecBolsNaci,132.7680833333333,COP/kWh,xm:servapibi,2026-09-22T19:13:39Z,xm/2020/12/PrecBolsNaci_Sistema.ndjson.gz#PrecBolsNaci:Sistema:2020-12-01:2020-12-31
2020-12-09,PrecEscaAct,568.45699,COP/kWh,xm:servapibi,2026-09-22T19:13:38Z,xm/2020/12/PrecEscaAct_Sistema.ndjson.gz#PrecEscaAct:Sistema:2020-12-01:2020-12-31
2020-12-09,VoluUtilDiarEner,12884375000,kWh,xm:servapibi,2026-09-22T19:13:30Z,xm/2020/12/VoluUtilDiarEner_Sistema.ndjson.gz#VoluUtilDiarEner:Sistema:2020-12-01:2020-12-31
2020-12-10,AporEner,120945800,kWh,xm:servapibi,2026-09-22T19:13:33Z,xm/2020/12/AporEner_Sistema.ndjson.gz#AporEner:Sistema:2020-12-01:2020-12-31
2020-12-10,AporEnerMediHist,144660000,kWh,xm:servapibi,2026-09-22T19:13:34Z,xm/2020/12/AporEnerMediHist_Sistema.ndjson.gz#AporEnerMediHist:Sistema:2020-12-01:2020-12-31
2020-12-10,CapaUtilDiarEner,16924074293,kWh,xm:servapibi,2026-09-22T19:13:31Z,xm/2020/12/CapaUtilDiarEner_Sistema.ndjson.gz#CapaUtilDiarEner:Sistema:2020-12-01:2020-12-31
2020-12-10,DemaSIN,209115220.26,kWh,xm:servapibi,2026-09-22T19:13:37Z,xm/2020/12/DemaSIN_Sistema.ndjson.gz#DemaSIN:Sistema:2020-12-01:2020-12-31
2020-12-10,PorcApor,0.83607,fraction,xm:servapibi,2026-09-22T19:13:35Z,xm/2020/12/PorcApor_Sistema.ndjson.gz#PorcApor:Sistema:2020-12-01:2020-12-31
2020-12-10,PorcVoluUtilDiar,0.75928,fraction,xm:servapibi,2026-09-22T19:13:29Z,xm/2020/12/PorcVoluUtilDiar_Sistema.ndjson.gz#PorcVoluUtilDiar:Sistema:2020-12-01:2020-12-31
2020-12-10,PrecBolsNaci,131.9593583333333,COP/kWh,xm:servapibi,2026-09-22T19:13:39Z,xm/2020/12/PrecBolsNaci_Sistema.ndjson.gz#PrecBolsNaci:Sistema:2020-12-01:2020-12-31
2020-12-10,PrecEscaAct,568.45699,COP/kWh,xm:servapibi,2026-09-22T19:13:38Z,xm/2020/12/PrecEscaAct_Sistema.ndjson.gz#PrecEscaAct:Sistema:2020-12-01:2020-12-31
2020-12-10,VoluUtilDiarEner,12850088800,kWh,xm:servapibi,2026-09-22T19:13:30Z,xm/2020/12/VoluUtilDiarEner_Sistema.ndjson.gz#VoluUtilDiarEner:Sistema:2020-12-01:2020-12-31
2020-12-11,AporEner,118342000,kWh,xm:servapibi,2026-09-22T19:13:33Z,xm/2020/12/AporEner_Sistema.ndjson.gz#AporEner:Sistema:2020-12-01:2020-12-31
2020-12-11,AporEnerMediHist,144660000,kWh,xm:servapibi,2026-09-22T19:13:34Z,xm/2020/12/AporEnerMediHist_Sistema.ndjson.gz#AporEnerMediHist:Sistema:2020-12-01:2020-12-31
2020-12-11,CapaUtilDiarEner,16924074293,kWh,xm:servapibi,2026-09-22T19:13:31Z,xm/2020/12/CapaUtilDiarEner_Sistema.ndjson.gz#CapaUtilDiarEner:Sistema:2020-12-01:2020-12-31
2020-12-11,DemaSIN,210250899.51,kWh,xm:servapibi,2026-09-22T19:13:37Z,xm/2020/12/DemaSIN_Sistema.ndjson.gz#DemaSIN:Sistema:2020-12-01:2020-12-31
2020-12-11,PorcApor,0.81807,fraction,xm:servapibi,2026-09-22T19:13:35Z,xm/2020/12/PorcApor_Sistema.ndjson.gz#PorcApor:Sistema:2020-12-01:2020-12-31
2020-12-11,PorcVoluUtilDiar,0.75447,fraction,xm:servapibi,2026-09-22T19:13:29Z,xm/2020/12/PorcVoluUtilDiar_Sistema.ndjson.gz#PorcVoluUtilDiar:Sistema:2020-12-01:2020-12-31
2020-12-11,PrecBolsNaci,146.04538666666664,COP/kWh,xm:servapibi,2026-09-22T19:13:39Z,xm/2020/12/PrecBolsNaci_Sistema.ndjson.gz#PrecBolsNaci:Sistema:2020-12-01:2020-12-31
2020-12-11,PrecEscaAct,568.45699,COP/kWh,xm:servapibi,2026-09-22T19:13:38Z,xm/2020/12/PrecEscaAct_Sistema.ndjson.gz#PrecEscaAct:Sistema:2020-12-01:2020-12-31
2020-12-11,VoluUtilDiarEner,12768674600,kWh,xm:servapibi,2026-09-22T19:13:30Z,xm/2020/12/VoluUtilDiarEner_Sistema.ndjson.gz#VoluUtilDiarEner:Sistema:2020-12-01:2020-12-31
2020-12-12,AporEner,104898800,kWh,xm:servapibi,2026-09-22T19:13:33Z,xm/2020/12/AporEner_Sistema.ndjson.gz#AporEner:Sistema:2020-12-01:2020-12-31
2020-12-12,AporEnerMediHist,144660000,kWh,xm:servapibi,2026-09-22T19:13:34Z,xm/2020/12/AporEnerMediHist_Sistema.ndjson.gz#AporEnerMediHist:Sistema:2020-12-01:2020-12-31
2020-12-12,CapaUtilDiarEner,16924074293,kWh,xm:servapibi,2026-09-22T19:13:31Z,xm/2020/12/CapaUtilDiarEner_Sistema.ndjson.gz#CapaUtilDiarEner:Sistema:2020-12-01:2020-12-31
2020-12-12,DemaSIN,200570027.18,kWh,xm:servapibi,2026-09-22T19:13:37Z,xm/2020/12/DemaSIN_Sistema.ndjson.gz#DemaSIN:Sistema:2020-12-01:2020-12-31
2020-12-12,PorcApor,0.72514,fraction,xm:servapibi,2026-09-22T19:13:35Z,xm/2020/12/PorcApor_Sistema.ndjson.gz#PorcApor:Sistema:2020-12-01:2020-12-31
2020-12-12,PorcVoluUtilDiar,0.75083,fraction,xm:servapibi,2026-09-22T19:13:29Z,xm/2020/12/PorcVoluUtilDiar_Sistema.ndjson.gz#PorcVoluUtilDiar:Sistema:2020-12-01:2020-12-31
2020-12-12,PrecBolsNaci,148.26915333333338,COP/kWh,xm:servapibi,2026-09-22T19:13:39Z,xm/2020/12/PrecBolsNaci_Sistema.ndjson.gz#PrecBolsNaci:Sistema:2020-12-01:2020-12-31
2020-12-12,PrecEscaAct,568.45699,COP/kWh,xm:servapibi,2026-09-22T19:13:38Z,xm/2020/12/PrecEscaAct_Sistema.ndjson.gz#PrecEscaAct:Sistema:2020-12-01:2020-12-31
2020-12-12,VoluUtilDiarEner,12707059900,kWh,xm:servapibi,2026-09-22T19:13:30Z,xm/2020/12/VoluUtilDiarEner_Sistema.ndjson.gz#VoluUtilDiarEner:Sistema:2020-12-01:2020-12-31
2020-12-13,AporEner,101317400,kWh,xm:servapibi,2026-09-22T19:13:33Z,xm/2020/12/AporEner_Sistema.ndjson.gz#AporEner:Sistema:2020-12-01:2020-12-31
2020-12-13,AporEnerMediHist,144660000,kWh,xm:servapibi,2026-09-22T19:13:34Z,xm/2020/12/AporEnerMediHist_Sistema.ndjson.gz#AporEnerMediHist:Sistema:2020-12-01:2020-12-31
2020-12-13,CapaUtilDiarEner,16924074293,kWh,xm:servapibi,2026-09-22T19:13:31Z,xm/2020/12/CapaUtilDiarEner_Sistema.ndjson.gz#CapaUtilDiarEner:Sistema:2020-12-01:2020-12-31
2020-12-13,DemaSIN,184022615.98,kWh,xm:servapibi,2026-09-22T19:13:37Z,xm/2020/12/DemaSIN_Sistema.ndjson.gz#DemaSIN:Sistema:2020-12-01:2020-12-31
2020-12-13,PorcApor,0.70038,fraction,xm:servapibi,2026-09-22T19:13:35Z,xm/2020/12/PorcApor_Sistema.ndjson.gz#PorcApor:Sistema:2020-12-01:2020-12-31
2020-12-13,PorcVoluUtilDiar,0.74835,fraction,xm:servapibi,2026-09-22T19:13:29Z,xm/2020/12/PorcVoluUtilDiar_Sistema.ndjson.gz#PorcVoluUtilDiar:Sistema:2020-12-01:2020-12-31
2020-12-13,PrecBolsNaci,162.43417833333325,COP/kWh,xm:servapibi,2026-09-22T19:13:39Z,xm/2020/12/PrecBolsNaci_Sistema.ndjson.gz#PrecBolsNaci:Sistema:2020-12-01:2020-12-31
2020-12-13,PrecEscaAct,568.45699,COP/kWh,xm:servapibi,2026-09-22T19:13:38Z,xm/2020/12/PrecEscaAct_Sistema.ndjson.gz#PrecEscaAct:Sistema:2020-12-01:2020-12-31
2020-12-13,VoluUtilDiarEner,12665101200,kWh,xm:servapibi,2026-09-22T19:13:30Z,xm/2020/12/VoluUtilDiarEner_Sistema.ndjson.gz#VoluUtilDiarEner:Sistema:2020-12-01:2020-12-31
2020-12-14,AporEner,94263400,kWh,xm:servapibi,2026-09-22T19:13:33Z,xm/2020/12/AporEner_Sistema.ndjson.gz#AporEner:Sistema:2020-12-01:2020-12-31
2020-12-14,AporEnerMediHist,144660000,kWh,xm:servapibi,2026-09-22T19:13:34Z,xm/2020/12/AporEnerMediHist_Sistema.ndjson.gz#AporEnerMediHist:Sistema:2020-12-01:2020-12-31
2020-12-14,CapaUtilDiarEner,16924074293,kWh,xm:servapibi,2026-09-22T19:13:31Z,xm/2020/12/CapaUtilDiarEner_Sistema.ndjson.gz#CapaUtilDiarEner:Sistema:2020-12-01:2020-12-31
2020-12-14,DemaSIN,205497538.65,kWh,xm:servapibi,2026-09-22T19:13:37Z,xm/2020/12/DemaSIN_Sistema.ndjson.gz#DemaSIN:Sistema:2020-12-01:2020-12-31
2020-12-14,PorcApor,0.65162,fraction,xm:servapibi,2026-09-22T19:13:35Z,xm/2020/12/PorcApor_Sistema.ndjson.gz#PorcApor:Sistema:2020-12-01:2020-12-31
2020-12-14,PorcVoluUtilDiar,0.74456,fraction,xm:servapibi,2026-09-22T19:13:29Z,xm/2020/12/PorcVoluUtilDiar_Sistema.ndjson.gz#PorcVoluUtilDiar:Sistema:2020-12-01:2020-12-31
2020-12-14,PrecBolsNaci,171.7909333333334,COP/kWh,xm:servapibi,2026-09-22T19:13:39Z,xm/2020/12/PrecBolsNaci_Sistema.ndjson.gz#PrecBolsNaci:Sistema:2020-12-01:2020-12-31
2020-12-14,PrecEscaAct,568.45699,COP/kWh,xm:servapibi,2026-09-22T19:13:38Z,xm/2020/12/PrecEscaAct_Sistema.ndjson.gz#PrecEscaAct:Sistema:2020-12-01:2020-12-31
2020-12-14,VoluUtilDiarEner,12600925500,kWh,xm:servapibi,2026-09-22T19:13:30Z,xm/2020/12/VoluUtilDiarEner_Sistema.ndjson.gz#VoluUtilDiarEner:Sistema:2020-12-01:2020-12-31
2020-12-15,AporEner,113518500,kWh,xm:servapibi,2026-09-22T19:13:33Z,xm/2020/12/AporEner_Sistema.ndjson.gz#AporEner:Sistema:2020-12-01:2020-12-31
2020-12-15,AporEnerMediHist,144660000,kWh,xm:servapibi,2026-09-22T19:13:34Z,xm/2020/12/AporEnerMediHist_Sistema.ndjson.gz#AporEnerMediHist:Sistema:2020-12-01:2020-12-31
2020-12-15,CapaUtilDiarEner,16924074293,kWh,xm:servapibi,2026-09-22T19:13:31Z,xm/2020/12/CapaUtilDiarEner_Sistema.ndjson.gz#CapaUtilDiarEner:Sistema:2020-12-01:2020-12-31
2020-12-15,DemaSIN,208242080.74,kWh,xm:servapibi,2026-09-22T19:13:37Z,xm/2020/12/DemaSIN_Sistema.ndjson.gz#DemaSIN:Sistema:2020-12-01:2020-12-31
2020-12-15,PorcApor,0.78473,fraction,xm:servapibi,2026-09-22T19:13:35Z,xm/2020/12/PorcApor_Sistema.ndjson.gz#PorcApor:Sistema:2020-12-01:2020-12-31
2020-12-15,PorcVoluUtilDiar,0.74222,fraction,xm:servapibi,2026-09-22T19:13:29Z,xm/2020/12/PorcVoluUtilDiar_Sistema.ndjson.gz#PorcVoluUtilDiar:Sistema:2020-12-01:2020-12-31
2020-12-15,PrecBolsNaci,192.34896333333324,COP/kWh,xm:servapibi,2026-09-22T19:13:39Z,xm/2020/12/PrecBolsNaci_Sistema.ndjson.gz#PrecBolsNaci:Sistema:2020-12-01:2020-12-31
2020-12-15,PrecEscaAct,568.45699,COP/kWh,xm:servapibi,2026-09-22T19:13:38Z,xm/2020/12/PrecEscaAct_Sistema.ndjson.gz#PrecEscaAct:Sistema:2020-12-01:2020-12-31
2020-12-15,VoluUtilDiarEner,12561372500,kWh,xm:servapibi,2026-09-22T19:13:30Z,xm/2020/12/VoluUtilDiarEner_Sistema.ndjson.gz#VoluUtilDiarEner:Sistema:2020-12-01:2020-12-31
2020-12-16,AporEner,96024500,kWh,xm:servapibi,2026-09-22T19:13:33Z,xm/2020/12/AporEner_Sistema.ndjson.gz#AporEner:Sistema:2020-12-01:2020-12-31
2020-12-16,AporEnerMediHist,144660000,kWh,xm:servapibi,2026-09-22T19:13:34Z,xm/2020/12/AporEnerMediHist_Sistema.ndjson.gz#AporEnerMediHist:Sistema:2020-12-01:2020-12-31
2020-12-16,CapaUtilDiarEner,16924074293,kWh,xm:servapibi,2026-09-22T19:13:31Z,xm/2020/12/CapaUtilDiarEner_Sistema.ndjson.gz#CapaUtilDiarEner:Sistema:2020-12-01:2020-12-31
2020-12-16,DemaSIN,209638233.87,kWh,xm:servapibi,2026-09-22T19:13:37Z,xm/2020/12/DemaSIN_Sistema.ndjson.gz#DemaSIN:Sistema:2020-12-01:2020-12-31
2020-12-16,PorcApor,0.66379,fraction,xm:servapibi,2026-09-22T19:13:35Z,xm/2020/12/PorcApor_Sistema.ndjson.gz#PorcApor:Sistema:2020-12-01:2020-12-31
2020-12-16,PorcVoluUtilDiar,0.73914,fraction,xm:servapibi,2026-09-22T19:13:29Z,xm/2020/12/PorcVoluUtilDiar_Sistema.ndjson.gz#PorcVoluUtilDiar:Sistema:2020-12-01:2020-12-31
2020-12-16,PrecBolsNaci,198.67203333333327,COP/kWh,xm:servapibi,2026-09-22T19:13:39Z,xm/2020/12/PrecBolsNaci_Sistema.ndjson.gz#PrecBolsNaci:Sistema:2020-12-01:2020-12-31
2020-12-16,PrecEscaAct,568.45699,COP/kWh,xm:servapibi,2026-09-22T19:13:38Z,xm/2020/12/PrecEscaAct_Sistema.ndjson.gz#PrecEscaAct:Sistema:2020-12-01:2020-12-31
2020-12-16,VoluUtilDiarEner,12509228800,kWh,xm:servapibi,2026-09-22T19:13:30Z,xm/2020/12/VoluUtilDiarEner_Sistema.ndjson.gz#VoluUtilDiarEner:Sistema:2020-12-01:2020-12-31
2020-12-17,AporEner,94301000,kWh,xm:servapibi,2026-09-22T19:13:33Z,xm/2020/12/AporEner_Sistema.ndjson.gz#AporEner:Sistema:2020-12-01:2020-12-31
2020-12-17,AporEnerMediHist,144660000,kWh,xm:servapibi,2026-09-22T19:13:34Z,xm/2020/12/AporEnerMediHist_Sistema.ndjson.gz#AporEnerMediHist:Sistema:2020-12-01:2020-12-31
2020-12-17,CapaUtilDiarEner,16924074293,kWh,xm:servapibi,2026-09-22T19:13:31Z,xm/2020/12/CapaUtilDiarEner_Sistema.ndjson.gz#CapaUtilDiarEner:Sistema:2020-12-01:2020-12-31
2020-12-17,DemaSIN,208916906.93,kWh,xm:servapibi,2026-09-22T19:13:37Z,xm/2020/12/DemaSIN_Sistema.ndjson.gz#DemaSIN:Sistema:2020-12-01:2020-12-31
2020-12-17,PorcApor,0.65188,fraction,xm:servapibi,2026-09-22T19:13:35Z,xm/2020/12/PorcApor_Sistema.ndjson.gz#PorcApor:Sistema:2020-12-01:2020-12-31
2020-12-17,PorcVoluUtilDiar,0.73589,fraction,xm:servapibi,2026-09-22T19:13:29Z,xm/2020/12/PorcVoluUtilDiar_Sistema.ndjson.gz#PorcVoluUtilDiar:Sistema:2020-12-01:2020-12-31
2020-12-17,PrecBolsNaci,190.05775666666673,COP/kWh,xm:servapibi,2026-09-22T19:13:39Z,xm/2020/12/PrecBolsNaci_Sistema.ndjson.gz#PrecBolsNaci:Sistema:2020-12-01:2020-12-31
2020-12-17,PrecEscaAct,568.45699,COP/kWh,xm:servapibi,2026-09-22T19:13:38Z,xm/2020/12/PrecEscaAct_Sistema.ndjson.gz#PrecEscaAct:Sistema:2020-12-01:2020-12-31
2020-12-17,VoluUtilDiarEner,12454254000,kWh,xm:servapibi,2026-09-22T19:13:30Z,xm/2020/12/VoluUtilDiarEner_Sistema.ndjson.gz#VoluUtilDiarEner:Sistema:2020-12-01:2020-12-31
2020-12-18,AporEner,105170300,kWh,xm:servapibi,2026-09-22T19:13:33Z,xm/2020/12/AporEner_Sistema.ndjson.gz#AporEner:Sistema:2020-12-01:2020-12-31
2020-12-18,AporEnerMediHist,144660000,kWh,xm:servapibi,2026-09-22T19:13:34Z,xm/2020/12/AporEnerMediHist_Sistema.ndjson.gz#AporEnerMediHist:Sistema:2020-12-01:2020-12-31
2020-12-18,CapaUtilDiarEner,16924074293,kWh,xm:servapibi,2026-09-22T19:13:31Z,xm/2020/12/CapaUtilDiarEner_Sistema.ndjson.gz#CapaUtilDiarEner:Sistema:2020-12-01:2020-12-31
2020-12-18,DemaSIN,207870244.41,kWh,xm:servapibi,2026-09-22T19:13:37Z,xm/2020/12/DemaSIN_Sistema.ndjson.gz#DemaSIN:Sistema:2020-12-01:2020-12-31
2020-12-18,PorcApor,0.72702,fraction,xm:servapibi,2026-09-22T19:13:35Z,xm/2020/12/PorcApor_Sistema.ndjson.gz#PorcApor:Sistema:2020-12-01:2020-12-31
2020-12-18,PorcVoluUtilDiar,0.73313,fraction,xm:servapibi,2026-09-22T19:13:29Z,xm/2020/12/PorcVoluUtilDiar_Sistema.ndjson.gz#PorcVoluUtilDiar:Sistema:2020-12-01:2020-12-31
2020-12-18,PrecBolsNaci,205.15189000000007,COP/kWh,xm:servapibi,2026-09-22T19:13:39Z,xm/2020/12/PrecBolsNaci_Sistema.ndjson.gz#PrecBolsNaci:Sistema:2020-12-01:2020-12-31
2020-12-18,PrecEscaAct,568.45699,COP/kWh,xm:servapibi,2026-09-22T19:13:38Z,xm/2020/12/PrecEscaAct_Sistema.ndjson.gz#PrecEscaAct:Sistema:2020-12-01:2020-12-31
2020-12-18,VoluUtilDiarEner,12407537100,kWh,xm:servapibi,2026-09-22T19:13:30Z,xm/2020/12/VoluUtilDiarEner_Sistema.ndjson.gz#VoluUtilDiarEner:Sistema:2020-12-01:2020-12-31
2020-12-19,AporEner,97892000,kWh,xm:servapibi,2026-09-22T19:13:33Z,xm/2020/12/AporEner_Sistema.ndjson.gz#AporEner:Sistema:2020-12-01:2020-12-31
2020-12-19,AporEnerMediHist,144660000,kWh,xm:servapibi,2026-09-22T19:13:34Z,xm/2020/12/AporEnerMediHist_Sistema.ndjson.gz#AporEnerMediHist:Sistema:2020-12-01:2020-12-31
2020-12-19,CapaUtilDiarEner,16924074293,kWh,xm:servapibi,2026-09-22T19:13:31Z,xm/2020/12/CapaUtilDiarEner_Sistema.ndjson.gz#CapaUtilDiarEner:Sistema:2020-12-01:2020-12-31
2020-12-19,DemaSIN,200225485.41,kWh,xm:servapibi,2026-09-22T19:13:37Z,xm/2020/12/DemaSIN_Sistema.ndjson.gz#DemaSIN:Sistema:2020-12-01:2020-12-31
2020-12-19,PorcApor,0.6767,fraction,xm:servapibi,2026-09-22T19:13:35Z,xm/2020/12/PorcApor_Sistema.ndjson.gz#PorcApor:Sistema:2020-12-01:2020-12-31
2020-12-19,PorcVoluUtilDiar,0.73106,fraction,xm:servapibi,2026-09-22T19:13:29Z,xm/2020/12/PorcVoluUtilDiar_Sistema.ndjson.gz#PorcVoluUtilDiar:Sistema:2020-12-01:2020-12-31
2020-12-19,PrecBolsNaci,210.44063833333334,COP/kWh,xm:servapibi,2026-09-22T19:13:39Z,xm/2020/12/PrecBolsNaci_Sistema.ndjson.gz#PrecBolsNaci:Sistema:2020-12-01:2020-12-31
2020-12-19,PrecEscaAct,568.45699,COP/kWh,xm:servapibi,2026-09-22T19:13:38Z,xm/2020/12/PrecEscaAct_Sistema.ndjson.gz#PrecEscaAct:Sistema:2020-12-01:2020-12-31
2020-12-19,VoluUtilDiarEner,12372511000,kWh,xm:servapibi,2026-09-22T19:13:30Z,xm/2020/12/VoluUtilDiarEner_Sistema.ndjson.gz#VoluUtilDiarEner:Sistema:2020-12-01:2020-12-31
2020-12-20,AporEner,111412000,kWh,xm:servapibi,2026-09-22T19:13:33Z,xm/2020/12/AporEner_Sistema.ndjson.gz#AporEner:Sistema:2020-12-01:2020-12-31
2020-12-20,AporEnerMediHist,144660000,kWh,xm:servapibi,2026-09-22T19:13:34Z,xm/2020/12/AporEnerMediHist_Sistema.ndjson.gz#AporEnerMediHist:Sistema:2020-12-01:2020-12-31
2020-12-20,CapaUtilDiarEner,16924074293,kWh,xm:servapibi,2026-09-22T19:13:31Z,xm/2020/12/CapaUtilDiarEner_Sistema.ndjson.gz#CapaUtilDiarEner:Sistema:2020-12-01:2020-12-31
2020-12-20,DemaSIN,184089631.51,kWh,xm:servapibi,2026-09-22T19:13:37Z,xm/2020/12/DemaSIN_Sistema.ndjson.gz#DemaSIN:Sistema:2020-12-01:2020-12-31
2020-12-20,PorcApor,0.77016,fraction,xm:servapibi,2026-09-22T19:13:35Z,xm/2020/12/PorcApor_Sistema.ndjson.gz#PorcApor:Sistema:2020-12-01:2020-12-31
2020-12-20,PorcVoluUtilDiar,0.73057,fraction,xm:servapibi,2026-09-22T19:13:29Z,xm/2020/12/PorcVoluUtilDiar_Sistema.ndjson.gz#PorcVoluUtilDiar:Sistema:2020-12-01:2020-12-31
2020-12-20,PrecBolsNaci,208.57758666666666,COP/kWh,xm:servapibi,2026-09-22T19:13:39Z,xm/2020/12/PrecBolsNaci_Sistema.ndjson.gz#PrecBolsNaci:Sistema:2020-12-01:2020-12-31
2020-12-20,PrecEscaAct,568.45699,COP/kWh,xm:servapibi,2026-09-22T19:13:38Z,xm/2020/12/PrecEscaAct_Sistema.ndjson.gz#PrecEscaAct:Sistema:2020-12-01:2020-12-31
2020-12-20,VoluUtilDiarEner,12364250200,kWh,xm:servapibi,2026-09-22T19:13:30Z,xm/2020/12/VoluUtilDiarEner_Sistema.ndjson.gz#VoluUtilDiarEner:Sistema:2020-12-01:2020-12-31
2020-12-21,AporEner,100393600,kWh,xm:servapibi,2026-09-22T19:13:33Z,xm/2020/12/AporEner_Sistema.ndjson.gz#AporEner:Sistema:2020-12-01:2020-12-31
2020-12-21,AporEnerMediHist,144660000,kWh,xm:servapibi,2026-09-22T19:13:34Z,xm/2020/12/AporEnerMediHist_Sistema.ndjson.gz#AporEnerMediHist:Sistema:2020-12-01:2020-12-31
2020-12-21,CapaUtilDiarEner,16924074293,kWh,xm:servapibi,2026-09-22T19:13:31Z,xm/2020/12/CapaUtilDiarEner_Sistema.ndjson.gz#CapaUtilDiarEner:Sistema:2020-12-01:2020-12-31
2020-12-21,DemaSIN,205404536.22,kWh,xm:servapibi,2026-09-22T19:13:37Z,xm/2020/12/DemaSIN_Sistema.ndjson.gz#DemaSIN:Sistema:2020-12-01:2020-12-31
2020-12-21,PorcApor,0.694,fraction,xm:servapibi,2026-09-22T19:13:35Z,xm/2020/12/PorcApor_Sistema.ndjson.gz#PorcApor:Sistema:2020-12-01:2020-12-31
2020-12-21,PorcVoluUtilDiar,0.7252,fraction,xm:servapibi,2026-09-22T19:13:29Z,xm/2020/12/PorcVoluUtilDiar_Sistema.ndjson.gz#PorcVoluUtilDiar:Sistema:2020-12-01:2020-12-31
2020-12-21,PrecBolsNaci,223.56258666666665,COP/kWh,xm:servapibi,2026-09-22T19:13:39Z,xm/2020/12/PrecBolsNaci_Sistema.ndjson.gz#PrecBolsNaci:Sistema:2020-12-01:2020-12-31
2020-12-21,PrecEscaAct,568.45699,COP/kWh,xm:servapibi,2026-09-22T19:13:38Z,xm/2020/12/PrecEscaAct_Sistema.ndjson.gz#PrecEscaAct:Sistema:2020-12-01:2020-12-31
2020-12-21,VoluUtilDiarEner,12273286600,kWh,xm:servapibi,2026-09-22T19:13:30Z,xm/2020/12/VoluUtilDiarEner_Sistema.ndjson.gz#VoluUtilDiarEner:Sistema:2020-12-01:2020-12-31
2020-12-22,AporEner,145066100,kWh,xm:servapibi,2026-09-22T19:13:33Z,xm/2020/12/AporEner_Sistema.ndjson.gz#AporEner:Sistema:2020-12-01:2020-12-31
2020-12-22,AporEnerMediHist,144660000,kWh,xm:servapibi,2026-09-22T19:13:34Z,xm/2020/12/AporEnerMediHist_Sistema.ndjson.gz#AporEnerMediHist:Sistema:2020-12-01:2020-12-31
2020-12-22,CapaUtilDiarEner,16924074293,kWh,xm:servapibi,2026-09-22T19:13:31Z,xm/2020/12/CapaUtilDiarEner_Sistema.ndjson.gz#CapaUtilDiarEner:Sistema:2020-12-01:2020-12-31
2020-12-22,DemaSIN,207202528.68,kWh,xm:servapibi,2026-09-22T19:13:37Z,xm/2020/12/DemaSIN_Sistema.ndjson.gz#DemaSIN:Sistema:2020-12-01:2020-12-31
2020-12-22,PorcApor,1.00281,fraction,xm:servapibi,2026-09-22T19:13:35Z,xm/2020/12/PorcApor_Sistema.ndjson.gz#PorcApor:Sistema:2020-12-01:2020-12-31
2020-12-22,PorcVoluUtilDiar,0.72541,fraction,xm:servapibi,2026-09-22T19:13:29Z,xm/2020/12/PorcVoluUtilDiar_Sistema.ndjson.gz#PorcVoluUtilDiar:Sistema:2020-12-01:2020-12-31
2020-12-22,PrecBolsNaci,204.81102999999993,COP/kWh,xm:servapibi,2026-09-22T19:13:39Z,xm/2020/12/PrecBolsNaci_Sistema.ndjson.gz#PrecBolsNaci:Sistema:2020-12-01:2020-12-31
2020-12-22,PrecEscaAct,568.45699,COP/kWh,xm:servapibi,2026-09-22T19:13:38Z,xm/2020/12/PrecEscaAct_Sistema.ndjson.gz#PrecEscaAct:Sistema:2020-12-01:2020-12-31
2020-12-22,VoluUtilDiarEner,12276929000,kWh,xm:servapibi,2026-09-22T19:13:30Z,xm/2020/12/VoluUtilDiarEner_Sistema.ndjson.gz#VoluUtilDiarEner:Sistema:2020-12-01:2020-12-31
2020-12-23,AporEner,90033600,kWh,xm:servapibi,2026-09-22T19:13:33Z,xm/2020/12/AporEner_Sistema.ndjson.gz#AporEner:Sistema:2020-12-01:2020-12-31
2020-12-23,AporEnerMediHist,144660000,kWh,xm:servapibi,2026-09-22T19:13:34Z,xm/2020/12/AporEnerMediHist_Sistema.ndjson.gz#AporEnerMediHist:Sistema:2020-12-01:2020-12-31
2020-12-23,CapaUtilDiarEner,16924074293,kWh,xm:servapibi,2026-09-22T19:13:31Z,xm/2020/12/CapaUtilDiarEner_Sistema.ndjson.gz#CapaUtilDiarEner:Sistema:2020-12-01:2020-12-31
2020-12-23,DemaSIN,205284415.6,kWh,xm:servapibi,2026-09-22T19:13:37Z,xm/2020/12/DemaSIN_Sistema.ndjson.gz#DemaSIN:Sistema:2020-12-01:2020-12-31
2020-12-23,PorcApor,0.62238,fraction,xm:servapibi,2026-09-22T19:13:35Z,xm/2020/12/PorcApor_Sistema.ndjson.gz#PorcApor:Sistema:2020-12-01:2020-12-31
2020-12-23,PorcVoluUtilDiar,0.72245,fraction,xm:servapibi,2026-09-22T19:13:29Z,xm/2020/12/PorcVoluUtilDiar_Sistema.ndjson.gz#PorcVoluUtilDiar:Sistema:2020-12-01:2020-12-31
2020-12-23,PrecBolsNaci,207.36787000000012,COP/kWh,xm:servapibi,2026-09-22T19:13:39Z,xm/2020/12/PrecBolsNaci_Sistema.ndjson.gz#PrecBolsNaci:Sistema:2020-12-01:2020-12-31
2020-12-23,PrecEscaAct,568.45699,COP/kWh,xm:servapibi,2026-09-22T19:13:38Z,xm/2020/12/PrecEscaAct_Sistema.ndjson.gz#PrecEscaAct:Sistema:2020-12-01:2020-12-31
2020-12-23,VoluUtilDiarEner,12226734500,kWh,xm:servapibi,2026-09-22T19:13:30Z,xm/2020/12/VoluUtilDiarEner_Sistema.ndjson.gz#VoluUtilDiarEner:Sistema:2020-12-01:2020-12-31
2020-12-24,AporEner,110013600,kWh,xm:servapibi,2026-09-22T19:13:33Z,xm/2020/12/AporEner_Sistema.ndjson.gz#AporEner:Sistema:2020-12-01:2020-12-31
2020-12-24,AporEnerMediHist,144660000,kWh,xm:servapibi,2026-09-22T19:13:34Z,xm/2020/12/AporEnerMediHist_Sistema.ndjson.gz#AporEnerMediHist:Sistema:2020-12-01:2020-12-31
2020-12-24,CapaUtilDiarEner,16924074293,kWh,xm:servapibi,2026-09-22T19:13:31Z,xm/2020/12/CapaUtilDiarEner_Sistema.ndjson.gz#CapaUtilDiarEner:Sistema:2020-12-01:2020-12-31
2020-12-24,DemaSIN,187729792.1,kWh,xm:servapibi,2026-09-22T19:13:37Z,xm/2020/12/DemaSIN_Sistema.ndjson.gz#DemaSIN:Sistema:2020-12-01:2020-12-31
2020-12-24,PorcApor,0.7605,fraction,xm:servapibi,2026-09-22T19:13:35Z,xm/2020/12/PorcApor_Sistema.ndjson.gz#PorcApor:Sistema:2020-12-01:2020-12-31
2020-12-24,PorcVoluUtilDiar,0.7216,fraction,xm:servapibi,2026-09-22T19:13:29Z,xm/2020/12/PorcVoluUtilDiar_Sistema.ndjson.gz#PorcVoluUtilDiar:Sistema:2020-12-01:2020-12-31
2020-12-24,PrecBolsNaci,210.60603666666668,COP/kWh,xm:servapibi,2026-09-22T19:13:39Z,xm/2020/12/PrecBolsNaci_Sistema.ndjson.gz#PrecBolsNaci:Sistema:2020-12-01:2020-12-31
2020-12-24,PrecEscaAct,568.45699,COP/kWh,xm:servapibi,2026-09-22T19:13:38Z,xm/2020/12/PrecEscaAct_Sistema.ndjson.gz#PrecEscaAct:Sistema:2020-12-01:2020-12-31
2020-12-24,VoluUtilDiarEner,12212373400,kWh,xm:servapibi,2026-09-22T19:13:30Z,xm/2020/12/VoluUtilDiarEner_Sistema.ndjson.gz#VoluUtilDiarEner:Sistema:2020-12-01:2020-12-31
2020-12-25,AporEner,150976400,kWh,xm:servapibi,2026-09-22T19:13:33Z,xm/2020/12/AporEner_Sistema.ndjson.gz#AporEner:Sistema:2020-12-01:2020-12-31
2020-12-25,AporEnerMediHist,144660000,kWh,xm:servapibi,2026-09-22T19:13:34Z,xm/2020/12/AporEnerMediHist_Sistema.ndjson.gz#AporEnerMediHist:Sistema:2020-12-01:2020-12-31
2020-12-25,CapaUtilDiarEner,16924074293,kWh,xm:servapibi,2026-09-22T19:13:31Z,xm/2020/12/CapaUtilDiarEner_Sistema.ndjson.gz#CapaUtilDiarEner:Sistema:2020-12-01:2020-12-31
2020-12-25,DemaSIN,162170065.93,kWh,xm:servapibi,2026-09-22T19:13:37Z,xm/2020/12/DemaSIN_Sistema.ndjson.gz#DemaSIN:Sistema:2020-12-01:2020-12-31
2020-12-25,PorcApor,1.04366,fraction,xm:servapibi,2026-09-22T19:13:35Z,xm/2020/12/PorcApor_Sistema.ndjson.gz#PorcApor:Sistema:2020-12-01:2020-12-31
2020-12-25,PorcVoluUtilDiar,0.72438,fraction,xm:servapibi,2026-09-22T19:13:29Z,xm/2020/12/PorcVoluUtilDiar_Sistema.ndjson.gz#PorcVoluUtilDiar:Sistema:2020-12-01:2020-12-31
2020-12-25,PrecBolsNaci,182.41214999999997,COP/kWh,xm:servapibi,2026-09-22T19:13:39Z,xm/2020/12/PrecBolsNaci_Sistema.ndjson.gz#PrecBolsNaci:Sistema:2020-12-01:2020-12-31
2020-12-25,PrecEscaAct,568.45699,COP/kWh,xm:servapibi,2026-09-22T19:13:38Z,xm/2020/12/PrecEscaAct_Sistema.ndjson.gz#PrecEscaAct:Sistema:2020-12-01:2020-12-31
2020-12-25,VoluUtilDiarEner,12259422700,kWh,xm:servapibi,2026-09-22T19:13:30Z,xm/2020/12/VoluUtilDiarEner_Sistema.ndjson.gz#VoluUtilDiarEner:Sistema:2020-12-01:2020-12-31
2020-12-26,AporEner,158717900,kWh,xm:servapibi,2026-09-22T19:13:33Z,xm/2020/12/AporEner_Sistema.ndjson.gz#AporEner:Sistema:2020-12-01:2020-12-31
2020-12-26,AporEnerMediHist,144660000,kWh,xm:servapibi,2026-09-22T19:13:34Z,xm/2020/12/AporEnerMediHist_Sistema.ndjson.gz#AporEnerMediHist:Sistema:2020-12-01:2020-12-31
2020-12-26,CapaUtilDiarEner,16924074293,kWh,xm:servapibi,2026-09-22T19:13:31Z,xm/2020/12/CapaUtilDiarEner_Sistema.ndjson.gz#CapaUtilDiarEner:Sistema:2020-12-01:2020-12-31
2020-12-26,DemaSIN,179413695.12,kWh,xm:servapibi,2026-09-22T19:13:37Z,xm/2020/12/DemaSIN_Sistema.ndjson.gz#DemaSIN:Sistema:2020-12-01:2020-12-31
2020-12-26,PorcApor,1.09718,fraction,xm:servapibi,2026-09-22T19:13:35Z,xm/2020/12/PorcApor_Sistema.ndjson.gz#PorcApor:Sistema:2020-12-01:2020-12-31
2020-12-26,PorcVoluUtilDiar,0.72553,fraction,xm:servapibi,2026-09-22T19:13:29Z,xm/2020/12/PorcVoluUtilDiar_Sistema.ndjson.gz#PorcVoluUtilDiar:Sistema:2020-12-01:2020-12-31
2020-12-26,PrecBolsNaci,164.62741999999997,COP/kWh,xm:servapibi,2026-09-22T19:13:39Z,xm/2020/12/PrecBolsNaci_Sistema.ndjson.gz#PrecBolsNaci:Sistema:2020-12-01:2020-12-31
2020-12-26,PrecEscaAct,568.45699,COP/kWh,xm:servapibi,2026-09-22T19:13:38Z,xm/2020/12/PrecEscaAct_Sistema.ndjson.gz#PrecEscaAct:Sistema:2020-12-01:2020-12-31
2020-12-26,VoluUtilDiarEner,12278883800,kWh,xm:servapibi,2026-09-22T19:13:30Z,xm/2020/12/VoluUtilDiarEner_Sistema.ndjson.gz#VoluUtilDiarEner:Sistema:2020-12-01:2020-12-31
2020-12-27,AporEner,130769400,kWh,xm:servapibi,2026-09-22T19:13:33Z,xm/2020/12/AporEner_Sistema.ndjson.gz#AporEner:Sistema:2020-12-01:2020-12-31
2020-12-27,AporEnerMediHist,144660000,kWh,xm:servapibi,2026-09-22T19:13:34Z,xm/2020/12/AporEnerMediHist_Sistema.ndjson.gz#AporEnerMediHist:Sistema:2020-12-01:2020-12-31
2020-12-27,CapaUtilDiarEner,16924074293,kWh,xm:servapibi,2026-09-22T19:13:31Z,xm/2020/12/CapaUtilDiarEner_Sistema.ndjson.gz#CapaUtilDiarEner:Sistema:2020-12-01:2020-12-31
2020-12-27,DemaSIN,175378461.57,kWh,xm:servapibi,2026-09-22T19:13:37Z,xm/2020/12/DemaSIN_Sistema.ndjson.gz#DemaSIN:Sistema:2020-12-01:2020-12-31
2020-12-27,PorcApor,0.90398,fraction,xm:servapibi,2026-09-22T19:13:35Z,xm/2020/12/PorcApor_Sistema.ndjson.gz#PorcApor:Sistema:2020-12-01:2020-12-31
2020-12-27,PorcVoluUtilDiar,0.72476,fraction,xm:servapibi,2026-09-22T19:13:29Z,xm/2020/12/PorcVoluUtilDiar_Sistema.ndjson.gz#PorcVoluUtilDiar:Sistema:2020-12-01:2020-12-31
2020-12-27,PrecBolsNaci,132.318295,COP/kWh,xm:servapibi,2026-09-22T19:13:39Z,xm/2020/12/PrecBolsNaci_Sistema.ndjson.gz#PrecBolsNaci:Sistema:2020-12-01:2020-12-31
2020-12-27,PrecEscaAct,568.45699,COP/kWh,xm:servapibi,2026-09-22T19:13:38Z,xm/2020/12/PrecEscaAct_Sistema.ndjson.gz#PrecEscaAct:Sistema:2020-12-01:2020-12-31
2020-12-27,VoluUtilDiarEner,12265948600,kWh,xm:servapibi,2026-09-22T19:13:30Z,xm/2020/12/VoluUtilDiarEner_Sistema.ndjson.gz#VoluUtilDiarEner:Sistema:2020-12-01:2020-12-31
2020-12-28,AporEner,122458600,kWh,xm:servapibi,2026-09-22T19:13:33Z,xm/2020/12/AporEner_Sistema.ndjson.gz#AporEner:Sistema:2020-12-01:2020-12-31
2020-12-28,AporEnerMediHist,144660000,kWh,xm:servapibi,2026-09-22T19:13:34Z,xm/2020/12/AporEnerMediHist_Sistema.ndjson.gz#AporEnerMediHist:Sistema:2020-12-01:2020-12-31
2020-12-28,CapaUtilDiarEner,16924074293,kWh,xm:servapibi,2026-09-22T19:13:31Z,xm/2020/12/CapaUtilDiarEner_Sistema.ndjson.gz#CapaUtilDiarEner:Sistema:2020-12-01:2020-12-31
2020-12-28,DemaSIN,194044927.84,kWh,xm:servapibi,2026-09-22T19:13:37Z,xm/2020/12/DemaSIN_Sistema.ndjson.gz#DemaSIN:Sistema:2020-12-01:2020-12-31
2020-12-28,PorcApor,0.84653,fraction,xm:servapibi,2026-09-22T19:13:35Z,xm/2020/12/PorcApor_Sistema.ndjson.gz#PorcApor:Sistema:2020-12-01:2020-12-31
2020-12-28,PorcVoluUtilDiar,0.72359,fraction,xm:servapibi,2026-09-22T19:13:29Z,xm/2020/12/PorcVoluUtilDiar_Sistema.ndjson.gz#PorcVoluUtilDiar:Sistema:2020-12-01:2020-12-31
2020-12-28,PrecBolsNaci,170.21054666666674,COP/kWh,xm:servapibi,2026-09-22T19:13:39Z,xm/2020/12/PrecBolsNaci_Sistema.ndjson.gz#PrecBolsNaci:Sistema:2020-12-01:2020-12-31
2020-12-28,PrecEscaAct,568.45699,COP/kWh,xm:servapibi,2026-09-22T19:13:38Z,xm/2020/12/PrecEscaAct_Sistema.ndjson.gz#PrecEscaAct:Sistema:2020-12-01:2020-12-31
2020-12-28,VoluUtilDiarEner,12246116100,kWh,xm:servapibi,2026-09-22T19:13:30Z,xm/2020/12/VoluUtilDiarEner_Sistema.ndjson.gz#VoluUtilDiarEner:Sistema:2020-12-01:2020-12-31
2020-12-29,AporEner,102497300,kWh,xm:servapibi,2026-09-22T19:13:33Z,xm/2020/12/AporEner_Sistema.ndjson.gz#AporEner:Sistema:2020-12-01:2020-12-31
2020-12-29,AporEnerMediHist,144660000,kWh,xm:servapibi,2026-09-22T19:13:34Z,xm/2020/12/AporEnerMediHist_Sistema.ndjson.gz#AporEnerMediHist:Sistema:2020-12-01:2020-12-31
2020-12-29,CapaUtilDiarEner,16924074293,kWh,xm:servapibi,2026-09-22T19:13:31Z,xm/2020/12/CapaUtilDiarEner_Sistema.ndjson.gz#CapaUtilDiarEner:Sistema:2020-12-01:2020-12-31
2020-12-29,DemaSIN,195731416.53,kWh,xm:servapibi,2026-09-22T19:13:37Z,xm/2020/12/DemaSIN_Sistema.ndjson.gz#DemaSIN:Sistema:2020-12-01:2020-12-31
2020-12-29,PorcApor,0.70854,fraction,xm:servapibi,2026-09-22T19:13:35Z,xm/2020/12/PorcApor_Sistema.ndjson.gz#PorcApor:Sistema:2020-12-01:2020-12-31
2020-12-29,PorcVoluUtilDiar,0.7216,fraction,xm:servapibi,2026-09-22T19:13:29Z,xm/2020/12/PorcVoluUtilDiar_Sistema.ndjson.gz#PorcVoluUtilDiar:Sistema:2020-12-01:2020-12-31
2020-12-29,PrecBolsNaci,173.32297999999994,COP/kWh,xm:servapibi,2026-09-22T19:13:39Z,xm/2020/12/PrecBolsNaci_Sistema.ndjson.gz#PrecBolsNaci:Sistema:2020-12-01:2020-12-31
2020-12-29,PrecEscaAct,568.45699,COP/kWh,xm:servapibi,2026-09-22T19:13:38Z,xm/2020/12/PrecEscaAct_Sistema.ndjson.gz#PrecEscaAct:Sistema:2020-12-01:2020-12-31
2020-12-29,VoluUtilDiarEner,12212356700,kWh,xm:servapibi,2026-09-22T19:13:30Z,xm/2020/12/VoluUtilDiarEner_Sistema.ndjson.gz#VoluUtilDiarEner:Sistema:2020-12-01:2020-12-31
2020-12-30,AporEner,109266600,kWh,xm:servapibi,2026-09-22T19:13:33Z,xm/2020/12/AporEner_Sistema.ndjson.gz#AporEner:Sistema:2020-12-01:2020-12-31
2020-12-30,AporEnerMediHist,144660000,kWh,xm:servapibi,2026-09-22T19:13:34Z,xm/2020/12/AporEnerMediHist_Sistema.ndjson.gz#AporEnerMediHist:Sistema:2020-12-01:2020-12-31
2020-12-30,CapaUtilDiarEner,16924074293,kWh,xm:servapibi,2026-09-22T19:13:31Z,xm/2020/12/CapaUtilDiarEner_Sistema.ndjson.gz#CapaUtilDiarEner:Sistema:2020-12-01:2020-12-31
2020-12-30,DemaSIN,193231243.63,kWh,xm:servapibi,2026-09-22T19:13:37Z,xm/2020/12/DemaSIN_Sistema.ndjson.gz#DemaSIN:Sistema:2020-12-01:2020-12-31
2020-12-30,PorcApor,0.75533,fraction,xm:servapibi,2026-09-22T19:13:35Z,xm/2020/12/PorcApor_Sistema.ndjson.gz#PorcApor:Sistema:2020-12-01:2020-12-31
2020-12-30,PorcVoluUtilDiar,0.7197,fraction,xm:servapibi,2026-09-22T19:13:29Z,xm/2020/12/PorcVoluUtilDiar_Sistema.ndjson.gz#PorcVoluUtilDiar:Sistema:2020-12-01:2020-12-31
2020-12-30,PrecBolsNaci,170.8547216666666,COP/kWh,xm:servapibi,2026-09-22T19:13:39Z,xm/2020/12/PrecBolsNaci_Sistema.ndjson.gz#PrecBolsNaci:Sistema:2020-12-01:2020-12-31
2020-12-30,PrecEscaAct,568.45699,COP/kWh,xm:servapibi,2026-09-22T19:13:38Z,xm/2020/12/PrecEscaAct_Sistema.ndjson.gz#PrecEscaAct:Sistema:2020-12-01:2020-12-31
2020-12-30,VoluUtilDiarEner,12180214100,kWh,xm:servapibi,2026-09-22T19:13:30Z,xm/2020/12/VoluUtilDiarEner_Sistema.ndjson.gz#VoluUtilDiarEner:Sistema:2020-12-01:2020-12-31
2020-12-31,AporEner,118487100,kWh,xm:servapibi,2026-09-22T19:13:33Z,xm/2020/12/AporEner_Sistema.ndjson.gz#AporEner:Sistema:2020-12-01:2020-12-31
2020-12-31,AporEnerMediHist,144660000,kWh,xm:servapibi,2026-09-22T19:13:34Z,xm/2020/12/AporEnerMediHist_Sistema.ndjson.gz#AporEnerMediHist:Sistema:2020-12-01:2020-12-31
2020-12-31,CapaUtilDiarEner,16924074293,kWh,xm:servapibi,2026-09-22T19:13:31Z,xm/2020/12/CapaUtilDiarEner_Sistema.ndjson.gz#CapaUtilDiarEner:Sistema:2020-12-01:2020-12-31
2020-12-31,DemaSIN,176711963.29,kWh,xm:servapibi,2026-09-22T19:13:37Z,xm/2020/12/DemaSIN_Sistema.ndjson.gz#DemaSIN:Sistema:2020-12-01:2020-12-31
2020-12-31,PorcApor,0.81907,fraction,xm:servapibi,2026-09-22T19:13:35Z,xm/2020/12/PorcApor_Sistema.ndjson.gz#PorcApor:Sistema:2020-12-01:2020-12-31
2020-12-31,PorcVoluUtilDiar,0.71882,fraction,xm:servapibi,2026-09-22T19:13:29Z,xm/2020/12/PorcVoluUtilDiar_Sistema.ndjson.gz#PorcVoluUtilDiar:Sistema:2020-12-01:2020-12-31
2020-12-31,PrecBolsNaci,146.07365666666664,COP/kWh,xm:servapibi,2026-09-22T19:13:39Z,xm/2020/12/PrecBolsNaci_Sistema.ndjson.gz#PrecBolsNaci:Sistema:2020-12-01:2020-12-31
2020-12-31,PrecEscaAct,568.45699,COP/kWh,xm:servapibi,2026-09-22T19:13:38Z,xm/2020/12/PrecEscaAct_Sistema.ndjson.gz#PrecEscaAct:Sistema:2020-12-01:2020-12-31
2020-12-31,VoluUtilDiarEner,12165376700,kWh,xm:servapibi,2026-09-22T19:13:30Z,xm/2020/12/VoluUtilDiarEner_Sistema.ndjson.gz#VoluUtilDiarEner:Sistema:2020-12-01:2020-12-31
