date,metric,value,unit,source,fetched_at,raw_ref
2021-01-01,AporEner,118451100,kWh,xm:servapibi,2026-09-22T19:13:48Z,xm/2021/01/AporEner_Sistema.2021-01-01.ndjson#AporEner:Sistema:2021-01-01:2021-01-31
2021-01-01,AporEnerMediHist,98410000,kWh,xm:servapibi,2026-09-22T19:13:49Z,xm/2021/01/AporEnerMediHist_Sistema.2021-01-01.ndjson#AporEnerMediHist:Sistema:2021-01-01:2021-01-31
2021-01-01,CapaUtilDiarEner,16924074293,kWh,xm:servapibi,2026-09-22T19:13:46Z,xm/2021/01/CapaUtilDiarEner_Sistema.2021-01-01.ndjson#CapaUtilDiarEner:Sistema:2021-01-01:2021-01-31
2021-01-01,DemaSIN,155622818.6,kWh,xm:servapibi,2026-09-22T19:13:52Z,xm/2021/01/DemaSIN_Sistema.2021-01-01.ndjson#DemaSIN:Sistema:2021-01-01:2021-01-31
2021-01-01,PorcApor,1.20365,fraction,xm:servapibi,2026-09-22T19:13:50Z,xm/2021/01/PorcApor_Sistema.2021-01-01.ndjson#PorcApor:Sistema:2021-01-01:2021-01-31
2021-01-01,PorcVoluUtilDiar,0.7192,fraction,xm:servapibi,2026-09-22T19:13:44Z,xm/2021/01/PorcVoluUtilDiar_Sistema.2021-01-01.ndjson#PorcVoluUtilDiar:Sistema:2021-01-01:2021-01-31
2021-01-01,PrecBolsNaci,152.3541166666666,COP/kWh,xm:servapibi,2026-09-22T19:13:54Z,xm/2021/01/PrecBolsNaci_Sistema.2021-01-01.ndjson#PrecBolsNaci:Sistema:2021-01-01:2021-01-31
2021-01-01,PrecEscaAct,593.92552,COP/kWh,xm:servapibi,2026-09-22T19:13:53Z,xm/2021/01/PrecEscaAct_Sistema.2021-01-01.ndjson#PrecEscaAct:Sistema:2021-01-01:2021-01-31
2021-01-01,VoluUtilDiarEner,12171761700,kWh,xm:servapibi,2026-09-22T19:13:45Z,xm/2021/01/VoluUtilDiarEner_Sistema.2021-01-01.ndjson#VoluUtilDiarEner:Sistema:2021-01-01:2021-01-31
2021-01-02,AporEner,124709800,kWh,xm:servapibi,2026-09-22T19:13:48Z,xm/2021/01/AporEner_Sistema.2021-01-01.ndjson#AporEner:Sistema:2021-01-01:2021-01-31
2021-01-02,AporEnerMediHist,98410000,kWh,xm:servapibi,2026-09-22T19:13:49Z,xm/2021/01/AporEnerMediHist_Sistema.2021-01-01.ndjson#AporEnerMediHist:Sistema:2021-01-01:2021-01-31
2021-01-02,CapaUtilDiarEner,16924074293,kWh,xm:servapibi,2026-09-22T19:13:46Z,xm/2021/01/CapaUtilDiarEner_Sistema.2021-01-01.ndjson#CapaUtilDiarEner:Sistema:2021-01-01:2021-01-31
2021-01-02,DemaSIN,168376857.62,kWh,xm:servapibi,2026-09-22T19:13:52Z,xm/2021/01/DemaSIN_Sistema.2021-01-01.ndjson#DemaSIN:Sistema:2021-01-01:2021-01-31
2021-01-02,PorcApor,1.26725,fraction,xm:servapibi,2026-09-22T19:13:50Z,xm/2021/01/PorcApor_Sistema.2021-01-01.ndjson#PorcApor:Sistema:2021-01-01:2021-01-31
2021-01-02,PorcVoluUtilDiar,0.71863,fraction,xm:servapibi,2026-09-22T19:13:44Z,xm/2021/01/PorcVoluUtilDiar_Sistema.2021-01-01.ndjson#PorcVoluUtilDiar:Sistema:2021-01-01:2021-01-31
2021-01-02,PrecBolsNaci,130.05418166666672,COP/kWh,xm:servapibi,2026-09-22T19:13:54Z,xm/2021/01/PrecBolsNaci_Sistema.2021-01-01.ndjson#PrecBolsNaci:Sistema:2021-01-01:2021-01-31
2021-01-02,PrecEscaAct,593.92552,COP/kWh,xm:servapibi,2026-09-22T19:13:53Z,xm/2021/01/PrecEscaAct_Sistema.2021-01-01.ndjson#PrecEscaAct:Sistema:2021-01-01:2021-01-31
2021-01-02,VoluUtilDiarEner,12162106100,kWh,xm:servapibi,2026-09-22T19:13:45Z,xm/2021/01/VoluUtilDiarEner_Sistema.2021-01-01.ndjson#VoluUtilDiarEner:Sistema:2021-01-01:2021-01-31
2021-01-03,AporEner,131498600,kWh,xm:servapibi,2026-09-22T19:13:48Z,xm/2021/01/AporEner_Sistema.2021-01-01.ndjson#AporEner:Sistema:2021-01-01:2021-01-31
2021-01-03,AporEnerMediHist,98410000,kWh,xm:servapibi,2026-09-22T19:13:49Z,xm/2021/01/AporEnerMediHist_Sistema.2021-01-01.ndjson#AporEnerMediHist:Sistema:2021-01-01:2021-01-31
2021-01-03,CapaUtilDiarEner,16924074293,kWh,xm:servapibi,2026-09-22T19:13:46Z,xm/2021/01/CapaUtilDiarEner_Sistema.2021-01-01.ndjson#CapaUtilDiarEner:Sistema:2021-01-01:2021-01-31
2021-01-03,DemaSIN,168100044.16,kWh,xm:servapibi,2026-09-22T19:13:52Z,xm/2021/01/DemaSIN_Sistema.2021-01-01.ndjson#DemaSIN:Sistema:2021-01-01:2021-01-31
2021-01-03,PorcApor,1.33623,fraction,xm:servapibi,2026-09-22T19:13:50Z,xm/2021/01/PorcApor_Sistema.2021-01-01.ndjson#PorcApor:Sistema:2021-01-01:2021-01-31
2021-01-03,PorcVoluUtilDiar,0.71867,fraction,xm:servapibi,2026-09-22T19:13:44Z,xm/2021/01/PorcVoluUtilDiar_Sistema.2021-01-01.ndjson#PorcVoluUtilDiar:Sistema:2021-01-01:2021-01-31
2021-01-03,PrecBolsNaci,137.78893999999994,COP/kWh,xm:servapibi,2026-09-22T19:13:54Z,xm/2021/01/PrecBolsNaci_Sistema.2021-01-01.ndjson#PrecBolsNaci:Sistema:2021-01-01:2021-01-31
2021-01-03,PrecEscaAct,593.92552,COP/kWh,xm:servapibi,2026-09-22T19:13:53Z,xm/2021/01/PrecEscaAct_Sistema.2021-01-01.ndjson#PrecEscaAct:Sistema:2021-01-01:2021-01-31
2021-01-03,VoluUtilDiarEner,12162884000,kWh,xm:servapibi,2026-09-22T19:13:45Z,xm/2021/01/VoluUtilDiarEner_Sistema.2021-01-01.ndjson#VoluUtilDiarEner:Sistema:2021-01-01:2021-01-31
2021-01-04,AporEner,106455800,kWh,xm:servapibi,2026-09-22T19:13:48Z,xm/2021/01/AporEner_Sistema.2021-01-01.ndjson#AporEner:Sistema:2021-01-01:2021-01-31
2021-01-04,AporEnerMediHist,98410000,kWh,xm:servapibi,2026-09-22T19:13:49Z,xm/2021/01/AporEnerMediHist_Sistema.2021-01-01.ndjson#AporEnerMediHist:Sistema:2021-01-01:2021-01-31
2021-01-04,CapaUtilDiarEner,16924074293,kWh,xm:servapibi,2026-09-22T19:13:46Z,xm/2021/01/CapaUtilDiarEner_Sistema.2021-01-01.ndjson#CapaUtilDiarEner:Sistema:2021-01-01:2021-01-31
2021-01-04,DemaSIN,189714308.11,kWh,xm:servapibi,2026-09-22T19:13:52Z,xm/2021/01/DemaSIN_Sistema.2021-01-01.ndjson#DemaSIN:Sistema:2021-01-01:2021-01-31
2021-01-04,PorcApor,1.08176,fraction,xm:servapibi,2026-09-22T19:13:50Z,xm/2021/01/PorcApor_Sistema.2021-01-01.ndjson#PorcApor:Sistema:2021-01-01:2021-01-31
2021-01-04,PorcVoluUtilDiar,0.71612,fraction,xm:servapibi,2026-09-22T19:13:44Z,xm/2021/01/PorcVoluUtilDiar_Sistema.2021-01-01.ndjson#PorcVoluUtilDiar:Sistema:2021-01-01:2021-01-31
2021-01-04,PrecBolsNaci,153.23817500000007,COP/kWh,xm:servapibi,2026-09-22T19:13:54Z,xm/2021/01/PrecBolsNaci_Sistema.2021-01-01.ndjson#PrecBolsNaci:Sistema:2021-01-01:2021-01-31
2021-01-04,PrecEscaAct,593.92552,COP/kWh,xm:servapibi,2026-09-22T19:13:53Z,xm/2021/01/PrecEscaAct_Sistema.2021-01-01.ndjson#PrecEscaAct:Sistema:2021-01-01:2021-01-31
2021-01-04,VoluUtilDiarEner,12119595700,kWh,xm:servapibi,2026-09-22T19:13:45Z,xm/2021/01/VoluUtilDiarEner_Sistema.2021-01-01.ndjson#VoluUtilDiarEner:Sistema:2021-01-01:2021-01-31
2021-01-05,AporEner,107990400,kWh,xm:servapibi,2026-09-22T19:13:48Z,xm/2021/01/AporEner_Sistema.2021-01-01.ndjson#AporEner:Sistema:2021-01-01:2021-01-31
2021-01-05,AporEnerMediHist,98410000,kWh,xm:servapibi,2026-09-22T19:13:49Z,xm/2021/01/AporEnerMediHist_Sistema.2021-01-01.ndjson#AporEnerMediHist:Sistema:2021-01-01:2021-01-31
2021-01-05,CapaUtilDiarEner,16924074293,kWh,xm:servapibi,2026-09-22T19:13:46Z,xm/2021/01/CapaUtilDiarEner_Sistema.2021-01-01.ndjson#CapaUtilDiarEner:Sistema:2021-01-01:2021-01-31
2021-01-05,DemaSIN,193626157.23,kWh,xm:servapibi,2026-09-22T19:13:52Z,xm/2021/01/DemaSIN_Sistema.2021-01-01.ndjson#DemaSIN:Sistema:2021-01-01:2021-01-31
2021-01-05,PorcApor,1.09735,fraction,xm:servapibi,2026-09-22T19:13:50Z,xm/2021/01/PorcApor_Sistema.2021-01-01.ndjson#PorcApor:Sistema:2021-01-01:2021-01-31
2021-01-05,PorcVoluUtilDiar,0.71331,fraction,xm:servapibi,2026-09-22T19:13:44Z,xm/2021/01/PorcVoluUtilDiar_Sistema.2021-01-01.ndjson#PorcVoluUtilDiar:Sistema:2021-01-01:2021-01-31
2021-01-05,PrecBolsNaci,171.2024000000001,COP/kWh,xm:servapibi,2026-09-22T19:13:54Z,xm/2021/01/PrecBolsNaci_Sistema.2021-01-01.ndjson#PrecBolsNaci:Sistema:2021-01-01:2021-01-31
2021-01-05,PrecEscaAct,593.92552,COP/kWh,xm:servapibi,2026-09-22T19:13:53Z,xm/2021/01/PrecEscaAct_Sistema.2021-01-01.ndjson#PrecEscaAct:Sistema:2021-01-01:2021-01-31
2021-01-05,VoluUtilDiarEner,12072113100,kWh,xm:servapibi,2026-09-22T19:13:45Z,xm/2021/01/VoluUtilDiarEner_Sistema.2021-01-01.ndjson#VoluUtilDiarEner:Sistema:2021-01-01:2021-01-31
2021-01-06,AporEner,105518000,kWh,xm:servapibi,2026-09-22T19:13:48Z,xm/2021/01/AporEner_Sistema.2021-01-01.ndjson#AporEner:Sistema:2021-01-01:2021-01-31
2021-01-06,AporEnerMediHist,98410000,kWh,xm:servapibi,2026-09-22T19:13:49Z,xm/2021/01/AporEnerMediHist_Sistema.2021-01-01.ndjson#AporEnerMediHist:Sistema:2021-01-01:2021-01-31
2021-01-06,CapaUtilDiarEner,16924074293,kWh,xm:servapibi,2026-09-22T19:13:46Z,xm/2021/01/CapaUtilDiarEner_Sistema.2021-01-01.ndjson#CapaUtilDiarEner:Sistema:2021-01-01:2021-01-31
2021-01-06,DemaSIN,195555485.71,kWh,xm:servapibi,2026-09-22T19:13:52Z,xm/2021/01/DemaSIN_Sistema.2021-01-01.ndjson#DemaSIN:Sistema:2021-01-01:2021-01-31
2021-01-06,PorcApor,1.07223,fraction,xm:servapibi,2026-09-22T19:13:50Z,xm/2021/01/PorcApor_Sistema.2021-01-01.ndjson#PorcApor:Sistema:2021-01-01:2021-01-31
2021-01-06,PorcVoluUtilDiar,0.71026,fraction,xm:servapibi,2026-09-22T19:13:44Z,xm/2021/01/PorcVoluUtilDiar_Sistema.2021-01-01.ndjson#PorcVoluUtilDiar:Sistema:2021-01-01:2021-01-31
2021-01-06,PrecBolsNaci,181.9790316666667,COP/kWh,xm:servapibi,2026-09-22T19:13:54Z,xm/2021/01/PrecBolsNaci_Sistema.2021-01-01.ndjson#PrecBolsNaci:Sistema:2021-01-01:2021-01-31
2021-01-06,PrecEscaAct,593.92552,COP/kWh,xm:servapibi,2026-09-22T19:13:53Z,xm/2021/01/PrecEscaAct_Sistema.2021-01-01.ndjson#PrecEscaAct:Sistema:2021-01-01:2021-01-31
2021-01-06,VoluUtilDiarEner,12020454700,kWh,xm:servapibi,2026-09-22T19:13:45Z,xm/2021/01/VoluUtilDiarEner_Sistema.2021-01-01.ndjson#VoluUtilDiarEner:Sistema:2021-01-01:2021-01-31
2021-01-07,AporEner,114033600,kWh,xm:servapibi,2026-09-22T19:13:48Z,xm/2021/01/AporEner_Sistema.2021-01-01.ndjson#AporEner:Sistema:2021-01-01:2021-01-31
2021-01-07,AporEnerMediHist,98410000,kWh,xm:servapibi,2026-09-22T19:13:49Z,xm/2021/01/AporEnerMediHist_Sistema.2021-01-01.ndjson#AporEnerMediHist:Sistema:2021-01-01:2021-01-31
2021-01-07,CapaUtilDiarEner,16924074293,kWh,xm:servapibi,2026-09-22T19:13:46Z,xm/2021/01/CapaUtilDiarEner_Sistema.2021-01-01.ndjson#CapaUtilDiarEner:Sistema:2021-01-01:2021-01-31
2021-01-07,DemaSIN,197060869.17,kWh,xm:servapibi,2026-09-22T19:13:52Z,xm/2021/01/DemaSIN_Sistema.2021-01-01.ndjson#DemaSIN:Sistema:2021-01-01:2021-01-31
2021-01-07,PorcApor,1.15876,fraction,xm:servapibi,2026-09-22T19:13:50Z,xm/2021/01/PorcApor_Sistema.2021-01-01.ndjson#PorcApor:Sistema:2021-01-01:2021-01-31
2021-01-07,PorcVoluUtilDiar,0.70781,fraction,xm:servapibi,2026-09-22T19:13:44Z,xm/2021/01/PorcVoluUtilDiar_Sistema.2021-01-01.ndjson#PorcVoluUtilDiar:Sistema:2021-01-01:2021-01-31
2021-01-07,PrecBolsNaci,175.6239233333334,COP/kWh,xm:servapibi,2026-09-22T19:13:54Z,xm/2021/01/PrecBolsNaci_Sistema.2021-01-01.ndjson#PrecBolsNaci:Sistema:2021-01-01:2021-01-31
2021-01-07,PrecEscaAct,593.92552,COP/kWh,xm:servapibi,2026-09-22T19:13:53Z,xm/2021/01/PrecEscaAct_Sistema.2021-01-01.ndjson#PrecEscaAct:Sistema:2021-01-01:2021-01-31
2021-01-07,VoluUtilDiarEner,11979108800,kWh,xm:servapibi,2026-09-22T19:13:45Z,xm/2021/01/VoluUtilDiarEner_Sistema.2021-01-01.ndjson#VoluUtilDiarEner:Sistema:2021-01-01:2021-01-31
2021-01-08,AporEner,130286600,kWh,xm:servapibi,2026-09-22T19:13:48Z,xm/2021/01/AporEner_Sistema.2021-01-01.ndjson#AporEner:Sistema:2021-01-01:2021-01-31
2021-01-08,AporEnerMediHist,98410000,kWh,xm:servapibi,2026-09-22T19:13:49Z,xm/2021/01/AporEnerMediHist_Sistema.2021-01-01.ndjson#AporEnerMediHist:Sistema:2021-01-01:2021-01-31
2021-01-08,CapaUtilDiarEner,16924074293,kWh,xm:servapibi,2026-09-22T19:13:46Z,xm/2021/01/CapaUtilDiarEner_Sistema.2021-01-01.ndjson#CapaUtilDiarEner:Sistema:2021-01-01:2021-01-31
2021-01-08,DemaSIN,194388270.37,kWh,xm:servapibi,2026-09-22T19:13:52Z,xm/2021/01/DemaSIN_Sistema.2021-01-01.ndjson#DemaSIN:Sistema:2021-01-01:2021-01-31
2021-01-08,PorcApor,1.32392,fraction,xm:servapibi,2026-09-22T19:13:50Z,xm/2021/01/PorcApor_Sistema.2021-01-01.ndjson#PorcApor:Sistema:2021-01-01:2021-01-31
2021-01-08,PorcVoluUtilDiar,0.70703,fraction,xm:servapibi,2026-09-22T19:13:44Z,xm/2021/01/PorcVoluUtilDiar_Sistema.2021-01-01.ndjson#PorcVoluUtilDiar:Sistema:2021-01-01:2021-01-31
2021-01-08,PrecBolsNaci,173.28171999999998,COP/kWh,xm:servapibi,2026-09-22T19:13:54Z,xm/2021/01/PrecBolsNaci_Sistema.2021-01-01.ndjson#PrecBolsNaci:Sistema:2021-01-01:2021-01-31
2021-01-08,PrecEscaAct,593.92552,COP/kWh,xm:servapibi,2026-09-22T19:13:53Z,xm/2021/01/PrecEscaAct_Sistema.2021-01-01.ndjson#PrecEscaAct:Sistema:2021-01-01:2021-01-31
2021-01-08,VoluUtilDiarEner,11965869800,kWh,xm:servapibi,2026-09-22T19:13:45Z,xm/2021/01/VoluUtilDiarEner_Sistema.2021-01-01.ndjson#VoluUtilDiarEner:Sistema:2021-01-01:2021-01-31
2021-01-09,AporEner,125306100,kWh,xm:servapibi,2026-09-22T19:13:48Z,xm/2021/01/AporEner_Sistema.2021-01-01.ndjson#AporEner:Sistema:2021-01-01:2021-01-31
2021-01-09,AporEnerMediHist,98410000,kWh,xm:servapibi,2026-09-22T19:13:49Z,xm/2021/01/AporEnerMediHist_Sistema.2021-01-01.ndjson#AporEnerMediHist:Sistema:2021-01-01:2021-01-31
2021-01-09,CapaUtilDiarEner,16924074293,kWh,xm:servapibi,2026-09-22T19:13:46Z,xm/2021/01/CapaUtilDiarEner_Sistema.2021-01-01.ndjson#CapaUtilDiarEner:Sistema:2021-01-01:2021-01-31
2021-01-09,DemaSIN,184853594.41,kWh,xm:servapibi,2026-09-22T19:13:52Z,xm/2021/01/DemaSIN_Sistema.2021-01-01.ndjson#DemaSIN:Sistema:2021-01-01:2021-01-31
2021-01-09,PorcApor,1.27331,fraction,xm:servapibi,2026-09-22T19:13:50Z,xm/2021/01/PorcApor_Sistema.2021-01-01.ndjson#PorcApor:Sistema:2021-01-01:2021-01-31
2021-01-09,PorcVoluUtilDiar,0.7061,fraction,xm:servapibi,2026-09-22T19:13:44Z,xm/2021/01/PorcVoluUtilDiar_Sistema.2021-01-01.ndjson#PorcVoluUtilDiar:Sistema:2021-01-01:2021-01-31
2021-01-09,PrecBolsNaci,155.78331666666665,COP/kWh,xm:servapibi,2026-09-22T19:13:54Z,xm/2021/01/PrecBolsNaci_Sistema.2021-01-01.ndjson#PrecBolsNaci:Sistema:2021-01-01:2021-01-31
2021-01-09,PrecEscaAct,593.92552,COP/kWh,xm:servapibi,2026-09-22T19:13:53Z,xm/2021/01/PrecEscaAct_Sistema.2021-01-01.ndjson#PrecEscaAct:Sistema:2021-01-01:2021-01-31
2021-01-09,VoluUtilDiarEner,11950118500,kWh,xm:servapibi,2026-09-22T19:13:45Z,xm/2021/01/VoluUtilDiarEner_Sistema.2021-01-01.ndjson#VoluUtilDiarEner:Sistema:2021-01-01:2021-01-31
2021-01-10,AporEner,158407000,kWh,xm:servapibi,2026-09-22T19:13:48Z,xm/2021/01/AporEner_Sistema.2021-01-01.ndjson#AporEner:Sistema:2021-01-01:2021-01-31
2021-01-10,AporEnerMediHist,98410000,kWh,xm:servapibi,2026-09-22T19:13:49Z,xm/2021/01/AporEnerMediHist_Sistema.2021-01-01.ndjson#AporEnerMediHist:Sistema:2021-01-01:2021-01-31
2021-01-10,CapaUtilDiarEner,16924074293,kWh,xm:servapibi,2026-09-22T19:13:46Z,xm/2021/01/CapaUtilDiarEner_Sistema.2021-01-01.ndjson#CapaUtilDiarEner:Sistema:2021-01-01:2021-01-31
2021-01-10,DemaSIN,172196967.11,kWh,xm:servapibi,2026-09-22T19:13:52Z,xm/2021/01/DemaSIN_Sistema.2021-01-01.ndjson#DemaSIN:Sistema:2021-01-01:2021-01-31
2021-01-10,PorcApor,1.60966,fraction,xm:servapibi,2026-09-22T19:13:50Z,xm/2021/01/PorcApor_Sistema.2021-01-01.ndjson#PorcApor:Sistema:2021-01-01:2021-01-31
2021-01-10,PorcVoluUtilDiar,0.70676,fraction,xm:servapibi,2026-09-22T19:13:44Z,xm/2021/01/PorcVoluUtilDiar_Sistema.2021-01-01.ndjson#PorcVoluUtilDiar:Sistema:2021-01-01:2021-01-31
2021-01-10,PrecBolsNaci,153.69394000000008,COP/kWh,xm:servapibi,2026-09-22T19:13:54Z,xm/2021/01/PrecBolsNaci_Sistema.2021-01-01.ndjson#PrecBolsNaci:Sistema:2021-01-01:2021-01-31
2021-01-10,PrecEscaAct,593.92552,COP/kWh,xm:servapibi,2026-09-22T19:13:53Z,xm/2021/01/PrecEscaAct_Sistema.2021-01-01.ndjson#PrecEscaAct:Sistema:2021-01-01:2021-01-31
2021-01-10,VoluUtilDiarEner,11961274700,kWh,xm:servapibi,2026-09-22T19:13:45Z,xm/2021/01/VoluUtilDiarEner_Sistema.2021-01-01.ndjson#VoluUtilDiarEner:Sistema:2021-01-01:2021-01-31
2021-01-11,AporEner,196950900,kWh,xm:servapibi,2026-09-22T19:13:48Z,xm/2021/01/AporEner_Sistema.2021-01-01.ndjson#AporEner:Sistema:2021-01-01:2021-01-31
2021-01-11,AporEnerMediHist,98410000,kWh,xm:servapibi,2026-09-22T19:13:49Z,xm/2021/01/AporEnerMediHist_Sistema.2021-01-01.ndjson#AporEnerMediHist:Sistema:2021-01-01:2021-01-31
2021-01-11,CapaUtilDiarEner,16924074293,kWh,xm:servapibi,2026-09-22T19:13:46Z,xm/2021/01/CapaUtilDiarEner_Sistema.2021-01-01.ndjson#CapaUtilDiarEner:Sistema:2021-01-01:2021-01-31
2021-01-11,DemaSIN,176172774.05,kWh,xm:servapibi,2026-09-22T19:13:52Z,xm/2021/01/DemaSIN_Sistema.2021-01-01.ndjson#DemaSIN:Sistema:2021-01-01:2021-01-31
2021-01-11,PorcApor,2.00133,fraction,xm:servapibi,2026-09-22T19:13:50Z,xm/2021/01/PorcApor_Sistema.2021-01-01.ndjson#PorcApor:Sistema:2021-01-01:2021-01-31
2021-01-11,PorcVoluUtilDiar,0.71037,fraction,xm:servapibi,2026-09-22T19:13:44Z,xm/2021/01/PorcVoluUtilDiar_Sistema.2021-01-01.ndjson#PorcVoluUtilDiar:Sistema:2021-01-01:2021-01-31
2021-01-11,PrecBolsNaci,158.78913999999995,COP/kWh,xm:servapibi,2026-09-22T19:13:54Z,xm/2021/01/PrecBolsNaci_Sistema.2021-01-01.ndjson#PrecBolsNaci:Sistema:2021-01-01:2021-01-31
2021-01-11,PrecEscaAct,593.92552,COP/kWh,xm:servapibi,2026-09-22T19:13:53Z,xm/2021/01/PrecEscaAct_Sistema.2021-01-01.ndjson#PrecEscaAct:Sistema:2021-01-01:2021-01-31
2021-01-11,VoluUtilDiarEner,12022436300,kWh,xm:servapibi,2026-09-22T19:13:45Z,xm/2021/01/VoluUtilDiarEner_Sistema.2021-01-01.ndjson#VoluUtilDiarEner:Sistema:2021-01-01:2021-01-31
2021-01-12,AporEner,141894600,kWh,xm:servapibi,2026-09-22T19:13:48Z,xm/2021/01/AporEner_Sistema.2021-01-01.ndjson#AporEner:Sistema:2021-01-01:2021-01-31
2021-01-12,AporEnerMediHist,98410000,kWh,xm:servapibi,2026-09-22T19:13:49Z,xm/2021/01/AporEnerMediHist_Sistema.2021-01-01.ndjson#AporEnerMediHist:Sistema:2021-01-01:2021-01-31
2021-01-12,CapaUtilDiarEner,16924074293,kWh,xm:servapibi,2026-09-22T19:13:46Z,xm/2021/01/CapaUtilDiarEner_Sistema.2021-01-01.ndjson#CapaUtilDiarEner:Sistema:2021-01-01:2021-01-31
2021-01-12,DemaSIN,196088978.67,kWh,xm:servapibi,2026-09-22T19:13:52Z,xm/2021/01/DemaSIN_Sistema.2021-01-01.ndjson#DemaSIN:Sistema:2021-01-01:2021-01-31
2021-01-12,PorcApor,1.44187,fraction,xm:servapibi,2026-09-22T19:13:50Z,xm/2021/01/PorcApor_Sistema.2021-01-01.ndjson#PorcApor:Sistema:2021-01-01:2021-01-31
2021-01-12,PorcVoluUtilDiar,0.70925,fraction,xm:servapibi,2026-09-22T19:13:44Z,xm/2021/01/PorcVoluUtilDiar_Sistema.2021-01-01.ndjson#PorcVoluUtilDiar:Sistema:2021-01-01:2021-01-31
2021-01-12,PrecBolsNaci,136.24975999999995,COP/kWh,xm:servapibi,2026-09-22T19:13:54Z,xm/2021/01/PrecBolsNaci_Sistema.2021-01-01.ndjson#PrecBolsNaci:Sistema:2021-01-01:2021-01-31
2021-01-12,PrecEscaAct,593.92552,COP/kWh,xm:servapibi,2026-09-22T19:13:53Z,xm/2021/01/PrecEscaAct_Sistema.2021-01-01.ndjson#PrecEscaAct:Sistema:2021-01-01:2021-01-31
2021-01-12,VoluUtilDiarEner,12003349600,kWh,xm:servapibi,2026-09-22T19:13:45Z,xm/2021/01/VoluUtilDiarEner_Sistema.2021-01-01.ndjson#VoluUtilDiarEner:Sistema:2021-01-01:2021-01-31
2021-01-13,AporEner,112185600,kWh,xm:servapibi,2026-09-22T19:13:48Z,xm/2021/01/AporEner_Sistema.2021-01-01.ndjson#AporEner:Sistema:2021-01-01:2021-01-31
2021-01-13,AporEnerMediHist,98410000,kWh,xm:servapibi,2026-09-22T19:13:49Z,xm/2021/01/AporEnerMediHist_Sistema.2021-01-01.ndjson#AporEnerMediHist:Sistema:2021-01-01:2021-01-31
2021-01-13,CapaUtilDiarEner,16924074293,kWh,xm:servapibi,2026-09-22T19:13:46Z,xm/2021/01/CapaUtilDiarEner_Sistema.2021-01-01.ndjson#CapaUtilDiarEner:Sistema:2021-01-01:2021-01-31
2021-01-13,DemaSIN,200045610.2,kWh,xm:servapibi,2026-09-22T19:13:52Z,xm/2021/01/DemaSIN_Sistema.2021-01-01.ndjson#DemaSIN:Sistema:2021-01-01:2021-01-31
2021-01-13,PorcApor,1.13998,fraction,xm:servapibi,2026-09-22T19:13:50Z,xm/2021/01/PorcApor_Sistema.2021-01-01.ndjson#PorcApor:Sistema:2021-01-01:2021-01-31
2021-01-13,PorcVoluUtilDiar,0.70585,fraction,xm:servapibi,2026-09-22T19:13:44Z,xm/2021/01/PorcVoluUtilDiar_Sistema.2021-01-01.ndjson#PorcVoluUtilDiar:Sistema:2021-01-01:2021-01-31
2021-01-13,PrecBolsNaci,133.35038666666665,COP/kWh,xm:servapibi,2026-09-22T19:13:54Z,xm/2021/01/PrecBolsNaci_Sistema.2021-01-01.ndjson#PrecBolsNaci:Sistema:2021-01-01:2021-01-31
2021-01-13,PrecEscaAct,593.92552,COP/kWh,xm:servapibi,2026-09-22T19:13:53Z,xm/2021/01/PrecEscaAct_Sistema.2021-01-01.ndjson#PrecEscaAct:Sistema:2021-01-01:2021-01-31
2021-01-13,VoluUtilDiarEner,11945783500,kWh,xm:servapibi,2026-09-22T19:13:45Z,xm/2021/01/VoluUtilDiarEner_Sistema.2021-01-01.ndjson#VoluUtilDiarEner:Sistema:2021-01-01:2021-01-31
2021-01-14,AporEner,95066700,kWh,xm:servapibi,2026-09-22T19:13:48Z,xm/2021/01/AporEner_Sistema.2021-01-01.ndjson#AporEner:Sistema:2021-01-01:2021-01-31
2021-01-14,AporEnerMediHist,98410000,kWh,xm:servapibi,2026-09-22T19:13:49Z,xm/2021/01/AporEnerMediHist_Sistema.2021-01-01.ndjson#AporEnerMediHist:Sistema:2021-01-01:2021-01-31
2021-01-14,CapaUtilDiarEner,16924074293,kWh,xm:servapibi,2026-09-22T19:13:46Z,xm/2021/01/CapaUtilDiarEner_Sistema.2021-01-01.ndjson#CapaUtilDiarEner:Sistema:2021-01-01:2021-01-31
2021-01-14,DemaSIN,201563946.99,kWh,xm:servapibi,2026-09-22T19:13:52Z,xm/2021/01/DemaSIN_Sistema.2021-01-01.ndjson#DemaSIN:Sistema:2021-01-01:2021-01-31
2021-01-14,PorcApor,0.96603,fraction,xm:servapibi,2026-09-22T19:13:50Z,xm/2021/01/PorcApor_Sistema.2021-01-01.ndjson#PorcApor:Sistema:2021-01-01:2021-01-31
2021-01-14,PorcVoluUtilDiar,0.70138,fraction,xm:servapibi,2026-09-22T19:13:44Z,xm/2021/01/PorcVoluUtilDiar_Sistema.2021-01-01.ndjson#PorcVoluUtilDiar:Sistema:2021-01-01:2021-01-31
2021-01-14,PrecBolsNaci,137.19702833333335,COP/kWh,xm:servapibi,2026-09-22T19:13:54Z,xm/2021/01/PrecBolsNaci_Sistema.2021-01-01.ndjson#PrecBolsNaci:Sistema:2021-01-01:2021-01-31
2021-01-14,PrecEscaAct,593.92552,COP/kWh,xm:servapibi,2026-09-22T19:13:53Z,xm/2021/01/PrecEscaAct_Sistema.2021-01-01.ndjson#PrecEscaAct:Sistema:2021-01-01:2021-01-31
2021-01-14,VoluUtilDiarEner,11870237900,kWh,xm:servapibi,2026-09-22T19:13:45Z,xm/2021/01/VoluUtilDiarEner_Sistema.2021-01-01.ndjson#VoluUtilDiarEner:Sistema:2021-01-01:2021-01-31
2021-01-15,AporEner,82731900,kWh,xm:servapibi,2026-09-22T19:13:48Z,xm/2021/01/AporEner_Sistema.2021-01-01.ndjson#AporEner:Sistema:2021-01-01:2021-01-31
2021-01-15,AporEnerMediHist,98410000,kWh,xm:servapibi,2026-09-22T19:13:49Z,xm/2021/01/AporEnerMediHist_Sistema.2021-01-01.ndjson#AporEnerMediHist:Sistema:2021-01-01:2021-01-31
2021-01-15,CapaUtilDiarEner,16924074293,kWh,xm:servapibi,2026-09-22T19:13:46Z,xm/2021/01/CapaUtilDiarEner_Sistema.2021-01-01.ndjson#CapaUtilDiarEner:Sistema:2021-01-01:2021-01-31
2021-01-15,DemaSIN,202307067.05,kWh,xm:servapibi,2026-09-22T19:13:52Z,xm/2021/01/DemaSIN_Sistema.2021-01-01.ndjson#DemaSIN:Sistema:2021-01-01:2021-01-31
2021-01-15,PorcApor,0.84069,fraction,xm:servapibi,2026-09-22T19:13:50Z,xm/2021/01/PorcApor_Sistema.2021-01-01.ndjson#PorcApor:Sistema:2021-01-01:2021-01-31
2021-01-15,PorcVoluUtilDiar,0.69612,fraction,xm:servapibi,2026-09-22T19:13:44Z,xm/2021/01/PorcVoluUtilDiar_Sistema.2021-01-01.ndjson#PorcVoluUtilDiar:Sistema:2021-01-01:2021-01-31
2021-01-15,PrecBolsNaci,150.01109666666665,COP/kWh,xm:servapibi,2026-09-22T19:13:54Z,xm/2021/01/PrecBolsNaci_Sistema.2021-01-01.ndjson#PrecBolsNaci:Sistema:2021-01-01:2021-01-31
2021-01-15,PrecEscaAct,593.92552,COP/kWh,xm:servapibi,2026-09-22T19:13:53Z,xm/2021/01/PrecEscaAct_Sistema.2021-01-01.ndjson#PrecEscaAct:Sistema:2021-01-01:2021-01-31
2021-01-15,VoluUtilDiarEner,11781128200,kWh,xm:servapibi,2026-09-22T19:13:45Z,xm/2021/01/VoluUtilDiarEner_Sistema.2021-01-01.ndjson#VoluUtilDiarEner:Sistema:2021-01-01:2021-01-31
2021-01-16,AporEner,80062100,kWh,xm:servapibi,2026-09-22T19:13:48Z,xm/2021/01/AporEner_Sistema.2021-01-01.ndjson#AporEner:Sistema:2021-01-01:2021-01-31
2021-01-16,AporEnerMediHist,98410000,kWh,xm:servapibi,2026-09-22T19:13:49Z,xm/2021/01/AporEnerMediHist_Sistema.2021-01-01.ndjson#AporEnerMediHist:Sistema:2021-01-01:2021-01-31
2021-01-16,CapaUtilDiarEner,16924074293,kWh,xm:servapibi,2026-09-22T19:13:46Z,xm/2021/01/CapaUtilDiarEner_Sistema.2021-01-01.ndjson#CapaUtilDiarEner:Sistema:2021-01-01:2021-01-31
2021-01-16,DemaSIN,193214700.99,kWh,xm:servapibi,2026-09-22T19:13:52Z,xm/2021/01/DemaSIN_Sistema.2021-01-01.ndjson#DemaSIN:Sistema:2021-01-01:2021-01-31
2021-01-16,PorcApor,0.81356,fraction,xm:servapibi,2026-09-22T19:13:50Z,xm/2021/01/PorcApor_Sistema.2021-01-01.ndjson#PorcApor:Sistema:2021-01-01:2021-01-31
2021-01-16,PorcVoluUtilDiar,0.6911,fraction,xm:servapibi,2026-09-22T19:13:44Z,xm/2021/01/PorcVoluUtilDiar_Sistema.2021-01-01.ndjson#PorcVoluUtilDiar:Sistema:2021-01-01:2021-01-31
2021-01-16,PrecBolsNaci,144.63447333333337,COP/kWh,xm:servapibi,2026-09-22T19:13:54Z,xm/2021/01/PrecBolsNaci_Sistema.2021-01-01.ndjson#PrecBolsNaci:Sistema:2021-01-01:2021-01-31
2021-01-16,PrecEscaAct,593.92552,COP/kWh,xm:servapibi,2026-09-22T19:13:53Z,xm/2021/01/PrecEscaAct_Sistema.2021-01-01.ndjson#PrecEscaAct:Sistema:2021-01-01:2021-01-31
2021-01-16,VoluUtilDiarEner,11696293700,kWh,xm:servapibi,2026-09-22T19:13:45Z,xm/2021/01/VoluUtilDiarEner_Sistema.2021-01-01.ndjson#VoluUtilDiarEner:Sistema:2021-01-01:2021-01-31
2021-01-17,AporEner,78437000,kWh,xm:servapibi,2026-09-22T19:13:48Z,xm/2021/01/AporEner_Sistema.2021-01-01.ndjson#AporEner:Sistema:2021-01-01:2021-01-31
2021-01-17,AporEnerMediHist,98410000,kWh,xm:servapibi,2026-09-22T19:13:49Z,xm/2021/01/AporEnerMediHist_Sistema.2021-01-01.ndjson#AporEnerMediHist:Sistema:2021-01-01:2021-01-31
2021-01-17,CapaUtilDiarEner,16924074293,kWh,xm:servapibi,2026-09-22T19:13:46Z,xm/2021/01/CapaUtilDiarEner_Sistema.2021-01-01.ndjson#CapaUtilDiarEner:Sistema:2021-01-01:2021-01-31
2021-01-17,DemaSIN,176491568.81,kWh,xm:servapibi,2026-09-22T19:13:52Z,xm/2021/01/DemaSIN_Sistema.2021-01-01.ndjson#DemaSIN:Sistema:2021-01-01:2021-01-31
2021-01-17,PorcApor,0.79704,fraction,xm:servapibi,2026-09-22T19:13:50Z,xm/2021/01/PorcApor_Sistema.2021-01-01.ndjson#PorcApor:Sistema:2021-01-01:2021-01-31
2021-01-17,PorcVoluUtilDiar,0.68766,fraction,xm:servapibi,2026-09-22T19:13:44Z,xm/2021/01/PorcVoluUtilDiar_Sistema.2021-01-01.ndjson#PorcVoluUtilDiar:Sistema:2021-01-01:2021-01-31
2021-01-17,PrecBolsNaci,158.28493333333336,COP/kWh,xm:servapibi,2026-09-22T19:13:54Z,xm/2021/01/PrecBolsNaci_Sistema.2021-01-01.ndjson#PrecBolsNaci:Sistema:2021-01-01:2021-01-31
2021-01-17,PrecEscaAct,593.92552,COP/kWh,xm:servapibi,2026-09-22T19:13:53Z,xm/2021/01/PrecEscaAct_Sistema.2021-01-01.ndjson#PrecEscaAct:Sistema:2021-01-01:2021-01-31
2021-01-17,VoluUtilDiarEner,11637956600,kWh,xm:servapibi,2026-09-22T19:13:45Z,xm/2021/01/VoluUtilDiarEner_Sistema.2021-01-01.ndjson#VoluUtilDiarEner:Sistema:2021-01-01:2021-01-31
2021-01-18,AporEner,71148800,kWh,xm:servapibi,2026-09-22T19:13:48Z,xm/2021/01/AporEner_Sistema.2021-01-01.ndjson#AporEner:Sistema:2021-01-01:2021-01-31
2021-01-18,AporEnerMediHist,98410000,kWh,xm:servapibi,2026-09-22T19:13:49Z,xm/2021/01/AporEnerMediHist_Sistema.2021-01-01.ndjson#AporEnerMediHist:Sistema:2021-01-01:2021-01-31
2021-01-18,CapaUtilDiarEner,16924074293,kWh,xm:servapibi,2026-09-22T19:13:46Z,xm/2021/01/CapaUtilDiarEner_Sistema.2021-01-01.ndjson#CapaUtilDiarEner:Sistema:2021-01-01:2021-01-31
2021-01-18,DemaSIN,200422740.93,kWh,xm:servapibi,2026-09-22T19:13:52Z,xm/2021/01/DemaSIN_Sistema.2021-01-01.ndjson#DemaSIN:Sistema:2021-01-01:2021-01-31
2021-01-18,PorcApor,0.72298,fraction,xm:servapibi,2026-09-22T19:13:50Z,xm/2021/01/PorcApor_Sistema.2021-01-01.ndjson#PorcApor:Sistema:2021-01-01:2021-01-31
2021-01-18,PorcVoluUtilDiar,0.68149,fraction,xm:servapibi,2026-09-22T19:13:44Z,xm/2021/01/PorcVoluUtilDiar_Sistema.2021-01-01.ndjson#PorcVoluUtilDiar:Sistema:2021-01-01:2021-01-31
2021-01-18,PrecBolsNaci,174.4511033333334,COP/kWh,xm:servapibi,2026-09-22T19:13:54Z,xm/2021/01/PrecBolsNaci_Sistema.2021-01-01.ndjson#PrecBolsNaci:Sistema:2021-01-01:2021-01-31
2021-01-18,PrecEscaAct,593.92552,COP/kWh,xm:servapibi,2026-09-22T19:13:53Z,xm/2021/01/PrecEscaAct_Sistema.2021-01-01.ndjson#PrecEscaAct:Sistema:2021-01-01:2021-01-31
2021-01-18,VoluUtilDiarEner,11533665300,kWh,xm:servapibi,2026-09-22T19:13:45Z,xm/2021/01/VoluUtilDiarEner_Sistema.2021-01-01.ndjson#VoluUtilDiarEner:Sistema:2021-01-01:2021-01-31
2021-01-19,AporEner,69680100,kWh,xm:servapibi,2026-09-22T19:13:48Z,xm/2021/01/AporEner_Sistema.2021-01-01.ndjson#AporEner:Sistema:2021-01-01:2021-01-31
2021-01-19,AporEnerMediHist,98410000,kWh,xm:servapibi,2026-09-22T19:13:49Z,xm/2021/01/AporEnerMediHist_Sistema.2021-01-01.ndjson#AporEnerMediHist:Sistema:2021-01-01:2021-01-31
2021-01-19,CapaUtilDiarEner,16924074293,kWh,xm:servapibi,2026-09-22T19:13:46Z,xm/2021/01/CapaUtilDiarEner_Sistema.2021-01-01.ndjson#CapaUtilDiarEner:Sistema:2021-01-01:2021-01-31
2021-01-19,DemaSIN,203036412.99,kWh,xm:servapibi,2026-09-22T19:13:52Z,xm/2021/01/DemaSIN_Sistema.2021-01-01.ndjson#DemaSIN:Sistema:2021-01-01:2021-01-31
2021-01-19,PorcApor,0.70806,fraction,xm:servapibi,2026-09-22T19:13:50Z,xm/2021/01/PorcApor_Sistema.2021-01-01.ndjson#PorcApor:Sistema:2021-01-01:2021-01-31
2021-01-19,PorcVoluUtilDiar,0.67623,fraction,xm:servapibi,2026-09-22T19:13:44Z,xm/2021/01/PorcVoluUtilDiar_Sistema.2021-01-01.ndjson#PorcVoluUtilDiar:Sistema:2021-01-01:2021-01-31
2021-01-19,PrecBolsNaci,179.6880233333333,COP/kWh,xm:servapibi,2026-09-22T19:13:54Z,xm/2021/01/PrecBolsNaci_Sistema.2021-01-01.ndjson#PrecBolsNaci:Sistema:2021-01-01:2021-01-31
2021-01-19,PrecEscaAct,593.92552,COP/kWh,xm:servapibi,2026-09-22T19:13:53Z,xm/2021/01/PrecEscaAct_Sistema.2021-01-01.ndjson#PrecEscaAct:Sistema:2021-01-01:2021-01-31
2021-01-19,VoluUtilDiarEner,11444568300,kWh,xm:servapibi,2026-09-22T19:13:45Z,xm/2021/01/VoluUtilDiarEner_Sistema.2021-01-01.ndjson#VoluUtilDiarEner:Sistema:2021-01-01:2021-01-31
2021-01-20,AporEner,66833500,kWh,xm:servapibi,2026-09-22T19:13:48Z,xm/2021/01/AporEner_Sistema.2021-01-01.ndjson#AporEner:Sistema:2021-01-01:2021-01-31
2021-01-20,AporEnerMediHist,98410000,kWh,xm:servapibi,2026-09-22T19:13:49Z,xm/2021/01/AporEnerMediHist_Sistema.2021-01-01.ndjson#AporEnerMediHist:Sistema:2021-01-01:2021-01-31
2021-01-20,CapaUtilDiarEner,16924074293,kWh,xm:servapibi,2026-09-22T19:13:46Z,xm/2021/01/CapaUtilDiarEner_Sistema.2021-01-01.ndjson#CapaUtilDiarEner:Sistema:2021-01-01:2021-01-31
2021-01-20,DemaSIN,203102006.8,kWh,xm:servapibi,2026-09-22T19:13:52Z,xm/2021/01/DemaSIN_Sistema.2021-01-01.ndjson#DemaSIN:Sistema:2021-01-01:2021-01-31
2021-01-20,PorcApor,0.67913,fraction,xm:servapibi,2026-09-22T19:13:50Z,xm/2021/01/PorcApor_Sistema.2021-01-01.ndjson#PorcApor:Sistema:2021-01-01:2021-01-31
2021-01-20,PorcVoluUtilDiar,0.67109,fraction,xm:servapibi,2026-09-22T19:13:44Z,xm/2021/01/PorcVoluUtilDiar_Sistema.2021-01-01.ndjson#PorcVoluUtilDiar:Sistema:2021-01-01:2021-01-31
2021-01-20,PrecBolsNaci,192.22133,COP/kWh,xm:servapibi,2026-09-22T19:13:54Z,xm/2021/01/PrecBolsNaci_Sistema.2021-01-01.ndjson#PrecBolsNaci:Sistema:2021-01-01:2021-01-31
2021-01-20,PrecEscaAct,593.92552,COP/kWh,xm:servapibi,2026-09-22T19:13:53Z,xm/2021/01/PrecEscaAct_Sistema.2021-01-01.ndjson#PrecEscaAct:Sistema:2021-01-01:2021-01-31
2021-01-20,VoluUtilDiarEner,11357557600,kWh,xm:servapibi,2026-09-22T19:13:45Z,xm/2021/01/VoluUtilDiarEner_Sistema.2021-01-01.ndjson#VoluUtilDiarEner:Sistema:2021-01-01:2021-01-31
2021-01-21,AporEner,65241700,kWh,xm:servapibi,2026-09-22T19:13:48Z,xm/2021/01/AporEner_Sistema.2021-01-01.ndjson#AporEner:Sistema:2021-01-01:2021-01-31
2021-01-21,AporEnerMediHist,98410000,kWh,xm:servapibi,2026-09-22T19:13:49Z,xm/2021/01/AporEnerMediHist_Sistema.2021-01-01.ndjson#AporEnerMediHist:Sistema:2021-01-01:2021-01-31
2021-01-21,CapaUtilDiarEner,16924074293,kWh,xm:servapibi,2026-09-22T19:13:46Z,xm/2021/01/CapaUtilDiarEner_Sistema.2021-01-01.ndjson#CapaUtilDiarEner:Sistema:2021-01-01:2021-01-31
2021-01-21,DemaSIN,204070972.56,kWh,xm:servapibi,2026-09-22T19:13:52Z,xm/2021/01/DemaSIN_Sistema.2021-01-01.ndjson#DemaSIN:Sistema:2021-01-01:2021-01-31
2021-01-21,PorcApor,0.66296,fraction,xm:servapibi,2026-09-22T19:13:50Z,xm/2021/01/PorcApor_Sistema.2021-01-01.ndjson#PorcApor:Sistema:2021-01-01:2021-01-31
2021-01-21,PorcVoluUtilDiar,0.66531,fraction,xm:servapibi,2026-09-22T19:13:44Z,xm/2021/01/PorcVoluUtilDiar_Sistema.2021-01-01.ndjson#PorcVoluUtilDiar:Sistema:2021-01-01:2021-01-31
2021-01-21,PrecBolsNaci,199.45116000000007,COP/kWh,xm:servapibi,2026-09-22T19:13:54Z,xm/2021/01/PrecBolsNaci_Sistema.2021-01-01.ndjson#PrecBolsNaci:Sistema:2021-01-01:2021-01-31
2021-01-21,PrecEscaAct,593.92552,COP/kWh,xm:servapibi,2026-09-22T19:13:53Z,xm/2021/01/PrecEscaAct_Sistema.2021-01-01.ndjson#PrecEscaAct:Sistema:2021-01-01:2021-01-31
2021-01-21,VoluUtilDiarEner,11259784600,kWh,xm:servapibi,2026-09-22T19:13:45Z,xm/2021/01/VoluUtilDiarEner_Sistema.2021-01-01.ndjson#VoluUtilDiarEner:Sistema:2021-01-01:2021-01-31
2021-01-22,AporEner,69996100,kWh,xm:servapibi,2026-09-22T19:13:48Z,xm/2021/01/AporEner_Sistema.2021-01-01.ndjson#AporEner:Sistema:2021-01-01:2021-01-31
2021-01-22,AporEnerMediHist,98410000,kWh,xm:servapibi,2026-09-22T19:13:49Z,xm/2021/01/AporEnerMediHist_Sistema.2021-01-01.ndjson#AporEnerMediHist:Sistema:2021-01-01:2021-01-31
2021-01-22,CapaUtilDiarEner,16924074293,kWh,xm:servapibi,2026-09-22T19:13:46Z,xm/2021/01/CapaUtilDiarEner_Sistema.2021-01-01.ndjson#CapaUtilDiarEner:Sistema:2021-01-01:2021-01-31
2021-01-22,DemaSIN,204301826.74,kWh,xm:servapibi,2026-09-22T19:13:52Z,xm/2021/01/DemaSIN_Sistema.2021-01-01.ndjson#DemaSIN:Sistema:2021-01-01:2021-01-31
2021-01-22,PorcApor,0.71127,fraction,xm:servapibi,2026-09-22T19:13:50Z,xm/2021/01/PorcApor_Sistema.2021-01-01.ndjson#PorcApor:Sistema:2021-01-01:2021-01-31
2021-01-22,PorcVoluUtilDiar,0.66069,fraction,xm:servapibi,2026-09-22T19:13:44Z,xm/2021/01/PorcVoluUtilDiar_Sistema.2021-01-01.ndjson#PorcVoluUtilDiar:Sistema:2021-01-01:2021-01-31
2021-01-22,PrecBolsNaci,210.53480499999992,COP/kWh,xm:servapibi,2026-09-22T19:13:54Z,xm/2021/01/PrecBolsNaci_Sistema.2021-01-01.ndjson#PrecBolsNaci:Sistema:2021-01-01:2021-01-31
2021-01-22,PrecEscaAct,593.92552,COP/kWh,xm:servapibi,2026-09-22T19:13:53Z,xm/2021/01/PrecEscaAct_Sistema.2021-01-01.ndjson#PrecEscaAct:Sistema:2021-01-01:2021-01-31
2021-01-22,VoluUtilDiarEner,11181559500,kWh,xm:servapibi,2026-09-22T19:13:45Z,xm/2021/01/VoluUtilDiarEner_Sistema.2021-01-01.ndjson#VoluUtilDiarEner:Sistema:2021-01-01:2021-01-31
2021-01-23,AporEner,91246800,kWh,xm:servapibi,2026-09-22T19:13:48Z,xm/2021/01/AporEner_Sistema.2021-01-01.ndjson#AporEner:Sistema:2021-01-01:2021-01-31
2021-01-23,AporEnerMediHist,98410000,kWh,xm:servapibi,2026-09-22T19:13:49Z,xm/2021/01/AporEnerMediHist_Sistema.2021-01-01.ndjson#AporEnerMediHist:Sistema:2021-01-01:2021-01-31
2021-01-23,CapaUtilDiarEner,16924074293,kWh,xm:servapibi,2026-09-22T19:13:46Z,xm/2021/01/CapaUtilDiarEner_Sistema.2021-01-01.ndjson#CapaUtilDiarEner:Sistema:2021-01-01:2021-01-31
2021-01-23,DemaSIN,193899345.99,kWh,xm:servapibi,2026-09-22T19:13:52Z,xm/2021/01/DemaSIN_Sistema.2021-01-01.ndjson#DemaSIN:Sistema:2021-01-01:2021-01-31
2021-01-23,PorcApor,0.92721,fraction,xm:servapibi,2026-09-22T19:13:50Z,xm/2021/01/PorcApor_Sistema.2021-01-01.ndjson#PorcApor:Sistema:2021-01-01:2021-01-31
2021-01-23,PorcVoluUtilDiar,0.65822,fraction,xm:servapibi,2026-09-22T19:13:44Z,xm/2021/01/PorcVoluUtilDiar_Sistema.2021-01-01.ndjson#PorcVoluUtilDiar:Sistema:2021-01-01:2021-01-31
2021-01-23,PrecBolsNaci,231.7829600000001,COP/kWh,xm:servapibi,2026-09-22T19:13:54Z,xm/2021/01/PrecBolsNaci_Sistema.2021-01-01.ndjson#PrecBolsNaci:Sistema:2021-01-01:2021-01-31
2021-01-23,PrecEscaAct,593.92552,COP/kWh,xm:servapibi,2026-09-22T19:13:53Z,xm/2021/01/PrecEscaAct_Sistema.2021-01-01.ndjson#PrecEscaAct:Sistema:2021-01-01:2021-01-31
2021-01-23,VoluUtilDiarEner,11139764000,kWh,xm:servapibi,2026-09-22T19:13:45Z,xm/2021/01/VoluUtilDiarEner_Sistema.2021-01-01.ndjson#VoluUtilDiarEner:Sistema:2021-01-01:2021-01-31
2021-01-24,AporEner,90703000,kWh,xm:servapibi,2026-09-22T19:13:48Z,xm/2021/01/AporEner_Sistema.2021-01-01.ndjson#AporEner:Sistema:2021-01-01:2021-01-31
2021-01-24,AporEnerMediHist,98410000,kWh,xm:servapibi,2026-09-22T19:13:49Z,xm/2021/01/AporEnerMediHist_Sistema.2021-01-01.ndjson#AporEnerMediHist:Sistema:2021-01-01:2021-01-31
2021-01-24,CapaUtilDiarEner,16924074293,kWh,xm:servapibi,2026-09-22T19:13:46Z,xm/2021/01/CapaUtilDiarEner_Sistema.2021-01-01.ndjson#CapaUtilDiarEner:Sistema:2021-01-01:2021-01-31
2021-01-24,DemaSIN,176693996.47,kWh,xm:servapibi,2026-09-22T19:13:52Z,xm/2021/01/DemaSIN_Sistema.2021-01-01.ndjson#DemaSIN:Sistema:2021-01-01:2021-01-31
2021-01-24,PorcApor,0.92168,fraction,xm:servapibi,2026-09-22T19:13:50Z,xm/2021/01/PorcApor_Sistema.2021-01-01.ndjson#PorcApor:Sistema:2021-01-01:2021-01-31
2021-01-24,PorcVoluUtilDiar,0.65677,fraction,xm:servapibi,2026-09-22T19:13:44Z,xm/2021/01/PorcVoluUtilDiar_Sistema.2021-01-01.ndjson#PorcVoluUtilDiar:Sistema:2021-01-01:2021-01-31
2021-01-24,PrecBolsNaci,216.6143966666666,COP/kWh,xm:servapibi,2026-09-22T19:13:54Z,xm/2021/01/PrecBolsNaci_Sistema.2021-01-01.ndjson#PrecBolsNaci:Sistema:2021-01-01:2021-01-31
2021-01-24,PrecEscaAct,593.92552,COP/kWh,xm:servapibi,2026-09-22T19:13:53Z,xm/2021/01/PrecEscaAct_Sistema.2021-01-01.ndjson#PrecEscaAct:Sistema:2021-01-01:2021-01-31
2021-01-24,VoluUtilDiarEner,11115194800,kWh,xm:servapibi,2026-09-22T19:13:45Z,xm/2021/01/VoluUtilDiarEner_Sistema.2021-01-01.ndjson#VoluUtilDiarEner:Sistema:2021-01-01:2021-01-31
2021-01-25,AporEner,98796900,kWh,xm:servapibi,2026-09-22T19:13:48Z,xm/2021/01/AporEner_Sistema.2021-01-01.ndjson#AporEner:Sistema:2021-01-01:2021-01-31
2021-01-25,AporEnerMediHist,98410000,kWh,xm:servapibi,2026-09-22T19:13:49Z,xm/2021/01/AporEnerMediHist_Sistema.2021-01-01.ndjson#AporEnerMediHist:Sistema:2021-01-01:2021-01-31
2021-01-25,CapaUtilDiarEner,16924074293,kWh,xm:servapibi,2026-09-22T19:13:46Z,xm/2021/01/CapaUtilDiarEner_Sistema.2021-01-01.ndjson#CapaUtilDiarEner:Sistema:2021-01-01:2021-01-31
2021-01-25,DemaSIN,200091093.35,kWh,xm:servapibi,2026-09-22T19:13:52Z,xm/2021/01/DemaSIN_Sistema.2021-01-01.ndjson#DemaSIN:Sistema:2021-01-01:2021-01-31
2021-01-25,PorcApor,1.00393,fraction,xm:servapibi,2026-09-22T19:13:50Z,xm/2021/01/PorcApor_Sistema.2021-01-01.ndjson#PorcApor:Sistema:2021-01-01:2021-01-31
2021-01-25,PorcVoluUtilDiar,0.65424,fraction,xm:servapibi,2026-09-22T19:13:44Z,xm/2021/01/PorcVoluUtilDiar_Sistema.2021-01-01.ndjson#PorcVoluUtilDiar:Sistema:2021-01-01:2021-01-31
2021-01-25,PrecBolsNaci,246.6547933333334,COP/kWh,xm:servapibi,2026-09-22T19:13:54Z,xm/2021/01/PrecBolsNaci_Sistema.2021-01-01.ndjson#PrecBolsNaci:Sistema:2021-01-01:2021-01-31
2021-01-25,PrecEscaAct,593.92552,COP/kWh,xm:servapibi,2026-09-22T19:13:53Z,xm/2021/01/PrecEscaAct_Sistema.2021-01-01.ndjson#PrecEscaAct:Sistema:2021-01-01:2021-01-31
2021-01-25,VoluUtilDiarEner,11072344600,kWh,xm:servapibi,2026-09-22T19:13:45Z,xm/2021/01/VoluUtilDiarEner_Sistema.2021-01-01.ndjson#VoluUtilDiarEner:Sistema:2021-01-01:2021-01-31
2021-01-26,AporEner,89479800,kWh,xm:servapibi,2026-09-22T19:13:48Z,xm/2021/01/AporEner_Sistema.2021-01-01.ndjson#AporEner:Sistema:2021-01-01:2021-01-31
2021-01-26,AporEnerMediHist,98410000,kWh,xm:servapibi,2026-09-22T19:13:49Z,xm/2021/01/AporEnerMediHist_Sistema.2021-01-01.ndjson#AporEnerMediHist:Sistema:2021-01-01:2021-01-31
2021-01-26,CapaUtilDiarEner,16924074293,kWh,xm:servapibi,2026-09-22T19:13:46Z,xm/2021/01/CapaUtilDiarEner_Sistema.2021-01-01.ndjson#CapaUtilDiarEner:Sistema:2021-01-01:2021-01-31
2021-01-26,DemaSIN,203196820.24,kWh,xm:servapibi,2026-09-22T19:13:52Z,xm/2021/01/DemaSIN_Sistema.2021-01-01.ndjson#DemaSIN:Sistema:2021-01-01:2021-01-31
2021-01-26,PorcApor,0.90926,fraction,xm:servapibi,2026-09-22T19:13:50Z,xm/2021/01/PorcApor_Sistema.2021-01-01.ndjson#PorcApor:Sistema:2021-01-01:2021-01-31
2021-01-26,PorcVoluUtilDiar,0.65077,fraction,xm:servapibi,2026-09-22T19:13:44Z,xm/2021/01/PorcVoluUtilDiar_Sistema.2021-01-01.ndjson#PorcVoluUtilDiar:Sistema:2021-01-01:2021-01-31
2021-01-26,PrecBolsNaci,240.20565333333323,COP/kWh,xm:servapibi,2026-09-22T19:13:54Z,xm/2021/01/PrecBolsNaci_Sistema.2021-01-01.ndjson#PrecBolsNaci:Sistema:2021-01-01:2021-01-31
2021-01-26,PrecEscaAct,593.92552,COP/kWh,xm:servapibi,2026-09-22T19:13:53Z,xm/2021/01/PrecEscaAct_Sistema.2021-01-01.ndjson#PrecEscaAct:Sistema:2021-01-01:2021-01-31
2021-01-26,VoluUtilDiarEner,11013608900,kWh,xm:servapibi,2026-09-22T19:13:45Z,xm/2021/01/VoluUtilDiarEner_Sistema.2021-01-01.ndjson#VoluUtilDiarEner:Sistema:2021-01-01:2021-01-31
2021-01-27,AporEner,74969000,kWh,xm:servapibi,2026-09-22T19:13:48Z,xm/2021/01/AporEner_Sistema.2021-01-01.ndjson#AporEner:Sistema:2021-01-01:2021-01-31
2021-01-27,AporEnerMediHist,98410000,kWh,xm:servapibi,2026-09-22T19:13:49Z,xm/2021/01/AporEnerMediHist_Sistema.2021-01-01.ndjson#AporEnerMediHist:Sistema:2021-01-01:2021-01-31
2021-01-27,CapaUtilDiarEner,16924074293,kWh,xm:servapibi,2026-09-22T19:13:46Z,xm/2021/01/CapaUtilDiarEner_Sistema.2021-01-01.ndjson#CapaUtilDiarEner:Sistema:2021-01-01:2021-01-31
2021-01-27,DemaSIN,204440910.89,kWh,xm:servapibi,2026-09-22T19:13:52Z,xm/2021/01/DemaSIN_Sistema.2021-01-01.ndjson#DemaSIN:Sistema:2021-01-01:2021-01-31
2021-01-27,PorcApor,0.7618,fraction,xm:servapibi,2026-09-22T19:13:50Z,xm/2021/01/PorcApor_Sistema.2021-01-01.ndjson#PorcApor:Sistema:2021-01-01:2021-01-31
2021-01-27,PorcVoluUtilDiar,0.64658,fraction,xm:servapibi,2026-09-22T19:13:44Z,xm/2021/01/PorcVoluUtilDiar_Sistema.2021-01-01.ndjson#PorcVoluUtilDiar:Sistema:2021-01-01:2021-01-31
2021-01-27,PrecBolsNaci,234.46627333333345,COP/kWh,xm:servapibi,2026-09-22T19:13:54Z,xm/2021/01/PrecBolsNaci_Sistema.2021-01-01.ndjson#PrecBolsNaci:Sistema:2021-01-01:2021-01-31
2021-01-27,PrecEscaAct,593.92552,COP/kWh,xm:servapibi,2026-09-22T19:13:53Z,xm/2021/01/PrecEscaAct_Sistema.2021-01-01.ndjson#PrecEscaAct:Sistema:2021-01-01:2021-01-31
2021-01-27,VoluUtilDiarEner,10942821600,kWh,xm:servapibi,2026-09-22T19:13:45Z,xm/2021/01/VoluUtilDiarEner_Sistema.2021-01-01.ndjson#VoluUtilDiarEner:Sistema:2021-01-01:2021-01-31
2021-01-28,AporEner,70277700,kWh,xm:servapibi,2026-09-22T19:13:48Z,xm/2021/01/AporEner_Sistema.2021-01-01.ndjson#AporEner:Sistema:2021-01-01:2021-01-31
2021-01-28,AporEnerMediHist,98410000,kWh,xm:servapibi,2026-09-22T19:13:49Z,xm/2021/01/AporEnerMediHist_Sistema.2021-01-01.ndjson#AporEnerMediHist:Sistema:2021-01-01:2021-01-31
2021-01-28,CapaUtilDiarEner,16924074293,kWh,xm:servapibi,2026-09-22T19:13:46Z,xm/2021/01/CapaUtilDiarEner_Sistema.2021-01-01.ndjson#CapaUtilDiarEner:Sistema:2021-01-01:2021-01-31
2021-01-28,DemaSIN,204801728.1,kWh,xm:servapibi,2026-09-22T19:13:52Z,xm/2021/01/DemaSIN_Sistema.2021-01-01.ndjson#DemaSIN:Sistema:2021-01-01:2021-01-31
2021-01-28,PorcApor,0.71413,fraction,xm:servapibi,2026-09-22T19:13:50Z,xm/2021/01/PorcApor_Sistema.2021-01-01.ndjson#PorcApor:Sistema:2021-01-01:2021-01-31
2021-01-28,PorcVoluUtilDiar,0.6419,fraction,xm:servapibi,2026-09-22T19:13:44Z,xm/2021/01/PorcVoluUtilDiar_Sistema.2021-01-01.ndjson#PorcVoluUtilDiar:Sistema:2021-01-01:2021-01-31
2021-01-28,PrecBolsNaci,231.9468516666667,COP/kWh,xm:servapibi,2026-09-22T19:13:54Z,xm/2021/01/PrecBolsNaci_Sistema.2021-01-01.ndjson#PrecBolsNaci:Sistema:2021-01-01:2021-01-31
2021-01-28,PrecEscaAct,593.92552,COP/kWh,xm:servapibi,2026-09-22T19:13:53Z,xm/2021/01/PrecEscaAct_Sistema.2021-01-01.ndjson#PrecEscaAct:Sistema:2021-01-01:2021-01-31
2021-01-28,VoluUtilDiarEner,10863533900,kWh,xm:servapibi,2026-09-22T19:13:45Z,xm/2021/01/VoluUtilDiarEner_Sistema.2021-01-01.ndjson#VoluUtilDiarEner:Sistema:2021-01-01:2021-01-31
2021-01-29,AporEner,69269300,kWh,xm:servapibi,2026-09-22T19:13:48Z,xm/2021/01/AporEner_Sistema.2021-01-01.ndjson#AporEner:Sistema:2021-01-01:2021-01-31
2021-01-29,AporEnerMediHist,98410000,kWh,xm:servapibi,2026-09-22T19:13:49Z,xm/2021/01/AporEnerMediHist_Sistema.2021-01-01.ndjson#AporEnerMediHist:Sistema:2021-01-01:2021-01-31
2021-01-29,CapaUtilDiarEner,16924074293,kWh,xm:servapibi,2026-09-22T19:13:46Z,xm/2021/01/CapaUtilDiarEner_Sistema.2021-01-01.ndjson#CapaUtilDiarEner:Sistema:2021-01-01:2021-01-31
2021-01-29,DemaSIN,203605181.87,kWh,xm:servapibi,2026-09-22T19:13:52Z,xm/2021/01/DemaSIN_Sistema.2021-01-01.ndjson#DemaSIN:Sistema:2021-01-01:2021-01-31
2021-01-29,PorcApor,0.70388,fraction,xm:servapibi,2026-09-22T19:13:50Z,xm/2021/01/PorcApor_Sistema.2021-01-01.ndjson#PorcApor:Sistema:2021-01-01:2021-01-31
2021-01-29,PorcVoluUtilDiar,0.63642,fraction,xm:servapibi,2026-09-22T19:13:44Z,xm/2021/01/PorcVoluUtilDiar_Sistema.2021-01-01.ndjson#PorcVoluUtilDiar:Sistema:2021-01-01:2021-01-31
2021-01-29,PrecBolsNaci,220.71741000000011,COP/kWh,xm:servapibi,2026-09-22T19:13:54Z,xm/2021/01/PrecBolsNaci_Sistema.2021-01-01.ndjson#PrecBolsNaci:Sistema:2021-01-01:2021-01-31
2021-01-29,PrecEscaAct,593.92552,COP/kWh,xm:servapibi,2026-09-22T19:13:53Z,xm/2021/01/PrecEscaAct_Sistema.2021-01-01.ndjson#PrecEscaAct:Sistema:2021-01-01:2021-01-31
2021-01-29,VoluUtilDiarEner,10770901800,kWh,xm:servapibi,2026-09-22T19:13:45Z,xm/2021/01/VoluUtilDiarEner_Sistema.2021-01-01.ndjson#VoluUtilDiarEner:Sistema:2021-01-01:2021-01-31
2021-01-30,AporEner,63417100,kWh,xm:servapibi,2026-09-22T19:13:48Z,xm/2021/01/AporEner_Sistema.2021-01-01.ndjson#AporEner:Sistema:2021-01-01:2021-01-31
2021-01-30,AporEnerMediHist,98410000,kWh,xm:servapibi,2026-09-22T19:13:49Z,xm/2021/01/AporEnerMediHist_Sistema.2021-01-01.ndjson#AporEnerMediHist:Sistema:2021-01-01:2021-01-31
2021-01-30,CapaUtilDiarEner,16924074293,kWh,xm:servapibi,2026-09-22T19:13:46Z,xm/2021/01/CapaUtilDiarEner_Sistema.2021-01-01.ndjson#CapaUtilDiarEner:Sistema:2021-01-01:2021-01-31
2021-01-30,DemaSIN,193232010.31,kWh,xm:servapibi,2026-09-22T19:13:52Z,xm/2021/01/DemaSIN_Sistema.2021-01-01.ndjson#DemaSIN:Sistema:2021-01-01:2021-01-31
2021-01-30,PorcApor,0.64442,fraction,xm:servapibi,2026-09-22T19:13:50Z,xm/2021/01/PorcApor_Sistema.2021-01-01.ndjson#PorcApor:Sistema:2021-01-01:2021-01-31
2021-01-30,PorcVoluUtilDiar,0.63168,fraction,xm:servapibi,2026-09-22T19:13:44Z,xm/2021/01/PorcVoluUtilDiar_Sistema.2021-01-01.ndjson#PorcVoluUtilDiar:Sistema:2021-01-01:2021-01-31
2021-01-30,PrecBolsNaci,221.15714333333332,COP/kWh,xm:servapibi,2026-09-22T19:13:54Z,xm/2021/01/PrecBolsNaci_Sistema.2021-01-01.ndjson#PrecBolsNaci:Sistema:2021-01-01:2021-01-31
2021-01-30,PrecEscaAct,593.92552,COP/kWh,xm:servapibi,2026-09-22T19:13:53Z,xm/2021/01/PrecEscaAct_Sistema.2021-01-01.ndjson#PrecEscaAct:Sistema:2021-01-01:2021-01-31
2021-01-30,VoluUtilDiarEner,10690596800,kWh,xm:servapibi,2026-09-22T19:13:45Z,xm/2021/01/VoluUtilDiarEner_Sistema.2021-01-01.ndjson#VoluUtilDiarEner:Sistema:2021-01-01:2021-01-31
2021-01-31,AporEner,59110400,kWh,xm:servapibi,2026-09-22T19:13:48Z,xm/2021/01/AporEner_Sistema.2021-01-01.ndjson#AporEner:Sistema:2021-01-01:2021-01-31
2021-01-31,AporEnerMediHist,98410000,kWh,xm:servapibi,2026-09-22T19:13:49Z,xm/2021/01/AporEnerMediHist_Sistema.2021-01-01.ndjson#AporEnerMediHist:Sistema:2021-01-01:2021-01-31
2021-01-31,CapaUtilDiarEner,16924074293,kWh,xm:servapibi,2026-09-22T19:13:46Z,xm/2021/01/CapaUtilDiarEner_Sistema.2021-01-01.ndjson#CapaUtilDiarEner:Sistema:2021-01-01:2021-01-31
2021-01-31,DemaSIN,176608382.77,kWh,xm:servapibi,2026-09-22T19:13:52Z,xm/2021/01/DemaSIN_Sistema.2021-01-01.ndjson#DemaSIN:Sistema:2021-01-01:2021-01-31
2021-01-31,PorcApor,0.60065,fraction,xm:servapibi,2026-09-22T19:13:50Z,xm/2021/01/PorcApor_Sistema.2021-01-01.ndjson#PorcApor:Sistema:2021-01-01:2021-01-31
2021-01-31,PorcVoluUtilDiar,0.62779,fraction,xm:servapibi,2026-09-22T19:13:44Z,xm/2021/01/PorcVoluUtilDiar_Sistema.2021-01-01.ndjson#PorcVoluUtilDiar:Sistema:2021-01-01:2021-01-31
2021-01-31,PrecBolsNaci,215.5856333333334,COP/kWh,xm:servapibi,2026-09-22T19:13:54Z,xm/2021/01/PrecBolsNaci_Sistema.2021-01-01.ndjson#PrecBolsNaci:Sistema:2021-01-01:2021-01-31
2021-01-31,PrecEscaAct,593.92552,COP/kWh,xm:servapibi,2026-09-22T19:13:53Z,xm/2021/01/PrecEscaAct_Sistema.2021-01-01.ndjson#PrecEscaAct:Sistema:2021-01-01:2021-01-31
2021-01-31,VoluUtilDiarEner,10624782700,kWh,xm:servapibi,2026-09-22T19:13:45Z,xm/2021/01/VoluUtilDiarEner_Sistema.2021-01-01.ndjson#VoluUtilDiarEner:Sistema:2021-01-01:2021-01-31
2021-02-01,AporEner,63613700,kWh,xm:servapibi,2026-09-22T19:14:02Z,xm/2021/02/AporEner_Sistema.2021-02-01.ndjson#AporEner:Sistema:2021-02-01:2021-02-28
2021-02-01,AporEnerMediHist,92630000,kWh,xm:servapibi,2026-09-22T19:14:04Z,xm/2021/02/AporEnerMediHist_Sistema.2021-02-01.ndjson#AporEnerMediHist:Sistema:2021-02-01:2021-02-28
2021-02-01,CapaUtilDiarEner,16924074293,kWh,xm:servapibi,2026-09-22T19:14:01Z,xm/2021/02/CapaUtilDiarEner_Sistema.2021-02-01.ndjson#CapaUtilDiarEner:Sistema:2021-02-01:2021-02-28
2021-02-01,DemaSIN,202416344.93,kWh,xm:servapibi,2026-09-22T19:14:07Z,xm/2021/02/DemaSIN_Sistema.2021-02-01.ndjson#DemaSIN:Sistema:2021-02-01:2021-02-28
2021-02-01,PorcApor,0.68675,fraction,xm:servapibi,2026-09-22T19:14:05Z,xm/2021/02/PorcApor_Sistema.2021-02-01.ndjson#PorcApor:Sistema:2021-02-01:2021-02-28
2021-02-01,PorcVoluUtilDiar,0.62272,fraction,xm:servapibi,2026-09-22T19:13:59Z,xm/2021/02/PorcVoluUtilDiar_Sistema.2021-02-01.ndjson#PorcVoluUtilDiar:Sistema:2021-02-01:2021-02-28
2021-02-01,PrecBolsNaci,237.63345666666677,COP/kWh,xm:servapibi,2026-09-22T19:14:09Z,xm/2021/02/PrecBolsNaci_Sistema.2021-02-01.ndjson#PrecBolsNaci:Sistema:2021-02-01:2021-02-28
2021-02-01,PrecEscaAct,647.62181,COP/kWh,xm:servapibi,2026-09-22T19:14:08Z,xm/2021/02/PrecEscaAct_Sistema.2021-02-01.ndjson#PrecEscaAct:Sistema:2021-02-01:2021-02-28
2021-02-01,VoluUtilDiarEner,10539037900,kWh,xm:servapibi,2026-09-22T19:14:00Z,xm/2021/02/VoluUtilDiarEner_Sistema.2021-02-01.ndjson#VoluUtilDiarEner:Sistema:2021-02-01:2021-02-28
2021-02-02,AporEner,76721900,kWh,xm:servapibi,2026-09-22T19:14:02Z,xm/2021/02/AporEner_Sistema.2021-02-01.ndjson#AporEner:Sistema:2021-02-01:2021-02-28
2021-02-02,AporEnerMediHist,92630000,kWh,xm:servapibi,2026-09-22T19:14:04Z,xm/2021/02/AporEnerMediHist_Sistema.2021-02-01.ndjson#AporEnerMediHist:Sistema:2021-02-01:2021-02-28
2021-02-02,CapaUtilDiarEner,16924074293,kWh,xm:servapibi,2026-09-22T19:14:01Z,xm/2021/02/CapaUtilDiarEner_Sistema.2021-02-01.ndjson#CapaUtilDiarEner:Sistema:2021-02-01:2021-02-28
2021-02-02,DemaSIN,205775693.82,kWh,xm:servapibi,2026-09-22T19:14:07Z,xm/2021/02/DemaSIN_Sistema.2021-02-01.ndjson#DemaSIN:Sistema:2021-02-01:2021-02-28
2021-02-02,PorcApor,0.82826,fraction,xm:servapibi,2026-09-22T19:14:05Z,xm/2021/02/PorcApor_Sistema.2021-02-01.ndjson#PorcApor:Sistema:2021-02-01:2021-02-28
2021-02-02,PorcVoluUtilDiar,0.61754,fraction,xm:servapibi,2026-09-22T19:13:59Z,xm/2021/02/PorcVoluUtilDiar_Sistema.2021-02-01.ndjson#PorcVoluUtilDiar:Sistema:2021-02-01:2021-02-28
2021-02-02,PrecBolsNaci,279.7072533333333,COP/kWh,xm:servapibi,2026-09-22T19:14:09Z,xm/2021/02/PrecBolsNaci_Sistema.2021-02-01.ndjson#PrecBolsNaci:Sistema:2021-02-01:2021-02-28
2021-02-02,PrecEscaAct,647.62181,COP/kWh,xm:servapibi,2026-09-22T19:14:08Z,xm/2021/02/PrecEscaAct_Sistema.2021-02-01.ndjson#PrecEscaAct:Sistema:2021-02-01:2021-02-28
2021-02-02,VoluUtilDiarEner,10451283600,kWh,xm:servapibi,2026-09-22T19:14:00Z,xm/2021/02/VoluUtilDiarEner_Sistema.2021-02-01.ndjson#VoluUtilDiarEner:Sistema:2021-02-01:2021-02-28
2021-02-03,AporEner,72099200,kWh,xm:servapibi,2026-09-22T19:14:02Z,xm/2021/02/AporEner_Sistema.2021-02-01.ndjson#AporEner:Sistema:2021-02-01:2021-02-28
2021-02-03,AporEnerMediHist,92630000,kWh,xm:servapibi,2026-09-22T19:14:04Z,xm/2021/02/AporEnerMediHist_Sistema.2021-02-01.ndjson#AporEnerMediHist:Sistema:2021-02-01:2021-02-28
2021-02-03,CapaUtilDiarEner,16924074293,kWh,xm:servapibi,2026-09-22T19:14:01Z,xm/2021/02/CapaUtilDiarEner_Sistema.2021-02-01.ndjson#CapaUtilDiarEner:Sistema:2021-02-01:2021-02-28
2021-02-03,DemaSIN,207211999.45,kWh,xm:servapibi,2026-09-22T19:14:07Z,xm/2021/02/DemaSIN_Sistema.2021-02-01.ndjson#DemaSIN:Sistema:2021-02-01:2021-02-28
2021-02-03,PorcApor,0.77836,fraction,xm:servapibi,2026-09-22T19:14:05Z,xm/2021/02/PorcApor_Sistema.2021-02-01.ndjson#PorcApor:Sistema:2021-02-01:2021-02-28
2021-02-03,PorcVoluUtilDiar,0.6138,fraction,xm:servapibi,2026-09-22T19:13:59Z,xm/2021/02/PorcVoluUtilDiar_Sistema.2021-02-01.ndjson#PorcVoluUtilDiar:Sistema:2021-02-01:2021-02-28
2021-02-03,PrecBolsNaci,286.4803333333333,COP/kWh,xm:servapibi,2026-09-22T19:14:09Z,xm/2021/02/PrecBolsNaci_Sistema.2021-02-01.ndjson#PrecBolsNaci:Sistema:2021-02-01:2021-02-28
2021-02-03,PrecEscaAct,647.62181,COP/kWh,xm:servapibi,2026-09-22T19:14:08Z,xm/2021/02/PrecEscaAct_Sistema.2021-02-01.ndjson#PrecEscaAct:Sistema:2021-02-01:2021-02-28
2021-02-03,VoluUtilDiarEner,10388074300,kWh,xm:servapibi,2026-09-22T19:14:00Z,xm/2021/02/VoluUtilDiarEner_Sistema.2021-02-01.ndjson#VoluUtilDiarEner:Sistema:2021-02-01:2021-02-28
2021-02-04,AporEner,67104300,kWh,xm:servapibi,2026-09-22T19:14:02Z,xm/2021/02/AporEner_Sistema.2021-02-01.ndjson#AporEner:Sistema:2021-02-01:2021-02-28
2021-02-04,AporEnerMediHist,92630000,kWh,xm:servapibi,2026-09-22T19:14:04Z,xm/2021/02/AporEnerMediHist_Sistema.2021-02-01.ndjson#AporEnerMediHist:Sistema:2021-02-01:2021-02-28
2021-02-04,CapaUtilDiarEner,16924074293,kWh,xm:servapibi,2026-09-22T19:14:01Z,xm/2021/02/CapaUtilDiarEner_Sistema.2021-02-01.ndjson#CapaUtilDiarEner:Sistema:2021-02-01:2021-02-28
2021-02-04,DemaSIN,207876743.4,kWh,xm:servapibi,2026-09-22T19:14:07Z,xm/2021/02/DemaSIN_Sistema.2021-02-01.ndjson#DemaSIN:Sistema:2021-02-01:2021-02-28
2021-02-04,PorcApor,0.72443,fraction,xm:servapibi,2026-09-22T19:14:05Z,xm/2021/02/PorcApor_Sistema.2021-02-01.ndjson#PorcApor:Sistema:2021-02-01:2021-02-28
2021-02-04,PorcVoluUtilDiar,0.60857,fraction,xm:servapibi,2026-09-22T19:13:59Z,xm/2021/02/PorcVoluUtilDiar_Sistema.2021-02-01.ndjson#PorcVoluUtilDiar:Sistema:2021-02-01:2021-02-28
2021-02-04,PrecBolsNaci,256.18012500000015,COP/kWh,xm:servapibi,2026-09-22T19:14:09Z,xm/2021/02/PrecBolsNaci_Sistema.2021-02-01.ndjson#PrecBolsNaci:Sistema:2021-02-01:2021-02-28
2021-02-04,PrecEscaAct,647.62181,COP/kWh,xm:servapibi,2026-09-22T19:14:08Z,xm/2021/02/PrecEscaAct_Sistema.2021-02-01.ndjson#PrecEscaAct:Sistema:2021-02-01:2021-02-28
2021-02-04,VoluUtilDiarEner,10299547100,kWh,xm:servapibi,2026-09-22T19:14:00Z,xm/2021/02/VoluUtilDiarEner_Sistema.2021-02-01.ndjson#VoluUtilDiarEner:Sistema:2021-02-01:2021-02-28
2021-02-05,AporEner,93256200,kWh,xm:servapibi,2026-09-22T19:14:02Z,xm/2021/02/AporEner_Sistema.2021-02-01.ndjson#AporEner:Sistema:2021-02-01:2021-02-28
2021-02-05,AporEnerMediHist,92630000,kWh,xm:servapibi,2026-09-22T19:14:04Z,xm/2021/02/AporEnerMediHist_Sistema.2021-02-01.ndjson#AporEnerMediHist:Sistema:2021-02-01:2021-02-28
2021-02-05,CapaUtilDiarEner,16924074293,kWh,xm:servapibi,2026-09-22T19:14:01Z,xm/2021/02/CapaUtilDiarEner_Sistema.2021-02-01.ndjson#CapaUtilDiarEner:Sistema:2021-02-01:2021-02-28
2021-02-05,DemaSIN,209723483.05,kWh,xm:servapibi,2026-09-22T19:14:07Z,xm/2021/02/DemaSIN_Sistema.2021-02-01.ndjson#DemaSIN:Sistema:2021-02-01:2021-02-28
2021-02-05,PorcApor,1.00676,fraction,xm:servapibi,2026-09-22T19:14:05Z,xm/2021/02/PorcApor_Sistema.2021-02-01.ndjson#PorcApor:Sistema:2021-02-01:2021-02-28
2021-02-05,PorcVoluUtilDiar,0.60515,fraction,xm:servapibi,2026-09-22T19:13:59Z,xm/2021/02/PorcVoluUtilDiar_Sistema.2021-02-01.ndjson#PorcVoluUtilDiar:Sistema:2021-02-01:2021-02-28
2021-02-05,PrecBolsNaci,250.34005333333337,COP/kWh,xm:servapibi,2026-09-22T19:14:09Z,xm/2021/02/PrecBolsNaci_Sistema.2021-02-01.ndjson#PrecBolsNaci:Sistema:2021-02-01:2021-02-28
2021-02-05,PrecEscaAct,647.62181,COP/kWh,xm:servapibi,2026-09-22T19:14:08Z,xm/2021/02/PrecEscaAct_Sistema.2021-02-01.ndjson#PrecEscaAct:Sistema:2021-02-01:2021-02-28
2021-02-05,VoluUtilDiarEner,10241624000,kWh,xm:servapibi,2026-09-22T19:14:00Z,xm/2021/02/VoluUtilDiarEner_Sistema.2021-02-01.ndjson#VoluUtilDiarEner:Sistema:2021-02-01:2021-02-28
2021-02-06,AporEner,79874800,kWh,xm:servapibi,2026-09-22T19:14:02Z,xm/2021/02/AporEner_Sistema.2021-02-01.ndjson#AporEner:Sistema:2021-02-01:2021-02-28
2021-02-06,AporEnerMediHist,92630000,kWh,xm:servapibi,2026-09-22T19:14:04Z,xm/2021/02/AporEnerMediHist_Sistema.2021-02-01.ndjson#AporEnerMediHist:Sistema:2021-02-01:2021-02-28
2021-02-06,CapaUtilDiarEner,16924074293,kWh,xm:servapibi,2026-09-22T19:14:01Z,xm/2021/02/CapaUtilDiarEner_Sistema.2021-02-01.ndjson#CapaUtilDiarEner:Sistema:2021-02-01:2021-02-28
2021-02-06,DemaSIN,200568451.02,kWh,xm:servapibi,2026-09-22T19:14:07Z,xm/2021/02/DemaSIN_Sistema.2021-02-01.ndjson#DemaSIN:Sistema:2021-02-01:2021-02-28
2021-02-06,PorcApor,0.8623,fraction,xm:servapibi,2026-09-22T19:14:05Z,xm/2021/02/PorcApor_Sistema.2021-02-01.ndjson#PorcApor:Sistema:2021-02-01:2021-02-28
2021-02-06,PorcVoluUtilDiar,0.60115,fraction,xm:servapibi,2026-09-22T19:13:59Z,xm/2021/02/PorcVoluUtilDiar_Sistema.2021-02-01.ndjson#PorcVoluUtilDiar:Sistema:2021-02-01:2021-02-28
2021-02-06,PrecBolsNaci,261.6589299999999,COP/kWh,xm:servapibi,2026-09-22T19:14:09Z,xm/2021/02/PrecBolsNaci_Sistema.2021-02-01.ndjson#PrecBolsNaci:Sistema:2021-02-01:2021-02-28
2021-02-06,PrecEscaAct,647.62181,COP/kWh,xm:servapibi,2026-09-22T19:14:08Z,xm/2021/02/PrecEscaAct_Sistema.2021-02-01.ndjson#PrecEscaAct:Sistema:2021-02-01:2021-02-28
2021-02-06,VoluUtilDiarEner,10173988400,kWh,xm:servapibi,2026-09-22T19:14:00Z,xm/2021/02/VoluUtilDiarEner_Sistema.2021-02-01.ndjson#VoluUtilDiarEner:Sistema:2021-02-01:2021-02-28
2021-02-07,AporEner,63448100,kWh,xm:servapibi,2026-09-22T19:14:02Z,xm/2021/02/AporEner_Sistema.2021-02-01.ndjson#AporEner:Sistema:2021-02-01:2021-02-28
2021-02-07,AporEnerMediHist,92630000,kWh,xm:servapibi,2026-09-22T19:14:04Z,xm/2021/02/AporEnerMediHist_Sistema.2021-02-01.ndjson#AporEnerMediHist:Sistema:2021-02-01:2021-02-28
2021-02-07,CapaUtilDiarEner,16924074293,kWh,xm:servapibi,2026-09-22T19:14:01Z,xm/2021/02/CapaUtilDiarEner_Sistema.2021-02-01.ndjson#CapaUtilDiarEner:Sistema:2021-02-01:2021-02-28
2021-02-07,DemaSIN,182210368.39,kWh,xm:servapibi,2026-09-22T19:14:07Z,xm/2021/02/DemaSIN_Sistema.2021-02-01.ndjson#DemaSIN:Sistema:2021-02-01:2021-02-28
2021-02-07,PorcApor,0.68496,fraction,xm:servapibi,2026-09-22T19:14:05Z,xm/2021/02/PorcApor_Sistema.2021-02-01.ndjson#PorcApor:Sistema:2021-02-01:2021-02-28
2021-02-07,PorcVoluUtilDiar,0.59757,fraction,xm:servapibi,2026-09-22T19:13:59Z,xm/2021/02/PorcVoluUtilDiar_Sistema.2021-02-01.ndjson#PorcVoluUtilDiar:Sistema:2021-02-01:2021-02-28
2021-02-07,PrecBolsNaci,258.12964666666676,COP/kWh,xm:servapibi,2026-09-22T19:14:09Z,xm/2021/02/PrecBolsNaci_Sistema.2021-02-01.ndjson#PrecBolsNaci:Sistema:2021-02-01:2021-02-28
2021-02-07,PrecEscaAct,647.62181,COP/kWh,xm:servapibi,2026-09-22T19:14:08Z,xm/2021/02/PrecEscaAct_Sistema.2021-02-01.ndjson#PrecEscaAct:Sistema:2021-02-01:2021-02-28
2021-02-07,VoluUtilDiarEner,10113266800,kWh,xm:servapibi,2026-09-22T19:14:00Z,xm/2021/02/VoluUtilDiarEner_Sistema.2021-02-01.ndjson#VoluUtilDiarEner:Sistema:2021-02-01:2021-02-28
2021-02-08,AporEner,68338600,kWh,xm:servapibi,2026-09-22T19:14:02Z,xm/2021/02/AporEner_Sistema.2021-02-01.ndjson#AporEner:Sistema:2021-02-01:2021-02-28
2021-02-08,AporEnerMediHist,92630000,kWh,xm:servapibi,2026-09-22T19:14:04Z,xm/2021/02/AporEnerMediHist_Sistema.2021-02-01.ndjson#AporEnerMediHist:Sistema:2021-02-01:2021-02-28
2021-02-08,CapaUtilDiarEner,16924074293,kWh,xm:servapibi,2026-09-22T19:14:01Z,xm/2021/02/CapaUtilDiarEner_Sistema.2021-02-01.ndjson#CapaUtilDiarEner:Sistema:2021-02-01:2021-02-28
2021-02-08,DemaSIN,207136275.8,kWh,xm:servapibi,2026-09-22T19:14:07Z,xm/2021/02/DemaSIN_Sistema.2021-02-01.ndjson#DemaSIN:Sistema:2021-02-01:2021-02-28
2021-02-08,PorcApor,0.73776,fraction,xm:servapibi,2026-09-22T19:14:05Z,xm/2021/02/PorcApor_Sistema.2021-02-01.ndjson#PorcApor:Sistema:2021-02-01:2021-02-28
2021-02-08,PorcVoluUtilDiar,0.59263,fraction,xm:servapibi,2026-09-22T19:13:59Z,xm/2021/02/PorcVoluUtilDiar_Sistema.2021-02-01.ndjson#PorcVoluUtilDiar:Sistema:2021-02-01:2021-02-28
2021-02-08,PrecBolsNaci,276.98608666666655,COP/kWh,xm:servapibi,2026-09-22T19:14:09Z,xm/2021/02/PrecBolsNaci_Sistema.2021-02-01.ndjson#PrecBolsNaci:Sistema:2021-02-01:2021-02-28
2021-02-08,PrecEscaAct,647.62181,COP/kWh,xm:servapibi,2026-09-22T19:14:08Z,xm/2021/02/PrecEscaAct_Sistema.2021-02-01.ndjson#PrecEscaAct:Sistema:2021-02-01:2021-02-28
2021-02-08,VoluUtilDiarEner,10029650600,kWh,xm:servapibi,2026-09-22T19:14:00Z,xm/2021/02/VoluUtilDiarEner_Sistema.2021-02-01.ndjson#VoluUtilDiarEner:Sistema:2021-02-01:2021-02-28
2021-02-09,AporEner,95009700,kWh,xm:servapibi,2026-09-22T19:14:02Z,xm/2021/02/AporEner_Sistema.2021-02-01.ndjson#AporEner:Sistema:2021-02-01:2021-02-28
2021-02-09,AporEnerMediHist,92630000,kWh,xm:servapibi,2026-09-22T19:14:04Z,xm/2021/02/AporEnerMediHist_Sistema.2021-02-01.ndjson#AporEnerMediHist:Sistema:2021-02-01:2021-02-28
2021-02-09,CapaUtilDiarEner,16924074293,kWh,xm:servapibi,2026-09-22T19:14:01Z,xm/2021/02/CapaUtilDiarEner_Sistema.2021-02-01.ndjson#CapaUtilDiarEner:Sistema:2021-02-01:2021-02-28
2021-02-09,DemaSIN,208964808.6,kWh,xm:servapibi,2026-09-22T19:14:07Z,xm/2021/02/DemaSIN_Sistema.2021-02-01.ndjson#DemaSIN:Sistema:2021-02-01:2021-02-28
2021-02-09,PorcApor,1.02569,fraction,xm:servapibi,2026-09-22T19:14:05Z,xm/2021/02/PorcApor_Sistema.2021-02-01.ndjson#PorcApor:Sistema:2021-02-01:2021-02-28
2021-02-09,PorcVoluUtilDiar,0.59059,fraction,xm:servapibi,2026-09-22T19:13:59Z,xm/2021/02/PorcVoluUtilDiar_Sistema.2021-02-01.ndjson#PorcVoluUtilDiar:Sistema:2021-02-01:2021-02-28
2021-02-09,PrecBolsNaci,289.1817766666666,COP/kWh,xm:servapibi,2026-09-22T19:14:09Z,xm/2021/02/PrecBolsNaci_Sistema.2021-02-01.ndjson#PrecBolsNaci:Sistema:2021-02-01:2021-02-28
2021-02-09,PrecEscaAct,647.62181,COP/kWh,xm:servapibi,2026-09-22T19:14:08Z,xm/2021/02/PrecEscaAct_Sistema.2021-02-01.ndjson#PrecEscaAct:Sistema:2021-02-01:2021-02-28
2021-02-09,VoluUtilDiarEner,9995169700,kWh,xm:servapibi,2026-09-22T19:14:00Z,xm/2021/02/VoluUtilDiarEner_Sistema.2021-02-01.ndjson#VoluUtilDiarEner:Sistema:2021-02-01:2021-02-28
2021-02-10,AporEner,103057000,kWh,xm:servapibi,2026-09-22T19:14:02Z,xm/2021/02/AporEner_Sistema.2021-02-01.ndjson#AporEner:Sistema:2021-02-01:2021-02-28
2021-02-10,AporEnerMediHist,92630000,kWh,xm:servapibi,2026-09-22T19:14:04Z,xm/2021/02/AporEnerMediHist_Sistema.2021-02-01.ndjson#AporEnerMediHist:Sistema:2021-02-01:2021-02-28
2021-02-10,CapaUtilDiarEner,16924074293,kWh,xm:servapibi,2026-09-22T19:14:01Z,xm/2021/02/CapaUtilDiarEner_Sistema.2021-02-01.ndjson#CapaUtilDiarEner:Sistema:2021-02-01:2021-02-28
2021-02-10,DemaSIN,207012130.19,kWh,xm:servapibi,2026-09-22T19:14:07Z,xm/2021/02/DemaSIN_Sistema.2021-02-01.ndjson#DemaSIN:Sistema:2021-02-01:2021-02-28
2021-02-10,PorcApor,1.11257,fraction,xm:servapibi,2026-09-22T19:14:05Z,xm/2021/02/PorcApor_Sistema.2021-02-01.ndjson#PorcApor:Sistema:2021-02-01:2021-02-28
2021-02-10,PorcVoluUtilDiar,0.58685,fraction,xm:servapibi,2026-09-22T19:13:59Z,xm/2021/02/PorcVoluUtilDiar_Sistema.2021-02-01.ndjson#PorcVoluUtilDiar:Sistema:2021-02-01:2021-02-28
2021-02-10,PrecBolsNaci,294.9706800000001,COP/kWh,xm:servapibi,2026-09-22T19:14:09Z,xm/2021/02/PrecBolsNaci_Sistema.2021-02-01.ndjson#PrecBolsNaci:Sistema:2021-02-01:2021-02-28
2021-02-10,PrecEscaAct,647.62181,COP/kWh,xm:servapibi,2026-09-22T19:14:08Z,xm/2021/02/PrecEscaAct_Sistema.2021-02-01.ndjson#PrecEscaAct:Sistema:2021-02-01:2021-02-28
2021-02-10,VoluUtilDiarEner,9931920600,kWh,xm:servapibi,2026-09-22T19:14:00Z,xm/2021/02/VoluUtilDiarEner_Sistema.2021-02-01.ndjson#VoluUtilDiarEner:Sistema:2021-02-01:2021-02-28
2021-02-11,AporEner,86800200,kWh,xm:servapibi,2026-09-22T19:14:02Z,xm/2021/02/AporEner_Sistema.2021-02-01.ndjson#AporEner:Sistema:2021-02-01:2021-02-28
2021-02-11,AporEnerMediHist,92630000,kWh,xm:servapibi,2026-09-22T19:14:04Z,xm/2021/02/AporEnerMediHist_Sistema.2021-02-01.ndjson#AporEnerMediHist:Sistema:2021-02-01:2021-02-28
2021-02-11,CapaUtilDiarEner,16924074293,kWh,xm:servapibi,2026-09-22T19:14:01Z,xm/2021/02/CapaUtilDiarEner_Sistema.2021-02-01.ndjson#CapaUtilDiarEner:Sistema:2021-02-01:2021-02-28
2021-02-11,DemaSIN,208228919.02,kWh,xm:servapibi,2026-09-22T19:14:07Z,xm/2021/02/DemaSIN_Sistema.2021-02-01.ndjson#DemaSIN:Sistema:2021-02-01:2021-02-28
2021-02-11,PorcApor,0.93706,fraction,xm:servapibi,2026-09-22T19:14:05Z,xm/2021/02/PorcApor_Sistema.2021-02-01.ndjson#PorcApor:Sistema:2021-02-01:2021-02-28
2021-02-11,PorcVoluUtilDiar,0.58279,fraction,xm:servapibi,2026-09-22T19:13:59Z,xm/2021/02/PorcVoluUtilDiar_Sistema.2021-02-01.ndjson#PorcVoluUtilDiar:Sistema:2021-02-01:2021-02-28
2021-02-11,PrecBolsNaci,292.37865666666653,COP/kWh,xm:servapibi,2026-09-22T19:14:09Z,xm/2021/02/PrecBolsNaci_Sistema.2021-02-01.ndjson#PrecBolsNaci:Sistema:2021-02-01:2021-02-28
2021-02-11,PrecEscaAct,647.62181,COP/kWh,xm:servapibi,2026-09-22T19:14:08Z,xm/2021/02/PrecEscaAct_Sistema.2021-02-01.ndjson#PrecEscaAct:Sistema:2021-02-01:2021-02-28
2021-02-11,VoluUtilDiarEner,9863207700,kWh,xm:servapibi,2026-09-22T19:14:00Z,xm/2021/02/VoluUtilDiarEner_Sistema.2021-02-01.ndjson#VoluUtilDiarEner:Sistema:2021-02-01:2021-02-28
2021-02-12,AporEner,80753500,kWh,xm:servapibi,2026-09-22T19:14:02Z,xm/2021/02/AporEner_Sistema.2021-02-01.ndjson#AporEner:Sistema:2021-02-01:2021-02-28
2021-02-12,AporEnerMediHist,92630000,kWh,xm:servapibi,2026-09-22T19:14:04Z,xm/2021/02/AporEnerMediHist_Sistema.2021-02-01.ndjson#AporEnerMediHist:Sistema:2021-02-01:2021-02-28
2021-02-12,CapaUtilDiarEner,16924074293,kWh,xm:servapibi,2026-09-22T19:14:01Z,xm/2021/02/CapaUtilDiarEner_Sistema.2021-02-01.ndjson#CapaUtilDiarEner:Sistema:2021-02-01:2021-02-28
2021-02-12,DemaSIN,208183735.91,kWh,xm:servapibi,2026-09-22T19:14:07Z,xm/2021/02/DemaSIN_Sistema.2021-02-01.ndjson#DemaSIN:Sistema:2021-02-01:2021-02-28
2021-02-12,PorcApor,0.87179,fraction,xm:servapibi,2026-09-22T19:14:05Z,xm/2021/02/PorcApor_Sistema.2021-02-01.ndjson#PorcApor:Sistema:2021-02-01:2021-02-28
2021-02-12,PorcVoluUtilDiar,0.57886,fraction,xm:servapibi,2026-09-22T19:13:59Z,xm/2021/02/PorcVoluUtilDiar_Sistema.2021-02-01.ndjson#PorcVoluUtilDiar:Sistema:2021-02-01:2021-02-28
2021-02-12,PrecBolsNaci,291.25560833333344,COP/kWh,xm:servapibi,2026-09-22T19:14:09Z,xm/2021/02/PrecBolsNaci_Sistema.2021-02-01.ndjson#PrecBolsNaci:Sistema:2021-02-01:2021-02-28
2021-02-12,PrecEscaAct,647.62181,COP/kWh,xm:servapibi,2026-09-22T19:14:08Z,xm/2021/02/PrecEscaAct_Sistema.2021-02-01.ndjson#PrecEscaAct:Sistema:2021-02-01:2021-02-28
2021-02-12,VoluUtilDiarEner,9796615300,kWh,xm:servapibi,2026-09-22T19:14:00Z,xm/2021/02/VoluUtilDiarEner_Sistema.2021-02-01.ndjson#VoluUtilDiarEner:Sistema:2021-02-01:2021-02-28
2021-02-13,AporEner,77298000,kWh,xm:servapibi,2026-09-22T19:14:02Z,xm/2021/02/AporEner_Sistema.2021-02-01.ndjson#AporEner:Sistema:2021-02-01:2021-02-28
2021-02-13,AporEnerMediHist,92630000,kWh,xm:servapibi,2026-09-22T19:14:04Z,xm/2021/02/AporEnerMediHist_Sistema.2021-02-01.ndjson#AporEnerMediHist:Sistema:2021-02-01:2021-02-28
2021-02-13,CapaUtilDiarEner,16924074293,kWh,xm:servapibi,2026-09-22T19:14:01Z,xm/2021/02/CapaUtilDiarEner_Sistema.2021-02-01.ndjson#CapaUtilDiarEner:Sistema:2021-02-01:2021-02-28
2021-02-13,DemaSIN,199037270.7,kWh,xm:servapibi,2026-09-22T19:14:07Z,xm/2021/02/DemaSIN_Sistema.2021-02-01.ndjson#DemaSIN:Sistema:2021-02-01:2021-02-28
2021-02-13,PorcApor,0.83448,fraction,xm:servapibi,2026-09-22T19:14:05Z,xm/2021/02/PorcApor_Sistema.2021-02-01.ndjson#PorcApor:Sistema:2021-02-01:2021-02-28
2021-02-13,PorcVoluUtilDiar,0.5752,fraction,xm:servapibi,2026-09-22T19:13:59Z,xm/2021/02/PorcVoluUtilDiar_Sistema.2021-02-01.ndjson#PorcVoluUtilDiar:Sistema:2021-02-01:2021-02-28
2021-02-13,PrecBolsNaci,280.2650066666666,COP/kWh,xm:servapibi,2026-09-22T19:14:09Z,xm/2021/02/PrecBolsNaci_Sistema.2021-02-01.ndjson#PrecBolsNaci:Sistema:2021-02-01:2021-02-28
2021-02-13,PrecEscaAct,647.62181,COP/kWh,xm:servapibi,2026-09-22T19:14:08Z,xm/2021/02/PrecEscaAct_Sistema.2021-02-01.ndjson#PrecEscaAct:Sistema:2021-02-01:2021-02-28
2021-02-13,VoluUtilDiarEner,9734660100,kWh,xm:servapibi,2026-09-22T19:14:00Z,xm/2021/02/VoluUtilDiarEner_Sistema.2021-02-01.ndjson#VoluUtilDiarEner:Sistema:2021-02-01:2021-02-28
2021-02-14,AporEner,71545200,kWh,xm:servapibi,2026-09-22T19:14:02Z,xm/2021/02/AporEner_Sistema.2021-02-01.ndjson#AporEner:Sistema:2021-02-01:2021-02-28
2021-02-14,AporEnerMediHist,92630000,kWh,xm:servapibi,2026-09-22T19:14:04Z,xm/2021/02/AporEnerMediHist_Sistema.2021-02-01.ndjson#AporEnerMediHist:Sistema:2021-02-01:2021-02-28
2021-02-14,CapaUtilDiarEner,16924074293,kWh,xm:servapibi,2026-09-22T19:14:01Z,xm/2021/02/CapaUtilDiarEner_Sistema.2021-02-01.ndjson#CapaUtilDiarEner:Sistema:2021-02-01:2021-02-28
2021-02-14,DemaSIN,180546015.05,kWh,xm:servapibi,2026-09-22T19:14:07Z,xm/2021/02/DemaSIN_Sistema.2021-02-01.ndjson#DemaSIN:Sistema:2021-02-01:2021-02-28
2021-02-14,PorcApor,0.77238,fraction,xm:servapibi,2026-09-22T19:14:05Z,xm/2021/02/PorcApor_Sistema.2021-02-01.ndjson#PorcApor:Sistema:2021-02-01:2021-02-28
2021-02-14,PorcVoluUtilDiar,0.57227,fraction,xm:servapibi,2026-09-22T19:13:59Z,xm/2021/02/PorcVoluUtilDiar_Sistema.2021-02-01.ndjson#PorcVoluUtilDiar:Sistema:2021-02-01:2021-02-28
2021-02-14,PrecBolsNaci,253.46627833333324,COP/kWh,xm:servapibi,2026-09-22T19:14:09Z,xm/2021/02/PrecBolsNaci_Sistema.2021-02-01.ndjson#PrecBolsNaci:Sistema:2021-02-01:2021-02-28
2021-02-14,PrecEscaAct,647.62181,COP/kWh,xm:servapibi,2026-09-22T19:14:08Z,xm/2021/02/PrecEscaAct_Sistema.2021-02-01.ndjson#PrecEscaAct:Sistema:2021-02-01:2021-02-28
2021-02-14,VoluUtilDiarEner,9685078300,kWh,xm:servapibi,2026-09-22T19:14:00Z,xm/2021/02/VoluUtilDiarEner_Sistema.2021-02-01.ndjson#VoluUtilDiarEner:Sistema:2021-02-01:2021-02-28
2021-02-15,AporEner,90637800,kWh,xm:servapibi,2026-09-22T19:14:02Z,xm/2021/02/AporEner_Sistema.2021-02-01.ndjson#AporEner:Sistema:2021-02-01:2021-02-28
2021-02-15,AporEnerMediHist,92630000,kWh,xm:servapibi,2026-09-22T19:14:04Z,xm/2021/02/AporEnerMediHist_Sistema.2021-02-01.ndjson#AporEnerMediHist:Sistema:2021-02-01:2021-02-28
2021-02-15,CapaUtilDiarEner,16924074293,kWh,xm:servapibi,2026-09-22T19:14:01Z,xm/2021/02/CapaUtilDiarEner_Sistema.2021-02-01.ndjson#CapaUtilDiarEner:Sistema:2021-02-01:2021-02-28
2021-02-15,DemaSIN,203474190.33,kWh,xm:servapibi,2026-09-22T19:14:07Z,xm/2021/02/DemaSIN_Sistema.2021-02-01.ndjson#DemaSIN:Sistema:2021-02-01:2021-02-28
2021-02-15,PorcApor,0.97849,fraction,xm:servapibi,2026-09-22T19:14:05Z,xm/2021/02/PorcApor_Sistema.2021-02-01.ndjson#PorcApor:Sistema:2021-02-01:2021-02-28
2021-02-15,PorcVoluUtilDiar,0.56908,fraction,xm:servapibi,2026-09-22T19:13:59Z,xm/2021/02/PorcVoluUtilDiar_Sistema.2021-02-01.ndjson#PorcVoluUtilDiar:Sistema:2021-02-01:2021-02-28
2021-02-15,PrecBolsNaci,285.31074499999994,COP/kWh,xm:servapibi,2026-09-22T19:14:09Z,xm/2021/02/PrecBolsNaci_Sistema.2021-02-01.ndjson#PrecBolsNaci:Sistema:2021-02-01:2021-02-28
2021-02-15,PrecEscaAct,647.62181,COP/kWh,xm:servapibi,2026-09-22T19:14:08Z,xm/2021/02/PrecEscaAct_Sistema.2021-02-01.ndjson#PrecEscaAct:Sistema:2021-02-01:2021-02-28
2021-02-15,VoluUtilDiarEner,9631228100,kWh,xm:servapibi,2026-09-22T19:14:00Z,xm/2021/02/VoluUtilDiarEner_Sistema.2021-02-01.ndjson#VoluUtilDiarEner:Sistema:2021-02-01:2021-02-28
2021-02-16,AporEner,68827100,kWh,xm:servapibi,2026-09-22T19:14:02Z,xm/2021/02/AporEner_Sistema.2021-02-01.ndjson#AporEner:Sistema:2021-02-01:2021-02-28
2021-02-16,AporEnerMediHist,92630000,kWh,xm:servapibi,2026-09-22T19:14:04Z,xm/2021/02/AporEnerMediHist_Sistema.2021-02-01.ndjson#AporEnerMediHist:Sistema:2021-02-01:2021-02-28
2021-02-16,CapaUtilDiarEner,16924074293,kWh,xm:servapibi,2026-09-22T19:14:01Z,xm/2021/02/CapaUtilDiarEner_Sistema.2021-02-01.ndjson#CapaUtilDiarEner:Sistema:2021-02-01:2021-02-28
2021-02-16,DemaSIN,206492597.23,kWh,xm:servapibi,2026-09-22T19:14:07Z,xm/2021/02/DemaSIN_Sistema.2021-02-01.ndjson#DemaSIN:Sistema:2021-02-01:2021-02-28
2021-02-16,PorcApor,0.74303,fraction,xm:servapibi,2026-09-22T19:14:05Z,xm/2021/02/PorcApor_Sistema.2021-02-01.ndjson#PorcApor:Sistema:2021-02-01:2021-02-28
2021-02-16,PorcVoluUtilDiar,0.56432,fraction,xm:servapibi,2026-09-22T19:13:59Z,xm/2021/02/PorcVoluUtilDiar_Sistema.2021-02-01.ndjson#PorcVoluUtilDiar:Sistema:2021-02-01:2021-02-28
2021-02-16,PrecBolsNaci,292.7233616666667,COP/kWh,xm:servapibi,2026-09-22T19:14:09Z,xm/2021/02/PrecBolsNaci_Sistema.2021-02-01.ndjson#PrecBolsNaci:Sistema:2021-02-01:2021-02-28
2021-02-16,PrecEscaAct,647.62181,COP/kWh,xm:servapibi,2026-09-22T19:14:08Z,xm/2021/02/PrecEscaAct_Sistema.2021-02-01.ndjson#PrecEscaAct:Sistema:2021-02-01:2021-02-28
2021-02-16,VoluUtilDiarEner,9550632000,kWh,xm:servapibi,2026-09-22T19:14:00Z,xm/2021/02/VoluUtilDiarEner_Sistema.2021-02-01.ndjson#VoluUtilDiarEner:Sistema:2021-02-01:2021-02-28
2021-02-17,AporEner,70141100,kWh,xm:servapibi,2026-09-22T19:14:02Z,xm/2021/02/AporEner_Sistema.2021-02-01.ndjson#AporEner:Sistema:2021-02-01:2021-02-28
2021-02-17,AporEnerMediHist,92630000,kWh,xm:servapibi,2026-09-22T19:14:04Z,xm/2021/02/AporEnerMediHist_Sistema.2021-02-01.ndjson#AporEnerMediHist:Sistema:2021-02-01:2021-02-28
2021-02-17,CapaUtilDiarEner,16924074293,kWh,xm:servapibi,2026-09-22T19:14:01Z,xm/2021/02/CapaUtilDiarEner_Sistema.2021-02-01.ndjson#CapaUtilDiarEner:Sistema:2021-02-01:2021-02-28
2021-02-17,DemaSIN,205305512.37,kWh,xm:servapibi,2026-09-22T19:14:07Z,xm/2021/02/DemaSIN_Sistema.2021-02-01.ndjson#DemaSIN:Sistema:2021-02-01:2021-02-28
2021-02-17,PorcApor,0.75722,fraction,xm:servapibi,2026-09-22T19:14:05Z,xm/2021/02/PorcApor_Sistema.2021-02-01.ndjson#PorcApor:Sistema:2021-02-01:2021-02-28
2021-02-17,PorcVoluUtilDiar,0.55909,fraction,xm:servapibi,2026-09-22T19:13:59Z,xm/2021/02/PorcVoluUtilDiar_Sistema.2021-02-01.ndjson#PorcVoluUtilDiar:Sistema:2021-02-01:2021-02-28
2021-02-17,PrecBolsNaci,301.8751183333333,COP/kWh,xm:servapibi,2026-09-22T19:14:09Z,xm/2021/02/PrecBolsNaci_Sistema.2021-02-01.ndjson#PrecBolsNaci:Sistema:2021-02-01:2021-02-28
2021-02-17,PrecEscaAct,647.62181,COP/kWh,xm:servapibi,2026-09-22T19:14:08Z,xm/2021/02/PrecEscaAct_Sistema.2021-02-01.ndjson#PrecEscaAct:Sistema:2021-02-01:2021-02-28
2021-02-17,VoluUtilDiarEner,9461997300,kWh,xm:servapibi,2026-09-22T19:14:00Z,xm/2021/02/VoluUtilDiarEner_Sistema.2021-02-01.ndjson#VoluUtilDiarEner:Sistema:2021-02-01:2021-02-28
2021-02-18,AporEner,77605500,kWh,xm:servapibi,2026-09-22T19:14:02Z,xm/2021/02/AporEner_Sistema.2021-02-01.ndjson#AporEner:Sistema:2021-02-01:2021-02-28
2021-02-18,AporEnerMediHist,92630000,kWh,xm:servapibi,2026-09-22T19:14:04Z,xm/2021/02/AporEnerMediHist_Sistema.2021-02-01.ndjson#AporEnerMediHist:Sistema:2021-02-01:2021-02-28
2021-02-18,CapaUtilDiarEner,16924074293,kWh,xm:servapibi,2026-09-22T19:14:01Z,xm/2021/02/CapaUtilDiarEner_Sistema.2021-02-01.ndjson#CapaUtilDiarEner:Sistema:2021-02-01:2021-02-28
2021-02-18,DemaSIN,207593622.19,kWh,xm:servapibi,2026-09-22T19:14:07Z,xm/2021/02/DemaSIN_Sistema.2021-02-01.ndjson#DemaSIN:Sistema:2021-02-01:2021-02-28
2021-02-18,PorcApor,0.8378,fraction,xm:servapibi,2026-09-22T19:14:05Z,xm/2021/02/PorcApor_Sistema.2021-02-01.ndjson#PorcApor:Sistema:2021-02-01:2021-02-28
2021-02-18,PorcVoluUtilDiar,0.55461,fraction,xm:servapibi,2026-09-22T19:13:59Z,xm/2021/02/PorcVoluUtilDiar_Sistema.2021-02-01.ndjson#PorcVoluUtilDiar:Sistema:2021-02-01:2021-02-28
2021-02-18,PrecBolsNaci,271.29207833333345,COP/kWh,xm:servapibi,2026-09-22T19:14:09Z,xm/2021/02/PrecBolsNaci_Sistema.2021-02-01.ndjson#PrecBolsNaci:Sistema:2021-02-01:2021-02-28
2021-02-18,PrecEscaAct,647.62181,COP/kWh,xm:servapibi,2026-09-22T19:14:08Z,xm/2021/02/PrecEscaAct_Sistema.2021-02-01.ndjson#PrecEscaAct:Sistema:2021-02-01:2021-02-28
2021-02-18,VoluUtilDiarEner,9386231400,kWh,xm:servapibi,2026-09-22T19:14:00Z,xm/2021/02/VoluUtilDiarEner_Sistema.2021-02-01.ndjson#VoluUtilDiarEner:Sistema:2021-02-01:2021-02-28
2021-02-19,AporEner,95217600,kWh,xm:servapibi,2026-09-22T19:14:02Z,xm/2021/02/AporEner_Sistema.2021-02-01.ndjson#AporEner:Sistema:2021-02-01:2021-02-28
2021-02-19,AporEnerMediHist,92630000,kWh,xm:servapibi,2026-09-22T19:14:04Z,xm/2021/02/AporEnerMediHist_Sistema.2021-02-01.ndjson#AporEnerMediHist:Sistema:2021-02-01:2021-02-28
2021-02-19,CapaUtilDiarEner,16924074293,kWh,xm:servapibi,2026-09-22T19:14:01Z,xm/2021/02/CapaUtilDiarEner_Sistema.2021-02-01.ndjson#CapaUtilDiarEner:Sistema:2021-02-01:2021-02-28
2021-02-19,DemaSIN,207104276.41,kWh,xm:servapibi,2026-09-22T19:14:07Z,xm/2021/02/DemaSIN_Sistema.2021-02-01.ndjson#DemaSIN:Sistema:2021-02-01:2021-02-28
2021-02-19,PorcApor,1.02793,fraction,xm:servapibi,2026-09-22T19:14:05Z,xm/2021/02/PorcApor_Sistema.2021-02-01.ndjson#PorcApor:Sistema:2021-02-01:2021-02-28
2021-02-19,PorcVoluUtilDiar,0.55186,fraction,xm:servapibi,2026-09-22T19:13:59Z,xm/2021/02/PorcVoluUtilDiar_Sistema.2021-02-01.ndjson#PorcVoluUtilDiar:Sistema:2021-02-01:2021-02-28
2021-02-19,PrecBolsNaci,270.6657666666667,COP/kWh,xm:servapibi,2026-09-22T19:14:09Z,xm/2021/02/PrecBolsNaci_Sistema.2021-02-01.ndjson#PrecBolsNaci:Sistema:2021-02-01:2021-02-28
2021-02-19,PrecEscaAct,647.62181,COP/kWh,xm:servapibi,2026-09-22T19:14:08Z,xm/2021/02/PrecEscaAct_Sistema.2021-02-01.ndjson#PrecEscaAct:Sistema:2021-02-01:2021-02-28
2021-02-19,VoluUtilDiarEner,9339775600,kWh,xm:servapibi,2026-09-22T19:14:00Z,xm/2021/02/VoluUtilDiarEner_Sistema.2021-02-01.ndjson#VoluUtilDiarEner:Sistema:2021-02-01:2021-02-28
2021-02-20,AporEner,87289900,kWh,xm:servapibi,2026-09-22T19:14:02Z,xm/2021/02/AporEner_Sistema.2021-02-01.ndjson#AporEner:Sistema:2021-02-01:2021-02-28
2021-02-20,AporEnerMediHist,92630000,kWh,xm:servapibi,2026-09-22T19:14:04Z,xm/2021/02/AporEnerMediHist_Sistema.2021-02-01.ndjson#AporEnerMediHist:Sistema:2021-02-01:2021-02-28
2021-02-20,CapaUtilDiarEner,16924074293,kWh,xm:servapibi,2026-09-22T19:14:01Z,xm/2021/02/CapaUtilDiarEner_Sistema.2021-02-01.ndjson#CapaUtilDiarEner:Sistema:2021-02-01:2021-02-28
2021-02-20,DemaSIN,198876530.9,kWh,xm:servapibi,2026-09-22T19:14:07Z,xm/2021/02/DemaSIN_Sistema.2021-02-01.ndjson#DemaSIN:Sistema:2021-02-01:2021-02-28
2021-02-20,PorcApor,0.94235,fraction,xm:servapibi,2026-09-22T19:14:05Z,xm/2021/02/PorcApor_Sistema.2021-02-01.ndjson#PorcApor:Sistema:2021-02-01:2021-02-28
2021-02-20,PorcVoluUtilDiar,0.54837,fraction,xm:servapibi,2026-09-22T19:13:59Z,xm/2021/02/PorcVoluUtilDiar_Sistema.2021-02-01.ndjson#PorcVoluUtilDiar:Sistema:2021-02-01:2021-02-28
2021-02-20,PrecBolsNaci,266.40048166666656,COP/kWh,xm:servapibi,2026-09-22T19:14:09Z,xm/2021/02/PrecBolsNaci_Sistema.2021-02-01.ndjson#PrecBolsNaci:Sistema:2021-02-01:2021-02-28
2021-02-20,PrecEscaAct,647.62181,COP/kWh,xm:servapibi,2026-09-22T19:14:08Z,xm/2021/02/PrecEscaAct_Sistema.2021-02-01.ndjson#PrecEscaAct:Sistema:2021-02-01:2021-02-28
2021-02-20,VoluUtilDiarEner,9280589500,kWh,xm:servapibi,2026-09-22T19:14:00Z,xm/2021/02/VoluUtilDiarEner_Sistema.2021-02-01.ndjson#VoluUtilDiarEner:Sistema:2021-02-01:2021-02-28
2021-02-21,AporEner,94798300,kWh,xm:servapibi,2026-09-22T19:14:02Z,xm/2021/02/AporEner_Sistema.2021-02-01.ndjson#AporEner:Sistema:2021-02-01:2021-02-28
2021-02-21,AporEnerMediHist,92630000,kWh,xm:servapibi,2026-09-22T19:14:04Z,xm/2021/02/AporEnerMediHist_Sistema.2021-02-01.ndjson#AporEnerMediHist:Sistema:2021-02-01:2021-02-28
2021-02-21,CapaUtilDiarEner,16924074293,kWh,xm:servapibi,2026-09-22T19:14:01Z,xm/2021/02/CapaUtilDiarEner_Sistema.2021-02-01.ndjson#CapaUtilDiarEner:Sistema:2021-02-01:2021-02-28
2021-02-21,DemaSIN,180931891.32,kWh,xm:servapibi,2026-09-22T19:14:07Z,xm/2021/02/DemaSIN_Sistema.2021-02-01.ndjson#DemaSIN:Sistema:2021-02-01:2021-02-28
2021-02-21,PorcApor,1.02341,fraction,xm:servapibi,2026-09-22T19:14:05Z,xm/2021/02/PorcApor_Sistema.2021-02-01.ndjson#PorcApor:Sistema:2021-02-01:2021-02-28
2021-02-21,PorcVoluUtilDiar,0.54676,fraction,xm:servapibi,2026-09-22T19:13:59Z,xm/2021/02/PorcVoluUtilDiar_Sistema.2021-02-01.ndjson#PorcVoluUtilDiar:Sistema:2021-02-01:2021-02-28
2021-02-21,PrecBolsNaci,260.3040416666666,COP/kWh,xm:servapibi,2026-09-22T19:14:09Z,xm/2021/02/PrecBolsNaci_Sistema.2021-02-01.ndjson#PrecBolsNaci:Sistema:2021-02-01:2021-02-28
2021-02-21,PrecEscaAct,647.62181,COP/kWh,xm:servapibi,2026-09-22T19:14:08Z,xm/2021/02/PrecEscaAct_Sistema.2021-02-01.ndjson#PrecEscaAct:Sistema:2021-02-01:2021-02-28
2021-02-21,VoluUtilDiarEner,9253353400,kWh,xm:servapibi,2026-09-22T19:14:00Z,xm/2021/02/VoluUtilDiarEner_Sistema.2021-02-01.ndjson#VoluUtilDiarEner:Sistema:2021-02-01:2021-02-28
2021-02-22,AporEner,104986900,kWh,xm:servapibi,2026-09-22T19:14:02Z,xm/2021/02/AporEner_Sistema.2021-02-01.ndjson#AporEner:Sistema:2021-02-01:2021-02-28
2021-02-22,AporEnerMediHist,92630000,kWh,xm:servapibi,2026-09-22T19:14:04Z,xm/2021/02/AporEnerMediHist_Sistema.2021-02-01.ndjson#AporEnerMediHist:Sistema:2021-02-01:2021-02-28
2021-02-22,CapaUtilDiarEner,16924074293,kWh,xm:servapibi,2026-09-22T19:14:01Z,xm/2021/02/CapaUtilDiarEner_Sistema.2021-02-01.ndjson#CapaUtilDiarEner:Sistema:2021-02-01:2021-02-28
2021-02-22,DemaSIN,203697599.08,kWh,xm:servapibi,2026-09-22T19:14:07Z,xm/2021/02/DemaSIN_Sistema.2021-02-01.ndjson#DemaSIN:Sistema:2021-02-01:2021-02-28
2021-02-22,PorcApor,1.1334,fraction,xm:servapibi,2026-09-22T19:14:05Z,xm/2021/02/PorcApor_Sistema.2021-02-01.ndjson#PorcApor:Sistema:2021-02-01:2021-02-28
2021-02-22,PorcVoluUtilDiar,0.54447,fraction,xm:servapibi,2026-09-22T19:13:59Z,xm/2021/02/PorcVoluUtilDiar_Sistema.2021-02-01.ndjson#PorcVoluUtilDiar:Sistema:2021-02-01:2021-02-28
2021-02-22,PrecBolsNaci,274.7925700000001,COP/kWh,xm:servapibi,2026-09-22T19:14:09Z,xm/2021/02/PrecBolsNaci_Sistema.2021-02-01.ndjson#PrecBolsNaci:Sistema:2021-02-01:2021-02-28
2021-02-22,PrecEscaAct,647.62181,COP/kWh,xm:servapibi,2026-09-22T19:14:08Z,xm/2021/02/PrecEscaAct_Sistema.2021-02-01.ndjson#PrecEscaAct:Sistema:2021-02-01:2021-02-28
2021-02-22,VoluUtilDiarEner,9214572000,kWh,xm:servapibi,2026-09-22T19:14:00Z,xm/2021/02/VoluUtilDiarEner_Sistema.2021-02-01.ndjson#VoluUtilDiarEner:Sistema:2021-02-01:2021-02-28
2021-02-23,AporEner,94829100,kWh,xm:servapibi,2026-09-22T19:14:02Z,xm/2021/02/AporEner_Sistema.2021-02-01.ndjson#AporEner:Sistema:2021-02-01:2021-02-28
2021-02-23,AporEnerMediHist,92630000,kWh,xm:servapibi,2026-09-22T19:14:04Z,xm/2021/02/AporEnerMediHist_Sistema.2021-02-01.ndjson#AporEnerMediHist:Sistema:2021-02-01:2021-02-28
2021-02-23,CapaUtilDiarEner,16924074293,kWh,xm:servapibi,2026-09-22T19:14:01Z,xm/2021/02/CapaUtilDiarEner_Sistema.2021-02-01.ndjson#CapaUtilDiarEner:Sistema:2021-02-01:2021-02-28
2021-02-23,DemaSIN,208336278.86,kWh,xm:servapibi,2026-09-22T19:14:07Z,xm/2021/02/DemaSIN_Sistema.2021-02-01.ndjson#DemaSIN:Sistema:2021-02-01:2021-02-28
2021-02-23,PorcApor,1.02374,fraction,xm:servapibi,2026-09-22T19:14:05Z,xm/2021/02/PorcApor_Sistema.2021-02-01.ndjson#PorcApor:Sistema:2021-02-01:2021-02-28
2021-02-23,PorcVoluUtilDiar,0.54131,fraction,xm:servapibi,2026-09-22T19:13:59Z,xm/2021/02/PorcVoluUtilDiar_Sistema.2021-02-01.ndjson#PorcVoluUtilDiar:Sistema:2021-02-01:2021-02-28
2021-02-23,PrecBolsNaci,265.20453333333325,COP/kWh,xm:servapibi,2026-09-22T19:14:09Z,xm/2021/02/PrecBolsNaci_Sistema.2021-02-01.ndjson#PrecBolsNaci:Sistema:2021-02-01:2021-02-28
2021-02-23,PrecEscaAct,647.62181,COP/kWh,xm:servapibi,2026-09-22T19:14:08Z,xm/2021/02/PrecEscaAct_Sistema.2021-02-01.ndjson#PrecEscaAct:Sistema:2021-02-01:2021-02-28
2021-02-23,VoluUtilDiarEner,9161107200,kWh,xm:servapibi,2026-09-22T19:14:00Z,xm/2021/02/VoluUtilDiarEner_Sistema.2021-02-01.ndjson#VoluUtilDiarEner:Sistema:2021-02-01:2021-02-28
2021-02-24,AporEner,85309800,kWh,xm:servapibi,2026-09-22T19:14:02Z,xm/2021/02/AporEner_Sistema.2021-02-01.ndjson#AporEner:Sistema:2021-02-01:2021-02-28
2021-02-24,AporEnerMediHist,92630000,kWh,xm:servapibi,2026-09-22T19:14:04Z,xm/2021/02/AporEnerMediHist_Sistema.2021-02-01.ndjson#AporEnerMediHist:Sistema:2021-02-01:2021-02-28
2021-02-24,CapaUtilDiarEner,16924074293,kWh,xm:servapibi,2026-09-22T19:14:01Z,xm/2021/02/CapaUtilDiarEner_Sistema.2021-02-01.ndjson#CapaUtilDiarEner:Sistema:2021-02-01:2021-02-28
2021-02-24,DemaSIN,210670877.88,kWh,xm:servapibi,2026-09-22T19:14:07Z,xm/2021/02/DemaSIN_Sistema.2021-02-01.ndjson#DemaSIN:Sistema:2021-02-01:2021-02-28
2021-02-24,PorcApor,0.92097,fraction,xm:servapibi,2026-09-22T19:14:05Z,xm/2021/02/PorcApor_Sistema.2021-02-01.ndjson#PorcApor:Sistema:2021-02-01:2021-02-28
2021-02-24,PorcVoluUtilDiar,0.5371,fraction,xm:servapibi,2026-09-22T19:13:59Z,xm/2021/02/PorcVoluUtilDiar_Sistema.2021-02-01.ndjson#PorcVoluUtilDiar:Sistema:2021-02-01:2021-02-28
2021-02-24,PrecBolsNaci,247.02118499999992,COP/kWh,xm:servapibi,2026-09-22T19:14:09Z,xm/2021/02/PrecBolsNaci_Sistema.2021-02-01.ndjson#PrecBolsNaci:Sistema:2021-02-01:2021-02-28
2021-02-24,PrecEscaAct,647.62181,COP/kWh,xm:servapibi,2026-09-22T19:14:08Z,xm/2021/02/PrecEscaAct_Sistema.2021-02-01.ndjson#PrecEscaAct:Sistema:2021-02-01:2021-02-28
2021-02-24,VoluUtilDiarEner,9089945500,kWh,xm:servapibi,2026-09-22T19:14:00Z,xm/2021/02/VoluUtilDiarEner_Sistema.2021-02-01.ndjson#VoluUtilDiarEner:Sistema:2021-02-01:2021-02-28
2021-02-25,AporEner,125429700,kWh,xm:servapibi,2026-09-22T19:14:02Z,xm/2021/02/AporEner_Sistema.2021-02-01.ndjson#AporEner:Sistema:2021-02-01:2021-02-28
2021-02-25,AporEnerMediHist,92630000,kWh,xm:servapibi,2026-09-22T19:14:04Z,xm/2021/02/AporEnerMediHist_Sistema.2021-02-01.ndjson#AporEnerMediHist:Sistema:2021-02-01:2021-02-28
2021-02-25,CapaUtilDiarEner,16924074293,kWh,xm:servapibi,2026-09-22T19:14:01Z,xm/2021/02/CapaUtilDiarEner_Sistema.2021-02-01.ndjson#CapaUtilDiarEner:Sistema:2021-02-01:2021-02-28
2021-02-25,DemaSIN,211148542.02,kWh,xm:servapibi,2026-09-22T19:14:07Z,xm/2021/02/DemaSIN_Sistema.2021-02-01.ndjson#DemaSIN:Sistema:2021-02-01:2021-02-28
2021-02-25,PorcApor,1.35409,fraction,xm:servapibi,2026-09-22T19:14:05Z,xm/2021/02/PorcApor_Sistema.2021-02-01.ndjson#PorcApor:Sistema:2021-02-01:2021-02-28
2021-02-25,PorcVoluUtilDiar,0.53552,fraction,xm:servapibi,2026-09-22T19:13:59Z,xm/2021/02/PorcVoluUtilDiar_Sistema.2021-02-01.ndjson#PorcVoluUtilDiar:Sistema:2021-02-01:2021-02-28
2021-02-25,PrecBolsNaci,251.16001666666662,COP/kWh,xm:servapibi,2026-09-22T19:14:09Z,xm/2021/02/PrecBolsNaci_Sistema.2021-02-01.ndjson#PrecBolsNaci:Sistema:2021-02-01:2021-02-28
2021-02-25,PrecEscaAct,647.62181,COP/kWh,xm:servapibi,2026-09-22T19:14:08Z,xm/2021/02/PrecEscaAct_Sistema.2021-02-01.ndjson#PrecEscaAct:Sistema:2021-02-01:2021-02-28
2021-02-25,VoluUtilDiarEner,9063169700,kWh,xm:servapibi,2026-09-22T19:14:00Z,xm/2021/02/VoluUtilDiarEner_Sistema.2021-02-01.ndjson#VoluUtilDiarEner:Sistema:2021-02-01:2021-02-28
2021-02-26,AporEner,146257200,kWh,xm:servapibi,2026-09-22T19:14:02Z,xm/2021/02/AporEner_Sistema.2021-02-01.ndjson#AporEner:Sistema:2021-02-01:2021-02-28
2021-02-26,AporEnerMediHist,92630000,kWh,xm:servapibi,2026-09-22T19:14:04Z,xm/2021/02/AporEnerMediHist_Sistema.2021-02-01.ndjson#AporEnerMediHist:Sistema:2021-02-01:2021-02-28
2021-02-26,CapaUtilDiarEner,16924074293,kWh,xm:servapibi,2026-09-22T19:14:01Z,xm/2021/02/CapaUtilDiarEner_Sistema.2021-02-01.ndjson#CapaUtilDiarEner:Sistema:2021-02-01:2021-02-28
2021-02-26,DemaSIN,211267803.2,kWh,xm:servapibi,2026-09-22T19:14:07Z,xm/2021/02/DemaSIN_Sistema.2021-02-01.ndjson#DemaSIN:Sistema:2021-02-01:2021-02-28
2021-02-26,PorcApor,1.57894,fraction,xm:servapibi,2026-09-22T19:14:05Z,xm/2021/02/PorcApor_Sistema.2021-02-01.ndjson#PorcApor:Sistema:2021-02-01:2021-02-28
2021-02-26,PorcVoluUtilDiar,0.53419,fraction,xm:servapibi,2026-09-22T19:13:59Z,xm/2021/02/PorcVoluUtilDiar_Sistema.2021-02-01.ndjson#PorcVoluUtilDiar:Sistema:2021-02-01:2021-02-28
2021-02-26,PrecBolsNaci,280.3727099999999,COP/kWh,xm:servapibi,2026-09-22T19:14:09Z,xm/2021/02/PrecBolsNaci_Sistema.2021-02-01.ndjson#PrecBolsNaci:Sistema:2021-02-01:2021-02-28
2021-02-26,PrecEscaAct,647.62181,COP/kWh,xm:servapibi,2026-09-22T19:14:08Z,xm/2021/02/PrecEscaAct_Sistema.2021-02-01.ndjson#PrecEscaAct:Sistema:2021-02-01:2021-02-28
2021-02-26,VoluUtilDiarEner,9040644900,kWh,xm:servapibi,2026-09-22T19:14:00Z,xm/2021/02/VoluUtilDiarEner_Sistema.2021-02-01.ndjson#VoluUtilDiarEner:Sistema:2021-02-01:2021-02-28
2021-02-27,AporEner,145644200,kWh,xm:servapibi,2026-09-22T19:14:02Z,xm/2021/02/AporEner_Sistema.2021-02-01.ndjson#AporEner:Sistema:2021-02-01:2021-02-28
2021-02-27,AporEnerMediHist,92630000,kWh,xm:servapibi,2026-09-22T19:14:04Z,xm/2021/02/AporEnerMediHist_Sistema.2021-02-01.ndjson#AporEnerMediHist:Sistema:2021-02-01:2021-02-28
2021-02-27,CapaUtilDiarEner,16924074293,kWh,xm:servapibi,2026-09-22T19:14:01Z,xm/2021/02/CapaUtilDiarEner_Sistema.2021-02-01.ndjson#CapaUtilDiarEner:Sistema:2021-02-01:2021-02-28
2021-02-27,DemaSIN,198848883.47,kWh,xm:servapibi,2026-09-22T19:14:07Z,xm/2021/02/DemaSIN_Sistema.2021-02-01.ndjson#DemaSIN:Sistema:2021-02-01:2021-02-28
2021-02-27,PorcApor,1.57232,fraction,xm:servapibi,2026-09-22T19:14:05Z,xm/2021/02/PorcApor_Sistema.2021-02-01.ndjson#PorcApor:Sistema:2021-02-01:2021-02-28
2021-02-27,PorcVoluUtilDiar,0.53501,fraction,xm:servapibi,2026-09-22T19:13:59Z,xm/2021/02/PorcVoluUtilDiar_Sistema.2021-02-01.ndjson#PorcVoluUtilDiar:Sistema:2021-02-01:2021-02-28
2021-02-27,PrecBolsNaci,256.26694333333336,COP/kWh,xm:servapibi,2026-09-22T19:14:09Z,xm/2021/02/PrecBolsNaci_Sistema.2021-02-01.ndjson#PrecBolsNaci:Sistema:2021-02-01:2021-02-28
2021-02-27,PrecEscaAct,647.62181,COP/kWh,xm:servapibi,2026-09-22T19:14:08Z,xm/2021/02/PrecEscaAct_Sistema.2021-02-01.ndjson#PrecEscaAct:Sistema:2021-02-01:2021-02-28
2021-02-27,VoluUtilDiarEner,9054573100,kWh,xm:servapibi,2026-09-22T19:14:00Z,xm/2021/02/VoluUtilDiarEner_Sistema.2021-02-01.ndjson#VoluUtilDiarEner:Sistema:2021-02-01:2021-02-28
2021-02-28,AporEner,121691900,kWh,xm:servapibi,2026-09-22T19:14:02Z,xm/2021/02/AporEner_Sistema.2021-02-01.ndjson#AporEner:Sistema:2021-02-01:2021-02-28
2021-02-28,AporEnerMediHist,92630000,kWh,xm:servapibi,2026-09-22T19:14:04Z,xm/2021/02/AporEnerMediHist_Sistema.2021-02-01.ndjson#AporEnerMediHist:Sistema:2021-02-01:2021-02-28
2021-02-28,CapaUtilDiarEner,16924074293,kWh,xm:servapibi,2026-09-22T19:14:01Z,xm/2021/02/CapaUtilDiarEner_Sistema.2021-02-01.ndjson#CapaUtilDiarEner:Sistema:2021-02-01:2021-02-28
2021-02-28,DemaSIN,179343764.19,kWh,xm:servapibi,2026-09-22T19:14:07Z,xm/2021/02/DemaSIN_Sistema.2021-02-01.ndjson#DemaSIN:Sistema:2021-02-01:2021-02-28
2021-02-28,PorcApor,1.31374,fraction,xm:servapibi,2026-09-22T19:14:05Z,xm/2021/02/PorcApor_Sistema.2021-02-01.ndjson#PorcApor:Sistema:2021-02-01:2021-02-28
2021-02-28,PorcVoluUtilDiar,0.53492,fraction,xm:servapibi,2026-09-22T19:13:59Z,xm/2021/02/PorcVoluUtilDiar_Sistema.2021-02-01.ndjson#PorcVoluUtilDiar:Sistema:2021-02-01:2021-02-28
2021-02-28,PrecBolsNaci,231.54062666666672,COP/kWh,xm:servapibi,2026-09-22T19:14:09Z,xm/2021/02/PrecBolsNaci_Sistema.2021-02-01.ndjson#PrecBolsNaci:Sistema:2021-02-01:2021-02-28
2021-02-28,PrecEscaAct,647.62181,COP/kWh,xm:servapibi,2026-09-22T19:14:08Z,xm/2021/02/PrecEscaAct_Sistema.2021-02-01.ndjson#PrecEscaAct:Sistema:2021-02-01:2021-02-28
2021-02-28,VoluUtilDiarEner,9053026300,kWh,xm:servapibi,2026-09-22T19:14:00Z,xm/2021/02/VoluUtilDiarEner_Sistema.2021-02-01.ndjson#VoluUtilDiarEner:Sistema:2021-02-01:2021-02-28
2021-03-01,AporEner,124888000,kWh,xm:servapibi,2026-09-22T19:14:17Z,xm/2021/03/AporEner_Sistema.2021-03-01.ndjson#AporEner:Sistema:2021-03-01:2021-03-31
2021-03-01,AporEnerMediHist,108620000,kWh,xm:servapibi,2026-09-22T19:14:19Z,xm/2021/03/AporEnerMediHist_Sistema.2021-03-01.ndjson#AporEnerMediHist:Sistema:2021-03-01:2021-03-31
2021-03-01,CapaUtilDiarEner,16924074293,kWh,xm:servapibi,2026-09-22T19:14:16Z,xm/2021/03/CapaUtilDiarEner_Sistema.2021-03-01.ndjson#CapaUtilDiarEner:Sistema:2021-03-01:2021-03-31
2021-03-01,DemaSIN,201189055.44,kWh,xm:servapibi,2026-09-22T19:14:21Z,xm/2021/03/DemaSIN_Sistema.2021-03-01.ndjson#DemaSIN:Sistema:2021-03-01:2021-03-31
2021-03-01,PorcApor,1.14977,fraction,xm:servapibi,2026-09-22T19:14:20Z,xm/2021/03/PorcApor_Sistema.2021-03-01.ndjson#PorcApor:Sistema:2021-03-01:2021-03-31
2021-03-01,PorcVoluUtilDiar,0.53383,fraction,xm:servapibi,2026-09-22T19:14:13Z,xm/2021/03/PorcVoluUtilDiar_Sistema.2021-03-01.ndjson#PorcVoluUtilDiar:Sistema:2021-03-01:2021-03-31
2021-03-01,PrecBolsNaci,217.4198400000001,COP/kWh,xm:servapibi,2026-09-22T19:14:24Z,xm/2021/03/PrecBolsNaci_Sistema.2021-03-01.ndjson#PrecBolsNaci:Sistema:2021-03-01:2021-03-31
2021-03-01,PrecEscaAct,699.14423,COP/kWh,xm:servapibi,2026-09-22T19:14:23Z,xm/2021/03/PrecEscaAct_Sistema.2021-03-01.ndjson#PrecEscaAct:Sistema:2021-03-01:2021-03-31
2021-03-01,VoluUtilDiarEner,9034500800,kWh,xm:servapibi,2026-09-22T19:14:15Z,xm/2021/03/VoluUtilDiarEner_Sistema.2021-03-01.ndjson#VoluUtilDiarEner:Sistema:2021-03-01:2021-03-31
2021-03-02,AporEner,152607600,kWh,xm:servapibi,2026-09-22T19:14:17Z,xm/2021/03/AporEner_Sistema.2021-03-01.ndjson#AporEner:Sistema:2021-03-01:2021-03-31
2021-03-02,AporEnerMediHist,108620000,kWh,xm:servapibi,2026-09-22T19:14:19Z,xm/2021/03/AporEnerMediHist_Sistema.2021-03-01.ndjson#AporEnerMediHist:Sistema:2021-03-01:2021-03-31
2021-03-02,CapaUtilDiarEner,16924074293,kWh,xm:servapibi,2026-09-22T19:14:16Z,xm/2021/03/CapaUtilDiarEner_Sistema.2021-03-01.ndjson#CapaUtilDiarEner:Sistema:2021-03-01:2021-03-31
2021-03-02,DemaSIN,203046322.13,kWh,xm:servapibi,2026-09-22T19:14:21Z,xm/2021/03/DemaSIN_Sistema.2021-03-01.ndjson#DemaSIN:Sistema:2021-03-01:2021-03-31
2021-03-02,PorcApor,1.40497,fraction,xm:servapibi,2026-09-22T19:14:20Z,xm/2021/03/PorcApor_Sistema.2021-03-01.ndjson#PorcApor:Sistema:2021-03-01:2021-03-31
2021-03-02,PorcVoluUtilDiar,0.5343,fraction,xm:servapibi,2026-09-22T19:14:13Z,xm/2021/03/PorcVoluUtilDiar_Sistema.2021-03-01.ndjson#PorcVoluUtilDiar:Sistema:2021-03-01:2021-03-31
2021-03-02,PrecBolsNaci,218.40682333333322,COP/kWh,xm:servapibi,2026-09-22T19:14:24Z,xm/2021/03/PrecBolsNaci_Sistema.2021-03-01.ndjson#PrecBolsNaci:Sistema:2021-03-01:2021-03-31
2021-03-02,PrecEscaAct,699.14423,COP/kWh,xm:servapibi,2026-09-22T19:14:23Z,xm/2021/03/PrecEscaAct_Sistema.2021-03-01.ndjson#PrecEscaAct:Sistema:2021-03-01:2021-03-31
2021-03-02,VoluUtilDiarEner,9042614500,kWh,xm:servapibi,2026-09-22T19:14:15Z,xm/2021/03/VoluUtilDiarEner_Sistema.2021-03-01.ndjson#VoluUtilDiarEner:Sistema:2021-03-01:2021-03-31
2021-03-03,AporEner,142934100,kWh,xm:servapibi,2026-09-22T19:14:17Z,xm/2021/03/AporEner_Sistema.2021-03-01.ndjson#AporEner:Sistema:2021-03-01:2021-03-31
2021-03-03,AporEnerMediHist,108620000,kWh,xm:servapibi,2026-09-22T19:14:19Z,xm/2021/03/AporEnerMediHist_Sistema.2021-03-01.ndjson#AporEnerMediHist:Sistema:2021-03-01:2021-03-31
2021-03-03,CapaUtilDiarEner,16924074293,kWh,xm:servapibi,2026-09-22T19:14:16Z,xm/2021/03/CapaUtilDiarEner_Sistema.2021-03-01.ndjson#CapaUtilDiarEner:Sistema:2021-03-01:2021-03-31
2021-03-03,DemaSIN,204119680.89,kWh,xm:servapibi,2026-09-22T19:14:21Z,xm/2021/03/DemaSIN_Sistema.2021-03-01.ndjson#DemaSIN:Sistema:2021-03-01:2021-03-31
2021-03-03,PorcApor,1.31591,fraction,xm:servapibi,2026-09-22T19:14:20Z,xm/2021/03/PorcApor_Sistema.2021-03-01.ndjson#PorcApor:Sistema:2021-03-01:2021-03-31
2021-03-03,PorcVoluUtilDiar,0.53364,fraction,xm:servapibi,2026-09-22T19:14:13Z,xm/2021/03/PorcVoluUtilDiar_Sistema.2021-03-01.ndjson#PorcVoluUtilDiar:Sistema:2021-03-01:2021-03-31
2021-03-03,PrecBolsNaci,201.77078333333327,COP/kWh,xm:servapibi,2026-09-22T19:14:24Z,xm/2021/03/PrecBolsNaci_Sistema.2021-03-01.ndjson#PrecBolsNaci:Sistema:2021-03-01:2021-03-31
2021-03-03,PrecEscaAct,699.14423,COP/kWh,xm:servapibi,2026-09-22T19:14:23Z,xm/2021/03/PrecEscaAct_Sistema.2021-03-01.ndjson#PrecEscaAct:Sistema:2021-03-01:2021-03-31
2021-03-03,VoluUtilDiarEner,9031334800,kWh,xm:servapibi,2026-09-22T19:14:15Z,xm/2021/03/VoluUtilDiarEner_Sistema.2021-03-01.ndjson#VoluUtilDiarEner:Sistema:2021-03-01:2021-03-31
2021-03-04,AporEner,122691400,kWh,xm:servapibi,2026-09-22T19:14:17Z,xm/2021/03/AporEner_Sistema.2021-03-01.ndjson#AporEner:Sistema:2021-03-01:2021-03-31
2021-03-04,AporEnerMediHist,108620000,kWh,xm:servapibi,2026-09-22T19:14:19Z,xm/2021/03/AporEnerMediHist_Sistema.2021-03-01.ndjson#AporEnerMediHist:Sistema:2021-03-01:2021-03-31
2021-03-04,CapaUtilDiarEner,16924074293,kWh,xm:servapibi,2026-09-22T19:14:16Z,xm/2021/03/CapaUtilDiarEner_Sistema.2021-03-01.ndjson#CapaUtilDiarEner:Sistema:2021-03-01:2021-03-31
2021-03-04,DemaSIN,206369641.81,kWh,xm:servapibi,2026-09-22T19:14:21Z,xm/2021/03/DemaSIN_Sistema.2021-03-01.ndjson#DemaSIN:Sistema:2021-03-01:2021-03-31
2021-03-04,PorcApor,1.12955,fraction,xm:servapibi,2026-09-22T19:14:20Z,xm/2021/03/PorcApor_Sistema.2021-03-01.ndjson#PorcApor:Sistema:2021-03-01:2021-03-31
2021-03-04,PorcVoluUtilDiar,0.53175,fraction,xm:servapibi,2026-09-22T19:14:13Z,xm/2021/03/PorcVoluUtilDiar_Sistema.2021-03-01.ndjson#PorcVoluUtilDiar:Sistema:2021-03-01:2021-03-31
2021-03-04,PrecBolsNaci,179.15795333333338,COP/kWh,xm:servapibi,2026-09-22T19:14:24Z,xm/2021/03/PrecBolsNaci_Sistema.2021-03-01.ndjson#PrecBolsNaci:Sistema:2021-03-01:2021-03-31
2021-03-04,PrecEscaAct,699.14423,COP/kWh,xm:servapibi,2026-09-22T19:14:23Z,xm/2021/03/PrecEscaAct_Sistema.2021-03-01.ndjson#PrecEscaAct:Sistema:2021-03-01:2021-03-31
2021-03-04,VoluUtilDiarEner,8999454800,kWh,xm:servapibi,2026-09-22T19:14:15Z,xm/2021/03/VoluUtilDiarEner_Sistema.2021-03-01.ndjson#VoluUtilDiarEner:Sistema:2021-03-01:2021-03-31
2021-03-05,AporEner,132537300,kWh,xm:servapibi,2026-09-22T19:14:17Z,xm/2021/03/AporEner_Sistema.2021-03-01.ndjson#AporEner:Sistema:2021-03-01:2021-03-31
2021-03-05,AporEnerMediHist,108620000,kWh,xm:servapibi,2026-09-22T19:14:19Z,xm/2021/03/AporEnerMediHist_Sistema.2021-03-01.ndjson#AporEnerMediHist:Sistema:2021-03-01:2021-03-31
2021-03-05,CapaUtilDiarEner,16924074293,kWh,xm:servapibi,2026-09-22T19:14:16Z,xm/2021/03/CapaUtilDiarEner_Sistema.2021-03-01.ndjson#CapaUtilDiarEner:Sistema:2021-03-01:2021-03-31
2021-03-05,DemaSIN,207387392.26,kWh,xm:servapibi,2026-09-22T19:14:21Z,xm/2021/03/DemaSIN_Sistema.2021-03-01.ndjson#DemaSIN:Sistema:2021-03-01:2021-03-31
2021-03-05,PorcApor,1.22019,fraction,xm:servapibi,2026-09-22T19:14:20Z,xm/2021/03/PorcApor_Sistema.2021-03-01.ndjson#PorcApor:Sistema:2021-03-01:2021-03-31
2021-03-05,PorcVoluUtilDiar,0.5303,fraction,xm:servapibi,2026-09-22T19:14:13Z,xm/2021/03/PorcVoluUtilDiar_Sistema.2021-03-01.ndjson#PorcVoluUtilDiar:Sistema:2021-03-01:2021-03-31
2021-03-05,PrecBolsNaci,199.79167500000005,COP/kWh,xm:servapibi,2026-09-22T19:14:24Z,xm/2021/03/PrecBolsNaci_Sistema.2021-03-01.ndjson#PrecBolsNaci:Sistema:2021-03-01:2021-03-31
2021-03-05,PrecEscaAct,699.14423,COP/kWh,xm:servapibi,2026-09-22T19:14:23Z,xm/2021/03/PrecEscaAct_Sistema.2021-03-01.ndjson#PrecEscaAct:Sistema:2021-03-01:2021-03-31
2021-03-05,VoluUtilDiarEner,8974913400,kWh,xm:servapibi,2026-09-22T19:14:15Z,xm/2021/03/VoluUtilDiarEner_Sistema.2021-03-01.ndjson#VoluUtilDiarEner:Sistema:2021-03-01:2021-03-31
2021-03-06,AporEner,110991100,kWh,xm:servapibi,2026-09-22T19:14:17Z,xm/2021/03/AporEner_Sistema.2021-03-01.ndjson#AporEner:Sistema:2021-03-01:2021-03-31
2021-03-06,AporEnerMediHist,108620000,kWh,xm:servapibi,2026-09-22T19:14:19Z,xm/2021/03/AporEnerMediHist_Sistema.2021-03-01.ndjson#AporEnerMediHist:Sistema:2021-03-01:2021-03-31
2021-03-06,CapaUtilDiarEner,16924074293,kWh,xm:servapibi,2026-09-22T19:14:16Z,xm/2021/03/CapaUtilDiarEner_Sistema.2021-03-01.ndjson#CapaUtilDiarEner:Sistema:2021-03-01:2021-03-31
2021-03-06,DemaSIN,199324342.07,kWh,xm:servapibi,2026-09-22T19:14:21Z,xm/2021/03/DemaSIN_Sistema.2021-03-01.ndjson#DemaSIN:Sistema:2021-03-01:2021-03-31
2021-03-06,PorcApor,1.02183,fraction,xm:servapibi,2026-09-22T19:14:20Z,xm/2021/03/PorcApor_Sistema.2021-03-01.ndjson#PorcApor:Sistema:2021-03-01:2021-03-31
2021-03-06,PorcVoluUtilDiar,0.52979,fraction,xm:servapibi,2026-09-22T19:14:13Z,xm/2021/03/PorcVoluUtilDiar_Sistema.2021-03-01.ndjson#PorcVoluUtilDiar:Sistema:2021-03-01:2021-03-31
2021-03-06,PrecBolsNaci,180.50709666666674,COP/kWh,xm:servapibi,2026-09-22T19:14:24Z,xm/2021/03/PrecBolsNaci_Sistema.2021-03-01.ndjson#PrecBolsNaci:Sistema:2021-03-01:2021-03-31
2021-03-06,PrecEscaAct,699.14423,COP/kWh,xm:servapibi,2026-09-22T19:14:23Z,xm/2021/03/PrecEscaAct_Sistema.2021-03-01.ndjson#PrecEscaAct:Sistema:2021-03-01:2021-03-31
2021-03-06,VoluUtilDiarEner,8966124200,kWh,xm:servapibi,2026-09-22T19:14:15Z,xm/2021/03/VoluUtilDiarEner_Sistema.2021-03-01.ndjson#VoluUtilDiarEner:Sistema:2021-03-01:2021-03-31
2021-03-07,AporEner,157203100,kWh,xm:servapibi,2026-09-22T19:14:17Z,xm/2021/03/AporEner_Sistema.2021-03-01.ndjson#AporEner:Sistema:2021-03-01:2021-03-31
2021-03-07,AporEnerMediHist,108620000,kWh,xm:servapibi,2026-09-22T19:14:19Z,xm/2021/03/AporEnerMediHist_Sistema.2021-03-01.ndjson#AporEnerMediHist:Sistema:2021-03-01:2021-03-31
2021-03-07,CapaUtilDiarEner,16924074293,kWh,xm:servapibi,2026-09-22T19:14:16Z,xm/2021/03/CapaUtilDiarEner_Sistema.2021-03-01.ndjson#CapaUtilDiarEner:Sistema:2021-03-01:2021-03-31
2021-03-07,DemaSIN,181383354.3,kWh,xm:servapibi,2026-09-22T19:14:21Z,xm/2021/03/DemaSIN_Sistema.2021-03-01.ndjson#DemaSIN:Sistema:2021-03-01:2021-03-31
2021-03-07,PorcApor,1.44728,fraction,xm:servapibi,2026-09-22T19:14:20Z,xm/2021/03/PorcApor_Sistema.2021-03-01.ndjson#PorcApor:Sistema:2021-03-01:2021-03-31
2021-03-07,PorcVoluUtilDiar,0.53252,fraction,xm:servapibi,2026-09-22T19:14:13Z,xm/2021/03/PorcVoluUtilDiar_Sistema.2021-03-01.ndjson#PorcVoluUtilDiar:Sistema:2021-03-01:2021-03-31
2021-03-07,PrecBolsNaci,173.45337333333327,COP/kWh,xm:servapibi,2026-09-22T19:14:24Z,xm/2021/03/PrecBolsNaci_Sistema.2021-03-01.ndjson#PrecBolsNaci:Sistema:2021-03-01:2021-03-31
2021-03-07,PrecEscaAct,699.14423,COP/kWh,xm:servapibi,2026-09-22T19:14:23Z,xm/2021/03/PrecEscaAct_Sistema.2021-03-01.ndjson#PrecEscaAct:Sistema:2021-03-01:2021-03-31
2021-03-07,VoluUtilDiarEner,9012474300,kWh,xm:servapibi,2026-09-22T19:14:15Z,xm/2021/03/VoluUtilDiarEner_Sistema.2021-03-01.ndjson#VoluUtilDiarEner:Sistema:2021-03-01:2021-03-31
2021-03-08,AporEner,220368900,kWh,xm:servapibi,2026-09-22T19:14:17Z,xm/2021/03/AporEner_Sistema.2021-03-01.ndjson#AporEner:Sistema:2021-03-01:2021-03-31
2021-03-08,AporEnerMediHist,108620000,kWh,xm:servapibi,2026-09-22T19:14:19Z,xm/2021/03/AporEnerMediHist_Sistema.2021-03-01.ndjson#AporEnerMediHist:Sistema:2021-03-01:2021-03-31
2021-03-08,CapaUtilDiarEner,16924074293,kWh,xm:servapibi,2026-09-22T19:14:16Z,xm/2021/03/CapaUtilDiarEner_Sistema.2021-03-01.ndjson#CapaUtilDiarEner:Sistema:2021-03-01:2021-03-31
2021-03-08,DemaSIN,203168157.85,kWh,xm:servapibi,2026-09-22T19:14:21Z,xm/2021/03/DemaSIN_Sistema.2021-03-01.ndjson#DemaSIN:Sistema:2021-03-01:2021-03-31
2021-03-08,PorcApor,2.02881,fraction,xm:servapibi,2026-09-22T19:14:20Z,xm/2021/03/PorcApor_Sistema.2021-03-01.ndjson#PorcApor:Sistema:2021-03-01:2021-03-31
2021-03-08,PorcVoluUtilDiar,0.53631,fraction,xm:servapibi,2026-09-22T19:14:13Z,xm/2021/03/PorcVoluUtilDiar_Sistema.2021-03-01.ndjson#PorcVoluUtilDiar:Sistema:2021-03-01:2021-03-31
2021-03-08,PrecBolsNaci,197.35490333333325,COP/kWh,xm:servapibi,2026-09-22T19:14:24Z,xm/2021/03/PrecBolsNaci_Sistema.2021-03-01.ndjson#PrecBolsNaci:Sistema:2021-03-01:2021-03-31
2021-03-08,PrecEscaAct,699.14423,COP/kWh,xm:servapibi,2026-09-22T19:14:23Z,xm/2021/03/PrecEscaAct_Sistema.2021-03-01.ndjson#PrecEscaAct:Sistema:2021-03-01:2021-03-31
2021-03-08,VoluUtilDiarEner,9076556800,kWh,xm:servapibi,2026-09-22T19:14:15Z,xm/2021/03/VoluUtilDiarEner_Sistema.2021-03-01.ndjson#VoluUtilDiarEner:Sistema:2021-03-01:2021-03-31
2021-03-09,AporEner,130314900,kWh,xm:servapibi,2026-09-22T19:14:17Z,xm/2021/03/AporEner_Sistema.2021-03-01.ndjson#AporEner:Sistema:2021-03-01:2021-03-31
2021-03-09,AporEnerMediHist,108620000,kWh,xm:servapibi,2026-09-22T19:14:19Z,xm/2021/03/AporEnerMediHist_Sistema.2021-03-01.ndjson#AporEnerMediHist:Sistema:2021-03-01:2021-03-31
2021-03-09,CapaUtilDiarEner,16924074293,kWh,xm:servapibi,2026-09-22T19:14:16Z,xm/2021/03/CapaUtilDiarEner_Sistema.2021-03-01.ndjson#CapaUtilDiarEner:Sistema:2021-03-01:2021-03-31
2021-03-09,DemaSIN,206154944.43,kWh,xm:servapibi,2026-09-22T19:14:21Z,xm/2021/03/DemaSIN_Sistema.2021-03-01.ndjson#DemaSIN:Sistema:2021-03-01:2021-03-31
2021-03-09,PorcApor,1.19973,fraction,xm:servapibi,2026-09-22T19:14:20Z,xm/2021/03/PorcApor_Sistema.2021-03-01.ndjson#PorcApor:Sistema:2021-03-01:2021-03-31
2021-03-09,PorcVoluUtilDiar,0.53528,fraction,xm:servapibi,2026-09-22T19:14:13Z,xm/2021/03/PorcVoluUtilDiar_Sistema.2021-03-01.ndjson#PorcVoluUtilDiar:Sistema:2021-03-01:2021-03-31
2021-03-09,PrecBolsNaci,181.38650000000004,COP/kWh,xm:servapibi,2026-09-22T19:14:24Z,xm/2021/03/PrecBolsNaci_Sistema.2021-03-01.ndjson#PrecBolsNaci:Sistema:2021-03-01:2021-03-31
2021-03-09,PrecEscaAct,699.14423,COP/kWh,xm:servapibi,2026-09-22T19:14:23Z,xm/2021/03/PrecEscaAct_Sistema.2021-03-01.ndjson#PrecEscaAct:Sistema:2021-03-01:2021-03-31
2021-03-09,VoluUtilDiarEner,9059198800,kWh,xm:servapibi,2026-09-22T19:14:15Z,xm/2021/03/VoluUtilDiarEner_Sistema.2021-03-01.ndjson#VoluUtilDiarEner:Sistema:2021-03-01:2021-03-31
2021-03-10,AporEner,138726900,kWh,xm:servapibi,2026-09-22T19:14:17Z,xm/2021/03/AporEner_Sistema.2021-03-01.ndjson#AporEner:Sistema:2021-03-01:2021-03-31
2021-03-10,AporEnerMediHist,108620000,kWh,xm:servapibi,2026-09-22T19:14:19Z,xm/2021/03/AporEnerMediHist_Sistema.2021-03-01.ndjson#AporEnerMediHist:Sistema:2021-03-01:2021-03-31
2021-03-10,CapaUtilDiarEner,16924074293,kWh,xm:servapibi,2026-09-22T19:14:16Z,xm/2021/03/CapaUtilDiarEner_Sistema.2021-03-01.ndjson#CapaUtilDiarEner:Sistema:2021-03-01:2021-03-31
2021-03-10,DemaSIN,206930492.79,kWh,xm:servapibi,2026-09-22T19:14:21Z,xm/2021/03/DemaSIN_Sistema.2021-03-01.ndjson#DemaSIN:Sistema:2021-03-01:2021-03-31
2021-03-10,PorcApor,1.27718,fraction,xm:servapibi,2026-09-22T19:14:20Z,xm/2021/03/PorcApor_Sistema.2021-03-01.ndjson#PorcApor:Sistema:2021-03-01:2021-03-31
2021-03-10,PorcVoluUtilDiar,0.53362,fraction,xm:servapibi,2026-09-22T19:14:13Z,xm/2021/03/PorcVoluUtilDiar_Sistema.2021-03-01.ndjson#PorcVoluUtilDiar:Sistema:2021-03-01:2021-03-31
2021-03-10,PrecBolsNaci,174.42543666666666,COP/kWh,xm:servapibi,2026-09-22T19:14:24Z,xm/2021/03/PrecBolsNaci_Sistema.2021-03-01.ndjson#PrecBolsNaci:Sistema:2021-03-01:2021-03-31
2021-03-10,PrecEscaAct,699.14423,COP/kWh,xm:servapibi,2026-09-22T19:14:23Z,xm/2021/03/PrecEscaAct_Sistema.2021-03-01.ndjson#PrecEscaAct:Sistema:2021-03-01:2021-03-31
2021-03-10,VoluUtilDiarEner,9030960400,kWh,xm:servapibi,2026-09-22T19:14:15Z,xm/2021/03/VoluUtilDiarEner_Sistema.2021-03-01.ndjson#VoluUtilDiarEner:Sistema:2021-03-01:2021-03-31
2021-03-11,AporEner,130905300,kWh,xm:servapibi,2026-09-22T19:14:17Z,xm/2021/03/AporEner_Sistema.2021-03-01.ndjson#AporEner:Sistema:2021-03-01:2021-03-31
2021-03-11,AporEnerMediHist,108620000,kWh,xm:servapibi,2026-09-22T19:14:19Z,xm/2021/03/AporEnerMediHist_Sistema.2021-03-01.ndjson#AporEnerMediHist:Sistema:2021-03-01:2021-03-31
2021-03-11,CapaUtilDiarEner,16924074293,kWh,xm:servapibi,2026-09-22T19:14:16Z,xm/2021/03/CapaUtilDiarEner_Sistema.2021-03-01.ndjson#CapaUtilDiarEner:Sistema:2021-03-01:2021-03-31
2021-03-11,DemaSIN,206877695.77,kWh,xm:servapibi,2026-09-22T19:14:21Z,xm/2021/03/DemaSIN_Sistema.2021-03-01.ndjson#DemaSIN:Sistema:2021-03-01:2021-03-31
2021-03-11,PorcApor,1.20517,fraction,xm:servapibi,2026-09-22T19:14:20Z,xm/2021/03/PorcApor_Sistema.2021-03-01.ndjson#PorcApor:Sistema:2021-03-01:2021-03-31
2021-03-11,PorcVoluUtilDiar,0.53147,fraction,xm:servapibi,2026-09-22T19:14:13Z,xm/2021/03/PorcVoluUtilDiar_Sistema.2021-03-01.ndjson#PorcVoluUtilDiar:Sistema:2021-03-01:2021-03-31
2021-03-11,PrecBolsNaci,167.42245666666662,COP/kWh,xm:servapibi,2026-09-22T19:14:24Z,xm/2021/03/PrecBolsNaci_Sistema.2021-03-01.ndjson#PrecBolsNaci:Sistema:2021-03-01:2021-03-31
2021-03-11,PrecEscaAct,699.14423,COP/kWh,xm:servapibi,2026-09-22T19:14:23Z,xm/2021/03/PrecEscaAct_Sistema.2021-03-01.ndjson#PrecEscaAct:Sistema:2021-03-01:2021-03-31
2021-03-11,VoluUtilDiarEner,8994696900,kWh,xm:servapibi,2026-09-22T19:14:15Z,xm/2021/03/VoluUtilDiarEner_Sistema.2021-03-01.ndjson#VoluUtilDiarEner:Sistema:2021-03-01:2021-03-31
2021-03-12,AporEner,186183200,kWh,xm:servapibi,2026-09-22T19:14:17Z,xm/2021/03/AporEner_Sistema.2021-03-01.ndjson#AporEner:Sistema:2021-03-01:2021-03-31
2021-03-12,AporEnerMediHist,108620000,kWh,xm:servapibi,2026-09-22T19:14:19Z,xm/2021/03/AporEnerMediHist_Sistema.2021-03-01.ndjson#AporEnerMediHist:Sistema:2021-03-01:2021-03-31
2021-03-12,CapaUtilDiarEner,16924074293,kWh,xm:servapibi,2026-09-22T19:14:16Z,xm/2021/03/CapaUtilDiarEner_Sistema.2021-03-01.ndjson#CapaUtilDiarEner:Sistema:2021-03-01:2021-03-31
2021-03-12,DemaSIN,206129061.94,kWh,xm:servapibi,2026-09-22T19:14:21Z,xm/2021/03/DemaSIN_Sistema.2021-03-01.ndjson#DemaSIN:Sistema:2021-03-01:2021-03-31
2021-03-12,PorcApor,1.71408,fraction,xm:servapibi,2026-09-22T19:14:20Z,xm/2021/03/PorcApor_Sistema.2021-03-01.ndjson#PorcApor:Sistema:2021-03-01:2021-03-31
2021-03-12,PorcVoluUtilDiar,0.53369,fraction,xm:servapibi,2026-09-22T19:14:13Z,xm/2021/03/PorcVoluUtilDiar_Sistema.2021-03-01.ndjson#PorcVoluUtilDiar:Sistema:2021-03-01:2021-03-31
2021-03-12,PrecBolsNaci,174.4287866666666,COP/kWh,xm:servapibi,2026-09-22T19:14:24Z,xm/2021/03/PrecBolsNaci_Sistema.2021-03-01.ndjson#PrecBolsNaci:Sistema:2021-03-01:2021-03-31
2021-03-12,PrecEscaAct,699.14423,COP/kWh,xm:servapibi,2026-09-22T19:14:23Z,xm/2021/03/PrecEscaAct_Sistema.2021-03-01.ndjson#PrecEscaAct:Sistema:2021-03-01:2021-03-31
2021-03-12,VoluUtilDiarEner,9032150800,kWh,xm:servapibi,2026-09-22T19:14:15Z,xm/2021/03/VoluUtilDiarEner_Sistema.2021-03-01.ndjson#VoluUtilDiarEner:Sistema:2021-03-01:2021-03-31
2021-03-13,AporEner,188023900,kWh,xm:servapibi,2026-09-22T19:14:17Z,xm/2021/03/AporEner_Sistema.2021-03-01.ndjson#AporEner:Sistema:2021-03-01:2021-03-31
2021-03-13,AporEnerMediHist,108620000,kWh,xm:servapibi,2026-09-22T19:14:19Z,xm/2021/03/AporEnerMediHist_Sistema.2021-03-01.ndjson#AporEnerMediHist:Sistema:2021-03-01:2021-03-31
2021-03-13,CapaUtilDiarEner,16924074293,kWh,xm:servapibi,2026-09-22T19:14:16Z,xm/2021/03/CapaUtilDiarEner_Sistema.2021-03-01.ndjson#CapaUtilDiarEner:Sistema:2021-03-01:2021-03-31
2021-03-13,DemaSIN,197257560.55,kWh,xm:servapibi,2026-09-22T19:14:21Z,xm/2021/03/DemaSIN_Sistema.2021-03-01.ndjson#DemaSIN:Sistema:2021-03-01:2021-03-31
2021-03-13,PorcApor,1.73102,fraction,xm:servapibi,2026-09-22T19:14:20Z,xm/2021/03/PorcApor_Sistema.2021-03-01.ndjson#PorcApor:Sistema:2021-03-01:2021-03-31
2021-03-13,PorcVoluUtilDiar,0.53635,fraction,xm:servapibi,2026-09-22T19:14:13Z,xm/2021/03/PorcVoluUtilDiar_Sistema.2021-03-01.ndjson#PorcVoluUtilDiar:Sistema:2021-03-01:2021-03-31
2021-03-13,PrecBolsNaci,177.04247166666673,COP/kWh,xm:servapibi,2026-09-22T19:14:24Z,xm/2021/03/PrecBolsNaci_Sistema.2021-03-01.ndjson#PrecBolsNaci:Sistema:2021-03-01:2021-03-31
2021-03-13,PrecEscaAct,699.14423,COP/kWh,xm:servapibi,2026-09-22T19:14:23Z,xm/2021/03/PrecEscaAct_Sistema.2021-03-01.ndjson#PrecEscaAct:Sistema:2021-03-01:2021-03-31
2021-03-13,VoluUtilDiarEner,9077190800,kWh,xm:servapibi,2026-09-22T19:14:15Z,xm/2021/03/VoluUtilDiarEner_Sistema.2021-03-01.ndjson#VoluUtilDiarEner:Sistema:2021-03-01:2021-03-31
2021-03-14,AporEner,154374800,kWh,xm:servapibi,2026-09-22T19:14:17Z,xm/2021/03/AporEner_Sistema.2021-03-01.ndjson#AporEner:Sistema:2021-03-01:2021-03-31
2021-03-14,AporEnerMediHist,108620000,kWh,xm:servapibi,2026-09-22T19:14:19Z,xm/2021/03/AporEnerMediHist_Sistema.2021-03-01.ndjson#AporEnerMediHist:Sistema:2021-03-01:2021-03-31
2021-03-14,CapaUtilDiarEner,16924074293,kWh,xm:servapibi,2026-09-22T19:14:16Z,xm/2021/03/CapaUtilDiarEner_Sistema.2021-03-01.ndjson#CapaUtilDiarEner:Sistema:2021-03-01:2021-03-31
2021-03-14,DemaSIN,178765070.63,kWh,xm:servapibi,2026-09-22T19:14:21Z,xm/2021/03/DemaSIN_Sistema.2021-03-01.ndjson#DemaSIN:Sistema:2021-03-01:2021-03-31
2021-03-14,PorcApor,1.42124,fraction,xm:servapibi,2026-09-22T19:14:20Z,xm/2021/03/PorcApor_Sistema.2021-03-01.ndjson#PorcApor:Sistema:2021-03-01:2021-03-31
2021-03-14,PorcVoluUtilDiar,0.5375,fraction,xm:servapibi,2026-09-22T19:14:13Z,xm/2021/03/PorcVoluUtilDiar_Sistema.2021-03-01.ndjson#PorcVoluUtilDiar:Sistema:2021-03-01:2021-03-31
2021-03-14,PrecBolsNaci,153.1993133333333,COP/kWh,xm:servapibi,2026-09-22T19:14:24Z,xm/2021/03/PrecBolsNaci_Sistema.2021-03-01.ndjson#PrecBolsNaci:Sistema:2021-03-01:2021-03-31
2021-03-14,PrecEscaAct,699.14423,COP/kWh,xm:servapibi,2026-09-22T19:14:23Z,xm/2021/03/PrecEscaAct_Sistema.2021-03-01.ndjson#PrecEscaAct:Sistema:2021-03-01:2021-03-31
2021-03-14,VoluUtilDiarEner,9096652400,kWh,xm:servapibi,2026-09-22T19:14:15Z,xm/2021/03/VoluUtilDiarEner_Sistema.2021-03-01.ndjson#VoluUtilDiarEner:Sistema:2021-03-01:2021-03-31
2021-03-15,AporEner,186588400,kWh,xm:servapibi,2026-09-22T19:14:17Z,xm/2021/03/AporEner_Sistema.2021-03-01.ndjson#AporEner:Sistema:2021-03-01:2021-03-31
2021-03-15,AporEnerMediHist,108620000,kWh,xm:servapibi,2026-09-22T19:14:19Z,xm/2021/03/AporEnerMediHist_Sistema.2021-03-01.ndjson#AporEnerMediHist:Sistema:2021-03-01:2021-03-31
2021-03-15,CapaUtilDiarEner,16924074293,kWh,xm:servapibi,2026-09-22T19:14:16Z,xm/2021/03/CapaUtilDiarEner_Sistema.2021-03-01.ndjson#CapaUtilDiarEner:Sistema:2021-03-01:2021-03-31
2021-03-15,DemaSIN,203133468.27,kWh,xm:servapibi,2026-09-22T19:14:21Z,xm/2021/03/DemaSIN_Sistema.2021-03-01.ndjson#DemaSIN:Sistema:2021-03-01:2021-03-31
2021-03-15,PorcApor,1.71781,fraction,xm:servapibi,2026-09-22T19:14:20Z,xm/2021/03/PorcApor_Sistema.2021-03-01.ndjson#PorcApor:Sistema:2021-03-01:2021-03-31
2021-03-15,PorcVoluUtilDiar,0.53932,fraction,xm:servapibi,2026-09-22T19:14:13Z,xm/2021/03/PorcVoluUtilDiar_Sistema.2021-03-01.ndjson#PorcVoluUtilDiar:Sistema:2021-03-01:2021-03-31
2021-03-15,PrecBolsNaci,183.23047999999997,COP/kWh,xm:servapibi,2026-09-22T19:14:24Z,xm/2021/03/PrecBolsNaci_Sistema.2021-03-01.ndjson#PrecBolsNaci:Sistema:2021-03-01:2021-03-31
2021-03-15,PrecEscaAct,699.14423,COP/kWh,xm:servapibi,2026-09-22T19:14:23Z,xm/2021/03/PrecEscaAct_Sistema.2021-03-01.ndjson#PrecEscaAct:Sistema:2021-03-01:2021-03-31
2021-03-15,VoluUtilDiarEner,9127469500,kWh,xm:servapibi,2026-09-22T19:14:15Z,xm/2021/03/VoluUtilDiarEner_Sistema.2021-03-01.ndjson#VoluUtilDiarEner:Sistema:2021-03-01:2021-03-31
2021-03-16,AporEner,240826900,kWh,xm:servapibi,2026-09-22T19:14:17Z,xm/2021/03/AporEner_Sistema.2021-03-01.ndjson#AporEner:Sistema:2021-03-01:2021-03-31
2021-03-16,AporEnerMediHist,108620000,kWh,xm:servapibi,2026-09-22T19:14:19Z,xm/2021/03/AporEnerMediHist_Sistema.2021-03-01.ndjson#AporEnerMediHist:Sistema:2021-03-01:2021-03-31
2021-03-16,CapaUtilDiarEner,16924074293,kWh,xm:servapibi,2026-09-22T19:14:16Z,xm/2021/03/CapaUtilDiarEner_Sistema.2021-03-01.ndjson#CapaUtilDiarEner:Sistema:2021-03-01:2021-03-31
2021-03-16,DemaSIN,204231199.21,kWh,xm:servapibi,2026-09-22T19:14:21Z,xm/2021/03/DemaSIN_Sistema.2021-03-01.ndjson#DemaSIN:Sistema:2021-03-01:2021-03-31
2021-03-16,PorcApor,2.21715,fraction,xm:servapibi,2026-09-22T19:14:20Z,xm/2021/03/PorcApor_Sistema.2021-03-01.ndjson#PorcApor:Sistema:2021-03-01:2021-03-31
2021-03-16,PorcVoluUtilDiar,0.54302,fraction,xm:servapibi,2026-09-22T19:14:13Z,xm/2021/03/PorcVoluUtilDiar_Sistema.2021-03-01.ndjson#PorcVoluUtilDiar:Sistema:2021-03-01:2021-03-31
2021-03-16,PrecBolsNaci,185.01029833333334,COP/kWh,xm:servapibi,2026-09-22T19:14:24Z,xm/2021/03/PrecBolsNaci_Sistema.2021-03-01.ndjson#PrecBolsNaci:Sistema:2021-03-01:2021-03-31
2021-03-16,PrecEscaAct,699.14423,COP/kWh,xm:servapibi,2026-09-22T19:14:23Z,xm/2021/03/PrecEscaAct_Sistema.2021-03-01.ndjson#PrecEscaAct:Sistema:2021-03-01:2021-03-31
2021-03-16,VoluUtilDiarEner,9190114100,kWh,xm:servapibi,2026-09-22T19:14:15Z,xm/2021/03/VoluUtilDiarEner_Sistema.2021-03-01.ndjson#VoluUtilDiarEner:Sistema:2021-03-01:2021-03-31
2021-03-17,AporEner,223747000,kWh,xm:servapibi,2026-09-22T19:14:17Z,xm/2021/03/AporEner_Sistema.2021-03-01.ndjson#AporEner:Sistema:2021-03-01:2021-03-31
2021-03-17,AporEnerMediHist,108620000,kWh,xm:servapibi,2026-09-22T19:14:19Z,xm/2021/03/AporEnerMediHist_Sistema.2021-03-01.ndjson#AporEnerMediHist:Sistema:2021-03-01:2021-03-31
2021-03-17,CapaUtilDiarEner,16924074293,kWh,xm:servapibi,2026-09-22T19:14:16Z,xm/2021/03/CapaUtilDiarEner_Sistema.2021-03-01.ndjson#CapaUtilDiarEner:Sistema:2021-03-01:2021-03-31
2021-03-17,DemaSIN,206014013.82,kWh,xm:servapibi,2026-09-22T19:14:21Z,xm/2021/03/DemaSIN_Sistema.2021-03-01.ndjson#DemaSIN:Sistema:2021-03-01:2021-03-31
2021-03-17,PorcApor,2.05991,fraction,xm:servapibi,2026-09-22T19:14:20Z,xm/2021/03/PorcApor_Sistema.2021-03-01.ndjson#PorcApor:Sistema:2021-03-01:2021-03-31
2021-03-17,PorcVoluUtilDiar,0.54661,fraction,xm:servapibi,2026-09-22T19:14:13Z,xm/2021/03/PorcVoluUtilDiar_Sistema.2021-03-01.ndjson#PorcVoluUtilDiar:Sistema:2021-03-01:2021-03-31
2021-03-17,PrecBolsNaci,169.9119816666667,COP/kWh,xm:servapibi,2026-09-22T19:14:24Z,xm/2021/03/PrecBolsNaci_Sistema.2021-03-01.ndjson#PrecBolsNaci:Sistema:2021-03-01:2021-03-31
2021-03-17,PrecEscaAct,699.14423,COP/kWh,xm:servapibi,2026-09-22T19:14:23Z,xm/2021/03/PrecEscaAct_Sistema.2021-03-01.ndjson#PrecEscaAct:Sistema:2021-03-01:2021-03-31
2021-03-17,VoluUtilDiarEner,9250946600,kWh,xm:servapibi,2026-09-22T19:14:15Z,xm/2021/03/VoluUtilDiarEner_Sistema.2021-03-01.ndjson#VoluUtilDiarEner:Sistema:2021-03-01:2021-03-31
2021-03-18,AporEner,284712000,kWh,xm:servapibi,2026-09-22T19:14:17Z,xm/2021/03/AporEner_Sistema.2021-03-01.ndjson#AporEner:Sistema:2021-03-01:2021-03-31
2021-03-18,AporEnerMediHist,108620000,kWh,xm:servapibi,2026-09-22T19:14:19Z,xm/2021/03/AporEnerMediHist_Sistema.2021-03-01.ndjson#AporEnerMediHist:Sistema:2021-03-01:2021-03-31
2021-03-18,CapaUtilDiarEner,16924074293,kWh,xm:servapibi,2026-09-22T19:14:16Z,xm/2021/03/CapaUtilDiarEner_Sistema.2021-03-01.ndjson#CapaUtilDiarEner:Sistema:2021-03-01:2021-03-31
2021-03-18,DemaSIN,206381463.54,kWh,xm:servapibi,2026-09-22T19:14:21Z,xm/2021/03/DemaSIN_Sistema.2021-03-01.ndjson#DemaSIN:Sistema:2021-03-01:2021-03-31
2021-03-18,PorcApor,2.62117,fraction,xm:servapibi,2026-09-22T19:14:20Z,xm/2021/03/PorcApor_Sistema.2021-03-01.ndjson#PorcApor:Sistema:2021-03-01:2021-03-31
2021-03-18,PorcVoluUtilDiar,0.55232,fraction,xm:servapibi,2026-09-22T19:14:13Z,xm/2021/03/PorcVoluUtilDiar_Sistema.2021-03-01.ndjson#PorcVoluUtilDiar:Sistema:2021-03-01:2021-03-31
2021-03-18,PrecBolsNaci,170.89359999999996,COP/kWh,xm:servapibi,2026-09-22T19:14:24Z,xm/2021/03/PrecBolsNaci_Sistema.2021-03-01.ndjson#PrecBolsNaci:Sistema:2021-03-01:2021-03-31
2021-03-18,PrecEscaAct,699.14423,COP/kWh,xm:servapibi,2026-09-22T19:14:23Z,xm/2021/03/PrecEscaAct_Sistema.2021-03-01.ndjson#PrecEscaAct:Sistema:2021-03-01:2021-03-31
2021-03-18,VoluUtilDiarEner,9347440800,kWh,xm:servapibi,2026-09-22T19:14:15Z,xm/2021/03/VoluUtilDiarEner_Sistema.2021-03-01.ndjson#VoluUtilDiarEner:Sistema:2021-03-01:2021-03-31
2021-03-19,AporEner,238723600,kWh,xm:servapibi,2026-09-22T19:14:17Z,xm/2021/03/AporEner_Sistema.2021-03-01.ndjson#AporEner:Sistema:2021-03-01:2021-03-31
2021-03-19,AporEnerMediHist,108620000,kWh,xm:servapibi,2026-09-22T19:14:19Z,xm/2021/03/AporEnerMediHist_Sistema.2021-03-01.ndjson#AporEnerMediHist:Sistema:2021-03-01:2021-03-31
2021-03-19,CapaUtilDiarEner,16924074293,kWh,xm:servapibi,2026-09-22T19:14:16Z,xm/2021/03/CapaUtilDiarEner_Sistema.2021-03-01.ndjson#CapaUtilDiarEner:Sistema:2021-03-01:2021-03-31
2021-03-19,DemaSIN,207387936.77,kWh,xm:servapibi,2026-09-22T19:14:21Z,xm/2021/03/DemaSIN_Sistema.2021-03-01.ndjson#DemaSIN:Sistema:2021-03-01:2021-03-31
2021-03-19,PorcApor,2.19779,fraction,xm:servapibi,2026-09-22T19:14:20Z,xm/2021/03/PorcApor_Sistema.2021-03-01.ndjson#PorcApor:Sistema:2021-03-01:2021-03-31
2021-03-19,PorcVoluUtilDiar,0.5549,fraction,xm:servapibi,2026-09-22T19:14:13Z,xm/2021/03/PorcVoluUtilDiar_Sistema.2021-03-01.ndjson#PorcVoluUtilDiar:Sistema:2021-03-01:2021-03-31
2021-03-19,PrecBolsNaci,152.11115333333328,COP/kWh,xm:servapibi,2026-09-22T19:14:24Z,xm/2021/03/PrecBolsNaci_Sistema.2021-03-01.ndjson#PrecBolsNaci:Sistema:2021-03-01:2021-03-31
2021-03-19,PrecEscaAct,699.14423,COP/kWh,xm:servapibi,2026-09-22T19:14:23Z,xm/2021/03/PrecEscaAct_Sistema.2021-03-01.ndjson#PrecEscaAct:Sistema:2021-03-01:2021-03-31
2021-03-19,VoluUtilDiarEner,9391202900,kWh,xm:servapibi,2026-09-22T19:14:15Z,xm/2021/03/VoluUtilDiarEner_Sistema.2021-03-01.ndjson#VoluUtilDiarEner:Sistema:2021-03-01:2021-03-31
2021-03-20,AporEner,258157300,kWh,xm:servapibi,2026-09-22T19:14:17Z,xm/2021/03/AporEner_Sistema.2021-03-01.ndjson#AporEner:Sistema:2021-03-01:2021-03-31
2021-03-20,AporEnerMediHist,108620000,kWh,xm:servapibi,2026-09-22T19:14:19Z,xm/2021/03/AporEnerMediHist_Sistema.2021-03-01.ndjson#AporEnerMediHist:Sistema:2021-03-01:2021-03-31
2021-03-20,CapaUtilDiarEner,16924074293,kWh,xm:servapibi,2026-09-22T19:14:16Z,xm/2021/03/CapaUtilDiarEner_Sistema.2021-03-01.ndjson#CapaUtilDiarEner:Sistema:2021-03-01:2021-03-31
2021-03-20,DemaSIN,198023553.29,kWh,xm:servapibi,2026-09-22T19:14:21Z,xm/2021/03/DemaSIN_Sistema.2021-03-01.ndjson#DemaSIN:Sistema:2021-03-01:2021-03-31
2021-03-20,PorcApor,2.3767,fraction,xm:servapibi,2026-09-22T19:14:20Z,xm/2021/03/PorcApor_Sistema.2021-03-01.ndjson#PorcApor:Sistema:2021-03-01:2021-03-31
2021-03-20,PorcVoluUtilDiar,0.55881,fraction,xm:servapibi,2026-09-22T19:14:13Z,xm/2021/03/PorcVoluUtilDiar_Sistema.2021-03-01.ndjson#PorcVoluUtilDiar:Sistema:2021-03-01:2021-03-31
2021-03-20,PrecBolsNaci,131.85173166666664,COP/kWh,xm:servapibi,2026-09-22T19:14:24Z,xm/2021/03/PrecBolsNaci_Sistema.2021-03-01.ndjson#PrecBolsNaci:Sistema:2021-03-01:2021-03-31
2021-03-20,PrecEscaAct,699.14423,COP/kWh,xm:servapibi,2026-09-22T19:14:23Z,xm/2021/03/PrecEscaAct_Sistema.2021-03-01.ndjson#PrecEscaAct:Sistema:2021-03-01:2021-03-31
2021-03-20,VoluUtilDiarEner,9457313200,kWh,xm:servapibi,2026-09-22T19:14:15Z,xm/2021/03/VoluUtilDiarEner_Sistema.2021-03-01.ndjson#VoluUtilDiarEner:Sistema:2021-03-01:2021-03-31
2021-03-21,AporEner,226947200,kWh,xm:servapibi,2026-09-22T19:14:17Z,xm/2021/03/AporEner_Sistema.2021-03-01.ndjson#AporEner:Sistema:2021-03-01:2021-03-31
2021-03-21,AporEnerMediHist,108620000,kWh,xm:servapibi,2026-09-22T19:14:19Z,xm/2021/03/AporEnerMediHist_Sistema.2021-03-01.ndjson#AporEnerMediHist:Sistema:2021-03-01:2021-03-31
2021-03-21,CapaUtilDiarEner,16924074293,kWh,xm:servapibi,2026-09-22T19:14:16Z,xm/2021/03/CapaUtilDiarEner_Sistema.2021-03-01.ndjson#CapaUtilDiarEner:Sistema:2021-03-01:2021-03-31
2021-03-21,DemaSIN,181492888.11,kWh,xm:servapibi,2026-09-22T19:14:21Z,xm/2021/03/DemaSIN_Sistema.2021-03-01.ndjson#DemaSIN:Sistema:2021-03-01:2021-03-31
2021-03-21,PorcApor,2.08937,fraction,xm:servapibi,2026-09-22T19:14:20Z,xm/2021/03/PorcApor_Sistema.2021-03-01.ndjson#PorcApor:Sistema:2021-03-01:2021-03-31
2021-03-21,PorcVoluUtilDiar,0.56203,fraction,xm:servapibi,2026-09-22T19:14:13Z,xm/2021/03/PorcVoluUtilDiar_Sistema.2021-03-01.ndjson#PorcVoluUtilDiar:Sistema:2021-03-01:2021-03-31
2021-03-21,PrecBolsNaci,123.00307000000002,COP/kWh,xm:servapibi,2026-09-22T19:14:24Z,xm/2021/03/PrecBolsNaci_Sistema.2021-03-01.ndjson#PrecBolsNaci:Sistema:2021-03-01:2021-03-31
2021-03-21,PrecEscaAct,699.14423,COP/kWh,xm:servapibi,2026-09-22T19:14:23Z,xm/2021/03/PrecEscaAct_Sistema.2021-03-01.ndjson#PrecEscaAct:Sistema:2021-03-01:2021-03-31
2021-03-21,VoluUtilDiarEner,9511811200,kWh,xm:servapibi,2026-09-22T19:14:15Z,xm/2021/03/VoluUtilDiarEner_Sistema.2021-03-01.ndjson#VoluUtilDiarEner:Sistema:2021-03-01:2021-03-31
2021-03-22,AporEner,228389300,kWh,xm:servapibi,2026-09-22T19:14:17Z,xm/2021/03/AporEner_Sistema.2021-03-01.ndjson#AporEner:Sistema:2021-03-01:2021-03-31
2021-03-22,AporEnerMediHist,108620000,kWh,xm:servapibi,2026-09-22T19:14:19Z,xm/2021/03/AporEnerMediHist_Sistema.2021-03-01.ndjson#AporEnerMediHist:Sistema:2021-03-01:2021-03-31
2021-03-22,CapaUtilDiarEner,16924074293,kWh,xm:servapibi,2026-09-22T19:14:16Z,xm/2021/03/CapaUtilDiarEner_Sistema.2021-03-01.ndjson#CapaUtilDiarEner:Sistema:2021-03-01:2021-03-31
2021-03-22,DemaSIN,183163814.53,kWh,xm:servapibi,2026-09-22T19:14:21Z,xm/2021/03/DemaSIN_Sistema.2021-03-01.ndjson#DemaSIN:Sistema:2021-03-01:2021-03-31
2021-03-22,PorcApor,2.10265,fraction,xm:servapibi,2026-09-22T19:14:20Z,xm/2021/03/PorcApor_Sistema.2021-03-01.ndjson#PorcApor:Sistema:2021-03-01:2021-03-31
2021-03-22,PorcVoluUtilDiar,0.56555,fraction,xm:servapibi,2026-09-22T19:14:13Z,xm/2021/03/PorcVoluUtilDiar_Sistema.2021-03-01.ndjson#PorcVoluUtilDiar:Sistema:2021-03-01:2021-03-31
2021-03-22,PrecBolsNaci,127.40991666666667,COP/kWh,xm:servapibi,2026-09-22T19:14:24Z,xm/2021/03/PrecBolsNaci_Sistema.2021-03-01.ndjson#PrecBolsNaci:Sistema:2021-03-01:2021-03-31
2021-03-22,PrecEscaAct,699.14423,COP/kWh,xm:servapibi,2026-09-22T19:14:23Z,xm/2021/03/PrecEscaAct_Sistema.2021-03-01.ndjson#PrecEscaAct:Sistema:2021-03-01:2021-03-31
2021-03-22,VoluUtilDiarEner,9571447900,kWh,xm:servapibi,2026-09-22T19:14:15Z,xm/2021/03/VoluUtilDiarEner_Sistema.2021-03-01.ndjson#VoluUtilDiarEner:Sistema:2021-03-01:2021-03-31
2021-03-23,AporEner,191603000,kWh,xm:servapibi,2026-09-22T19:14:17Z,xm/2021/03/AporEner_Sistema.2021-03-01.ndjson#AporEner:Sistema:2021-03-01:2021-03-31
2021-03-23,AporEnerMediHist,108620000,kWh,xm:servapibi,2026-09-22T19:14:19Z,xm/2021/03/AporEnerMediHist_Sistema.2021-03-01.ndjson#AporEnerMediHist:Sistema:2021-03-01:2021-03-31
2021-03-23,CapaUtilDiarEner,16924074293,kWh,xm:servapibi,2026-09-22T19:14:16Z,xm/2021/03/CapaUtilDiarEner_Sistema.2021-03-01.ndjson#CapaUtilDiarEner:Sistema:2021-03-01:2021-03-31
2021-03-23,DemaSIN,203216767.26,kWh,xm:servapibi,2026-09-22T19:14:21Z,xm/2021/03/DemaSIN_Sistema.2021-03-01.ndjson#DemaSIN:Sistema:2021-03-01:2021-03-31
2021-03-23,PorcApor,1.76398,fraction,xm:servapibi,2026-09-22T19:14:20Z,xm/2021/03/PorcApor_Sistema.2021-03-01.ndjson#PorcApor:Sistema:2021-03-01:2021-03-31
2021-03-23,PorcVoluUtilDiar,0.56566,fraction,xm:servapibi,2026-09-22T19:14:13Z,xm/2021/03/PorcVoluUtilDiar_Sistema.2021-03-01.ndjson#PorcVoluUtilDiar:Sistema:2021-03-01:2021-03-31
2021-03-23,PrecBolsNaci,135.75574,COP/kWh,xm:servapibi,2026-09-22T19:14:24Z,xm/2021/03/PrecBolsNaci_Sistema.2021-03-01.ndjson#PrecBolsNaci:Sistema:2021-03-01:2021-03-31
2021-03-23,PrecEscaAct,699.14423,COP/kWh,xm:servapibi,2026-09-22T19:14:23Z,xm/2021/03/PrecEscaAct_Sistema.2021-03-01.ndjson#PrecEscaAct:Sistema:2021-03-01:2021-03-31
2021-03-23,VoluUtilDiarEner,9573331900,kWh,xm:servapibi,2026-09-22T19:14:15Z,xm/2021/03/VoluUtilDiarEner_Sistema.2021-03-01.ndjson#VoluUtilDiarEner:Sistema:2021-03-01:2021-03-31
2021-03-24,AporEner,262208400,kWh,xm:servapibi,2026-09-22T19:14:17Z,xm/2021/03/AporEner_Sistema.2021-03-01.ndjson#AporEner:Sistema:2021-03-01:2021-03-31
2021-03-24,AporEnerMediHist,108620000,kWh,xm:servapibi,2026-09-22T19:14:19Z,xm/2021/03/AporEnerMediHist_Sistema.2021-03-01.ndjson#AporEnerMediHist:Sistema:2021-03-01:2021-03-31
2021-03-24,CapaUtilDiarEner,16924074293,kWh,xm:servapibi,2026-09-22T19:14:16Z,xm/2021/03/CapaUtilDiarEner_Sistema.2021-03-01.ndjson#CapaUtilDiarEner:Sistema:2021-03-01:2021-03-31
2021-03-24,DemaSIN,207519010.4,kWh,xm:servapibi,2026-09-22T19:14:21Z,xm/2021/03/DemaSIN_Sistema.2021-03-01.ndjson#DemaSIN:Sistema:2021-03-01:2021-03-31
2021-03-24,PorcApor,2.414,fraction,xm:servapibi,2026-09-22T19:14:20Z,xm/2021/03/PorcApor_Sistema.2021-03-01.ndjson#PorcApor:Sistema:2021-03-01:2021-03-31
2021-03-24,PorcVoluUtilDiar,0.56939,fraction,xm:servapibi,2026-09-22T19:14:13Z,xm/2021/03/PorcVoluUtilDiar_Sistema.2021-03-01.ndjson#PorcVoluUtilDiar:Sistema:2021-03-01:2021-03-31
2021-03-24,PrecBolsNaci,128.2637166666667,COP/kWh,xm:servapibi,2026-09-22T19:14:24Z,xm/2021/03/PrecBolsNaci_Sistema.2021-03-01.ndjson#PrecBolsNaci:Sistema:2021-03-01:2021-03-31
2021-03-24,PrecEscaAct,699.14423,COP/kWh,xm:servapibi,2026-09-22T19:14:23Z,xm/2021/03/PrecEscaAct_Sistema.2021-03-01.ndjson#PrecEscaAct:Sistema:2021-03-01:2021-03-31
2021-03-24,VoluUtilDiarEner,9636430300,kWh,xm:servapibi,2026-09-22T19:14:15Z,xm/2021/03/VoluUtilDiarEner_Sistema.2021-03-01.ndjson#VoluUtilDiarEner:Sistema:2021-03-01:2021-03-31
2021-03-25,AporEner,176126900,kWh,xm:servapibi,2026-09-22T19:14:17Z,xm/2021/03/AporEner_Sistema.2021-03-01.ndjson#AporEner:Sistema:2021-03-01:2021-03-31
2021-03-25,AporEnerMediHist,108620000,kWh,xm:servapibi,2026-09-22T19:14:19Z,xm/2021/03/AporEnerMediHist_Sistema.2021-03-01.ndjson#AporEnerMediHist:Sistema:2021-03-01:2021-03-31
2021-03-25,CapaUtilDiarEner,16924074293,kWh,xm:servapibi,2026-09-22T19:14:16Z,xm/2021/03/CapaUtilDiarEner_Sistema.2021-03-01.ndjson#CapaUtilDiarEner:Sistema:2021-03-01:2021-03-31
2021-03-25,DemaSIN,209137701.8,kWh,xm:servapibi,2026-09-22T19:14:21Z,xm/2021/03/DemaSIN_Sistema.2021-03-01.ndjson#DemaSIN:Sistema:2021-03-01:2021-03-31
2021-03-25,PorcApor,1.6215,fraction,xm:servapibi,2026-09-22T19:14:20Z,xm/2021/03/PorcApor_Sistema.2021-03-01.ndjson#PorcApor:Sistema:2021-03-01:2021-03-31
2021-03-25,PorcVoluUtilDiar,0.56921,fraction,xm:servapibi,2026-09-22T19:14:13Z,xm/2021/03/PorcVoluUtilDiar_Sistema.2021-03-01.ndjson#PorcVoluUtilDiar:Sistema:2021-03-01:2021-03-31
2021-03-25,PrecBolsNaci,138.5873066666667,COP/kWh,xm:servapibi,2026-09-22T19:14:24Z,xm/2021/03/PrecBolsNaci_Sistema.2021-03-01.ndjson#PrecBolsNaci:Sistema:2021-03-01:2021-03-31
2021-03-25,PrecEscaAct,699.14423,COP/kWh,xm:servapibi,2026-09-22T19:14:23Z,xm/2021/03/PrecEscaAct_Sistema.2021-03-01.ndjson#PrecEscaAct:Sistema:2021-03-01:2021-03-31
2021-03-25,VoluUtilDiarEner,9633278100,kWh,xm:servapibi,2026-09-22T19:14:15Z,xm/2021/03/VoluUtilDiarEner_Sistema.2021-03-01.ndjson#VoluUtilDiarEner:Sistema:2021-03-01:2021-03-31
2021-03-26,AporEner,209585200,kWh,xm:servapibi,2026-09-22T19:14:17Z,xm/2021/03/AporEner_Sistema.2021-03-01.ndjson#AporEner:Sistema:2021-03-01:2021-03-31
2021-03-26,AporEnerMediHist,108620000,kWh,xm:servapibi,2026-09-22T19:14:19Z,xm/2021/03/AporEnerMediHist_Sistema.2021-03-01.ndjson#AporEnerMediHist:Sistema:2021-03-01:2021-03-31
2021-03-26,CapaUtilDiarEner,16924074293,kWh,xm:servapibi,2026-09-22T19:14:16Z,xm/2021/03/CapaUtilDiarEner_Sistema.2021-03-01.ndjson#CapaUtilDiarEner:Sistema:2021-03-01:2021-03-31
2021-03-26,DemaSIN,208465427.32,kWh,xm:servapibi,2026-09-22T19:14:21Z,xm/2021/03/DemaSIN_Sistema.2021-03-01.ndjson#DemaSIN:Sistema:2021-03-01:2021-03-31
2021-03-26,PorcApor,1.92953,fraction,xm:servapibi,2026-09-22T19:14:20Z,xm/2021/03/PorcApor_Sistema.2021-03-01.ndjson#PorcApor:Sistema:2021-03-01:2021-03-31
2021-03-26,PorcVoluUtilDiar,0.57098,fraction,xm:servapibi,2026-09-22T19:14:13Z,xm/2021/03/PorcVoluUtilDiar_Sistema.2021-03-01.ndjson#PorcVoluUtilDiar:Sistema:2021-03-01:2021-03-31
2021-03-26,PrecBolsNaci,137.77105999999998,COP/kWh,xm:servapibi,2026-09-22T19:14:24Z,xm/2021/03/PrecBolsNaci_Sistema.2021-03-01.ndjson#PrecBolsNaci:Sistema:2021-03-01:2021-03-31
2021-03-26,PrecEscaAct,699.14423,COP/kWh,xm:servapibi,2026-09-22T19:14:23Z,xm/2021/03/PrecEscaAct_Sistema.2021-03-01.ndjson#PrecEscaAct:Sistema:2021-03-01:2021-03-31
2021-03-26,VoluUtilDiarEner,9663323100,kWh,xm:servapibi,2026-09-22T19:14:15Z,xm/2021/03/VoluUtilDiarEner_Sistema.2021-03-01.ndjson#VoluUtilDiarEner:Sistema:2021-03-01:2021-03-31
2021-03-27,AporEner,221096900,kWh,xm:servapibi,2026-09-22T19:14:17Z,xm/2021/03/AporEner_Sistema.2021-03-01.ndjson#AporEner:Sistema:2021-03-01:2021-03-31
2021-03-27,AporEnerMediHist,108620000,kWh,xm:servapibi,2026-09-22T19:14:19Z,xm/2021/03/AporEnerMediHist_Sistema.2021-03-01.ndjson#AporEnerMediHist:Sistema:2021-03-01:2021-03-31
2021-03-27,CapaUtilDiarEner,16924074293,kWh,xm:servapibi,2026-09-22T19:14:16Z,xm/2021/03/CapaUtilDiarEner_Sistema.2021-03-01.ndjson#CapaUtilDiarEner:Sistema:2021-03-01:2021-03-31
2021-03-27,DemaSIN,199866343.59,kWh,xm:servapibi,2026-09-22T19:14:21Z,xm/2021/03/DemaSIN_Sistema.2021-03-01.ndjson#DemaSIN:Sistema:2021-03-01:2021-03-31
2021-03-27,PorcApor,2.03551,fraction,xm:servapibi,2026-09-22T19:14:20Z,xm/2021/03/PorcApor_Sistema.2021-03-01.ndjson#PorcApor:Sistema:2021-03-01:2021-03-31
2021-03-27,PorcVoluUtilDiar,0.57415,fraction,xm:servapibi,2026-09-22T19:14:13Z,xm/2021/03/PorcVoluUtilDiar_Sistema.2021-03-01.ndjson#PorcVoluUtilDiar:Sistema:2021-03-01:2021-03-31
2021-03-27,PrecBolsNaci,144.75349000000003,COP/kWh,xm:servapibi,2026-09-22T19:14:24Z,xm/2021/03/PrecBolsNaci_Sistema.2021-03-01.ndjson#PrecBolsNaci:Sistema:2021-03-01:2021-03-31
2021-03-27,PrecEscaAct,699.14423,COP/kWh,xm:servapibi,2026-09-22T19:14:23Z,xm/2021/03/PrecEscaAct_Sistema.2021-03-01.ndjson#PrecEscaAct:Sistema:2021-03-01:2021-03-31
2021-03-27,VoluUtilDiarEner,9716994900,kWh,xm:servapibi,2026-09-22T19:14:15Z,xm/2021/03/VoluUtilDiarEner_Sistema.2021-03-01.ndjson#VoluUtilDiarEner:Sistema:2021-03-01:2021-03-31
2021-03-28,AporEner,160840900,kWh,xm:servapibi,2026-09-22T19:14:17Z,xm/2021/03/AporEner_Sistema.2021-03-01.ndjson#AporEner:Sistema:2021-03-01:2021-03-31
2021-03-28,AporEnerMediHist,108620000,kWh,xm:servapibi,2026-09-22T19:14:19Z,xm/2021/03/AporEnerMediHist_Sistema.2021-03-01.ndjson#AporEnerMediHist:Sistema:2021-03-01:2021-03-31
2021-03-28,CapaUtilDiarEner,16924074293,kWh,xm:servapibi,2026-09-22T19:14:16Z,xm/2021/03/CapaUtilDiarEner_Sistema.2021-03-01.ndjson#CapaUtilDiarEner:Sistema:2021-03-01:2021-03-31
2021-03-28,DemaSIN,183456152.28,kWh,xm:servapibi,2026-09-22T19:14:21Z,xm/2021/03/DemaSIN_Sistema.2021-03-01.ndjson#DemaSIN:Sistema:2021-03-01:2021-03-31
2021-03-28,PorcApor,1.48077,fraction,xm:servapibi,2026-09-22T19:14:20Z,xm/2021/03/PorcApor_Sistema.2021-03-01.ndjson#PorcApor:Sistema:2021-03-01:2021-03-31
2021-03-28,PorcVoluUtilDiar,0.57499,fraction,xm:servapibi,2026-09-22T19:14:13Z,xm/2021/03/PorcVoluUtilDiar_Sistema.2021-03-01.ndjson#PorcVoluUtilDiar:Sistema:2021-03-01:2021-03-31
2021-03-28,PrecBolsNaci,147.83305999999996,COP/kWh,xm:servapibi,2026-09-22T19:14:24Z,xm/2021/03/PrecBolsNaci_Sistema.2021-03-01.ndjson#PrecBolsNaci:Sistema:2021-03-01:2021-03-31
2021-03-28,PrecEscaAct,699.14423,COP/kWh,xm:servapibi,2026-09-22T19:14:23Z,xm/2021/03/PrecEscaAct_Sistema.2021-03-01.ndjson#PrecEscaAct:Sistema:2021-03-01:2021-03-31
2021-03-28,VoluUtilDiarEner,9731157900,kWh,xm:servapibi,2026-09-22T19:14:15Z,xm/2021/03/VoluUtilDiarEner_Sistema.2021-03-01.ndjson#VoluUtilDiarEner:Sistema:2021-03-01:2021-03-31
2021-03-29,AporEner,181057100,kWh,xm:servapibi,2026-09-22T19:14:17Z,xm/2021/03/AporEner_Sistema.2021-03-01.ndjson#AporEner:Sistema:2021-03-01:2021-03-31
2021-03-29,AporEnerMediHist,108620000,kWh,xm:servapibi,2026-09-22T19:14:19Z,xm/2021/03/AporEnerMediHist_Sistema.2021-03-01.ndjson#AporEnerMediHist:Sistema:2021-03-01:2021-03-31
2021-03-29,CapaUtilDiarEner,16924074293,kWh,xm:servapibi,2026-09-22T19:14:16Z,xm/2021/03/CapaUtilDiarEner_Sistema.2021-03-01.ndjson#CapaUtilDiarEner:Sistema:2021-03-01:2021-03-31
2021-03-29,DemaSIN,206944701.94,kWh,xm:servapibi,2026-09-22T19:14:21Z,xm/2021/03/DemaSIN_Sistema.2021-03-01.ndjson#DemaSIN:Sistema:2021-03-01:2021-03-31
2021-03-29,PorcApor,1.66689,fraction,xm:servapibi,2026-09-22T19:14:20Z,xm/2021/03/PorcApor_Sistema.2021-03-01.ndjson#PorcApor:Sistema:2021-03-01:2021-03-31
2021-03-29,PorcVoluUtilDiar,0.57489,fraction,xm:servapibi,2026-09-22T19:14:13Z,xm/2021/03/PorcVoluUtilDiar_Sistema.2021-03-01.ndjson#PorcVoluUtilDiar:Sistema:2021-03-01:2021-03-31
2021-03-29,PrecBolsNaci,155.16518333333335,COP/kWh,xm:servapibi,2026-09-22T19:14:24Z,xm/2021/03/PrecBolsNaci_Sistema.2021-03-01.ndjson#PrecBolsNaci:Sistema:2021-03-01:2021-03-31
2021-03-29,PrecEscaAct,699.14423,COP/kWh,xm:servapibi,2026-09-22T19:14:23Z,xm/2021/03/PrecEscaAct_Sistema.2021-03-01.ndjson#PrecEscaAct:Sistema:2021-03-01:2021-03-31
2021-03-29,VoluUtilDiarEner,9729450100,kWh,xm:servapibi,2026-09-22T19:14:15Z,xm/2021/03/VoluUtilDiarEner_Sistema.2021-03-01.ndjson#VoluUtilDiarEner:Sistema:2021-03-01:2021-03-31
2021-03-30,AporEner,235340100,kWh,xm:servapibi,2026-09-22T19:14:17Z,xm/2021/03/AporEner_Sistema.2021-03-01.ndjson#AporEner:Sistema:2021-03-01:2021-03-31
2021-03-30,AporEnerMediHist,108620000,kWh,xm:servapibi,2026-09-22T19:14:19Z,xm/2021/03/AporEnerMediHist_Sistema.2021-03-01.ndjson#AporEnerMediHist:Sistema:2021-03-01:2021-03-31
2021-03-30,CapaUtilDiarEner,16924074293,kWh,xm:servapibi,2026-09-22T19:14:16Z,xm/2021/03/CapaUtilDiarEner_Sistema.2021-03-01.ndjson#CapaUtilDiarEner:Sistema:2021-03-01:2021-03-31
2021-03-30,DemaSIN,210748059.86,kWh,xm:servapibi,2026-09-22T19:14:21Z,xm/2021/03/DemaSIN_Sistema.2021-03-01.ndjson#DemaSIN:Sistema:2021-03-01:2021-03-31
2021-03-30,PorcApor,2.16664,fraction,xm:servapibi,2026-09-22T19:14:20Z,xm/2021/03/PorcApor_Sistema.2021-03-01.ndjson#PorcApor:Sistema:2021-03-01:2021-03-31
2021-03-30,PorcVoluUtilDiar,0.57808,fraction,xm:servapibi,2026-09-22T19:14:13Z,xm/2021/03/PorcVoluUtilDiar_Sistema.2021-03-01.ndjson#PorcVoluUtilDiar:Sistema:2021-03-01:2021-03-31
2021-03-30,PrecBolsNaci,160.1228966666666,COP/kWh,xm:servapibi,2026-09-22T19:14:24Z,xm/2021/03/PrecBolsNaci_Sistema.2021-03-01.ndjson#PrecBolsNaci:Sistema:2021-03-01:2021-03-31
2021-03-30,PrecEscaAct,699.14423,COP/kWh,xm:servapibi,2026-09-22T19:14:23Z,xm/2021/03/PrecEscaAct_Sistema.2021-03-01.ndjson#PrecEscaAct:Sistema:2021-03-01:2021-03-31
2021-03-30,VoluUtilDiarEner,9783530500,kWh,xm:servapibi,2026-09-22T19:14:15Z,xm/2021/03/VoluUtilDiarEner_Sistema.2021-03-01.ndjson#VoluUtilDiarEner:Sistema:2021-03-01:2021-03-31
2021-03-31,AporEner,185224100,kWh,xm:servapibi,2026-09-22T19:14:17Z,xm/2021/03/AporEner_Sistema.2021-03-01.ndjson#AporEner:Sistema:2021-03-01:2021-03-31
2021-03-31,AporEnerMediHist,108620000,kWh,xm:servapibi,2026-09-22T19:14:19Z,xm/2021/03/AporEnerMediHist_Sistema.2021-03-01.ndjson#AporEnerMediHist:Sistema:2021-03-01:2021-03-31
2021-03-31,CapaUtilDiarEner,16924074293,kWh,xm:servapibi,2026-09-22T19:14:16Z,xm/2021/03/CapaUtilDiarEner_Sistema.2021-03-01.ndjson#CapaUtilDiarEner:Sistema:2021-03-01:2021-03-31
2021-03-31,DemaSIN,206016833.17,kWh,xm:servapibi,2026-09-22T19:14:21Z,xm/2021/03/DemaSIN_Sistema.2021-03-01.ndjson#DemaSIN:Sistema:2021-03-01:2021-03-31
2021-03-31,PorcApor,1.70525,fraction,xm:servapibi,2026-09-22T19:14:20Z,xm/2021/03/PorcApor_Sistema.2021-03-01.ndjson#PorcApor:Sistema:2021-03-01:2021-03-31
2021-03-31,PorcVoluUtilDiar,0.57875,fraction,xm:servapibi,2026-09-22T19:14:13Z,xm/2021/03/PorcVoluUtilDiar_Sistema.2021-03-01.ndjson#PorcVoluUtilDiar:Sistema:2021-03-01:2021-03-31
2021-03-31,PrecBolsNaci,155.60943666666674,COP/kWh,xm:servapibi,2026-09-22T19:14:24Z,xm/2021/03/PrecBolsNaci_Sistema.2021-03-01.ndjson#PrecBolsNaci:Sistema:2021-03-01:2021-03-31
2021-03-31,PrecEscaAct,699.14423,COP/kWh,xm:servapibi,2026-09-22T19:14:23Z,xm/2021/03/PrecEscaAct_Sistema.2021-03-01.ndjson#PrecEscaAct:Sistema:2021-03-01:2021-03-31
2021-03-31,VoluUtilDiarEner,9794826100,kWh,xm:servapibi,2026-09-22T19:14:15Z,xm/2021/03/VoluUtilDiarEner_Sistema.2021-03-01.ndjson#VoluUtilDiarEner:Sistema:2021-03-01:2021-03-31
2021-04-01,AporEner,165142600,kWh,xm:servapibi,2026-09-22T19:14:32Z,xm/2021/04/AporEner_Sistema.2021-04-01.ndjson#AporEner:Sistema:2021-04-01:2021-04-30
2021-04-01,AporEnerMediHist,167760000,kWh,xm:servapibi,2026-09-22T19:14:34Z,xm/2021/04/AporEnerMediHist_Sistema.2021-04-01.ndjson#AporEnerMediHist:Sistema:2021-04-01:2021-04-30
2021-04-01,CapaUtilDiarEner,16924074293,kWh,xm:servapibi,2026-09-22T19:14:31Z,xm/2021/04/CapaUtilDiarEner_Sistema.2021-04-01.ndjson#CapaUtilDiarEner:Sistema:2021-04-01:2021-04-30
2021-04-01,DemaSIN,181351143.41,kWh,xm:servapibi,2026-09-22T19:14:36Z,xm/2021/04/DemaSIN_Sistema.2021-04-01.ndjson#DemaSIN:Sistema:2021-04-01:2021-04-30
2021-04-01,PorcApor,0.9844,fraction,xm:servapibi,2026-09-22T19:14:35Z,xm/2021/04/PorcApor_Sistema.2021-04-01.ndjson#PorcApor:Sistema:2021-04-01:2021-04-30
2021-04-01,PorcVoluUtilDiar,0.57946,fraction,xm:servapibi,2026-09-22T19:14:28Z,xm/2021/04/PorcVoluUtilDiar_Sistema.2021-04-01.ndjson#PorcVoluUtilDiar:Sistema:2021-04-01:2021-04-30
2021-04-01,PrecBolsNaci,149.96939999999998,COP/kWh,xm:servapibi,2026-09-22T19:14:39Z,xm/2021/04/PrecBolsNaci_Sistema.2021-04-01.ndjson#PrecBolsNaci:Sistema:2021-04-01:2021-04-30
2021-04-01,PrecEscaAct,704.95927,COP/kWh,xm:servapibi,2026-09-22T19:14:38Z,xm/2021/04/PrecEscaAct_Sistema.2021-04-01.ndjson#PrecEscaAct:Sistema:2021-04-01:2021-04-30
2021-04-01,VoluUtilDiarEner,9806823000,kWh,xm:servapibi,2026-09-22T19:14:30Z,xm/2021/04/VoluUtilDiarEner_Sistema.2021-04-01.ndjson#VoluUtilDiarEner:Sistema:2021-04-01:2021-04-30
2021-04-02,AporEner,147127400,kWh,xm:servapibi,2026-09-22T19:14:32Z,xm/2021/04/AporEner_Sistema.2021-04-01.ndjson#AporEner:Sistema:2021-04-01:2021-04-30
2021-04-02,AporEnerMediHist,167760000,kWh,xm:servapibi,2026-09-22T19:14:34Z,xm/2021/04/AporEnerMediHist_Sistema.2021-04-01.ndjson#AporEnerMediHist:Sistema:2021-04-01:2021-04-30
2021-04-02,CapaUtilDiarEner,16924074293,kWh,xm:servapibi,2026-09-22T19:14:31Z,xm/2021/04/CapaUtilDiarEner_Sistema.2021-04-01.ndjson#CapaUtilDiarEner:Sistema:2021-04-01:2021-04-30
2021-04-02,DemaSIN,169135803.26,kWh,xm:servapibi,2026-09-22T19:14:36Z,xm/2021/04/DemaSIN_Sistema.2021-04-01.ndjson#DemaSIN:Sistema:2021-04-01:2021-04-30
2021-04-02,PorcApor,0.87701,fraction,xm:servapibi,2026-09-22T19:14:35Z,xm/2021/04/PorcApor_Sistema.2021-04-01.ndjson#PorcApor:Sistema:2021-04-01:2021-04-30
2021-04-02,PorcVoluUtilDiar,0.5802,fraction,xm:servapibi,2026-09-22T19:14:28Z,xm/2021/04/PorcVoluUtilDiar_Sistema.2021-04-01.ndjson#PorcVoluUtilDiar:Sistema:2021-04-01:2021-04-30
2021-04-02,PrecBolsNaci,150.54228333333342,COP/kWh,xm:servapibi,2026-09-22T19:14:39Z,xm/2021/04/PrecBolsNaci_Sistema.2021-04-01.ndjson#PrecBolsNaci:Sistema:2021-04-01:2021-04-30
2021-04-02,PrecEscaAct,704.95927,COP/kWh,xm:servapibi,2026-09-22T19:14:38Z,xm/2021/04/PrecEscaAct_Sistema.2021-04-01.ndjson#PrecEscaAct:Sistema:2021-04-01:2021-04-30
2021-04-02,VoluUtilDiarEner,9819360800,kWh,xm:servapibi,2026-09-22T19:14:30Z,xm/2021/04/VoluUtilDiarEner_Sistema.2021-04-01.ndjson#VoluUtilDiarEner:Sistema:2021-04-01:2021-04-30
2021-04-03,AporEner,186739900,kWh,xm:servapibi,2026-09-22T19:14:32Z,xm/2021/04/AporEner_Sistema.2021-04-01.ndjson#AporEner:Sistema:2021-04-01:2021-04-30
2021-04-03,AporEnerMediHist,167760000,kWh,xm:servapibi,2026-09-22T19:14:34Z,xm/2021/04/AporEnerMediHist_Sistema.2021-04-01.ndjson#AporEnerMediHist:Sistema:2021-04-01:2021-04-30
2021-04-03,CapaUtilDiarEner,16924074293,kWh,xm:servapibi,2026-09-22T19:14:31Z,xm/2021/04/CapaUtilDiarEner_Sistema.2021-04-01.ndjson#CapaUtilDiarEner:Sistema:2021-04-01:2021-04-30
2021-04-03,DemaSIN,179356202.3,kWh,xm:servapibi,2026-09-22T19:14:36Z,xm/2021/04/DemaSIN_Sistema.2021-04-01.ndjson#DemaSIN:Sistema:2021-04-01:2021-04-30
2021-04-03,PorcApor,1.11314,fraction,xm:servapibi,2026-09-22T19:14:35Z,xm/2021/04/PorcApor_Sistema.2021-04-01.ndjson#PorcApor:Sistema:2021-04-01:2021-04-30
2021-04-03,PorcVoluUtilDiar,0.5831,fraction,xm:servapibi,2026-09-22T19:14:28Z,xm/2021/04/PorcVoluUtilDiar_Sistema.2021-04-01.ndjson#PorcVoluUtilDiar:Sistema:2021-04-01:2021-04-30
2021-04-03,PrecBolsNaci,151.45283666666663,COP/kWh,xm:servapibi,2026-09-22T19:14:39Z,xm/2021/04/PrecBolsNaci_Sistema.2021-04-01.ndjson#PrecBolsNaci:Sistema:2021-04-01:2021-04-30
2021-04-03,PrecEscaAct,704.95927,COP/kWh,xm:servapibi,2026-09-22T19:14:38Z,xm/2021/04/PrecEscaAct_Sistema.2021-04-01.ndjson#PrecEscaAct:Sistema:2021-04-01:2021-04-30
2021-04-03,VoluUtilDiarEner,9868429300,kWh,xm:servapibi,2026-09-22T19:14:30Z,xm/2021/04/VoluUtilDiarEner_Sistema.2021-04-01.ndjson#VoluUtilDiarEner:Sistema:2021-04-01:2021-04-30
2021-04-04,AporEner,186127500,kWh,xm:servapibi,2026-09-22T19:14:32Z,xm/2021/04/AporEner_Sistema.2021-04-01.ndjson#AporEner:Sistema:2021-04-01:2021-04-30
2021-04-04,AporEnerMediHist,167760000,kWh,xm:servapibi,2026-09-22T19:14:34Z,xm/2021/04/AporEnerMediHist_Sistema.2021-04-01.ndjson#AporEnerMediHist:Sistema:2021-04-01:2021-04-30
2021-04-04,CapaUtilDiarEner,16924074293,kWh,xm:servapibi,2026-09-22T19:14:31Z,xm/2021/04/CapaUtilDiarEner_Sistema.2021-04-01.ndjson#CapaUtilDiarEner:Sistema:2021-04-01:2021-04-30
2021-04-04,DemaSIN,176495112.11,kWh,xm:servapibi,2026-09-22T19:14:36Z,xm/2021/04/DemaSIN_Sistema.2021-04-01.ndjson#DemaSIN:Sistema:2021-04-01:2021-04-30
2021-04-04,PorcApor,1.10949,fraction,xm:servapibi,2026-09-22T19:14:35Z,xm/2021/04/PorcApor_Sistema.2021-04-01.ndjson#PorcApor:Sistema:2021-04-01:2021-04-30
2021-04-04,PorcVoluUtilDiar,0.5864,fraction,xm:servapibi,2026-09-22T19:14:28Z,xm/2021/04/PorcVoluUtilDiar_Sistema.2021-04-01.ndjson#PorcVoluUtilDiar:Sistema:2021-04-01:2021-04-30
2021-04-04,PrecBolsNaci,156.98496833333326,COP/kWh,xm:servapibi,2026-09-22T19:14:39Z,xm/2021/04/PrecBolsNaci_Sistema.2021-04-01.ndjson#PrecBolsNaci:Sistema:2021-04-01:2021-04-30
2021-04-04,PrecEscaAct,704.95927,COP/kWh,xm:servapibi,2026-09-22T19:14:38Z,xm/2021/04/PrecEscaAct_Sistema.2021-04-01.ndjson#PrecEscaAct:Sistema:2021-04-01:2021-04-30
2021-04-04,VoluUtilDiarEner,9924242900,kWh,xm:servapibi,2026-09-22T19:14:30Z,xm/2021/04/VoluUtilDiarEner_Sistema.2021-04-01.ndjson#VoluUtilDiarEner:Sistema:2021-04-01:2021-04-30
2021-04-05,AporEner,210868100,kWh,xm:servapibi,2026-09-22T19:14:32Z,xm/2021/04/AporEner_Sistema.2021-04-01.ndjson#AporEner:Sistema:2021-04-01:2021-04-30
2021-04-05,AporEnerMediHist,167760000,kWh,xm:servapibi,2026-09-22T19:14:34Z,xm/2021/04/AporEnerMediHist_Sistema.2021-04-01.ndjson#AporEnerMediHist:Sistema:2021-04-01:2021-04-30
2021-04-05,CapaUtilDiarEner,16924074293,kWh,xm:servapibi,2026-09-22T19:14:31Z,xm/2021/04/CapaUtilDiarEner_Sistema.2021-04-01.ndjson#CapaUtilDiarEner:Sistema:2021-04-01:2021-04-30
2021-04-05,DemaSIN,204935608.74,kWh,xm:servapibi,2026-09-22T19:14:36Z,xm/2021/04/DemaSIN_Sistema.2021-04-01.ndjson#DemaSIN:Sistema:2021-04-01:2021-04-30
2021-04-05,PorcApor,1.25696,fraction,xm:servapibi,2026-09-22T19:14:35Z,xm/2021/04/PorcApor_Sistema.2021-04-01.ndjson#PorcApor:Sistema:2021-04-01:2021-04-30
2021-04-05,PorcVoluUtilDiar,0.58762,fraction,xm:servapibi,2026-09-22T19:14:28Z,xm/2021/04/PorcVoluUtilDiar_Sistema.2021-04-01.ndjson#PorcVoluUtilDiar:Sistema:2021-04-01:2021-04-30
2021-04-05,PrecBolsNaci,175.54558333333333,COP/kWh,xm:servapibi,2026-09-22T19:14:39Z,xm/2021/04/PrecBolsNaci_Sistema.2021-04-01.ndjson#PrecBolsNaci:Sistema:2021-04-01:2021-04-30
2021-04-05,PrecEscaAct,704.95927,COP/kWh,xm:servapibi,2026-09-22T19:14:38Z,xm/2021/04/PrecEscaAct_Sistema.2021-04-01.ndjson#PrecEscaAct:Sistema:2021-04-01:2021-04-30
2021-04-05,VoluUtilDiarEner,9944858900,kWh,xm:servapibi,2026-09-22T19:14:30Z,xm/2021/04/VoluUtilDiarEner_Sistema.2021-04-01.ndjson#VoluUtilDiarEner:Sistema:2021-04-01:2021-04-30
2021-04-06,AporEner,248188300,kWh,xm:servapibi,2026-09-22T19:14:32Z,xm/2021/04/AporEner_Sistema.2021-04-01.ndjson#AporEner:Sistema:2021-04-01:2021-04-30
2021-04-06,AporEnerMediHist,167760000,kWh,xm:servapibi,2026-09-22T19:14:34Z,xm/2021/04/AporEnerMediHist_Sistema.2021-04-01.ndjson#AporEnerMediHist:Sistema:2021-04-01:2021-04-30
2021-04-06,CapaUtilDiarEner,16924074293,kWh,xm:servapibi,2026-09-22T19:14:31Z,xm/2021/04/CapaUtilDiarEner_Sistema.2021-04-01.ndjson#CapaUtilDiarEner:Sistema:2021-04-01:2021-04-30
2021-04-06,DemaSIN,206925811.72,kWh,xm:servapibi,2026-09-22T19:14:36Z,xm/2021/04/DemaSIN_Sistema.2021-04-01.ndjson#DemaSIN:Sistema:2021-04-01:2021-04-30
2021-04-06,PorcApor,1.47942,fraction,xm:servapibi,2026-09-22T19:14:35Z,xm/2021/04/PorcApor_Sistema.2021-04-01.ndjson#PorcApor:Sistema:2021-04-01:2021-04-30
2021-04-06,PorcVoluUtilDiar,0.59195,fraction,xm:servapibi,2026-09-22T19:14:28Z,xm/2021/04/PorcVoluUtilDiar_Sistema.2021-04-01.ndjson#PorcVoluUtilDiar:Sistema:2021-04-01:2021-04-30
2021-04-06,PrecBolsNaci,163.28605166666662,COP/kWh,xm:servapibi,2026-09-22T19:14:39Z,xm/2021/04/PrecBolsNaci_Sistema.2021-04-01.ndjson#PrecBolsNaci:Sistema:2021-04-01:2021-04-30
2021-04-06,PrecEscaAct,704.95927,COP/kWh,xm:servapibi,2026-09-22T19:14:38Z,xm/2021/04/PrecEscaAct_Sistema.2021-04-01.ndjson#PrecEscaAct:Sistema:2021-04-01:2021-04-30
2021-04-06,VoluUtilDiarEner,10018197100,kWh,xm:servapibi,2026-09-22T19:14:30Z,xm/2021/04/VoluUtilDiarEner_Sistema.2021-04-01.ndjson#VoluUtilDiarEner:Sistema:2021-04-01:2021-04-30
2021-04-07,AporEner,180791500,kWh,xm:servapibi,2026-09-22T19:14:32Z,xm/2021/04/AporEner_Sistema.2021-04-01.ndjson#AporEner:Sistema:2021-04-01:2021-04-30
2021-04-07,AporEnerMediHist,167760000,kWh,xm:servapibi,2026-09-22T19:14:34Z,xm/2021/04/AporEnerMediHist_Sistema.2021-04-01.ndjson#AporEnerMediHist:Sistema:2021-04-01:2021-04-30
2021-04-07,CapaUtilDiarEner,16924074293,kWh,xm:servapibi,2026-09-22T19:14:31Z,xm/2021/04/CapaUtilDiarEner_Sistema.2021-04-01.ndjson#CapaUtilDiarEner:Sistema:2021-04-01:2021-04-30
2021-04-07,DemaSIN,205269875.53,kWh,xm:servapibi,2026-09-22T19:14:36Z,xm/2021/04/DemaSIN_Sistema.2021-04-01.ndjson#DemaSIN:Sistema:2021-04-01:2021-04-30
2021-04-07,PorcApor,1.07768,fraction,xm:servapibi,2026-09-22T19:14:35Z,xm/2021/04/PorcApor_Sistema.2021-04-01.ndjson#PorcApor:Sistema:2021-04-01:2021-04-30
2021-04-07,PorcVoluUtilDiar,0.59283,fraction,xm:servapibi,2026-09-22T19:14:28Z,xm/2021/04/PorcVoluUtilDiar_Sistema.2021-04-01.ndjson#PorcVoluUtilDiar:Sistema:2021-04-01:2021-04-30
2021-04-07,PrecBolsNaci,154.14953333333327,COP/kWh,xm:servapibi,2026-09-22T19:14:39Z,xm/2021/04/PrecBolsNaci_Sistema.2021-04-01.ndjson#PrecBolsNaci:Sistema:2021-04-01:2021-04-30
2021-04-07,PrecEscaAct,704.95927,COP/kWh,xm:servapibi,2026-09-22T19:14:38Z,xm/2021/04/PrecEscaAct_Sistema.2021-04-01.ndjson#PrecEscaAct:Sistema:2021-04-01:2021-04-30
2021-04-07,VoluUtilDiarEner,10033162600,kWh,xm:servapibi,2026-09-22T19:14:30Z,xm/2021/04/VoluUtilDiarEner_Sistema.2021-04-01.ndjson#VoluUtilDiarEner:Sistema:2021-04-01:2021-04-30
2021-04-08,AporEner,171802300,kWh,xm:servapibi,2026-09-22T19:14:32Z,xm/2021/04/AporEner_Sistema.2021-04-01.ndjson#AporEner:Sistema:2021-04-01:2021-04-30
2021-04-08,AporEnerMediHist,167760000,kWh,xm:servapibi,2026-09-22T19:14:34Z,xm/2021/04/AporEnerMediHist_Sistema.2021-04-01.ndjson#AporEnerMediHist:Sistema:2021-04-01:2021-04-30
2021-04-08,CapaUtilDiarEner,16924074293,kWh,xm:servapibi,2026-09-22T19:14:31Z,xm/2021/04/CapaUtilDiarEner_Sistema.2021-04-01.ndjson#CapaUtilDiarEner:Sistema:2021-04-01:2021-04-30
2021-04-08,DemaSIN,209117390.79,kWh,xm:servapibi,2026-09-22T19:14:36Z,xm/2021/04/DemaSIN_Sistema.2021-04-01.ndjson#DemaSIN:Sistema:2021-04-01:2021-04-30
2021-04-08,PorcApor,1.0241,fraction,xm:servapibi,2026-09-22T19:14:35Z,xm/2021/04/PorcApor_Sistema.2021-04-01.ndjson#PorcApor:Sistema:2021-04-01:2021-04-30
2021-04-08,PorcVoluUtilDiar,0.59315,fraction,xm:servapibi,2026-09-22T19:14:28Z,xm/2021/04/PorcVoluUtilDiar_Sistema.2021-04-01.ndjson#PorcVoluUtilDiar:Sistema:2021-04-01:2021-04-30
2021-04-08,PrecBolsNaci,151.34463999999994,COP/kWh,xm:servapibi,2026-09-22T19:14:39Z,xm/2021/04/PrecBolsNaci_Sistema.2021-04-01.ndjson#PrecBolsNaci:Sistema:2021-04-01:2021-04-30
2021-04-08,PrecEscaAct,704.95927,COP/kWh,xm:servapibi,2026-09-22T19:14:38Z,xm/2021/04/PrecEscaAct_Sistema.2021-04-01.ndjson#PrecEscaAct:Sistema:2021-04-01:2021-04-30
2021-04-08,VoluUtilDiarEner,10038456300,kWh,xm:servapibi,2026-09-22T19:14:30Z,xm/2021/04/VoluUtilDiarEner_Sistema.2021-04-01.ndjson#VoluUtilDiarEner:Sistema:2021-04-01:2021-04-30
2021-04-09,AporEner,274840300,kWh,xm:servapibi,2026-09-22T19:14:32Z,xm/2021/04/AporEner_Sistema.2021-04-01.ndjson#AporEner:Sistema:2021-04-01:2021-04-30
2021-04-09,AporEnerMediHist,167760000,kWh,xm:servapibi,2026-09-22T19:14:34Z,xm/2021/04/AporEnerMediHist_Sistema.2021-04-01.ndjson#AporEnerMediHist:Sistema:2021-04-01:2021-04-30
2021-04-09,CapaUtilDiarEner,16924074293,kWh,xm:servapibi,2026-09-22T19:14:31Z,xm/2021/04/CapaUtilDiarEner_Sistema.2021-04-01.ndjson#CapaUtilDiarEner:Sistema:2021-04-01:2021-04-30
2021-04-09,DemaSIN,205616858.49,kWh,xm:servapibi,2026-09-22T19:14:36Z,xm/2021/04/DemaSIN_Sistema.2021-04-01.ndjson#DemaSIN:Sistema:2021-04-01:2021-04-30
2021-04-09,PorcApor,1.63829,fraction,xm:servapibi,2026-09-22T19:14:35Z,xm/2021/04/PorcApor_Sistema.2021-04-01.ndjson#PorcApor:Sistema:2021-04-01:2021-04-30
2021-04-09,PorcVoluUtilDiar,0.59974,fraction,xm:servapibi,2026-09-22T19:14:28Z,xm/2021/04/PorcVoluUtilDiar_Sistema.2021-04-01.ndjson#PorcVoluUtilDiar:Sistema:2021-04-01:2021-04-30
2021-04-09,PrecBolsNaci,162.23097333333328,COP/kWh,xm:servapibi,2026-09-22T19:14:39Z,xm/2021/04/PrecBolsNaci_Sistema.2021-04-01.ndjson#PrecBolsNaci:Sistema:2021-04-01:2021-04-30
2021-04-09,PrecEscaAct,704.95927,COP/kWh,xm:servapibi,2026-09-22T19:14:38Z,xm/2021/04/PrecEscaAct_Sistema.2021-04-01.ndjson#PrecEscaAct:Sistema:2021-04-01:2021-04-30
2021-04-09,VoluUtilDiarEner,10150071200,kWh,xm:servapibi,2026-09-22T19:14:30Z,xm/2021/04/VoluUtilDiarEner_Sistema.2021-04-01.ndjson#VoluUtilDiarEner:Sistema:2021-04-01:2021-04-30
2021-04-10,AporEner,178109100,kWh,xm:servapibi,2026-09-22T19:14:32Z,xm/2021/04/AporEner_Sistema.2021-04-01.ndjson#AporEner:Sistema:2021-04-01:2021-04-30
2021-04-10,AporEnerMediHist,167760000,kWh,xm:servapibi,2026-09-22T19:14:34Z,xm/2021/04/AporEnerMediHist_Sistema.2021-04-01.ndjson#AporEnerMediHist:Sistema:2021-04-01:2021-04-30
2021-04-10,CapaUtilDiarEner,16924074293,kWh,xm:servapibi,2026-09-22T19:14:31Z,xm/2021/04/CapaUtilDiarEner_Sistema.2021-04-01.ndjson#CapaUtilDiarEner:Sistema:2021-04-01:2021-04-30
2021-04-10,DemaSIN,197370874.75,kWh,xm:servapibi,2026-09-22T19:14:36Z,xm/2021/04/DemaSIN_Sistema.2021-04-01.ndjson#DemaSIN:Sistema:2021-04-01:2021-04-30
2021-04-10,PorcApor,1.06169,fraction,xm:servapibi,2026-09-22T19:14:35Z,xm/2021/04/PorcApor_Sistema.2021-04-01.ndjson#PorcApor:Sistema:2021-04-01:2021-04-30
2021-04-10,PorcVoluUtilDiar,0.60065,fraction,xm:servapibi,2026-09-22T19:14:28Z,xm/2021/04/PorcVoluUtilDiar_Sistema.2021-04-01.ndjson#PorcVoluUtilDiar:Sistema:2021-04-01:2021-04-30
2021-04-10,PrecBolsNaci,141.1244433333334,COP/kWh,xm:servapibi,2026-09-22T19:14:39Z,xm/2021/04/PrecBolsNaci_Sistema.2021-04-01.ndjson#PrecBolsNaci:Sistema:2021-04-01:2021-04-30
2021-04-10,PrecEscaAct,704.95927,COP/kWh,xm:servapibi,2026-09-22T19:14:38Z,xm/2021/04/PrecEscaAct_Sistema.2021-04-01.ndjson#PrecEscaAct:Sistema:2021-04-01:2021-04-30
2021-04-10,VoluUtilDiarEner,10165494900,kWh,xm:servapibi,2026-09-22T19:14:30Z,xm/2021/04/VoluUtilDiarEner_Sistema.2021-04-01.ndjson#VoluUtilDiarEner:Sistema:2021-04-01:2021-04-30
2021-04-11,AporEner,164436400,kWh,xm:servapibi,2026-09-22T19:14:32Z,xm/2021/04/AporEner_Sistema.2021-04-01.ndjson#AporEner:Sistema:2021-04-01:2021-04-30
2021-04-11,AporEnerMediHist,167760000,kWh,xm:servapibi,2026-09-22T19:14:34Z,xm/2021/04/AporEnerMediHist_Sistema.2021-04-01.ndjson#AporEnerMediHist:Sistema:2021-04-01:2021-04-30
2021-04-11,CapaUtilDiarEner,16924074293,kWh,xm:servapibi,2026-09-22T19:14:31Z,xm/2021/04/CapaUtilDiarEner_Sistema.2021-04-01.ndjson#CapaUtilDiarEner:Sistema:2021-04-01:2021-04-30
2021-04-11,DemaSIN,184128632.37,kWh,xm:servapibi,2026-09-22T19:14:36Z,xm/2021/04/DemaSIN_Sistema.2021-04-01.ndjson#DemaSIN:Sistema:2021-04-01:2021-04-30
2021-04-11,PorcApor,0.98019,fraction,xm:servapibi,2026-09-22T19:14:35Z,xm/2021/04/PorcApor_Sistema.2021-04-01.ndjson#PorcApor:Sistema:2021-04-01:2021-04-30
2021-04-11,PorcVoluUtilDiar,0.60154,fraction,xm:servapibi,2026-09-22T19:14:28Z,xm/2021/04/PorcVoluUtilDiar_Sistema.2021-04-01.ndjson#PorcVoluUtilDiar:Sistema:2021-04-01:2021-04-30
2021-04-11,PrecBolsNaci,135.49643999999992,COP/kWh,xm:servapibi,2026-09-22T19:14:39Z,xm/2021/04/PrecBolsNaci_Sistema.2021-04-01.ndjson#PrecBolsNaci:Sistema:2021-04-01:2021-04-30
2021-04-11,PrecEscaAct,704.95927,COP/kWh,xm:servapibi,2026-09-22T19:14:38Z,xm/2021/04/PrecEscaAct_Sistema.2021-04-01.ndjson#PrecEscaAct:Sistema:2021-04-01:2021-04-30
2021-04-11,VoluUtilDiarEner,10180571600,kWh,xm:servapibi,2026-09-22T19:14:30Z,xm/2021/04/VoluUtilDiarEner_Sistema.2021-04-01.ndjson#VoluUtilDiarEner:Sistema:2021-04-01:2021-04-30
2021-04-12,AporEner,320440300,kWh,xm:servapibi,2026-09-22T19:14:32Z,xm/2021/04/AporEner_Sistema.2021-04-01.ndjson#AporEner:Sistema:2021-04-01:2021-04-30
2021-04-12,AporEnerMediHist,167760000,kWh,xm:servapibi,2026-09-22T19:14:34Z,xm/2021/04/AporEnerMediHist_Sistema.2021-04-01.ndjson#AporEnerMediHist:Sistema:2021-04-01:2021-04-30
2021-04-12,CapaUtilDiarEner,16924074293,kWh,xm:servapibi,2026-09-22T19:14:31Z,xm/2021/04/CapaUtilDiarEner_Sistema.2021-04-01.ndjson#CapaUtilDiarEner:Sistema:2021-04-01:2021-04-30
2021-04-12,DemaSIN,205344172.02,kWh,xm:servapibi,2026-09-22T19:14:36Z,xm/2021/04/DemaSIN_Sistema.2021-04-01.ndjson#DemaSIN:Sistema:2021-04-01:2021-04-30
2021-04-12,PorcApor,1.91011,fraction,xm:servapibi,2026-09-22T19:14:35Z,xm/2021/04/PorcApor_Sistema.2021-04-01.ndjson#PorcApor:Sistema:2021-04-01:2021-04-30
2021-04-12,PorcVoluUtilDiar,0.611,fraction,xm:servapibi,2026-09-22T19:14:28Z,xm/2021/04/PorcVoluUtilDiar_Sistema.2021-04-01.ndjson#PorcVoluUtilDiar:Sistema:2021-04-01:2021-04-30
2021-04-12,PrecBolsNaci,143.30467333333337,COP/kWh,xm:servapibi,2026-09-22T19:14:39Z,xm/2021/04/PrecBolsNaci_Sistema.2021-04-01.ndjson#PrecBolsNaci:Sistema:2021-04-01:2021-04-30
2021-04-12,PrecEscaAct,704.95927,COP/kWh,xm:servapibi,2026-09-22T19:14:38Z,xm/2021/04/PrecEscaAct_Sistema.2021-04-01.ndjson#PrecEscaAct:Sistema:2021-04-01:2021-04-30
2021-04-12,VoluUtilDiarEner,10340528400,kWh,xm:servapibi,2026-09-22T19:14:30Z,xm/2021/04/VoluUtilDiarEner_Sistema.2021-04-01.ndjson#VoluUtilDiarEner:Sistema:2021-04-01:2021-04-30
2021-04-13,AporEner,172922800,kWh,xm:servapibi,2026-09-22T19:14:32Z,xm/2021/04/AporEner_Sistema.2021-04-01.ndjson#AporEner:Sistema:2021-04-01:2021-04-30
2021-04-13,AporEnerMediHist,167760000,kWh,xm:servapibi,2026-09-22T19:14:34Z,xm/2021/04/AporEnerMediHist_Sistema.2021-04-01.ndjson#AporEnerMediHist:Sistema:2021-04-01:2021-04-30
2021-04-13,CapaUtilDiarEner,16924074293,kWh,xm:servapibi,2026-09-22T19:14:31Z,xm/2021/04/CapaUtilDiarEner_Sistema.2021-04-01.ndjson#CapaUtilDiarEner:Sistema:2021-04-01:2021-04-30
2021-04-13,DemaSIN,210463984.8,kWh,xm:servapibi,2026-09-22T19:14:36Z,xm/2021/04/DemaSIN_Sistema.2021-04-01.ndjson#DemaSIN:Sistema:2021-04-01:2021-04-30
2021-04-13,PorcApor,1.03077,fraction,xm:servapibi,2026-09-22T19:14:35Z,xm/2021/04/PorcApor_Sistema.2021-04-01.ndjson#PorcApor:Sistema:2021-04-01:2021-04-30
2021-04-13,PorcVoluUtilDiar,0.6109,fraction,xm:servapibi,2026-09-22T19:14:28Z,xm/2021/04/PorcVoluUtilDiar_Sistema.2021-04-01.ndjson#PorcVoluUtilDiar:Sistema:2021-04-01:2021-04-30
2021-04-13,PrecBolsNaci,154.65861000000004,COP/kWh,xm:servapibi,2026-09-22T19:14:39Z,xm/2021/04/PrecBolsNaci_Sistema.2021-04-01.ndjson#PrecBolsNaci:Sistema:2021-04-01:2021-04-30
2021-04-13,PrecEscaAct,704.95927,COP/kWh,xm:servapibi,2026-09-22T19:14:38Z,xm/2021/04/PrecEscaAct_Sistema.2021-04-01.ndjson#PrecEscaAct:Sistema:2021-04-01:2021-04-30
2021-04-13,VoluUtilDiarEner,10338834000,kWh,xm:servapibi,2026-09-22T19:14:30Z,xm/2021/04/VoluUtilDiarEner_Sistema.2021-04-01.ndjson#VoluUtilDiarEner:Sistema:2021-04-01:2021-04-30
2021-04-14,AporEner,153852400,kWh,xm:servapibi,2026-09-22T19:14:32Z,xm/2021/04/AporEner_Sistema.2021-04-01.ndjson#AporEner:Sistema:2021-04-01:2021-04-30
2021-04-14,AporEnerMediHist,167760000,kWh,xm:servapibi,2026-09-22T19:14:34Z,xm/2021/04/AporEnerMediHist_Sistema.2021-04-01.ndjson#AporEnerMediHist:Sistema:2021-04-01:2021-04-30
2021-04-14,CapaUtilDiarEner,16924074293,kWh,xm:servapibi,2026-09-22T19:14:31Z,xm/2021/04/CapaUtilDiarEner_Sistema.2021-04-01.ndjson#CapaUtilDiarEner:Sistema:2021-04-01:2021-04-30
2021-04-14,DemaSIN,209213088.47,kWh,xm:servapibi,2026-09-22T19:14:36Z,xm/2021/04/DemaSIN_Sistema.2021-04-01.ndjson#DemaSIN:Sistema:2021-04-01:2021-04-30
2021-04-14,PorcApor,0.9171,fraction,xm:servapibi,2026-09-22T19:14:35Z,xm/2021/04/PorcApor_Sistema.2021-04-01.ndjson#PorcApor:Sistema:2021-04-01:2021-04-30
2021-04-14,PorcVoluUtilDiar,0.60963,fraction,xm:servapibi,2026-09-22T19:14:28Z,xm/2021/04/PorcVoluUtilDiar_Sistema.2021-04-01.ndjson#PorcVoluUtilDiar:Sistema:2021-04-01:2021-04-30
2021-04-14,PrecBolsNaci,149.62831666666673,COP/kWh,xm:servapibi,2026-09-22T19:14:39Z,xm/2021/04/PrecBolsNaci_Sistema.2021-04-01.ndjson#PrecBolsNaci:Sistema:2021-04-01:2021-04-30
2021-04-14,PrecEscaAct,704.95927,COP/kWh,xm:servapibi,2026-09-22T19:14:38Z,xm/2021/04/PrecEscaAct_Sistema.2021-04-01.ndjson#PrecEscaAct:Sistema:2021-04-01:2021-04-30
2021-04-14,VoluUtilDiarEner,10317364100,kWh,xm:servapibi,2026-09-22T19:14:30Z,xm/2021/04/VoluUtilDiarEner_Sistema.2021-04-01.ndjson#VoluUtilDiarEner:Sistema:2021-04-01:2021-04-30
2021-04-15,AporEner,179066500,kWh,xm:servapibi,2026-09-22T19:14:32Z,xm/2021/04/AporEner_Sistema.2021-04-01.ndjson#AporEner:Sistema:2021-04-01:2021-04-30
2021-04-15,AporEnerMediHist,167760000,kWh,xm:servapibi,2026-09-22T19:14:34Z,xm/2021/04/AporEnerMediHist_Sistema.2021-04-01.ndjson#AporEnerMediHist:Sistema:2021-04-01:2021-04-30
2021-04-15,CapaUtilDiarEner,16924074293,kWh,xm:servapibi,2026-09-22T19:14:31Z,xm/2021/04/CapaUtilDiarEner_Sistema.2021-04-01.ndjson#CapaUtilDiarEner:Sistema:2021-04-01:2021-04-30
2021-04-15,DemaSIN,209596857.87,kWh,xm:servapibi,2026-09-22T19:14:36Z,xm/2021/04/DemaSIN_Sistema.2021-04-01.ndjson#DemaSIN:Sistema:2021-04-01:2021-04-30
2021-04-15,PorcApor,1.0674,fraction,xm:servapibi,2026-09-22T19:14:35Z,xm/2021/04/PorcApor_Sistema.2021-04-01.ndjson#PorcApor:Sistema:2021-04-01:2021-04-30
2021-04-15,PorcVoluUtilDiar,0.60957,fraction,xm:servapibi,2026-09-22T19:14:28Z,xm/2021/04/PorcVoluUtilDiar_Sistema.2021-04-01.ndjson#PorcVoluUtilDiar:Sistema:2021-04-01:2021-04-30
2021-04-15,PrecBolsNaci,146.93994999999998,COP/kWh,xm:servapibi,2026-09-22T19:14:39Z,xm/2021/04/PrecBolsNaci_Sistema.2021-04-01.ndjson#PrecBolsNaci:Sistema:2021-04-01:2021-04-30
2021-04-15,PrecEscaAct,704.95927,COP/kWh,xm:servapibi,2026-09-22T19:14:38Z,xm/2021/04/PrecEscaAct_Sistema.2021-04-01.ndjson#PrecEscaAct:Sistema:2021-04-01:2021-04-30
2021-04-15,VoluUtilDiarEner,10316488400,kWh,xm:servapibi,2026-09-22T19:14:30Z,xm/2021/04/VoluUtilDiarEner_Sistema.2021-04-01.ndjson#VoluUtilDiarEner:Sistema:2021-04-01:2021-04-30
2021-04-16,AporEner,176952600,kWh,xm:servapibi,2026-09-22T19:14:32Z,xm/2021/04/AporEner_Sistema.2021-04-01.ndjson#AporEner:Sistema:2021-04-01:2021-04-30
2021-04-16,AporEnerMediHist,167760000,kWh,xm:servapibi,2026-09-22T19:14:34Z,xm/2021/04/AporEnerMediHist_Sistema.2021-04-01.ndjson#AporEnerMediHist:Sistema:2021-04-01:2021-04-30
2021-04-16,CapaUtilDiarEner,16924074293,kWh,xm:servapibi,2026-09-22T19:14:31Z,xm/2021/04/CapaUtilDiarEner_Sistema.2021-04-01.ndjson#CapaUtilDiarEner:Sistema:2021-04-01:2021-04-30
2021-04-16,DemaSIN,207473651.93,kWh,xm:servapibi,2026-09-22T19:14:36Z,xm/2021/04/DemaSIN_Sistema.2021-04-01.ndjson#DemaSIN:Sistema:2021-04-01:2021-04-30
2021-04-16,PorcApor,1.0548,fraction,xm:servapibi,2026-09-22T19:14:35Z,xm/2021/04/PorcApor_Sistema.2021-04-01.ndjson#PorcApor:Sistema:2021-04-01:2021-04-30
2021-04-16,PorcVoluUtilDiar,0.61046,fraction,xm:servapibi,2026-09-22T19:14:28Z,xm/2021/04/PorcVoluUtilDiar_Sistema.2021-04-01.ndjson#PorcVoluUtilDiar:Sistema:2021-04-01:2021-04-30
2021-04-16,PrecBolsNaci,159.82475500000007,COP/kWh,xm:servapibi,2026-09-22T19:14:39Z,xm/2021/04/PrecBolsNaci_Sistema.2021-04-01.ndjson#PrecBolsNaci:Sistema:2021-04-01:2021-04-30
2021-04-16,PrecEscaAct,704.95927,COP/kWh,xm:servapibi,2026-09-22T19:14:38Z,xm/2021/04/PrecEscaAct_Sistema.2021-04-01.ndjson#PrecEscaAct:Sistema:2021-04-01:2021-04-30
2021-04-16,VoluUtilDiarEner,10331474700,kWh,xm:servapibi,2026-09-22T19:14:30Z,xm/2021/04/VoluUtilDiarEner_Sistema.2021-04-01.ndjson#VoluUtilDiarEner:Sistema:2021-04-01:2021-04-30
2021-04-17,AporEner,214545900,kWh,xm:servapibi,2026-09-22T19:14:32Z,xm/2021/04/AporEner_Sistema.2021-04-01.ndjson#AporEner:Sistema:2021-04-01:2021-04-30
2021-04-17,AporEnerMediHist,167760000,kWh,xm:servapibi,2026-09-22T19:14:34Z,xm/2021/04/AporEnerMediHist_Sistema.2021-04-01.ndjson#AporEnerMediHist:Sistema:2021-04-01:2021-04-30
2021-04-17,CapaUtilDiarEner,16924074293,kWh,xm:servapibi,2026-09-22T19:14:31Z,xm/2021/04/CapaUtilDiarEner_Sistema.2021-04-01.ndjson#CapaUtilDiarEner:Sistema:2021-04-01:2021-04-30
2021-04-17,DemaSIN,200705790.12,kWh,xm:servapibi,2026-09-22T19:14:36Z,xm/2021/04/DemaSIN_Sistema.2021-04-01.ndjson#DemaSIN:Sistema:2021-04-01:2021-04-30
2021-04-17,PorcApor,1.27889,fraction,xm:servapibi,2026-09-22T19:14:35Z,xm/2021/04/PorcApor_Sistema.2021-04-01.ndjson#PorcApor:Sistema:2021-04-01:2021-04-30
2021-04-17,PorcVoluUtilDiar,0.61312,fraction,xm:servapibi,2026-09-22T19:14:28Z,xm/2021/04/PorcVoluUtilDiar_Sistema.2021-04-01.ndjson#PorcVoluUtilDiar:Sistema:2021-04-01:2021-04-30
2021-04-17,PrecBolsNaci,168.04977333333338,COP/kWh,xm:servapibi,2026-09-22T19:14:39Z,xm/2021/04/PrecBolsNaci_Sistema.2021-04-01.ndjson#PrecBolsNaci:Sistema:2021-04-01:2021-04-30
2021-04-17,PrecEscaAct,704.95927,COP/kWh,xm:servapibi,2026-09-22T19:14:38Z,xm/2021/04/PrecEscaAct_Sistema.2021-04-01.ndjson#PrecEscaAct:Sistema:2021-04-01:2021-04-30
2021-04-17,VoluUtilDiarEner,10376535400,kWh,xm:servapibi,2026-09-22T19:14:30Z,xm/2021/04/VoluUtilDiarEner_Sistema.2021-04-01.ndjson#VoluUtilDiarEner:Sistema:2021-04-01:2021-04-30
2021-04-18,AporEner,176192000,kWh,xm:servapibi,2026-09-22T19:14:32Z,xm/2021/04/AporEner_Sistema.2021-04-01.ndjson#AporEner:Sistema:2021-04-01:2021-04-30
2021-04-18,AporEnerMediHist,167760000,kWh,xm:servapibi,2026-09-22T19:14:34Z,xm/2021/04/AporEnerMediHist_Sistema.2021-04-01.ndjson#AporEnerMediHist:Sistema:2021-04-01:2021-04-30
2021-04-18,CapaUtilDiarEner,16924074293,kWh,xm:servapibi,2026-09-22T19:14:31Z,xm/2021/04/CapaUtilDiarEner_Sistema.2021-04-01.ndjson#CapaUtilDiarEner:Sistema:2021-04-01:2021-04-30
2021-04-18,DemaSIN,181776817.88,kWh,xm:servapibi,2026-09-22T19:14:36Z,xm/2021/04/DemaSIN_Sistema.2021-04-01.ndjson#DemaSIN:Sistema:2021-04-01:2021-04-30
2021-04-18,PorcApor,1.05026,fraction,xm:servapibi,2026-09-22T19:14:35Z,xm/2021/04/PorcApor_Sistema.2021-04-01.ndjson#PorcApor:Sistema:2021-04-01:2021-04-30
2021-04-18,PorcVoluUtilDiar,0.61472,fraction,xm:servapibi,2026-09-22T19:14:28Z,xm/2021/04/PorcVoluUtilDiar_Sistema.2021-04-01.ndjson#PorcVoluUtilDiar:Sistema:2021-04-01:2021-04-30
2021-04-18,PrecBolsNaci,160.7399566666666,COP/kWh,xm:servapibi,2026-09-22T19:14:39Z,xm/2021/04/PrecBolsNaci_Sistema.2021-04-01.ndjson#PrecBolsNaci:Sistema:2021-04-01:2021-04-30
2021-04-18,PrecEscaAct,704.95927,COP/kWh,xm:servapibi,2026-09-22T19:14:38Z,xm/2021/04/PrecEscaAct_Sistema.2021-04-01.ndjson#PrecEscaAct:Sistema:2021-04-01:2021-04-30
2021-04-18,VoluUtilDiarEner,10403600600,kWh,xm:servapibi,2026-09-22T19:14:30Z,xm/2021/04/VoluUtilDiarEner_Sistema.2021-04-01.ndjson#VoluUtilDiarEner:Sistema:2021-04-01:2021-04-30
2021-04-19,AporEner,155951100,kWh,xm:servapibi,2026-09-22T19:14:32Z,xm/2021/04/AporEner_Sistema.2021-04-01.ndjson#AporEner:Sistema:2021-04-01:2021-04-30
2021-04-19,AporEnerMediHist,167760000,kWh,xm:servapibi,2026-09-22T19:14:34Z,xm/2021/04/AporEnerMediHist_Sistema.2021-04-01.ndjson#AporEnerMediHist:Sistema:2021-04-01:2021-04-30
2021-04-19,CapaUtilDiarEner,16924074293,kWh,xm:servapibi,2026-09-22T19:14:31Z,xm/2021/04/CapaUtilDiarEner_Sistema.2021-04-01.ndjson#CapaUtilDiarEner:Sistema:2021-04-01:2021-04-30
2021-04-19,DemaSIN,208510473.68,kWh,xm:servapibi,2026-09-22T19:14:36Z,xm/2021/04/DemaSIN_Sistema.2021-04-01.ndjson#DemaSIN:Sistema:2021-04-01:2021-04-30
2021-04-19,PorcApor,0.92961,fraction,xm:servapibi,2026-09-22T19:14:35Z,xm/2021/04/PorcApor_Sistema.2021-04-01.ndjson#PorcApor:Sistema:2021-04-01:2021-04-30
2021-04-19,PorcVoluUtilDiar,0.61431,fraction,xm:servapibi,2026-09-22T19:14:28Z,xm/2021/04/PorcVoluUtilDiar_Sistema.2021-04-01.ndjson#PorcVoluUtilDiar:Sistema:2021-04-01:2021-04-30
2021-04-19,PrecBolsNaci,174.30431833333338,COP/kWh,xm:servapibi,2026-09-22T19:14:39Z,xm/2021/04/PrecBolsNaci_Sistema.2021-04-01.ndjson#PrecBolsNaci:Sistema:2021-04-01:2021-04-30
2021-04-19,PrecEscaAct,704.95927,COP/kWh,xm:servapibi,2026-09-22T19:14:38Z,xm/2021/04/PrecEscaAct_Sistema.2021-04-01.ndjson#PrecEscaAct:Sistema:2021-04-01:2021-04-30
2021-04-19,VoluUtilDiarEner,10396559200,kWh,xm:servapibi,2026-09-22T19:14:30Z,xm/2021/04/VoluUtilDiarEner_Sistema.2021-04-01.ndjson#VoluUtilDiarEner:Sistema:2021-04-01:2021-04-30
2021-04-20,AporEner,121863600,kWh,xm:servapibi,2026-09-22T19:14:32Z,xm/2021/04/AporEner_Sistema.2021-04-01.ndjson#AporEner:Sistema:2021-04-01:2021-04-30
2021-04-20,AporEnerMediHist,167760000,kWh,xm:servapibi,2026-09-22T19:14:34Z,xm/2021/04/AporEnerMediHist_Sistema.2021-04-01.ndjson#AporEnerMediHist:Sistema:2021-04-01:2021-04-30
2021-04-20,CapaUtilDiarEner,16924074293,kWh,xm:servapibi,2026-09-22T19:14:31Z,xm/2021/04/CapaUtilDiarEner_Sistema.2021-04-01.ndjson#CapaUtilDiarEner:Sistema:2021-04-01:2021-04-30
2021-04-20,DemaSIN,213722644.43,kWh,xm:servapibi,2026-09-22T19:14:36Z,xm/2021/04/DemaSIN_Sistema.2021-04-01.ndjson#DemaSIN:Sistema:2021-04-01:2021-04-30
2021-04-20,PorcApor,0.72642,fraction,xm:servapibi,2026-09-22T19:14:35Z,xm/2021/04/PorcApor_Sistema.2021-04-01.ndjson#PorcApor:Sistema:2021-04-01:2021-04-30
2021-04-20,PorcVoluUtilDiar,0.61125,fraction,xm:servapibi,2026-09-22T19:14:28Z,xm/2021/04/PorcVoluUtilDiar_Sistema.2021-04-01.ndjson#PorcVoluUtilDiar:Sistema:2021-04-01:2021-04-30
2021-04-20,PrecBolsNaci,174.6653933333334,COP/kWh,xm:servapibi,2026-09-22T19:14:39Z,xm/2021/04/PrecBolsNaci_Sistema.2021-04-01.ndjson#PrecBolsNaci:Sistema:2021-04-01:2021-04-30
2021-04-20,PrecEscaAct,704.95927,COP/kWh,xm:servapibi,2026-09-22T19:14:38Z,xm/2021/04/PrecEscaAct_Sistema.2021-04-01.ndjson#PrecEscaAct:Sistema:2021-04-01:2021-04-30
2021-04-20,VoluUtilDiarEner,10344855500,kWh,xm:servapibi,2026-09-22T19:14:30Z,xm/2021/04/VoluUtilDiarEner_Sistema.2021-04-01.ndjson#VoluUtilDiarEner:Sistema:2021-04-01:2021-04-30
2021-04-21,AporEner,131160900,kWh,xm:servapibi,2026-09-22T19:14:32Z,xm/2021/04/AporEner_Sistema.2021-04-01.ndjson#AporEner:Sistema:2021-04-01:2021-04-30
2021-04-21,AporEnerMediHist,167760000,kWh,xm:servapibi,2026-09-22T19:14:34Z,xm/2021/04/AporEnerMediHist_Sistema.2021-04-01.ndjson#AporEnerMediHist:Sistema:2021-04-01:2021-04-30
2021-04-21,CapaUtilDiarEner,16924074293,kWh,xm:servapibi,2026-09-22T19:14:31Z,xm/2021/04/CapaUtilDiarEner_Sistema.2021-04-01.ndjson#CapaUtilDiarEner:Sistema:2021-04-01:2021-04-30
2021-04-21,DemaSIN,212380121.96,kWh,xm:servapibi,2026-09-22T19:14:36Z,xm/2021/04/DemaSIN_Sistema.2021-04-01.ndjson#DemaSIN:Sistema:2021-04-01:2021-04-30
2021-04-21,PorcApor,0.78184,fraction,xm:servapibi,2026-09-22T19:14:35Z,xm/2021/04/PorcApor_Sistema.2021-04-01.ndjson#PorcApor:Sistema:2021-04-01:2021-04-30
2021-04-21,PorcVoluUtilDiar,0.60939,fraction,xm:servapibi,2026-09-22T19:14:28Z,xm/2021/04/PorcVoluUtilDiar_Sistema.2021-04-01.ndjson#PorcVoluUtilDiar:Sistema:2021-04-01:2021-04-30
2021-04-21,PrecBolsNaci,186.6922933333333,COP/kWh,xm:servapibi,2026-09-22T19:14:39Z,xm/2021/04/PrecBolsNaci_Sistema.2021-04-01.ndjson#PrecBolsNaci:Sistema:2021-04-01:2021-04-30
2021-04-21,PrecEscaAct,704.95927,COP/kWh,xm:servapibi,2026-09-22T19:14:38Z,xm/2021/04/PrecEscaAct_Sistema.2021-04-01.ndjson#PrecEscaAct:Sistema:2021-04-01:2021-04-30
2021-04-21,VoluUtilDiarEner,10313396800,kWh,xm:servapibi,2026-09-22T19:14:30Z,xm/2021/04/VoluUtilDiarEner_Sistema.2021-04-01.ndjson#VoluUtilDiarEner:Sistema:2021-04-01:2021-04-30
2021-04-22,AporEner,118236500,kWh,xm:servapibi,2026-09-22T19:14:32Z,xm/2021/04/AporEner_Sistema.2021-04-01.ndjson#AporEner:Sistema:2021-04-01:2021-04-30
2021-04-22,AporEnerMediHist,167760000,kWh,xm:servapibi,2026-09-22T19:14:34Z,xm/2021/04/AporEnerMediHist_Sistema.2021-04-01.ndjson#AporEnerMediHist:Sistema:2021-04-01:2021-04-30
2021-04-22,CapaUtilDiarEner,16924074293,kWh,xm:servapibi,2026-09-22T19:14:31Z,xm/2021/04/CapaUtilDiarEner_Sistema.2021-04-01.ndjson#CapaUtilDiarEner:Sistema:2021-04-01:2021-04-30
2021-04-22,DemaSIN,213599764.77,kWh,xm:servapibi,2026-09-22T19:14:36Z,xm/2021/04/DemaSIN_Sistema.2021-04-01.ndjson#DemaSIN:Sistema:2021-04-01:2021-04-30
2021-04-22,PorcApor,0.7048,fraction,xm:servapibi,2026-09-22T19:14:35Z,xm/2021/04/PorcApor_Sistema.2021-04-01.ndjson#PorcApor:Sistema:2021-04-01:2021-04-30
2021-04-22,PorcVoluUtilDiar,0.60633,fraction,xm:servapibi,2026-09-22T19:14:28Z,xm/2021/04/PorcVoluUtilDiar_Sistema.2021-04-01.ndjson#PorcVoluUtilDiar:Sistema:2021-04-01:2021-04-30
2021-04-22,PrecBolsNaci,177.8049266666667,COP/kWh,xm:servapibi,2026-09-22T19:14:39Z,xm/2021/04/PrecBolsNaci_Sistema.2021-04-01.ndjson#PrecBolsNaci:Sistema:2021-04-01:2021-04-30
2021-04-22,PrecEscaAct,704.95927,COP/kWh,xm:servapibi,2026-09-22T19:14:38Z,xm/2021/04/PrecEscaAct_Sistema.2021-04-01.ndjson#PrecEscaAct:Sistema:2021-04-01:2021-04-30
2021-04-22,VoluUtilDiarEner,10261579000,kWh,xm:servapibi,2026-09-22T19:14:30Z,xm/2021/04/VoluUtilDiarEner_Sistema.2021-04-01.ndjson#VoluUtilDiarEner:Sistema:2021-04-01:2021-04-30
2021-04-23,AporEner,151982200,kWh,xm:servapibi,2026-09-22T19:14:32Z,xm/2021/04/AporEner_Sistema.2021-04-01.ndjson#AporEner:Sistema:2021-04-01:2021-04-30
2021-04-23,AporEnerMediHist,167760000,kWh,xm:servapibi,2026-09-22T19:14:34Z,xm/2021/04/AporEnerMediHist_Sistema.2021-04-01.ndjson#AporEnerMediHist:Sistema:2021-04-01:2021-04-30
2021-04-23,CapaUtilDiarEner,16924074293,kWh,xm:servapibi,2026-09-22T19:14:31Z,xm/2021/04/CapaUtilDiarEner_Sistema.2021-04-01.ndjson#CapaUtilDiarEner:Sistema:2021-04-01:2021-04-30
2021-04-23,DemaSIN,211168516.13,kWh,xm:servapibi,2026-09-22T19:14:36Z,xm/2021/04/DemaSIN_Sistema.2021-04-01.ndjson#DemaSIN:Sistema:2021-04-01:2021-04-30
2021-04-23,PorcApor,0.90595,fraction,xm:servapibi,2026-09-22T19:14:35Z,xm/2021/04/PorcApor_Sistema.2021-04-01.ndjson#PorcApor:Sistema:2021-04-01:2021-04-30
2021-04-23,PorcVoluUtilDiar,0.60699,fraction,xm:servapibi,2026-09-22T19:14:28Z,xm/2021/04/PorcVoluUtilDiar_Sistema.2021-04-01.ndjson#PorcVoluUtilDiar:Sistema:2021-04-01:2021-04-30
2021-04-23,PrecBolsNaci,171.69461,COP/kWh,xm:servapibi,2026-09-22T19:14:39Z,xm/2021/04/PrecBolsNaci_Sistema.2021-04-01.ndjson#PrecBolsNaci:Sistema:2021-04-01:2021-04-30
2021-04-23,PrecEscaAct,704.95927,COP/kWh,xm:servapibi,2026-09-22T19:14:38Z,xm/2021/04/PrecEscaAct_Sistema.2021-04-01.ndjson#PrecEscaAct:Sistema:2021-04-01:2021-04-30
2021-04-23,VoluUtilDiarEner,10272723500,kWh,xm:servapibi,2026-09-22T19:14:30Z,xm/2021/04/VoluUtilDiarEner_Sistema.2021-04-01.ndjson#VoluUtilDiarEner:Sistema:2021-04-01:2021-04-30
2021-04-24,AporEner,142221300,kWh,xm:servapibi,2026-09-22T19:14:32Z,xm/2021/04/AporEner_Sistema.2021-04-01.ndjson#AporEner:Sistema:2021-04-01:2021-04-30
2021-04-24,AporEnerMediHist,167760000,kWh,xm:servapibi,2026-09-22T19:14:34Z,xm/2021/04/AporEnerMediHist_Sistema.2021-04-01.ndjson#AporEnerMediHist:Sistema:2021-04-01:2021-04-30
2021-04-24,CapaUtilDiarEner,16924074293,kWh,xm:servapibi,2026-09-22T19:14:31Z,xm/2021/04/CapaUtilDiarEner_Sistema.2021-04-01.ndjson#CapaUtilDiarEner:Sistema:2021-04-01:2021-04-30
2021-04-24,DemaSIN,202960378.49,kWh,xm:servapibi,2026-09-22T19:14:36Z,xm/2021/04/DemaSIN_Sistema.2021-04-01.ndjson#DemaSIN:Sistema:2021-04-01:2021-04-30
2021-04-24,PorcApor,0.84777,fraction,xm:servapibi,2026-09-22T19:14:35Z,xm/2021/04/PorcApor_Sistema.2021-04-01.ndjson#PorcApor:Sistema:2021-04-01:2021-04-30
2021-04-24,PorcVoluUtilDiar,0.60622,fraction,xm:servapibi,2026-09-22T19:14:28Z,xm/2021/04/PorcVoluUtilDiar_Sistema.2021-04-01.ndjson#PorcVoluUtilDiar:Sistema:2021-04-01:2021-04-30
2021-04-24,PrecBolsNaci,179.29616833333333,COP/kWh,xm:servapibi,2026-09-22T19:14:39Z,xm/2021/04/PrecBolsNaci_Sistema.2021-04-01.ndjson#PrecBolsNaci:Sistema:2021-04-01:2021-04-30
2021-04-24,PrecEscaAct,704.95927,COP/kWh,xm:servapibi,2026-09-22T19:14:38Z,xm/2021/04/PrecEscaAct_Sistema.2021-04-01.ndjson#PrecEscaAct:Sistema:2021-04-01:2021-04-30
2021-04-24,VoluUtilDiarEner,10259654900,kWh,xm:servapibi,2026-09-22T19:14:30Z,xm/2021/04/VoluUtilDiarEner_Sistema.2021-04-01.ndjson#VoluUtilDiarEner:Sistema:2021-04-01:2021-04-30
2021-04-25,AporEner,115081200,kWh,xm:servapibi,2026-09-22T19:14:32Z,xm/2021/04/AporEner_Sistema.2021-04-01.ndjson#AporEner:Sistema:2021-04-01:2021-04-30
2021-04-25,AporEnerMediHist,167760000,kWh,xm:servapibi,2026-09-22T19:14:34Z,xm/2021/04/AporEnerMediHist_Sistema.2021-04-01.ndjson#AporEnerMediHist:Sistema:2021-04-01:2021-04-30
2021-04-25,CapaUtilDiarEner,16924074293,kWh,xm:servapibi,2026-09-22T19:14:31Z,xm/2021/04/CapaUtilDiarEner_Sistema.2021-04-01.ndjson#CapaUtilDiarEner:Sistema:2021-04-01:2021-04-30
2021-04-25,DemaSIN,187622482.97,kWh,xm:servapibi,2026-09-22T19:14:36Z,xm/2021/04/DemaSIN_Sistema.2021-04-01.ndjson#DemaSIN:Sistema:2021-04-01:2021-04-30
2021-04-25,PorcApor,0.68599,fraction,xm:servapibi,2026-09-22T19:14:35Z,xm/2021/04/PorcApor_Sistema.2021-04-01.ndjson#PorcApor:Sistema:2021-04-01:2021-04-30
2021-04-25,PorcVoluUtilDiar,0.60536,fraction,xm:servapibi,2026-09-22T19:14:28Z,xm/2021/04/PorcVoluUtilDiar_Sistema.2021-04-01.ndjson#PorcVoluUtilDiar:Sistema:2021-04-01:2021-04-30
2021-04-25,PrecBolsNaci,182.0530333333334,COP/kWh,xm:servapibi,2026-09-22T19:14:39Z,xm/2021/04/PrecBolsNaci_Sistema.2021-04-01.ndjson#PrecBolsNaci:Sistema:2021-04-01:2021-04-30
2021-04-25,PrecEscaAct,704.95927,COP/kWh,xm:servapibi,2026-09-22T19:14:38Z,xm/2021/04/PrecEscaAct_Sistema.2021-04-01.ndjson#PrecEscaAct:Sistema:2021-04-01:2021-04-30
2021-04-25,VoluUtilDiarEner,10245138300,kWh,xm:servapibi,2026-09-22T19:14:30Z,xm/2021/04/VoluUtilDiarEner_Sistema.2021-04-01.ndjson#VoluUtilDiarEner:Sistema:2021-04-01:2021-04-30
2021-04-26,AporEner,124914300,kWh,xm:servapibi,2026-09-22T19:14:32Z,xm/2021/04/AporEner_Sistema.2021-04-01.ndjson#AporEner:Sistema:2021-04-01:2021-04-30
2021-04-26,AporEnerMediHist,167760000,kWh,xm:servapibi,2026-09-22T19:14:34Z,xm/2021/04/AporEnerMediHist_Sistema.2021-04-01.ndjson#AporEnerMediHist:Sistema:2021-04-01:2021-04-30
2021-04-26,CapaUtilDiarEner,16924074293,kWh,xm:servapibi,2026-09-22T19:14:31Z,xm/2021/04/CapaUtilDiarEner_Sistema.2021-04-01.ndjson#CapaUtilDiarEner:Sistema:2021-04-01:2021-04-30
2021-04-26,DemaSIN,209814907.6,kWh,xm:servapibi,2026-09-22T19:14:36Z,xm/2021/04/DemaSIN_Sistema.2021-04-01.ndjson#DemaSIN:Sistema:2021-04-01:2021-04-30
2021-04-26,PorcApor,0.7446,fraction,xm:servapibi,2026-09-22T19:14:35Z,xm/2021/04/PorcApor_Sistema.2021-04-01.ndjson#PorcApor:Sistema:2021-04-01:2021-04-30
2021-04-26,PorcVoluUtilDiar,0.60328,fraction,xm:servapibi,2026-09-22T19:14:28Z,xm/2021/04/PorcVoluUtilDiar_Sistema.2021-04-01.ndjson#PorcVoluUtilDiar:Sistema:2021-04-01:2021-04-30
2021-04-26,PrecBolsNaci,188.30652166666667,COP/kWh,xm:servapibi,2026-09-22T19:14:39Z,xm/2021/04/PrecBolsNaci_Sistema.2021-04-01.ndjson#PrecBolsNaci:Sistema:2021-04-01:2021-04-30
2021-04-26,PrecEscaAct,704.95927,COP/kWh,xm:servapibi,2026-09-22T19:14:38Z,xm/2021/04/PrecEscaAct_Sistema.2021-04-01.ndjson#PrecEscaAct:Sistema:2021-04-01:2021-04-30
2021-04-26,VoluUtilDiarEner,10209938700,kWh,xm:servapibi,2026-09-22T19:14:30Z,xm/2021/04/VoluUtilDiarEner_Sistema.2021-04-01.ndjson#VoluUtilDiarEner:Sistema:2021-04-01:2021-04-30
2021-04-27,AporEner,181931800,kWh,xm:servapibi,2026-09-22T19:14:32Z,xm/2021/04/AporEner_Sistema.2021-04-01.ndjson#AporEner:Sistema:2021-04-01:2021-04-30
2021-04-27,AporEnerMediHist,167760000,kWh,xm:servapibi,2026-09-22T19:14:34Z,xm/2021/04/AporEnerMediHist_Sistema.2021-04-01.ndjson#AporEnerMediHist:Sistema:2021-04-01:2021-04-30
2021-04-27,CapaUtilDiarEner,16924074293,kWh,xm:servapibi,2026-09-22T19:14:31Z,xm/2021/04/CapaUtilDiarEner_Sistema.2021-04-01.ndjson#CapaUtilDiarEner:Sistema:2021-04-01:2021-04-30
2021-04-27,DemaSIN,207809834.56,kWh,xm:servapibi,2026-09-22T19:14:36Z,xm/2021/04/DemaSIN_Sistema.2021-04-01.ndjson#DemaSIN:Sistema:2021-04-01:2021-04-30
2021-04-27,PorcApor,1.08448,fraction,xm:servapibi,2026-09-22T19:14:35Z,xm/2021/04/PorcApor_Sistema.2021-04-01.ndjson#PorcApor:Sistema:2021-04-01:2021-04-30
2021-04-27,PorcVoluUtilDiar,0.60523,fraction,xm:servapibi,2026-09-22T19:14:28Z,xm/2021/04/PorcVoluUtilDiar_Sistema.2021-04-01.ndjson#PorcVoluUtilDiar:Sistema:2021-04-01:2021-04-30
2021-04-27,PrecBolsNaci,181.75336000000004,COP/kWh,xm:servapibi,2026-09-22T19:14:39Z,xm/2021/04/PrecBolsNaci_Sistema.2021-04-01.ndjson#PrecBolsNaci:Sistema:2021-04-01:2021-04-30
2021-04-27,PrecEscaAct,704.95927,COP/kWh,xm:servapibi,2026-09-22T19:14:38Z,xm/2021/04/PrecEscaAct_Sistema.2021-04-01.ndjson#PrecEscaAct:Sistema:2021-04-01:2021-04-30
2021-04-27,VoluUtilDiarEner,10242907900,kWh,xm:servapibi,2026-09-22T19:14:30Z,xm/2021/04/VoluUtilDiarEner_Sistema.2021-04-01.ndjson#VoluUtilDiarEner:Sistema:2021-04-01:2021-04-30
2021-04-28,AporEner,184193000,kWh,xm:servapibi,2026-09-22T19:14:32Z,xm/2021/04/AporEner_Sistema.2021-04-01.ndjson#AporEner:Sistema:2021-04-01:2021-04-30
2021-04-28,AporEnerMediHist,167760000,kWh,xm:servapibi,2026-09-22T19:14:34Z,xm/2021/04/AporEnerMediHist_Sistema.2021-04-01.ndjson#AporEnerMediHist:Sistema:2021-04-01:2021-04-30
2021-04-28,CapaUtilDiarEner,16924074293,kWh,xm:servapibi,2026-09-22T19:14:31Z,xm/2021/04/CapaUtilDiarEner_Sistema.2021-04-01.ndjson#CapaUtilDiarEner:Sistema:2021-04-01:2021-04-30
2021-04-28,DemaSIN,198178877.4,kWh,xm:servapibi,2026-09-22T19:14:36Z,xm/2021/04/DemaSIN_Sistema.2021-04-01.ndjson#DemaSIN:Sistema:2021-04-01:2021-04-30
2021-04-28,PorcApor,1.09796,fraction,xm:servapibi,2026-09-22T19:14:35Z,xm/2021/04/PorcApor_Sistema.2021-04-01.ndjson#PorcApor:Sistema:2021-04-01:2021-04-30
2021-04-28,PorcVoluUtilDiar,0.60788,fraction,xm:servapibi,2026-09-22T19:14:28Z,xm/2021/04/PorcVoluUtilDiar_Sistema.2021-04-01.ndjson#PorcVoluUtilDiar:Sistema:2021-04-01:2021-04-30
2021-04-28,PrecBolsNaci,175.8852666666667,COP/kWh,xm:servapibi,2026-09-22T19:14:39Z,xm/2021/04/PrecBolsNaci_Sistema.2021-04-01.ndjson#PrecBolsNaci:Sistema:2021-04-01:2021-04-30
2021-04-28,PrecEscaAct,704.95927,COP/kWh,xm:servapibi,2026-09-22T19:14:38Z,xm/2021/04/PrecEscaAct_Sistema.2021-04-01.ndjson#PrecEscaAct:Sistema:2021-04-01:2021-04-30
2021-04-28,VoluUtilDiarEner,10287759000,kWh,xm:servapibi,2026-09-22T19:14:30Z,xm/2021/04/VoluUtilDiarEner_Sistema.2021-04-01.ndjson#VoluUtilDiarEner:Sistema:2021-04-01:2021-04-30
2021-04-29,AporEner,255185500,kWh,xm:servapibi,2026-09-22T19:14:32Z,xm/2021/04/AporEner_Sistema.2021-04-01.ndjson#AporEner:Sistema:2021-04-01:2021-04-30
2021-04-29,AporEnerMediHist,167760000,kWh,xm:servapibi,2026-09-22T19:14:34Z,xm/2021/04/AporEnerMediHist_Sistema.2021-04-01.ndjson#AporEnerMediHist:Sistema:2021-04-01:2021-04-30
2021-04-29,CapaUtilDiarEner,16924074293,kWh,xm:servapibi,2026-09-22T19:14:31Z,xm/2021/04/CapaUtilDiarEner_Sistema.2021-04-01.ndjson#CapaUtilDiarEner:Sistema:2021-04-01:2021-04-30
2021-04-29,DemaSIN,199638655.65,kWh,xm:servapibi,2026-09-22T19:14:36Z,xm/2021/04/DemaSIN_Sistema.2021-04-01.ndjson#DemaSIN:Sistema:2021-04-01:2021-04-30
2021-04-29,PorcApor,1.52113,fraction,xm:servapibi,2026-09-22T19:14:35Z,xm/2021/04/PorcApor_Sistema.2021-04-01.ndjson#PorcApor:Sistema:2021-04-01:2021-04-30
2021-04-29,PorcVoluUtilDiar,0.61444,fraction,xm:servapibi,2026-09-22T19:14:28Z,xm/2021/04/PorcVoluUtilDiar_Sistema.2021-04-01.ndjson#PorcVoluUtilDiar:Sistema:2021-04-01:2021-04-30
2021-04-29,PrecBolsNaci,166.71251333333328,COP/kWh,xm:servapibi,2026-09-22T19:14:39Z,xm/2021/04/PrecBolsNaci_Sistema.2021-04-01.ndjson#PrecBolsNaci:Sistema:2021-04-01:2021-04-30
2021-04-29,PrecEscaAct,704.95927,COP/kWh,xm:servapibi,2026-09-22T19:14:38Z,xm/2021/04/PrecEscaAct_Sistema.2021-04-01.ndjson#PrecEscaAct:Sistema:2021-04-01:2021-04-30
2021-04-29,VoluUtilDiarEner,10398760300,kWh,xm:servapibi,2026-09-22T19:14:30Z,xm/2021/04/VoluUtilDiarEner_Sistema.2021-04-01.ndjson#VoluUtilDiarEner:Sistema:2021-04-01:2021-04-30
2021-04-30,AporEner,394116500,kWh,xm:servapibi,2026-09-22T19:14:32Z,xm/2021/04/AporEner_Sistema.2021-04-01.ndjson#AporEner:Sistema:2021-04-01:2021-04-30
2021-04-30,AporEnerMediHist,167760000,kWh,xm:servapibi,2026-09-22T19:14:34Z,xm/2021/04/AporEnerMediHist_Sistema.2021-04-01.ndjson#AporEnerMediHist:Sistema:2021-04-01:2021-04-30
2021-04-30,CapaUtilDiarEner,16924074293,kWh,xm:servapibi,2026-09-22T19:14:31Z,xm/2021/04/CapaUtilDiarEner_Sistema.2021-04-01.ndjson#CapaUtilDiarEner:Sistema:2021-04-01:2021-04-30
2021-04-30,DemaSIN,194741501.34,kWh,xm:servapibi,2026-09-22T19:14:36Z,xm/2021/04/DemaSIN_Sistema.2021-04-01.ndjson#DemaSIN:Sistema:2021-04-01:2021-04-30
2021-04-30,PorcApor,2.34929,fraction,xm:servapibi,2026-09-22T19:14:35Z,xm/2021/04/PorcApor_Sistema.2021-04-01.ndjson#PorcApor:Sistema:2021-04-01:2021-04-30
2021-04-30,PorcVoluUtilDiar,0.62808,fraction,xm:servapibi,2026-09-22T19:14:28Z,xm/2021/04/PorcVoluUtilDiar_Sistema.2021-04-01.ndjson#PorcVoluUtilDiar:Sistema:2021-04-01:2021-04-30
2021-04-30,PrecBolsNaci,144.49057666666667,COP/kWh,xm:servapibi,2026-09-22T19:14:39Z,xm/2021/04/PrecBolsNaci_Sistema.2021-04-01.ndjson#PrecBolsNaci:Sistema:2021-04-01:2021-04-30
2021-04-30,PrecEscaAct,704.95927,COP/kWh,xm:servapibi,2026-09-22T19:14:38Z,xm/2021/04/PrecEscaAct_Sistema.2021-04-01.ndjson#PrecEscaAct:Sistema:2021-04-01:2021-04-30
2021-04-30,VoluUtilDiarEner,10629658700,kWh,xm:servapibi,2026-09-22T19:14:30Z,xm/2021/04/VoluUtilDiarEner_Sistema.2021-04-01.ndjson#VoluUtilDiarEner:Sistema:2021-04-01:2021-04-30
2021-05-01,AporEner,238794500,kWh,xm:servapibi,2026-09-22T19:14:47Z,xm/2021/05/AporEner_Sistema.2021-05-01.ndjson#AporEner:Sistema:2021-05-01:2021-05-31
2021-05-01,AporEnerMediHist,225060000,kWh,xm:servapibi,2026-09-22T19:14:49Z,xm/2021/05/AporEnerMediHist_Sistema.2021-05-01.ndjson#AporEnerMediHist:Sistema:2021-05-01:2021-05-31
2021-05-01,CapaUtilDiarEner,16924074293,kWh,xm:servapibi,2026-09-22T19:14:46Z,xm/2021/05/CapaUtilDiarEner_Sistema.2021-05-01.ndjson#CapaUtilDiarEner:Sistema:2021-05-01:2021-05-31
2021-05-01,DemaSIN,177470441.84,kWh,xm:servapibi,2026-09-22T19:14:51Z,xm/2021/05/DemaSIN_Sistema.2021-05-01.ndjson#DemaSIN:Sistema:2021-05-01:2021-05-31
2021-05-01,PorcApor,1.06103,fraction,xm:servapibi,2026-09-22T19:14:50Z,xm/2021/05/PorcApor_Sistema.2021-05-01.ndjson#PorcApor:Sistema:2021-05-01:2021-05-31
2021-05-01,PorcVoluUtilDiar,0.63326,fraction,xm:servapibi,2026-09-22T19:14:43Z,xm/2021/05/PorcVoluUtilDiar_Sistema.2021-05-01.ndjson#PorcVoluUtilDiar:Sistema:2021-05-01:2021-05-31
2021-05-01,PrecBolsNaci,137.7348266666666,COP/kWh,xm:servapibi,2026-09-22T19:14:54Z,xm/2021/05/PrecBolsNaci_Sistema.2021-05-01.ndjson#PrecBolsNaci:Sistema:2021-05-01:2021-05-31
2021-05-01,PrecEscaAct,749.96743,COP/kWh,xm:servapibi,2026-09-22T19:14:53Z,xm/2021/05/PrecEscaAct_Sistema.2021-05-01.ndjson#PrecEscaAct:Sistema:2021-05-01:2021-05-31
2021-05-01,VoluUtilDiarEner,10717408200,kWh,xm:servapibi,2026-09-22T19:14:45Z,xm/2021/05/VoluUtilDiarEner_Sistema.2021-05-01.ndjson#VoluUtilDiarEner:Sistema:2021-05-01:2021-05-31
2021-05-02,AporEner,318338200,kWh,xm:servapibi,2026-09-22T19:14:47Z,xm/2021/05/AporEner_Sistema.2021-05-01.ndjson#AporEner:Sistema:2021-05-01:2021-05-31
2021-05-02,AporEnerMediHist,225060000,kWh,xm:servapibi,2026-09-22T19:14:49Z,xm/2021/05/AporEnerMediHist_Sistema.2021-05-01.ndjson#AporEnerMediHist:Sistema:2021-05-01:2021-05-31
2021-05-02,CapaUtilDiarEner,16924074293,kWh,xm:servapibi,2026-09-22T19:14:46Z,xm/2021/05/CapaUtilDiarEner_Sistema.2021-05-01.ndjson#CapaUtilDiarEner:Sistema:2021-05-01:2021-05-31
2021-05-02,DemaSIN,171428101.32,kWh,xm:servapibi,2026-09-22T19:14:51Z,xm/2021/05/DemaSIN_Sistema.2021-05-01.ndjson#DemaSIN:Sistema:2021-05-01:2021-05-31
2021-05-02,PorcApor,1.41446,fraction,xm:servapibi,2026-09-22T19:14:50Z,xm/2021/05/PorcApor_Sistema.2021-05-01.ndjson#PorcApor:Sistema:2021-05-01:2021-05-31
2021-05-02,PorcVoluUtilDiar,0.6436,fraction,xm:servapibi,2026-09-22T19:14:43Z,xm/2021/05/PorcVoluUtilDiar_Sistema.2021-05-01.ndjson#PorcVoluUtilDiar:Sistema:2021-05-01:2021-05-31
2021-05-02,PrecBolsNaci,122.9677333333334,COP/kWh,xm:servapibi,2026-09-22T19:14:54Z,xm/2021/05/PrecBolsNaci_Sistema.2021-05-01.ndjson#PrecBolsNaci:Sistema:2021-05-01:2021-05-31
2021-05-02,PrecEscaAct,749.96743,COP/kWh,xm:servapibi,2026-09-22T19:14:53Z,xm/2021/05/PrecEscaAct_Sistema.2021-05-01.ndjson#PrecEscaAct:Sistema:2021-05-01:2021-05-31
2021-05-02,VoluUtilDiarEner,10892378600,kWh,xm:servapibi,2026-09-22T19:14:45Z,xm/2021/05/VoluUtilDiarEner_Sistema.2021-05-01.ndjson#VoluUtilDiarEner:Sistema:2021-05-01:2021-05-31
2021-05-03,AporEner,413002500,kWh,xm:servapibi,2026-09-22T19:14:47Z,xm/2021/05/AporEner_Sistema.2021-05-01.ndjson#AporEner:Sistema:2021-05-01:2021-05-31
2021-05-03,AporEnerMediHist,225060000,kWh,xm:servapibi,2026-09-22T19:14:49Z,xm/2021/05/AporEnerMediHist_Sistema.2021-05-01.ndjson#AporEnerMediHist:Sistema:2021-05-01:2021-05-31
2021-05-03,CapaUtilDiarEner,16924074293,kWh,xm:servapibi,2026-09-22T19:14:46Z,xm/2021/05/CapaUtilDiarEner_Sistema.2021-05-01.ndjson#CapaUtilDiarEner:Sistema:2021-05-01:2021-05-31
2021-05-03,DemaSIN,189442795.63,kWh,xm:servapibi,2026-09-22T19:14:51Z,xm/2021/05/DemaSIN_Sistema.2021-05-01.ndjson#DemaSIN:Sistema:2021-05-01:2021-05-31
2021-05-03,PorcApor,1.83508,fraction,xm:servapibi,2026-09-22T19:14:50Z,xm/2021/05/PorcApor_Sistema.2021-05-01.ndjson#PorcApor:Sistema:2021-05-01:2021-05-31
2021-05-03,PorcVoluUtilDiar,0.6592,fraction,xm:servapibi,2026-09-22T19:14:43Z,xm/2021/05/PorcVoluUtilDiar_Sistema.2021-05-01.ndjson#PorcVoluUtilDiar:Sistema:2021-05-01:2021-05-31
2021-05-03,PrecBolsNaci,126.76299499999998,COP/kWh,xm:servapibi,2026-09-22T19:14:54Z,xm/2021/05/PrecBolsNaci_Sistema.2021-05-01.ndjson#PrecBolsNaci:Sistema:2021-05-01:2021-05-31
2021-05-03,PrecEscaAct,749.96743,COP/kWh,xm:servapibi,2026-09-22T19:14:53Z,xm/2021/05/PrecEscaAct_Sistema.2021-05-01.ndjson#PrecEscaAct:Sistema:2021-05-01:2021-05-31
2021-05-03,VoluUtilDiarEner,11156339800,kWh,xm:servapibi,2026-09-22T19:14:45Z,xm/2021/05/VoluUtilDiarEner_Sistema.2021-05-01.ndjson#VoluUtilDiarEner:Sistema:2021-05-01:2021-05-31
2021-05-04,AporEner,389111200,kWh,xm:servapibi,2026-09-22T19:14:47Z,xm/2021/05/AporEner_Sistema.2021-05-01.ndjson#AporEner:Sistema:2021-05-01:2021-05-31
2021-05-04,AporEnerMediHist,225060000,kWh,xm:servapibi,2026-09-22T19:14:49Z,xm/2021/05/AporEnerMediHist_Sistema.2021-05-01.ndjson#AporEnerMediHist:Sistema:2021-05-01:2021-05-31
2021-05-04,CapaUtilDiarEner,16924074293,kWh,xm:servapibi,2026-09-22T19:14:46Z,xm/2021/05/CapaUtilDiarEner_Sistema.2021-05-01.ndjson#CapaUtilDiarEner:Sistema:2021-05-01:2021-05-31
2021-05-04,DemaSIN,191277314.31,kWh,xm:servapibi,2026-09-22T19:14:51Z,xm/2021/05/DemaSIN_Sistema.2021-05-01.ndjson#DemaSIN:Sistema:2021-05-01:2021-05-31
2021-05-04,PorcApor,1.72892,fraction,xm:servapibi,2026-09-22T19:14:50Z,xm/2021/05/PorcApor_Sistema.2021-05-01.ndjson#PorcApor:Sistema:2021-05-01:2021-05-31
2021-05-04,PorcVoluUtilDiar,0.67006,fraction,xm:servapibi,2026-09-22T19:14:43Z,xm/2021/05/PorcVoluUtilDiar_Sistema.2021-05-01.ndjson#PorcVoluUtilDiar:Sistema:2021-05-01:2021-05-31
2021-05-04,PrecBolsNaci,110.23154666666665,COP/kWh,xm:servapibi,2026-09-22T19:14:54Z,xm/2021/05/PrecBolsNaci_Sistema.2021-05-01.ndjson#PrecBolsNaci:Sistema:2021-05-01:2021-05-31
2021-05-04,PrecEscaAct,749.96743,COP/kWh,xm:servapibi,2026-09-22T19:14:53Z,xm/2021/05/PrecEscaAct_Sistema.2021-05-01.ndjson#PrecEscaAct:Sistema:2021-05-01:2021-05-31
2021-05-04,VoluUtilDiarEner,11340107900,kWh,xm:servapibi,2026-09-22T19:14:45Z,xm/2021/05/VoluUtilDiarEner_Sistema.2021-05-01.ndjson#VoluUtilDiarEner:Sistema:2021-05-01:2021-05-31
2021-05-05,AporEner,373481000,kWh,xm:servapibi,2026-09-22T19:14:47Z,xm/2021/05/AporEner_Sistema.2021-05-01.ndjson#AporEner:Sistema:2021-05-01:2021-05-31
2021-05-05,AporEnerMediHist,225060000,kWh,xm:servapibi,2026-09-22T19:14:49Z,xm/2021/05/AporEnerMediHist_Sistema.2021-05-01.ndjson#AporEnerMediHist:Sistema:2021-05-01:2021-05-31
2021-05-05,CapaUtilDiarEner,16924074293,kWh,xm:servapibi,2026-09-22T19:14:46Z,xm/2021/05/CapaUtilDiarEner_Sistema.2021-05-01.ndjson#CapaUtilDiarEner:Sistema:2021-05-01:2021-05-31
2021-05-05,DemaSIN,188880064.78,kWh,xm:servapibi,2026-09-22T19:14:51Z,xm/2021/05/DemaSIN_Sistema.2021-05-01.ndjson#DemaSIN:Sistema:2021-05-01:2021-05-31
2021-05-05,PorcApor,1.65947,fraction,xm:servapibi,2026-09-22T19:14:50Z,xm/2021/05/PorcApor_Sistema.2021-05-01.ndjson#PorcApor:Sistema:2021-05-01:2021-05-31
2021-05-05,PorcVoluUtilDiar,0.70477,fraction,xm:servapibi,2026-09-22T19:14:43Z,xm/2021/05/PorcVoluUtilDiar_Sistema.2021-05-01.ndjson#PorcVoluUtilDiar:Sistema:2021-05-01:2021-05-31
2021-05-05,PrecBolsNaci,136.7338366666666,COP/kWh,xm:servapibi,2026-09-22T19:14:54Z,xm/2021/05/PrecBolsNaci_Sistema.2021-05-01.ndjson#PrecBolsNaci:Sistema:2021-05-01:2021-05-31
2021-05-05,PrecEscaAct,749.96743,COP/kWh,xm:servapibi,2026-09-22T19:14:53Z,xm/2021/05/PrecEscaAct_Sistema.2021-05-01.ndjson#PrecEscaAct:Sistema:2021-05-01:2021-05-31
2021-05-05,VoluUtilDiarEner,11927628000,kWh,xm:servapibi,2026-09-22T19:14:45Z,xm/2021/05/VoluUtilDiarEner_Sistema.2021-05-01.ndjson#VoluUtilDiarEner:Sistema:2021-05-01:2021-05-31
2021-05-06,AporEner,310874800,kWh,xm:servapibi,2026-09-22T19:14:47Z,xm/2021/05/AporEner_Sistema.2021-05-01.ndjson#AporEner:Sistema:2021-05-01:2021-05-31
2021-05-06,AporEnerMediHist,225060000,kWh,xm:servapibi,2026-09-22T19:14:49Z,xm/2021/05/AporEnerMediHist_Sistema.2021-05-01.ndjson#AporEnerMediHist:Sistema:2021-05-01:2021-05-31
2021-05-06,CapaUtilDiarEner,16924074293,kWh,xm:servapibi,2026-09-22T19:14:46Z,xm/2021/05/CapaUtilDiarEner_Sistema.2021-05-01.ndjson#CapaUtilDiarEner:Sistema:2021-05-01:2021-05-31
2021-05-06,DemaSIN,190584886.48,kWh,xm:servapibi,2026-09-22T19:14:51Z,xm/2021/05/DemaSIN_Sistema.2021-05-01.ndjson#DemaSIN:Sistema:2021-05-01:2021-05-31
2021-05-06,PorcApor,1.3813,fraction,xm:servapibi,2026-09-22T19:14:50Z,xm/2021/05/PorcApor_Sistema.2021-05-01.ndjson#PorcApor:Sistema:2021-05-01:2021-05-31
2021-05-06,PorcVoluUtilDiar,0.68532,fraction,xm:servapibi,2026-09-22T19:14:43Z,xm/2021/05/PorcVoluUtilDiar_Sistema.2021-05-01.ndjson#PorcVoluUtilDiar:Sistema:2021-05-01:2021-05-31
2021-05-06,PrecBolsNaci,103.59460333333334,COP/kWh,xm:servapibi,2026-09-22T19:14:54Z,xm/2021/05/PrecBolsNaci_Sistema.2021-05-01.ndjson#PrecBolsNaci:Sistema:2021-05-01:2021-05-31
2021-05-06,PrecEscaAct,749.96743,COP/kWh,xm:servapibi,2026-09-22T19:14:53Z,xm/2021/05/PrecEscaAct_Sistema.2021-05-01.ndjson#PrecEscaAct:Sistema:2021-05-01:2021-05-31
2021-05-06,VoluUtilDiarEner,11598408000,kWh,xm:servapibi,2026-09-22T19:14:45Z,xm/2021/05/VoluUtilDiarEner_Sistema.2021-05-01.ndjson#VoluUtilDiarEner:Sistema:2021-05-01:2021-05-31
2021-05-07,AporEner,315277400,kWh,xm:servapibi,2026-09-22T19:14:47Z,xm/2021/05/AporEner_Sistema.2021-05-01.ndjson#AporEner:Sistema:2021-05-01:2021-05-31
2021-05-07,AporEnerMediHist,225060000,kWh,xm:servapibi,2026-09-22T19:14:49Z,xm/2021/05/AporEnerMediHist_Sistema.2021-05-01.ndjson#AporEnerMediHist:Sistema:2021-05-01:2021-05-31
2021-05-07,CapaUtilDiarEner,16924074293,kWh,xm:servapibi,2026-09-22T19:14:46Z,xm/2021/05/CapaUtilDiarEner_Sistema.2021-05-01.ndjson#CapaUtilDiarEner:Sistema:2021-05-01:2021-05-31
2021-05-07,DemaSIN,191562918.62,kWh,xm:servapibi,2026-09-22T19:14:51Z,xm/2021/05/DemaSIN_Sistema.2021-05-01.ndjson#DemaSIN:Sistema:2021-05-01:2021-05-31
2021-05-07,PorcApor,1.40086,fraction,xm:servapibi,2026-09-22T19:14:50Z,xm/2021/05/PorcApor_Sistema.2021-05-01.ndjson#PorcApor:Sistema:2021-05-01:2021-05-31
2021-05-07,PorcVoluUtilDiar,0.69141,fraction,xm:servapibi,2026-09-22T19:14:43Z,xm/2021/05/PorcVoluUtilDiar_Sistema.2021-05-01.ndjson#PorcVoluUtilDiar:Sistema:2021-05-01:2021-05-31
2021-05-07,PrecBolsNaci,106.96491666666667,COP/kWh,xm:servapibi,2026-09-22T19:14:54Z,xm/2021/05/PrecBolsNaci_Sistema.2021-05-01.ndjson#PrecBolsNaci:Sistema:2021-05-01:2021-05-31
2021-05-07,PrecEscaAct,749.96743,COP/kWh,xm:servapibi,2026-09-22T19:14:53Z,xm/2021/05/PrecEscaAct_Sistema.2021-05-01.ndjson#PrecEscaAct:Sistema:2021-05-01:2021-05-31
2021-05-07,VoluUtilDiarEner,11701538000,kWh,xm:servapibi,2026-09-22T19:14:45Z,xm/2021/05/VoluUtilDiarEner_Sistema.2021-05-01.ndjson#VoluUtilDiarEner:Sistema:2021-05-01:2021-05-31
2021-05-08,AporEner,344730700,kWh,xm:servapibi,2026-09-22T19:14:47Z,xm/2021/05/AporEner_Sistema.2021-05-01.ndjson#AporEner:Sistema:2021-05-01:2021-05-31
2021-05-08,AporEnerMediHist,225060000,kWh,xm:servapibi,2026-09-22T19:14:49Z,xm/2021/05/AporEnerMediHist_Sistema.2021-05-01.ndjson#AporEnerMediHist:Sistema:2021-05-01:2021-05-31
2021-05-08,CapaUtilDiarEner,16924074293,kWh,xm:servapibi,2026-09-22T19:14:46Z,xm/2021/05/CapaUtilDiarEner_Sistema.2021-05-01.ndjson#CapaUtilDiarEner:Sistema:2021-05-01:2021-05-31
2021-05-08,DemaSIN,185939238.21,kWh,xm:servapibi,2026-09-22T19:14:51Z,xm/2021/05/DemaSIN_Sistema.2021-05-01.ndjson#DemaSIN:Sistema:2021-05-01:2021-05-31
2021-05-08,PorcApor,1.53173,fraction,xm:servapibi,2026-09-22T19:14:50Z,xm/2021/05/PorcApor_Sistema.2021-05-01.ndjson#PorcApor:Sistema:2021-05-01:2021-05-31
2021-05-08,PorcVoluUtilDiar,0.70034,fraction,xm:servapibi,2026-09-22T19:14:43Z,xm/2021/05/PorcVoluUtilDiar_Sistema.2021-05-01.ndjson#PorcVoluUtilDiar:Sistema:2021-05-01:2021-05-31
2021-05-08,PrecBolsNaci,111.11018666666665,COP/kWh,xm:servapibi,2026-09-22T19:14:54Z,xm/2021/05/PrecBolsNaci_Sistema.2021-05-01.ndjson#PrecBolsNaci:Sistema:2021-05-01:2021-05-31
2021-05-08,PrecEscaAct,749.96743,COP/kWh,xm:servapibi,2026-09-22T19:14:53Z,xm/2021/05/PrecEscaAct_Sistema.2021-05-01.ndjson#PrecEscaAct:Sistema:2021-05-01:2021-05-31
2021-05-08,VoluUtilDiarEner,11852659900,kWh,xm:servapibi,2026-09-22T19:14:45Z,xm/2021/05/VoluUtilDiarEner_Sistema.2021-05-01.ndjson#VoluUtilDiarEner:Sistema:2021-05-01:2021-05-31
2021-05-09,AporEner,324538400,kWh,xm:servapibi,2026-09-22T19:14:47Z,xm/2021/05/AporEner_Sistema.2021-05-01.ndjson#AporEner:Sistema:2021-05-01:2021-05-31
2021-05-09,AporEnerMediHist,225060000,kWh,xm:servapibi,2026-09-22T19:14:49Z,xm/2021/05/AporEnerMediHist_Sistema.2021-05-01.ndjson#AporEnerMediHist:Sistema:2021-05-01:2021-05-31
2021-05-09,CapaUtilDiarEner,16924074293,kWh,xm:servapibi,2026-09-22T19:14:46Z,xm/2021/05/CapaUtilDiarEner_Sistema.2021-05-01.ndjson#CapaUtilDiarEner:Sistema:2021-05-01:2021-05-31
2021-05-09,DemaSIN,172029532,kWh,xm:servapibi,2026-09-22T19:14:51Z,xm/2021/05/DemaSIN_Sistema.2021-05-01.ndjson#DemaSIN:Sistema:2021-05-01:2021-05-31
2021-05-09,PorcApor,1.44201,fraction,xm:servapibi,2026-09-22T19:14:50Z,xm/2021/05/PorcApor_Sistema.2021-05-01.ndjson#PorcApor:Sistema:2021-05-01:2021-05-31
2021-05-09,PorcVoluUtilDiar,0.71034,fraction,xm:servapibi,2026-09-22T19:14:43Z,xm/2021/05/PorcVoluUtilDiar_Sistema.2021-05-01.ndjson#PorcVoluUtilDiar:Sistema:2021-05-01:2021-05-31
2021-05-09,PrecBolsNaci,105.17909500000002,COP/kWh,xm:servapibi,2026-09-22T19:14:54Z,xm/2021/05/PrecBolsNaci_Sistema.2021-05-01.ndjson#PrecBolsNaci:Sistema:2021-05-01:2021-05-31
2021-05-09,PrecEscaAct,749.96743,COP/kWh,xm:servapibi,2026-09-22T19:14:53Z,xm/2021/05/PrecEscaAct_Sistema.2021-05-01.ndjson#PrecEscaAct:Sistema:2021-05-01:2021-05-31
2021-05-09,VoluUtilDiarEner,12021860600,kWh,xm:servapibi,2026-09-22T19:14:45Z,xm/2021/05/VoluUtilDiarEner_Sistema.2021-05-01.ndjson#VoluUtilDiarEner:Sistema:2021-05-01:2021-05-31
2021-05-10,AporEner,423027300,kWh,xm:servapibi,2026-09-22T19:14:47Z,xm/2021/05/AporEner_Sistema.2021-05-01.ndjson#AporEner:Sistema:2021-05-01:2021-05-31
2021-05-10,AporEnerMediHist,225060000,kWh,xm:servapibi,2026-09-22T19:14:49Z,xm/2021/05/AporEnerMediHist_Sistema.2021-05-01.ndjson#AporEnerMediHist:Sistema:2021-05-01:2021-05-31
2021-05-10,CapaUtilDiarEner,16924074293,kWh,xm:servapibi,2026-09-22T19:14:46Z,xm/2021/05/CapaUtilDiarEner_Sistema.2021-05-01.ndjson#CapaUtilDiarEner:Sistema:2021-05-01:2021-05-31
2021-05-10,DemaSIN,193669778.98,kWh,xm:servapibi,2026-09-22T19:14:51Z,xm/2021/05/DemaSIN_Sistema.2021-05-01.ndjson#DemaSIN:Sistema:2021-05-01:2021-05-31
2021-05-10,PorcApor,1.87962,fraction,xm:servapibi,2026-09-22T19:14:50Z,xm/2021/05/PorcApor_Sistema.2021-05-01.ndjson#PorcApor:Sistema:2021-05-01:2021-05-31
2021-05-10,PorcVoluUtilDiar,0.72371,fraction,xm:servapibi,2026-09-22T19:14:43Z,xm/2021/05/PorcVoluUtilDiar_Sistema.2021-05-01.ndjson#PorcVoluUtilDiar:Sistema:2021-05-01:2021-05-31
2021-05-10,PrecBolsNaci,101.63611666666664,COP/kWh,xm:servapibi,2026-09-22T19:14:54Z,xm/2021/05/PrecBolsNaci_Sistema.2021-05-01.ndjson#PrecBolsNaci:Sistema:2021-05-01:2021-05-31
2021-05-10,PrecEscaAct,749.96743,COP/kWh,xm:servapibi,2026-09-22T19:14:53Z,xm/2021/05/PrecEscaAct_Sistema.2021-05-01.ndjson#PrecEscaAct:Sistema:2021-05-01:2021-05-31
2021-05-10,VoluUtilDiarEner,12248057200,kWh,xm:servapibi,2026-09-22T19:14:45Z,xm/2021/05/VoluUtilDiarEner_Sistema.2021-05-01.ndjson#VoluUtilDiarEner:Sistema:2021-05-01:2021-05-31
2021-05-11,AporEner,290984000,kWh,xm:servapibi,2026-09-22T19:14:47Z,xm/2021/05/AporEner_Sistema.2021-05-01.ndjson#AporEner:Sistema:2021-05-01:2021-05-31
2021-05-11,AporEnerMediHist,225060000,kWh,xm:servapibi,2026-09-22T19:14:49Z,xm/2021/05/AporEnerMediHist_Sistema.2021-05-01.ndjson#AporEnerMediHist:Sistema:2021-05-01:2021-05-31
2021-05-11,CapaUtilDiarEner,16924074293,kWh,xm:servapibi,2026-09-22T19:14:46Z,xm/2021/05/CapaUtilDiarEner_Sistema.2021-05-01.ndjson#CapaUtilDiarEner:Sistema:2021-05-01:2021-05-31
2021-05-11,DemaSIN,199280953.68,kWh,xm:servapibi,2026-09-22T19:14:51Z,xm/2021/05/DemaSIN_Sistema.2021-05-01.ndjson#DemaSIN:Sistema:2021-05-01:2021-05-31
2021-05-11,PorcApor,1.29292,fraction,xm:servapibi,2026-09-22T19:14:50Z,xm/2021/05/PorcApor_Sistema.2021-05-01.ndjson#PorcApor:Sistema:2021-05-01:2021-05-31
2021-05-11,PorcVoluUtilDiar,0.72899,fraction,xm:servapibi,2026-09-22T19:14:43Z,xm/2021/05/PorcVoluUtilDiar_Sistema.2021-05-01.ndjson#PorcVoluUtilDiar:Sistema:2021-05-01:2021-05-31
2021-05-11,PrecBolsNaci,98.15001333333332,COP/kWh,xm:servapibi,2026-09-22T19:14:54Z,xm/2021/05/PrecBolsNaci_Sistema.2021-05-01.ndjson#PrecBolsNaci:Sistema:2021-05-01:2021-05-31
2021-05-11,PrecEscaAct,749.96743,COP/kWh,xm:servapibi,2026-09-22T19:14:53Z,xm/2021/05/PrecEscaAct_Sistema.2021-05-01.ndjson#PrecEscaAct:Sistema:2021-05-01:2021-05-31
2021-05-11,VoluUtilDiarEner,12337420700,kWh,xm:servapibi,2026-09-22T19:14:45Z,xm/2021/05/VoluUtilDiarEner_Sistema.2021-05-01.ndjson#VoluUtilDiarEner:Sistema:2021-05-01:2021-05-31
2021-05-12,AporEner,258973700,kWh,xm:servapibi,2026-09-22T19:14:47Z,xm/2021/05/AporEner_Sistema.2021-05-01.ndjson#AporEner:Sistema:2021-05-01:2021-05-31
2021-05-12,AporEnerMediHist,225060000,kWh,xm:servapibi,2026-09-22T19:14:49Z,xm/2021/05/AporEnerMediHist_Sistema.2021-05-01.ndjson#AporEnerMediHist:Sistema:2021-05-01:2021-05-31
2021-05-12,CapaUtilDiarEner,16924074293,kWh,xm:servapibi,2026-09-22T19:14:46Z,xm/2021/05/CapaUtilDiarEner_Sistema.2021-05-01.ndjson#CapaUtilDiarEner:Sistema:2021-05-01:2021-05-31
2021-05-12,DemaSIN,199616143.49,kWh,xm:servapibi,2026-09-22T19:14:51Z,xm/2021/05/DemaSIN_Sistema.2021-05-01.ndjson#DemaSIN:Sistema:2021-05-01:2021-05-31
2021-05-12,PorcApor,1.15069,fraction,xm:servapibi,2026-09-22T19:14:50Z,xm/2021/05/PorcApor_Sistema.2021-05-01.ndjson#PorcApor:Sistema:2021-05-01:2021-05-31
2021-05-12,PorcVoluUtilDiar,0.73352,fraction,xm:servapibi,2026-09-22T19:14:43Z,xm/2021/05/PorcVoluUtilDiar_Sistema.2021-05-01.ndjson#PorcVoluUtilDiar:Sistema:2021-05-01:2021-05-31
2021-05-12,PrecBolsNaci,96.82906333333331,COP/kWh,xm:servapibi,2026-09-22T19:14:54Z,xm/2021/05/PrecBolsNaci_Sistema.2021-05-01.ndjson#PrecBolsNaci:Sistema:2021-05-01:2021-05-31
2021-05-12,PrecEscaAct,749.96743,COP/kWh,xm:servapibi,2026-09-22T19:14:53Z,xm/2021/05/PrecEscaAct_Sistema.2021-05-01.ndjson#PrecEscaAct:Sistema:2021-05-01:2021-05-31
2021-05-12,VoluUtilDiarEner,12414124900,kWh,xm:servapibi,2026-09-22T19:14:45Z,xm/2021/05/VoluUtilDiarEner_Sistema.2021-05-01.ndjson#VoluUtilDiarEner:Sistema:2021-05-01:2021-05-31
2021-05-13,AporEner,251796600,kWh,xm:servapibi,2026-09-22T19:14:47Z,xm/2021/05/AporEner_Sistema.2021-05-01.ndjson#AporEner:Sistema:2021-05-01:2021-05-31
2021-05-13,AporEnerMediHist,225060000,kWh,xm:servapibi,2026-09-22T19:14:49Z,xm/2021/05/AporEnerMediHist_Sistema.2021-05-01.ndjson#AporEnerMediHist:Sistema:2021-05-01:2021-05-31
2021-05-13,CapaUtilDiarEner,16924074293,kWh,xm:servapibi,2026-09-22T19:14:46Z,xm/2021/05/CapaUtilDiarEner_Sistema.2021-05-01.ndjson#CapaUtilDiarEner:Sistema:2021-05-01:2021-05-31
2021-05-13,DemaSIN,203375358.15,kWh,xm:servapibi,2026-09-22T19:14:51Z,xm/2021/05/DemaSIN_Sistema.2021-05-01.ndjson#DemaSIN:Sistema:2021-05-01:2021-05-31
2021-05-13,PorcApor,1.1188,fraction,xm:servapibi,2026-09-22T19:14:50Z,xm/2021/05/PorcApor_Sistema.2021-05-01.ndjson#PorcApor:Sistema:2021-05-01:2021-05-31
2021-05-13,PorcVoluUtilDiar,0.7373,fraction,xm:servapibi,2026-09-22T19:14:43Z,xm/2021/05/PorcVoluUtilDiar_Sistema.2021-05-01.ndjson#PorcVoluUtilDiar:Sistema:2021-05-01:2021-05-31
2021-05-13,PrecBolsNaci,97.15420666666665,COP/kWh,xm:servapibi,2026-09-22T19:14:54Z,xm/2021/05/PrecBolsNaci_Sistema.2021-05-01.ndjson#PrecBolsNaci:Sistema:2021-05-01:2021-05-31
2021-05-13,PrecEscaAct,749.96743,COP/kWh,xm:servapibi,2026-09-22T19:14:53Z,xm/2021/05/PrecEscaAct_Sistema.2021-05-01.ndjson#PrecEscaAct:Sistema:2021-05-01:2021-05-31
2021-05-13,VoluUtilDiarEner,12478140000,kWh,xm:servapibi,2026-09-22T19:14:45Z,xm/2021/05/VoluUtilDiarEner_Sistema.2021-05-01.ndjson#VoluUtilDiarEner:Sistema:2021-05-01:2021-05-31
2021-05-14,AporEner,213505300,kWh,xm:servapibi,2026-09-22T19:14:47Z,xm/2021/05/AporEner_Sistema.2021-05-01.ndjson#AporEner:Sistema:2021-05-01:2021-05-31
2021-05-14,AporEnerMediHist,225060000,kWh,xm:servapibi,2026-09-22T19:14:49Z,xm/2021/05/AporEnerMediHist_Sistema.2021-05-01.ndjson#AporEnerMediHist:Sistema:2021-05-01:2021-05-31
2021-05-14,CapaUtilDiarEner,16924074293,kWh,xm:servapibi,2026-09-22T19:14:46Z,xm/2021/05/CapaUtilDiarEner_Sistema.2021-05-01.ndjson#CapaUtilDiarEner:Sistema:2021-05-01:2021-05-31
2021-05-14,DemaSIN,205852146.86,kWh,xm:servapibi,2026-09-22T19:14:51Z,xm/2021/05/DemaSIN_Sistema.2021-05-01.ndjson#DemaSIN:Sistema:2021-05-01:2021-05-31
2021-05-14,PorcApor,0.94866,fraction,xm:servapibi,2026-09-22T19:14:50Z,xm/2021/05/PorcApor_Sistema.2021-05-01.ndjson#PorcApor:Sistema:2021-05-01:2021-05-31
2021-05-14,PorcVoluUtilDiar,0.73944,fraction,xm:servapibi,2026-09-22T19:14:43Z,xm/2021/05/PorcVoluUtilDiar_Sistema.2021-05-01.ndjson#PorcVoluUtilDiar:Sistema:2021-05-01:2021-05-31
2021-05-14,PrecBolsNaci,93.14729166666666,COP/kWh,xm:servapibi,2026-09-22T19:14:54Z,xm/2021/05/PrecBolsNaci_Sistema.2021-05-01.ndjson#PrecBolsNaci:Sistema:2021-05-01:2021-05-31
2021-05-14,PrecEscaAct,749.96743,COP/kWh,xm:servapibi,2026-09-22T19:14:53Z,xm/2021/05/PrecEscaAct_Sistema.2021-05-01.ndjson#PrecEscaAct:Sistema:2021-05-01:2021-05-31
2021-05-14,VoluUtilDiarEner,12514308600,kWh,xm:servapibi,2026-09-22T19:14:45Z,xm/2021/05/VoluUtilDiarEner_Sistema.2021-05-01.ndjson#VoluUtilDiarEner:Sistema:2021-05-01:2021-05-31
2021-05-15,AporEner,223701600,kWh,xm:servapibi,2026-09-22T19:14:47Z,xm/2021/05/AporEner_Sistema.2021-05-01.ndjson#AporEner:Sistema:2021-05-01:2021-05-31
2021-05-15,AporEnerMediHist,225060000,kWh,xm:servapibi,2026-09-22T19:14:49Z,xm/2021/05/AporEnerMediHist_Sistema.2021-05-01.ndjson#AporEnerMediHist:Sistema:2021-05-01:2021-05-31
2021-05-15,CapaUtilDiarEner,16924074293,kWh,xm:servapibi,2026-09-22T19:14:46Z,xm/2021/05/CapaUtilDiarEner_Sistema.2021-05-01.ndjson#CapaUtilDiarEner:Sistema:2021-05-01:2021-05-31
2021-05-15,DemaSIN,198104379.96,kWh,xm:servapibi,2026-09-22T19:14:51Z,xm/2021/05/DemaSIN_Sistema.2021-05-01.ndjson#DemaSIN:Sistema:2021-05-01:2021-05-31
2021-05-15,PorcApor,0.99396,fraction,xm:servapibi,2026-09-22T19:14:50Z,xm/2021/05/PorcApor_Sistema.2021-05-01.ndjson#PorcApor:Sistema:2021-05-01:2021-05-31
2021-05-15,PorcVoluUtilDiar,0.74239,fraction,xm:servapibi,2026-09-22T19:14:43Z,xm/2021/05/PorcVoluUtilDiar_Sistema.2021-05-01.ndjson#PorcVoluUtilDiar:Sistema:2021-05-01:2021-05-31
2021-05-15,PrecBolsNaci,93.71686333333332,COP/kWh,xm:servapibi,2026-09-22T19:14:54Z,xm/2021/05/PrecBolsNaci_Sistema.2021-05-01.ndjson#PrecBolsNaci:Sistema:2021-05-01:2021-05-31
2021-05-15,PrecEscaAct,749.96743,COP/kWh,xm:servapibi,2026-09-22T19:14:53Z,xm/2021/05/PrecEscaAct_Sistema.2021-05-01.ndjson#PrecEscaAct:Sistema:2021-05-01:2021-05-31
2021-05-15,VoluUtilDiarEner,12564262800,kWh,xm:servapibi,2026-09-22T19:14:45Z,xm/2021/05/VoluUtilDiarEner_Sistema.2021-05-01.ndjson#VoluUtilDiarEner:Sistema:2021-05-01:2021-05-31
2021-05-16,AporEner,277293800,kWh,xm:servapibi,2026-09-22T19:14:47Z,xm/2021/05/AporEner_Sistema.2021-05-01.ndjson#AporEner:Sistema:2021-05-01:2021-05-31
2021-05-16,AporEnerMediHist,225060000,kWh,xm:servapibi,2026-09-22T19:14:49Z,xm/2021/05/AporEnerMediHist_Sistema.2021-05-01.ndjson#AporEnerMediHist:Sistema:2021-05-01:2021-05-31
2021-05-16,CapaUtilDiarEner,16924074293,kWh,xm:servapibi,2026-09-22T19:14:46Z,xm/2021/05/CapaUtilDiarEner_Sistema.2021-05-01.ndjson#CapaUtilDiarEner:Sistema:2021-05-01:2021-05-31
2021-05-16,DemaSIN,180287092.87,kWh,xm:servapibi,2026-09-22T19:14:51Z,xm/2021/05/DemaSIN_Sistema.2021-05-01.ndjson#DemaSIN:Sistema:2021-05-01:2021-05-31
2021-05-16,PorcApor,1.23209,fraction,xm:servapibi,2026-09-22T19:14:50Z,xm/2021/05/PorcApor_Sistema.2021-05-01.ndjson#PorcApor:Sistema:2021-05-01:2021-05-31
2021-05-16,PorcVoluUtilDiar,0.74959,fraction,xm:servapibi,2026-09-22T19:14:43Z,xm/2021/05/PorcVoluUtilDiar_Sistema.2021-05-01.ndjson#PorcVoluUtilDiar:Sistema:2021-05-01:2021-05-31
2021-05-16,PrecBolsNaci,93.07991333333332,COP/kWh,xm:servapibi,2026-09-22T19:14:54Z,xm/2021/05/PrecBolsNaci_Sistema.2021-05-01.ndjson#PrecBolsNaci:Sistema:2021-05-01:2021-05-31
2021-05-16,PrecEscaAct,749.96743,COP/kWh,xm:servapibi,2026-09-22T19:14:53Z,xm/2021/05/PrecEscaAct_Sistema.2021-05-01.ndjson#PrecEscaAct:Sistema:2021-05-01:2021-05-31
2021-05-16,VoluUtilDiarEner,12686195600,kWh,xm:servapibi,2026-09-22T19:14:45Z,xm/2021/05/VoluUtilDiarEner_Sistema.2021-05-01.ndjson#VoluUtilDiarEner:Sistema:2021-05-01:2021-05-31
2021-05-17,AporEner,415210700,kWh,xm:servapibi,2026-09-22T19:14:47Z,xm/2021/05/AporEner_Sistema.2021-05-01.ndjson#AporEner:Sistema:2021-05-01:2021-05-31
2021-05-17,AporEnerMediHist,225060000,kWh,xm:servapibi,2026-09-22T19:14:49Z,xm/2021/05/AporEnerMediHist_Sistema.2021-05-01.ndjson#AporEnerMediHist:Sistema:2021-05-01:2021-05-31
2021-05-17,CapaUtilDiarEner,16924074293,kWh,xm:servapibi,2026-09-22T19:14:46Z,xm/2021/05/CapaUtilDiarEner_Sistema.2021-05-01.ndjson#CapaUtilDiarEner:Sistema:2021-05-01:2021-05-31
2021-05-17,DemaSIN,181005430.56,kWh,xm:servapibi,2026-09-22T19:14:51Z,xm/2021/05/DemaSIN_Sistema.2021-05-01.ndjson#DemaSIN:Sistema:2021-05-01:2021-05-31
2021-05-17,PorcApor,1.84489,fraction,xm:servapibi,2026-09-22T19:14:50Z,xm/2021/05/PorcApor_Sistema.2021-05-01.ndjson#PorcApor:Sistema:2021-05-01:2021-05-31
2021-05-17,PorcVoluUtilDiar,0.76441,fraction,xm:servapibi,2026-09-22T19:14:43Z,xm/2021/05/PorcVoluUtilDiar_Sistema.2021-05-01.ndjson#PorcVoluUtilDiar:Sistema:2021-05-01:2021-05-31
2021-05-17,PrecBolsNaci,91.57361333333334,COP/kWh,xm:servapibi,2026-09-22T19:14:54Z,xm/2021/05/PrecBolsNaci_Sistema.2021-05-01.ndjson#PrecBolsNaci:Sistema:2021-05-01:2021-05-31
2021-05-17,PrecEscaAct,749.96743,COP/kWh,xm:servapibi,2026-09-22T19:14:53Z,xm/2021/05/PrecEscaAct_Sistema.2021-05-01.ndjson#PrecEscaAct:Sistema:2021-05-01:2021-05-31
2021-05-17,VoluUtilDiarEner,12936882300,kWh,xm:servapibi,2026-09-22T19:14:45Z,xm/2021/05/VoluUtilDiarEner_Sistema.2021-05-01.ndjson#VoluUtilDiarEner:Sistema:2021-05-01:2021-05-31
2021-05-18,AporEner,416804000,kWh,xm:servapibi,2026-09-22T19:14:47Z,xm/2021/05/AporEner_Sistema.2021-05-01.ndjson#AporEner:Sistema:2021-05-01:2021-05-31
2021-05-18,AporEnerMediHist,225060000,kWh,xm:servapibi,2026-09-22T19:14:49Z,xm/2021/05/AporEnerMediHist_Sistema.2021-05-01.ndjson#AporEnerMediHist:Sistema:2021-05-01:2021-05-31
2021-05-18,CapaUtilDiarEner,16924074293,kWh,xm:servapibi,2026-09-22T19:14:46Z,xm/2021/05/CapaUtilDiarEner_Sistema.2021-05-01.ndjson#CapaUtilDiarEner:Sistema:2021-05-01:2021-05-31
2021-05-18,DemaSIN,196180810.52,kWh,xm:servapibi,2026-09-22T19:14:51Z,xm/2021/05/DemaSIN_Sistema.2021-05-01.ndjson#DemaSIN:Sistema:2021-05-01:2021-05-31
2021-05-18,PorcApor,1.85197,fraction,xm:servapibi,2026-09-22T19:14:50Z,xm/2021/05/PorcApor_Sistema.2021-05-01.ndjson#PorcApor:Sistema:2021-05-01:2021-05-31
2021-05-18,PorcVoluUtilDiar,0.77564,fraction,xm:servapibi,2026-09-22T19:14:43Z,xm/2021/05/PorcVoluUtilDiar_Sistema.2021-05-01.ndjson#PorcVoluUtilDiar:Sistema:2021-05-01:2021-05-31
2021-05-18,PrecBolsNaci,91.63983833333334,COP/kWh,xm:servapibi,2026-09-22T19:14:54Z,xm/2021/05/PrecBolsNaci_Sistema.2021-05-01.ndjson#PrecBolsNaci:Sistema:2021-05-01:2021-05-31
2021-05-18,PrecEscaAct,749.96743,COP/kWh,xm:servapibi,2026-09-22T19:14:53Z,xm/2021/05/PrecEscaAct_Sistema.2021-05-01.ndjson#PrecEscaAct:Sistema:2021-05-01:2021-05-31
2021-05-18,VoluUtilDiarEner,13127059600,kWh,xm:servapibi,2026-09-22T19:14:45Z,xm/2021/05/VoluUtilDiarEner_Sistema.2021-05-01.ndjson#VoluUtilDiarEner:Sistema:2021-05-01:2021-05-31
2021-05-19,AporEner,260360700,kWh,xm:servapibi,2026-09-22T19:14:47Z,xm/2021/05/AporEner_Sistema.2021-05-01.ndjson#AporEner:Sistema:2021-05-01:2021-05-31
2021-05-19,AporEnerMediHist,225060000,kWh,xm:servapibi,2026-09-22T19:14:49Z,xm/2021/05/AporEnerMediHist_Sistema.2021-05-01.ndjson#AporEnerMediHist:Sistema:2021-05-01:2021-05-31
2021-05-19,CapaUtilDiarEner,16924074293,kWh,xm:servapibi,2026-09-22T19:14:46Z,xm/2021/05/CapaUtilDiarEner_Sistema.2021-05-01.ndjson#CapaUtilDiarEner:Sistema:2021-05-01:2021-05-31
2021-05-19,DemaSIN,200323013.15,kWh,xm:servapibi,2026-09-22T19:14:51Z,xm/2021/05/DemaSIN_Sistema.2021-05-01.ndjson#DemaSIN:Sistema:2021-05-01:2021-05-31
2021-05-19,PorcApor,1.15685,fraction,xm:servapibi,2026-09-22T19:14:50Z,xm/2021/05/PorcApor_Sistema.2021-05-01.ndjson#PorcApor:Sistema:2021-05-01:2021-05-31
2021-05-19,PorcVoluUtilDiar,0.77841,fraction,xm:servapibi,2026-09-22T19:14:43Z,xm/2021/05/PorcVoluUtilDiar_Sistema.2021-05-01.ndjson#PorcVoluUtilDiar:Sistema:2021-05-01:2021-05-31
2021-05-19,PrecBolsNaci,93.42588833333332,COP/kWh,xm:servapibi,2026-09-22T19:14:54Z,xm/2021/05/PrecBolsNaci_Sistema.2021-05-01.ndjson#PrecBolsNaci:Sistema:2021-05-01:2021-05-31
2021-05-19,PrecEscaAct,749.96743,COP/kWh,xm:servapibi,2026-09-22T19:14:53Z,xm/2021/05/PrecEscaAct_Sistema.2021-05-01.ndjson#PrecEscaAct:Sistema:2021-05-01:2021-05-31
2021-05-19,VoluUtilDiarEner,13173863200,kWh,xm:servapibi,2026-09-22T19:14:45Z,xm/2021/05/VoluUtilDiarEner_Sistema.2021-05-01.ndjson#VoluUtilDiarEner:Sistema:2021-05-01:2021-05-31
2021-05-20,AporEner,200318600,kWh,xm:servapibi,2026-09-22T19:14:47Z,xm/2021/05/AporEner_Sistema.2021-05-01.ndjson#AporEner:Sistema:2021-05-01:2021-05-31
2021-05-20,AporEnerMediHist,225060000,kWh,xm:servapibi,2026-09-22T19:14:49Z,xm/2021/05/AporEnerMediHist_Sistema.2021-05-01.ndjson#AporEnerMediHist:Sistema:2021-05-01:2021-05-31
2021-05-20,CapaUtilDiarEner,16924074293,kWh,xm:servapibi,2026-09-22T19:14:46Z,xm/2021/05/CapaUtilDiarEner_Sistema.2021-05-01.ndjson#CapaUtilDiarEner:Sistema:2021-05-01:2021-05-31
2021-05-20,DemaSIN,206197729.05,kWh,xm:servapibi,2026-09-22T19:14:51Z,xm/2021/05/DemaSIN_Sistema.2021-05-01.ndjson#DemaSIN:Sistema:2021-05-01:2021-05-31
2021-05-20,PorcApor,0.89007,fraction,xm:servapibi,2026-09-22T19:14:50Z,xm/2021/05/PorcApor_Sistema.2021-05-01.ndjson#PorcApor:Sistema:2021-05-01:2021-05-31
2021-05-20,PorcVoluUtilDiar,0.77715,fraction,xm:servapibi,2026-09-22T19:14:43Z,xm/2021/05/PorcVoluUtilDiar_Sistema.2021-05-01.ndjson#PorcVoluUtilDiar:Sistema:2021-05-01:2021-05-31
2021-05-20,PrecBolsNaci,91.49929333333336,COP/kWh,xm:servapibi,2026-09-22T19:14:54Z,xm/2021/05/PrecBolsNaci_Sistema.2021-05-01.ndjson#PrecBolsNaci:Sistema:2021-05-01:2021-05-31
2021-05-20,PrecEscaAct,749.96743,COP/kWh,xm:servapibi,2026-09-22T19:14:53Z,xm/2021/05/PrecEscaAct_Sistema.2021-05-01.ndjson#PrecEscaAct:Sistema:2021-05-01:2021-05-31
2021-05-20,VoluUtilDiarEner,13152628300,kWh,xm:servapibi,2026-09-22T19:14:45Z,xm/2021/05/VoluUtilDiarEner_Sistema.2021-05-01.ndjson#VoluUtilDiarEner:Sistema:2021-05-01:2021-05-31
2021-05-21,AporEner,169094200,kWh,xm:servapibi,2026-09-22T19:14:47Z,xm/2021/05/AporEner_Sistema.2021-05-01.ndjson#AporEner:Sistema:2021-05-01:2021-05-31
2021-05-21,AporEnerMediHist,225060000,kWh,xm:servapibi,2026-09-22T19:14:49Z,xm/2021/05/AporEnerMediHist_Sistema.2021-05-01.ndjson#AporEnerMediHist:Sistema:2021-05-01:2021-05-31
2021-05-21,CapaUtilDiarEner,16924074293,kWh,xm:servapibi,2026-09-22T19:14:46Z,xm/2021/05/CapaUtilDiarEner_Sistema.2021-05-01.ndjson#CapaUtilDiarEner:Sistema:2021-05-01:2021-05-31
2021-05-21,DemaSIN,208670596.58,kWh,xm:servapibi,2026-09-22T19:14:51Z,xm/2021/05/DemaSIN_Sistema.2021-05-01.ndjson#DemaSIN:Sistema:2021-05-01:2021-05-31
2021-05-21,PorcApor,0.75133,fraction,xm:servapibi,2026-09-22T19:14:50Z,xm/2021/05/PorcApor_Sistema.2021-05-01.ndjson#PorcApor:Sistema:2021-05-01:2021-05-31
2021-05-21,PorcVoluUtilDiar,0.77467,fraction,xm:servapibi,2026-09-22T19:14:43Z,xm/2021/05/PorcVoluUtilDiar_Sistema.2021-05-01.ndjson#PorcVoluUtilDiar:Sistema:2021-05-01:2021-05-31
2021-05-21,PrecBolsNaci,91.39214,COP/kWh,xm:servapibi,2026-09-22T19:14:54Z,xm/2021/05/PrecBolsNaci_Sistema.2021-05-01.ndjson#PrecBolsNaci:Sistema:2021-05-01:2021-05-31
2021-05-21,PrecEscaAct,749.96743,COP/kWh,xm:servapibi,2026-09-22T19:14:53Z,xm/2021/05/PrecEscaAct_Sistema.2021-05-01.ndjson#PrecEscaAct:Sistema:2021-05-01:2021-05-31
2021-05-21,VoluUtilDiarEner,13110523500,kWh,xm:servapibi,2026-09-22T19:14:45Z,xm/2021/05/VoluUtilDiarEner_Sistema.2021-05-01.ndjson#VoluUtilDiarEner:Sistema:2021-05-01:2021-05-31
2021-05-22,AporEner,210799000,kWh,xm:servapibi,2026-09-22T19:14:47Z,xm/2021/05/AporEner_Sistema.2021-05-01.ndjson#AporEner:Sistema:2021-05-01:2021-05-31
2021-05-22,AporEnerMediHist,225060000,kWh,xm:servapibi,2026-09-22T19:14:49Z,xm/2021/05/AporEnerMediHist_Sistema.2021-05-01.ndjson#AporEnerMediHist:Sistema:2021-05-01:2021-05-31
2021-05-22,CapaUtilDiarEner,16924074293,kWh,xm:servapibi,2026-09-22T19:14:46Z,xm/2021/05/CapaUtilDiarEner_Sistema.2021-05-01.ndjson#CapaUtilDiarEner:Sistema:2021-05-01:2021-05-31
2021-05-22,DemaSIN,200194442.56,kWh,xm:servapibi,2026-09-22T19:14:51Z,xm/2021/05/DemaSIN_Sistema.2021-05-01.ndjson#DemaSIN:Sistema:2021-05-01:2021-05-31
2021-05-22,PorcApor,0.93663,fraction,xm:servapibi,2026-09-22T19:14:50Z,xm/2021/05/PorcApor_Sistema.2021-05-01.ndjson#PorcApor:Sistema:2021-05-01:2021-05-31
2021-05-22,PorcVoluUtilDiar,0.77528,fraction,xm:servapibi,2026-09-22T19:14:43Z,xm/2021/05/PorcVoluUtilDiar_Sistema.2021-05-01.ndjson#PorcVoluUtilDiar:Sistema:2021-05-01:2021-05-31
2021-05-22,PrecBolsNaci,90.48649499999999,COP/kWh,xm:servapibi,2026-09-22T19:14:54Z,xm/2021/05/PrecBolsNaci_Sistema.2021-05-01.ndjson#PrecBolsNaci:Sistema:2021-05-01:2021-05-31
2021-05-22,PrecEscaAct,749.96743,COP/kWh,xm:servapibi,2026-09-22T19:14:53Z,xm/2021/05/PrecEscaAct_Sistema.2021-05-01.ndjson#PrecEscaAct:Sistema:2021-05-01:2021-05-31
2021-05-22,VoluUtilDiarEner,13120914200,kWh,xm:servapibi,2026-09-22T19:14:45Z,xm/2021/05/VoluUtilDiarEner_Sistema.2021-05-01.ndjson#VoluUtilDiarEner:Sistema:2021-05-01:2021-05-31
2021-05-23,AporEner,248160800,kWh,xm:servapibi,2026-09-22T19:14:47Z,xm/2021/05/AporEner_Sistema.2021-05-01.ndjson#AporEner:Sistema:2021-05-01:2021-05-31
2021-05-23,AporEnerMediHist,225060000,kWh,xm:servapibi,2026-09-22T19:14:49Z,xm/2021/05/AporEnerMediHist_Sistema.2021-05-01.ndjson#AporEnerMediHist:Sistema:2021-05-01:2021-05-31
2021-05-23,CapaUtilDiarEner,16924074293,kWh,xm:servapibi,2026-09-22T19:14:46Z,xm/2021/05/CapaUtilDiarEner_Sistema.2021-05-01.ndjson#CapaUtilDiarEner:Sistema:2021-05-01:2021-05-31
2021-05-23,DemaSIN,181945993.34,kWh,xm:servapibi,2026-09-22T19:14:51Z,xm/2021/05/DemaSIN_Sistema.2021-05-01.ndjson#DemaSIN:Sistema:2021-05-01:2021-05-31
2021-05-23,PorcApor,1.10264,fraction,xm:servapibi,2026-09-22T19:14:50Z,xm/2021/05/PorcApor_Sistema.2021-05-01.ndjson#PorcApor:Sistema:2021-05-01:2021-05-31
2021-05-23,PorcVoluUtilDiar,0.77785,fraction,xm:servapibi,2026-09-22T19:14:43Z,xm/2021/05/PorcVoluUtilDiar_Sistema.2021-05-01.ndjson#PorcVoluUtilDiar:Sistema:2021-05-01:2021-05-31
2021-05-23,PrecBolsNaci,91.71108333333329,COP/kWh,xm:servapibi,2026-09-22T19:14:54Z,xm/2021/05/PrecBolsNaci_Sistema.2021-05-01.ndjson#PrecBolsNaci:Sistema:2021-05-01:2021-05-31
2021-05-23,PrecEscaAct,749.96743,COP/kWh,xm:servapibi,2026-09-22T19:14:53Z,xm/2021/05/PrecEscaAct_Sistema.2021-05-01.ndjson#PrecEscaAct:Sistema:2021-05-01:2021-05-31
2021-05-23,VoluUtilDiarEner,13164443000,kWh,xm:servapibi,2026-09-22T19:14:45Z,xm/2021/05/VoluUtilDiarEner_Sistema.2021-05-01.ndjson#VoluUtilDiarEner:Sistema:2021-05-01:2021-05-31
2021-05-24,AporEner,241125800,kWh,xm:servapibi,2026-09-22T19:14:47Z,xm/2021/05/AporEner_Sistema.2021-05-01.ndjson#AporEner:Sistema:2021-05-01:2021-05-31
2021-05-24,AporEnerMediHist,225060000,kWh,xm:servapibi,2026-09-22T19:14:49Z,xm/2021/05/AporEnerMediHist_Sistema.2021-05-01.ndjson#AporEnerMediHist:Sistema:2021-05-01:2021-05-31
2021-05-24,CapaUtilDiarEner,16924074293,kWh,xm:servapibi,2026-09-22T19:14:46Z,xm/2021/05/CapaUtilDiarEner_Sistema.2021-05-01.ndjson#CapaUtilDiarEner:Sistema:2021-05-01:2021-05-31
2021-05-24,DemaSIN,204743544.52,kWh,xm:servapibi,2026-09-22T19:14:51Z,xm/2021/05/DemaSIN_Sistema.2021-05-01.ndjson#DemaSIN:Sistema:2021-05-01:2021-05-31
2021-05-24,PorcApor,1.07138,fraction,xm:servapibi,2026-09-22T19:14:50Z,xm/2021/05/PorcApor_Sistema.2021-05-01.ndjson#PorcApor:Sistema:2021-05-01:2021-05-31
2021-05-24,PorcVoluUtilDiar,0.77918,fraction,xm:servapibi,2026-09-22T19:14:43Z,xm/2021/05/PorcVoluUtilDiar_Sistema.2021-05-01.ndjson#PorcVoluUtilDiar:Sistema:2021-05-01:2021-05-31
2021-05-24,PrecBolsNaci,90.41631833333334,COP/kWh,xm:servapibi,2026-09-22T19:14:54Z,xm/2021/05/PrecBolsNaci_Sistema.2021-05-01.ndjson#PrecBolsNaci:Sistema:2021-05-01:2021-05-31
2021-05-24,PrecEscaAct,749.96743,COP/kWh,xm:servapibi,2026-09-22T19:14:53Z,xm/2021/05/PrecEscaAct_Sistema.2021-05-01.ndjson#PrecEscaAct:Sistema:2021-05-01:2021-05-31
2021-05-24,VoluUtilDiarEner,13186845600,kWh,xm:servapibi,2026-09-22T19:14:45Z,xm/2021/05/VoluUtilDiarEner_Sistema.2021-05-01.ndjson#VoluUtilDiarEner:Sistema:2021-05-01:2021-05-31
2021-05-25,AporEner,379451700,kWh,xm:servapibi,2026-09-22T19:14:47Z,xm/2021/05/AporEner_Sistema.2021-05-01.ndjson#AporEner:Sistema:2021-05-01:2021-05-31
2021-05-25,AporEnerMediHist,225060000,kWh,xm:servapibi,2026-09-22T19:14:49Z,xm/2021/05/AporEnerMediHist_Sistema.2021-05-01.ndjson#AporEnerMediHist:Sistema:2021-05-01:2021-05-31
2021-05-25,CapaUtilDiarEner,16924074293,kWh,xm:servapibi,2026-09-22T19:14:46Z,xm/2021/05/CapaUtilDiarEner_Sistema.2021-05-01.ndjson#CapaUtilDiarEner:Sistema:2021-05-01:2021-05-31
2021-05-25,DemaSIN,206577365.2,kWh,xm:servapibi,2026-09-22T19:14:51Z,xm/2021/05/DemaSIN_Sistema.2021-05-01.ndjson#DemaSIN:Sistema:2021-05-01:2021-05-31
2021-05-25,PorcApor,1.686,fraction,xm:servapibi,2026-09-22T19:14:50Z,xm/2021/05/PorcApor_Sistema.2021-05-01.ndjson#PorcApor:Sistema:2021-05-01:2021-05-31
2021-05-25,PorcVoluUtilDiar,0.78462,fraction,xm:servapibi,2026-09-22T19:14:43Z,xm/2021/05/PorcVoluUtilDiar_Sistema.2021-05-01.ndjson#PorcVoluUtilDiar:Sistema:2021-05-01:2021-05-31
2021-05-25,PrecBolsNaci,92.72109833333333,COP/kWh,xm:servapibi,2026-09-22T19:14:54Z,xm/2021/05/PrecBolsNaci_Sistema.2021-05-01.ndjson#PrecBolsNaci:Sistema:2021-05-01:2021-05-31
2021-05-25,PrecEscaAct,749.96743,COP/kWh,xm:servapibi,2026-09-22T19:14:53Z,xm/2021/05/PrecEscaAct_Sistema.2021-05-01.ndjson#PrecEscaAct:Sistema:2021-05-01:2021-05-31
2021-05-25,VoluUtilDiarEner,13278979000,kWh,xm:servapibi,2026-09-22T19:14:45Z,xm/2021/05/VoluUtilDiarEner_Sistema.2021-05-01.ndjson#VoluUtilDiarEner:Sistema:2021-05-01:2021-05-31
2021-05-26,AporEner,310165600,kWh,xm:servapibi,2026-09-22T19:14:47Z,xm/2021/05/AporEner_Sistema.2021-05-01.ndjson#AporEner:Sistema:2021-05-01:2021-05-31
2021-05-26,AporEnerMediHist,225060000,kWh,xm:servapibi,2026-09-22T19:14:49Z,xm/2021/05/AporEnerMediHist_Sistema.2021-05-01.ndjson#AporEnerMediHist:Sistema:2021-05-01:2021-05-31
2021-05-26,CapaUtilDiarEner,16924074293,kWh,xm:servapibi,2026-09-22T19:14:46Z,xm/2021/05/CapaUtilDiarEner_Sistema.2021-05-01.ndjson#CapaUtilDiarEner:Sistema:2021-05-01:2021-05-31
2021-05-26,DemaSIN,207561210.49,kWh,xm:servapibi,2026-09-22T19:14:51Z,xm/2021/05/DemaSIN_Sistema.2021-05-01.ndjson#DemaSIN:Sistema:2021-05-01:2021-05-31
2021-05-26,PorcApor,1.37815,fraction,xm:servapibi,2026-09-22T19:14:50Z,xm/2021/05/PorcApor_Sistema.2021-05-01.ndjson#PorcApor:Sistema:2021-05-01:2021-05-31
2021-05-26,PorcVoluUtilDiar,0.78687,fraction,xm:servapibi,2026-09-22T19:14:43Z,xm/2021/05/PorcVoluUtilDiar_Sistema.2021-05-01.ndjson#PorcVoluUtilDiar:Sistema:2021-05-01:2021-05-31
2021-05-26,PrecBolsNaci,92.03371166666663,COP/kWh,xm:servapibi,2026-09-22T19:14:54Z,xm/2021/05/PrecBolsNaci_Sistema.2021-05-01.ndjson#PrecBolsNaci:Sistema:2021-05-01:2021-05-31
2021-05-26,PrecEscaAct,749.96743,COP/kWh,xm:servapibi,2026-09-22T19:14:53Z,xm/2021/05/PrecEscaAct_Sistema.2021-05-01.ndjson#PrecEscaAct:Sistema:2021-05-01:2021-05-31
2021-05-26,VoluUtilDiarEner,13317120100,kWh,xm:servapibi,2026-09-22T19:14:45Z,xm/2021/05/VoluUtilDiarEner_Sistema.2021-05-01.ndjson#VoluUtilDiarEner:Sistema:2021-05-01:2021-05-31
2021-05-27,AporEner,276601500,kWh,xm:servapibi,2026-09-22T19:14:47Z,xm/2021/05/AporEner_Sistema.2021-05-01.ndjson#AporEner:Sistema:2021-05-01:2021-05-31
2021-05-27,AporEnerMediHist,225060000,kWh,xm:servapibi,2026-09-22T19:14:49Z,xm/2021/05/AporEnerMediHist_Sistema.2021-05-01.ndjson#AporEnerMediHist:Sistema:2021-05-01:2021-05-31
2021-05-27,CapaUtilDiarEner,16924074293,kWh,xm:servapibi,2026-09-22T19:14:46Z,xm/2021/05/CapaUtilDiarEner_Sistema.2021-05-01.ndjson#CapaUtilDiarEner:Sistema:2021-05-01:2021-05-31
2021-05-27,DemaSIN,206699850.89,kWh,xm:servapibi,2026-09-22T19:14:51Z,xm/2021/05/DemaSIN_Sistema.2021-05-01.ndjson#DemaSIN:Sistema:2021-05-01:2021-05-31
2021-05-27,PorcApor,1.22901,fraction,xm:servapibi,2026-09-22T19:14:50Z,xm/2021/05/PorcApor_Sistema.2021-05-01.ndjson#PorcApor:Sistema:2021-05-01:2021-05-31
2021-05-27,PorcVoluUtilDiar,0.78964,fraction,xm:servapibi,2026-09-22T19:14:43Z,xm/2021/05/PorcVoluUtilDiar_Sistema.2021-05-01.ndjson#PorcVoluUtilDiar:Sistema:2021-05-01:2021-05-31
2021-05-27,PrecBolsNaci,92.66161333333336,COP/kWh,xm:servapibi,2026-09-22T19:14:54Z,xm/2021/05/PrecBolsNaci_Sistema.2021-05-01.ndjson#PrecBolsNaci:Sistema:2021-05-01:2021-05-31
2021-05-27,PrecEscaAct,749.96743,COP/kWh,xm:servapibi,2026-09-22T19:14:53Z,xm/2021/05/PrecEscaAct_Sistema.2021-05-01.ndjson#PrecEscaAct:Sistema:2021-05-01:2021-05-31
2021-05-27,VoluUtilDiarEner,13363939900,kWh,xm:servapibi,2026-09-22T19:14:45Z,xm/2021/05/VoluUtilDiarEner_Sistema.2021-05-01.ndjson#VoluUtilDiarEner:Sistema:2021-05-01:2021-05-31
2021-05-28,AporEner,228624300,kWh,xm:servapibi,2026-09-22T19:14:47Z,xm/2021/05/AporEner_Sistema.2021-05-01.ndjson#AporEner:Sistema:2021-05-01:2021-05-31
2021-05-28,AporEnerMediHist,225060000,kWh,xm:servapibi,2026-09-22T19:14:49Z,xm/2021/05/AporEnerMediHist_Sistema.2021-05-01.ndjson#AporEnerMediHist:Sistema:2021-05-01:2021-05-31
2021-05-28,CapaUtilDiarEner,16924074293,kWh,xm:servapibi,2026-09-22T19:14:46Z,xm/2021/05/CapaUtilDiarEner_Sistema.2021-05-01.ndjson#CapaUtilDiarEner:Sistema:2021-05-01:2021-05-31
2021-05-28,DemaSIN,202515852.43,kWh,xm:servapibi,2026-09-22T19:14:51Z,xm/2021/05/DemaSIN_Sistema.2021-05-01.ndjson#DemaSIN:Sistema:2021-05-01:2021-05-31
2021-05-28,PorcApor,1.01584,fraction,xm:servapibi,2026-09-22T19:14:50Z,xm/2021/05/PorcApor_Sistema.2021-05-01.ndjson#PorcApor:Sistema:2021-05-01:2021-05-31
2021-05-28,PorcVoluUtilDiar,0.79026,fraction,xm:servapibi,2026-09-22T19:14:43Z,xm/2021/05/PorcVoluUtilDiar_Sistema.2021-05-01.ndjson#PorcVoluUtilDiar:Sistema:2021-05-01:2021-05-31
2021-05-28,PrecBolsNaci,93.49115833333332,COP/kWh,xm:servapibi,2026-09-22T19:14:54Z,xm/2021/05/PrecBolsNaci_Sistema.2021-05-01.ndjson#PrecBolsNaci:Sistema:2021-05-01:2021-05-31
2021-05-28,PrecEscaAct,749.96743,COP/kWh,xm:servapibi,2026-09-22T19:14:53Z,xm/2021/05/PrecEscaAct_Sistema.2021-05-01.ndjson#PrecEscaAct:Sistema:2021-05-01:2021-05-31
2021-05-28,VoluUtilDiarEner,13374387000,kWh,xm:servapibi,2026-09-22T19:14:45Z,xm/2021/05/VoluUtilDiarEner_Sistema.2021-05-01.ndjson#VoluUtilDiarEner:Sistema:2021-05-01:2021-05-31
2021-05-29,AporEner,265452400,kWh,xm:servapibi,2026-09-22T19:14:47Z,xm/2021/05/AporEner_Sistema.2021-05-01.ndjson#AporEner:Sistema:2021-05-01:2021-05-31
2021-05-29,AporEnerMediHist,225060000,kWh,xm:servapibi,2026-09-22T19:14:49Z,xm/2021/05/AporEnerMediHist_Sistema.2021-05-01.ndjson#AporEnerMediHist:Sistema:2021-05-01:2021-05-31
2021-05-29,CapaUtilDiarEner,16924074293,kWh,xm:servapibi,2026-09-22T19:14:46Z,xm/2021/05/CapaUtilDiarEner_Sistema.2021-05-01.ndjson#CapaUtilDiarEner:Sistema:2021-05-01:2021-05-31
2021-05-29,DemaSIN,193292329.01,kWh,xm:servapibi,2026-09-22T19:14:51Z,xm/2021/05/DemaSIN_Sistema.2021-05-01.ndjson#DemaSIN:Sistema:2021-05-01:2021-05-31
2021-05-29,PorcApor,1.17947,fraction,xm:servapibi,2026-09-22T19:14:50Z,xm/2021/05/PorcApor_Sistema.2021-05-01.ndjson#PorcApor:Sistema:2021-05-01:2021-05-31
2021-05-29,PorcVoluUtilDiar,0.79308,fraction,xm:servapibi,2026-09-22T19:14:43Z,xm/2021/05/PorcVoluUtilDiar_Sistema.2021-05-01.ndjson#PorcVoluUtilDiar:Sistema:2021-05-01:2021-05-31
2021-05-29,PrecBolsNaci,94.63559,COP/kWh,xm:servapibi,2026-09-22T19:14:54Z,xm/2021/05/PrecBolsNaci_Sistema.2021-05-01.ndjson#PrecBolsNaci:Sistema:2021-05-01:2021-05-31
2021-05-29,PrecEscaAct,749.96743,COP/kWh,xm:servapibi,2026-09-22T19:14:53Z,xm/2021/05/PrecEscaAct_Sistema.2021-05-01.ndjson#PrecEscaAct:Sistema:2021-05-01:2021-05-31
2021-05-29,VoluUtilDiarEner,13422160200,kWh,xm:servapibi,2026-09-22T19:14:45Z,xm/2021/05/VoluUtilDiarEner_Sistema.2021-05-01.ndjson#VoluUtilDiarEner:Sistema:2021-05-01:2021-05-31
2021-05-30,AporEner,294317300,kWh,xm:servapibi,2026-09-22T19:14:47Z,xm/2021/05/AporEner_Sistema.2021-05-01.ndjson#AporEner:Sistema:2021-05-01:2021-05-31
2021-05-30,AporEnerMediHist,225060000,kWh,xm:servapibi,2026-09-22T19:14:49Z,xm/2021/05/AporEnerMediHist_Sistema.2021-05-01.ndjson#AporEnerMediHist:Sistema:2021-05-01:2021-05-31
2021-05-30,CapaUtilDiarEner,16924074293,kWh,xm:servapibi,2026-09-22T19:14:46Z,xm/2021/05/CapaUtilDiarEner_Sistema.2021-05-01.ndjson#CapaUtilDiarEner:Sistema:2021-05-01:2021-05-31
2021-05-30,DemaSIN,178487258.08,kWh,xm:servapibi,2026-09-22T19:14:51Z,xm/2021/05/DemaSIN_Sistema.2021-05-01.ndjson#DemaSIN:Sistema:2021-05-01:2021-05-31
2021-05-30,PorcApor,1.30773,fraction,xm:servapibi,2026-09-22T19:14:50Z,xm/2021/05/PorcApor_Sistema.2021-05-01.ndjson#PorcApor:Sistema:2021-05-01:2021-05-31
2021-05-30,PorcVoluUtilDiar,0.79728,fraction,xm:servapibi,2026-09-22T19:14:43Z,xm/2021/05/PorcVoluUtilDiar_Sistema.2021-05-01.ndjson#PorcVoluUtilDiar:Sistema:2021-05-01:2021-05-31
2021-05-30,PrecBolsNaci,93.56722333333333,COP/kWh,xm:servapibi,2026-09-22T19:14:54Z,xm/2021/05/PrecBolsNaci_Sistema.2021-05-01.ndjson#PrecBolsNaci:Sistema:2021-05-01:2021-05-31
2021-05-30,PrecEscaAct,749.96743,COP/kWh,xm:servapibi,2026-09-22T19:14:53Z,xm/2021/05/PrecEscaAct_Sistema.2021-05-01.ndjson#PrecEscaAct:Sistema:2021-05-01:2021-05-31
2021-05-30,VoluUtilDiarEner,13493150800,kWh,xm:servapibi,2026-09-22T19:14:45Z,xm/2021/05/VoluUtilDiarEner_Sistema.2021-05-01.ndjson#VoluUtilDiarEner:Sistema:2021-05-01:2021-05-31
2021-05-31,AporEner,330455100,kWh,xm:servapibi,2026-09-22T19:14:47Z,xm/2021/05/AporEner_Sistema.2021-05-01.ndjson#AporEner:Sistema:2021-05-01:2021-05-31
2021-05-31,AporEnerMediHist,225060000,kWh,xm:servapibi,2026-09-22T19:14:49Z,xm/2021/05/AporEnerMediHist_Sistema.2021-05-01.ndjson#AporEnerMediHist:Sistema:2021-05-01:2021-05-31
2021-05-31,CapaUtilDiarEner,16924074293,kWh,xm:servapibi,2026-09-22T19:14:46Z,xm/2021/05/CapaUtilDiarEner_Sistema.2021-05-01.ndjson#CapaUtilDiarEner:Sistema:2021-05-01:2021-05-31
2021-05-31,DemaSIN,202012868.15,kWh,xm:servapibi,2026-09-22T19:14:51Z,xm/2021/05/DemaSIN_Sistema.2021-05-01.ndjson#DemaSIN:Sistema:2021-05-01:2021-05-31
2021-05-31,PorcApor,1.4683,fraction,xm:servapibi,2026-09-22T19:14:50Z,xm/2021/05/PorcApor_Sistema.2021-05-01.ndjson#PorcApor:Sistema:2021-05-01:2021-05-31
2021-05-31,PorcVoluUtilDiar,0.80143,fraction,xm:servapibi,2026-09-22T19:14:43Z,xm/2021/05/PorcVoluUtilDiar_Sistema.2021-05-01.ndjson#PorcVoluUtilDiar:Sistema:2021-05-01:2021-05-31
2021-05-31,PrecBolsNaci,90.28255833333333,COP/kWh,xm:servapibi,2026-09-22T19:14:54Z,xm/2021/05/PrecBolsNaci_Sistema.2021-05-01.ndjson#PrecBolsNaci:Sistema:2021-05-01:2021-05-31
2021-05-31,PrecEscaAct,749.96743,COP/kWh,xm:servapibi,2026-09-22T19:14:53Z,xm/2021/05/PrecEscaAct_Sistema.2021-05-01.ndjson#PrecEscaAct:Sistema:2021-05-01:2021-05-31
2021-05-31,VoluUtilDiarEner,13563512600,kWh,xm:servapibi,2026-09-22T19:14:45Z,xm/2021/05/VoluUtilDiarEner_Sistema.2021-05-01.ndjson#VoluUtilDiarEner:Sistema:2021-05-01:2021-05-31
2021-06-01,AporEner,495085800,kWh,xm:servapibi,2026-09-22T19:15:02Z,xm/2021/06/AporEner_Sistema.2021-06-01.ndjson#AporEner:Sistema:2021-06-01:2021-06-30
2021-06-01,AporEnerMediHist,226860000,kWh,xm:servapibi,2026-09-22T19:15:03Z,xm/2021/06/AporEnerMediHist_Sistema.2021-06-01.ndjson#AporEnerMediHist:Sistema:2021-06-01:2021-06-30
2021-06-01,CapaUtilDiarEner,16924074293,kWh,xm:servapibi,2026-09-22T19:15:01Z,xm/2021/06/CapaUtilDiarEner_Sistema.2021-06-01.ndjson#CapaUtilDiarEner:Sistema:2021-06-01:2021-06-30
2021-06-01,DemaSIN,203329511.48,kWh,xm:servapibi,2026-09-22T19:15:06Z,xm/2021/06/DemaSIN_Sistema.2021-06-01.ndjson#DemaSIN:Sistema:2021-06-01:2021-06-30
2021-06-01,PorcApor,2.18234,fraction,xm:servapibi,2026-09-22T19:15:05Z,xm/2021/06/PorcApor_Sistema.2021-06-01.ndjson#PorcApor:Sistema:2021-06-01:2021-06-30
2021-06-01,PorcVoluUtilDiar,0.81316,fraction,xm:servapibi,2026-09-22T19:14:58Z,xm/2021/06/PorcVoluUtilDiar_Sistema.2021-06-01.ndjson#PorcVoluUtilDiar:Sistema:2021-06-01:2021-06-30
2021-06-01,PrecBolsNaci,89.53452666666665,COP/kWh,xm:servapibi,2026-09-22T19:15:09Z,xm/2021/06/PrecBolsNaci_Sistema.2021-06-01.ndjson#PrecBolsNaci:Sistema:2021-06-01:2021-06-30
2021-06-01,PrecEscaAct,750.4303,COP/kWh,xm:servapibi,2026-09-22T19:15:07Z,xm/2021/06/PrecEscaAct_Sistema.2021-06-01.ndjson#PrecEscaAct:Sistema:2021-06-01:2021-06-30
2021-06-01,VoluUtilDiarEner,13761999000,kWh,xm:servapibi,2026-09-22T19:15:00Z,xm/2021/06/VoluUtilDiarEner_Sistema.2021-06-01.ndjson#VoluUtilDiarEner:Sistema:2021-06-01:2021-06-30
2021-06-02,AporEner,360504700,kWh,xm:servapibi,2026-09-22T19:15:02Z,xm/2021/06/AporEner_Sistema.2021-06-01.ndjson#AporEner:Sistema:2021-06-01:2021-06-30
2021-06-02,AporEnerMediHist,226860000,kWh,xm:servapibi,2026-09-22T19:15:03Z,xm/2021/06/AporEnerMediHist_Sistema.2021-06-01.ndjson#AporEnerMediHist:Sistema:2021-06-01:2021-06-30
2021-06-02,CapaUtilDiarEner,16924074293,kWh,xm:servapibi,2026-09-22T19:15:01Z,xm/2021/06/CapaUtilDiarEner_Sistema.2021-06-01.ndjson#CapaUtilDiarEner:Sistema:2021-06-01:2021-06-30
2021-06-02,DemaSIN,204189301.45,kWh,xm:servapibi,2026-09-22T19:15:06Z,xm/2021/06/DemaSIN_Sistema.2021-06-01.ndjson#DemaSIN:Sistema:2021-06-01:2021-06-30
2021-06-02,PorcApor,1.58911,fraction,xm:servapibi,2026-09-22T19:15:05Z,xm/2021/06/PorcApor_Sistema.2021-06-01.ndjson#PorcApor:Sistema:2021-06-01:2021-06-30
2021-06-02,PorcVoluUtilDiar,0.81533,fraction,xm:servapibi,2026-09-22T19:14:58Z,xm/2021/06/PorcVoluUtilDiar_Sistema.2021-06-01.ndjson#PorcVoluUtilDiar:Sistema:2021-06-01:2021-06-30
2021-06-02,PrecBolsNaci,89.18644833333337,COP/kWh,xm:servapibi,2026-09-22T19:15:09Z,xm/2021/06/PrecBolsNaci_Sistema.2021-06-01.ndjson#PrecBolsNaci:Sistema:2021-06-01:2021-06-30
2021-06-02,PrecEscaAct,750.4303,COP/kWh,xm:servapibi,2026-09-22T19:15:07Z,xm/2021/06/PrecEscaAct_Sistema.2021-06-01.ndjson#PrecEscaAct:Sistema:2021-06-01:2021-06-30
2021-06-02,VoluUtilDiarEner,13798709000,kWh,xm:servapibi,2026-09-22T19:15:00Z,xm/2021/06/VoluUtilDiarEner_Sistema.2021-06-01.ndjson#VoluUtilDiarEner:Sistema:2021-06-01:2021-06-30
2021-06-03,AporEner,301682400,kWh,xm:servapibi,2026-09-22T19:15:02Z,xm/2021/06/AporEner_Sistema.2021-06-01.ndjson#AporEner:Sistema:2021-06-01:2021-06-30
2021-06-03,AporEnerMediHist,226860000,kWh,xm:servapibi,2026-09-22T19:15:03Z,xm/2021/06/AporEnerMediHist_Sistema.2021-06-01.ndjson#AporEnerMediHist:Sistema:2021-06-01:2021-06-30
2021-06-03,CapaUtilDiarEner,16924074293,kWh,xm:servapibi,2026-09-22T19:15:01Z,xm/2021/06/CapaUtilDiarEner_Sistema.2021-06-01.ndjson#CapaUtilDiarEner:Sistema:2021-06-01:2021-06-30
2021-06-03,DemaSIN,208147634.58,kWh,xm:servapibi,2026-09-22T19:15:06Z,xm/2021/06/DemaSIN_Sistema.2021-06-01.ndjson#DemaSIN:Sistema:2021-06-01:2021-06-30
2021-06-03,PorcApor,1.32982,fraction,xm:servapibi,2026-09-22T19:15:05Z,xm/2021/06/PorcApor_Sistema.2021-06-01.ndjson#PorcApor:Sistema:2021-06-01:2021-06-30
2021-06-03,PorcVoluUtilDiar,0.81514,fraction,xm:servapibi,2026-09-22T19:14:58Z,xm/2021/06/PorcVoluUtilDiar_Sistema.2021-06-01.ndjson#PorcVoluUtilDiar:Sistema:2021-06-01:2021-06-30
2021-06-03,PrecBolsNaci,95.49923666666665,COP/kWh,xm:servapibi,2026-09-22T19:15:09Z,xm/2021/06/PrecBolsNaci_Sistema.2021-06-01.ndjson#PrecBolsNaci:Sistema:2021-06-01:2021-06-30
2021-06-03,PrecEscaAct,750.4303,COP/kWh,xm:servapibi,2026-09-22T19:15:07Z,xm/2021/06/PrecEscaAct_Sistema.2021-06-01.ndjson#PrecEscaAct:Sistema:2021-06-01:2021-06-30
2021-06-03,VoluUtilDiarEner,13795521200,kWh,xm:servapibi,2026-09-22T19:15:00Z,xm/2021/06/VoluUtilDiarEner_Sistema.2021-06-01.ndjson#VoluUtilDiarEner:Sistema:2021-06-01:2021-06-30
2021-06-04,AporEner,250671600,kWh,xm:servapibi,2026-09-22T19:15:02Z,xm/2021/06/AporEner_Sistema.2021-06-01.ndjson#AporEner:Sistema:2021-06-01:2021-06-30
2021-06-04,AporEnerMediHist,226860000,kWh,xm:servapibi,2026-09-22T19:15:03Z,xm/2021/06/AporEnerMediHist_Sistema.2021-06-01.ndjson#AporEnerMediHist:Sistema:2021-06-01:2021-06-30
2021-06-04,CapaUtilDiarEner,16924074293,kWh,xm:servapibi,2026-09-22T19:15:01Z,xm/2021/06/CapaUtilDiarEner_Sistema.2021-06-01.ndjson#CapaUtilDiarEner:Sistema:2021-06-01:2021-06-30
2021-06-04,DemaSIN,208614763.07,kWh,xm:servapibi,2026-09-22T19:15:06Z,xm/2021/06/DemaSIN_Sistema.2021-06-01.ndjson#DemaSIN:Sistema:2021-06-01:2021-06-30
2021-06-04,PorcApor,1.10496,fraction,xm:servapibi,2026-09-22T19:15:05Z,xm/2021/06/PorcApor_Sistema.2021-06-01.ndjson#PorcApor:Sistema:2021-06-01:2021-06-30
2021-06-04,PorcVoluUtilDiar,0.81331,fraction,xm:servapibi,2026-09-22T19:14:58Z,xm/2021/06/PorcVoluUtilDiar_Sistema.2021-06-01.ndjson#PorcVoluUtilDiar:Sistema:2021-06-01:2021-06-30
2021-06-04,PrecBolsNaci,90.00579166666665,COP/kWh,xm:servapibi,2026-09-22T19:15:09Z,xm/2021/06/PrecBolsNaci_Sistema.2021-06-01.ndjson#PrecBolsNaci:Sistema:2021-06-01:2021-06-30
2021-06-04,PrecEscaAct,750.4303,COP/kWh,xm:servapibi,2026-09-22T19:15:07Z,xm/2021/06/PrecEscaAct_Sistema.2021-06-01.ndjson#PrecEscaAct:Sistema:2021-06-01:2021-06-30
2021-06-04,VoluUtilDiarEner,13764586000,kWh,xm:servapibi,2026-09-22T19:15:00Z,xm/2021/06/VoluUtilDiarEner_Sistema.2021-06-01.ndjson#VoluUtilDiarEner:Sistema:2021-06-01:2021-06-30
2021-06-05,AporEner,210397800,kWh,xm:servapibi,2026-09-22T19:15:02Z,xm/2021/06/AporEner_Sistema.2021-06-01.ndjson#AporEner:Sistema:2021-06-01:2021-06-30
2021-06-05,AporEnerMediHist,226860000,kWh,xm:servapibi,2026-09-22T19:15:03Z,xm/2021/06/AporEnerMediHist_Sistema.2021-06-01.ndjson#AporEnerMediHist:Sistema:2021-06-01:2021-06-30
2021-06-05,CapaUtilDiarEner,16924074293,kWh,xm:servapibi,2026-09-22T19:15:01Z,xm/2021/06/CapaUtilDiarEner_Sistema.2021-06-01.ndjson#CapaUtilDiarEner:Sistema:2021-06-01:2021-06-30
2021-06-05,DemaSIN,200509005.79,kWh,xm:servapibi,2026-09-22T19:15:06Z,xm/2021/06/DemaSIN_Sistema.2021-06-01.ndjson#DemaSIN:Sistema:2021-06-01:2021-06-30
2021-06-05,PorcApor,0.92743,fraction,xm:servapibi,2026-09-22T19:15:05Z,xm/2021/06/PorcApor_Sistema.2021-06-01.ndjson#PorcApor:Sistema:2021-06-01:2021-06-30
2021-06-05,PorcVoluUtilDiar,0.8097,fraction,xm:servapibi,2026-09-22T19:14:58Z,xm/2021/06/PorcVoluUtilDiar_Sistema.2021-06-01.ndjson#PorcVoluUtilDiar:Sistema:2021-06-01:2021-06-30
2021-06-05,PrecBolsNaci,92.26633499999998,COP/kWh,xm:servapibi,2026-09-22T19:15:09Z,xm/2021/06/PrecBolsNaci_Sistema.2021-06-01.ndjson#PrecBolsNaci:Sistema:2021-06-01:2021-06-30
2021-06-05,PrecEscaAct,750.4303,COP/kWh,xm:servapibi,2026-09-22T19:15:07Z,xm/2021/06/PrecEscaAct_Sistema.2021-06-01.ndjson#PrecEscaAct:Sistema:2021-06-01:2021-06-30
2021-06-05,VoluUtilDiarEner,13703407700,kWh,xm:servapibi,2026-09-22T19:15:00Z,xm/2021/06/VoluUtilDiarEner_Sistema.2021-06-01.ndjson#VoluUtilDiarEner:Sistema:2021-06-01:2021-06-30
2021-06-06,AporEner,264662000,kWh,xm:servapibi,2026-09-22T19:15:02Z,xm/2021/06/AporEner_Sistema.2021-06-01.ndjson#AporEner:Sistema:2021-06-01:2021-06-30
2021-06-06,AporEnerMediHist,226860000,kWh,xm:servapibi,2026-09-22T19:15:03Z,xm/2021/06/AporEnerMediHist_Sistema.2021-06-01.ndjson#AporEnerMediHist:Sistema:2021-06-01:2021-06-30
2021-06-06,CapaUtilDiarEner,16924074293,kWh,xm:servapibi,2026-09-22T19:15:01Z,xm/2021/06/CapaUtilDiarEner_Sistema.2021-06-01.ndjson#CapaUtilDiarEner:Sistema:2021-06-01:2021-06-30
2021-06-06,DemaSIN,181871911.53,kWh,xm:servapibi,2026-09-22T19:15:06Z,xm/2021/06/DemaSIN_Sistema.2021-06-01.ndjson#DemaSIN:Sistema:2021-06-01:2021-06-30
2021-06-06,PorcApor,1.16663,fraction,xm:servapibi,2026-09-22T19:15:05Z,xm/2021/06/PorcApor_Sistema.2021-06-01.ndjson#PorcApor:Sistema:2021-06-01:2021-06-30
2021-06-06,PorcVoluUtilDiar,0.811,fraction,xm:servapibi,2026-09-22T19:14:58Z,xm/2021/06/PorcVoluUtilDiar_Sistema.2021-06-01.ndjson#PorcVoluUtilDiar:Sistema:2021-06-01:2021-06-30
2021-06-06,PrecBolsNaci,93.04396833333332,COP/kWh,xm:servapibi,2026-09-22T19:15:09Z,xm/2021/06/PrecBolsNaci_Sistema.2021-06-01.ndjson#PrecBolsNaci:Sistema:2021-06-01:2021-06-30
2021-06-06,PrecEscaAct,750.4303,COP/kWh,xm:servapibi,2026-09-22T19:15:07Z,xm/2021/06/PrecEscaAct_Sistema.2021-06-01.ndjson#PrecEscaAct:Sistema:2021-06-01:2021-06-30
2021-06-06,VoluUtilDiarEner,13725443800,kWh,xm:servapibi,2026-09-22T19:15:00Z,xm/2021/06/VoluUtilDiarEner_Sistema.2021-06-01.ndjson#VoluUtilDiarEner:Sistema:2021-06-01:2021-06-30
2021-06-07,AporEner,261730800,kWh,xm:servapibi,2026-09-22T19:15:02Z,xm/2021/06/AporEner_Sistema.2021-06-01.ndjson#AporEner:Sistema:2021-06-01:2021-06-30
2021-06-07,AporEnerMediHist,226860000,kWh,xm:servapibi,2026-09-22T19:15:03Z,xm/2021/06/AporEnerMediHist_Sistema.2021-06-01.ndjson#AporEnerMediHist:Sistema:2021-06-01:2021-06-30
2021-06-07,CapaUtilDiarEner,16924074293,kWh,xm:servapibi,2026-09-22T19:15:01Z,xm/2021/06/CapaUtilDiarEner_Sistema.2021-06-01.ndjson#CapaUtilDiarEner:Sistema:2021-06-01:2021-06-30
2021-06-07,DemaSIN,182040376.28,kWh,xm:servapibi,2026-09-22T19:15:06Z,xm/2021/06/DemaSIN_Sistema.2021-06-01.ndjson#DemaSIN:Sistema:2021-06-01:2021-06-30
2021-06-07,PorcApor,1.15371,fraction,xm:servapibi,2026-09-22T19:15:05Z,xm/2021/06/PorcApor_Sistema.2021-06-01.ndjson#PorcApor:Sistema:2021-06-01:2021-06-30
2021-06-07,PorcVoluUtilDiar,0.81002,fraction,xm:servapibi,2026-09-22T19:14:58Z,xm/2021/06/PorcVoluUtilDiar_Sistema.2021-06-01.ndjson#PorcVoluUtilDiar:Sistema:2021-06-01:2021-06-30
2021-06-07,PrecBolsNaci,91.549215,COP/kWh,xm:servapibi,2026-09-22T19:15:09Z,xm/2021/06/PrecBolsNaci_Sistema.2021-06-01.ndjson#PrecBolsNaci:Sistema:2021-06-01:2021-06-30
2021-06-07,PrecEscaAct,750.4303,COP/kWh,xm:servapibi,2026-09-22T19:15:07Z,xm/2021/06/PrecEscaAct_Sistema.2021-06-01.ndjson#PrecEscaAct:Sistema:2021-06-01:2021-06-30
2021-06-07,VoluUtilDiarEner,13708918200,kWh,xm:servapibi,2026-09-22T19:15:00Z,xm/2021/06/VoluUtilDiarEner_Sistema.2021-06-01.ndjson#VoluUtilDiarEner:Sistema:2021-06-01:2021-06-30
2021-06-08,AporEner,372582000,kWh,xm:servapibi,2026-09-22T19:15:02Z,xm/2021/06/AporEner_Sistema.2021-06-01.ndjson#AporEner:Sistema:2021-06-01:2021-06-30
2021-06-08,AporEnerMediHist,226860000,kWh,xm:servapibi,2026-09-22T19:15:03Z,xm/2021/06/AporEnerMediHist_Sistema.2021-06-01.ndjson#AporEnerMediHist:Sistema:2021-06-01:2021-06-30
2021-06-08,CapaUtilDiarEner,16874185281,kWh,xm:servapibi,2026-09-22T19:15:01Z,xm/2021/06/CapaUtilDiarEner_Sistema.2021-06-01.ndjson#CapaUtilDiarEner:Sistema:2021-06-01:2021-06-30
2021-06-08,DemaSIN,199881776.15,kWh,xm:servapibi,2026-09-22T19:15:06Z,xm/2021/06/DemaSIN_Sistema.2021-06-01.ndjson#DemaSIN:Sistema:2021-06-01:2021-06-30
2021-06-08,PorcApor,1.64234,fraction,xm:servapibi,2026-09-22T19:15:05Z,xm/2021/06/PorcApor_Sistema.2021-06-01.ndjson#PorcApor:Sistema:2021-06-01:2021-06-30
2021-06-08,PorcVoluUtilDiar,0.81946,fraction,xm:servapibi,2026-09-22T19:14:58Z,xm/2021/06/PorcVoluUtilDiar_Sistema.2021-06-01.ndjson#PorcVoluUtilDiar:Sistema:2021-06-01:2021-06-30
2021-06-08,PrecBolsNaci,90.12949000000005,COP/kWh,xm:servapibi,2026-09-22T19:15:09Z,xm/2021/06/PrecBolsNaci_Sistema.2021-06-01.ndjson#PrecBolsNaci:Sistema:2021-06-01:2021-06-30
2021-06-08,PrecEscaAct,750.4303,COP/kWh,xm:servapibi,2026-09-22T19:15:07Z,xm/2021/06/PrecEscaAct_Sistema.2021-06-01.ndjson#PrecEscaAct:Sistema:2021-06-01:2021-06-30
2021-06-08,VoluUtilDiarEner,13827656400,kWh,xm:servapibi,2026-09-22T19:15:00Z,xm/2021/06/VoluUtilDiarEner_Sistema.2021-06-01.ndjson#VoluUtilDiarEner:Sistema:2021-06-01:2021-06-30
2021-06-09,AporEner,413167600,kWh,xm:servapibi,2026-09-22T19:15:02Z,xm/2021/06/AporEner_Sistema.2021-06-01.ndjson#AporEner:Sistema:2021-06-01:2021-06-30
2021-06-09,AporEnerMediHist,226860000,kWh,xm:servapibi,2026-09-22T19:15:03Z,xm/2021/06/AporEnerMediHist_Sistema.2021-06-01.ndjson#AporEnerMediHist:Sistema:2021-06-01:2021-06-30
2021-06-09,CapaUtilDiarEner,16874185281,kWh,xm:servapibi,2026-09-22T19:15:01Z,xm/2021/06/CapaUtilDiarEner_Sistema.2021-06-01.ndjson#CapaUtilDiarEner:Sistema:2021-06-01:2021-06-30
2021-06-09,DemaSIN,199734084.77,kWh,xm:servapibi,2026-09-22T19:15:06Z,xm/2021/06/DemaSIN_Sistema.2021-06-01.ndjson#DemaSIN:Sistema:2021-06-01:2021-06-30
2021-06-09,PorcApor,1.82124,fraction,xm:servapibi,2026-09-22T19:15:05Z,xm/2021/06/PorcApor_Sistema.2021-06-01.ndjson#PorcApor:Sistema:2021-06-01:2021-06-30
2021-06-09,PorcVoluUtilDiar,0.82291,fraction,xm:servapibi,2026-09-22T19:14:58Z,xm/2021/06/PorcVoluUtilDiar_Sistema.2021-06-01.ndjson#PorcVoluUtilDiar:Sistema:2021-06-01:2021-06-30
2021-06-09,PrecBolsNaci,90.02595333333335,COP/kWh,xm:servapibi,2026-09-22T19:15:09Z,xm/2021/06/PrecBolsNaci_Sistema.2021-06-01.ndjson#PrecBolsNaci:Sistema:2021-06-01:2021-06-30
2021-06-09,PrecEscaAct,750.4303,COP/kWh,xm:servapibi,2026-09-22T19:15:07Z,xm/2021/06/PrecEscaAct_Sistema.2021-06-01.ndjson#PrecEscaAct:Sistema:2021-06-01:2021-06-30
2021-06-09,VoluUtilDiarEner,13885862800,kWh,xm:servapibi,2026-09-22T19:15:00Z,xm/2021/06/VoluUtilDiarEner_Sistema.2021-06-01.ndjson#VoluUtilDiarEner:Sistema:2021-06-01:2021-06-30
2021-06-10,AporEner,305358000,kWh,xm:servapibi,2026-09-22T19:15:02Z,xm/2021/06/AporEner_Sistema.2021-06-01.ndjson#AporEner:Sistema:2021-06-01:2021-06-30
2021-06-10,AporEnerMediHist,226860000,kWh,xm:servapibi,2026-09-22T19:15:03Z,xm/2021/06/AporEnerMediHist_Sistema.2021-06-01.ndjson#AporEnerMediHist:Sistema:2021-06-01:2021-06-30
2021-06-10,CapaUtilDiarEner,16874185281,kWh,xm:servapibi,2026-09-22T19:15:01Z,xm/2021/06/CapaUtilDiarEner_Sistema.2021-06-01.ndjson#CapaUtilDiarEner:Sistema:2021-06-01:2021-06-30
2021-06-10,DemaSIN,203734160.87,kWh,xm:servapibi,2026-09-22T19:15:06Z,xm/2021/06/DemaSIN_Sistema.2021-06-01.ndjson#DemaSIN:Sistema:2021-06-01:2021-06-30
2021-06-10,PorcApor,1.34602,fraction,xm:servapibi,2026-09-22T19:15:05Z,xm/2021/06/PorcApor_Sistema.2021-06-01.ndjson#PorcApor:Sistema:2021-06-01:2021-06-30
2021-06-10,PorcVoluUtilDiar,0.82224,fraction,xm:servapibi,2026-09-22T19:14:58Z,xm/2021/06/PorcVoluUtilDiar_Sistema.2021-06-01.ndjson#PorcVoluUtilDiar:Sistema:2021-06-01:2021-06-30
2021-06-10,PrecBolsNaci,89.80813666666664,COP/kWh,xm:servapibi,2026-09-22T19:15:09Z,xm/2021/06/PrecBolsNaci_Sistema.2021-06-01.ndjson#PrecBolsNaci:Sistema:2021-06-01:2021-06-30
2021-06-10,PrecEscaAct,750.4303,COP/kWh,xm:servapibi,2026-09-22T19:15:07Z,xm/2021/06/PrecEscaAct_Sistema.2021-06-01.ndjson#PrecEscaAct:Sistema:2021-06-01:2021-06-30
2021-06-10,VoluUtilDiarEner,13874680200,kWh,xm:servapibi,2026-09-22T19:15:00Z,xm/2021/06/VoluUtilDiarEner_Sistema.2021-06-01.ndjson#VoluUtilDiarEner:Sistema:2021-06-01:2021-06-30
2021-06-11,AporEner,305537100,kWh,xm:servapibi,2026-09-22T19:15:02Z,xm/2021/06/AporEner_Sistema.2021-06-01.ndjson#AporEner:Sistema:2021-06-01:2021-06-30
2021-06-11,AporEnerMediHist,226860000,kWh,xm:servapibi,2026-09-22T19:15:03Z,xm/2021/06/AporEnerMediHist_Sistema.2021-06-01.ndjson#AporEnerMediHist:Sistema:2021-06-01:2021-06-30
2021-06-11,CapaUtilDiarEner,16874185281,kWh,xm:servapibi,2026-09-22T19:15:01Z,xm/2021/06/CapaUtilDiarEner_Sistema.2021-06-01.ndjson#CapaUtilDiarEner:Sistema:2021-06-01:2021-06-30
2021-06-11,DemaSIN,209501715.46,kWh,xm:servapibi,2026-09-22T19:15:06Z,xm/2021/06/DemaSIN_Sistema.2021-06-01.ndjson#DemaSIN:Sistema:2021-06-01:2021-06-30
2021-06-11,PorcApor,1.34681,fraction,xm:servapibi,2026-09-22T19:15:05Z,xm/2021/06/PorcApor_Sistema.2021-06-01.ndjson#PorcApor:Sistema:2021-06-01:2021-06-30
2021-06-11,PorcVoluUtilDiar,0.82357,fraction,xm:servapibi,2026-09-22T19:14:58Z,xm/2021/06/PorcVoluUtilDiar_Sistema.2021-06-01.ndjson#PorcVoluUtilDiar:Sistema:2021-06-01:2021-06-30
2021-06-11,PrecBolsNaci,89.201595,COP/kWh,xm:servapibi,2026-09-22T19:15:09Z,xm/2021/06/PrecBolsNaci_Sistema.2021-06-01.ndjson#PrecBolsNaci:Sistema:2021-06-01:2021-06-30
2021-06-11,PrecEscaAct,750.4303,COP/kWh,xm:servapibi,2026-09-22T19:15:07Z,xm/2021/06/PrecEscaAct_Sistema.2021-06-01.ndjson#PrecEscaAct:Sistema:2021-06-01:2021-06-30
2021-06-11,VoluUtilDiarEner,13897092900,kWh,xm:servapibi,2026-09-22T19:15:00Z,xm/2021/06/VoluUtilDiarEner_Sistema.2021-06-01.ndjson#VoluUtilDiarEner:Sistema:2021-06-01:2021-06-30
2021-06-12,AporEner,392888100,kWh,xm:servapibi,2026-09-22T19:15:02Z,xm/2021/06/AporEner_Sistema.2021-06-01.ndjson#AporEner:Sistema:2021-06-01:2021-06-30
2021-06-12,AporEnerMediHist,226860000,kWh,xm:servapibi,2026-09-22T19:15:03Z,xm/2021/06/AporEnerMediHist_Sistema.2021-06-01.ndjson#AporEnerMediHist:Sistema:2021-06-01:2021-06-30
2021-06-12,CapaUtilDiarEner,16874185281,kWh,xm:servapibi,2026-09-22T19:15:01Z,xm/2021/06/CapaUtilDiarEner_Sistema.2021-06-01.ndjson#CapaUtilDiarEner:Sistema:2021-06-01:2021-06-30
2021-06-12,DemaSIN,199640355.68,kWh,xm:servapibi,2026-09-22T19:15:06Z,xm/2021/06/DemaSIN_Sistema.2021-06-01.ndjson#DemaSIN:Sistema:2021-06-01:2021-06-30
2021-06-12,PorcApor,1.73185,fraction,xm:servapibi,2026-09-22T19:15:05Z,xm/2021/06/PorcApor_Sistema.2021-06-01.ndjson#PorcApor:Sistema:2021-06-01:2021-06-30
2021-06-12,PorcVoluUtilDiar,0.82802,fraction,xm:servapibi,2026-09-22T19:14:58Z,xm/2021/06/PorcVoluUtilDiar_Sistema.2021-06-01.ndjson#PorcVoluUtilDiar:Sistema:2021-06-01:2021-06-30
2021-06-12,PrecBolsNaci,89.6621383333333,COP/kWh,xm:servapibi,2026-09-22T19:15:09Z,xm/2021/06/PrecBolsNaci_Sistema.2021-06-01.ndjson#PrecBolsNaci:Sistema:2021-06-01:2021-06-30
2021-06-12,PrecEscaAct,750.4303,COP/kWh,xm:servapibi,2026-09-22T19:15:07Z,xm/2021/06/PrecEscaAct_Sistema.2021-06-01.ndjson#PrecEscaAct:Sistema:2021-06-01:2021-06-30
2021-06-12,VoluUtilDiarEner,13972114400,kWh,xm:servapibi,2026-09-22T19:15:00Z,xm/2021/06/VoluUtilDiarEner_Sistema.2021-06-01.ndjson#VoluUtilDiarEner:Sistema:2021-06-01:2021-06-30
2021-06-13,AporEner,386417500,kWh,xm:servapibi,2026-09-22T19:15:02Z,xm/2021/06/AporEner_Sistema.2021-06-01.ndjson#AporEner:Sistema:2021-06-01:2021-06-30
2021-06-13,AporEnerMediHist,226860000,kWh,xm:servapibi,2026-09-22T19:15:03Z,xm/2021/06/AporEnerMediHist_Sistema.2021-06-01.ndjson#AporEnerMediHist:Sistema:2021-06-01:2021-06-30
2021-06-13,CapaUtilDiarEner,16874185281,kWh,xm:servapibi,2026-09-22T19:15:01Z,xm/2021/06/CapaUtilDiarEner_Sistema.2021-06-01.ndjson#CapaUtilDiarEner:Sistema:2021-06-01:2021-06-30
2021-06-13,DemaSIN,181285576.21,kWh,xm:servapibi,2026-09-22T19:15:06Z,xm/2021/06/DemaSIN_Sistema.2021-06-01.ndjson#DemaSIN:Sistema:2021-06-01:2021-06-30
2021-06-13,PorcApor,1.70333,fraction,xm:servapibi,2026-09-22T19:15:05Z,xm/2021/06/PorcApor_Sistema.2021-06-01.ndjson#PorcApor:Sistema:2021-06-01:2021-06-30
2021-06-13,PorcVoluUtilDiar,0.83329,fraction,xm:servapibi,2026-09-22T19:14:58Z,xm/2021/06/PorcVoluUtilDiar_Sistema.2021-06-01.ndjson#PorcVoluUtilDiar:Sistema:2021-06-01:2021-06-30
2021-06-13,PrecBolsNaci,87.81137666666665,COP/kWh,xm:servapibi,2026-09-22T19:15:09Z,xm/2021/06/PrecBolsNaci_Sistema.2021-06-01.ndjson#PrecBolsNaci:Sistema:2021-06-01:2021-06-30
2021-06-13,PrecEscaAct,750.4303,COP/kWh,xm:servapibi,2026-09-22T19:15:07Z,xm/2021/06/PrecEscaAct_Sistema.2021-06-01.ndjson#PrecEscaAct:Sistema:2021-06-01:2021-06-30
2021-06-13,VoluUtilDiarEner,14061151100,kWh,xm:servapibi,2026-09-22T19:15:00Z,xm/2021/06/VoluUtilDiarEner_Sistema.2021-06-01.ndjson#VoluUtilDiarEner:Sistema:2021-06-01:2021-06-30
2021-06-14,AporEner,398939500,kWh,xm:servapibi,2026-09-22T19:15:02Z,xm/2021/06/AporEner_Sistema.2021-06-01.ndjson#AporEner:Sistema:2021-06-01:2021-06-30
2021-06-14,AporEnerMediHist,226860000,kWh,xm:servapibi,2026-09-22T19:15:03Z,xm/2021/06/AporEnerMediHist_Sistema.2021-06-01.ndjson#AporEnerMediHist:Sistema:2021-06-01:2021-06-30
2021-06-14,CapaUtilDiarEner,16874185281,kWh,xm:servapibi,2026-09-22T19:15:01Z,xm/2021/06/CapaUtilDiarEner_Sistema.2021-06-01.ndjson#CapaUtilDiarEner:Sistema:2021-06-01:2021-06-30
2021-06-14,DemaSIN,184305404.04,kWh,xm:servapibi,2026-09-22T19:15:06Z,xm/2021/06/DemaSIN_Sistema.2021-06-01.ndjson#DemaSIN:Sistema:2021-06-01:2021-06-30
2021-06-14,PorcApor,1.75853,fraction,xm:servapibi,2026-09-22T19:15:05Z,xm/2021/06/PorcApor_Sistema.2021-06-01.ndjson#PorcApor:Sistema:2021-06-01:2021-06-30
2021-06-14,PorcVoluUtilDiar,0.83757,fraction,xm:servapibi,2026-09-22T19:14:58Z,xm/2021/06/PorcVoluUtilDiar_Sistema.2021-06-01.ndjson#PorcVoluUtilDiar:Sistema:2021-06-01:2021-06-30
2021-06-14,PrecBolsNaci,88.34178166666668,COP/kWh,xm:servapibi,2026-09-22T19:15:09Z,xm/2021/06/PrecBolsNaci_Sistema.2021-06-01.ndjson#PrecBolsNaci:Sistema:2021-06-01:2021-06-30
2021-06-14,PrecEscaAct,750.4303,COP/kWh,xm:servapibi,2026-09-22T19:15:07Z,xm/2021/06/PrecEscaAct_Sistema.2021-06-01.ndjson#PrecEscaAct:Sistema:2021-06-01:2021-06-30
2021-06-14,VoluUtilDiarEner,14133345600,kWh,xm:servapibi,2026-09-22T19:15:00Z,xm/2021/06/VoluUtilDiarEner_Sistema.2021-06-01.ndjson#VoluUtilDiarEner:Sistema:2021-06-01:2021-06-30
2021-06-15,AporEner,335255100,kWh,xm:servapibi,2026-09-22T19:15:02Z,xm/2021/06/AporEner_Sistema.2021-06-01.ndjson#AporEner:Sistema:2021-06-01:2021-06-30
2021-06-15,AporEnerMediHist,226860000,kWh,xm:servapibi,2026-09-22T19:15:03Z,xm/2021/06/AporEnerMediHist_Sistema.2021-06-01.ndjson#AporEnerMediHist:Sistema:2021-06-01:2021-06-30
2021-06-15,CapaUtilDiarEner,16874185281,kWh,xm:servapibi,2026-09-22T19:15:01Z,xm/2021/06/CapaUtilDiarEner_Sistema.2021-06-01.ndjson#CapaUtilDiarEner:Sistema:2021-06-01:2021-06-30
2021-06-15,DemaSIN,203529672.88,kWh,xm:servapibi,2026-09-22T19:15:06Z,xm/2021/06/DemaSIN_Sistema.2021-06-01.ndjson#DemaSIN:Sistema:2021-06-01:2021-06-30
2021-06-15,PorcApor,1.47781,fraction,xm:servapibi,2026-09-22T19:15:05Z,xm/2021/06/PorcApor_Sistema.2021-06-01.ndjson#PorcApor:Sistema:2021-06-01:2021-06-30
2021-06-15,PorcVoluUtilDiar,0.83785,fraction,xm:servapibi,2026-09-22T19:14:58Z,xm/2021/06/PorcVoluUtilDiar_Sistema.2021-06-01.ndjson#PorcVoluUtilDiar:Sistema:2021-06-01:2021-06-30
2021-06-15,PrecBolsNaci,89.68409000000001,COP/kWh,xm:servapibi,2026-09-22T19:15:09Z,xm/2021/06/PrecBolsNaci_Sistema.2021-06-01.ndjson#PrecBolsNaci:Sistema:2021-06-01:2021-06-30
2021-06-15,PrecEscaAct,750.4303,COP/kWh,xm:servapibi,2026-09-22T19:15:07Z,xm/2021/06/PrecEscaAct_Sistema.2021-06-01.ndjson#PrecEscaAct:Sistema:2021-06-01:2021-06-30
2021-06-15,VoluUtilDiarEner,14138027600,kWh,xm:servapibi,2026-09-22T19:15:00Z,xm/2021/06/VoluUtilDiarEner_Sistema.2021-06-01.ndjson#VoluUtilDiarEner:Sistema:2021-06-01:2021-06-30
2021-06-16,AporEner,288228700,kWh,xm:servapibi,2026-09-22T19:15:02Z,xm/2021/06/AporEner_Sistema.2021-06-01.ndjson#AporEner:Sistema:2021-06-01:2021-06-30
2021-06-16,AporEnerMediHist,226860000,kWh,xm:servapibi,2026-09-22T19:15:03Z,xm/2021/06/AporEnerMediHist_Sistema.2021-06-01.ndjson#AporEnerMediHist:Sistema:2021-06-01:2021-06-30
2021-06-16,CapaUtilDiarEner,16874185281,kWh,xm:servapibi,2026-09-22T19:15:01Z,xm/2021/06/CapaUtilDiarEner_Sistema.2021-06-01.ndjson#CapaUtilDiarEner:Sistema:2021-06-01:2021-06-30
2021-06-16,DemaSIN,207581585.25,kWh,xm:servapibi,2026-09-22T19:15:06Z,xm/2021/06/DemaSIN_Sistema.2021-06-01.ndjson#DemaSIN:Sistema:2021-06-01:2021-06-30
2021-06-16,PorcApor,1.27051,fraction,xm:servapibi,2026-09-22T19:15:05Z,xm/2021/06/PorcApor_Sistema.2021-06-01.ndjson#PorcApor:Sistema:2021-06-01:2021-06-30
2021-06-16,PorcVoluUtilDiar,0.83753,fraction,xm:servapibi,2026-09-22T19:14:58Z,xm/2021/06/PorcVoluUtilDiar_Sistema.2021-06-01.ndjson#PorcVoluUtilDiar:Sistema:2021-06-01:2021-06-30
2021-06-16,PrecBolsNaci,90.93324,COP/kWh,xm:servapibi,2026-09-22T19:15:09Z,xm/2021/06/PrecBolsNaci_Sistema.2021-06-01.ndjson#PrecBolsNaci:Sistema:2021-06-01:2021-06-30
2021-06-16,PrecEscaAct,750.4303,COP/kWh,xm:servapibi,2026-09-22T19:15:07Z,xm/2021/06/PrecEscaAct_Sistema.2021-06-01.ndjson#PrecEscaAct:Sistema:2021-06-01:2021-06-30
2021-06-16,VoluUtilDiarEner,14132633800,kWh,xm:servapibi,2026-09-22T19:15:00Z,xm/2021/06/VoluUtilDiarEner_Sistema.2021-06-01.ndjson#VoluUtilDiarEner:Sistema:2021-06-01:2021-06-30
2021-06-17,AporEner,273455000,kWh,xm:servapibi,2026-09-22T19:15:02Z,xm/2021/06/AporEner_Sistema.2021-06-01.ndjson#AporEner:Sistema:2021-06-01:2021-06-30
2021-06-17,AporEnerMediHist,226860000,kWh,xm:servapibi,2026-09-22T19:15:03Z,xm/2021/06/AporEnerMediHist_Sistema.2021-06-01.ndjson#AporEnerMediHist:Sistema:2021-06-01:2021-06-30
2021-06-17,CapaUtilDiarEner,16874185281,kWh,xm:servapibi,2026-09-22T19:15:01Z,xm/2021/06/CapaUtilDiarEner_Sistema.2021-06-01.ndjson#CapaUtilDiarEner:Sistema:2021-06-01:2021-06-30
2021-06-17,DemaSIN,212360416.6,kWh,xm:servapibi,2026-09-22T19:15:06Z,xm/2021/06/DemaSIN_Sistema.2021-06-01.ndjson#DemaSIN:Sistema:2021-06-01:2021-06-30
2021-06-17,PorcApor,1.20539,fraction,xm:servapibi,2026-09-22T19:15:05Z,xm/2021/06/PorcApor_Sistema.2021-06-01.ndjson#PorcApor:Sistema:2021-06-01:2021-06-30
2021-06-17,PorcVoluUtilDiar,0.83609,fraction,xm:servapibi,2026-09-22T19:14:58Z,xm/2021/06/PorcVoluUtilDiar_Sistema.2021-06-01.ndjson#PorcVoluUtilDiar:Sistema:2021-06-01:2021-06-30
2021-06-17,PrecBolsNaci,90.41789333333334,COP/kWh,xm:servapibi,2026-09-22T19:15:09Z,xm/2021/06/PrecBolsNaci_Sistema.2021-06-01.ndjson#PrecBolsNaci:Sistema:2021-06-01:2021-06-30
2021-06-17,PrecEscaAct,750.4303,COP/kWh,xm:servapibi,2026-09-22T19:15:07Z,xm/2021/06/PrecEscaAct_Sistema.2021-06-01.ndjson#PrecEscaAct:Sistema:2021-06-01:2021-06-30
2021-06-17,VoluUtilDiarEner,14108261200,kWh,xm:servapibi,2026-09-22T19:15:00Z,xm/2021/06/VoluUtilDiarEner_Sistema.2021-06-01.ndjson#VoluUtilDiarEner:Sistema:2021-06-01:2021-06-30
2021-06-18,AporEner,261060900,kWh,xm:servapibi,2026-09-22T19:15:02Z,xm/2021/06/AporEner_Sistema.2021-06-01.ndjson#AporEner:Sistema:2021-06-01:2021-06-30
2021-06-18,AporEnerMediHist,226860000,kWh,xm:servapibi,2026-09-22T19:15:03Z,xm/2021/06/AporEnerMediHist_Sistema.2021-06-01.ndjson#AporEnerMediHist:Sistema:2021-06-01:2021-06-30
2021-06-18,CapaUtilDiarEner,16874185281,kWh,xm:servapibi,2026-09-22T19:15:01Z,xm/2021/06/CapaUtilDiarEner_Sistema.2021-06-01.ndjson#CapaUtilDiarEner:Sistema:2021-06-01:2021-06-30
2021-06-18,DemaSIN,209987773.67,kWh,xm:servapibi,2026-09-22T19:15:06Z,xm/2021/06/DemaSIN_Sistema.2021-06-01.ndjson#DemaSIN:Sistema:2021-06-01:2021-06-30
2021-06-18,PorcApor,1.15076,fraction,xm:servapibi,2026-09-22T19:15:05Z,xm/2021/06/PorcApor_Sistema.2021-06-01.ndjson#PorcApor:Sistema:2021-06-01:2021-06-30
2021-06-18,PorcVoluUtilDiar,0.83614,fraction,xm:servapibi,2026-09-22T19:14:58Z,xm/2021/06/PorcVoluUtilDiar_Sistema.2021-06-01.ndjson#PorcVoluUtilDiar:Sistema:2021-06-01:2021-06-30
2021-06-18,PrecBolsNaci,92.32758833333337,COP/kWh,xm:servapibi,2026-09-22T19:15:09Z,xm/2021/06/PrecBolsNaci_Sistema.2021-06-01.ndjson#PrecBolsNaci:Sistema:2021-06-01:2021-06-30
2021-06-18,PrecEscaAct,750.4303,COP/kWh,xm:servapibi,2026-09-22T19:15:07Z,xm/2021/06/PrecEscaAct_Sistema.2021-06-01.ndjson#PrecEscaAct:Sistema:2021-06-01:2021-06-30
2021-06-18,VoluUtilDiarEner,14109103500,kWh,xm:servapibi,2026-09-22T19:15:00Z,xm/2021/06/VoluUtilDiarEner_Sistema.2021-06-01.ndjson#VoluUtilDiarEner:Sistema:2021-06-01:2021-06-30
2021-06-19,AporEner,280750400,kWh,xm:servapibi,2026-09-22T19:15:02Z,xm/2021/06/AporEner_Sistema.2021-06-01.ndjson#AporEner:Sistema:2021-06-01:2021-06-30
2021-06-19,AporEnerMediHist,226860000,kWh,xm:servapibi,2026-09-22T19:15:03Z,xm/2021/06/AporEnerMediHist_Sistema.2021-06-01.ndjson#AporEnerMediHist:Sistema:2021-06-01:2021-06-30
2021-06-19,CapaUtilDiarEner,16874185281,kWh,xm:servapibi,2026-09-22T19:15:01Z,xm/2021/06/CapaUtilDiarEner_Sistema.2021-06-01.ndjson#CapaUtilDiarEner:Sistema:2021-06-01:2021-06-30
2021-06-19,DemaSIN,202155467.66,kWh,xm:servapibi,2026-09-22T19:15:06Z,xm/2021/06/DemaSIN_Sistema.2021-06-01.ndjson#DemaSIN:Sistema:2021-06-01:2021-06-30
2021-06-19,PorcApor,1.23755,fraction,xm:servapibi,2026-09-22T19:15:05Z,xm/2021/06/PorcApor_Sistema.2021-06-01.ndjson#PorcApor:Sistema:2021-06-01:2021-06-30
2021-06-19,PorcVoluUtilDiar,0.83737,fraction,xm:servapibi,2026-09-22T19:14:58Z,xm/2021/06/PorcVoluUtilDiar_Sistema.2021-06-01.ndjson#PorcVoluUtilDiar:Sistema:2021-06-01:2021-06-30
2021-06-19,PrecBolsNaci,91.16987833333333,COP/kWh,xm:servapibi,2026-09-22T19:15:09Z,xm/2021/06/PrecBolsNaci_Sistema.2021-06-01.ndjson#PrecBolsNaci:Sistema:2021-06-01:2021-06-30
2021-06-19,PrecEscaAct,750.4303,COP/kWh,xm:servapibi,2026-09-22T19:15:07Z,xm/2021/06/PrecEscaAct_Sistema.2021-06-01.ndjson#PrecEscaAct:Sistema:2021-06-01:2021-06-30
2021-06-19,VoluUtilDiarEner,14129954900,kWh,xm:servapibi,2026-09-22T19:15:00Z,xm/2021/06/VoluUtilDiarEner_Sistema.2021-06-01.ndjson#VoluUtilDiarEner:Sistema:2021-06-01:2021-06-30
2021-06-20,AporEner,491489800,kWh,xm:servapibi,2026-09-22T19:15:02Z,xm/2021/06/AporEner_Sistema.2021-06-01.ndjson#AporEner:Sistema:2021-06-01:2021-06-30
2021-06-20,AporEnerMediHist,226860000,kWh,xm:servapibi,2026-09-22T19:15:03Z,xm/2021/06/AporEnerMediHist_Sistema.2021-06-01.ndjson#AporEnerMediHist:Sistema:2021-06-01:2021-06-30
2021-06-20,CapaUtilDiarEner,16874185281,kWh,xm:servapibi,2026-09-22T19:15:01Z,xm/2021/06/CapaUtilDiarEner_Sistema.2021-06-01.ndjson#CapaUtilDiarEner:Sistema:2021-06-01:2021-06-30
2021-06-20,DemaSIN,185440619.41,kWh,xm:servapibi,2026-09-22T19:15:06Z,xm/2021/06/DemaSIN_Sistema.2021-06-01.ndjson#DemaSIN:Sistema:2021-06-01:2021-06-30
2021-06-20,PorcApor,2.16649,fraction,xm:servapibi,2026-09-22T19:15:05Z,xm/2021/06/PorcApor_Sistema.2021-06-01.ndjson#PorcApor:Sistema:2021-06-01:2021-06-30
2021-06-20,PorcVoluUtilDiar,0.84872,fraction,xm:servapibi,2026-09-22T19:14:58Z,xm/2021/06/PorcVoluUtilDiar_Sistema.2021-06-01.ndjson#PorcVoluUtilDiar:Sistema:2021-06-01:2021-06-30
2021-06-20,PrecBolsNaci,88.95220833333332,COP/kWh,xm:servapibi,2026-09-22T19:15:09Z,xm/2021/06/PrecBolsNaci_Sistema.2021-06-01.ndjson#PrecBolsNaci:Sistema:2021-06-01:2021-06-30
2021-06-20,PrecEscaAct,750.4303,COP/kWh,xm:servapibi,2026-09-22T19:15:07Z,xm/2021/06/PrecEscaAct_Sistema.2021-06-01.ndjson#PrecEscaAct:Sistema:2021-06-01:2021-06-30
2021-06-20,VoluUtilDiarEner,14321377900,kWh,xm:servapibi,2026-09-22T19:15:00Z,xm/2021/06/VoluUtilDiarEner_Sistema.2021-06-01.ndjson#VoluUtilDiarEner:Sistema:2021-06-01:2021-06-30
2021-06-21,AporEner,438657900,kWh,xm:servapibi,2026-09-22T19:15:02Z,xm/2021/06/AporEner_Sistema.2021-06-01.ndjson#AporEner:Sistema:2021-06-01:2021-06-30
2021-06-21,AporEnerMediHist,226860000,kWh,xm:servapibi,2026-09-22T19:15:03Z,xm/2021/06/AporEnerMediHist_Sistema.2021-06-01.ndjson#AporEnerMediHist:Sistema:2021-06-01:2021-06-30
2021-06-21,CapaUtilDiarEner,16874185281,kWh,xm:servapibi,2026-09-22T19:15:01Z,xm/2021/06/CapaUtilDiarEner_Sistema.2021-06-01.ndjson#CapaUtilDiarEner:Sistema:2021-06-01:2021-06-30
2021-06-21,DemaSIN,205323919.94,kWh,xm:servapibi,2026-09-22T19:15:06Z,xm/2021/06/DemaSIN_Sistema.2021-06-01.ndjson#DemaSIN:Sistema:2021-06-01:2021-06-30
2021-06-21,PorcApor,1.93361,fraction,xm:servapibi,2026-09-22T19:15:05Z,xm/2021/06/PorcApor_Sistema.2021-06-01.ndjson#PorcApor:Sistema:2021-06-01:2021-06-30
2021-06-21,PorcVoluUtilDiar,0.8543,fraction,xm:servapibi,2026-09-22T19:14:58Z,xm/2021/06/PorcVoluUtilDiar_Sistema.2021-06-01.ndjson#PorcVoluUtilDiar:Sistema:2021-06-01:2021-06-30
2021-06-21,PrecBolsNaci,89.34661833333332,COP/kWh,xm:servapibi,2026-09-22T19:15:09Z,xm/2021/06/PrecBolsNaci_Sistema.2021-06-01.ndjson#PrecBolsNaci:Sistema:2021-06-01:2021-06-30
2021-06-21,PrecEscaAct,750.4303,COP/kWh,xm:servapibi,2026-09-22T19:15:07Z,xm/2021/06/PrecEscaAct_Sistema.2021-06-01.ndjson#PrecEscaAct:Sistema:2021-06-01:2021-06-30
2021-06-21,VoluUtilDiarEner,14415630100,kWh,xm:servapibi,2026-09-22T19:15:00Z,xm/2021/06/VoluUtilDiarEner_Sistema.2021-06-01.ndjson#VoluUtilDiarEner:Sistema:2021-06-01:2021-06-30
2021-06-22,AporEner,332859800,kWh,xm:servapibi,2026-09-22T19:15:02Z,xm/2021/06/AporEner_Sistema.2021-06-01.ndjson#AporEner:Sistema:2021-06-01:2021-06-30
2021-06-22,AporEnerMediHist,226860000,kWh,xm:servapibi,2026-09-22T19:15:03Z,xm/2021/06/AporEnerMediHist_Sistema.2021-06-01.ndjson#AporEnerMediHist:Sistema:2021-06-01:2021-06-30
2021-06-22,CapaUtilDiarEner,16874185281,kWh,xm:servapibi,2026-09-22T19:15:01Z,xm/2021/06/CapaUtilDiarEner_Sistema.2021-06-01.ndjson#CapaUtilDiarEner:Sistema:2021-06-01:2021-06-30
2021-06-22,DemaSIN,207261240.3,kWh,xm:servapibi,2026-09-22T19:15:06Z,xm/2021/06/DemaSIN_Sistema.2021-06-01.ndjson#DemaSIN:Sistema:2021-06-01:2021-06-30
2021-06-22,PorcApor,1.46725,fraction,xm:servapibi,2026-09-22T19:15:05Z,xm/2021/06/PorcApor_Sistema.2021-06-01.ndjson#PorcApor:Sistema:2021-06-01:2021-06-30
2021-06-22,PorcVoluUtilDiar,0.85391,fraction,xm:servapibi,2026-09-22T19:14:58Z,xm/2021/06/PorcVoluUtilDiar_Sistema.2021-06-01.ndjson#PorcVoluUtilDiar:Sistema:2021-06-01:2021-06-30
2021-06-22,PrecBolsNaci,89.14778666666668,COP/kWh,xm:servapibi,2026-09-22T19:15:09Z,xm/2021/06/PrecBolsNaci_Sistema.2021-06-01.ndjson#PrecBolsNaci:Sistema:2021-06-01:2021-06-30
2021-06-22,PrecEscaAct,750.4303,COP/kWh,xm:servapibi,2026-09-22T19:15:07Z,xm/2021/06/PrecEscaAct_Sistema.2021-06-01.ndjson#PrecEscaAct:Sistema:2021-06-01:2021-06-30
2021-06-22,VoluUtilDiarEner,14409041100,kWh,xm:servapibi,2026-09-22T19:15:00Z,xm/2021/06/VoluUtilDiarEner_Sistema.2021-06-01.ndjson#VoluUtilDiarEner:Sistema:2021-06-01:2021-06-30
2021-06-23,AporEner,253871000,kWh,xm:servapibi,2026-09-22T19:15:02Z,xm/2021/06/AporEner_Sistema.2021-06-01.ndjson#AporEner:Sistema:2021-06-01:2021-06-30
2021-06-23,AporEnerMediHist,226860000,kWh,xm:servapibi,2026-09-22T19:15:03Z,xm/2021/06/AporEnerMediHist_Sistema.2021-06-01.ndjson#AporEnerMediHist:Sistema:2021-06-01:2021-06-30
2021-06-23,CapaUtilDiarEner,16874185281,kWh,xm:servapibi,2026-09-22T19:15:01Z,xm/2021/06/CapaUtilDiarEner_Sistema.2021-06-01.ndjson#CapaUtilDiarEner:Sistema:2021-06-01:2021-06-30
2021-06-23,DemaSIN,208887047.29,kWh,xm:servapibi,2026-09-22T19:15:06Z,xm/2021/06/DemaSIN_Sistema.2021-06-01.ndjson#DemaSIN:Sistema:2021-06-01:2021-06-30
2021-06-23,PorcApor,1.11906,fraction,xm:servapibi,2026-09-22T19:15:05Z,xm/2021/06/PorcApor_Sistema.2021-06-01.ndjson#PorcApor:Sistema:2021-06-01:2021-06-30
2021-06-23,PorcVoluUtilDiar,0.85219,fraction,xm:servapibi,2026-09-22T19:14:58Z,xm/2021/06/PorcVoluUtilDiar_Sistema.2021-06-01.ndjson#PorcVoluUtilDiar:Sistema:2021-06-01:2021-06-30
2021-06-23,PrecBolsNaci,89.88081666666663,COP/kWh,xm:servapibi,2026-09-22T19:15:09Z,xm/2021/06/PrecBolsNaci_Sistema.2021-06-01.ndjson#PrecBolsNaci:Sistema:2021-06-01:2021-06-30
2021-06-23,PrecEscaAct,750.4303,COP/kWh,xm:servapibi,2026-09-22T19:15:07Z,xm/2021/06/PrecEscaAct_Sistema.2021-06-01.ndjson#PrecEscaAct:Sistema:2021-06-01:2021-06-30
2021-06-23,VoluUtilDiarEner,14380074900,kWh,xm:servapibi,2026-09-22T19:15:00Z,xm/2021/06/VoluUtilDiarEner_Sistema.2021-06-01.ndjson#VoluUtilDiarEner:Sistema:2021-06-01:2021-06-30
2021-06-24,AporEner,351956500,kWh,xm:servapibi,2026-09-22T19:15:02Z,xm/2021/06/AporEner_Sistema.2021-06-01.ndjson#AporEner:Sistema:2021-06-01:2021-06-30
2021-06-24,AporEnerMediHist,226860000,kWh,xm:servapibi,2026-09-22T19:15:03Z,xm/2021/06/AporEnerMediHist_Sistema.2021-06-01.ndjson#AporEnerMediHist:Sistema:2021-06-01:2021-06-30
2021-06-24,CapaUtilDiarEner,16874185281,kWh,xm:servapibi,2026-09-22T19:15:01Z,xm/2021/06/CapaUtilDiarEner_Sistema.2021-06-01.ndjson#CapaUtilDiarEner:Sistema:2021-06-01:2021-06-30
2021-06-24,DemaSIN,203518670.31,kWh,xm:servapibi,2026-09-22T19:15:06Z,xm/2021/06/DemaSIN_Sistema.2021-06-01.ndjson#DemaSIN:Sistema:2021-06-01:2021-06-30
2021-06-24,PorcApor,1.55143,fraction,xm:servapibi,2026-09-22T19:15:05Z,xm/2021/06/PorcApor_Sistema.2021-06-01.ndjson#PorcApor:Sistema:2021-06-01:2021-06-30
2021-06-24,PorcVoluUtilDiar,0.85348,fraction,xm:servapibi,2026-09-22T19:14:58Z,xm/2021/06/PorcVoluUtilDiar_Sistema.2021-06-01.ndjson#PorcVoluUtilDiar:Sistema:2021-06-01:2021-06-30
2021-06-24,PrecBolsNaci,90.36056833333329,COP/kWh,xm:servapibi,2026-09-22T19:15:09Z,xm/2021/06/PrecBolsNaci_Sistema.2021-06-01.ndjson#PrecBolsNaci:Sistema:2021-06-01:2021-06-30
2021-06-24,PrecEscaAct,750.4303,COP/kWh,xm:servapibi,2026-09-22T19:15:07Z,xm/2021/06/PrecEscaAct_Sistema.2021-06-01.ndjson#PrecEscaAct:Sistema:2021-06-01:2021-06-30
2021-06-24,VoluUtilDiarEner,14401780100,kWh,xm:servapibi,2026-09-22T19:15:00Z,xm/2021/06/VoluUtilDiarEner_Sistema.2021-06-01.ndjson#VoluUtilDiarEner:Sistema:2021-06-01:2021-06-30
2021-06-25,AporEner,253162600,kWh,xm:servapibi,2026-09-22T19:15:02Z,xm/2021/06/AporEner_Sistema.2021-06-01.ndjson#AporEner:Sistema:2021-06-01:2021-06-30
2021-06-25,AporEnerMediHist,226860000,kWh,xm:servapibi,2026-09-22T19:15:03Z,xm/2021/06/AporEnerMediHist_Sistema.2021-06-01.ndjson#AporEnerMediHist:Sistema:2021-06-01:2021-06-30
2021-06-25,CapaUtilDiarEner,16874185281,kWh,xm:servapibi,2026-09-22T19:15:01Z,xm/2021/06/CapaUtilDiarEner_Sistema.2021-06-01.ndjson#CapaUtilDiarEner:Sistema:2021-06-01:2021-06-30
2021-06-25,DemaSIN,203418527.41,kWh,xm:servapibi,2026-09-22T19:15:06Z,xm/2021/06/DemaSIN_Sistema.2021-06-01.ndjson#DemaSIN:Sistema:2021-06-01:2021-06-30
2021-06-25,PorcApor,1.11594,fraction,xm:servapibi,2026-09-22T19:15:05Z,xm/2021/06/PorcApor_Sistema.2021-06-01.ndjson#PorcApor:Sistema:2021-06-01:2021-06-30
2021-06-25,PorcVoluUtilDiar,0.85197,fraction,xm:servapibi,2026-09-22T19:14:58Z,xm/2021/06/PorcVoluUtilDiar_Sistema.2021-06-01.ndjson#PorcVoluUtilDiar:Sistema:2021-06-01:2021-06-30
2021-06-25,PrecBolsNaci,90.502965,COP/kWh,xm:servapibi,2026-09-22T19:15:09Z,xm/2021/06/PrecBolsNaci_Sistema.2021-06-01.ndjson#PrecBolsNaci:Sistema:2021-06-01:2021-06-30
2021-06-25,PrecEscaAct,750.4303,COP/kWh,xm:servapibi,2026-09-22T19:15:07Z,xm/2021/06/PrecEscaAct_Sistema.2021-06-01.ndjson#PrecEscaAct:Sistema:2021-06-01:2021-06-30
2021-06-25,VoluUtilDiarEner,14376319200,kWh,xm:servapibi,2026-09-22T19:15:00Z,xm/2021/06/VoluUtilDiarEner_Sistema.2021-06-01.ndjson#VoluUtilDiarEner:Sistema:2021-06-01:2021-06-30
2021-06-26,AporEner,241930000,kWh,xm:servapibi,2026-09-22T19:15:02Z,xm/2021/06/AporEner_Sistema.2021-06-01.ndjson#AporEner:Sistema:2021-06-01:2021-06-30
2021-06-26,AporEnerMediHist,226860000,kWh,xm:servapibi,2026-09-22T19:15:03Z,xm/2021/06/AporEnerMediHist_Sistema.2021-06-01.ndjson#AporEnerMediHist:Sistema:2021-06-01:2021-06-30
2021-06-26,CapaUtilDiarEner,16874185281,kWh,xm:servapibi,2026-09-22T19:15:01Z,xm/2021/06/CapaUtilDiarEner_Sistema.2021-06-01.ndjson#CapaUtilDiarEner:Sistema:2021-06-01:2021-06-30
2021-06-26,DemaSIN,195620938.51,kWh,xm:servapibi,2026-09-22T19:15:06Z,xm/2021/06/DemaSIN_Sistema.2021-06-01.ndjson#DemaSIN:Sistema:2021-06-01:2021-06-30
2021-06-26,PorcApor,1.06643,fraction,xm:servapibi,2026-09-22T19:15:05Z,xm/2021/06/PorcApor_Sistema.2021-06-01.ndjson#PorcApor:Sistema:2021-06-01:2021-06-30
2021-06-26,PorcVoluUtilDiar,0.85038,fraction,xm:servapibi,2026-09-22T19:14:58Z,xm/2021/06/PorcVoluUtilDiar_Sistema.2021-06-01.ndjson#PorcVoluUtilDiar:Sistema:2021-06-01:2021-06-30
2021-06-26,PrecBolsNaci,89.84792,COP/kWh,xm:servapibi,2026-09-22T19:15:09Z,xm/2021/06/PrecBolsNaci_Sistema.2021-06-01.ndjson#PrecBolsNaci:Sistema:2021-06-01:2021-06-30
2021-06-26,PrecEscaAct,750.4303,COP/kWh,xm:servapibi,2026-09-22T19:15:07Z,xm/2021/06/PrecEscaAct_Sistema.2021-06-01.ndjson#PrecEscaAct:Sistema:2021-06-01:2021-06-30
2021-06-26,VoluUtilDiarEner,14349391900,kWh,xm:servapibi,2026-09-22T19:15:00Z,xm/2021/06/VoluUtilDiarEner_Sistema.2021-06-01.ndjson#VoluUtilDiarEner:Sistema:2021-06-01:2021-06-30
2021-06-27,AporEner,207340100,kWh,xm:servapibi,2026-09-22T19:15:02Z,xm/2021/06/AporEner_Sistema.2021-06-01.ndjson#AporEner:Sistema:2021-06-01:2021-06-30
2021-06-27,AporEnerMediHist,226860000,kWh,xm:servapibi,2026-09-22T19:15:03Z,xm/2021/06/AporEnerMediHist_Sistema.2021-06-01.ndjson#AporEnerMediHist:Sistema:2021-06-01:2021-06-30
2021-06-27,CapaUtilDiarEner,16874185281,kWh,xm:servapibi,2026-09-22T19:15:01Z,xm/2021/06/CapaUtilDiarEner_Sistema.2021-06-01.ndjson#CapaUtilDiarEner:Sistema:2021-06-01:2021-06-30
2021-06-27,DemaSIN,179657649.31,kWh,xm:servapibi,2026-09-22T19:15:06Z,xm/2021/06/DemaSIN_Sistema.2021-06-01.ndjson#DemaSIN:Sistema:2021-06-01:2021-06-30
2021-06-27,PorcApor,0.91396,fraction,xm:servapibi,2026-09-22T19:15:05Z,xm/2021/06/PorcApor_Sistema.2021-06-01.ndjson#PorcApor:Sistema:2021-06-01:2021-06-30
2021-06-27,PorcVoluUtilDiar,0.84828,fraction,xm:servapibi,2026-09-22T19:14:58Z,xm/2021/06/PorcVoluUtilDiar_Sistema.2021-06-01.ndjson#PorcVoluUtilDiar:Sistema:2021-06-01:2021-06-30
2021-06-27,PrecBolsNaci,87.84237333333333,COP/kWh,xm:servapibi,2026-09-22T19:15:09Z,xm/2021/06/PrecBolsNaci_Sistema.2021-06-01.ndjson#PrecBolsNaci:Sistema:2021-06-01:2021-06-30
2021-06-27,PrecEscaAct,750.4303,COP/kWh,xm:servapibi,2026-09-22T19:15:07Z,xm/2021/06/PrecEscaAct_Sistema.2021-06-01.ndjson#PrecEscaAct:Sistema:2021-06-01:2021-06-30
2021-06-27,VoluUtilDiarEner,14314109400,kWh,xm:servapibi,2026-09-22T19:15:00Z,xm/2021/06/VoluUtilDiarEner_Sistema.2021-06-01.ndjson#VoluUtilDiarEner:Sistema:2021-06-01:2021-06-30
2021-06-28,AporEner,224299100,kWh,xm:servapibi,2026-09-22T19:15:02Z,xm/2021/06/AporEner_Sistema.2021-06-01.ndjson#AporEner:Sistema:2021-06-01:2021-06-30
2021-06-28,AporEnerMediHist,226860000,kWh,xm:servapibi,2026-09-22T19:15:03Z,xm/2021/06/AporEnerMediHist_Sistema.2021-06-01.ndjson#AporEnerMediHist:Sistema:2021-06-01:2021-06-30
2021-06-28,CapaUtilDiarEner,16874185281,kWh,xm:servapibi,2026-09-22T19:15:01Z,xm/2021/06/CapaUtilDiarEner_Sistema.2021-06-01.ndjson#CapaUtilDiarEner:Sistema:2021-06-01:2021-06-30
2021-06-28,DemaSIN,204716834.22,kWh,xm:servapibi,2026-09-22T19:15:06Z,xm/2021/06/DemaSIN_Sistema.2021-06-01.ndjson#DemaSIN:Sistema:2021-06-01:2021-06-30
2021-06-28,PorcApor,0.98871,fraction,xm:servapibi,2026-09-22T19:15:05Z,xm/2021/06/PorcApor_Sistema.2021-06-01.ndjson#PorcApor:Sistema:2021-06-01:2021-06-30
2021-06-28,PorcVoluUtilDiar,0.84581,fraction,xm:servapibi,2026-09-22T19:14:58Z,xm/2021/06/PorcVoluUtilDiar_Sistema.2021-06-01.ndjson#PorcVoluUtilDiar:Sistema:2021-06-01:2021-06-30
2021-06-28,PrecBolsNaci,92.06710333333335,COP/kWh,xm:servapibi,2026-09-22T19:15:09Z,xm/2021/06/PrecBolsNaci_Sistema.2021-06-01.ndjson#PrecBolsNaci:Sistema:2021-06-01:2021-06-30
2021-06-28,PrecEscaAct,750.4303,COP/kWh,xm:servapibi,2026-09-22T19:15:07Z,xm/2021/06/PrecEscaAct_Sistema.2021-06-01.ndjson#PrecEscaAct:Sistema:2021-06-01:2021-06-30
2021-06-28,VoluUtilDiarEner,14272431600,kWh,xm:servapibi,2026-09-22T19:15:00Z,xm/2021/06/VoluUtilDiarEner_Sistema.2021-06-01.ndjson#VoluUtilDiarEner:Sistema:2021-06-01:2021-06-30
2021-06-29,AporEner,231579700,kWh,xm:servapibi,2026-09-22T19:15:02Z,xm/2021/06/AporEner_Sistema.2021-06-01.ndjson#AporEner:Sistema:2021-06-01:2021-06-30
2021-06-29,AporEnerMediHist,226860000,kWh,xm:servapibi,2026-09-22T19:15:03Z,xm/2021/06/AporEnerMediHist_Sistema.2021-06-01.ndjson#AporEnerMediHist:Sistema:2021-06-01:2021-06-30
2021-06-29,CapaUtilDiarEner,16874185281,kWh,xm:servapibi,2026-09-22T19:15:01Z,xm/2021/06/CapaUtilDiarEner_Sistema.2021-06-01.ndjson#CapaUtilDiarEner:Sistema:2021-06-01:2021-06-30
2021-06-29,DemaSIN,211403102.37,kWh,xm:servapibi,2026-09-22T19:15:06Z,xm/2021/06/DemaSIN_Sistema.2021-06-01.ndjson#DemaSIN:Sistema:2021-06-01:2021-06-30
2021-06-29,PorcApor,1.0208,fraction,xm:servapibi,2026-09-22T19:15:05Z,xm/2021/06/PorcApor_Sistema.2021-06-01.ndjson#PorcApor:Sistema:2021-06-01:2021-06-30
2021-06-29,PorcVoluUtilDiar,0.84392,fraction,xm:servapibi,2026-09-22T19:14:58Z,xm/2021/06/PorcVoluUtilDiar_Sistema.2021-06-01.ndjson#PorcVoluUtilDiar:Sistema:2021-06-01:2021-06-30
2021-06-29,PrecBolsNaci,90.95863166666663,COP/kWh,xm:servapibi,2026-09-22T19:15:09Z,xm/2021/06/PrecBolsNaci_Sistema.2021-06-01.ndjson#PrecBolsNaci:Sistema:2021-06-01:2021-06-30
2021-06-29,PrecEscaAct,750.4303,COP/kWh,xm:servapibi,2026-09-22T19:15:07Z,xm/2021/06/PrecEscaAct_Sistema.2021-06-01.ndjson#PrecEscaAct:Sistema:2021-06-01:2021-06-30
2021-06-29,VoluUtilDiarEner,14240520200,kWh,xm:servapibi,2026-09-22T19:15:00Z,xm/2021/06/VoluUtilDiarEner_Sistema.2021-06-01.ndjson#VoluUtilDiarEner:Sistema:2021-06-01:2021-06-30
2021-06-30,AporEner,214422200,kWh,xm:servapibi,2026-09-22T19:15:02Z,xm/2021/06/AporEner_Sistema.2021-06-01.ndjson#AporEner:Sistema:2021-06-01:2021-06-30
2021-06-30,AporEnerMediHist,226860000,kWh,xm:servapibi,2026-09-22T19:15:03Z,xm/2021/06/AporEnerMediHist_Sistema.2021-06-01.ndjson#AporEnerMediHist:Sistema:2021-06-01:2021-06-30
2021-06-30,CapaUtilDiarEner,16874185281,kWh,xm:servapibi,2026-09-22T19:15:01Z,xm/2021/06/CapaUtilDiarEner_Sistema.2021-06-01.ndjson#CapaUtilDiarEner:Sistema:2021-06-01:2021-06-30
2021-06-30,DemaSIN,210181856.85,kWh,xm:servapibi,2026-09-22T19:15:06Z,xm/2021/06/DemaSIN_Sistema.2021-06-01.ndjson#DemaSIN:Sistema:2021-06-01:2021-06-30
2021-06-30,PorcApor,0.94517,fraction,xm:servapibi,2026-09-22T19:15:05Z,xm/2021/06/PorcApor_Sistema.2021-06-01.ndjson#PorcApor:Sistema:2021-06-01:2021-06-30
2021-06-30,PorcVoluUtilDiar,0.84256,fraction,xm:servapibi,2026-09-22T19:14:58Z,xm/2021/06/PorcVoluUtilDiar_Sistema.2021-06-01.ndjson#PorcVoluUtilDiar:Sistema:2021-06-01:2021-06-30
2021-06-30,PrecBolsNaci,93.24844166666668,COP/kWh,xm:servapibi,2026-09-22T19:15:09Z,xm/2021/06/PrecBolsNaci_Sistema.2021-06-01.ndjson#PrecBolsNaci:Sistema:2021-06-01:2021-06-30
2021-06-30,PrecEscaAct,750.4303,COP/kWh,xm:servapibi,2026-09-22T19:15:07Z,xm/2021/06/PrecEscaAct_Sistema.2021-06-01.ndjson#PrecEscaAct:Sistema:2021-06-01:2021-06-30
2021-06-30,VoluUtilDiarEner,14217436300,kWh,xm:servapibi,2026-09-22T19:15:00Z,xm/2021/06/VoluUtilDiarEner_Sistema.2021-06-01.ndjson#VoluUtilDiarEner:Sistema:2021-06-01:2021-06-30
2021-07-01,AporEner,197918400,kWh,xm:servapibi,2026-09-22T19:15:17Z,xm/2021/07/AporEner_Sistema.2021-07-01.ndjson#AporEner:Sistema:2021-07-01:2021-07-31
2021-07-01,AporEnerMediHist,215210000,kWh,xm:servapibi,2026-09-22T19:15:18Z,xm/2021/07/AporEnerMediHist_Sistema.2021-07-01.ndjson#AporEnerMediHist:Sistema:2021-07-01:2021-07-31
2021-07-01,CapaUtilDiarEner,16874185281,kWh,xm:servapibi,2026-09-22T19:15:16Z,xm/2021/07/CapaUtilDiarEner_Sistema.2021-07-01.ndjson#CapaUtilDiarEner:Sistema:2021-07-01:2021-07-31
2021-07-01,DemaSIN,206649880.89,kWh,xm:servapibi,2026-09-22T19:15:21Z,xm/2021/07/DemaSIN_Sistema.2021-07-01.ndjson#DemaSIN:Sistema:2021-07-01:2021-07-31
2021-07-01,PorcApor,0.91965,fraction,xm:servapibi,2026-09-22T19:15:20Z,xm/2021/07/PorcApor_Sistema.2021-07-01.ndjson#PorcApor:Sistema:2021-07-01:2021-07-31
2021-07-01,PorcVoluUtilDiar,0.84176,fraction,xm:servapibi,2026-09-22T19:15:13Z,xm/2021/07/PorcVoluUtilDiar_Sistema.2021-07-01.ndjson#PorcVoluUtilDiar:Sistema:2021-07-01:2021-07-31
2021-07-01,PrecBolsNaci,93.35587333333338,COP/kWh,xm:servapibi,2026-09-22T19:15:24Z,xm/2021/07/PrecBolsNaci_Sistema.2021-07-01.ndjson#PrecBolsNaci:Sistema:2021-07-01:2021-07-31
2021-07-01,PrecEscaAct,800.01474,COP/kWh,xm:servapibi,2026-09-22T19:15:23Z,xm/2021/07/PrecEscaAct_Sistema.2021-07-01.ndjson#PrecEscaAct:Sistema:2021-07-01:2021-07-31
2021-07-01,VoluUtilDiarEner,14204031700,kWh,xm:servapibi,2026-09-22T19:15:14Z,xm/2021/07/VoluUtilDiarEner_Sistema.2021-07-01.ndjson#VoluUtilDiarEner:Sistema:2021-07-01:2021-07-31
2021-07-02,AporEner,207278500,kWh,xm:servapibi,2026-09-22T19:15:17Z,xm/2021/07/AporEner_Sistema.2021-07-01.ndjson#AporEner:Sistema:2021-07-01:2021-07-31
2021-07-02,AporEnerMediHist,215210000,kWh,xm:servapibi,2026-09-22T19:15:18Z,xm/2021/07/AporEnerMediHist_Sistema.2021-07-01.ndjson#AporEnerMediHist:Sistema:2021-07-01:2021-07-31
2021-07-02,CapaUtilDiarEner,16878938691,kWh,xm:servapibi,2026-09-22T19:15:16Z,xm/2021/07/CapaUtilDiarEner_Sistema.2021-07-01.ndjson#CapaUtilDiarEner:Sistema:2021-07-01:2021-07-31
2021-07-02,DemaSIN,208449778.01,kWh,xm:servapibi,2026-09-22T19:15:21Z,xm/2021/07/DemaSIN_Sistema.2021-07-01.ndjson#DemaSIN:Sistema:2021-07-01:2021-07-31
2021-07-02,PorcApor,0.96315,fraction,xm:servapibi,2026-09-22T19:15:20Z,xm/2021/07/PorcApor_Sistema.2021-07-01.ndjson#PorcApor:Sistema:2021-07-01:2021-07-31
2021-07-02,PorcVoluUtilDiar,0.84164,fraction,xm:servapibi,2026-09-22T19:15:13Z,xm/2021/07/PorcVoluUtilDiar_Sistema.2021-07-01.ndjson#PorcVoluUtilDiar:Sistema:2021-07-01:2021-07-31
2021-07-02,PrecBolsNaci,91.0246116666667,COP/kWh,xm:servapibi,2026-09-22T19:15:24Z,xm/2021/07/PrecBolsNaci_Sistema.2021-07-01.ndjson#PrecBolsNaci:Sistema:2021-07-01:2021-07-31
2021-07-02,PrecEscaAct,800.01474,COP/kWh,xm:servapibi,2026-09-22T19:15:23Z,xm/2021/07/PrecEscaAct_Sistema.2021-07-01.ndjson#PrecEscaAct:Sistema:2021-07-01:2021-07-31
2021-07-02,VoluUtilDiarEner,14205975100,kWh,xm:servapibi,2026-09-22T19:15:14Z,xm/2021/07/VoluUtilDiarEner_Sistema.2021-07-01.ndjson#VoluUtilDiarEner:Sistema:2021-07-01:2021-07-31
2021-07-03,AporEner,156499600,kWh,xm:servapibi,2026-09-22T19:15:17Z,xm/2021/07/AporEner_Sistema.2021-07-01.ndjson#AporEner:Sistema:2021-07-01:2021-07-31
2021-07-03,AporEnerMediHist,215210000,kWh,xm:servapibi,2026-09-22T19:15:18Z,xm/2021/07/AporEnerMediHist_Sistema.2021-07-01.ndjson#AporEnerMediHist:Sistema:2021-07-01:2021-07-31
2021-07-03,CapaUtilDiarEner,16878938691,kWh,xm:servapibi,2026-09-22T19:15:16Z,xm/2021/07/CapaUtilDiarEner_Sistema.2021-07-01.ndjson#CapaUtilDiarEner:Sistema:2021-07-01:2021-07-31
2021-07-03,DemaSIN,199097845.72,kWh,xm:servapibi,2026-09-22T19:15:21Z,xm/2021/07/DemaSIN_Sistema.2021-07-01.ndjson#DemaSIN:Sistema:2021-07-01:2021-07-31
2021-07-03,PorcApor,0.72719,fraction,xm:servapibi,2026-09-22T19:15:20Z,xm/2021/07/PorcApor_Sistema.2021-07-01.ndjson#PorcApor:Sistema:2021-07-01:2021-07-31
2021-07-03,PorcVoluUtilDiar,0.83711,fraction,xm:servapibi,2026-09-22T19:15:13Z,xm/2021/07/PorcVoluUtilDiar_Sistema.2021-07-01.ndjson#PorcVoluUtilDiar:Sistema:2021-07-01:2021-07-31
2021-07-03,PrecBolsNaci,93.28368833333332,COP/kWh,xm:servapibi,2026-09-22T19:15:24Z,xm/2021/07/PrecBolsNaci_Sistema.2021-07-01.ndjson#PrecBolsNaci:Sistema:2021-07-01:2021-07-31
2021-07-03,PrecEscaAct,800.01474,COP/kWh,xm:servapibi,2026-09-22T19:15:23Z,xm/2021/07/PrecEscaAct_Sistema.2021-07-01.ndjson#PrecEscaAct:Sistema:2021-07-01:2021-07-31
2021-07-03,VoluUtilDiarEner,14129589300,kWh,xm:servapibi,2026-09-22T19:15:14Z,xm/2021/07/VoluUtilDiarEner_Sistema.2021-07-01.ndjson#VoluUtilDiarEner:Sistema:2021-07-01:2021-07-31
2021-07-04,AporEner,148197900,kWh,xm:servapibi,2026-09-22T19:15:17Z,xm/2021/07/AporEner_Sistema.2021-07-01.ndjson#AporEner:Sistema:2021-07-01:2021-07-31
2021-07-04,AporEnerMediHist,215210000,kWh,xm:servapibi,2026-09-22T19:15:18Z,xm/2021/07/AporEnerMediHist_Sistema.2021-07-01.ndjson#AporEnerMediHist:Sistema:2021-07-01:2021-07-31
2021-07-04,CapaUtilDiarEner,16878938691,kWh,xm:servapibi,2026-09-22T19:15:16Z,xm/2021/07/CapaUtilDiarEner_Sistema.2021-07-01.ndjson#CapaUtilDiarEner:Sistema:2021-07-01:2021-07-31
2021-07-04,DemaSIN,177926628.9,kWh,xm:servapibi,2026-09-22T19:15:21Z,xm/2021/07/DemaSIN_Sistema.2021-07-01.ndjson#DemaSIN:Sistema:2021-07-01:2021-07-31
2021-07-04,PorcApor,0.68862,fraction,xm:servapibi,2026-09-22T19:15:20Z,xm/2021/07/PorcApor_Sistema.2021-07-01.ndjson#PorcApor:Sistema:2021-07-01:2021-07-31
2021-07-04,PorcVoluUtilDiar,0.83589,fraction,xm:servapibi,2026-09-22T19:15:13Z,xm/2021/07/PorcVoluUtilDiar_Sistema.2021-07-01.ndjson#PorcVoluUtilDiar:Sistema:2021-07-01:2021-07-31
2021-07-04,PrecBolsNaci,91.01721833333333,COP/kWh,xm:servapibi,2026-09-22T19:15:24Z,xm/2021/07/PrecBolsNaci_Sistema.2021-07-01.ndjson#PrecBolsNaci:Sistema:2021-07-01:2021-07-31
2021-07-04,PrecEscaAct,800.01474,COP/kWh,xm:servapibi,2026-09-22T19:15:23Z,xm/2021/07/PrecEscaAct_Sistema.2021-07-01.ndjson#PrecEscaAct:Sistema:2021-07-01:2021-07-31
2021-07-04,VoluUtilDiarEner,14108982800,kWh,xm:servapibi,2026-09-22T19:15:14Z,xm/2021/07/VoluUtilDiarEner_Sistema.2021-07-01.ndjson#VoluUtilDiarEner:Sistema:2021-07-01:2021-07-31
2021-07-05,AporEner,142015600,kWh,xm:servapibi,2026-09-22T19:15:17Z,xm/2021/07/AporEner_Sistema.2021-07-01.ndjson#AporEner:Sistema:2021-07-01:2021-07-31
2021-07-05,AporEnerMediHist,215210000,kWh,xm:servapibi,2026-09-22T19:15:18Z,xm/2021/07/AporEnerMediHist_Sistema.2021-07-01.ndjson#AporEnerMediHist:Sistema:2021-07-01:2021-07-31
2021-07-05,CapaUtilDiarEner,16878938691,kWh,xm:servapibi,2026-09-22T19:15:16Z,xm/2021/07/CapaUtilDiarEner_Sistema.2021-07-01.ndjson#CapaUtilDiarEner:Sistema:2021-07-01:2021-07-31
2021-07-05,DemaSIN,184078402.02,kWh,xm:servapibi,2026-09-22T19:15:21Z,xm/2021/07/DemaSIN_Sistema.2021-07-01.ndjson#DemaSIN:Sistema:2021-07-01:2021-07-31
2021-07-05,PorcApor,0.65989,fraction,xm:servapibi,2026-09-22T19:15:20Z,xm/2021/07/PorcApor_Sistema.2021-07-01.ndjson#PorcApor:Sistema:2021-07-01:2021-07-31
2021-07-05,PorcVoluUtilDiar,0.83424,fraction,xm:servapibi,2026-09-22T19:15:13Z,xm/2021/07/PorcVoluUtilDiar_Sistema.2021-07-01.ndjson#PorcVoluUtilDiar:Sistema:2021-07-01:2021-07-31
2021-07-05,PrecBolsNaci,88.17918833333333,COP/kWh,xm:servapibi,2026-09-22T19:15:24Z,xm/2021/07/PrecBolsNaci_Sistema.2021-07-01.ndjson#PrecBolsNaci:Sistema:2021-07-01:2021-07-31
2021-07-05,PrecEscaAct,800.01474,COP/kWh,xm:servapibi,2026-09-22T19:15:23Z,xm/2021/07/PrecEscaAct_Sistema.2021-07-01.ndjson#PrecEscaAct:Sistema:2021-07-01:2021-07-31
2021-07-05,VoluUtilDiarEner,14081058500,kWh,xm:servapibi,2026-09-22T19:15:14Z,xm/2021/07/VoluUtilDiarEner_Sistema.2021-07-01.ndjson#VoluUtilDiarEner:Sistema:2021-07-01:2021-07-31
2021-07-06,AporEner,143195800,kWh,xm:servapibi,2026-09-22T19:15:17Z,xm/2021/07/AporEner_Sistema.2021-07-01.ndjson#AporEner:Sistema:2021-07-01:2021-07-31
2021-07-06,AporEnerMediHist,215210000,kWh,xm:servapibi,2026-09-22T19:15:18Z,xm/2021/07/AporEnerMediHist_Sistema.2021-07-01.ndjson#AporEnerMediHist:Sistema:2021-07-01:2021-07-31
2021-07-06,CapaUtilDiarEner,16858389078,kWh,xm:servapibi,2026-09-22T19:15:16Z,xm/2021/07/CapaUtilDiarEner_Sistema.2021-07-01.ndjson#CapaUtilDiarEner:Sistema:2021-07-01:2021-07-31
2021-07-06,DemaSIN,207353774.01,kWh,xm:servapibi,2026-09-22T19:15:21Z,xm/2021/07/DemaSIN_Sistema.2021-07-01.ndjson#DemaSIN:Sistema:2021-07-01:2021-07-31
2021-07-06,PorcApor,0.66538,fraction,xm:servapibi,2026-09-22T19:15:20Z,xm/2021/07/PorcApor_Sistema.2021-07-01.ndjson#PorcApor:Sistema:2021-07-01:2021-07-31
2021-07-06,PorcVoluUtilDiar,0.83269,fraction,xm:servapibi,2026-09-22T19:15:13Z,xm/2021/07/PorcVoluUtilDiar_Sistema.2021-07-01.ndjson#PorcVoluUtilDiar:Sistema:2021-07-01:2021-07-31
2021-07-06,PrecBolsNaci,90.46153666666667,COP/kWh,xm:servapibi,2026-09-22T19:15:24Z,xm/2021/07/PrecBolsNaci_Sistema.2021-07-01.ndjson#PrecBolsNaci:Sistema:2021-07-01:2021-07-31
2021-07-06,PrecEscaAct,800.01474,COP/kWh,xm:servapibi,2026-09-22T19:15:23Z,xm/2021/07/PrecEscaAct_Sistema.2021-07-01.ndjson#PrecEscaAct:Sistema:2021-07-01:2021-07-31
2021-07-06,VoluUtilDiarEner,14037833500,kWh,xm:servapibi,2026-09-22T19:15:14Z,xm/2021/07/VoluUtilDiarEner_Sistema.2021-07-01.ndjson#VoluUtilDiarEner:Sistema:2021-07-01:2021-07-31
2021-07-07,AporEner,156465200,kWh,xm:servapibi,2026-09-22T19:15:17Z,xm/2021/07/AporEner_Sistema.2021-07-01.ndjson#AporEner:Sistema:2021-07-01:2021-07-31
2021-07-07,AporEnerMediHist,215210000,kWh,xm:servapibi,2026-09-22T19:15:18Z,xm/2021/07/AporEnerMediHist_Sistema.2021-07-01.ndjson#AporEnerMediHist:Sistema:2021-07-01:2021-07-31
2021-07-07,CapaUtilDiarEner,16858389078,kWh,xm:servapibi,2026-09-22T19:15:16Z,xm/2021/07/CapaUtilDiarEner_Sistema.2021-07-01.ndjson#CapaUtilDiarEner:Sistema:2021-07-01:2021-07-31
2021-07-07,DemaSIN,211823947.42,kWh,xm:servapibi,2026-09-22T19:15:21Z,xm/2021/07/DemaSIN_Sistema.2021-07-01.ndjson#DemaSIN:Sistema:2021-07-01:2021-07-31
2021-07-07,PorcApor,0.72703,fraction,xm:servapibi,2026-09-22T19:15:20Z,xm/2021/07/PorcApor_Sistema.2021-07-01.ndjson#PorcApor:Sistema:2021-07-01:2021-07-31
2021-07-07,PorcVoluUtilDiar,0.82905,fraction,xm:servapibi,2026-09-22T19:15:13Z,xm/2021/07/PorcVoluUtilDiar_Sistema.2021-07-01.ndjson#PorcVoluUtilDiar:Sistema:2021-07-01:2021-07-31
2021-07-07,PrecBolsNaci,91.05627500000001,COP/kWh,xm:servapibi,2026-09-22T19:15:24Z,xm/2021/07/PrecBolsNaci_Sistema.2021-07-01.ndjson#PrecBolsNaci:Sistema:2021-07-01:2021-07-31
2021-07-07,PrecEscaAct,800.01474,COP/kWh,xm:servapibi,2026-09-22T19:15:23Z,xm/2021/07/PrecEscaAct_Sistema.2021-07-01.ndjson#PrecEscaAct:Sistema:2021-07-01:2021-07-31
2021-07-07,VoluUtilDiarEner,13976405200,kWh,xm:servapibi,2026-09-22T19:15:14Z,xm/2021/07/VoluUtilDiarEner_Sistema.2021-07-01.ndjson#VoluUtilDiarEner:Sistema:2021-07-01:2021-07-31
2021-07-08,AporEner,237628500,kWh,xm:servapibi,2026-09-22T19:15:17Z,xm/2021/07/AporEner_Sistema.2021-07-01.ndjson#AporEner:Sistema:2021-07-01:2021-07-31
2021-07-08,AporEnerMediHist,215210000,kWh,xm:servapibi,2026-09-22T19:15:18Z,xm/2021/07/AporEnerMediHist_Sistema.2021-07-01.ndjson#AporEnerMediHist:Sistema:2021-07-01:2021-07-31
2021-07-08,CapaUtilDiarEner,16858389078,kWh,xm:servapibi,2026-09-22T19:15:16Z,xm/2021/07/CapaUtilDiarEner_Sistema.2021-07-01.ndjson#CapaUtilDiarEner:Sistema:2021-07-01:2021-07-31
2021-07-08,DemaSIN,212912988.34,kWh,xm:servapibi,2026-09-22T19:15:21Z,xm/2021/07/DemaSIN_Sistema.2021-07-01.ndjson#DemaSIN:Sistema:2021-07-01:2021-07-31
2021-07-08,PorcApor,1.10417,fraction,xm:servapibi,2026-09-22T19:15:20Z,xm/2021/07/PorcApor_Sistema.2021-07-01.ndjson#PorcApor:Sistema:2021-07-01:2021-07-31
2021-07-08,PorcVoluUtilDiar,0.83127,fraction,xm:servapibi,2026-09-22T19:15:13Z,xm/2021/07/PorcVoluUtilDiar_Sistema.2021-07-01.ndjson#PorcVoluUtilDiar:Sistema:2021-07-01:2021-07-31
2021-07-08,PrecBolsNaci,93.11616666666663,COP/kWh,xm:servapibi,2026-09-22T19:15:24Z,xm/2021/07/PrecBolsNaci_Sistema.2021-07-01.ndjson#PrecBolsNaci:Sistema:2021-07-01:2021-07-31
2021-07-08,PrecEscaAct,800.01474,COP/kWh,xm:servapibi,2026-09-22T19:15:23Z,xm/2021/07/PrecEscaAct_Sistema.2021-07-01.ndjson#PrecEscaAct:Sistema:2021-07-01:2021-07-31
2021-07-08,VoluUtilDiarEner,14013827100,kWh,xm:servapibi,2026-09-22T19:15:14Z,xm/2021/07/VoluUtilDiarEner_Sistema.2021-07-01.ndjson#VoluUtilDiarEner:Sistema:2021-07-01:2021-07-31
2021-07-09,AporEner,314788500,kWh,xm:servapibi,2026-09-22T19:15:17Z,xm/2021/07/AporEner_Sistema.2021-07-01.ndjson#AporEner:Sistema:2021-07-01:2021-07-31
2021-07-09,AporEnerMediHist,215210000,kWh,xm:servapibi,2026-09-22T19:15:18Z,xm/2021/07/AporEnerMediHist_Sistema.2021-07-01.ndjson#AporEnerMediHist:Sistema:2021-07-01:2021-07-31
2021-07-09,CapaUtilDiarEner,16858389078,kWh,xm:servapibi,2026-09-22T19:15:16Z,xm/2021/07/CapaUtilDiarEner_Sistema.2021-07-01.ndjson#CapaUtilDiarEner:Sistema:2021-07-01:2021-07-31
2021-07-09,DemaSIN,211891575.73,kWh,xm:servapibi,2026-09-22T19:15:21Z,xm/2021/07/DemaSIN_Sistema.2021-07-01.ndjson#DemaSIN:Sistema:2021-07-01:2021-07-31
2021-07-09,PorcApor,1.4627,fraction,xm:servapibi,2026-09-22T19:15:20Z,xm/2021/07/PorcApor_Sistema.2021-07-01.ndjson#PorcApor:Sistema:2021-07-01:2021-07-31
2021-07-09,PorcVoluUtilDiar,0.8364,fraction,xm:servapibi,2026-09-22T19:15:13Z,xm/2021/07/PorcVoluUtilDiar_Sistema.2021-07-01.ndjson#PorcVoluUtilDiar:Sistema:2021-07-01:2021-07-31
2021-07-09,PrecBolsNaci,97.83895666666662,COP/kWh,xm:servapibi,2026-09-22T19:15:24Z,xm/2021/07/PrecBolsNaci_Sistema.2021-07-01.ndjson#PrecBolsNaci:Sistema:2021-07-01:2021-07-31
2021-07-09,PrecEscaAct,800.01474,COP/kWh,xm:servapibi,2026-09-22T19:15:23Z,xm/2021/07/PrecEscaAct_Sistema.2021-07-01.ndjson#PrecEscaAct:Sistema:2021-07-01:2021-07-31
2021-07-09,VoluUtilDiarEner,14100438300,kWh,xm:servapibi,2026-09-22T19:15:14Z,xm/2021/07/VoluUtilDiarEner_Sistema.2021-07-01.ndjson#VoluUtilDiarEner:Sistema:2021-07-01:2021-07-31
2021-07-10,AporEner,252886900,kWh,xm:servapibi,2026-09-22T19:15:17Z,xm/2021/07/AporEner_Sistema.2021-07-01.ndjson#AporEner:Sistema:2021-07-01:2021-07-31
2021-07-10,AporEnerMediHist,215210000,kWh,xm:servapibi,2026-09-22T19:15:18Z,xm/2021/07/AporEnerMediHist_Sistema.2021-07-01.ndjson#AporEnerMediHist:Sistema:2021-07-01:2021-07-31
2021-07-10,CapaUtilDiarEner,16858389078,kWh,xm:servapibi,2026-09-22T19:15:16Z,xm/2021/07/CapaUtilDiarEner_Sistema.2021-07-01.ndjson#CapaUtilDiarEner:Sistema:2021-07-01:2021-07-31
2021-07-10,DemaSIN,200782299.94,kWh,xm:servapibi,2026-09-22T19:15:21Z,xm/2021/07/DemaSIN_Sistema.2021-07-01.ndjson#DemaSIN:Sistema:2021-07-01:2021-07-31
2021-07-10,PorcApor,1.17507,fraction,xm:servapibi,2026-09-22T19:15:20Z,xm/2021/07/PorcApor_Sistema.2021-07-01.ndjson#PorcApor:Sistema:2021-07-01:2021-07-31
2021-07-10,PorcVoluUtilDiar,0.83798,fraction,xm:servapibi,2026-09-22T19:15:13Z,xm/2021/07/PorcVoluUtilDiar_Sistema.2021-07-01.ndjson#PorcVoluUtilDiar:Sistema:2021-07-01:2021-07-31
2021-07-10,PrecBolsNaci,92.41846166666669,COP/kWh,xm:servapibi,2026-09-22T19:15:24Z,xm/2021/07/PrecBolsNaci_Sistema.2021-07-01.ndjson#PrecBolsNaci:Sistema:2021-07-01:2021-07-31
2021-07-10,PrecEscaAct,800.01474,COP/kWh,xm:servapibi,2026-09-22T19:15:23Z,xm/2021/07/PrecEscaAct_Sistema.2021-07-01.ndjson#PrecEscaAct:Sistema:2021-07-01:2021-07-31
2021-07-10,VoluUtilDiarEner,14126973600,kWh,xm:servapibi,2026-09-22T19:15:14Z,xm/2021/07/VoluUtilDiarEner_Sistema.2021-07-01.ndjson#VoluUtilDiarEner:Sistema:2021-07-01:2021-07-31
2021-07-11,AporEner,339362800,kWh,xm:servapibi,2026-09-22T19:15:17Z,xm/2021/07/AporEner_Sistema.2021-07-01.ndjson#AporEner:Sistema:2021-07-01:2021-07-31
2021-07-11,AporEnerMediHist,215210000,kWh,xm:servapibi,2026-09-22T19:15:18Z,xm/2021/07/AporEnerMediHist_Sistema.2021-07-01.ndjson#AporEnerMediHist:Sistema:2021-07-01:2021-07-31
2021-07-11,CapaUtilDiarEner,16858389078,kWh,xm:servapibi,2026-09-22T19:15:16Z,xm/2021/07/CapaUtilDiarEner_Sistema.2021-07-01.ndjson#CapaUtilDiarEner:Sistema:2021-07-01:2021-07-31
2021-07-11,DemaSIN,183934832.01,kWh,xm:servapibi,2026-09-22T19:15:21Z,xm/2021/07/DemaSIN_Sistema.2021-07-01.ndjson#DemaSIN:Sistema:2021-07-01:2021-07-31
2021-07-11,PorcApor,1.57689,fraction,xm:servapibi,2026-09-22T19:15:20Z,xm/2021/07/PorcApor_Sistema.2021-07-01.ndjson#PorcApor:Sistema:2021-07-01:2021-07-31
2021-07-11,PorcVoluUtilDiar,0.8435,fraction,xm:servapibi,2026-09-22T19:15:13Z,xm/2021/07/PorcVoluUtilDiar_Sistema.2021-07-01.ndjson#PorcVoluUtilDiar:Sistema:2021-07-01:2021-07-31
2021-07-11,PrecBolsNaci,90.61727666666671,COP/kWh,xm:servapibi,2026-09-22T19:15:24Z,xm/2021/07/PrecBolsNaci_Sistema.2021-07-01.ndjson#PrecBolsNaci:Sistema:2021-07-01:2021-07-31
2021-07-11,PrecEscaAct,800.01474,COP/kWh,xm:servapibi,2026-09-22T19:15:23Z,xm/2021/07/PrecEscaAct_Sistema.2021-07-01.ndjson#PrecEscaAct:Sistema:2021-07-01:2021-07-31
2021-07-11,VoluUtilDiarEner,14220076900,kWh,xm:servapibi,2026-09-22T19:15:14Z,xm/2021/07/VoluUtilDiarEner_Sistema.2021-07-01.ndjson#VoluUtilDiarEner:Sistema:2021-07-01:2021-07-31
2021-07-12,AporEner,230036300,kWh,xm:servapibi,2026-09-22T19:15:17Z,xm/2021/07/AporEner_Sistema.2021-07-01.ndjson#AporEner:Sistema:2021-07-01:2021-07-31
2021-07-12,AporEnerMediHist,215210000,kWh,xm:servapibi,2026-09-22T19:15:18Z,xm/2021/07/AporEnerMediHist_Sistema.2021-07-01.ndjson#AporEnerMediHist:Sistema:2021-07-01:2021-07-31
2021-07-12,CapaUtilDiarEner,16858389078,kWh,xm:servapibi,2026-09-22T19:15:16Z,xm/2021/07/CapaUtilDiarEner_Sistema.2021-07-01.ndjson#CapaUtilDiarEner:Sistema:2021-07-01:2021-07-31
2021-07-12,DemaSIN,209078629.39,kWh,xm:servapibi,2026-09-22T19:15:21Z,xm/2021/07/DemaSIN_Sistema.2021-07-01.ndjson#DemaSIN:Sistema:2021-07-01:2021-07-31
2021-07-12,PorcApor,1.06889,fraction,xm:servapibi,2026-09-22T19:15:20Z,xm/2021/07/PorcApor_Sistema.2021-07-01.ndjson#PorcApor:Sistema:2021-07-01:2021-07-31
2021-07-12,PorcVoluUtilDiar,0.84306,fraction,xm:servapibi,2026-09-22T19:15:13Z,xm/2021/07/PorcVoluUtilDiar_Sistema.2021-07-01.ndjson#PorcVoluUtilDiar:Sistema:2021-07-01:2021-07-31
2021-07-12,PrecBolsNaci,92.260535,COP/kWh,xm:servapibi,2026-09-22T19:15:24Z,xm/2021/07/PrecBolsNaci_Sistema.2021-07-01.ndjson#PrecBolsNaci:Sistema:2021-07-01:2021-07-31
2021-07-12,PrecEscaAct,800.01474,COP/kWh,xm:servapibi,2026-09-22T19:15:23Z,xm/2021/07/PrecEscaAct_Sistema.2021-07-01.ndjson#PrecEscaAct:Sistema:2021-07-01:2021-07-31
2021-07-12,VoluUtilDiarEner,14212703700,kWh,xm:servapibi,2026-09-22T19:15:14Z,xm/2021/07/VoluUtilDiarEner_Sistema.2021-07-01.ndjson#VoluUtilDiarEner:Sistema:2021-07-01:2021-07-31
2021-07-13,AporEner,240867000,kWh,xm:servapibi,2026-09-22T19:15:17Z,xm/2021/07/AporEner_Sistema.2021-07-01.ndjson#AporEner:Sistema:2021-07-01:2021-07-31
2021-07-13,AporEnerMediHist,215210000,kWh,xm:servapibi,2026-09-22T19:15:18Z,xm/2021/07/AporEnerMediHist_Sistema.2021-07-01.ndjson#AporEnerMediHist:Sistema:2021-07-01:2021-07-31
2021-07-13,CapaUtilDiarEner,16858389078,kWh,xm:servapibi,2026-09-22T19:15:16Z,xm/2021/07/CapaUtilDiarEner_Sistema.2021-07-01.ndjson#CapaUtilDiarEner:Sistema:2021-07-01:2021-07-31
2021-07-13,DemaSIN,212702872.64,kWh,xm:servapibi,2026-09-22T19:15:21Z,xm/2021/07/DemaSIN_Sistema.2021-07-01.ndjson#DemaSIN:Sistema:2021-07-01:2021-07-31
2021-07-13,PorcApor,1.11922,fraction,xm:servapibi,2026-09-22T19:15:20Z,xm/2021/07/PorcApor_Sistema.2021-07-01.ndjson#PorcApor:Sistema:2021-07-01:2021-07-31
2021-07-13,PorcVoluUtilDiar,0.84372,fraction,xm:servapibi,2026-09-22T19:15:13Z,xm/2021/07/PorcVoluUtilDiar_Sistema.2021-07-01.ndjson#PorcVoluUtilDiar:Sistema:2021-07-01:2021-07-31
2021-07-13,PrecBolsNaci,90.93815333333329,COP/kWh,xm:servapibi,2026-09-22T19:15:24Z,xm/2021/07/PrecBolsNaci_Sistema.2021-07-01.ndjson#PrecBolsNaci:Sistema:2021-07-01:2021-07-31
2021-07-13,PrecEscaAct,800.01474,COP/kWh,xm:servapibi,2026-09-22T19:15:23Z,xm/2021/07/PrecEscaAct_Sistema.2021-07-01.ndjson#PrecEscaAct:Sistema:2021-07-01:2021-07-31
2021-07-13,VoluUtilDiarEner,14223839700,kWh,xm:servapibi,2026-09-22T19:15:14Z,xm/2021/07/VoluUtilDiarEner_Sistema.2021-07-01.ndjson#VoluUtilDiarEner:Sistema:2021-07-01:2021-07-31
2021-07-14,AporEner,218346500,kWh,xm:servapibi,2026-09-22T19:15:17Z,xm/2021/07/AporEner_Sistema.2021-07-01.ndjson#AporEner:Sistema:2021-07-01:2021-07-31
2021-07-14,AporEnerMediHist,215210000,kWh,xm:servapibi,2026-09-22T19:15:18Z,xm/2021/07/AporEnerMediHist_Sistema.2021-07-01.ndjson#AporEnerMediHist:Sistema:2021-07-01:2021-07-31
2021-07-14,CapaUtilDiarEner,16858389078,kWh,xm:servapibi,2026-09-22T19:15:16Z,xm/2021/07/CapaUtilDiarEner_Sistema.2021-07-01.ndjson#CapaUtilDiarEner:Sistema:2021-07-01:2021-07-31
2021-07-14,DemaSIN,214080432.43,kWh,xm:servapibi,2026-09-22T19:15:21Z,xm/2021/07/DemaSIN_Sistema.2021-07-01.ndjson#DemaSIN:Sistema:2021-07-01:2021-07-31
2021-07-14,PorcApor,1.01457,fraction,xm:servapibi,2026-09-22T19:15:20Z,xm/2021/07/PorcApor_Sistema.2021-07-01.ndjson#PorcApor:Sistema:2021-07-01:2021-07-31
2021-07-14,PorcVoluUtilDiar,0.8436,fraction,xm:servapibi,2026-09-22T19:15:13Z,xm/2021/07/PorcVoluUtilDiar_Sistema.2021-07-01.ndjson#PorcVoluUtilDiar:Sistema:2021-07-01:2021-07-31
2021-07-14,PrecBolsNaci,90.5443916666667,COP/kWh,xm:servapibi,2026-09-22T19:15:24Z,xm/2021/07/PrecBolsNaci_Sistema.2021-07-01.ndjson#PrecBolsNaci:Sistema:2021-07-01:2021-07-31
2021-07-14,PrecEscaAct,800.01474,COP/kWh,xm:servapibi,2026-09-22T19:15:23Z,xm/2021/07/PrecEscaAct_Sistema.2021-07-01.ndjson#PrecEscaAct:Sistema:2021-07-01:2021-07-31
2021-07-14,VoluUtilDiarEner,14221717300,kWh,xm:servapibi,2026-09-22T19:15:14Z,xm/2021/07/VoluUtilDiarEner_Sistema.2021-07-01.ndjson#VoluUtilDiarEner:Sistema:2021-07-01:2021-07-31
2021-07-15,AporEner,191417800,kWh,xm:servapibi,2026-09-22T19:15:17Z,xm/2021/07/AporEner_Sistema.2021-07-01.ndjson#AporEner:Sistema:2021-07-01:2021-07-31
2021-07-15,AporEnerMediHist,215210000,kWh,xm:servapibi,2026-09-22T19:15:18Z,xm/2021/07/AporEnerMediHist_Sistema.2021-07-01.ndjson#AporEnerMediHist:Sistema:2021-07-01:2021-07-31
2021-07-15,CapaUtilDiarEner,16858389078,kWh,xm:servapibi,2026-09-22T19:15:16Z,xm/2021/07/CapaUtilDiarEner_Sistema.2021-07-01.ndjson#CapaUtilDiarEner:Sistema:2021-07-01:2021-07-31
2021-07-15,DemaSIN,215900586.65,kWh,xm:servapibi,2026-09-22T19:15:21Z,xm/2021/07/DemaSIN_Sistema.2021-07-01.ndjson#DemaSIN:Sistema:2021-07-01:2021-07-31
2021-07-15,PorcApor,0.88945,fraction,xm:servapibi,2026-09-22T19:15:20Z,xm/2021/07/PorcApor_Sistema.2021-07-01.ndjson#PorcApor:Sistema:2021-07-01:2021-07-31
2021-07-15,PorcVoluUtilDiar,0.8427,fraction,xm:servapibi,2026-09-22T19:15:13Z,xm/2021/07/PorcVoluUtilDiar_Sistema.2021-07-01.ndjson#PorcVoluUtilDiar:Sistema:2021-07-01:2021-07-31
2021-07-15,PrecBolsNaci,91.79051000000003,COP/kWh,xm:servapibi,2026-09-22T19:15:24Z,xm/2021/07/PrecBolsNaci_Sistema.2021-07-01.ndjson#PrecBolsNaci:Sistema:2021-07-01:2021-07-31
2021-07-15,PrecEscaAct,800.01474,COP/kWh,xm:servapibi,2026-09-22T19:15:23Z,xm/2021/07/PrecEscaAct_Sistema.2021-07-01.ndjson#PrecEscaAct:Sistema:2021-07-01:2021-07-31
2021-07-15,VoluUtilDiarEner,14206610100,kWh,xm:servapibi,2026-09-22T19:15:14Z,xm/2021/07/VoluUtilDiarEner_Sistema.2021-07-01.ndjson#VoluUtilDiarEner:Sistema:2021-07-01:2021-07-31
2021-07-16,AporEner,239533800,kWh,xm:servapibi,2026-09-22T19:15:17Z,xm/2021/07/AporEner_Sistema.2021-07-01.ndjson#AporEner:Sistema:2021-07-01:2021-07-31
2021-07-16,AporEnerMediHist,215210000,kWh,xm:servapibi,2026-09-22T19:15:18Z,xm/2021/07/AporEnerMediHist_Sistema.2021-07-01.ndjson#AporEnerMediHist:Sistema:2021-07-01:2021-07-31
2021-07-16,CapaUtilDiarEner,16858389078,kWh,xm:servapibi,2026-09-22T19:15:16Z,xm/2021/07/CapaUtilDiarEner_Sistema.2021-07-01.ndjson#CapaUtilDiarEner:Sistema:2021-07-01:2021-07-31
2021-07-16,DemaSIN,215077451.23,kWh,xm:servapibi,2026-09-22T19:15:21Z,xm/2021/07/DemaSIN_Sistema.2021-07-01.ndjson#DemaSIN:Sistema:2021-07-01:2021-07-31
2021-07-16,PorcApor,1.11302,fraction,xm:servapibi,2026-09-22T19:15:20Z,xm/2021/07/PorcApor_Sistema.2021-07-01.ndjson#PorcApor:Sistema:2021-07-01:2021-07-31
2021-07-16,PorcVoluUtilDiar,0.84499,fraction,xm:servapibi,2026-09-22T19:15:13Z,xm/2021/07/PorcVoluUtilDiar_Sistema.2021-07-01.ndjson#PorcVoluUtilDiar:Sistema:2021-07-01:2021-07-31
2021-07-16,PrecBolsNaci,90.88663666666669,COP/kWh,xm:servapibi,2026-09-22T19:15:24Z,xm/2021/07/PrecBolsNaci_Sistema.2021-07-01.ndjson#PrecBolsNaci:Sistema:2021-07-01:2021-07-31
2021-07-16,PrecEscaAct,800.01474,COP/kWh,xm:servapibi,2026-09-22T19:15:23Z,xm/2021/07/PrecEscaAct_Sistema.2021-07-01.ndjson#PrecEscaAct:Sistema:2021-07-01:2021-07-31
2021-07-16,VoluUtilDiarEner,14245217000,kWh,xm:servapibi,2026-09-22T19:15:14Z,xm/2021/07/VoluUtilDiarEner_Sistema.2021-07-01.ndjson#VoluUtilDiarEner:Sistema:2021-07-01:2021-07-31
2021-07-17,AporEner,304519000,kWh,xm:servapibi,2026-09-22T19:15:17Z,xm/2021/07/AporEner_Sistema.2021-07-01.ndjson#AporEner:Sistema:2021-07-01:2021-07-31
2021-07-17,AporEnerMediHist,215210000,kWh,xm:servapibi,2026-09-22T19:15:18Z,xm/2021/07/AporEnerMediHist_Sistema.2021-07-01.ndjson#AporEnerMediHist:Sistema:2021-07-01:2021-07-31
2021-07-17,CapaUtilDiarEner,16858389078,kWh,xm:servapibi,2026-09-22T19:15:16Z,xm/2021/07/CapaUtilDiarEner_Sistema.2021-07-01.ndjson#CapaUtilDiarEner:Sistema:2021-07-01:2021-07-31
2021-07-17,DemaSIN,205939576.88,kWh,xm:servapibi,2026-09-22T19:15:21Z,xm/2021/07/DemaSIN_Sistema.2021-07-01.ndjson#DemaSIN:Sistema:2021-07-01:2021-07-31
2021-07-17,PorcApor,1.41499,fraction,xm:servapibi,2026-09-22T19:15:20Z,xm/2021/07/PorcApor_Sistema.2021-07-01.ndjson#PorcApor:Sistema:2021-07-01:2021-07-31
2021-07-17,PorcVoluUtilDiar,0.8494,fraction,xm:servapibi,2026-09-22T19:15:13Z,xm/2021/07/PorcVoluUtilDiar_Sistema.2021-07-01.ndjson#PorcVoluUtilDiar:Sistema:2021-07-01:2021-07-31
2021-07-17,PrecBolsNaci,90.36012333333333,COP/kWh,xm:servapibi,2026-09-22T19:15:24Z,xm/2021/07/PrecBolsNaci_Sistema.2021-07-01.ndjson#PrecBolsNaci:Sistema:2021-07-01:2021-07-31
2021-07-17,PrecEscaAct,800.01474,COP/kWh,xm:servapibi,2026-09-22T19:15:23Z,xm/2021/07/PrecEscaAct_Sistema.2021-07-01.ndjson#PrecEscaAct:Sistema:2021-07-01:2021-07-31
2021-07-17,VoluUtilDiarEner,14319504600,kWh,xm:servapibi,2026-09-22T19:15:14Z,xm/2021/07/VoluUtilDiarEner_Sistema.2021-07-01.ndjson#VoluUtilDiarEner:Sistema:2021-07-01:2021-07-31
2021-07-18,AporEner,301257300,kWh,xm:servapibi,2026-09-22T19:15:17Z,xm/2021/07/AporEner_Sistema.2021-07-01.ndjson#AporEner:Sistema:2021-07-01:2021-07-31
2021-07-18,AporEnerMediHist,215210000,kWh,xm:servapibi,2026-09-22T19:15:18Z,xm/2021/07/AporEnerMediHist_Sistema.2021-07-01.ndjson#AporEnerMediHist:Sistema:2021-07-01:2021-07-31
2021-07-18,CapaUtilDiarEner,16858389078,kWh,xm:servapibi,2026-09-22T19:15:16Z,xm/2021/07/CapaUtilDiarEner_Sistema.2021-07-01.ndjson#CapaUtilDiarEner:Sistema:2021-07-01:2021-07-31
2021-07-18,DemaSIN,188680256.4,kWh,xm:servapibi,2026-09-22T19:15:21Z,xm/2021/07/DemaSIN_Sistema.2021-07-01.ndjson#DemaSIN:Sistema:2021-07-01:2021-07-31
2021-07-18,PorcApor,1.39983,fraction,xm:servapibi,2026-09-22T19:15:20Z,xm/2021/07/PorcApor_Sistema.2021-07-01.ndjson#PorcApor:Sistema:2021-07-01:2021-07-31
2021-07-18,PorcVoluUtilDiar,0.85263,fraction,xm:servapibi,2026-09-22T19:15:13Z,xm/2021/07/PorcVoluUtilDiar_Sistema.2021-07-01.ndjson#PorcVoluUtilDiar:Sistema:2021-07-01:2021-07-31
2021-07-18,PrecBolsNaci,91.52999333333337,COP/kWh,xm:servapibi,2026-09-22T19:15:24Z,xm/2021/07/PrecBolsNaci_Sistema.2021-07-01.ndjson#PrecBolsNaci:Sistema:2021-07-01:2021-07-31
2021-07-18,PrecEscaAct,800.01474,COP/kWh,xm:servapibi,2026-09-22T19:15:23Z,xm/2021/07/PrecEscaAct_Sistema.2021-07-01.ndjson#PrecEscaAct:Sistema:2021-07-01:2021-07-31
2021-07-18,VoluUtilDiarEner,14374042000,kWh,xm:servapibi,2026-09-22T19:15:14Z,xm/2021/07/VoluUtilDiarEner_Sistema.2021-07-01.ndjson#VoluUtilDiarEner:Sistema:2021-07-01:2021-07-31
2021-07-19,AporEner,214382100,kWh,xm:servapibi,2026-09-22T19:15:17Z,xm/2021/07/AporEner_Sistema.2021-07-01.ndjson#AporEner:Sistema:2021-07-01:2021-07-31
2021-07-19,AporEnerMediHist,215210000,kWh,xm:servapibi,2026-09-22T19:15:18Z,xm/2021/07/AporEnerMediHist_Sistema.2021-07-01.ndjson#AporEnerMediHist:Sistema:2021-07-01:2021-07-31
2021-07-19,CapaUtilDiarEner,16858389078,kWh,xm:servapibi,2026-09-22T19:15:16Z,xm/2021/07/CapaUtilDiarEner_Sistema.2021-07-01.ndjson#CapaUtilDiarEner:Sistema:2021-07-01:2021-07-31
2021-07-19,DemaSIN,209704730.73,kWh,xm:servapibi,2026-09-22T19:15:21Z,xm/2021/07/DemaSIN_Sistema.2021-07-01.ndjson#DemaSIN:Sistema:2021-07-01:2021-07-31
2021-07-19,PorcApor,0.99615,fraction,xm:servapibi,2026-09-22T19:15:20Z,xm/2021/07/PorcApor_Sistema.2021-07-01.ndjson#PorcApor:Sistema:2021-07-01:2021-07-31
2021-07-19,PorcVoluUtilDiar,0.85106,fraction,xm:servapibi,2026-09-22T19:15:13Z,xm/2021/07/PorcVoluUtilDiar_Sistema.2021-07-01.ndjson#PorcVoluUtilDiar:Sistema:2021-07-01:2021-07-31
2021-07-19,PrecBolsNaci,93.47795833333335,COP/kWh,xm:servapibi,2026-09-22T19:15:24Z,xm/2021/07/PrecBolsNaci_Sistema.2021-07-01.ndjson#PrecBolsNaci:Sistema:2021-07-01:2021-07-31
2021-07-19,PrecEscaAct,800.01474,COP/kWh,xm:servapibi,2026-09-22T19:15:23Z,xm/2021/07/PrecEscaAct_Sistema.2021-07-01.ndjson#PrecEscaAct:Sistema:2021-07-01:2021-07-31
2021-07-19,VoluUtilDiarEner,14347491300,kWh,xm:servapibi,2026-09-22T19:15:14Z,xm/2021/07/VoluUtilDiarEner_Sistema.2021-07-01.ndjson#VoluUtilDiarEner:Sistema:2021-07-01:2021-07-31
2021-07-20,AporEner,185629800,kWh,xm:servapibi,2026-09-22T19:15:17Z,xm/2021/07/AporEner_Sistema.2021-07-01.ndjson#AporEner:Sistema:2021-07-01:2021-07-31
2021-07-20,AporEnerMediHist,215210000,kWh,xm:servapibi,2026-09-22T19:15:18Z,xm/2021/07/AporEnerMediHist_Sistema.2021-07-01.ndjson#AporEnerMediHist:Sistema:2021-07-01:2021-07-31
2021-07-20,CapaUtilDiarEner,16858389078,kWh,xm:servapibi,2026-09-22T19:15:16Z,xm/2021/07/CapaUtilDiarEner_Sistema.2021-07-01.ndjson#CapaUtilDiarEner:Sistema:2021-07-01:2021-07-31
2021-07-20,DemaSIN,199611812.13,kWh,xm:servapibi,2026-09-22T19:15:21Z,xm/2021/07/DemaSIN_Sistema.2021-07-01.ndjson#DemaSIN:Sistema:2021-07-01:2021-07-31
2021-07-20,PorcApor,0.86255,fraction,xm:servapibi,2026-09-22T19:15:20Z,xm/2021/07/PorcApor_Sistema.2021-07-01.ndjson#PorcApor:Sistema:2021-07-01:2021-07-31
2021-07-20,PorcVoluUtilDiar,0.84986,fraction,xm:servapibi,2026-09-22T19:15:13Z,xm/2021/07/PorcVoluUtilDiar_Sistema.2021-07-01.ndjson#PorcVoluUtilDiar:Sistema:2021-07-01:2021-07-31
2021-07-20,PrecBolsNaci,93.07381166666664,COP/kWh,xm:servapibi,2026-09-22T19:15:24Z,xm/2021/07/PrecBolsNaci_Sistema.2021-07-01.ndjson#PrecBolsNaci:Sistema:2021-07-01:2021-07-31
2021-07-20,PrecEscaAct,800.01474,COP/kWh,xm:servapibi,2026-09-22T19:15:23Z,xm/2021/07/PrecEscaAct_Sistema.2021-07-01.ndjson#PrecEscaAct:Sistema:2021-07-01:2021-07-31
2021-07-20,VoluUtilDiarEner,14327253500,kWh,xm:servapibi,2026-09-22T19:15:14Z,xm/2021/07/VoluUtilDiarEner_Sistema.2021-07-01.ndjson#VoluUtilDiarEner:Sistema:2021-07-01:2021-07-31
2021-07-21,AporEner,285257400,kWh,xm:servapibi,2026-09-22T19:15:17Z,xm/2021/07/AporEner_Sistema.2021-07-01.ndjson#AporEner:Sistema:2021-07-01:2021-07-31
2021-07-21,AporEnerMediHist,215210000,kWh,xm:servapibi,2026-09-22T19:15:18Z,xm/2021/07/AporEnerMediHist_Sistema.2021-07-01.ndjson#AporEnerMediHist:Sistema:2021-07-01:2021-07-31
2021-07-21,CapaUtilDiarEner,16858389078,kWh,xm:servapibi,2026-09-22T19:15:16Z,xm/2021/07/CapaUtilDiarEner_Sistema.2021-07-01.ndjson#CapaUtilDiarEner:Sistema:2021-07-01:2021-07-31
2021-07-21,DemaSIN,217113750.95,kWh,xm:servapibi,2026-09-22T19:15:21Z,xm/2021/07/DemaSIN_Sistema.2021-07-01.ndjson#DemaSIN:Sistema:2021-07-01:2021-07-31
2021-07-21,PorcApor,1.32548,fraction,xm:servapibi,2026-09-22T19:15:20Z,xm/2021/07/PorcApor_Sistema.2021-07-01.ndjson#PorcApor:Sistema:2021-07-01:2021-07-31
2021-07-21,PorcVoluUtilDiar,0.85211,fraction,xm:servapibi,2026-09-22T19:15:13Z,xm/2021/07/PorcVoluUtilDiar_Sistema.2021-07-01.ndjson#PorcVoluUtilDiar:Sistema:2021-07-01:2021-07-31
2021-07-21,PrecBolsNaci,92.96440666666668,COP/kWh,xm:servapibi,2026-09-22T19:15:24Z,xm/2021/07/PrecBolsNaci_Sistema.2021-07-01.ndjson#PrecBolsNaci:Sistema:2021-07-01:2021-07-31
2021-07-21,PrecEscaAct,800.01474,COP/kWh,xm:servapibi,2026-09-22T19:15:23Z,xm/2021/07/PrecEscaAct_Sistema.2021-07-01.ndjson#PrecEscaAct:Sistema:2021-07-01:2021-07-31
2021-07-21,VoluUtilDiarEner,14365193100,kWh,xm:servapibi,2026-09-22T19:15:14Z,xm/2021/07/VoluUtilDiarEner_Sistema.2021-07-01.ndjson#VoluUtilDiarEner:Sistema:2021-07-01:2021-07-31
2021-07-22,AporEner,351614700,kWh,xm:servapibi,2026-09-22T19:15:17Z,xm/2021/07/AporEner_Sistema.2021-07-01.ndjson#AporEner:Sistema:2021-07-01:2021-07-31
2021-07-22,AporEnerMediHist,215210000,kWh,xm:servapibi,2026-09-22T19:15:18Z,xm/2021/07/AporEnerMediHist_Sistema.2021-07-01.ndjson#AporEnerMediHist:Sistema:2021-07-01:2021-07-31
2021-07-22,CapaUtilDiarEner,16857070974,kWh,xm:servapibi,2026-09-22T19:15:16Z,xm/2021/07/CapaUtilDiarEner_Sistema.2021-07-01.ndjson#CapaUtilDiarEner:Sistema:2021-07-01:2021-07-31
2021-07-22,DemaSIN,218142224.92,kWh,xm:servapibi,2026-09-22T19:15:21Z,xm/2021/07/DemaSIN_Sistema.2021-07-01.ndjson#DemaSIN:Sistema:2021-07-01:2021-07-31
2021-07-22,PorcApor,1.63382,fraction,xm:servapibi,2026-09-22T19:15:20Z,xm/2021/07/PorcApor_Sistema.2021-07-01.ndjson#PorcApor:Sistema:2021-07-01:2021-07-31
2021-07-22,PorcVoluUtilDiar,0.85495,fraction,xm:servapibi,2026-09-22T19:15:13Z,xm/2021/07/PorcVoluUtilDiar_Sistema.2021-07-01.ndjson#PorcVoluUtilDiar:Sistema:2021-07-01:2021-07-31
2021-07-22,PrecBolsNaci,93.53575,COP/kWh,xm:servapibi,2026-09-22T19:15:24Z,xm/2021/07/PrecBolsNaci_Sistema.2021-07-01.ndjson#PrecBolsNaci:Sistema:2021-07-01:2021-07-31
2021-07-22,PrecEscaAct,800.01474,COP/kWh,xm:servapibi,2026-09-22T19:15:23Z,xm/2021/07/PrecEscaAct_Sistema.2021-07-01.ndjson#PrecEscaAct:Sistema:2021-07-01:2021-07-31
2021-07-22,VoluUtilDiarEner,14412036100,kWh,xm:servapibi,2026-09-22T19:15:14Z,xm/2021/07/VoluUtilDiarEner_Sistema.2021-07-01.ndjson#VoluUtilDiarEner:Sistema:2021-07-01:2021-07-31
2021-07-23,AporEner,346129700,kWh,xm:servapibi,2026-09-22T19:15:17Z,xm/2021/07/AporEner_Sistema.2021-07-01.ndjson#AporEner:Sistema:2021-07-01:2021-07-31
2021-07-23,AporEnerMediHist,215210000,kWh,xm:servapibi,2026-09-22T19:15:18Z,xm/2021/07/AporEnerMediHist_Sistema.2021-07-01.ndjson#AporEnerMediHist:Sistema:2021-07-01:2021-07-31
2021-07-23,CapaUtilDiarEner,16857070974,kWh,xm:servapibi,2026-09-22T19:15:16Z,xm/2021/07/CapaUtilDiarEner_Sistema.2021-07-01.ndjson#CapaUtilDiarEner:Sistema:2021-07-01:2021-07-31
2021-07-23,DemaSIN,220189744.91,kWh,xm:servapibi,2026-09-22T19:15:21Z,xm/2021/07/DemaSIN_Sistema.2021-07-01.ndjson#DemaSIN:Sistema:2021-07-01:2021-07-31
2021-07-23,PorcApor,1.60833,fraction,xm:servapibi,2026-09-22T19:15:20Z,xm/2021/07/PorcApor_Sistema.2021-07-01.ndjson#PorcApor:Sistema:2021-07-01:2021-07-31
2021-07-23,PorcVoluUtilDiar,0.85953,fraction,xm:servapibi,2026-09-22T19:15:13Z,xm/2021/07/PorcVoluUtilDiar_Sistema.2021-07-01.ndjson#PorcVoluUtilDiar:Sistema:2021-07-01:2021-07-31
2021-07-23,PrecBolsNaci,96.03686833333336,COP/kWh,xm:servapibi,2026-09-22T19:15:24Z,xm/2021/07/PrecBolsNaci_Sistema.2021-07-01.ndjson#PrecBolsNaci:Sistema:2021-07-01:2021-07-31
2021-07-23,PrecEscaAct,800.01474,COP/kWh,xm:servapibi,2026-09-22T19:15:23Z,xm/2021/07/PrecEscaAct_Sistema.2021-07-01.ndjson#PrecEscaAct:Sistema:2021-07-01:2021-07-31
2021-07-23,VoluUtilDiarEner,14489104000,kWh,xm:servapibi,2026-09-22T19:15:14Z,xm/2021/07/VoluUtilDiarEner_Sistema.2021-07-01.ndjson#VoluUtilDiarEner:Sistema:2021-07-01:2021-07-31
2021-07-24,AporEner,240741700,kWh,xm:servapibi,2026-09-22T19:15:17Z,xm/2021/07/AporEner_Sistema.2021-07-01.ndjson#AporEner:Sistema:2021-07-01:2021-07-31
2021-07-24,AporEnerMediHist,215210000,kWh,xm:servapibi,2026-09-22T19:15:18Z,xm/2021/07/AporEnerMediHist_Sistema.2021-07-01.ndjson#AporEnerMediHist:Sistema:2021-07-01:2021-07-31
2021-07-24,CapaUtilDiarEner,16857070974,kWh,xm:servapibi,2026-09-22T19:15:16Z,xm/2021/07/CapaUtilDiarEner_Sistema.2021-07-01.ndjson#CapaUtilDiarEner:Sistema:2021-07-01:2021-07-31
2021-07-24,DemaSIN,205334183.04,kWh,xm:servapibi,2026-09-22T19:15:21Z,xm/2021/07/DemaSIN_Sistema.2021-07-01.ndjson#DemaSIN:Sistema:2021-07-01:2021-07-31
2021-07-24,PorcApor,1.11864,fraction,xm:servapibi,2026-09-22T19:15:20Z,xm/2021/07/PorcApor_Sistema.2021-07-01.ndjson#PorcApor:Sistema:2021-07-01:2021-07-31
2021-07-24,PorcVoluUtilDiar,0.85785,fraction,xm:servapibi,2026-09-22T19:15:13Z,xm/2021/07/PorcVoluUtilDiar_Sistema.2021-07-01.ndjson#PorcVoluUtilDiar:Sistema:2021-07-01:2021-07-31
2021-07-24,PrecBolsNaci,90.61295333333332,COP/kWh,xm:servapibi,2026-09-22T19:15:24Z,xm/2021/07/PrecBolsNaci_Sistema.2021-07-01.ndjson#PrecBolsNaci:Sistema:2021-07-01:2021-07-31
2021-07-24,PrecEscaAct,800.01474,COP/kWh,xm:servapibi,2026-09-22T19:15:23Z,xm/2021/07/PrecEscaAct_Sistema.2021-07-01.ndjson#PrecEscaAct:Sistema:2021-07-01:2021-07-31
2021-07-24,VoluUtilDiarEner,14460795700,kWh,xm:servapibi,2026-09-22T19:15:14Z,xm/2021/07/VoluUtilDiarEner_Sistema.2021-07-01.ndjson#VoluUtilDiarEner:Sistema:2021-07-01:2021-07-31
2021-07-25,AporEner,255597500,kWh,xm:servapibi,2026-09-22T19:15:17Z,xm/2021/07/AporEner_Sistema.2021-07-01.ndjson#AporEner:Sistema:2021-07-01:2021-07-31
2021-07-25,AporEnerMediHist,215210000,kWh,xm:servapibi,2026-09-22T19:15:18Z,xm/2021/07/AporEnerMediHist_Sistema.2021-07-01.ndjson#AporEnerMediHist:Sistema:2021-07-01:2021-07-31
2021-07-25,CapaUtilDiarEner,16857070974,kWh,xm:servapibi,2026-09-22T19:15:16Z,xm/2021/07/CapaUtilDiarEner_Sistema.2021-07-01.ndjson#CapaUtilDiarEner:Sistema:2021-07-01:2021-07-31
2021-07-25,DemaSIN,180261367.97,kWh,xm:servapibi,2026-09-22T19:15:21Z,xm/2021/07/DemaSIN_Sistema.2021-07-01.ndjson#DemaSIN:Sistema:2021-07-01:2021-07-31
2021-07-25,PorcApor,1.18767,fraction,xm:servapibi,2026-09-22T19:15:20Z,xm/2021/07/PorcApor_Sistema.2021-07-01.ndjson#PorcApor:Sistema:2021-07-01:2021-07-31
2021-07-25,PorcVoluUtilDiar,0.86145,fraction,xm:servapibi,2026-09-22T19:15:13Z,xm/2021/07/PorcVoluUtilDiar_Sistema.2021-07-01.ndjson#PorcVoluUtilDiar:Sistema:2021-07-01:2021-07-31
2021-07-25,PrecBolsNaci,89.19237833333334,COP/kWh,xm:servapibi,2026-09-22T19:15:24Z,xm/2021/07/PrecBolsNaci_Sistema.2021-07-01.ndjson#PrecBolsNaci:Sistema:2021-07-01:2021-07-31
2021-07-25,PrecEscaAct,800.01474,COP/kWh,xm:servapibi,2026-09-22T19:15:23Z,xm/2021/07/PrecEscaAct_Sistema.2021-07-01.ndjson#PrecEscaAct:Sistema:2021-07-01:2021-07-31
2021-07-25,VoluUtilDiarEner,14521505500,kWh,xm:servapibi,2026-09-22T19:15:14Z,xm/2021/07/VoluUtilDiarEner_Sistema.2021-07-01.ndjson#VoluUtilDiarEner:Sistema:2021-07-01:2021-07-31
2021-07-26,AporEner,239717600,kWh,xm:servapibi,2026-09-22T19:15:17Z,xm/2021/07/AporEner_Sistema.2021-07-01.ndjson#AporEner:Sistema:2021-07-01:2021-07-31
2021-07-26,AporEnerMediHist,215210000,kWh,xm:servapibi,2026-09-22T19:15:18Z,xm/2021/07/AporEnerMediHist_Sistema.2021-07-01.ndjson#AporEnerMediHist:Sistema:2021-07-01:2021-07-31
2021-07-26,CapaUtilDiarEner,16857070974,kWh,xm:servapibi,2026-09-22T19:15:16Z,xm/2021/07/CapaUtilDiarEner_Sistema.2021-07-01.ndjson#CapaUtilDiarEner:Sistema:2021-07-01:2021-07-31
2021-07-26,DemaSIN,206049207.54,kWh,xm:servapibi,2026-09-22T19:15:21Z,xm/2021/07/DemaSIN_Sistema.2021-07-01.ndjson#DemaSIN:Sistema:2021-07-01:2021-07-31
2021-07-26,PorcApor,1.11388,fraction,xm:servapibi,2026-09-22T19:15:20Z,xm/2021/07/PorcApor_Sistema.2021-07-01.ndjson#PorcApor:Sistema:2021-07-01:2021-07-31
2021-07-26,PorcVoluUtilDiar,0.86109,fraction,xm:servapibi,2026-09-22T19:15:13Z,xm/2021/07/PorcVoluUtilDiar_Sistema.2021-07-01.ndjson#PorcVoluUtilDiar:Sistema:2021-07-01:2021-07-31
2021-07-26,PrecBolsNaci,89.227785,COP/kWh,xm:servapibi,2026-09-22T19:15:24Z,xm/2021/07/PrecBolsNaci_Sistema.2021-07-01.ndjson#PrecBolsNaci:Sistema:2021-07-01:2021-07-31
2021-07-26,PrecEscaAct,800.01474,COP/kWh,xm:servapibi,2026-09-22T19:15:23Z,xm/2021/07/PrecEscaAct_Sistema.2021-07-01.ndjson#PrecEscaAct:Sistema:2021-07-01:2021-07-31
2021-07-26,VoluUtilDiarEner,14515413500,kWh,xm:servapibi,2026-09-22T19:15:14Z,xm/2021/07/VoluUtilDiarEner_Sistema.2021-07-01.ndjson#VoluUtilDiarEner:Sistema:2021-07-01:2021-07-31
2021-07-27,AporEner,264457900,kWh,xm:servapibi,2026-09-22T19:15:17Z,xm/2021/07/AporEner_Sistema.2021-07-01.ndjson#AporEner:Sistema:2021-07-01:2021-07-31
2021-07-27,AporEnerMediHist,215210000,kWh,xm:servapibi,2026-09-22T19:15:18Z,xm/2021/07/AporEnerMediHist_Sistema.2021-07-01.ndjson#AporEnerMediHist:Sistema:2021-07-01:2021-07-31
2021-07-27,CapaUtilDiarEner,16857070974,kWh,xm:servapibi,2026-09-22T19:15:16Z,xm/2021/07/CapaUtilDiarEner_Sistema.2021-07-01.ndjson#CapaUtilDiarEner:Sistema:2021-07-01:2021-07-31
2021-07-27,DemaSIN,208530056.45,kWh,xm:servapibi,2026-09-22T19:15:21Z,xm/2021/07/DemaSIN_Sistema.2021-07-01.ndjson#DemaSIN:Sistema:2021-07-01:2021-07-31
2021-07-27,PorcApor,1.22884,fraction,xm:servapibi,2026-09-22T19:15:20Z,xm/2021/07/PorcApor_Sistema.2021-07-01.ndjson#PorcApor:Sistema:2021-07-01:2021-07-31
2021-07-27,PorcVoluUtilDiar,0.86209,fraction,xm:servapibi,2026-09-22T19:15:13Z,xm/2021/07/PorcVoluUtilDiar_Sistema.2021-07-01.ndjson#PorcVoluUtilDiar:Sistema:2021-07-01:2021-07-31
2021-07-27,PrecBolsNaci,92.64391166666668,COP/kWh,xm:servapibi,2026-09-22T19:15:24Z,xm/2021/07/PrecBolsNaci_Sistema.2021-07-01.ndjson#PrecBolsNaci:Sistema:2021-07-01:2021-07-31
2021-07-27,PrecEscaAct,800.01474,COP/kWh,xm:servapibi,2026-09-22T19:15:23Z,xm/2021/07/PrecEscaAct_Sistema.2021-07-01.ndjson#PrecEscaAct:Sistema:2021-07-01:2021-07-31
2021-07-27,VoluUtilDiarEner,14532299700,kWh,xm:servapibi,2026-09-22T19:15:14Z,xm/2021/07/VoluUtilDiarEner_Sistema.2021-07-01.ndjson#VoluUtilDiarEner:Sistema:2021-07-01:2021-07-31
2021-07-28,AporEner,203686200,kWh,xm:servapibi,2026-09-22T19:15:17Z,xm/2021/07/AporEner_Sistema.2021-07-01.ndjson#AporEner:Sistema:2021-07-01:2021-07-31
2021-07-28,AporEnerMediHist,215210000,kWh,xm:servapibi,2026-09-22T19:15:18Z,xm/2021/07/AporEnerMediHist_Sistema.2021-07-01.ndjson#AporEnerMediHist:Sistema:2021-07-01:2021-07-31
2021-07-28,CapaUtilDiarEner,16857070974,kWh,xm:servapibi,2026-09-22T19:15:16Z,xm/2021/07/CapaUtilDiarEner_Sistema.2021-07-01.ndjson#CapaUtilDiarEner:Sistema:2021-07-01:2021-07-31
2021-07-28,DemaSIN,210914011.08,kWh,xm:servapibi,2026-09-22T19:15:21Z,xm/2021/07/DemaSIN_Sistema.2021-07-01.ndjson#DemaSIN:Sistema:2021-07-01:2021-07-31
2021-07-28,PorcApor,0.94645,fraction,xm:servapibi,2026-09-22T19:15:20Z,xm/2021/07/PorcApor_Sistema.2021-07-01.ndjson#PorcApor:Sistema:2021-07-01:2021-07-31
2021-07-28,PorcVoluUtilDiar,0.86083,fraction,xm:servapibi,2026-09-22T19:15:13Z,xm/2021/07/PorcVoluUtilDiar_Sistema.2021-07-01.ndjson#PorcVoluUtilDiar:Sistema:2021-07-01:2021-07-31
2021-07-28,PrecBolsNaci,90.62796166666674,COP/kWh,xm:servapibi,2026-09-22T19:15:24Z,xm/2021/07/PrecBolsNaci_Sistema.2021-07-01.ndjson#PrecBolsNaci:Sistema:2021-07-01:2021-07-31
2021-07-28,PrecEscaAct,800.01474,COP/kWh,xm:servapibi,2026-09-22T19:15:23Z,xm/2021/07/PrecEscaAct_Sistema.2021-07-01.ndjson#PrecEscaAct:Sistema:2021-07-01:2021-07-31
2021-07-28,VoluUtilDiarEner,14511139900,kWh,xm:servapibi,2026-09-22T19:15:14Z,xm/2021/07/VoluUtilDiarEner_Sistema.2021-07-01.ndjson#VoluUtilDiarEner:Sistema:2021-07-01:2021-07-31
2021-07-29,AporEner,194363900,kWh,xm:servapibi,2026-09-22T19:15:17Z,xm/2021/07/AporEner_Sistema.2021-07-01.ndjson#AporEner:Sistema:2021-07-01:2021-07-31
2021-07-29,AporEnerMediHist,215210000,kWh,xm:servapibi,2026-09-22T19:15:18Z,xm/2021/07/AporEnerMediHist_Sistema.2021-07-01.ndjson#AporEnerMediHist:Sistema:2021-07-01:2021-07-31
2021-07-29,CapaUtilDiarEner,16857070974,kWh,xm:servapibi,2026-09-22T19:15:16Z,xm/2021/07/CapaUtilDiarEner_Sistema.2021-07-01.ndjson#CapaUtilDiarEner:Sistema:2021-07-01:2021-07-31
2021-07-29,DemaSIN,214367119.26,kWh,xm:servapibi,2026-09-22T19:15:21Z,xm/2021/07/DemaSIN_Sistema.2021-07-01.ndjson#DemaSIN:Sistema:2021-07-01:2021-07-31
2021-07-29,PorcApor,0.90314,fraction,xm:servapibi,2026-09-22T19:15:20Z,xm/2021/07/PorcApor_Sistema.2021-07-01.ndjson#PorcApor:Sistema:2021-07-01:2021-07-31
2021-07-29,PorcVoluUtilDiar,0.8594,fraction,xm:servapibi,2026-09-22T19:15:13Z,xm/2021/07/PorcVoluUtilDiar_Sistema.2021-07-01.ndjson#PorcVoluUtilDiar:Sistema:2021-07-01:2021-07-31
2021-07-29,PrecBolsNaci,89.11014666666667,COP/kWh,xm:servapibi,2026-09-22T19:15:24Z,xm/2021/07/PrecBolsNaci_Sistema.2021-07-01.ndjson#PrecBolsNaci:Sistema:2021-07-01:2021-07-31
2021-07-29,PrecEscaAct,800.01474,COP/kWh,xm:servapibi,2026-09-22T19:15:23Z,xm/2021/07/PrecEscaAct_Sistema.2021-07-01.ndjson#PrecEscaAct:Sistema:2021-07-01:2021-07-31
2021-07-29,VoluUtilDiarEner,14486961300,kWh,xm:servapibi,2026-09-22T19:15:14Z,xm/2021/07/VoluUtilDiarEner_Sistema.2021-07-01.ndjson#VoluUtilDiarEner:Sistema:2021-07-01:2021-07-31
2021-07-30,AporEner,276035300,kWh,xm:servapibi,2026-09-22T19:15:17Z,xm/2021/07/AporEner_Sistema.2021-07-01.ndjson#AporEner:Sistema:2021-07-01:2021-07-31
2021-07-30,AporEnerMediHist,215210000,kWh,xm:servapibi,2026-09-22T19:15:18Z,xm/2021/07/AporEnerMediHist_Sistema.2021-07-01.ndjson#AporEnerMediHist:Sistema:2021-07-01:2021-07-31
2021-07-30,CapaUtilDiarEner,16857070974,kWh,xm:servapibi,2026-09-22T19:15:16Z,xm/2021/07/CapaUtilDiarEner_Sistema.2021-07-01.ndjson#CapaUtilDiarEner:Sistema:2021-07-01:2021-07-31
2021-07-30,DemaSIN,213332166.48,kWh,xm:servapibi,2026-09-22T19:15:21Z,xm/2021/07/DemaSIN_Sistema.2021-07-01.ndjson#DemaSIN:Sistema:2021-07-01:2021-07-31
2021-07-30,PorcApor,1.28263,fraction,xm:servapibi,2026-09-22T19:15:20Z,xm/2021/07/PorcApor_Sistema.2021-07-01.ndjson#PorcApor:Sistema:2021-07-01:2021-07-31
2021-07-30,PorcVoluUtilDiar,0.86206,fraction,xm:servapibi,2026-09-22T19:15:13Z,xm/2021/07/PorcVoluUtilDiar_Sistema.2021-07-01.ndjson#PorcVoluUtilDiar:Sistema:2021-07-01:2021-07-31
2021-07-30,PrecBolsNaci,91.68777833333337,COP/kWh,xm:servapibi,2026-09-22T19:15:24Z,xm/2021/07/PrecBolsNaci_Sistema.2021-07-01.ndjson#PrecBolsNaci:Sistema:2021-07-01:2021-07-31
2021-07-30,PrecEscaAct,800.01474,COP/kWh,xm:servapibi,2026-09-22T19:15:23Z,xm/2021/07/PrecEscaAct_Sistema.2021-07-01.ndjson#PrecEscaAct:Sistema:2021-07-01:2021-07-31
2021-07-30,VoluUtilDiarEner,14531882600,kWh,xm:servapibi,2026-09-22T19:15:14Z,xm/2021/07/VoluUtilDiarEner_Sistema.2021-07-01.ndjson#VoluUtilDiarEner:Sistema:2021-07-01:2021-07-31
2021-07-31,AporEner,191016600,kWh,xm:servapibi,2026-09-22T19:15:17Z,xm/2021/07/AporEner_Sistema.2021-07-01.ndjson#AporEner:Sistema:2021-07-01:2021-07-31
2021-07-31,AporEnerMediHist,215210000,kWh,xm:servapibi,2026-09-22T19:15:18Z,xm/2021/07/AporEnerMediHist_Sistema.2021-07-01.ndjson#AporEnerMediHist:Sistema:2021-07-01:2021-07-31
2021-07-31,CapaUtilDiarEner,16857070974,kWh,xm:servapibi,2026-09-22T19:15:16Z,xm/2021/07/CapaUtilDiarEner_Sistema.2021-07-01.ndjson#CapaUtilDiarEner:Sistema:2021-07-01:2021-07-31
2021-07-31,DemaSIN,207235445.6,kWh,xm:servapibi,2026-09-22T19:15:21Z,xm/2021/07/DemaSIN_Sistema.2021-07-01.ndjson#DemaSIN:Sistema:2021-07-01:2021-07-31
2021-07-31,PorcApor,0.88758,fraction,xm:servapibi,2026-09-22T19:15:20Z,xm/2021/07/PorcApor_Sistema.2021-07-01.ndjson#PorcApor:Sistema:2021-07-01:2021-07-31
2021-07-31,PorcVoluUtilDiar,0.85976,fraction,xm:servapibi,2026-09-22T19:15:13Z,xm/2021/07/PorcVoluUtilDiar_Sistema.2021-07-01.ndjson#PorcVoluUtilDiar:Sistema:2021-07-01:2021-07-31
2021-07-31,PrecBolsNaci,90.44168000000003,COP/kWh,xm:servapibi,2026-09-22T19:15:24Z,xm/2021/07/PrecBolsNaci_Sistema.2021-07-01.ndjson#PrecBolsNaci:Sistema:2021-07-01:2021-07-31
2021-07-31,PrecEscaAct,800.01474,COP/kWh,xm:servapibi,2026-09-22T19:15:23Z,xm/2021/07/PrecEscaAct_Sistema.2021-07-01.ndjson#PrecEscaAct:Sistema:2021-07-01:2021-07-31
2021-07-31,VoluUtilDiarEner,14493050400,kWh,xm:servapibi,2026-09-22T19:15:14Z,xm/2021/07/VoluUtilDiarEner_Sistema.2021-07-01.ndjson#VoluUtilDiarEner:Sistema:2021-07-01:2021-07-31
2021-08-01,AporEner,150829400,kWh,xm:servapibi,2026-09-22T19:15:32Z,xm/2021/08/AporEner_Sistema.2021-08-01.ndjson#AporEner:Sistema:2021-08-01:2021-08-31
2021-08-01,AporEnerMediHist,189900000,kWh,xm:servapibi,2026-09-22T19:15:34Z,xm/2021/08/AporEnerMediHist_Sistema.2021-08-01.ndjson#AporEnerMediHist:Sistema:2021-08-01:2021-08-31
2021-08-01,CapaUtilDiarEner,16857070974,kWh,xm:servapibi,2026-09-22T19:15:31Z,xm/2021/08/CapaUtilDiarEner_Sistema.2021-08-01.ndjson#CapaUtilDiarEner:Sistema:2021-08-01:2021-08-31
2021-08-01,DemaSIN,189212208.16,kWh,xm:servapibi,2026-09-22T19:15:36Z,xm/2021/08/DemaSIN_Sistema.2021-08-01.ndjson#DemaSIN:Sistema:2021-08-01:2021-08-31
2021-08-01,PorcApor,0.79426,fraction,xm:servapibi,2026-09-22T19:15:35Z,xm/2021/08/PorcApor_Sistema.2021-08-01.ndjson#PorcApor:Sistema:2021-08-01:2021-08-31
2021-08-01,PorcVoluUtilDiar,0.85839,fraction,xm:servapibi,2026-09-22T19:15:28Z,xm/2021/08/PorcVoluUtilDiar_Sistema.2021-08-01.ndjson#PorcVoluUtilDiar:Sistema:2021-08-01:2021-08-31
2021-08-01,PrecBolsNaci,89.64991999999997,COP/kWh,xm:servapibi,2026-09-22T19:15:39Z,xm/2021/08/PrecBolsNaci_Sistema.2021-08-01.ndjson#PrecBolsNaci:Sistema:2021-08-01:2021-08-31
2021-08-01,PrecEscaAct,829.58862,COP/kWh,xm:servapibi,2026-09-22T19:15:38Z,xm/2021/08/PrecEscaAct_Sistema.2021-08-01.ndjson#PrecEscaAct:Sistema:2021-08-01:2021-08-31
2021-08-01,VoluUtilDiarEner,14469984100,kWh,xm:servapibi,2026-09-22T19:15:30Z,xm/2021/08/VoluUtilDiarEner_Sistema.2021-08-01.ndjson#VoluUtilDiarEner:Sistema:2021-08-01:2021-08-31
2021-08-02,AporEner,185757500,kWh,xm:servapibi,2026-09-22T19:15:32Z,xm/2021/08/AporEner_Sistema.2021-08-01.ndjson#AporEner:Sistema:2021-08-01:2021-08-31
2021-08-02,AporEnerMediHist,189900000,kWh,xm:servapibi,2026-09-22T19:15:34Z,xm/2021/08/AporEnerMediHist_Sistema.2021-08-01.ndjson#AporEnerMediHist:Sistema:2021-08-01:2021-08-31
2021-08-02,CapaUtilDiarEner,16857070974,kWh,xm:servapibi,2026-09-22T19:15:31Z,xm/2021/08/CapaUtilDiarEner_Sistema.2021-08-01.ndjson#CapaUtilDiarEner:Sistema:2021-08-01:2021-08-31
2021-08-02,DemaSIN,206566202.75,kWh,xm:servapibi,2026-09-22T19:15:36Z,xm/2021/08/DemaSIN_Sistema.2021-08-01.ndjson#DemaSIN:Sistema:2021-08-01:2021-08-31
2021-08-02,PorcApor,0.97819,fraction,xm:servapibi,2026-09-22T19:15:35Z,xm/2021/08/PorcApor_Sistema.2021-08-01.ndjson#PorcApor:Sistema:2021-08-01:2021-08-31
2021-08-02,PorcVoluUtilDiar,0.85612,fraction,xm:servapibi,2026-09-22T19:15:28Z,xm/2021/08/PorcVoluUtilDiar_Sistema.2021-08-01.ndjson#PorcVoluUtilDiar:Sistema:2021-08-01:2021-08-31
2021-08-02,PrecBolsNaci,92.74234166666668,COP/kWh,xm:servapibi,2026-09-22T19:15:39Z,xm/2021/08/PrecBolsNaci_Sistema.2021-08-01.ndjson#PrecBolsNaci:Sistema:2021-08-01:2021-08-31
2021-08-02,PrecEscaAct,829.58862,COP/kWh,xm:servapibi,2026-09-22T19:15:38Z,xm/2021/08/PrecEscaAct_Sistema.2021-08-01.ndjson#PrecEscaAct:Sistema:2021-08-01:2021-08-31
2021-08-02,VoluUtilDiarEner,14431618900,kWh,xm:servapibi,2026-09-22T19:15:30Z,xm/2021/08/VoluUtilDiarEner_Sistema.2021-08-01.ndjson#VoluUtilDiarEner:Sistema:2021-08-01:2021-08-31
2021-08-03,AporEner,216041400,kWh,xm:servapibi,2026-09-22T19:15:32Z,xm/2021/08/AporEner_Sistema.2021-08-01.ndjson#AporEner:Sistema:2021-08-01:2021-08-31
2021-08-03,AporEnerMediHist,189900000,kWh,xm:servapibi,2026-09-22T19:15:34Z,xm/2021/08/AporEnerMediHist_Sistema.2021-08-01.ndjson#AporEnerMediHist:Sistema:2021-08-01:2021-08-31
2021-08-03,CapaUtilDiarEner,16857070974,kWh,xm:servapibi,2026-09-22T19:15:31Z,xm/2021/08/CapaUtilDiarEner_Sistema.2021-08-01.ndjson#CapaUtilDiarEner:Sistema:2021-08-01:2021-08-31
2021-08-03,DemaSIN,207611489.23,kWh,xm:servapibi,2026-09-22T19:15:36Z,xm/2021/08/DemaSIN_Sistema.2021-08-01.ndjson#DemaSIN:Sistema:2021-08-01:2021-08-31
2021-08-03,PorcApor,1.13766,fraction,xm:servapibi,2026-09-22T19:15:35Z,xm/2021/08/PorcApor_Sistema.2021-08-01.ndjson#PorcApor:Sistema:2021-08-01:2021-08-31
2021-08-03,PorcVoluUtilDiar,0.85462,fraction,xm:servapibi,2026-09-22T19:15:28Z,xm/2021/08/PorcVoluUtilDiar_Sistema.2021-08-01.ndjson#PorcVoluUtilDiar:Sistema:2021-08-01:2021-08-31
2021-08-03,PrecBolsNaci,103.97083833333335,COP/kWh,xm:servapibi,2026-09-22T19:15:39Z,xm/2021/08/PrecBolsNaci_Sistema.2021-08-01.ndjson#PrecBolsNaci:Sistema:2021-08-01:2021-08-31
2021-08-03,PrecEscaAct,829.58862,COP/kWh,xm:servapibi,2026-09-22T19:15:38Z,xm/2021/08/PrecEscaAct_Sistema.2021-08-01.ndjson#PrecEscaAct:Sistema:2021-08-01:2021-08-31
2021-08-03,VoluUtilDiarEner,14406394300,kWh,xm:servapibi,2026-09-22T19:15:30Z,xm/2021/08/VoluUtilDiarEner_Sistema.2021-08-01.ndjson#VoluUtilDiarEner:Sistema:2021-08-01:2021-08-31
2021-08-04,AporEner,165093600,kWh,xm:servapibi,2026-09-22T19:15:32Z,xm/2021/08/AporEner_Sistema.2021-08-01.ndjson#AporEner:Sistema:2021-08-01:2021-08-31
2021-08-04,AporEnerMediHist,189900000,kWh,xm:servapibi,2026-09-22T19:15:34Z,xm/2021/08/AporEnerMediHist_Sistema.2021-08-01.ndjson#AporEnerMediHist:Sistema:2021-08-01:2021-08-31
2021-08-04,CapaUtilDiarEner,16846698849,kWh,xm:servapibi,2026-09-22T19:15:31Z,xm/2021/08/CapaUtilDiarEner_Sistema.2021-08-01.ndjson#CapaUtilDiarEner:Sistema:2021-08-01:2021-08-31
2021-08-04,DemaSIN,210219696.24,kWh,xm:servapibi,2026-09-22T19:15:36Z,xm/2021/08/DemaSIN_Sistema.2021-08-01.ndjson#DemaSIN:Sistema:2021-08-01:2021-08-31
2021-08-04,PorcApor,0.86937,fraction,xm:servapibi,2026-09-22T19:15:35Z,xm/2021/08/PorcApor_Sistema.2021-08-01.ndjson#PorcApor:Sistema:2021-08-01:2021-08-31
2021-08-04,PorcVoluUtilDiar,0.85241,fraction,xm:servapibi,2026-09-22T19:15:28Z,xm/2021/08/PorcVoluUtilDiar_Sistema.2021-08-01.ndjson#PorcVoluUtilDiar:Sistema:2021-08-01:2021-08-31
2021-08-04,PrecBolsNaci,106.17764,COP/kWh,xm:servapibi,2026-09-22T19:15:39Z,xm/2021/08/PrecBolsNaci_Sistema.2021-08-01.ndjson#PrecBolsNaci:Sistema:2021-08-01:2021-08-31
2021-08-04,PrecEscaAct,829.58862,COP/kWh,xm:servapibi,2026-09-22T19:15:38Z,xm/2021/08/PrecEscaAct_Sistema.2021-08-01.ndjson#PrecEscaAct:Sistema:2021-08-01:2021-08-31
2021-08-04,VoluUtilDiarEner,14360312500,kWh,xm:servapibi,2026-09-22T19:15:30Z,xm/2021/08/VoluUtilDiarEner_Sistema.2021-08-01.ndjson#VoluUtilDiarEner:Sistema:2021-08-01:2021-08-31
2021-08-05,AporEner,147583200,kWh,xm:servapibi,2026-09-22T19:15:32Z,xm/2021/08/AporEner_Sistema.2021-08-01.ndjson#AporEner:Sistema:2021-08-01:2021-08-31
2021-08-05,AporEnerMediHist,189900000,kWh,xm:servapibi,2026-09-22T19:15:34Z,xm/2021/08/AporEnerMediHist_Sistema.2021-08-01.ndjson#AporEnerMediHist:Sistema:2021-08-01:2021-08-31
2021-08-05,CapaUtilDiarEner,16846698849,kWh,xm:servapibi,2026-09-22T19:15:31Z,xm/2021/08/CapaUtilDiarEner_Sistema.2021-08-01.ndjson#CapaUtilDiarEner:Sistema:2021-08-01:2021-08-31
2021-08-05,DemaSIN,214861585.25,kWh,xm:servapibi,2026-09-22T19:15:36Z,xm/2021/08/DemaSIN_Sistema.2021-08-01.ndjson#DemaSIN:Sistema:2021-08-01:2021-08-31
2021-08-05,PorcApor,0.77716,fraction,xm:servapibi,2026-09-22T19:15:35Z,xm/2021/08/PorcApor_Sistema.2021-08-01.ndjson#PorcApor:Sistema:2021-08-01:2021-08-31
2021-08-05,PorcVoluUtilDiar,0.84923,fraction,xm:servapibi,2026-09-22T19:15:28Z,xm/2021/08/PorcVoluUtilDiar_Sistema.2021-08-01.ndjson#PorcVoluUtilDiar:Sistema:2021-08-01:2021-08-31
2021-08-05,PrecBolsNaci,101.06611666666667,COP/kWh,xm:servapibi,2026-09-22T19:15:39Z,xm/2021/08/PrecBolsNaci_Sistema.2021-08-01.ndjson#PrecBolsNaci:Sistema:2021-08-01:2021-08-31
2021-08-05,PrecEscaAct,829.58862,COP/kWh,xm:servapibi,2026-09-22T19:15:38Z,xm/2021/08/PrecEscaAct_Sistema.2021-08-01.ndjson#PrecEscaAct:Sistema:2021-08-01:2021-08-31
2021-08-05,VoluUtilDiarEner,14306713400,kWh,xm:servapibi,2026-09-22T19:15:30Z,xm/2021/08/VoluUtilDiarEner_Sistema.2021-08-01.ndjson#VoluUtilDiarEner:Sistema:2021-08-01:2021-08-31
2021-08-06,AporEner,142773000,kWh,xm:servapibi,2026-09-22T19:15:32Z,xm/2021/08/AporEner_Sistema.2021-08-01.ndjson#AporEner:Sistema:2021-08-01:2021-08-31
2021-08-06,AporEnerMediHist,189900000,kWh,xm:servapibi,2026-09-22T19:15:34Z,xm/2021/08/AporEnerMediHist_Sistema.2021-08-01.ndjson#AporEnerMediHist:Sistema:2021-08-01:2021-08-31
2021-08-06,CapaUtilDiarEner,16846698849,kWh,xm:servapibi,2026-09-22T19:15:31Z,xm/2021/08/CapaUtilDiarEner_Sistema.2021-08-01.ndjson#CapaUtilDiarEner:Sistema:2021-08-01:2021-08-31
2021-08-06,DemaSIN,214795441.69,kWh,xm:servapibi,2026-09-22T19:15:36Z,xm/2021/08/DemaSIN_Sistema.2021-08-01.ndjson#DemaSIN:Sistema:2021-08-01:2021-08-31
2021-08-06,PorcApor,0.75183,fraction,xm:servapibi,2026-09-22T19:15:35Z,xm/2021/08/PorcApor_Sistema.2021-08-01.ndjson#PorcApor:Sistema:2021-08-01:2021-08-31
2021-08-06,PorcVoluUtilDiar,0.84546,fraction,xm:servapibi,2026-09-22T19:15:28Z,xm/2021/08/PorcVoluUtilDiar_Sistema.2021-08-01.ndjson#PorcVoluUtilDiar:Sistema:2021-08-01:2021-08-31
2021-08-06,PrecBolsNaci,92.69475333333332,COP/kWh,xm:servapibi,2026-09-22T19:15:39Z,xm/2021/08/PrecBolsNaci_Sistema.2021-08-01.ndjson#PrecBolsNaci:Sistema:2021-08-01:2021-08-31
2021-08-06,PrecEscaAct,829.58862,COP/kWh,xm:servapibi,2026-09-22T19:15:38Z,xm/2021/08/PrecEscaAct_Sistema.2021-08-01.ndjson#PrecEscaAct:Sistema:2021-08-01:2021-08-31
2021-08-06,VoluUtilDiarEner,14243141500,kWh,xm:servapibi,2026-09-22T19:15:30Z,xm/2021/08/VoluUtilDiarEner_Sistema.2021-08-01.ndjson#VoluUtilDiarEner:Sistema:2021-08-01:2021-08-31
2021-08-07,AporEner,131220400,kWh,xm:servapibi,2026-09-22T19:15:32Z,xm/2021/08/AporEner_Sistema.2021-08-01.ndjson#AporEner:Sistema:2021-08-01:2021-08-31
2021-08-07,AporEnerMediHist,189900000,kWh,xm:servapibi,2026-09-22T19:15:34Z,xm/2021/08/AporEnerMediHist_Sistema.2021-08-01.ndjson#AporEnerMediHist:Sistema:2021-08-01:2021-08-31
2021-08-07,CapaUtilDiarEner,16846698849,kWh,xm:servapibi,2026-09-22T19:15:31Z,xm/2021/08/CapaUtilDiarEner_Sistema.2021-08-01.ndjson#CapaUtilDiarEner:Sistema:2021-08-01:2021-08-31
2021-08-07,DemaSIN,198132492.58,kWh,xm:servapibi,2026-09-22T19:15:36Z,xm/2021/08/DemaSIN_Sistema.2021-08-01.ndjson#DemaSIN:Sistema:2021-08-01:2021-08-31
2021-08-07,PorcApor,0.691,fraction,xm:servapibi,2026-09-22T19:15:35Z,xm/2021/08/PorcApor_Sistema.2021-08-01.ndjson#PorcApor:Sistema:2021-08-01:2021-08-31
2021-08-07,PorcVoluUtilDiar,0.84283,fraction,xm:servapibi,2026-09-22T19:15:28Z,xm/2021/08/PorcVoluUtilDiar_Sistema.2021-08-01.ndjson#PorcVoluUtilDiar:Sistema:2021-08-01:2021-08-31
2021-08-07,PrecBolsNaci,91.87160833333336,COP/kWh,xm:servapibi,2026-09-22T19:15:39Z,xm/2021/08/PrecBolsNaci_Sistema.2021-08-01.ndjson#PrecBolsNaci:Sistema:2021-08-01:2021-08-31
2021-08-07,PrecEscaAct,829.58862,COP/kWh,xm:servapibi,2026-09-22T19:15:38Z,xm/2021/08/PrecEscaAct_Sistema.2021-08-01.ndjson#PrecEscaAct:Sistema:2021-08-01:2021-08-31
2021-08-07,VoluUtilDiarEner,14198925300,kWh,xm:servapibi,2026-09-22T19:15:30Z,xm/2021/08/VoluUtilDiarEner_Sistema.2021-08-01.ndjson#VoluUtilDiarEner:Sistema:2021-08-01:2021-08-31
2021-08-08,AporEner,135398700,kWh,xm:servapibi,2026-09-22T19:15:32Z,xm/2021/08/AporEner_Sistema.2021-08-01.ndjson#AporEner:Sistema:2021-08-01:2021-08-31
2021-08-08,AporEnerMediHist,189900000,kWh,xm:servapibi,2026-09-22T19:15:34Z,xm/2021/08/AporEnerMediHist_Sistema.2021-08-01.ndjson#AporEnerMediHist:Sistema:2021-08-01:2021-08-31
2021-08-08,CapaUtilDiarEner,16846698849,kWh,xm:servapibi,2026-09-22T19:15:31Z,xm/2021/08/CapaUtilDiarEner_Sistema.2021-08-01.ndjson#CapaUtilDiarEner:Sistema:2021-08-01:2021-08-31
2021-08-08,DemaSIN,186927270.49,kWh,xm:servapibi,2026-09-22T19:15:36Z,xm/2021/08/DemaSIN_Sistema.2021-08-01.ndjson#DemaSIN:Sistema:2021-08-01:2021-08-31
2021-08-08,PorcApor,0.713,fraction,xm:servapibi,2026-09-22T19:15:35Z,xm/2021/08/PorcApor_Sistema.2021-08-01.ndjson#PorcApor:Sistema:2021-08-01:2021-08-31
2021-08-08,PorcVoluUtilDiar,0.84155,fraction,xm:servapibi,2026-09-22T19:15:28Z,xm/2021/08/PorcVoluUtilDiar_Sistema.2021-08-01.ndjson#PorcVoluUtilDiar:Sistema:2021-08-01:2021-08-31
2021-08-08,PrecBolsNaci,90.6750033333333,COP/kWh,xm:servapibi,2026-09-22T19:15:39Z,xm/2021/08/PrecBolsNaci_Sistema.2021-08-01.ndjson#PrecBolsNaci:Sistema:2021-08-01:2021-08-31
2021-08-08,PrecEscaAct,829.58862,COP/kWh,xm:servapibi,2026-09-22T19:15:38Z,xm/2021/08/PrecEscaAct_Sistema.2021-08-01.ndjson#PrecEscaAct:Sistema:2021-08-01:2021-08-31
2021-08-08,VoluUtilDiarEner,14177291200,kWh,xm:servapibi,2026-09-22T19:15:30Z,xm/2021/08/VoluUtilDiarEner_Sistema.2021-08-01.ndjson#VoluUtilDiarEner:Sistema:2021-08-01:2021-08-31
2021-08-09,AporEner,158552700,kWh,xm:servapibi,2026-09-22T19:15:32Z,xm/2021/08/AporEner_Sistema.2021-08-01.ndjson#AporEner:Sistema:2021-08-01:2021-08-31
2021-08-09,AporEnerMediHist,189900000,kWh,xm:servapibi,2026-09-22T19:15:34Z,xm/2021/08/AporEnerMediHist_Sistema.2021-08-01.ndjson#AporEnerMediHist:Sistema:2021-08-01:2021-08-31
2021-08-09,CapaUtilDiarEner,16846698849,kWh,xm:servapibi,2026-09-22T19:15:31Z,xm/2021/08/CapaUtilDiarEner_Sistema.2021-08-01.ndjson#CapaUtilDiarEner:Sistema:2021-08-01:2021-08-31
2021-08-09,DemaSIN,212705024.13,kWh,xm:servapibi,2026-09-22T19:15:36Z,xm/2021/08/DemaSIN_Sistema.2021-08-01.ndjson#DemaSIN:Sistema:2021-08-01:2021-08-31
2021-08-09,PorcApor,0.83493,fraction,xm:servapibi,2026-09-22T19:15:35Z,xm/2021/08/PorcApor_Sistema.2021-08-01.ndjson#PorcApor:Sistema:2021-08-01:2021-08-31
2021-08-09,PorcVoluUtilDiar,0.83925,fraction,xm:servapibi,2026-09-22T19:15:28Z,xm/2021/08/PorcVoluUtilDiar_Sistema.2021-08-01.ndjson#PorcVoluUtilDiar:Sistema:2021-08-01:2021-08-31
2021-08-09,PrecBolsNaci,90.49592999999997,COP/kWh,xm:servapibi,2026-09-22T19:15:39Z,xm/2021/08/PrecBolsNaci_Sistema.2021-08-01.ndjson#PrecBolsNaci:Sistema:2021-08-01:2021-08-31
2021-08-09,PrecEscaAct,829.58862,COP/kWh,xm:servapibi,2026-09-22T19:15:38Z,xm/2021/08/PrecEscaAct_Sistema.2021-08-01.ndjson#PrecEscaAct:Sistema:2021-08-01:2021-08-31
2021-08-09,VoluUtilDiarEner,14138586000,kWh,xm:servapibi,2026-09-22T19:15:30Z,xm/2021/08/VoluUtilDiarEner_Sistema.2021-08-01.ndjson#VoluUtilDiarEner:Sistema:2021-08-01:2021-08-31
2021-08-10,AporEner,265655200,kWh,xm:servapibi,2026-09-22T19:15:32Z,xm/2021/08/AporEner_Sistema.2021-08-01.ndjson#AporEner:Sistema:2021-08-01:2021-08-31
2021-08-10,AporEnerMediHist,189900000,kWh,xm:servapibi,2026-09-22T19:15:34Z,xm/2021/08/AporEnerMediHist_Sistema.2021-08-01.ndjson#AporEnerMediHist:Sistema:2021-08-01:2021-08-31
2021-08-10,CapaUtilDiarEner,16846698849,kWh,xm:servapibi,2026-09-22T19:15:31Z,xm/2021/08/CapaUtilDiarEner_Sistema.2021-08-01.ndjson#CapaUtilDiarEner:Sistema:2021-08-01:2021-08-31
2021-08-10,DemaSIN,214550528.22,kWh,xm:servapibi,2026-09-22T19:15:36Z,xm/2021/08/DemaSIN_Sistema.2021-08-01.ndjson#DemaSIN:Sistema:2021-08-01:2021-08-31
2021-08-10,PorcApor,1.39892,fraction,xm:servapibi,2026-09-22T19:15:35Z,xm/2021/08/PorcApor_Sistema.2021-08-01.ndjson#PorcApor:Sistema:2021-08-01:2021-08-31
2021-08-10,PorcVoluUtilDiar,0.84259,fraction,xm:servapibi,2026-09-22T19:15:28Z,xm/2021/08/PorcVoluUtilDiar_Sistema.2021-08-01.ndjson#PorcVoluUtilDiar:Sistema:2021-08-01:2021-08-31
2021-08-10,PrecBolsNaci,110.15290666666664,COP/kWh,xm:servapibi,2026-09-22T19:15:39Z,xm/2021/08/PrecBolsNaci_Sistema.2021-08-01.ndjson#PrecBolsNaci:Sistema:2021-08-01:2021-08-31
2021-08-10,PrecEscaAct,829.58862,COP/kWh,xm:servapibi,2026-09-22T19:15:38Z,xm/2021/08/PrecEscaAct_Sistema.2021-08-01.ndjson#PrecEscaAct:Sistema:2021-08-01:2021-08-31
2021-08-10,VoluUtilDiarEner,14194879100,kWh,xm:servapibi,2026-09-22T19:15:30Z,xm/2021/08/VoluUtilDiarEner_Sistema.2021-08-01.ndjson#VoluUtilDiarEner:Sistema:2021-08-01:2021-08-31
2021-08-11,AporEner,220418300,kWh,xm:servapibi,2026-09-22T19:15:32Z,xm/2021/08/AporEner_Sistema.2021-08-01.ndjson#AporEner:Sistema:2021-08-01:2021-08-31
2021-08-11,AporEnerMediHist,189900000,kWh,xm:servapibi,2026-09-22T19:15:34Z,xm/2021/08/AporEnerMediHist_Sistema.2021-08-01.ndjson#AporEnerMediHist:Sistema:2021-08-01:2021-08-31
2021-08-11,CapaUtilDiarEner,16846698849,kWh,xm:servapibi,2026-09-22T19:15:31Z,xm/2021/08/CapaUtilDiarEner_Sistema.2021-08-01.ndjson#CapaUtilDiarEner:Sistema:2021-08-01:2021-08-31
2021-08-11,DemaSIN,214217646.92,kWh,xm:servapibi,2026-09-22T19:15:36Z,xm/2021/08/DemaSIN_Sistema.2021-08-01.ndjson#DemaSIN:Sistema:2021-08-01:2021-08-31
2021-08-11,PorcApor,1.16071,fraction,xm:servapibi,2026-09-22T19:15:35Z,xm/2021/08/PorcApor_Sistema.2021-08-01.ndjson#PorcApor:Sistema:2021-08-01:2021-08-31
2021-08-11,PorcVoluUtilDiar,0.84314,fraction,xm:servapibi,2026-09-22T19:15:28Z,xm/2021/08/PorcVoluUtilDiar_Sistema.2021-08-01.ndjson#PorcVoluUtilDiar:Sistema:2021-08-01:2021-08-31
2021-08-11,PrecBolsNaci,106.38493833333327,COP/kWh,xm:servapibi,2026-09-22T19:15:39Z,xm/2021/08/PrecBolsNaci_Sistema.2021-08-01.ndjson#PrecBolsNaci:Sistema:2021-08-01:2021-08-31
2021-08-11,PrecEscaAct,829.58862,COP/kWh,xm:servapibi,2026-09-22T19:15:38Z,xm/2021/08/PrecEscaAct_Sistema.2021-08-01.ndjson#PrecEscaAct:Sistema:2021-08-01:2021-08-31
2021-08-11,VoluUtilDiarEner,14204188700,kWh,xm:servapibi,2026-09-22T19:15:30Z,xm/2021/08/VoluUtilDiarEner_Sistema.2021-08-01.ndjson#VoluUtilDiarEner:Sistema:2021-08-01:2021-08-31
2021-08-12,AporEner,242486500,kWh,xm:servapibi,2026-09-22T19:15:32Z,xm/2021/08/AporEner_Sistema.2021-08-01.ndjson#AporEner:Sistema:2021-08-01:2021-08-31
2021-08-12,AporEnerMediHist,189900000,kWh,xm:servapibi,2026-09-22T19:15:34Z,xm/2021/08/AporEnerMediHist_Sistema.2021-08-01.ndjson#AporEnerMediHist:Sistema:2021-08-01:2021-08-31
2021-08-12,CapaUtilDiarEner,16846698849,kWh,xm:servapibi,2026-09-22T19:15:31Z,xm/2021/08/CapaUtilDiarEner_Sistema.2021-08-01.ndjson#CapaUtilDiarEner:Sistema:2021-08-01:2021-08-31
2021-08-12,DemaSIN,213862621.21,kWh,xm:servapibi,2026-09-22T19:15:36Z,xm/2021/08/DemaSIN_Sistema.2021-08-01.ndjson#DemaSIN:Sistema:2021-08-01:2021-08-31
2021-08-12,PorcApor,1.27692,fraction,xm:servapibi,2026-09-22T19:15:35Z,xm/2021/08/PorcApor_Sistema.2021-08-01.ndjson#PorcApor:Sistema:2021-08-01:2021-08-31
2021-08-12,PorcVoluUtilDiar,0.84741,fraction,xm:servapibi,2026-09-22T19:15:28Z,xm/2021/08/PorcVoluUtilDiar_Sistema.2021-08-01.ndjson#PorcVoluUtilDiar:Sistema:2021-08-01:2021-08-31
2021-08-12,PrecBolsNaci,100.28742000000001,COP/kWh,xm:servapibi,2026-09-22T19:15:39Z,xm/2021/08/PrecBolsNaci_Sistema.2021-08-01.ndjson#PrecBolsNaci:Sistema:2021-08-01:2021-08-31
2021-08-12,PrecEscaAct,829.58862,COP/kWh,xm:servapibi,2026-09-22T19:15:38Z,xm/2021/08/PrecEscaAct_Sistema.2021-08-01.ndjson#PrecEscaAct:Sistema:2021-08-01:2021-08-31
2021-08-12,VoluUtilDiarEner,14276076700,kWh,xm:servapibi,2026-09-22T19:15:30Z,xm/2021/08/VoluUtilDiarEner_Sistema.2021-08-01.ndjson#VoluUtilDiarEner:Sistema:2021-08-01:2021-08-31
2021-08-13,AporEner,274388500,kWh,xm:servapibi,2026-09-22T19:15:32Z,xm/2021/08/AporEner_Sistema.2021-08-01.ndjson#AporEner:Sistema:2021-08-01:2021-08-31
2021-08-13,AporEnerMediHist,189900000,kWh,xm:servapibi,2026-09-22T19:15:34Z,xm/2021/08/AporEnerMediHist_Sistema.2021-08-01.ndjson#AporEnerMediHist:Sistema:2021-08-01:2021-08-31
2021-08-13,CapaUtilDiarEner,16842734346,kWh,xm:servapibi,2026-09-22T19:15:31Z,xm/2021/08/CapaUtilDiarEner_Sistema.2021-08-01.ndjson#CapaUtilDiarEner:Sistema:2021-08-01:2021-08-31
2021-08-13,DemaSIN,213737382,kWh,xm:servapibi,2026-09-22T19:15:36Z,xm/2021/08/DemaSIN_Sistema.2021-08-01.ndjson#DemaSIN:Sistema:2021-08-01:2021-08-31
2021-08-13,PorcApor,1.44491,fraction,xm:servapibi,2026-09-22T19:15:35Z,xm/2021/08/PorcApor_Sistema.2021-08-01.ndjson#PorcApor:Sistema:2021-08-01:2021-08-31
2021-08-13,PorcVoluUtilDiar,0.85153,fraction,xm:servapibi,2026-09-22T19:15:28Z,xm/2021/08/PorcVoluUtilDiar_Sistema.2021-08-01.ndjson#PorcVoluUtilDiar:Sistema:2021-08-01:2021-08-31
2021-08-13,PrecBolsNaci,92.06905000000002,COP/kWh,xm:servapibi,2026-09-22T19:15:39Z,xm/2021/08/PrecBolsNaci_Sistema.2021-08-01.ndjson#PrecBolsNaci:Sistema:2021-08-01:2021-08-31
2021-08-13,PrecEscaAct,829.58862,COP/kWh,xm:servapibi,2026-09-22T19:15:38Z,xm/2021/08/PrecEscaAct_Sistema.2021-08-01.ndjson#PrecEscaAct:Sistema:2021-08-01:2021-08-31
2021-08-13,VoluUtilDiarEner,14342053800,kWh,xm:servapibi,2026-09-22T19:15:30Z,xm/2021/08/VoluUtilDiarEner_Sistema.2021-08-01.ndjson#VoluUtilDiarEner:Sistema:2021-08-01:2021-08-31
2021-08-14,AporEner,264914100,kWh,xm:servapibi,2026-09-22T19:15:32Z,xm/2021/08/AporEner_Sistema.2021-08-01.ndjson#AporEner:Sistema:2021-08-01:2021-08-31
2021-08-14,AporEnerMediHist,189900000,kWh,xm:servapibi,2026-09-22T19:15:34Z,xm/2021/08/AporEnerMediHist_Sistema.2021-08-01.ndjson#AporEnerMediHist:Sistema:2021-08-01:2021-08-31
2021-08-14,CapaUtilDiarEner,16842734346,kWh,xm:servapibi,2026-09-22T19:15:31Z,xm/2021/08/CapaUtilDiarEner_Sistema.2021-08-01.ndjson#CapaUtilDiarEner:Sistema:2021-08-01:2021-08-31
2021-08-14,DemaSIN,203348654.75,kWh,xm:servapibi,2026-09-22T19:15:36Z,xm/2021/08/DemaSIN_Sistema.2021-08-01.ndjson#DemaSIN:Sistema:2021-08-01:2021-08-31
2021-08-14,PorcApor,1.39502,fraction,xm:servapibi,2026-09-22T19:15:35Z,xm/2021/08/PorcApor_Sistema.2021-08-01.ndjson#PorcApor:Sistema:2021-08-01:2021-08-31
2021-08-14,PorcVoluUtilDiar,0.85588,fraction,xm:servapibi,2026-09-22T19:15:28Z,xm/2021/08/PorcVoluUtilDiar_Sistema.2021-08-01.ndjson#PorcVoluUtilDiar:Sistema:2021-08-01:2021-08-31
2021-08-14,PrecBolsNaci,92.11482166666666,COP/kWh,xm:servapibi,2026-09-22T19:15:39Z,xm/2021/08/PrecBolsNaci_Sistema.2021-08-01.ndjson#PrecBolsNaci:Sistema:2021-08-01:2021-08-31
2021-08-14,PrecEscaAct,829.58862,COP/kWh,xm:servapibi,2026-09-22T19:15:38Z,xm/2021/08/PrecEscaAct_Sistema.2021-08-01.ndjson#PrecEscaAct:Sistema:2021-08-01:2021-08-31
2021-08-14,VoluUtilDiarEner,14415398100,kWh,xm:servapibi,2026-09-22T19:15:30Z,xm/2021/08/VoluUtilDiarEner_Sistema.2021-08-01.ndjson#VoluUtilDiarEner:Sistema:2021-08-01:2021-08-31
2021-08-15,AporEner,275841900,kWh,xm:servapibi,2026-09-22T19:15:32Z,xm/2021/08/AporEner_Sistema.2021-08-01.ndjson#AporEner:Sistema:2021-08-01:2021-08-31
2021-08-15,AporEnerMediHist,189900000,kWh,xm:servapibi,2026-09-22T19:15:34Z,xm/2021/08/AporEnerMediHist_Sistema.2021-08-01.ndjson#AporEnerMediHist:Sistema:2021-08-01:2021-08-31
2021-08-15,CapaUtilDiarEner,16842734346,kWh,xm:servapibi,2026-09-22T19:15:31Z,xm/2021/08/CapaUtilDiarEner_Sistema.2021-08-01.ndjson#CapaUtilDiarEner:Sistema:2021-08-01:2021-08-31
2021-08-15,DemaSIN,181673831.07,kWh,xm:servapibi,2026-09-22T19:15:36Z,xm/2021/08/DemaSIN_Sistema.2021-08-01.ndjson#DemaSIN:Sistema:2021-08-01:2021-08-31
2021-08-15,PorcApor,1.45256,fraction,xm:servapibi,2026-09-22T19:15:35Z,xm/2021/08/PorcApor_Sistema.2021-08-01.ndjson#PorcApor:Sistema:2021-08-01:2021-08-31
2021-08-15,PorcVoluUtilDiar,0.86021,fraction,xm:servapibi,2026-09-22T19:15:28Z,xm/2021/08/PorcVoluUtilDiar_Sistema.2021-08-01.ndjson#PorcVoluUtilDiar:Sistema:2021-08-01:2021-08-31
2021-08-15,PrecBolsNaci,92.31334666666667,COP/kWh,xm:servapibi,2026-09-22T19:15:39Z,xm/2021/08/PrecBolsNaci_Sistema.2021-08-01.ndjson#PrecBolsNaci:Sistema:2021-08-01:2021-08-31
2021-08-15,PrecEscaAct,829.58862,COP/kWh,xm:servapibi,2026-09-22T19:15:38Z,xm/2021/08/PrecEscaAct_Sistema.2021-08-01.ndjson#PrecEscaAct:Sistema:2021-08-01:2021-08-31
2021-08-15,VoluUtilDiarEner,14488230000,kWh,xm:servapibi,2026-09-22T19:15:30Z,xm/2021/08/VoluUtilDiarEner_Sistema.2021-08-01.ndjson#VoluUtilDiarEner:Sistema:2021-08-01:2021-08-31
2021-08-16,AporEner,242812500,kWh,xm:servapibi,2026-09-22T19:15:32Z,xm/2021/08/AporEner_Sistema.2021-08-01.ndjson#AporEner:Sistema:2021-08-01:2021-08-31
2021-08-16,AporEnerMediHist,189900000,kWh,xm:servapibi,2026-09-22T19:15:34Z,xm/2021/08/AporEnerMediHist_Sistema.2021-08-01.ndjson#AporEnerMediHist:Sistema:2021-08-01:2021-08-31
2021-08-16,CapaUtilDiarEner,16842734346,kWh,xm:servapibi,2026-09-22T19:15:31Z,xm/2021/08/CapaUtilDiarEner_Sistema.2021-08-01.ndjson#CapaUtilDiarEner:Sistema:2021-08-01:2021-08-31
2021-08-16,DemaSIN,185973634.07,kWh,xm:servapibi,2026-09-22T19:15:36Z,xm/2021/08/DemaSIN_Sistema.2021-08-01.ndjson#DemaSIN:Sistema:2021-08-01:2021-08-31
2021-08-16,PorcApor,1.27863,fraction,xm:servapibi,2026-09-22T19:15:35Z,xm/2021/08/PorcApor_Sistema.2021-08-01.ndjson#PorcApor:Sistema:2021-08-01:2021-08-31
2021-08-16,PorcVoluUtilDiar,0.86145,fraction,xm:servapibi,2026-09-22T19:15:28Z,xm/2021/08/PorcVoluUtilDiar_Sistema.2021-08-01.ndjson#PorcVoluUtilDiar:Sistema:2021-08-01:2021-08-31
2021-08-16,PrecBolsNaci,88.46408166666667,COP/kWh,xm:servapibi,2026-09-22T19:15:39Z,xm/2021/08/PrecBolsNaci_Sistema.2021-08-01.ndjson#PrecBolsNaci:Sistema:2021-08-01:2021-08-31
2021-08-16,PrecEscaAct,829.58862,COP/kWh,xm:servapibi,2026-09-22T19:15:38Z,xm/2021/08/PrecEscaAct_Sistema.2021-08-01.ndjson#PrecEscaAct:Sistema:2021-08-01:2021-08-31
2021-08-16,VoluUtilDiarEner,14509121000,kWh,xm:servapibi,2026-09-22T19:15:30Z,xm/2021/08/VoluUtilDiarEner_Sistema.2021-08-01.ndjson#VoluUtilDiarEner:Sistema:2021-08-01:2021-08-31
2021-08-17,AporEner,372379600,kWh,xm:servapibi,2026-09-22T19:15:32Z,xm/2021/08/AporEner_Sistema.2021-08-01.ndjson#AporEner:Sistema:2021-08-01:2021-08-31
2021-08-17,AporEnerMediHist,189900000,kWh,xm:servapibi,2026-09-22T19:15:34Z,xm/2021/08/AporEnerMediHist_Sistema.2021-08-01.ndjson#AporEnerMediHist:Sistema:2021-08-01:2021-08-31
2021-08-17,CapaUtilDiarEner,16842734346,kWh,xm:servapibi,2026-09-22T19:15:31Z,xm/2021/08/CapaUtilDiarEner_Sistema.2021-08-01.ndjson#CapaUtilDiarEner:Sistema:2021-08-01:2021-08-31
2021-08-17,DemaSIN,205388357.92,kWh,xm:servapibi,2026-09-22T19:15:36Z,xm/2021/08/DemaSIN_Sistema.2021-08-01.ndjson#DemaSIN:Sistema:2021-08-01:2021-08-31
2021-08-17,PorcApor,1.96092,fraction,xm:servapibi,2026-09-22T19:15:35Z,xm/2021/08/PorcApor_Sistema.2021-08-01.ndjson#PorcApor:Sistema:2021-08-01:2021-08-31
2021-08-17,PorcVoluUtilDiar,0.86657,fraction,xm:servapibi,2026-09-22T19:15:28Z,xm/2021/08/PorcVoluUtilDiar_Sistema.2021-08-01.ndjson#PorcVoluUtilDiar:Sistema:2021-08-01:2021-08-31
2021-08-17,PrecBolsNaci,92.13649500000001,COP/kWh,xm:servapibi,2026-09-22T19:15:39Z,xm/2021/08/PrecBolsNaci_Sistema.2021-08-01.ndjson#PrecBolsNaci:Sistema:2021-08-01:2021-08-31
2021-08-17,PrecEscaAct,829.58862,COP/kWh,xm:servapibi,2026-09-22T19:15:38Z,xm/2021/08/PrecEscaAct_Sistema.2021-08-01.ndjson#PrecEscaAct:Sistema:2021-08-01:2021-08-31
2021-08-17,VoluUtilDiarEner,14595334100,kWh,xm:servapibi,2026-09-22T19:15:30Z,xm/2021/08/VoluUtilDiarEner_Sistema.2021-08-01.ndjson#VoluUtilDiarEner:Sistema:2021-08-01:2021-08-31
2021-08-18,AporEner,279113500,kWh,xm:servapibi,2026-09-22T19:15:32Z,xm/2021/08/AporEner_Sistema.2021-08-01.ndjson#AporEner:Sistema:2021-08-01:2021-08-31
2021-08-18,AporEnerMediHist,189900000,kWh,xm:servapibi,2026-09-22T19:15:34Z,xm/2021/08/AporEnerMediHist_Sistema.2021-08-01.ndjson#AporEnerMediHist:Sistema:2021-08-01:2021-08-31
2021-08-18,CapaUtilDiarEner,16842734346,kWh,xm:servapibi,2026-09-22T19:15:31Z,xm/2021/08/CapaUtilDiarEner_Sistema.2021-08-01.ndjson#CapaUtilDiarEner:Sistema:2021-08-01:2021-08-31
2021-08-18,DemaSIN,210428961.75,kWh,xm:servapibi,2026-09-22T19:15:36Z,xm/2021/08/DemaSIN_Sistema.2021-08-01.ndjson#DemaSIN:Sistema:2021-08-01:2021-08-31
2021-08-18,PorcApor,1.46979,fraction,xm:servapibi,2026-09-22T19:15:35Z,xm/2021/08/PorcApor_Sistema.2021-08-01.ndjson#PorcApor:Sistema:2021-08-01:2021-08-31
2021-08-18,PorcVoluUtilDiar,0.86795,fraction,xm:servapibi,2026-09-22T19:15:28Z,xm/2021/08/PorcVoluUtilDiar_Sistema.2021-08-01.ndjson#PorcVoluUtilDiar:Sistema:2021-08-01:2021-08-31
2021-08-18,PrecBolsNaci,93.87907666666665,COP/kWh,xm:servapibi,2026-09-22T19:15:39Z,xm/2021/08/PrecBolsNaci_Sistema.2021-08-01.ndjson#PrecBolsNaci:Sistema:2021-08-01:2021-08-31
2021-08-18,PrecEscaAct,829.58862,COP/kWh,xm:servapibi,2026-09-22T19:15:38Z,xm/2021/08/PrecEscaAct_Sistema.2021-08-01.ndjson#PrecEscaAct:Sistema:2021-08-01:2021-08-31
2021-08-18,VoluUtilDiarEner,14618568100,kWh,xm:servapibi,2026-09-22T19:15:30Z,xm/2021/08/VoluUtilDiarEner_Sistema.2021-08-01.ndjson#VoluUtilDiarEner:Sistema:2021-08-01:2021-08-31
2021-08-19,AporEner,260574900,kWh,xm:servapibi,2026-09-22T19:15:32Z,xm/2021/08/AporEner_Sistema.2021-08-01.ndjson#AporEner:Sistema:2021-08-01:2021-08-31
2021-08-19,AporEnerMediHist,189900000,kWh,xm:servapibi,2026-09-22T19:15:34Z,xm/2021/08/AporEnerMediHist_Sistema.2021-08-01.ndjson#AporEnerMediHist:Sistema:2021-08-01:2021-08-31
2021-08-19,CapaUtilDiarEner,16842734346,kWh,xm:servapibi,2026-09-22T19:15:31Z,xm/2021/08/CapaUtilDiarEner_Sistema.2021-08-01.ndjson#CapaUtilDiarEner:Sistema:2021-08-01:2021-08-31
2021-08-19,DemaSIN,210882429,kWh,xm:servapibi,2026-09-22T19:15:36Z,xm/2021/08/DemaSIN_Sistema.2021-08-01.ndjson#DemaSIN:Sistema:2021-08-01:2021-08-31
2021-08-19,PorcApor,1.37217,fraction,xm:servapibi,2026-09-22T19:15:35Z,xm/2021/08/PorcApor_Sistema.2021-08-01.ndjson#PorcApor:Sistema:2021-08-01:2021-08-31
2021-08-19,PorcVoluUtilDiar,0.86859,fraction,xm:servapibi,2026-09-22T19:15:28Z,xm/2021/08/PorcVoluUtilDiar_Sistema.2021-08-01.ndjson#PorcVoluUtilDiar:Sistema:2021-08-01:2021-08-31
2021-08-19,PrecBolsNaci,93.46266333333335,COP/kWh,xm:servapibi,2026-09-22T19:15:39Z,xm/2021/08/PrecBolsNaci_Sistema.2021-08-01.ndjson#PrecBolsNaci:Sistema:2021-08-01:2021-08-31
2021-08-19,PrecEscaAct,829.58862,COP/kWh,xm:servapibi,2026-09-22T19:15:38Z,xm/2021/08/PrecEscaAct_Sistema.2021-08-01.ndjson#PrecEscaAct:Sistema:2021-08-01:2021-08-31
2021-08-19,VoluUtilDiarEner,14629425700,kWh,xm:servapibi,2026-09-22T19:15:30Z,xm/2021/08/VoluUtilDiarEner_Sistema.2021-08-01.ndjson#VoluUtilDiarEner:Sistema:2021-08-01:2021-08-31
2021-08-20,AporEner,270091400,kWh,xm:servapibi,2026-09-22T19:15:32Z,xm/2021/08/AporEner_Sistema.2021-08-01.ndjson#AporEner:Sistema:2021-08-01:2021-08-31
2021-08-20,AporEnerMediHist,189900000,kWh,xm:servapibi,2026-09-22T19:15:34Z,xm/2021/08/AporEnerMediHist_Sistema.2021-08-01.ndjson#AporEnerMediHist:Sistema:2021-08-01:2021-08-31
2021-08-20,CapaUtilDiarEner,16842734346,kWh,xm:servapibi,2026-09-22T19:15:31Z,xm/2021/08/CapaUtilDiarEner_Sistema.2021-08-01.ndjson#CapaUtilDiarEner:Sistema:2021-08-01:2021-08-31
2021-08-20,DemaSIN,209005486.07,kWh,xm:servapibi,2026-09-22T19:15:36Z,xm/2021/08/DemaSIN_Sistema.2021-08-01.ndjson#DemaSIN:Sistema:2021-08-01:2021-08-31
2021-08-20,PorcApor,1.42228,fraction,xm:servapibi,2026-09-22T19:15:35Z,xm/2021/08/PorcApor_Sistema.2021-08-01.ndjson#PorcApor:Sistema:2021-08-01:2021-08-31
2021-08-20,PorcVoluUtilDiar,0.86949,fraction,xm:servapibi,2026-09-22T19:15:28Z,xm/2021/08/PorcVoluUtilDiar_Sistema.2021-08-01.ndjson#PorcVoluUtilDiar:Sistema:2021-08-01:2021-08-31
2021-08-20,PrecBolsNaci,92.070925,COP/kWh,xm:servapibi,2026-09-22T19:15:39Z,xm/2021/08/PrecBolsNaci_Sistema.2021-08-01.ndjson#PrecBolsNaci:Sistema:2021-08-01:2021-08-31
2021-08-20,PrecEscaAct,829.58862,COP/kWh,xm:servapibi,2026-09-22T19:15:38Z,xm/2021/08/PrecEscaAct_Sistema.2021-08-01.ndjson#PrecEscaAct:Sistema:2021-08-01:2021-08-31
2021-08-20,VoluUtilDiarEner,14644645100,kWh,xm:servapibi,2026-09-22T19:15:30Z,xm/2021/08/VoluUtilDiarEner_Sistema.2021-08-01.ndjson#VoluUtilDiarEner:Sistema:2021-08-01:2021-08-31
2021-08-21,AporEner,224470000,kWh,xm:servapibi,2026-09-22T19:15:32Z,xm/2021/08/AporEner_Sistema.2021-08-01.ndjson#AporEner:Sistema:2021-08-01:2021-08-31
2021-08-21,AporEnerMediHist,189900000,kWh,xm:servapibi,2026-09-22T19:15:34Z,xm/2021/08/AporEnerMediHist_Sistema.2021-08-01.ndjson#AporEnerMediHist:Sistema:2021-08-01:2021-08-31
2021-08-21,CapaUtilDiarEner,16842734346,kWh,xm:servapibi,2026-09-22T19:15:31Z,xm/2021/08/CapaUtilDiarEner_Sistema.2021-08-01.ndjson#CapaUtilDiarEner:Sistema:2021-08-01:2021-08-31
2021-08-21,DemaSIN,202648571.37,kWh,xm:servapibi,2026-09-22T19:15:36Z,xm/2021/08/DemaSIN_Sistema.2021-08-01.ndjson#DemaSIN:Sistema:2021-08-01:2021-08-31
2021-08-21,PorcApor,1.18204,fraction,xm:servapibi,2026-09-22T19:15:35Z,xm/2021/08/PorcApor_Sistema.2021-08-01.ndjson#PorcApor:Sistema:2021-08-01:2021-08-31
2021-08-21,PorcVoluUtilDiar,0.86862,fraction,xm:servapibi,2026-09-22T19:15:28Z,xm/2021/08/PorcVoluUtilDiar_Sistema.2021-08-01.ndjson#PorcVoluUtilDiar:Sistema:2021-08-01:2021-08-31
2021-08-21,PrecBolsNaci,92.81436833333333,COP/kWh,xm:servapibi,2026-09-22T19:15:39Z,xm/2021/08/PrecBolsNaci_Sistema.2021-08-01.ndjson#PrecBolsNaci:Sistema:2021-08-01:2021-08-31
2021-08-21,PrecEscaAct,829.58862,COP/kWh,xm:servapibi,2026-09-22T19:15:38Z,xm/2021/08/PrecEscaAct_Sistema.2021-08-01.ndjson#PrecEscaAct:Sistema:2021-08-01:2021-08-31
2021-08-21,VoluUtilDiarEner,14629973600,kWh,xm:servapibi,2026-09-22T19:15:30Z,xm/2021/08/VoluUtilDiarEner_Sistema.2021-08-01.ndjson#VoluUtilDiarEner:Sistema:2021-08-01:2021-08-31
2021-08-22,AporEner,227227700,kWh,xm:servapibi,2026-09-22T19:15:32Z,xm/2021/08/AporEner_Sistema.2021-08-01.ndjson#AporEner:Sistema:2021-08-01:2021-08-31
2021-08-22,AporEnerMediHist,189900000,kWh,xm:servapibi,2026-09-22T19:15:34Z,xm/2021/08/AporEnerMediHist_Sistema.2021-08-01.ndjson#AporEnerMediHist:Sistema:2021-08-01:2021-08-31
2021-08-22,CapaUtilDiarEner,16842734346,kWh,xm:servapibi,2026-09-22T19:15:31Z,xm/2021/08/CapaUtilDiarEner_Sistema.2021-08-01.ndjson#CapaUtilDiarEner:Sistema:2021-08-01:2021-08-31
2021-08-22,DemaSIN,187667755,kWh,xm:servapibi,2026-09-22T19:15:36Z,xm/2021/08/DemaSIN_Sistema.2021-08-01.ndjson#DemaSIN:Sistema:2021-08-01:2021-08-31
2021-08-22,PorcApor,1.19657,fraction,xm:servapibi,2026-09-22T19:15:35Z,xm/2021/08/PorcApor_Sistema.2021-08-01.ndjson#PorcApor:Sistema:2021-08-01:2021-08-31
2021-08-22,PorcVoluUtilDiar,0.86778,fraction,xm:servapibi,2026-09-22T19:15:28Z,xm/2021/08/PorcVoluUtilDiar_Sistema.2021-08-01.ndjson#PorcVoluUtilDiar:Sistema:2021-08-01:2021-08-31
2021-08-22,PrecBolsNaci,90.87275166666667,COP/kWh,xm:servapibi,2026-09-22T19:15:39Z,xm/2021/08/PrecBolsNaci_Sistema.2021-08-01.ndjson#PrecBolsNaci:Sistema:2021-08-01:2021-08-31
2021-08-22,PrecEscaAct,829.58862,COP/kWh,xm:servapibi,2026-09-22T19:15:38Z,xm/2021/08/PrecEscaAct_Sistema.2021-08-01.ndjson#PrecEscaAct:Sistema:2021-08-01:2021-08-31
2021-08-22,VoluUtilDiarEner,14615825400,kWh,xm:servapibi,2026-09-22T19:15:30Z,xm/2021/08/VoluUtilDiarEner_Sistema.2021-08-01.ndjson#VoluUtilDiarEner:Sistema:2021-08-01:2021-08-31
2021-08-23,AporEner,258696300,kWh,xm:servapibi,2026-09-22T19:15:32Z,xm/2021/08/AporEner_Sistema.2021-08-01.ndjson#AporEner:Sistema:2021-08-01:2021-08-31
2021-08-23,AporEnerMediHist,189900000,kWh,xm:servapibi,2026-09-22T19:15:34Z,xm/2021/08/AporEnerMediHist_Sistema.2021-08-01.ndjson#AporEnerMediHist:Sistema:2021-08-01:2021-08-31
2021-08-23,CapaUtilDiarEner,16842734346,kWh,xm:servapibi,2026-09-22T19:15:31Z,xm/2021/08/CapaUtilDiarEner_Sistema.2021-08-01.ndjson#CapaUtilDiarEner:Sistema:2021-08-01:2021-08-31
2021-08-23,DemaSIN,212008423.35,kWh,xm:servapibi,2026-09-22T19:15:36Z,xm/2021/08/DemaSIN_Sistema.2021-08-01.ndjson#DemaSIN:Sistema:2021-08-01:2021-08-31
2021-08-23,PorcApor,1.36228,fraction,xm:servapibi,2026-09-22T19:15:35Z,xm/2021/08/PorcApor_Sistema.2021-08-01.ndjson#PorcApor:Sistema:2021-08-01:2021-08-31
2021-08-23,PorcVoluUtilDiar,0.87001,fraction,xm:servapibi,2026-09-22T19:15:28Z,xm/2021/08/PorcVoluUtilDiar_Sistema.2021-08-01.ndjson#PorcVoluUtilDiar:Sistema:2021-08-01:2021-08-31
2021-08-23,PrecBolsNaci,89.86885500000004,COP/kWh,xm:servapibi,2026-09-22T19:15:39Z,xm/2021/08/PrecBolsNaci_Sistema.2021-08-01.ndjson#PrecBolsNaci:Sistema:2021-08-01:2021-08-31
2021-08-23,PrecEscaAct,829.58862,COP/kWh,xm:servapibi,2026-09-22T19:15:38Z,xm/2021/08/PrecEscaAct_Sistema.2021-08-01.ndjson#PrecEscaAct:Sistema:2021-08-01:2021-08-31
2021-08-23,VoluUtilDiarEner,14653408500,kWh,xm:servapibi,2026-09-22T19:15:30Z,xm/2021/08/VoluUtilDiarEner_Sistema.2021-08-01.ndjson#VoluUtilDiarEner:Sistema:2021-08-01:2021-08-31
2021-08-24,AporEner,223885100,kWh,xm:servapibi,2026-09-22T19:15:32Z,xm/2021/08/AporEner_Sistema.2021-08-01.ndjson#AporEner:Sistema:2021-08-01:2021-08-31
2021-08-24,AporEnerMediHist,189900000,kWh,xm:servapibi,2026-09-22T19:15:34Z,xm/2021/08/AporEnerMediHist_Sistema.2021-08-01.ndjson#AporEnerMediHist:Sistema:2021-08-01:2021-08-31
2021-08-24,CapaUtilDiarEner,16842734346,kWh,xm:servapibi,2026-09-22T19:15:31Z,xm/2021/08/CapaUtilDiarEner_Sistema.2021-08-01.ndjson#CapaUtilDiarEner:Sistema:2021-08-01:2021-08-31
2021-08-24,DemaSIN,209694677.39,kWh,xm:servapibi,2026-09-22T19:15:36Z,xm/2021/08/DemaSIN_Sistema.2021-08-01.ndjson#DemaSIN:Sistema:2021-08-01:2021-08-31
2021-08-24,PorcApor,1.17896,fraction,xm:servapibi,2026-09-22T19:15:35Z,xm/2021/08/PorcApor_Sistema.2021-08-01.ndjson#PorcApor:Sistema:2021-08-01:2021-08-31
2021-08-24,PorcVoluUtilDiar,0.87046,fraction,xm:servapibi,2026-09-22T19:15:28Z,xm/2021/08/PorcVoluUtilDiar_Sistema.2021-08-01.ndjson#PorcVoluUtilDiar:Sistema:2021-08-01:2021-08-31
2021-08-24,PrecBolsNaci,90.35212000000003,COP/kWh,xm:servapibi,2026-09-22T19:15:39Z,xm/2021/08/PrecBolsNaci_Sistema.2021-08-01.ndjson#PrecBolsNaci:Sistema:2021-08-01:2021-08-31
2021-08-24,PrecEscaAct,829.58862,COP/kWh,xm:servapibi,2026-09-22T19:15:38Z,xm/2021/08/PrecEscaAct_Sistema.2021-08-01.ndjson#PrecEscaAct:Sistema:2021-08-01:2021-08-31
2021-08-24,VoluUtilDiarEner,14660913900,kWh,xm:servapibi,2026-09-22T19:15:30Z,xm/2021/08/VoluUtilDiarEner_Sistema.2021-08-01.ndjson#VoluUtilDiarEner:Sistema:2021-08-01:2021-08-31
2021-08-25,AporEner,231147600,kWh,xm:servapibi,2026-09-22T19:15:32Z,xm/2021/08/AporEner_Sistema.2021-08-01.ndjson#AporEner:Sistema:2021-08-01:2021-08-31
2021-08-25,AporEnerMediHist,189900000,kWh,xm:servapibi,2026-09-22T19:15:34Z,xm/2021/08/AporEnerMediHist_Sistema.2021-08-01.ndjson#AporEnerMediHist:Sistema:2021-08-01:2021-08-31
2021-08-25,CapaUtilDiarEner,16842734346,kWh,xm:servapibi,2026-09-22T19:15:31Z,xm/2021/08/CapaUtilDiarEner_Sistema.2021-08-01.ndjson#CapaUtilDiarEner:Sistema:2021-08-01:2021-08-31
2021-08-25,DemaSIN,208351781.02,kWh,xm:servapibi,2026-09-22T19:15:36Z,xm/2021/08/DemaSIN_Sistema.2021-08-01.ndjson#DemaSIN:Sistema:2021-08-01:2021-08-31
2021-08-25,PorcApor,1.21721,fraction,xm:servapibi,2026-09-22T19:15:35Z,xm/2021/08/PorcApor_Sistema.2021-08-01.ndjson#PorcApor:Sistema:2021-08-01:2021-08-31
2021-08-25,PorcVoluUtilDiar,0.87135,fraction,xm:servapibi,2026-09-22T19:15:28Z,xm/2021/08/PorcVoluUtilDiar_Sistema.2021-08-01.ndjson#PorcVoluUtilDiar:Sistema:2021-08-01:2021-08-31
2021-08-25,PrecBolsNaci,90.12546333333334,COP/kWh,xm:servapibi,2026-09-22T19:15:39Z,xm/2021/08/PrecBolsNaci_Sistema.2021-08-01.ndjson#PrecBolsNaci:Sistema:2021-08-01:2021-08-31
2021-08-25,PrecEscaAct,829.58862,COP/kWh,xm:servapibi,2026-09-22T19:15:38Z,xm/2021/08/PrecEscaAct_Sistema.2021-08-01.ndjson#PrecEscaAct:Sistema:2021-08-01:2021-08-31
2021-08-25,VoluUtilDiarEner,14675891200,kWh,xm:servapibi,2026-09-22T19:15:30Z,xm/2021/08/VoluUtilDiarEner_Sistema.2021-08-01.ndjson#VoluUtilDiarEner:Sistema:2021-08-01:2021-08-31
2021-08-26,AporEner,216751200,kWh,xm:servapibi,2026-09-22T19:15:32Z,xm/2021/08/AporEner_Sistema.2021-08-01.ndjson#AporEner:Sistema:2021-08-01:2021-08-31
2021-08-26,AporEnerMediHist,189900000,kWh,xm:servapibi,2026-09-22T19:15:34Z,xm/2021/08/AporEnerMediHist_Sistema.2021-08-01.ndjson#AporEnerMediHist:Sistema:2021-08-01:2021-08-31
2021-08-26,CapaUtilDiarEner,16842734346,kWh,xm:servapibi,2026-09-22T19:15:31Z,xm/2021/08/CapaUtilDiarEner_Sistema.2021-08-01.ndjson#CapaUtilDiarEner:Sistema:2021-08-01:2021-08-31
2021-08-26,DemaSIN,209582613.71,kWh,xm:servapibi,2026-09-22T19:15:36Z,xm/2021/08/DemaSIN_Sistema.2021-08-01.ndjson#DemaSIN:Sistema:2021-08-01:2021-08-31
2021-08-26,PorcApor,1.1414,fraction,xm:servapibi,2026-09-22T19:15:35Z,xm/2021/08/PorcApor_Sistema.2021-08-01.ndjson#PorcApor:Sistema:2021-08-01:2021-08-31
2021-08-26,PorcVoluUtilDiar,0.8703,fraction,xm:servapibi,2026-09-22T19:15:28Z,xm/2021/08/PorcVoluUtilDiar_Sistema.2021-08-01.ndjson#PorcVoluUtilDiar:Sistema:2021-08-01:2021-08-31
2021-08-26,PrecBolsNaci,88.6163266666667,COP/kWh,xm:servapibi,2026-09-22T19:15:39Z,xm/2021/08/PrecBolsNaci_Sistema.2021-08-01.ndjson#PrecBolsNaci:Sistema:2021-08-01:2021-08-31
2021-08-26,PrecEscaAct,829.58862,COP/kWh,xm:servapibi,2026-09-22T19:15:38Z,xm/2021/08/PrecEscaAct_Sistema.2021-08-01.ndjson#PrecEscaAct:Sistema:2021-08-01:2021-08-31
2021-08-26,VoluUtilDiarEner,14658193800,kWh,xm:servapibi,2026-09-22T19:15:30Z,xm/2021/08/VoluUtilDiarEner_Sistema.2021-08-01.ndjson#VoluUtilDiarEner:Sistema:2021-08-01:2021-08-31
2021-08-27,AporEner,166860800,kWh,xm:servapibi,2026-09-22T19:15:32Z,xm/2021/08/AporEner_Sistema.2021-08-01.ndjson#AporEner:Sistema:2021-08-01:2021-08-31
2021-08-27,AporEnerMediHist,189900000,kWh,xm:servapibi,2026-09-22T19:15:34Z,xm/2021/08/AporEnerMediHist_Sistema.2021-08-01.ndjson#AporEnerMediHist:Sistema:2021-08-01:2021-08-31
2021-08-27,CapaUtilDiarEner,16842734346,kWh,xm:servapibi,2026-09-22T19:15:31Z,xm/2021/08/CapaUtilDiarEner_Sistema.2021-08-01.ndjson#CapaUtilDiarEner:Sistema:2021-08-01:2021-08-31
2021-08-27,DemaSIN,211983308.7,kWh,xm:servapibi,2026-09-22T19:15:36Z,xm/2021/08/DemaSIN_Sistema.2021-08-01.ndjson#DemaSIN:Sistema:2021-08-01:2021-08-31
2021-08-27,PorcApor,0.87868,fraction,xm:servapibi,2026-09-22T19:15:35Z,xm/2021/08/PorcApor_Sistema.2021-08-01.ndjson#PorcApor:Sistema:2021-08-01:2021-08-31
2021-08-27,PorcVoluUtilDiar,0.86774,fraction,xm:servapibi,2026-09-22T19:15:28Z,xm/2021/08/PorcVoluUtilDiar_Sistema.2021-08-01.ndjson#PorcVoluUtilDiar:Sistema:2021-08-01:2021-08-31
2021-08-27,PrecBolsNaci,89.4004483333333,COP/kWh,xm:servapibi,2026-09-22T19:15:39Z,xm/2021/08/PrecBolsNaci_Sistema.2021-08-01.ndjson#PrecBolsNaci:Sistema:2021-08-01:2021-08-31
2021-08-27,PrecEscaAct,829.58862,COP/kWh,xm:servapibi,2026-09-22T19:15:38Z,xm/2021/08/PrecEscaAct_Sistema.2021-08-01.ndjson#PrecEscaAct:Sistema:2021-08-01:2021-08-31
2021-08-27,VoluUtilDiarEner,14615104300,kWh,xm:servapibi,2026-09-22T19:15:30Z,xm/2021/08/VoluUtilDiarEner_Sistema.2021-08-01.ndjson#VoluUtilDiarEner:Sistema:2021-08-01:2021-08-31
2021-08-28,AporEner,255766300,kWh,xm:servapibi,2026-09-22T19:15:32Z,xm/2021/08/AporEner_Sistema.2021-08-01.ndjson#AporEner:Sistema:2021-08-01:2021-08-31
2021-08-28,AporEnerMediHist,189900000,kWh,xm:servapibi,2026-09-22T19:15:34Z,xm/2021/08/AporEnerMediHist_Sistema.2021-08-01.ndjson#AporEnerMediHist:Sistema:2021-08-01:2021-08-31
2021-08-28,CapaUtilDiarEner,16842734346,kWh,xm:servapibi,2026-09-22T19:15:31Z,xm/2021/08/CapaUtilDiarEner_Sistema.2021-08-01.ndjson#CapaUtilDiarEner:Sistema:2021-08-01:2021-08-31
2021-08-28,DemaSIN,206110456.66,kWh,xm:servapibi,2026-09-22T19:15:36Z,xm/2021/08/DemaSIN_Sistema.2021-08-01.ndjson#DemaSIN:Sistema:2021-08-01:2021-08-31
2021-08-28,PorcApor,1.34685,fraction,xm:servapibi,2026-09-22T19:15:35Z,xm/2021/08/PorcApor_Sistema.2021-08-01.ndjson#PorcApor:Sistema:2021-08-01:2021-08-31
2021-08-28,PorcVoluUtilDiar,0.86748,fraction,xm:servapibi,2026-09-22T19:15:28Z,xm/2021/08/PorcVoluUtilDiar_Sistema.2021-08-01.ndjson#PorcVoluUtilDiar:Sistema:2021-08-01:2021-08-31
2021-08-28,PrecBolsNaci,89.40752666666663,COP/kWh,xm:servapibi,2026-09-22T19:15:39Z,xm/2021/08/PrecBolsNaci_Sistema.2021-08-01.ndjson#PrecBolsNaci:Sistema:2021-08-01:2021-08-31
2021-08-28,PrecEscaAct,829.58862,COP/kWh,xm:servapibi,2026-09-22T19:15:38Z,xm/2021/08/PrecEscaAct_Sistema.2021-08-01.ndjson#PrecEscaAct:Sistema:2021-08-01:2021-08-31
2021-08-28,VoluUtilDiarEner,14610655100,kWh,xm:servapibi,2026-09-22T19:15:30Z,xm/2021/08/VoluUtilDiarEner_Sistema.2021-08-01.ndjson#VoluUtilDiarEner:Sistema:2021-08-01:2021-08-31
2021-08-29,AporEner,176085300,kWh,xm:servapibi,2026-09-22T19:15:32Z,xm/2021/08/AporEner_Sistema.2021-08-01.ndjson#AporEner:Sistema:2021-08-01:2021-08-31
2021-08-29,AporEnerMediHist,189900000,kWh,xm:servapibi,2026-09-22T19:15:34Z,xm/2021/08/AporEnerMediHist_Sistema.2021-08-01.ndjson#AporEnerMediHist:Sistema:2021-08-01:2021-08-31
2021-08-29,CapaUtilDiarEner,16842734346,kWh,xm:servapibi,2026-09-22T19:15:31Z,xm/2021/08/CapaUtilDiarEner_Sistema.2021-08-01.ndjson#CapaUtilDiarEner:Sistema:2021-08-01:2021-08-31
2021-08-29,DemaSIN,189416657.25,kWh,xm:servapibi,2026-09-22T19:15:36Z,xm/2021/08/DemaSIN_Sistema.2021-08-01.ndjson#DemaSIN:Sistema:2021-08-01:2021-08-31
2021-08-29,PorcApor,0.92725,fraction,xm:servapibi,2026-09-22T19:15:35Z,xm/2021/08/PorcApor_Sistema.2021-08-01.ndjson#PorcApor:Sistema:2021-08-01:2021-08-31
2021-08-29,PorcVoluUtilDiar,0.86596,fraction,xm:servapibi,2026-09-22T19:15:28Z,xm/2021/08/PorcVoluUtilDiar_Sistema.2021-08-01.ndjson#PorcVoluUtilDiar:Sistema:2021-08-01:2021-08-31
2021-08-29,PrecBolsNaci,88.86738666666666,COP/kWh,xm:servapibi,2026-09-22T19:15:39Z,xm/2021/08/PrecBolsNaci_Sistema.2021-08-01.ndjson#PrecBolsNaci:Sistema:2021-08-01:2021-08-31
2021-08-29,PrecEscaAct,829.58862,COP/kWh,xm:servapibi,2026-09-22T19:15:38Z,xm/2021/08/PrecEscaAct_Sistema.2021-08-01.ndjson#PrecEscaAct:Sistema:2021-08-01:2021-08-31
2021-08-29,VoluUtilDiarEner,14585196300,kWh,xm:servapibi,2026-09-22T19:15:30Z,xm/2021/08/VoluUtilDiarEner_Sistema.2021-08-01.ndjson#VoluUtilDiarEner:Sistema:2021-08-01:2021-08-31
2021-08-30,AporEner,244806600,kWh,xm:servapibi,2026-09-22T19:15:32Z,xm/2021/08/AporEner_Sistema.2021-08-01.ndjson#AporEner:Sistema:2021-08-01:2021-08-31
2021-08-30,AporEnerMediHist,189900000,kWh,xm:servapibi,2026-09-22T19:15:34Z,xm/2021/08/AporEnerMediHist_Sistema.2021-08-01.ndjson#AporEnerMediHist:Sistema:2021-08-01:2021-08-31
2021-08-30,CapaUtilDiarEner,16842734346,kWh,xm:servapibi,2026-09-22T19:15:31Z,xm/2021/08/CapaUtilDiarEner_Sistema.2021-08-01.ndjson#CapaUtilDiarEner:Sistema:2021-08-01:2021-08-31
2021-08-30,DemaSIN,203016122.6,kWh,xm:servapibi,2026-09-22T19:15:36Z,xm/2021/08/DemaSIN_Sistema.2021-08-01.ndjson#DemaSIN:Sistema:2021-08-01:2021-08-31
2021-08-30,PorcApor,1.28913,fraction,xm:servapibi,2026-09-22T19:15:35Z,xm/2021/08/PorcApor_Sistema.2021-08-01.ndjson#PorcApor:Sistema:2021-08-01:2021-08-31
2021-08-30,PorcVoluUtilDiar,0.86763,fraction,xm:servapibi,2026-09-22T19:15:28Z,xm/2021/08/PorcVoluUtilDiar_Sistema.2021-08-01.ndjson#PorcVoluUtilDiar:Sistema:2021-08-01:2021-08-31
2021-08-30,PrecBolsNaci,88.45734333333331,COP/kWh,xm:servapibi,2026-09-22T19:15:39Z,xm/2021/08/PrecBolsNaci_Sistema.2021-08-01.ndjson#PrecBolsNaci:Sistema:2021-08-01:2021-08-31
2021-08-30,PrecEscaAct,829.58862,COP/kWh,xm:servapibi,2026-09-22T19:15:38Z,xm/2021/08/PrecEscaAct_Sistema.2021-08-01.ndjson#PrecEscaAct:Sistema:2021-08-01:2021-08-31
2021-08-30,VoluUtilDiarEner,14613283800,kWh,xm:servapibi,2026-09-22T19:15:30Z,xm/2021/08/VoluUtilDiarEner_Sistema.2021-08-01.ndjson#VoluUtilDiarEner:Sistema:2021-08-01:2021-08-31
2021-08-31,AporEner,231338900,kWh,xm:servapibi,2026-09-22T19:15:32Z,xm/2021/08/AporEner_Sistema.2021-08-01.ndjson#AporEner:Sistema:2021-08-01:2021-08-31
2021-08-31,AporEnerMediHist,189900000,kWh,xm:servapibi,2026-09-22T19:15:34Z,xm/2021/08/AporEnerMediHist_Sistema.2021-08-01.ndjson#AporEnerMediHist:Sistema:2021-08-01:2021-08-31
2021-08-31,CapaUtilDiarEner,16842734346,kWh,xm:servapibi,2026-09-22T19:15:31Z,xm/2021/08/CapaUtilDiarEner_Sistema.2021-08-01.ndjson#CapaUtilDiarEner:Sistema:2021-08-01:2021-08-31
2021-08-31,DemaSIN,202325261.01,kWh,xm:servapibi,2026-09-22T19:15:36Z,xm/2021/08/DemaSIN_Sistema.2021-08-01.ndjson#DemaSIN:Sistema:2021-08-01:2021-08-31
2021-08-31,PorcApor,1.21821,fraction,xm:servapibi,2026-09-22T19:15:35Z,xm/2021/08/PorcApor_Sistema.2021-08-01.ndjson#PorcApor:Sistema:2021-08-01:2021-08-31
2021-08-31,PorcVoluUtilDiar,0.86783,fraction,xm:servapibi,2026-09-22T19:15:28Z,xm/2021/08/PorcVoluUtilDiar_Sistema.2021-08-01.ndjson#PorcVoluUtilDiar:Sistema:2021-08-01:2021-08-31
2021-08-31,PrecBolsNaci,90.7278966666667,COP/kWh,xm:servapibi,2026-09-22T19:15:39Z,xm/2021/08/PrecBolsNaci_Sistema.2021-08-01.ndjson#PrecBolsNaci:Sistema:2021-08-01:2021-08-31
2021-08-31,PrecEscaAct,829.58862,COP/kWh,xm:servapibi,2026-09-22T19:15:38Z,xm/2021/08/PrecEscaAct_Sistema.2021-08-01.ndjson#PrecEscaAct:Sistema:2021-08-01:2021-08-31
2021-08-31,VoluUtilDiarEner,14616606000,kWh,xm:servapibi,2026-09-22T19:15:30Z,xm/2021/08/VoluUtilDiarEner_Sistema.2021-08-01.ndjson#VoluUtilDiarEner:Sistema:2021-08-01:2021-08-31
2021-09-01,AporEner,219686500,kWh,xm:servapibi,2026-09-22T19:15:47Z,xm/2021/09/AporEner_Sistema.2021-09-01.ndjson#AporEner:Sistema:2021-09-01:2021-09-30
2021-09-01,AporEnerMediHist,178020000,kWh,xm:servapibi,2026-09-22T19:15:48Z,xm/2021/09/AporEnerMediHist_Sistema.2021-09-01.ndjson#AporEnerMediHist:Sistema:2021-09-01:2021-09-30
2021-09-01,CapaUtilDiarEner,16842734346,kWh,xm:servapibi,2026-09-22T19:15:46Z,xm/2021/09/CapaUtilDiarEner_Sistema.2021-09-01.ndjson#CapaUtilDiarEner:Sistema:2021-09-01:2021-09-30
2021-09-01,DemaSIN,207282997.81,kWh,xm:servapibi,2026-09-22T19:15:51Z,xm/2021/09/DemaSIN_Sistema.2021-09-01.ndjson#DemaSIN:Sistema:2021-09-01:2021-09-30
2021-09-01,PorcApor,1.23406,fraction,xm:servapibi,2026-09-22T19:15:50Z,xm/2021/09/PorcApor_Sistema.2021-09-01.ndjson#PorcApor:Sistema:2021-09-01:2021-09-30
2021-09-01,PorcVoluUtilDiar,0.86734,fraction,xm:servapibi,2026-09-22T19:15:43Z,xm/2021/09/PorcVoluUtilDiar_Sistema.2021-09-01.ndjson#PorcVoluUtilDiar:Sistema:2021-09-01:2021-09-30
2021-09-01,PrecBolsNaci,91.15650000000004,COP/kWh,xm:servapibi,2026-09-22T19:15:54Z,xm/2021/09/PrecBolsNaci_Sistema.2021-09-01.ndjson#PrecBolsNaci:Sistema:2021-09-01:2021-09-30
2021-09-01,PrecEscaAct,810.47222,COP/kWh,xm:servapibi,2026-09-22T19:15:52Z,xm/2021/09/PrecEscaAct_Sistema.2021-09-01.ndjson#PrecEscaAct:Sistema:2021-09-01:2021-09-30
2021-09-01,VoluUtilDiarEner,14608427200,kWh,xm:servapibi,2026-09-22T19:15:44Z,xm/2021/09/VoluUtilDiarEner_Sistema.2021-09-01.ndjson#VoluUtilDiarEner:Sistema:2021-09-01:2021-09-30
2021-09-02,AporEner,185706400,kWh,xm:servapibi,2026-09-22T19:15:47Z,xm/2021/09/AporEner_Sistema.2021-09-01.ndjson#AporEner:Sistema:2021-09-01:2021-09-30
2021-09-02,AporEnerMediHist,178020000,kWh,xm:servapibi,2026-09-22T19:15:48Z,xm/2021/09/AporEnerMediHist_Sistema.2021-09-01.ndjson#AporEnerMediHist:Sistema:2021-09-01:2021-09-30
2021-09-02,CapaUtilDiarEner,16842734346,kWh,xm:servapibi,2026-09-22T19:15:46Z,xm/2021/09/CapaUtilDiarEner_Sistema.2021-09-01.ndjson#CapaUtilDiarEner:Sistema:2021-09-01:2021-09-30
2021-09-02,DemaSIN,215561643.69,kWh,xm:servapibi,2026-09-22T19:15:51Z,xm/2021/09/DemaSIN_Sistema.2021-09-01.ndjson#DemaSIN:Sistema:2021-09-01:2021-09-30
2021-09-02,PorcApor,1.04318,fraction,xm:servapibi,2026-09-22T19:15:50Z,xm/2021/09/PorcApor_Sistema.2021-09-01.ndjson#PorcApor:Sistema:2021-09-01:2021-09-30
2021-09-02,PorcVoluUtilDiar,0.86448,fraction,xm:servapibi,2026-09-22T19:15:43Z,xm/2021/09/PorcVoluUtilDiar_Sistema.2021-09-01.ndjson#PorcVoluUtilDiar:Sistema:2021-09-01:2021-09-30
2021-09-02,PrecBolsNaci,91.58818999999998,COP/kWh,xm:servapibi,2026-09-22T19:15:54Z,xm/2021/09/PrecBolsNaci_Sistema.2021-09-01.ndjson#PrecBolsNaci:Sistema:2021-09-01:2021-09-30
2021-09-02,PrecEscaAct,810.47222,COP/kWh,xm:servapibi,2026-09-22T19:15:52Z,xm/2021/09/PrecEscaAct_Sistema.2021-09-01.ndjson#PrecEscaAct:Sistema:2021-09-01:2021-09-30
2021-09-02,VoluUtilDiarEner,14560217100,kWh,xm:servapibi,2026-09-22T19:15:44Z,xm/2021/09/VoluUtilDiarEner_Sistema.2021-09-01.ndjson#VoluUtilDiarEner:Sistema:2021-09-01:2021-09-30
2021-09-03,AporEner,146556200,kWh,xm:servapibi,2026-09-22T19:15:47Z,xm/2021/09/AporEner_Sistema.2021-09-01.ndjson#AporEner:Sistema:2021-09-01:2021-09-30
2021-09-03,AporEnerMediHist,178020000,kWh,xm:servapibi,2026-09-22T19:15:48Z,xm/2021/09/AporEnerMediHist_Sistema.2021-09-01.ndjson#AporEnerMediHist:Sistema:2021-09-01:2021-09-30
2021-09-03,CapaUtilDiarEner,16842734346,kWh,xm:servapibi,2026-09-22T19:15:46Z,xm/2021/09/CapaUtilDiarEner_Sistema.2021-09-01.ndjson#CapaUtilDiarEner:Sistema:2021-09-01:2021-09-30
2021-09-03,DemaSIN,219741366.26,kWh,xm:servapibi,2026-09-22T19:15:51Z,xm/2021/09/DemaSIN_Sistema.2021-09-01.ndjson#DemaSIN:Sistema:2021-09-01:2021-09-30
2021-09-03,PorcApor,0.82326,fraction,xm:servapibi,2026-09-22T19:15:50Z,xm/2021/09/PorcApor_Sistema.2021-09-01.ndjson#PorcApor:Sistema:2021-09-01:2021-09-30
2021-09-03,PorcVoluUtilDiar,0.86103,fraction,xm:servapibi,2026-09-22T19:15:43Z,xm/2021/09/PorcVoluUtilDiar_Sistema.2021-09-01.ndjson#PorcVoluUtilDiar:Sistema:2021-09-01:2021-09-30
2021-09-03,PrecBolsNaci,93.19753166666665,COP/kWh,xm:servapibi,2026-09-22T19:15:54Z,xm/2021/09/PrecBolsNaci_Sistema.2021-09-01.ndjson#PrecBolsNaci:Sistema:2021-09-01:2021-09-30
2021-09-03,PrecEscaAct,810.47222,COP/kWh,xm:servapibi,2026-09-22T19:15:52Z,xm/2021/09/PrecEscaAct_Sistema.2021-09-01.ndjson#PrecEscaAct:Sistema:2021-09-01:2021-09-30
2021-09-03,VoluUtilDiarEner,14502026000,kWh,xm:servapibi,2026-09-22T19:15:44Z,xm/2021/09/VoluUtilDiarEner_Sistema.2021-09-01.ndjson#VoluUtilDiarEner:Sistema:2021-09-01:2021-09-30
2021-09-04,AporEner,161733100,kWh,xm:servapibi,2026-09-22T19:15:47Z,xm/2021/09/AporEner_Sistema.2021-09-01.ndjson#AporEner:Sistema:2021-09-01:2021-09-30
2021-09-04,AporEnerMediHist,178020000,kWh,xm:servapibi,2026-09-22T19:15:48Z,xm/2021/09/AporEnerMediHist_Sistema.2021-09-01.ndjson#AporEnerMediHist:Sistema:2021-09-01:2021-09-30
2021-09-04,CapaUtilDiarEner,16842734346,kWh,xm:servapibi,2026-09-22T19:15:46Z,xm/2021/09/CapaUtilDiarEner_Sistema.2021-09-01.ndjson#CapaUtilDiarEner:Sistema:2021-09-01:2021-09-30
2021-09-04,DemaSIN,205595662.59,kWh,xm:servapibi,2026-09-22T19:15:51Z,xm/2021/09/DemaSIN_Sistema.2021-09-01.ndjson#DemaSIN:Sistema:2021-09-01:2021-09-30
2021-09-04,PorcApor,0.90851,fraction,xm:servapibi,2026-09-22T19:15:50Z,xm/2021/09/PorcApor_Sistema.2021-09-01.ndjson#PorcApor:Sistema:2021-09-01:2021-09-30
2021-09-04,PorcVoluUtilDiar,0.85955,fraction,xm:servapibi,2026-09-22T19:15:43Z,xm/2021/09/PorcVoluUtilDiar_Sistema.2021-09-01.ndjson#PorcVoluUtilDiar:Sistema:2021-09-01:2021-09-30
2021-09-04,PrecBolsNaci,93.16960833333331,COP/kWh,xm:servapibi,2026-09-22T19:15:54Z,xm/2021/09/PrecBolsNaci_Sistema.2021-09-01.ndjson#PrecBolsNaci:Sistema:2021-09-01:2021-09-30
2021-09-04,PrecEscaAct,810.47222,COP/kWh,xm:servapibi,2026-09-22T19:15:52Z,xm/2021/09/PrecEscaAct_Sistema.2021-09-01.ndjson#PrecEscaAct:Sistema:2021-09-01:2021-09-30
2021-09-04,VoluUtilDiarEner,14477217000,kWh,xm:servapibi,2026-09-22T19:15:44Z,xm/2021/09/VoluUtilDiarEner_Sistema.2021-09-01.ndjson#VoluUtilDiarEner:Sistema:2021-09-01:2021-09-30
2021-09-05,AporEner,225050200,kWh,xm:servapibi,2026-09-22T19:15:47Z,xm/2021/09/AporEner_Sistema.2021-09-01.ndjson#AporEner:Sistema:2021-09-01:2021-09-30
2021-09-05,AporEnerMediHist,178020000,kWh,xm:servapibi,2026-09-22T19:15:48Z,xm/2021/09/AporEnerMediHist_Sistema.2021-09-01.ndjson#AporEnerMediHist:Sistema:2021-09-01:2021-09-30
2021-09-05,CapaUtilDiarEner,16842734346,kWh,xm:servapibi,2026-09-22T19:15:46Z,xm/2021/09/CapaUtilDiarEner_Sistema.2021-09-01.ndjson#CapaUtilDiarEner:Sistema:2021-09-01:2021-09-30
2021-09-05,DemaSIN,185107826.41,kWh,xm:servapibi,2026-09-22T19:15:51Z,xm/2021/09/DemaSIN_Sistema.2021-09-01.ndjson#DemaSIN:Sistema:2021-09-01:2021-09-30
2021-09-05,PorcApor,1.26418,fraction,xm:servapibi,2026-09-22T19:15:50Z,xm/2021/09/PorcApor_Sistema.2021-09-01.ndjson#PorcApor:Sistema:2021-09-01:2021-09-30
2021-09-05,PorcVoluUtilDiar,0.86212,fraction,xm:servapibi,2026-09-22T19:15:43Z,xm/2021/09/PorcVoluUtilDiar_Sistema.2021-09-01.ndjson#PorcVoluUtilDiar:Sistema:2021-09-01:2021-09-30
2021-09-05,PrecBolsNaci,91.29547666666667,COP/kWh,xm:servapibi,2026-09-22T19:15:54Z,xm/2021/09/PrecBolsNaci_Sistema.2021-09-01.ndjson#PrecBolsNaci:Sistema:2021-09-01:2021-09-30
2021-09-05,PrecEscaAct,810.47222,COP/kWh,xm:servapibi,2026-09-22T19:15:52Z,xm/2021/09/PrecEscaAct_Sistema.2021-09-01.ndjson#PrecEscaAct:Sistema:2021-09-01:2021-09-30
2021-09-05,VoluUtilDiarEner,14520515200,kWh,xm:servapibi,2026-09-22T19:15:44Z,xm/2021/09/VoluUtilDiarEner_Sistema.2021-09-01.ndjson#VoluUtilDiarEner:Sistema:2021-09-01:2021-09-30
2021-09-06,AporEner,203234700,kWh,xm:servapibi,2026-09-22T19:15:47Z,xm/2021/09/AporEner_Sistema.2021-09-01.ndjson#AporEner:Sistema:2021-09-01:2021-09-30
2021-09-06,AporEnerMediHist,178020000,kWh,xm:servapibi,2026-09-22T19:15:48Z,xm/2021/09/AporEnerMediHist_Sistema.2021-09-01.ndjson#AporEnerMediHist:Sistema:2021-09-01:2021-09-30
2021-09-06,CapaUtilDiarEner,16842734346,kWh,xm:servapibi,2026-09-22T19:15:46Z,xm/2021/09/CapaUtilDiarEner_Sistema.2021-09-01.ndjson#CapaUtilDiarEner:Sistema:2021-09-01:2021-09-30
2021-09-06,DemaSIN,206494528.98,kWh,xm:servapibi,2026-09-22T19:15:51Z,xm/2021/09/DemaSIN_Sistema.2021-09-01.ndjson#DemaSIN:Sistema:2021-09-01:2021-09-30
2021-09-06,PorcApor,1.14164,fraction,xm:servapibi,2026-09-22T19:15:50Z,xm/2021/09/PorcApor_Sistema.2021-09-01.ndjson#PorcApor:Sistema:2021-09-01:2021-09-30
2021-09-06,PorcVoluUtilDiar,0.86241,fraction,xm:servapibi,2026-09-22T19:15:43Z,xm/2021/09/PorcVoluUtilDiar_Sistema.2021-09-01.ndjson#PorcVoluUtilDiar:Sistema:2021-09-01:2021-09-30
2021-09-06,PrecBolsNaci,94.44634666666666,COP/kWh,xm:servapibi,2026-09-22T19:15:54Z,xm/2021/09/PrecBolsNaci_Sistema.2021-09-01.ndjson#PrecBolsNaci:Sistema:2021-09-01:2021-09-30
2021-09-06,PrecEscaAct,810.47222,COP/kWh,xm:servapibi,2026-09-22T19:15:52Z,xm/2021/09/PrecEscaAct_Sistema.2021-09-01.ndjson#PrecEscaAct:Sistema:2021-09-01:2021-09-30
2021-09-06,VoluUtilDiarEner,14525372100,kWh,xm:servapibi,2026-09-22T19:15:44Z,xm/2021/09/VoluUtilDiarEner_Sistema.2021-09-01.ndjson#VoluUtilDiarEner:Sistema:2021-09-01:2021-09-30
2021-09-07,AporEner,206801100,kWh,xm:servapibi,2026-09-22T19:15:47Z,xm/2021/09/AporEner_Sistema.2021-09-01.ndjson#AporEner:Sistema:2021-09-01:2021-09-30
2021-09-07,AporEnerMediHist,178020000,kWh,xm:servapibi,2026-09-22T19:15:48Z,xm/2021/09/AporEnerMediHist_Sistema.2021-09-01.ndjson#AporEnerMediHist:Sistema:2021-09-01:2021-09-30
2021-09-07,CapaUtilDiarEner,16842734346,kWh,xm:servapibi,2026-09-22T19:15:46Z,xm/2021/09/CapaUtilDiarEner_Sistema.2021-09-01.ndjson#CapaUtilDiarEner:Sistema:2021-09-01:2021-09-30
2021-09-07,DemaSIN,208791150.32,kWh,xm:servapibi,2026-09-22T19:15:51Z,xm/2021/09/DemaSIN_Sistema.2021-09-01.ndjson#DemaSIN:Sistema:2021-09-01:2021-09-30
2021-09-07,PorcApor,1.16167,fraction,xm:servapibi,2026-09-22T19:15:50Z,xm/2021/09/PorcApor_Sistema.2021-09-01.ndjson#PorcApor:Sistema:2021-09-01:2021-09-30
2021-09-07,PorcVoluUtilDiar,0.86398,fraction,xm:servapibi,2026-09-22T19:15:43Z,xm/2021/09/PorcVoluUtilDiar_Sistema.2021-09-01.ndjson#PorcVoluUtilDiar:Sistema:2021-09-01:2021-09-30
2021-09-07,PrecBolsNaci,97.48679833333331,COP/kWh,xm:servapibi,2026-09-22T19:15:54Z,xm/2021/09/PrecBolsNaci_Sistema.2021-09-01.ndjson#PrecBolsNaci:Sistema:2021-09-01:2021-09-30
2021-09-07,PrecEscaAct,810.47222,COP/kWh,xm:servapibi,2026-09-22T19:15:52Z,xm/2021/09/PrecEscaAct_Sistema.2021-09-01.ndjson#PrecEscaAct:Sistema:2021-09-01:2021-09-30
2021-09-07,VoluUtilDiarEner,14551808600,kWh,xm:servapibi,2026-09-22T19:15:44Z,xm/2021/09/VoluUtilDiarEner_Sistema.2021-09-01.ndjson#VoluUtilDiarEner:Sistema:2021-09-01:2021-09-30
2021-09-08,AporEner,210644900,kWh,xm:servapibi,2026-09-22T19:15:47Z,xm/2021/09/AporEner_Sistema.2021-09-01.ndjson#AporEner:Sistema:2021-09-01:2021-09-30
2021-09-08,AporEnerMediHist,178020000,kWh,xm:servapibi,2026-09-22T19:15:48Z,xm/2021/09/AporEnerMediHist_Sistema.2021-09-01.ndjson#AporEnerMediHist:Sistema:2021-09-01:2021-09-30
2021-09-08,CapaUtilDiarEner,16842734346,kWh,xm:servapibi,2026-09-22T19:15:46Z,xm/2021/09/CapaUtilDiarEner_Sistema.2021-09-01.ndjson#CapaUtilDiarEner:Sistema:2021-09-01:2021-09-30
2021-09-08,DemaSIN,213384299.96,kWh,xm:servapibi,2026-09-22T19:15:51Z,xm/2021/09/DemaSIN_Sistema.2021-09-01.ndjson#DemaSIN:Sistema:2021-09-01:2021-09-30
2021-09-08,PorcApor,1.18327,fraction,xm:servapibi,2026-09-22T19:15:50Z,xm/2021/09/PorcApor_Sistema.2021-09-01.ndjson#PorcApor:Sistema:2021-09-01:2021-09-30
2021-09-08,PorcVoluUtilDiar,0.86417,fraction,xm:servapibi,2026-09-22T19:15:43Z,xm/2021/09/PorcVoluUtilDiar_Sistema.2021-09-01.ndjson#PorcVoluUtilDiar:Sistema:2021-09-01:2021-09-30
2021-09-08,PrecBolsNaci,102.91551166666663,COP/kWh,xm:servapibi,2026-09-22T19:15:54Z,xm/2021/09/PrecBolsNaci_Sistema.2021-09-01.ndjson#PrecBolsNaci:Sistema:2021-09-01:2021-09-30
2021-09-08,PrecEscaAct,810.47222,COP/kWh,xm:servapibi,2026-09-22T19:15:52Z,xm/2021/09/PrecEscaAct_Sistema.2021-09-01.ndjson#PrecEscaAct:Sistema:2021-09-01:2021-09-30
2021-09-08,VoluUtilDiarEner,14555028700,kWh,xm:servapibi,2026-09-22T19:15:44Z,xm/2021/09/VoluUtilDiarEner_Sistema.2021-09-01.ndjson#VoluUtilDiarEner:Sistema:2021-09-01:2021-09-30
2021-09-09,AporEner,164966800,kWh,xm:servapibi,2026-09-22T19:15:47Z,xm/2021/09/AporEner_Sistema.2021-09-01.ndjson#AporEner:Sistema:2021-09-01:2021-09-30
2021-09-09,AporEnerMediHist,178020000,kWh,xm:servapibi,2026-09-22T19:15:48Z,xm/2021/09/AporEnerMediHist_Sistema.2021-09-01.ndjson#AporEnerMediHist:Sistema:2021-09-01:2021-09-30
2021-09-09,CapaUtilDiarEner,16842734346,kWh,xm:servapibi,2026-09-22T19:15:46Z,xm/2021/09/CapaUtilDiarEner_Sistema.2021-09-01.ndjson#CapaUtilDiarEner:Sistema:2021-09-01:2021-09-30
2021-09-09,DemaSIN,217138219.27,kWh,xm:servapibi,2026-09-22T19:15:51Z,xm/2021/09/DemaSIN_Sistema.2021-09-01.ndjson#DemaSIN:Sistema:2021-09-01:2021-09-30
2021-09-09,PorcApor,0.92668,fraction,xm:servapibi,2026-09-22T19:15:50Z,xm/2021/09/PorcApor_Sistema.2021-09-01.ndjson#PorcApor:Sistema:2021-09-01:2021-09-30
2021-09-09,PorcVoluUtilDiar,0.86146,fraction,xm:servapibi,2026-09-22T19:15:43Z,xm/2021/09/PorcVoluUtilDiar_Sistema.2021-09-01.ndjson#PorcVoluUtilDiar:Sistema:2021-09-01:2021-09-30
2021-09-09,PrecBolsNaci,96.73511500000005,COP/kWh,xm:servapibi,2026-09-22T19:15:54Z,xm/2021/09/PrecBolsNaci_Sistema.2021-09-01.ndjson#PrecBolsNaci:Sistema:2021-09-01:2021-09-30
2021-09-09,PrecEscaAct,810.47222,COP/kWh,xm:servapibi,2026-09-22T19:15:52Z,xm/2021/09/PrecEscaAct_Sistema.2021-09-01.ndjson#PrecEscaAct:Sistema:2021-09-01:2021-09-30
2021-09-09,VoluUtilDiarEner,14509292700,kWh,xm:servapibi,2026-09-22T19:15:44Z,xm/2021/09/VoluUtilDiarEner_Sistema.2021-09-01.ndjson#VoluUtilDiarEner:Sistema:2021-09-01:2021-09-30
2021-09-10,AporEner,177181100,kWh,xm:servapibi,2026-09-22T19:15:47Z,xm/2021/09/AporEner_Sistema.2021-09-01.ndjson#AporEner:Sistema:2021-09-01:2021-09-30
2021-09-10,AporEnerMediHist,178020000,kWh,xm:servapibi,2026-09-22T19:15:48Z,xm/2021/09/AporEnerMediHist_Sistema.2021-09-01.ndjson#AporEnerMediHist:Sistema:2021-09-01:2021-09-30
2021-09-10,CapaUtilDiarEner,16842734346,kWh,xm:servapibi,2026-09-22T19:15:46Z,xm/2021/09/CapaUtilDiarEner_Sistema.2021-09-01.ndjson#CapaUtilDiarEner:Sistema:2021-09-01:2021-09-30
2021-09-10,DemaSIN,219054511.19,kWh,xm:servapibi,2026-09-22T19:15:51Z,xm/2021/09/DemaSIN_Sistema.2021-09-01.ndjson#DemaSIN:Sistema:2021-09-01:2021-09-30
2021-09-10,PorcApor,0.99529,fraction,xm:servapibi,2026-09-22T19:15:50Z,xm/2021/09/PorcApor_Sistema.2021-09-01.ndjson#PorcApor:Sistema:2021-09-01:2021-09-30
2021-09-10,PorcVoluUtilDiar,0.85911,fraction,xm:servapibi,2026-09-22T19:15:43Z,xm/2021/09/PorcVoluUtilDiar_Sistema.2021-09-01.ndjson#PorcVoluUtilDiar:Sistema:2021-09-01:2021-09-30
2021-09-10,PrecBolsNaci,105.10695666666663,COP/kWh,xm:servapibi,2026-09-22T19:15:54Z,xm/2021/09/PrecBolsNaci_Sistema.2021-09-01.ndjson#PrecBolsNaci:Sistema:2021-09-01:2021-09-30
2021-09-10,PrecEscaAct,810.47222,COP/kWh,xm:servapibi,2026-09-22T19:15:52Z,xm/2021/09/PrecEscaAct_Sistema.2021-09-01.ndjson#PrecEscaAct:Sistema:2021-09-01:2021-09-30
2021-09-10,VoluUtilDiarEner,14469766600,kWh,xm:servapibi,2026-09-22T19:15:44Z,xm/2021/09/VoluUtilDiarEner_Sistema.2021-09-01.ndjson#VoluUtilDiarEner:Sistema:2021-09-01:2021-09-30
2021-09-11,AporEner,258141200,kWh,xm:servapibi,2026-09-22T19:15:47Z,xm/2021/09/AporEner_Sistema.2021-09-01.ndjson#AporEner:Sistema:2021-09-01:2021-09-30
2021-09-11,AporEnerMediHist,178020000,kWh,xm:servapibi,2026-09-22T19:15:48Z,xm/2021/09/AporEnerMediHist_Sistema.2021-09-01.ndjson#AporEnerMediHist:Sistema:2021-09-01:2021-09-30
2021-09-11,CapaUtilDiarEner,16842734346,kWh,xm:servapibi,2026-09-22T19:15:46Z,xm/2021/09/CapaUtilDiarEner_Sistema.2021-09-01.ndjson#CapaUtilDiarEner:Sistema:2021-09-01:2021-09-30
2021-09-11,DemaSIN,204409700.78,kWh,xm:servapibi,2026-09-22T19:15:51Z,xm/2021/09/DemaSIN_Sistema.2021-09-01.ndjson#DemaSIN:Sistema:2021-09-01:2021-09-30
2021-09-11,PorcApor,1.45007,fraction,xm:servapibi,2026-09-22T19:15:50Z,xm/2021/09/PorcApor_Sistema.2021-09-01.ndjson#PorcApor:Sistema:2021-09-01:2021-09-30
2021-09-11,PorcVoluUtilDiar,0.86068,fraction,xm:servapibi,2026-09-22T19:15:43Z,xm/2021/09/PorcVoluUtilDiar_Sistema.2021-09-01.ndjson#PorcVoluUtilDiar:Sistema:2021-09-01:2021-09-30
2021-09-11,PrecBolsNaci,94.94730666666663,COP/kWh,xm:servapibi,2026-09-22T19:15:54Z,xm/2021/09/PrecBolsNaci_Sistema.2021-09-01.ndjson#PrecBolsNaci:Sistema:2021-09-01:2021-09-30
2021-09-11,PrecEscaAct,810.47222,COP/kWh,xm:servapibi,2026-09-22T19:15:52Z,xm/2021/09/PrecEscaAct_Sistema.2021-09-01.ndjson#PrecEscaAct:Sistema:2021-09-01:2021-09-30
2021-09-11,VoluUtilDiarEner,14496220600,kWh,xm:servapibi,2026-09-22T19:15:44Z,xm/2021/09/VoluUtilDiarEner_Sistema.2021-09-01.ndjson#VoluUtilDiarEner:Sistema:2021-09-01:2021-09-30
2021-09-12,AporEner,270809500,kWh,xm:servapibi,2026-09-22T19:15:47Z,xm/2021/09/AporEner_Sistema.2021-09-01.ndjson#AporEner:Sistema:2021-09-01:2021-09-30
2021-09-12,AporEnerMediHist,178020000,kWh,xm:servapibi,2026-09-22T19:15:48Z,xm/2021/09/AporEnerMediHist_Sistema.2021-09-01.ndjson#AporEnerMediHist:Sistema:2021-09-01:2021-09-30
2021-09-12,CapaUtilDiarEner,16842734346,kWh,xm:servapibi,2026-09-22T19:15:46Z,xm/2021/09/CapaUtilDiarEner_Sistema.2021-09-01.ndjson#CapaUtilDiarEner:Sistema:2021-09-01:2021-09-30
2021-09-12,DemaSIN,186449436.08,kWh,xm:servapibi,2026-09-22T19:15:51Z,xm/2021/09/DemaSIN_Sistema.2021-09-01.ndjson#DemaSIN:Sistema:2021-09-01:2021-09-30
2021-09-12,PorcApor,1.52123,fraction,xm:servapibi,2026-09-22T19:15:50Z,xm/2021/09/PorcApor_Sistema.2021-09-01.ndjson#PorcApor:Sistema:2021-09-01:2021-09-30
2021-09-12,PorcVoluUtilDiar,0.85998,fraction,xm:servapibi,2026-09-22T19:15:43Z,xm/2021/09/PorcVoluUtilDiar_Sistema.2021-09-01.ndjson#PorcVoluUtilDiar:Sistema:2021-09-01:2021-09-30
2021-09-12,PrecBolsNaci,89.32304333333332,COP/kWh,xm:servapibi,2026-09-22T19:15:54Z,xm/2021/09/PrecBolsNaci_Sistema.2021-09-01.ndjson#PrecBolsNaci:Sistema:2021-09-01:2021-09-30
2021-09-12,PrecEscaAct,810.47222,COP/kWh,xm:servapibi,2026-09-22T19:15:52Z,xm/2021/09/PrecEscaAct_Sistema.2021-09-01.ndjson#PrecEscaAct:Sistema:2021-09-01:2021-09-30
2021-09-12,VoluUtilDiarEner,14484441900,kWh,xm:servapibi,2026-09-22T19:15:44Z,xm/2021/09/VoluUtilDiarEner_Sistema.2021-09-01.ndjson#VoluUtilDiarEner:Sistema:2021-09-01:2021-09-30
2021-09-13,AporEner,171929000,kWh,xm:servapibi,2026-09-22T19:15:47Z,xm/2021/09/AporEner_Sistema.2021-09-01.ndjson#AporEner:Sistema:2021-09-01:2021-09-30
2021-09-13,AporEnerMediHist,178020000,kWh,xm:servapibi,2026-09-22T19:15:48Z,xm/2021/09/AporEnerMediHist_Sistema.2021-09-01.ndjson#AporEnerMediHist:Sistema:2021-09-01:2021-09-30
2021-09-13,CapaUtilDiarEner,16842734346,kWh,xm:servapibi,2026-09-22T19:15:46Z,xm/2021/09/CapaUtilDiarEner_Sistema.2021-09-01.ndjson#CapaUtilDiarEner:Sistema:2021-09-01:2021-09-30
2021-09-13,DemaSIN,209722494.83,kWh,xm:servapibi,2026-09-22T19:15:51Z,xm/2021/09/DemaSIN_Sistema.2021-09-01.ndjson#DemaSIN:Sistema:2021-09-01:2021-09-30
2021-09-13,PorcApor,0.96578,fraction,xm:servapibi,2026-09-22T19:15:50Z,xm/2021/09/PorcApor_Sistema.2021-09-01.ndjson#PorcApor:Sistema:2021-09-01:2021-09-30
2021-09-13,PorcVoluUtilDiar,0.85797,fraction,xm:servapibi,2026-09-22T19:15:43Z,xm/2021/09/PorcVoluUtilDiar_Sistema.2021-09-01.ndjson#PorcVoluUtilDiar:Sistema:2021-09-01:2021-09-30
2021-09-13,PrecBolsNaci,99.36342166666664,COP/kWh,xm:servapibi,2026-09-22T19:15:54Z,xm/2021/09/PrecBolsNaci_Sistema.2021-09-01.ndjson#PrecBolsNaci:Sistema:2021-09-01:2021-09-30
2021-09-13,PrecEscaAct,810.47222,COP/kWh,xm:servapibi,2026-09-22T19:15:52Z,xm/2021/09/PrecEscaAct_Sistema.2021-09-01.ndjson#PrecEscaAct:Sistema:2021-09-01:2021-09-30
2021-09-13,VoluUtilDiarEner,14450613800,kWh,xm:servapibi,2026-09-22T19:15:44Z,xm/2021/09/VoluUtilDiarEner_Sistema.2021-09-01.ndjson#VoluUtilDiarEner:Sistema:2021-09-01:2021-09-30
2021-09-14,AporEner,172875600,kWh,xm:servapibi,2026-09-22T19:15:47Z,xm/2021/09/AporEner_Sistema.2021-09-01.ndjson#AporEner:Sistema:2021-09-01:2021-09-30
2021-09-14,AporEnerMediHist,178020000,kWh,xm:servapibi,2026-09-22T19:15:48Z,xm/2021/09/AporEnerMediHist_Sistema.2021-09-01.ndjson#AporEnerMediHist:Sistema:2021-09-01:2021-09-30
2021-09-14,CapaUtilDiarEner,16842734346,kWh,xm:servapibi,2026-09-22T19:15:46Z,xm/2021/09/CapaUtilDiarEner_Sistema.2021-09-01.ndjson#CapaUtilDiarEner:Sistema:2021-09-01:2021-09-30
2021-09-14,DemaSIN,213604736.45,kWh,xm:servapibi,2026-09-22T19:15:51Z,xm/2021/09/DemaSIN_Sistema.2021-09-01.ndjson#DemaSIN:Sistema:2021-09-01:2021-09-30
2021-09-14,PorcApor,0.9711,fraction,xm:servapibi,2026-09-22T19:15:50Z,xm/2021/09/PorcApor_Sistema.2021-09-01.ndjson#PorcApor:Sistema:2021-09-01:2021-09-30
2021-09-14,PorcVoluUtilDiar,0.85438,fraction,xm:servapibi,2026-09-22T19:15:43Z,xm/2021/09/PorcVoluUtilDiar_Sistema.2021-09-01.ndjson#PorcVoluUtilDiar:Sistema:2021-09-01:2021-09-30
2021-09-14,PrecBolsNaci,99.30217333333333,COP/kWh,xm:servapibi,2026-09-22T19:15:54Z,xm/2021/09/PrecBolsNaci_Sistema.2021-09-01.ndjson#PrecBolsNaci:Sistema:2021-09-01:2021-09-30
2021-09-14,PrecEscaAct,810.47222,COP/kWh,xm:servapibi,2026-09-22T19:15:52Z,xm/2021/09/PrecEscaAct_Sistema.2021-09-01.ndjson#PrecEscaAct:Sistema:2021-09-01:2021-09-30
2021-09-14,VoluUtilDiarEner,14390068300,kWh,xm:servapibi,2026-09-22T19:15:44Z,xm/2021/09/VoluUtilDiarEner_Sistema.2021-09-01.ndjson#VoluUtilDiarEner:Sistema:2021-09-01:2021-09-30
2021-09-15,AporEner,195160300,kWh,xm:servapibi,2026-09-22T19:15:47Z,xm/2021/09/AporEner_Sistema.2021-09-01.ndjson#AporEner:Sistema:2021-09-01:2021-09-30
2021-09-15,AporEnerMediHist,178020000,kWh,xm:servapibi,2026-09-22T19:15:48Z,xm/2021/09/AporEnerMediHist_Sistema.2021-09-01.ndjson#AporEnerMediHist:Sistema:2021-09-01:2021-09-30
2021-09-15,CapaUtilDiarEner,16842734346,kWh,xm:servapibi,2026-09-22T19:15:46Z,xm/2021/09/CapaUtilDiarEner_Sistema.2021-09-01.ndjson#CapaUtilDiarEner:Sistema:2021-09-01:2021-09-30
2021-09-15,DemaSIN,214993443.05,kWh,xm:servapibi,2026-09-22T19:15:51Z,xm/2021/09/DemaSIN_Sistema.2021-09-01.ndjson#DemaSIN:Sistema:2021-09-01:2021-09-30
2021-09-15,PorcApor,1.09628,fraction,xm:servapibi,2026-09-22T19:15:50Z,xm/2021/09/PorcApor_Sistema.2021-09-01.ndjson#PorcApor:Sistema:2021-09-01:2021-09-30
2021-09-15,PorcVoluUtilDiar,0.85426,fraction,xm:servapibi,2026-09-22T19:15:43Z,xm/2021/09/PorcVoluUtilDiar_Sistema.2021-09-01.ndjson#PorcVoluUtilDiar:Sistema:2021-09-01:2021-09-30
2021-09-15,PrecBolsNaci,105.38594499999995,COP/kWh,xm:servapibi,2026-09-22T19:15:54Z,xm/2021/09/PrecBolsNaci_Sistema.2021-09-01.ndjson#PrecBolsNaci:Sistema:2021-09-01:2021-09-30
2021-09-15,PrecEscaAct,810.47222,COP/kWh,xm:servapibi,2026-09-22T19:15:52Z,xm/2021/09/PrecEscaAct_Sistema.2021-09-01.ndjson#PrecEscaAct:Sistema:2021-09-01:2021-09-30
2021-09-15,VoluUtilDiarEner,14388121900,kWh,xm:servapibi,2026-09-22T19:15:44Z,xm/2021/09/VoluUtilDiarEner_Sistema.2021-09-01.ndjson#VoluUtilDiarEner:Sistema:2021-09-01:2021-09-30
2021-09-16,AporEner,152281500,kWh,xm:servapibi,2026-09-22T19:15:47Z,xm/2021/09/AporEner_Sistema.2021-09-01.ndjson#AporEner:Sistema:2021-09-01:2021-09-30
2021-09-16,AporEnerMediHist,178020000,kWh,xm:servapibi,2026-09-22T19:15:48Z,xm/2021/09/AporEnerMediHist_Sistema.2021-09-01.ndjson#AporEnerMediHist:Sistema:2021-09-01:2021-09-30
2021-09-16,CapaUtilDiarEner,16842734346,kWh,xm:servapibi,2026-09-22T19:15:46Z,xm/2021/09/CapaUtilDiarEner_Sistema.2021-09-01.ndjson#CapaUtilDiarEner:Sistema:2021-09-01:2021-09-30
2021-09-16,DemaSIN,214825059.8,kWh,xm:servapibi,2026-09-22T19:15:51Z,xm/2021/09/DemaSIN_Sistema.2021-09-01.ndjson#DemaSIN:Sistema:2021-09-01:2021-09-30
2021-09-16,PorcApor,0.85542,fraction,xm:servapibi,2026-09-22T19:15:50Z,xm/2021/09/PorcApor_Sistema.2021-09-01.ndjson#PorcApor:Sistema:2021-09-01:2021-09-30
2021-09-16,PorcVoluUtilDiar,0.85148,fraction,xm:servapibi,2026-09-22T19:15:43Z,xm/2021/09/PorcVoluUtilDiar_Sistema.2021-09-01.ndjson#PorcVoluUtilDiar:Sistema:2021-09-01:2021-09-30
2021-09-16,PrecBolsNaci,91.72288666666668,COP/kWh,xm:servapibi,2026-09-22T19:15:54Z,xm/2021/09/PrecBolsNaci_Sistema.2021-09-01.ndjson#PrecBolsNaci:Sistema:2021-09-01:2021-09-30
2021-09-16,PrecEscaAct,810.47222,COP/kWh,xm:servapibi,2026-09-22T19:15:52Z,xm/2021/09/PrecEscaAct_Sistema.2021-09-01.ndjson#PrecEscaAct:Sistema:2021-09-01:2021-09-30
2021-09-16,VoluUtilDiarEner,14341251100,kWh,xm:servapibi,2026-09-22T19:15:44Z,xm/2021/09/VoluUtilDiarEner_Sistema.2021-09-01.ndjson#VoluUtilDiarEner:Sistema:2021-09-01:2021-09-30
2021-09-17,AporEner,140056900,kWh,xm:servapibi,2026-09-22T19:15:47Z,xm/2021/09/AporEner_Sistema.2021-09-01.ndjson#AporEner:Sistema:2021-09-01:2021-09-30
2021-09-17,AporEnerMediHist,178020000,kWh,xm:servapibi,2026-09-22T19:15:48Z,xm/2021/09/AporEnerMediHist_Sistema.2021-09-01.ndjson#AporEnerMediHist:Sistema:2021-09-01:2021-09-30
2021-09-17,CapaUtilDiarEner,16842734346,kWh,xm:servapibi,2026-09-22T19:15:46Z,xm/2021/09/CapaUtilDiarEner_Sistema.2021-09-01.ndjson#CapaUtilDiarEner:Sistema:2021-09-01:2021-09-30
2021-09-17,DemaSIN,220133739.57,kWh,xm:servapibi,2026-09-22T19:15:51Z,xm/2021/09/DemaSIN_Sistema.2021-09-01.ndjson#DemaSIN:Sistema:2021-09-01:2021-09-30
2021-09-17,PorcApor,0.78675,fraction,xm:servapibi,2026-09-22T19:15:50Z,xm/2021/09/PorcApor_Sistema.2021-09-01.ndjson#PorcApor:Sistema:2021-09-01:2021-09-30
2021-09-17,PorcVoluUtilDiar,0.84717,fraction,xm:servapibi,2026-09-22T19:15:43Z,xm/2021/09/PorcVoluUtilDiar_Sistema.2021-09-01.ndjson#PorcVoluUtilDiar:Sistema:2021-09-01:2021-09-30
2021-09-17,PrecBolsNaci,90.61025,COP/kWh,xm:servapibi,2026-09-22T19:15:54Z,xm/2021/09/PrecBolsNaci_Sistema.2021-09-01.ndjson#PrecBolsNaci:Sistema:2021-09-01:2021-09-30
2021-09-17,PrecEscaAct,810.47222,COP/kWh,xm:servapibi,2026-09-22T19:15:52Z,xm/2021/09/PrecEscaAct_Sistema.2021-09-01.ndjson#PrecEscaAct:Sistema:2021-09-01:2021-09-30
2021-09-17,VoluUtilDiarEner,14268685600,kWh,xm:servapibi,2026-09-22T19:15:44Z,xm/2021/09/VoluUtilDiarEner_Sistema.2021-09-01.ndjson#VoluUtilDiarEner:Sistema:2021-09-01:2021-09-30
2021-09-18,AporEner,125659800,kWh,xm:servapibi,2026-09-22T19:15:47Z,xm/2021/09/AporEner_Sistema.2021-09-01.ndjson#AporEner:Sistema:2021-09-01:2021-09-30
2021-09-18,AporEnerMediHist,178020000,kWh,xm:servapibi,2026-09-22T19:15:48Z,xm/2021/09/AporEnerMediHist_Sistema.2021-09-01.ndjson#AporEnerMediHist:Sistema:2021-09-01:2021-09-30
2021-09-18,CapaUtilDiarEner,16842734346,kWh,xm:servapibi,2026-09-22T19:15:46Z,xm/2021/09/CapaUtilDiarEner_Sistema.2021-09-01.ndjson#CapaUtilDiarEner:Sistema:2021-09-01:2021-09-30
2021-09-18,DemaSIN,211200753.69,kWh,xm:servapibi,2026-09-22T19:15:51Z,xm/2021/09/DemaSIN_Sistema.2021-09-01.ndjson#DemaSIN:Sistema:2021-09-01:2021-09-30
2021-09-18,PorcApor,0.70587,fraction,xm:servapibi,2026-09-22T19:15:50Z,xm/2021/09/PorcApor_Sistema.2021-09-01.ndjson#PorcApor:Sistema:2021-09-01:2021-09-30
2021-09-18,PorcVoluUtilDiar,0.84366,fraction,xm:servapibi,2026-09-22T19:15:43Z,xm/2021/09/PorcVoluUtilDiar_Sistema.2021-09-01.ndjson#PorcVoluUtilDiar:Sistema:2021-09-01:2021-09-30
2021-09-18,PrecBolsNaci,94.86565,COP/kWh,xm:servapibi,2026-09-22T19:15:54Z,xm/2021/09/PrecBolsNaci_Sistema.2021-09-01.ndjson#PrecBolsNaci:Sistema:2021-09-01:2021-09-30
2021-09-18,PrecEscaAct,810.47222,COP/kWh,xm:servapibi,2026-09-22T19:15:52Z,xm/2021/09/PrecEscaAct_Sistema.2021-09-01.ndjson#PrecEscaAct:Sistema:2021-09-01:2021-09-30
2021-09-18,VoluUtilDiarEner,14209458400,kWh,xm:servapibi,2026-09-22T19:15:44Z,xm/2021/09/VoluUtilDiarEner_Sistema.2021-09-01.ndjson#VoluUtilDiarEner:Sistema:2021-09-01:2021-09-30
2021-09-19,AporEner,149604700,kWh,xm:servapibi,2026-09-22T19:15:47Z,xm/2021/09/AporEner_Sistema.2021-09-01.ndjson#AporEner:Sistema:2021-09-01:2021-09-30
2021-09-19,AporEnerMediHist,178020000,kWh,xm:servapibi,2026-09-22T19:15:48Z,xm/2021/09/AporEnerMediHist_Sistema.2021-09-01.ndjson#AporEnerMediHist:Sistema:2021-09-01:2021-09-30
2021-09-19,CapaUtilDiarEner,16842734346,kWh,xm:servapibi,2026-09-22T19:15:46Z,xm/2021/09/CapaUtilDiarEner_Sistema.2021-09-01.ndjson#CapaUtilDiarEner:Sistema:2021-09-01:2021-09-30
2021-09-19,DemaSIN,190229530.28,kWh,xm:servapibi,2026-09-22T19:15:51Z,xm/2021/09/DemaSIN_Sistema.2021-09-01.ndjson#DemaSIN:Sistema:2021-09-01:2021-09-30
2021-09-19,PorcApor,0.84038,fraction,xm:servapibi,2026-09-22T19:15:50Z,xm/2021/09/PorcApor_Sistema.2021-09-01.ndjson#PorcApor:Sistema:2021-09-01:2021-09-30
2021-09-19,PorcVoluUtilDiar,0.84319,fraction,xm:servapibi,2026-09-22T19:15:43Z,xm/2021/09/PorcVoluUtilDiar_Sistema.2021-09-01.ndjson#PorcVoluUtilDiar:Sistema:2021-09-01:2021-09-30
2021-09-19,PrecBolsNaci,94.49500666666667,COP/kWh,xm:servapibi,2026-09-22T19:15:54Z,xm/2021/09/PrecBolsNaci_Sistema.2021-09-01.ndjson#PrecBolsNaci:Sistema:2021-09-01:2021-09-30
2021-09-19,PrecEscaAct,810.47222,COP/kWh,xm:servapibi,2026-09-22T19:15:52Z,xm/2021/09/PrecEscaAct_Sistema.2021-09-01.ndjson#PrecEscaAct:Sistema:2021-09-01:2021-09-30
2021-09-19,VoluUtilDiarEner,14201569200,kWh,xm:servapibi,2026-09-22T19:15:44Z,xm/2021/09/VoluUtilDiarEner_Sistema.2021-09-01.ndjson#VoluUtilDiarEner:Sistema:2021-09-01:2021-09-30
2021-09-20,AporEner,132816900,kWh,xm:servapibi,2026-09-22T19:15:47Z,xm/2021/09/AporEner_Sistema.2021-09-01.ndjson#AporEner:Sistema:2021-09-01:2021-09-30
2021-09-20,AporEnerMediHist,178020000,kWh,xm:servapibi,2026-09-22T19:15:48Z,xm/2021/09/AporEnerMediHist_Sistema.2021-09-01.ndjson#AporEnerMediHist:Sistema:2021-09-01:2021-09-30
2021-09-20,CapaUtilDiarEner,16842734346,kWh,xm:servapibi,2026-09-22T19:15:46Z,xm/2021/09/CapaUtilDiarEner_Sistema.2021-09-01.ndjson#CapaUtilDiarEner:Sistema:2021-09-01:2021-09-30
2021-09-20,DemaSIN,215564271.73,kWh,xm:servapibi,2026-09-22T19:15:51Z,xm/2021/09/DemaSIN_Sistema.2021-09-01.ndjson#DemaSIN:Sistema:2021-09-01:2021-09-30
2021-09-20,PorcApor,0.74608,fraction,xm:servapibi,2026-09-22T19:15:50Z,xm/2021/09/PorcApor_Sistema.2021-09-01.ndjson#PorcApor:Sistema:2021-09-01:2021-09-30
2021-09-20,PorcVoluUtilDiar,0.84044,fraction,xm:servapibi,2026-09-22T19:15:43Z,xm/2021/09/PorcVoluUtilDiar_Sistema.2021-09-01.ndjson#PorcVoluUtilDiar:Sistema:2021-09-01:2021-09-30
2021-09-20,PrecBolsNaci,117.85668666666668,COP/kWh,xm:servapibi,2026-09-22T19:15:54Z,xm/2021/09/PrecBolsNaci_Sistema.2021-09-01.ndjson#PrecBolsNaci:Sistema:2021-09-01:2021-09-30
2021-09-20,PrecEscaAct,810.47222,COP/kWh,xm:servapibi,2026-09-22T19:15:52Z,xm/2021/09/PrecEscaAct_Sistema.2021-09-01.ndjson#PrecEscaAct:Sistema:2021-09-01:2021-09-30
2021-09-20,VoluUtilDiarEner,14155385200,kWh,xm:servapibi,2026-09-22T19:15:44Z,xm/2021/09/VoluUtilDiarEner_Sistema.2021-09-01.ndjson#VoluUtilDiarEner:Sistema:2021-09-01:2021-09-30
2021-09-21,AporEner,214464200,kWh,xm:servapibi,2026-09-22T19:15:47Z,xm/2021/09/AporEner_Sistema.2021-09-01.ndjson#AporEner:Sistema:2021-09-01:2021-09-30
2021-09-21,AporEnerMediHist,178020000,kWh,xm:servapibi,2026-09-22T19:15:48Z,xm/2021/09/AporEnerMediHist_Sistema.2021-09-01.ndjson#AporEnerMediHist:Sistema:2021-09-01:2021-09-30
2021-09-21,CapaUtilDiarEner,16842734346,kWh,xm:servapibi,2026-09-22T19:15:46Z,xm/2021/09/CapaUtilDiarEner_Sistema.2021-09-01.ndjson#CapaUtilDiarEner:Sistema:2021-09-01:2021-09-30
2021-09-21,DemaSIN,218058291.67,kWh,xm:servapibi,2026-09-22T19:15:51Z,xm/2021/09/DemaSIN_Sistema.2021-09-01.ndjson#DemaSIN:Sistema:2021-09-01:2021-09-30
2021-09-21,PorcApor,1.20472,fraction,xm:servapibi,2026-09-22T19:15:50Z,xm/2021/09/PorcApor_Sistema.2021-09-01.ndjson#PorcApor:Sistema:2021-09-01:2021-09-30
2021-09-21,PorcVoluUtilDiar,0.84227,fraction,xm:servapibi,2026-09-22T19:15:43Z,xm/2021/09/PorcVoluUtilDiar_Sistema.2021-09-01.ndjson#PorcVoluUtilDiar:Sistema:2021-09-01:2021-09-30
2021-09-21,PrecBolsNaci,146.2856866666666,COP/kWh,xm:servapibi,2026-09-22T19:15:54Z,xm/2021/09/PrecBolsNaci_Sistema.2021-09-01.ndjson#PrecBolsNaci:Sistema:2021-09-01:2021-09-30
2021-09-21,PrecEscaAct,810.47222,COP/kWh,xm:servapibi,2026-09-22T19:15:52Z,xm/2021/09/PrecEscaAct_Sistema.2021-09-01.ndjson#PrecEscaAct:Sistema:2021-09-01:2021-09-30
2021-09-21,VoluUtilDiarEner,14186059200,kWh,xm:servapibi,2026-09-22T19:15:44Z,xm/2021/09/VoluUtilDiarEner_Sistema.2021-09-01.ndjson#VoluUtilDiarEner:Sistema:2021-09-01:2021-09-30
2021-09-22,AporEner,250009400,kWh,xm:servapibi,2026-09-22T19:15:47Z,xm/2021/09/AporEner_Sistema.2021-09-01.ndjson#AporEner:Sistema:2021-09-01:2021-09-30
2021-09-22,AporEnerMediHist,178020000,kWh,xm:servapibi,2026-09-22T19:15:48Z,xm/2021/09/AporEnerMediHist_Sistema.2021-09-01.ndjson#AporEnerMediHist:Sistema:2021-09-01:2021-09-30
2021-09-22,CapaUtilDiarEner,16842734346,kWh,xm:servapibi,2026-09-22T19:15:46Z,xm/2021/09/CapaUtilDiarEner_Sistema.2021-09-01.ndjson#CapaUtilDiarEner:Sistema:2021-09-01:2021-09-30
2021-09-22,DemaSIN,215296384.08,kWh,xm:servapibi,2026-09-22T19:15:51Z,xm/2021/09/DemaSIN_Sistema.2021-09-01.ndjson#DemaSIN:Sistema:2021-09-01:2021-09-30
2021-09-22,PorcApor,1.40439,fraction,xm:servapibi,2026-09-22T19:15:50Z,xm/2021/09/PorcApor_Sistema.2021-09-01.ndjson#PorcApor:Sistema:2021-09-01:2021-09-30
2021-09-22,PorcVoluUtilDiar,0.8449,fraction,xm:servapibi,2026-09-22T19:15:43Z,xm/2021/09/PorcVoluUtilDiar_Sistema.2021-09-01.ndjson#PorcVoluUtilDiar:Sistema:2021-09-01:2021-09-30
2021-09-22,PrecBolsNaci,150.22878000000003,COP/kWh,xm:servapibi,2026-09-22T19:15:54Z,xm/2021/09/PrecBolsNaci_Sistema.2021-09-01.ndjson#PrecBolsNaci:Sistema:2021-09-01:2021-09-30
2021-09-22,PrecEscaAct,810.47222,COP/kWh,xm:servapibi,2026-09-22T19:15:52Z,xm/2021/09/PrecEscaAct_Sistema.2021-09-01.ndjson#PrecEscaAct:Sistema:2021-09-01:2021-09-30
2021-09-22,VoluUtilDiarEner,14230417600,kWh,xm:servapibi,2026-09-22T19:15:44Z,xm/2021/09/VoluUtilDiarEner_Sistema.2021-09-01.ndjson#VoluUtilDiarEner:Sistema:2021-09-01:2021-09-30
2021-09-23,AporEner,414496100,kWh,xm:servapibi,2026-09-22T19:15:47Z,xm/2021/09/AporEner_Sistema.2021-09-01.ndjson#AporEner:Sistema:2021-09-01:2021-09-30
2021-09-23,AporEnerMediHist,178020000,kWh,xm:servapibi,2026-09-22T19:15:48Z,xm/2021/09/AporEnerMediHist_Sistema.2021-09-01.ndjson#AporEnerMediHist:Sistema:2021-09-01:2021-09-30
2021-09-23,CapaUtilDiarEner,16842734346,kWh,xm:servapibi,2026-09-22T19:15:46Z,xm/2021/09/CapaUtilDiarEner_Sistema.2021-09-01.ndjson#CapaUtilDiarEner:Sistema:2021-09-01:2021-09-30
2021-09-23,DemaSIN,213769210.59,kWh,xm:servapibi,2026-09-22T19:15:51Z,xm/2021/09/DemaSIN_Sistema.2021-09-01.ndjson#DemaSIN:Sistema:2021-09-01:2021-09-30
2021-09-23,PorcApor,2.32837,fraction,xm:servapibi,2026-09-22T19:15:50Z,xm/2021/09/PorcApor_Sistema.2021-09-01.ndjson#PorcApor:Sistema:2021-09-01:2021-09-30
2021-09-23,PorcVoluUtilDiar,0.85445,fraction,xm:servapibi,2026-09-22T19:15:43Z,xm/2021/09/PorcVoluUtilDiar_Sistema.2021-09-01.ndjson#PorcVoluUtilDiar:Sistema:2021-09-01:2021-09-30
2021-09-23,PrecBolsNaci,163.08976000000004,COP/kWh,xm:servapibi,2026-09-22T19:15:54Z,xm/2021/09/PrecBolsNaci_Sistema.2021-09-01.ndjson#PrecBolsNaci:Sistema:2021-09-01:2021-09-30
2021-09-23,PrecEscaAct,810.47222,COP/kWh,xm:servapibi,2026-09-22T19:15:52Z,xm/2021/09/PrecEscaAct_Sistema.2021-09-01.ndjson#PrecEscaAct:Sistema:2021-09-01:2021-09-30
2021-09-23,VoluUtilDiarEner,14391221800,kWh,xm:servapibi,2026-09-22T19:15:44Z,xm/2021/09/VoluUtilDiarEner_Sistema.2021-09-01.ndjson#VoluUtilDiarEner:Sistema:2021-09-01:2021-09-30
2021-09-24,AporEner,237871100,kWh,xm:servapibi,2026-09-22T19:15:47Z,xm/2021/09/AporEner_Sistema.2021-09-01.ndjson#AporEner:Sistema:2021-09-01:2021-09-30
2021-09-24,AporEnerMediHist,178020000,kWh,xm:servapibi,2026-09-22T19:15:48Z,xm/2021/09/AporEnerMediHist_Sistema.2021-09-01.ndjson#AporEnerMediHist:Sistema:2021-09-01:2021-09-30
2021-09-24,CapaUtilDiarEner,16842734346,kWh,xm:servapibi,2026-09-22T19:15:46Z,xm/2021/09/CapaUtilDiarEner_Sistema.2021-09-01.ndjson#CapaUtilDiarEner:Sistema:2021-09-01:2021-09-30
2021-09-24,DemaSIN,215414960.78,kWh,xm:servapibi,2026-09-22T19:15:51Z,xm/2021/09/DemaSIN_Sistema.2021-09-01.ndjson#DemaSIN:Sistema:2021-09-01:2021-09-30
2021-09-24,PorcApor,1.3362,fraction,xm:servapibi,2026-09-22T19:15:50Z,xm/2021/09/PorcApor_Sistema.2021-09-01.ndjson#PorcApor:Sistema:2021-09-01:2021-09-30
2021-09-24,PorcVoluUtilDiar,0.85449,fraction,xm:servapibi,2026-09-22T19:15:43Z,xm/2021/09/PorcVoluUtilDiar_Sistema.2021-09-01.ndjson#PorcVoluUtilDiar:Sistema:2021-09-01:2021-09-30
2021-09-24,PrecBolsNaci,145.87356666666668,COP/kWh,xm:servapibi,2026-09-22T19:15:54Z,xm/2021/09/PrecBolsNaci_Sistema.2021-09-01.ndjson#PrecBolsNaci:Sistema:2021-09-01:2021-09-30
2021-09-24,PrecEscaAct,810.47222,COP/kWh,xm:servapibi,2026-09-22T19:15:52Z,xm/2021/09/PrecEscaAct_Sistema.2021-09-01.ndjson#PrecEscaAct:Sistema:2021-09-01:2021-09-30
2021-09-24,VoluUtilDiarEner,14391951800,kWh,xm:servapibi,2026-09-22T19:15:44Z,xm/2021/09/VoluUtilDiarEner_Sistema.2021-09-01.ndjson#VoluUtilDiarEner:Sistema:2021-09-01:2021-09-30
2021-09-25,AporEner,195213700,kWh,xm:servapibi,2026-09-22T19:15:47Z,xm/2021/09/AporEner_Sistema.2021-09-01.ndjson#AporEner:Sistema:2021-09-01:2021-09-30
2021-09-25,AporEnerMediHist,178020000,kWh,xm:servapibi,2026-09-22T19:15:48Z,xm/2021/09/AporEnerMediHist_Sistema.2021-09-01.ndjson#AporEnerMediHist:Sistema:2021-09-01:2021-09-30
2021-09-25,CapaUtilDiarEner,16842734346,kWh,xm:servapibi,2026-09-22T19:15:46Z,xm/2021/09/CapaUtilDiarEner_Sistema.2021-09-01.ndjson#CapaUtilDiarEner:Sistema:2021-09-01:2021-09-30
2021-09-25,DemaSIN,210055146.04,kWh,xm:servapibi,2026-09-22T19:15:51Z,xm/2021/09/DemaSIN_Sistema.2021-09-01.ndjson#DemaSIN:Sistema:2021-09-01:2021-09-30
2021-09-25,PorcApor,1.09658,fraction,xm:servapibi,2026-09-22T19:15:50Z,xm/2021/09/PorcApor_Sistema.2021-09-01.ndjson#PorcApor:Sistema:2021-09-01:2021-09-30
2021-09-25,PorcVoluUtilDiar,0.85239,fraction,xm:servapibi,2026-09-22T19:15:43Z,xm/2021/09/PorcVoluUtilDiar_Sistema.2021-09-01.ndjson#PorcVoluUtilDiar:Sistema:2021-09-01:2021-09-30
2021-09-25,PrecBolsNaci,109.25530499999996,COP/kWh,xm:servapibi,2026-09-22T19:15:54Z,xm/2021/09/PrecBolsNaci_Sistema.2021-09-01.ndjson#PrecBolsNaci:Sistema:2021-09-01:2021-09-30
2021-09-25,PrecEscaAct,810.47222,COP/kWh,xm:servapibi,2026-09-22T19:15:52Z,xm/2021/09/PrecEscaAct_Sistema.2021-09-01.ndjson#PrecEscaAct:Sistema:2021-09-01:2021-09-30
2021-09-25,VoluUtilDiarEner,14356511600,kWh,xm:servapibi,2026-09-22T19:15:44Z,xm/2021/09/VoluUtilDiarEner_Sistema.2021-09-01.ndjson#VoluUtilDiarEner:Sistema:2021-09-01:2021-09-30
2021-09-26,AporEner,152424900,kWh,xm:servapibi,2026-09-22T19:15:47Z,xm/2021/09/AporEner_Sistema.2021-09-01.ndjson#AporEner:Sistema:2021-09-01:2021-09-30
2021-09-26,AporEnerMediHist,178020000,kWh,xm:servapibi,2026-09-22T19:15:48Z,xm/2021/09/AporEnerMediHist_Sistema.2021-09-01.ndjson#AporEnerMediHist:Sistema:2021-09-01:2021-09-30
2021-09-26,CapaUtilDiarEner,16842734346,kWh,xm:servapibi,2026-09-22T19:15:46Z,xm/2021/09/CapaUtilDiarEner_Sistema.2021-09-01.ndjson#CapaUtilDiarEner:Sistema:2021-09-01:2021-09-30
2021-09-26,DemaSIN,193541649.07,kWh,xm:servapibi,2026-09-22T19:15:51Z,xm/2021/09/DemaSIN_Sistema.2021-09-01.ndjson#DemaSIN:Sistema:2021-09-01:2021-09-30
2021-09-26,PorcApor,0.85622,fraction,xm:servapibi,2026-09-22T19:15:50Z,xm/2021/09/PorcApor_Sistema.2021-09-01.ndjson#PorcApor:Sistema:2021-09-01:2021-09-30
2021-09-26,PorcVoluUtilDiar,0.85028,fraction,xm:servapibi,2026-09-22T19:15:43Z,xm/2021/09/PorcVoluUtilDiar_Sistema.2021-09-01.ndjson#PorcVoluUtilDiar:Sistema:2021-09-01:2021-09-30
2021-09-26,PrecBolsNaci,89.51394499999998,COP/kWh,xm:servapibi,2026-09-22T19:15:54Z,xm/2021/09/PrecBolsNaci_Sistema.2021-09-01.ndjson#PrecBolsNaci:Sistema:2021-09-01:2021-09-30
2021-09-26,PrecEscaAct,810.47222,COP/kWh,xm:servapibi,2026-09-22T19:15:52Z,xm/2021/09/PrecEscaAct_Sistema.2021-09-01.ndjson#PrecEscaAct:Sistema:2021-09-01:2021-09-30
2021-09-26,VoluUtilDiarEner,14320973100,kWh,xm:servapibi,2026-09-22T19:15:44Z,xm/2021/09/VoluUtilDiarEner_Sistema.2021-09-01.ndjson#VoluUtilDiarEner:Sistema:2021-09-01:2021-09-30
2021-09-27,AporEner,146059600,kWh,xm:servapibi,2026-09-22T19:15:47Z,xm/2021/09/AporEner_Sistema.2021-09-01.ndjson#AporEner:Sistema:2021-09-01:2021-09-30
2021-09-27,AporEnerMediHist,178020000,kWh,xm:servapibi,2026-09-22T19:15:48Z,xm/2021/09/AporEnerMediHist_Sistema.2021-09-01.ndjson#AporEnerMediHist:Sistema:2021-09-01:2021-09-30
2021-09-27,CapaUtilDiarEner,16842734346,kWh,xm:servapibi,2026-09-22T19:15:46Z,xm/2021/09/CapaUtilDiarEner_Sistema.2021-09-01.ndjson#CapaUtilDiarEner:Sistema:2021-09-01:2021-09-30
2021-09-27,DemaSIN,219348837.8,kWh,xm:servapibi,2026-09-22T19:15:51Z,xm/2021/09/DemaSIN_Sistema.2021-09-01.ndjson#DemaSIN:Sistema:2021-09-01:2021-09-30
2021-09-27,PorcApor,0.82047,fraction,xm:servapibi,2026-09-22T19:15:50Z,xm/2021/09/PorcApor_Sistema.2021-09-01.ndjson#PorcApor:Sistema:2021-09-01:2021-09-30
2021-09-27,PorcVoluUtilDiar,0.84674,fraction,xm:servapibi,2026-09-22T19:15:43Z,xm/2021/09/PorcVoluUtilDiar_Sistema.2021-09-01.ndjson#PorcVoluUtilDiar:Sistema:2021-09-01:2021-09-30
2021-09-27,PrecBolsNaci,136.2298266666667,COP/kWh,xm:servapibi,2026-09-22T19:15:54Z,xm/2021/09/PrecBolsNaci_Sistema.2021-09-01.ndjson#PrecBolsNaci:Sistema:2021-09-01:2021-09-30
2021-09-27,PrecEscaAct,810.47222,COP/kWh,xm:servapibi,2026-09-22T19:15:52Z,xm/2021/09/PrecEscaAct_Sistema.2021-09-01.ndjson#PrecEscaAct:Sistema:2021-09-01:2021-09-30
2021-09-27,VoluUtilDiarEner,14261372500,kWh,xm:servapibi,2026-09-22T19:15:44Z,xm/2021/09/VoluUtilDiarEner_Sistema.2021-09-01.ndjson#VoluUtilDiarEner:Sistema:2021-09-01:2021-09-30
2021-09-28,AporEner,145577200,kWh,xm:servapibi,2026-09-22T19:15:47Z,xm/2021/09/AporEner_Sistema.2021-09-01.ndjson#AporEner:Sistema:2021-09-01:2021-09-30
2021-09-28,AporEnerMediHist,178020000,kWh,xm:servapibi,2026-09-22T19:15:48Z,xm/2021/09/AporEnerMediHist_Sistema.2021-09-01.ndjson#AporEnerMediHist:Sistema:2021-09-01:2021-09-30
2021-09-28,CapaUtilDiarEner,16842734346,kWh,xm:servapibi,2026-09-22T19:15:46Z,xm/2021/09/CapaUtilDiarEner_Sistema.2021-09-01.ndjson#CapaUtilDiarEner:Sistema:2021-09-01:2021-09-30
2021-09-28,DemaSIN,216317552.64,kWh,xm:servapibi,2026-09-22T19:15:51Z,xm/2021/09/DemaSIN_Sistema.2021-09-01.ndjson#DemaSIN:Sistema:2021-09-01:2021-09-30
2021-09-28,PorcApor,0.81776,fraction,xm:servapibi,2026-09-22T19:15:50Z,xm/2021/09/PorcApor_Sistema.2021-09-01.ndjson#PorcApor:Sistema:2021-09-01:2021-09-30
2021-09-28,PorcVoluUtilDiar,0.84419,fraction,xm:servapibi,2026-09-22T19:15:43Z,xm/2021/09/PorcVoluUtilDiar_Sistema.2021-09-01.ndjson#PorcVoluUtilDiar:Sistema:2021-09-01:2021-09-30
2021-09-28,PrecBolsNaci,121.09989833333333,COP/kWh,xm:servapibi,2026-09-22T19:15:54Z,xm/2021/09/PrecBolsNaci_Sistema.2021-09-01.ndjson#PrecBolsNaci:Sistema:2021-09-01:2021-09-30
2021-09-28,PrecEscaAct,810.47222,COP/kWh,xm:servapibi,2026-09-22T19:15:52Z,xm/2021/09/PrecEscaAct_Sistema.2021-09-01.ndjson#PrecEscaAct:Sistema:2021-09-01:2021-09-30
2021-09-28,VoluUtilDiarEner,14218484700,kWh,xm:servapibi,2026-09-22T19:15:44Z,xm/2021/09/VoluUtilDiarEner_Sistema.2021-09-01.ndjson#VoluUtilDiarEner:Sistema:2021-09-01:2021-09-30
2021-09-29,AporEner,173746500,kWh,xm:servapibi,2026-09-22T19:15:47Z,xm/2021/09/AporEner_Sistema.2021-09-01.ndjson#AporEner:Sistema:2021-09-01:2021-09-30
2021-09-29,AporEnerMediHist,178020000,kWh,xm:servapibi,2026-09-22T19:15:48Z,xm/2021/09/AporEnerMediHist_Sistema.2021-09-01.ndjson#AporEnerMediHist:Sistema:2021-09-01:2021-09-30
2021-09-29,CapaUtilDiarEner,16842734346,kWh,xm:servapibi,2026-09-22T19:15:46Z,xm/2021/09/CapaUtilDiarEner_Sistema.2021-09-01.ndjson#CapaUtilDiarEner:Sistema:2021-09-01:2021-09-30
2021-09-29,DemaSIN,215329672.27,kWh,xm:servapibi,2026-09-22T19:15:51Z,xm/2021/09/DemaSIN_Sistema.2021-09-01.ndjson#DemaSIN:Sistema:2021-09-01:2021-09-30
2021-09-29,PorcApor,0.97599,fraction,xm:servapibi,2026-09-22T19:15:50Z,xm/2021/09/PorcApor_Sistema.2021-09-01.ndjson#PorcApor:Sistema:2021-09-01:2021-09-30
2021-09-29,PorcVoluUtilDiar,0.84369,fraction,xm:servapibi,2026-09-22T19:15:43Z,xm/2021/09/PorcVoluUtilDiar_Sistema.2021-09-01.ndjson#PorcVoluUtilDiar:Sistema:2021-09-01:2021-09-30
2021-09-29,PrecBolsNaci,134.44978333333333,COP/kWh,xm:servapibi,2026-09-22T19:15:54Z,xm/2021/09/PrecBolsNaci_Sistema.2021-09-01.ndjson#PrecBolsNaci:Sistema:2021-09-01:2021-09-30
2021-09-29,PrecEscaAct,810.47222,COP/kWh,xm:servapibi,2026-09-22T19:15:52Z,xm/2021/09/PrecEscaAct_Sistema.2021-09-01.ndjson#PrecEscaAct:Sistema:2021-09-01:2021-09-30
2021-09-29,VoluUtilDiarEner,14209970400,kWh,xm:servapibi,2026-09-22T19:15:44Z,xm/2021/09/VoluUtilDiarEner_Sistema.2021-09-01.ndjson#VoluUtilDiarEner:Sistema:2021-09-01:2021-09-30
2021-09-30,AporEner,216791600,kWh,xm:servapibi,2026-09-22T19:15:47Z,xm/2021/09/AporEner_Sistema.2021-09-01.ndjson#AporEner:Sistema:2021-09-01:2021-09-30
2021-09-30,AporEnerMediHist,178020000,kWh,xm:servapibi,2026-09-22T19:15:48Z,xm/2021/09/AporEnerMediHist_Sistema.2021-09-01.ndjson#AporEnerMediHist:Sistema:2021-09-01:2021-09-30
2021-09-30,CapaUtilDiarEner,16842734346,kWh,xm:servapibi,2026-09-22T19:15:46Z,xm/2021/09/CapaUtilDiarEner_Sistema.2021-09-01.ndjson#CapaUtilDiarEner:Sistema:2021-09-01:2021-09-30
2021-09-30,DemaSIN,211327438.7,kWh,xm:servapibi,2026-09-22T19:15:51Z,xm/2021/09/DemaSIN_Sistema.2021-09-01.ndjson#DemaSIN:Sistema:2021-09-01:2021-09-30
2021-09-30,PorcApor,1.21779,fraction,xm:servapibi,2026-09-22T19:15:50Z,xm/2021/09/PorcApor_Sistema.2021-09-01.ndjson#PorcApor:Sistema:2021-09-01:2021-09-30
2021-09-30,PorcVoluUtilDiar,0.84571,fraction,xm:servapibi,2026-09-22T19:15:43Z,xm/2021/09/PorcVoluUtilDiar_Sistema.2021-09-01.ndjson#PorcVoluUtilDiar:Sistema:2021-09-01:2021-09-30
2021-09-30,PrecBolsNaci,109.54070000000002,COP/kWh,xm:servapibi,2026-09-22T19:15:54Z,xm/2021/09/PrecBolsNaci_Sistema.2021-09-01.ndjson#PrecBolsNaci:Sistema:2021-09-01:2021-09-30
2021-09-30,PrecEscaAct,810.47222,COP/kWh,xm:servapibi,2026-09-22T19:15:52Z,xm/2021/09/PrecEscaAct_Sistema.2021-09-01.ndjson#PrecEscaAct:Sistema:2021-09-01:2021-09-30
2021-09-30,VoluUtilDiarEner,14244065600,kWh,xm:servapibi,2026-09-22T19:15:44Z,xm/2021/09/VoluUtilDiarEner_Sistema.2021-09-01.ndjson#VoluUtilDiarEner:Sistema:2021-09-01:2021-09-30
2021-10-01,AporEner,198180700,kWh,xm:servapibi,2026-09-22T19:16:02Z,xm/2021/10/AporEner_Sistema.2021-10-01.ndjson#AporEner:Sistema:2021-10-01:2021-10-31
2021-10-01,AporEnerMediHist,202260000,kWh,xm:servapibi,2026-09-22T19:16:03Z,xm/2021/10/AporEnerMediHist_Sistema.2021-10-01.ndjson#AporEnerMediHist:Sistema:2021-10-01:2021-10-31
2021-10-01,CapaUtilDiarEner,16842734346,kWh,xm:servapibi,2026-09-22T19:16:00Z,xm/2021/10/CapaUtilDiarEner_Sistema.2021-10-01.ndjson#CapaUtilDiarEner:Sistema:2021-10-01:2021-10-31
2021-10-01,DemaSIN,212172524.1,kWh,xm:servapibi,2026-09-22T19:16:06Z,xm/2021/10/DemaSIN_Sistema.2021-10-01.ndjson#DemaSIN:Sistema:2021-10-01:2021-10-31
2021-10-01,PorcApor,0.97983,fraction,xm:servapibi,2026-09-22T19:16:04Z,xm/2021/10/PorcApor_Sistema.2021-10-01.ndjson#PorcApor:Sistema:2021-10-01:2021-10-31
2021-10-01,PorcVoluUtilDiar,0.84478,fraction,xm:servapibi,2026-09-22T19:15:58Z,xm/2021/10/PorcVoluUtilDiar_Sistema.2021-10-01.ndjson#PorcVoluUtilDiar:Sistema:2021-10-01:2021-10-31
2021-10-01,PrecBolsNaci,109.750465,COP/kWh,xm:servapibi,2026-09-22T19:16:09Z,xm/2021/10/PrecBolsNaci_Sistema.2021-10-01.ndjson#PrecBolsNaci:Sistema:2021-10-01:2021-10-31
2021-10-01,PrecEscaAct,841.2642,COP/kWh,xm:servapibi,2026-09-22T19:16:07Z,xm/2021/10/PrecEscaAct_Sistema.2021-10-01.ndjson#PrecEscaAct:Sistema:2021-10-01:2021-10-31
2021-10-01,VoluUtilDiarEner,14228383000,kWh,xm:servapibi,2026-09-22T19:15:59Z,xm/2021/10/VoluUtilDiarEner_Sistema.2021-10-01.ndjson#VoluUtilDiarEner:Sistema:2021-10-01:2021-10-31
2021-10-02,AporEner,217762500,kWh,xm:servapibi,2026-09-22T19:16:02Z,xm/2021/10/AporEner_Sistema.2021-10-01.ndjson#AporEner:Sistema:2021-10-01:2021-10-31
2021-10-02,AporEnerMediHist,202260000,kWh,xm:servapibi,2026-09-22T19:16:03Z,xm/2021/10/AporEnerMediHist_Sistema.2021-10-01.ndjson#AporEnerMediHist:Sistema:2021-10-01:2021-10-31
2021-10-02,CapaUtilDiarEner,16842734346,kWh,xm:servapibi,2026-09-22T19:16:00Z,xm/2021/10/CapaUtilDiarEner_Sistema.2021-10-01.ndjson#CapaUtilDiarEner:Sistema:2021-10-01:2021-10-31
2021-10-02,DemaSIN,207326727.01,kWh,xm:servapibi,2026-09-22T19:16:06Z,xm/2021/10/DemaSIN_Sistema.2021-10-01.ndjson#DemaSIN:Sistema:2021-10-01:2021-10-31
2021-10-02,PorcApor,1.07665,fraction,xm:servapibi,2026-09-22T19:16:04Z,xm/2021/10/PorcApor_Sistema.2021-10-01.ndjson#PorcApor:Sistema:2021-10-01:2021-10-31
2021-10-02,PorcVoluUtilDiar,0.84551,fraction,xm:servapibi,2026-09-22T19:15:58Z,xm/2021/10/PorcVoluUtilDiar_Sistema.2021-10-01.ndjson#PorcVoluUtilDiar:Sistema:2021-10-01:2021-10-31
2021-10-02,PrecBolsNaci,111.38027499999997,COP/kWh,xm:servapibi,2026-09-22T19:16:09Z,xm/2021/10/PrecBolsNaci_Sistema.2021-10-01.ndjson#PrecBolsNaci:Sistema:2021-10-01:2021-10-31
2021-10-02,PrecEscaAct,841.2642,COP/kWh,xm:servapibi,2026-09-22T19:16:07Z,xm/2021/10/PrecEscaAct_Sistema.2021-10-01.ndjson#PrecEscaAct:Sistema:2021-10-01:2021-10-31
2021-10-02,VoluUtilDiarEner,14240744600,kWh,xm:servapibi,2026-09-22T19:15:59Z,xm/2021/10/VoluUtilDiarEner_Sistema.2021-10-01.ndjson#VoluUtilDiarEner:Sistema:2021-10-01:2021-10-31
2021-10-03,AporEner,181168300,kWh,xm:servapibi,2026-09-22T19:16:02Z,xm/2021/10/AporEner_Sistema.2021-10-01.ndjson#AporEner:Sistema:2021-10-01:2021-10-31
2021-10-03,AporEnerMediHist,202260000,kWh,xm:servapibi,2026-09-22T19:16:03Z,xm/2021/10/AporEnerMediHist_Sistema.2021-10-01.ndjson#AporEnerMediHist:Sistema:2021-10-01:2021-10-31
2021-10-03,CapaUtilDiarEner,16842734346,kWh,xm:servapibi,2026-09-22T19:16:00Z,xm/2021/10/CapaUtilDiarEner_Sistema.2021-10-01.ndjson#CapaUtilDiarEner:Sistema:2021-10-01:2021-10-31
2021-10-03,DemaSIN,191603017.38,kWh,xm:servapibi,2026-09-22T19:16:06Z,xm/2021/10/DemaSIN_Sistema.2021-10-01.ndjson#DemaSIN:Sistema:2021-10-01:2021-10-31
2021-10-03,PorcApor,0.89572,fraction,xm:servapibi,2026-09-22T19:16:04Z,xm/2021/10/PorcApor_Sistema.2021-10-01.ndjson#PorcApor:Sistema:2021-10-01:2021-10-31
2021-10-03,PorcVoluUtilDiar,0.84555,fraction,xm:servapibi,2026-09-22T19:15:58Z,xm/2021/10/PorcVoluUtilDiar_Sistema.2021-10-01.ndjson#PorcVoluUtilDiar:Sistema:2021-10-01:2021-10-31
2021-10-03,PrecBolsNaci,95.58312666666666,COP/kWh,xm:servapibi,2026-09-22T19:16:09Z,xm/2021/10/PrecBolsNaci_Sistema.2021-10-01.ndjson#PrecBolsNaci:Sistema:2021-10-01:2021-10-31
2021-10-03,PrecEscaAct,841.2642,COP/kWh,xm:servapibi,2026-09-22T19:16:07Z,xm/2021/10/PrecEscaAct_Sistema.2021-10-01.ndjson#PrecEscaAct:Sistema:2021-10-01:2021-10-31
2021-10-03,VoluUtilDiarEner,14241432100,kWh,xm:servapibi,2026-09-22T19:15:59Z,xm/2021/10/VoluUtilDiarEner_Sistema.2021-10-01.ndjson#VoluUtilDiarEner:Sistema:2021-10-01:2021-10-31
2021-10-04,AporEner,159049600,kWh,xm:servapibi,2026-09-22T19:16:02Z,xm/2021/10/AporEner_Sistema.2021-10-01.ndjson#AporEner:Sistema:2021-10-01:2021-10-31
2021-10-04,AporEnerMediHist,202260000,kWh,xm:servapibi,2026-09-22T19:16:03Z,xm/2021/10/AporEnerMediHist_Sistema.2021-10-01.ndjson#AporEnerMediHist:Sistema:2021-10-01:2021-10-31
2021-10-04,CapaUtilDiarEner,16842734346,kWh,xm:servapibi,2026-09-22T19:16:00Z,xm/2021/10/CapaUtilDiarEner_Sistema.2021-10-01.ndjson#CapaUtilDiarEner:Sistema:2021-10-01:2021-10-31
2021-10-04,DemaSIN,216288289.43,kWh,xm:servapibi,2026-09-22T19:16:06Z,xm/2021/10/DemaSIN_Sistema.2021-10-01.ndjson#DemaSIN:Sistema:2021-10-01:2021-10-31
2021-10-04,PorcApor,0.78636,fraction,xm:servapibi,2026-09-22T19:16:04Z,xm/2021/10/PorcApor_Sistema.2021-10-01.ndjson#PorcApor:Sistema:2021-10-01:2021-10-31
2021-10-04,PorcVoluUtilDiar,0.84262,fraction,xm:servapibi,2026-09-22T19:15:58Z,xm/2021/10/PorcVoluUtilDiar_Sistema.2021-10-01.ndjson#PorcVoluUtilDiar:Sistema:2021-10-01:2021-10-31
2021-10-04,PrecBolsNaci,115.35779333333335,COP/kWh,xm:servapibi,2026-09-22T19:16:09Z,xm/2021/10/PrecBolsNaci_Sistema.2021-10-01.ndjson#PrecBolsNaci:Sistema:2021-10-01:2021-10-31
2021-10-04,PrecEscaAct,841.2642,COP/kWh,xm:servapibi,2026-09-22T19:16:07Z,xm/2021/10/PrecEscaAct_Sistema.2021-10-01.ndjson#PrecEscaAct:Sistema:2021-10-01:2021-10-31
2021-10-04,VoluUtilDiarEner,14192020500,kWh,xm:servapibi,2026-09-22T19:15:59Z,xm/2021/10/VoluUtilDiarEner_Sistema.2021-10-01.ndjson#VoluUtilDiarEner:Sistema:2021-10-01:2021-10-31
2021-10-05,AporEner,177346800,kWh,xm:servapibi,2026-09-22T19:16:02Z,xm/2021/10/AporEner_Sistema.2021-10-01.ndjson#AporEner:Sistema:2021-10-01:2021-10-31
2021-10-05,AporEnerMediHist,202260000,kWh,xm:servapibi,2026-09-22T19:16:03Z,xm/2021/10/AporEnerMediHist_Sistema.2021-10-01.ndjson#AporEnerMediHist:Sistema:2021-10-01:2021-10-31
2021-10-05,CapaUtilDiarEner,16842734346,kWh,xm:servapibi,2026-09-22T19:16:00Z,xm/2021/10/CapaUtilDiarEner_Sistema.2021-10-01.ndjson#CapaUtilDiarEner:Sistema:2021-10-01:2021-10-31
2021-10-05,DemaSIN,216283590.23,kWh,xm:servapibi,2026-09-22T19:16:06Z,xm/2021/10/DemaSIN_Sistema.2021-10-01.ndjson#DemaSIN:Sistema:2021-10-01:2021-10-31
2021-10-05,PorcApor,0.87683,fraction,xm:servapibi,2026-09-22T19:16:04Z,xm/2021/10/PorcApor_Sistema.2021-10-01.ndjson#PorcApor:Sistema:2021-10-01:2021-10-31
2021-10-05,PorcVoluUtilDiar,0.84085,fraction,xm:servapibi,2026-09-22T19:15:58Z,xm/2021/10/PorcVoluUtilDiar_Sistema.2021-10-01.ndjson#PorcVoluUtilDiar:Sistema:2021-10-01:2021-10-31
2021-10-05,PrecBolsNaci,109.67438000000003,COP/kWh,xm:servapibi,2026-09-22T19:16:09Z,xm/2021/10/PrecBolsNaci_Sistema.2021-10-01.ndjson#PrecBolsNaci:Sistema:2021-10-01:2021-10-31
2021-10-05,PrecEscaAct,841.2642,COP/kWh,xm:servapibi,2026-09-22T19:16:07Z,xm/2021/10/PrecEscaAct_Sistema.2021-10-01.ndjson#PrecEscaAct:Sistema:2021-10-01:2021-10-31
2021-10-05,VoluUtilDiarEner,14162190400,kWh,xm:servapibi,2026-09-22T19:15:59Z,xm/2021/10/VoluUtilDiarEner_Sistema.2021-10-01.ndjson#VoluUtilDiarEner:Sistema:2021-10-01:2021-10-31
2021-10-06,AporEner,219478200,kWh,xm:servapibi,2026-09-22T19:16:02Z,xm/2021/10/AporEner_Sistema.2021-10-01.ndjson#AporEner:Sistema:2021-10-01:2021-10-31
2021-10-06,AporEnerMediHist,202260000,kWh,xm:servapibi,2026-09-22T19:16:03Z,xm/2021/10/AporEnerMediHist_Sistema.2021-10-01.ndjson#AporEnerMediHist:Sistema:2021-10-01:2021-10-31
2021-10-06,CapaUtilDiarEner,16842734346,kWh,xm:servapibi,2026-09-22T19:16:00Z,xm/2021/10/CapaUtilDiarEner_Sistema.2021-10-01.ndjson#CapaUtilDiarEner:Sistema:2021-10-01:2021-10-31
2021-10-06,DemaSIN,217006428.36,kWh,xm:servapibi,2026-09-22T19:16:06Z,xm/2021/10/DemaSIN_Sistema.2021-10-01.ndjson#DemaSIN:Sistema:2021-10-01:2021-10-31
2021-10-06,PorcApor,1.08513,fraction,xm:servapibi,2026-09-22T19:16:04Z,xm/2021/10/PorcApor_Sistema.2021-10-01.ndjson#PorcApor:Sistema:2021-10-01:2021-10-31
2021-10-06,PorcVoluUtilDiar,0.8431,fraction,xm:servapibi,2026-09-22T19:15:58Z,xm/2021/10/PorcVoluUtilDiar_Sistema.2021-10-01.ndjson#PorcVoluUtilDiar:Sistema:2021-10-01:2021-10-31
2021-10-06,PrecBolsNaci,112.38578999999999,COP/kWh,xm:servapibi,2026-09-22T19:16:09Z,xm/2021/10/PrecBolsNaci_Sistema.2021-10-01.ndjson#PrecBolsNaci:Sistema:2021-10-01:2021-10-31
2021-10-06,PrecEscaAct,841.2642,COP/kWh,xm:servapibi,2026-09-22T19:16:07Z,xm/2021/10/PrecEscaAct_Sistema.2021-10-01.ndjson#PrecEscaAct:Sistema:2021-10-01:2021-10-31
2021-10-06,VoluUtilDiarEner,14200081100,kWh,xm:servapibi,2026-09-22T19:15:59Z,xm/2021/10/VoluUtilDiarEner_Sistema.2021-10-01.ndjson#VoluUtilDiarEner:Sistema:2021-10-01:2021-10-31
2021-10-07,AporEner,239594200,kWh,xm:servapibi,2026-09-22T19:16:02Z,xm/2021/10/AporEner_Sistema.2021-10-01.ndjson#AporEner:Sistema:2021-10-01:2021-10-31
2021-10-07,AporEnerMediHist,202260000,kWh,xm:servapibi,2026-09-22T19:16:03Z,xm/2021/10/AporEnerMediHist_Sistema.2021-10-01.ndjson#AporEnerMediHist:Sistema:2021-10-01:2021-10-31
2021-10-07,CapaUtilDiarEner,16842734346,kWh,xm:servapibi,2026-09-22T19:16:00Z,xm/2021/10/CapaUtilDiarEner_Sistema.2021-10-01.ndjson#CapaUtilDiarEner:Sistema:2021-10-01:2021-10-31
2021-10-07,DemaSIN,220475464.16,kWh,xm:servapibi,2026-09-22T19:16:06Z,xm/2021/10/DemaSIN_Sistema.2021-10-01.ndjson#DemaSIN:Sistema:2021-10-01:2021-10-31
2021-10-07,PorcApor,1.18459,fraction,xm:servapibi,2026-09-22T19:16:04Z,xm/2021/10/PorcApor_Sistema.2021-10-01.ndjson#PorcApor:Sistema:2021-10-01:2021-10-31
2021-10-07,PorcVoluUtilDiar,0.84436,fraction,xm:servapibi,2026-09-22T19:15:58Z,xm/2021/10/PorcVoluUtilDiar_Sistema.2021-10-01.ndjson#PorcVoluUtilDiar:Sistema:2021-10-01:2021-10-31
2021-10-07,PrecBolsNaci,110.38348000000006,COP/kWh,xm:servapibi,2026-09-22T19:16:09Z,xm/2021/10/PrecBolsNaci_Sistema.2021-10-01.ndjson#PrecBolsNaci:Sistema:2021-10-01:2021-10-31
2021-10-07,PrecEscaAct,841.2642,COP/kWh,xm:servapibi,2026-09-22T19:16:07Z,xm/2021/10/PrecEscaAct_Sistema.2021-10-01.ndjson#PrecEscaAct:Sistema:2021-10-01:2021-10-31
2021-10-07,VoluUtilDiarEner,14221400300,kWh,xm:servapibi,2026-09-22T19:15:59Z,xm/2021/10/VoluUtilDiarEner_Sistema.2021-10-01.ndjson#VoluUtilDiarEner:Sistema:2021-10-01:2021-10-31
2021-10-08,AporEner,178830500,kWh,xm:servapibi,2026-09-22T19:16:02Z,xm/2021/10/AporEner_Sistema.2021-10-01.ndjson#AporEner:Sistema:2021-10-01:2021-10-31
2021-10-08,AporEnerMediHist,202260000,kWh,xm:servapibi,2026-09-22T19:16:03Z,xm/2021/10/AporEnerMediHist_Sistema.2021-10-01.ndjson#AporEnerMediHist:Sistema:2021-10-01:2021-10-31
2021-10-08,CapaUtilDiarEner,16842734346,kWh,xm:servapibi,2026-09-22T19:16:00Z,xm/2021/10/CapaUtilDiarEner_Sistema.2021-10-01.ndjson#CapaUtilDiarEner:Sistema:2021-10-01:2021-10-31
2021-10-08,DemaSIN,220000563.16,kWh,xm:servapibi,2026-09-22T19:16:06Z,xm/2021/10/DemaSIN_Sistema.2021-10-01.ndjson#DemaSIN:Sistema:2021-10-01:2021-10-31
2021-10-08,PorcApor,0.88416,fraction,xm:servapibi,2026-09-22T19:16:04Z,xm/2021/10/PorcApor_Sistema.2021-10-01.ndjson#PorcApor:Sistema:2021-10-01:2021-10-31
2021-10-08,PorcVoluUtilDiar,0.84278,fraction,xm:servapibi,2026-09-22T19:15:58Z,xm/2021/10/PorcVoluUtilDiar_Sistema.2021-10-01.ndjson#PorcVoluUtilDiar:Sistema:2021-10-01:2021-10-31
2021-10-08,PrecBolsNaci,100.43059166666667,COP/kWh,xm:servapibi,2026-09-22T19:16:09Z,xm/2021/10/PrecBolsNaci_Sistema.2021-10-01.ndjson#PrecBolsNaci:Sistema:2021-10-01:2021-10-31
2021-10-08,PrecEscaAct,841.2642,COP/kWh,xm:servapibi,2026-09-22T19:16:07Z,xm/2021/10/PrecEscaAct_Sistema.2021-10-01.ndjson#PrecEscaAct:Sistema:2021-10-01:2021-10-31
2021-10-08,VoluUtilDiarEner,14194763900,kWh,xm:servapibi,2026-09-22T19:15:59Z,xm/2021/10/VoluUtilDiarEner_Sistema.2021-10-01.ndjson#VoluUtilDiarEner:Sistema:2021-10-01:2021-10-31
2021-10-09,AporEner,166009700,kWh,xm:servapibi,2026-09-22T19:16:02Z,xm/2021/10/AporEner_Sistema.2021-10-01.ndjson#AporEner:Sistema:2021-10-01:2021-10-31
2021-10-09,AporEnerMediHist,202260000,kWh,xm:servapibi,2026-09-22T19:16:03Z,xm/2021/10/AporEnerMediHist_Sistema.2021-10-01.ndjson#AporEnerMediHist:Sistema:2021-10-01:2021-10-31
2021-10-09,CapaUtilDiarEner,16842734346,kWh,xm:servapibi,2026-09-22T19:16:00Z,xm/2021/10/CapaUtilDiarEner_Sistema.2021-10-01.ndjson#CapaUtilDiarEner:Sistema:2021-10-01:2021-10-31
2021-10-09,DemaSIN,208897767.33,kWh,xm:servapibi,2026-09-22T19:16:06Z,xm/2021/10/DemaSIN_Sistema.2021-10-01.ndjson#DemaSIN:Sistema:2021-10-01:2021-10-31
2021-10-09,PorcApor,0.82077,fraction,xm:servapibi,2026-09-22T19:16:04Z,xm/2021/10/PorcApor_Sistema.2021-10-01.ndjson#PorcApor:Sistema:2021-10-01:2021-10-31
2021-10-09,PorcVoluUtilDiar,0.84076,fraction,xm:servapibi,2026-09-22T19:15:58Z,xm/2021/10/PorcVoluUtilDiar_Sistema.2021-10-01.ndjson#PorcVoluUtilDiar:Sistema:2021-10-01:2021-10-31
2021-10-09,PrecBolsNaci,87.87517333333335,COP/kWh,xm:servapibi,2026-09-22T19:16:09Z,xm/2021/10/PrecBolsNaci_Sistema.2021-10-01.ndjson#PrecBolsNaci:Sistema:2021-10-01:2021-10-31
2021-10-09,PrecEscaAct,841.2642,COP/kWh,xm:servapibi,2026-09-22T19:16:07Z,xm/2021/10/PrecEscaAct_Sistema.2021-10-01.ndjson#PrecEscaAct:Sistema:2021-10-01:2021-10-31
2021-10-09,VoluUtilDiarEner,14160640300,kWh,xm:servapibi,2026-09-22T19:15:59Z,xm/2021/10/VoluUtilDiarEner_Sistema.2021-10-01.ndjson#VoluUtilDiarEner:Sistema:2021-10-01:2021-10-31
2021-10-10,AporEner,180441000,kWh,xm:servapibi,2026-09-22T19:16:02Z,xm/2021/10/AporEner_Sistema.2021-10-01.ndjson#AporEner:Sistema:2021-10-01:2021-10-31
2021-10-10,AporEnerMediHist,202260000,kWh,xm:servapibi,2026-09-22T19:16:03Z,xm/2021/10/AporEnerMediHist_Sistema.2021-10-01.ndjson#AporEnerMediHist:Sistema:2021-10-01:2021-10-31
2021-10-10,CapaUtilDiarEner,16842734346,kWh,xm:servapibi,2026-09-22T19:16:00Z,xm/2021/10/CapaUtilDiarEner_Sistema.2021-10-01.ndjson#CapaUtilDiarEner:Sistema:2021-10-01:2021-10-31
2021-10-10,DemaSIN,190676130.86,kWh,xm:servapibi,2026-09-22T19:16:06Z,xm/2021/10/DemaSIN_Sistema.2021-10-01.ndjson#DemaSIN:Sistema:2021-10-01:2021-10-31
2021-10-10,PorcApor,0.89212,fraction,xm:servapibi,2026-09-22T19:16:04Z,xm/2021/10/PorcApor_Sistema.2021-10-01.ndjson#PorcApor:Sistema:2021-10-01:2021-10-31
2021-10-10,PorcVoluUtilDiar,0.84083,fraction,xm:servapibi,2026-09-22T19:15:58Z,xm/2021/10/PorcVoluUtilDiar_Sistema.2021-10-01.ndjson#PorcVoluUtilDiar:Sistema:2021-10-01:2021-10-31
2021-10-10,PrecBolsNaci,88.19163500000002,COP/kWh,xm:servapibi,2026-09-22T19:16:09Z,xm/2021/10/PrecBolsNaci_Sistema.2021-10-01.ndjson#PrecBolsNaci:Sistema:2021-10-01:2021-10-31
2021-10-10,PrecEscaAct,841.2642,COP/kWh,xm:servapibi,2026-09-22T19:16:07Z,xm/2021/10/PrecEscaAct_Sistema.2021-10-01.ndjson#PrecEscaAct:Sistema:2021-10-01:2021-10-31
2021-10-10,VoluUtilDiarEner,14161886200,kWh,xm:servapibi,2026-09-22T19:15:59Z,xm/2021/10/VoluUtilDiarEner_Sistema.2021-10-01.ndjson#VoluUtilDiarEner:Sistema:2021-10-01:2021-10-31
2021-10-11,AporEner,203797800,kWh,xm:servapibi,2026-09-22T19:16:02Z,xm/2021/10/AporEner_Sistema.2021-10-01.ndjson#AporEner:Sistema:2021-10-01:2021-10-31
2021-10-11,AporEnerMediHist,202260000,kWh,xm:servapibi,2026-09-22T19:16:03Z,xm/2021/10/AporEnerMediHist_Sistema.2021-10-01.ndjson#AporEnerMediHist:Sistema:2021-10-01:2021-10-31
2021-10-11,CapaUtilDiarEner,16842734346,kWh,xm:servapibi,2026-09-22T19:16:00Z,xm/2021/10/CapaUtilDiarEner_Sistema.2021-10-01.ndjson#CapaUtilDiarEner:Sistema:2021-10-01:2021-10-31
2021-10-11,DemaSIN,211916819.78,kWh,xm:servapibi,2026-09-22T19:16:06Z,xm/2021/10/DemaSIN_Sistema.2021-10-01.ndjson#DemaSIN:Sistema:2021-10-01:2021-10-31
2021-10-11,PorcApor,1.0076,fraction,xm:servapibi,2026-09-22T19:16:04Z,xm/2021/10/PorcApor_Sistema.2021-10-01.ndjson#PorcApor:Sistema:2021-10-01:2021-10-31
2021-10-11,PorcVoluUtilDiar,0.84156,fraction,xm:servapibi,2026-09-22T19:15:58Z,xm/2021/10/PorcVoluUtilDiar_Sistema.2021-10-01.ndjson#PorcVoluUtilDiar:Sistema:2021-10-01:2021-10-31
2021-10-11,PrecBolsNaci,101.510245,COP/kWh,xm:servapibi,2026-09-22T19:16:09Z,xm/2021/10/PrecBolsNaci_Sistema.2021-10-01.ndjson#PrecBolsNaci:Sistema:2021-10-01:2021-10-31
2021-10-11,PrecEscaAct,841.2642,COP/kWh,xm:servapibi,2026-09-22T19:16:07Z,xm/2021/10/PrecEscaAct_Sistema.2021-10-01.ndjson#PrecEscaAct:Sistema:2021-10-01:2021-10-31
2021-10-11,VoluUtilDiarEner,14174105700,kWh,xm:servapibi,2026-09-22T19:15:59Z,xm/2021/10/VoluUtilDiarEner_Sistema.2021-10-01.ndjson#VoluUtilDiarEner:Sistema:2021-10-01:2021-10-31
2021-10-12,AporEner,164624600,kWh,xm:servapibi,2026-09-22T19:16:02Z,xm/2021/10/AporEner_Sistema.2021-10-01.ndjson#AporEner:Sistema:2021-10-01:2021-10-31
2021-10-12,AporEnerMediHist,202260000,kWh,xm:servapibi,2026-09-22T19:16:03Z,xm/2021/10/AporEnerMediHist_Sistema.2021-10-01.ndjson#AporEnerMediHist:Sistema:2021-10-01:2021-10-31
2021-10-12,CapaUtilDiarEner,16842734346,kWh,xm:servapibi,2026-09-22T19:16:00Z,xm/2021/10/CapaUtilDiarEner_Sistema.2021-10-01.ndjson#CapaUtilDiarEner:Sistema:2021-10-01:2021-10-31
2021-10-12,DemaSIN,217478175.23,kWh,xm:servapibi,2026-09-22T19:16:06Z,xm/2021/10/DemaSIN_Sistema.2021-10-01.ndjson#DemaSIN:Sistema:2021-10-01:2021-10-31
2021-10-12,PorcApor,0.81393,fraction,xm:servapibi,2026-09-22T19:16:04Z,xm/2021/10/PorcApor_Sistema.2021-10-01.ndjson#PorcApor:Sistema:2021-10-01:2021-10-31
2021-10-12,PorcVoluUtilDiar,0.83883,fraction,xm:servapibi,2026-09-22T19:15:58Z,xm/2021/10/PorcVoluUtilDiar_Sistema.2021-10-01.ndjson#PorcVoluUtilDiar:Sistema:2021-10-01:2021-10-31
2021-10-12,PrecBolsNaci,108.06050833333332,COP/kWh,xm:servapibi,2026-09-22T19:16:09Z,xm/2021/10/PrecBolsNaci_Sistema.2021-10-01.ndjson#PrecBolsNaci:Sistema:2021-10-01:2021-10-31
2021-10-12,PrecEscaAct,841.2642,COP/kWh,xm:servapibi,2026-09-22T19:16:07Z,xm/2021/10/PrecEscaAct_Sistema.2021-10-01.ndjson#PrecEscaAct:Sistema:2021-10-01:2021-10-31
2021-10-12,VoluUtilDiarEner,14128147300,kWh,xm:servapibi,2026-09-22T19:15:59Z,xm/2021/10/VoluUtilDiarEner_Sistema.2021-10-01.ndjson#VoluUtilDiarEner:Sistema:2021-10-01:2021-10-31
2021-10-13,AporEner,181725400,kWh,xm:servapibi,2026-09-22T19:16:02Z,xm/2021/10/AporEner_Sistema.2021-10-01.ndjson#AporEner:Sistema:2021-10-01:2021-10-31
2021-10-13,AporEnerMediHist,202260000,kWh,xm:servapibi,2026-09-22T19:16:03Z,xm/2021/10/AporEnerMediHist_Sistema.2021-10-01.ndjson#AporEnerMediHist:Sistema:2021-10-01:2021-10-31
2021-10-13,CapaUtilDiarEner,16842734346,kWh,xm:servapibi,2026-09-22T19:16:00Z,xm/2021/10/CapaUtilDiarEner_Sistema.2021-10-01.ndjson#CapaUtilDiarEner:Sistema:2021-10-01:2021-10-31
2021-10-13,DemaSIN,215101247.9,kWh,xm:servapibi,2026-09-22T19:16:06Z,xm/2021/10/DemaSIN_Sistema.2021-10-01.ndjson#DemaSIN:Sistema:2021-10-01:2021-10-31
2021-10-13,PorcApor,0.89847,fraction,xm:servapibi,2026-09-22T19:16:04Z,xm/2021/10/PorcApor_Sistema.2021-10-01.ndjson#PorcApor:Sistema:2021-10-01:2021-10-31
2021-10-13,PorcVoluUtilDiar,0.83732,fraction,xm:servapibi,2026-09-22T19:15:58Z,xm/2021/10/PorcVoluUtilDiar_Sistema.2021-10-01.ndjson#PorcVoluUtilDiar:Sistema:2021-10-01:2021-10-31
2021-10-13,PrecBolsNaci,103.38614166666663,COP/kWh,xm:servapibi,2026-09-22T19:16:09Z,xm/2021/10/PrecBolsNaci_Sistema.2021-10-01.ndjson#PrecBolsNaci:Sistema:2021-10-01:2021-10-31
2021-10-13,PrecEscaAct,841.2642,COP/kWh,xm:servapibi,2026-09-22T19:16:07Z,xm/2021/10/PrecEscaAct_Sistema.2021-10-01.ndjson#PrecEscaAct:Sistema:2021-10-01:2021-10-31
2021-10-13,VoluUtilDiarEner,14102730000,kWh,xm:servapibi,2026-09-22T19:15:59Z,xm/2021/10/VoluUtilDiarEner_Sistema.2021-10-01.ndjson#VoluUtilDiarEner:Sistema:2021-10-01:2021-10-31
2021-10-14,AporEner,192454300,kWh,xm:servapibi,2026-09-22T19:16:02Z,xm/2021/10/AporEner_Sistema.2021-10-01.ndjson#AporEner:Sistema:2021-10-01:2021-10-31
2021-10-14,AporEnerMediHist,202260000,kWh,xm:servapibi,2026-09-22T19:16:03Z,xm/2021/10/AporEnerMediHist_Sistema.2021-10-01.ndjson#AporEnerMediHist:Sistema:2021-10-01:2021-10-31
2021-10-14,CapaUtilDiarEner,16842734346,kWh,xm:servapibi,2026-09-22T19:16:00Z,xm/2021/10/CapaUtilDiarEner_Sistema.2021-10-01.ndjson#CapaUtilDiarEner:Sistema:2021-10-01:2021-10-31
2021-10-14,DemaSIN,218357220.76,kWh,xm:servapibi,2026-09-22T19:16:06Z,xm/2021/10/DemaSIN_Sistema.2021-10-01.ndjson#DemaSIN:Sistema:2021-10-01:2021-10-31
2021-10-14,PorcApor,0.95152,fraction,xm:servapibi,2026-09-22T19:16:04Z,xm/2021/10/PorcApor_Sistema.2021-10-01.ndjson#PorcApor:Sistema:2021-10-01:2021-10-31
2021-10-14,PorcVoluUtilDiar,0.83656,fraction,xm:servapibi,2026-09-22T19:15:58Z,xm/2021/10/PorcVoluUtilDiar_Sistema.2021-10-01.ndjson#PorcVoluUtilDiar:Sistema:2021-10-01:2021-10-31
2021-10-14,PrecBolsNaci,111.07357499999999,COP/kWh,xm:servapibi,2026-09-22T19:16:09Z,xm/2021/10/PrecBolsNaci_Sistema.2021-10-01.ndjson#PrecBolsNaci:Sistema:2021-10-01:2021-10-31
2021-10-14,PrecEscaAct,841.2642,COP/kWh,xm:servapibi,2026-09-22T19:16:07Z,xm/2021/10/PrecEscaAct_Sistema.2021-10-01.ndjson#PrecEscaAct:Sistema:2021-10-01:2021-10-31
2021-10-14,VoluUtilDiarEner,14089985500,kWh,xm:servapibi,2026-09-22T19:15:59Z,xm/2021/10/VoluUtilDiarEner_Sistema.2021-10-01.ndjson#VoluUtilDiarEner:Sistema:2021-10-01:2021-10-31
2021-10-15,AporEner,175689800,kWh,xm:servapibi,2026-09-22T19:16:02Z,xm/2021/10/AporEner_Sistema.2021-10-01.ndjson#AporEner:Sistema:2021-10-01:2021-10-31
2021-10-15,AporEnerMediHist,202260000,kWh,xm:servapibi,2026-09-22T19:16:03Z,xm/2021/10/AporEnerMediHist_Sistema.2021-10-01.ndjson#AporEnerMediHist:Sistema:2021-10-01:2021-10-31
2021-10-15,CapaUtilDiarEner,16842734346,kWh,xm:servapibi,2026-09-22T19:16:00Z,xm/2021/10/CapaUtilDiarEner_Sistema.2021-10-01.ndjson#CapaUtilDiarEner:Sistema:2021-10-01:2021-10-31
2021-10-15,DemaSIN,219366089.79,kWh,xm:servapibi,2026-09-22T19:16:06Z,xm/2021/10/DemaSIN_Sistema.2021-10-01.ndjson#DemaSIN:Sistema:2021-10-01:2021-10-31
2021-10-15,PorcApor,0.86863,fraction,xm:servapibi,2026-09-22T19:16:04Z,xm/2021/10/PorcApor_Sistema.2021-10-01.ndjson#PorcApor:Sistema:2021-10-01:2021-10-31
2021-10-15,PorcVoluUtilDiar,0.83546,fraction,xm:servapibi,2026-09-22T19:15:58Z,xm/2021/10/PorcVoluUtilDiar_Sistema.2021-10-01.ndjson#PorcVoluUtilDiar:Sistema:2021-10-01:2021-10-31
2021-10-15,PrecBolsNaci,101.09369333333338,COP/kWh,xm:servapibi,2026-09-22T19:16:09Z,xm/2021/10/PrecBolsNaci_Sistema.2021-10-01.ndjson#PrecBolsNaci:Sistema:2021-10-01:2021-10-31
2021-10-15,PrecEscaAct,841.2642,COP/kWh,xm:servapibi,2026-09-22T19:16:07Z,xm/2021/10/PrecEscaAct_Sistema.2021-10-01.ndjson#PrecEscaAct:Sistema:2021-10-01:2021-10-31
2021-10-15,VoluUtilDiarEner,14071394100,kWh,xm:servapibi,2026-09-22T19:15:59Z,xm/2021/10/VoluUtilDiarEner_Sistema.2021-10-01.ndjson#VoluUtilDiarEner:Sistema:2021-10-01:2021-10-31
2021-10-16,AporEner,228049100,kWh,xm:servapibi,2026-09-22T19:16:02Z,xm/2021/10/AporEner_Sistema.2021-10-01.ndjson#AporEner:Sistema:2021-10-01:2021-10-31
2021-10-16,AporEnerMediHist,202260000,kWh,xm:servapibi,2026-09-22T19:16:03Z,xm/2021/10/AporEnerMediHist_Sistema.2021-10-01.ndjson#AporEnerMediHist:Sistema:2021-10-01:2021-10-31
2021-10-16,CapaUtilDiarEner,16842734346,kWh,xm:servapibi,2026-09-22T19:16:00Z,xm/2021/10/CapaUtilDiarEner_Sistema.2021-10-01.ndjson#CapaUtilDiarEner:Sistema:2021-10-01:2021-10-31
2021-10-16,DemaSIN,204725284.09,kWh,xm:servapibi,2026-09-22T19:16:06Z,xm/2021/10/DemaSIN_Sistema.2021-10-01.ndjson#DemaSIN:Sistema:2021-10-01:2021-10-31
2021-10-16,PorcApor,1.1275,fraction,xm:servapibi,2026-09-22T19:16:04Z,xm/2021/10/PorcApor_Sistema.2021-10-01.ndjson#PorcApor:Sistema:2021-10-01:2021-10-31
2021-10-16,PorcVoluUtilDiar,0.83895,fraction,xm:servapibi,2026-09-22T19:15:58Z,xm/2021/10/PorcVoluUtilDiar_Sistema.2021-10-01.ndjson#PorcVoluUtilDiar:Sistema:2021-10-01:2021-10-31
2021-10-16,PrecBolsNaci,124.46975666666663,COP/kWh,xm:servapibi,2026-09-22T19:16:09Z,xm/2021/10/PrecBolsNaci_Sistema.2021-10-01.ndjson#PrecBolsNaci:Sistema:2021-10-01:2021-10-31
2021-10-16,PrecEscaAct,841.2642,COP/kWh,xm:servapibi,2026-09-22T19:16:07Z,xm/2021/10/PrecEscaAct_Sistema.2021-10-01.ndjson#PrecEscaAct:Sistema:2021-10-01:2021-10-31
2021-10-16,VoluUtilDiarEner,14130155600,kWh,xm:servapibi,2026-09-22T19:15:59Z,xm/2021/10/VoluUtilDiarEner_Sistema.2021-10-01.ndjson#VoluUtilDiarEner:Sistema:2021-10-01:2021-10-31
2021-10-17,AporEner,236080400,kWh,xm:servapibi,2026-09-22T19:16:02Z,xm/2021/10/AporEner_Sistema.2021-10-01.ndjson#AporEner:Sistema:2021-10-01:2021-10-31
2021-10-17,AporEnerMediHist,202260000,kWh,xm:servapibi,2026-09-22T19:16:03Z,xm/2021/10/AporEnerMediHist_Sistema.2021-10-01.ndjson#AporEnerMediHist:Sistema:2021-10-01:2021-10-31
2021-10-17,CapaUtilDiarEner,16842734346,kWh,xm:servapibi,2026-09-22T19:16:00Z,xm/2021/10/CapaUtilDiarEner_Sistema.2021-10-01.ndjson#CapaUtilDiarEner:Sistema:2021-10-01:2021-10-31
2021-10-17,DemaSIN,185061823.66,kWh,xm:servapibi,2026-09-22T19:16:06Z,xm/2021/10/DemaSIN_Sistema.2021-10-01.ndjson#DemaSIN:Sistema:2021-10-01:2021-10-31
2021-10-17,PorcApor,1.16721,fraction,xm:servapibi,2026-09-22T19:16:04Z,xm/2021/10/PorcApor_Sistema.2021-10-01.ndjson#PorcApor:Sistema:2021-10-01:2021-10-31
2021-10-17,PorcVoluUtilDiar,0.84209,fraction,xm:servapibi,2026-09-22T19:15:58Z,xm/2021/10/PorcVoluUtilDiar_Sistema.2021-10-01.ndjson#PorcVoluUtilDiar:Sistema:2021-10-01:2021-10-31
2021-10-17,PrecBolsNaci,93.48531166666665,COP/kWh,xm:servapibi,2026-09-22T19:16:09Z,xm/2021/10/PrecBolsNaci_Sistema.2021-10-01.ndjson#PrecBolsNaci:Sistema:2021-10-01:2021-10-31
2021-10-17,PrecEscaAct,841.2642,COP/kWh,xm:servapibi,2026-09-22T19:16:07Z,xm/2021/10/PrecEscaAct_Sistema.2021-10-01.ndjson#PrecEscaAct:Sistema:2021-10-01:2021-10-31
2021-10-17,VoluUtilDiarEner,14183052500,kWh,xm:servapibi,2026-09-22T19:15:59Z,xm/2021/10/VoluUtilDiarEner_Sistema.2021-10-01.ndjson#VoluUtilDiarEner:Sistema:2021-10-01:2021-10-31
2021-10-18,AporEner,181250400,kWh,xm:servapibi,2026-09-22T19:16:02Z,xm/2021/10/AporEner_Sistema.2021-10-01.ndjson#AporEner:Sistema:2021-10-01:2021-10-31
2021-10-18,AporEnerMediHist,202260000,kWh,xm:servapibi,2026-09-22T19:16:03Z,xm/2021/10/AporEnerMediHist_Sistema.2021-10-01.ndjson#AporEnerMediHist:Sistema:2021-10-01:2021-10-31
2021-10-18,CapaUtilDiarEner,16842734346,kWh,xm:servapibi,2026-09-22T19:16:00Z,xm/2021/10/CapaUtilDiarEner_Sistema.2021-10-01.ndjson#CapaUtilDiarEner:Sistema:2021-10-01:2021-10-31
2021-10-18,DemaSIN,190568230.86,kWh,xm:servapibi,2026-09-22T19:16:06Z,xm/2021/10/DemaSIN_Sistema.2021-10-01.ndjson#DemaSIN:Sistema:2021-10-01:2021-10-31
2021-10-18,PorcApor,0.89613,fraction,xm:servapibi,2026-09-22T19:16:04Z,xm/2021/10/PorcApor_Sistema.2021-10-01.ndjson#PorcApor:Sistema:2021-10-01:2021-10-31
2021-10-18,PorcVoluUtilDiar,0.84061,fraction,xm:servapibi,2026-09-22T19:15:58Z,xm/2021/10/PorcVoluUtilDiar_Sistema.2021-10-01.ndjson#PorcVoluUtilDiar:Sistema:2021-10-01:2021-10-31
2021-10-18,PrecBolsNaci,87.25941666666664,COP/kWh,xm:servapibi,2026-09-22T19:16:09Z,xm/2021/10/PrecBolsNaci_Sistema.2021-10-01.ndjson#PrecBolsNaci:Sistema:2021-10-01:2021-10-31
2021-10-18,PrecEscaAct,841.2642,COP/kWh,xm:servapibi,2026-09-22T19:16:07Z,xm/2021/10/PrecEscaAct_Sistema.2021-10-01.ndjson#PrecEscaAct:Sistema:2021-10-01:2021-10-31
2021-10-18,VoluUtilDiarEner,14158199600,kWh,xm:servapibi,2026-09-22T19:15:59Z,xm/2021/10/VoluUtilDiarEner_Sistema.2021-10-01.ndjson#VoluUtilDiarEner:Sistema:2021-10-01:2021-10-31
2021-10-19,AporEner,190353200,kWh,xm:servapibi,2026-09-22T19:16:02Z,xm/2021/10/AporEner_Sistema.2021-10-01.ndjson#AporEner:Sistema:2021-10-01:2021-10-31
2021-10-19,AporEnerMediHist,202260000,kWh,xm:servapibi,2026-09-22T19:16:03Z,xm/2021/10/AporEnerMediHist_Sistema.2021-10-01.ndjson#AporEnerMediHist:Sistema:2021-10-01:2021-10-31
2021-10-19,CapaUtilDiarEner,16842734346,kWh,xm:servapibi,2026-09-22T19:16:00Z,xm/2021/10/CapaUtilDiarEner_Sistema.2021-10-01.ndjson#CapaUtilDiarEner:Sistema:2021-10-01:2021-10-31
2021-10-19,DemaSIN,214173535.59,kWh,xm:servapibi,2026-09-22T19:16:06Z,xm/2021/10/DemaSIN_Sistema.2021-10-01.ndjson#DemaSIN:Sistema:2021-10-01:2021-10-31
2021-10-19,PorcApor,0.94113,fraction,xm:servapibi,2026-09-22T19:16:04Z,xm/2021/10/PorcApor_Sistema.2021-10-01.ndjson#PorcApor:Sistema:2021-10-01:2021-10-31
2021-10-19,PorcVoluUtilDiar,0.8395,fraction,xm:servapibi,2026-09-22T19:15:58Z,xm/2021/10/PorcVoluUtilDiar_Sistema.2021-10-01.ndjson#PorcVoluUtilDiar:Sistema:2021-10-01:2021-10-31
2021-10-19,PrecBolsNaci,109.5262,COP/kWh,xm:servapibi,2026-09-22T19:16:09Z,xm/2021/10/PrecBolsNaci_Sistema.2021-10-01.ndjson#PrecBolsNaci:Sistema:2021-10-01:2021-10-31
2021-10-19,PrecEscaAct,841.2642,COP/kWh,xm:servapibi,2026-09-22T19:16:07Z,xm/2021/10/PrecEscaAct_Sistema.2021-10-01.ndjson#PrecEscaAct:Sistema:2021-10-01:2021-10-31
2021-10-19,VoluUtilDiarEner,14139489500,kWh,xm:servapibi,2026-09-22T19:15:59Z,xm/2021/10/VoluUtilDiarEner_Sistema.2021-10-01.ndjson#VoluUtilDiarEner:Sistema:2021-10-01:2021-10-31
2021-10-20,AporEner,191866200,kWh,xm:servapibi,2026-09-22T19:16:02Z,xm/2021/10/AporEner_Sistema.2021-10-01.ndjson#AporEner:Sistema:2021-10-01:2021-10-31
2021-10-20,AporEnerMediHist,202260000,kWh,xm:servapibi,2026-09-22T19:16:03Z,xm/2021/10/AporEnerMediHist_Sistema.2021-10-01.ndjson#AporEnerMediHist:Sistema:2021-10-01:2021-10-31
2021-10-20,CapaUtilDiarEner,16842734346,kWh,xm:servapibi,2026-09-22T19:16:00Z,xm/2021/10/CapaUtilDiarEner_Sistema.2021-10-01.ndjson#CapaUtilDiarEner:Sistema:2021-10-01:2021-10-31
2021-10-20,DemaSIN,216618576.12,kWh,xm:servapibi,2026-09-22T19:16:06Z,xm/2021/10/DemaSIN_Sistema.2021-10-01.ndjson#DemaSIN:Sistema:2021-10-01:2021-10-31
2021-10-20,PorcApor,0.94861,fraction,xm:servapibi,2026-09-22T19:16:04Z,xm/2021/10/PorcApor_Sistema.2021-10-01.ndjson#PorcApor:Sistema:2021-10-01:2021-10-31
2021-10-20,PorcVoluUtilDiar,0.83859,fraction,xm:servapibi,2026-09-22T19:15:58Z,xm/2021/10/PorcVoluUtilDiar_Sistema.2021-10-01.ndjson#PorcVoluUtilDiar:Sistema:2021-10-01:2021-10-31
2021-10-20,PrecBolsNaci,91.44993333333338,COP/kWh,xm:servapibi,2026-09-22T19:16:09Z,xm/2021/10/PrecBolsNaci_Sistema.2021-10-01.ndjson#PrecBolsNaci:Sistema:2021-10-01:2021-10-31
2021-10-20,PrecEscaAct,841.2642,COP/kWh,xm:servapibi,2026-09-22T19:16:07Z,xm/2021/10/PrecEscaAct_Sistema.2021-10-01.ndjson#PrecEscaAct:Sistema:2021-10-01:2021-10-31
2021-10-20,VoluUtilDiarEner,14124102800,kWh,xm:servapibi,2026-09-22T19:15:59Z,xm/2021/10/VoluUtilDiarEner_Sistema.2021-10-01.ndjson#VoluUtilDiarEner:Sistema:2021-10-01:2021-10-31
2021-10-21,AporEner,191410500,kWh,xm:servapibi,2026-09-22T19:16:02Z,xm/2021/10/AporEner_Sistema.2021-10-01.ndjson#AporEner:Sistema:2021-10-01:2021-10-31
2021-10-21,AporEnerMediHist,202260000,kWh,xm:servapibi,2026-09-22T19:16:03Z,xm/2021/10/AporEnerMediHist_Sistema.2021-10-01.ndjson#AporEnerMediHist:Sistema:2021-10-01:2021-10-31
2021-10-21,CapaUtilDiarEner,16842734346,kWh,xm:servapibi,2026-09-22T19:16:00Z,xm/2021/10/CapaUtilDiarEner_Sistema.2021-10-01.ndjson#CapaUtilDiarEner:Sistema:2021-10-01:2021-10-31
2021-10-21,DemaSIN,216312435.65,kWh,xm:servapibi,2026-09-22T19:16:06Z,xm/2021/10/DemaSIN_Sistema.2021-10-01.ndjson#DemaSIN:Sistema:2021-10-01:2021-10-31
2021-10-21,PorcApor,0.94636,fraction,xm:servapibi,2026-09-22T19:16:04Z,xm/2021/10/PorcApor_Sistema.2021-10-01.ndjson#PorcApor:Sistema:2021-10-01:2021-10-31
2021-10-21,PorcVoluUtilDiar,0.83789,fraction,xm:servapibi,2026-09-22T19:15:58Z,xm/2021/10/PorcVoluUtilDiar_Sistema.2021-10-01.ndjson#PorcVoluUtilDiar:Sistema:2021-10-01:2021-10-31
2021-10-21,PrecBolsNaci,122.31179999999999,COP/kWh,xm:servapibi,2026-09-22T19:16:09Z,xm/2021/10/PrecBolsNaci_Sistema.2021-10-01.ndjson#PrecBolsNaci:Sistema:2021-10-01:2021-10-31
2021-10-21,PrecEscaAct,841.2642,COP/kWh,xm:servapibi,2026-09-22T19:16:07Z,xm/2021/10/PrecEscaAct_Sistema.2021-10-01.ndjson#PrecEscaAct:Sistema:2021-10-01:2021-10-31
2021-10-21,VoluUtilDiarEner,14112309200,kWh,xm:servapibi,2026-09-22T19:15:59Z,xm/2021/10/VoluUtilDiarEner_Sistema.2021-10-01.ndjson#VoluUtilDiarEner:Sistema:2021-10-01:2021-10-31
2021-10-22,AporEner,188532800,kWh,xm:servapibi,2026-09-22T19:16:02Z,xm/2021/10/AporEner_Sistema.2021-10-01.ndjson#AporEner:Sistema:2021-10-01:2021-10-31
2021-10-22,AporEnerMediHist,202260000,kWh,xm:servapibi,2026-09-22T19:16:03Z,xm/2021/10/AporEnerMediHist_Sistema.2021-10-01.ndjson#AporEnerMediHist:Sistema:2021-10-01:2021-10-31
2021-10-22,CapaUtilDiarEner,16842734346,kWh,xm:servapibi,2026-09-22T19:16:00Z,xm/2021/10/CapaUtilDiarEner_Sistema.2021-10-01.ndjson#CapaUtilDiarEner:Sistema:2021-10-01:2021-10-31
2021-10-22,DemaSIN,216636978.6,kWh,xm:servapibi,2026-09-22T19:16:06Z,xm/2021/10/DemaSIN_Sistema.2021-10-01.ndjson#DemaSIN:Sistema:2021-10-01:2021-10-31
2021-10-22,PorcApor,0.93213,fraction,xm:servapibi,2026-09-22T19:16:04Z,xm/2021/10/PorcApor_Sistema.2021-10-01.ndjson#PorcApor:Sistema:2021-10-01:2021-10-31
2021-10-22,PorcVoluUtilDiar,0.83824,fraction,xm:servapibi,2026-09-22T19:15:58Z,xm/2021/10/PorcVoluUtilDiar_Sistema.2021-10-01.ndjson#PorcVoluUtilDiar:Sistema:2021-10-01:2021-10-31
2021-10-22,PrecBolsNaci,91.54502166666668,COP/kWh,xm:servapibi,2026-09-22T19:16:09Z,xm/2021/10/PrecBolsNaci_Sistema.2021-10-01.ndjson#PrecBolsNaci:Sistema:2021-10-01:2021-10-31
2021-10-22,PrecEscaAct,841.2642,COP/kWh,xm:servapibi,2026-09-22T19:16:07Z,xm/2021/10/PrecEscaAct_Sistema.2021-10-01.ndjson#PrecEscaAct:Sistema:2021-10-01:2021-10-31
2021-10-22,VoluUtilDiarEner,14118270400,kWh,xm:servapibi,2026-09-22T19:15:59Z,xm/2021/10/VoluUtilDiarEner_Sistema.2021-10-01.ndjson#VoluUtilDiarEner:Sistema:2021-10-01:2021-10-31
2021-10-23,AporEner,166732700,kWh,xm:servapibi,2026-09-22T19:16:02Z,xm/2021/10/AporEner_Sistema.2021-10-01.ndjson#AporEner:Sistema:2021-10-01:2021-10-31
2021-10-23,AporEnerMediHist,202260000,kWh,xm:servapibi,2026-09-22T19:16:03Z,xm/2021/10/AporEnerMediHist_Sistema.2021-10-01.ndjson#AporEnerMediHist:Sistema:2021-10-01:2021-10-31
2021-10-23,CapaUtilDiarEner,16842734346,kWh,xm:servapibi,2026-09-22T19:16:00Z,xm/2021/10/CapaUtilDiarEner_Sistema.2021-10-01.ndjson#CapaUtilDiarEner:Sistema:2021-10-01:2021-10-31
2021-10-23,DemaSIN,209579979.75,kWh,xm:servapibi,2026-09-22T19:16:06Z,xm/2021/10/DemaSIN_Sistema.2021-10-01.ndjson#DemaSIN:Sistema:2021-10-01:2021-10-31
2021-10-23,PorcApor,0.82435,fraction,xm:servapibi,2026-09-22T19:16:04Z,xm/2021/10/PorcApor_Sistema.2021-10-01.ndjson#PorcApor:Sistema:2021-10-01:2021-10-31
2021-10-23,PorcVoluUtilDiar,0.83695,fraction,xm:servapibi,2026-09-22T19:15:58Z,xm/2021/10/PorcVoluUtilDiar_Sistema.2021-10-01.ndjson#PorcVoluUtilDiar:Sistema:2021-10-01:2021-10-31
2021-10-23,PrecBolsNaci,104.57712999999997,COP/kWh,xm:servapibi,2026-09-22T19:16:09Z,xm/2021/10/PrecBolsNaci_Sistema.2021-10-01.ndjson#PrecBolsNaci:Sistema:2021-10-01:2021-10-31
2021-10-23,PrecEscaAct,841.2642,COP/kWh,xm:servapibi,2026-09-22T19:16:07Z,xm/2021/10/PrecEscaAct_Sistema.2021-10-01.ndjson#PrecEscaAct:Sistema:2021-10-01:2021-10-31
2021-10-23,VoluUtilDiarEner,14096583500,kWh,xm:servapibi,2026-09-22T19:15:59Z,xm/2021/10/VoluUtilDiarEner_Sistema.2021-10-01.ndjson#VoluUtilDiarEner:Sistema:2021-10-01:2021-10-31
2021-10-24,AporEner,162148700,kWh,xm:servapibi,2026-09-22T19:16:02Z,xm/2021/10/AporEner_Sistema.2021-10-01.ndjson#AporEner:Sistema:2021-10-01:2021-10-31
2021-10-24,AporEnerMediHist,202260000,kWh,xm:servapibi,2026-09-22T19:16:03Z,xm/2021/10/AporEnerMediHist_Sistema.2021-10-01.ndjson#AporEnerMediHist:Sistema:2021-10-01:2021-10-31
2021-10-24,CapaUtilDiarEner,16842734346,kWh,xm:servapibi,2026-09-22T19:16:00Z,xm/2021/10/CapaUtilDiarEner_Sistema.2021-10-01.ndjson#CapaUtilDiarEner:Sistema:2021-10-01:2021-10-31
2021-10-24,DemaSIN,191930168.2,kWh,xm:servapibi,2026-09-22T19:16:06Z,xm/2021/10/DemaSIN_Sistema.2021-10-01.ndjson#DemaSIN:Sistema:2021-10-01:2021-10-31
2021-10-24,PorcApor,0.80168,fraction,xm:servapibi,2026-09-22T19:16:04Z,xm/2021/10/PorcApor_Sistema.2021-10-01.ndjson#PorcApor:Sistema:2021-10-01:2021-10-31
2021-10-24,PorcVoluUtilDiar,0.83608,fraction,xm:servapibi,2026-09-22T19:15:58Z,xm/2021/10/PorcVoluUtilDiar_Sistema.2021-10-01.ndjson#PorcVoluUtilDiar:Sistema:2021-10-01:2021-10-31
2021-10-24,PrecBolsNaci,88.96639666666665,COP/kWh,xm:servapibi,2026-09-22T19:16:09Z,xm/2021/10/PrecBolsNaci_Sistema.2021-10-01.ndjson#PrecBolsNaci:Sistema:2021-10-01:2021-10-31
2021-10-24,PrecEscaAct,841.2642,COP/kWh,xm:servapibi,2026-09-22T19:16:07Z,xm/2021/10/PrecEscaAct_Sistema.2021-10-01.ndjson#PrecEscaAct:Sistema:2021-10-01:2021-10-31
2021-10-24,VoluUtilDiarEner,14081889300,kWh,xm:servapibi,2026-09-22T19:15:59Z,xm/2021/10/VoluUtilDiarEner_Sistema.2021-10-01.ndjson#VoluUtilDiarEner:Sistema:2021-10-01:2021-10-31
2021-10-25,AporEner,158551700,kWh,xm:servapibi,2026-09-22T19:16:02Z,xm/2021/10/AporEner_Sistema.2021-10-01.ndjson#AporEner:Sistema:2021-10-01:2021-10-31
2021-10-25,AporEnerMediHist,202260000,kWh,xm:servapibi,2026-09-22T19:16:03Z,xm/2021/10/AporEnerMediHist_Sistema.2021-10-01.ndjson#AporEnerMediHist:Sistema:2021-10-01:2021-10-31
2021-10-25,CapaUtilDiarEner,16842734346,kWh,xm:servapibi,2026-09-22T19:16:00Z,xm/2021/10/CapaUtilDiarEner_Sistema.2021-10-01.ndjson#CapaUtilDiarEner:Sistema:2021-10-01:2021-10-31
2021-10-25,DemaSIN,214689366.23,kWh,xm:servapibi,2026-09-22T19:16:06Z,xm/2021/10/DemaSIN_Sistema.2021-10-01.ndjson#DemaSIN:Sistema:2021-10-01:2021-10-31
2021-10-25,PorcApor,0.7839,fraction,xm:servapibi,2026-09-22T19:16:04Z,xm/2021/10/PorcApor_Sistema.2021-10-01.ndjson#PorcApor:Sistema:2021-10-01:2021-10-31
2021-10-25,PorcVoluUtilDiar,0.83389,fraction,xm:servapibi,2026-09-22T19:15:58Z,xm/2021/10/PorcVoluUtilDiar_Sistema.2021-10-01.ndjson#PorcVoluUtilDiar:Sistema:2021-10-01:2021-10-31
2021-10-25,PrecBolsNaci,115.608625,COP/kWh,xm:servapibi,2026-09-22T19:16:09Z,xm/2021/10/PrecBolsNaci_Sistema.2021-10-01.ndjson#PrecBolsNaci:Sistema:2021-10-01:2021-10-31
2021-10-25,PrecEscaAct,841.2642,COP/kWh,xm:servapibi,2026-09-22T19:16:07Z,xm/2021/10/PrecEscaAct_Sistema.2021-10-01.ndjson#PrecEscaAct:Sistema:2021-10-01:2021-10-31
2021-10-25,VoluUtilDiarEner,14044933900,kWh,xm:servapibi,2026-09-22T19:15:59Z,xm/2021/10/VoluUtilDiarEner_Sistema.2021-10-01.ndjson#VoluUtilDiarEner:Sistema:2021-10-01:2021-10-31
2021-10-26,AporEner,239594100,kWh,xm:servapibi,2026-09-22T19:16:02Z,xm/2021/10/AporEner_Sistema.2021-10-01.ndjson#AporEner:Sistema:2021-10-01:2021-10-31
2021-10-26,AporEnerMediHist,202260000,kWh,xm:servapibi,2026-09-22T19:16:03Z,xm/2021/10/AporEnerMediHist_Sistema.2021-10-01.ndjson#AporEnerMediHist:Sistema:2021-10-01:2021-10-31
2021-10-26,CapaUtilDiarEner,16842734346,kWh,xm:servapibi,2026-09-22T19:16:00Z,xm/2021/10/CapaUtilDiarEner_Sistema.2021-10-01.ndjson#CapaUtilDiarEner:Sistema:2021-10-01:2021-10-31
2021-10-26,DemaSIN,217026756.97,kWh,xm:servapibi,2026-09-22T19:16:06Z,xm/2021/10/DemaSIN_Sistema.2021-10-01.ndjson#DemaSIN:Sistema:2021-10-01:2021-10-31
2021-10-26,PorcApor,1.18458,fraction,xm:servapibi,2026-09-22T19:16:04Z,xm/2021/10/PorcApor_Sistema.2021-10-01.ndjson#PorcApor:Sistema:2021-10-01:2021-10-31
2021-10-26,PorcVoluUtilDiar,0.83763,fraction,xm:servapibi,2026-09-22T19:15:58Z,xm/2021/10/PorcVoluUtilDiar_Sistema.2021-10-01.ndjson#PorcVoluUtilDiar:Sistema:2021-10-01:2021-10-31
2021-10-26,PrecBolsNaci,106.66161333333336,COP/kWh,xm:servapibi,2026-09-22T19:16:09Z,xm/2021/10/PrecBolsNaci_Sistema.2021-10-01.ndjson#PrecBolsNaci:Sistema:2021-10-01:2021-10-31
2021-10-26,PrecEscaAct,841.2642,COP/kWh,xm:servapibi,2026-09-22T19:16:07Z,xm/2021/10/PrecEscaAct_Sistema.2021-10-01.ndjson#PrecEscaAct:Sistema:2021-10-01:2021-10-31
2021-10-26,VoluUtilDiarEner,14107960600,kWh,xm:servapibi,2026-09-22T19:15:59Z,xm/2021/10/VoluUtilDiarEner_Sistema.2021-10-01.ndjson#VoluUtilDiarEner:Sistema:2021-10-01:2021-10-31
2021-10-27,AporEner,301161900,kWh,xm:servapibi,2026-09-22T19:16:02Z,xm/2021/10/AporEner_Sistema.2021-10-01.ndjson#AporEner:Sistema:2021-10-01:2021-10-31
2021-10-27,AporEnerMediHist,202260000,kWh,xm:servapibi,2026-09-22T19:16:03Z,xm/2021/10/AporEnerMediHist_Sistema.2021-10-01.ndjson#AporEnerMediHist:Sistema:2021-10-01:2021-10-31
2021-10-27,CapaUtilDiarEner,16842734346,kWh,xm:servapibi,2026-09-22T19:16:00Z,xm/2021/10/CapaUtilDiarEner_Sistema.2021-10-01.ndjson#CapaUtilDiarEner:Sistema:2021-10-01:2021-10-31
2021-10-27,DemaSIN,216368620.35,kWh,xm:servapibi,2026-09-22T19:16:06Z,xm/2021/10/DemaSIN_Sistema.2021-10-01.ndjson#DemaSIN:Sistema:2021-10-01:2021-10-31
2021-10-27,PorcApor,1.48898,fraction,xm:servapibi,2026-09-22T19:16:04Z,xm/2021/10/PorcApor_Sistema.2021-10-01.ndjson#PorcApor:Sistema:2021-10-01:2021-10-31
2021-10-27,PorcVoluUtilDiar,0.84214,fraction,xm:servapibi,2026-09-22T19:15:58Z,xm/2021/10/PorcVoluUtilDiar_Sistema.2021-10-01.ndjson#PorcVoluUtilDiar:Sistema:2021-10-01:2021-10-31
2021-10-27,PrecBolsNaci,129.35517166666665,COP/kWh,xm:servapibi,2026-09-22T19:16:09Z,xm/2021/10/PrecBolsNaci_Sistema.2021-10-01.ndjson#PrecBolsNaci:Sistema:2021-10-01:2021-10-31
2021-10-27,PrecEscaAct,841.2642,COP/kWh,xm:servapibi,2026-09-22T19:16:07Z,xm/2021/10/PrecEscaAct_Sistema.2021-10-01.ndjson#PrecEscaAct:Sistema:2021-10-01:2021-10-31
2021-10-27,VoluUtilDiarEner,14183996100,kWh,xm:servapibi,2026-09-22T19:15:59Z,xm/2021/10/VoluUtilDiarEner_Sistema.2021-10-01.ndjson#VoluUtilDiarEner:Sistema:2021-10-01:2021-10-31
2021-10-28,AporEner,245522800,kWh,xm:servapibi,2026-09-22T19:16:02Z,xm/2021/10/AporEner_Sistema.2021-10-01.ndjson#AporEner:Sistema:2021-10-01:2021-10-31
2021-10-28,AporEnerMediHist,202260000,kWh,xm:servapibi,2026-09-22T19:16:03Z,xm/2021/10/AporEnerMediHist_Sistema.2021-10-01.ndjson#AporEnerMediHist:Sistema:2021-10-01:2021-10-31
2021-10-28,CapaUtilDiarEner,16842734346,kWh,xm:servapibi,2026-09-22T19:16:00Z,xm/2021/10/CapaUtilDiarEner_Sistema.2021-10-01.ndjson#CapaUtilDiarEner:Sistema:2021-10-01:2021-10-31
2021-10-28,DemaSIN,218107962.43,kWh,xm:servapibi,2026-09-22T19:16:06Z,xm/2021/10/DemaSIN_Sistema.2021-10-01.ndjson#DemaSIN:Sistema:2021-10-01:2021-10-31
2021-10-28,PorcApor,1.2139,fraction,xm:servapibi,2026-09-22T19:16:04Z,xm/2021/10/PorcApor_Sistema.2021-10-01.ndjson#PorcApor:Sistema:2021-10-01:2021-10-31
2021-10-28,PorcVoluUtilDiar,0.84373,fraction,xm:servapibi,2026-09-22T19:15:58Z,xm/2021/10/PorcVoluUtilDiar_Sistema.2021-10-01.ndjson#PorcVoluUtilDiar:Sistema:2021-10-01:2021-10-31
2021-10-28,PrecBolsNaci,124.78888500000005,COP/kWh,xm:servapibi,2026-09-22T19:16:09Z,xm/2021/10/PrecBolsNaci_Sistema.2021-10-01.ndjson#PrecBolsNaci:Sistema:2021-10-01:2021-10-31
2021-10-28,PrecEscaAct,841.2642,COP/kWh,xm:servapibi,2026-09-22T19:16:07Z,xm/2021/10/PrecEscaAct_Sistema.2021-10-01.ndjson#PrecEscaAct:Sistema:2021-10-01:2021-10-31
2021-10-28,VoluUtilDiarEner,14210753300,kWh,xm:servapibi,2026-09-22T19:15:59Z,xm/2021/10/VoluUtilDiarEner_Sistema.2021-10-01.ndjson#VoluUtilDiarEner:Sistema:2021-10-01:2021-10-31
2021-10-29,AporEner,238199300,kWh,xm:servapibi,2026-09-22T19:16:02Z,xm/2021/10/AporEner_Sistema.2021-10-01.ndjson#AporEner:Sistema:2021-10-01:2021-10-31
2021-10-29,AporEnerMediHist,202260000,kWh,xm:servapibi,2026-09-22T19:16:03Z,xm/2021/10/AporEnerMediHist_Sistema.2021-10-01.ndjson#AporEnerMediHist:Sistema:2021-10-01:2021-10-31
2021-10-29,CapaUtilDiarEner,16842734346,kWh,xm:servapibi,2026-09-22T19:16:00Z,xm/2021/10/CapaUtilDiarEner_Sistema.2021-10-01.ndjson#CapaUtilDiarEner:Sistema:2021-10-01:2021-10-31
2021-10-29,DemaSIN,210799688.77,kWh,xm:servapibi,2026-09-22T19:16:06Z,xm/2021/10/DemaSIN_Sistema.2021-10-01.ndjson#DemaSIN:Sistema:2021-10-01:2021-10-31
2021-10-29,PorcApor,1.17769,fraction,xm:servapibi,2026-09-22T19:16:04Z,xm/2021/10/PorcApor_Sistema.2021-10-01.ndjson#PorcApor:Sistema:2021-10-01:2021-10-31
2021-10-29,PorcVoluUtilDiar,0.8458,fraction,xm:servapibi,2026-09-22T19:15:58Z,xm/2021/10/PorcVoluUtilDiar_Sistema.2021-10-01.ndjson#PorcVoluUtilDiar:Sistema:2021-10-01:2021-10-31
2021-10-29,PrecBolsNaci,87.78091000000002,COP/kWh,xm:servapibi,2026-09-22T19:16:09Z,xm/2021/10/PrecBolsNaci_Sistema.2021-10-01.ndjson#PrecBolsNaci:Sistema:2021-10-01:2021-10-31
2021-10-29,PrecEscaAct,841.2642,COP/kWh,xm:servapibi,2026-09-22T19:16:07Z,xm/2021/10/PrecEscaAct_Sistema.2021-10-01.ndjson#PrecEscaAct:Sistema:2021-10-01:2021-10-31
2021-10-29,VoluUtilDiarEner,14245602600,kWh,xm:servapibi,2026-09-22T19:15:59Z,xm/2021/10/VoluUtilDiarEner_Sistema.2021-10-01.ndjson#VoluUtilDiarEner:Sistema:2021-10-01:2021-10-31
2021-10-30,AporEner,256409300,kWh,xm:servapibi,2026-09-22T19:16:02Z,xm/2021/10/AporEner_Sistema.2021-10-01.ndjson#AporEner:Sistema:2021-10-01:2021-10-31
2021-10-30,AporEnerMediHist,202260000,kWh,xm:servapibi,2026-09-22T19:16:03Z,xm/2021/10/AporEnerMediHist_Sistema.2021-10-01.ndjson#AporEnerMediHist:Sistema:2021-10-01:2021-10-31
2021-10-30,CapaUtilDiarEner,16842734346,kWh,xm:servapibi,2026-09-22T19:16:00Z,xm/2021/10/CapaUtilDiarEner_Sistema.2021-10-01.ndjson#CapaUtilDiarEner:Sistema:2021-10-01:2021-10-31
2021-10-30,DemaSIN,202475949.39,kWh,xm:servapibi,2026-09-22T19:16:06Z,xm/2021/10/DemaSIN_Sistema.2021-10-01.ndjson#DemaSIN:Sistema:2021-10-01:2021-10-31
2021-10-30,PorcApor,1.26772,fraction,xm:servapibi,2026-09-22T19:16:04Z,xm/2021/10/PorcApor_Sistema.2021-10-01.ndjson#PorcApor:Sistema:2021-10-01:2021-10-31
2021-10-30,PorcVoluUtilDiar,0.84638,fraction,xm:servapibi,2026-09-22T19:15:58Z,xm/2021/10/PorcVoluUtilDiar_Sistema.2021-10-01.ndjson#PorcVoluUtilDiar:Sistema:2021-10-01:2021-10-31
2021-10-30,PrecBolsNaci,86.06080999999996,COP/kWh,xm:servapibi,2026-09-22T19:16:09Z,xm/2021/10/PrecBolsNaci_Sistema.2021-10-01.ndjson#PrecBolsNaci:Sistema:2021-10-01:2021-10-31
2021-10-30,PrecEscaAct,841.2642,COP/kWh,xm:servapibi,2026-09-22T19:16:07Z,xm/2021/10/PrecEscaAct_Sistema.2021-10-01.ndjson#PrecEscaAct:Sistema:2021-10-01:2021-10-31
2021-10-30,VoluUtilDiarEner,14255296400,kWh,xm:servapibi,2026-09-22T19:15:59Z,xm/2021/10/VoluUtilDiarEner_Sistema.2021-10-01.ndjson#VoluUtilDiarEner:Sistema:2021-10-01:2021-10-31
2021-10-31,AporEner,291624400,kWh,xm:servapibi,2026-09-22T19:16:02Z,xm/2021/10/AporEner_Sistema.2021-10-01.ndjson#AporEner:Sistema:2021-10-01:2021-10-31
2021-10-31,AporEnerMediHist,202260000,kWh,xm:servapibi,2026-09-22T19:16:03Z,xm/2021/10/AporEnerMediHist_Sistema.2021-10-01.ndjson#AporEnerMediHist:Sistema:2021-10-01:2021-10-31
2021-10-31,CapaUtilDiarEner,16842734346,kWh,xm:servapibi,2026-09-22T19:16:00Z,xm/2021/10/CapaUtilDiarEner_Sistema.2021-10-01.ndjson#CapaUtilDiarEner:Sistema:2021-10-01:2021-10-31
2021-10-31,DemaSIN,182058596.21,kWh,xm:servapibi,2026-09-22T19:16:06Z,xm/2021/10/DemaSIN_Sistema.2021-10-01.ndjson#DemaSIN:Sistema:2021-10-01:2021-10-31
2021-10-31,PorcApor,1.44183,fraction,xm:servapibi,2026-09-22T19:16:04Z,xm/2021/10/PorcApor_Sistema.2021-10-01.ndjson#PorcApor:Sistema:2021-10-01:2021-10-31
2021-10-31,PorcVoluUtilDiar,0.84834,fraction,xm:servapibi,2026-09-22T19:15:58Z,xm/2021/10/PorcVoluUtilDiar_Sistema.2021-10-01.ndjson#PorcVoluUtilDiar:Sistema:2021-10-01:2021-10-31
2021-10-31,PrecBolsNaci,86.39042000000002,COP/kWh,xm:servapibi,2026-09-22T19:16:09Z,xm/2021/10/PrecBolsNaci_Sistema.2021-10-01.ndjson#PrecBolsNaci:Sistema:2021-10-01:2021-10-31
2021-10-31,PrecEscaAct,841.2642,COP/kWh,xm:servapibi,2026-09-22T19:16:07Z,xm/2021/10/PrecEscaAct_Sistema.2021-10-01.ndjson#PrecEscaAct:Sistema:2021-10-01:2021-10-31
2021-10-31,VoluUtilDiarEner,14288359700,kWh,xm:servapibi,2026-09-22T19:15:59Z,xm/2021/10/VoluUtilDiarEner_Sistema.2021-10-01.ndjson#VoluUtilDiarEner:Sistema:2021-10-01:2021-10-31
2021-11-01,AporEner,248568500,kWh,xm:servapibi,2026-09-22T19:16:17Z,xm/2021/11/AporEner_Sistema.2021-11-01.ndjson#AporEner:Sistema:2021-11-01:2021-11-30
2021-11-01,AporEnerMediHist,206560000,kWh,xm:servapibi,2026-09-22T19:16:18Z,xm/2021/11/AporEnerMediHist_Sistema.2021-11-01.ndjson#AporEnerMediHist:Sistema:2021-11-01:2021-11-30
2021-11-01,CapaUtilDiarEner,16842734346,kWh,xm:servapibi,2026-09-22T19:16:15Z,xm/2021/11/CapaUtilDiarEner_Sistema.2021-11-01.ndjson#CapaUtilDiarEner:Sistema:2021-11-01:2021-11-30
2021-11-01,DemaSIN,184131235.84,kWh,xm:servapibi,2026-09-22T19:16:21Z,xm/2021/11/DemaSIN_Sistema.2021-11-01.ndjson#DemaSIN:Sistema:2021-11-01:2021-11-30
2021-11-01,PorcApor,1.20337,fraction,xm:servapibi,2026-09-22T19:16:20Z,xm/2021/11/PorcApor_Sistema.2021-11-01.ndjson#PorcApor:Sistema:2021-11-01:2021-11-30
2021-11-01,PorcVoluUtilDiar,0.84899,fraction,xm:servapibi,2026-09-22T19:16:13Z,xm/2021/11/PorcVoluUtilDiar_Sistema.2021-11-01.ndjson#PorcVoluUtilDiar:Sistema:2021-11-01:2021-11-30
2021-11-01,PrecBolsNaci,88.57571666666666,COP/kWh,xm:servapibi,2026-09-22T19:16:24Z,xm/2021/11/PrecBolsNaci_Sistema.2021-11-01.ndjson#PrecBolsNaci:Sistema:2021-11-01:2021-11-30
2021-11-01,PrecEscaAct,880.60109,COP/kWh,xm:servapibi,2026-09-22T19:16:22Z,xm/2021/11/PrecEscaAct_Sistema.2021-11-01.ndjson#PrecEscaAct:Sistema:2021-11-01:2021-11-30
2021-11-01,VoluUtilDiarEner,14299291900,kWh,xm:servapibi,2026-09-22T19:16:14Z,xm/2021/11/VoluUtilDiarEner_Sistema.2021-11-01.ndjson#VoluUtilDiarEner:Sistema:2021-11-01:2021-11-30
2021-11-02,AporEner,233758000,kWh,xm:servapibi,2026-09-22T19:16:17Z,xm/2021/11/AporEner_Sistema.2021-11-01.ndjson#AporEner:Sistema:2021-11-01:2021-11-30
2021-11-02,AporEnerMediHist,206560000,kWh,xm:servapibi,2026-09-22T19:16:18Z,xm/2021/11/AporEnerMediHist_Sistema.2021-11-01.ndjson#AporEnerMediHist:Sistema:2021-11-01:2021-11-30
2021-11-02,CapaUtilDiarEner,16842734346,kWh,xm:servapibi,2026-09-22T19:16:15Z,xm/2021/11/CapaUtilDiarEner_Sistema.2021-11-01.ndjson#CapaUtilDiarEner:Sistema:2021-11-01:2021-11-30
2021-11-02,DemaSIN,208513918.19,kWh,xm:servapibi,2026-09-22T19:16:21Z,xm/2021/11/DemaSIN_Sistema.2021-11-01.ndjson#DemaSIN:Sistema:2021-11-01:2021-11-30
2021-11-02,PorcApor,1.13167,fraction,xm:servapibi,2026-09-22T19:16:20Z,xm/2021/11/PorcApor_Sistema.2021-11-01.ndjson#PorcApor:Sistema:2021-11-01:2021-11-30
2021-11-02,PorcVoluUtilDiar,0.84803,fraction,xm:servapibi,2026-09-22T19:16:13Z,xm/2021/11/PorcVoluUtilDiar_Sistema.2021-11-01.ndjson#PorcVoluUtilDiar:Sistema:2021-11-01:2021-11-30
2021-11-02,PrecBolsNaci,101.27184166666666,COP/kWh,xm:servapibi,2026-09-22T19:16:24Z,xm/2021/11/PrecBolsNaci_Sistema.2021-11-01.ndjson#PrecBolsNaci:Sistema:2021-11-01:2021-11-30
2021-11-02,PrecEscaAct,880.60109,COP/kWh,xm:servapibi,2026-09-22T19:16:22Z,xm/2021/11/PrecEscaAct_Sistema.2021-11-01.ndjson#PrecEscaAct:Sistema:2021-11-01:2021-11-30
2021-11-02,VoluUtilDiarEner,14283194300,kWh,xm:servapibi,2026-09-22T19:16:14Z,xm/2021/11/VoluUtilDiarEner_Sistema.2021-11-01.ndjson#VoluUtilDiarEner:Sistema:2021-11-01:2021-11-30
2021-11-03,AporEner,259292400,kWh,xm:servapibi,2026-09-22T19:16:17Z,xm/2021/11/AporEner_Sistema.2021-11-01.ndjson#AporEner:Sistema:2021-11-01:2021-11-30
2021-11-03,AporEnerMediHist,206560000,kWh,xm:servapibi,2026-09-22T19:16:18Z,xm/2021/11/AporEnerMediHist_Sistema.2021-11-01.ndjson#AporEnerMediHist:Sistema:2021-11-01:2021-11-30
2021-11-03,CapaUtilDiarEner,16846737971,kWh,xm:servapibi,2026-09-22T19:16:15Z,xm/2021/11/CapaUtilDiarEner_Sistema.2021-11-01.ndjson#CapaUtilDiarEner:Sistema:2021-11-01:2021-11-30
2021-11-03,DemaSIN,212885839.16,kWh,xm:servapibi,2026-09-22T19:16:21Z,xm/2021/11/DemaSIN_Sistema.2021-11-01.ndjson#DemaSIN:Sistema:2021-11-01:2021-11-30
2021-11-03,PorcApor,1.25529,fraction,xm:servapibi,2026-09-22T19:16:20Z,xm/2021/11/PorcApor_Sistema.2021-11-01.ndjson#PorcApor:Sistema:2021-11-01:2021-11-30
2021-11-03,PorcVoluUtilDiar,0.85007,fraction,xm:servapibi,2026-09-22T19:16:13Z,xm/2021/11/PorcVoluUtilDiar_Sistema.2021-11-01.ndjson#PorcVoluUtilDiar:Sistema:2021-11-01:2021-11-30
2021-11-03,PrecBolsNaci,104.67062333333331,COP/kWh,xm:servapibi,2026-09-22T19:16:24Z,xm/2021/11/PrecBolsNaci_Sistema.2021-11-01.ndjson#PrecBolsNaci:Sistema:2021-11-01:2021-11-30
2021-11-03,PrecEscaAct,880.60109,COP/kWh,xm:servapibi,2026-09-22T19:16:22Z,xm/2021/11/PrecEscaAct_Sistema.2021-11-01.ndjson#PrecEscaAct:Sistema:2021-11-01:2021-11-30
2021-11-03,VoluUtilDiarEner,14320934600,kWh,xm:servapibi,2026-09-22T19:16:14Z,xm/2021/11/VoluUtilDiarEner_Sistema.2021-11-01.ndjson#VoluUtilDiarEner:Sistema:2021-11-01:2021-11-30
2021-11-04,AporEner,359005800,kWh,xm:servapibi,2026-09-22T19:16:17Z,xm/2021/11/AporEner_Sistema.2021-11-01.ndjson#AporEner:Sistema:2021-11-01:2021-11-30
2021-11-04,AporEnerMediHist,206560000,kWh,xm:servapibi,2026-09-22T19:16:18Z,xm/2021/11/AporEnerMediHist_Sistema.2021-11-01.ndjson#AporEnerMediHist:Sistema:2021-11-01:2021-11-30
2021-11-04,CapaUtilDiarEner,16846737971,kWh,xm:servapibi,2026-09-22T19:16:15Z,xm/2021/11/CapaUtilDiarEner_Sistema.2021-11-01.ndjson#CapaUtilDiarEner:Sistema:2021-11-01:2021-11-30
2021-11-04,DemaSIN,213170067.37,kWh,xm:servapibi,2026-09-22T19:16:21Z,xm/2021/11/DemaSIN_Sistema.2021-11-01.ndjson#DemaSIN:Sistema:2021-11-01:2021-11-30
2021-11-04,PorcApor,1.73802,fraction,xm:servapibi,2026-09-22T19:16:20Z,xm/2021/11/PorcApor_Sistema.2021-11-01.ndjson#PorcApor:Sistema:2021-11-01:2021-11-30
2021-11-04,PorcVoluUtilDiar,0.85443,fraction,xm:servapibi,2026-09-22T19:16:13Z,xm/2021/11/PorcVoluUtilDiar_Sistema.2021-11-01.ndjson#PorcVoluUtilDiar:Sistema:2021-11-01:2021-11-30
2021-11-04,PrecBolsNaci,98.38518333333336,COP/kWh,xm:servapibi,2026-09-22T19:16:24Z,xm/2021/11/PrecBolsNaci_Sistema.2021-11-01.ndjson#PrecBolsNaci:Sistema:2021-11-01:2021-11-30
2021-11-04,PrecEscaAct,880.60109,COP/kWh,xm:servapibi,2026-09-22T19:16:22Z,xm/2021/11/PrecEscaAct_Sistema.2021-11-01.ndjson#PrecEscaAct:Sistema:2021-11-01:2021-11-30
2021-11-04,VoluUtilDiarEner,14394374900,kWh,xm:servapibi,2026-09-22T19:16:14Z,xm/2021/11/VoluUtilDiarEner_Sistema.2021-11-01.ndjson#VoluUtilDiarEner:Sistema:2021-11-01:2021-11-30
2021-11-05,AporEner,231565900,kWh,xm:servapibi,2026-09-22T19:16:17Z,xm/2021/11/AporEner_Sistema.2021-11-01.ndjson#AporEner:Sistema:2021-11-01:2021-11-30
2021-11-05,AporEnerMediHist,206560000,kWh,xm:servapibi,2026-09-22T19:16:18Z,xm/2021/11/AporEnerMediHist_Sistema.2021-11-01.ndjson#AporEnerMediHist:Sistema:2021-11-01:2021-11-30
2021-11-05,CapaUtilDiarEner,16846737971,kWh,xm:servapibi,2026-09-22T19:16:15Z,xm/2021/11/CapaUtilDiarEner_Sistema.2021-11-01.ndjson#CapaUtilDiarEner:Sistema:2021-11-01:2021-11-30
2021-11-05,DemaSIN,218329759.98,kWh,xm:servapibi,2026-09-22T19:16:21Z,xm/2021/11/DemaSIN_Sistema.2021-11-01.ndjson#DemaSIN:Sistema:2021-11-01:2021-11-30
2021-11-05,PorcApor,1.12106,fraction,xm:servapibi,2026-09-22T19:16:20Z,xm/2021/11/PorcApor_Sistema.2021-11-01.ndjson#PorcApor:Sistema:2021-11-01:2021-11-30
2021-11-05,PorcVoluUtilDiar,0.85196,fraction,xm:servapibi,2026-09-22T19:16:13Z,xm/2021/11/PorcVoluUtilDiar_Sistema.2021-11-01.ndjson#PorcVoluUtilDiar:Sistema:2021-11-01:2021-11-30
2021-11-05,PrecBolsNaci,92.64157500000003,COP/kWh,xm:servapibi,2026-09-22T19:16:24Z,xm/2021/11/PrecBolsNaci_Sistema.2021-11-01.ndjson#PrecBolsNaci:Sistema:2021-11-01:2021-11-30
2021-11-05,PrecEscaAct,880.60109,COP/kWh,xm:servapibi,2026-09-22T19:16:22Z,xm/2021/11/PrecEscaAct_Sistema.2021-11-01.ndjson#PrecEscaAct:Sistema:2021-11-01:2021-11-30
2021-11-05,VoluUtilDiarEner,14352735200,kWh,xm:servapibi,2026-09-22T19:16:14Z,xm/2021/11/VoluUtilDiarEner_Sistema.2021-11-01.ndjson#VoluUtilDiarEner:Sistema:2021-11-01:2021-11-30
2021-11-06,AporEner,204941900,kWh,xm:servapibi,2026-09-22T19:16:17Z,xm/2021/11/AporEner_Sistema.2021-11-01.ndjson#AporEner:Sistema:2021-11-01:2021-11-30
2021-11-06,AporEnerMediHist,206560000,kWh,xm:servapibi,2026-09-22T19:16:18Z,xm/2021/11/AporEnerMediHist_Sistema.2021-11-01.ndjson#AporEnerMediHist:Sistema:2021-11-01:2021-11-30
2021-11-06,CapaUtilDiarEner,16846737971,kWh,xm:servapibi,2026-09-22T19:16:15Z,xm/2021/11/CapaUtilDiarEner_Sistema.2021-11-01.ndjson#CapaUtilDiarEner:Sistema:2021-11-01:2021-11-30
2021-11-06,DemaSIN,211943962.84,kWh,xm:servapibi,2026-09-22T19:16:21Z,xm/2021/11/DemaSIN_Sistema.2021-11-01.ndjson#DemaSIN:Sistema:2021-11-01:2021-11-30
2021-11-06,PorcApor,0.99217,fraction,xm:servapibi,2026-09-22T19:16:20Z,xm/2021/11/PorcApor_Sistema.2021-11-01.ndjson#PorcApor:Sistema:2021-11-01:2021-11-30
2021-11-06,PorcVoluUtilDiar,0.84868,fraction,xm:servapibi,2026-09-22T19:16:13Z,xm/2021/11/PorcVoluUtilDiar_Sistema.2021-11-01.ndjson#PorcVoluUtilDiar:Sistema:2021-11-01:2021-11-30
2021-11-06,PrecBolsNaci,94.243585,COP/kWh,xm:servapibi,2026-09-22T19:16:24Z,xm/2021/11/PrecBolsNaci_Sistema.2021-11-01.ndjson#PrecBolsNaci:Sistema:2021-11-01:2021-11-30
2021-11-06,PrecEscaAct,880.60109,COP/kWh,xm:servapibi,2026-09-22T19:16:22Z,xm/2021/11/PrecEscaAct_Sistema.2021-11-01.ndjson#PrecEscaAct:Sistema:2021-11-01:2021-11-30
2021-11-06,VoluUtilDiarEner,14297406100,kWh,xm:servapibi,2026-09-22T19:16:14Z,xm/2021/11/VoluUtilDiarEner_Sistema.2021-11-01.ndjson#VoluUtilDiarEner:Sistema:2021-11-01:2021-11-30
2021-11-07,AporEner,222172700,kWh,xm:servapibi,2026-09-22T19:16:17Z,xm/2021/11/AporEner_Sistema.2021-11-01.ndjson#AporEner:Sistema:2021-11-01:2021-11-30
2021-11-07,AporEnerMediHist,206560000,kWh,xm:servapibi,2026-09-22T19:16:18Z,xm/2021/11/AporEnerMediHist_Sistema.2021-11-01.ndjson#AporEnerMediHist:Sistema:2021-11-01:2021-11-30
2021-11-07,CapaUtilDiarEner,16846737971,kWh,xm:servapibi,2026-09-22T19:16:15Z,xm/2021/11/CapaUtilDiarEner_Sistema.2021-11-01.ndjson#CapaUtilDiarEner:Sistema:2021-11-01:2021-11-30
2021-11-07,DemaSIN,195168730.2,kWh,xm:servapibi,2026-09-22T19:16:21Z,xm/2021/11/DemaSIN_Sistema.2021-11-01.ndjson#DemaSIN:Sistema:2021-11-01:2021-11-30
2021-11-07,PorcApor,1.07558,fraction,xm:servapibi,2026-09-22T19:16:20Z,xm/2021/11/PorcApor_Sistema.2021-11-01.ndjson#PorcApor:Sistema:2021-11-01:2021-11-30
2021-11-07,PorcVoluUtilDiar,0.84781,fraction,xm:servapibi,2026-09-22T19:16:13Z,xm/2021/11/PorcVoluUtilDiar_Sistema.2021-11-01.ndjson#PorcVoluUtilDiar:Sistema:2021-11-01:2021-11-30
2021-11-07,PrecBolsNaci,92.96066833333335,COP/kWh,xm:servapibi,2026-09-22T19:16:24Z,xm/2021/11/PrecBolsNaci_Sistema.2021-11-01.ndjson#PrecBolsNaci:Sistema:2021-11-01:2021-11-30
2021-11-07,PrecEscaAct,880.60109,COP/kWh,xm:servapibi,2026-09-22T19:16:22Z,xm/2021/11/PrecEscaAct_Sistema.2021-11-01.ndjson#PrecEscaAct:Sistema:2021-11-01:2021-11-30
2021-11-07,VoluUtilDiarEner,14282913400,kWh,xm:servapibi,2026-09-22T19:16:14Z,xm/2021/11/VoluUtilDiarEner_Sistema.2021-11-01.ndjson#VoluUtilDiarEner:Sistema:2021-11-01:2021-11-30
2021-11-08,AporEner,196615800,kWh,xm:servapibi,2026-09-22T19:16:17Z,xm/2021/11/AporEner_Sistema.2021-11-01.ndjson#AporEner:Sistema:2021-11-01:2021-11-30
2021-11-08,AporEnerMediHist,206560000,kWh,xm:servapibi,2026-09-22T19:16:18Z,xm/2021/11/AporEnerMediHist_Sistema.2021-11-01.ndjson#AporEnerMediHist:Sistema:2021-11-01:2021-11-30
2021-11-08,CapaUtilDiarEner,16842536711,kWh,xm:servapibi,2026-09-22T19:16:15Z,xm/2021/11/CapaUtilDiarEner_Sistema.2021-11-01.ndjson#CapaUtilDiarEner:Sistema:2021-11-01:2021-11-30
2021-11-08,DemaSIN,216251975.06,kWh,xm:servapibi,2026-09-22T19:16:21Z,xm/2021/11/DemaSIN_Sistema.2021-11-01.ndjson#DemaSIN:Sistema:2021-11-01:2021-11-30
2021-11-08,PorcApor,0.95186,fraction,xm:servapibi,2026-09-22T19:16:20Z,xm/2021/11/PorcApor_Sistema.2021-11-01.ndjson#PorcApor:Sistema:2021-11-01:2021-11-30
2021-11-08,PorcVoluUtilDiar,0.84667,fraction,xm:servapibi,2026-09-22T19:16:13Z,xm/2021/11/PorcVoluUtilDiar_Sistema.2021-11-01.ndjson#PorcVoluUtilDiar:Sistema:2021-11-01:2021-11-30
2021-11-08,PrecBolsNaci,93.49398833333332,COP/kWh,xm:servapibi,2026-09-22T19:16:24Z,xm/2021/11/PrecBolsNaci_Sistema.2021-11-01.ndjson#PrecBolsNaci:Sistema:2021-11-01:2021-11-30
2021-11-08,PrecEscaAct,880.60109,COP/kWh,xm:servapibi,2026-09-22T19:16:22Z,xm/2021/11/PrecEscaAct_Sistema.2021-11-01.ndjson#PrecEscaAct:Sistema:2021-11-01:2021-11-30
2021-11-08,VoluUtilDiarEner,14260065200,kWh,xm:servapibi,2026-09-22T19:16:14Z,xm/2021/11/VoluUtilDiarEner_Sistema.2021-11-01.ndjson#VoluUtilDiarEner:Sistema:2021-11-01:2021-11-30
2021-11-09,AporEner,220238500,kWh,xm:servapibi,2026-09-22T19:16:17Z,xm/2021/11/AporEner_Sistema.2021-11-01.ndjson#AporEner:Sistema:2021-11-01:2021-11-30
2021-11-09,AporEnerMediHist,206560000,kWh,xm:servapibi,2026-09-22T19:16:18Z,xm/2021/11/AporEnerMediHist_Sistema.2021-11-01.ndjson#AporEnerMediHist:Sistema:2021-11-01:2021-11-30
2021-11-09,CapaUtilDiarEner,16842536711,kWh,xm:servapibi,2026-09-22T19:16:15Z,xm/2021/11/CapaUtilDiarEner_Sistema.2021-11-01.ndjson#CapaUtilDiarEner:Sistema:2021-11-01:2021-11-30
2021-11-09,DemaSIN,217764707.7,kWh,xm:servapibi,2026-09-22T19:16:21Z,xm/2021/11/DemaSIN_Sistema.2021-11-01.ndjson#DemaSIN:Sistema:2021-11-01:2021-11-30
2021-11-09,PorcApor,1.06622,fraction,xm:servapibi,2026-09-22T19:16:20Z,xm/2021/11/PorcApor_Sistema.2021-11-01.ndjson#PorcApor:Sistema:2021-11-01:2021-11-30
2021-11-09,PorcVoluUtilDiar,0.84724,fraction,xm:servapibi,2026-09-22T19:16:13Z,xm/2021/11/PorcVoluUtilDiar_Sistema.2021-11-01.ndjson#PorcVoluUtilDiar:Sistema:2021-11-01:2021-11-30
2021-11-09,PrecBolsNaci,120.16555833333338,COP/kWh,xm:servapibi,2026-09-22T19:16:24Z,xm/2021/11/PrecBolsNaci_Sistema.2021-11-01.ndjson#PrecBolsNaci:Sistema:2021-11-01:2021-11-30
2021-11-09,PrecEscaAct,880.60109,COP/kWh,xm:servapibi,2026-09-22T19:16:22Z,xm/2021/11/PrecEscaAct_Sistema.2021-11-01.ndjson#PrecEscaAct:Sistema:2021-11-01:2021-11-30
2021-11-09,VoluUtilDiarEner,14269663600,kWh,xm:servapibi,2026-09-22T19:16:14Z,xm/2021/11/VoluUtilDiarEner_Sistema.2021-11-01.ndjson#VoluUtilDiarEner:Sistema:2021-11-01:2021-11-30
2021-11-10,AporEner,212062000,kWh,xm:servapibi,2026-09-22T19:16:17Z,xm/2021/11/AporEner_Sistema.2021-11-01.ndjson#AporEner:Sistema:2021-11-01:2021-11-30
2021-11-10,AporEnerMediHist,206560000,kWh,xm:servapibi,2026-09-22T19:16:18Z,xm/2021/11/AporEnerMediHist_Sistema.2021-11-01.ndjson#AporEnerMediHist:Sistema:2021-11-01:2021-11-30
2021-11-10,CapaUtilDiarEner,16842536711,kWh,xm:servapibi,2026-09-22T19:16:15Z,xm/2021/11/CapaUtilDiarEner_Sistema.2021-11-01.ndjson#CapaUtilDiarEner:Sistema:2021-11-01:2021-11-30
2021-11-10,DemaSIN,216443297.77,kWh,xm:servapibi,2026-09-22T19:16:21Z,xm/2021/11/DemaSIN_Sistema.2021-11-01.ndjson#DemaSIN:Sistema:2021-11-01:2021-11-30
2021-11-10,PorcApor,1.02664,fraction,xm:servapibi,2026-09-22T19:16:20Z,xm/2021/11/PorcApor_Sistema.2021-11-01.ndjson#PorcApor:Sistema:2021-11-01:2021-11-30
2021-11-10,PorcVoluUtilDiar,0.84797,fraction,xm:servapibi,2026-09-22T19:16:13Z,xm/2021/11/PorcVoluUtilDiar_Sistema.2021-11-01.ndjson#PorcVoluUtilDiar:Sistema:2021-11-01:2021-11-30
2021-11-10,PrecBolsNaci,104.15940333333337,COP/kWh,xm:servapibi,2026-09-22T19:16:24Z,xm/2021/11/PrecBolsNaci_Sistema.2021-11-01.ndjson#PrecBolsNaci:Sistema:2021-11-01:2021-11-30
2021-11-10,PrecEscaAct,880.60109,COP/kWh,xm:servapibi,2026-09-22T19:16:22Z,xm/2021/11/PrecEscaAct_Sistema.2021-11-01.ndjson#PrecEscaAct:Sistema:2021-11-01:2021-11-30
2021-11-10,VoluUtilDiarEner,14281938100,kWh,xm:servapibi,2026-09-22T19:16:14Z,xm/2021/11/VoluUtilDiarEner_Sistema.2021-11-01.ndjson#VoluUtilDiarEner:Sistema:2021-11-01:2021-11-30
2021-11-11,AporEner,201281800,kWh,xm:servapibi,2026-09-22T19:16:17Z,xm/2021/11/AporEner_Sistema.2021-11-01.ndjson#AporEner:Sistema:2021-11-01:2021-11-30
2021-11-11,AporEnerMediHist,206560000,kWh,xm:servapibi,2026-09-22T19:16:18Z,xm/2021/11/AporEnerMediHist_Sistema.2021-11-01.ndjson#AporEnerMediHist:Sistema:2021-11-01:2021-11-30
2021-11-11,CapaUtilDiarEner,16842536711,kWh,xm:servapibi,2026-09-22T19:16:15Z,xm/2021/11/CapaUtilDiarEner_Sistema.2021-11-01.ndjson#CapaUtilDiarEner:Sistema:2021-11-01:2021-11-30
2021-11-11,DemaSIN,218054909.22,kWh,xm:servapibi,2026-09-22T19:16:21Z,xm/2021/11/DemaSIN_Sistema.2021-11-01.ndjson#DemaSIN:Sistema:2021-11-01:2021-11-30
2021-11-11,PorcApor,0.97445,fraction,xm:servapibi,2026-09-22T19:16:20Z,xm/2021/11/PorcApor_Sistema.2021-11-01.ndjson#PorcApor:Sistema:2021-11-01:2021-11-30
2021-11-11,PorcVoluUtilDiar,0.8471,fraction,xm:servapibi,2026-09-22T19:16:13Z,xm/2021/11/PorcVoluUtilDiar_Sistema.2021-11-01.ndjson#PorcVoluUtilDiar:Sistema:2021-11-01:2021-11-30
2021-11-11,PrecBolsNaci,107.93952666666667,COP/kWh,xm:servapibi,2026-09-22T19:16:24Z,xm/2021/11/PrecBolsNaci_Sistema.2021-11-01.ndjson#PrecBolsNaci:Sistema:2021-11-01:2021-11-30
2021-11-11,PrecEscaAct,880.60109,COP/kWh,xm:servapibi,2026-09-22T19:16:22Z,xm/2021/11/PrecEscaAct_Sistema.2021-11-01.ndjson#PrecEscaAct:Sistema:2021-11-01:2021-11-30
2021-11-11,VoluUtilDiarEner,14267357900,kWh,xm:servapibi,2026-09-22T19:16:14Z,xm/2021/11/VoluUtilDiarEner_Sistema.2021-11-01.ndjson#VoluUtilDiarEner:Sistema:2021-11-01:2021-11-30
2021-11-12,AporEner,171868900,kWh,xm:servapibi,2026-09-22T19:16:17Z,xm/2021/11/AporEner_Sistema.2021-11-01.ndjson#AporEner:Sistema:2021-11-01:2021-11-30
2021-11-12,AporEnerMediHist,206560000,kWh,xm:servapibi,2026-09-22T19:16:18Z,xm/2021/11/AporEnerMediHist_Sistema.2021-11-01.ndjson#AporEnerMediHist:Sistema:2021-11-01:2021-11-30
2021-11-12,CapaUtilDiarEner,16842536711,kWh,xm:servapibi,2026-09-22T19:16:15Z,xm/2021/11/CapaUtilDiarEner_Sistema.2021-11-01.ndjson#CapaUtilDiarEner:Sistema:2021-11-01:2021-11-30
2021-11-12,DemaSIN,218503595.66,kWh,xm:servapibi,2026-09-22T19:16:21Z,xm/2021/11/DemaSIN_Sistema.2021-11-01.ndjson#DemaSIN:Sistema:2021-11-01:2021-11-30
2021-11-12,PorcApor,0.83205,fraction,xm:servapibi,2026-09-22T19:16:20Z,xm/2021/11/PorcApor_Sistema.2021-11-01.ndjson#PorcApor:Sistema:2021-11-01:2021-11-30
2021-11-12,PorcVoluUtilDiar,0.84536,fraction,xm:servapibi,2026-09-22T19:16:13Z,xm/2021/11/PorcVoluUtilDiar_Sistema.2021-11-01.ndjson#PorcVoluUtilDiar:Sistema:2021-11-01:2021-11-30
2021-11-12,PrecBolsNaci,92.92960499999997,COP/kWh,xm:servapibi,2026-09-22T19:16:24Z,xm/2021/11/PrecBolsNaci_Sistema.2021-11-01.ndjson#PrecBolsNaci:Sistema:2021-11-01:2021-11-30
2021-11-12,PrecEscaAct,880.60109,COP/kWh,xm:servapibi,2026-09-22T19:16:22Z,xm/2021/11/PrecEscaAct_Sistema.2021-11-01.ndjson#PrecEscaAct:Sistema:2021-11-01:2021-11-30
2021-11-12,VoluUtilDiarEner,14237923900,kWh,xm:servapibi,2026-09-22T19:16:14Z,xm/2021/11/VoluUtilDiarEner_Sistema.2021-11-01.ndjson#VoluUtilDiarEner:Sistema:2021-11-01:2021-11-30
2021-11-13,AporEner,215287000,kWh,xm:servapibi,2026-09-22T19:16:17Z,xm/2021/11/AporEner_Sistema.2021-11-01.ndjson#AporEner:Sistema:2021-11-01:2021-11-30
2021-11-13,AporEnerMediHist,206560000,kWh,xm:servapibi,2026-09-22T19:16:18Z,xm/2021/11/AporEnerMediHist_Sistema.2021-11-01.ndjson#AporEnerMediHist:Sistema:2021-11-01:2021-11-30
2021-11-13,CapaUtilDiarEner,16842536711,kWh,xm:servapibi,2026-09-22T19:16:15Z,xm/2021/11/CapaUtilDiarEner_Sistema.2021-11-01.ndjson#CapaUtilDiarEner:Sistema:2021-11-01:2021-11-30
2021-11-13,DemaSIN,208779416.06,kWh,xm:servapibi,2026-09-22T19:16:21Z,xm/2021/11/DemaSIN_Sistema.2021-11-01.ndjson#DemaSIN:Sistema:2021-11-01:2021-11-30
2021-11-13,PorcApor,1.04225,fraction,xm:servapibi,2026-09-22T19:16:20Z,xm/2021/11/PorcApor_Sistema.2021-11-01.ndjson#PorcApor:Sistema:2021-11-01:2021-11-30
2021-11-13,PorcVoluUtilDiar,0.8458,fraction,xm:servapibi,2026-09-22T19:16:13Z,xm/2021/11/PorcVoluUtilDiar_Sistema.2021-11-01.ndjson#PorcVoluUtilDiar:Sistema:2021-11-01:2021-11-30
2021-11-13,PrecBolsNaci,94.24609666666669,COP/kWh,xm:servapibi,2026-09-22T19:16:24Z,xm/2021/11/PrecBolsNaci_Sistema.2021-11-01.ndjson#PrecBolsNaci:Sistema:2021-11-01:2021-11-30
2021-11-13,PrecEscaAct,880.60109,COP/kWh,xm:servapibi,2026-09-22T19:16:22Z,xm/2021/11/PrecEscaAct_Sistema.2021-11-01.ndjson#PrecEscaAct:Sistema:2021-11-01:2021-11-30
2021-11-13,VoluUtilDiarEner,14245499300,kWh,xm:servapibi,2026-09-22T19:16:14Z,xm/2021/11/VoluUtilDiarEner_Sistema.2021-11-01.ndjson#VoluUtilDiarEner:Sistema:2021-11-01:2021-11-30
2021-11-14,AporEner,182435100,kWh,xm:servapibi,2026-09-22T19:16:17Z,xm/2021/11/AporEner_Sistema.2021-11-01.ndjson#AporEner:Sistema:2021-11-01:2021-11-30
2021-11-14,AporEnerMediHist,206560000,kWh,xm:servapibi,2026-09-22T19:16:18Z,xm/2021/11/AporEnerMediHist_Sistema.2021-11-01.ndjson#AporEnerMediHist:Sistema:2021-11-01:2021-11-30
2021-11-14,CapaUtilDiarEner,16842536711,kWh,xm:servapibi,2026-09-22T19:16:15Z,xm/2021/11/CapaUtilDiarEner_Sistema.2021-11-01.ndjson#CapaUtilDiarEner:Sistema:2021-11-01:2021-11-30
2021-11-14,DemaSIN,190157335.34,kWh,xm:servapibi,2026-09-22T19:16:21Z,xm/2021/11/DemaSIN_Sistema.2021-11-01.ndjson#DemaSIN:Sistema:2021-11-01:2021-11-30
2021-11-14,PorcApor,0.88321,fraction,xm:servapibi,2026-09-22T19:16:20Z,xm/2021/11/PorcApor_Sistema.2021-11-01.ndjson#PorcApor:Sistema:2021-11-01:2021-11-30
2021-11-14,PorcVoluUtilDiar,0.84628,fraction,xm:servapibi,2026-09-22T19:16:13Z,xm/2021/11/PorcVoluUtilDiar_Sistema.2021-11-01.ndjson#PorcVoluUtilDiar:Sistema:2021-11-01:2021-11-30
2021-11-14,PrecBolsNaci,92.61306666666671,COP/kWh,xm:servapibi,2026-09-22T19:16:24Z,xm/2021/11/PrecBolsNaci_Sistema.2021-11-01.ndjson#PrecBolsNaci:Sistema:2021-11-01:2021-11-30
2021-11-14,PrecEscaAct,880.60109,COP/kWh,xm:servapibi,2026-09-22T19:16:22Z,xm/2021/11/PrecEscaAct_Sistema.2021-11-01.ndjson#PrecEscaAct:Sistema:2021-11-01:2021-11-30
2021-11-14,VoluUtilDiarEner,14253443900,kWh,xm:servapibi,2026-09-22T19:16:14Z,xm/2021/11/VoluUtilDiarEner_Sistema.2021-11-01.ndjson#VoluUtilDiarEner:Sistema:2021-11-01:2021-11-30
2021-11-15,AporEner,167926100,kWh,xm:servapibi,2026-09-22T19:16:17Z,xm/2021/11/AporEner_Sistema.2021-11-01.ndjson#AporEner:Sistema:2021-11-01:2021-11-30
2021-11-15,AporEnerMediHist,206560000,kWh,xm:servapibi,2026-09-22T19:16:18Z,xm/2021/11/AporEnerMediHist_Sistema.2021-11-01.ndjson#AporEnerMediHist:Sistema:2021-11-01:2021-11-30
2021-11-15,CapaUtilDiarEner,16842536711,kWh,xm:servapibi,2026-09-22T19:16:15Z,xm/2021/11/CapaUtilDiarEner_Sistema.2021-11-01.ndjson#CapaUtilDiarEner:Sistema:2021-11-01:2021-11-30
2021-11-15,DemaSIN,194123324.76,kWh,xm:servapibi,2026-09-22T19:16:21Z,xm/2021/11/DemaSIN_Sistema.2021-11-01.ndjson#DemaSIN:Sistema:2021-11-01:2021-11-30
2021-11-15,PorcApor,0.81297,fraction,xm:servapibi,2026-09-22T19:16:20Z,xm/2021/11/PorcApor_Sistema.2021-11-01.ndjson#PorcApor:Sistema:2021-11-01:2021-11-30
2021-11-15,PorcVoluUtilDiar,0.84552,fraction,xm:servapibi,2026-09-22T19:16:13Z,xm/2021/11/PorcVoluUtilDiar_Sistema.2021-11-01.ndjson#PorcVoluUtilDiar:Sistema:2021-11-01:2021-11-30
2021-11-15,PrecBolsNaci,91.85926333333337,COP/kWh,xm:servapibi,2026-09-22T19:16:24Z,xm/2021/11/PrecBolsNaci_Sistema.2021-11-01.ndjson#PrecBolsNaci:Sistema:2021-11-01:2021-11-30
2021-11-15,PrecEscaAct,880.60109,COP/kWh,xm:servapibi,2026-09-22T19:16:22Z,xm/2021/11/PrecEscaAct_Sistema.2021-11-01.ndjson#PrecEscaAct:Sistema:2021-11-01:2021-11-30
2021-11-15,VoluUtilDiarEner,14240654600,kWh,xm:servapibi,2026-09-22T19:16:14Z,xm/2021/11/VoluUtilDiarEner_Sistema.2021-11-01.ndjson#VoluUtilDiarEner:Sistema:2021-11-01:2021-11-30
2021-11-16,AporEner,149059900,kWh,xm:servapibi,2026-09-22T19:16:17Z,xm/2021/11/AporEner_Sistema.2021-11-01.ndjson#AporEner:Sistema:2021-11-01:2021-11-30
2021-11-16,AporEnerMediHist,206560000,kWh,xm:servapibi,2026-09-22T19:16:18Z,xm/2021/11/AporEnerMediHist_Sistema.2021-11-01.ndjson#AporEnerMediHist:Sistema:2021-11-01:2021-11-30
2021-11-16,CapaUtilDiarEner,16842536711,kWh,xm:servapibi,2026-09-22T19:16:15Z,xm/2021/11/CapaUtilDiarEner_Sistema.2021-11-01.ndjson#CapaUtilDiarEner:Sistema:2021-11-01:2021-11-30
2021-11-16,DemaSIN,217188795.32,kWh,xm:servapibi,2026-09-22T19:16:21Z,xm/2021/11/DemaSIN_Sistema.2021-11-01.ndjson#DemaSIN:Sistema:2021-11-01:2021-11-30
2021-11-16,PorcApor,0.72163,fraction,xm:servapibi,2026-09-22T19:16:20Z,xm/2021/11/PorcApor_Sistema.2021-11-01.ndjson#PorcApor:Sistema:2021-11-01:2021-11-30
2021-11-16,PorcVoluUtilDiar,0.84228,fraction,xm:servapibi,2026-09-22T19:16:13Z,xm/2021/11/PorcVoluUtilDiar_Sistema.2021-11-01.ndjson#PorcVoluUtilDiar:Sistema:2021-11-01:2021-11-30
2021-11-16,PrecBolsNaci,98.5802833333333,COP/kWh,xm:servapibi,2026-09-22T19:16:24Z,xm/2021/11/PrecBolsNaci_Sistema.2021-11-01.ndjson#PrecBolsNaci:Sistema:2021-11-01:2021-11-30
2021-11-16,PrecEscaAct,880.60109,COP/kWh,xm:servapibi,2026-09-22T19:16:22Z,xm/2021/11/PrecEscaAct_Sistema.2021-11-01.ndjson#PrecEscaAct:Sistema:2021-11-01:2021-11-30
2021-11-16,VoluUtilDiarEner,14186142500,kWh,xm:servapibi,2026-09-22T19:16:14Z,xm/2021/11/VoluUtilDiarEner_Sistema.2021-11-01.ndjson#VoluUtilDiarEner:Sistema:2021-11-01:2021-11-30
2021-11-17,AporEner,132817400,kWh,xm:servapibi,2026-09-22T19:16:17Z,xm/2021/11/AporEner_Sistema.2021-11-01.ndjson#AporEner:Sistema:2021-11-01:2021-11-30
2021-11-17,AporEnerMediHist,206560000,kWh,xm:servapibi,2026-09-22T19:16:18Z,xm/2021/11/AporEnerMediHist_Sistema.2021-11-01.ndjson#AporEnerMediHist:Sistema:2021-11-01:2021-11-30
2021-11-17,CapaUtilDiarEner,16842536711,kWh,xm:servapibi,2026-09-22T19:16:15Z,xm/2021/11/CapaUtilDiarEner_Sistema.2021-11-01.ndjson#CapaUtilDiarEner:Sistema:2021-11-01:2021-11-30
2021-11-17,DemaSIN,218983011.35,kWh,xm:servapibi,2026-09-22T19:16:21Z,xm/2021/11/DemaSIN_Sistema.2021-11-01.ndjson#DemaSIN:Sistema:2021-11-01:2021-11-30
2021-11-17,PorcApor,0.643,fraction,xm:servapibi,2026-09-22T19:16:20Z,xm/2021/11/PorcApor_Sistema.2021-11-01.ndjson#PorcApor:Sistema:2021-11-01:2021-11-30
2021-11-17,PorcVoluUtilDiar,0.83893,fraction,xm:servapibi,2026-09-22T19:16:13Z,xm/2021/11/PorcVoluUtilDiar_Sistema.2021-11-01.ndjson#PorcVoluUtilDiar:Sistema:2021-11-01:2021-11-30
2021-11-17,PrecBolsNaci,107.59131666666663,COP/kWh,xm:servapibi,2026-09-22T19:16:24Z,xm/2021/11/PrecBolsNaci_Sistema.2021-11-01.ndjson#PrecBolsNaci:Sistema:2021-11-01:2021-11-30
2021-11-17,PrecEscaAct,880.60109,COP/kWh,xm:servapibi,2026-09-22T19:16:22Z,xm/2021/11/PrecEscaAct_Sistema.2021-11-01.ndjson#PrecEscaAct:Sistema:2021-11-01:2021-11-30
2021-11-17,VoluUtilDiarEner,14129669200,kWh,xm:servapibi,2026-09-22T19:16:14Z,xm/2021/11/VoluUtilDiarEner_Sistema.2021-11-01.ndjson#VoluUtilDiarEner:Sistema:2021-11-01:2021-11-30
2021-11-18,AporEner,128099300,kWh,xm:servapibi,2026-09-22T19:16:17Z,xm/2021/11/AporEner_Sistema.2021-11-01.ndjson#AporEner:Sistema:2021-11-01:2021-11-30
2021-11-18,AporEnerMediHist,206560000,kWh,xm:servapibi,2026-09-22T19:16:18Z,xm/2021/11/AporEnerMediHist_Sistema.2021-11-01.ndjson#AporEnerMediHist:Sistema:2021-11-01:2021-11-30
2021-11-18,CapaUtilDiarEner,16842536711,kWh,xm:servapibi,2026-09-22T19:16:15Z,xm/2021/11/CapaUtilDiarEner_Sistema.2021-11-01.ndjson#CapaUtilDiarEner:Sistema:2021-11-01:2021-11-30
2021-11-18,DemaSIN,219344586.09,kWh,xm:servapibi,2026-09-22T19:16:21Z,xm/2021/11/DemaSIN_Sistema.2021-11-01.ndjson#DemaSIN:Sistema:2021-11-01:2021-11-30
2021-11-18,PorcApor,0.62016,fraction,xm:servapibi,2026-09-22T19:16:20Z,xm/2021/11/PorcApor_Sistema.2021-11-01.ndjson#PorcApor:Sistema:2021-11-01:2021-11-30
2021-11-18,PorcVoluUtilDiar,0.83519,fraction,xm:servapibi,2026-09-22T19:16:13Z,xm/2021/11/PorcVoluUtilDiar_Sistema.2021-11-01.ndjson#PorcVoluUtilDiar:Sistema:2021-11-01:2021-11-30
2021-11-18,PrecBolsNaci,104.79769666666668,COP/kWh,xm:servapibi,2026-09-22T19:16:24Z,xm/2021/11/PrecBolsNaci_Sistema.2021-11-01.ndjson#PrecBolsNaci:Sistema:2021-11-01:2021-11-30
2021-11-18,PrecEscaAct,880.60109,COP/kWh,xm:servapibi,2026-09-22T19:16:22Z,xm/2021/11/PrecEscaAct_Sistema.2021-11-01.ndjson#PrecEscaAct:Sistema:2021-11-01:2021-11-30
2021-11-18,VoluUtilDiarEner,14066735200,kWh,xm:servapibi,2026-09-22T19:16:14Z,xm/2021/11/VoluUtilDiarEner_Sistema.2021-11-01.ndjson#VoluUtilDiarEner:Sistema:2021-11-01:2021-11-30
2021-11-19,AporEner,146955200,kWh,xm:servapibi,2026-09-22T19:16:17Z,xm/2021/11/AporEner_Sistema.2021-11-01.ndjson#AporEner:Sistema:2021-11-01:2021-11-30
2021-11-19,AporEnerMediHist,206560000,kWh,xm:servapibi,2026-09-22T19:16:18Z,xm/2021/11/AporEnerMediHist_Sistema.2021-11-01.ndjson#AporEnerMediHist:Sistema:2021-11-01:2021-11-30
2021-11-19,CapaUtilDiarEner,16842536711,kWh,xm:servapibi,2026-09-22T19:16:15Z,xm/2021/11/CapaUtilDiarEner_Sistema.2021-11-01.ndjson#CapaUtilDiarEner:Sistema:2021-11-01:2021-11-30
2021-11-19,DemaSIN,219749558.52,kWh,xm:servapibi,2026-09-22T19:16:21Z,xm/2021/11/DemaSIN_Sistema.2021-11-01.ndjson#DemaSIN:Sistema:2021-11-01:2021-11-30
2021-11-19,PorcApor,0.71144,fraction,xm:servapibi,2026-09-22T19:16:20Z,xm/2021/11/PorcApor_Sistema.2021-11-01.ndjson#PorcApor:Sistema:2021-11-01:2021-11-30
2021-11-19,PorcVoluUtilDiar,0.83241,fraction,xm:servapibi,2026-09-22T19:16:13Z,xm/2021/11/PorcVoluUtilDiar_Sistema.2021-11-01.ndjson#PorcVoluUtilDiar:Sistema:2021-11-01:2021-11-30
2021-11-19,PrecBolsNaci,108.51910666666669,COP/kWh,xm:servapibi,2026-09-22T19:16:24Z,xm/2021/11/PrecBolsNaci_Sistema.2021-11-01.ndjson#PrecBolsNaci:Sistema:2021-11-01:2021-11-30
2021-11-19,PrecEscaAct,880.60109,COP/kWh,xm:servapibi,2026-09-22T19:16:22Z,xm/2021/11/PrecEscaAct_Sistema.2021-11-01.ndjson#PrecEscaAct:Sistema:2021-11-01:2021-11-30
2021-11-19,VoluUtilDiarEner,14019888800,kWh,xm:servapibi,2026-09-22T19:16:14Z,xm/2021/11/VoluUtilDiarEner_Sistema.2021-11-01.ndjson#VoluUtilDiarEner:Sistema:2021-11-01:2021-11-30
2021-11-20,AporEner,151197700,kWh,xm:servapibi,2026-09-22T19:16:17Z,xm/2021/11/AporEner_Sistema.2021-11-01.ndjson#AporEner:Sistema:2021-11-01:2021-11-30
2021-11-20,AporEnerMediHist,206560000,kWh,xm:servapibi,2026-09-22T19:16:18Z,xm/2021/11/AporEnerMediHist_Sistema.2021-11-01.ndjson#AporEnerMediHist:Sistema:2021-11-01:2021-11-30
2021-11-20,CapaUtilDiarEner,16842536711,kWh,xm:servapibi,2026-09-22T19:16:15Z,xm/2021/11/CapaUtilDiarEner_Sistema.2021-11-01.ndjson#CapaUtilDiarEner:Sistema:2021-11-01:2021-11-30
2021-11-20,DemaSIN,211407214.25,kWh,xm:servapibi,2026-09-22T19:16:21Z,xm/2021/11/DemaSIN_Sistema.2021-11-01.ndjson#DemaSIN:Sistema:2021-11-01:2021-11-30
2021-11-20,PorcApor,0.73198,fraction,xm:servapibi,2026-09-22T19:16:20Z,xm/2021/11/PorcApor_Sistema.2021-11-01.ndjson#PorcApor:Sistema:2021-11-01:2021-11-30
2021-11-20,PorcVoluUtilDiar,0.83241,fraction,xm:servapibi,2026-09-22T19:16:13Z,xm/2021/11/PorcVoluUtilDiar_Sistema.2021-11-01.ndjson#PorcVoluUtilDiar:Sistema:2021-11-01:2021-11-30
2021-11-20,PrecBolsNaci,109.15563333333331,COP/kWh,xm:servapibi,2026-09-22T19:16:24Z,xm/2021/11/PrecBolsNaci_Sistema.2021-11-01.ndjson#PrecBolsNaci:Sistema:2021-11-01:2021-11-30
2021-11-20,PrecEscaAct,880.60109,COP/kWh,xm:servapibi,2026-09-22T19:16:22Z,xm/2021/11/PrecEscaAct_Sistema.2021-11-01.ndjson#PrecEscaAct:Sistema:2021-11-01:2021-11-30
2021-11-20,VoluUtilDiarEner,14019848200,kWh,xm:servapibi,2026-09-22T19:16:14Z,xm/2021/11/VoluUtilDiarEner_Sistema.2021-11-01.ndjson#VoluUtilDiarEner:Sistema:2021-11-01:2021-11-30
2021-11-21,AporEner,165320900,kWh,xm:servapibi,2026-09-22T19:16:17Z,xm/2021/11/AporEner_Sistema.2021-11-01.ndjson#AporEner:Sistema:2021-11-01:2021-11-30
2021-11-21,AporEnerMediHist,206560000,kWh,xm:servapibi,2026-09-22T19:16:18Z,xm/2021/11/AporEnerMediHist_Sistema.2021-11-01.ndjson#AporEnerMediHist:Sistema:2021-11-01:2021-11-30
2021-11-21,CapaUtilDiarEner,16842536711,kWh,xm:servapibi,2026-09-22T19:16:15Z,xm/2021/11/CapaUtilDiarEner_Sistema.2021-11-01.ndjson#CapaUtilDiarEner:Sistema:2021-11-01:2021-11-30
2021-11-21,DemaSIN,193090836.84,kWh,xm:servapibi,2026-09-22T19:16:21Z,xm/2021/11/DemaSIN_Sistema.2021-11-01.ndjson#DemaSIN:Sistema:2021-11-01:2021-11-30
2021-11-21,PorcApor,0.80035,fraction,xm:servapibi,2026-09-22T19:16:20Z,xm/2021/11/PorcApor_Sistema.2021-11-01.ndjson#PorcApor:Sistema:2021-11-01:2021-11-30
2021-11-21,PorcVoluUtilDiar,0.83177,fraction,xm:servapibi,2026-09-22T19:16:13Z,xm/2021/11/PorcVoluUtilDiar_Sistema.2021-11-01.ndjson#PorcVoluUtilDiar:Sistema:2021-11-01:2021-11-30
2021-11-21,PrecBolsNaci,103.41969166666668,COP/kWh,xm:servapibi,2026-09-22T19:16:24Z,xm/2021/11/PrecBolsNaci_Sistema.2021-11-01.ndjson#PrecBolsNaci:Sistema:2021-11-01:2021-11-30
2021-11-21,PrecEscaAct,880.60109,COP/kWh,xm:servapibi,2026-09-22T19:16:22Z,xm/2021/11/PrecEscaAct_Sistema.2021-11-01.ndjson#PrecEscaAct:Sistema:2021-11-01:2021-11-30
2021-11-21,VoluUtilDiarEner,14009166700,kWh,xm:servapibi,2026-09-22T19:16:14Z,xm/2021/11/VoluUtilDiarEner_Sistema.2021-11-01.ndjson#VoluUtilDiarEner:Sistema:2021-11-01:2021-11-30
2021-11-22,AporEner,165373600,kWh,xm:servapibi,2026-09-22T19:16:17Z,xm/2021/11/AporEner_Sistema.2021-11-01.ndjson#AporEner:Sistema:2021-11-01:2021-11-30
2021-11-22,AporEnerMediHist,206560000,kWh,xm:servapibi,2026-09-22T19:16:18Z,xm/2021/11/AporEnerMediHist_Sistema.2021-11-01.ndjson#AporEnerMediHist:Sistema:2021-11-01:2021-11-30
2021-11-22,CapaUtilDiarEner,16842536711,kWh,xm:servapibi,2026-09-22T19:16:15Z,xm/2021/11/CapaUtilDiarEner_Sistema.2021-11-01.ndjson#CapaUtilDiarEner:Sistema:2021-11-01:2021-11-30
2021-11-22,DemaSIN,214688121.42,kWh,xm:servapibi,2026-09-22T19:16:21Z,xm/2021/11/DemaSIN_Sistema.2021-11-01.ndjson#DemaSIN:Sistema:2021-11-01:2021-11-30
2021-11-22,PorcApor,0.80061,fraction,xm:servapibi,2026-09-22T19:16:20Z,xm/2021/11/PorcApor_Sistema.2021-11-01.ndjson#PorcApor:Sistema:2021-11-01:2021-11-30
2021-11-22,PorcVoluUtilDiar,0.83033,fraction,xm:servapibi,2026-09-22T19:16:13Z,xm/2021/11/PorcVoluUtilDiar_Sistema.2021-11-01.ndjson#PorcVoluUtilDiar:Sistema:2021-11-01:2021-11-30
2021-11-22,PrecBolsNaci,123.46981666666669,COP/kWh,xm:servapibi,2026-09-22T19:16:24Z,xm/2021/11/PrecBolsNaci_Sistema.2021-11-01.ndjson#PrecBolsNaci:Sistema:2021-11-01:2021-11-30
2021-11-22,PrecEscaAct,880.60109,COP/kWh,xm:servapibi,2026-09-22T19:16:22Z,xm/2021/11/PrecEscaAct_Sistema.2021-11-01.ndjson#PrecEscaAct:Sistema:2021-11-01:2021-11-30
2021-11-22,VoluUtilDiarEner,13984919600,kWh,xm:servapibi,2026-09-22T19:16:14Z,xm/2021/11/VoluUtilDiarEner_Sistema.2021-11-01.ndjson#VoluUtilDiarEner:Sistema:2021-11-01:2021-11-30
2021-11-23,AporEner,197140900,kWh,xm:servapibi,2026-09-22T19:16:17Z,xm/2021/11/AporEner_Sistema.2021-11-01.ndjson#AporEner:Sistema:2021-11-01:2021-11-30
2021-11-23,AporEnerMediHist,206560000,kWh,xm:servapibi,2026-09-22T19:16:18Z,xm/2021/11/AporEnerMediHist_Sistema.2021-11-01.ndjson#AporEnerMediHist:Sistema:2021-11-01:2021-11-30
2021-11-23,CapaUtilDiarEner,16842536711,kWh,xm:servapibi,2026-09-22T19:16:15Z,xm/2021/11/CapaUtilDiarEner_Sistema.2021-11-01.ndjson#CapaUtilDiarEner:Sistema:2021-11-01:2021-11-30
2021-11-23,DemaSIN,212981372.76,kWh,xm:servapibi,2026-09-22T19:16:21Z,xm/2021/11/DemaSIN_Sistema.2021-11-01.ndjson#DemaSIN:Sistema:2021-11-01:2021-11-30
2021-11-23,PorcApor,0.9544,fraction,xm:servapibi,2026-09-22T19:16:20Z,xm/2021/11/PorcApor_Sistema.2021-11-01.ndjson#PorcApor:Sistema:2021-11-01:2021-11-30
2021-11-23,PorcVoluUtilDiar,0.83204,fraction,xm:servapibi,2026-09-22T19:16:13Z,xm/2021/11/PorcVoluUtilDiar_Sistema.2021-11-01.ndjson#PorcVoluUtilDiar:Sistema:2021-11-01:2021-11-30
2021-11-23,PrecBolsNaci,134.36428666666666,COP/kWh,xm:servapibi,2026-09-22T19:16:24Z,xm/2021/11/PrecBolsNaci_Sistema.2021-11-01.ndjson#PrecBolsNaci:Sistema:2021-11-01:2021-11-30
2021-11-23,PrecEscaAct,880.60109,COP/kWh,xm:servapibi,2026-09-22T19:16:22Z,xm/2021/11/PrecEscaAct_Sistema.2021-11-01.ndjson#PrecEscaAct:Sistema:2021-11-01:2021-11-30
2021-11-23,VoluUtilDiarEner,14013611400,kWh,xm:servapibi,2026-09-22T19:16:14Z,xm/2021/11/VoluUtilDiarEner_Sistema.2021-11-01.ndjson#VoluUtilDiarEner:Sistema:2021-11-01:2021-11-30
2021-11-24,AporEner,250198100,kWh,xm:servapibi,2026-09-22T19:16:17Z,xm/2021/11/AporEner_Sistema.2021-11-01.ndjson#AporEner:Sistema:2021-11-01:2021-11-30
2021-11-24,AporEnerMediHist,206560000,kWh,xm:servapibi,2026-09-22T19:16:18Z,xm/2021/11/AporEnerMediHist_Sistema.2021-11-01.ndjson#AporEnerMediHist:Sistema:2021-11-01:2021-11-30
2021-11-24,CapaUtilDiarEner,16842536711,kWh,xm:servapibi,2026-09-22T19:16:15Z,xm/2021/11/CapaUtilDiarEner_Sistema.2021-11-01.ndjson#CapaUtilDiarEner:Sistema:2021-11-01:2021-11-30
2021-11-24,DemaSIN,212952631.28,kWh,xm:servapibi,2026-09-22T19:16:21Z,xm/2021/11/DemaSIN_Sistema.2021-11-01.ndjson#DemaSIN:Sistema:2021-11-01:2021-11-30
2021-11-24,PorcApor,1.21126,fraction,xm:servapibi,2026-09-22T19:16:20Z,xm/2021/11/PorcApor_Sistema.2021-11-01.ndjson#PorcApor:Sistema:2021-11-01:2021-11-30
2021-11-24,PorcVoluUtilDiar,0.83564,fraction,xm:servapibi,2026-09-22T19:16:13Z,xm/2021/11/PorcVoluUtilDiar_Sistema.2021-11-01.ndjson#PorcVoluUtilDiar:Sistema:2021-11-01:2021-11-30
2021-11-24,PrecBolsNaci,136.53599000000006,COP/kWh,xm:servapibi,2026-09-22T19:16:24Z,xm/2021/11/PrecBolsNaci_Sistema.2021-11-01.ndjson#PrecBolsNaci:Sistema:2021-11-01:2021-11-30
2021-11-24,PrecEscaAct,880.60109,COP/kWh,xm:servapibi,2026-09-22T19:16:22Z,xm/2021/11/PrecEscaAct_Sistema.2021-11-01.ndjson#PrecEscaAct:Sistema:2021-11-01:2021-11-30
2021-11-24,VoluUtilDiarEner,14074379900,kWh,xm:servapibi,2026-09-22T19:16:14Z,xm/2021/11/VoluUtilDiarEner_Sistema.2021-11-01.ndjson#VoluUtilDiarEner:Sistema:2021-11-01:2021-11-30
2021-11-25,AporEner,288826900,kWh,xm:servapibi,2026-09-22T19:16:17Z,xm/2021/11/AporEner_Sistema.2021-11-01.ndjson#AporEner:Sistema:2021-11-01:2021-11-30
2021-11-25,AporEnerMediHist,206560000,kWh,xm:servapibi,2026-09-22T19:16:18Z,xm/2021/11/AporEnerMediHist_Sistema.2021-11-01.ndjson#AporEnerMediHist:Sistema:2021-11-01:2021-11-30
2021-11-25,CapaUtilDiarEner,16842536711,kWh,xm:servapibi,2026-09-22T19:16:15Z,xm/2021/11/CapaUtilDiarEner_Sistema.2021-11-01.ndjson#CapaUtilDiarEner:Sistema:2021-11-01:2021-11-30
2021-11-25,DemaSIN,212096288.26,kWh,xm:servapibi,2026-09-22T19:16:21Z,xm/2021/11/DemaSIN_Sistema.2021-11-01.ndjson#DemaSIN:Sistema:2021-11-01:2021-11-30
2021-11-25,PorcApor,1.39827,fraction,xm:servapibi,2026-09-22T19:16:20Z,xm/2021/11/PorcApor_Sistema.2021-11-01.ndjson#PorcApor:Sistema:2021-11-01:2021-11-30
2021-11-25,PorcVoluUtilDiar,0.8404,fraction,xm:servapibi,2026-09-22T19:16:13Z,xm/2021/11/PorcVoluUtilDiar_Sistema.2021-11-01.ndjson#PorcVoluUtilDiar:Sistema:2021-11-01:2021-11-30
2021-11-25,PrecBolsNaci,119.74787666666664,COP/kWh,xm:servapibi,2026-09-22T19:16:24Z,xm/2021/11/PrecBolsNaci_Sistema.2021-11-01.ndjson#PrecBolsNaci:Sistema:2021-11-01:2021-11-30
2021-11-25,PrecEscaAct,880.60109,COP/kWh,xm:servapibi,2026-09-22T19:16:22Z,xm/2021/11/PrecEscaAct_Sistema.2021-11-01.ndjson#PrecEscaAct:Sistema:2021-11-01:2021-11-30
2021-11-25,VoluUtilDiarEner,14154528500,kWh,xm:servapibi,2026-09-22T19:16:14Z,xm/2021/11/VoluUtilDiarEner_Sistema.2021-11-01.ndjson#VoluUtilDiarEner:Sistema:2021-11-01:2021-11-30
2021-11-26,AporEner,276333900,kWh,xm:servapibi,2026-09-22T19:16:17Z,xm/2021/11/AporEner_Sistema.2021-11-01.ndjson#AporEner:Sistema:2021-11-01:2021-11-30
2021-11-26,AporEnerMediHist,206560000,kWh,xm:servapibi,2026-09-22T19:16:18Z,xm/2021/11/AporEnerMediHist_Sistema.2021-11-01.ndjson#AporEnerMediHist:Sistema:2021-11-01:2021-11-30
2021-11-26,CapaUtilDiarEner,16842536711,kWh,xm:servapibi,2026-09-22T19:16:15Z,xm/2021/11/CapaUtilDiarEner_Sistema.2021-11-01.ndjson#CapaUtilDiarEner:Sistema:2021-11-01:2021-11-30
2021-11-26,DemaSIN,211659946.11,kWh,xm:servapibi,2026-09-22T19:16:21Z,xm/2021/11/DemaSIN_Sistema.2021-11-01.ndjson#DemaSIN:Sistema:2021-11-01:2021-11-30
2021-11-26,PorcApor,1.33779,fraction,xm:servapibi,2026-09-22T19:16:20Z,xm/2021/11/PorcApor_Sistema.2021-11-01.ndjson#PorcApor:Sistema:2021-11-01:2021-11-30
2021-11-26,PorcVoluUtilDiar,0.84465,fraction,xm:servapibi,2026-09-22T19:16:13Z,xm/2021/11/PorcVoluUtilDiar_Sistema.2021-11-01.ndjson#PorcVoluUtilDiar:Sistema:2021-11-01:2021-11-30
2021-11-26,PrecBolsNaci,112.34670000000004,COP/kWh,xm:servapibi,2026-09-22T19:16:24Z,xm/2021/11/PrecBolsNaci_Sistema.2021-11-01.ndjson#PrecBolsNaci:Sistema:2021-11-01:2021-11-30
2021-11-26,PrecEscaAct,880.60109,COP/kWh,xm:servapibi,2026-09-22T19:16:22Z,xm/2021/11/PrecEscaAct_Sistema.2021-11-01.ndjson#PrecEscaAct:Sistema:2021-11-01:2021-11-30
2021-11-26,VoluUtilDiarEner,14226070600,kWh,xm:servapibi,2026-09-22T19:16:14Z,xm/2021/11/VoluUtilDiarEner_Sistema.2021-11-01.ndjson#VoluUtilDiarEner:Sistema:2021-11-01:2021-11-30
2021-11-27,AporEner,247320100,kWh,xm:servapibi,2026-09-22T19:16:17Z,xm/2021/11/AporEner_Sistema.2021-11-01.ndjson#AporEner:Sistema:2021-11-01:2021-11-30
2021-11-27,AporEnerMediHist,206560000,kWh,xm:servapibi,2026-09-22T19:16:18Z,xm/2021/11/AporEnerMediHist_Sistema.2021-11-01.ndjson#AporEnerMediHist:Sistema:2021-11-01:2021-11-30
2021-11-27,CapaUtilDiarEner,16842536711,kWh,xm:servapibi,2026-09-22T19:16:15Z,xm/2021/11/CapaUtilDiarEner_Sistema.2021-11-01.ndjson#CapaUtilDiarEner:Sistema:2021-11-01:2021-11-30
2021-11-27,DemaSIN,203321490.33,kWh,xm:servapibi,2026-09-22T19:16:21Z,xm/2021/11/DemaSIN_Sistema.2021-11-01.ndjson#DemaSIN:Sistema:2021-11-01:2021-11-30
2021-11-27,PorcApor,1.19733,fraction,xm:servapibi,2026-09-22T19:16:20Z,xm/2021/11/PorcApor_Sistema.2021-11-01.ndjson#PorcApor:Sistema:2021-11-01:2021-11-30
2021-11-27,PorcVoluUtilDiar,0.84772,fraction,xm:servapibi,2026-09-22T19:16:13Z,xm/2021/11/PorcVoluUtilDiar_Sistema.2021-11-01.ndjson#PorcVoluUtilDiar:Sistema:2021-11-01:2021-11-30
2021-11-27,PrecBolsNaci,94.18017999999996,COP/kWh,xm:servapibi,2026-09-22T19:16:24Z,xm/2021/11/PrecBolsNaci_Sistema.2021-11-01.ndjson#PrecBolsNaci:Sistema:2021-11-01:2021-11-30
2021-11-27,PrecEscaAct,880.60109,COP/kWh,xm:servapibi,2026-09-22T19:16:22Z,xm/2021/11/PrecEscaAct_Sistema.2021-11-01.ndjson#PrecEscaAct:Sistema:2021-11-01:2021-11-30
2021-11-27,VoluUtilDiarEner,14277721400,kWh,xm:servapibi,2026-09-22T19:16:14Z,xm/2021/11/VoluUtilDiarEner_Sistema.2021-11-01.ndjson#VoluUtilDiarEner:Sistema:2021-11-01:2021-11-30
2021-11-28,AporEner,174195800,kWh,xm:servapibi,2026-09-22T19:16:17Z,xm/2021/11/AporEner_Sistema.2021-11-01.ndjson#AporEner:Sistema:2021-11-01:2021-11-30
2021-11-28,AporEnerMediHist,206560000,kWh,xm:servapibi,2026-09-22T19:16:18Z,xm/2021/11/AporEnerMediHist_Sistema.2021-11-01.ndjson#AporEnerMediHist:Sistema:2021-11-01:2021-11-30
2021-11-28,CapaUtilDiarEner,16842536711,kWh,xm:servapibi,2026-09-22T19:16:15Z,xm/2021/11/CapaUtilDiarEner_Sistema.2021-11-01.ndjson#CapaUtilDiarEner:Sistema:2021-11-01:2021-11-30
2021-11-28,DemaSIN,189743704,kWh,xm:servapibi,2026-09-22T19:16:21Z,xm/2021/11/DemaSIN_Sistema.2021-11-01.ndjson#DemaSIN:Sistema:2021-11-01:2021-11-30
2021-11-28,PorcApor,0.84332,fraction,xm:servapibi,2026-09-22T19:16:20Z,xm/2021/11/PorcApor_Sistema.2021-11-01.ndjson#PorcApor:Sistema:2021-11-01:2021-11-30
2021-11-28,PorcVoluUtilDiar,0.8475,fraction,xm:servapibi,2026-09-22T19:16:13Z,xm/2021/11/PorcVoluUtilDiar_Sistema.2021-11-01.ndjson#PorcVoluUtilDiar:Sistema:2021-11-01:2021-11-30
2021-11-28,PrecBolsNaci,94.43429166666665,COP/kWh,xm:servapibi,2026-09-22T19:16:24Z,xm/2021/11/PrecBolsNaci_Sistema.2021-11-01.ndjson#PrecBolsNaci:Sistema:2021-11-01:2021-11-30
2021-11-28,PrecEscaAct,880.60109,COP/kWh,xm:servapibi,2026-09-22T19:16:22Z,xm/2021/11/PrecEscaAct_Sistema.2021-11-01.ndjson#PrecEscaAct:Sistema:2021-11-01:2021-11-30
2021-11-28,VoluUtilDiarEner,14274098500,kWh,xm:servapibi,2026-09-22T19:16:14Z,xm/2021/11/VoluUtilDiarEner_Sistema.2021-11-01.ndjson#VoluUtilDiarEner:Sistema:2021-11-01:2021-11-30
2021-11-29,AporEner,170879100,kWh,xm:servapibi,2026-09-22T19:16:17Z,xm/2021/11/AporEner_Sistema.2021-11-01.ndjson#AporEner:Sistema:2021-11-01:2021-11-30
2021-11-29,AporEnerMediHist,206560000,kWh,xm:servapibi,2026-09-22T19:16:18Z,xm/2021/11/AporEnerMediHist_Sistema.2021-11-01.ndjson#AporEnerMediHist:Sistema:2021-11-01:2021-11-30
2021-11-29,CapaUtilDiarEner,16836440745,kWh,xm:servapibi,2026-09-22T19:16:15Z,xm/2021/11/CapaUtilDiarEner_Sistema.2021-11-01.ndjson#CapaUtilDiarEner:Sistema:2021-11-01:2021-11-30
2021-11-29,DemaSIN,212939004.1,kWh,xm:servapibi,2026-09-22T19:16:21Z,xm/2021/11/DemaSIN_Sistema.2021-11-01.ndjson#DemaSIN:Sistema:2021-11-01:2021-11-30
2021-11-29,PorcApor,0.82726,fraction,xm:servapibi,2026-09-22T19:16:20Z,xm/2021/11/PorcApor_Sistema.2021-11-01.ndjson#PorcApor:Sistema:2021-11-01:2021-11-30
2021-11-29,PorcVoluUtilDiar,0.8465,fraction,xm:servapibi,2026-09-22T19:16:13Z,xm/2021/11/PorcVoluUtilDiar_Sistema.2021-11-01.ndjson#PorcVoluUtilDiar:Sistema:2021-11-01:2021-11-30
2021-11-29,PrecBolsNaci,99.06372166666671,COP/kWh,xm:servapibi,2026-09-22T19:16:24Z,xm/2021/11/PrecBolsNaci_Sistema.2021-11-01.ndjson#PrecBolsNaci:Sistema:2021-11-01:2021-11-30
2021-11-29,PrecEscaAct,880.60109,COP/kWh,xm:servapibi,2026-09-22T19:16:22Z,xm/2021/11/PrecEscaAct_Sistema.2021-11-01.ndjson#PrecEscaAct:Sistema:2021-11-01:2021-11-30
2021-11-29,VoluUtilDiarEner,14252121800,kWh,xm:servapibi,2026-09-22T19:16:14Z,xm/2021/11/VoluUtilDiarEner_Sistema.2021-11-01.ndjson#VoluUtilDiarEner:Sistema:2021-11-01:2021-11-30
2021-11-30,AporEner,185204700,kWh,xm:servapibi,2026-09-22T19:16:17Z,xm/2021/11/AporEner_Sistema.2021-11-01.ndjson#AporEner:Sistema:2021-11-01:2021-11-30
2021-11-30,AporEnerMediHist,206560000,kWh,xm:servapibi,2026-09-22T19:16:18Z,xm/2021/11/AporEnerMediHist_Sistema.2021-11-01.ndjson#AporEnerMediHist:Sistema:2021-11-01:2021-11-30
2021-11-30,CapaUtilDiarEner,16836440745,kWh,xm:servapibi,2026-09-22T19:16:15Z,xm/2021/11/CapaUtilDiarEner_Sistema.2021-11-01.ndjson#CapaUtilDiarEner:Sistema:2021-11-01:2021-11-30
2021-11-30,DemaSIN,215367112.1,kWh,xm:servapibi,2026-09-22T19:16:21Z,xm/2021/11/DemaSIN_Sistema.2021-11-01.ndjson#DemaSIN:Sistema:2021-11-01:2021-11-30
2021-11-30,PorcApor,0.89661,fraction,xm:servapibi,2026-09-22T19:16:20Z,xm/2021/11/PorcApor_Sistema.2021-11-01.ndjson#PorcApor:Sistema:2021-11-01:2021-11-30
2021-11-30,PorcVoluUtilDiar,0.84631,fraction,xm:servapibi,2026-09-22T19:16:13Z,xm/2021/11/PorcVoluUtilDiar_Sistema.2021-11-01.ndjson#PorcVoluUtilDiar:Sistema:2021-11-01:2021-11-30
2021-11-30,PrecBolsNaci,108.88364833333331,COP/kWh,xm:servapibi,2026-09-22T19:16:24Z,xm/2021/11/PrecBolsNaci_Sistema.2021-11-01.ndjson#PrecBolsNaci:Sistema:2021-11-01:2021-11-30
2021-11-30,PrecEscaAct,880.60109,COP/kWh,xm:servapibi,2026-09-22T19:16:22Z,xm/2021/11/PrecEscaAct_Sistema.2021-11-01.ndjson#PrecEscaAct:Sistema:2021-11-01:2021-11-30
2021-11-30,VoluUtilDiarEner,14248816500,kWh,xm:servapibi,2026-09-22T19:16:14Z,xm/2021/11/VoluUtilDiarEner_Sistema.2021-11-01.ndjson#VoluUtilDiarEner:Sistema:2021-11-01:2021-11-30
2021-12-01,AporEner,198512100,kWh,xm:servapibi,2026-09-22T19:16:32Z,xm/2021/12/AporEner_Sistema.2021-12-01.ndjson#AporEner:Sistema:2021-12-01:2021-12-31
2021-12-01,AporEnerMediHist,144490000,kWh,xm:servapibi,2026-09-22T19:16:33Z,xm/2021/12/AporEnerMediHist_Sistema.2021-12-01.ndjson#AporEnerMediHist:Sistema:2021-12-01:2021-12-31
2021-12-01,CapaUtilDiarEner,16836440745,kWh,xm:servapibi,2026-09-22T19:16:31Z,xm/2021/12/CapaUtilDiarEner_Sistema.2021-12-01.ndjson#CapaUtilDiarEner:Sistema:2021-12-01:2021-12-31
2021-12-01,DemaSIN,214778468.53,kWh,xm:servapibi,2026-09-22T19:16:36Z,xm/2021/12/DemaSIN_Sistema.2021-12-01.ndjson#DemaSIN:Sistema:2021-12-01:2021-12-31
2021-12-01,PorcApor,1.37388,fraction,xm:servapibi,2026-09-22T19:16:35Z,xm/2021/12/PorcApor_Sistema.2021-12-01.ndjson#PorcApor:Sistema:2021-12-01:2021-12-31
2021-12-01,PorcVoluUtilDiar,0.84661,fraction,xm:servapibi,2026-09-22T19:16:28Z,xm/2021/12/PorcVoluUtilDiar_Sistema.2021-12-01.ndjson#PorcVoluUtilDiar:Sistema:2021-12-01:2021-12-31
2021-12-01,PrecBolsNaci,98.53103000000003,COP/kWh,xm:servapibi,2026-09-22T19:16:39Z,xm/2021/12/PrecBolsNaci_Sistema.2021-12-01.ndjson#PrecBolsNaci:Sistema:2021-12-01:2021-12-31
2021-12-01,PrecEscaAct,884.38014,COP/kWh,xm:servapibi,2026-09-22T19:16:37Z,xm/2021/12/PrecEscaAct_Sistema.2021-12-01.ndjson#PrecEscaAct:Sistema:2021-12-01:2021-12-31
2021-12-01,VoluUtilDiarEner,14253818200,kWh,xm:servapibi,2026-09-22T19:16:29Z,xm/2021/12/VoluUtilDiarEner_Sistema.2021-12-01.ndjson#VoluUtilDiarEner:Sistema:2021-12-01:2021-12-31
2021-12-02,AporEner,145582700,kWh,xm:servapibi,2026-09-22T19:16:32Z,xm/2021/12/AporEner_Sistema.2021-12-01.ndjson#AporEner:Sistema:2021-12-01:2021-12-31
2021-12-02,AporEnerMediHist,144490000,kWh,xm:servapibi,2026-09-22T19:16:33Z,xm/2021/12/AporEnerMediHist_Sistema.2021-12-01.ndjson#AporEnerMediHist:Sistema:2021-12-01:2021-12-31
2021-12-02,CapaUtilDiarEner,16836440745,kWh,xm:servapibi,2026-09-22T19:16:31Z,xm/2021/12/CapaUtilDiarEner_Sistema.2021-12-01.ndjson#CapaUtilDiarEner:Sistema:2021-12-01:2021-12-31
2021-12-02,DemaSIN,216453950.62,kWh,xm:servapibi,2026-09-22T19:16:36Z,xm/2021/12/DemaSIN_Sistema.2021-12-01.ndjson#DemaSIN:Sistema:2021-12-01:2021-12-31
2021-12-02,PorcApor,1.00756,fraction,xm:servapibi,2026-09-22T19:16:35Z,xm/2021/12/PorcApor_Sistema.2021-12-01.ndjson#PorcApor:Sistema:2021-12-01:2021-12-31
2021-12-02,PorcVoluUtilDiar,0.84431,fraction,xm:servapibi,2026-09-22T19:16:28Z,xm/2021/12/PorcVoluUtilDiar_Sistema.2021-12-01.ndjson#PorcVoluUtilDiar:Sistema:2021-12-01:2021-12-31
2021-12-02,PrecBolsNaci,101.96128666666668,COP/kWh,xm:servapibi,2026-09-22T19:16:39Z,xm/2021/12/PrecBolsNaci_Sistema.2021-12-01.ndjson#PrecBolsNaci:Sistema:2021-12-01:2021-12-31
2021-12-02,PrecEscaAct,884.38014,COP/kWh,xm:servapibi,2026-09-22T19:16:37Z,xm/2021/12/PrecEscaAct_Sistema.2021-12-01.ndjson#PrecEscaAct:Sistema:2021-12-01:2021-12-31
2021-12-02,VoluUtilDiarEner,14215151800,kWh,xm:servapibi,2026-09-22T19:16:29Z,xm/2021/12/VoluUtilDiarEner_Sistema.2021-12-01.ndjson#VoluUtilDiarEner:Sistema:2021-12-01:2021-12-31
2021-12-03,AporEner,146743500,kWh,xm:servapibi,2026-09-22T19:16:32Z,xm/2021/12/AporEner_Sistema.2021-12-01.ndjson#AporEner:Sistema:2021-12-01:2021-12-31
2021-12-03,AporEnerMediHist,144490000,kWh,xm:servapibi,2026-09-22T19:16:33Z,xm/2021/12/AporEnerMediHist_Sistema.2021-12-01.ndjson#AporEnerMediHist:Sistema:2021-12-01:2021-12-31
2021-12-03,CapaUtilDiarEner,16836440745,kWh,xm:servapibi,2026-09-22T19:16:31Z,xm/2021/12/CapaUtilDiarEner_Sistema.2021-12-01.ndjson#CapaUtilDiarEner:Sistema:2021-12-01:2021-12-31
2021-12-03,DemaSIN,219009012.49,kWh,xm:servapibi,2026-09-22T19:16:36Z,xm/2021/12/DemaSIN_Sistema.2021-12-01.ndjson#DemaSIN:Sistema:2021-12-01:2021-12-31
2021-12-03,PorcApor,1.0156,fraction,xm:servapibi,2026-09-22T19:16:35Z,xm/2021/12/PorcApor_Sistema.2021-12-01.ndjson#PorcApor:Sistema:2021-12-01:2021-12-31
2021-12-03,PorcVoluUtilDiar,0.84229,fraction,xm:servapibi,2026-09-22T19:16:28Z,xm/2021/12/PorcVoluUtilDiar_Sistema.2021-12-01.ndjson#PorcVoluUtilDiar:Sistema:2021-12-01:2021-12-31
2021-12-03,PrecBolsNaci,105.82852666666666,COP/kWh,xm:servapibi,2026-09-22T19:16:39Z,xm/2021/12/PrecBolsNaci_Sistema.2021-12-01.ndjson#PrecBolsNaci:Sistema:2021-12-01:2021-12-31
2021-12-03,PrecEscaAct,884.38014,COP/kWh,xm:servapibi,2026-09-22T19:16:37Z,xm/2021/12/PrecEscaAct_Sistema.2021-12-01.ndjson#PrecEscaAct:Sistema:2021-12-01:2021-12-31
2021-12-03,VoluUtilDiarEner,14181151600,kWh,xm:servapibi,2026-09-22T19:16:29Z,xm/2021/12/VoluUtilDiarEner_Sistema.2021-12-01.ndjson#VoluUtilDiarEner:Sistema:2021-12-01:2021-12-31
2021-12-04,AporEner,158840100,kWh,xm:servapibi,2026-09-22T19:16:32Z,xm/2021/12/AporEner_Sistema.2021-12-01.ndjson#AporEner:Sistema:2021-12-01:2021-12-31
2021-12-04,AporEnerMediHist,144490000,kWh,xm:servapibi,2026-09-22T19:16:33Z,xm/2021/12/AporEnerMediHist_Sistema.2021-12-01.ndjson#AporEnerMediHist:Sistema:2021-12-01:2021-12-31
2021-12-04,CapaUtilDiarEner,16836440745,kWh,xm:servapibi,2026-09-22T19:16:31Z,xm/2021/12/CapaUtilDiarEner_Sistema.2021-12-01.ndjson#CapaUtilDiarEner:Sistema:2021-12-01:2021-12-31
2021-12-04,DemaSIN,210420524.51,kWh,xm:servapibi,2026-09-22T19:16:36Z,xm/2021/12/DemaSIN_Sistema.2021-12-01.ndjson#DemaSIN:Sistema:2021-12-01:2021-12-31
2021-12-04,PorcApor,1.09932,fraction,xm:servapibi,2026-09-22T19:16:35Z,xm/2021/12/PorcApor_Sistema.2021-12-01.ndjson#PorcApor:Sistema:2021-12-01:2021-12-31
2021-12-04,PorcVoluUtilDiar,0.84122,fraction,xm:servapibi,2026-09-22T19:16:28Z,xm/2021/12/PorcVoluUtilDiar_Sistema.2021-12-01.ndjson#PorcVoluUtilDiar:Sistema:2021-12-01:2021-12-31
2021-12-04,PrecBolsNaci,112.93427666666662,COP/kWh,xm:servapibi,2026-09-22T19:16:39Z,xm/2021/12/PrecBolsNaci_Sistema.2021-12-01.ndjson#PrecBolsNaci:Sistema:2021-12-01:2021-12-31
2021-12-04,PrecEscaAct,884.38014,COP/kWh,xm:servapibi,2026-09-22T19:16:37Z,xm/2021/12/PrecEscaAct_Sistema.2021-12-01.ndjson#PrecEscaAct:Sistema:2021-12-01:2021-12-31
2021-12-04,VoluUtilDiarEner,14163122900,kWh,xm:servapibi,2026-09-22T19:16:29Z,xm/2021/12/VoluUtilDiarEner_Sistema.2021-12-01.ndjson#VoluUtilDiarEner:Sistema:2021-12-01:2021-12-31
2021-12-05,AporEner,138916000,kWh,xm:servapibi,2026-09-22T19:16:32Z,xm/2021/12/AporEner_Sistema.2021-12-01.ndjson#AporEner:Sistema:2021-12-01:2021-12-31
2021-12-05,AporEnerMediHist,144490000,kWh,xm:servapibi,2026-09-22T19:16:33Z,xm/2021/12/AporEnerMediHist_Sistema.2021-12-01.ndjson#AporEnerMediHist:Sistema:2021-12-01:2021-12-31
2021-12-05,CapaUtilDiarEner,16836440745,kWh,xm:servapibi,2026-09-22T19:16:31Z,xm/2021/12/CapaUtilDiarEner_Sistema.2021-12-01.ndjson#CapaUtilDiarEner:Sistema:2021-12-01:2021-12-31
2021-12-05,DemaSIN,193762619.62,kWh,xm:servapibi,2026-09-22T19:16:36Z,xm/2021/12/DemaSIN_Sistema.2021-12-01.ndjson#DemaSIN:Sistema:2021-12-01:2021-12-31
2021-12-05,PorcApor,0.96142,fraction,xm:servapibi,2026-09-22T19:16:35Z,xm/2021/12/PorcApor_Sistema.2021-12-01.ndjson#PorcApor:Sistema:2021-12-01:2021-12-31
2021-12-05,PorcVoluUtilDiar,0.8401,fraction,xm:servapibi,2026-09-22T19:16:28Z,xm/2021/12/PorcVoluUtilDiar_Sistema.2021-12-01.ndjson#PorcVoluUtilDiar:Sistema:2021-12-01:2021-12-31
2021-12-05,PrecBolsNaci,120.70969666666663,COP/kWh,xm:servapibi,2026-09-22T19:16:39Z,xm/2021/12/PrecBolsNaci_Sistema.2021-12-01.ndjson#PrecBolsNaci:Sistema:2021-12-01:2021-12-31
2021-12-05,PrecEscaAct,884.38014,COP/kWh,xm:servapibi,2026-09-22T19:16:37Z,xm/2021/12/PrecEscaAct_Sistema.2021-12-01.ndjson#PrecEscaAct:Sistema:2021-12-01:2021-12-31
2021-12-05,VoluUtilDiarEner,14144300100,kWh,xm:servapibi,2026-09-22T19:16:29Z,xm/2021/12/VoluUtilDiarEner_Sistema.2021-12-01.ndjson#VoluUtilDiarEner:Sistema:2021-12-01:2021-12-31
2021-12-06,AporEner,128198000,kWh,xm:servapibi,2026-09-22T19:16:32Z,xm/2021/12/AporEner_Sistema.2021-12-01.ndjson#AporEner:Sistema:2021-12-01:2021-12-31
2021-12-06,AporEnerMediHist,144490000,kWh,xm:servapibi,2026-09-22T19:16:33Z,xm/2021/12/AporEnerMediHist_Sistema.2021-12-01.ndjson#AporEnerMediHist:Sistema:2021-12-01:2021-12-31
2021-12-06,CapaUtilDiarEner,16835523220,kWh,xm:servapibi,2026-09-22T19:16:31Z,xm/2021/12/CapaUtilDiarEner_Sistema.2021-12-01.ndjson#CapaUtilDiarEner:Sistema:2021-12-01:2021-12-31
2021-12-06,DemaSIN,216744823.22,kWh,xm:servapibi,2026-09-22T19:16:36Z,xm/2021/12/DemaSIN_Sistema.2021-12-01.ndjson#DemaSIN:Sistema:2021-12-01:2021-12-31
2021-12-06,PorcApor,0.88724,fraction,xm:servapibi,2026-09-22T19:16:35Z,xm/2021/12/PorcApor_Sistema.2021-12-01.ndjson#PorcApor:Sistema:2021-12-01:2021-12-31
2021-12-06,PorcVoluUtilDiar,0.8373,fraction,xm:servapibi,2026-09-22T19:16:28Z,xm/2021/12/PorcVoluUtilDiar_Sistema.2021-12-01.ndjson#PorcVoluUtilDiar:Sistema:2021-12-01:2021-12-31
2021-12-06,PrecBolsNaci,122.05707666666666,COP/kWh,xm:servapibi,2026-09-22T19:16:39Z,xm/2021/12/PrecBolsNaci_Sistema.2021-12-01.ndjson#PrecBolsNaci:Sistema:2021-12-01:2021-12-31
2021-12-06,PrecEscaAct,884.38014,COP/kWh,xm:servapibi,2026-09-22T19:16:37Z,xm/2021/12/PrecEscaAct_Sistema.2021-12-01.ndjson#PrecEscaAct:Sistema:2021-12-01:2021-12-31
2021-12-06,VoluUtilDiarEner,14096326300,kWh,xm:servapibi,2026-09-22T19:16:29Z,xm/2021/12/VoluUtilDiarEner_Sistema.2021-12-01.ndjson#VoluUtilDiarEner:Sistema:2021-12-01:2021-12-31
2021-12-07,AporEner,124269800,kWh,xm:servapibi,2026-09-22T19:16:32Z,xm/2021/12/AporEner_Sistema.2021-12-01.ndjson#AporEner:Sistema:2021-12-01:2021-12-31
2021-12-07,AporEnerMediHist,144490000,kWh,xm:servapibi,2026-09-22T19:16:33Z,xm/2021/12/AporEnerMediHist_Sistema.2021-12-01.ndjson#AporEnerMediHist:Sistema:2021-12-01:2021-12-31
2021-12-07,CapaUtilDiarEner,16835523220,kWh,xm:servapibi,2026-09-22T19:16:31Z,xm/2021/12/CapaUtilDiarEner_Sistema.2021-12-01.ndjson#CapaUtilDiarEner:Sistema:2021-12-01:2021-12-31
2021-12-07,DemaSIN,216117871.22,kWh,xm:servapibi,2026-09-22T19:16:36Z,xm/2021/12/DemaSIN_Sistema.2021-12-01.ndjson#DemaSIN:Sistema:2021-12-01:2021-12-31
2021-12-07,PorcApor,0.86006,fraction,xm:servapibi,2026-09-22T19:16:35Z,xm/2021/12/PorcApor_Sistema.2021-12-01.ndjson#PorcApor:Sistema:2021-12-01:2021-12-31
2021-12-07,PorcVoluUtilDiar,0.83336,fraction,xm:servapibi,2026-09-22T19:16:28Z,xm/2021/12/PorcVoluUtilDiar_Sistema.2021-12-01.ndjson#PorcVoluUtilDiar:Sistema:2021-12-01:2021-12-31
2021-12-07,PrecBolsNaci,136.37718,COP/kWh,xm:servapibi,2026-09-22T19:16:39Z,xm/2021/12/PrecBolsNaci_Sistema.2021-12-01.ndjson#PrecBolsNaci:Sistema:2021-12-01:2021-12-31
2021-12-07,PrecEscaAct,884.38014,COP/kWh,xm:servapibi,2026-09-22T19:16:37Z,xm/2021/12/PrecEscaAct_Sistema.2021-12-01.ndjson#PrecEscaAct:Sistema:2021-12-01:2021-12-31
2021-12-07,VoluUtilDiarEner,14030045800,kWh,xm:servapibi,2026-09-22T19:16:29Z,xm/2021/12/VoluUtilDiarEner_Sistema.2021-12-01.ndjson#VoluUtilDiarEner:Sistema:2021-12-01:2021-12-31
2021-12-08,AporEner,108085600,kWh,xm:servapibi,2026-09-22T19:16:32Z,xm/2021/12/AporEner_Sistema.2021-12-01.ndjson#AporEner:Sistema:2021-12-01:2021-12-31
2021-12-08,AporEnerMediHist,144490000,kWh,xm:servapibi,2026-09-22T19:16:33Z,xm/2021/12/AporEnerMediHist_Sistema.2021-12-01.ndjson#AporEnerMediHist:Sistema:2021-12-01:2021-12-31
2021-12-08,CapaUtilDiarEner,16835523220,kWh,xm:servapibi,2026-09-22T19:16:31Z,xm/2021/12/CapaUtilDiarEner_Sistema.2021-12-01.ndjson#CapaUtilDiarEner:Sistema:2021-12-01:2021-12-31
2021-12-08,DemaSIN,198427035.25,kWh,xm:servapibi,2026-09-22T19:16:36Z,xm/2021/12/DemaSIN_Sistema.2021-12-01.ndjson#DemaSIN:Sistema:2021-12-01:2021-12-31
2021-12-08,PorcApor,0.74805,fraction,xm:servapibi,2026-09-22T19:16:35Z,xm/2021/12/PorcApor_Sistema.2021-12-01.ndjson#PorcApor:Sistema:2021-12-01:2021-12-31
2021-12-08,PorcVoluUtilDiar,0.83018,fraction,xm:servapibi,2026-09-22T19:16:28Z,xm/2021/12/PorcVoluUtilDiar_Sistema.2021-12-01.ndjson#PorcVoluUtilDiar:Sistema:2021-12-01:2021-12-31
2021-12-08,PrecBolsNaci,142.60630999999998,COP/kWh,xm:servapibi,2026-09-22T19:16:39Z,xm/2021/12/PrecBolsNaci_Sistema.2021-12-01.ndjson#PrecBolsNaci:Sistema:2021-12-01:2021-12-31
2021-12-08,PrecEscaAct,884.38014,COP/kWh,xm:servapibi,2026-09-22T19:16:37Z,xm/2021/12/PrecEscaAct_Sistema.2021-12-01.ndjson#PrecEscaAct:Sistema:2021-12-01:2021-12-31
2021-12-08,VoluUtilDiarEner,13976559700,kWh,xm:servapibi,2026-09-22T19:16:29Z,xm/2021/12/VoluUtilDiarEner_Sistema.2021-12-01.ndjson#VoluUtilDiarEner:Sistema:2021-12-01:2021-12-31
2021-12-09,AporEner,111412600,kWh,xm:servapibi,2026-09-22T19:16:32Z,xm/2021/12/AporEner_Sistema.2021-12-01.ndjson#AporEner:Sistema:2021-12-01:2021-12-31
2021-12-09,AporEnerMediHist,144490000,kWh,xm:servapibi,2026-09-22T19:16:33Z,xm/2021/12/AporEnerMediHist_Sistema.2021-12-01.ndjson#AporEnerMediHist:Sistema:2021-12-01:2021-12-31
2021-12-09,CapaUtilDiarEner,16835523220,kWh,xm:servapibi,2026-09-22T19:16:31Z,xm/2021/12/CapaUtilDiarEner_Sistema.2021-12-01.ndjson#CapaUtilDiarEner:Sistema:2021-12-01:2021-12-31
2021-12-09,DemaSIN,217298717.54,kWh,xm:servapibi,2026-09-22T19:16:36Z,xm/2021/12/DemaSIN_Sistema.2021-12-01.ndjson#DemaSIN:Sistema:2021-12-01:2021-12-31
2021-12-09,PorcApor,0.77107,fraction,xm:servapibi,2026-09-22T19:16:35Z,xm/2021/12/PorcApor_Sistema.2021-12-01.ndjson#PorcApor:Sistema:2021-12-01:2021-12-31
2021-12-09,PorcVoluUtilDiar,0.82592,fraction,xm:servapibi,2026-09-22T19:16:28Z,xm/2021/12/PorcVoluUtilDiar_Sistema.2021-12-01.ndjson#PorcVoluUtilDiar:Sistema:2021-12-01:2021-12-31
2021-12-09,PrecBolsNaci,168.47642666666673,COP/kWh,xm:servapibi,2026-09-22T19:16:39Z,xm/2021/12/PrecBolsNaci_Sistema.2021-12-01.ndjson#PrecBolsNaci:Sistema:2021-12-01:2021-12-31
2021-12-09,PrecEscaAct,884.38014,COP/kWh,xm:servapibi,2026-09-22T19:16:37Z,xm/2021/12/PrecEscaAct_Sistema.2021-12-01.ndjson#PrecEscaAct:Sistema:2021-12-01:2021-12-31
2021-12-09,VoluUtilDiarEner,13904758700,kWh,xm:servapibi,2026-09-22T19:16:29Z,xm/2021/12/VoluUtilDiarEner_Sistema.2021-12-01.ndjson#VoluUtilDiarEner:Sistema:2021-12-01:2021-12-31
2021-12-10,AporEner,106606400,kWh,xm:servapibi,2026-09-22T19:16:32Z,xm/2021/12/AporEner_Sistema.2021-12-01.ndjson#AporEner:Sistema:2021-12-01:2021-12-31
2021-12-10,AporEnerMediHist,144490000,kWh,xm:servapibi,2026-09-22T19:16:33Z,xm/2021/12/AporEnerMediHist_Sistema.2021-12-01.ndjson#AporEnerMediHist:Sistema:2021-12-01:2021-12-31
2021-12-10,CapaUtilDiarEner,16835523220,kWh,xm:servapibi,2026-09-22T19:16:31Z,xm/2021/12/CapaUtilDiarEner_Sistema.2021-12-01.ndjson#CapaUtilDiarEner:Sistema:2021-12-01:2021-12-31
2021-12-10,DemaSIN,217112560.9,kWh,xm:servapibi,2026-09-22T19:16:36Z,xm/2021/12/DemaSIN_Sistema.2021-12-01.ndjson#DemaSIN:Sistema:2021-12-01:2021-12-31
2021-12-10,PorcApor,0.73781,fraction,xm:servapibi,2026-09-22T19:16:35Z,xm/2021/12/PorcApor_Sistema.2021-12-01.ndjson#PorcApor:Sistema:2021-12-01:2021-12-31
2021-12-10,PorcVoluUtilDiar,0.82202,fraction,xm:servapibi,2026-09-22T19:16:28Z,xm/2021/12/PorcVoluUtilDiar_Sistema.2021-12-01.ndjson#PorcVoluUtilDiar:Sistema:2021-12-01:2021-12-31
2021-12-10,PrecBolsNaci,198.78128666666666,COP/kWh,xm:servapibi,2026-09-22T19:16:39Z,xm/2021/12/PrecBolsNaci_Sistema.2021-12-01.ndjson#PrecBolsNaci:Sistema:2021-12-01:2021-12-31
2021-12-10,PrecEscaAct,884.38014,COP/kWh,xm:servapibi,2026-09-22T19:16:37Z,xm/2021/12/PrecEscaAct_Sistema.2021-12-01.ndjson#PrecEscaAct:Sistema:2021-12-01:2021-12-31
2021-12-10,VoluUtilDiarEner,13839122600,kWh,xm:servapibi,2026-09-22T19:16:29Z,xm/2021/12/VoluUtilDiarEner_Sistema.2021-12-01.ndjson#VoluUtilDiarEner:Sistema:2021-12-01:2021-12-31
2021-12-11,AporEner,118908700,kWh,xm:servapibi,2026-09-22T19:16:32Z,xm/2021/12/AporEner_Sistema.2021-12-01.ndjson#AporEner:Sistema:2021-12-01:2021-12-31
2021-12-11,AporEnerMediHist,144490000,kWh,xm:servapibi,2026-09-22T19:16:33Z,xm/2021/12/AporEnerMediHist_Sistema.2021-12-01.ndjson#AporEnerMediHist:Sistema:2021-12-01:2021-12-31
2021-12-11,CapaUtilDiarEner,16835523220,kWh,xm:servapibi,2026-09-22T19:16:31Z,xm/2021/12/CapaUtilDiarEner_Sistema.2021-12-01.ndjson#CapaUtilDiarEner:Sistema:2021-12-01:2021-12-31
2021-12-11,DemaSIN,206890379.2,kWh,xm:servapibi,2026-09-22T19:16:36Z,xm/2021/12/DemaSIN_Sistema.2021-12-01.ndjson#DemaSIN:Sistema:2021-12-01:2021-12-31
2021-12-11,PorcApor,0.82295,fraction,xm:servapibi,2026-09-22T19:16:35Z,xm/2021/12/PorcApor_Sistema.2021-12-01.ndjson#PorcApor:Sistema:2021-12-01:2021-12-31
2021-12-11,PorcVoluUtilDiar,0.81923,fraction,xm:servapibi,2026-09-22T19:16:28Z,xm/2021/12/PorcVoluUtilDiar_Sistema.2021-12-01.ndjson#PorcVoluUtilDiar:Sistema:2021-12-01:2021-12-31
2021-12-11,PrecBolsNaci,222.8338450000001,COP/kWh,xm:servapibi,2026-09-22T19:16:39Z,xm/2021/12/PrecBolsNaci_Sistema.2021-12-01.ndjson#PrecBolsNaci:Sistema:2021-12-01:2021-12-31
2021-12-11,PrecEscaAct,884.38014,COP/kWh,xm:servapibi,2026-09-22T19:16:37Z,xm/2021/12/PrecEscaAct_Sistema.2021-12-01.ndjson#PrecEscaAct:Sistema:2021-12-01:2021-12-31
2021-12-11,VoluUtilDiarEner,13792109700,kWh,xm:servapibi,2026-09-22T19:16:29Z,xm/2021/12/VoluUtilDiarEner_Sistema.2021-12-01.ndjson#VoluUtilDiarEner:Sistema:2021-12-01:2021-12-31
2021-12-12,AporEner,135822300,kWh,xm:servapibi,2026-09-22T19:16:32Z,xm/2021/12/AporEner_Sistema.2021-12-01.ndjson#AporEner:Sistema:2021-12-01:2021-12-31
2021-12-12,AporEnerMediHist,144490000,kWh,xm:servapibi,2026-09-22T19:16:33Z,xm/2021/12/AporEnerMediHist_Sistema.2021-12-01.ndjson#AporEnerMediHist:Sistema:2021-12-01:2021-12-31
2021-12-12,CapaUtilDiarEner,16835523220,kWh,xm:servapibi,2026-09-22T19:16:31Z,xm/2021/12/CapaUtilDiarEner_Sistema.2021-12-01.ndjson#CapaUtilDiarEner:Sistema:2021-12-01:2021-12-31
2021-12-12,DemaSIN,189898986.39,kWh,xm:servapibi,2026-09-22T19:16:36Z,xm/2021/12/DemaSIN_Sistema.2021-12-01.ndjson#DemaSIN:Sistema:2021-12-01:2021-12-31
2021-12-12,PorcApor,0.94001,fraction,xm:servapibi,2026-09-22T19:16:35Z,xm/2021/12/PorcApor_Sistema.2021-12-01.ndjson#PorcApor:Sistema:2021-12-01:2021-12-31
2021-12-12,PorcVoluUtilDiar,0.81908,fraction,xm:servapibi,2026-09-22T19:16:28Z,xm/2021/12/PorcVoluUtilDiar_Sistema.2021-12-01.ndjson#PorcVoluUtilDiar:Sistema:2021-12-01:2021-12-31
2021-12-12,PrecBolsNaci,245.80008333333322,COP/kWh,xm:servapibi,2026-09-22T19:16:39Z,xm/2021/12/PrecBolsNaci_Sistema.2021-12-01.ndjson#PrecBolsNaci:Sistema:2021-12-01:2021-12-31
2021-12-12,PrecEscaAct,884.38014,COP/kWh,xm:servapibi,2026-09-22T19:16:37Z,xm/2021/12/PrecEscaAct_Sistema.2021-12-01.ndjson#PrecEscaAct:Sistema:2021-12-01:2021-12-31
2021-12-12,VoluUtilDiarEner,13789630300,kWh,xm:servapibi,2026-09-22T19:16:29Z,xm/2021/12/VoluUtilDiarEner_Sistema.2021-12-01.ndjson#VoluUtilDiarEner:Sistema:2021-12-01:2021-12-31
2021-12-13,AporEner,123367700,kWh,xm:servapibi,2026-09-22T19:16:32Z,xm/2021/12/AporEner_Sistema.2021-12-01.ndjson#AporEner:Sistema:2021-12-01:2021-12-31
2021-12-13,AporEnerMediHist,144490000,kWh,xm:servapibi,2026-09-22T19:16:33Z,xm/2021/12/AporEnerMediHist_Sistema.2021-12-01.ndjson#AporEnerMediHist:Sistema:2021-12-01:2021-12-31
2021-12-13,CapaUtilDiarEner,16835523220,kWh,xm:servapibi,2026-09-22T19:16:31Z,xm/2021/12/CapaUtilDiarEner_Sistema.2021-12-01.ndjson#CapaUtilDiarEner:Sistema:2021-12-01:2021-12-31
2021-12-13,DemaSIN,211432546.91,kWh,xm:servapibi,2026-09-22T19:16:36Z,xm/2021/12/DemaSIN_Sistema.2021-12-01.ndjson#DemaSIN:Sistema:2021-12-01:2021-12-31
2021-12-13,PorcApor,0.85381,fraction,xm:servapibi,2026-09-22T19:16:35Z,xm/2021/12/PorcApor_Sistema.2021-12-01.ndjson#PorcApor:Sistema:2021-12-01:2021-12-31
2021-12-13,PorcVoluUtilDiar,0.81713,fraction,xm:servapibi,2026-09-22T19:16:28Z,xm/2021/12/PorcVoluUtilDiar_Sistema.2021-12-01.ndjson#PorcVoluUtilDiar:Sistema:2021-12-01:2021-12-31
2021-12-13,PrecBolsNaci,301.52579333333347,COP/kWh,xm:servapibi,2026-09-22T19:16:39Z,xm/2021/12/PrecBolsNaci_Sistema.2021-12-01.ndjson#PrecBolsNaci:Sistema:2021-12-01:2021-12-31
2021-12-13,PrecEscaAct,884.38014,COP/kWh,xm:servapibi,2026-09-22T19:16:37Z,xm/2021/12/PrecEscaAct_Sistema.2021-12-01.ndjson#PrecEscaAct:Sistema:2021-12-01:2021-12-31
2021-12-13,VoluUtilDiarEner,13756842400,kWh,xm:servapibi,2026-09-22T19:16:29Z,xm/2021/12/VoluUtilDiarEner_Sistema.2021-12-01.ndjson#VoluUtilDiarEner:Sistema:2021-12-01:2021-12-31
2021-12-14,AporEner,105473700,kWh,xm:servapibi,2026-09-22T19:16:32Z,xm/2021/12/AporEner_Sistema.2021-12-01.ndjson#AporEner:Sistema:2021-12-01:2021-12-31
2021-12-14,AporEnerMediHist,144490000,kWh,xm:servapibi,2026-09-22T19:16:33Z,xm/2021/12/AporEnerMediHist_Sistema.2021-12-01.ndjson#AporEnerMediHist:Sistema:2021-12-01:2021-12-31
2021-12-14,CapaUtilDiarEner,16835523220,kWh,xm:servapibi,2026-09-22T19:16:31Z,xm/2021/12/CapaUtilDiarEner_Sistema.2021-12-01.ndjson#CapaUtilDiarEner:Sistema:2021-12-01:2021-12-31
2021-12-14,DemaSIN,213909741.97,kWh,xm:servapibi,2026-09-22T19:16:36Z,xm/2021/12/DemaSIN_Sistema.2021-12-01.ndjson#DemaSIN:Sistema:2021-12-01:2021-12-31
2021-12-14,PorcApor,0.72997,fraction,xm:servapibi,2026-09-22T19:16:35Z,xm/2021/12/PorcApor_Sistema.2021-12-01.ndjson#PorcApor:Sistema:2021-12-01:2021-12-31
2021-12-14,PorcVoluUtilDiar,0.81392,fraction,xm:servapibi,2026-09-22T19:16:28Z,xm/2021/12/PorcVoluUtilDiar_Sistema.2021-12-01.ndjson#PorcVoluUtilDiar:Sistema:2021-12-01:2021-12-31
2021-12-14,PrecBolsNaci,364.5948099999998,COP/kWh,xm:servapibi,2026-09-22T19:16:39Z,xm/2021/12/PrecBolsNaci_Sistema.2021-12-01.ndjson#PrecBolsNaci:Sistema:2021-12-01:2021-12-31
2021-12-14,PrecEscaAct,884.38014,COP/kWh,xm:servapibi,2026-09-22T19:16:37Z,xm/2021/12/PrecEscaAct_Sistema.2021-12-01.ndjson#PrecEscaAct:Sistema:2021-12-01:2021-12-31
2021-12-14,VoluUtilDiarEner,13702847900,kWh,xm:servapibi,2026-09-22T19:16:29Z,xm/2021/12/VoluUtilDiarEner_Sistema.2021-12-01.ndjson#VoluUtilDiarEner:Sistema:2021-12-01:2021-12-31
2021-12-15,AporEner,101498900,kWh,xm:servapibi,2026-09-22T19:16:32Z,xm/2021/12/AporEner_Sistema.2021-12-01.ndjson#AporEner:Sistema:2021-12-01:2021-12-31
2021-12-15,AporEnerMediHist,144490000,kWh,xm:servapibi,2026-09-22T19:16:33Z,xm/2021/12/AporEnerMediHist_Sistema.2021-12-01.ndjson#AporEnerMediHist:Sistema:2021-12-01:2021-12-31
2021-12-15,CapaUtilDiarEner,16835523220,kWh,xm:servapibi,2026-09-22T19:16:31Z,xm/2021/12/CapaUtilDiarEner_Sistema.2021-12-01.ndjson#CapaUtilDiarEner:Sistema:2021-12-01:2021-12-31
2021-12-15,DemaSIN,217194164.01,kWh,xm:servapibi,2026-09-22T19:16:36Z,xm/2021/12/DemaSIN_Sistema.2021-12-01.ndjson#DemaSIN:Sistema:2021-12-01:2021-12-31
2021-12-15,PorcApor,0.70246,fraction,xm:servapibi,2026-09-22T19:16:35Z,xm/2021/12/PorcApor_Sistema.2021-12-01.ndjson#PorcApor:Sistema:2021-12-01:2021-12-31
2021-12-15,PorcVoluUtilDiar,0.81073,fraction,xm:servapibi,2026-09-22T19:16:28Z,xm/2021/12/PorcVoluUtilDiar_Sistema.2021-12-01.ndjson#PorcVoluUtilDiar:Sistema:2021-12-01:2021-12-31
2021-12-15,PrecBolsNaci,406.61558499999995,COP/kWh,xm:servapibi,2026-09-22T19:16:39Z,xm/2021/12/PrecBolsNaci_Sistema.2021-12-01.ndjson#PrecBolsNaci:Sistema:2021-12-01:2021-12-31
2021-12-15,PrecEscaAct,884.38014,COP/kWh,xm:servapibi,2026-09-22T19:16:37Z,xm/2021/12/PrecEscaAct_Sistema.2021-12-01.ndjson#PrecEscaAct:Sistema:2021-12-01:2021-12-31
2021-12-15,VoluUtilDiarEner,13649083600,kWh,xm:servapibi,2026-09-22T19:16:29Z,xm/2021/12/VoluUtilDiarEner_Sistema.2021-12-01.ndjson#VoluUtilDiarEner:Sistema:2021-12-01:2021-12-31
2021-12-16,AporEner,101219900,kWh,xm:servapibi,2026-09-22T19:16:32Z,xm/2021/12/AporEner_Sistema.2021-12-01.ndjson#AporEner:Sistema:2021-12-01:2021-12-31
2021-12-16,AporEnerMediHist,144490000,kWh,xm:servapibi,2026-09-22T19:16:33Z,xm/2021/12/AporEnerMediHist_Sistema.2021-12-01.ndjson#AporEnerMediHist:Sistema:2021-12-01:2021-12-31
2021-12-16,CapaUtilDiarEner,16835523220,kWh,xm:servapibi,2026-09-22T19:16:31Z,xm/2021/12/CapaUtilDiarEner_Sistema.2021-12-01.ndjson#CapaUtilDiarEner:Sistema:2021-12-01:2021-12-31
2021-12-16,DemaSIN,219130462.15,kWh,xm:servapibi,2026-09-22T19:16:36Z,xm/2021/12/DemaSIN_Sistema.2021-12-01.ndjson#DemaSIN:Sistema:2021-12-01:2021-12-31
2021-12-16,PorcApor,0.70053,fraction,xm:servapibi,2026-09-22T19:16:35Z,xm/2021/12/PorcApor_Sistema.2021-12-01.ndjson#PorcApor:Sistema:2021-12-01:2021-12-31
2021-12-16,PorcVoluUtilDiar,0.80759,fraction,xm:servapibi,2026-09-22T19:16:28Z,xm/2021/12/PorcVoluUtilDiar_Sistema.2021-12-01.ndjson#PorcVoluUtilDiar:Sistema:2021-12-01:2021-12-31
2021-12-16,PrecBolsNaci,479.4407766666668,COP/kWh,xm:servapibi,2026-09-22T19:16:39Z,xm/2021/12/PrecBolsNaci_Sistema.2021-12-01.ndjson#PrecBolsNaci:Sistema:2021-12-01:2021-12-31
2021-12-16,PrecEscaAct,884.38014,COP/kWh,xm:servapibi,2026-09-22T19:16:37Z,xm/2021/12/PrecEscaAct_Sistema.2021-12-01.ndjson#PrecEscaAct:Sistema:2021-12-01:2021-12-31
2021-12-16,VoluUtilDiarEner,13596220500,kWh,xm:servapibi,2026-09-22T19:16:29Z,xm/2021/12/VoluUtilDiarEner_Sistema.2021-12-01.ndjson#VoluUtilDiarEner:Sistema:2021-12-01:2021-12-31
2021-12-17,AporEner,108352600,kWh,xm:servapibi,2026-09-22T19:16:32Z,xm/2021/12/AporEner_Sistema.2021-12-01.ndjson#AporEner:Sistema:2021-12-01:2021-12-31
2021-12-17,AporEnerMediHist,144490000,kWh,xm:servapibi,2026-09-22T19:16:33Z,xm/2021/12/AporEnerMediHist_Sistema.2021-12-01.ndjson#AporEnerMediHist:Sistema:2021-12-01:2021-12-31
2021-12-17,CapaUtilDiarEner,16835523220,kWh,xm:servapibi,2026-09-22T19:16:31Z,xm/2021/12/CapaUtilDiarEner_Sistema.2021-12-01.ndjson#CapaUtilDiarEner:Sistema:2021-12-01:2021-12-31
2021-12-17,DemaSIN,217129783.96,kWh,xm:servapibi,2026-09-22T19:16:36Z,xm/2021/12/DemaSIN_Sistema.2021-12-01.ndjson#DemaSIN:Sistema:2021-12-01:2021-12-31
2021-12-17,PorcApor,0.7499,fraction,xm:servapibi,2026-09-22T19:16:35Z,xm/2021/12/PorcApor_Sistema.2021-12-01.ndjson#PorcApor:Sistema:2021-12-01:2021-12-31
2021-12-17,PorcVoluUtilDiar,0.80483,fraction,xm:servapibi,2026-09-22T19:16:28Z,xm/2021/12/PorcVoluUtilDiar_Sistema.2021-12-01.ndjson#PorcVoluUtilDiar:Sistema:2021-12-01:2021-12-31
2021-12-17,PrecBolsNaci,510.7052600000001,COP/kWh,xm:servapibi,2026-09-22T19:16:39Z,xm/2021/12/PrecBolsNaci_Sistema.2021-12-01.ndjson#PrecBolsNaci:Sistema:2021-12-01:2021-12-31
2021-12-17,PrecEscaAct,884.38014,COP/kWh,xm:servapibi,2026-09-22T19:16:37Z,xm/2021/12/PrecEscaAct_Sistema.2021-12-01.ndjson#PrecEscaAct:Sistema:2021-12-01:2021-12-31
2021-12-17,VoluUtilDiarEner,13549814700,kWh,xm:servapibi,2026-09-22T19:16:29Z,xm/2021/12/VoluUtilDiarEner_Sistema.2021-12-01.ndjson#VoluUtilDiarEner:Sistema:2021-12-01:2021-12-31
2021-12-18,AporEner,123990700,kWh,xm:servapibi,2026-09-22T19:16:32Z,xm/2021/12/AporEner_Sistema.2021-12-01.ndjson#AporEner:Sistema:2021-12-01:2021-12-31
2021-12-18,AporEnerMediHist,144490000,kWh,xm:servapibi,2026-09-22T19:16:33Z,xm/2021/12/AporEnerMediHist_Sistema.2021-12-01.ndjson#AporEnerMediHist:Sistema:2021-12-01:2021-12-31
2021-12-18,CapaUtilDiarEner,16835523220,kWh,xm:servapibi,2026-09-22T19:16:31Z,xm/2021/12/CapaUtilDiarEner_Sistema.2021-12-01.ndjson#CapaUtilDiarEner:Sistema:2021-12-01:2021-12-31
2021-12-18,DemaSIN,207433680.42,kWh,xm:servapibi,2026-09-22T19:16:36Z,xm/2021/12/DemaSIN_Sistema.2021-12-01.ndjson#DemaSIN:Sistema:2021-12-01:2021-12-31
2021-12-18,PorcApor,0.85813,fraction,xm:servapibi,2026-09-22T19:16:35Z,xm/2021/12/PorcApor_Sistema.2021-12-01.ndjson#PorcApor:Sistema:2021-12-01:2021-12-31
2021-12-18,PorcVoluUtilDiar,0.80385,fraction,xm:servapibi,2026-09-22T19:16:28Z,xm/2021/12/PorcVoluUtilDiar_Sistema.2021-12-01.ndjson#PorcVoluUtilDiar:Sistema:2021-12-01:2021-12-31
2021-12-18,PrecBolsNaci,520.1820633333332,COP/kWh,xm:servapibi,2026-09-22T19:16:39Z,xm/2021/12/PrecBolsNaci_Sistema.2021-12-01.ndjson#PrecBolsNaci:Sistema:2021-12-01:2021-12-31
2021-12-18,PrecEscaAct,884.38014,COP/kWh,xm:servapibi,2026-09-22T19:16:37Z,xm/2021/12/PrecEscaAct_Sistema.2021-12-01.ndjson#PrecEscaAct:Sistema:2021-12-01:2021-12-31
2021-12-18,VoluUtilDiarEner,13533197300,kWh,xm:servapibi,2026-09-22T19:16:29Z,xm/2021/12/VoluUtilDiarEner_Sistema.2021-12-01.ndjson#VoluUtilDiarEner:Sistema:2021-12-01:2021-12-31
2021-12-19,AporEner,112657400,kWh,xm:servapibi,2026-09-22T19:16:32Z,xm/2021/12/AporEner_Sistema.2021-12-01.ndjson#AporEner:Sistema:2021-12-01:2021-12-31
2021-12-19,AporEnerMediHist,144490000,kWh,xm:servapibi,2026-09-22T19:16:33Z,xm/2021/12/AporEnerMediHist_Sistema.2021-12-01.ndjson#AporEnerMediHist:Sistema:2021-12-01:2021-12-31
2021-12-19,CapaUtilDiarEner,16835523220,kWh,xm:servapibi,2026-09-22T19:16:31Z,xm/2021/12/CapaUtilDiarEner_Sistema.2021-12-01.ndjson#CapaUtilDiarEner:Sistema:2021-12-01:2021-12-31
2021-12-19,DemaSIN,192122606.91,kWh,xm:servapibi,2026-09-22T19:16:36Z,xm/2021/12/DemaSIN_Sistema.2021-12-01.ndjson#DemaSIN:Sistema:2021-12-01:2021-12-31
2021-12-19,PorcApor,0.77969,fraction,xm:servapibi,2026-09-22T19:16:35Z,xm/2021/12/PorcApor_Sistema.2021-12-01.ndjson#PorcApor:Sistema:2021-12-01:2021-12-31
2021-12-19,PorcVoluUtilDiar,0.80282,fraction,xm:servapibi,2026-09-22T19:16:28Z,xm/2021/12/PorcVoluUtilDiar_Sistema.2021-12-01.ndjson#PorcVoluUtilDiar:Sistema:2021-12-01:2021-12-31
2021-12-19,PrecBolsNaci,554.0974299999999,COP/kWh,xm:servapibi,2026-09-22T19:16:39Z,xm/2021/12/PrecBolsNaci_Sistema.2021-12-01.ndjson#PrecBolsNaci:Sistema:2021-12-01:2021-12-31
2021-12-19,PrecEscaAct,884.38014,COP/kWh,xm:servapibi,2026-09-22T19:16:37Z,xm/2021/12/PrecEscaAct_Sistema.2021-12-01.ndjson#PrecEscaAct:Sistema:2021-12-01:2021-12-31
2021-12-19,VoluUtilDiarEner,13515933100,kWh,xm:servapibi,2026-09-22T19:16:29Z,xm/2021/12/VoluUtilDiarEner_Sistema.2021-12-01.ndjson#VoluUtilDiarEner:Sistema:2021-12-01:2021-12-31
2021-12-20,AporEner,115027700,kWh,xm:servapibi,2026-09-22T19:16:32Z,xm/2021/12/AporEner_Sistema.2021-12-01.ndjson#AporEner:Sistema:2021-12-01:2021-12-31
2021-12-20,AporEnerMediHist,144490000,kWh,xm:servapibi,2026-09-22T19:16:33Z,xm/2021/12/AporEnerMediHist_Sistema.2021-12-01.ndjson#AporEnerMediHist:Sistema:2021-12-01:2021-12-31
2021-12-20,CapaUtilDiarEner,16835523220,kWh,xm:servapibi,2026-09-22T19:16:31Z,xm/2021/12/CapaUtilDiarEner_Sistema.2021-12-01.ndjson#CapaUtilDiarEner:Sistema:2021-12-01:2021-12-31
2021-12-20,DemaSIN,214755305.19,kWh,xm:servapibi,2026-09-22T19:16:36Z,xm/2021/12/DemaSIN_Sistema.2021-12-01.ndjson#DemaSIN:Sistema:2021-12-01:2021-12-31
2021-12-20,PorcApor,0.79609,fraction,xm:servapibi,2026-09-22T19:16:35Z,xm/2021/12/PorcApor_Sistema.2021-12-01.ndjson#PorcApor:Sistema:2021-12-01:2021-12-31
2021-12-20,PorcVoluUtilDiar,0.80085,fraction,xm:servapibi,2026-09-22T19:16:28Z,xm/2021/12/PorcVoluUtilDiar_Sistema.2021-12-01.ndjson#PorcVoluUtilDiar:Sistema:2021-12-01:2021-12-31
2021-12-20,PrecBolsNaci,579.7299866666665,COP/kWh,xm:servapibi,2026-09-22T19:16:39Z,xm/2021/12/PrecBolsNaci_Sistema.2021-12-01.ndjson#PrecBolsNaci:Sistema:2021-12-01:2021-12-31
2021-12-20,PrecEscaAct,884.38014,COP/kWh,xm:servapibi,2026-09-22T19:16:37Z,xm/2021/12/PrecEscaAct_Sistema.2021-12-01.ndjson#PrecEscaAct:Sistema:2021-12-01:2021-12-31
2021-12-20,VoluUtilDiarEner,13482777000,kWh,xm:servapibi,2026-09-22T19:16:29Z,xm/2021/12/VoluUtilDiarEner_Sistema.2021-12-01.ndjson#VoluUtilDiarEner:Sistema:2021-12-01:2021-12-31
2021-12-21,AporEner,110888800,kWh,xm:servapibi,2026-09-22T19:16:32Z,xm/2021/12/AporEner_Sistema.2021-12-01.ndjson#AporEner:Sistema:2021-12-01:2021-12-31
2021-12-21,AporEnerMediHist,144490000,kWh,xm:servapibi,2026-09-22T19:16:33Z,xm/2021/12/AporEnerMediHist_Sistema.2021-12-01.ndjson#AporEnerMediHist:Sistema:2021-12-01:2021-12-31
2021-12-21,CapaUtilDiarEner,16835523220,kWh,xm:servapibi,2026-09-22T19:16:31Z,xm/2021/12/CapaUtilDiarEner_Sistema.2021-12-01.ndjson#CapaUtilDiarEner:Sistema:2021-12-01:2021-12-31
2021-12-21,DemaSIN,216557741.6,kWh,xm:servapibi,2026-09-22T19:16:36Z,xm/2021/12/DemaSIN_Sistema.2021-12-01.ndjson#DemaSIN:Sistema:2021-12-01:2021-12-31
2021-12-21,PorcApor,0.76745,fraction,xm:servapibi,2026-09-22T19:16:35Z,xm/2021/12/PorcApor_Sistema.2021-12-01.ndjson#PorcApor:Sistema:2021-12-01:2021-12-31
2021-12-21,PorcVoluUtilDiar,0.79974,fraction,xm:servapibi,2026-09-22T19:16:28Z,xm/2021/12/PorcVoluUtilDiar_Sistema.2021-12-01.ndjson#PorcVoluUtilDiar:Sistema:2021-12-01:2021-12-31
2021-12-21,PrecBolsNaci,584.5446900000001,COP/kWh,xm:servapibi,2026-09-22T19:16:39Z,xm/2021/12/PrecBolsNaci_Sistema.2021-12-01.ndjson#PrecBolsNaci:Sistema:2021-12-01:2021-12-31
2021-12-21,PrecEscaAct,884.38014,COP/kWh,xm:servapibi,2026-09-22T19:16:37Z,xm/2021/12/PrecEscaAct_Sistema.2021-12-01.ndjson#PrecEscaAct:Sistema:2021-12-01:2021-12-31
2021-12-21,VoluUtilDiarEner,13463957500,kWh,xm:servapibi,2026-09-22T19:16:29Z,xm/2021/12/VoluUtilDiarEner_Sistema.2021-12-01.ndjson#VoluUtilDiarEner:Sistema:2021-12-01:2021-12-31
2021-12-22,AporEner,119245100,kWh,xm:servapibi,2026-09-22T19:16:32Z,xm/2021/12/AporEner_Sistema.2021-12-01.ndjson#AporEner:Sistema:2021-12-01:2021-12-31
2021-12-22,AporEnerMediHist,144490000,kWh,xm:servapibi,2026-09-22T19:16:33Z,xm/2021/12/AporEnerMediHist_Sistema.2021-12-01.ndjson#AporEnerMediHist:Sistema:2021-12-01:2021-12-31
2021-12-22,CapaUtilDiarEner,16835523220,kWh,xm:servapibi,2026-09-22T19:16:31Z,xm/2021/12/CapaUtilDiarEner_Sistema.2021-12-01.ndjson#CapaUtilDiarEner:Sistema:2021-12-01:2021-12-31
2021-12-22,DemaSIN,216461811.43,kWh,xm:servapibi,2026-09-22T19:16:36Z,xm/2021/12/DemaSIN_Sistema.2021-12-01.ndjson#DemaSIN:Sistema:2021-12-01:2021-12-31
2021-12-22,PorcApor,0.82528,fraction,xm:servapibi,2026-09-22T19:16:35Z,xm/2021/12/PorcApor_Sistema.2021-12-01.ndjson#PorcApor:Sistema:2021-12-01:2021-12-31
2021-12-22,PorcVoluUtilDiar,0.79883,fraction,xm:servapibi,2026-09-22T19:16:28Z,xm/2021/12/PorcVoluUtilDiar_Sistema.2021-12-01.ndjson#PorcVoluUtilDiar:Sistema:2021-12-01:2021-12-31
2021-12-22,PrecBolsNaci,559.1375416666664,COP/kWh,xm:servapibi,2026-09-22T19:16:39Z,xm/2021/12/PrecBolsNaci_Sistema.2021-12-01.ndjson#PrecBolsNaci:Sistema:2021-12-01:2021-12-31
2021-12-22,PrecEscaAct,884.38014,COP/kWh,xm:servapibi,2026-09-22T19:16:37Z,xm/2021/12/PrecEscaAct_Sistema.2021-12-01.ndjson#PrecEscaAct:Sistema:2021-12-01:2021-12-31
2021-12-22,VoluUtilDiarEner,13448708700,kWh,xm:servapibi,2026-09-22T19:16:29Z,xm/2021/12/VoluUtilDiarEner_Sistema.2021-12-01.ndjson#VoluUtilDiarEner:Sistema:2021-12-01:2021-12-31
2021-12-23,AporEner,109941300,kWh,xm:servapibi,2026-09-22T19:16:32Z,xm/2021/12/AporEner_Sistema.2021-12-01.ndjson#AporEner:Sistema:2021-12-01:2021-12-31
2021-12-23,AporEnerMediHist,144490000,kWh,xm:servapibi,2026-09-22T19:16:33Z,xm/2021/12/AporEnerMediHist_Sistema.2021-12-01.ndjson#AporEnerMediHist:Sistema:2021-12-01:2021-12-31
2021-12-23,CapaUtilDiarEner,16835523220,kWh,xm:servapibi,2026-09-22T19:16:31Z,xm/2021/12/CapaUtilDiarEner_Sistema.2021-12-01.ndjson#CapaUtilDiarEner:Sistema:2021-12-01:2021-12-31
2021-12-23,DemaSIN,213080134.82,kWh,xm:servapibi,2026-09-22T19:16:36Z,xm/2021/12/DemaSIN_Sistema.2021-12-01.ndjson#DemaSIN:Sistema:2021-12-01:2021-12-31
2021-12-23,PorcApor,0.76089,fraction,xm:servapibi,2026-09-22T19:16:35Z,xm/2021/12/PorcApor_Sistema.2021-12-01.ndjson#PorcApor:Sistema:2021-12-01:2021-12-31
2021-12-23,PorcVoluUtilDiar,0.79753,fraction,xm:servapibi,2026-09-22T19:16:28Z,xm/2021/12/PorcVoluUtilDiar_Sistema.2021-12-01.ndjson#PorcVoluUtilDiar:Sistema:2021-12-01:2021-12-31
2021-12-23,PrecBolsNaci,569.8215566666663,COP/kWh,xm:servapibi,2026-09-22T19:16:39Z,xm/2021/12/PrecBolsNaci_Sistema.2021-12-01.ndjson#PrecBolsNaci:Sistema:2021-12-01:2021-12-31
2021-12-23,PrecEscaAct,884.38014,COP/kWh,xm:servapibi,2026-09-22T19:16:37Z,xm/2021/12/PrecEscaAct_Sistema.2021-12-01.ndjson#PrecEscaAct:Sistema:2021-12-01:2021-12-31
2021-12-23,VoluUtilDiarEner,13426854100,kWh,xm:servapibi,2026-09-22T19:16:29Z,xm/2021/12/VoluUtilDiarEner_Sistema.2021-12-01.ndjson#VoluUtilDiarEner:Sistema:2021-12-01:2021-12-31
2021-12-24,AporEner,97441800,kWh,xm:servapibi,2026-09-22T19:16:32Z,xm/2021/12/AporEner_Sistema.2021-12-01.ndjson#AporEner:Sistema:2021-12-01:2021-12-31
2021-12-24,AporEnerMediHist,144490000,kWh,xm:servapibi,2026-09-22T19:16:33Z,xm/2021/12/AporEnerMediHist_Sistema.2021-12-01.ndjson#AporEnerMediHist:Sistema:2021-12-01:2021-12-31
2021-12-24,CapaUtilDiarEner,16835523220,kWh,xm:servapibi,2026-09-22T19:16:31Z,xm/2021/12/CapaUtilDiarEner_Sistema.2021-12-01.ndjson#CapaUtilDiarEner:Sistema:2021-12-01:2021-12-31
2021-12-24,DemaSIN,197263727.32,kWh,xm:servapibi,2026-09-22T19:16:36Z,xm/2021/12/DemaSIN_Sistema.2021-12-01.ndjson#DemaSIN:Sistema:2021-12-01:2021-12-31
2021-12-24,PorcApor,0.67438,fraction,xm:servapibi,2026-09-22T19:16:35Z,xm/2021/12/PorcApor_Sistema.2021-12-01.ndjson#PorcApor:Sistema:2021-12-01:2021-12-31
2021-12-24,PorcVoluUtilDiar,0.79615,fraction,xm:servapibi,2026-09-22T19:16:28Z,xm/2021/12/PorcVoluUtilDiar_Sistema.2021-12-01.ndjson#PorcVoluUtilDiar:Sistema:2021-12-01:2021-12-31
2021-12-24,PrecBolsNaci,512.2869933333333,COP/kWh,xm:servapibi,2026-09-22T19:16:39Z,xm/2021/12/PrecBolsNaci_Sistema.2021-12-01.ndjson#PrecBolsNaci:Sistema:2021-12-01:2021-12-31
2021-12-24,PrecEscaAct,884.38014,COP/kWh,xm:servapibi,2026-09-22T19:16:37Z,xm/2021/12/PrecEscaAct_Sistema.2021-12-01.ndjson#PrecEscaAct:Sistema:2021-12-01:2021-12-31
2021-12-24,VoluUtilDiarEner,13403630900,kWh,xm:servapibi,2026-09-22T19:16:29Z,xm/2021/12/VoluUtilDiarEner_Sistema.2021-12-01.ndjson#VoluUtilDiarEner:Sistema:2021-12-01:2021-12-31
2021-12-25,AporEner,96678700,kWh,xm:servapibi,2026-09-22T19:16:32Z,xm/2021/12/AporEner_Sistema.2021-12-01.ndjson#AporEner:Sistema:2021-12-01:2021-12-31
2021-12-25,AporEnerMediHist,144490000,kWh,xm:servapibi,2026-09-22T19:16:33Z,xm/2021/12/AporEnerMediHist_Sistema.2021-12-01.ndjson#AporEnerMediHist:Sistema:2021-12-01:2021-12-31
2021-12-25,CapaUtilDiarEner,16835523220,kWh,xm:servapibi,2026-09-22T19:16:31Z,xm/2021/12/CapaUtilDiarEner_Sistema.2021-12-01.ndjson#CapaUtilDiarEner:Sistema:2021-12-01:2021-12-31
2021-12-25,DemaSIN,175769793.31,kWh,xm:servapibi,2026-09-22T19:16:36Z,xm/2021/12/DemaSIN_Sistema.2021-12-01.ndjson#DemaSIN:Sistema:2021-12-01:2021-12-31
2021-12-25,PorcApor,0.6691,fraction,xm:servapibi,2026-09-22T19:16:35Z,xm/2021/12/PorcApor_Sistema.2021-12-01.ndjson#PorcApor:Sistema:2021-12-01:2021-12-31
2021-12-25,PorcVoluUtilDiar,0.79499,fraction,xm:servapibi,2026-09-22T19:16:28Z,xm/2021/12/PorcVoluUtilDiar_Sistema.2021-12-01.ndjson#PorcVoluUtilDiar:Sistema:2021-12-01:2021-12-31
2021-12-25,PrecBolsNaci,315.19351333333327,COP/kWh,xm:servapibi,2026-09-22T19:16:39Z,xm/2021/12/PrecBolsNaci_Sistema.2021-12-01.ndjson#PrecBolsNaci:Sistema:2021-12-01:2021-12-31
2021-12-25,PrecEscaAct,884.38014,COP/kWh,xm:servapibi,2026-09-22T19:16:37Z,xm/2021/12/PrecEscaAct_Sistema.2021-12-01.ndjson#PrecEscaAct:Sistema:2021-12-01:2021-12-31
2021-12-25,VoluUtilDiarEner,13384112400,kWh,xm:servapibi,2026-09-22T19:16:29Z,xm/2021/12/VoluUtilDiarEner_Sistema.2021-12-01.ndjson#VoluUtilDiarEner:Sistema:2021-12-01:2021-12-31
2021-12-26,AporEner,113860700,kWh,xm:servapibi,2026-09-22T19:16:32Z,xm/2021/12/AporEner_Sistema.2021-12-01.ndjson#AporEner:Sistema:2021-12-01:2021-12-31
2021-12-26,AporEnerMediHist,144490000,kWh,xm:servapibi,2026-09-22T19:16:33Z,xm/2021/12/AporEnerMediHist_Sistema.2021-12-01.ndjson#AporEnerMediHist:Sistema:2021-12-01:2021-12-31
2021-12-26,CapaUtilDiarEner,16835523220,kWh,xm:servapibi,2026-09-22T19:16:31Z,xm/2021/12/CapaUtilDiarEner_Sistema.2021-12-01.ndjson#CapaUtilDiarEner:Sistema:2021-12-01:2021-12-31
2021-12-26,DemaSIN,184367295.65,kWh,xm:servapibi,2026-09-22T19:16:36Z,xm/2021/12/DemaSIN_Sistema.2021-12-01.ndjson#DemaSIN:Sistema:2021-12-01:2021-12-31
2021-12-26,PorcApor,0.78802,fraction,xm:servapibi,2026-09-22T19:16:35Z,xm/2021/12/PorcApor_Sistema.2021-12-01.ndjson#PorcApor:Sistema:2021-12-01:2021-12-31
2021-12-26,PorcVoluUtilDiar,0.79537,fraction,xm:servapibi,2026-09-22T19:16:28Z,xm/2021/12/PorcVoluUtilDiar_Sistema.2021-12-01.ndjson#PorcVoluUtilDiar:Sistema:2021-12-01:2021-12-31
2021-12-26,PrecBolsNaci,373.4250000000001,COP/kWh,xm:servapibi,2026-09-22T19:16:39Z,xm/2021/12/PrecBolsNaci_Sistema.2021-12-01.ndjson#PrecBolsNaci:Sistema:2021-12-01:2021-12-31
2021-12-26,PrecEscaAct,884.38014,COP/kWh,xm:servapibi,2026-09-22T19:16:37Z,xm/2021/12/PrecEscaAct_Sistema.2021-12-01.ndjson#PrecEscaAct:Sistema:2021-12-01:2021-12-31
2021-12-26,VoluUtilDiarEner,13390388800,kWh,xm:servapibi,2026-09-22T19:16:29Z,xm/2021/12/VoluUtilDiarEner_Sistema.2021-12-01.ndjson#VoluUtilDiarEner:Sistema:2021-12-01:2021-12-31
2021-12-27,AporEner,117856000,kWh,xm:servapibi,2026-09-22T19:16:32Z,xm/2021/12/AporEner_Sistema.2021-12-01.ndjson#AporEner:Sistema:2021-12-01:2021-12-31
2021-12-27,AporEnerMediHist,144490000,kWh,xm:servapibi,2026-09-22T19:16:33Z,xm/2021/12/AporEnerMediHist_Sistema.2021-12-01.ndjson#AporEnerMediHist:Sistema:2021-12-01:2021-12-31
2021-12-27,CapaUtilDiarEner,16835523220,kWh,xm:servapibi,2026-09-22T19:16:31Z,xm/2021/12/CapaUtilDiarEner_Sistema.2021-12-01.ndjson#CapaUtilDiarEner:Sistema:2021-12-01:2021-12-31
2021-12-27,DemaSIN,208977010.39,kWh,xm:servapibi,2026-09-22T19:16:36Z,xm/2021/12/DemaSIN_Sistema.2021-12-01.ndjson#DemaSIN:Sistema:2021-12-01:2021-12-31
2021-12-27,PorcApor,0.81567,fraction,xm:servapibi,2026-09-22T19:16:35Z,xm/2021/12/PorcApor_Sistema.2021-12-01.ndjson#PorcApor:Sistema:2021-12-01:2021-12-31
2021-12-27,PorcVoluUtilDiar,0.79487,fraction,xm:servapibi,2026-09-22T19:16:28Z,xm/2021/12/PorcVoluUtilDiar_Sistema.2021-12-01.ndjson#PorcVoluUtilDiar:Sistema:2021-12-01:2021-12-31
2021-12-27,PrecBolsNaci,443.07123999999993,COP/kWh,xm:servapibi,2026-09-22T19:16:39Z,xm/2021/12/PrecBolsNaci_Sistema.2021-12-01.ndjson#PrecBolsNaci:Sistema:2021-12-01:2021-12-31
2021-12-27,PrecEscaAct,884.38014,COP/kWh,xm:servapibi,2026-09-22T19:16:37Z,xm/2021/12/PrecEscaAct_Sistema.2021-12-01.ndjson#PrecEscaAct:Sistema:2021-12-01:2021-12-31
2021-12-27,VoluUtilDiarEner,13382111100,kWh,xm:servapibi,2026-09-22T19:16:29Z,xm/2021/12/VoluUtilDiarEner_Sistema.2021-12-01.ndjson#VoluUtilDiarEner:Sistema:2021-12-01:2021-12-31
2021-12-28,AporEner,115400200,kWh,xm:servapibi,2026-09-22T19:16:32Z,xm/2021/12/AporEner_Sistema.2021-12-01.ndjson#AporEner:Sistema:2021-12-01:2021-12-31
2021-12-28,AporEnerMediHist,144490000,kWh,xm:servapibi,2026-09-22T19:16:33Z,xm/2021/12/AporEnerMediHist_Sistema.2021-12-01.ndjson#AporEnerMediHist:Sistema:2021-12-01:2021-12-31
2021-12-28,CapaUtilDiarEner,16835523220,kWh,xm:servapibi,2026-09-22T19:16:31Z,xm/2021/12/CapaUtilDiarEner_Sistema.2021-12-01.ndjson#CapaUtilDiarEner:Sistema:2021-12-01:2021-12-31
2021-12-28,DemaSIN,209586419.72,kWh,xm:servapibi,2026-09-22T19:16:36Z,xm/2021/12/DemaSIN_Sistema.2021-12-01.ndjson#DemaSIN:Sistema:2021-12-01:2021-12-31
2021-12-28,PorcApor,0.79867,fraction,xm:servapibi,2026-09-22T19:16:35Z,xm/2021/12/PorcApor_Sistema.2021-12-01.ndjson#PorcApor:Sistema:2021-12-01:2021-12-31
2021-12-28,PorcVoluUtilDiar,0.79375,fraction,xm:servapibi,2026-09-22T19:16:28Z,xm/2021/12/PorcVoluUtilDiar_Sistema.2021-12-01.ndjson#PorcVoluUtilDiar:Sistema:2021-12-01:2021-12-31
2021-12-28,PrecBolsNaci,451.4260833333332,COP/kWh,xm:servapibi,2026-09-22T19:16:39Z,xm/2021/12/PrecBolsNaci_Sistema.2021-12-01.ndjson#PrecBolsNaci:Sistema:2021-12-01:2021-12-31
2021-12-28,PrecEscaAct,884.38014,COP/kWh,xm:servapibi,2026-09-22T19:16:37Z,xm/2021/12/PrecEscaAct_Sistema.2021-12-01.ndjson#PrecEscaAct:Sistema:2021-12-01:2021-12-31
2021-12-28,VoluUtilDiarEner,13363232200,kWh,xm:servapibi,2026-09-22T19:16:29Z,xm/2021/12/VoluUtilDiarEner_Sistema.2021-12-01.ndjson#VoluUtilDiarEner:Sistema:2021-12-01:2021-12-31
2021-12-29,AporEner,123309700,kWh,xm:servapibi,2026-09-22T19:16:32Z,xm/2021/12/AporEner_Sistema.2021-12-01.ndjson#AporEner:Sistema:2021-12-01:2021-12-31
2021-12-29,AporEnerMediHist,144490000,kWh,xm:servapibi,2026-09-22T19:16:33Z,xm/2021/12/AporEnerMediHist_Sistema.2021-12-01.ndjson#AporEnerMediHist:Sistema:2021-12-01:2021-12-31
2021-12-29,CapaUtilDiarEner,16835523220,kWh,xm:servapibi,2026-09-22T19:16:31Z,xm/2021/12/CapaUtilDiarEner_Sistema.2021-12-01.ndjson#CapaUtilDiarEner:Sistema:2021-12-01:2021-12-31
2021-12-29,DemaSIN,207256813.61,kWh,xm:servapibi,2026-09-22T19:16:36Z,xm/2021/12/DemaSIN_Sistema.2021-12-01.ndjson#DemaSIN:Sistema:2021-12-01:2021-12-31
2021-12-29,PorcApor,0.85341,fraction,xm:servapibi,2026-09-22T19:16:35Z,xm/2021/12/PorcApor_Sistema.2021-12-01.ndjson#PorcApor:Sistema:2021-12-01:2021-12-31
2021-12-29,PorcVoluUtilDiar,0.79316,fraction,xm:servapibi,2026-09-22T19:16:28Z,xm/2021/12/PorcVoluUtilDiar_Sistema.2021-12-01.ndjson#PorcVoluUtilDiar:Sistema:2021-12-01:2021-12-31
2021-12-29,PrecBolsNaci,424.65756000000016,COP/kWh,xm:servapibi,2026-09-22T19:16:39Z,xm/2021/12/PrecBolsNaci_Sistema.2021-12-01.ndjson#PrecBolsNaci:Sistema:2021-12-01:2021-12-31
2021-12-29,PrecEscaAct,884.38014,COP/kWh,xm:servapibi,2026-09-22T19:16:37Z,xm/2021/12/PrecEscaAct_Sistema.2021-12-01.ndjson#PrecEscaAct:Sistema:2021-12-01:2021-12-31
2021-12-29,VoluUtilDiarEner,13353191300,kWh,xm:servapibi,2026-09-22T19:16:29Z,xm/2021/12/VoluUtilDiarEner_Sistema.2021-12-01.ndjson#VoluUtilDiarEner:Sistema:2021-12-01:2021-12-31
2021-12-30,AporEner,122235600,kWh,xm:servapibi,2026-09-22T19:16:32Z,xm/2021/12/AporEner_Sistema.2021-12-01.ndjson#AporEner:Sistema:2021-12-01:2021-12-31
2021-12-30,AporEnerMediHist,144490000,kWh,xm:servapibi,2026-09-22T19:16:33Z,xm/2021/12/AporEnerMediHist_Sistema.2021-12-01.ndjson#AporEnerMediHist:Sistema:2021-12-01:2021-12-31
2021-12-30,CapaUtilDiarEner,16835523220,kWh,xm:servapibi,2026-09-22T19:16:31Z,xm/2021/12/CapaUtilDiarEner_Sistema.2021-12-01.ndjson#CapaUtilDiarEner:Sistema:2021-12-01:2021-12-31
2021-12-30,DemaSIN,203614873.8,kWh,xm:servapibi,2026-09-22T19:16:36Z,xm/2021/12/DemaSIN_Sistema.2021-12-01.ndjson#DemaSIN:Sistema:2021-12-01:2021-12-31
2021-12-30,PorcApor,0.84598,fraction,xm:servapibi,2026-09-22T19:16:35Z,xm/2021/12/PorcApor_Sistema.2021-12-01.ndjson#PorcApor:Sistema:2021-12-01:2021-12-31
2021-12-30,PorcVoluUtilDiar,0.79219,fraction,xm:servapibi,2026-09-22T19:16:28Z,xm/2021/12/PorcVoluUtilDiar_Sistema.2021-12-01.ndjson#PorcVoluUtilDiar:Sistema:2021-12-01:2021-12-31
2021-12-30,PrecBolsNaci,389.4967116666666,COP/kWh,xm:servapibi,2026-09-22T19:16:39Z,xm/2021/12/PrecBolsNaci_Sistema.2021-12-01.ndjson#PrecBolsNaci:Sistema:2021-12-01:2021-12-31
2021-12-30,PrecEscaAct,884.38014,COP/kWh,xm:servapibi,2026-09-22T19:16:37Z,xm/2021/12/PrecEscaAct_Sistema.2021-12-01.ndjson#PrecEscaAct:Sistema:2021-12-01:2021-12-31
2021-12-30,VoluUtilDiarEner,13336968300,kWh,xm:servapibi,2026-09-22T19:16:29Z,xm/2021/12/VoluUtilDiarEner_Sistema.2021-12-01.ndjson#VoluUtilDiarEner:Sistema:2021-12-01:2021-12-31
2021-12-31,AporEner,101657300,kWh,xm:servapibi,2026-09-22T19:16:32Z,xm/2021/12/AporEner_Sistema.2021-12-01.ndjson#AporEner:Sistema:2021-12-01:2021-12-31
2021-12-31,AporEnerMediHist,144490000,kWh,xm:servapibi,2026-09-22T19:16:33Z,xm/2021/12/AporEnerMediHist_Sistema.2021-12-01.ndjson#AporEnerMediHist:Sistema:2021-12-01:2021-12-31
2021-12-31,CapaUtilDiarEner,16835523220,kWh,xm:servapibi,2026-09-22T19:16:31Z,xm/2021/12/CapaUtilDiarEner_Sistema.2021-12-01.ndjson#CapaUtilDiarEner:Sistema:2021-12-01:2021-12-31
2021-12-31,DemaSIN,186399882.01,kWh,xm:servapibi,2026-09-22T19:16:36Z,xm/2021/12/DemaSIN_Sistema.2021-12-01.ndjson#DemaSIN:Sistema:2021-12-01:2021-12-31
2021-12-31,PorcApor,0.70356,fraction,xm:servapibi,2026-09-22T19:16:35Z,xm/2021/12/PorcApor_Sistema.2021-12-01.ndjson#PorcApor:Sistema:2021-12-01:2021-12-31
2021-12-31,PorcVoluUtilDiar,0.79052,fraction,xm:servapibi,2026-09-22T19:16:28Z,xm/2021/12/PorcVoluUtilDiar_Sistema.2021-12-01.ndjson#PorcVoluUtilDiar:Sistema:2021-12-01:2021-12-31
2021-12-31,PrecBolsNaci,297.4054,COP/kWh,xm:servapibi,2026-09-22T19:16:39Z,xm/2021/12/PrecBolsNaci_Sistema.2021-12-01.ndjson#PrecBolsNaci:Sistema:2021-12-01:2021-12-31
2021-12-31,PrecEscaAct,884.38014,COP/kWh,xm:servapibi,2026-09-22T19:16:37Z,xm/2021/12/PrecEscaAct_Sistema.2021-12-01.ndjson#PrecEscaAct:Sistema:2021-12-01:2021-12-31
2021-12-31,VoluUtilDiarEner,13308821700,kWh,xm:servapibi,2026-09-22T19:16:29Z,xm/2021/12/VoluUtilDiarEner_Sistema.2021-12-01.ndjson#VoluUtilDiarEner:Sistema:2021-12-01:2021-12-31
