date,metric,value,unit,source,fetched_at,raw_ref
2024-01-01,AporEner,113920600,kWh,xm:servapibi,2026-09-22T19:22:49Z,xm/2024/01/AporEner_Sistema.2024-01-01.ndjson#AporEner:Sistema:2024-01-01:2024-01-31
2024-01-01,AporEnerMediHist,140650000,kWh,xm:servapibi,2026-09-22T19:22:50Z,xm/2024/01/AporEnerMediHist_Sistema.2024-01-01.ndjson#AporEnerMediHist:Sistema:2024-01-01:2024-01-31
2024-01-01,CapaUtilDiarEner,17358910837,kWh,xm:servapibi,2026-09-22T19:22:48Z,xm/2024/01/CapaUtilDiarEner_Sistema.2024-01-01.ndjson#CapaUtilDiarEner:Sistema:2024-01-01:2024-01-31
2024-01-01,DemaSIN,176268815.03,kWh,xm:servapibi,2026-09-22T19:22:53Z,xm/2024/01/DemaSIN_Sistema.2024-01-01.ndjson#DemaSIN:Sistema:2024-01-01:2024-01-31
2024-01-01,PorcApor,0.80996,fraction,xm:servapibi,2026-09-22T19:22:51Z,xm/2024/01/PorcApor_Sistema.2024-01-01.ndjson#PorcApor:Sistema:2024-01-01:2024-01-31
2024-01-01,PorcVoluUtilDiar,0.70058,fraction,xm:servapibi,2026-09-22T19:22:45Z,xm/2024/01/PorcVoluUtilDiar_Sistema.2024-01-01.ndjson#PorcVoluUtilDiar:Sistema:2024-01-01:2024-01-31
2024-01-01,PrecBolsNaci,222.17681833333336,COP/kWh,xm:servapibi,2026-09-22T19:22:56Z,xm/2024/01/PrecBolsNaci_Sistema.2024-01-01.ndjson#PrecBolsNaci:Sistema:2024-01-01:2024-01-31
2024-01-01,PrecEscaAct,1045.08036,COP/kWh,xm:servapibi,2026-09-22T19:22:54Z,xm/2024/01/PrecEscaAct_Sistema.2024-01-01.ndjson#PrecEscaAct:Sistema:2024-01-01:2024-01-31
2024-01-01,VoluUtilDiarEner,12161276400,kWh,xm:servapibi,2026-09-22T19:22:46Z,xm/2024/01/VoluUtilDiarEner_Sistema.2024-01-01.ndjson#VoluUtilDiarEner:Sistema:2024-01-01:2024-01-31
2024-01-02,AporEner,107403100,kWh,xm:servapibi,2026-09-22T19:22:49Z,xm/2024/01/AporEner_Sistema.2024-01-01.ndjson#AporEner:Sistema:2024-01-01:2024-01-31
2024-01-02,AporEnerMediHist,140650000,kWh,xm:servapibi,2026-09-22T19:22:50Z,xm/2024/01/AporEnerMediHist_Sistema.2024-01-01.ndjson#AporEnerMediHist:Sistema:2024-01-01:2024-01-31
2024-01-02,CapaUtilDiarEner,17358910837,kWh,xm:servapibi,2026-09-22T19:22:48Z,xm/2024/01/CapaUtilDiarEner_Sistema.2024-01-01.ndjson#CapaUtilDiarEner:Sistema:2024-01-01:2024-01-31
2024-01-02,DemaSIN,203896156.39,kWh,xm:servapibi,2026-09-22T19:22:53Z,xm/2024/01/DemaSIN_Sistema.2024-01-01.ndjson#DemaSIN:Sistema:2024-01-01:2024-01-31
2024-01-02,PorcApor,0.76362,fraction,xm:servapibi,2026-09-22T19:22:51Z,xm/2024/01/PorcApor_Sistema.2024-01-01.ndjson#PorcApor:Sistema:2024-01-01:2024-01-31
2024-01-02,PorcVoluUtilDiar,0.69708,fraction,xm:servapibi,2026-09-22T19:22:45Z,xm/2024/01/PorcVoluUtilDiar_Sistema.2024-01-01.ndjson#PorcVoluUtilDiar:Sistema:2024-01-01:2024-01-31
2024-01-02,PrecBolsNaci,383.6379366666668,COP/kWh,xm:servapibi,2026-09-22T19:22:56Z,xm/2024/01/PrecBolsNaci_Sistema.2024-01-01.ndjson#PrecBolsNaci:Sistema:2024-01-01:2024-01-31
2024-01-02,PrecEscaAct,1045.08036,COP/kWh,xm:servapibi,2026-09-22T19:22:54Z,xm/2024/01/PrecEscaAct_Sistema.2024-01-01.ndjson#PrecEscaAct:Sistema:2024-01-01:2024-01-31
2024-01-02,VoluUtilDiarEner,12100516400,kWh,xm:servapibi,2026-09-22T19:22:46Z,xm/2024/01/VoluUtilDiarEner_Sistema.2024-01-01.ndjson#VoluUtilDiarEner:Sistema:2024-01-01:2024-01-31
2024-01-03,AporEner,104678600,kWh,xm:servapibi,2026-09-22T19:22:49Z,xm/2024/01/AporEner_Sistema.2024-01-01.ndjson#AporEner:Sistema:2024-01-01:2024-01-31
2024-01-03,AporEnerMediHist,140650000,kWh,xm:servapibi,2026-09-22T19:22:50Z,xm/2024/01/AporEnerMediHist_Sistema.2024-01-01.ndjson#AporEnerMediHist:Sistema:2024-01-01:2024-01-31
2024-01-03,CapaUtilDiarEner,17358910837,kWh,xm:servapibi,2026-09-22T19:22:48Z,xm/2024/01/CapaUtilDiarEner_Sistema.2024-01-01.ndjson#CapaUtilDiarEner:Sistema:2024-01-01:2024-01-31
2024-01-03,DemaSIN,214864759.5,kWh,xm:servapibi,2026-09-22T19:22:53Z,xm/2024/01/DemaSIN_Sistema.2024-01-01.ndjson#DemaSIN:Sistema:2024-01-01:2024-01-31
2024-01-03,PorcApor,0.74425,fraction,xm:servapibi,2026-09-22T19:22:51Z,xm/2024/01/PorcApor_Sistema.2024-01-01.ndjson#PorcApor:Sistema:2024-01-01:2024-01-31
2024-01-03,PorcVoluUtilDiar,0.69339,fraction,xm:servapibi,2026-09-22T19:22:45Z,xm/2024/01/PorcVoluUtilDiar_Sistema.2024-01-01.ndjson#PorcVoluUtilDiar:Sistema:2024-01-01:2024-01-31
2024-01-03,PrecBolsNaci,462.11323000000016,COP/kWh,xm:servapibi,2026-09-22T19:22:56Z,xm/2024/01/PrecBolsNaci_Sistema.2024-01-01.ndjson#PrecBolsNaci:Sistema:2024-01-01:2024-01-31
2024-01-03,PrecEscaAct,1045.08036,COP/kWh,xm:servapibi,2026-09-22T19:22:54Z,xm/2024/01/PrecEscaAct_Sistema.2024-01-01.ndjson#PrecEscaAct:Sistema:2024-01-01:2024-01-31
2024-01-03,VoluUtilDiarEner,12036493600,kWh,xm:servapibi,2026-09-22T19:22:46Z,xm/2024/01/VoluUtilDiarEner_Sistema.2024-01-01.ndjson#VoluUtilDiarEner:Sistema:2024-01-01:2024-01-31
2024-01-04,AporEner,96482900,kWh,xm:servapibi,2026-09-22T19:22:49Z,xm/2024/01/AporEner_Sistema.2024-01-01.ndjson#AporEner:Sistema:2024-01-01:2024-01-31
2024-01-04,AporEnerMediHist,140650000,kWh,xm:servapibi,2026-09-22T19:22:50Z,xm/2024/01/AporEnerMediHist_Sistema.2024-01-01.ndjson#AporEnerMediHist:Sistema:2024-01-01:2024-01-31
2024-01-04,CapaUtilDiarEner,17358910837,kWh,xm:servapibi,2026-09-22T19:22:48Z,xm/2024/01/CapaUtilDiarEner_Sistema.2024-01-01.ndjson#CapaUtilDiarEner:Sistema:2024-01-01:2024-01-31
2024-01-04,DemaSIN,219407971,kWh,xm:servapibi,2026-09-22T19:22:53Z,xm/2024/01/DemaSIN_Sistema.2024-01-01.ndjson#DemaSIN:Sistema:2024-01-01:2024-01-31
2024-01-04,PorcApor,0.68598,fraction,xm:servapibi,2026-09-22T19:22:51Z,xm/2024/01/PorcApor_Sistema.2024-01-01.ndjson#PorcApor:Sistema:2024-01-01:2024-01-31
2024-01-04,PorcVoluUtilDiar,0.68929,fraction,xm:servapibi,2026-09-22T19:22:45Z,xm/2024/01/PorcVoluUtilDiar_Sistema.2024-01-01.ndjson#PorcVoluUtilDiar:Sistema:2024-01-01:2024-01-31
2024-01-04,PrecBolsNaci,557.6555083333333,COP/kWh,xm:servapibi,2026-09-22T19:22:56Z,xm/2024/01/PrecBolsNaci_Sistema.2024-01-01.ndjson#PrecBolsNaci:Sistema:2024-01-01:2024-01-31
2024-01-04,PrecEscaAct,1045.08036,COP/kWh,xm:servapibi,2026-09-22T19:22:54Z,xm/2024/01/PrecEscaAct_Sistema.2024-01-01.ndjson#PrecEscaAct:Sistema:2024-01-01:2024-01-31
2024-01-04,VoluUtilDiarEner,11965384500,kWh,xm:servapibi,2026-09-22T19:22:46Z,xm/2024/01/VoluUtilDiarEner_Sistema.2024-01-01.ndjson#VoluUtilDiarEner:Sistema:2024-01-01:2024-01-31
2024-01-05,AporEner,94187500,kWh,xm:servapibi,2026-09-22T19:22:49Z,xm/2024/01/AporEner_Sistema.2024-01-01.ndjson#AporEner:Sistema:2024-01-01:2024-01-31
2024-01-05,AporEnerMediHist,140650000,kWh,xm:servapibi,2026-09-22T19:22:50Z,xm/2024/01/AporEnerMediHist_Sistema.2024-01-01.ndjson#AporEnerMediHist:Sistema:2024-01-01:2024-01-31
2024-01-05,CapaUtilDiarEner,17358910837,kWh,xm:servapibi,2026-09-22T19:22:48Z,xm/2024/01/CapaUtilDiarEner_Sistema.2024-01-01.ndjson#CapaUtilDiarEner:Sistema:2024-01-01:2024-01-31
2024-01-05,DemaSIN,221263435.49,kWh,xm:servapibi,2026-09-22T19:22:53Z,xm/2024/01/DemaSIN_Sistema.2024-01-01.ndjson#DemaSIN:Sistema:2024-01-01:2024-01-31
2024-01-05,PorcApor,0.66966,fraction,xm:servapibi,2026-09-22T19:22:51Z,xm/2024/01/PorcApor_Sistema.2024-01-01.ndjson#PorcApor:Sistema:2024-01-01:2024-01-31
2024-01-05,PorcVoluUtilDiar,0.68471,fraction,xm:servapibi,2026-09-22T19:22:45Z,xm/2024/01/PorcVoluUtilDiar_Sistema.2024-01-01.ndjson#PorcVoluUtilDiar:Sistema:2024-01-01:2024-01-31
2024-01-05,PrecBolsNaci,623.3724233333331,COP/kWh,xm:servapibi,2026-09-22T19:22:56Z,xm/2024/01/PrecBolsNaci_Sistema.2024-01-01.ndjson#PrecBolsNaci:Sistema:2024-01-01:2024-01-31
2024-01-05,PrecEscaAct,1045.08036,COP/kWh,xm:servapibi,2026-09-22T19:22:54Z,xm/2024/01/PrecEscaAct_Sistema.2024-01-01.ndjson#PrecEscaAct:Sistema:2024-01-01:2024-01-31
2024-01-05,VoluUtilDiarEner,11885861900,kWh,xm:servapibi,2026-09-22T19:22:46Z,xm/2024/01/VoluUtilDiarEner_Sistema.2024-01-01.ndjson#VoluUtilDiarEner:Sistema:2024-01-01:2024-01-31
2024-01-06,AporEner,92609600,kWh,xm:servapibi,2026-09-22T19:22:49Z,xm/2024/01/AporEner_Sistema.2024-01-01.ndjson#AporEner:Sistema:2024-01-01:2024-01-31
2024-01-06,AporEnerMediHist,140650000,kWh,xm:servapibi,2026-09-22T19:22:50Z,xm/2024/01/AporEnerMediHist_Sistema.2024-01-01.ndjson#AporEnerMediHist:Sistema:2024-01-01:2024-01-31
2024-01-06,CapaUtilDiarEner,17358910837,kWh,xm:servapibi,2026-09-22T19:22:48Z,xm/2024/01/CapaUtilDiarEner_Sistema.2024-01-01.ndjson#CapaUtilDiarEner:Sistema:2024-01-01:2024-01-31
2024-01-06,DemaSIN,211669045.88,kWh,xm:servapibi,2026-09-22T19:22:53Z,xm/2024/01/DemaSIN_Sistema.2024-01-01.ndjson#DemaSIN:Sistema:2024-01-01:2024-01-31
2024-01-06,PorcApor,0.65844,fraction,xm:servapibi,2026-09-22T19:22:51Z,xm/2024/01/PorcApor_Sistema.2024-01-01.ndjson#PorcApor:Sistema:2024-01-01:2024-01-31
2024-01-06,PorcVoluUtilDiar,0.68132,fraction,xm:servapibi,2026-09-22T19:22:45Z,xm/2024/01/PorcVoluUtilDiar_Sistema.2024-01-01.ndjson#PorcVoluUtilDiar:Sistema:2024-01-01:2024-01-31
2024-01-06,PrecBolsNaci,626.7461749999999,COP/kWh,xm:servapibi,2026-09-22T19:22:56Z,xm/2024/01/PrecBolsNaci_Sistema.2024-01-01.ndjson#PrecBolsNaci:Sistema:2024-01-01:2024-01-31
2024-01-06,PrecEscaAct,1045.08036,COP/kWh,xm:servapibi,2026-09-22T19:22:54Z,xm/2024/01/PrecEscaAct_Sistema.2024-01-01.ndjson#PrecEscaAct:Sistema:2024-01-01:2024-01-31
2024-01-06,VoluUtilDiarEner,11826911700,kWh,xm:servapibi,2026-09-22T19:22:46Z,xm/2024/01/VoluUtilDiarEner_Sistema.2024-01-01.ndjson#VoluUtilDiarEner:Sistema:2024-01-01:2024-01-31
2024-01-07,AporEner,84153800,kWh,xm:servapibi,2026-09-22T19:22:49Z,xm/2024/01/AporEner_Sistema.2024-01-01.ndjson#AporEner:Sistema:2024-01-01:2024-01-31
2024-01-07,AporEnerMediHist,140650000,kWh,xm:servapibi,2026-09-22T19:22:50Z,xm/2024/01/AporEnerMediHist_Sistema.2024-01-01.ndjson#AporEnerMediHist:Sistema:2024-01-01:2024-01-31
2024-01-07,CapaUtilDiarEner,17358910837,kWh,xm:servapibi,2026-09-22T19:22:48Z,xm/2024/01/CapaUtilDiarEner_Sistema.2024-01-01.ndjson#CapaUtilDiarEner:Sistema:2024-01-01:2024-01-31
2024-01-07,DemaSIN,196821462.33,kWh,xm:servapibi,2026-09-22T19:22:53Z,xm/2024/01/DemaSIN_Sistema.2024-01-01.ndjson#DemaSIN:Sistema:2024-01-01:2024-01-31
2024-01-07,PorcApor,0.59832,fraction,xm:servapibi,2026-09-22T19:22:51Z,xm/2024/01/PorcApor_Sistema.2024-01-01.ndjson#PorcApor:Sistema:2024-01-01:2024-01-31
2024-01-07,PorcVoluUtilDiar,0.67808,fraction,xm:servapibi,2026-09-22T19:22:45Z,xm/2024/01/PorcVoluUtilDiar_Sistema.2024-01-01.ndjson#PorcVoluUtilDiar:Sistema:2024-01-01:2024-01-31
2024-01-07,PrecBolsNaci,633.7977600000003,COP/kWh,xm:servapibi,2026-09-22T19:22:56Z,xm/2024/01/PrecBolsNaci_Sistema.2024-01-01.ndjson#PrecBolsNaci:Sistema:2024-01-01:2024-01-31
2024-01-07,PrecEscaAct,1045.08036,COP/kWh,xm:servapibi,2026-09-22T19:22:54Z,xm/2024/01/PrecEscaAct_Sistema.2024-01-01.ndjson#PrecEscaAct:Sistema:2024-01-01:2024-01-31
2024-01-07,VoluUtilDiarEner,11770679100,kWh,xm:servapibi,2026-09-22T19:22:46Z,xm/2024/01/VoluUtilDiarEner_Sistema.2024-01-01.ndjson#VoluUtilDiarEner:Sistema:2024-01-01:2024-01-31
2024-01-08,AporEner,79833100,kWh,xm:servapibi,2026-09-22T19:22:49Z,xm/2024/01/AporEner_Sistema.2024-01-01.ndjson#AporEner:Sistema:2024-01-01:2024-01-31
2024-01-08,AporEnerMediHist,140650000,kWh,xm:servapibi,2026-09-22T19:22:50Z,xm/2024/01/AporEnerMediHist_Sistema.2024-01-01.ndjson#AporEnerMediHist:Sistema:2024-01-01:2024-01-31
2024-01-08,CapaUtilDiarEner,17358910837,kWh,xm:servapibi,2026-09-22T19:22:48Z,xm/2024/01/CapaUtilDiarEner_Sistema.2024-01-01.ndjson#CapaUtilDiarEner:Sistema:2024-01-01:2024-01-31
2024-01-08,DemaSIN,200526057.82,kWh,xm:servapibi,2026-09-22T19:22:53Z,xm/2024/01/DemaSIN_Sistema.2024-01-01.ndjson#DemaSIN:Sistema:2024-01-01:2024-01-31
2024-01-08,PorcApor,0.5676,fraction,xm:servapibi,2026-09-22T19:22:51Z,xm/2024/01/PorcApor_Sistema.2024-01-01.ndjson#PorcApor:Sistema:2024-01-01:2024-01-31
2024-01-08,PorcVoluUtilDiar,0.67446,fraction,xm:servapibi,2026-09-22T19:22:45Z,xm/2024/01/PorcVoluUtilDiar_Sistema.2024-01-01.ndjson#PorcVoluUtilDiar:Sistema:2024-01-01:2024-01-31
2024-01-08,PrecBolsNaci,636.3026499999997,COP/kWh,xm:servapibi,2026-09-22T19:22:56Z,xm/2024/01/PrecBolsNaci_Sistema.2024-01-01.ndjson#PrecBolsNaci:Sistema:2024-01-01:2024-01-31
2024-01-08,PrecEscaAct,1045.08036,COP/kWh,xm:servapibi,2026-09-22T19:22:54Z,xm/2024/01/PrecEscaAct_Sistema.2024-01-01.ndjson#PrecEscaAct:Sistema:2024-01-01:2024-01-31
2024-01-08,VoluUtilDiarEner,11707966600,kWh,xm:servapibi,2026-09-22T19:22:46Z,xm/2024/01/VoluUtilDiarEner_Sistema.2024-01-01.ndjson#VoluUtilDiarEner:Sistema:2024-01-01:2024-01-31
2024-01-09,AporEner,77352000,kWh,xm:servapibi,2026-09-22T19:22:49Z,xm/2024/01/AporEner_Sistema.2024-01-01.ndjson#AporEner:Sistema:2024-01-01:2024-01-31
2024-01-09,AporEnerMediHist,140650000,kWh,xm:servapibi,2026-09-22T19:22:50Z,xm/2024/01/AporEnerMediHist_Sistema.2024-01-01.ndjson#AporEnerMediHist:Sistema:2024-01-01:2024-01-31
2024-01-09,CapaUtilDiarEner,17358910837,kWh,xm:servapibi,2026-09-22T19:22:48Z,xm/2024/01/CapaUtilDiarEner_Sistema.2024-01-01.ndjson#CapaUtilDiarEner:Sistema:2024-01-01:2024-01-31
2024-01-09,DemaSIN,223693219.66,kWh,xm:servapibi,2026-09-22T19:22:53Z,xm/2024/01/DemaSIN_Sistema.2024-01-01.ndjson#DemaSIN:Sistema:2024-01-01:2024-01-31
2024-01-09,PorcApor,0.54996,fraction,xm:servapibi,2026-09-22T19:22:51Z,xm/2024/01/PorcApor_Sistema.2024-01-01.ndjson#PorcApor:Sistema:2024-01-01:2024-01-31
2024-01-09,PorcVoluUtilDiar,0.66992,fraction,xm:servapibi,2026-09-22T19:22:45Z,xm/2024/01/PorcVoluUtilDiar_Sistema.2024-01-01.ndjson#PorcVoluUtilDiar:Sistema:2024-01-01:2024-01-31
2024-01-09,PrecBolsNaci,690.5733366666668,COP/kWh,xm:servapibi,2026-09-22T19:22:56Z,xm/2024/01/PrecBolsNaci_Sistema.2024-01-01.ndjson#PrecBolsNaci:Sistema:2024-01-01:2024-01-31
2024-01-09,PrecEscaAct,1045.08036,COP/kWh,xm:servapibi,2026-09-22T19:22:54Z,xm/2024/01/PrecEscaAct_Sistema.2024-01-01.ndjson#PrecEscaAct:Sistema:2024-01-01:2024-01-31
2024-01-09,VoluUtilDiarEner,11629150900,kWh,xm:servapibi,2026-09-22T19:22:46Z,xm/2024/01/VoluUtilDiarEner_Sistema.2024-01-01.ndjson#VoluUtilDiarEner:Sistema:2024-01-01:2024-01-31
2024-01-10,AporEner,80227200,kWh,xm:servapibi,2026-09-22T19:22:49Z,xm/2024/01/AporEner_Sistema.2024-01-01.ndjson#AporEner:Sistema:2024-01-01:2024-01-31
2024-01-10,AporEnerMediHist,140650000,kWh,xm:servapibi,2026-09-22T19:22:50Z,xm/2024/01/AporEnerMediHist_Sistema.2024-01-01.ndjson#AporEnerMediHist:Sistema:2024-01-01:2024-01-31
2024-01-10,CapaUtilDiarEner,17358910837,kWh,xm:servapibi,2026-09-22T19:22:48Z,xm/2024/01/CapaUtilDiarEner_Sistema.2024-01-01.ndjson#CapaUtilDiarEner:Sistema:2024-01-01:2024-01-31
2024-01-10,DemaSIN,229886158.11,kWh,xm:servapibi,2026-09-22T19:22:53Z,xm/2024/01/DemaSIN_Sistema.2024-01-01.ndjson#DemaSIN:Sistema:2024-01-01:2024-01-31
2024-01-10,PorcApor,0.5704,fraction,xm:servapibi,2026-09-22T19:22:51Z,xm/2024/01/PorcApor_Sistema.2024-01-01.ndjson#PorcApor:Sistema:2024-01-01:2024-01-31
2024-01-10,PorcVoluUtilDiar,0.66576,fraction,xm:servapibi,2026-09-22T19:22:45Z,xm/2024/01/PorcVoluUtilDiar_Sistema.2024-01-01.ndjson#PorcVoluUtilDiar:Sistema:2024-01-01:2024-01-31
2024-01-10,PrecBolsNaci,664.4876833333336,COP/kWh,xm:servapibi,2026-09-22T19:22:56Z,xm/2024/01/PrecBolsNaci_Sistema.2024-01-01.ndjson#PrecBolsNaci:Sistema:2024-01-01:2024-01-31
2024-01-10,PrecEscaAct,1045.08036,COP/kWh,xm:servapibi,2026-09-22T19:22:54Z,xm/2024/01/PrecEscaAct_Sistema.2024-01-01.ndjson#PrecEscaAct:Sistema:2024-01-01:2024-01-31
2024-01-10,VoluUtilDiarEner,11556859700,kWh,xm:servapibi,2026-09-22T19:22:46Z,xm/2024/01/VoluUtilDiarEner_Sistema.2024-01-01.ndjson#VoluUtilDiarEner:Sistema:2024-01-01:2024-01-31
2024-01-11,AporEner,79487900,kWh,xm:servapibi,2026-09-22T19:22:49Z,xm/2024/01/AporEner_Sistema.2024-01-01.ndjson#AporEner:Sistema:2024-01-01:2024-01-31
2024-01-11,AporEnerMediHist,140650000,kWh,xm:servapibi,2026-09-22T19:22:50Z,xm/2024/01/AporEnerMediHist_Sistema.2024-01-01.ndjson#AporEnerMediHist:Sistema:2024-01-01:2024-01-31
2024-01-11,CapaUtilDiarEner,17358910837,kWh,xm:servapibi,2026-09-22T19:22:48Z,xm/2024/01/CapaUtilDiarEner_Sistema.2024-01-01.ndjson#CapaUtilDiarEner:Sistema:2024-01-01:2024-01-31
2024-01-11,DemaSIN,232204648.52,kWh,xm:servapibi,2026-09-22T19:22:53Z,xm/2024/01/DemaSIN_Sistema.2024-01-01.ndjson#DemaSIN:Sistema:2024-01-01:2024-01-31
2024-01-11,PorcApor,0.56515,fraction,xm:servapibi,2026-09-22T19:22:51Z,xm/2024/01/PorcApor_Sistema.2024-01-01.ndjson#PorcApor:Sistema:2024-01-01:2024-01-31
2024-01-11,PorcVoluUtilDiar,0.66071,fraction,xm:servapibi,2026-09-22T19:22:45Z,xm/2024/01/PorcVoluUtilDiar_Sistema.2024-01-01.ndjson#PorcVoluUtilDiar:Sistema:2024-01-01:2024-01-31
2024-01-11,PrecBolsNaci,686.1172333333335,COP/kWh,xm:servapibi,2026-09-22T19:22:56Z,xm/2024/01/PrecBolsNaci_Sistema.2024-01-01.ndjson#PrecBolsNaci:Sistema:2024-01-01:2024-01-31
2024-01-11,PrecEscaAct,1045.08036,COP/kWh,xm:servapibi,2026-09-22T19:22:54Z,xm/2024/01/PrecEscaAct_Sistema.2024-01-01.ndjson#PrecEscaAct:Sistema:2024-01-01:2024-01-31
2024-01-11,VoluUtilDiarEner,11469236200,kWh,xm:servapibi,2026-09-22T19:22:46Z,xm/2024/01/VoluUtilDiarEner_Sistema.2024-01-01.ndjson#VoluUtilDiarEner:Sistema:2024-01-01:2024-01-31
2024-01-12,AporEner,84475700,kWh,xm:servapibi,2026-09-22T19:22:49Z,xm/2024/01/AporEner_Sistema.2024-01-01.ndjson#AporEner:Sistema:2024-01-01:2024-01-31
2024-01-12,AporEnerMediHist,140650000,kWh,xm:servapibi,2026-09-22T19:22:50Z,xm/2024/01/AporEnerMediHist_Sistema.2024-01-01.ndjson#AporEnerMediHist:Sistema:2024-01-01:2024-01-31
2024-01-12,CapaUtilDiarEner,17358910837,kWh,xm:servapibi,2026-09-22T19:22:48Z,xm/2024/01/CapaUtilDiarEner_Sistema.2024-01-01.ndjson#CapaUtilDiarEner:Sistema:2024-01-01:2024-01-31
2024-01-12,DemaSIN,233466707.7,kWh,xm:servapibi,2026-09-22T19:22:53Z,xm/2024/01/DemaSIN_Sistema.2024-01-01.ndjson#DemaSIN:Sistema:2024-01-01:2024-01-31
2024-01-12,PorcApor,0.60061,fraction,xm:servapibi,2026-09-22T19:22:51Z,xm/2024/01/PorcApor_Sistema.2024-01-01.ndjson#PorcApor:Sistema:2024-01-01:2024-01-31
2024-01-12,PorcVoluUtilDiar,0.65657,fraction,xm:servapibi,2026-09-22T19:22:45Z,xm/2024/01/PorcVoluUtilDiar_Sistema.2024-01-01.ndjson#PorcVoluUtilDiar:Sistema:2024-01-01:2024-01-31
2024-01-12,PrecBolsNaci,665.2990233333336,COP/kWh,xm:servapibi,2026-09-22T19:22:56Z,xm/2024/01/PrecBolsNaci_Sistema.2024-01-01.ndjson#PrecBolsNaci:Sistema:2024-01-01:2024-01-31
2024-01-12,PrecEscaAct,1045.08036,COP/kWh,xm:servapibi,2026-09-22T19:22:54Z,xm/2024/01/PrecEscaAct_Sistema.2024-01-01.ndjson#PrecEscaAct:Sistema:2024-01-01:2024-01-31
2024-01-12,VoluUtilDiarEner,11397426000,kWh,xm:servapibi,2026-09-22T19:22:46Z,xm/2024/01/VoluUtilDiarEner_Sistema.2024-01-01.ndjson#VoluUtilDiarEner:Sistema:2024-01-01:2024-01-31
2024-01-13,AporEner,81639300,kWh,xm:servapibi,2026-09-22T19:22:49Z,xm/2024/01/AporEner_Sistema.2024-01-01.ndjson#AporEner:Sistema:2024-01-01:2024-01-31
2024-01-13,AporEnerMediHist,140650000,kWh,xm:servapibi,2026-09-22T19:22:50Z,xm/2024/01/AporEnerMediHist_Sistema.2024-01-01.ndjson#AporEnerMediHist:Sistema:2024-01-01:2024-01-31
2024-01-13,CapaUtilDiarEner,17358910837,kWh,xm:servapibi,2026-09-22T19:22:48Z,xm/2024/01/CapaUtilDiarEner_Sistema.2024-01-01.ndjson#CapaUtilDiarEner:Sistema:2024-01-01:2024-01-31
2024-01-13,DemaSIN,221761563.05,kWh,xm:servapibi,2026-09-22T19:22:53Z,xm/2024/01/DemaSIN_Sistema.2024-01-01.ndjson#DemaSIN:Sistema:2024-01-01:2024-01-31
2024-01-13,PorcApor,0.58044,fraction,xm:servapibi,2026-09-22T19:22:51Z,xm/2024/01/PorcApor_Sistema.2024-01-01.ndjson#PorcApor:Sistema:2024-01-01:2024-01-31
2024-01-13,PorcVoluUtilDiar,0.65372,fraction,xm:servapibi,2026-09-22T19:22:45Z,xm/2024/01/PorcVoluUtilDiar_Sistema.2024-01-01.ndjson#PorcVoluUtilDiar:Sistema:2024-01-01:2024-01-31
2024-01-13,PrecBolsNaci,646.1196366666666,COP/kWh,xm:servapibi,2026-09-22T19:22:56Z,xm/2024/01/PrecBolsNaci_Sistema.2024-01-01.ndjson#PrecBolsNaci:Sistema:2024-01-01:2024-01-31
2024-01-13,PrecEscaAct,1045.08036,COP/kWh,xm:servapibi,2026-09-22T19:22:54Z,xm/2024/01/PrecEscaAct_Sistema.2024-01-01.ndjson#PrecEscaAct:Sistema:2024-01-01:2024-01-31
2024-01-13,VoluUtilDiarEner,11347837100,kWh,xm:servapibi,2026-09-22T19:22:46Z,xm/2024/01/VoluUtilDiarEner_Sistema.2024-01-01.ndjson#VoluUtilDiarEner:Sistema:2024-01-01:2024-01-31
2024-01-14,AporEner,75214400,kWh,xm:servapibi,2026-09-22T19:22:49Z,xm/2024/01/AporEner_Sistema.2024-01-01.ndjson#AporEner:Sistema:2024-01-01:2024-01-31
2024-01-14,AporEnerMediHist,140650000,kWh,xm:servapibi,2026-09-22T19:22:50Z,xm/2024/01/AporEnerMediHist_Sistema.2024-01-01.ndjson#AporEnerMediHist:Sistema:2024-01-01:2024-01-31
2024-01-14,CapaUtilDiarEner,17358910837,kWh,xm:servapibi,2026-09-22T19:22:48Z,xm/2024/01/CapaUtilDiarEner_Sistema.2024-01-01.ndjson#CapaUtilDiarEner:Sistema:2024-01-01:2024-01-31
2024-01-14,DemaSIN,202796662.12,kWh,xm:servapibi,2026-09-22T19:22:53Z,xm/2024/01/DemaSIN_Sistema.2024-01-01.ndjson#DemaSIN:Sistema:2024-01-01:2024-01-31
2024-01-14,PorcApor,0.53476,fraction,xm:servapibi,2026-09-22T19:22:51Z,xm/2024/01/PorcApor_Sistema.2024-01-01.ndjson#PorcApor:Sistema:2024-01-01:2024-01-31
2024-01-14,PorcVoluUtilDiar,0.65184,fraction,xm:servapibi,2026-09-22T19:22:45Z,xm/2024/01/PorcVoluUtilDiar_Sistema.2024-01-01.ndjson#PorcVoluUtilDiar:Sistema:2024-01-01:2024-01-31
2024-01-14,PrecBolsNaci,613.16429,COP/kWh,xm:servapibi,2026-09-22T19:22:56Z,xm/2024/01/PrecBolsNaci_Sistema.2024-01-01.ndjson#PrecBolsNaci:Sistema:2024-01-01:2024-01-31
2024-01-14,PrecEscaAct,1045.08036,COP/kWh,xm:servapibi,2026-09-22T19:22:54Z,xm/2024/01/PrecEscaAct_Sistema.2024-01-01.ndjson#PrecEscaAct:Sistema:2024-01-01:2024-01-31
2024-01-14,VoluUtilDiarEner,11315290800,kWh,xm:servapibi,2026-09-22T19:22:46Z,xm/2024/01/VoluUtilDiarEner_Sistema.2024-01-01.ndjson#VoluUtilDiarEner:Sistema:2024-01-01:2024-01-31
2024-01-15,AporEner,72792900,kWh,xm:servapibi,2026-09-22T19:22:49Z,xm/2024/01/AporEner_Sistema.2024-01-01.ndjson#AporEner:Sistema:2024-01-01:2024-01-31
2024-01-15,AporEnerMediHist,140650000,kWh,xm:servapibi,2026-09-22T19:22:50Z,xm/2024/01/AporEnerMediHist_Sistema.2024-01-01.ndjson#AporEnerMediHist:Sistema:2024-01-01:2024-01-31
2024-01-15,CapaUtilDiarEner,17358910837,kWh,xm:servapibi,2026-09-22T19:22:48Z,xm/2024/01/CapaUtilDiarEner_Sistema.2024-01-01.ndjson#CapaUtilDiarEner:Sistema:2024-01-01:2024-01-31
2024-01-15,DemaSIN,230238563.14,kWh,xm:servapibi,2026-09-22T19:22:53Z,xm/2024/01/DemaSIN_Sistema.2024-01-01.ndjson#DemaSIN:Sistema:2024-01-01:2024-01-31
2024-01-15,PorcApor,0.51755,fraction,xm:servapibi,2026-09-22T19:22:51Z,xm/2024/01/PorcApor_Sistema.2024-01-01.ndjson#PorcApor:Sistema:2024-01-01:2024-01-31
2024-01-15,PorcVoluUtilDiar,0.64775,fraction,xm:servapibi,2026-09-22T19:22:45Z,xm/2024/01/PorcVoluUtilDiar_Sistema.2024-01-01.ndjson#PorcVoluUtilDiar:Sistema:2024-01-01:2024-01-31
2024-01-15,PrecBolsNaci,613.9532183333337,COP/kWh,xm:servapibi,2026-09-22T19:22:56Z,xm/2024/01/PrecBolsNaci_Sistema.2024-01-01.ndjson#PrecBolsNaci:Sistema:2024-01-01:2024-01-31
2024-01-15,PrecEscaAct,1045.08036,COP/kWh,xm:servapibi,2026-09-22T19:22:54Z,xm/2024/01/PrecEscaAct_Sistema.2024-01-01.ndjson#PrecEscaAct:Sistema:2024-01-01:2024-01-31
2024-01-15,VoluUtilDiarEner,11244267700,kWh,xm:servapibi,2026-09-22T19:22:46Z,xm/2024/01/VoluUtilDiarEner_Sistema.2024-01-01.ndjson#VoluUtilDiarEner:Sistema:2024-01-01:2024-01-31
2024-01-16,AporEner,71404900,kWh,xm:servapibi,2026-09-22T19:22:49Z,xm/2024/01/AporEner_Sistema.2024-01-01.ndjson#AporEner:Sistema:2024-01-01:2024-01-31
2024-01-16,AporEnerMediHist,140650000,kWh,xm:servapibi,2026-09-22T19:22:50Z,xm/2024/01/AporEnerMediHist_Sistema.2024-01-01.ndjson#AporEnerMediHist:Sistema:2024-01-01:2024-01-31
2024-01-16,CapaUtilDiarEner,17358910837,kWh,xm:servapibi,2026-09-22T19:22:48Z,xm/2024/01/CapaUtilDiarEner_Sistema.2024-01-01.ndjson#CapaUtilDiarEner:Sistema:2024-01-01:2024-01-31
2024-01-16,DemaSIN,233566232.27,kWh,xm:servapibi,2026-09-22T19:22:53Z,xm/2024/01/DemaSIN_Sistema.2024-01-01.ndjson#DemaSIN:Sistema:2024-01-01:2024-01-31
2024-01-16,PorcApor,0.50768,fraction,xm:servapibi,2026-09-22T19:22:51Z,xm/2024/01/PorcApor_Sistema.2024-01-01.ndjson#PorcApor:Sistema:2024-01-01:2024-01-31
2024-01-16,PorcVoluUtilDiar,0.64305,fraction,xm:servapibi,2026-09-22T19:22:45Z,xm/2024/01/PorcVoluUtilDiar_Sistema.2024-01-01.ndjson#PorcVoluUtilDiar:Sistema:2024-01-01:2024-01-31
2024-01-16,PrecBolsNaci,609.1802316666665,COP/kWh,xm:servapibi,2026-09-22T19:22:56Z,xm/2024/01/PrecBolsNaci_Sistema.2024-01-01.ndjson#PrecBolsNaci:Sistema:2024-01-01:2024-01-31
2024-01-16,PrecEscaAct,1045.08036,COP/kWh,xm:servapibi,2026-09-22T19:22:54Z,xm/2024/01/PrecEscaAct_Sistema.2024-01-01.ndjson#PrecEscaAct:Sistema:2024-01-01:2024-01-31
2024-01-16,VoluUtilDiarEner,11162669900,kWh,xm:servapibi,2026-09-22T19:22:46Z,xm/2024/01/VoluUtilDiarEner_Sistema.2024-01-01.ndjson#VoluUtilDiarEner:Sistema:2024-01-01:2024-01-31
2024-01-17,AporEner,69511700,kWh,xm:servapibi,2026-09-22T19:22:49Z,xm/2024/01/AporEner_Sistema.2024-01-01.ndjson#AporEner:Sistema:2024-01-01:2024-01-31
2024-01-17,AporEnerMediHist,140650000,kWh,xm:servapibi,2026-09-22T19:22:50Z,xm/2024/01/AporEnerMediHist_Sistema.2024-01-01.ndjson#AporEnerMediHist:Sistema:2024-01-01:2024-01-31
2024-01-17,CapaUtilDiarEner,17358910837,kWh,xm:servapibi,2026-09-22T19:22:48Z,xm/2024/01/CapaUtilDiarEner_Sistema.2024-01-01.ndjson#CapaUtilDiarEner:Sistema:2024-01-01:2024-01-31
2024-01-17,DemaSIN,235347351.12,kWh,xm:servapibi,2026-09-22T19:22:53Z,xm/2024/01/DemaSIN_Sistema.2024-01-01.ndjson#DemaSIN:Sistema:2024-01-01:2024-01-31
2024-01-17,PorcApor,0.49422,fraction,xm:servapibi,2026-09-22T19:22:51Z,xm/2024/01/PorcApor_Sistema.2024-01-01.ndjson#PorcApor:Sistema:2024-01-01:2024-01-31
2024-01-17,PorcVoluUtilDiar,0.63738,fraction,xm:servapibi,2026-09-22T19:22:45Z,xm/2024/01/PorcVoluUtilDiar_Sistema.2024-01-01.ndjson#PorcVoluUtilDiar:Sistema:2024-01-01:2024-01-31
2024-01-17,PrecBolsNaci,588.1735116666666,COP/kWh,xm:servapibi,2026-09-22T19:22:56Z,xm/2024/01/PrecBolsNaci_Sistema.2024-01-01.ndjson#PrecBolsNaci:Sistema:2024-01-01:2024-01-31
2024-01-17,PrecEscaAct,1045.08036,COP/kWh,xm:servapibi,2026-09-22T19:22:54Z,xm/2024/01/PrecEscaAct_Sistema.2024-01-01.ndjson#PrecEscaAct:Sistema:2024-01-01:2024-01-31
2024-01-17,VoluUtilDiarEner,11064141400,kWh,xm:servapibi,2026-09-22T19:22:46Z,xm/2024/01/VoluUtilDiarEner_Sistema.2024-01-01.ndjson#VoluUtilDiarEner:Sistema:2024-01-01:2024-01-31
2024-01-18,AporEner,65270100,kWh,xm:servapibi,2026-09-22T19:22:49Z,xm/2024/01/AporEner_Sistema.2024-01-01.ndjson#AporEner:Sistema:2024-01-01:2024-01-31
2024-01-18,AporEnerMediHist,140650000,kWh,xm:servapibi,2026-09-22T19:22:50Z,xm/2024/01/AporEnerMediHist_Sistema.2024-01-01.ndjson#AporEnerMediHist:Sistema:2024-01-01:2024-01-31
2024-01-18,CapaUtilDiarEner,17358910837,kWh,xm:servapibi,2026-09-22T19:22:48Z,xm/2024/01/CapaUtilDiarEner_Sistema.2024-01-01.ndjson#CapaUtilDiarEner:Sistema:2024-01-01:2024-01-31
2024-01-18,DemaSIN,235516542.96,kWh,xm:servapibi,2026-09-22T19:22:53Z,xm/2024/01/DemaSIN_Sistema.2024-01-01.ndjson#DemaSIN:Sistema:2024-01-01:2024-01-31
2024-01-18,PorcApor,0.46406,fraction,xm:servapibi,2026-09-22T19:22:51Z,xm/2024/01/PorcApor_Sistema.2024-01-01.ndjson#PorcApor:Sistema:2024-01-01:2024-01-31
2024-01-18,PorcVoluUtilDiar,0.63121,fraction,xm:servapibi,2026-09-22T19:22:45Z,xm/2024/01/PorcVoluUtilDiar_Sistema.2024-01-01.ndjson#PorcVoluUtilDiar:Sistema:2024-01-01:2024-01-31
2024-01-18,PrecBolsNaci,552.3515100000003,COP/kWh,xm:servapibi,2026-09-22T19:22:56Z,xm/2024/01/PrecBolsNaci_Sistema.2024-01-01.ndjson#PrecBolsNaci:Sistema:2024-01-01:2024-01-31
2024-01-18,PrecEscaAct,1045.08036,COP/kWh,xm:servapibi,2026-09-22T19:22:54Z,xm/2024/01/PrecEscaAct_Sistema.2024-01-01.ndjson#PrecEscaAct:Sistema:2024-01-01:2024-01-31
2024-01-18,VoluUtilDiarEner,10957117100,kWh,xm:servapibi,2026-09-22T19:22:46Z,xm/2024/01/VoluUtilDiarEner_Sistema.2024-01-01.ndjson#VoluUtilDiarEner:Sistema:2024-01-01:2024-01-31
2024-01-19,AporEner,65073200,kWh,xm:servapibi,2026-09-22T19:22:49Z,xm/2024/01/AporEner_Sistema.2024-01-01.ndjson#AporEner:Sistema:2024-01-01:2024-01-31
2024-01-19,AporEnerMediHist,140650000,kWh,xm:servapibi,2026-09-22T19:22:50Z,xm/2024/01/AporEnerMediHist_Sistema.2024-01-01.ndjson#AporEnerMediHist:Sistema:2024-01-01:2024-01-31
2024-01-19,CapaUtilDiarEner,17358910837,kWh,xm:servapibi,2026-09-22T19:22:48Z,xm/2024/01/CapaUtilDiarEner_Sistema.2024-01-01.ndjson#CapaUtilDiarEner:Sistema:2024-01-01:2024-01-31
2024-01-19,DemaSIN,236210358.82,kWh,xm:servapibi,2026-09-22T19:22:53Z,xm/2024/01/DemaSIN_Sistema.2024-01-01.ndjson#DemaSIN:Sistema:2024-01-01:2024-01-31
2024-01-19,PorcApor,0.46266,fraction,xm:servapibi,2026-09-22T19:22:51Z,xm/2024/01/PorcApor_Sistema.2024-01-01.ndjson#PorcApor:Sistema:2024-01-01:2024-01-31
2024-01-19,PorcVoluUtilDiar,0.6249,fraction,xm:servapibi,2026-09-22T19:22:45Z,xm/2024/01/PorcVoluUtilDiar_Sistema.2024-01-01.ndjson#PorcVoluUtilDiar:Sistema:2024-01-01:2024-01-31
2024-01-19,PrecBolsNaci,540.6734666666665,COP/kWh,xm:servapibi,2026-09-22T19:22:56Z,xm/2024/01/PrecBolsNaci_Sistema.2024-01-01.ndjson#PrecBolsNaci:Sistema:2024-01-01:2024-01-31
2024-01-19,PrecEscaAct,1045.08036,COP/kWh,xm:servapibi,2026-09-22T19:22:54Z,xm/2024/01/PrecEscaAct_Sistema.2024-01-01.ndjson#PrecEscaAct:Sistema:2024-01-01:2024-01-31
2024-01-19,VoluUtilDiarEner,10847538900,kWh,xm:servapibi,2026-09-22T19:22:46Z,xm/2024/01/VoluUtilDiarEner_Sistema.2024-01-01.ndjson#VoluUtilDiarEner:Sistema:2024-01-01:2024-01-31
2024-01-20,AporEner,63207400,kWh,xm:servapibi,2026-09-22T19:22:49Z,xm/2024/01/AporEner_Sistema.2024-01-01.ndjson#AporEner:Sistema:2024-01-01:2024-01-31
2024-01-20,AporEnerMediHist,140650000,kWh,xm:servapibi,2026-09-22T19:22:50Z,xm/2024/01/AporEnerMediHist_Sistema.2024-01-01.ndjson#AporEnerMediHist:Sistema:2024-01-01:2024-01-31
2024-01-20,CapaUtilDiarEner,17358910837,kWh,xm:servapibi,2026-09-22T19:22:48Z,xm/2024/01/CapaUtilDiarEner_Sistema.2024-01-01.ndjson#CapaUtilDiarEner:Sistema:2024-01-01:2024-01-31
2024-01-20,DemaSIN,225580319.27,kWh,xm:servapibi,2026-09-22T19:22:53Z,xm/2024/01/DemaSIN_Sistema.2024-01-01.ndjson#DemaSIN:Sistema:2024-01-01:2024-01-31
2024-01-20,PorcApor,0.44939,fraction,xm:servapibi,2026-09-22T19:22:51Z,xm/2024/01/PorcApor_Sistema.2024-01-01.ndjson#PorcApor:Sistema:2024-01-01:2024-01-31
2024-01-20,PorcVoluUtilDiar,0.62008,fraction,xm:servapibi,2026-09-22T19:22:45Z,xm/2024/01/PorcVoluUtilDiar_Sistema.2024-01-01.ndjson#PorcVoluUtilDiar:Sistema:2024-01-01:2024-01-31
2024-01-20,PrecBolsNaci,525.89048,COP/kWh,xm:servapibi,2026-09-22T19:22:56Z,xm/2024/01/PrecBolsNaci_Sistema.2024-01-01.ndjson#PrecBolsNaci:Sistema:2024-01-01:2024-01-31
2024-01-20,PrecEscaAct,1045.08036,COP/kWh,xm:servapibi,2026-09-22T19:22:54Z,xm/2024/01/PrecEscaAct_Sistema.2024-01-01.ndjson#PrecEscaAct:Sistema:2024-01-01:2024-01-31
2024-01-20,VoluUtilDiarEner,10763902800,kWh,xm:servapibi,2026-09-22T19:22:46Z,xm/2024/01/VoluUtilDiarEner_Sistema.2024-01-01.ndjson#VoluUtilDiarEner:Sistema:2024-01-01:2024-01-31
2024-01-21,AporEner,64040000,kWh,xm:servapibi,2026-09-22T19:22:49Z,xm/2024/01/AporEner_Sistema.2024-01-01.ndjson#AporEner:Sistema:2024-01-01:2024-01-31
2024-01-21,AporEnerMediHist,140650000,kWh,xm:servapibi,2026-09-22T19:22:50Z,xm/2024/01/AporEnerMediHist_Sistema.2024-01-01.ndjson#AporEnerMediHist:Sistema:2024-01-01:2024-01-31
2024-01-21,CapaUtilDiarEner,17358910837,kWh,xm:servapibi,2026-09-22T19:22:48Z,xm/2024/01/CapaUtilDiarEner_Sistema.2024-01-01.ndjson#CapaUtilDiarEner:Sistema:2024-01-01:2024-01-31
2024-01-21,DemaSIN,205741318.17,kWh,xm:servapibi,2026-09-22T19:22:53Z,xm/2024/01/DemaSIN_Sistema.2024-01-01.ndjson#DemaSIN:Sistema:2024-01-01:2024-01-31
2024-01-21,PorcApor,0.45531,fraction,xm:servapibi,2026-09-22T19:22:51Z,xm/2024/01/PorcApor_Sistema.2024-01-01.ndjson#PorcApor:Sistema:2024-01-01:2024-01-31
2024-01-21,PorcVoluUtilDiar,0.61597,fraction,xm:servapibi,2026-09-22T19:22:45Z,xm/2024/01/PorcVoluUtilDiar_Sistema.2024-01-01.ndjson#PorcVoluUtilDiar:Sistema:2024-01-01:2024-01-31
2024-01-21,PrecBolsNaci,502.8853766666667,COP/kWh,xm:servapibi,2026-09-22T19:22:56Z,xm/2024/01/PrecBolsNaci_Sistema.2024-01-01.ndjson#PrecBolsNaci:Sistema:2024-01-01:2024-01-31
2024-01-21,PrecEscaAct,1045.08036,COP/kWh,xm:servapibi,2026-09-22T19:22:54Z,xm/2024/01/PrecEscaAct_Sistema.2024-01-01.ndjson#PrecEscaAct:Sistema:2024-01-01:2024-01-31
2024-01-21,VoluUtilDiarEner,10692521900,kWh,xm:servapibi,2026-09-22T19:22:46Z,xm/2024/01/VoluUtilDiarEner_Sistema.2024-01-01.ndjson#VoluUtilDiarEner:Sistema:2024-01-01:2024-01-31
2024-01-22,AporEner,65258500,kWh,xm:servapibi,2026-09-22T19:22:49Z,xm/2024/01/AporEner_Sistema.2024-01-01.ndjson#AporEner:Sistema:2024-01-01:2024-01-31
2024-01-22,AporEnerMediHist,140650000,kWh,xm:servapibi,2026-09-22T19:22:50Z,xm/2024/01/AporEnerMediHist_Sistema.2024-01-01.ndjson#AporEnerMediHist:Sistema:2024-01-01:2024-01-31
2024-01-22,CapaUtilDiarEner,17358910837,kWh,xm:servapibi,2026-09-22T19:22:48Z,xm/2024/01/CapaUtilDiarEner_Sistema.2024-01-01.ndjson#CapaUtilDiarEner:Sistema:2024-01-01:2024-01-31
2024-01-22,DemaSIN,230957712.83,kWh,xm:servapibi,2026-09-22T19:22:53Z,xm/2024/01/DemaSIN_Sistema.2024-01-01.ndjson#DemaSIN:Sistema:2024-01-01:2024-01-31
2024-01-22,PorcApor,0.46398,fraction,xm:servapibi,2026-09-22T19:22:51Z,xm/2024/01/PorcApor_Sistema.2024-01-01.ndjson#PorcApor:Sistema:2024-01-01:2024-01-31
2024-01-22,PorcVoluUtilDiar,0.61118,fraction,xm:servapibi,2026-09-22T19:22:45Z,xm/2024/01/PorcVoluUtilDiar_Sistema.2024-01-01.ndjson#PorcVoluUtilDiar:Sistema:2024-01-01:2024-01-31
2024-01-22,PrecBolsNaci,502.4304699999998,COP/kWh,xm:servapibi,2026-09-22T19:22:56Z,xm/2024/01/PrecBolsNaci_Sistema.2024-01-01.ndjson#PrecBolsNaci:Sistema:2024-01-01:2024-01-31
2024-01-22,PrecEscaAct,1045.08036,COP/kWh,xm:servapibi,2026-09-22T19:22:54Z,xm/2024/01/PrecEscaAct_Sistema.2024-01-01.ndjson#PrecEscaAct:Sistema:2024-01-01:2024-01-31
2024-01-22,VoluUtilDiarEner,10609356600,kWh,xm:servapibi,2026-09-22T19:22:46Z,xm/2024/01/VoluUtilDiarEner_Sistema.2024-01-01.ndjson#VoluUtilDiarEner:Sistema:2024-01-01:2024-01-31
2024-01-23,AporEner,63341800,kWh,xm:servapibi,2026-09-22T19:22:49Z,xm/2024/01/AporEner_Sistema.2024-01-01.ndjson#AporEner:Sistema:2024-01-01:2024-01-31
2024-01-23,AporEnerMediHist,140650000,kWh,xm:servapibi,2026-09-22T19:22:50Z,xm/2024/01/AporEnerMediHist_Sistema.2024-01-01.ndjson#AporEnerMediHist:Sistema:2024-01-01:2024-01-31
2024-01-23,CapaUtilDiarEner,17358910837,kWh,xm:servapibi,2026-09-22T19:22:48Z,xm/2024/01/CapaUtilDiarEner_Sistema.2024-01-01.ndjson#CapaUtilDiarEner:Sistema:2024-01-01:2024-01-31
2024-01-23,DemaSIN,234950058.69,kWh,xm:servapibi,2026-09-22T19:22:53Z,xm/2024/01/DemaSIN_Sistema.2024-01-01.ndjson#DemaSIN:Sistema:2024-01-01:2024-01-31
2024-01-23,PorcApor,0.45035,fraction,xm:servapibi,2026-09-22T19:22:51Z,xm/2024/01/PorcApor_Sistema.2024-01-01.ndjson#PorcApor:Sistema:2024-01-01:2024-01-31
2024-01-23,PorcVoluUtilDiar,0.60603,fraction,xm:servapibi,2026-09-22T19:22:45Z,xm/2024/01/PorcVoluUtilDiar_Sistema.2024-01-01.ndjson#PorcVoluUtilDiar:Sistema:2024-01-01:2024-01-31
2024-01-23,PrecBolsNaci,494.4535416666667,COP/kWh,xm:servapibi,2026-09-22T19:22:56Z,xm/2024/01/PrecBolsNaci_Sistema.2024-01-01.ndjson#PrecBolsNaci:Sistema:2024-01-01:2024-01-31
2024-01-23,PrecEscaAct,1045.08036,COP/kWh,xm:servapibi,2026-09-22T19:22:54Z,xm/2024/01/PrecEscaAct_Sistema.2024-01-01.ndjson#PrecEscaAct:Sistema:2024-01-01:2024-01-31
2024-01-23,VoluUtilDiarEner,10519937500,kWh,xm:servapibi,2026-09-22T19:22:46Z,xm/2024/01/VoluUtilDiarEner_Sistema.2024-01-01.ndjson#VoluUtilDiarEner:Sistema:2024-01-01:2024-01-31
2024-01-24,AporEner,59375800,kWh,xm:servapibi,2026-09-22T19:22:49Z,xm/2024/01/AporEner_Sistema.2024-01-01.ndjson#AporEner:Sistema:2024-01-01:2024-01-31
2024-01-24,AporEnerMediHist,140650000,kWh,xm:servapibi,2026-09-22T19:22:50Z,xm/2024/01/AporEnerMediHist_Sistema.2024-01-01.ndjson#AporEnerMediHist:Sistema:2024-01-01:2024-01-31
2024-01-24,CapaUtilDiarEner,17358910837,kWh,xm:servapibi,2026-09-22T19:22:48Z,xm/2024/01/CapaUtilDiarEner_Sistema.2024-01-01.ndjson#CapaUtilDiarEner:Sistema:2024-01-01:2024-01-31
2024-01-24,DemaSIN,235090091.59,kWh,xm:servapibi,2026-09-22T19:22:53Z,xm/2024/01/DemaSIN_Sistema.2024-01-01.ndjson#DemaSIN:Sistema:2024-01-01:2024-01-31
2024-01-24,PorcApor,0.42215,fraction,xm:servapibi,2026-09-22T19:22:51Z,xm/2024/01/PorcApor_Sistema.2024-01-01.ndjson#PorcApor:Sistema:2024-01-01:2024-01-31
2024-01-24,PorcVoluUtilDiar,0.60074,fraction,xm:servapibi,2026-09-22T19:22:45Z,xm/2024/01/PorcVoluUtilDiar_Sistema.2024-01-01.ndjson#PorcVoluUtilDiar:Sistema:2024-01-01:2024-01-31
2024-01-24,PrecBolsNaci,490.0543966666667,COP/kWh,xm:servapibi,2026-09-22T19:22:56Z,xm/2024/01/PrecBolsNaci_Sistema.2024-01-01.ndjson#PrecBolsNaci:Sistema:2024-01-01:2024-01-31
2024-01-24,PrecEscaAct,1045.08036,COP/kWh,xm:servapibi,2026-09-22T19:22:54Z,xm/2024/01/PrecEscaAct_Sistema.2024-01-01.ndjson#PrecEscaAct:Sistema:2024-01-01:2024-01-31
2024-01-24,VoluUtilDiarEner,10428227900,kWh,xm:servapibi,2026-09-22T19:22:46Z,xm/2024/01/VoluUtilDiarEner_Sistema.2024-01-01.ndjson#VoluUtilDiarEner:Sistema:2024-01-01:2024-01-31
2024-01-25,AporEner,57291200,kWh,xm:servapibi,2026-09-22T19:22:49Z,xm/2024/01/AporEner_Sistema.2024-01-01.ndjson#AporEner:Sistema:2024-01-01:2024-01-31
2024-01-25,AporEnerMediHist,140650000,kWh,xm:servapibi,2026-09-22T19:22:50Z,xm/2024/01/AporEnerMediHist_Sistema.2024-01-01.ndjson#AporEnerMediHist:Sistema:2024-01-01:2024-01-31
2024-01-25,CapaUtilDiarEner,17358910837,kWh,xm:servapibi,2026-09-22T19:22:48Z,xm/2024/01/CapaUtilDiarEner_Sistema.2024-01-01.ndjson#CapaUtilDiarEner:Sistema:2024-01-01:2024-01-31
2024-01-25,DemaSIN,234704849.42,kWh,xm:servapibi,2026-09-22T19:22:53Z,xm/2024/01/DemaSIN_Sistema.2024-01-01.ndjson#DemaSIN:Sistema:2024-01-01:2024-01-31
2024-01-25,PorcApor,0.40733,fraction,xm:servapibi,2026-09-22T19:22:51Z,xm/2024/01/PorcApor_Sistema.2024-01-01.ndjson#PorcApor:Sistema:2024-01-01:2024-01-31
2024-01-25,PorcVoluUtilDiar,0.5955,fraction,xm:servapibi,2026-09-22T19:22:45Z,xm/2024/01/PorcVoluUtilDiar_Sistema.2024-01-01.ndjson#PorcVoluUtilDiar:Sistema:2024-01-01:2024-01-31
2024-01-25,PrecBolsNaci,480.7060649999999,COP/kWh,xm:servapibi,2026-09-22T19:22:56Z,xm/2024/01/PrecBolsNaci_Sistema.2024-01-01.ndjson#PrecBolsNaci:Sistema:2024-01-01:2024-01-31
2024-01-25,PrecEscaAct,1045.08036,COP/kWh,xm:servapibi,2026-09-22T19:22:54Z,xm/2024/01/PrecEscaAct_Sistema.2024-01-01.ndjson#PrecEscaAct:Sistema:2024-01-01:2024-01-31
2024-01-25,VoluUtilDiarEner,10337288500,kWh,xm:servapibi,2026-09-22T19:22:46Z,xm/2024/01/VoluUtilDiarEner_Sistema.2024-01-01.ndjson#VoluUtilDiarEner:Sistema:2024-01-01:2024-01-31
2024-01-26,AporEner,57758100,kWh,xm:servapibi,2026-09-22T19:22:49Z,xm/2024/01/AporEner_Sistema.2024-01-01.ndjson#AporEner:Sistema:2024-01-01:2024-01-31
2024-01-26,AporEnerMediHist,140650000,kWh,xm:servapibi,2026-09-22T19:22:50Z,xm/2024/01/AporEnerMediHist_Sistema.2024-01-01.ndjson#AporEnerMediHist:Sistema:2024-01-01:2024-01-31
2024-01-26,CapaUtilDiarEner,17358910837,kWh,xm:servapibi,2026-09-22T19:22:48Z,xm/2024/01/CapaUtilDiarEner_Sistema.2024-01-01.ndjson#CapaUtilDiarEner:Sistema:2024-01-01:2024-01-31
2024-01-26,DemaSIN,236133774.71,kWh,xm:servapibi,2026-09-22T19:22:53Z,xm/2024/01/DemaSIN_Sistema.2024-01-01.ndjson#DemaSIN:Sistema:2024-01-01:2024-01-31
2024-01-26,PorcApor,0.41065,fraction,xm:servapibi,2026-09-22T19:22:51Z,xm/2024/01/PorcApor_Sistema.2024-01-01.ndjson#PorcApor:Sistema:2024-01-01:2024-01-31
2024-01-26,PorcVoluUtilDiar,0.58937,fraction,xm:servapibi,2026-09-22T19:22:45Z,xm/2024/01/PorcVoluUtilDiar_Sistema.2024-01-01.ndjson#PorcVoluUtilDiar:Sistema:2024-01-01:2024-01-31
2024-01-26,PrecBolsNaci,446.4650483333334,COP/kWh,xm:servapibi,2026-09-22T19:22:56Z,xm/2024/01/PrecBolsNaci_Sistema.2024-01-01.ndjson#PrecBolsNaci:Sistema:2024-01-01:2024-01-31
2024-01-26,PrecEscaAct,1045.08036,COP/kWh,xm:servapibi,2026-09-22T19:22:54Z,xm/2024/01/PrecEscaAct_Sistema.2024-01-01.ndjson#PrecEscaAct:Sistema:2024-01-01:2024-01-31
2024-01-26,VoluUtilDiarEner,10230898400,kWh,xm:servapibi,2026-09-22T19:22:46Z,xm/2024/01/VoluUtilDiarEner_Sistema.2024-01-01.ndjson#VoluUtilDiarEner:Sistema:2024-01-01:2024-01-31
2024-01-27,AporEner,61805300,kWh,xm:servapibi,2026-09-22T19:22:49Z,xm/2024/01/AporEner_Sistema.2024-01-01.ndjson#AporEner:Sistema:2024-01-01:2024-01-31
2024-01-27,AporEnerMediHist,140650000,kWh,xm:servapibi,2026-09-22T19:22:50Z,xm/2024/01/AporEnerMediHist_Sistema.2024-01-01.ndjson#AporEnerMediHist:Sistema:2024-01-01:2024-01-31
2024-01-27,CapaUtilDiarEner,17358910837,kWh,xm:servapibi,2026-09-22T19:22:48Z,xm/2024/01/CapaUtilDiarEner_Sistema.2024-01-01.ndjson#CapaUtilDiarEner:Sistema:2024-01-01:2024-01-31
2024-01-27,DemaSIN,224913911.8,kWh,xm:servapibi,2026-09-22T19:22:53Z,xm/2024/01/DemaSIN_Sistema.2024-01-01.ndjson#DemaSIN:Sistema:2024-01-01:2024-01-31
2024-01-27,PorcApor,0.43943,fraction,xm:servapibi,2026-09-22T19:22:51Z,xm/2024/01/PorcApor_Sistema.2024-01-01.ndjson#PorcApor:Sistema:2024-01-01:2024-01-31
2024-01-27,PorcVoluUtilDiar,0.58342,fraction,xm:servapibi,2026-09-22T19:22:45Z,xm/2024/01/PorcVoluUtilDiar_Sistema.2024-01-01.ndjson#PorcVoluUtilDiar:Sistema:2024-01-01:2024-01-31
2024-01-27,PrecBolsNaci,467.7405316666666,COP/kWh,xm:servapibi,2026-09-22T19:22:56Z,xm/2024/01/PrecBolsNaci_Sistema.2024-01-01.ndjson#PrecBolsNaci:Sistema:2024-01-01:2024-01-31
2024-01-27,PrecEscaAct,1045.08036,COP/kWh,xm:servapibi,2026-09-22T19:22:54Z,xm/2024/01/PrecEscaAct_Sistema.2024-01-01.ndjson#PrecEscaAct:Sistema:2024-01-01:2024-01-31
2024-01-27,VoluUtilDiarEner,10127616300,kWh,xm:servapibi,2026-09-22T19:22:46Z,xm/2024/01/VoluUtilDiarEner_Sistema.2024-01-01.ndjson#VoluUtilDiarEner:Sistema:2024-01-01:2024-01-31
2024-01-28,AporEner,58319000,kWh,xm:servapibi,2026-09-22T19:22:49Z,xm/2024/01/AporEner_Sistema.2024-01-01.ndjson#AporEner:Sistema:2024-01-01:2024-01-31
2024-01-28,AporEnerMediHist,140650000,kWh,xm:servapibi,2026-09-22T19:22:50Z,xm/2024/01/AporEnerMediHist_Sistema.2024-01-01.ndjson#AporEnerMediHist:Sistema:2024-01-01:2024-01-31
2024-01-28,CapaUtilDiarEner,17358910837,kWh,xm:servapibi,2026-09-22T19:22:48Z,xm/2024/01/CapaUtilDiarEner_Sistema.2024-01-01.ndjson#CapaUtilDiarEner:Sistema:2024-01-01:2024-01-31
2024-01-28,DemaSIN,205376086.28,kWh,xm:servapibi,2026-09-22T19:22:53Z,xm/2024/01/DemaSIN_Sistema.2024-01-01.ndjson#DemaSIN:Sistema:2024-01-01:2024-01-31
2024-01-28,PorcApor,0.41464,fraction,xm:servapibi,2026-09-22T19:22:51Z,xm/2024/01/PorcApor_Sistema.2024-01-01.ndjson#PorcApor:Sistema:2024-01-01:2024-01-31
2024-01-28,PorcVoluUtilDiar,0.57805,fraction,xm:servapibi,2026-09-22T19:22:45Z,xm/2024/01/PorcVoluUtilDiar_Sistema.2024-01-01.ndjson#PorcVoluUtilDiar:Sistema:2024-01-01:2024-01-31
2024-01-28,PrecBolsNaci,529.2767966666669,COP/kWh,xm:servapibi,2026-09-22T19:22:56Z,xm/2024/01/PrecBolsNaci_Sistema.2024-01-01.ndjson#PrecBolsNaci:Sistema:2024-01-01:2024-01-31
2024-01-28,PrecEscaAct,1045.08036,COP/kWh,xm:servapibi,2026-09-22T19:22:54Z,xm/2024/01/PrecEscaAct_Sistema.2024-01-01.ndjson#PrecEscaAct:Sistema:2024-01-01:2024-01-31
2024-01-28,VoluUtilDiarEner,10034263900,kWh,xm:servapibi,2026-09-22T19:22:46Z,xm/2024/01/VoluUtilDiarEner_Sistema.2024-01-01.ndjson#VoluUtilDiarEner:Sistema:2024-01-01:2024-01-31
2024-01-29,AporEner,55795000,kWh,xm:servapibi,2026-09-22T19:22:49Z,xm/2024/01/AporEner_Sistema.2024-01-01.ndjson#AporEner:Sistema:2024-01-01:2024-01-31
2024-01-29,AporEnerMediHist,140650000,kWh,xm:servapibi,2026-09-22T19:22:50Z,xm/2024/01/AporEnerMediHist_Sistema.2024-01-01.ndjson#AporEnerMediHist:Sistema:2024-01-01:2024-01-31
2024-01-29,CapaUtilDiarEner,17358910837,kWh,xm:servapibi,2026-09-22T19:22:48Z,xm/2024/01/CapaUtilDiarEner_Sistema.2024-01-01.ndjson#CapaUtilDiarEner:Sistema:2024-01-01:2024-01-31
2024-01-29,DemaSIN,231719210.49,kWh,xm:servapibi,2026-09-22T19:22:53Z,xm/2024/01/DemaSIN_Sistema.2024-01-01.ndjson#DemaSIN:Sistema:2024-01-01:2024-01-31
2024-01-29,PorcApor,0.39669,fraction,xm:servapibi,2026-09-22T19:22:51Z,xm/2024/01/PorcApor_Sistema.2024-01-01.ndjson#PorcApor:Sistema:2024-01-01:2024-01-31
2024-01-29,PorcVoluUtilDiar,0.57099,fraction,xm:servapibi,2026-09-22T19:22:45Z,xm/2024/01/PorcVoluUtilDiar_Sistema.2024-01-01.ndjson#PorcVoluUtilDiar:Sistema:2024-01-01:2024-01-31
2024-01-29,PrecBolsNaci,598.168965,COP/kWh,xm:servapibi,2026-09-22T19:22:56Z,xm/2024/01/PrecBolsNaci_Sistema.2024-01-01.ndjson#PrecBolsNaci:Sistema:2024-01-01:2024-01-31
2024-01-29,PrecEscaAct,1045.08036,COP/kWh,xm:servapibi,2026-09-22T19:22:54Z,xm/2024/01/PrecEscaAct_Sistema.2024-01-01.ndjson#PrecEscaAct:Sistema:2024-01-01:2024-01-31
2024-01-29,VoluUtilDiarEner,9911849900,kWh,xm:servapibi,2026-09-22T19:22:46Z,xm/2024/01/VoluUtilDiarEner_Sistema.2024-01-01.ndjson#VoluUtilDiarEner:Sistema:2024-01-01:2024-01-31
2024-01-30,AporEner,56629500,kWh,xm:servapibi,2026-09-22T19:22:49Z,xm/2024/01/AporEner_Sistema.2024-01-01.ndjson#AporEner:Sistema:2024-01-01:2024-01-31
2024-01-30,AporEnerMediHist,140650000,kWh,xm:servapibi,2026-09-22T19:22:50Z,xm/2024/01/AporEnerMediHist_Sistema.2024-01-01.ndjson#AporEnerMediHist:Sistema:2024-01-01:2024-01-31
2024-01-30,CapaUtilDiarEner,17358910837,kWh,xm:servapibi,2026-09-22T19:22:48Z,xm/2024/01/CapaUtilDiarEner_Sistema.2024-01-01.ndjson#CapaUtilDiarEner:Sistema:2024-01-01:2024-01-31
2024-01-30,DemaSIN,236742608.73,kWh,xm:servapibi,2026-09-22T19:22:53Z,xm/2024/01/DemaSIN_Sistema.2024-01-01.ndjson#DemaSIN:Sistema:2024-01-01:2024-01-31
2024-01-30,PorcApor,0.40263,fraction,xm:servapibi,2026-09-22T19:22:51Z,xm/2024/01/PorcApor_Sistema.2024-01-01.ndjson#PorcApor:Sistema:2024-01-01:2024-01-31
2024-01-30,PorcVoluUtilDiar,0.56437,fraction,xm:servapibi,2026-09-22T19:22:45Z,xm/2024/01/PorcVoluUtilDiar_Sistema.2024-01-01.ndjson#PorcVoluUtilDiar:Sistema:2024-01-01:2024-01-31
2024-01-30,PrecBolsNaci,628.3465499999996,COP/kWh,xm:servapibi,2026-09-22T19:22:56Z,xm/2024/01/PrecBolsNaci_Sistema.2024-01-01.ndjson#PrecBolsNaci:Sistema:2024-01-01:2024-01-31
2024-01-30,PrecEscaAct,1045.08036,COP/kWh,xm:servapibi,2026-09-22T19:22:54Z,xm/2024/01/PrecEscaAct_Sistema.2024-01-01.ndjson#PrecEscaAct:Sistema:2024-01-01:2024-01-31
2024-01-30,VoluUtilDiarEner,9796904900,kWh,xm:servapibi,2026-09-22T19:22:46Z,xm/2024/01/VoluUtilDiarEner_Sistema.2024-01-01.ndjson#VoluUtilDiarEner:Sistema:2024-01-01:2024-01-31
2024-01-31,AporEner,63806400,kWh,xm:servapibi,2026-09-22T19:22:49Z,xm/2024/01/AporEner_Sistema.2024-01-01.ndjson#AporEner:Sistema:2024-01-01:2024-01-31
2024-01-31,AporEnerMediHist,140650000,kWh,xm:servapibi,2026-09-22T19:22:50Z,xm/2024/01/AporEnerMediHist_Sistema.2024-01-01.ndjson#AporEnerMediHist:Sistema:2024-01-01:2024-01-31
2024-01-31,CapaUtilDiarEner,17358910837,kWh,xm:servapibi,2026-09-22T19:22:48Z,xm/2024/01/CapaUtilDiarEner_Sistema.2024-01-01.ndjson#CapaUtilDiarEner:Sistema:2024-01-01:2024-01-31
2024-01-31,DemaSIN,235122287.27,kWh,xm:servapibi,2026-09-22T19:22:53Z,xm/2024/01/DemaSIN_Sistema.2024-01-01.ndjson#DemaSIN:Sistema:2024-01-01:2024-01-31
2024-01-31,PorcApor,0.45365,fraction,xm:servapibi,2026-09-22T19:22:51Z,xm/2024/01/PorcApor_Sistema.2024-01-01.ndjson#PorcApor:Sistema:2024-01-01:2024-01-31
2024-01-31,PorcVoluUtilDiar,0.55791,fraction,xm:servapibi,2026-09-22T19:22:45Z,xm/2024/01/PorcVoluUtilDiar_Sistema.2024-01-01.ndjson#PorcVoluUtilDiar:Sistema:2024-01-01:2024-01-31
2024-01-31,PrecBolsNaci,638.0742183333334,COP/kWh,xm:servapibi,2026-09-22T19:22:56Z,xm/2024/01/PrecBolsNaci_Sistema.2024-01-01.ndjson#PrecBolsNaci:Sistema:2024-01-01:2024-01-31
2024-01-31,PrecEscaAct,1045.08036,COP/kWh,xm:servapibi,2026-09-22T19:22:54Z,xm/2024/01/PrecEscaAct_Sistema.2024-01-01.ndjson#PrecEscaAct:Sistema:2024-01-01:2024-01-31
2024-01-31,VoluUtilDiarEner,9684670400,kWh,xm:servapibi,2026-09-22T19:22:46Z,xm/2024/01/VoluUtilDiarEner_Sistema.2024-01-01.ndjson#VoluUtilDiarEner:Sistema:2024-01-01:2024-01-31
2024-02-01,AporEner,73483300,kWh,xm:servapibi,2026-09-22T19:23:04Z,xm/2024/02/AporEner_Sistema.2024-02-01.ndjson#AporEner:Sistema:2024-02-01:2024-02-29
2024-02-01,AporEnerMediHist,128750000,kWh,xm:servapibi,2026-09-22T19:23:05Z,xm/2024/02/AporEnerMediHist_Sistema.2024-02-01.ndjson#AporEnerMediHist:Sistema:2024-02-01:2024-02-29
2024-02-01,CapaUtilDiarEner,17358910837,kWh,xm:servapibi,2026-09-22T19:23:03Z,xm/2024/02/CapaUtilDiarEner_Sistema.2024-02-01.ndjson#CapaUtilDiarEner:Sistema:2024-02-01:2024-02-29
2024-02-01,DemaSIN,232421915.06,kWh,xm:servapibi,2026-09-22T19:23:08Z,xm/2024/02/DemaSIN_Sistema.2024-02-01.ndjson#DemaSIN:Sistema:2024-02-01:2024-02-29
2024-02-01,PorcApor,0.57074,fraction,xm:servapibi,2026-09-22T19:23:06Z,xm/2024/02/PorcApor_Sistema.2024-02-01.ndjson#PorcApor:Sistema:2024-02-01:2024-02-29
2024-02-01,PorcVoluUtilDiar,0.55325,fraction,xm:servapibi,2026-09-22T19:23:00Z,xm/2024/02/PorcVoluUtilDiar_Sistema.2024-02-01.ndjson#PorcVoluUtilDiar:Sistema:2024-02-01:2024-02-29
2024-02-01,PrecBolsNaci,694.2066166666668,COP/kWh,xm:servapibi,2026-09-22T19:23:11Z,xm/2024/02/PrecBolsNaci_Sistema.2024-02-01.ndjson#PrecBolsNaci:Sistema:2024-02-01:2024-02-29
2024-02-01,PrecEscaAct,1019.37387,COP/kWh,xm:servapibi,2026-09-22T19:23:09Z,xm/2024/02/PrecEscaAct_Sistema.2024-02-01.ndjson#PrecEscaAct:Sistema:2024-02-01:2024-02-29
2024-02-01,VoluUtilDiarEner,9603887100,kWh,xm:servapibi,2026-09-22T19:23:01Z,xm/2024/02/VoluUtilDiarEner_Sistema.2024-02-01.ndjson#VoluUtilDiarEner:Sistema:2024-02-01:2024-02-29
2024-02-02,AporEner,78755200,kWh,xm:servapibi,2026-09-22T19:23:04Z,xm/2024/02/AporEner_Sistema.2024-02-01.ndjson#AporEner:Sistema:2024-02-01:2024-02-29
2024-02-02,AporEnerMediHist,128750000,kWh,xm:servapibi,2026-09-22T19:23:05Z,xm/2024/02/AporEnerMediHist_Sistema.2024-02-01.ndjson#AporEnerMediHist:Sistema:2024-02-01:2024-02-29
2024-02-02,CapaUtilDiarEner,17358910837,kWh,xm:servapibi,2026-09-22T19:23:03Z,xm/2024/02/CapaUtilDiarEner_Sistema.2024-02-01.ndjson#CapaUtilDiarEner:Sistema:2024-02-01:2024-02-29
2024-02-02,DemaSIN,228785114.22,kWh,xm:servapibi,2026-09-22T19:23:08Z,xm/2024/02/DemaSIN_Sistema.2024-02-01.ndjson#DemaSIN:Sistema:2024-02-01:2024-02-29
2024-02-02,PorcApor,0.61169,fraction,xm:servapibi,2026-09-22T19:23:06Z,xm/2024/02/PorcApor_Sistema.2024-02-01.ndjson#PorcApor:Sistema:2024-02-01:2024-02-29
2024-02-02,PorcVoluUtilDiar,0.54998,fraction,xm:servapibi,2026-09-22T19:23:00Z,xm/2024/02/PorcVoluUtilDiar_Sistema.2024-02-01.ndjson#PorcVoluUtilDiar:Sistema:2024-02-01:2024-02-29
2024-02-02,PrecBolsNaci,691.1011266666669,COP/kWh,xm:servapibi,2026-09-22T19:23:11Z,xm/2024/02/PrecBolsNaci_Sistema.2024-02-01.ndjson#PrecBolsNaci:Sistema:2024-02-01:2024-02-29
2024-02-02,PrecEscaAct,1019.37387,COP/kWh,xm:servapibi,2026-09-22T19:23:09Z,xm/2024/02/PrecEscaAct_Sistema.2024-02-01.ndjson#PrecEscaAct:Sistema:2024-02-01:2024-02-29
2024-02-02,VoluUtilDiarEner,9547047100,kWh,xm:servapibi,2026-09-22T19:23:01Z,xm/2024/02/VoluUtilDiarEner_Sistema.2024-02-01.ndjson#VoluUtilDiarEner:Sistema:2024-02-01:2024-02-29
2024-02-03,AporEner,117464500,kWh,xm:servapibi,2026-09-22T19:23:04Z,xm/2024/02/AporEner_Sistema.2024-02-01.ndjson#AporEner:Sistema:2024-02-01:2024-02-29
2024-02-03,AporEnerMediHist,128750000,kWh,xm:servapibi,2026-09-22T19:23:05Z,xm/2024/02/AporEnerMediHist_Sistema.2024-02-01.ndjson#AporEnerMediHist:Sistema:2024-02-01:2024-02-29
2024-02-03,CapaUtilDiarEner,17358910837,kWh,xm:servapibi,2026-09-22T19:23:03Z,xm/2024/02/CapaUtilDiarEner_Sistema.2024-02-01.ndjson#CapaUtilDiarEner:Sistema:2024-02-01:2024-02-29
2024-02-03,DemaSIN,216827809.92,kWh,xm:servapibi,2026-09-22T19:23:08Z,xm/2024/02/DemaSIN_Sistema.2024-02-01.ndjson#DemaSIN:Sistema:2024-02-01:2024-02-29
2024-02-03,PorcApor,0.91235,fraction,xm:servapibi,2026-09-22T19:23:06Z,xm/2024/02/PorcApor_Sistema.2024-02-01.ndjson#PorcApor:Sistema:2024-02-01:2024-02-29
2024-02-03,PorcVoluUtilDiar,0.5495,fraction,xm:servapibi,2026-09-22T19:23:00Z,xm/2024/02/PorcVoluUtilDiar_Sistema.2024-02-01.ndjson#PorcVoluUtilDiar:Sistema:2024-02-01:2024-02-29
2024-02-03,PrecBolsNaci,669.5571033333337,COP/kWh,xm:servapibi,2026-09-22T19:23:11Z,xm/2024/02/PrecBolsNaci_Sistema.2024-02-01.ndjson#PrecBolsNaci:Sistema:2024-02-01:2024-02-29
2024-02-03,PrecEscaAct,1019.37387,COP/kWh,xm:servapibi,2026-09-22T19:23:09Z,xm/2024/02/PrecEscaAct_Sistema.2024-02-01.ndjson#PrecEscaAct:Sistema:2024-02-01:2024-02-29
2024-02-03,VoluUtilDiarEner,9538748200,kWh,xm:servapibi,2026-09-22T19:23:01Z,xm/2024/02/VoluUtilDiarEner_Sistema.2024-02-01.ndjson#VoluUtilDiarEner:Sistema:2024-02-01:2024-02-29
2024-02-04,AporEner,119685000,kWh,xm:servapibi,2026-09-22T19:23:04Z,xm/2024/02/AporEner_Sistema.2024-02-01.ndjson#AporEner:Sistema:2024-02-01:2024-02-29
2024-02-04,AporEnerMediHist,128750000,kWh,xm:servapibi,2026-09-22T19:23:05Z,xm/2024/02/AporEnerMediHist_Sistema.2024-02-01.ndjson#AporEnerMediHist:Sistema:2024-02-01:2024-02-29
2024-02-04,CapaUtilDiarEner,17358910837,kWh,xm:servapibi,2026-09-22T19:23:03Z,xm/2024/02/CapaUtilDiarEner_Sistema.2024-02-01.ndjson#CapaUtilDiarEner:Sistema:2024-02-01:2024-02-29
2024-02-04,DemaSIN,198635778.22,kWh,xm:servapibi,2026-09-22T19:23:08Z,xm/2024/02/DemaSIN_Sistema.2024-02-01.ndjson#DemaSIN:Sistema:2024-02-01:2024-02-29
2024-02-04,PorcApor,0.92959,fraction,xm:servapibi,2026-09-22T19:23:06Z,xm/2024/02/PorcApor_Sistema.2024-02-01.ndjson#PorcApor:Sistema:2024-02-01:2024-02-29
2024-02-04,PorcVoluUtilDiar,0.54968,fraction,xm:servapibi,2026-09-22T19:23:00Z,xm/2024/02/PorcVoluUtilDiar_Sistema.2024-02-01.ndjson#PorcVoluUtilDiar:Sistema:2024-02-01:2024-02-29
2024-02-04,PrecBolsNaci,619.6468899999999,COP/kWh,xm:servapibi,2026-09-22T19:23:11Z,xm/2024/02/PrecBolsNaci_Sistema.2024-02-01.ndjson#PrecBolsNaci:Sistema:2024-02-01:2024-02-29
2024-02-04,PrecEscaAct,1019.37387,COP/kWh,xm:servapibi,2026-09-22T19:23:09Z,xm/2024/02/PrecEscaAct_Sistema.2024-02-01.ndjson#PrecEscaAct:Sistema:2024-02-01:2024-02-29
2024-02-04,VoluUtilDiarEner,9541810000,kWh,xm:servapibi,2026-09-22T19:23:01Z,xm/2024/02/VoluUtilDiarEner_Sistema.2024-02-01.ndjson#VoluUtilDiarEner:Sistema:2024-02-01:2024-02-29
2024-02-05,AporEner,122631400,kWh,xm:servapibi,2026-09-22T19:23:04Z,xm/2024/02/AporEner_Sistema.2024-02-01.ndjson#AporEner:Sistema:2024-02-01:2024-02-29
2024-02-05,AporEnerMediHist,128750000,kWh,xm:servapibi,2026-09-22T19:23:05Z,xm/2024/02/AporEnerMediHist_Sistema.2024-02-01.ndjson#AporEnerMediHist:Sistema:2024-02-01:2024-02-29
2024-02-05,CapaUtilDiarEner,17358910837,kWh,xm:servapibi,2026-09-22T19:23:03Z,xm/2024/02/CapaUtilDiarEner_Sistema.2024-02-01.ndjson#CapaUtilDiarEner:Sistema:2024-02-01:2024-02-29
2024-02-05,DemaSIN,223231306.28,kWh,xm:servapibi,2026-09-22T19:23:08Z,xm/2024/02/DemaSIN_Sistema.2024-02-01.ndjson#DemaSIN:Sistema:2024-02-01:2024-02-29
2024-02-05,PorcApor,0.95248,fraction,xm:servapibi,2026-09-22T19:23:06Z,xm/2024/02/PorcApor_Sistema.2024-02-01.ndjson#PorcApor:Sistema:2024-02-01:2024-02-29
2024-02-05,PorcVoluUtilDiar,0.54765,fraction,xm:servapibi,2026-09-22T19:23:00Z,xm/2024/02/PorcVoluUtilDiar_Sistema.2024-02-01.ndjson#PorcVoluUtilDiar:Sistema:2024-02-01:2024-02-29
2024-02-05,PrecBolsNaci,624.5137449999996,COP/kWh,xm:servapibi,2026-09-22T19:23:11Z,xm/2024/02/PrecBolsNaci_Sistema.2024-02-01.ndjson#PrecBolsNaci:Sistema:2024-02-01:2024-02-29
2024-02-05,PrecEscaAct,1019.37387,COP/kWh,xm:servapibi,2026-09-22T19:23:09Z,xm/2024/02/PrecEscaAct_Sistema.2024-02-01.ndjson#PrecEscaAct:Sistema:2024-02-01:2024-02-29
2024-02-05,VoluUtilDiarEner,9506563800,kWh,xm:servapibi,2026-09-22T19:23:01Z,xm/2024/02/VoluUtilDiarEner_Sistema.2024-02-01.ndjson#VoluUtilDiarEner:Sistema:2024-02-01:2024-02-29
2024-02-06,AporEner,128823700,kWh,xm:servapibi,2026-09-22T19:23:04Z,xm/2024/02/AporEner_Sistema.2024-02-01.ndjson#AporEner:Sistema:2024-02-01:2024-02-29
2024-02-06,AporEnerMediHist,128750000,kWh,xm:servapibi,2026-09-22T19:23:05Z,xm/2024/02/AporEnerMediHist_Sistema.2024-02-01.ndjson#AporEnerMediHist:Sistema:2024-02-01:2024-02-29
2024-02-06,CapaUtilDiarEner,17358910837,kWh,xm:servapibi,2026-09-22T19:23:03Z,xm/2024/02/CapaUtilDiarEner_Sistema.2024-02-01.ndjson#CapaUtilDiarEner:Sistema:2024-02-01:2024-02-29
2024-02-06,DemaSIN,225763155.64,kWh,xm:servapibi,2026-09-22T19:23:08Z,xm/2024/02/DemaSIN_Sistema.2024-02-01.ndjson#DemaSIN:Sistema:2024-02-01:2024-02-29
2024-02-06,PorcApor,1.00057,fraction,xm:servapibi,2026-09-22T19:23:06Z,xm/2024/02/PorcApor_Sistema.2024-02-01.ndjson#PorcApor:Sistema:2024-02-01:2024-02-29
2024-02-06,PorcVoluUtilDiar,0.54462,fraction,xm:servapibi,2026-09-22T19:23:00Z,xm/2024/02/PorcVoluUtilDiar_Sistema.2024-02-01.ndjson#PorcVoluUtilDiar:Sistema:2024-02-01:2024-02-29
2024-02-06,PrecBolsNaci,555.5218416666663,COP/kWh,xm:servapibi,2026-09-22T19:23:11Z,xm/2024/02/PrecBolsNaci_Sistema.2024-02-01.ndjson#PrecBolsNaci:Sistema:2024-02-01:2024-02-29
2024-02-06,PrecEscaAct,1019.37387,COP/kWh,xm:servapibi,2026-09-22T19:23:09Z,xm/2024/02/PrecEscaAct_Sistema.2024-02-01.ndjson#PrecEscaAct:Sistema:2024-02-01:2024-02-29
2024-02-06,VoluUtilDiarEner,9454012100,kWh,xm:servapibi,2026-09-22T19:23:01Z,xm/2024/02/VoluUtilDiarEner_Sistema.2024-02-01.ndjson#VoluUtilDiarEner:Sistema:2024-02-01:2024-02-29
2024-02-07,AporEner,114190800,kWh,xm:servapibi,2026-09-22T19:23:04Z,xm/2024/02/AporEner_Sistema.2024-02-01.ndjson#AporEner:Sistema:2024-02-01:2024-02-29
2024-02-07,AporEnerMediHist,128750000,kWh,xm:servapibi,2026-09-22T19:23:05Z,xm/2024/02/AporEnerMediHist_Sistema.2024-02-01.ndjson#AporEnerMediHist:Sistema:2024-02-01:2024-02-29
2024-02-07,CapaUtilDiarEner,17359561885,kWh,xm:servapibi,2026-09-22T19:23:03Z,xm/2024/02/CapaUtilDiarEner_Sistema.2024-02-01.ndjson#CapaUtilDiarEner:Sistema:2024-02-01:2024-02-29
2024-02-07,DemaSIN,222803596.42,kWh,xm:servapibi,2026-09-22T19:23:08Z,xm/2024/02/DemaSIN_Sistema.2024-02-01.ndjson#DemaSIN:Sistema:2024-02-01:2024-02-29
2024-02-07,PorcApor,0.88692,fraction,xm:servapibi,2026-09-22T19:23:06Z,xm/2024/02/PorcApor_Sistema.2024-02-01.ndjson#PorcApor:Sistema:2024-02-01:2024-02-29
2024-02-07,PorcVoluUtilDiar,0.54122,fraction,xm:servapibi,2026-09-22T19:23:00Z,xm/2024/02/PorcVoluUtilDiar_Sistema.2024-02-01.ndjson#PorcVoluUtilDiar:Sistema:2024-02-01:2024-02-29
2024-02-07,PrecBolsNaci,559.2439666666666,COP/kWh,xm:servapibi,2026-09-22T19:23:11Z,xm/2024/02/PrecBolsNaci_Sistema.2024-02-01.ndjson#PrecBolsNaci:Sistema:2024-02-01:2024-02-29
2024-02-07,PrecEscaAct,1019.37387,COP/kWh,xm:servapibi,2026-09-22T19:23:09Z,xm/2024/02/PrecEscaAct_Sistema.2024-02-01.ndjson#PrecEscaAct:Sistema:2024-02-01:2024-02-29
2024-02-07,VoluUtilDiarEner,9395419800,kWh,xm:servapibi,2026-09-22T19:23:01Z,xm/2024/02/VoluUtilDiarEner_Sistema.2024-02-01.ndjson#VoluUtilDiarEner:Sistema:2024-02-01:2024-02-29
2024-02-08,AporEner,96296300,kWh,xm:servapibi,2026-09-22T19:23:04Z,xm/2024/02/AporEner_Sistema.2024-02-01.ndjson#AporEner:Sistema:2024-02-01:2024-02-29
2024-02-08,AporEnerMediHist,128750000,kWh,xm:servapibi,2026-09-22T19:23:05Z,xm/2024/02/AporEnerMediHist_Sistema.2024-02-01.ndjson#AporEnerMediHist:Sistema:2024-02-01:2024-02-29
2024-02-08,CapaUtilDiarEner,17359561885,kWh,xm:servapibi,2026-09-22T19:23:03Z,xm/2024/02/CapaUtilDiarEner_Sistema.2024-02-01.ndjson#CapaUtilDiarEner:Sistema:2024-02-01:2024-02-29
2024-02-08,DemaSIN,222767893.68,kWh,xm:servapibi,2026-09-22T19:23:08Z,xm/2024/02/DemaSIN_Sistema.2024-02-01.ndjson#DemaSIN:Sistema:2024-02-01:2024-02-29
2024-02-08,PorcApor,0.74793,fraction,xm:servapibi,2026-09-22T19:23:06Z,xm/2024/02/PorcApor_Sistema.2024-02-01.ndjson#PorcApor:Sistema:2024-02-01:2024-02-29
2024-02-08,PorcVoluUtilDiar,0.53693,fraction,xm:servapibi,2026-09-22T19:23:00Z,xm/2024/02/PorcVoluUtilDiar_Sistema.2024-02-01.ndjson#PorcVoluUtilDiar:Sistema:2024-02-01:2024-02-29
2024-02-08,PrecBolsNaci,427.69776166666674,COP/kWh,xm:servapibi,2026-09-22T19:23:11Z,xm/2024/02/PrecBolsNaci_Sistema.2024-02-01.ndjson#PrecBolsNaci:Sistema:2024-02-01:2024-02-29
2024-02-08,PrecEscaAct,1019.37387,COP/kWh,xm:servapibi,2026-09-22T19:23:09Z,xm/2024/02/PrecEscaAct_Sistema.2024-02-01.ndjson#PrecEscaAct:Sistema:2024-02-01:2024-02-29
2024-02-08,VoluUtilDiarEner,9320810500,kWh,xm:servapibi,2026-09-22T19:23:01Z,xm/2024/02/VoluUtilDiarEner_Sistema.2024-02-01.ndjson#VoluUtilDiarEner:Sistema:2024-02-01:2024-02-29
2024-02-09,AporEner,91575300,kWh,xm:servapibi,2026-09-22T19:23:04Z,xm/2024/02/AporEner_Sistema.2024-02-01.ndjson#AporEner:Sistema:2024-02-01:2024-02-29
2024-02-09,AporEnerMediHist,128750000,kWh,xm:servapibi,2026-09-22T19:23:05Z,xm/2024/02/AporEnerMediHist_Sistema.2024-02-01.ndjson#AporEnerMediHist:Sistema:2024-02-01:2024-02-29
2024-02-09,CapaUtilDiarEner,17359561885,kWh,xm:servapibi,2026-09-22T19:23:03Z,xm/2024/02/CapaUtilDiarEner_Sistema.2024-02-01.ndjson#CapaUtilDiarEner:Sistema:2024-02-01:2024-02-29
2024-02-09,DemaSIN,226098551.35,kWh,xm:servapibi,2026-09-22T19:23:08Z,xm/2024/02/DemaSIN_Sistema.2024-02-01.ndjson#DemaSIN:Sistema:2024-02-01:2024-02-29
2024-02-09,PorcApor,0.71126,fraction,xm:servapibi,2026-09-22T19:23:06Z,xm/2024/02/PorcApor_Sistema.2024-02-01.ndjson#PorcApor:Sistema:2024-02-01:2024-02-29
2024-02-09,PorcVoluUtilDiar,0.53191,fraction,xm:servapibi,2026-09-22T19:23:00Z,xm/2024/02/PorcVoluUtilDiar_Sistema.2024-02-01.ndjson#PorcVoluUtilDiar:Sistema:2024-02-01:2024-02-29
2024-02-09,PrecBolsNaci,515.0880816666667,COP/kWh,xm:servapibi,2026-09-22T19:23:11Z,xm/2024/02/PrecBolsNaci_Sistema.2024-02-01.ndjson#PrecBolsNaci:Sistema:2024-02-01:2024-02-29
2024-02-09,PrecEscaAct,1019.37387,COP/kWh,xm:servapibi,2026-09-22T19:23:09Z,xm/2024/02/PrecEscaAct_Sistema.2024-02-01.ndjson#PrecEscaAct:Sistema:2024-02-01:2024-02-29
2024-02-09,VoluUtilDiarEner,9233688200,kWh,xm:servapibi,2026-09-22T19:23:01Z,xm/2024/02/VoluUtilDiarEner_Sistema.2024-02-01.ndjson#VoluUtilDiarEner:Sistema:2024-02-01:2024-02-29
2024-02-10,AporEner,96304700,kWh,xm:servapibi,2026-09-22T19:23:04Z,xm/2024/02/AporEner_Sistema.2024-02-01.ndjson#AporEner:Sistema:2024-02-01:2024-02-29
2024-02-10,AporEnerMediHist,128750000,kWh,xm:servapibi,2026-09-22T19:23:05Z,xm/2024/02/AporEnerMediHist_Sistema.2024-02-01.ndjson#AporEnerMediHist:Sistema:2024-02-01:2024-02-29
2024-02-10,CapaUtilDiarEner,17359561885,kWh,xm:servapibi,2026-09-22T19:23:03Z,xm/2024/02/CapaUtilDiarEner_Sistema.2024-02-01.ndjson#CapaUtilDiarEner:Sistema:2024-02-01:2024-02-29
2024-02-10,DemaSIN,219272711.22,kWh,xm:servapibi,2026-09-22T19:23:08Z,xm/2024/02/DemaSIN_Sistema.2024-02-01.ndjson#DemaSIN:Sistema:2024-02-01:2024-02-29
2024-02-10,PorcApor,0.748,fraction,xm:servapibi,2026-09-22T19:23:06Z,xm/2024/02/PorcApor_Sistema.2024-02-01.ndjson#PorcApor:Sistema:2024-02-01:2024-02-29
2024-02-10,PorcVoluUtilDiar,0.52827,fraction,xm:servapibi,2026-09-22T19:23:00Z,xm/2024/02/PorcVoluUtilDiar_Sistema.2024-02-01.ndjson#PorcVoluUtilDiar:Sistema:2024-02-01:2024-02-29
2024-02-10,PrecBolsNaci,533.8777266666665,COP/kWh,xm:servapibi,2026-09-22T19:23:11Z,xm/2024/02/PrecBolsNaci_Sistema.2024-02-01.ndjson#PrecBolsNaci:Sistema:2024-02-01:2024-02-29
2024-02-10,PrecEscaAct,1019.37387,COP/kWh,xm:servapibi,2026-09-22T19:23:09Z,xm/2024/02/PrecEscaAct_Sistema.2024-02-01.ndjson#PrecEscaAct:Sistema:2024-02-01:2024-02-29
2024-02-10,VoluUtilDiarEner,9170551400,kWh,xm:servapibi,2026-09-22T19:23:01Z,xm/2024/02/VoluUtilDiarEner_Sistema.2024-02-01.ndjson#VoluUtilDiarEner:Sistema:2024-02-01:2024-02-29
2024-02-11,AporEner,82606700,kWh,xm:servapibi,2026-09-22T19:23:04Z,xm/2024/02/AporEner_Sistema.2024-02-01.ndjson#AporEner:Sistema:2024-02-01:2024-02-29
2024-02-11,AporEnerMediHist,128750000,kWh,xm:servapibi,2026-09-22T19:23:05Z,xm/2024/02/AporEnerMediHist_Sistema.2024-02-01.ndjson#AporEnerMediHist:Sistema:2024-02-01:2024-02-29
2024-02-11,CapaUtilDiarEner,17359561885,kWh,xm:servapibi,2026-09-22T19:23:03Z,xm/2024/02/CapaUtilDiarEner_Sistema.2024-02-01.ndjson#CapaUtilDiarEner:Sistema:2024-02-01:2024-02-29
2024-02-11,DemaSIN,203155554.01,kWh,xm:servapibi,2026-09-22T19:23:08Z,xm/2024/02/DemaSIN_Sistema.2024-02-01.ndjson#DemaSIN:Sistema:2024-02-01:2024-02-29
2024-02-11,PorcApor,0.64161,fraction,xm:servapibi,2026-09-22T19:23:06Z,xm/2024/02/PorcApor_Sistema.2024-02-01.ndjson#PorcApor:Sistema:2024-02-01:2024-02-29
2024-02-11,PorcVoluUtilDiar,0.52448,fraction,xm:servapibi,2026-09-22T19:23:00Z,xm/2024/02/PorcVoluUtilDiar_Sistema.2024-02-01.ndjson#PorcVoluUtilDiar:Sistema:2024-02-01:2024-02-29
2024-02-11,PrecBolsNaci,544.0070833333333,COP/kWh,xm:servapibi,2026-09-22T19:23:11Z,xm/2024/02/PrecBolsNaci_Sistema.2024-02-01.ndjson#PrecBolsNaci:Sistema:2024-02-01:2024-02-29
2024-02-11,PrecEscaAct,1019.37387,COP/kWh,xm:servapibi,2026-09-22T19:23:09Z,xm/2024/02/PrecEscaAct_Sistema.2024-02-01.ndjson#PrecEscaAct:Sistema:2024-02-01:2024-02-29
2024-02-11,VoluUtilDiarEner,9104711000,kWh,xm:servapibi,2026-09-22T19:23:01Z,xm/2024/02/VoluUtilDiarEner_Sistema.2024-02-01.ndjson#VoluUtilDiarEner:Sistema:2024-02-01:2024-02-29
2024-02-12,AporEner,77330600,kWh,xm:servapibi,2026-09-22T19:23:04Z,xm/2024/02/AporEner_Sistema.2024-02-01.ndjson#AporEner:Sistema:2024-02-01:2024-02-29
2024-02-12,AporEnerMediHist,128750000,kWh,xm:servapibi,2026-09-22T19:23:05Z,xm/2024/02/AporEnerMediHist_Sistema.2024-02-01.ndjson#AporEnerMediHist:Sistema:2024-02-01:2024-02-29
2024-02-12,CapaUtilDiarEner,17359561885,kWh,xm:servapibi,2026-09-22T19:23:03Z,xm/2024/02/CapaUtilDiarEner_Sistema.2024-02-01.ndjson#CapaUtilDiarEner:Sistema:2024-02-01:2024-02-29
2024-02-12,DemaSIN,230458240.61,kWh,xm:servapibi,2026-09-22T19:23:08Z,xm/2024/02/DemaSIN_Sistema.2024-02-01.ndjson#DemaSIN:Sistema:2024-02-01:2024-02-29
2024-02-12,PorcApor,0.60063,fraction,xm:servapibi,2026-09-22T19:23:06Z,xm/2024/02/PorcApor_Sistema.2024-02-01.ndjson#PorcApor:Sistema:2024-02-01:2024-02-29
2024-02-12,PorcVoluUtilDiar,0.51895,fraction,xm:servapibi,2026-09-22T19:23:00Z,xm/2024/02/PorcVoluUtilDiar_Sistema.2024-02-01.ndjson#PorcVoluUtilDiar:Sistema:2024-02-01:2024-02-29
2024-02-12,PrecBolsNaci,572.3276299999998,COP/kWh,xm:servapibi,2026-09-22T19:23:11Z,xm/2024/02/PrecBolsNaci_Sistema.2024-02-01.ndjson#PrecBolsNaci:Sistema:2024-02-01:2024-02-29
2024-02-12,PrecEscaAct,1019.37387,COP/kWh,xm:servapibi,2026-09-22T19:23:09Z,xm/2024/02/PrecEscaAct_Sistema.2024-02-01.ndjson#PrecEscaAct:Sistema:2024-02-01:2024-02-29
2024-02-12,VoluUtilDiarEner,9008699500,kWh,xm:servapibi,2026-09-22T19:23:01Z,xm/2024/02/VoluUtilDiarEner_Sistema.2024-02-01.ndjson#VoluUtilDiarEner:Sistema:2024-02-01:2024-02-29
2024-02-13,AporEner,68208100,kWh,xm:servapibi,2026-09-22T19:23:04Z,xm/2024/02/AporEner_Sistema.2024-02-01.ndjson#AporEner:Sistema:2024-02-01:2024-02-29
2024-02-13,AporEnerMediHist,128750000,kWh,xm:servapibi,2026-09-22T19:23:05Z,xm/2024/02/AporEnerMediHist_Sistema.2024-02-01.ndjson#AporEnerMediHist:Sistema:2024-02-01:2024-02-29
2024-02-13,CapaUtilDiarEner,17359561885,kWh,xm:servapibi,2026-09-22T19:23:03Z,xm/2024/02/CapaUtilDiarEner_Sistema.2024-02-01.ndjson#CapaUtilDiarEner:Sistema:2024-02-01:2024-02-29
2024-02-13,DemaSIN,234521427.87,kWh,xm:servapibi,2026-09-22T19:23:08Z,xm/2024/02/DemaSIN_Sistema.2024-02-01.ndjson#DemaSIN:Sistema:2024-02-01:2024-02-29
2024-02-13,PorcApor,0.52977,fraction,xm:servapibi,2026-09-22T19:23:06Z,xm/2024/02/PorcApor_Sistema.2024-02-01.ndjson#PorcApor:Sistema:2024-02-01:2024-02-29
2024-02-13,PorcVoluUtilDiar,0.51331,fraction,xm:servapibi,2026-09-22T19:23:00Z,xm/2024/02/PorcVoluUtilDiar_Sistema.2024-02-01.ndjson#PorcVoluUtilDiar:Sistema:2024-02-01:2024-02-29
2024-02-13,PrecBolsNaci,596.3581566666663,COP/kWh,xm:servapibi,2026-09-22T19:23:11Z,xm/2024/02/PrecBolsNaci_Sistema.2024-02-01.ndjson#PrecBolsNaci:Sistema:2024-02-01:2024-02-29
2024-02-13,PrecEscaAct,1019.37387,COP/kWh,xm:servapibi,2026-09-22T19:23:09Z,xm/2024/02/PrecEscaAct_Sistema.2024-02-01.ndjson#PrecEscaAct:Sistema:2024-02-01:2024-02-29
2024-02-13,VoluUtilDiarEner,8910765900,kWh,xm:servapibi,2026-09-22T19:23:01Z,xm/2024/02/VoluUtilDiarEner_Sistema.2024-02-01.ndjson#VoluUtilDiarEner:Sistema:2024-02-01:2024-02-29
2024-02-14,AporEner,75580000,kWh,xm:servapibi,2026-09-22T19:23:04Z,xm/2024/02/AporEner_Sistema.2024-02-01.ndjson#AporEner:Sistema:2024-02-01:2024-02-29
2024-02-14,AporEnerMediHist,128750000,kWh,xm:servapibi,2026-09-22T19:23:05Z,xm/2024/02/AporEnerMediHist_Sistema.2024-02-01.ndjson#AporEnerMediHist:Sistema:2024-02-01:2024-02-29
2024-02-14,CapaUtilDiarEner,17359561885,kWh,xm:servapibi,2026-09-22T19:23:03Z,xm/2024/02/CapaUtilDiarEner_Sistema.2024-02-01.ndjson#CapaUtilDiarEner:Sistema:2024-02-01:2024-02-29
2024-02-14,DemaSIN,236297242.39,kWh,xm:servapibi,2026-09-22T19:23:08Z,xm/2024/02/DemaSIN_Sistema.2024-02-01.ndjson#DemaSIN:Sistema:2024-02-01:2024-02-29
2024-02-14,PorcApor,0.58703,fraction,xm:servapibi,2026-09-22T19:23:06Z,xm/2024/02/PorcApor_Sistema.2024-02-01.ndjson#PorcApor:Sistema:2024-02-01:2024-02-29
2024-02-14,PorcVoluUtilDiar,0.50796,fraction,xm:servapibi,2026-09-22T19:23:00Z,xm/2024/02/PorcVoluUtilDiar_Sistema.2024-02-01.ndjson#PorcVoluUtilDiar:Sistema:2024-02-01:2024-02-29
2024-02-14,PrecBolsNaci,597.9354299999997,COP/kWh,xm:servapibi,2026-09-22T19:23:11Z,xm/2024/02/PrecBolsNaci_Sistema.2024-02-01.ndjson#PrecBolsNaci:Sistema:2024-02-01:2024-02-29
2024-02-14,PrecEscaAct,1019.37387,COP/kWh,xm:servapibi,2026-09-22T19:23:09Z,xm/2024/02/PrecEscaAct_Sistema.2024-02-01.ndjson#PrecEscaAct:Sistema:2024-02-01:2024-02-29
2024-02-14,VoluUtilDiarEner,8817927700,kWh,xm:servapibi,2026-09-22T19:23:01Z,xm/2024/02/VoluUtilDiarEner_Sistema.2024-02-01.ndjson#VoluUtilDiarEner:Sistema:2024-02-01:2024-02-29
2024-02-15,AporEner,67610800,kWh,xm:servapibi,2026-09-22T19:23:04Z,xm/2024/02/AporEner_Sistema.2024-02-01.ndjson#AporEner:Sistema:2024-02-01:2024-02-29
2024-02-15,AporEnerMediHist,128750000,kWh,xm:servapibi,2026-09-22T19:23:05Z,xm/2024/02/AporEnerMediHist_Sistema.2024-02-01.ndjson#AporEnerMediHist:Sistema:2024-02-01:2024-02-29
2024-02-15,CapaUtilDiarEner,17359561885,kWh,xm:servapibi,2026-09-22T19:23:03Z,xm/2024/02/CapaUtilDiarEner_Sistema.2024-02-01.ndjson#CapaUtilDiarEner:Sistema:2024-02-01:2024-02-29
2024-02-15,DemaSIN,237749585.1,kWh,xm:servapibi,2026-09-22T19:23:08Z,xm/2024/02/DemaSIN_Sistema.2024-02-01.ndjson#DemaSIN:Sistema:2024-02-01:2024-02-29
2024-02-15,PorcApor,0.52513,fraction,xm:servapibi,2026-09-22T19:23:06Z,xm/2024/02/PorcApor_Sistema.2024-02-01.ndjson#PorcApor:Sistema:2024-02-01:2024-02-29
2024-02-15,PorcVoluUtilDiar,0.50316,fraction,xm:servapibi,2026-09-22T19:23:00Z,xm/2024/02/PorcVoluUtilDiar_Sistema.2024-02-01.ndjson#PorcVoluUtilDiar:Sistema:2024-02-01:2024-02-29
2024-02-15,PrecBolsNaci,595.6923766666666,COP/kWh,xm:servapibi,2026-09-22T19:23:11Z,xm/2024/02/PrecBolsNaci_Sistema.2024-02-01.ndjson#PrecBolsNaci:Sistema:2024-02-01:2024-02-29
2024-02-15,PrecEscaAct,1019.37387,COP/kWh,xm:servapibi,2026-09-22T19:23:09Z,xm/2024/02/PrecEscaAct_Sistema.2024-02-01.ndjson#PrecEscaAct:Sistema:2024-02-01:2024-02-29
2024-02-15,VoluUtilDiarEner,8734589400,kWh,xm:servapibi,2026-09-22T19:23:01Z,xm/2024/02/VoluUtilDiarEner_Sistema.2024-02-01.ndjson#VoluUtilDiarEner:Sistema:2024-02-01:2024-02-29
2024-02-16,AporEner,73212900,kWh,xm:servapibi,2026-09-22T19:23:04Z,xm/2024/02/AporEner_Sistema.2024-02-01.ndjson#AporEner:Sistema:2024-02-01:2024-02-29
2024-02-16,AporEnerMediHist,128750000,kWh,xm:servapibi,2026-09-22T19:23:05Z,xm/2024/02/AporEnerMediHist_Sistema.2024-02-01.ndjson#AporEnerMediHist:Sistema:2024-02-01:2024-02-29
2024-02-16,CapaUtilDiarEner,17359561885,kWh,xm:servapibi,2026-09-22T19:23:03Z,xm/2024/02/CapaUtilDiarEner_Sistema.2024-02-01.ndjson#CapaUtilDiarEner:Sistema:2024-02-01:2024-02-29
2024-02-16,DemaSIN,239236802.81,kWh,xm:servapibi,2026-09-22T19:23:08Z,xm/2024/02/DemaSIN_Sistema.2024-02-01.ndjson#DemaSIN:Sistema:2024-02-01:2024-02-29
2024-02-16,PorcApor,0.56864,fraction,xm:servapibi,2026-09-22T19:23:06Z,xm/2024/02/PorcApor_Sistema.2024-02-01.ndjson#PorcApor:Sistema:2024-02-01:2024-02-29
2024-02-16,PorcVoluUtilDiar,0.49839,fraction,xm:servapibi,2026-09-22T19:23:00Z,xm/2024/02/PorcVoluUtilDiar_Sistema.2024-02-01.ndjson#PorcVoluUtilDiar:Sistema:2024-02-01:2024-02-29
2024-02-16,PrecBolsNaci,539.0488166666665,COP/kWh,xm:servapibi,2026-09-22T19:23:11Z,xm/2024/02/PrecBolsNaci_Sistema.2024-02-01.ndjson#PrecBolsNaci:Sistema:2024-02-01:2024-02-29
2024-02-16,PrecEscaAct,1019.37387,COP/kWh,xm:servapibi,2026-09-22T19:23:09Z,xm/2024/02/PrecEscaAct_Sistema.2024-02-01.ndjson#PrecEscaAct:Sistema:2024-02-01:2024-02-29
2024-02-16,VoluUtilDiarEner,8651917200,kWh,xm:servapibi,2026-09-22T19:23:01Z,xm/2024/02/VoluUtilDiarEner_Sistema.2024-02-01.ndjson#VoluUtilDiarEner:Sistema:2024-02-01:2024-02-29
2024-02-17,AporEner,71203100,kWh,xm:servapibi,2026-09-22T19:23:04Z,xm/2024/02/AporEner_Sistema.2024-02-01.ndjson#AporEner:Sistema:2024-02-01:2024-02-29
2024-02-17,AporEnerMediHist,128750000,kWh,xm:servapibi,2026-09-22T19:23:05Z,xm/2024/02/AporEnerMediHist_Sistema.2024-02-01.ndjson#AporEnerMediHist:Sistema:2024-02-01:2024-02-29
2024-02-17,CapaUtilDiarEner,17359561885,kWh,xm:servapibi,2026-09-22T19:23:03Z,xm/2024/02/CapaUtilDiarEner_Sistema.2024-02-01.ndjson#CapaUtilDiarEner:Sistema:2024-02-01:2024-02-29
2024-02-17,DemaSIN,228970389.61,kWh,xm:servapibi,2026-09-22T19:23:08Z,xm/2024/02/DemaSIN_Sistema.2024-02-01.ndjson#DemaSIN:Sistema:2024-02-01:2024-02-29
2024-02-17,PorcApor,0.55303,fraction,xm:servapibi,2026-09-22T19:23:06Z,xm/2024/02/PorcApor_Sistema.2024-02-01.ndjson#PorcApor:Sistema:2024-02-01:2024-02-29
2024-02-17,PorcVoluUtilDiar,0.49349,fraction,xm:servapibi,2026-09-22T19:23:00Z,xm/2024/02/PorcVoluUtilDiar_Sistema.2024-02-01.ndjson#PorcVoluUtilDiar:Sistema:2024-02-01:2024-02-29
2024-02-17,PrecBolsNaci,566.5540933333334,COP/kWh,xm:servapibi,2026-09-22T19:23:11Z,xm/2024/02/PrecBolsNaci_Sistema.2024-02-01.ndjson#PrecBolsNaci:Sistema:2024-02-01:2024-02-29
2024-02-17,PrecEscaAct,1019.37387,COP/kWh,xm:servapibi,2026-09-22T19:23:09Z,xm/2024/02/PrecEscaAct_Sistema.2024-02-01.ndjson#PrecEscaAct:Sistema:2024-02-01:2024-02-29
2024-02-17,VoluUtilDiarEner,8566693000,kWh,xm:servapibi,2026-09-22T19:23:01Z,xm/2024/02/VoluUtilDiarEner_Sistema.2024-02-01.ndjson#VoluUtilDiarEner:Sistema:2024-02-01:2024-02-29
2024-02-18,AporEner,72081100,kWh,xm:servapibi,2026-09-22T19:23:04Z,xm/2024/02/AporEner_Sistema.2024-02-01.ndjson#AporEner:Sistema:2024-02-01:2024-02-29
2024-02-18,AporEnerMediHist,128750000,kWh,xm:servapibi,2026-09-22T19:23:05Z,xm/2024/02/AporEnerMediHist_Sistema.2024-02-01.ndjson#AporEnerMediHist:Sistema:2024-02-01:2024-02-29
2024-02-18,CapaUtilDiarEner,17359561885,kWh,xm:servapibi,2026-09-22T19:23:03Z,xm/2024/02/CapaUtilDiarEner_Sistema.2024-02-01.ndjson#CapaUtilDiarEner:Sistema:2024-02-01:2024-02-29
2024-02-18,DemaSIN,209583830.87,kWh,xm:servapibi,2026-09-22T19:23:08Z,xm/2024/02/DemaSIN_Sistema.2024-02-01.ndjson#DemaSIN:Sistema:2024-02-01:2024-02-29
2024-02-18,PorcApor,0.55985,fraction,xm:servapibi,2026-09-22T19:23:06Z,xm/2024/02/PorcApor_Sistema.2024-02-01.ndjson#PorcApor:Sistema:2024-02-01:2024-02-29
2024-02-18,PorcVoluUtilDiar,0.48999,fraction,xm:servapibi,2026-09-22T19:23:00Z,xm/2024/02/PorcVoluUtilDiar_Sistema.2024-02-01.ndjson#PorcVoluUtilDiar:Sistema:2024-02-01:2024-02-29
2024-02-18,PrecBolsNaci,549.7623233333335,COP/kWh,xm:servapibi,2026-09-22T19:23:11Z,xm/2024/02/PrecBolsNaci_Sistema.2024-02-01.ndjson#PrecBolsNaci:Sistema:2024-02-01:2024-02-29
2024-02-18,PrecEscaAct,1019.37387,COP/kWh,xm:servapibi,2026-09-22T19:23:09Z,xm/2024/02/PrecEscaAct_Sistema.2024-02-01.ndjson#PrecEscaAct:Sistema:2024-02-01:2024-02-29
2024-02-18,VoluUtilDiarEner,8505949700,kWh,xm:servapibi,2026-09-22T19:23:01Z,xm/2024/02/VoluUtilDiarEner_Sistema.2024-02-01.ndjson#VoluUtilDiarEner:Sistema:2024-02-01:2024-02-29
2024-02-19,AporEner,61686100,kWh,xm:servapibi,2026-09-22T19:23:04Z,xm/2024/02/AporEner_Sistema.2024-02-01.ndjson#AporEner:Sistema:2024-02-01:2024-02-29
2024-02-19,AporEnerMediHist,128750000,kWh,xm:servapibi,2026-09-22T19:23:05Z,xm/2024/02/AporEnerMediHist_Sistema.2024-02-01.ndjson#AporEnerMediHist:Sistema:2024-02-01:2024-02-29
2024-02-19,CapaUtilDiarEner,17359561885,kWh,xm:servapibi,2026-09-22T19:23:03Z,xm/2024/02/CapaUtilDiarEner_Sistema.2024-02-01.ndjson#CapaUtilDiarEner:Sistema:2024-02-01:2024-02-29
2024-02-19,DemaSIN,234036663.34,kWh,xm:servapibi,2026-09-22T19:23:08Z,xm/2024/02/DemaSIN_Sistema.2024-02-01.ndjson#DemaSIN:Sistema:2024-02-01:2024-02-29
2024-02-19,PorcApor,0.47912,fraction,xm:servapibi,2026-09-22T19:23:06Z,xm/2024/02/PorcApor_Sistema.2024-02-01.ndjson#PorcApor:Sistema:2024-02-01:2024-02-29
2024-02-19,PorcVoluUtilDiar,0.48382,fraction,xm:servapibi,2026-09-22T19:23:00Z,xm/2024/02/PorcVoluUtilDiar_Sistema.2024-02-01.ndjson#PorcVoluUtilDiar:Sistema:2024-02-01:2024-02-29
2024-02-19,PrecBolsNaci,572.8391466666668,COP/kWh,xm:servapibi,2026-09-22T19:23:11Z,xm/2024/02/PrecBolsNaci_Sistema.2024-02-01.ndjson#PrecBolsNaci:Sistema:2024-02-01:2024-02-29
2024-02-19,PrecEscaAct,1019.37387,COP/kWh,xm:servapibi,2026-09-22T19:23:09Z,xm/2024/02/PrecEscaAct_Sistema.2024-02-01.ndjson#PrecEscaAct:Sistema:2024-02-01:2024-02-29
2024-02-19,VoluUtilDiarEner,8398835500,kWh,xm:servapibi,2026-09-22T19:23:01Z,xm/2024/02/VoluUtilDiarEner_Sistema.2024-02-01.ndjson#VoluUtilDiarEner:Sistema:2024-02-01:2024-02-29
2024-02-20,AporEner,63650300,kWh,xm:servapibi,2026-09-22T19:23:04Z,xm/2024/02/AporEner_Sistema.2024-02-01.ndjson#AporEner:Sistema:2024-02-01:2024-02-29
2024-02-20,AporEnerMediHist,128750000,kWh,xm:servapibi,2026-09-22T19:23:05Z,xm/2024/02/AporEnerMediHist_Sistema.2024-02-01.ndjson#AporEnerMediHist:Sistema:2024-02-01:2024-02-29
2024-02-20,CapaUtilDiarEner,17359561885,kWh,xm:servapibi,2026-09-22T19:23:03Z,xm/2024/02/CapaUtilDiarEner_Sistema.2024-02-01.ndjson#CapaUtilDiarEner:Sistema:2024-02-01:2024-02-29
2024-02-20,DemaSIN,235617467.98,kWh,xm:servapibi,2026-09-22T19:23:08Z,xm/2024/02/DemaSIN_Sistema.2024-02-01.ndjson#DemaSIN:Sistema:2024-02-01:2024-02-29
2024-02-20,PorcApor,0.49437,fraction,xm:servapibi,2026-09-22T19:23:06Z,xm/2024/02/PorcApor_Sistema.2024-02-01.ndjson#PorcApor:Sistema:2024-02-01:2024-02-29
2024-02-20,PorcVoluUtilDiar,0.47784,fraction,xm:servapibi,2026-09-22T19:23:00Z,xm/2024/02/PorcVoluUtilDiar_Sistema.2024-02-01.ndjson#PorcVoluUtilDiar:Sistema:2024-02-01:2024-02-29
2024-02-20,PrecBolsNaci,581.3236700000002,COP/kWh,xm:servapibi,2026-09-22T19:23:11Z,xm/2024/02/PrecBolsNaci_Sistema.2024-02-01.ndjson#PrecBolsNaci:Sistema:2024-02-01:2024-02-29
2024-02-20,PrecEscaAct,1019.37387,COP/kWh,xm:servapibi,2026-09-22T19:23:09Z,xm/2024/02/PrecEscaAct_Sistema.2024-02-01.ndjson#PrecEscaAct:Sistema:2024-02-01:2024-02-29
2024-02-20,VoluUtilDiarEner,8295161800,kWh,xm:servapibi,2026-09-22T19:23:01Z,xm/2024/02/VoluUtilDiarEner_Sistema.2024-02-01.ndjson#VoluUtilDiarEner:Sistema:2024-02-01:2024-02-29
2024-02-21,AporEner,65201400,kWh,xm:servapibi,2026-09-22T19:23:04Z,xm/2024/02/AporEner_Sistema.2024-02-01.ndjson#AporEner:Sistema:2024-02-01:2024-02-29
2024-02-21,AporEnerMediHist,128750000,kWh,xm:servapibi,2026-09-22T19:23:05Z,xm/2024/02/AporEnerMediHist_Sistema.2024-02-01.ndjson#AporEnerMediHist:Sistema:2024-02-01:2024-02-29
2024-02-21,CapaUtilDiarEner,17359561885,kWh,xm:servapibi,2026-09-22T19:23:03Z,xm/2024/02/CapaUtilDiarEner_Sistema.2024-02-01.ndjson#CapaUtilDiarEner:Sistema:2024-02-01:2024-02-29
2024-02-21,DemaSIN,230906735.3,kWh,xm:servapibi,2026-09-22T19:23:08Z,xm/2024/02/DemaSIN_Sistema.2024-02-01.ndjson#DemaSIN:Sistema:2024-02-01:2024-02-29
2024-02-21,PorcApor,0.50642,fraction,xm:servapibi,2026-09-22T19:23:06Z,xm/2024/02/PorcApor_Sistema.2024-02-01.ndjson#PorcApor:Sistema:2024-02-01:2024-02-29
2024-02-21,PorcVoluUtilDiar,0.47275,fraction,xm:servapibi,2026-09-22T19:23:00Z,xm/2024/02/PorcVoluUtilDiar_Sistema.2024-02-01.ndjson#PorcVoluUtilDiar:Sistema:2024-02-01:2024-02-29
2024-02-21,PrecBolsNaci,601.1507700000001,COP/kWh,xm:servapibi,2026-09-22T19:23:11Z,xm/2024/02/PrecBolsNaci_Sistema.2024-02-01.ndjson#PrecBolsNaci:Sistema:2024-02-01:2024-02-29
2024-02-21,PrecEscaAct,1019.37387,COP/kWh,xm:servapibi,2026-09-22T19:23:09Z,xm/2024/02/PrecEscaAct_Sistema.2024-02-01.ndjson#PrecEscaAct:Sistema:2024-02-01:2024-02-29
2024-02-21,VoluUtilDiarEner,8206650700,kWh,xm:servapibi,2026-09-22T19:23:01Z,xm/2024/02/VoluUtilDiarEner_Sistema.2024-02-01.ndjson#VoluUtilDiarEner:Sistema:2024-02-01:2024-02-29
2024-02-22,AporEner,70196600,kWh,xm:servapibi,2026-09-22T19:23:04Z,xm/2024/02/AporEner_Sistema.2024-02-01.ndjson#AporEner:Sistema:2024-02-01:2024-02-29
2024-02-22,AporEnerMediHist,128750000,kWh,xm:servapibi,2026-09-22T19:23:05Z,xm/2024/02/AporEnerMediHist_Sistema.2024-02-01.ndjson#AporEnerMediHist:Sistema:2024-02-01:2024-02-29
2024-02-22,CapaUtilDiarEner,17359561885,kWh,xm:servapibi,2026-09-22T19:23:03Z,xm/2024/02/CapaUtilDiarEner_Sistema.2024-02-01.ndjson#CapaUtilDiarEner:Sistema:2024-02-01:2024-02-29
2024-02-22,DemaSIN,229025765.65,kWh,xm:servapibi,2026-09-22T19:23:08Z,xm/2024/02/DemaSIN_Sistema.2024-02-01.ndjson#DemaSIN:Sistema:2024-02-01:2024-02-29
2024-02-22,PorcApor,0.54522,fraction,xm:servapibi,2026-09-22T19:23:06Z,xm/2024/02/PorcApor_Sistema.2024-02-01.ndjson#PorcApor:Sistema:2024-02-01:2024-02-29
2024-02-22,PorcVoluUtilDiar,0.46901,fraction,xm:servapibi,2026-09-22T19:23:00Z,xm/2024/02/PorcVoluUtilDiar_Sistema.2024-02-01.ndjson#PorcVoluUtilDiar:Sistema:2024-02-01:2024-02-29
2024-02-22,PrecBolsNaci,506.00026999999983,COP/kWh,xm:servapibi,2026-09-22T19:23:11Z,xm/2024/02/PrecBolsNaci_Sistema.2024-02-01.ndjson#PrecBolsNaci:Sistema:2024-02-01:2024-02-29
2024-02-22,PrecEscaAct,1019.37387,COP/kWh,xm:servapibi,2026-09-22T19:23:09Z,xm/2024/02/PrecEscaAct_Sistema.2024-02-01.ndjson#PrecEscaAct:Sistema:2024-02-01:2024-02-29
2024-02-22,VoluUtilDiarEner,8141838200,kWh,xm:servapibi,2026-09-22T19:23:01Z,xm/2024/02/VoluUtilDiarEner_Sistema.2024-02-01.ndjson#VoluUtilDiarEner:Sistema:2024-02-01:2024-02-29
2024-02-23,AporEner,67642500,kWh,xm:servapibi,2026-09-22T19:23:04Z,xm/2024/02/AporEner_Sistema.2024-02-01.ndjson#AporEner:Sistema:2024-02-01:2024-02-29
2024-02-23,AporEnerMediHist,128750000,kWh,xm:servapibi,2026-09-22T19:23:05Z,xm/2024/02/AporEnerMediHist_Sistema.2024-02-01.ndjson#AporEnerMediHist:Sistema:2024-02-01:2024-02-29
2024-02-23,CapaUtilDiarEner,17359561885,kWh,xm:servapibi,2026-09-22T19:23:03Z,xm/2024/02/CapaUtilDiarEner_Sistema.2024-02-01.ndjson#CapaUtilDiarEner:Sistema:2024-02-01:2024-02-29
2024-02-23,DemaSIN,230444855.21,kWh,xm:servapibi,2026-09-22T19:23:08Z,xm/2024/02/DemaSIN_Sistema.2024-02-01.ndjson#DemaSIN:Sistema:2024-02-01:2024-02-29
2024-02-23,PorcApor,0.52538,fraction,xm:servapibi,2026-09-22T19:23:06Z,xm/2024/02/PorcApor_Sistema.2024-02-01.ndjson#PorcApor:Sistema:2024-02-01:2024-02-29
2024-02-23,PorcVoluUtilDiar,0.4644,fraction,xm:servapibi,2026-09-22T19:23:00Z,xm/2024/02/PorcVoluUtilDiar_Sistema.2024-02-01.ndjson#PorcVoluUtilDiar:Sistema:2024-02-01:2024-02-29
2024-02-23,PrecBolsNaci,569.0694533333334,COP/kWh,xm:servapibi,2026-09-22T19:23:11Z,xm/2024/02/PrecBolsNaci_Sistema.2024-02-01.ndjson#PrecBolsNaci:Sistema:2024-02-01:2024-02-29
2024-02-23,PrecEscaAct,1019.37387,COP/kWh,xm:servapibi,2026-09-22T19:23:09Z,xm/2024/02/PrecEscaAct_Sistema.2024-02-01.ndjson#PrecEscaAct:Sistema:2024-02-01:2024-02-29
2024-02-23,VoluUtilDiarEner,8061835900,kWh,xm:servapibi,2026-09-22T19:23:01Z,xm/2024/02/VoluUtilDiarEner_Sistema.2024-02-01.ndjson#VoluUtilDiarEner:Sistema:2024-02-01:2024-02-29
2024-02-24,AporEner,59337400,kWh,xm:servapibi,2026-09-22T19:23:04Z,xm/2024/02/AporEner_Sistema.2024-02-01.ndjson#AporEner:Sistema:2024-02-01:2024-02-29
2024-02-24,AporEnerMediHist,128750000,kWh,xm:servapibi,2026-09-22T19:23:05Z,xm/2024/02/AporEnerMediHist_Sistema.2024-02-01.ndjson#AporEnerMediHist:Sistema:2024-02-01:2024-02-29
2024-02-24,CapaUtilDiarEner,17359561885,kWh,xm:servapibi,2026-09-22T19:23:03Z,xm/2024/02/CapaUtilDiarEner_Sistema.2024-02-01.ndjson#CapaUtilDiarEner:Sistema:2024-02-01:2024-02-29
2024-02-24,DemaSIN,222317815.32,kWh,xm:servapibi,2026-09-22T19:23:08Z,xm/2024/02/DemaSIN_Sistema.2024-02-01.ndjson#DemaSIN:Sistema:2024-02-01:2024-02-29
2024-02-24,PorcApor,0.46087,fraction,xm:servapibi,2026-09-22T19:23:06Z,xm/2024/02/PorcApor_Sistema.2024-02-01.ndjson#PorcApor:Sistema:2024-02-01:2024-02-29
2024-02-24,PorcVoluUtilDiar,0.46044,fraction,xm:servapibi,2026-09-22T19:23:00Z,xm/2024/02/PorcVoluUtilDiar_Sistema.2024-02-01.ndjson#PorcVoluUtilDiar:Sistema:2024-02-01:2024-02-29
2024-02-24,PrecBolsNaci,586.1107466666665,COP/kWh,xm:servapibi,2026-09-22T19:23:11Z,xm/2024/02/PrecBolsNaci_Sistema.2024-02-01.ndjson#PrecBolsNaci:Sistema:2024-02-01:2024-02-29
2024-02-24,PrecEscaAct,1019.37387,COP/kWh,xm:servapibi,2026-09-22T19:23:09Z,xm/2024/02/PrecEscaAct_Sistema.2024-02-01.ndjson#PrecEscaAct:Sistema:2024-02-01:2024-02-29
2024-02-24,VoluUtilDiarEner,7992990000,kWh,xm:servapibi,2026-09-22T19:23:01Z,xm/2024/02/VoluUtilDiarEner_Sistema.2024-02-01.ndjson#VoluUtilDiarEner:Sistema:2024-02-01:2024-02-29
2024-02-25,AporEner,63093800,kWh,xm:servapibi,2026-09-22T19:23:04Z,xm/2024/02/AporEner_Sistema.2024-02-01.ndjson#AporEner:Sistema:2024-02-01:2024-02-29
2024-02-25,AporEnerMediHist,128750000,kWh,xm:servapibi,2026-09-22T19:23:05Z,xm/2024/02/AporEnerMediHist_Sistema.2024-02-01.ndjson#AporEnerMediHist:Sistema:2024-02-01:2024-02-29
2024-02-25,CapaUtilDiarEner,17359561885,kWh,xm:servapibi,2026-09-22T19:23:03Z,xm/2024/02/CapaUtilDiarEner_Sistema.2024-02-01.ndjson#CapaUtilDiarEner:Sistema:2024-02-01:2024-02-29
2024-02-25,DemaSIN,202921249.77,kWh,xm:servapibi,2026-09-22T19:23:08Z,xm/2024/02/DemaSIN_Sistema.2024-02-01.ndjson#DemaSIN:Sistema:2024-02-01:2024-02-29
2024-02-25,PorcApor,0.49005,fraction,xm:servapibi,2026-09-22T19:23:06Z,xm/2024/02/PorcApor_Sistema.2024-02-01.ndjson#PorcApor:Sistema:2024-02-01:2024-02-29
2024-02-25,PorcVoluUtilDiar,0.45793,fraction,xm:servapibi,2026-09-22T19:23:00Z,xm/2024/02/PorcVoluUtilDiar_Sistema.2024-02-01.ndjson#PorcVoluUtilDiar:Sistema:2024-02-01:2024-02-29
2024-02-25,PrecBolsNaci,555.95125,COP/kWh,xm:servapibi,2026-09-22T19:23:11Z,xm/2024/02/PrecBolsNaci_Sistema.2024-02-01.ndjson#PrecBolsNaci:Sistema:2024-02-01:2024-02-29
2024-02-25,PrecEscaAct,1019.37387,COP/kWh,xm:servapibi,2026-09-22T19:23:09Z,xm/2024/02/PrecEscaAct_Sistema.2024-02-01.ndjson#PrecEscaAct:Sistema:2024-02-01:2024-02-29
2024-02-25,VoluUtilDiarEner,7949506300,kWh,xm:servapibi,2026-09-22T19:23:01Z,xm/2024/02/VoluUtilDiarEner_Sistema.2024-02-01.ndjson#VoluUtilDiarEner:Sistema:2024-02-01:2024-02-29
2024-02-26,AporEner,63723400,kWh,xm:servapibi,2026-09-22T19:23:04Z,xm/2024/02/AporEner_Sistema.2024-02-01.ndjson#AporEner:Sistema:2024-02-01:2024-02-29
2024-02-26,AporEnerMediHist,128750000,kWh,xm:servapibi,2026-09-22T19:23:05Z,xm/2024/02/AporEnerMediHist_Sistema.2024-02-01.ndjson#AporEnerMediHist:Sistema:2024-02-01:2024-02-29
2024-02-26,CapaUtilDiarEner,17359561885,kWh,xm:servapibi,2026-09-22T19:23:03Z,xm/2024/02/CapaUtilDiarEner_Sistema.2024-02-01.ndjson#CapaUtilDiarEner:Sistema:2024-02-01:2024-02-29
2024-02-26,DemaSIN,228197446.84,kWh,xm:servapibi,2026-09-22T19:23:08Z,xm/2024/02/DemaSIN_Sistema.2024-02-01.ndjson#DemaSIN:Sistema:2024-02-01:2024-02-29
2024-02-26,PorcApor,0.49494,fraction,xm:servapibi,2026-09-22T19:23:06Z,xm/2024/02/PorcApor_Sistema.2024-02-01.ndjson#PorcApor:Sistema:2024-02-01:2024-02-29
2024-02-26,PorcVoluUtilDiar,0.45316,fraction,xm:servapibi,2026-09-22T19:23:00Z,xm/2024/02/PorcVoluUtilDiar_Sistema.2024-02-01.ndjson#PorcVoluUtilDiar:Sistema:2024-02-01:2024-02-29
2024-02-26,PrecBolsNaci,564.4199133333333,COP/kWh,xm:servapibi,2026-09-22T19:23:11Z,xm/2024/02/PrecBolsNaci_Sistema.2024-02-01.ndjson#PrecBolsNaci:Sistema:2024-02-01:2024-02-29
2024-02-26,PrecEscaAct,1019.37387,COP/kWh,xm:servapibi,2026-09-22T19:23:09Z,xm/2024/02/PrecEscaAct_Sistema.2024-02-01.ndjson#PrecEscaAct:Sistema:2024-02-01:2024-02-29
2024-02-26,VoluUtilDiarEner,7866628500,kWh,xm:servapibi,2026-09-22T19:23:01Z,xm/2024/02/VoluUtilDiarEner_Sistema.2024-02-01.ndjson#VoluUtilDiarEner:Sistema:2024-02-01:2024-02-29
2024-02-27,AporEner,62636200,kWh,xm:servapibi,2026-09-22T19:23:04Z,xm/2024/02/AporEner_Sistema.2024-02-01.ndjson#AporEner:Sistema:2024-02-01:2024-02-29
2024-02-27,AporEnerMediHist,128750000,kWh,xm:servapibi,2026-09-22T19:23:05Z,xm/2024/02/AporEnerMediHist_Sistema.2024-02-01.ndjson#AporEnerMediHist:Sistema:2024-02-01:2024-02-29
2024-02-27,CapaUtilDiarEner,17359561885,kWh,xm:servapibi,2026-09-22T19:23:03Z,xm/2024/02/CapaUtilDiarEner_Sistema.2024-02-01.ndjson#CapaUtilDiarEner:Sistema:2024-02-01:2024-02-29
2024-02-27,DemaSIN,233711924.77,kWh,xm:servapibi,2026-09-22T19:23:08Z,xm/2024/02/DemaSIN_Sistema.2024-02-01.ndjson#DemaSIN:Sistema:2024-02-01:2024-02-29
2024-02-27,PorcApor,0.48649,fraction,xm:servapibi,2026-09-22T19:23:06Z,xm/2024/02/PorcApor_Sistema.2024-02-01.ndjson#PorcApor:Sistema:2024-02-01:2024-02-29
2024-02-27,PorcVoluUtilDiar,0.44846,fraction,xm:servapibi,2026-09-22T19:23:00Z,xm/2024/02/PorcVoluUtilDiar_Sistema.2024-02-01.ndjson#PorcVoluUtilDiar:Sistema:2024-02-01:2024-02-29
2024-02-27,PrecBolsNaci,534.2426549999998,COP/kWh,xm:servapibi,2026-09-22T19:23:11Z,xm/2024/02/PrecBolsNaci_Sistema.2024-02-01.ndjson#PrecBolsNaci:Sistema:2024-02-01:2024-02-29
2024-02-27,PrecEscaAct,1019.37387,COP/kWh,xm:servapibi,2026-09-22T19:23:09Z,xm/2024/02/PrecEscaAct_Sistema.2024-02-01.ndjson#PrecEscaAct:Sistema:2024-02-01:2024-02-29
2024-02-27,VoluUtilDiarEner,7784996700,kWh,xm:servapibi,2026-09-22T19:23:01Z,xm/2024/02/VoluUtilDiarEner_Sistema.2024-02-01.ndjson#VoluUtilDiarEner:Sistema:2024-02-01:2024-02-29
2024-02-28,AporEner,60267200,kWh,xm:servapibi,2026-09-22T19:23:04Z,xm/2024/02/AporEner_Sistema.2024-02-01.ndjson#AporEner:Sistema:2024-02-01:2024-02-29
2024-02-28,AporEnerMediHist,128750000,kWh,xm:servapibi,2026-09-22T19:23:05Z,xm/2024/02/AporEnerMediHist_Sistema.2024-02-01.ndjson#AporEnerMediHist:Sistema:2024-02-01:2024-02-29
2024-02-28,CapaUtilDiarEner,17359561885,kWh,xm:servapibi,2026-09-22T19:23:03Z,xm/2024/02/CapaUtilDiarEner_Sistema.2024-02-01.ndjson#CapaUtilDiarEner:Sistema:2024-02-01:2024-02-29
2024-02-28,DemaSIN,234742942.37,kWh,xm:servapibi,2026-09-22T19:23:08Z,xm/2024/02/DemaSIN_Sistema.2024-02-01.ndjson#DemaSIN:Sistema:2024-02-01:2024-02-29
2024-02-28,PorcApor,0.46809,fraction,xm:servapibi,2026-09-22T19:23:06Z,xm/2024/02/PorcApor_Sistema.2024-02-01.ndjson#PorcApor:Sistema:2024-02-01:2024-02-29
2024-02-28,PorcVoluUtilDiar,0.44321,fraction,xm:servapibi,2026-09-22T19:23:00Z,xm/2024/02/PorcVoluUtilDiar_Sistema.2024-02-01.ndjson#PorcVoluUtilDiar:Sistema:2024-02-01:2024-02-29
2024-02-28,PrecBolsNaci,473.31173666666655,COP/kWh,xm:servapibi,2026-09-22T19:23:11Z,xm/2024/02/PrecBolsNaci_Sistema.2024-02-01.ndjson#PrecBolsNaci:Sistema:2024-02-01:2024-02-29
2024-02-28,PrecEscaAct,1019.37387,COP/kWh,xm:servapibi,2026-09-22T19:23:09Z,xm/2024/02/PrecEscaAct_Sistema.2024-02-01.ndjson#PrecEscaAct:Sistema:2024-02-01:2024-02-29
2024-02-28,VoluUtilDiarEner,7693937200,kWh,xm:servapibi,2026-09-22T19:23:01Z,xm/2024/02/VoluUtilDiarEner_Sistema.2024-02-01.ndjson#VoluUtilDiarEner:Sistema:2024-02-01:2024-02-29
2024-02-29,AporEner,60390000,kWh,xm:servapibi,2026-09-22T19:23:04Z,xm/2024/02/AporEner_Sistema.2024-02-01.ndjson#AporEner:Sistema:2024-02-01:2024-02-29
2024-02-29,AporEnerMediHist,128750000,kWh,xm:servapibi,2026-09-22T19:23:05Z,xm/2024/02/AporEnerMediHist_Sistema.2024-02-01.ndjson#AporEnerMediHist:Sistema:2024-02-01:2024-02-29
2024-02-29,CapaUtilDiarEner,17359561885,kWh,xm:servapibi,2026-09-22T19:23:03Z,xm/2024/02/CapaUtilDiarEner_Sistema.2024-02-01.ndjson#CapaUtilDiarEner:Sistema:2024-02-01:2024-02-29
2024-02-29,DemaSIN,236246634.33,kWh,xm:servapibi,2026-09-22T19:23:08Z,xm/2024/02/DemaSIN_Sistema.2024-02-01.ndjson#DemaSIN:Sistema:2024-02-01:2024-02-29
2024-02-29,PorcApor,0.46905,fraction,xm:servapibi,2026-09-22T19:23:06Z,xm/2024/02/PorcApor_Sistema.2024-02-01.ndjson#PorcApor:Sistema:2024-02-01:2024-02-29
2024-02-29,PorcVoluUtilDiar,0.43805,fraction,xm:servapibi,2026-09-22T19:23:00Z,xm/2024/02/PorcVoluUtilDiar_Sistema.2024-02-01.ndjson#PorcVoluUtilDiar:Sistema:2024-02-01:2024-02-29
2024-02-29,PrecBolsNaci,495.9161633333335,COP/kWh,xm:servapibi,2026-09-22T19:23:11Z,xm/2024/02/PrecBolsNaci_Sistema.2024-02-01.ndjson#PrecBolsNaci:Sistema:2024-02-01:2024-02-29
2024-02-29,PrecEscaAct,1019.37387,COP/kWh,xm:servapibi,2026-09-22T19:23:09Z,xm/2024/02/PrecEscaAct_Sistema.2024-02-01.ndjson#PrecEscaAct:Sistema:2024-02-01:2024-02-29
2024-02-29,VoluUtilDiarEner,7604355000,kWh,xm:servapibi,2026-09-22T19:23:01Z,xm/2024/02/VoluUtilDiarEner_Sistema.2024-02-01.ndjson#VoluUtilDiarEner:Sistema:2024-02-01:2024-02-29
2024-03-01,AporEner,61700200,kWh,xm:servapibi,2026-09-22T19:23:19Z,xm/2024/03/AporEner_Sistema.2024-03-01.ndjson#AporEner:Sistema:2024-03-01:2024-03-31
2024-03-01,AporEnerMediHist,154140000,kWh,xm:servapibi,2026-09-22T19:23:20Z,xm/2024/03/AporEnerMediHist_Sistema.2024-03-01.ndjson#AporEnerMediHist:Sistema:2024-03-01:2024-03-31
2024-03-01,CapaUtilDiarEner,17359561885,kWh,xm:servapibi,2026-09-22T19:23:18Z,xm/2024/03/CapaUtilDiarEner_Sistema.2024-03-01.ndjson#CapaUtilDiarEner:Sistema:2024-03-01:2024-03-31
2024-03-01,DemaSIN,233279665.22,kWh,xm:servapibi,2026-09-22T19:23:23Z,xm/2024/03/DemaSIN_Sistema.2024-03-01.ndjson#DemaSIN:Sistema:2024-03-01:2024-03-31
2024-03-01,PorcApor,0.40029,fraction,xm:servapibi,2026-09-22T19:23:22Z,xm/2024/03/PorcApor_Sistema.2024-03-01.ndjson#PorcApor:Sistema:2024-03-01:2024-03-31
2024-03-01,PorcVoluUtilDiar,0.43289,fraction,xm:servapibi,2026-09-22T19:23:15Z,xm/2024/03/PorcVoluUtilDiar_Sistema.2024-03-01.ndjson#PorcVoluUtilDiar:Sistema:2024-03-01:2024-03-31
2024-03-01,PrecBolsNaci,483.7799566666668,COP/kWh,xm:servapibi,2026-09-22T19:23:26Z,xm/2024/03/PrecBolsNaci_Sistema.2024-03-01.ndjson#PrecBolsNaci:Sistema:2024-03-01:2024-03-31
2024-03-01,PrecEscaAct,1034.44047,COP/kWh,xm:servapibi,2026-09-22T19:23:24Z,xm/2024/03/PrecEscaAct_Sistema.2024-03-01.ndjson#PrecEscaAct:Sistema:2024-03-01:2024-03-31
2024-03-01,VoluUtilDiarEner,7514756200,kWh,xm:servapibi,2026-09-22T19:23:16Z,xm/2024/03/VoluUtilDiarEner_Sistema.2024-03-01.ndjson#VoluUtilDiarEner:Sistema:2024-03-01:2024-03-31
2024-03-02,AporEner,62997900,kWh,xm:servapibi,2026-09-22T19:23:19Z,xm/2024/03/AporEner_Sistema.2024-03-01.ndjson#AporEner:Sistema:2024-03-01:2024-03-31
2024-03-02,AporEnerMediHist,154140000,kWh,xm:servapibi,2026-09-22T19:23:20Z,xm/2024/03/AporEnerMediHist_Sistema.2024-03-01.ndjson#AporEnerMediHist:Sistema:2024-03-01:2024-03-31
2024-03-02,CapaUtilDiarEner,17359561885,kWh,xm:servapibi,2026-09-22T19:23:18Z,xm/2024/03/CapaUtilDiarEner_Sistema.2024-03-01.ndjson#CapaUtilDiarEner:Sistema:2024-03-01:2024-03-31
2024-03-02,DemaSIN,221452689.33,kWh,xm:servapibi,2026-09-22T19:23:23Z,xm/2024/03/DemaSIN_Sistema.2024-03-01.ndjson#DemaSIN:Sistema:2024-03-01:2024-03-31
2024-03-02,PorcApor,0.40871,fraction,xm:servapibi,2026-09-22T19:23:22Z,xm/2024/03/PorcApor_Sistema.2024-03-01.ndjson#PorcApor:Sistema:2024-03-01:2024-03-31
2024-03-02,PorcVoluUtilDiar,0.42768,fraction,xm:servapibi,2026-09-22T19:23:15Z,xm/2024/03/PorcVoluUtilDiar_Sistema.2024-03-01.ndjson#PorcVoluUtilDiar:Sistema:2024-03-01:2024-03-31
2024-03-02,PrecBolsNaci,493.1285433333335,COP/kWh,xm:servapibi,2026-09-22T19:23:26Z,xm/2024/03/PrecBolsNaci_Sistema.2024-03-01.ndjson#PrecBolsNaci:Sistema:2024-03-01:2024-03-31
2024-03-02,PrecEscaAct,1034.44047,COP/kWh,xm:servapibi,2026-09-22T19:23:24Z,xm/2024/03/PrecEscaAct_Sistema.2024-03-01.ndjson#PrecEscaAct:Sistema:2024-03-01:2024-03-31
2024-03-02,VoluUtilDiarEner,7424399100,kWh,xm:servapibi,2026-09-22T19:23:16Z,xm/2024/03/VoluUtilDiarEner_Sistema.2024-03-01.ndjson#VoluUtilDiarEner:Sistema:2024-03-01:2024-03-31
2024-03-03,AporEner,64702500,kWh,xm:servapibi,2026-09-22T19:23:19Z,xm/2024/03/AporEner_Sistema.2024-03-01.ndjson#AporEner:Sistema:2024-03-01:2024-03-31
2024-03-03,AporEnerMediHist,154140000,kWh,xm:servapibi,2026-09-22T19:23:20Z,xm/2024/03/AporEnerMediHist_Sistema.2024-03-01.ndjson#AporEnerMediHist:Sistema:2024-03-01:2024-03-31
2024-03-03,CapaUtilDiarEner,17359561885,kWh,xm:servapibi,2026-09-22T19:23:18Z,xm/2024/03/CapaUtilDiarEner_Sistema.2024-03-01.ndjson#CapaUtilDiarEner:Sistema:2024-03-01:2024-03-31
2024-03-03,DemaSIN,201958835.77,kWh,xm:servapibi,2026-09-22T19:23:23Z,xm/2024/03/DemaSIN_Sistema.2024-03-01.ndjson#DemaSIN:Sistema:2024-03-01:2024-03-31
2024-03-03,PorcApor,0.41976,fraction,xm:servapibi,2026-09-22T19:23:22Z,xm/2024/03/PorcApor_Sistema.2024-03-01.ndjson#PorcApor:Sistema:2024-03-01:2024-03-31
2024-03-03,PorcVoluUtilDiar,0.42403,fraction,xm:servapibi,2026-09-22T19:23:15Z,xm/2024/03/PorcVoluUtilDiar_Sistema.2024-03-01.ndjson#PorcVoluUtilDiar:Sistema:2024-03-01:2024-03-31
2024-03-03,PrecBolsNaci,473.1947749999999,COP/kWh,xm:servapibi,2026-09-22T19:23:26Z,xm/2024/03/PrecBolsNaci_Sistema.2024-03-01.ndjson#PrecBolsNaci:Sistema:2024-03-01:2024-03-31
2024-03-03,PrecEscaAct,1034.44047,COP/kWh,xm:servapibi,2026-09-22T19:23:24Z,xm/2024/03/PrecEscaAct_Sistema.2024-03-01.ndjson#PrecEscaAct:Sistema:2024-03-01:2024-03-31
2024-03-03,VoluUtilDiarEner,7361001900,kWh,xm:servapibi,2026-09-22T19:23:16Z,xm/2024/03/VoluUtilDiarEner_Sistema.2024-03-01.ndjson#VoluUtilDiarEner:Sistema:2024-03-01:2024-03-31
2024-03-04,AporEner,73074500,kWh,xm:servapibi,2026-09-22T19:23:19Z,xm/2024/03/AporEner_Sistema.2024-03-01.ndjson#AporEner:Sistema:2024-03-01:2024-03-31
2024-03-04,AporEnerMediHist,154140000,kWh,xm:servapibi,2026-09-22T19:23:20Z,xm/2024/03/AporEnerMediHist_Sistema.2024-03-01.ndjson#AporEnerMediHist:Sistema:2024-03-01:2024-03-31
2024-03-04,CapaUtilDiarEner,17359561885,kWh,xm:servapibi,2026-09-22T19:23:18Z,xm/2024/03/CapaUtilDiarEner_Sistema.2024-03-01.ndjson#CapaUtilDiarEner:Sistema:2024-03-01:2024-03-31
2024-03-04,DemaSIN,230318692.86,kWh,xm:servapibi,2026-09-22T19:23:23Z,xm/2024/03/DemaSIN_Sistema.2024-03-01.ndjson#DemaSIN:Sistema:2024-03-01:2024-03-31
2024-03-04,PorcApor,0.47408,fraction,xm:servapibi,2026-09-22T19:23:22Z,xm/2024/03/PorcApor_Sistema.2024-03-01.ndjson#PorcApor:Sistema:2024-03-01:2024-03-31
2024-03-04,PorcVoluUtilDiar,0.41862,fraction,xm:servapibi,2026-09-22T19:23:15Z,xm/2024/03/PorcVoluUtilDiar_Sistema.2024-03-01.ndjson#PorcVoluUtilDiar:Sistema:2024-03-01:2024-03-31
2024-03-04,PrecBolsNaci,484.32429833333345,COP/kWh,xm:servapibi,2026-09-22T19:23:26Z,xm/2024/03/PrecBolsNaci_Sistema.2024-03-01.ndjson#PrecBolsNaci:Sistema:2024-03-01:2024-03-31
2024-03-04,PrecEscaAct,1034.44047,COP/kWh,xm:servapibi,2026-09-22T19:23:24Z,xm/2024/03/PrecEscaAct_Sistema.2024-03-01.ndjson#PrecEscaAct:Sistema:2024-03-01:2024-03-31
2024-03-04,VoluUtilDiarEner,7267010100,kWh,xm:servapibi,2026-09-22T19:23:16Z,xm/2024/03/VoluUtilDiarEner_Sistema.2024-03-01.ndjson#VoluUtilDiarEner:Sistema:2024-03-01:2024-03-31
2024-03-05,AporEner,70410700,kWh,xm:servapibi,2026-09-22T19:23:19Z,xm/2024/03/AporEner_Sistema.2024-03-01.ndjson#AporEner:Sistema:2024-03-01:2024-03-31
2024-03-05,AporEnerMediHist,154140000,kWh,xm:servapibi,2026-09-22T19:23:20Z,xm/2024/03/AporEnerMediHist_Sistema.2024-03-01.ndjson#AporEnerMediHist:Sistema:2024-03-01:2024-03-31
2024-03-05,CapaUtilDiarEner,17359561885,kWh,xm:servapibi,2026-09-22T19:23:18Z,xm/2024/03/CapaUtilDiarEner_Sistema.2024-03-01.ndjson#CapaUtilDiarEner:Sistema:2024-03-01:2024-03-31
2024-03-05,DemaSIN,234964950.42,kWh,xm:servapibi,2026-09-22T19:23:23Z,xm/2024/03/DemaSIN_Sistema.2024-03-01.ndjson#DemaSIN:Sistema:2024-03-01:2024-03-31
2024-03-05,PorcApor,0.4568,fraction,xm:servapibi,2026-09-22T19:23:22Z,xm/2024/03/PorcApor_Sistema.2024-03-01.ndjson#PorcApor:Sistema:2024-03-01:2024-03-31
2024-03-05,PorcVoluUtilDiar,0.41361,fraction,xm:servapibi,2026-09-22T19:23:15Z,xm/2024/03/PorcVoluUtilDiar_Sistema.2024-03-01.ndjson#PorcVoluUtilDiar:Sistema:2024-03-01:2024-03-31
2024-03-05,PrecBolsNaci,539.192313333333,COP/kWh,xm:servapibi,2026-09-22T19:23:26Z,xm/2024/03/PrecBolsNaci_Sistema.2024-03-01.ndjson#PrecBolsNaci:Sistema:2024-03-01:2024-03-31
2024-03-05,PrecEscaAct,1034.44047,COP/kWh,xm:servapibi,2026-09-22T19:23:24Z,xm/2024/03/PrecEscaAct_Sistema.2024-03-01.ndjson#PrecEscaAct:Sistema:2024-03-01:2024-03-31
2024-03-05,VoluUtilDiarEner,7180144300,kWh,xm:servapibi,2026-09-22T19:23:16Z,xm/2024/03/VoluUtilDiarEner_Sistema.2024-03-01.ndjson#VoluUtilDiarEner:Sistema:2024-03-01:2024-03-31
2024-03-06,AporEner,67105000,kWh,xm:servapibi,2026-09-22T19:23:19Z,xm/2024/03/AporEner_Sistema.2024-03-01.ndjson#AporEner:Sistema:2024-03-01:2024-03-31
2024-03-06,AporEnerMediHist,154140000,kWh,xm:servapibi,2026-09-22T19:23:20Z,xm/2024/03/AporEnerMediHist_Sistema.2024-03-01.ndjson#AporEnerMediHist:Sistema:2024-03-01:2024-03-31
2024-03-06,CapaUtilDiarEner,17359561885,kWh,xm:servapibi,2026-09-22T19:23:18Z,xm/2024/03/CapaUtilDiarEner_Sistema.2024-03-01.ndjson#CapaUtilDiarEner:Sistema:2024-03-01:2024-03-31
2024-03-06,DemaSIN,238781235.11,kWh,xm:servapibi,2026-09-22T19:23:23Z,xm/2024/03/DemaSIN_Sistema.2024-03-01.ndjson#DemaSIN:Sistema:2024-03-01:2024-03-31
2024-03-06,PorcApor,0.43535,fraction,xm:servapibi,2026-09-22T19:23:22Z,xm/2024/03/PorcApor_Sistema.2024-03-01.ndjson#PorcApor:Sistema:2024-03-01:2024-03-31
2024-03-06,PorcVoluUtilDiar,0.40883,fraction,xm:servapibi,2026-09-22T19:23:15Z,xm/2024/03/PorcVoluUtilDiar_Sistema.2024-03-01.ndjson#PorcVoluUtilDiar:Sistema:2024-03-01:2024-03-31
2024-03-06,PrecBolsNaci,541.6231083333334,COP/kWh,xm:servapibi,2026-09-22T19:23:26Z,xm/2024/03/PrecBolsNaci_Sistema.2024-03-01.ndjson#PrecBolsNaci:Sistema:2024-03-01:2024-03-31
2024-03-06,PrecEscaAct,1034.44047,COP/kWh,xm:servapibi,2026-09-22T19:23:24Z,xm/2024/03/PrecEscaAct_Sistema.2024-03-01.ndjson#PrecEscaAct:Sistema:2024-03-01:2024-03-31
2024-03-06,VoluUtilDiarEner,7097042500,kWh,xm:servapibi,2026-09-22T19:23:16Z,xm/2024/03/VoluUtilDiarEner_Sistema.2024-03-01.ndjson#VoluUtilDiarEner:Sistema:2024-03-01:2024-03-31
2024-03-07,AporEner,60912100,kWh,xm:servapibi,2026-09-22T19:23:19Z,xm/2024/03/AporEner_Sistema.2024-03-01.ndjson#AporEner:Sistema:2024-03-01:2024-03-31
2024-03-07,AporEnerMediHist,154140000,kWh,xm:servapibi,2026-09-22T19:23:20Z,xm/2024/03/AporEnerMediHist_Sistema.2024-03-01.ndjson#AporEnerMediHist:Sistema:2024-03-01:2024-03-31
2024-03-07,CapaUtilDiarEner,17359561885,kWh,xm:servapibi,2026-09-22T19:23:18Z,xm/2024/03/CapaUtilDiarEner_Sistema.2024-03-01.ndjson#CapaUtilDiarEner:Sistema:2024-03-01:2024-03-31
2024-03-07,DemaSIN,240474177.16,kWh,xm:servapibi,2026-09-22T19:23:23Z,xm/2024/03/DemaSIN_Sistema.2024-03-01.ndjson#DemaSIN:Sistema:2024-03-01:2024-03-31
2024-03-07,PorcApor,0.39517,fraction,xm:servapibi,2026-09-22T19:23:22Z,xm/2024/03/PorcApor_Sistema.2024-03-01.ndjson#PorcApor:Sistema:2024-03-01:2024-03-31
2024-03-07,PorcVoluUtilDiar,0.40391,fraction,xm:servapibi,2026-09-22T19:23:15Z,xm/2024/03/PorcVoluUtilDiar_Sistema.2024-03-01.ndjson#PorcVoluUtilDiar:Sistema:2024-03-01:2024-03-31
2024-03-07,PrecBolsNaci,561.6504316666666,COP/kWh,xm:servapibi,2026-09-22T19:23:26Z,xm/2024/03/PrecBolsNaci_Sistema.2024-03-01.ndjson#PrecBolsNaci:Sistema:2024-03-01:2024-03-31
2024-03-07,PrecEscaAct,1034.44047,COP/kWh,xm:servapibi,2026-09-22T19:23:24Z,xm/2024/03/PrecEscaAct_Sistema.2024-03-01.ndjson#PrecEscaAct:Sistema:2024-03-01:2024-03-31
2024-03-07,VoluUtilDiarEner,7011673500,kWh,xm:servapibi,2026-09-22T19:23:16Z,xm/2024/03/VoluUtilDiarEner_Sistema.2024-03-01.ndjson#VoluUtilDiarEner:Sistema:2024-03-01:2024-03-31
2024-03-08,AporEner,69219300,kWh,xm:servapibi,2026-09-22T19:23:19Z,xm/2024/03/AporEner_Sistema.2024-03-01.ndjson#AporEner:Sistema:2024-03-01:2024-03-31
2024-03-08,AporEnerMediHist,154140000,kWh,xm:servapibi,2026-09-22T19:23:20Z,xm/2024/03/AporEnerMediHist_Sistema.2024-03-01.ndjson#AporEnerMediHist:Sistema:2024-03-01:2024-03-31
2024-03-08,CapaUtilDiarEner,17359561885,kWh,xm:servapibi,2026-09-22T19:23:18Z,xm/2024/03/CapaUtilDiarEner_Sistema.2024-03-01.ndjson#CapaUtilDiarEner:Sistema:2024-03-01:2024-03-31
2024-03-08,DemaSIN,241263760.82,kWh,xm:servapibi,2026-09-22T19:23:23Z,xm/2024/03/DemaSIN_Sistema.2024-03-01.ndjson#DemaSIN:Sistema:2024-03-01:2024-03-31
2024-03-08,PorcApor,0.44907,fraction,xm:servapibi,2026-09-22T19:23:22Z,xm/2024/03/PorcApor_Sistema.2024-03-01.ndjson#PorcApor:Sistema:2024-03-01:2024-03-31
2024-03-08,PorcVoluUtilDiar,0.39901,fraction,xm:servapibi,2026-09-22T19:23:15Z,xm/2024/03/PorcVoluUtilDiar_Sistema.2024-03-01.ndjson#PorcVoluUtilDiar:Sistema:2024-03-01:2024-03-31
2024-03-08,PrecBolsNaci,541.3733966666667,COP/kWh,xm:servapibi,2026-09-22T19:23:26Z,xm/2024/03/PrecBolsNaci_Sistema.2024-03-01.ndjson#PrecBolsNaci:Sistema:2024-03-01:2024-03-31
2024-03-08,PrecEscaAct,1034.44047,COP/kWh,xm:servapibi,2026-09-22T19:23:24Z,xm/2024/03/PrecEscaAct_Sistema.2024-03-01.ndjson#PrecEscaAct:Sistema:2024-03-01:2024-03-31
2024-03-08,VoluUtilDiarEner,6926567700,kWh,xm:servapibi,2026-09-22T19:23:16Z,xm/2024/03/VoluUtilDiarEner_Sistema.2024-03-01.ndjson#VoluUtilDiarEner:Sistema:2024-03-01:2024-03-31
2024-03-09,AporEner,80500000,kWh,xm:servapibi,2026-09-22T19:23:19Z,xm/2024/03/AporEner_Sistema.2024-03-01.ndjson#AporEner:Sistema:2024-03-01:2024-03-31
2024-03-09,AporEnerMediHist,154140000,kWh,xm:servapibi,2026-09-22T19:23:20Z,xm/2024/03/AporEnerMediHist_Sistema.2024-03-01.ndjson#AporEnerMediHist:Sistema:2024-03-01:2024-03-31
2024-03-09,CapaUtilDiarEner,17359561885,kWh,xm:servapibi,2026-09-22T19:23:18Z,xm/2024/03/CapaUtilDiarEner_Sistema.2024-03-01.ndjson#CapaUtilDiarEner:Sistema:2024-03-01:2024-03-31
2024-03-09,DemaSIN,229232667.95,kWh,xm:servapibi,2026-09-22T19:23:23Z,xm/2024/03/DemaSIN_Sistema.2024-03-01.ndjson#DemaSIN:Sistema:2024-03-01:2024-03-31
2024-03-09,PorcApor,0.52225,fraction,xm:servapibi,2026-09-22T19:23:22Z,xm/2024/03/PorcApor_Sistema.2024-03-01.ndjson#PorcApor:Sistema:2024-03-01:2024-03-31
2024-03-09,PorcVoluUtilDiar,0.39572,fraction,xm:servapibi,2026-09-22T19:23:15Z,xm/2024/03/PorcVoluUtilDiar_Sistema.2024-03-01.ndjson#PorcVoluUtilDiar:Sistema:2024-03-01:2024-03-31
2024-03-09,PrecBolsNaci,544.0489583333334,COP/kWh,xm:servapibi,2026-09-22T19:23:26Z,xm/2024/03/PrecBolsNaci_Sistema.2024-03-01.ndjson#PrecBolsNaci:Sistema:2024-03-01:2024-03-31
2024-03-09,PrecEscaAct,1034.44047,COP/kWh,xm:servapibi,2026-09-22T19:23:24Z,xm/2024/03/PrecEscaAct_Sistema.2024-03-01.ndjson#PrecEscaAct:Sistema:2024-03-01:2024-03-31
2024-03-09,VoluUtilDiarEner,6869596600,kWh,xm:servapibi,2026-09-22T19:23:16Z,xm/2024/03/VoluUtilDiarEner_Sistema.2024-03-01.ndjson#VoluUtilDiarEner:Sistema:2024-03-01:2024-03-31
2024-03-10,AporEner,67746500,kWh,xm:servapibi,2026-09-22T19:23:19Z,xm/2024/03/AporEner_Sistema.2024-03-01.ndjson#AporEner:Sistema:2024-03-01:2024-03-31
2024-03-10,AporEnerMediHist,154140000,kWh,xm:servapibi,2026-09-22T19:23:20Z,xm/2024/03/AporEnerMediHist_Sistema.2024-03-01.ndjson#AporEnerMediHist:Sistema:2024-03-01:2024-03-31
2024-03-10,CapaUtilDiarEner,17359561885,kWh,xm:servapibi,2026-09-22T19:23:18Z,xm/2024/03/CapaUtilDiarEner_Sistema.2024-03-01.ndjson#CapaUtilDiarEner:Sistema:2024-03-01:2024-03-31
2024-03-10,DemaSIN,211143228.58,kWh,xm:servapibi,2026-09-22T19:23:23Z,xm/2024/03/DemaSIN_Sistema.2024-03-01.ndjson#DemaSIN:Sistema:2024-03-01:2024-03-31
2024-03-10,PorcApor,0.43951,fraction,xm:servapibi,2026-09-22T19:23:22Z,xm/2024/03/PorcApor_Sistema.2024-03-01.ndjson#PorcApor:Sistema:2024-03-01:2024-03-31
2024-03-10,PorcVoluUtilDiar,0.39286,fraction,xm:servapibi,2026-09-22T19:23:15Z,xm/2024/03/PorcVoluUtilDiar_Sistema.2024-03-01.ndjson#PorcVoluUtilDiar:Sistema:2024-03-01:2024-03-31
2024-03-10,PrecBolsNaci,558.7937916666666,COP/kWh,xm:servapibi,2026-09-22T19:23:26Z,xm/2024/03/PrecBolsNaci_Sistema.2024-03-01.ndjson#PrecBolsNaci:Sistema:2024-03-01:2024-03-31
2024-03-10,PrecEscaAct,1034.44047,COP/kWh,xm:servapibi,2026-09-22T19:23:24Z,xm/2024/03/PrecEscaAct_Sistema.2024-03-01.ndjson#PrecEscaAct:Sistema:2024-03-01:2024-03-31
2024-03-10,VoluUtilDiarEner,6819872100,kWh,xm:servapibi,2026-09-22T19:23:16Z,xm/2024/03/VoluUtilDiarEner_Sistema.2024-03-01.ndjson#VoluUtilDiarEner:Sistema:2024-03-01:2024-03-31
2024-03-11,AporEner,92741200,kWh,xm:servapibi,2026-09-22T19:23:19Z,xm/2024/03/AporEner_Sistema.2024-03-01.ndjson#AporEner:Sistema:2024-03-01:2024-03-31
2024-03-11,AporEnerMediHist,154140000,kWh,xm:servapibi,2026-09-22T19:23:20Z,xm/2024/03/AporEnerMediHist_Sistema.2024-03-01.ndjson#AporEnerMediHist:Sistema:2024-03-01:2024-03-31
2024-03-11,CapaUtilDiarEner,17359561885,kWh,xm:servapibi,2026-09-22T19:23:18Z,xm/2024/03/CapaUtilDiarEner_Sistema.2024-03-01.ndjson#CapaUtilDiarEner:Sistema:2024-03-01:2024-03-31
2024-03-11,DemaSIN,238464008.06,kWh,xm:servapibi,2026-09-22T19:23:23Z,xm/2024/03/DemaSIN_Sistema.2024-03-01.ndjson#DemaSIN:Sistema:2024-03-01:2024-03-31
2024-03-11,PorcApor,0.60167,fraction,xm:servapibi,2026-09-22T19:23:22Z,xm/2024/03/PorcApor_Sistema.2024-03-01.ndjson#PorcApor:Sistema:2024-03-01:2024-03-31
2024-03-11,PorcVoluUtilDiar,0.39001,fraction,xm:servapibi,2026-09-22T19:23:15Z,xm/2024/03/PorcVoluUtilDiar_Sistema.2024-03-01.ndjson#PorcVoluUtilDiar:Sistema:2024-03-01:2024-03-31
2024-03-11,PrecBolsNaci,558.3864583333333,COP/kWh,xm:servapibi,2026-09-22T19:23:26Z,xm/2024/03/PrecBolsNaci_Sistema.2024-03-01.ndjson#PrecBolsNaci:Sistema:2024-03-01:2024-03-31
2024-03-11,PrecEscaAct,1034.44047,COP/kWh,xm:servapibi,2026-09-22T19:23:24Z,xm/2024/03/PrecEscaAct_Sistema.2024-03-01.ndjson#PrecEscaAct:Sistema:2024-03-01:2024-03-31
2024-03-11,VoluUtilDiarEner,6770450200,kWh,xm:servapibi,2026-09-22T19:23:16Z,xm/2024/03/VoluUtilDiarEner_Sistema.2024-03-01.ndjson#VoluUtilDiarEner:Sistema:2024-03-01:2024-03-31
2024-03-12,AporEner,83417800,kWh,xm:servapibi,2026-09-22T19:23:19Z,xm/2024/03/AporEner_Sistema.2024-03-01.ndjson#AporEner:Sistema:2024-03-01:2024-03-31
2024-03-12,AporEnerMediHist,154140000,kWh,xm:servapibi,2026-09-22T19:23:20Z,xm/2024/03/AporEnerMediHist_Sistema.2024-03-01.ndjson#AporEnerMediHist:Sistema:2024-03-01:2024-03-31
2024-03-12,CapaUtilDiarEner,17359561885,kWh,xm:servapibi,2026-09-22T19:23:18Z,xm/2024/03/CapaUtilDiarEner_Sistema.2024-03-01.ndjson#CapaUtilDiarEner:Sistema:2024-03-01:2024-03-31
2024-03-12,DemaSIN,241692095.55,kWh,xm:servapibi,2026-09-22T19:23:23Z,xm/2024/03/DemaSIN_Sistema.2024-03-01.ndjson#DemaSIN:Sistema:2024-03-01:2024-03-31
2024-03-12,PorcApor,0.54118,fraction,xm:servapibi,2026-09-22T19:23:22Z,xm/2024/03/PorcApor_Sistema.2024-03-01.ndjson#PorcApor:Sistema:2024-03-01:2024-03-31
2024-03-12,PorcVoluUtilDiar,0.386,fraction,xm:servapibi,2026-09-22T19:23:15Z,xm/2024/03/PorcVoluUtilDiar_Sistema.2024-03-01.ndjson#PorcVoluUtilDiar:Sistema:2024-03-01:2024-03-31
2024-03-12,PrecBolsNaci,583.3502716666668,COP/kWh,xm:servapibi,2026-09-22T19:23:26Z,xm/2024/03/PrecBolsNaci_Sistema.2024-03-01.ndjson#PrecBolsNaci:Sistema:2024-03-01:2024-03-31
2024-03-12,PrecEscaAct,1034.44047,COP/kWh,xm:servapibi,2026-09-22T19:23:24Z,xm/2024/03/PrecEscaAct_Sistema.2024-03-01.ndjson#PrecEscaAct:Sistema:2024-03-01:2024-03-31
2024-03-12,VoluUtilDiarEner,6700785400,kWh,xm:servapibi,2026-09-22T19:23:16Z,xm/2024/03/VoluUtilDiarEner_Sistema.2024-03-01.ndjson#VoluUtilDiarEner:Sistema:2024-03-01:2024-03-31
2024-03-13,AporEner,63769400,kWh,xm:servapibi,2026-09-22T19:23:19Z,xm/2024/03/AporEner_Sistema.2024-03-01.ndjson#AporEner:Sistema:2024-03-01:2024-03-31
2024-03-13,AporEnerMediHist,154140000,kWh,xm:servapibi,2026-09-22T19:23:20Z,xm/2024/03/AporEnerMediHist_Sistema.2024-03-01.ndjson#AporEnerMediHist:Sistema:2024-03-01:2024-03-31
2024-03-13,CapaUtilDiarEner,17359561885,kWh,xm:servapibi,2026-09-22T19:23:18Z,xm/2024/03/CapaUtilDiarEner_Sistema.2024-03-01.ndjson#CapaUtilDiarEner:Sistema:2024-03-01:2024-03-31
2024-03-13,DemaSIN,243336158.5,kWh,xm:servapibi,2026-09-22T19:23:23Z,xm/2024/03/DemaSIN_Sistema.2024-03-01.ndjson#DemaSIN:Sistema:2024-03-01:2024-03-31
2024-03-13,PorcApor,0.41371,fraction,xm:servapibi,2026-09-22T19:23:22Z,xm/2024/03/PorcApor_Sistema.2024-03-01.ndjson#PorcApor:Sistema:2024-03-01:2024-03-31
2024-03-13,PorcVoluUtilDiar,0.38035,fraction,xm:servapibi,2026-09-22T19:23:15Z,xm/2024/03/PorcVoluUtilDiar_Sistema.2024-03-01.ndjson#PorcVoluUtilDiar:Sistema:2024-03-01:2024-03-31
2024-03-13,PrecBolsNaci,574.1101766666667,COP/kWh,xm:servapibi,2026-09-22T19:23:26Z,xm/2024/03/PrecBolsNaci_Sistema.2024-03-01.ndjson#PrecBolsNaci:Sistema:2024-03-01:2024-03-31
2024-03-13,PrecEscaAct,1034.44047,COP/kWh,xm:servapibi,2026-09-22T19:23:24Z,xm/2024/03/PrecEscaAct_Sistema.2024-03-01.ndjson#PrecEscaAct:Sistema:2024-03-01:2024-03-31
2024-03-13,VoluUtilDiarEner,6602690100,kWh,xm:servapibi,2026-09-22T19:23:16Z,xm/2024/03/VoluUtilDiarEner_Sistema.2024-03-01.ndjson#VoluUtilDiarEner:Sistema:2024-03-01:2024-03-31
2024-03-14,AporEner,88097400,kWh,xm:servapibi,2026-09-22T19:23:19Z,xm/2024/03/AporEner_Sistema.2024-03-01.ndjson#AporEner:Sistema:2024-03-01:2024-03-31
2024-03-14,AporEnerMediHist,154140000,kWh,xm:servapibi,2026-09-22T19:23:20Z,xm/2024/03/AporEnerMediHist_Sistema.2024-03-01.ndjson#AporEnerMediHist:Sistema:2024-03-01:2024-03-31
2024-03-14,CapaUtilDiarEner,17359561885,kWh,xm:servapibi,2026-09-22T19:23:18Z,xm/2024/03/CapaUtilDiarEner_Sistema.2024-03-01.ndjson#CapaUtilDiarEner:Sistema:2024-03-01:2024-03-31
2024-03-14,DemaSIN,244045937.88,kWh,xm:servapibi,2026-09-22T19:23:23Z,xm/2024/03/DemaSIN_Sistema.2024-03-01.ndjson#DemaSIN:Sistema:2024-03-01:2024-03-31
2024-03-14,PorcApor,0.57154,fraction,xm:servapibi,2026-09-22T19:23:22Z,xm/2024/03/PorcApor_Sistema.2024-03-01.ndjson#PorcApor:Sistema:2024-03-01:2024-03-31
2024-03-14,PorcVoluUtilDiar,0.37661,fraction,xm:servapibi,2026-09-22T19:23:15Z,xm/2024/03/PorcVoluUtilDiar_Sistema.2024-03-01.ndjson#PorcVoluUtilDiar:Sistema:2024-03-01:2024-03-31
2024-03-14,PrecBolsNaci,538.6532633333335,COP/kWh,xm:servapibi,2026-09-22T19:23:26Z,xm/2024/03/PrecBolsNaci_Sistema.2024-03-01.ndjson#PrecBolsNaci:Sistema:2024-03-01:2024-03-31
2024-03-14,PrecEscaAct,1034.44047,COP/kWh,xm:servapibi,2026-09-22T19:23:24Z,xm/2024/03/PrecEscaAct_Sistema.2024-03-01.ndjson#PrecEscaAct:Sistema:2024-03-01:2024-03-31
2024-03-14,VoluUtilDiarEner,6537700100,kWh,xm:servapibi,2026-09-22T19:23:16Z,xm/2024/03/VoluUtilDiarEner_Sistema.2024-03-01.ndjson#VoluUtilDiarEner:Sistema:2024-03-01:2024-03-31
2024-03-15,AporEner,66325900,kWh,xm:servapibi,2026-09-22T19:23:19Z,xm/2024/03/AporEner_Sistema.2024-03-01.ndjson#AporEner:Sistema:2024-03-01:2024-03-31
2024-03-15,AporEnerMediHist,154140000,kWh,xm:servapibi,2026-09-22T19:23:20Z,xm/2024/03/AporEnerMediHist_Sistema.2024-03-01.ndjson#AporEnerMediHist:Sistema:2024-03-01:2024-03-31
2024-03-15,CapaUtilDiarEner,17359561885,kWh,xm:servapibi,2026-09-22T19:23:18Z,xm/2024/03/CapaUtilDiarEner_Sistema.2024-03-01.ndjson#CapaUtilDiarEner:Sistema:2024-03-01:2024-03-31
2024-03-15,DemaSIN,243340904.08,kWh,xm:servapibi,2026-09-22T19:23:23Z,xm/2024/03/DemaSIN_Sistema.2024-03-01.ndjson#DemaSIN:Sistema:2024-03-01:2024-03-31
2024-03-15,PorcApor,0.4303,fraction,xm:servapibi,2026-09-22T19:23:22Z,xm/2024/03/PorcApor_Sistema.2024-03-01.ndjson#PorcApor:Sistema:2024-03-01:2024-03-31
2024-03-15,PorcVoluUtilDiar,0.37107,fraction,xm:servapibi,2026-09-22T19:23:15Z,xm/2024/03/PorcVoluUtilDiar_Sistema.2024-03-01.ndjson#PorcVoluUtilDiar:Sistema:2024-03-01:2024-03-31
2024-03-15,PrecBolsNaci,557.9681850000001,COP/kWh,xm:servapibi,2026-09-22T19:23:26Z,xm/2024/03/PrecBolsNaci_Sistema.2024-03-01.ndjson#PrecBolsNaci:Sistema:2024-03-01:2024-03-31
2024-03-15,PrecEscaAct,1034.44047,COP/kWh,xm:servapibi,2026-09-22T19:23:24Z,xm/2024/03/PrecEscaAct_Sistema.2024-03-01.ndjson#PrecEscaAct:Sistema:2024-03-01:2024-03-31
2024-03-15,VoluUtilDiarEner,6441605100,kWh,xm:servapibi,2026-09-22T19:23:16Z,xm/2024/03/VoluUtilDiarEner_Sistema.2024-03-01.ndjson#VoluUtilDiarEner:Sistema:2024-03-01:2024-03-31
2024-03-16,AporEner,60039300,kWh,xm:servapibi,2026-09-22T19:23:19Z,xm/2024/03/AporEner_Sistema.2024-03-01.ndjson#AporEner:Sistema:2024-03-01:2024-03-31
2024-03-16,AporEnerMediHist,154140000,kWh,xm:servapibi,2026-09-22T19:23:20Z,xm/2024/03/AporEnerMediHist_Sistema.2024-03-01.ndjson#AporEnerMediHist:Sistema:2024-03-01:2024-03-31
2024-03-16,CapaUtilDiarEner,17359561885,kWh,xm:servapibi,2026-09-22T19:23:18Z,xm/2024/03/CapaUtilDiarEner_Sistema.2024-03-01.ndjson#CapaUtilDiarEner:Sistema:2024-03-01:2024-03-31
2024-03-16,DemaSIN,233230858.34,kWh,xm:servapibi,2026-09-22T19:23:23Z,xm/2024/03/DemaSIN_Sistema.2024-03-01.ndjson#DemaSIN:Sistema:2024-03-01:2024-03-31
2024-03-16,PorcApor,0.38951,fraction,xm:servapibi,2026-09-22T19:23:22Z,xm/2024/03/PorcApor_Sistema.2024-03-01.ndjson#PorcApor:Sistema:2024-03-01:2024-03-31
2024-03-16,PorcVoluUtilDiar,0.36611,fraction,xm:servapibi,2026-09-22T19:23:15Z,xm/2024/03/PorcVoluUtilDiar_Sistema.2024-03-01.ndjson#PorcVoluUtilDiar:Sistema:2024-03-01:2024-03-31
2024-03-16,PrecBolsNaci,574.0122199999996,COP/kWh,xm:servapibi,2026-09-22T19:23:26Z,xm/2024/03/PrecBolsNaci_Sistema.2024-03-01.ndjson#PrecBolsNaci:Sistema:2024-03-01:2024-03-31
2024-03-16,PrecEscaAct,1034.44047,COP/kWh,xm:servapibi,2026-09-22T19:23:24Z,xm/2024/03/PrecEscaAct_Sistema.2024-03-01.ndjson#PrecEscaAct:Sistema:2024-03-01:2024-03-31
2024-03-16,VoluUtilDiarEner,6355557100,kWh,xm:servapibi,2026-09-22T19:23:16Z,xm/2024/03/VoluUtilDiarEner_Sistema.2024-03-01.ndjson#VoluUtilDiarEner:Sistema:2024-03-01:2024-03-31
2024-03-17,AporEner,66873100,kWh,xm:servapibi,2026-09-22T19:23:19Z,xm/2024/03/AporEner_Sistema.2024-03-01.ndjson#AporEner:Sistema:2024-03-01:2024-03-31
2024-03-17,AporEnerMediHist,154140000,kWh,xm:servapibi,2026-09-22T19:23:20Z,xm/2024/03/AporEnerMediHist_Sistema.2024-03-01.ndjson#AporEnerMediHist:Sistema:2024-03-01:2024-03-31
2024-03-17,CapaUtilDiarEner,17359561885,kWh,xm:servapibi,2026-09-22T19:23:18Z,xm/2024/03/CapaUtilDiarEner_Sistema.2024-03-01.ndjson#CapaUtilDiarEner:Sistema:2024-03-01:2024-03-31
2024-03-17,DemaSIN,212567036.72,kWh,xm:servapibi,2026-09-22T19:23:23Z,xm/2024/03/DemaSIN_Sistema.2024-03-01.ndjson#DemaSIN:Sistema:2024-03-01:2024-03-31
2024-03-17,PorcApor,0.43385,fraction,xm:servapibi,2026-09-22T19:23:22Z,xm/2024/03/PorcApor_Sistema.2024-03-01.ndjson#PorcApor:Sistema:2024-03-01:2024-03-31
2024-03-17,PorcVoluUtilDiar,0.36286,fraction,xm:servapibi,2026-09-22T19:23:15Z,xm/2024/03/PorcVoluUtilDiar_Sistema.2024-03-01.ndjson#PorcVoluUtilDiar:Sistema:2024-03-01:2024-03-31
2024-03-17,PrecBolsNaci,581.4927900000001,COP/kWh,xm:servapibi,2026-09-22T19:23:26Z,xm/2024/03/PrecBolsNaci_Sistema.2024-03-01.ndjson#PrecBolsNaci:Sistema:2024-03-01:2024-03-31
2024-03-17,PrecEscaAct,1034.44047,COP/kWh,xm:servapibi,2026-09-22T19:23:24Z,xm/2024/03/PrecEscaAct_Sistema.2024-03-01.ndjson#PrecEscaAct:Sistema:2024-03-01:2024-03-31
2024-03-17,VoluUtilDiarEner,6299129800,kWh,xm:servapibi,2026-09-22T19:23:16Z,xm/2024/03/VoluUtilDiarEner_Sistema.2024-03-01.ndjson#VoluUtilDiarEner:Sistema:2024-03-01:2024-03-31
2024-03-18,AporEner,61342100,kWh,xm:servapibi,2026-09-22T19:23:19Z,xm/2024/03/AporEner_Sistema.2024-03-01.ndjson#AporEner:Sistema:2024-03-01:2024-03-31
2024-03-18,AporEnerMediHist,154140000,kWh,xm:servapibi,2026-09-22T19:23:20Z,xm/2024/03/AporEnerMediHist_Sistema.2024-03-01.ndjson#AporEnerMediHist:Sistema:2024-03-01:2024-03-31
2024-03-18,CapaUtilDiarEner,17359561885,kWh,xm:servapibi,2026-09-22T19:23:18Z,xm/2024/03/CapaUtilDiarEner_Sistema.2024-03-01.ndjson#CapaUtilDiarEner:Sistema:2024-03-01:2024-03-31
2024-03-18,DemaSIN,241336180.43,kWh,xm:servapibi,2026-09-22T19:23:23Z,xm/2024/03/DemaSIN_Sistema.2024-03-01.ndjson#DemaSIN:Sistema:2024-03-01:2024-03-31
2024-03-18,PorcApor,0.39796,fraction,xm:servapibi,2026-09-22T19:23:22Z,xm/2024/03/PorcApor_Sistema.2024-03-01.ndjson#PorcApor:Sistema:2024-03-01:2024-03-31
2024-03-18,PorcVoluUtilDiar,0.35742,fraction,xm:servapibi,2026-09-22T19:23:15Z,xm/2024/03/PorcVoluUtilDiar_Sistema.2024-03-01.ndjson#PorcVoluUtilDiar:Sistema:2024-03-01:2024-03-31
2024-03-18,PrecBolsNaci,527.77045,COP/kWh,xm:servapibi,2026-09-22T19:23:26Z,xm/2024/03/PrecBolsNaci_Sistema.2024-03-01.ndjson#PrecBolsNaci:Sistema:2024-03-01:2024-03-31
2024-03-18,PrecEscaAct,1034.44047,COP/kWh,xm:servapibi,2026-09-22T19:23:24Z,xm/2024/03/PrecEscaAct_Sistema.2024-03-01.ndjson#PrecEscaAct:Sistema:2024-03-01:2024-03-31
2024-03-18,VoluUtilDiarEner,6204737000,kWh,xm:servapibi,2026-09-22T19:23:16Z,xm/2024/03/VoluUtilDiarEner_Sistema.2024-03-01.ndjson#VoluUtilDiarEner:Sistema:2024-03-01:2024-03-31
2024-03-19,AporEner,75314600,kWh,xm:servapibi,2026-09-22T19:23:19Z,xm/2024/03/AporEner_Sistema.2024-03-01.ndjson#AporEner:Sistema:2024-03-01:2024-03-31
2024-03-19,AporEnerMediHist,154140000,kWh,xm:servapibi,2026-09-22T19:23:20Z,xm/2024/03/AporEnerMediHist_Sistema.2024-03-01.ndjson#AporEnerMediHist:Sistema:2024-03-01:2024-03-31
2024-03-19,CapaUtilDiarEner,17359561885,kWh,xm:servapibi,2026-09-22T19:23:18Z,xm/2024/03/CapaUtilDiarEner_Sistema.2024-03-01.ndjson#CapaUtilDiarEner:Sistema:2024-03-01:2024-03-31
2024-03-19,DemaSIN,242093522,kWh,xm:servapibi,2026-09-22T19:23:23Z,xm/2024/03/DemaSIN_Sistema.2024-03-01.ndjson#DemaSIN:Sistema:2024-03-01:2024-03-31
2024-03-19,PorcApor,0.48861,fraction,xm:servapibi,2026-09-22T19:23:22Z,xm/2024/03/PorcApor_Sistema.2024-03-01.ndjson#PorcApor:Sistema:2024-03-01:2024-03-31
2024-03-19,PorcVoluUtilDiar,0.35331,fraction,xm:servapibi,2026-09-22T19:23:15Z,xm/2024/03/PorcVoluUtilDiar_Sistema.2024-03-01.ndjson#PorcVoluUtilDiar:Sistema:2024-03-01:2024-03-31
2024-03-19,PrecBolsNaci,612.7899933333332,COP/kWh,xm:servapibi,2026-09-22T19:23:26Z,xm/2024/03/PrecBolsNaci_Sistema.2024-03-01.ndjson#PrecBolsNaci:Sistema:2024-03-01:2024-03-31
2024-03-19,PrecEscaAct,1034.44047,COP/kWh,xm:servapibi,2026-09-22T19:23:24Z,xm/2024/03/PrecEscaAct_Sistema.2024-03-01.ndjson#PrecEscaAct:Sistema:2024-03-01:2024-03-31
2024-03-19,VoluUtilDiarEner,6133242000,kWh,xm:servapibi,2026-09-22T19:23:16Z,xm/2024/03/VoluUtilDiarEner_Sistema.2024-03-01.ndjson#VoluUtilDiarEner:Sistema:2024-03-01:2024-03-31
2024-03-20,AporEner,68652700,kWh,xm:servapibi,2026-09-22T19:23:19Z,xm/2024/03/AporEner_Sistema.2024-03-01.ndjson#AporEner:Sistema:2024-03-01:2024-03-31
2024-03-20,AporEnerMediHist,154140000,kWh,xm:servapibi,2026-09-22T19:23:20Z,xm/2024/03/AporEnerMediHist_Sistema.2024-03-01.ndjson#AporEnerMediHist:Sistema:2024-03-01:2024-03-31
2024-03-20,CapaUtilDiarEner,17359561885,kWh,xm:servapibi,2026-09-22T19:23:18Z,xm/2024/03/CapaUtilDiarEner_Sistema.2024-03-01.ndjson#CapaUtilDiarEner:Sistema:2024-03-01:2024-03-31
2024-03-20,DemaSIN,240349715.19,kWh,xm:servapibi,2026-09-22T19:23:23Z,xm/2024/03/DemaSIN_Sistema.2024-03-01.ndjson#DemaSIN:Sistema:2024-03-01:2024-03-31
2024-03-20,PorcApor,0.44539,fraction,xm:servapibi,2026-09-22T19:23:22Z,xm/2024/03/PorcApor_Sistema.2024-03-01.ndjson#PorcApor:Sistema:2024-03-01:2024-03-31
2024-03-20,PorcVoluUtilDiar,0.34834,fraction,xm:servapibi,2026-09-22T19:23:15Z,xm/2024/03/PorcVoluUtilDiar_Sistema.2024-03-01.ndjson#PorcVoluUtilDiar:Sistema:2024-03-01:2024-03-31
2024-03-20,PrecBolsNaci,624.1640650000002,COP/kWh,xm:servapibi,2026-09-22T19:23:26Z,xm/2024/03/PrecBolsNaci_Sistema.2024-03-01.ndjson#PrecBolsNaci:Sistema:2024-03-01:2024-03-31
2024-03-20,PrecEscaAct,1034.44047,COP/kWh,xm:servapibi,2026-09-22T19:23:24Z,xm/2024/03/PrecEscaAct_Sistema.2024-03-01.ndjson#PrecEscaAct:Sistema:2024-03-01:2024-03-31
2024-03-20,VoluUtilDiarEner,6046994400,kWh,xm:servapibi,2026-09-22T19:23:16Z,xm/2024/03/VoluUtilDiarEner_Sistema.2024-03-01.ndjson#VoluUtilDiarEner:Sistema:2024-03-01:2024-03-31
2024-03-21,AporEner,77459300,kWh,xm:servapibi,2026-09-22T19:23:19Z,xm/2024/03/AporEner_Sistema.2024-03-01.ndjson#AporEner:Sistema:2024-03-01:2024-03-31
2024-03-21,AporEnerMediHist,154140000,kWh,xm:servapibi,2026-09-22T19:23:20Z,xm/2024/03/AporEnerMediHist_Sistema.2024-03-01.ndjson#AporEnerMediHist:Sistema:2024-03-01:2024-03-31
2024-03-21,CapaUtilDiarEner,17359561885,kWh,xm:servapibi,2026-09-22T19:23:18Z,xm/2024/03/CapaUtilDiarEner_Sistema.2024-03-01.ndjson#CapaUtilDiarEner:Sistema:2024-03-01:2024-03-31
2024-03-21,DemaSIN,238682333.75,kWh,xm:servapibi,2026-09-22T19:23:23Z,xm/2024/03/DemaSIN_Sistema.2024-03-01.ndjson#DemaSIN:Sistema:2024-03-01:2024-03-31
2024-03-21,PorcApor,0.50253,fraction,xm:servapibi,2026-09-22T19:23:22Z,xm/2024/03/PorcApor_Sistema.2024-03-01.ndjson#PorcApor:Sistema:2024-03-01:2024-03-31
2024-03-21,PorcVoluUtilDiar,0.34437,fraction,xm:servapibi,2026-09-22T19:23:15Z,xm/2024/03/PorcVoluUtilDiar_Sistema.2024-03-01.ndjson#PorcVoluUtilDiar:Sistema:2024-03-01:2024-03-31
2024-03-21,PrecBolsNaci,653.7976850000003,COP/kWh,xm:servapibi,2026-09-22T19:23:26Z,xm/2024/03/PrecBolsNaci_Sistema.2024-03-01.ndjson#PrecBolsNaci:Sistema:2024-03-01:2024-03-31
2024-03-21,PrecEscaAct,1034.44047,COP/kWh,xm:servapibi,2026-09-22T19:23:24Z,xm/2024/03/PrecEscaAct_Sistema.2024-03-01.ndjson#PrecEscaAct:Sistema:2024-03-01:2024-03-31
2024-03-21,VoluUtilDiarEner,5978091100,kWh,xm:servapibi,2026-09-22T19:23:16Z,xm/2024/03/VoluUtilDiarEner_Sistema.2024-03-01.ndjson#VoluUtilDiarEner:Sistema:2024-03-01:2024-03-31
2024-03-22,AporEner,77231800,kWh,xm:servapibi,2026-09-22T19:23:19Z,xm/2024/03/AporEner_Sistema.2024-03-01.ndjson#AporEner:Sistema:2024-03-01:2024-03-31
2024-03-22,AporEnerMediHist,154140000,kWh,xm:servapibi,2026-09-22T19:23:20Z,xm/2024/03/AporEnerMediHist_Sistema.2024-03-01.ndjson#AporEnerMediHist:Sistema:2024-03-01:2024-03-31
2024-03-22,CapaUtilDiarEner,17359561885,kWh,xm:servapibi,2026-09-22T19:23:18Z,xm/2024/03/CapaUtilDiarEner_Sistema.2024-03-01.ndjson#CapaUtilDiarEner:Sistema:2024-03-01:2024-03-31
2024-03-22,DemaSIN,241013666.13,kWh,xm:servapibi,2026-09-22T19:23:23Z,xm/2024/03/DemaSIN_Sistema.2024-03-01.ndjson#DemaSIN:Sistema:2024-03-01:2024-03-31
2024-03-22,PorcApor,0.50105,fraction,xm:servapibi,2026-09-22T19:23:22Z,xm/2024/03/PorcApor_Sistema.2024-03-01.ndjson#PorcApor:Sistema:2024-03-01:2024-03-31
2024-03-22,PorcVoluUtilDiar,0.33993,fraction,xm:servapibi,2026-09-22T19:23:15Z,xm/2024/03/PorcVoluUtilDiar_Sistema.2024-03-01.ndjson#PorcVoluUtilDiar:Sistema:2024-03-01:2024-03-31
2024-03-22,PrecBolsNaci,707.4230183333334,COP/kWh,xm:servapibi,2026-09-22T19:23:26Z,xm/2024/03/PrecBolsNaci_Sistema.2024-03-01.ndjson#PrecBolsNaci:Sistema:2024-03-01:2024-03-31
2024-03-22,PrecEscaAct,1034.44047,COP/kWh,xm:servapibi,2026-09-22T19:23:24Z,xm/2024/03/PrecEscaAct_Sistema.2024-03-01.ndjson#PrecEscaAct:Sistema:2024-03-01:2024-03-31
2024-03-22,VoluUtilDiarEner,5900956600,kWh,xm:servapibi,2026-09-22T19:23:16Z,xm/2024/03/VoluUtilDiarEner_Sistema.2024-03-01.ndjson#VoluUtilDiarEner:Sistema:2024-03-01:2024-03-31
2024-03-23,AporEner,63933300,kWh,xm:servapibi,2026-09-22T19:23:19Z,xm/2024/03/AporEner_Sistema.2024-03-01.ndjson#AporEner:Sistema:2024-03-01:2024-03-31
2024-03-23,AporEnerMediHist,154140000,kWh,xm:servapibi,2026-09-22T19:23:20Z,xm/2024/03/AporEnerMediHist_Sistema.2024-03-01.ndjson#AporEnerMediHist:Sistema:2024-03-01:2024-03-31
2024-03-23,CapaUtilDiarEner,17359561885,kWh,xm:servapibi,2026-09-22T19:23:18Z,xm/2024/03/CapaUtilDiarEner_Sistema.2024-03-01.ndjson#CapaUtilDiarEner:Sistema:2024-03-01:2024-03-31
2024-03-23,DemaSIN,230674187.8,kWh,xm:servapibi,2026-09-22T19:23:23Z,xm/2024/03/DemaSIN_Sistema.2024-03-01.ndjson#DemaSIN:Sistema:2024-03-01:2024-03-31
2024-03-23,PorcApor,0.41477,fraction,xm:servapibi,2026-09-22T19:23:22Z,xm/2024/03/PorcApor_Sistema.2024-03-01.ndjson#PorcApor:Sistema:2024-03-01:2024-03-31
2024-03-23,PorcVoluUtilDiar,0.33544,fraction,xm:servapibi,2026-09-22T19:23:15Z,xm/2024/03/PorcVoluUtilDiar_Sistema.2024-03-01.ndjson#PorcVoluUtilDiar:Sistema:2024-03-01:2024-03-31
2024-03-23,PrecBolsNaci,715.3663716666666,COP/kWh,xm:servapibi,2026-09-22T19:23:26Z,xm/2024/03/PrecBolsNaci_Sistema.2024-03-01.ndjson#PrecBolsNaci:Sistema:2024-03-01:2024-03-31
2024-03-23,PrecEscaAct,1034.44047,COP/kWh,xm:servapibi,2026-09-22T19:23:24Z,xm/2024/03/PrecEscaAct_Sistema.2024-03-01.ndjson#PrecEscaAct:Sistema:2024-03-01:2024-03-31
2024-03-23,VoluUtilDiarEner,5823070700,kWh,xm:servapibi,2026-09-22T19:23:16Z,xm/2024/03/VoluUtilDiarEner_Sistema.2024-03-01.ndjson#VoluUtilDiarEner:Sistema:2024-03-01:2024-03-31
2024-03-24,AporEner,56026500,kWh,xm:servapibi,2026-09-22T19:23:19Z,xm/2024/03/AporEner_Sistema.2024-03-01.ndjson#AporEner:Sistema:2024-03-01:2024-03-31
2024-03-24,AporEnerMediHist,154140000,kWh,xm:servapibi,2026-09-22T19:23:20Z,xm/2024/03/AporEnerMediHist_Sistema.2024-03-01.ndjson#AporEnerMediHist:Sistema:2024-03-01:2024-03-31
2024-03-24,CapaUtilDiarEner,17359561885,kWh,xm:servapibi,2026-09-22T19:23:18Z,xm/2024/03/CapaUtilDiarEner_Sistema.2024-03-01.ndjson#CapaUtilDiarEner:Sistema:2024-03-01:2024-03-31
2024-03-24,DemaSIN,210670568.14,kWh,xm:servapibi,2026-09-22T19:23:23Z,xm/2024/03/DemaSIN_Sistema.2024-03-01.ndjson#DemaSIN:Sistema:2024-03-01:2024-03-31
2024-03-24,PorcApor,0.36348,fraction,xm:servapibi,2026-09-22T19:23:22Z,xm/2024/03/PorcApor_Sistema.2024-03-01.ndjson#PorcApor:Sistema:2024-03-01:2024-03-31
2024-03-24,PorcVoluUtilDiar,0.33158,fraction,xm:servapibi,2026-09-22T19:23:15Z,xm/2024/03/PorcVoluUtilDiar_Sistema.2024-03-01.ndjson#PorcVoluUtilDiar:Sistema:2024-03-01:2024-03-31
2024-03-24,PrecBolsNaci,651.9379383333334,COP/kWh,xm:servapibi,2026-09-22T19:23:26Z,xm/2024/03/PrecBolsNaci_Sistema.2024-03-01.ndjson#PrecBolsNaci:Sistema:2024-03-01:2024-03-31
2024-03-24,PrecEscaAct,1034.44047,COP/kWh,xm:servapibi,2026-09-22T19:23:24Z,xm/2024/03/PrecEscaAct_Sistema.2024-03-01.ndjson#PrecEscaAct:Sistema:2024-03-01:2024-03-31
2024-03-24,VoluUtilDiarEner,5756010300,kWh,xm:servapibi,2026-09-22T19:23:16Z,xm/2024/03/VoluUtilDiarEner_Sistema.2024-03-01.ndjson#VoluUtilDiarEner:Sistema:2024-03-01:2024-03-31
2024-03-25,AporEner,70322000,kWh,xm:servapibi,2026-09-22T19:23:19Z,xm/2024/03/AporEner_Sistema.2024-03-01.ndjson#AporEner:Sistema:2024-03-01:2024-03-31
2024-03-25,AporEnerMediHist,154140000,kWh,xm:servapibi,2026-09-22T19:23:20Z,xm/2024/03/AporEnerMediHist_Sistema.2024-03-01.ndjson#AporEnerMediHist:Sistema:2024-03-01:2024-03-31
2024-03-25,CapaUtilDiarEner,17359561885,kWh,xm:servapibi,2026-09-22T19:23:18Z,xm/2024/03/CapaUtilDiarEner_Sistema.2024-03-01.ndjson#CapaUtilDiarEner:Sistema:2024-03-01:2024-03-31
2024-03-25,DemaSIN,215529406.77,kWh,xm:servapibi,2026-09-22T19:23:23Z,xm/2024/03/DemaSIN_Sistema.2024-03-01.ndjson#DemaSIN:Sistema:2024-03-01:2024-03-31
2024-03-25,PorcApor,0.45622,fraction,xm:servapibi,2026-09-22T19:23:22Z,xm/2024/03/PorcApor_Sistema.2024-03-01.ndjson#PorcApor:Sistema:2024-03-01:2024-03-31
2024-03-25,PorcVoluUtilDiar,0.32838,fraction,xm:servapibi,2026-09-22T19:23:15Z,xm/2024/03/PorcVoluUtilDiar_Sistema.2024-03-01.ndjson#PorcVoluUtilDiar:Sistema:2024-03-01:2024-03-31
2024-03-25,PrecBolsNaci,735.9253333333335,COP/kWh,xm:servapibi,2026-09-22T19:23:26Z,xm/2024/03/PrecBolsNaci_Sistema.2024-03-01.ndjson#PrecBolsNaci:Sistema:2024-03-01:2024-03-31
2024-03-25,PrecEscaAct,1034.44047,COP/kWh,xm:servapibi,2026-09-22T19:23:24Z,xm/2024/03/PrecEscaAct_Sistema.2024-03-01.ndjson#PrecEscaAct:Sistema:2024-03-01:2024-03-31
2024-03-25,VoluUtilDiarEner,5700605500,kWh,xm:servapibi,2026-09-22T19:23:16Z,xm/2024/03/VoluUtilDiarEner_Sistema.2024-03-01.ndjson#VoluUtilDiarEner:Sistema:2024-03-01:2024-03-31
2024-03-26,AporEner,77786800,kWh,xm:servapibi,2026-09-22T19:23:19Z,xm/2024/03/AporEner_Sistema.2024-03-01.ndjson#AporEner:Sistema:2024-03-01:2024-03-31
2024-03-26,AporEnerMediHist,154140000,kWh,xm:servapibi,2026-09-22T19:23:20Z,xm/2024/03/AporEnerMediHist_Sistema.2024-03-01.ndjson#AporEnerMediHist:Sistema:2024-03-01:2024-03-31
2024-03-26,CapaUtilDiarEner,17359561885,kWh,xm:servapibi,2026-09-22T19:23:18Z,xm/2024/03/CapaUtilDiarEner_Sistema.2024-03-01.ndjson#CapaUtilDiarEner:Sistema:2024-03-01:2024-03-31
2024-03-26,DemaSIN,230153758.74,kWh,xm:servapibi,2026-09-22T19:23:23Z,xm/2024/03/DemaSIN_Sistema.2024-03-01.ndjson#DemaSIN:Sistema:2024-03-01:2024-03-31
2024-03-26,PorcApor,0.50465,fraction,xm:servapibi,2026-09-22T19:23:22Z,xm/2024/03/PorcApor_Sistema.2024-03-01.ndjson#PorcApor:Sistema:2024-03-01:2024-03-31
2024-03-26,PorcVoluUtilDiar,0.32453,fraction,xm:servapibi,2026-09-22T19:23:15Z,xm/2024/03/PorcVoluUtilDiar_Sistema.2024-03-01.ndjson#PorcVoluUtilDiar:Sistema:2024-03-01:2024-03-31
2024-03-26,PrecBolsNaci,834.5731666666667,COP/kWh,xm:servapibi,2026-09-22T19:23:26Z,xm/2024/03/PrecBolsNaci_Sistema.2024-03-01.ndjson#PrecBolsNaci:Sistema:2024-03-01:2024-03-31
2024-03-26,PrecEscaAct,1034.44047,COP/kWh,xm:servapibi,2026-09-22T19:23:24Z,xm/2024/03/PrecEscaAct_Sistema.2024-03-01.ndjson#PrecEscaAct:Sistema:2024-03-01:2024-03-31
2024-03-26,VoluUtilDiarEner,5633693500,kWh,xm:servapibi,2026-09-22T19:23:16Z,xm/2024/03/VoluUtilDiarEner_Sistema.2024-03-01.ndjson#VoluUtilDiarEner:Sistema:2024-03-01:2024-03-31
2024-03-27,AporEner,72671100,kWh,xm:servapibi,2026-09-22T19:23:19Z,xm/2024/03/AporEner_Sistema.2024-03-01.ndjson#AporEner:Sistema:2024-03-01:2024-03-31
2024-03-27,AporEnerMediHist,154140000,kWh,xm:servapibi,2026-09-22T19:23:20Z,xm/2024/03/AporEnerMediHist_Sistema.2024-03-01.ndjson#AporEnerMediHist:Sistema:2024-03-01:2024-03-31
2024-03-27,CapaUtilDiarEner,17359561885,kWh,xm:servapibi,2026-09-22T19:23:18Z,xm/2024/03/CapaUtilDiarEner_Sistema.2024-03-01.ndjson#CapaUtilDiarEner:Sistema:2024-03-01:2024-03-31
2024-03-27,DemaSIN,223176740.78,kWh,xm:servapibi,2026-09-22T19:23:23Z,xm/2024/03/DemaSIN_Sistema.2024-03-01.ndjson#DemaSIN:Sistema:2024-03-01:2024-03-31
2024-03-27,PorcApor,0.47146,fraction,xm:servapibi,2026-09-22T19:23:22Z,xm/2024/03/PorcApor_Sistema.2024-03-01.ndjson#PorcApor:Sistema:2024-03-01:2024-03-31
2024-03-27,PorcVoluUtilDiar,0.32174,fraction,xm:servapibi,2026-09-22T19:23:15Z,xm/2024/03/PorcVoluUtilDiar_Sistema.2024-03-01.ndjson#PorcVoluUtilDiar:Sistema:2024-03-01:2024-03-31
2024-03-27,PrecBolsNaci,921.8652399999995,COP/kWh,xm:servapibi,2026-09-22T19:23:26Z,xm/2024/03/PrecBolsNaci_Sistema.2024-03-01.ndjson#PrecBolsNaci:Sistema:2024-03-01:2024-03-31
2024-03-27,PrecEscaAct,1034.44047,COP/kWh,xm:servapibi,2026-09-22T19:23:24Z,xm/2024/03/PrecEscaAct_Sistema.2024-03-01.ndjson#PrecEscaAct:Sistema:2024-03-01:2024-03-31
2024-03-27,VoluUtilDiarEner,5585317100,kWh,xm:servapibi,2026-09-22T19:23:16Z,xm/2024/03/VoluUtilDiarEner_Sistema.2024-03-01.ndjson#VoluUtilDiarEner:Sistema:2024-03-01:2024-03-31
2024-03-28,AporEner,65788000,kWh,xm:servapibi,2026-09-22T19:23:19Z,xm/2024/03/AporEner_Sistema.2024-03-01.ndjson#AporEner:Sistema:2024-03-01:2024-03-31
2024-03-28,AporEnerMediHist,154140000,kWh,xm:servapibi,2026-09-22T19:23:20Z,xm/2024/03/AporEnerMediHist_Sistema.2024-03-01.ndjson#AporEnerMediHist:Sistema:2024-03-01:2024-03-31
2024-03-28,CapaUtilDiarEner,17359561885,kWh,xm:servapibi,2026-09-22T19:23:18Z,xm/2024/03/CapaUtilDiarEner_Sistema.2024-03-01.ndjson#CapaUtilDiarEner:Sistema:2024-03-01:2024-03-31
2024-03-28,DemaSIN,200279145.57,kWh,xm:servapibi,2026-09-22T19:23:23Z,xm/2024/03/DemaSIN_Sistema.2024-03-01.ndjson#DemaSIN:Sistema:2024-03-01:2024-03-31
2024-03-28,PorcApor,0.42681,fraction,xm:servapibi,2026-09-22T19:23:22Z,xm/2024/03/PorcApor_Sistema.2024-03-01.ndjson#PorcApor:Sistema:2024-03-01:2024-03-31
2024-03-28,PorcVoluUtilDiar,0.32005,fraction,xm:servapibi,2026-09-22T19:23:15Z,xm/2024/03/PorcVoluUtilDiar_Sistema.2024-03-01.ndjson#PorcVoluUtilDiar:Sistema:2024-03-01:2024-03-31
2024-03-28,PrecBolsNaci,851.5788933333337,COP/kWh,xm:servapibi,2026-09-22T19:23:26Z,xm/2024/03/PrecBolsNaci_Sistema.2024-03-01.ndjson#PrecBolsNaci:Sistema:2024-03-01:2024-03-31
2024-03-28,PrecEscaAct,1034.44047,COP/kWh,xm:servapibi,2026-09-22T19:23:24Z,xm/2024/03/PrecEscaAct_Sistema.2024-03-01.ndjson#PrecEscaAct:Sistema:2024-03-01:2024-03-31
2024-03-28,VoluUtilDiarEner,5555901800,kWh,xm:servapibi,2026-09-22T19:23:16Z,xm/2024/03/VoluUtilDiarEner_Sistema.2024-03-01.ndjson#VoluUtilDiarEner:Sistema:2024-03-01:2024-03-31
2024-03-29,AporEner,67536200,kWh,xm:servapibi,2026-09-22T19:23:19Z,xm/2024/03/AporEner_Sistema.2024-03-01.ndjson#AporEner:Sistema:2024-03-01:2024-03-31
2024-03-29,AporEnerMediHist,154140000,kWh,xm:servapibi,2026-09-22T19:23:20Z,xm/2024/03/AporEnerMediHist_Sistema.2024-03-01.ndjson#AporEnerMediHist:Sistema:2024-03-01:2024-03-31
2024-03-29,CapaUtilDiarEner,17359561885,kWh,xm:servapibi,2026-09-22T19:23:18Z,xm/2024/03/CapaUtilDiarEner_Sistema.2024-03-01.ndjson#CapaUtilDiarEner:Sistema:2024-03-01:2024-03-31
2024-03-29,DemaSIN,191487614.04,kWh,xm:servapibi,2026-09-22T19:23:23Z,xm/2024/03/DemaSIN_Sistema.2024-03-01.ndjson#DemaSIN:Sistema:2024-03-01:2024-03-31
2024-03-29,PorcApor,0.43815,fraction,xm:servapibi,2026-09-22T19:23:22Z,xm/2024/03/PorcApor_Sistema.2024-03-01.ndjson#PorcApor:Sistema:2024-03-01:2024-03-31
2024-03-29,PorcVoluUtilDiar,0.31858,fraction,xm:servapibi,2026-09-22T19:23:15Z,xm/2024/03/PorcVoluUtilDiar_Sistema.2024-03-01.ndjson#PorcVoluUtilDiar:Sistema:2024-03-01:2024-03-31
2024-03-29,PrecBolsNaci,812.5806200000001,COP/kWh,xm:servapibi,2026-09-22T19:23:26Z,xm/2024/03/PrecBolsNaci_Sistema.2024-03-01.ndjson#PrecBolsNaci:Sistema:2024-03-01:2024-03-31
2024-03-29,PrecEscaAct,1034.44047,COP/kWh,xm:servapibi,2026-09-22T19:23:24Z,xm/2024/03/PrecEscaAct_Sistema.2024-03-01.ndjson#PrecEscaAct:Sistema:2024-03-01:2024-03-31
2024-03-29,VoluUtilDiarEner,5530485500,kWh,xm:servapibi,2026-09-22T19:23:16Z,xm/2024/03/VoluUtilDiarEner_Sistema.2024-03-01.ndjson#VoluUtilDiarEner:Sistema:2024-03-01:2024-03-31
2024-03-30,AporEner,66325400,kWh,xm:servapibi,2026-09-22T19:23:19Z,xm/2024/03/AporEner_Sistema.2024-03-01.ndjson#AporEner:Sistema:2024-03-01:2024-03-31
2024-03-30,AporEnerMediHist,154140000,kWh,xm:servapibi,2026-09-22T19:23:20Z,xm/2024/03/AporEnerMediHist_Sistema.2024-03-01.ndjson#AporEnerMediHist:Sistema:2024-03-01:2024-03-31
2024-03-30,CapaUtilDiarEner,17359561885,kWh,xm:servapibi,2026-09-22T19:23:18Z,xm/2024/03/CapaUtilDiarEner_Sistema.2024-03-01.ndjson#CapaUtilDiarEner:Sistema:2024-03-01:2024-03-31
2024-03-30,DemaSIN,203364382.41,kWh,xm:servapibi,2026-09-22T19:23:23Z,xm/2024/03/DemaSIN_Sistema.2024-03-01.ndjson#DemaSIN:Sistema:2024-03-01:2024-03-31
2024-03-30,PorcApor,0.43029,fraction,xm:servapibi,2026-09-22T19:23:22Z,xm/2024/03/PorcApor_Sistema.2024-03-01.ndjson#PorcApor:Sistema:2024-03-01:2024-03-31
2024-03-30,PorcVoluUtilDiar,0.31614,fraction,xm:servapibi,2026-09-22T19:23:15Z,xm/2024/03/PorcVoluUtilDiar_Sistema.2024-03-01.ndjson#PorcVoluUtilDiar:Sistema:2024-03-01:2024-03-31
2024-03-30,PrecBolsNaci,755.1452249999999,COP/kWh,xm:servapibi,2026-09-22T19:23:26Z,xm/2024/03/PrecBolsNaci_Sistema.2024-03-01.ndjson#PrecBolsNaci:Sistema:2024-03-01:2024-03-31
2024-03-30,PrecEscaAct,1034.44047,COP/kWh,xm:servapibi,2026-09-22T19:23:24Z,xm/2024/03/PrecEscaAct_Sistema.2024-03-01.ndjson#PrecEscaAct:Sistema:2024-03-01:2024-03-31
2024-03-30,VoluUtilDiarEner,5488067600,kWh,xm:servapibi,2026-09-22T19:23:16Z,xm/2024/03/VoluUtilDiarEner_Sistema.2024-03-01.ndjson#VoluUtilDiarEner:Sistema:2024-03-01:2024-03-31
2024-03-31,AporEner,77753500,kWh,xm:servapibi,2026-09-22T19:23:19Z,xm/2024/03/AporEner_Sistema.2024-03-01.ndjson#AporEner:Sistema:2024-03-01:2024-03-31
2024-03-31,AporEnerMediHist,154140000,kWh,xm:servapibi,2026-09-22T19:23:20Z,xm/2024/03/AporEnerMediHist_Sistema.2024-03-01.ndjson#AporEnerMediHist:Sistema:2024-03-01:2024-03-31
2024-03-31,CapaUtilDiarEner,17359561885,kWh,xm:servapibi,2026-09-22T19:23:18Z,xm/2024/03/CapaUtilDiarEner_Sistema.2024-03-01.ndjson#CapaUtilDiarEner:Sistema:2024-03-01:2024-03-31
2024-03-31,DemaSIN,199040079.42,kWh,xm:servapibi,2026-09-22T19:23:23Z,xm/2024/03/DemaSIN_Sistema.2024-03-01.ndjson#DemaSIN:Sistema:2024-03-01:2024-03-31
2024-03-31,PorcApor,0.50443,fraction,xm:servapibi,2026-09-22T19:23:22Z,xm/2024/03/PorcApor_Sistema.2024-03-01.ndjson#PorcApor:Sistema:2024-03-01:2024-03-31
2024-03-31,PorcVoluUtilDiar,0.31508,fraction,xm:servapibi,2026-09-22T19:23:15Z,xm/2024/03/PorcVoluUtilDiar_Sistema.2024-03-01.ndjson#PorcVoluUtilDiar:Sistema:2024-03-01:2024-03-31
2024-03-31,PrecBolsNaci,711.9796766666665,COP/kWh,xm:servapibi,2026-09-22T19:23:26Z,xm/2024/03/PrecBolsNaci_Sistema.2024-03-01.ndjson#PrecBolsNaci:Sistema:2024-03-01:2024-03-31
2024-03-31,PrecEscaAct,1034.44047,COP/kWh,xm:servapibi,2026-09-22T19:23:24Z,xm/2024/03/PrecEscaAct_Sistema.2024-03-01.ndjson#PrecEscaAct:Sistema:2024-03-01:2024-03-31
2024-03-31,VoluUtilDiarEner,5469610000,kWh,xm:servapibi,2026-09-22T19:23:16Z,xm/2024/03/VoluUtilDiarEner_Sistema.2024-03-01.ndjson#VoluUtilDiarEner:Sistema:2024-03-01:2024-03-31
2024-04-01,AporEner,92959300,kWh,xm:servapibi,2026-09-22T19:44:22Z,xm/2024/04/AporEner_Sistema.2024-04-01.ndjson#AporEner:Sistema:2024-04-01:2024-04-30
2024-04-01,AporEnerMediHist,222700000,kWh,xm:servapibi,2026-09-22T19:44:23Z,xm/2024/04/AporEnerMediHist_Sistema.2024-04-01.ndjson#AporEnerMediHist:Sistema:2024-04-01:2024-04-30
2024-04-01,CapaUtilDiarEner,17359561885,kWh,xm:servapibi,2026-09-22T19:44:21Z,xm/2024/04/CapaUtilDiarEner_Sistema.2024-04-01.ndjson#CapaUtilDiarEner:Sistema:2024-04-01:2024-04-30
2024-04-01,DemaSIN,225816448.51,kWh,xm:servapibi,2026-09-22T19:44:26Z,xm/2024/04/DemaSIN_Sistema.2024-04-01.ndjson#DemaSIN:Sistema:2024-04-01:2024-04-30
2024-04-01,PorcApor,0.41742,fraction,xm:servapibi,2026-09-22T19:44:25Z,xm/2024/04/PorcApor_Sistema.2024-04-01.ndjson#PorcApor:Sistema:2024-04-01:2024-04-30
2024-04-01,PorcVoluUtilDiar,0.31387,fraction,xm:servapibi,2026-09-22T19:44:19Z,xm/2024/04/PorcVoluUtilDiar_Sistema.2024-04-01.ndjson#PorcVoluUtilDiar:Sistema:2024-04-01:2024-04-30
2024-04-01,PrecBolsNaci,854.6135016666668,COP/kWh,xm:servapibi,2026-09-22T19:44:28Z,xm/2024/04/PrecBolsNaci_Sistema.2024-04-01.ndjson#PrecBolsNaci:Sistema:2024-04-01:2024-04-30
2024-04-01,PrecEscaAct,1056.62215,COP/kWh,xm:servapibi,2026-09-22T19:44:27Z,xm/2024/04/PrecEscaAct_Sistema.2024-04-01.ndjson#PrecEscaAct:Sistema:2024-04-01:2024-04-30
2024-04-01,VoluUtilDiarEner,5448727700,kWh,xm:servapibi,2026-09-22T19:44:20Z,xm/2024/04/VoluUtilDiarEner_Sistema.2024-04-01.ndjson#VoluUtilDiarEner:Sistema:2024-04-01:2024-04-30
2024-04-02,AporEner,139587000,kWh,xm:servapibi,2026-09-22T19:44:22Z,xm/2024/04/AporEner_Sistema.2024-04-01.ndjson#AporEner:Sistema:2024-04-01:2024-04-30
2024-04-02,AporEnerMediHist,222700000,kWh,xm:servapibi,2026-09-22T19:44:23Z,xm/2024/04/AporEnerMediHist_Sistema.2024-04-01.ndjson#AporEnerMediHist:Sistema:2024-04-01:2024-04-30
2024-04-02,CapaUtilDiarEner,17359561885,kWh,xm:servapibi,2026-09-22T19:44:21Z,xm/2024/04/CapaUtilDiarEner_Sistema.2024-04-01.ndjson#CapaUtilDiarEner:Sistema:2024-04-01:2024-04-30
2024-04-02,DemaSIN,227770956.23,kWh,xm:servapibi,2026-09-22T19:44:26Z,xm/2024/04/DemaSIN_Sistema.2024-04-01.ndjson#DemaSIN:Sistema:2024-04-01:2024-04-30
2024-04-02,PorcApor,0.62679,fraction,xm:servapibi,2026-09-22T19:44:25Z,xm/2024/04/PorcApor_Sistema.2024-04-01.ndjson#PorcApor:Sistema:2024-04-01:2024-04-30
2024-04-02,PorcVoluUtilDiar,0.31452,fraction,xm:servapibi,2026-09-22T19:44:19Z,xm/2024/04/PorcVoluUtilDiar_Sistema.2024-04-01.ndjson#PorcVoluUtilDiar:Sistema:2024-04-01:2024-04-30
2024-04-02,PrecBolsNaci,1031.7751499999997,COP/kWh,xm:servapibi,2026-09-22T19:44:28Z,xm/2024/04/PrecBolsNaci_Sistema.2024-04-01.ndjson#PrecBolsNaci:Sistema:2024-04-01:2024-04-30
2024-04-02,PrecEscaAct,1056.62215,COP/kWh,xm:servapibi,2026-09-22T19:44:27Z,xm/2024/04/PrecEscaAct_Sistema.2024-04-01.ndjson#PrecEscaAct:Sistema:2024-04-01:2024-04-30
2024-04-02,VoluUtilDiarEner,5459965400,kWh,xm:servapibi,2026-09-22T19:44:20Z,xm/2024/04/VoluUtilDiarEner_Sistema.2024-04-01.ndjson#VoluUtilDiarEner:Sistema:2024-04-01:2024-04-30
2024-04-03,AporEner,123699600,kWh,xm:servapibi,2026-09-22T19:44:22Z,xm/2024/04/AporEner_Sistema.2024-04-01.ndjson#AporEner:Sistema:2024-04-01:2024-04-30
2024-04-03,AporEnerMediHist,222700000,kWh,xm:servapibi,2026-09-22T19:44:23Z,xm/2024/04/AporEnerMediHist_Sistema.2024-04-01.ndjson#AporEnerMediHist:Sistema:2024-04-01:2024-04-30
2024-04-03,CapaUtilDiarEner,17359561885,kWh,xm:servapibi,2026-09-22T19:44:21Z,xm/2024/04/CapaUtilDiarEner_Sistema.2024-04-01.ndjson#CapaUtilDiarEner:Sistema:2024-04-01:2024-04-30
2024-04-03,DemaSIN,230110307.8,kWh,xm:servapibi,2026-09-22T19:44:26Z,xm/2024/04/DemaSIN_Sistema.2024-04-01.ndjson#DemaSIN:Sistema:2024-04-01:2024-04-30
2024-04-03,PorcApor,0.55545,fraction,xm:servapibi,2026-09-22T19:44:25Z,xm/2024/04/PorcApor_Sistema.2024-04-01.ndjson#PorcApor:Sistema:2024-04-01:2024-04-30
2024-04-03,PorcVoluUtilDiar,0.31418,fraction,xm:servapibi,2026-09-22T19:44:19Z,xm/2024/04/PorcVoluUtilDiar_Sistema.2024-04-01.ndjson#PorcVoluUtilDiar:Sistema:2024-04-01:2024-04-30
2024-04-03,PrecBolsNaci,1234.7442766666663,COP/kWh,xm:servapibi,2026-09-22T19:44:28Z,xm/2024/04/PrecBolsNaci_Sistema.2024-04-01.ndjson#PrecBolsNaci:Sistema:2024-04-01:2024-04-30
2024-04-03,PrecEscaAct,1056.62215,COP/kWh,xm:servapibi,2026-09-22T19:44:27Z,xm/2024/04/PrecEscaAct_Sistema.2024-04-01.ndjson#PrecEscaAct:Sistema:2024-04-01:2024-04-30
2024-04-03,VoluUtilDiarEner,5454009900,kWh,xm:servapibi,2026-09-22T19:44:20Z,xm/2024/04/VoluUtilDiarEner_Sistema.2024-04-01.ndjson#VoluUtilDiarEner:Sistema:2024-04-01:2024-04-30
2024-04-04,AporEner,169207300,kWh,xm:servapibi,2026-09-22T19:44:22Z,xm/2024/04/AporEner_Sistema.2024-04-01.ndjson#AporEner:Sistema:2024-04-01:2024-04-30
2024-04-04,AporEnerMediHist,222700000,kWh,xm:servapibi,2026-09-22T19:44:23Z,xm/2024/04/AporEnerMediHist_Sistema.2024-04-01.ndjson#AporEnerMediHist:Sistema:2024-04-01:2024-04-30
2024-04-04,CapaUtilDiarEner,17359561885,kWh,xm:servapibi,2026-09-22T19:44:21Z,xm/2024/04/CapaUtilDiarEner_Sistema.2024-04-01.ndjson#CapaUtilDiarEner:Sistema:2024-04-01:2024-04-30
2024-04-04,DemaSIN,229243602.24,kWh,xm:servapibi,2026-09-22T19:44:26Z,xm/2024/04/DemaSIN_Sistema.2024-04-01.ndjson#DemaSIN:Sistema:2024-04-01:2024-04-30
2024-04-04,PorcApor,0.7598,fraction,xm:servapibi,2026-09-22T19:44:25Z,xm/2024/04/PorcApor_Sistema.2024-04-01.ndjson#PorcApor:Sistema:2024-04-01:2024-04-30
2024-04-04,PorcVoluUtilDiar,0.31649,fraction,xm:servapibi,2026-09-22T19:44:19Z,xm/2024/04/PorcVoluUtilDiar_Sistema.2024-04-01.ndjson#PorcVoluUtilDiar:Sistema:2024-04-01:2024-04-30
2024-04-04,PrecBolsNaci,1082.2658800000004,COP/kWh,xm:servapibi,2026-09-22T19:44:28Z,xm/2024/04/PrecBolsNaci_Sistema.2024-04-01.ndjson#PrecBolsNaci:Sistema:2024-04-01:2024-04-30
2024-04-04,PrecEscaAct,1056.62215,COP/kWh,xm:servapibi,2026-09-22T19:44:27Z,xm/2024/04/PrecEscaAct_Sistema.2024-04-01.ndjson#PrecEscaAct:Sistema:2024-04-01:2024-04-30
2024-04-04,VoluUtilDiarEner,5494141400,kWh,xm:servapibi,2026-09-22T19:44:20Z,xm/2024/04/VoluUtilDiarEner_Sistema.2024-04-01.ndjson#VoluUtilDiarEner:Sistema:2024-04-01:2024-04-30
2024-04-05,AporEner,148310000,kWh,xm:servapibi,2026-09-22T19:44:22Z,xm/2024/04/AporEner_Sistema.2024-04-01.ndjson#AporEner:Sistema:2024-04-01:2024-04-30
2024-04-05,AporEnerMediHist,222700000,kWh,xm:servapibi,2026-09-22T19:44:23Z,xm/2024/04/AporEnerMediHist_Sistema.2024-04-01.ndjson#AporEnerMediHist:Sistema:2024-04-01:2024-04-30
2024-04-05,CapaUtilDiarEner,17359561885,kWh,xm:servapibi,2026-09-22T19:44:21Z,xm/2024/04/CapaUtilDiarEner_Sistema.2024-04-01.ndjson#CapaUtilDiarEner:Sistema:2024-04-01:2024-04-30
2024-04-05,DemaSIN,232203270.17,kWh,xm:servapibi,2026-09-22T19:44:26Z,xm/2024/04/DemaSIN_Sistema.2024-04-01.ndjson#DemaSIN:Sistema:2024-04-01:2024-04-30
2024-04-05,PorcApor,0.66596,fraction,xm:servapibi,2026-09-22T19:44:25Z,xm/2024/04/PorcApor_Sistema.2024-04-01.ndjson#PorcApor:Sistema:2024-04-01:2024-04-30
2024-04-05,PorcVoluUtilDiar,0.31705,fraction,xm:servapibi,2026-09-22T19:44:19Z,xm/2024/04/PorcVoluUtilDiar_Sistema.2024-04-01.ndjson#PorcVoluUtilDiar:Sistema:2024-04-01:2024-04-30
2024-04-05,PrecBolsNaci,973.8133716666671,COP/kWh,xm:servapibi,2026-09-22T19:44:28Z,xm/2024/04/PrecBolsNaci_Sistema.2024-04-01.ndjson#PrecBolsNaci:Sistema:2024-04-01:2024-04-30
2024-04-05,PrecEscaAct,1056.62215,COP/kWh,xm:servapibi,2026-09-22T19:44:27Z,xm/2024/04/PrecEscaAct_Sistema.2024-04-01.ndjson#PrecEscaAct:Sistema:2024-04-01:2024-04-30
2024-04-05,VoluUtilDiarEner,5503872500,kWh,xm:servapibi,2026-09-22T19:44:20Z,xm/2024/04/VoluUtilDiarEner_Sistema.2024-04-01.ndjson#VoluUtilDiarEner:Sistema:2024-04-01:2024-04-30
2024-04-06,AporEner,138302900,kWh,xm:servapibi,2026-09-22T19:44:22Z,xm/2024/04/AporEner_Sistema.2024-04-01.ndjson#AporEner:Sistema:2024-04-01:2024-04-30
2024-04-06,AporEnerMediHist,222700000,kWh,xm:servapibi,2026-09-22T19:44:23Z,xm/2024/04/AporEnerMediHist_Sistema.2024-04-01.ndjson#AporEnerMediHist:Sistema:2024-04-01:2024-04-30
2024-04-06,CapaUtilDiarEner,17359561885,kWh,xm:servapibi,2026-09-22T19:44:21Z,xm/2024/04/CapaUtilDiarEner_Sistema.2024-04-01.ndjson#CapaUtilDiarEner:Sistema:2024-04-01:2024-04-30
2024-04-06,DemaSIN,225429076.28,kWh,xm:servapibi,2026-09-22T19:44:26Z,xm/2024/04/DemaSIN_Sistema.2024-04-01.ndjson#DemaSIN:Sistema:2024-04-01:2024-04-30
2024-04-06,PorcApor,0.62103,fraction,xm:servapibi,2026-09-22T19:44:25Z,xm/2024/04/PorcApor_Sistema.2024-04-01.ndjson#PorcApor:Sistema:2024-04-01:2024-04-30
2024-04-06,PorcVoluUtilDiar,0.31722,fraction,xm:servapibi,2026-09-22T19:44:19Z,xm/2024/04/PorcVoluUtilDiar_Sistema.2024-04-01.ndjson#PorcVoluUtilDiar:Sistema:2024-04-01:2024-04-30
2024-04-06,PrecBolsNaci,656.1803283333335,COP/kWh,xm:servapibi,2026-09-22T19:44:28Z,xm/2024/04/PrecBolsNaci_Sistema.2024-04-01.ndjson#PrecBolsNaci:Sistema:2024-04-01:2024-04-30
2024-04-06,PrecEscaAct,1056.62215,COP/kWh,xm:servapibi,2026-09-22T19:44:27Z,xm/2024/04/PrecEscaAct_Sistema.2024-04-01.ndjson#PrecEscaAct:Sistema:2024-04-01:2024-04-30
2024-04-06,VoluUtilDiarEner,5506772200,kWh,xm:servapibi,2026-09-22T19:44:20Z,xm/2024/04/VoluUtilDiarEner_Sistema.2024-04-01.ndjson#VoluUtilDiarEner:Sistema:2024-04-01:2024-04-30
2024-04-07,AporEner,103178600,kWh,xm:servapibi,2026-09-22T19:44:22Z,xm/2024/04/AporEner_Sistema.2024-04-01.ndjson#AporEner:Sistema:2024-04-01:2024-04-30
2024-04-07,AporEnerMediHist,222700000,kWh,xm:servapibi,2026-09-22T19:44:23Z,xm/2024/04/AporEnerMediHist_Sistema.2024-04-01.ndjson#AporEnerMediHist:Sistema:2024-04-01:2024-04-30
2024-04-07,CapaUtilDiarEner,17359561885,kWh,xm:servapibi,2026-09-22T19:44:21Z,xm/2024/04/CapaUtilDiarEner_Sistema.2024-04-01.ndjson#CapaUtilDiarEner:Sistema:2024-04-01:2024-04-30
2024-04-07,DemaSIN,208858251.46,kWh,xm:servapibi,2026-09-22T19:44:26Z,xm/2024/04/DemaSIN_Sistema.2024-04-01.ndjson#DemaSIN:Sistema:2024-04-01:2024-04-30
2024-04-07,PorcApor,0.46331,fraction,xm:servapibi,2026-09-22T19:44:25Z,xm/2024/04/PorcApor_Sistema.2024-04-01.ndjson#PorcApor:Sistema:2024-04-01:2024-04-30
2024-04-07,PorcVoluUtilDiar,0.31631,fraction,xm:servapibi,2026-09-22T19:44:19Z,xm/2024/04/PorcVoluUtilDiar_Sistema.2024-04-01.ndjson#PorcVoluUtilDiar:Sistema:2024-04-01:2024-04-30
2024-04-07,PrecBolsNaci,633.402493333333,COP/kWh,xm:servapibi,2026-09-22T19:44:28Z,xm/2024/04/PrecBolsNaci_Sistema.2024-04-01.ndjson#PrecBolsNaci:Sistema:2024-04-01:2024-04-30
2024-04-07,PrecEscaAct,1056.62215,COP/kWh,xm:servapibi,2026-09-22T19:44:27Z,xm/2024/04/PrecEscaAct_Sistema.2024-04-01.ndjson#PrecEscaAct:Sistema:2024-04-01:2024-04-30
2024-04-07,VoluUtilDiarEner,5491018600,kWh,xm:servapibi,2026-09-22T19:44:20Z,xm/2024/04/VoluUtilDiarEner_Sistema.2024-04-01.ndjson#VoluUtilDiarEner:Sistema:2024-04-01:2024-04-30
2024-04-08,AporEner,96336100,kWh,xm:servapibi,2026-09-22T19:44:22Z,xm/2024/04/AporEner_Sistema.2024-04-01.ndjson#AporEner:Sistema:2024-04-01:2024-04-30
2024-04-08,AporEnerMediHist,222700000,kWh,xm:servapibi,2026-09-22T19:44:23Z,xm/2024/04/AporEnerMediHist_Sistema.2024-04-01.ndjson#AporEnerMediHist:Sistema:2024-04-01:2024-04-30
2024-04-08,CapaUtilDiarEner,17359561885,kWh,xm:servapibi,2026-09-22T19:44:21Z,xm/2024/04/CapaUtilDiarEner_Sistema.2024-04-01.ndjson#CapaUtilDiarEner:Sistema:2024-04-01:2024-04-30
2024-04-08,DemaSIN,234325762.84,kWh,xm:servapibi,2026-09-22T19:44:26Z,xm/2024/04/DemaSIN_Sistema.2024-04-01.ndjson#DemaSIN:Sistema:2024-04-01:2024-04-30
2024-04-08,PorcApor,0.43258,fraction,xm:servapibi,2026-09-22T19:44:25Z,xm/2024/04/PorcApor_Sistema.2024-04-01.ndjson#PorcApor:Sistema:2024-04-01:2024-04-30
2024-04-08,PorcVoluUtilDiar,0.3148,fraction,xm:servapibi,2026-09-22T19:44:19Z,xm/2024/04/PorcVoluUtilDiar_Sistema.2024-04-01.ndjson#PorcVoluUtilDiar:Sistema:2024-04-01:2024-04-30
2024-04-08,PrecBolsNaci,907.2405099999996,COP/kWh,xm:servapibi,2026-09-22T19:44:28Z,xm/2024/04/PrecBolsNaci_Sistema.2024-04-01.ndjson#PrecBolsNaci:Sistema:2024-04-01:2024-04-30
2024-04-08,PrecEscaAct,1056.62215,COP/kWh,xm:servapibi,2026-09-22T19:44:27Z,xm/2024/04/PrecEscaAct_Sistema.2024-04-01.ndjson#PrecEscaAct:Sistema:2024-04-01:2024-04-30
2024-04-08,VoluUtilDiarEner,5464757800,kWh,xm:servapibi,2026-09-22T19:44:20Z,xm/2024/04/VoluUtilDiarEner_Sistema.2024-04-01.ndjson#VoluUtilDiarEner:Sistema:2024-04-01:2024-04-30
2024-04-09,AporEner,91761000,kWh,xm:servapibi,2026-09-22T19:44:22Z,xm/2024/04/AporEner_Sistema.2024-04-01.ndjson#AporEner:Sistema:2024-04-01:2024-04-30
2024-04-09,AporEnerMediHist,222700000,kWh,xm:servapibi,2026-09-22T19:44:23Z,xm/2024/04/AporEnerMediHist_Sistema.2024-04-01.ndjson#AporEnerMediHist:Sistema:2024-04-01:2024-04-30
2024-04-09,CapaUtilDiarEner,17359561885,kWh,xm:servapibi,2026-09-22T19:44:21Z,xm/2024/04/CapaUtilDiarEner_Sistema.2024-04-01.ndjson#CapaUtilDiarEner:Sistema:2024-04-01:2024-04-30
2024-04-09,DemaSIN,235609356.32,kWh,xm:servapibi,2026-09-22T19:44:26Z,xm/2024/04/DemaSIN_Sistema.2024-04-01.ndjson#DemaSIN:Sistema:2024-04-01:2024-04-30
2024-04-09,PorcApor,0.41204,fraction,xm:servapibi,2026-09-22T19:44:25Z,xm/2024/04/PorcApor_Sistema.2024-04-01.ndjson#PorcApor:Sistema:2024-04-01:2024-04-30
2024-04-09,PorcVoluUtilDiar,0.31273,fraction,xm:servapibi,2026-09-22T19:44:19Z,xm/2024/04/PorcVoluUtilDiar_Sistema.2024-04-01.ndjson#PorcVoluUtilDiar:Sistema:2024-04-01:2024-04-30
2024-04-09,PrecBolsNaci,993.1730450000003,COP/kWh,xm:servapibi,2026-09-22T19:44:28Z,xm/2024/04/PrecBolsNaci_Sistema.2024-04-01.ndjson#PrecBolsNaci:Sistema:2024-04-01:2024-04-30
2024-04-09,PrecEscaAct,1056.62215,COP/kWh,xm:servapibi,2026-09-22T19:44:27Z,xm/2024/04/PrecEscaAct_Sistema.2024-04-01.ndjson#PrecEscaAct:Sistema:2024-04-01:2024-04-30
2024-04-09,VoluUtilDiarEner,5428932400,kWh,xm:servapibi,2026-09-22T19:44:20Z,xm/2024/04/VoluUtilDiarEner_Sistema.2024-04-01.ndjson#VoluUtilDiarEner:Sistema:2024-04-01:2024-04-30
2024-04-10,AporEner,78419500,kWh,xm:servapibi,2026-09-22T19:44:22Z,xm/2024/04/AporEner_Sistema.2024-04-01.ndjson#AporEner:Sistema:2024-04-01:2024-04-30
2024-04-10,AporEnerMediHist,222700000,kWh,xm:servapibi,2026-09-22T19:44:23Z,xm/2024/04/AporEnerMediHist_Sistema.2024-04-01.ndjson#AporEnerMediHist:Sistema:2024-04-01:2024-04-30
2024-04-10,CapaUtilDiarEner,17359561885,kWh,xm:servapibi,2026-09-22T19:44:21Z,xm/2024/04/CapaUtilDiarEner_Sistema.2024-04-01.ndjson#CapaUtilDiarEner:Sistema:2024-04-01:2024-04-30
2024-04-10,DemaSIN,237418757.26,kWh,xm:servapibi,2026-09-22T19:44:26Z,xm/2024/04/DemaSIN_Sistema.2024-04-01.ndjson#DemaSIN:Sistema:2024-04-01:2024-04-30
2024-04-10,PorcApor,0.35213,fraction,xm:servapibi,2026-09-22T19:44:25Z,xm/2024/04/PorcApor_Sistema.2024-04-01.ndjson#PorcApor:Sistema:2024-04-01:2024-04-30
2024-04-10,PorcVoluUtilDiar,0.31019,fraction,xm:servapibi,2026-09-22T19:44:19Z,xm/2024/04/PorcVoluUtilDiar_Sistema.2024-04-01.ndjson#PorcVoluUtilDiar:Sistema:2024-04-01:2024-04-30
2024-04-10,PrecBolsNaci,950.4994066666668,COP/kWh,xm:servapibi,2026-09-22T19:44:28Z,xm/2024/04/PrecBolsNaci_Sistema.2024-04-01.ndjson#PrecBolsNaci:Sistema:2024-04-01:2024-04-30
2024-04-10,PrecEscaAct,1056.62215,COP/kWh,xm:servapibi,2026-09-22T19:44:27Z,xm/2024/04/PrecEscaAct_Sistema.2024-04-01.ndjson#PrecEscaAct:Sistema:2024-04-01:2024-04-30
2024-04-10,VoluUtilDiarEner,5384739900,kWh,xm:servapibi,2026-09-22T19:44:20Z,xm/2024/04/VoluUtilDiarEner_Sistema.2024-04-01.ndjson#VoluUtilDiarEner:Sistema:2024-04-01:2024-04-30
2024-04-11,AporEner,70603300,kWh,xm:servapibi,2026-09-22T19:44:22Z,xm/2024/04/AporEner_Sistema.2024-04-01.ndjson#AporEner:Sistema:2024-04-01:2024-04-30
2024-04-11,AporEnerMediHist,222700000,kWh,xm:servapibi,2026-09-22T19:44:23Z,xm/2024/04/AporEnerMediHist_Sistema.2024-04-01.ndjson#AporEnerMediHist:Sistema:2024-04-01:2024-04-30
2024-04-11,CapaUtilDiarEner,17359561885,kWh,xm:servapibi,2026-09-22T19:44:21Z,xm/2024/04/CapaUtilDiarEner_Sistema.2024-04-01.ndjson#CapaUtilDiarEner:Sistema:2024-04-01:2024-04-30
2024-04-11,DemaSIN,241226212.38,kWh,xm:servapibi,2026-09-22T19:44:26Z,xm/2024/04/DemaSIN_Sistema.2024-04-01.ndjson#DemaSIN:Sistema:2024-04-01:2024-04-30
2024-04-11,PorcApor,0.31703,fraction,xm:servapibi,2026-09-22T19:44:25Z,xm/2024/04/PorcApor_Sistema.2024-04-01.ndjson#PorcApor:Sistema:2024-04-01:2024-04-30
2024-04-11,PorcVoluUtilDiar,0.3064,fraction,xm:servapibi,2026-09-22T19:44:19Z,xm/2024/04/PorcVoluUtilDiar_Sistema.2024-04-01.ndjson#PorcVoluUtilDiar:Sistema:2024-04-01:2024-04-30
2024-04-11,PrecBolsNaci,1031.0985933333334,COP/kWh,xm:servapibi,2026-09-22T19:44:28Z,xm/2024/04/PrecBolsNaci_Sistema.2024-04-01.ndjson#PrecBolsNaci:Sistema:2024-04-01:2024-04-30
2024-04-11,PrecEscaAct,1056.62215,COP/kWh,xm:servapibi,2026-09-22T19:44:27Z,xm/2024/04/PrecEscaAct_Sistema.2024-04-01.ndjson#PrecEscaAct:Sistema:2024-04-01:2024-04-30
2024-04-11,VoluUtilDiarEner,5318936000,kWh,xm:servapibi,2026-09-22T19:44:20Z,xm/2024/04/VoluUtilDiarEner_Sistema.2024-04-01.ndjson#VoluUtilDiarEner:Sistema:2024-04-01:2024-04-30
2024-04-12,AporEner,68491400,kWh,xm:servapibi,2026-09-22T19:44:22Z,xm/2024/04/AporEner_Sistema.2024-04-01.ndjson#AporEner:Sistema:2024-04-01:2024-04-30
2024-04-12,AporEnerMediHist,222700000,kWh,xm:servapibi,2026-09-22T19:44:23Z,xm/2024/04/AporEnerMediHist_Sistema.2024-04-01.ndjson#AporEnerMediHist:Sistema:2024-04-01:2024-04-30
2024-04-12,CapaUtilDiarEner,17359561885,kWh,xm:servapibi,2026-09-22T19:44:21Z,xm/2024/04/CapaUtilDiarEner_Sistema.2024-04-01.ndjson#CapaUtilDiarEner:Sistema:2024-04-01:2024-04-30
2024-04-12,DemaSIN,241353453.7,kWh,xm:servapibi,2026-09-22T19:44:26Z,xm/2024/04/DemaSIN_Sistema.2024-04-01.ndjson#DemaSIN:Sistema:2024-04-01:2024-04-30
2024-04-12,PorcApor,0.30755,fraction,xm:servapibi,2026-09-22T19:44:25Z,xm/2024/04/PorcApor_Sistema.2024-04-01.ndjson#PorcApor:Sistema:2024-04-01:2024-04-30
2024-04-12,PorcVoluUtilDiar,0.30243,fraction,xm:servapibi,2026-09-22T19:44:19Z,xm/2024/04/PorcVoluUtilDiar_Sistema.2024-04-01.ndjson#PorcVoluUtilDiar:Sistema:2024-04-01:2024-04-30
2024-04-12,PrecBolsNaci,1036.5270316666672,COP/kWh,xm:servapibi,2026-09-22T19:44:28Z,xm/2024/04/PrecBolsNaci_Sistema.2024-04-01.ndjson#PrecBolsNaci:Sistema:2024-04-01:2024-04-30
2024-04-12,PrecEscaAct,1056.62215,COP/kWh,xm:servapibi,2026-09-22T19:44:27Z,xm/2024/04/PrecEscaAct_Sistema.2024-04-01.ndjson#PrecEscaAct:Sistema:2024-04-01:2024-04-30
2024-04-12,VoluUtilDiarEner,5250139000,kWh,xm:servapibi,2026-09-22T19:44:20Z,xm/2024/04/VoluUtilDiarEner_Sistema.2024-04-01.ndjson#VoluUtilDiarEner:Sistema:2024-04-01:2024-04-30
2024-04-13,AporEner,65123600,kWh,xm:servapibi,2026-09-22T19:44:22Z,xm/2024/04/AporEner_Sistema.2024-04-01.ndjson#AporEner:Sistema:2024-04-01:2024-04-30
2024-04-13,AporEnerMediHist,222700000,kWh,xm:servapibi,2026-09-22T19:44:23Z,xm/2024/04/AporEnerMediHist_Sistema.2024-04-01.ndjson#AporEnerMediHist:Sistema:2024-04-01:2024-04-30
2024-04-13,CapaUtilDiarEner,17359561885,kWh,xm:servapibi,2026-09-22T19:44:21Z,xm/2024/04/CapaUtilDiarEner_Sistema.2024-04-01.ndjson#CapaUtilDiarEner:Sistema:2024-04-01:2024-04-30
2024-04-13,DemaSIN,229401389.77,kWh,xm:servapibi,2026-09-22T19:44:26Z,xm/2024/04/DemaSIN_Sistema.2024-04-01.ndjson#DemaSIN:Sistema:2024-04-01:2024-04-30
2024-04-13,PorcApor,0.29243,fraction,xm:servapibi,2026-09-22T19:44:25Z,xm/2024/04/PorcApor_Sistema.2024-04-01.ndjson#PorcApor:Sistema:2024-04-01:2024-04-30
2024-04-13,PorcVoluUtilDiar,0.29973,fraction,xm:servapibi,2026-09-22T19:44:19Z,xm/2024/04/PorcVoluUtilDiar_Sistema.2024-04-01.ndjson#PorcVoluUtilDiar:Sistema:2024-04-01:2024-04-30
2024-04-13,PrecBolsNaci,1018.5927933333329,COP/kWh,xm:servapibi,2026-09-22T19:44:28Z,xm/2024/04/PrecBolsNaci_Sistema.2024-04-01.ndjson#PrecBolsNaci:Sistema:2024-04-01:2024-04-30
2024-04-13,PrecEscaAct,1056.62215,COP/kWh,xm:servapibi,2026-09-22T19:44:27Z,xm/2024/04/PrecEscaAct_Sistema.2024-04-01.ndjson#PrecEscaAct:Sistema:2024-04-01:2024-04-30
2024-04-13,VoluUtilDiarEner,5203267600,kWh,xm:servapibi,2026-09-22T19:44:20Z,xm/2024/04/VoluUtilDiarEner_Sistema.2024-04-01.ndjson#VoluUtilDiarEner:Sistema:2024-04-01:2024-04-30
2024-04-14,AporEner,62775800,kWh,xm:servapibi,2026-09-22T19:44:22Z,xm/2024/04/AporEner_Sistema.2024-04-01.ndjson#AporEner:Sistema:2024-04-01:2024-04-30
2024-04-14,AporEnerMediHist,222700000,kWh,xm:servapibi,2026-09-22T19:44:23Z,xm/2024/04/AporEnerMediHist_Sistema.2024-04-01.ndjson#AporEnerMediHist:Sistema:2024-04-01:2024-04-30
2024-04-14,CapaUtilDiarEner,17359561885,kWh,xm:servapibi,2026-09-22T19:44:21Z,xm/2024/04/CapaUtilDiarEner_Sistema.2024-04-01.ndjson#CapaUtilDiarEner:Sistema:2024-04-01:2024-04-30
2024-04-14,DemaSIN,208784731.25,kWh,xm:servapibi,2026-09-22T19:44:26Z,xm/2024/04/DemaSIN_Sistema.2024-04-01.ndjson#DemaSIN:Sistema:2024-04-01:2024-04-30
2024-04-14,PorcApor,0.28189,fraction,xm:servapibi,2026-09-22T19:44:25Z,xm/2024/04/PorcApor_Sistema.2024-04-01.ndjson#PorcApor:Sistema:2024-04-01:2024-04-30
2024-04-14,PorcVoluUtilDiar,0.29794,fraction,xm:servapibi,2026-09-22T19:44:19Z,xm/2024/04/PorcVoluUtilDiar_Sistema.2024-04-01.ndjson#PorcVoluUtilDiar:Sistema:2024-04-01:2024-04-30
2024-04-14,PrecBolsNaci,1035.144935,COP/kWh,xm:servapibi,2026-09-22T19:44:28Z,xm/2024/04/PrecBolsNaci_Sistema.2024-04-01.ndjson#PrecBolsNaci:Sistema:2024-04-01:2024-04-30
2024-04-14,PrecEscaAct,1056.62215,COP/kWh,xm:servapibi,2026-09-22T19:44:27Z,xm/2024/04/PrecEscaAct_Sistema.2024-04-01.ndjson#PrecEscaAct:Sistema:2024-04-01:2024-04-30
2024-04-14,VoluUtilDiarEner,5172032600,kWh,xm:servapibi,2026-09-22T19:44:20Z,xm/2024/04/VoluUtilDiarEner_Sistema.2024-04-01.ndjson#VoluUtilDiarEner:Sistema:2024-04-01:2024-04-30
2024-04-15,AporEner,65482700,kWh,xm:servapibi,2026-09-22T19:44:22Z,xm/2024/04/AporEner_Sistema.2024-04-01.ndjson#AporEner:Sistema:2024-04-01:2024-04-30
2024-04-15,AporEnerMediHist,222700000,kWh,xm:servapibi,2026-09-22T19:44:23Z,xm/2024/04/AporEnerMediHist_Sistema.2024-04-01.ndjson#AporEnerMediHist:Sistema:2024-04-01:2024-04-30
2024-04-15,CapaUtilDiarEner,17359561885,kWh,xm:servapibi,2026-09-22T19:44:21Z,xm/2024/04/CapaUtilDiarEner_Sistema.2024-04-01.ndjson#CapaUtilDiarEner:Sistema:2024-04-01:2024-04-30
2024-04-15,DemaSIN,235632397.39,kWh,xm:servapibi,2026-09-22T19:44:26Z,xm/2024/04/DemaSIN_Sistema.2024-04-01.ndjson#DemaSIN:Sistema:2024-04-01:2024-04-30
2024-04-15,PorcApor,0.29404,fraction,xm:servapibi,2026-09-22T19:44:25Z,xm/2024/04/PorcApor_Sistema.2024-04-01.ndjson#PorcApor:Sistema:2024-04-01:2024-04-30
2024-04-15,PorcVoluUtilDiar,0.29467,fraction,xm:servapibi,2026-09-22T19:44:19Z,xm/2024/04/PorcVoluUtilDiar_Sistema.2024-04-01.ndjson#PorcVoluUtilDiar:Sistema:2024-04-01:2024-04-30
2024-04-15,PrecBolsNaci,1078.9782866666671,COP/kWh,xm:servapibi,2026-09-22T19:44:28Z,xm/2024/04/PrecBolsNaci_Sistema.2024-04-01.ndjson#PrecBolsNaci:Sistema:2024-04-01:2024-04-30
2024-04-15,PrecEscaAct,1056.62215,COP/kWh,xm:servapibi,2026-09-22T19:44:27Z,xm/2024/04/PrecEscaAct_Sistema.2024-04-01.ndjson#PrecEscaAct:Sistema:2024-04-01:2024-04-30
2024-04-15,VoluUtilDiarEner,5115404400,kWh,xm:servapibi,2026-09-22T19:44:20Z,xm/2024/04/VoluUtilDiarEner_Sistema.2024-04-01.ndjson#VoluUtilDiarEner:Sistema:2024-04-01:2024-04-30
2024-04-16,AporEner,63658600,kWh,xm:servapibi,2026-09-22T19:44:22Z,xm/2024/04/AporEner_Sistema.2024-04-01.ndjson#AporEner:Sistema:2024-04-01:2024-04-30
2024-04-16,AporEnerMediHist,222700000,kWh,xm:servapibi,2026-09-22T19:44:23Z,xm/2024/04/AporEnerMediHist_Sistema.2024-04-01.ndjson#AporEnerMediHist:Sistema:2024-04-01:2024-04-30
2024-04-16,CapaUtilDiarEner,17359561885,kWh,xm:servapibi,2026-09-22T19:44:21Z,xm/2024/04/CapaUtilDiarEner_Sistema.2024-04-01.ndjson#CapaUtilDiarEner:Sistema:2024-04-01:2024-04-30
2024-04-16,DemaSIN,239645768.09,kWh,xm:servapibi,2026-09-22T19:44:26Z,xm/2024/04/DemaSIN_Sistema.2024-04-01.ndjson#DemaSIN:Sistema:2024-04-01:2024-04-30
2024-04-16,PorcApor,0.28585,fraction,xm:servapibi,2026-09-22T19:44:25Z,xm/2024/04/PorcApor_Sistema.2024-04-01.ndjson#PorcApor:Sistema:2024-04-01:2024-04-30
2024-04-16,PorcVoluUtilDiar,0.29087,fraction,xm:servapibi,2026-09-22T19:44:19Z,xm/2024/04/PorcVoluUtilDiar_Sistema.2024-04-01.ndjson#PorcVoluUtilDiar:Sistema:2024-04-01:2024-04-30
2024-04-16,PrecBolsNaci,1096.8066616666665,COP/kWh,xm:servapibi,2026-09-22T19:44:28Z,xm/2024/04/PrecBolsNaci_Sistema.2024-04-01.ndjson#PrecBolsNaci:Sistema:2024-04-01:2024-04-30
2024-04-16,PrecEscaAct,1056.62215,COP/kWh,xm:servapibi,2026-09-22T19:44:27Z,xm/2024/04/PrecEscaAct_Sistema.2024-04-01.ndjson#PrecEscaAct:Sistema:2024-04-01:2024-04-30
2024-04-16,VoluUtilDiarEner,5049448600,kWh,xm:servapibi,2026-09-22T19:44:20Z,xm/2024/04/VoluUtilDiarEner_Sistema.2024-04-01.ndjson#VoluUtilDiarEner:Sistema:2024-04-01:2024-04-30
2024-04-17,AporEner,67759700,kWh,xm:servapibi,2026-09-22T19:44:22Z,xm/2024/04/AporEner_Sistema.2024-04-01.ndjson#AporEner:Sistema:2024-04-01:2024-04-30
2024-04-17,AporEnerMediHist,222700000,kWh,xm:servapibi,2026-09-22T19:44:23Z,xm/2024/04/AporEnerMediHist_Sistema.2024-04-01.ndjson#AporEnerMediHist:Sistema:2024-04-01:2024-04-30
2024-04-17,CapaUtilDiarEner,17359561885,kWh,xm:servapibi,2026-09-22T19:44:21Z,xm/2024/04/CapaUtilDiarEner_Sistema.2024-04-01.ndjson#CapaUtilDiarEner:Sistema:2024-04-01:2024-04-30
2024-04-17,DemaSIN,239419435.42,kWh,xm:servapibi,2026-09-22T19:44:26Z,xm/2024/04/DemaSIN_Sistema.2024-04-01.ndjson#DemaSIN:Sistema:2024-04-01:2024-04-30
2024-04-17,PorcApor,0.30426,fraction,xm:servapibi,2026-09-22T19:44:25Z,xm/2024/04/PorcApor_Sistema.2024-04-01.ndjson#PorcApor:Sistema:2024-04-01:2024-04-30
2024-04-17,PorcVoluUtilDiar,0.28736,fraction,xm:servapibi,2026-09-22T19:44:19Z,xm/2024/04/PorcVoluUtilDiar_Sistema.2024-04-01.ndjson#PorcVoluUtilDiar:Sistema:2024-04-01:2024-04-30
2024-04-17,PrecBolsNaci,1043.3065166666665,COP/kWh,xm:servapibi,2026-09-22T19:44:28Z,xm/2024/04/PrecBolsNaci_Sistema.2024-04-01.ndjson#PrecBolsNaci:Sistema:2024-04-01:2024-04-30
2024-04-17,PrecEscaAct,1056.62215,COP/kWh,xm:servapibi,2026-09-22T19:44:27Z,xm/2024/04/PrecEscaAct_Sistema.2024-04-01.ndjson#PrecEscaAct:Sistema:2024-04-01:2024-04-30
2024-04-17,VoluUtilDiarEner,4988459500,kWh,xm:servapibi,2026-09-22T19:44:20Z,xm/2024/04/VoluUtilDiarEner_Sistema.2024-04-01.ndjson#VoluUtilDiarEner:Sistema:2024-04-01:2024-04-30
2024-04-18,AporEner,84288900,kWh,xm:servapibi,2026-09-22T19:44:22Z,xm/2024/04/AporEner_Sistema.2024-04-01.ndjson#AporEner:Sistema:2024-04-01:2024-04-30
2024-04-18,AporEnerMediHist,222700000,kWh,xm:servapibi,2026-09-22T19:44:23Z,xm/2024/04/AporEnerMediHist_Sistema.2024-04-01.ndjson#AporEnerMediHist:Sistema:2024-04-01:2024-04-30
2024-04-18,CapaUtilDiarEner,17359561885,kWh,xm:servapibi,2026-09-22T19:44:21Z,xm/2024/04/CapaUtilDiarEner_Sistema.2024-04-01.ndjson#CapaUtilDiarEner:Sistema:2024-04-01:2024-04-30
2024-04-18,DemaSIN,236750629.38,kWh,xm:servapibi,2026-09-22T19:44:26Z,xm/2024/04/DemaSIN_Sistema.2024-04-01.ndjson#DemaSIN:Sistema:2024-04-01:2024-04-30
2024-04-18,PorcApor,0.37849,fraction,xm:servapibi,2026-09-22T19:44:25Z,xm/2024/04/PorcApor_Sistema.2024-04-01.ndjson#PorcApor:Sistema:2024-04-01:2024-04-30
2024-04-18,PorcVoluUtilDiar,0.28564,fraction,xm:servapibi,2026-09-22T19:44:19Z,xm/2024/04/PorcVoluUtilDiar_Sistema.2024-04-01.ndjson#PorcVoluUtilDiar:Sistema:2024-04-01:2024-04-30
2024-04-18,PrecBolsNaci,1038.4695883333327,COP/kWh,xm:servapibi,2026-09-22T19:44:28Z,xm/2024/04/PrecBolsNaci_Sistema.2024-04-01.ndjson#PrecBolsNaci:Sistema:2024-04-01:2024-04-30
2024-04-18,PrecEscaAct,1056.62215,COP/kWh,xm:servapibi,2026-09-22T19:44:27Z,xm/2024/04/PrecEscaAct_Sistema.2024-04-01.ndjson#PrecEscaAct:Sistema:2024-04-01:2024-04-30
2024-04-18,VoluUtilDiarEner,4958518300,kWh,xm:servapibi,2026-09-22T19:44:20Z,xm/2024/04/VoluUtilDiarEner_Sistema.2024-04-01.ndjson#VoluUtilDiarEner:Sistema:2024-04-01:2024-04-30
2024-04-19,AporEner,123197300,kWh,xm:servapibi,2026-09-22T19:44:22Z,xm/2024/04/AporEner_Sistema.2024-04-01.ndjson#AporEner:Sistema:2024-04-01:2024-04-30
2024-04-19,AporEnerMediHist,222700000,kWh,xm:servapibi,2026-09-22T19:44:23Z,xm/2024/04/AporEnerMediHist_Sistema.2024-04-01.ndjson#AporEnerMediHist:Sistema:2024-04-01:2024-04-30
2024-04-19,CapaUtilDiarEner,17359561885,kWh,xm:servapibi,2026-09-22T19:44:21Z,xm/2024/04/CapaUtilDiarEner_Sistema.2024-04-01.ndjson#CapaUtilDiarEner:Sistema:2024-04-01:2024-04-30
2024-04-19,DemaSIN,232559720.85,kWh,xm:servapibi,2026-09-22T19:44:26Z,xm/2024/04/DemaSIN_Sistema.2024-04-01.ndjson#DemaSIN:Sistema:2024-04-01:2024-04-30
2024-04-19,PorcApor,0.5532,fraction,xm:servapibi,2026-09-22T19:44:25Z,xm/2024/04/PorcApor_Sistema.2024-04-01.ndjson#PorcApor:Sistema:2024-04-01:2024-04-30
2024-04-19,PorcVoluUtilDiar,0.2865,fraction,xm:servapibi,2026-09-22T19:44:19Z,xm/2024/04/PorcVoluUtilDiar_Sistema.2024-04-01.ndjson#PorcVoluUtilDiar:Sistema:2024-04-01:2024-04-30
2024-04-19,PrecBolsNaci,996.9979016666666,COP/kWh,xm:servapibi,2026-09-22T19:44:28Z,xm/2024/04/PrecBolsNaci_Sistema.2024-04-01.ndjson#PrecBolsNaci:Sistema:2024-04-01:2024-04-30
2024-04-19,PrecEscaAct,1056.62215,COP/kWh,xm:servapibi,2026-09-22T19:44:27Z,xm/2024/04/PrecEscaAct_Sistema.2024-04-01.ndjson#PrecEscaAct:Sistema:2024-04-01:2024-04-30
2024-04-19,VoluUtilDiarEner,4973441800,kWh,xm:servapibi,2026-09-22T19:44:20Z,xm/2024/04/VoluUtilDiarEner_Sistema.2024-04-01.ndjson#VoluUtilDiarEner:Sistema:2024-04-01:2024-04-30
2024-04-20,AporEner,140632700,kWh,xm:servapibi,2026-09-22T19:44:22Z,xm/2024/04/AporEner_Sistema.2024-04-01.ndjson#AporEner:Sistema:2024-04-01:2024-04-30
2024-04-20,AporEnerMediHist,222700000,kWh,xm:servapibi,2026-09-22T19:44:23Z,xm/2024/04/AporEnerMediHist_Sistema.2024-04-01.ndjson#AporEnerMediHist:Sistema:2024-04-01:2024-04-30
2024-04-20,CapaUtilDiarEner,17359561885,kWh,xm:servapibi,2026-09-22T19:44:21Z,xm/2024/04/CapaUtilDiarEner_Sistema.2024-04-01.ndjson#CapaUtilDiarEner:Sistema:2024-04-01:2024-04-30
2024-04-20,DemaSIN,221976315.86,kWh,xm:servapibi,2026-09-22T19:44:26Z,xm/2024/04/DemaSIN_Sistema.2024-04-01.ndjson#DemaSIN:Sistema:2024-04-01:2024-04-30
2024-04-20,PorcApor,0.63149,fraction,xm:servapibi,2026-09-22T19:44:25Z,xm/2024/04/PorcApor_Sistema.2024-04-01.ndjson#PorcApor:Sistema:2024-04-01:2024-04-30
2024-04-20,PorcVoluUtilDiar,0.28877,fraction,xm:servapibi,2026-09-22T19:44:19Z,xm/2024/04/PorcVoluUtilDiar_Sistema.2024-04-01.ndjson#PorcVoluUtilDiar:Sistema:2024-04-01:2024-04-30
2024-04-20,PrecBolsNaci,977.8117516666663,COP/kWh,xm:servapibi,2026-09-22T19:44:28Z,xm/2024/04/PrecBolsNaci_Sistema.2024-04-01.ndjson#PrecBolsNaci:Sistema:2024-04-01:2024-04-30
2024-04-20,PrecEscaAct,1056.62215,COP/kWh,xm:servapibi,2026-09-22T19:44:27Z,xm/2024/04/PrecEscaAct_Sistema.2024-04-01.ndjson#PrecEscaAct:Sistema:2024-04-01:2024-04-30
2024-04-20,VoluUtilDiarEner,5012849400,kWh,xm:servapibi,2026-09-22T19:44:20Z,xm/2024/04/VoluUtilDiarEner_Sistema.2024-04-01.ndjson#VoluUtilDiarEner:Sistema:2024-04-01:2024-04-30
2024-04-21,AporEner,173795200,kWh,xm:servapibi,2026-09-22T19:44:22Z,xm/2024/04/AporEner_Sistema.2024-04-01.ndjson#AporEner:Sistema:2024-04-01:2024-04-30
2024-04-21,AporEnerMediHist,222700000,kWh,xm:servapibi,2026-09-22T19:44:23Z,xm/2024/04/AporEnerMediHist_Sistema.2024-04-01.ndjson#AporEnerMediHist:Sistema:2024-04-01:2024-04-30
2024-04-21,CapaUtilDiarEner,17359561885,kWh,xm:servapibi,2026-09-22T19:44:21Z,xm/2024/04/CapaUtilDiarEner_Sistema.2024-04-01.ndjson#CapaUtilDiarEner:Sistema:2024-04-01:2024-04-30
2024-04-21,DemaSIN,201005759.17,kWh,xm:servapibi,2026-09-22T19:44:26Z,xm/2024/04/DemaSIN_Sistema.2024-04-01.ndjson#DemaSIN:Sistema:2024-04-01:2024-04-30
2024-04-21,PorcApor,0.7804,fraction,xm:servapibi,2026-09-22T19:44:25Z,xm/2024/04/PorcApor_Sistema.2024-04-01.ndjson#PorcApor:Sistema:2024-04-01:2024-04-30
2024-04-21,PorcVoluUtilDiar,0.29401,fraction,xm:servapibi,2026-09-22T19:44:19Z,xm/2024/04/PorcVoluUtilDiar_Sistema.2024-04-01.ndjson#PorcVoluUtilDiar:Sistema:2024-04-01:2024-04-30
2024-04-21,PrecBolsNaci,604.6459716666667,COP/kWh,xm:servapibi,2026-09-22T19:44:28Z,xm/2024/04/PrecBolsNaci_Sistema.2024-04-01.ndjson#PrecBolsNaci:Sistema:2024-04-01:2024-04-30
2024-04-21,PrecEscaAct,1056.62215,COP/kWh,xm:servapibi,2026-09-22T19:44:27Z,xm/2024/04/PrecEscaAct_Sistema.2024-04-01.ndjson#PrecEscaAct:Sistema:2024-04-01:2024-04-30
2024-04-21,VoluUtilDiarEner,5103911100,kWh,xm:servapibi,2026-09-22T19:44:20Z,xm/2024/04/VoluUtilDiarEner_Sistema.2024-04-01.ndjson#VoluUtilDiarEner:Sistema:2024-04-01:2024-04-30
2024-04-22,AporEner,214521300,kWh,xm:servapibi,2026-09-22T19:44:22Z,xm/2024/04/AporEner_Sistema.2024-04-01.ndjson#AporEner:Sistema:2024-04-01:2024-04-30
2024-04-22,AporEnerMediHist,222700000,kWh,xm:servapibi,2026-09-22T19:44:23Z,xm/2024/04/AporEnerMediHist_Sistema.2024-04-01.ndjson#AporEnerMediHist:Sistema:2024-04-01:2024-04-30
2024-04-22,CapaUtilDiarEner,17359561885,kWh,xm:servapibi,2026-09-22T19:44:21Z,xm/2024/04/CapaUtilDiarEner_Sistema.2024-04-01.ndjson#CapaUtilDiarEner:Sistema:2024-04-01:2024-04-30
2024-04-22,DemaSIN,220482073.71,kWh,xm:servapibi,2026-09-22T19:44:26Z,xm/2024/04/DemaSIN_Sistema.2024-04-01.ndjson#DemaSIN:Sistema:2024-04-01:2024-04-30
2024-04-22,PorcApor,0.96327,fraction,xm:servapibi,2026-09-22T19:44:25Z,xm/2024/04/PorcApor_Sistema.2024-04-01.ndjson#PorcApor:Sistema:2024-04-01:2024-04-30
2024-04-22,PorcVoluUtilDiar,0.30024,fraction,xm:servapibi,2026-09-22T19:44:19Z,xm/2024/04/PorcVoluUtilDiar_Sistema.2024-04-01.ndjson#PorcVoluUtilDiar:Sistema:2024-04-01:2024-04-30
2024-04-22,PrecBolsNaci,560.7779950000003,COP/kWh,xm:servapibi,2026-09-22T19:44:28Z,xm/2024/04/PrecBolsNaci_Sistema.2024-04-01.ndjson#PrecBolsNaci:Sistema:2024-04-01:2024-04-30
2024-04-22,PrecEscaAct,1056.62215,COP/kWh,xm:servapibi,2026-09-22T19:44:27Z,xm/2024/04/PrecEscaAct_Sistema.2024-04-01.ndjson#PrecEscaAct:Sistema:2024-04-01:2024-04-30
2024-04-22,VoluUtilDiarEner,5212075800,kWh,xm:servapibi,2026-09-22T19:44:20Z,xm/2024/04/VoluUtilDiarEner_Sistema.2024-04-01.ndjson#VoluUtilDiarEner:Sistema:2024-04-01:2024-04-30
2024-04-23,AporEner,192121300,kWh,xm:servapibi,2026-09-22T19:44:22Z,xm/2024/04/AporEner_Sistema.2024-04-01.ndjson#AporEner:Sistema:2024-04-01:2024-04-30
2024-04-23,AporEnerMediHist,222700000,kWh,xm:servapibi,2026-09-22T19:44:23Z,xm/2024/04/AporEnerMediHist_Sistema.2024-04-01.ndjson#AporEnerMediHist:Sistema:2024-04-01:2024-04-30
2024-04-23,CapaUtilDiarEner,17359561885,kWh,xm:servapibi,2026-09-22T19:44:21Z,xm/2024/04/CapaUtilDiarEner_Sistema.2024-04-01.ndjson#CapaUtilDiarEner:Sistema:2024-04-01:2024-04-30
2024-04-23,DemaSIN,225161540.61,kWh,xm:servapibi,2026-09-22T19:44:26Z,xm/2024/04/DemaSIN_Sistema.2024-04-01.ndjson#DemaSIN:Sistema:2024-04-01:2024-04-30
2024-04-23,PorcApor,0.86269,fraction,xm:servapibi,2026-09-22T19:44:25Z,xm/2024/04/PorcApor_Sistema.2024-04-01.ndjson#PorcApor:Sistema:2024-04-01:2024-04-30
2024-04-23,PorcVoluUtilDiar,0.30366,fraction,xm:servapibi,2026-09-22T19:44:19Z,xm/2024/04/PorcVoluUtilDiar_Sistema.2024-04-01.ndjson#PorcVoluUtilDiar:Sistema:2024-04-01:2024-04-30
2024-04-23,PrecBolsNaci,441.67153333333323,COP/kWh,xm:servapibi,2026-09-22T19:44:28Z,xm/2024/04/PrecBolsNaci_Sistema.2024-04-01.ndjson#PrecBolsNaci:Sistema:2024-04-01:2024-04-30
2024-04-23,PrecEscaAct,1056.62215,COP/kWh,xm:servapibi,2026-09-22T19:44:27Z,xm/2024/04/PrecEscaAct_Sistema.2024-04-01.ndjson#PrecEscaAct:Sistema:2024-04-01:2024-04-30
2024-04-23,VoluUtilDiarEner,5271457700,kWh,xm:servapibi,2026-09-22T19:44:20Z,xm/2024/04/VoluUtilDiarEner_Sistema.2024-04-01.ndjson#VoluUtilDiarEner:Sistema:2024-04-01:2024-04-30
2024-04-24,AporEner,165093400,kWh,xm:servapibi,2026-09-22T19:44:22Z,xm/2024/04/AporEner_Sistema.2024-04-01.ndjson#AporEner:Sistema:2024-04-01:2024-04-30
2024-04-24,AporEnerMediHist,222700000,kWh,xm:servapibi,2026-09-22T19:44:23Z,xm/2024/04/AporEnerMediHist_Sistema.2024-04-01.ndjson#AporEnerMediHist:Sistema:2024-04-01:2024-04-30
2024-04-24,CapaUtilDiarEner,17359561885,kWh,xm:servapibi,2026-09-22T19:44:21Z,xm/2024/04/CapaUtilDiarEner_Sistema.2024-04-01.ndjson#CapaUtilDiarEner:Sistema:2024-04-01:2024-04-30
2024-04-24,DemaSIN,230917450.61,kWh,xm:servapibi,2026-09-22T19:44:26Z,xm/2024/04/DemaSIN_Sistema.2024-04-01.ndjson#DemaSIN:Sistema:2024-04-01:2024-04-30
2024-04-24,PorcApor,0.74133,fraction,xm:servapibi,2026-09-22T19:44:25Z,xm/2024/04/PorcApor_Sistema.2024-04-01.ndjson#PorcApor:Sistema:2024-04-01:2024-04-30
2024-04-24,PorcVoluUtilDiar,0.30485,fraction,xm:servapibi,2026-09-22T19:44:19Z,xm/2024/04/PorcVoluUtilDiar_Sistema.2024-04-01.ndjson#PorcVoluUtilDiar:Sistema:2024-04-01:2024-04-30
2024-04-24,PrecBolsNaci,197.463015,COP/kWh,xm:servapibi,2026-09-22T19:44:28Z,xm/2024/04/PrecBolsNaci_Sistema.2024-04-01.ndjson#PrecBolsNaci:Sistema:2024-04-01:2024-04-30
2024-04-24,PrecEscaAct,1056.62215,COP/kWh,xm:servapibi,2026-09-22T19:44:27Z,xm/2024/04/PrecEscaAct_Sistema.2024-04-01.ndjson#PrecEscaAct:Sistema:2024-04-01:2024-04-30
2024-04-24,VoluUtilDiarEner,5292027500,kWh,xm:servapibi,2026-09-22T19:44:20Z,xm/2024/04/VoluUtilDiarEner_Sistema.2024-04-01.ndjson#VoluUtilDiarEner:Sistema:2024-04-01:2024-04-30
2024-04-25,AporEner,168236800,kWh,xm:servapibi,2026-09-22T19:44:22Z,xm/2024/04/AporEner_Sistema.2024-04-01.ndjson#AporEner:Sistema:2024-04-01:2024-04-30
2024-04-25,AporEnerMediHist,222700000,kWh,xm:servapibi,2026-09-22T19:44:23Z,xm/2024/04/AporEnerMediHist_Sistema.2024-04-01.ndjson#AporEnerMediHist:Sistema:2024-04-01:2024-04-30
2024-04-25,CapaUtilDiarEner,17359561885,kWh,xm:servapibi,2026-09-22T19:44:21Z,xm/2024/04/CapaUtilDiarEner_Sistema.2024-04-01.ndjson#CapaUtilDiarEner:Sistema:2024-04-01:2024-04-30
2024-04-25,DemaSIN,232321344.83,kWh,xm:servapibi,2026-09-22T19:44:26Z,xm/2024/04/DemaSIN_Sistema.2024-04-01.ndjson#DemaSIN:Sistema:2024-04-01:2024-04-30
2024-04-25,PorcApor,0.75544,fraction,xm:servapibi,2026-09-22T19:44:25Z,xm/2024/04/PorcApor_Sistema.2024-04-01.ndjson#PorcApor:Sistema:2024-04-01:2024-04-30
2024-04-25,PorcVoluUtilDiar,0.30763,fraction,xm:servapibi,2026-09-22T19:44:19Z,xm/2024/04/PorcVoluUtilDiar_Sistema.2024-04-01.ndjson#PorcVoluUtilDiar:Sistema:2024-04-01:2024-04-30
2024-04-25,PrecBolsNaci,238.84447666666665,COP/kWh,xm:servapibi,2026-09-22T19:44:28Z,xm/2024/04/PrecBolsNaci_Sistema.2024-04-01.ndjson#PrecBolsNaci:Sistema:2024-04-01:2024-04-30
2024-04-25,PrecEscaAct,1056.62215,COP/kWh,xm:servapibi,2026-09-22T19:44:27Z,xm/2024/04/PrecEscaAct_Sistema.2024-04-01.ndjson#PrecEscaAct:Sistema:2024-04-01:2024-04-30
2024-04-25,VoluUtilDiarEner,5340365700,kWh,xm:servapibi,2026-09-22T19:44:20Z,xm/2024/04/VoluUtilDiarEner_Sistema.2024-04-01.ndjson#VoluUtilDiarEner:Sistema:2024-04-01:2024-04-30
2024-04-26,AporEner,175129600,kWh,xm:servapibi,2026-09-22T19:44:22Z,xm/2024/04/AporEner_Sistema.2024-04-01.ndjson#AporEner:Sistema:2024-04-01:2024-04-30
2024-04-26,AporEnerMediHist,222700000,kWh,xm:servapibi,2026-09-22T19:44:23Z,xm/2024/04/AporEnerMediHist_Sistema.2024-04-01.ndjson#AporEnerMediHist:Sistema:2024-04-01:2024-04-30
2024-04-26,CapaUtilDiarEner,17359561885,kWh,xm:servapibi,2026-09-22T19:44:21Z,xm/2024/04/CapaUtilDiarEner_Sistema.2024-04-01.ndjson#CapaUtilDiarEner:Sistema:2024-04-01:2024-04-30
2024-04-26,DemaSIN,224543379.21,kWh,xm:servapibi,2026-09-22T19:44:26Z,xm/2024/04/DemaSIN_Sistema.2024-04-01.ndjson#DemaSIN:Sistema:2024-04-01:2024-04-30
2024-04-26,PorcApor,0.78639,fraction,xm:servapibi,2026-09-22T19:44:25Z,xm/2024/04/PorcApor_Sistema.2024-04-01.ndjson#PorcApor:Sistema:2024-04-01:2024-04-30
2024-04-26,PorcVoluUtilDiar,0.31101,fraction,xm:servapibi,2026-09-22T19:44:19Z,xm/2024/04/PorcVoluUtilDiar_Sistema.2024-04-01.ndjson#PorcVoluUtilDiar:Sistema:2024-04-01:2024-04-30
2024-04-26,PrecBolsNaci,214.89525833333337,COP/kWh,xm:servapibi,2026-09-22T19:44:28Z,xm/2024/04/PrecBolsNaci_Sistema.2024-04-01.ndjson#PrecBolsNaci:Sistema:2024-04-01:2024-04-30
2024-04-26,PrecEscaAct,1056.62215,COP/kWh,xm:servapibi,2026-09-22T19:44:27Z,xm/2024/04/PrecEscaAct_Sistema.2024-04-01.ndjson#PrecEscaAct:Sistema:2024-04-01:2024-04-30
2024-04-26,VoluUtilDiarEner,5399083900,kWh,xm:servapibi,2026-09-22T19:44:20Z,xm/2024/04/VoluUtilDiarEner_Sistema.2024-04-01.ndjson#VoluUtilDiarEner:Sistema:2024-04-01:2024-04-30
2024-04-27,AporEner,190810300,kWh,xm:servapibi,2026-09-22T19:44:22Z,xm/2024/04/AporEner_Sistema.2024-04-01.ndjson#AporEner:Sistema:2024-04-01:2024-04-30
2024-04-27,AporEnerMediHist,222700000,kWh,xm:servapibi,2026-09-22T19:44:23Z,xm/2024/04/AporEnerMediHist_Sistema.2024-04-01.ndjson#AporEnerMediHist:Sistema:2024-04-01:2024-04-30
2024-04-27,CapaUtilDiarEner,17359561885,kWh,xm:servapibi,2026-09-22T19:44:21Z,xm/2024/04/CapaUtilDiarEner_Sistema.2024-04-01.ndjson#CapaUtilDiarEner:Sistema:2024-04-01:2024-04-30
2024-04-27,DemaSIN,217171197.48,kWh,xm:servapibi,2026-09-22T19:44:26Z,xm/2024/04/DemaSIN_Sistema.2024-04-01.ndjson#DemaSIN:Sistema:2024-04-01:2024-04-30
2024-04-27,PorcApor,0.8568,fraction,xm:servapibi,2026-09-22T19:44:25Z,xm/2024/04/PorcApor_Sistema.2024-04-01.ndjson#PorcApor:Sistema:2024-04-01:2024-04-30
2024-04-27,PorcVoluUtilDiar,0.31418,fraction,xm:servapibi,2026-09-22T19:44:19Z,xm/2024/04/PorcVoluUtilDiar_Sistema.2024-04-01.ndjson#PorcVoluUtilDiar:Sistema:2024-04-01:2024-04-30
2024-04-27,PrecBolsNaci,159.86523166666663,COP/kWh,xm:servapibi,2026-09-22T19:44:28Z,xm/2024/04/PrecBolsNaci_Sistema.2024-04-01.ndjson#PrecBolsNaci:Sistema:2024-04-01:2024-04-30
2024-04-27,PrecEscaAct,1056.62215,COP/kWh,xm:servapibi,2026-09-22T19:44:27Z,xm/2024/04/PrecEscaAct_Sistema.2024-04-01.ndjson#PrecEscaAct:Sistema:2024-04-01:2024-04-30
2024-04-27,VoluUtilDiarEner,5454064900,kWh,xm:servapibi,2026-09-22T19:44:20Z,xm/2024/04/VoluUtilDiarEner_Sistema.2024-04-01.ndjson#VoluUtilDiarEner:Sistema:2024-04-01:2024-04-30
2024-04-28,AporEner,206055600,kWh,xm:servapibi,2026-09-22T19:44:22Z,xm/2024/04/AporEner_Sistema.2024-04-01.ndjson#AporEner:Sistema:2024-04-01:2024-04-30
2024-04-28,AporEnerMediHist,222700000,kWh,xm:servapibi,2026-09-22T19:44:23Z,xm/2024/04/AporEnerMediHist_Sistema.2024-04-01.ndjson#AporEnerMediHist:Sistema:2024-04-01:2024-04-30
2024-04-28,CapaUtilDiarEner,17359561885,kWh,xm:servapibi,2026-09-22T19:44:21Z,xm/2024/04/CapaUtilDiarEner_Sistema.2024-04-01.ndjson#CapaUtilDiarEner:Sistema:2024-04-01:2024-04-30
2024-04-28,DemaSIN,195060843.52,kWh,xm:servapibi,2026-09-22T19:44:26Z,xm/2024/04/DemaSIN_Sistema.2024-04-01.ndjson#DemaSIN:Sistema:2024-04-01:2024-04-30
2024-04-28,PorcApor,0.92526,fraction,xm:servapibi,2026-09-22T19:44:25Z,xm/2024/04/PorcApor_Sistema.2024-04-01.ndjson#PorcApor:Sistema:2024-04-01:2024-04-30
2024-04-28,PorcVoluUtilDiar,0.32017,fraction,xm:servapibi,2026-09-22T19:44:19Z,xm/2024/04/PorcVoluUtilDiar_Sistema.2024-04-01.ndjson#PorcVoluUtilDiar:Sistema:2024-04-01:2024-04-30
2024-04-28,PrecBolsNaci,106.88445,COP/kWh,xm:servapibi,2026-09-22T19:44:28Z,xm/2024/04/PrecBolsNaci_Sistema.2024-04-01.ndjson#PrecBolsNaci:Sistema:2024-04-01:2024-04-30
2024-04-28,PrecEscaAct,1056.62215,COP/kWh,xm:servapibi,2026-09-22T19:44:27Z,xm/2024/04/PrecEscaAct_Sistema.2024-04-01.ndjson#PrecEscaAct:Sistema:2024-04-01:2024-04-30
2024-04-28,VoluUtilDiarEner,5557993200,kWh,xm:servapibi,2026-09-22T19:44:20Z,xm/2024/04/VoluUtilDiarEner_Sistema.2024-04-01.ndjson#VoluUtilDiarEner:Sistema:2024-04-01:2024-04-30
2024-04-29,AporEner,303136900,kWh,xm:servapibi,2026-09-22T19:44:22Z,xm/2024/04/AporEner_Sistema.2024-04-01.ndjson#AporEner:Sistema:2024-04-01:2024-04-30
2024-04-29,AporEnerMediHist,222700000,kWh,xm:servapibi,2026-09-22T19:44:23Z,xm/2024/04/AporEnerMediHist_Sistema.2024-04-01.ndjson#AporEnerMediHist:Sistema:2024-04-01:2024-04-30
2024-04-29,CapaUtilDiarEner,17359561885,kWh,xm:servapibi,2026-09-22T19:44:21Z,xm/2024/04/CapaUtilDiarEner_Sistema.2024-04-01.ndjson#CapaUtilDiarEner:Sistema:2024-04-01:2024-04-30
2024-04-29,DemaSIN,223038656.59,kWh,xm:servapibi,2026-09-22T19:44:26Z,xm/2024/04/DemaSIN_Sistema.2024-04-01.ndjson#DemaSIN:Sistema:2024-04-01:2024-04-30
2024-04-29,PorcApor,1.36119,fraction,xm:servapibi,2026-09-22T19:44:25Z,xm/2024/04/PorcApor_Sistema.2024-04-01.ndjson#PorcApor:Sistema:2024-04-01:2024-04-30
2024-04-29,PorcVoluUtilDiar,0.32677,fraction,xm:servapibi,2026-09-22T19:44:19Z,xm/2024/04/PorcVoluUtilDiar_Sistema.2024-04-01.ndjson#PorcVoluUtilDiar:Sistema:2024-04-01:2024-04-30
2024-04-29,PrecBolsNaci,136.08817999999994,COP/kWh,xm:servapibi,2026-09-22T19:44:28Z,xm/2024/04/PrecBolsNaci_Sistema.2024-04-01.ndjson#PrecBolsNaci:Sistema:2024-04-01:2024-04-30
2024-04-29,PrecEscaAct,1056.62215,COP/kWh,xm:servapibi,2026-09-22T19:44:27Z,xm/2024/04/PrecEscaAct_Sistema.2024-04-01.ndjson#PrecEscaAct:Sistema:2024-04-01:2024-04-30
2024-04-29,VoluUtilDiarEner,5672509900,kWh,xm:servapibi,2026-09-22T19:44:20Z,xm/2024/04/VoluUtilDiarEner_Sistema.2024-04-01.ndjson#VoluUtilDiarEner:Sistema:2024-04-01:2024-04-30
2024-04-30,AporEner,204792600,kWh,xm:servapibi,2026-09-22T19:44:22Z,xm/2024/04/AporEner_Sistema.2024-04-01.ndjson#AporEner:Sistema:2024-04-01:2024-04-30
2024-04-30,AporEnerMediHist,222700000,kWh,xm:servapibi,2026-09-22T19:44:23Z,xm/2024/04/AporEnerMediHist_Sistema.2024-04-01.ndjson#AporEnerMediHist:Sistema:2024-04-01:2024-04-30
2024-04-30,CapaUtilDiarEner,17359561885,kWh,xm:servapibi,2026-09-22T19:44:21Z,xm/2024/04/CapaUtilDiarEner_Sistema.2024-04-01.ndjson#CapaUtilDiarEner:Sistema:2024-04-01:2024-04-30
2024-04-30,DemaSIN,228329949.25,kWh,xm:servapibi,2026-09-22T19:44:26Z,xm/2024/04/DemaSIN_Sistema.2024-04-01.ndjson#DemaSIN:Sistema:2024-04-01:2024-04-30
2024-04-30,PorcApor,0.91959,fraction,xm:servapibi,2026-09-22T19:44:25Z,xm/2024/04/PorcApor_Sistema.2024-04-01.ndjson#PorcApor:Sistema:2024-04-01:2024-04-30
2024-04-30,PorcVoluUtilDiar,0.32911,fraction,xm:servapibi,2026-09-22T19:44:19Z,xm/2024/04/PorcVoluUtilDiar_Sistema.2024-04-01.ndjson#PorcVoluUtilDiar:Sistema:2024-04-01:2024-04-30
2024-04-30,PrecBolsNaci,127.12472666666662,COP/kWh,xm:servapibi,2026-09-22T19:44:28Z,xm/2024/04/PrecBolsNaci_Sistema.2024-04-01.ndjson#PrecBolsNaci:Sistema:2024-04-01:2024-04-30
2024-04-30,PrecEscaAct,1056.62215,COP/kWh,xm:servapibi,2026-09-22T19:44:27Z,xm/2024/04/PrecEscaAct_Sistema.2024-04-01.ndjson#PrecEscaAct:Sistema:2024-04-01:2024-04-30
2024-04-30,VoluUtilDiarEner,5713245700,kWh,xm:servapibi,2026-09-22T19:44:20Z,xm/2024/04/VoluUtilDiarEner_Sistema.2024-04-01.ndjson#VoluUtilDiarEner:Sistema:2024-04-01:2024-04-30
2024-05-01,AporEner,211931100,kWh,xm:servapibi,2026-09-22T19:23:49Z,xm/2024/05/AporEner_Sistema.2024-05-01.ndjson#AporEner:Sistema:2024-05-01:2024-05-31
2024-05-01,AporEnerMediHist,287950000,kWh,xm:servapibi,2026-09-22T19:23:50Z,xm/2024/05/AporEnerMediHist_Sistema.2024-05-01.ndjson#AporEnerMediHist:Sistema:2024-05-01:2024-05-31
2024-05-01,CapaUtilDiarEner,17359561885,kWh,xm:servapibi,2026-09-22T19:23:47Z,xm/2024/05/CapaUtilDiarEner_Sistema.2024-05-01.ndjson#CapaUtilDiarEner:Sistema:2024-05-01:2024-05-31
2024-05-01,DemaSIN,210979989.61,kWh,xm:servapibi,2026-09-22T19:23:53Z,xm/2024/05/DemaSIN_Sistema.2024-05-01.ndjson#DemaSIN:Sistema:2024-05-01:2024-05-31
2024-05-01,PorcApor,0.736,fraction,xm:servapibi,2026-09-22T19:23:51Z,xm/2024/05/PorcApor_Sistema.2024-05-01.ndjson#PorcApor:Sistema:2024-05-01:2024-05-31
2024-05-01,PorcVoluUtilDiar,0.32998,fraction,xm:servapibi,2026-09-22T19:23:45Z,xm/2024/05/PorcVoluUtilDiar_Sistema.2024-05-01.ndjson#PorcVoluUtilDiar:Sistema:2024-05-01:2024-05-31
2024-05-01,PrecBolsNaci,147.72114833333336,COP/kWh,xm:servapibi,2026-09-22T19:23:55Z,xm/2024/05/PrecBolsNaci_Sistema.2024-05-01.ndjson#PrecBolsNaci:Sistema:2024-05-01:2024-05-31
2024-05-01,PrecEscaAct,993.76004,COP/kWh,xm:servapibi,2026-09-22T19:23:54Z,xm/2024/05/PrecEscaAct_Sistema.2024-05-01.ndjson#PrecEscaAct:Sistema:2024-05-01:2024-05-31
2024-05-01,VoluUtilDiarEner,5728267600,kWh,xm:servapibi,2026-09-22T19:23:46Z,xm/2024/05/VoluUtilDiarEner_Sistema.2024-05-01.ndjson#VoluUtilDiarEner:Sistema:2024-05-01:2024-05-31
2024-05-02,AporEner,230087500,kWh,xm:servapibi,2026-09-22T19:23:49Z,xm/2024/05/AporEner_Sistema.2024-05-01.ndjson#AporEner:Sistema:2024-05-01:2024-05-31
2024-05-02,AporEnerMediHist,287950000,kWh,xm:servapibi,2026-09-22T19:23:50Z,xm/2024/05/AporEnerMediHist_Sistema.2024-05-01.ndjson#AporEnerMediHist:Sistema:2024-05-01:2024-05-31
2024-05-02,CapaUtilDiarEner,17359561885,kWh,xm:servapibi,2026-09-22T19:23:47Z,xm/2024/05/CapaUtilDiarEner_Sistema.2024-05-01.ndjson#CapaUtilDiarEner:Sistema:2024-05-01:2024-05-31
2024-05-02,DemaSIN,228433178.03,kWh,xm:servapibi,2026-09-22T19:23:53Z,xm/2024/05/DemaSIN_Sistema.2024-05-01.ndjson#DemaSIN:Sistema:2024-05-01:2024-05-31
2024-05-02,PorcApor,0.79905,fraction,xm:servapibi,2026-09-22T19:23:51Z,xm/2024/05/PorcApor_Sistema.2024-05-01.ndjson#PorcApor:Sistema:2024-05-01:2024-05-31
2024-05-02,PorcVoluUtilDiar,0.33031,fraction,xm:servapibi,2026-09-22T19:23:45Z,xm/2024/05/PorcVoluUtilDiar_Sistema.2024-05-01.ndjson#PorcVoluUtilDiar:Sistema:2024-05-01:2024-05-31
2024-05-02,PrecBolsNaci,192.98377833333333,COP/kWh,xm:servapibi,2026-09-22T19:23:55Z,xm/2024/05/PrecBolsNaci_Sistema.2024-05-01.ndjson#PrecBolsNaci:Sistema:2024-05-01:2024-05-31
2024-05-02,PrecEscaAct,993.76004,COP/kWh,xm:servapibi,2026-09-22T19:23:54Z,xm/2024/05/PrecEscaAct_Sistema.2024-05-01.ndjson#PrecEscaAct:Sistema:2024-05-01:2024-05-31
2024-05-02,VoluUtilDiarEner,5733993100,kWh,xm:servapibi,2026-09-22T19:23:46Z,xm/2024/05/VoluUtilDiarEner_Sistema.2024-05-01.ndjson#VoluUtilDiarEner:Sistema:2024-05-01:2024-05-31
2024-05-03,AporEner,199873900,kWh,xm:servapibi,2026-09-22T19:23:49Z,xm/2024/05/AporEner_Sistema.2024-05-01.ndjson#AporEner:Sistema:2024-05-01:2024-05-31
2024-05-03,AporEnerMediHist,287950000,kWh,xm:servapibi,2026-09-22T19:23:50Z,xm/2024/05/AporEnerMediHist_Sistema.2024-05-01.ndjson#AporEnerMediHist:Sistema:2024-05-01:2024-05-31
2024-05-03,CapaUtilDiarEner,17359561885,kWh,xm:servapibi,2026-09-22T19:23:47Z,xm/2024/05/CapaUtilDiarEner_Sistema.2024-05-01.ndjson#CapaUtilDiarEner:Sistema:2024-05-01:2024-05-31
2024-05-03,DemaSIN,229144417.14,kWh,xm:servapibi,2026-09-22T19:23:53Z,xm/2024/05/DemaSIN_Sistema.2024-05-01.ndjson#DemaSIN:Sistema:2024-05-01:2024-05-31
2024-05-03,PorcApor,0.69413,fraction,xm:servapibi,2026-09-22T19:23:51Z,xm/2024/05/PorcApor_Sistema.2024-05-01.ndjson#PorcApor:Sistema:2024-05-01:2024-05-31
2024-05-03,PorcVoluUtilDiar,0.32946,fraction,xm:servapibi,2026-09-22T19:23:45Z,xm/2024/05/PorcVoluUtilDiar_Sistema.2024-05-01.ndjson#PorcVoluUtilDiar:Sistema:2024-05-01:2024-05-31
2024-05-03,PrecBolsNaci,275.8108766666668,COP/kWh,xm:servapibi,2026-09-22T19:23:55Z,xm/2024/05/PrecBolsNaci_Sistema.2024-05-01.ndjson#PrecBolsNaci:Sistema:2024-05-01:2024-05-31
2024-05-03,PrecEscaAct,993.76004,COP/kWh,xm:servapibi,2026-09-22T19:23:54Z,xm/2024/05/PrecEscaAct_Sistema.2024-05-01.ndjson#PrecEscaAct:Sistema:2024-05-01:2024-05-31
2024-05-03,VoluUtilDiarEner,5719319200,kWh,xm:servapibi,2026-09-22T19:23:46Z,xm/2024/05/VoluUtilDiarEner_Sistema.2024-05-01.ndjson#VoluUtilDiarEner:Sistema:2024-05-01:2024-05-31
2024-05-04,AporEner,316351100,kWh,xm:servapibi,2026-09-22T19:23:49Z,xm/2024/05/AporEner_Sistema.2024-05-01.ndjson#AporEner:Sistema:2024-05-01:2024-05-31
2024-05-04,AporEnerMediHist,287950000,kWh,xm:servapibi,2026-09-22T19:23:50Z,xm/2024/05/AporEnerMediHist_Sistema.2024-05-01.ndjson#AporEnerMediHist:Sistema:2024-05-01:2024-05-31
2024-05-04,CapaUtilDiarEner,17359561885,kWh,xm:servapibi,2026-09-22T19:23:47Z,xm/2024/05/CapaUtilDiarEner_Sistema.2024-05-01.ndjson#CapaUtilDiarEner:Sistema:2024-05-01:2024-05-31
2024-05-04,DemaSIN,216743785.41,kWh,xm:servapibi,2026-09-22T19:23:53Z,xm/2024/05/DemaSIN_Sistema.2024-05-01.ndjson#DemaSIN:Sistema:2024-05-01:2024-05-31
2024-05-04,PorcApor,1.09863,fraction,xm:servapibi,2026-09-22T19:23:51Z,xm/2024/05/PorcApor_Sistema.2024-05-01.ndjson#PorcApor:Sistema:2024-05-01:2024-05-31
2024-05-04,PorcVoluUtilDiar,0.33681,fraction,xm:servapibi,2026-09-22T19:23:45Z,xm/2024/05/PorcVoluUtilDiar_Sistema.2024-05-01.ndjson#PorcVoluUtilDiar:Sistema:2024-05-01:2024-05-31
2024-05-04,PrecBolsNaci,321.10608999999994,COP/kWh,xm:servapibi,2026-09-22T19:23:55Z,xm/2024/05/PrecBolsNaci_Sistema.2024-05-01.ndjson#PrecBolsNaci:Sistema:2024-05-01:2024-05-31
2024-05-04,PrecEscaAct,993.76004,COP/kWh,xm:servapibi,2026-09-22T19:23:54Z,xm/2024/05/PrecEscaAct_Sistema.2024-05-01.ndjson#PrecEscaAct:Sistema:2024-05-01:2024-05-31
2024-05-04,VoluUtilDiarEner,5846910600,kWh,xm:servapibi,2026-09-22T19:23:46Z,xm/2024/05/VoluUtilDiarEner_Sistema.2024-05-01.ndjson#VoluUtilDiarEner:Sistema:2024-05-01:2024-05-31
2024-05-05,AporEner,350443700,kWh,xm:servapibi,2026-09-22T19:23:49Z,xm/2024/05/AporEner_Sistema.2024-05-01.ndjson#AporEner:Sistema:2024-05-01:2024-05-31
2024-05-05,AporEnerMediHist,287950000,kWh,xm:servapibi,2026-09-22T19:23:50Z,xm/2024/05/AporEnerMediHist_Sistema.2024-05-01.ndjson#AporEnerMediHist:Sistema:2024-05-01:2024-05-31
2024-05-05,CapaUtilDiarEner,17359561885,kWh,xm:servapibi,2026-09-22T19:23:47Z,xm/2024/05/CapaUtilDiarEner_Sistema.2024-05-01.ndjson#CapaUtilDiarEner:Sistema:2024-05-01:2024-05-31
2024-05-05,DemaSIN,197988964.81,kWh,xm:servapibi,2026-09-22T19:23:53Z,xm/2024/05/DemaSIN_Sistema.2024-05-01.ndjson#DemaSIN:Sistema:2024-05-01:2024-05-31
2024-05-05,PorcApor,1.21703,fraction,xm:servapibi,2026-09-22T19:23:51Z,xm/2024/05/PorcApor_Sistema.2024-05-01.ndjson#PorcApor:Sistema:2024-05-01:2024-05-31
2024-05-05,PorcVoluUtilDiar,0.34419,fraction,xm:servapibi,2026-09-22T19:23:45Z,xm/2024/05/PorcVoluUtilDiar_Sistema.2024-05-01.ndjson#PorcVoluUtilDiar:Sistema:2024-05-01:2024-05-31
2024-05-05,PrecBolsNaci,312.02171333333314,COP/kWh,xm:servapibi,2026-09-22T19:23:55Z,xm/2024/05/PrecBolsNaci_Sistema.2024-05-01.ndjson#PrecBolsNaci:Sistema:2024-05-01:2024-05-31
2024-05-05,PrecEscaAct,993.76004,COP/kWh,xm:servapibi,2026-09-22T19:23:54Z,xm/2024/05/PrecEscaAct_Sistema.2024-05-01.ndjson#PrecEscaAct:Sistema:2024-05-01:2024-05-31
2024-05-05,VoluUtilDiarEner,5974989500,kWh,xm:servapibi,2026-09-22T19:23:46Z,xm/2024/05/VoluUtilDiarEner_Sistema.2024-05-01.ndjson#VoluUtilDiarEner:Sistema:2024-05-01:2024-05-31
2024-05-06,AporEner,257474700,kWh,xm:servapibi,2026-09-22T19:23:49Z,xm/2024/05/AporEner_Sistema.2024-05-01.ndjson#AporEner:Sistema:2024-05-01:2024-05-31
2024-05-06,AporEnerMediHist,287950000,kWh,xm:servapibi,2026-09-22T19:23:50Z,xm/2024/05/AporEnerMediHist_Sistema.2024-05-01.ndjson#AporEnerMediHist:Sistema:2024-05-01:2024-05-31
2024-05-06,CapaUtilDiarEner,17359561885,kWh,xm:servapibi,2026-09-22T19:23:47Z,xm/2024/05/CapaUtilDiarEner_Sistema.2024-05-01.ndjson#CapaUtilDiarEner:Sistema:2024-05-01:2024-05-31
2024-05-06,DemaSIN,229448510.53,kWh,xm:servapibi,2026-09-22T19:23:53Z,xm/2024/05/DemaSIN_Sistema.2024-05-01.ndjson#DemaSIN:Sistema:2024-05-01:2024-05-31
2024-05-06,PorcApor,0.89416,fraction,xm:servapibi,2026-09-22T19:23:51Z,xm/2024/05/PorcApor_Sistema.2024-05-01.ndjson#PorcApor:Sistema:2024-05-01:2024-05-31
2024-05-06,PorcVoluUtilDiar,0.34544,fraction,xm:servapibi,2026-09-22T19:23:45Z,xm/2024/05/PorcVoluUtilDiar_Sistema.2024-05-01.ndjson#PorcVoluUtilDiar:Sistema:2024-05-01:2024-05-31
2024-05-06,PrecBolsNaci,304.1740249999999,COP/kWh,xm:servapibi,2026-09-22T19:23:55Z,xm/2024/05/PrecBolsNaci_Sistema.2024-05-01.ndjson#PrecBolsNaci:Sistema:2024-05-01:2024-05-31
2024-05-06,PrecEscaAct,993.76004,COP/kWh,xm:servapibi,2026-09-22T19:23:54Z,xm/2024/05/PrecEscaAct_Sistema.2024-05-01.ndjson#PrecEscaAct:Sistema:2024-05-01:2024-05-31
2024-05-06,VoluUtilDiarEner,5996685000,kWh,xm:servapibi,2026-09-22T19:23:46Z,xm/2024/05/VoluUtilDiarEner_Sistema.2024-05-01.ndjson#VoluUtilDiarEner:Sistema:2024-05-01:2024-05-31
2024-05-07,AporEner,205654200,kWh,xm:servapibi,2026-09-22T19:23:49Z,xm/2024/05/AporEner_Sistema.2024-05-01.ndjson#AporEner:Sistema:2024-05-01:2024-05-31
2024-05-07,AporEnerMediHist,287950000,kWh,xm:servapibi,2026-09-22T19:23:50Z,xm/2024/05/AporEnerMediHist_Sistema.2024-05-01.ndjson#AporEnerMediHist:Sistema:2024-05-01:2024-05-31
2024-05-07,CapaUtilDiarEner,17359561885,kWh,xm:servapibi,2026-09-22T19:23:47Z,xm/2024/05/CapaUtilDiarEner_Sistema.2024-05-01.ndjson#CapaUtilDiarEner:Sistema:2024-05-01:2024-05-31
2024-05-07,DemaSIN,232090596.27,kWh,xm:servapibi,2026-09-22T19:23:53Z,xm/2024/05/DemaSIN_Sistema.2024-05-01.ndjson#DemaSIN:Sistema:2024-05-01:2024-05-31
2024-05-07,PorcApor,0.7142,fraction,xm:servapibi,2026-09-22T19:23:51Z,xm/2024/05/PorcApor_Sistema.2024-05-01.ndjson#PorcApor:Sistema:2024-05-01:2024-05-31
2024-05-07,PorcVoluUtilDiar,0.34512,fraction,xm:servapibi,2026-09-22T19:23:45Z,xm/2024/05/PorcVoluUtilDiar_Sistema.2024-05-01.ndjson#PorcVoluUtilDiar:Sistema:2024-05-01:2024-05-31
2024-05-07,PrecBolsNaci,287.7598216666667,COP/kWh,xm:servapibi,2026-09-22T19:23:55Z,xm/2024/05/PrecBolsNaci_Sistema.2024-05-01.ndjson#PrecBolsNaci:Sistema:2024-05-01:2024-05-31
2024-05-07,PrecEscaAct,993.76004,COP/kWh,xm:servapibi,2026-09-22T19:23:54Z,xm/2024/05/PrecEscaAct_Sistema.2024-05-01.ndjson#PrecEscaAct:Sistema:2024-05-01:2024-05-31
2024-05-07,VoluUtilDiarEner,5991191000,kWh,xm:servapibi,2026-09-22T19:23:46Z,xm/2024/05/VoluUtilDiarEner_Sistema.2024-05-01.ndjson#VoluUtilDiarEner:Sistema:2024-05-01:2024-05-31
2024-05-08,AporEner,315560300,kWh,xm:servapibi,2026-09-22T19:23:49Z,xm/2024/05/AporEner_Sistema.2024-05-01.ndjson#AporEner:Sistema:2024-05-01:2024-05-31
2024-05-08,AporEnerMediHist,287950000,kWh,xm:servapibi,2026-09-22T19:23:50Z,xm/2024/05/AporEnerMediHist_Sistema.2024-05-01.ndjson#AporEnerMediHist:Sistema:2024-05-01:2024-05-31
2024-05-08,CapaUtilDiarEner,17359561885,kWh,xm:servapibi,2026-09-22T19:23:47Z,xm/2024/05/CapaUtilDiarEner_Sistema.2024-05-01.ndjson#CapaUtilDiarEner:Sistema:2024-05-01:2024-05-31
2024-05-08,DemaSIN,229046263.94,kWh,xm:servapibi,2026-09-22T19:23:53Z,xm/2024/05/DemaSIN_Sistema.2024-05-01.ndjson#DemaSIN:Sistema:2024-05-01:2024-05-31
2024-05-08,PorcApor,1.09589,fraction,xm:servapibi,2026-09-22T19:23:51Z,xm/2024/05/PorcApor_Sistema.2024-05-01.ndjson#PorcApor:Sistema:2024-05-01:2024-05-31
2024-05-08,PorcVoluUtilDiar,0.34906,fraction,xm:servapibi,2026-09-22T19:23:45Z,xm/2024/05/PorcVoluUtilDiar_Sistema.2024-05-01.ndjson#PorcVoluUtilDiar:Sistema:2024-05-01:2024-05-31
2024-05-08,PrecBolsNaci,292.35294500000003,COP/kWh,xm:servapibi,2026-09-22T19:23:55Z,xm/2024/05/PrecBolsNaci_Sistema.2024-05-01.ndjson#PrecBolsNaci:Sistema:2024-05-01:2024-05-31
2024-05-08,PrecEscaAct,993.76004,COP/kWh,xm:servapibi,2026-09-22T19:23:54Z,xm/2024/05/PrecEscaAct_Sistema.2024-05-01.ndjson#PrecEscaAct:Sistema:2024-05-01:2024-05-31
2024-05-08,VoluUtilDiarEner,6059530900,kWh,xm:servapibi,2026-09-22T19:23:46Z,xm/2024/05/VoluUtilDiarEner_Sistema.2024-05-01.ndjson#VoluUtilDiarEner:Sistema:2024-05-01:2024-05-31
2024-05-09,AporEner,468623000,kWh,xm:servapibi,2026-09-22T19:23:49Z,xm/2024/05/AporEner_Sistema.2024-05-01.ndjson#AporEner:Sistema:2024-05-01:2024-05-31
2024-05-09,AporEnerMediHist,287950000,kWh,xm:servapibi,2026-09-22T19:23:50Z,xm/2024/05/AporEnerMediHist_Sistema.2024-05-01.ndjson#AporEnerMediHist:Sistema:2024-05-01:2024-05-31
2024-05-09,CapaUtilDiarEner,17359561885,kWh,xm:servapibi,2026-09-22T19:23:47Z,xm/2024/05/CapaUtilDiarEner_Sistema.2024-05-01.ndjson#CapaUtilDiarEner:Sistema:2024-05-01:2024-05-31
2024-05-09,DemaSIN,225636372.6,kWh,xm:servapibi,2026-09-22T19:23:53Z,xm/2024/05/DemaSIN_Sistema.2024-05-01.ndjson#DemaSIN:Sistema:2024-05-01:2024-05-31
2024-05-09,PorcApor,1.62745,fraction,xm:servapibi,2026-09-22T19:23:51Z,xm/2024/05/PorcApor_Sistema.2024-05-01.ndjson#PorcApor:Sistema:2024-05-01:2024-05-31
2024-05-09,PorcVoluUtilDiar,0.36045,fraction,xm:servapibi,2026-09-22T19:23:45Z,xm/2024/05/PorcVoluUtilDiar_Sistema.2024-05-01.ndjson#PorcVoluUtilDiar:Sistema:2024-05-01:2024-05-31
2024-05-09,PrecBolsNaci,262.28105666666664,COP/kWh,xm:servapibi,2026-09-22T19:23:55Z,xm/2024/05/PrecBolsNaci_Sistema.2024-05-01.ndjson#PrecBolsNaci:Sistema:2024-05-01:2024-05-31
2024-05-09,PrecEscaAct,993.76004,COP/kWh,xm:servapibi,2026-09-22T19:23:54Z,xm/2024/05/PrecEscaAct_Sistema.2024-05-01.ndjson#PrecEscaAct:Sistema:2024-05-01:2024-05-31
2024-05-09,VoluUtilDiarEner,6257176500,kWh,xm:servapibi,2026-09-22T19:23:46Z,xm/2024/05/VoluUtilDiarEner_Sistema.2024-05-01.ndjson#VoluUtilDiarEner:Sistema:2024-05-01:2024-05-31
2024-05-10,AporEner,394650700,kWh,xm:servapibi,2026-09-22T19:23:49Z,xm/2024/05/AporEner_Sistema.2024-05-01.ndjson#AporEner:Sistema:2024-05-01:2024-05-31
2024-05-10,AporEnerMediHist,287950000,kWh,xm:servapibi,2026-09-22T19:23:50Z,xm/2024/05/AporEnerMediHist_Sistema.2024-05-01.ndjson#AporEnerMediHist:Sistema:2024-05-01:2024-05-31
2024-05-10,CapaUtilDiarEner,17359561885,kWh,xm:servapibi,2026-09-22T19:23:47Z,xm/2024/05/CapaUtilDiarEner_Sistema.2024-05-01.ndjson#CapaUtilDiarEner:Sistema:2024-05-01:2024-05-31
2024-05-10,DemaSIN,228574220.75,kWh,xm:servapibi,2026-09-22T19:23:53Z,xm/2024/05/DemaSIN_Sistema.2024-05-01.ndjson#DemaSIN:Sistema:2024-05-01:2024-05-31
2024-05-10,PorcApor,1.37055,fraction,xm:servapibi,2026-09-22T19:23:51Z,xm/2024/05/PorcApor_Sistema.2024-05-01.ndjson#PorcApor:Sistema:2024-05-01:2024-05-31
2024-05-10,PorcVoluUtilDiar,0.36847,fraction,xm:servapibi,2026-09-22T19:23:45Z,xm/2024/05/PorcVoluUtilDiar_Sistema.2024-05-01.ndjson#PorcVoluUtilDiar:Sistema:2024-05-01:2024-05-31
2024-05-10,PrecBolsNaci,245.68345333333323,COP/kWh,xm:servapibi,2026-09-22T19:23:55Z,xm/2024/05/PrecBolsNaci_Sistema.2024-05-01.ndjson#PrecBolsNaci:Sistema:2024-05-01:2024-05-31
2024-05-10,PrecEscaAct,993.76004,COP/kWh,xm:servapibi,2026-09-22T19:23:54Z,xm/2024/05/PrecEscaAct_Sistema.2024-05-01.ndjson#PrecEscaAct:Sistema:2024-05-01:2024-05-31
2024-05-10,VoluUtilDiarEner,6396533700,kWh,xm:servapibi,2026-09-22T19:23:46Z,xm/2024/05/VoluUtilDiarEner_Sistema.2024-05-01.ndjson#VoluUtilDiarEner:Sistema:2024-05-01:2024-05-31
2024-05-11,AporEner,293224100,kWh,xm:servapibi,2026-09-22T19:23:49Z,xm/2024/05/AporEner_Sistema.2024-05-01.ndjson#AporEner:Sistema:2024-05-01:2024-05-31
2024-05-11,AporEnerMediHist,287950000,kWh,xm:servapibi,2026-09-22T19:23:50Z,xm/2024/05/AporEnerMediHist_Sistema.2024-05-01.ndjson#AporEnerMediHist:Sistema:2024-05-01:2024-05-31
2024-05-11,CapaUtilDiarEner,17359561885,kWh,xm:servapibi,2026-09-22T19:23:47Z,xm/2024/05/CapaUtilDiarEner_Sistema.2024-05-01.ndjson#CapaUtilDiarEner:Sistema:2024-05-01:2024-05-31
2024-05-11,DemaSIN,221669520.84,kWh,xm:servapibi,2026-09-22T19:23:53Z,xm/2024/05/DemaSIN_Sistema.2024-05-01.ndjson#DemaSIN:Sistema:2024-05-01:2024-05-31
2024-05-11,PorcApor,1.01832,fraction,xm:servapibi,2026-09-22T19:23:51Z,xm/2024/05/PorcApor_Sistema.2024-05-01.ndjson#PorcApor:Sistema:2024-05-01:2024-05-31
2024-05-11,PorcVoluUtilDiar,0.37151,fraction,xm:servapibi,2026-09-22T19:23:45Z,xm/2024/05/PorcVoluUtilDiar_Sistema.2024-05-01.ndjson#PorcVoluUtilDiar:Sistema:2024-05-01:2024-05-31
2024-05-11,PrecBolsNaci,224.14317333333327,COP/kWh,xm:servapibi,2026-09-22T19:23:55Z,xm/2024/05/PrecBolsNaci_Sistema.2024-05-01.ndjson#PrecBolsNaci:Sistema:2024-05-01:2024-05-31
2024-05-11,PrecEscaAct,993.76004,COP/kWh,xm:servapibi,2026-09-22T19:23:54Z,xm/2024/05/PrecEscaAct_Sistema.2024-05-01.ndjson#PrecEscaAct:Sistema:2024-05-01:2024-05-31
2024-05-11,VoluUtilDiarEner,6449275800,kWh,xm:servapibi,2026-09-22T19:23:46Z,xm/2024/05/VoluUtilDiarEner_Sistema.2024-05-01.ndjson#VoluUtilDiarEner:Sistema:2024-05-01:2024-05-31
2024-05-12,AporEner,288884500,kWh,xm:servapibi,2026-09-22T19:23:49Z,xm/2024/05/AporEner_Sistema.2024-05-01.ndjson#AporEner:Sistema:2024-05-01:2024-05-31
2024-05-12,AporEnerMediHist,287950000,kWh,xm:servapibi,2026-09-22T19:23:50Z,xm/2024/05/AporEnerMediHist_Sistema.2024-05-01.ndjson#AporEnerMediHist:Sistema:2024-05-01:2024-05-31
2024-05-12,CapaUtilDiarEner,17359561885,kWh,xm:servapibi,2026-09-22T19:23:47Z,xm/2024/05/CapaUtilDiarEner_Sistema.2024-05-01.ndjson#CapaUtilDiarEner:Sistema:2024-05-01:2024-05-31
2024-05-12,DemaSIN,199476895.56,kWh,xm:servapibi,2026-09-22T19:23:53Z,xm/2024/05/DemaSIN_Sistema.2024-05-01.ndjson#DemaSIN:Sistema:2024-05-01:2024-05-31
2024-05-12,PorcApor,1.00325,fraction,xm:servapibi,2026-09-22T19:23:51Z,xm/2024/05/PorcApor_Sistema.2024-05-01.ndjson#PorcApor:Sistema:2024-05-01:2024-05-31
2024-05-12,PorcVoluUtilDiar,0.37505,fraction,xm:servapibi,2026-09-22T19:23:45Z,xm/2024/05/PorcVoluUtilDiar_Sistema.2024-05-01.ndjson#PorcVoluUtilDiar:Sistema:2024-05-01:2024-05-31
2024-05-12,PrecBolsNaci,141.3621233333333,COP/kWh,xm:servapibi,2026-09-22T19:23:55Z,xm/2024/05/PrecBolsNaci_Sistema.2024-05-01.ndjson#PrecBolsNaci:Sistema:2024-05-01:2024-05-31
2024-05-12,PrecEscaAct,993.76004,COP/kWh,xm:servapibi,2026-09-22T19:23:54Z,xm/2024/05/PrecEscaAct_Sistema.2024-05-01.ndjson#PrecEscaAct:Sistema:2024-05-01:2024-05-31
2024-05-12,VoluUtilDiarEner,6510785200,kWh,xm:servapibi,2026-09-22T19:23:46Z,xm/2024/05/VoluUtilDiarEner_Sistema.2024-05-01.ndjson#VoluUtilDiarEner:Sistema:2024-05-01:2024-05-31
2024-05-13,AporEner,335011000,kWh,xm:servapibi,2026-09-22T19:23:49Z,xm/2024/05/AporEner_Sistema.2024-05-01.ndjson#AporEner:Sistema:2024-05-01:2024-05-31
2024-05-13,AporEnerMediHist,287950000,kWh,xm:servapibi,2026-09-22T19:23:50Z,xm/2024/05/AporEnerMediHist_Sistema.2024-05-01.ndjson#AporEnerMediHist:Sistema:2024-05-01:2024-05-31
2024-05-13,CapaUtilDiarEner,17359561885,kWh,xm:servapibi,2026-09-22T19:23:47Z,xm/2024/05/CapaUtilDiarEner_Sistema.2024-05-01.ndjson#CapaUtilDiarEner:Sistema:2024-05-01:2024-05-31
2024-05-13,DemaSIN,207286478.63,kWh,xm:servapibi,2026-09-22T19:23:53Z,xm/2024/05/DemaSIN_Sistema.2024-05-01.ndjson#DemaSIN:Sistema:2024-05-01:2024-05-31
2024-05-13,PorcApor,1.16343,fraction,xm:servapibi,2026-09-22T19:23:51Z,xm/2024/05/PorcApor_Sistema.2024-05-01.ndjson#PorcApor:Sistema:2024-05-01:2024-05-31
2024-05-13,PorcVoluUtilDiar,0.3813,fraction,xm:servapibi,2026-09-22T19:23:45Z,xm/2024/05/PorcVoluUtilDiar_Sistema.2024-05-01.ndjson#PorcVoluUtilDiar:Sistema:2024-05-01:2024-05-31
2024-05-13,PrecBolsNaci,192.3211366666667,COP/kWh,xm:servapibi,2026-09-22T19:23:55Z,xm/2024/05/PrecBolsNaci_Sistema.2024-05-01.ndjson#PrecBolsNaci:Sistema:2024-05-01:2024-05-31
2024-05-13,PrecEscaAct,993.76004,COP/kWh,xm:servapibi,2026-09-22T19:23:54Z,xm/2024/05/PrecEscaAct_Sistema.2024-05-01.ndjson#PrecEscaAct:Sistema:2024-05-01:2024-05-31
2024-05-13,VoluUtilDiarEner,6619144100,kWh,xm:servapibi,2026-09-22T19:23:46Z,xm/2024/05/VoluUtilDiarEner_Sistema.2024-05-01.ndjson#VoluUtilDiarEner:Sistema:2024-05-01:2024-05-31
2024-05-14,AporEner,261226700,kWh,xm:servapibi,2026-09-22T19:23:49Z,xm/2024/05/AporEner_Sistema.2024-05-01.ndjson#AporEner:Sistema:2024-05-01:2024-05-31
2024-05-14,AporEnerMediHist,287950000,kWh,xm:servapibi,2026-09-22T19:23:50Z,xm/2024/05/AporEnerMediHist_Sistema.2024-05-01.ndjson#AporEnerMediHist:Sistema:2024-05-01:2024-05-31
2024-05-14,CapaUtilDiarEner,17359561885,kWh,xm:servapibi,2026-09-22T19:23:47Z,xm/2024/05/CapaUtilDiarEner_Sistema.2024-05-01.ndjson#CapaUtilDiarEner:Sistema:2024-05-01:2024-05-31
2024-05-14,DemaSIN,231119344.12,kWh,xm:servapibi,2026-09-22T19:23:53Z,xm/2024/05/DemaSIN_Sistema.2024-05-01.ndjson#DemaSIN:Sistema:2024-05-01:2024-05-31
2024-05-14,PorcApor,0.90719,fraction,xm:servapibi,2026-09-22T19:23:51Z,xm/2024/05/PorcApor_Sistema.2024-05-01.ndjson#PorcApor:Sistema:2024-05-01:2024-05-31
2024-05-14,PorcVoluUtilDiar,0.38222,fraction,xm:servapibi,2026-09-22T19:23:45Z,xm/2024/05/PorcVoluUtilDiar_Sistema.2024-05-01.ndjson#PorcVoluUtilDiar:Sistema:2024-05-01:2024-05-31
2024-05-14,PrecBolsNaci,223.03271000000007,COP/kWh,xm:servapibi,2026-09-22T19:23:55Z,xm/2024/05/PrecBolsNaci_Sistema.2024-05-01.ndjson#PrecBolsNaci:Sistema:2024-05-01:2024-05-31
2024-05-14,PrecEscaAct,993.76004,COP/kWh,xm:servapibi,2026-09-22T19:23:54Z,xm/2024/05/PrecEscaAct_Sistema.2024-05-01.ndjson#PrecEscaAct:Sistema:2024-05-01:2024-05-31
2024-05-14,VoluUtilDiarEner,6635150200,kWh,xm:servapibi,2026-09-22T19:23:46Z,xm/2024/05/VoluUtilDiarEner_Sistema.2024-05-01.ndjson#VoluUtilDiarEner:Sistema:2024-05-01:2024-05-31
2024-05-15,AporEner,374039800,kWh,xm:servapibi,2026-09-22T19:23:49Z,xm/2024/05/AporEner_Sistema.2024-05-01.ndjson#AporEner:Sistema:2024-05-01:2024-05-31
2024-05-15,AporEnerMediHist,287950000,kWh,xm:servapibi,2026-09-22T19:23:50Z,xm/2024/05/AporEnerMediHist_Sistema.2024-05-01.ndjson#AporEnerMediHist:Sistema:2024-05-01:2024-05-31
2024-05-15,CapaUtilDiarEner,17359561885,kWh,xm:servapibi,2026-09-22T19:23:47Z,xm/2024/05/CapaUtilDiarEner_Sistema.2024-05-01.ndjson#CapaUtilDiarEner:Sistema:2024-05-01:2024-05-31
2024-05-15,DemaSIN,230881433.75,kWh,xm:servapibi,2026-09-22T19:23:53Z,xm/2024/05/DemaSIN_Sistema.2024-05-01.ndjson#DemaSIN:Sistema:2024-05-01:2024-05-31
2024-05-15,PorcApor,1.29897,fraction,xm:servapibi,2026-09-22T19:23:51Z,xm/2024/05/PorcApor_Sistema.2024-05-01.ndjson#PorcApor:Sistema:2024-05-01:2024-05-31
2024-05-15,PorcVoluUtilDiar,0.38946,fraction,xm:servapibi,2026-09-22T19:23:45Z,xm/2024/05/PorcVoluUtilDiar_Sistema.2024-05-01.ndjson#PorcVoluUtilDiar:Sistema:2024-05-01:2024-05-31
2024-05-15,PrecBolsNaci,209.76502666666667,COP/kWh,xm:servapibi,2026-09-22T19:23:55Z,xm/2024/05/PrecBolsNaci_Sistema.2024-05-01.ndjson#PrecBolsNaci:Sistema:2024-05-01:2024-05-31
2024-05-15,PrecEscaAct,993.76004,COP/kWh,xm:servapibi,2026-09-22T19:23:54Z,xm/2024/05/PrecEscaAct_Sistema.2024-05-01.ndjson#PrecEscaAct:Sistema:2024-05-01:2024-05-31
2024-05-15,VoluUtilDiarEner,6760918300,kWh,xm:servapibi,2026-09-22T19:23:46Z,xm/2024/05/VoluUtilDiarEner_Sistema.2024-05-01.ndjson#VoluUtilDiarEner:Sistema:2024-05-01:2024-05-31
2024-05-16,AporEner,337569400,kWh,xm:servapibi,2026-09-22T19:23:49Z,xm/2024/05/AporEner_Sistema.2024-05-01.ndjson#AporEner:Sistema:2024-05-01:2024-05-31
2024-05-16,AporEnerMediHist,287950000,kWh,xm:servapibi,2026-09-22T19:23:50Z,xm/2024/05/AporEnerMediHist_Sistema.2024-05-01.ndjson#AporEnerMediHist:Sistema:2024-05-01:2024-05-31
2024-05-16,CapaUtilDiarEner,17359561885,kWh,xm:servapibi,2026-09-22T19:23:47Z,xm/2024/05/CapaUtilDiarEner_Sistema.2024-05-01.ndjson#CapaUtilDiarEner:Sistema:2024-05-01:2024-05-31
2024-05-16,DemaSIN,233129087.23,kWh,xm:servapibi,2026-09-22T19:23:53Z,xm/2024/05/DemaSIN_Sistema.2024-05-01.ndjson#DemaSIN:Sistema:2024-05-01:2024-05-31
2024-05-16,PorcApor,1.17232,fraction,xm:servapibi,2026-09-22T19:23:51Z,xm/2024/05/PorcApor_Sistema.2024-05-01.ndjson#PorcApor:Sistema:2024-05-01:2024-05-31
2024-05-16,PorcVoluUtilDiar,0.39402,fraction,xm:servapibi,2026-09-22T19:23:45Z,xm/2024/05/PorcVoluUtilDiar_Sistema.2024-05-01.ndjson#PorcVoluUtilDiar:Sistema:2024-05-01:2024-05-31
2024-05-16,PrecBolsNaci,217.68030666666667,COP/kWh,xm:servapibi,2026-09-22T19:23:55Z,xm/2024/05/PrecBolsNaci_Sistema.2024-05-01.ndjson#PrecBolsNaci:Sistema:2024-05-01:2024-05-31
2024-05-16,PrecEscaAct,993.76004,COP/kWh,xm:servapibi,2026-09-22T19:23:54Z,xm/2024/05/PrecEscaAct_Sistema.2024-05-01.ndjson#PrecEscaAct:Sistema:2024-05-01:2024-05-31
2024-05-16,VoluUtilDiarEner,6840018900,kWh,xm:servapibi,2026-09-22T19:23:46Z,xm/2024/05/VoluUtilDiarEner_Sistema.2024-05-01.ndjson#VoluUtilDiarEner:Sistema:2024-05-01:2024-05-31
2024-05-17,AporEner,249055900,kWh,xm:servapibi,2026-09-22T19:23:49Z,xm/2024/05/AporEner_Sistema.2024-05-01.ndjson#AporEner:Sistema:2024-05-01:2024-05-31
2024-05-17,AporEnerMediHist,287950000,kWh,xm:servapibi,2026-09-22T19:23:50Z,xm/2024/05/AporEnerMediHist_Sistema.2024-05-01.ndjson#AporEnerMediHist:Sistema:2024-05-01:2024-05-31
2024-05-17,CapaUtilDiarEner,17359561885,kWh,xm:servapibi,2026-09-22T19:23:47Z,xm/2024/05/CapaUtilDiarEner_Sistema.2024-05-01.ndjson#CapaUtilDiarEner:Sistema:2024-05-01:2024-05-31
2024-05-17,DemaSIN,232876148.37,kWh,xm:servapibi,2026-09-22T19:23:53Z,xm/2024/05/DemaSIN_Sistema.2024-05-01.ndjson#DemaSIN:Sistema:2024-05-01:2024-05-31
2024-05-17,PorcApor,0.86493,fraction,xm:servapibi,2026-09-22T19:23:51Z,xm/2024/05/PorcApor_Sistema.2024-05-01.ndjson#PorcApor:Sistema:2024-05-01:2024-05-31
2024-05-17,PorcVoluUtilDiar,0.39462,fraction,xm:servapibi,2026-09-22T19:23:45Z,xm/2024/05/PorcVoluUtilDiar_Sistema.2024-05-01.ndjson#PorcVoluUtilDiar:Sistema:2024-05-01:2024-05-31
2024-05-17,PrecBolsNaci,260.94505999999996,COP/kWh,xm:servapibi,2026-09-22T19:23:55Z,xm/2024/05/PrecBolsNaci_Sistema.2024-05-01.ndjson#PrecBolsNaci:Sistema:2024-05-01:2024-05-31
2024-05-17,PrecEscaAct,993.76004,COP/kWh,xm:servapibi,2026-09-22T19:23:54Z,xm/2024/05/PrecEscaAct_Sistema.2024-05-01.ndjson#PrecEscaAct:Sistema:2024-05-01:2024-05-31
2024-05-17,VoluUtilDiarEner,6850443800,kWh,xm:servapibi,2026-09-22T19:23:46Z,xm/2024/05/VoluUtilDiarEner_Sistema.2024-05-01.ndjson#VoluUtilDiarEner:Sistema:2024-05-01:2024-05-31
2024-05-18,AporEner,244896100,kWh,xm:servapibi,2026-09-22T19:23:49Z,xm/2024/05/AporEner_Sistema.2024-05-01.ndjson#AporEner:Sistema:2024-05-01:2024-05-31
2024-05-18,AporEnerMediHist,287950000,kWh,xm:servapibi,2026-09-22T19:23:50Z,xm/2024/05/AporEnerMediHist_Sistema.2024-05-01.ndjson#AporEnerMediHist:Sistema:2024-05-01:2024-05-31
2024-05-18,CapaUtilDiarEner,17359561885,kWh,xm:servapibi,2026-09-22T19:23:47Z,xm/2024/05/CapaUtilDiarEner_Sistema.2024-05-01.ndjson#CapaUtilDiarEner:Sistema:2024-05-01:2024-05-31
2024-05-18,DemaSIN,224469410.93,kWh,xm:servapibi,2026-09-22T19:23:53Z,xm/2024/05/DemaSIN_Sistema.2024-05-01.ndjson#DemaSIN:Sistema:2024-05-01:2024-05-31
2024-05-18,PorcApor,0.85048,fraction,xm:servapibi,2026-09-22T19:23:51Z,xm/2024/05/PorcApor_Sistema.2024-05-01.ndjson#PorcApor:Sistema:2024-05-01:2024-05-31
2024-05-18,PorcVoluUtilDiar,0.39515,fraction,xm:servapibi,2026-09-22T19:23:45Z,xm/2024/05/PorcVoluUtilDiar_Sistema.2024-05-01.ndjson#PorcVoluUtilDiar:Sistema:2024-05-01:2024-05-31
2024-05-18,PrecBolsNaci,257.7607133333333,COP/kWh,xm:servapibi,2026-09-22T19:23:55Z,xm/2024/05/PrecBolsNaci_Sistema.2024-05-01.ndjson#PrecBolsNaci:Sistema:2024-05-01:2024-05-31
2024-05-18,PrecEscaAct,993.76004,COP/kWh,xm:servapibi,2026-09-22T19:23:54Z,xm/2024/05/PrecEscaAct_Sistema.2024-05-01.ndjson#PrecEscaAct:Sistema:2024-05-01:2024-05-31
2024-05-18,VoluUtilDiarEner,6859712600,kWh,xm:servapibi,2026-09-22T19:23:46Z,xm/2024/05/VoluUtilDiarEner_Sistema.2024-05-01.ndjson#VoluUtilDiarEner:Sistema:2024-05-01:2024-05-31
2024-05-19,AporEner,222394700,kWh,xm:servapibi,2026-09-22T19:23:49Z,xm/2024/05/AporEner_Sistema.2024-05-01.ndjson#AporEner:Sistema:2024-05-01:2024-05-31
2024-05-19,AporEnerMediHist,287950000,kWh,xm:servapibi,2026-09-22T19:23:50Z,xm/2024/05/AporEnerMediHist_Sistema.2024-05-01.ndjson#AporEnerMediHist:Sistema:2024-05-01:2024-05-31
2024-05-19,CapaUtilDiarEner,17359561885,kWh,xm:servapibi,2026-09-22T19:23:47Z,xm/2024/05/CapaUtilDiarEner_Sistema.2024-05-01.ndjson#CapaUtilDiarEner:Sistema:2024-05-01:2024-05-31
2024-05-19,DemaSIN,208662289.96,kWh,xm:servapibi,2026-09-22T19:23:53Z,xm/2024/05/DemaSIN_Sistema.2024-05-01.ndjson#DemaSIN:Sistema:2024-05-01:2024-05-31
2024-05-19,PorcApor,0.77234,fraction,xm:servapibi,2026-09-22T19:23:51Z,xm/2024/05/PorcApor_Sistema.2024-05-01.ndjson#PorcApor:Sistema:2024-05-01:2024-05-31
2024-05-19,PorcVoluUtilDiar,0.39673,fraction,xm:servapibi,2026-09-22T19:23:45Z,xm/2024/05/PorcVoluUtilDiar_Sistema.2024-05-01.ndjson#PorcVoluUtilDiar:Sistema:2024-05-01:2024-05-31
2024-05-19,PrecBolsNaci,196.63591833333328,COP/kWh,xm:servapibi,2026-09-22T19:23:55Z,xm/2024/05/PrecBolsNaci_Sistema.2024-05-01.ndjson#PrecBolsNaci:Sistema:2024-05-01:2024-05-31
2024-05-19,PrecEscaAct,993.76004,COP/kWh,xm:servapibi,2026-09-22T19:23:54Z,xm/2024/05/PrecEscaAct_Sistema.2024-05-01.ndjson#PrecEscaAct:Sistema:2024-05-01:2024-05-31
2024-05-19,VoluUtilDiarEner,6887010100,kWh,xm:servapibi,2026-09-22T19:23:46Z,xm/2024/05/VoluUtilDiarEner_Sistema.2024-05-01.ndjson#VoluUtilDiarEner:Sistema:2024-05-01:2024-05-31
2024-05-20,AporEner,207412700,kWh,xm:servapibi,2026-09-22T19:23:49Z,xm/2024/05/AporEner_Sistema.2024-05-01.ndjson#AporEner:Sistema:2024-05-01:2024-05-31
2024-05-20,AporEnerMediHist,287950000,kWh,xm:servapibi,2026-09-22T19:23:50Z,xm/2024/05/AporEnerMediHist_Sistema.2024-05-01.ndjson#AporEnerMediHist:Sistema:2024-05-01:2024-05-31
2024-05-20,CapaUtilDiarEner,17359561885,kWh,xm:servapibi,2026-09-22T19:23:47Z,xm/2024/05/CapaUtilDiarEner_Sistema.2024-05-01.ndjson#CapaUtilDiarEner:Sistema:2024-05-01:2024-05-31
2024-05-20,DemaSIN,233373057.53,kWh,xm:servapibi,2026-09-22T19:23:53Z,xm/2024/05/DemaSIN_Sistema.2024-05-01.ndjson#DemaSIN:Sistema:2024-05-01:2024-05-31
2024-05-20,PorcApor,0.72031,fraction,xm:servapibi,2026-09-22T19:23:51Z,xm/2024/05/PorcApor_Sistema.2024-05-01.ndjson#PorcApor:Sistema:2024-05-01:2024-05-31
2024-05-20,PorcVoluUtilDiar,0.39572,fraction,xm:servapibi,2026-09-22T19:23:45Z,xm/2024/05/PorcVoluUtilDiar_Sistema.2024-05-01.ndjson#PorcVoluUtilDiar:Sistema:2024-05-01:2024-05-31
2024-05-20,PrecBolsNaci,287.31693666666666,COP/kWh,xm:servapibi,2026-09-22T19:23:55Z,xm/2024/05/PrecBolsNaci_Sistema.2024-05-01.ndjson#PrecBolsNaci:Sistema:2024-05-01:2024-05-31
2024-05-20,PrecEscaAct,993.76004,COP/kWh,xm:servapibi,2026-09-22T19:23:54Z,xm/2024/05/PrecEscaAct_Sistema.2024-05-01.ndjson#PrecEscaAct:Sistema:2024-05-01:2024-05-31
2024-05-20,VoluUtilDiarEner,6869533100,kWh,xm:servapibi,2026-09-22T19:23:46Z,xm/2024/05/VoluUtilDiarEner_Sistema.2024-05-01.ndjson#VoluUtilDiarEner:Sistema:2024-05-01:2024-05-31
2024-05-21,AporEner,217344700,kWh,xm:servapibi,2026-09-22T19:23:49Z,xm/2024/05/AporEner_Sistema.2024-05-01.ndjson#AporEner:Sistema:2024-05-01:2024-05-31
2024-05-21,AporEnerMediHist,287950000,kWh,xm:servapibi,2026-09-22T19:23:50Z,xm/2024/05/AporEnerMediHist_Sistema.2024-05-01.ndjson#AporEnerMediHist:Sistema:2024-05-01:2024-05-31
2024-05-21,CapaUtilDiarEner,17359561885,kWh,xm:servapibi,2026-09-22T19:23:47Z,xm/2024/05/CapaUtilDiarEner_Sistema.2024-05-01.ndjson#CapaUtilDiarEner:Sistema:2024-05-01:2024-05-31
2024-05-21,DemaSIN,227395969.39,kWh,xm:servapibi,2026-09-22T19:23:53Z,xm/2024/05/DemaSIN_Sistema.2024-05-01.ndjson#DemaSIN:Sistema:2024-05-01:2024-05-31
2024-05-21,PorcApor,0.7548,fraction,xm:servapibi,2026-09-22T19:23:51Z,xm/2024/05/PorcApor_Sistema.2024-05-01.ndjson#PorcApor:Sistema:2024-05-01:2024-05-31
2024-05-21,PorcVoluUtilDiar,0.39571,fraction,xm:servapibi,2026-09-22T19:23:45Z,xm/2024/05/PorcVoluUtilDiar_Sistema.2024-05-01.ndjson#PorcVoluUtilDiar:Sistema:2024-05-01:2024-05-31
2024-05-21,PrecBolsNaci,278.32749000000007,COP/kWh,xm:servapibi,2026-09-22T19:23:55Z,xm/2024/05/PrecBolsNaci_Sistema.2024-05-01.ndjson#PrecBolsNaci:Sistema:2024-05-01:2024-05-31
2024-05-21,PrecEscaAct,993.76004,COP/kWh,xm:servapibi,2026-09-22T19:23:54Z,xm/2024/05/PrecEscaAct_Sistema.2024-05-01.ndjson#PrecEscaAct:Sistema:2024-05-01:2024-05-31
2024-05-21,VoluUtilDiarEner,6869330700,kWh,xm:servapibi,2026-09-22T19:23:46Z,xm/2024/05/VoluUtilDiarEner_Sistema.2024-05-01.ndjson#VoluUtilDiarEner:Sistema:2024-05-01:2024-05-31
2024-05-22,AporEner,206327500,kWh,xm:servapibi,2026-09-22T19:23:49Z,xm/2024/05/AporEner_Sistema.2024-05-01.ndjson#AporEner:Sistema:2024-05-01:2024-05-31
2024-05-22,AporEnerMediHist,287950000,kWh,xm:servapibi,2026-09-22T19:23:50Z,xm/2024/05/AporEnerMediHist_Sistema.2024-05-01.ndjson#AporEnerMediHist:Sistema:2024-05-01:2024-05-31
2024-05-22,CapaUtilDiarEner,17359561885,kWh,xm:servapibi,2026-09-22T19:23:47Z,xm/2024/05/CapaUtilDiarEner_Sistema.2024-05-01.ndjson#CapaUtilDiarEner:Sistema:2024-05-01:2024-05-31
2024-05-22,DemaSIN,226813051.04,kWh,xm:servapibi,2026-09-22T19:23:53Z,xm/2024/05/DemaSIN_Sistema.2024-05-01.ndjson#DemaSIN:Sistema:2024-05-01:2024-05-31
2024-05-22,PorcApor,0.71654,fraction,xm:servapibi,2026-09-22T19:23:51Z,xm/2024/05/PorcApor_Sistema.2024-05-01.ndjson#PorcApor:Sistema:2024-05-01:2024-05-31
2024-05-22,PorcVoluUtilDiar,0.39571,fraction,xm:servapibi,2026-09-22T19:23:45Z,xm/2024/05/PorcVoluUtilDiar_Sistema.2024-05-01.ndjson#PorcVoluUtilDiar:Sistema:2024-05-01:2024-05-31
2024-05-22,PrecBolsNaci,366.76306833333336,COP/kWh,xm:servapibi,2026-09-22T19:23:55Z,xm/2024/05/PrecBolsNaci_Sistema.2024-05-01.ndjson#PrecBolsNaci:Sistema:2024-05-01:2024-05-31
2024-05-22,PrecEscaAct,993.76004,COP/kWh,xm:servapibi,2026-09-22T19:23:54Z,xm/2024/05/PrecEscaAct_Sistema.2024-05-01.ndjson#PrecEscaAct:Sistema:2024-05-01:2024-05-31
2024-05-22,VoluUtilDiarEner,6869296800,kWh,xm:servapibi,2026-09-22T19:23:46Z,xm/2024/05/VoluUtilDiarEner_Sistema.2024-05-01.ndjson#VoluUtilDiarEner:Sistema:2024-05-01:2024-05-31
2024-05-23,AporEner,202752600,kWh,xm:servapibi,2026-09-22T19:23:49Z,xm/2024/05/AporEner_Sistema.2024-05-01.ndjson#AporEner:Sistema:2024-05-01:2024-05-31
2024-05-23,AporEnerMediHist,287950000,kWh,xm:servapibi,2026-09-22T19:23:50Z,xm/2024/05/AporEnerMediHist_Sistema.2024-05-01.ndjson#AporEnerMediHist:Sistema:2024-05-01:2024-05-31
2024-05-23,CapaUtilDiarEner,17359561885,kWh,xm:servapibi,2026-09-22T19:23:47Z,xm/2024/05/CapaUtilDiarEner_Sistema.2024-05-01.ndjson#CapaUtilDiarEner:Sistema:2024-05-01:2024-05-31
2024-05-23,DemaSIN,229508806.12,kWh,xm:servapibi,2026-09-22T19:23:53Z,xm/2024/05/DemaSIN_Sistema.2024-05-01.ndjson#DemaSIN:Sistema:2024-05-01:2024-05-31
2024-05-23,PorcApor,0.70412,fraction,xm:servapibi,2026-09-22T19:23:51Z,xm/2024/05/PorcApor_Sistema.2024-05-01.ndjson#PorcApor:Sistema:2024-05-01:2024-05-31
2024-05-23,PorcVoluUtilDiar,0.39616,fraction,xm:servapibi,2026-09-22T19:23:45Z,xm/2024/05/PorcVoluUtilDiar_Sistema.2024-05-01.ndjson#PorcVoluUtilDiar:Sistema:2024-05-01:2024-05-31
2024-05-23,PrecBolsNaci,380.9693866666666,COP/kWh,xm:servapibi,2026-09-22T19:23:55Z,xm/2024/05/PrecBolsNaci_Sistema.2024-05-01.ndjson#PrecBolsNaci:Sistema:2024-05-01:2024-05-31
2024-05-23,PrecEscaAct,993.76004,COP/kWh,xm:servapibi,2026-09-22T19:23:54Z,xm/2024/05/PrecEscaAct_Sistema.2024-05-01.ndjson#PrecEscaAct:Sistema:2024-05-01:2024-05-31
2024-05-23,VoluUtilDiarEner,6877133300,kWh,xm:servapibi,2026-09-22T19:23:46Z,xm/2024/05/VoluUtilDiarEner_Sistema.2024-05-01.ndjson#VoluUtilDiarEner:Sistema:2024-05-01:2024-05-31
2024-05-24,AporEner,226765000,kWh,xm:servapibi,2026-09-22T19:23:49Z,xm/2024/05/AporEner_Sistema.2024-05-01.ndjson#AporEner:Sistema:2024-05-01:2024-05-31
2024-05-24,AporEnerMediHist,287950000,kWh,xm:servapibi,2026-09-22T19:23:50Z,xm/2024/05/AporEnerMediHist_Sistema.2024-05-01.ndjson#AporEnerMediHist:Sistema:2024-05-01:2024-05-31
2024-05-24,CapaUtilDiarEner,17359561885,kWh,xm:servapibi,2026-09-22T19:23:47Z,xm/2024/05/CapaUtilDiarEner_Sistema.2024-05-01.ndjson#CapaUtilDiarEner:Sistema:2024-05-01:2024-05-31
2024-05-24,DemaSIN,231109616.88,kWh,xm:servapibi,2026-09-22T19:23:53Z,xm/2024/05/DemaSIN_Sistema.2024-05-01.ndjson#DemaSIN:Sistema:2024-05-01:2024-05-31
2024-05-24,PorcApor,0.78752,fraction,xm:servapibi,2026-09-22T19:23:51Z,xm/2024/05/PorcApor_Sistema.2024-05-01.ndjson#PorcApor:Sistema:2024-05-01:2024-05-31
2024-05-24,PorcVoluUtilDiar,0.39834,fraction,xm:servapibi,2026-09-22T19:23:45Z,xm/2024/05/PorcVoluUtilDiar_Sistema.2024-05-01.ndjson#PorcVoluUtilDiar:Sistema:2024-05-01:2024-05-31
2024-05-24,PrecBolsNaci,452.5400433333335,COP/kWh,xm:servapibi,2026-09-22T19:23:55Z,xm/2024/05/PrecBolsNaci_Sistema.2024-05-01.ndjson#PrecBolsNaci:Sistema:2024-05-01:2024-05-31
2024-05-24,PrecEscaAct,993.76004,COP/kWh,xm:servapibi,2026-09-22T19:23:54Z,xm/2024/05/PrecEscaAct_Sistema.2024-05-01.ndjson#PrecEscaAct:Sistema:2024-05-01:2024-05-31
2024-05-24,VoluUtilDiarEner,6914954100,kWh,xm:servapibi,2026-09-22T19:23:46Z,xm/2024/05/VoluUtilDiarEner_Sistema.2024-05-01.ndjson#VoluUtilDiarEner:Sistema:2024-05-01:2024-05-31
2024-05-25,AporEner,242506200,kWh,xm:servapibi,2026-09-22T19:23:49Z,xm/2024/05/AporEner_Sistema.2024-05-01.ndjson#AporEner:Sistema:2024-05-01:2024-05-31
2024-05-25,AporEnerMediHist,287950000,kWh,xm:servapibi,2026-09-22T19:23:50Z,xm/2024/05/AporEnerMediHist_Sistema.2024-05-01.ndjson#AporEnerMediHist:Sistema:2024-05-01:2024-05-31
2024-05-25,CapaUtilDiarEner,17359561885,kWh,xm:servapibi,2026-09-22T19:23:47Z,xm/2024/05/CapaUtilDiarEner_Sistema.2024-05-01.ndjson#CapaUtilDiarEner:Sistema:2024-05-01:2024-05-31
2024-05-25,DemaSIN,219034567.87,kWh,xm:servapibi,2026-09-22T19:23:53Z,xm/2024/05/DemaSIN_Sistema.2024-05-01.ndjson#DemaSIN:Sistema:2024-05-01:2024-05-31
2024-05-25,PorcApor,0.84218,fraction,xm:servapibi,2026-09-22T19:23:51Z,xm/2024/05/PorcApor_Sistema.2024-05-01.ndjson#PorcApor:Sistema:2024-05-01:2024-05-31
2024-05-25,PorcVoluUtilDiar,0.40102,fraction,xm:servapibi,2026-09-22T19:23:45Z,xm/2024/05/PorcVoluUtilDiar_Sistema.2024-05-01.ndjson#PorcVoluUtilDiar:Sistema:2024-05-01:2024-05-31
2024-05-25,PrecBolsNaci,472.5993366666667,COP/kWh,xm:servapibi,2026-09-22T19:23:55Z,xm/2024/05/PrecBolsNaci_Sistema.2024-05-01.ndjson#PrecBolsNaci:Sistema:2024-05-01:2024-05-31
2024-05-25,PrecEscaAct,993.76004,COP/kWh,xm:servapibi,2026-09-22T19:23:54Z,xm/2024/05/PrecEscaAct_Sistema.2024-05-01.ndjson#PrecEscaAct:Sistema:2024-05-01:2024-05-31
2024-05-25,VoluUtilDiarEner,6961553900,kWh,xm:servapibi,2026-09-22T19:23:46Z,xm/2024/05/VoluUtilDiarEner_Sistema.2024-05-01.ndjson#VoluUtilDiarEner:Sistema:2024-05-01:2024-05-31
2024-05-26,AporEner,198204300,kWh,xm:servapibi,2026-09-22T19:23:49Z,xm/2024/05/AporEner_Sistema.2024-05-01.ndjson#AporEner:Sistema:2024-05-01:2024-05-31
2024-05-26,AporEnerMediHist,287950000,kWh,xm:servapibi,2026-09-22T19:23:50Z,xm/2024/05/AporEnerMediHist_Sistema.2024-05-01.ndjson#AporEnerMediHist:Sistema:2024-05-01:2024-05-31
2024-05-26,CapaUtilDiarEner,17359561885,kWh,xm:servapibi,2026-09-22T19:23:47Z,xm/2024/05/CapaUtilDiarEner_Sistema.2024-05-01.ndjson#CapaUtilDiarEner:Sistema:2024-05-01:2024-05-31
2024-05-26,DemaSIN,202979321.97,kWh,xm:servapibi,2026-09-22T19:23:53Z,xm/2024/05/DemaSIN_Sistema.2024-05-01.ndjson#DemaSIN:Sistema:2024-05-01:2024-05-31
2024-05-26,PorcApor,0.68833,fraction,xm:servapibi,2026-09-22T19:23:51Z,xm/2024/05/PorcApor_Sistema.2024-05-01.ndjson#PorcApor:Sistema:2024-05-01:2024-05-31
2024-05-26,PorcVoluUtilDiar,0.40399,fraction,xm:servapibi,2026-09-22T19:23:45Z,xm/2024/05/PorcVoluUtilDiar_Sistema.2024-05-01.ndjson#PorcVoluUtilDiar:Sistema:2024-05-01:2024-05-31
2024-05-26,PrecBolsNaci,360.90874499999995,COP/kWh,xm:servapibi,2026-09-22T19:23:55Z,xm/2024/05/PrecBolsNaci_Sistema.2024-05-01.ndjson#PrecBolsNaci:Sistema:2024-05-01:2024-05-31
2024-05-26,PrecEscaAct,993.76004,COP/kWh,xm:servapibi,2026-09-22T19:23:54Z,xm/2024/05/PrecEscaAct_Sistema.2024-05-01.ndjson#PrecEscaAct:Sistema:2024-05-01:2024-05-31
2024-05-26,VoluUtilDiarEner,7013162900,kWh,xm:servapibi,2026-09-22T19:23:46Z,xm/2024/05/VoluUtilDiarEner_Sistema.2024-05-01.ndjson#VoluUtilDiarEner:Sistema:2024-05-01:2024-05-31
2024-05-27,AporEner,197121600,kWh,xm:servapibi,2026-09-22T19:23:49Z,xm/2024/05/AporEner_Sistema.2024-05-01.ndjson#AporEner:Sistema:2024-05-01:2024-05-31
2024-05-27,AporEnerMediHist,287950000,kWh,xm:servapibi,2026-09-22T19:23:50Z,xm/2024/05/AporEnerMediHist_Sistema.2024-05-01.ndjson#AporEnerMediHist:Sistema:2024-05-01:2024-05-31
2024-05-27,CapaUtilDiarEner,17359561885,kWh,xm:servapibi,2026-09-22T19:23:47Z,xm/2024/05/CapaUtilDiarEner_Sistema.2024-05-01.ndjson#CapaUtilDiarEner:Sistema:2024-05-01:2024-05-31
2024-05-27,DemaSIN,224589413.37,kWh,xm:servapibi,2026-09-22T19:23:53Z,xm/2024/05/DemaSIN_Sistema.2024-05-01.ndjson#DemaSIN:Sistema:2024-05-01:2024-05-31
2024-05-27,PorcApor,0.68457,fraction,xm:servapibi,2026-09-22T19:23:51Z,xm/2024/05/PorcApor_Sistema.2024-05-01.ndjson#PorcApor:Sistema:2024-05-01:2024-05-31
2024-05-27,PorcVoluUtilDiar,0.40233,fraction,xm:servapibi,2026-09-22T19:23:45Z,xm/2024/05/PorcVoluUtilDiar_Sistema.2024-05-01.ndjson#PorcVoluUtilDiar:Sistema:2024-05-01:2024-05-31
2024-05-27,PrecBolsNaci,441.33662500000014,COP/kWh,xm:servapibi,2026-09-22T19:23:55Z,xm/2024/05/PrecBolsNaci_Sistema.2024-05-01.ndjson#PrecBolsNaci:Sistema:2024-05-01:2024-05-31
2024-05-27,PrecEscaAct,993.76004,COP/kWh,xm:servapibi,2026-09-22T19:23:54Z,xm/2024/05/PrecEscaAct_Sistema.2024-05-01.ndjson#PrecEscaAct:Sistema:2024-05-01:2024-05-31
2024-05-27,VoluUtilDiarEner,6984353100,kWh,xm:servapibi,2026-09-22T19:23:46Z,xm/2024/05/VoluUtilDiarEner_Sistema.2024-05-01.ndjson#VoluUtilDiarEner:Sistema:2024-05-01:2024-05-31
2024-05-28,AporEner,269527200,kWh,xm:servapibi,2026-09-22T19:23:49Z,xm/2024/05/AporEner_Sistema.2024-05-01.ndjson#AporEner:Sistema:2024-05-01:2024-05-31
2024-05-28,AporEnerMediHist,287950000,kWh,xm:servapibi,2026-09-22T19:23:50Z,xm/2024/05/AporEnerMediHist_Sistema.2024-05-01.ndjson#AporEnerMediHist:Sistema:2024-05-01:2024-05-31
2024-05-28,CapaUtilDiarEner,17359561885,kWh,xm:servapibi,2026-09-22T19:23:47Z,xm/2024/05/CapaUtilDiarEner_Sistema.2024-05-01.ndjson#CapaUtilDiarEner:Sistema:2024-05-01:2024-05-31
2024-05-28,DemaSIN,230516829.06,kWh,xm:servapibi,2026-09-22T19:23:53Z,xm/2024/05/DemaSIN_Sistema.2024-05-01.ndjson#DemaSIN:Sistema:2024-05-01:2024-05-31
2024-05-28,PorcApor,0.93602,fraction,xm:servapibi,2026-09-22T19:23:51Z,xm/2024/05/PorcApor_Sistema.2024-05-01.ndjson#PorcApor:Sistema:2024-05-01:2024-05-31
2024-05-28,PorcVoluUtilDiar,0.40768,fraction,xm:servapibi,2026-09-22T19:23:45Z,xm/2024/05/PorcVoluUtilDiar_Sistema.2024-05-01.ndjson#PorcVoluUtilDiar:Sistema:2024-05-01:2024-05-31
2024-05-28,PrecBolsNaci,420.5846666666666,COP/kWh,xm:servapibi,2026-09-22T19:23:55Z,xm/2024/05/PrecBolsNaci_Sistema.2024-05-01.ndjson#PrecBolsNaci:Sistema:2024-05-01:2024-05-31
2024-05-28,PrecEscaAct,993.76004,COP/kWh,xm:servapibi,2026-09-22T19:23:54Z,xm/2024/05/PrecEscaAct_Sistema.2024-05-01.ndjson#PrecEscaAct:Sistema:2024-05-01:2024-05-31
2024-05-28,VoluUtilDiarEner,7077228800,kWh,xm:servapibi,2026-09-22T19:23:46Z,xm/2024/05/VoluUtilDiarEner_Sistema.2024-05-01.ndjson#VoluUtilDiarEner:Sistema:2024-05-01:2024-05-31
2024-05-29,AporEner,447075400,kWh,xm:servapibi,2026-09-22T19:23:49Z,xm/2024/05/AporEner_Sistema.2024-05-01.ndjson#AporEner:Sistema:2024-05-01:2024-05-31
2024-05-29,AporEnerMediHist,287950000,kWh,xm:servapibi,2026-09-22T19:23:50Z,xm/2024/05/AporEnerMediHist_Sistema.2024-05-01.ndjson#AporEnerMediHist:Sistema:2024-05-01:2024-05-31
2024-05-29,CapaUtilDiarEner,17359561885,kWh,xm:servapibi,2026-09-22T19:23:47Z,xm/2024/05/CapaUtilDiarEner_Sistema.2024-05-01.ndjson#CapaUtilDiarEner:Sistema:2024-05-01:2024-05-31
2024-05-29,DemaSIN,228616255.25,kWh,xm:servapibi,2026-09-22T19:23:53Z,xm/2024/05/DemaSIN_Sistema.2024-05-01.ndjson#DemaSIN:Sistema:2024-05-01:2024-05-31
2024-05-29,PorcApor,1.55261,fraction,xm:servapibi,2026-09-22T19:23:51Z,xm/2024/05/PorcApor_Sistema.2024-05-01.ndjson#PorcApor:Sistema:2024-05-01:2024-05-31
2024-05-29,PorcVoluUtilDiar,0.42196,fraction,xm:servapibi,2026-09-22T19:23:45Z,xm/2024/05/PorcVoluUtilDiar_Sistema.2024-05-01.ndjson#PorcVoluUtilDiar:Sistema:2024-05-01:2024-05-31
2024-05-29,PrecBolsNaci,460.05751499999997,COP/kWh,xm:servapibi,2026-09-22T19:23:55Z,xm/2024/05/PrecBolsNaci_Sistema.2024-05-01.ndjson#PrecBolsNaci:Sistema:2024-05-01:2024-05-31
2024-05-29,PrecEscaAct,993.76004,COP/kWh,xm:servapibi,2026-09-22T19:23:54Z,xm/2024/05/PrecEscaAct_Sistema.2024-05-01.ndjson#PrecEscaAct:Sistema:2024-05-01:2024-05-31
2024-05-29,VoluUtilDiarEner,7324968000,kWh,xm:servapibi,2026-09-22T19:23:46Z,xm/2024/05/VoluUtilDiarEner_Sistema.2024-05-01.ndjson#VoluUtilDiarEner:Sistema:2024-05-01:2024-05-31
2024-05-30,AporEner,359762100,kWh,xm:servapibi,2026-09-22T19:23:49Z,xm/2024/05/AporEner_Sistema.2024-05-01.ndjson#AporEner:Sistema:2024-05-01:2024-05-31
2024-05-30,AporEnerMediHist,287950000,kWh,xm:servapibi,2026-09-22T19:23:50Z,xm/2024/05/AporEnerMediHist_Sistema.2024-05-01.ndjson#AporEnerMediHist:Sistema:2024-05-01:2024-05-31
2024-05-30,CapaUtilDiarEner,17359561885,kWh,xm:servapibi,2026-09-22T19:23:47Z,xm/2024/05/CapaUtilDiarEner_Sistema.2024-05-01.ndjson#CapaUtilDiarEner:Sistema:2024-05-01:2024-05-31
2024-05-30,DemaSIN,227939768.19,kWh,xm:servapibi,2026-09-22T19:23:53Z,xm/2024/05/DemaSIN_Sistema.2024-05-01.ndjson#DemaSIN:Sistema:2024-05-01:2024-05-31
2024-05-30,PorcApor,1.24939,fraction,xm:servapibi,2026-09-22T19:23:51Z,xm/2024/05/PorcApor_Sistema.2024-05-01.ndjson#PorcApor:Sistema:2024-05-01:2024-05-31
2024-05-30,PorcVoluUtilDiar,0.42926,fraction,xm:servapibi,2026-09-22T19:23:45Z,xm/2024/05/PorcVoluUtilDiar_Sistema.2024-05-01.ndjson#PorcVoluUtilDiar:Sistema:2024-05-01:2024-05-31
2024-05-30,PrecBolsNaci,337.24600000000004,COP/kWh,xm:servapibi,2026-09-22T19:23:55Z,xm/2024/05/PrecBolsNaci_Sistema.2024-05-01.ndjson#PrecBolsNaci:Sistema:2024-05-01:2024-05-31
2024-05-30,PrecEscaAct,993.76004,COP/kWh,xm:servapibi,2026-09-22T19:23:54Z,xm/2024/05/PrecEscaAct_Sistema.2024-05-01.ndjson#PrecEscaAct:Sistema:2024-05-01:2024-05-31
2024-05-30,VoluUtilDiarEner,7451723000,kWh,xm:servapibi,2026-09-22T19:23:46Z,xm/2024/05/VoluUtilDiarEner_Sistema.2024-05-01.ndjson#VoluUtilDiarEner:Sistema:2024-05-01:2024-05-31
2024-05-31,AporEner,398088000,kWh,xm:servapibi,2026-09-22T19:23:49Z,xm/2024/05/AporEner_Sistema.2024-05-01.ndjson#AporEner:Sistema:2024-05-01:2024-05-31
2024-05-31,AporEnerMediHist,287950000,kWh,xm:servapibi,2026-09-22T19:23:50Z,xm/2024/05/AporEnerMediHist_Sistema.2024-05-01.ndjson#AporEnerMediHist:Sistema:2024-05-01:2024-05-31
2024-05-31,CapaUtilDiarEner,17359561885,kWh,xm:servapibi,2026-09-22T19:23:47Z,xm/2024/05/CapaUtilDiarEner_Sistema.2024-05-01.ndjson#CapaUtilDiarEner:Sistema:2024-05-01:2024-05-31
2024-05-31,DemaSIN,227888837.5,kWh,xm:servapibi,2026-09-22T19:23:53Z,xm/2024/05/DemaSIN_Sistema.2024-05-01.ndjson#DemaSIN:Sistema:2024-05-01:2024-05-31
2024-05-31,PorcApor,1.38249,fraction,xm:servapibi,2026-09-22T19:23:51Z,xm/2024/05/PorcApor_Sistema.2024-05-01.ndjson#PorcApor:Sistema:2024-05-01:2024-05-31
2024-05-31,PorcVoluUtilDiar,0.43694,fraction,xm:servapibi,2026-09-22T19:23:45Z,xm/2024/05/PorcVoluUtilDiar_Sistema.2024-05-01.ndjson#PorcVoluUtilDiar:Sistema:2024-05-01:2024-05-31
2024-05-31,PrecBolsNaci,213.85455333333334,COP/kWh,xm:servapibi,2026-09-22T19:23:55Z,xm/2024/05/PrecBolsNaci_Sistema.2024-05-01.ndjson#PrecBolsNaci:Sistema:2024-05-01:2024-05-31
2024-05-31,PrecEscaAct,993.76004,COP/kWh,xm:servapibi,2026-09-22T19:23:54Z,xm/2024/05/PrecEscaAct_Sistema.2024-05-01.ndjson#PrecEscaAct:Sistema:2024-05-01:2024-05-31
2024-05-31,VoluUtilDiarEner,7585127100,kWh,xm:servapibi,2026-09-22T19:23:46Z,xm/2024/05/VoluUtilDiarEner_Sistema.2024-05-01.ndjson#VoluUtilDiarEner:Sistema:2024-05-01:2024-05-31
2024-06-01,AporEner,274489600,kWh,xm:servapibi,2026-09-22T19:24:04Z,xm/2024/06/AporEner_Sistema.2024-06-01.ndjson#AporEner:Sistema:2024-06-01:2024-06-30
2024-06-01,AporEnerMediHist,281350000,kWh,xm:servapibi,2026-09-22T19:24:05Z,xm/2024/06/AporEnerMediHist_Sistema.2024-06-01.ndjson#AporEnerMediHist:Sistema:2024-06-01:2024-06-30
2024-06-01,CapaUtilDiarEner,17359561885,kWh,xm:servapibi,2026-09-22T19:24:02Z,xm/2024/06/CapaUtilDiarEner_Sistema.2024-06-01.ndjson#CapaUtilDiarEner:Sistema:2024-06-01:2024-06-30
2024-06-01,DemaSIN,222327618.57,kWh,xm:servapibi,2026-09-22T19:24:07Z,xm/2024/06/DemaSIN_Sistema.2024-06-01.ndjson#DemaSIN:Sistema:2024-06-01:2024-06-30
2024-06-01,PorcApor,0.97562,fraction,xm:servapibi,2026-09-22T19:24:06Z,xm/2024/06/PorcApor_Sistema.2024-06-01.ndjson#PorcApor:Sistema:2024-06-01:2024-06-30
2024-06-01,PorcVoluUtilDiar,0.44024,fraction,xm:servapibi,2026-09-22T19:24:00Z,xm/2024/06/PorcVoluUtilDiar_Sistema.2024-06-01.ndjson#PorcVoluUtilDiar:Sistema:2024-06-01:2024-06-30
2024-06-01,PrecBolsNaci,233.21832000000003,COP/kWh,xm:servapibi,2026-09-22T19:24:10Z,xm/2024/06/PrecBolsNaci_Sistema.2024-06-01.ndjson#PrecBolsNaci:Sistema:2024-06-01:2024-06-30
2024-06-01,PrecEscaAct,975.89794,COP/kWh,xm:servapibi,2026-09-22T19:24:09Z,xm/2024/06/PrecEscaAct_Sistema.2024-06-01.ndjson#PrecEscaAct:Sistema:2024-06-01:2024-06-30
2024-06-01,VoluUtilDiarEner,7642304800,kWh,xm:servapibi,2026-09-22T19:24:01Z,xm/2024/06/VoluUtilDiarEner_Sistema.2024-06-01.ndjson#VoluUtilDiarEner:Sistema:2024-06-01:2024-06-30
2024-06-02,AporEner,218156300,kWh,xm:servapibi,2026-09-22T19:24:04Z,xm/2024/06/AporEner_Sistema.2024-06-01.ndjson#AporEner:Sistema:2024-06-01:2024-06-30
2024-06-02,AporEnerMediHist,281350000,kWh,xm:servapibi,2026-09-22T19:24:05Z,xm/2024/06/AporEnerMediHist_Sistema.2024-06-01.ndjson#AporEnerMediHist:Sistema:2024-06-01:2024-06-30
2024-06-02,CapaUtilDiarEner,17359561885,kWh,xm:servapibi,2026-09-22T19:24:02Z,xm/2024/06/CapaUtilDiarEner_Sistema.2024-06-01.ndjson#CapaUtilDiarEner:Sistema:2024-06-01:2024-06-30
2024-06-02,DemaSIN,205854543.84,kWh,xm:servapibi,2026-09-22T19:24:07Z,xm/2024/06/DemaSIN_Sistema.2024-06-01.ndjson#DemaSIN:Sistema:2024-06-01:2024-06-30
2024-06-02,PorcApor,0.77539,fraction,xm:servapibi,2026-09-22T19:24:06Z,xm/2024/06/PorcApor_Sistema.2024-06-01.ndjson#PorcApor:Sistema:2024-06-01:2024-06-30
2024-06-02,PorcVoluUtilDiar,0.44164,fraction,xm:servapibi,2026-09-22T19:24:00Z,xm/2024/06/PorcVoluUtilDiar_Sistema.2024-06-01.ndjson#PorcVoluUtilDiar:Sistema:2024-06-01:2024-06-30
2024-06-02,PrecBolsNaci,237.82626333333326,COP/kWh,xm:servapibi,2026-09-22T19:24:10Z,xm/2024/06/PrecBolsNaci_Sistema.2024-06-01.ndjson#PrecBolsNaci:Sistema:2024-06-01:2024-06-30
2024-06-02,PrecEscaAct,975.89794,COP/kWh,xm:servapibi,2026-09-22T19:24:09Z,xm/2024/06/PrecEscaAct_Sistema.2024-06-01.ndjson#PrecEscaAct:Sistema:2024-06-01:2024-06-30
2024-06-02,VoluUtilDiarEner,7666632500,kWh,xm:servapibi,2026-09-22T19:24:01Z,xm/2024/06/VoluUtilDiarEner_Sistema.2024-06-01.ndjson#VoluUtilDiarEner:Sistema:2024-06-01:2024-06-30
2024-06-03,AporEner,236058500,kWh,xm:servapibi,2026-09-22T19:24:04Z,xm/2024/06/AporEner_Sistema.2024-06-01.ndjson#AporEner:Sistema:2024-06-01:2024-06-30
2024-06-03,AporEnerMediHist,281350000,kWh,xm:servapibi,2026-09-22T19:24:05Z,xm/2024/06/AporEnerMediHist_Sistema.2024-06-01.ndjson#AporEnerMediHist:Sistema:2024-06-01:2024-06-30
2024-06-03,CapaUtilDiarEner,17359561885,kWh,xm:servapibi,2026-09-22T19:24:02Z,xm/2024/06/CapaUtilDiarEner_Sistema.2024-06-01.ndjson#CapaUtilDiarEner:Sistema:2024-06-01:2024-06-30
2024-06-03,DemaSIN,206356764.06,kWh,xm:servapibi,2026-09-22T19:24:07Z,xm/2024/06/DemaSIN_Sistema.2024-06-01.ndjson#DemaSIN:Sistema:2024-06-01:2024-06-30
2024-06-03,PorcApor,0.83902,fraction,xm:servapibi,2026-09-22T19:24:06Z,xm/2024/06/PorcApor_Sistema.2024-06-01.ndjson#PorcApor:Sistema:2024-06-01:2024-06-30
2024-06-03,PorcVoluUtilDiar,0.44493,fraction,xm:servapibi,2026-09-22T19:24:00Z,xm/2024/06/PorcVoluUtilDiar_Sistema.2024-06-01.ndjson#PorcVoluUtilDiar:Sistema:2024-06-01:2024-06-30
2024-06-03,PrecBolsNaci,256.6114900000001,COP/kWh,xm:servapibi,2026-09-22T19:24:10Z,xm/2024/06/PrecBolsNaci_Sistema.2024-06-01.ndjson#PrecBolsNaci:Sistema:2024-06-01:2024-06-30
2024-06-03,PrecEscaAct,975.89794,COP/kWh,xm:servapibi,2026-09-22T19:24:09Z,xm/2024/06/PrecEscaAct_Sistema.2024-06-01.ndjson#PrecEscaAct:Sistema:2024-06-01:2024-06-30
2024-06-03,VoluUtilDiarEner,7723738500,kWh,xm:servapibi,2026-09-22T19:24:01Z,xm/2024/06/VoluUtilDiarEner_Sistema.2024-06-01.ndjson#VoluUtilDiarEner:Sistema:2024-06-01:2024-06-30
2024-06-04,AporEner,571543700,kWh,xm:servapibi,2026-09-22T19:24:04Z,xm/2024/06/AporEner_Sistema.2024-06-01.ndjson#AporEner:Sistema:2024-06-01:2024-06-30
2024-06-04,AporEnerMediHist,281350000,kWh,xm:servapibi,2026-09-22T19:24:05Z,xm/2024/06/AporEnerMediHist_Sistema.2024-06-01.ndjson#AporEnerMediHist:Sistema:2024-06-01:2024-06-30
2024-06-04,CapaUtilDiarEner,17359561885,kWh,xm:servapibi,2026-09-22T19:24:02Z,xm/2024/06/CapaUtilDiarEner_Sistema.2024-06-01.ndjson#CapaUtilDiarEner:Sistema:2024-06-01:2024-06-30
2024-06-04,DemaSIN,224796149.98,kWh,xm:servapibi,2026-09-22T19:24:07Z,xm/2024/06/DemaSIN_Sistema.2024-06-01.ndjson#DemaSIN:Sistema:2024-06-01:2024-06-30
2024-06-04,PorcApor,2.03143,fraction,xm:servapibi,2026-09-22T19:24:06Z,xm/2024/06/PorcApor_Sistema.2024-06-01.ndjson#PorcApor:Sistema:2024-06-01:2024-06-30
2024-06-04,PorcVoluUtilDiar,0.4605,fraction,xm:servapibi,2026-09-22T19:24:00Z,xm/2024/06/PorcVoluUtilDiar_Sistema.2024-06-01.ndjson#PorcVoluUtilDiar:Sistema:2024-06-01:2024-06-30
2024-06-04,PrecBolsNaci,306.238955,COP/kWh,xm:servapibi,2026-09-22T19:24:10Z,xm/2024/06/PrecBolsNaci_Sistema.2024-06-01.ndjson#PrecBolsNaci:Sistema:2024-06-01:2024-06-30
2024-06-04,PrecEscaAct,975.89794,COP/kWh,xm:servapibi,2026-09-22T19:24:09Z,xm/2024/06/PrecEscaAct_Sistema.2024-06-01.ndjson#PrecEscaAct:Sistema:2024-06-01:2024-06-30
2024-06-04,VoluUtilDiarEner,7994133900,kWh,xm:servapibi,2026-09-22T19:24:01Z,xm/2024/06/VoluUtilDiarEner_Sistema.2024-06-01.ndjson#VoluUtilDiarEner:Sistema:2024-06-01:2024-06-30
2024-06-05,AporEner,336719900,kWh,xm:servapibi,2026-09-22T19:24:04Z,xm/2024/06/AporEner_Sistema.2024-06-01.ndjson#AporEner:Sistema:2024-06-01:2024-06-30
2024-06-05,AporEnerMediHist,281350000,kWh,xm:servapibi,2026-09-22T19:24:05Z,xm/2024/06/AporEnerMediHist_Sistema.2024-06-01.ndjson#AporEnerMediHist:Sistema:2024-06-01:2024-06-30
2024-06-05,CapaUtilDiarEner,17359561885,kWh,xm:servapibi,2026-09-22T19:24:02Z,xm/2024/06/CapaUtilDiarEner_Sistema.2024-06-01.ndjson#CapaUtilDiarEner:Sistema:2024-06-01:2024-06-30
2024-06-05,DemaSIN,226080091.29,kWh,xm:servapibi,2026-09-22T19:24:07Z,xm/2024/06/DemaSIN_Sistema.2024-06-01.ndjson#DemaSIN:Sistema:2024-06-01:2024-06-30
2024-06-05,PorcApor,1.1968,fraction,xm:servapibi,2026-09-22T19:24:06Z,xm/2024/06/PorcApor_Sistema.2024-06-01.ndjson#PorcApor:Sistema:2024-06-01:2024-06-30
2024-06-05,PorcVoluUtilDiar,0.46726,fraction,xm:servapibi,2026-09-22T19:24:00Z,xm/2024/06/PorcVoluUtilDiar_Sistema.2024-06-01.ndjson#PorcVoluUtilDiar:Sistema:2024-06-01:2024-06-30
2024-06-05,PrecBolsNaci,394.90417833333345,COP/kWh,xm:servapibi,2026-09-22T19:24:10Z,xm/2024/06/PrecBolsNaci_Sistema.2024-06-01.ndjson#PrecBolsNaci:Sistema:2024-06-01:2024-06-30
2024-06-05,PrecEscaAct,975.89794,COP/kWh,xm:servapibi,2026-09-22T19:24:09Z,xm/2024/06/PrecEscaAct_Sistema.2024-06-01.ndjson#PrecEscaAct:Sistema:2024-06-01:2024-06-30
2024-06-05,VoluUtilDiarEner,8111366600,kWh,xm:servapibi,2026-09-22T19:24:01Z,xm/2024/06/VoluUtilDiarEner_Sistema.2024-06-01.ndjson#VoluUtilDiarEner:Sistema:2024-06-01:2024-06-30
2024-06-06,AporEner,275420800,kWh,xm:servapibi,2026-09-22T19:24:04Z,xm/2024/06/AporEner_Sistema.2024-06-01.ndjson#AporEner:Sistema:2024-06-01:2024-06-30
2024-06-06,AporEnerMediHist,281350000,kWh,xm:servapibi,2026-09-22T19:24:05Z,xm/2024/06/AporEnerMediHist_Sistema.2024-06-01.ndjson#AporEnerMediHist:Sistema:2024-06-01:2024-06-30
2024-06-06,CapaUtilDiarEner,17359561885,kWh,xm:servapibi,2026-09-22T19:24:02Z,xm/2024/06/CapaUtilDiarEner_Sistema.2024-06-01.ndjson#CapaUtilDiarEner:Sistema:2024-06-01:2024-06-30
2024-06-06,DemaSIN,227250986.03,kWh,xm:servapibi,2026-09-22T19:24:07Z,xm/2024/06/DemaSIN_Sistema.2024-06-01.ndjson#DemaSIN:Sistema:2024-06-01:2024-06-30
2024-06-06,PorcApor,0.97893,fraction,xm:servapibi,2026-09-22T19:24:06Z,xm/2024/06/PorcApor_Sistema.2024-06-01.ndjson#PorcApor:Sistema:2024-06-01:2024-06-30
2024-06-06,PorcVoluUtilDiar,0.47022,fraction,xm:servapibi,2026-09-22T19:24:00Z,xm/2024/06/PorcVoluUtilDiar_Sistema.2024-06-01.ndjson#PorcVoluUtilDiar:Sistema:2024-06-01:2024-06-30
2024-06-06,PrecBolsNaci,360.39358,COP/kWh,xm:servapibi,2026-09-22T19:24:10Z,xm/2024/06/PrecBolsNaci_Sistema.2024-06-01.ndjson#PrecBolsNaci:Sistema:2024-06-01:2024-06-30
2024-06-06,PrecEscaAct,975.89794,COP/kWh,xm:servapibi,2026-09-22T19:24:09Z,xm/2024/06/PrecEscaAct_Sistema.2024-06-01.ndjson#PrecEscaAct:Sistema:2024-06-01:2024-06-30
2024-06-06,VoluUtilDiarEner,8162761300,kWh,xm:servapibi,2026-09-22T19:24:01Z,xm/2024/06/VoluUtilDiarEner_Sistema.2024-06-01.ndjson#VoluUtilDiarEner:Sistema:2024-06-01:2024-06-30
2024-06-07,AporEner,230638600,kWh,xm:servapibi,2026-09-22T19:24:04Z,xm/2024/06/AporEner_Sistema.2024-06-01.ndjson#AporEner:Sistema:2024-06-01:2024-06-30
2024-06-07,AporEnerMediHist,281350000,kWh,xm:servapibi,2026-09-22T19:24:05Z,xm/2024/06/AporEnerMediHist_Sistema.2024-06-01.ndjson#AporEnerMediHist:Sistema:2024-06-01:2024-06-30
2024-06-07,CapaUtilDiarEner,17359561885,kWh,xm:servapibi,2026-09-22T19:24:02Z,xm/2024/06/CapaUtilDiarEner_Sistema.2024-06-01.ndjson#CapaUtilDiarEner:Sistema:2024-06-01:2024-06-30
2024-06-07,DemaSIN,227629255.72,kWh,xm:servapibi,2026-09-22T19:24:07Z,xm/2024/06/DemaSIN_Sistema.2024-06-01.ndjson#DemaSIN:Sistema:2024-06-01:2024-06-30
2024-06-07,PorcApor,0.81976,fraction,xm:servapibi,2026-09-22T19:24:06Z,xm/2024/06/PorcApor_Sistema.2024-06-01.ndjson#PorcApor:Sistema:2024-06-01:2024-06-30
2024-06-07,PorcVoluUtilDiar,0.47179,fraction,xm:servapibi,2026-09-22T19:24:00Z,xm/2024/06/PorcVoluUtilDiar_Sistema.2024-06-01.ndjson#PorcVoluUtilDiar:Sistema:2024-06-01:2024-06-30
2024-06-07,PrecBolsNaci,350.00486,COP/kWh,xm:servapibi,2026-09-22T19:24:10Z,xm/2024/06/PrecBolsNaci_Sistema.2024-06-01.ndjson#PrecBolsNaci:Sistema:2024-06-01:2024-06-30
2024-06-07,PrecEscaAct,975.89794,COP/kWh,xm:servapibi,2026-09-22T19:24:09Z,xm/2024/06/PrecEscaAct_Sistema.2024-06-01.ndjson#PrecEscaAct:Sistema:2024-06-01:2024-06-30
2024-06-07,VoluUtilDiarEner,8190153900,kWh,xm:servapibi,2026-09-22T19:24:01Z,xm/2024/06/VoluUtilDiarEner_Sistema.2024-06-01.ndjson#VoluUtilDiarEner:Sistema:2024-06-01:2024-06-30
2024-06-08,AporEner,243168000,kWh,xm:servapibi,2026-09-22T19:24:04Z,xm/2024/06/AporEner_Sistema.2024-06-01.ndjson#AporEner:Sistema:2024-06-01:2024-06-30
2024-06-08,AporEnerMediHist,281350000,kWh,xm:servapibi,2026-09-22T19:24:05Z,xm/2024/06/AporEnerMediHist_Sistema.2024-06-01.ndjson#AporEnerMediHist:Sistema:2024-06-01:2024-06-30
2024-06-08,CapaUtilDiarEner,17359561885,kWh,xm:servapibi,2026-09-22T19:24:02Z,xm/2024/06/CapaUtilDiarEner_Sistema.2024-06-01.ndjson#CapaUtilDiarEner:Sistema:2024-06-01:2024-06-30
2024-06-08,DemaSIN,221156851.99,kWh,xm:servapibi,2026-09-22T19:24:07Z,xm/2024/06/DemaSIN_Sistema.2024-06-01.ndjson#DemaSIN:Sistema:2024-06-01:2024-06-30
2024-06-08,PorcApor,0.86429,fraction,xm:servapibi,2026-09-22T19:24:06Z,xm/2024/06/PorcApor_Sistema.2024-06-01.ndjson#PorcApor:Sistema:2024-06-01:2024-06-30
2024-06-08,PorcVoluUtilDiar,0.47406,fraction,xm:servapibi,2026-09-22T19:24:00Z,xm/2024/06/PorcVoluUtilDiar_Sistema.2024-06-01.ndjson#PorcVoluUtilDiar:Sistema:2024-06-01:2024-06-30
2024-06-08,PrecBolsNaci,370.62287999999995,COP/kWh,xm:servapibi,2026-09-22T19:24:10Z,xm/2024/06/PrecBolsNaci_Sistema.2024-06-01.ndjson#PrecBolsNaci:Sistema:2024-06-01:2024-06-30
2024-06-08,PrecEscaAct,975.89794,COP/kWh,xm:servapibi,2026-09-22T19:24:09Z,xm/2024/06/PrecEscaAct_Sistema.2024-06-01.ndjson#PrecEscaAct:Sistema:2024-06-01:2024-06-30
2024-06-08,VoluUtilDiarEner,8229441700,kWh,xm:servapibi,2026-09-22T19:24:01Z,xm/2024/06/VoluUtilDiarEner_Sistema.2024-06-01.ndjson#VoluUtilDiarEner:Sistema:2024-06-01:2024-06-30
2024-06-09,AporEner,281829000,kWh,xm:servapibi,2026-09-22T19:24:04Z,xm/2024/06/AporEner_Sistema.2024-06-01.ndjson#AporEner:Sistema:2024-06-01:2024-06-30
2024-06-09,AporEnerMediHist,281350000,kWh,xm:servapibi,2026-09-22T19:24:05Z,xm/2024/06/AporEnerMediHist_Sistema.2024-06-01.ndjson#AporEnerMediHist:Sistema:2024-06-01:2024-06-30
2024-06-09,CapaUtilDiarEner,17359561885,kWh,xm:servapibi,2026-09-22T19:24:02Z,xm/2024/06/CapaUtilDiarEner_Sistema.2024-06-01.ndjson#CapaUtilDiarEner:Sistema:2024-06-01:2024-06-30
2024-06-09,DemaSIN,197083887.06,kWh,xm:servapibi,2026-09-22T19:24:07Z,xm/2024/06/DemaSIN_Sistema.2024-06-01.ndjson#DemaSIN:Sistema:2024-06-01:2024-06-30
2024-06-09,PorcApor,1.0017,fraction,xm:servapibi,2026-09-22T19:24:06Z,xm/2024/06/PorcApor_Sistema.2024-06-01.ndjson#PorcApor:Sistema:2024-06-01:2024-06-30
2024-06-09,PorcVoluUtilDiar,0.4797,fraction,xm:servapibi,2026-09-22T19:24:00Z,xm/2024/06/PorcVoluUtilDiar_Sistema.2024-06-01.ndjson#PorcVoluUtilDiar:Sistema:2024-06-01:2024-06-30
2024-06-09,PrecBolsNaci,308.3627966666666,COP/kWh,xm:servapibi,2026-09-22T19:24:10Z,xm/2024/06/PrecBolsNaci_Sistema.2024-06-01.ndjson#PrecBolsNaci:Sistema:2024-06-01:2024-06-30
2024-06-09,PrecEscaAct,975.89794,COP/kWh,xm:servapibi,2026-09-22T19:24:09Z,xm/2024/06/PrecEscaAct_Sistema.2024-06-01.ndjson#PrecEscaAct:Sistema:2024-06-01:2024-06-30
2024-06-09,VoluUtilDiarEner,8327442300,kWh,xm:servapibi,2026-09-22T19:24:01Z,xm/2024/06/VoluUtilDiarEner_Sistema.2024-06-01.ndjson#VoluUtilDiarEner:Sistema:2024-06-01:2024-06-30
2024-06-10,AporEner,277259700,kWh,xm:servapibi,2026-09-22T19:24:04Z,xm/2024/06/AporEner_Sistema.2024-06-01.ndjson#AporEner:Sistema:2024-06-01:2024-06-30
2024-06-10,AporEnerMediHist,281350000,kWh,xm:servapibi,2026-09-22T19:24:05Z,xm/2024/06/AporEnerMediHist_Sistema.2024-06-01.ndjson#AporEnerMediHist:Sistema:2024-06-01:2024-06-30
2024-06-10,CapaUtilDiarEner,17359561885,kWh,xm:servapibi,2026-09-22T19:24:02Z,xm/2024/06/CapaUtilDiarEner_Sistema.2024-06-01.ndjson#CapaUtilDiarEner:Sistema:2024-06-01:2024-06-30
2024-06-10,DemaSIN,202111371.35,kWh,xm:servapibi,2026-09-22T19:24:07Z,xm/2024/06/DemaSIN_Sistema.2024-06-01.ndjson#DemaSIN:Sistema:2024-06-01:2024-06-30
2024-06-10,PorcApor,0.98546,fraction,xm:servapibi,2026-09-22T19:24:06Z,xm/2024/06/PorcApor_Sistema.2024-06-01.ndjson#PorcApor:Sistema:2024-06-01:2024-06-30
2024-06-10,PorcVoluUtilDiar,0.48613,fraction,xm:servapibi,2026-09-22T19:24:00Z,xm/2024/06/PorcVoluUtilDiar_Sistema.2024-06-01.ndjson#PorcVoluUtilDiar:Sistema:2024-06-01:2024-06-30
2024-06-10,PrecBolsNaci,302.02608333333325,COP/kWh,xm:servapibi,2026-09-22T19:24:10Z,xm/2024/06/PrecBolsNaci_Sistema.2024-06-01.ndjson#PrecBolsNaci:Sistema:2024-06-01:2024-06-30
2024-06-10,PrecEscaAct,975.89794,COP/kWh,xm:servapibi,2026-09-22T19:24:09Z,xm/2024/06/PrecEscaAct_Sistema.2024-06-01.ndjson#PrecEscaAct:Sistema:2024-06-01:2024-06-30
2024-06-10,VoluUtilDiarEner,8438930000,kWh,xm:servapibi,2026-09-22T19:24:01Z,xm/2024/06/VoluUtilDiarEner_Sistema.2024-06-01.ndjson#VoluUtilDiarEner:Sistema:2024-06-01:2024-06-30
2024-06-11,AporEner,327798400,kWh,xm:servapibi,2026-09-22T19:24:04Z,xm/2024/06/AporEner_Sistema.2024-06-01.ndjson#AporEner:Sistema:2024-06-01:2024-06-30
2024-06-11,AporEnerMediHist,281350000,kWh,xm:servapibi,2026-09-22T19:24:05Z,xm/2024/06/AporEnerMediHist_Sistema.2024-06-01.ndjson#AporEnerMediHist:Sistema:2024-06-01:2024-06-30
2024-06-11,CapaUtilDiarEner,17359561885,kWh,xm:servapibi,2026-09-22T19:24:02Z,xm/2024/06/CapaUtilDiarEner_Sistema.2024-06-01.ndjson#CapaUtilDiarEner:Sistema:2024-06-01:2024-06-30
2024-06-11,DemaSIN,221660256.84,kWh,xm:servapibi,2026-09-22T19:24:07Z,xm/2024/06/DemaSIN_Sistema.2024-06-01.ndjson#DemaSIN:Sistema:2024-06-01:2024-06-30
2024-06-11,PorcApor,1.16509,fraction,xm:servapibi,2026-09-22T19:24:06Z,xm/2024/06/PorcApor_Sistema.2024-06-01.ndjson#PorcApor:Sistema:2024-06-01:2024-06-30
2024-06-11,PorcVoluUtilDiar,0.49116,fraction,xm:servapibi,2026-09-22T19:24:00Z,xm/2024/06/PorcVoluUtilDiar_Sistema.2024-06-01.ndjson#PorcVoluUtilDiar:Sistema:2024-06-01:2024-06-30
2024-06-11,PrecBolsNaci,305.8710233333334,COP/kWh,xm:servapibi,2026-09-22T19:24:10Z,xm/2024/06/PrecBolsNaci_Sistema.2024-06-01.ndjson#PrecBolsNaci:Sistema:2024-06-01:2024-06-30
2024-06-11,PrecEscaAct,975.89794,COP/kWh,xm:servapibi,2026-09-22T19:24:09Z,xm/2024/06/PrecEscaAct_Sistema.2024-06-01.ndjson#PrecEscaAct:Sistema:2024-06-01:2024-06-30
2024-06-11,VoluUtilDiarEner,8526371500,kWh,xm:servapibi,2026-09-22T19:24:01Z,xm/2024/06/VoluUtilDiarEner_Sistema.2024-06-01.ndjson#VoluUtilDiarEner:Sistema:2024-06-01:2024-06-30
2024-06-12,AporEner,229812500,kWh,xm:servapibi,2026-09-22T19:24:04Z,xm/2024/06/AporEner_Sistema.2024-06-01.ndjson#AporEner:Sistema:2024-06-01:2024-06-30
2024-06-12,AporEnerMediHist,281350000,kWh,xm:servapibi,2026-09-22T19:24:05Z,xm/2024/06/AporEnerMediHist_Sistema.2024-06-01.ndjson#AporEnerMediHist:Sistema:2024-06-01:2024-06-30
2024-06-12,CapaUtilDiarEner,17359561885,kWh,xm:servapibi,2026-09-22T19:24:02Z,xm/2024/06/CapaUtilDiarEner_Sistema.2024-06-01.ndjson#CapaUtilDiarEner:Sistema:2024-06-01:2024-06-30
2024-06-12,DemaSIN,226034653.06,kWh,xm:servapibi,2026-09-22T19:24:07Z,xm/2024/06/DemaSIN_Sistema.2024-06-01.ndjson#DemaSIN:Sistema:2024-06-01:2024-06-30
2024-06-12,PorcApor,0.81682,fraction,xm:servapibi,2026-09-22T19:24:06Z,xm/2024/06/PorcApor_Sistema.2024-06-01.ndjson#PorcApor:Sistema:2024-06-01:2024-06-30
2024-06-12,PorcVoluUtilDiar,0.49283,fraction,xm:servapibi,2026-09-22T19:24:00Z,xm/2024/06/PorcVoluUtilDiar_Sistema.2024-06-01.ndjson#PorcVoluUtilDiar:Sistema:2024-06-01:2024-06-30
2024-06-12,PrecBolsNaci,332.8930300000001,COP/kWh,xm:servapibi,2026-09-22T19:24:10Z,xm/2024/06/PrecBolsNaci_Sistema.2024-06-01.ndjson#PrecBolsNaci:Sistema:2024-06-01:2024-06-30
2024-06-12,PrecEscaAct,975.89794,COP/kWh,xm:servapibi,2026-09-22T19:24:09Z,xm/2024/06/PrecEscaAct_Sistema.2024-06-01.ndjson#PrecEscaAct:Sistema:2024-06-01:2024-06-30
2024-06-12,VoluUtilDiarEner,8555227300,kWh,xm:servapibi,2026-09-22T19:24:01Z,xm/2024/06/VoluUtilDiarEner_Sistema.2024-06-01.ndjson#VoluUtilDiarEner:Sistema:2024-06-01:2024-06-30
2024-06-13,AporEner,223387600,kWh,xm:servapibi,2026-09-22T19:24:04Z,xm/2024/06/AporEner_Sistema.2024-06-01.ndjson#AporEner:Sistema:2024-06-01:2024-06-30
2024-06-13,AporEnerMediHist,281350000,kWh,xm:servapibi,2026-09-22T19:24:05Z,xm/2024/06/AporEnerMediHist_Sistema.2024-06-01.ndjson#AporEnerMediHist:Sistema:2024-06-01:2024-06-30
2024-06-13,CapaUtilDiarEner,17359561885,kWh,xm:servapibi,2026-09-22T19:24:02Z,xm/2024/06/CapaUtilDiarEner_Sistema.2024-06-01.ndjson#CapaUtilDiarEner:Sistema:2024-06-01:2024-06-30
2024-06-13,DemaSIN,227388698.63,kWh,xm:servapibi,2026-09-22T19:24:07Z,xm/2024/06/DemaSIN_Sistema.2024-06-01.ndjson#DemaSIN:Sistema:2024-06-01:2024-06-30
2024-06-13,PorcApor,0.79398,fraction,xm:servapibi,2026-09-22T19:24:06Z,xm/2024/06/PorcApor_Sistema.2024-06-01.ndjson#PorcApor:Sistema:2024-06-01:2024-06-30
2024-06-13,PorcVoluUtilDiar,0.49311,fraction,xm:servapibi,2026-09-22T19:24:00Z,xm/2024/06/PorcVoluUtilDiar_Sistema.2024-06-01.ndjson#PorcVoluUtilDiar:Sistema:2024-06-01:2024-06-30
2024-06-13,PrecBolsNaci,360.49718000000007,COP/kWh,xm:servapibi,2026-09-22T19:24:10Z,xm/2024/06/PrecBolsNaci_Sistema.2024-06-01.ndjson#PrecBolsNaci:Sistema:2024-06-01:2024-06-30
2024-06-13,PrecEscaAct,975.89794,COP/kWh,xm:servapibi,2026-09-22T19:24:09Z,xm/2024/06/PrecEscaAct_Sistema.2024-06-01.ndjson#PrecEscaAct:Sistema:2024-06-01:2024-06-30
2024-06-13,VoluUtilDiarEner,8560237700,kWh,xm:servapibi,2026-09-22T19:24:01Z,xm/2024/06/VoluUtilDiarEner_Sistema.2024-06-01.ndjson#VoluUtilDiarEner:Sistema:2024-06-01:2024-06-30
2024-06-14,AporEner,248244500,kWh,xm:servapibi,2026-09-22T19:24:04Z,xm/2024/06/AporEner_Sistema.2024-06-01.ndjson#AporEner:Sistema:2024-06-01:2024-06-30
2024-06-14,AporEnerMediHist,281350000,kWh,xm:servapibi,2026-09-22T19:24:05Z,xm/2024/06/AporEnerMediHist_Sistema.2024-06-01.ndjson#AporEnerMediHist:Sistema:2024-06-01:2024-06-30
2024-06-14,CapaUtilDiarEner,17359561885,kWh,xm:servapibi,2026-09-22T19:24:02Z,xm/2024/06/CapaUtilDiarEner_Sistema.2024-06-01.ndjson#CapaUtilDiarEner:Sistema:2024-06-01:2024-06-30
2024-06-14,DemaSIN,226723978.94,kWh,xm:servapibi,2026-09-22T19:24:07Z,xm/2024/06/DemaSIN_Sistema.2024-06-01.ndjson#DemaSIN:Sistema:2024-06-01:2024-06-30
2024-06-14,PorcApor,0.88233,fraction,xm:servapibi,2026-09-22T19:24:06Z,xm/2024/06/PorcApor_Sistema.2024-06-01.ndjson#PorcApor:Sistema:2024-06-01:2024-06-30
2024-06-14,PorcVoluUtilDiar,0.49693,fraction,xm:servapibi,2026-09-22T19:24:00Z,xm/2024/06/PorcVoluUtilDiar_Sistema.2024-06-01.ndjson#PorcVoluUtilDiar:Sistema:2024-06-01:2024-06-30
2024-06-14,PrecBolsNaci,371.6274633333335,COP/kWh,xm:servapibi,2026-09-22T19:24:10Z,xm/2024/06/PrecBolsNaci_Sistema.2024-06-01.ndjson#PrecBolsNaci:Sistema:2024-06-01:2024-06-30
2024-06-14,PrecEscaAct,975.89794,COP/kWh,xm:servapibi,2026-09-22T19:24:09Z,xm/2024/06/PrecEscaAct_Sistema.2024-06-01.ndjson#PrecEscaAct:Sistema:2024-06-01:2024-06-30
2024-06-14,VoluUtilDiarEner,8626404000,kWh,xm:servapibi,2026-09-22T19:24:01Z,xm/2024/06/VoluUtilDiarEner_Sistema.2024-06-01.ndjson#VoluUtilDiarEner:Sistema:2024-06-01:2024-06-30
2024-06-15,AporEner,413942300,kWh,xm:servapibi,2026-09-22T19:24:04Z,xm/2024/06/AporEner_Sistema.2024-06-01.ndjson#AporEner:Sistema:2024-06-01:2024-06-30
2024-06-15,AporEnerMediHist,281350000,kWh,xm:servapibi,2026-09-22T19:24:05Z,xm/2024/06/AporEnerMediHist_Sistema.2024-06-01.ndjson#AporEnerMediHist:Sistema:2024-06-01:2024-06-30
2024-06-15,CapaUtilDiarEner,17359561885,kWh,xm:servapibi,2026-09-22T19:24:02Z,xm/2024/06/CapaUtilDiarEner_Sistema.2024-06-01.ndjson#CapaUtilDiarEner:Sistema:2024-06-01:2024-06-30
2024-06-15,DemaSIN,210209244.91,kWh,xm:servapibi,2026-09-22T19:24:07Z,xm/2024/06/DemaSIN_Sistema.2024-06-01.ndjson#DemaSIN:Sistema:2024-06-01:2024-06-30
2024-06-15,PorcApor,1.47127,fraction,xm:servapibi,2026-09-22T19:24:06Z,xm/2024/06/PorcApor_Sistema.2024-06-01.ndjson#PorcApor:Sistema:2024-06-01:2024-06-30
2024-06-15,PorcVoluUtilDiar,0.50788,fraction,xm:servapibi,2026-09-22T19:24:00Z,xm/2024/06/PorcVoluUtilDiar_Sistema.2024-06-01.ndjson#PorcVoluUtilDiar:Sistema:2024-06-01:2024-06-30
2024-06-15,PrecBolsNaci,291.8494883333334,COP/kWh,xm:servapibi,2026-09-22T19:24:10Z,xm/2024/06/PrecBolsNaci_Sistema.2024-06-01.ndjson#PrecBolsNaci:Sistema:2024-06-01:2024-06-30
2024-06-15,PrecEscaAct,975.89794,COP/kWh,xm:servapibi,2026-09-22T19:24:09Z,xm/2024/06/PrecEscaAct_Sistema.2024-06-01.ndjson#PrecEscaAct:Sistema:2024-06-01:2024-06-30
2024-06-15,VoluUtilDiarEner,8816644400,kWh,xm:servapibi,2026-09-22T19:24:01Z,xm/2024/06/VoluUtilDiarEner_Sistema.2024-06-01.ndjson#VoluUtilDiarEner:Sistema:2024-06-01:2024-06-30
2024-06-16,AporEner,643075500,kWh,xm:servapibi,2026-09-22T19:24:04Z,xm/2024/06/AporEner_Sistema.2024-06-01.ndjson#AporEner:Sistema:2024-06-01:2024-06-30
2024-06-16,AporEnerMediHist,281350000,kWh,xm:servapibi,2026-09-22T19:24:05Z,xm/2024/06/AporEnerMediHist_Sistema.2024-06-01.ndjson#AporEnerMediHist:Sistema:2024-06-01:2024-06-30
2024-06-16,CapaUtilDiarEner,17359561885,kWh,xm:servapibi,2026-09-22T19:24:02Z,xm/2024/06/CapaUtilDiarEner_Sistema.2024-06-01.ndjson#CapaUtilDiarEner:Sistema:2024-06-01:2024-06-30
2024-06-16,DemaSIN,191064210.3,kWh,xm:servapibi,2026-09-22T19:24:07Z,xm/2024/06/DemaSIN_Sistema.2024-06-01.ndjson#DemaSIN:Sistema:2024-06-01:2024-06-30
2024-06-16,PorcApor,2.28568,fraction,xm:servapibi,2026-09-22T19:24:06Z,xm/2024/06/PorcApor_Sistema.2024-06-01.ndjson#PorcApor:Sistema:2024-06-01:2024-06-30
2024-06-16,PorcVoluUtilDiar,0.52802,fraction,xm:servapibi,2026-09-22T19:24:00Z,xm/2024/06/PorcVoluUtilDiar_Sistema.2024-06-01.ndjson#PorcVoluUtilDiar:Sistema:2024-06-01:2024-06-30
2024-06-16,PrecBolsNaci,274.57861666666673,COP/kWh,xm:servapibi,2026-09-22T19:24:10Z,xm/2024/06/PrecBolsNaci_Sistema.2024-06-01.ndjson#PrecBolsNaci:Sistema:2024-06-01:2024-06-30
2024-06-16,PrecEscaAct,975.89794,COP/kWh,xm:servapibi,2026-09-22T19:24:09Z,xm/2024/06/PrecEscaAct_Sistema.2024-06-01.ndjson#PrecEscaAct:Sistema:2024-06-01:2024-06-30
2024-06-16,VoluUtilDiarEner,9166258400,kWh,xm:servapibi,2026-09-22T19:24:01Z,xm/2024/06/VoluUtilDiarEner_Sistema.2024-06-01.ndjson#VoluUtilDiarEner:Sistema:2024-06-01:2024-06-30
2024-06-17,AporEner,364669800,kWh,xm:servapibi,2026-09-22T19:24:04Z,xm/2024/06/AporEner_Sistema.2024-06-01.ndjson#AporEner:Sistema:2024-06-01:2024-06-30
2024-06-17,AporEnerMediHist,281350000,kWh,xm:servapibi,2026-09-22T19:24:05Z,xm/2024/06/AporEnerMediHist_Sistema.2024-06-01.ndjson#AporEnerMediHist:Sistema:2024-06-01:2024-06-30
2024-06-17,CapaUtilDiarEner,17359561885,kWh,xm:servapibi,2026-09-22T19:24:02Z,xm/2024/06/CapaUtilDiarEner_Sistema.2024-06-01.ndjson#CapaUtilDiarEner:Sistema:2024-06-01:2024-06-30
2024-06-17,DemaSIN,223534395.17,kWh,xm:servapibi,2026-09-22T19:24:07Z,xm/2024/06/DemaSIN_Sistema.2024-06-01.ndjson#DemaSIN:Sistema:2024-06-01:2024-06-30
2024-06-17,PorcApor,1.29614,fraction,xm:servapibi,2026-09-22T19:24:06Z,xm/2024/06/PorcApor_Sistema.2024-06-01.ndjson#PorcApor:Sistema:2024-06-01:2024-06-30
2024-06-17,PorcVoluUtilDiar,0.53289,fraction,xm:servapibi,2026-09-22T19:24:00Z,xm/2024/06/PorcVoluUtilDiar_Sistema.2024-06-01.ndjson#PorcVoluUtilDiar:Sistema:2024-06-01:2024-06-30
2024-06-17,PrecBolsNaci,252.1342216666666,COP/kWh,xm:servapibi,2026-09-22T19:24:10Z,xm/2024/06/PrecBolsNaci_Sistema.2024-06-01.ndjson#PrecBolsNaci:Sistema:2024-06-01:2024-06-30
2024-06-17,PrecEscaAct,975.89794,COP/kWh,xm:servapibi,2026-09-22T19:24:09Z,xm/2024/06/PrecEscaAct_Sistema.2024-06-01.ndjson#PrecEscaAct:Sistema:2024-06-01:2024-06-30
2024-06-17,VoluUtilDiarEner,9250677900,kWh,xm:servapibi,2026-09-22T19:24:01Z,xm/2024/06/VoluUtilDiarEner_Sistema.2024-06-01.ndjson#VoluUtilDiarEner:Sistema:2024-06-01:2024-06-30
2024-06-18,AporEner,324115400,kWh,xm:servapibi,2026-09-22T19:24:04Z,xm/2024/06/AporEner_Sistema.2024-06-01.ndjson#AporEner:Sistema:2024-06-01:2024-06-30
2024-06-18,AporEnerMediHist,281350000,kWh,xm:servapibi,2026-09-22T19:24:05Z,xm/2024/06/AporEnerMediHist_Sistema.2024-06-01.ndjson#AporEnerMediHist:Sistema:2024-06-01:2024-06-30
2024-06-18,CapaUtilDiarEner,17359561885,kWh,xm:servapibi,2026-09-22T19:24:02Z,xm/2024/06/CapaUtilDiarEner_Sistema.2024-06-01.ndjson#CapaUtilDiarEner:Sistema:2024-06-01:2024-06-30
2024-06-18,DemaSIN,227811070.56,kWh,xm:servapibi,2026-09-22T19:24:07Z,xm/2024/06/DemaSIN_Sistema.2024-06-01.ndjson#DemaSIN:Sistema:2024-06-01:2024-06-30
2024-06-18,PorcApor,1.152,fraction,xm:servapibi,2026-09-22T19:24:06Z,xm/2024/06/PorcApor_Sistema.2024-06-01.ndjson#PorcApor:Sistema:2024-06-01:2024-06-30
2024-06-18,PorcVoluUtilDiar,0.53485,fraction,xm:servapibi,2026-09-22T19:24:00Z,xm/2024/06/PorcVoluUtilDiar_Sistema.2024-06-01.ndjson#PorcVoluUtilDiar:Sistema:2024-06-01:2024-06-30
2024-06-18,PrecBolsNaci,241.0490033333333,COP/kWh,xm:servapibi,2026-09-22T19:24:10Z,xm/2024/06/PrecBolsNaci_Sistema.2024-06-01.ndjson#PrecBolsNaci:Sistema:2024-06-01:2024-06-30
2024-06-18,PrecEscaAct,975.89794,COP/kWh,xm:servapibi,2026-09-22T19:24:09Z,xm/2024/06/PrecEscaAct_Sistema.2024-06-01.ndjson#PrecEscaAct:Sistema:2024-06-01:2024-06-30
2024-06-18,VoluUtilDiarEner,9284808300,kWh,xm:servapibi,2026-09-22T19:24:01Z,xm/2024/06/VoluUtilDiarEner_Sistema.2024-06-01.ndjson#VoluUtilDiarEner:Sistema:2024-06-01:2024-06-30
2024-06-19,AporEner,341293900,kWh,xm:servapibi,2026-09-22T19:24:04Z,xm/2024/06/AporEner_Sistema.2024-06-01.ndjson#AporEner:Sistema:2024-06-01:2024-06-30
2024-06-19,AporEnerMediHist,281350000,kWh,xm:servapibi,2026-09-22T19:24:05Z,xm/2024/06/AporEnerMediHist_Sistema.2024-06-01.ndjson#AporEnerMediHist:Sistema:2024-06-01:2024-06-30
2024-06-19,CapaUtilDiarEner,17359561885,kWh,xm:servapibi,2026-09-22T19:24:02Z,xm/2024/06/CapaUtilDiarEner_Sistema.2024-06-01.ndjson#CapaUtilDiarEner:Sistema:2024-06-01:2024-06-30
2024-06-19,DemaSIN,223723502.03,kWh,xm:servapibi,2026-09-22T19:24:07Z,xm/2024/06/DemaSIN_Sistema.2024-06-01.ndjson#DemaSIN:Sistema:2024-06-01:2024-06-30
2024-06-19,PorcApor,1.21306,fraction,xm:servapibi,2026-09-22T19:24:06Z,xm/2024/06/PorcApor_Sistema.2024-06-01.ndjson#PorcApor:Sistema:2024-06-01:2024-06-30
2024-06-19,PorcVoluUtilDiar,0.53823,fraction,xm:servapibi,2026-09-22T19:24:00Z,xm/2024/06/PorcVoluUtilDiar_Sistema.2024-06-01.ndjson#PorcVoluUtilDiar:Sistema:2024-06-01:2024-06-30
2024-06-19,PrecBolsNaci,311.3143800000001,COP/kWh,xm:servapibi,2026-09-22T19:24:10Z,xm/2024/06/PrecBolsNaci_Sistema.2024-06-01.ndjson#PrecBolsNaci:Sistema:2024-06-01:2024-06-30
2024-06-19,PrecEscaAct,975.89794,COP/kWh,xm:servapibi,2026-09-22T19:24:09Z,xm/2024/06/PrecEscaAct_Sistema.2024-06-01.ndjson#PrecEscaAct:Sistema:2024-06-01:2024-06-30
2024-06-19,VoluUtilDiarEner,9343485900,kWh,xm:servapibi,2026-09-22T19:24:01Z,xm/2024/06/VoluUtilDiarEner_Sistema.2024-06-01.ndjson#VoluUtilDiarEner:Sistema:2024-06-01:2024-06-30
2024-06-20,AporEner,364440800,kWh,xm:servapibi,2026-09-22T19:24:04Z,xm/2024/06/AporEner_Sistema.2024-06-01.ndjson#AporEner:Sistema:2024-06-01:2024-06-30
2024-06-20,AporEnerMediHist,281350000,kWh,xm:servapibi,2026-09-22T19:24:05Z,xm/2024/06/AporEnerMediHist_Sistema.2024-06-01.ndjson#AporEnerMediHist:Sistema:2024-06-01:2024-06-30
2024-06-20,CapaUtilDiarEner,17359561885,kWh,xm:servapibi,2026-09-22T19:24:02Z,xm/2024/06/CapaUtilDiarEner_Sistema.2024-06-01.ndjson#CapaUtilDiarEner:Sistema:2024-06-01:2024-06-30
2024-06-20,DemaSIN,223471937.35,kWh,xm:servapibi,2026-09-22T19:24:07Z,xm/2024/06/DemaSIN_Sistema.2024-06-01.ndjson#DemaSIN:Sistema:2024-06-01:2024-06-30
2024-06-20,PorcApor,1.29533,fraction,xm:servapibi,2026-09-22T19:24:06Z,xm/2024/06/PorcApor_Sistema.2024-06-01.ndjson#PorcApor:Sistema:2024-06-01:2024-06-30
2024-06-20,PorcVoluUtilDiar,0.54293,fraction,xm:servapibi,2026-09-22T19:24:00Z,xm/2024/06/PorcVoluUtilDiar_Sistema.2024-06-01.ndjson#PorcVoluUtilDiar:Sistema:2024-06-01:2024-06-30
2024-06-20,PrecBolsNaci,315.78525666666667,COP/kWh,xm:servapibi,2026-09-22T19:24:10Z,xm/2024/06/PrecBolsNaci_Sistema.2024-06-01.ndjson#PrecBolsNaci:Sistema:2024-06-01:2024-06-30
2024-06-20,PrecEscaAct,975.89794,COP/kWh,xm:servapibi,2026-09-22T19:24:09Z,xm/2024/06/PrecEscaAct_Sistema.2024-06-01.ndjson#PrecEscaAct:Sistema:2024-06-01:2024-06-30
2024-06-20,VoluUtilDiarEner,9425075100,kWh,xm:servapibi,2026-09-22T19:24:01Z,xm/2024/06/VoluUtilDiarEner_Sistema.2024-06-01.ndjson#VoluUtilDiarEner:Sistema:2024-06-01:2024-06-30
2024-06-21,AporEner,307817100,kWh,xm:servapibi,2026-09-22T19:24:04Z,xm/2024/06/AporEner_Sistema.2024-06-01.ndjson#AporEner:Sistema:2024-06-01:2024-06-30
2024-06-21,AporEnerMediHist,281350000,kWh,xm:servapibi,2026-09-22T19:24:05Z,xm/2024/06/AporEnerMediHist_Sistema.2024-06-01.ndjson#AporEnerMediHist:Sistema:2024-06-01:2024-06-30
2024-06-21,CapaUtilDiarEner,17359561885,kWh,xm:servapibi,2026-09-22T19:24:02Z,xm/2024/06/CapaUtilDiarEner_Sistema.2024-06-01.ndjson#CapaUtilDiarEner:Sistema:2024-06-01:2024-06-30
2024-06-21,DemaSIN,226899542.65,kWh,xm:servapibi,2026-09-22T19:24:07Z,xm/2024/06/DemaSIN_Sistema.2024-06-01.ndjson#DemaSIN:Sistema:2024-06-01:2024-06-30
2024-06-21,PorcApor,1.09407,fraction,xm:servapibi,2026-09-22T19:24:06Z,xm/2024/06/PorcApor_Sistema.2024-06-01.ndjson#PorcApor:Sistema:2024-06-01:2024-06-30
2024-06-21,PorcVoluUtilDiar,0.54597,fraction,xm:servapibi,2026-09-22T19:24:00Z,xm/2024/06/PorcVoluUtilDiar_Sistema.2024-06-01.ndjson#PorcVoluUtilDiar:Sistema:2024-06-01:2024-06-30
2024-06-21,PrecBolsNaci,218.58662999999999,COP/kWh,xm:servapibi,2026-09-22T19:24:10Z,xm/2024/06/PrecBolsNaci_Sistema.2024-06-01.ndjson#PrecBolsNaci:Sistema:2024-06-01:2024-06-30
2024-06-21,PrecEscaAct,975.89794,COP/kWh,xm:servapibi,2026-09-22T19:24:09Z,xm/2024/06/PrecEscaAct_Sistema.2024-06-01.ndjson#PrecEscaAct:Sistema:2024-06-01:2024-06-30
2024-06-21,VoluUtilDiarEner,9477795500,kWh,xm:servapibi,2026-09-22T19:24:01Z,xm/2024/06/VoluUtilDiarEner_Sistema.2024-06-01.ndjson#VoluUtilDiarEner:Sistema:2024-06-01:2024-06-30
2024-06-22,AporEner,263817900,kWh,xm:servapibi,2026-09-22T19:24:04Z,xm/2024/06/AporEner_Sistema.2024-06-01.ndjson#AporEner:Sistema:2024-06-01:2024-06-30
2024-06-22,AporEnerMediHist,281350000,kWh,xm:servapibi,2026-09-22T19:24:05Z,xm/2024/06/AporEnerMediHist_Sistema.2024-06-01.ndjson#AporEnerMediHist:Sistema:2024-06-01:2024-06-30
2024-06-22,CapaUtilDiarEner,17359561885,kWh,xm:servapibi,2026-09-22T19:24:02Z,xm/2024/06/CapaUtilDiarEner_Sistema.2024-06-01.ndjson#CapaUtilDiarEner:Sistema:2024-06-01:2024-06-30
2024-06-22,DemaSIN,217128654.81,kWh,xm:servapibi,2026-09-22T19:24:07Z,xm/2024/06/DemaSIN_Sistema.2024-06-01.ndjson#DemaSIN:Sistema:2024-06-01:2024-06-30
2024-06-22,PorcApor,0.93769,fraction,xm:servapibi,2026-09-22T19:24:06Z,xm/2024/06/PorcApor_Sistema.2024-06-01.ndjson#PorcApor:Sistema:2024-06-01:2024-06-30
2024-06-22,PorcVoluUtilDiar,0.54988,fraction,xm:servapibi,2026-09-22T19:24:00Z,xm/2024/06/PorcVoluUtilDiar_Sistema.2024-06-01.ndjson#PorcVoluUtilDiar:Sistema:2024-06-01:2024-06-30
2024-06-22,PrecBolsNaci,260.6463499999999,COP/kWh,xm:servapibi,2026-09-22T19:24:10Z,xm/2024/06/PrecBolsNaci_Sistema.2024-06-01.ndjson#PrecBolsNaci:Sistema:2024-06-01:2024-06-30
2024-06-22,PrecEscaAct,975.89794,COP/kWh,xm:servapibi,2026-09-22T19:24:09Z,xm/2024/06/PrecEscaAct_Sistema.2024-06-01.ndjson#PrecEscaAct:Sistema:2024-06-01:2024-06-30
2024-06-22,VoluUtilDiarEner,9545616100,kWh,xm:servapibi,2026-09-22T19:24:01Z,xm/2024/06/VoluUtilDiarEner_Sistema.2024-06-01.ndjson#VoluUtilDiarEner:Sistema:2024-06-01:2024-06-30
2024-06-23,AporEner,388407300,kWh,xm:servapibi,2026-09-22T19:24:04Z,xm/2024/06/AporEner_Sistema.2024-06-01.ndjson#AporEner:Sistema:2024-06-01:2024-06-30
2024-06-23,AporEnerMediHist,281350000,kWh,xm:servapibi,2026-09-22T19:24:05Z,xm/2024/06/AporEnerMediHist_Sistema.2024-06-01.ndjson#AporEnerMediHist:Sistema:2024-06-01:2024-06-30
2024-06-23,CapaUtilDiarEner,17359561885,kWh,xm:servapibi,2026-09-22T19:24:02Z,xm/2024/06/CapaUtilDiarEner_Sistema.2024-06-01.ndjson#CapaUtilDiarEner:Sistema:2024-06-01:2024-06-30
2024-06-23,DemaSIN,198043958.84,kWh,xm:servapibi,2026-09-22T19:24:07Z,xm/2024/06/DemaSIN_Sistema.2024-06-01.ndjson#DemaSIN:Sistema:2024-06-01:2024-06-30
2024-06-23,PorcApor,1.38051,fraction,xm:servapibi,2026-09-22T19:24:06Z,xm/2024/06/PorcApor_Sistema.2024-06-01.ndjson#PorcApor:Sistema:2024-06-01:2024-06-30
2024-06-23,PorcVoluUtilDiar,0.55522,fraction,xm:servapibi,2026-09-22T19:24:00Z,xm/2024/06/PorcVoluUtilDiar_Sistema.2024-06-01.ndjson#PorcVoluUtilDiar:Sistema:2024-06-01:2024-06-30
2024-06-23,PrecBolsNaci,191.21135833333324,COP/kWh,xm:servapibi,2026-09-22T19:24:10Z,xm/2024/06/PrecBolsNaci_Sistema.2024-06-01.ndjson#PrecBolsNaci:Sistema:2024-06-01:2024-06-30
2024-06-23,PrecEscaAct,975.89794,COP/kWh,xm:servapibi,2026-09-22T19:24:09Z,xm/2024/06/PrecEscaAct_Sistema.2024-06-01.ndjson#PrecEscaAct:Sistema:2024-06-01:2024-06-30
2024-06-23,VoluUtilDiarEner,9638452900,kWh,xm:servapibi,2026-09-22T19:24:01Z,xm/2024/06/VoluUtilDiarEner_Sistema.2024-06-01.ndjson#VoluUtilDiarEner:Sistema:2024-06-01:2024-06-30
2024-06-24,AporEner,300537800,kWh,xm:servapibi,2026-09-22T19:24:04Z,xm/2024/06/AporEner_Sistema.2024-06-01.ndjson#AporEner:Sistema:2024-06-01:2024-06-30
2024-06-24,AporEnerMediHist,281350000,kWh,xm:servapibi,2026-09-22T19:24:05Z,xm/2024/06/AporEnerMediHist_Sistema.2024-06-01.ndjson#AporEnerMediHist:Sistema:2024-06-01:2024-06-30
2024-06-24,CapaUtilDiarEner,17359561885,kWh,xm:servapibi,2026-09-22T19:24:02Z,xm/2024/06/CapaUtilDiarEner_Sistema.2024-06-01.ndjson#CapaUtilDiarEner:Sistema:2024-06-01:2024-06-30
2024-06-24,DemaSIN,224614569.91,kWh,xm:servapibi,2026-09-22T19:24:07Z,xm/2024/06/DemaSIN_Sistema.2024-06-01.ndjson#DemaSIN:Sistema:2024-06-01:2024-06-30
2024-06-24,PorcApor,1.0682,fraction,xm:servapibi,2026-09-22T19:24:06Z,xm/2024/06/PorcApor_Sistema.2024-06-01.ndjson#PorcApor:Sistema:2024-06-01:2024-06-30
2024-06-24,PorcVoluUtilDiar,0.55592,fraction,xm:servapibi,2026-09-22T19:24:00Z,xm/2024/06/PorcVoluUtilDiar_Sistema.2024-06-01.ndjson#PorcVoluUtilDiar:Sistema:2024-06-01:2024-06-30
2024-06-24,PrecBolsNaci,234.10327833333326,COP/kWh,xm:servapibi,2026-09-22T19:24:10Z,xm/2024/06/PrecBolsNaci_Sistema.2024-06-01.ndjson#PrecBolsNaci:Sistema:2024-06-01:2024-06-30
2024-06-24,PrecEscaAct,975.89794,COP/kWh,xm:servapibi,2026-09-22T19:24:09Z,xm/2024/06/PrecEscaAct_Sistema.2024-06-01.ndjson#PrecEscaAct:Sistema:2024-06-01:2024-06-30
2024-06-24,VoluUtilDiarEner,9650600500,kWh,xm:servapibi,2026-09-22T19:24:01Z,xm/2024/06/VoluUtilDiarEner_Sistema.2024-06-01.ndjson#VoluUtilDiarEner:Sistema:2024-06-01:2024-06-30
2024-06-25,AporEner,333312500,kWh,xm:servapibi,2026-09-22T19:24:04Z,xm/2024/06/AporEner_Sistema.2024-06-01.ndjson#AporEner:Sistema:2024-06-01:2024-06-30
2024-06-25,AporEnerMediHist,281350000,kWh,xm:servapibi,2026-09-22T19:24:05Z,xm/2024/06/AporEnerMediHist_Sistema.2024-06-01.ndjson#AporEnerMediHist:Sistema:2024-06-01:2024-06-30
2024-06-25,CapaUtilDiarEner,17359561885,kWh,xm:servapibi,2026-09-22T19:24:02Z,xm/2024/06/CapaUtilDiarEner_Sistema.2024-06-01.ndjson#CapaUtilDiarEner:Sistema:2024-06-01:2024-06-30
2024-06-25,DemaSIN,226950007.86,kWh,xm:servapibi,2026-09-22T19:24:07Z,xm/2024/06/DemaSIN_Sistema.2024-06-01.ndjson#DemaSIN:Sistema:2024-06-01:2024-06-30
2024-06-25,PorcApor,1.18469,fraction,xm:servapibi,2026-09-22T19:24:06Z,xm/2024/06/PorcApor_Sistema.2024-06-01.ndjson#PorcApor:Sistema:2024-06-01:2024-06-30
2024-06-25,PorcVoluUtilDiar,0.55951,fraction,xm:servapibi,2026-09-22T19:24:00Z,xm/2024/06/PorcVoluUtilDiar_Sistema.2024-06-01.ndjson#PorcVoluUtilDiar:Sistema:2024-06-01:2024-06-30
2024-06-25,PrecBolsNaci,266.68189666666666,COP/kWh,xm:servapibi,2026-09-22T19:24:10Z,xm/2024/06/PrecBolsNaci_Sistema.2024-06-01.ndjson#PrecBolsNaci:Sistema:2024-06-01:2024-06-30
2024-06-25,PrecEscaAct,975.89794,COP/kWh,xm:servapibi,2026-09-22T19:24:09Z,xm/2024/06/PrecEscaAct_Sistema.2024-06-01.ndjson#PrecEscaAct:Sistema:2024-06-01:2024-06-30
2024-06-25,VoluUtilDiarEner,9712793000,kWh,xm:servapibi,2026-09-22T19:24:01Z,xm/2024/06/VoluUtilDiarEner_Sistema.2024-06-01.ndjson#VoluUtilDiarEner:Sistema:2024-06-01:2024-06-30
2024-06-26,AporEner,470935600,kWh,xm:servapibi,2026-09-22T19:24:04Z,xm/2024/06/AporEner_Sistema.2024-06-01.ndjson#AporEner:Sistema:2024-06-01:2024-06-30
2024-06-26,AporEnerMediHist,281350000,kWh,xm:servapibi,2026-09-22T19:24:05Z,xm/2024/06/AporEnerMediHist_Sistema.2024-06-01.ndjson#AporEnerMediHist:Sistema:2024-06-01:2024-06-30
2024-06-26,CapaUtilDiarEner,17359561885,kWh,xm:servapibi,2026-09-22T19:24:02Z,xm/2024/06/CapaUtilDiarEner_Sistema.2024-06-01.ndjson#CapaUtilDiarEner:Sistema:2024-06-01:2024-06-30
2024-06-26,DemaSIN,225061911.68,kWh,xm:servapibi,2026-09-22T19:24:07Z,xm/2024/06/DemaSIN_Sistema.2024-06-01.ndjson#DemaSIN:Sistema:2024-06-01:2024-06-30
2024-06-26,PorcApor,1.67384,fraction,xm:servapibi,2026-09-22T19:24:06Z,xm/2024/06/PorcApor_Sistema.2024-06-01.ndjson#PorcApor:Sistema:2024-06-01:2024-06-30
2024-06-26,PorcVoluUtilDiar,0.56811,fraction,xm:servapibi,2026-09-22T19:24:00Z,xm/2024/06/PorcVoluUtilDiar_Sistema.2024-06-01.ndjson#PorcVoluUtilDiar:Sistema:2024-06-01:2024-06-30
2024-06-26,PrecBolsNaci,264.1768949999999,COP/kWh,xm:servapibi,2026-09-22T19:24:10Z,xm/2024/06/PrecBolsNaci_Sistema.2024-06-01.ndjson#PrecBolsNaci:Sistema:2024-06-01:2024-06-30
2024-06-26,PrecEscaAct,975.89794,COP/kWh,xm:servapibi,2026-09-22T19:24:09Z,xm/2024/06/PrecEscaAct_Sistema.2024-06-01.ndjson#PrecEscaAct:Sistema:2024-06-01:2024-06-30
2024-06-26,VoluUtilDiarEner,9862195900,kWh,xm:servapibi,2026-09-22T19:24:01Z,xm/2024/06/VoluUtilDiarEner_Sistema.2024-06-01.ndjson#VoluUtilDiarEner:Sistema:2024-06-01:2024-06-30
2024-06-27,AporEner,375134300,kWh,xm:servapibi,2026-09-22T19:24:04Z,xm/2024/06/AporEner_Sistema.2024-06-01.ndjson#AporEner:Sistema:2024-06-01:2024-06-30
2024-06-27,AporEnerMediHist,281350000,kWh,xm:servapibi,2026-09-22T19:24:05Z,xm/2024/06/AporEnerMediHist_Sistema.2024-06-01.ndjson#AporEnerMediHist:Sistema:2024-06-01:2024-06-30
2024-06-27,CapaUtilDiarEner,17359561885,kWh,xm:servapibi,2026-09-22T19:24:02Z,xm/2024/06/CapaUtilDiarEner_Sistema.2024-06-01.ndjson#CapaUtilDiarEner:Sistema:2024-06-01:2024-06-30
2024-06-27,DemaSIN,223672339.09,kWh,xm:servapibi,2026-09-22T19:24:07Z,xm/2024/06/DemaSIN_Sistema.2024-06-01.ndjson#DemaSIN:Sistema:2024-06-01:2024-06-30
2024-06-27,PorcApor,1.33334,fraction,xm:servapibi,2026-09-22T19:24:06Z,xm/2024/06/PorcApor_Sistema.2024-06-01.ndjson#PorcApor:Sistema:2024-06-01:2024-06-30
2024-06-27,PorcVoluUtilDiar,0.57418,fraction,xm:servapibi,2026-09-22T19:24:00Z,xm/2024/06/PorcVoluUtilDiar_Sistema.2024-06-01.ndjson#PorcVoluUtilDiar:Sistema:2024-06-01:2024-06-30
2024-06-27,PrecBolsNaci,279.1855583333333,COP/kWh,xm:servapibi,2026-09-22T19:24:10Z,xm/2024/06/PrecBolsNaci_Sistema.2024-06-01.ndjson#PrecBolsNaci:Sistema:2024-06-01:2024-06-30
2024-06-27,PrecEscaAct,975.89794,COP/kWh,xm:servapibi,2026-09-22T19:24:09Z,xm/2024/06/PrecEscaAct_Sistema.2024-06-01.ndjson#PrecEscaAct:Sistema:2024-06-01:2024-06-30
2024-06-27,VoluUtilDiarEner,9967522200,kWh,xm:servapibi,2026-09-22T19:24:01Z,xm/2024/06/VoluUtilDiarEner_Sistema.2024-06-01.ndjson#VoluUtilDiarEner:Sistema:2024-06-01:2024-06-30
2024-06-28,AporEner,383455100,kWh,xm:servapibi,2026-09-22T19:24:04Z,xm/2024/06/AporEner_Sistema.2024-06-01.ndjson#AporEner:Sistema:2024-06-01:2024-06-30
2024-06-28,AporEnerMediHist,281350000,kWh,xm:servapibi,2026-09-22T19:24:05Z,xm/2024/06/AporEnerMediHist_Sistema.2024-06-01.ndjson#AporEnerMediHist:Sistema:2024-06-01:2024-06-30
2024-06-28,CapaUtilDiarEner,17359561885,kWh,xm:servapibi,2026-09-22T19:24:02Z,xm/2024/06/CapaUtilDiarEner_Sistema.2024-06-01.ndjson#CapaUtilDiarEner:Sistema:2024-06-01:2024-06-30
2024-06-28,DemaSIN,224473104.65,kWh,xm:servapibi,2026-09-22T19:24:07Z,xm/2024/06/DemaSIN_Sistema.2024-06-01.ndjson#DemaSIN:Sistema:2024-06-01:2024-06-30
2024-06-28,PorcApor,1.36291,fraction,xm:servapibi,2026-09-22T19:24:06Z,xm/2024/06/PorcApor_Sistema.2024-06-01.ndjson#PorcApor:Sistema:2024-06-01:2024-06-30
2024-06-28,PorcVoluUtilDiar,0.5774,fraction,xm:servapibi,2026-09-22T19:24:00Z,xm/2024/06/PorcVoluUtilDiar_Sistema.2024-06-01.ndjson#PorcVoluUtilDiar:Sistema:2024-06-01:2024-06-30
2024-06-28,PrecBolsNaci,214.82573666666664,COP/kWh,xm:servapibi,2026-09-22T19:24:10Z,xm/2024/06/PrecBolsNaci_Sistema.2024-06-01.ndjson#PrecBolsNaci:Sistema:2024-06-01:2024-06-30
2024-06-28,PrecEscaAct,975.89794,COP/kWh,xm:servapibi,2026-09-22T19:24:09Z,xm/2024/06/PrecEscaAct_Sistema.2024-06-01.ndjson#PrecEscaAct:Sistema:2024-06-01:2024-06-30
2024-06-28,VoluUtilDiarEner,10023442700,kWh,xm:servapibi,2026-09-22T19:24:01Z,xm/2024/06/VoluUtilDiarEner_Sistema.2024-06-01.ndjson#VoluUtilDiarEner:Sistema:2024-06-01:2024-06-30
2024-06-29,AporEner,333306500,kWh,xm:servapibi,2026-09-22T19:24:04Z,xm/2024/06/AporEner_Sistema.2024-06-01.ndjson#AporEner:Sistema:2024-06-01:2024-06-30
2024-06-29,AporEnerMediHist,281350000,kWh,xm:servapibi,2026-09-22T19:24:05Z,xm/2024/06/AporEnerMediHist_Sistema.2024-06-01.ndjson#AporEnerMediHist:Sistema:2024-06-01:2024-06-30
2024-06-29,CapaUtilDiarEner,17359561885,kWh,xm:servapibi,2026-09-22T19:24:02Z,xm/2024/06/CapaUtilDiarEner_Sistema.2024-06-01.ndjson#CapaUtilDiarEner:Sistema:2024-06-01:2024-06-30
2024-06-29,DemaSIN,214908315.63,kWh,xm:servapibi,2026-09-22T19:24:07Z,xm/2024/06/DemaSIN_Sistema.2024-06-01.ndjson#DemaSIN:Sistema:2024-06-01:2024-06-30
2024-06-29,PorcApor,1.18467,fraction,xm:servapibi,2026-09-22T19:24:06Z,xm/2024/06/PorcApor_Sistema.2024-06-01.ndjson#PorcApor:Sistema:2024-06-01:2024-06-30
2024-06-29,PorcVoluUtilDiar,0.57827,fraction,xm:servapibi,2026-09-22T19:24:00Z,xm/2024/06/PorcVoluUtilDiar_Sistema.2024-06-01.ndjson#PorcVoluUtilDiar:Sistema:2024-06-01:2024-06-30
2024-06-29,PrecBolsNaci,198.62953333333337,COP/kWh,xm:servapibi,2026-09-22T19:24:10Z,xm/2024/06/PrecBolsNaci_Sistema.2024-06-01.ndjson#PrecBolsNaci:Sistema:2024-06-01:2024-06-30
2024-06-29,PrecEscaAct,975.89794,COP/kWh,xm:servapibi,2026-09-22T19:24:09Z,xm/2024/06/PrecEscaAct_Sistema.2024-06-01.ndjson#PrecEscaAct:Sistema:2024-06-01:2024-06-30
2024-06-29,VoluUtilDiarEner,10038492900,kWh,xm:servapibi,2026-09-22T19:24:01Z,xm/2024/06/VoluUtilDiarEner_Sistema.2024-06-01.ndjson#VoluUtilDiarEner:Sistema:2024-06-01:2024-06-30
2024-06-30,AporEner,282145300,kWh,xm:servapibi,2026-09-22T19:24:04Z,xm/2024/06/AporEner_Sistema.2024-06-01.ndjson#AporEner:Sistema:2024-06-01:2024-06-30
2024-06-30,AporEnerMediHist,281350000,kWh,xm:servapibi,2026-09-22T19:24:05Z,xm/2024/06/AporEnerMediHist_Sistema.2024-06-01.ndjson#AporEnerMediHist:Sistema:2024-06-01:2024-06-30
2024-06-30,CapaUtilDiarEner,17359561885,kWh,xm:servapibi,2026-09-22T19:24:02Z,xm/2024/06/CapaUtilDiarEner_Sistema.2024-06-01.ndjson#CapaUtilDiarEner:Sistema:2024-06-01:2024-06-30
2024-06-30,DemaSIN,198659310.37,kWh,xm:servapibi,2026-09-22T19:24:07Z,xm/2024/06/DemaSIN_Sistema.2024-06-01.ndjson#DemaSIN:Sistema:2024-06-01:2024-06-30
2024-06-30,PorcApor,1.00283,fraction,xm:servapibi,2026-09-22T19:24:06Z,xm/2024/06/PorcApor_Sistema.2024-06-01.ndjson#PorcApor:Sistema:2024-06-01:2024-06-30
2024-06-30,PorcVoluUtilDiar,0.57943,fraction,xm:servapibi,2026-09-22T19:24:00Z,xm/2024/06/PorcVoluUtilDiar_Sistema.2024-06-01.ndjson#PorcVoluUtilDiar:Sistema:2024-06-01:2024-06-30
2024-06-30,PrecBolsNaci,115.06454999999998,COP/kWh,xm:servapibi,2026-09-22T19:24:10Z,xm/2024/06/PrecBolsNaci_Sistema.2024-06-01.ndjson#PrecBolsNaci:Sistema:2024-06-01:2024-06-30
2024-06-30,PrecEscaAct,975.89794,COP/kWh,xm:servapibi,2026-09-22T19:24:09Z,xm/2024/06/PrecEscaAct_Sistema.2024-06-01.ndjson#PrecEscaAct:Sistema:2024-06-01:2024-06-30
2024-06-30,VoluUtilDiarEner,10058564500,kWh,xm:servapibi,2026-09-22T19:24:01Z,xm/2024/06/VoluUtilDiarEner_Sistema.2024-06-01.ndjson#VoluUtilDiarEner:Sistema:2024-06-01:2024-06-30
2024-07-01,AporEner,279099800,kWh,xm:servapibi,2026-09-22T19:24:19Z,xm/2024/07/AporEner_Sistema.2024-07-01.ndjson#AporEner:Sistema:2024-07-01:2024-07-31
2024-07-01,AporEnerMediHist,254520000,kWh,xm:servapibi,2026-09-22T19:24:20Z,xm/2024/07/AporEnerMediHist_Sistema.2024-07-01.ndjson#AporEnerMediHist:Sistema:2024-07-01:2024-07-31
2024-07-01,CapaUtilDiarEner,17359561885,kWh,xm:servapibi,2026-09-22T19:24:17Z,xm/2024/07/CapaUtilDiarEner_Sistema.2024-07-01.ndjson#CapaUtilDiarEner:Sistema:2024-07-01:2024-07-31
2024-07-01,DemaSIN,200774435.93,kWh,xm:servapibi,2026-09-22T19:24:23Z,xm/2024/07/DemaSIN_Sistema.2024-07-01.ndjson#DemaSIN:Sistema:2024-07-01:2024-07-31
2024-07-01,PorcApor,1.09657,fraction,xm:servapibi,2026-09-22T19:24:21Z,xm/2024/07/PorcApor_Sistema.2024-07-01.ndjson#PorcApor:Sistema:2024-07-01:2024-07-31
2024-07-01,PorcVoluUtilDiar,0.58004,fraction,xm:servapibi,2026-09-22T19:24:15Z,xm/2024/07/PorcVoluUtilDiar_Sistema.2024-07-01.ndjson#PorcVoluUtilDiar:Sistema:2024-07-01:2024-07-31
2024-07-01,PrecBolsNaci,128.15292666666667,COP/kWh,xm:servapibi,2026-09-22T19:24:25Z,xm/2024/07/PrecBolsNaci_Sistema.2024-07-01.ndjson#PrecBolsNaci:Sistema:2024-07-01:2024-07-31
2024-07-01,PrecEscaAct,951.25229,COP/kWh,xm:servapibi,2026-09-22T19:24:24Z,xm/2024/07/PrecEscaAct_Sistema.2024-07-01.ndjson#PrecEscaAct:Sistema:2024-07-01:2024-07-31
2024-07-01,VoluUtilDiarEner,10069206900,kWh,xm:servapibi,2026-09-22T19:24:16Z,xm/2024/07/VoluUtilDiarEner_Sistema.2024-07-01.ndjson#VoluUtilDiarEner:Sistema:2024-07-01:2024-07-31
2024-07-02,AporEner,291513900,kWh,xm:servapibi,2026-09-22T19:24:19Z,xm/2024/07/AporEner_Sistema.2024-07-01.ndjson#AporEner:Sistema:2024-07-01:2024-07-31
2024-07-02,AporEnerMediHist,254520000,kWh,xm:servapibi,2026-09-22T19:24:20Z,xm/2024/07/AporEnerMediHist_Sistema.2024-07-01.ndjson#AporEnerMediHist:Sistema:2024-07-01:2024-07-31
2024-07-02,CapaUtilDiarEner,17359561885,kWh,xm:servapibi,2026-09-22T19:24:17Z,xm/2024/07/CapaUtilDiarEner_Sistema.2024-07-01.ndjson#CapaUtilDiarEner:Sistema:2024-07-01:2024-07-31
2024-07-02,DemaSIN,224645989.66,kWh,xm:servapibi,2026-09-22T19:24:23Z,xm/2024/07/DemaSIN_Sistema.2024-07-01.ndjson#DemaSIN:Sistema:2024-07-01:2024-07-31
2024-07-02,PorcApor,1.14535,fraction,xm:servapibi,2026-09-22T19:24:21Z,xm/2024/07/PorcApor_Sistema.2024-07-01.ndjson#PorcApor:Sistema:2024-07-01:2024-07-31
2024-07-02,PorcVoluUtilDiar,0.58176,fraction,xm:servapibi,2026-09-22T19:24:15Z,xm/2024/07/PorcVoluUtilDiar_Sistema.2024-07-01.ndjson#PorcVoluUtilDiar:Sistema:2024-07-01:2024-07-31
2024-07-02,PrecBolsNaci,165.52437333333327,COP/kWh,xm:servapibi,2026-09-22T19:24:25Z,xm/2024/07/PrecBolsNaci_Sistema.2024-07-01.ndjson#PrecBolsNaci:Sistema:2024-07-01:2024-07-31
2024-07-02,PrecEscaAct,951.25229,COP/kWh,xm:servapibi,2026-09-22T19:24:24Z,xm/2024/07/PrecEscaAct_Sistema.2024-07-01.ndjson#PrecEscaAct:Sistema:2024-07-01:2024-07-31
2024-07-02,VoluUtilDiarEner,10099137200,kWh,xm:servapibi,2026-09-22T19:24:16Z,xm/2024/07/VoluUtilDiarEner_Sistema.2024-07-01.ndjson#VoluUtilDiarEner:Sistema:2024-07-01:2024-07-31
2024-07-03,AporEner,336579100,kWh,xm:servapibi,2026-09-22T19:24:19Z,xm/2024/07/AporEner_Sistema.2024-07-01.ndjson#AporEner:Sistema:2024-07-01:2024-07-31
2024-07-03,AporEnerMediHist,254520000,kWh,xm:servapibi,2026-09-22T19:24:20Z,xm/2024/07/AporEnerMediHist_Sistema.2024-07-01.ndjson#AporEnerMediHist:Sistema:2024-07-01:2024-07-31
2024-07-03,CapaUtilDiarEner,17359561885,kWh,xm:servapibi,2026-09-22T19:24:17Z,xm/2024/07/CapaUtilDiarEner_Sistema.2024-07-01.ndjson#CapaUtilDiarEner:Sistema:2024-07-01:2024-07-31
2024-07-03,DemaSIN,226540339.55,kWh,xm:servapibi,2026-09-22T19:24:23Z,xm/2024/07/DemaSIN_Sistema.2024-07-01.ndjson#DemaSIN:Sistema:2024-07-01:2024-07-31
2024-07-03,PorcApor,1.32241,fraction,xm:servapibi,2026-09-22T19:24:21Z,xm/2024/07/PorcApor_Sistema.2024-07-01.ndjson#PorcApor:Sistema:2024-07-01:2024-07-31
2024-07-03,PorcVoluUtilDiar,0.58524,fraction,xm:servapibi,2026-09-22T19:24:15Z,xm/2024/07/PorcVoluUtilDiar_Sistema.2024-07-01.ndjson#PorcVoluUtilDiar:Sistema:2024-07-01:2024-07-31
2024-07-03,PrecBolsNaci,187.34618333333333,COP/kWh,xm:servapibi,2026-09-22T19:24:25Z,xm/2024/07/PrecBolsNaci_Sistema.2024-07-01.ndjson#PrecBolsNaci:Sistema:2024-07-01:2024-07-31
2024-07-03,PrecEscaAct,951.25229,COP/kWh,xm:servapibi,2026-09-22T19:24:24Z,xm/2024/07/PrecEscaAct_Sistema.2024-07-01.ndjson#PrecEscaAct:Sistema:2024-07-01:2024-07-31
2024-07-03,VoluUtilDiarEner,10159436900,kWh,xm:servapibi,2026-09-22T19:24:16Z,xm/2024/07/VoluUtilDiarEner_Sistema.2024-07-01.ndjson#VoluUtilDiarEner:Sistema:2024-07-01:2024-07-31
2024-07-04,AporEner,340355900,kWh,xm:servapibi,2026-09-22T19:24:19Z,xm/2024/07/AporEner_Sistema.2024-07-01.ndjson#AporEner:Sistema:2024-07-01:2024-07-31
2024-07-04,AporEnerMediHist,254520000,kWh,xm:servapibi,2026-09-22T19:24:20Z,xm/2024/07/AporEnerMediHist_Sistema.2024-07-01.ndjson#AporEnerMediHist:Sistema:2024-07-01:2024-07-31
2024-07-04,CapaUtilDiarEner,17359561885,kWh,xm:servapibi,2026-09-22T19:24:17Z,xm/2024/07/CapaUtilDiarEner_Sistema.2024-07-01.ndjson#CapaUtilDiarEner:Sistema:2024-07-01:2024-07-31
2024-07-04,DemaSIN,227900342.43,kWh,xm:servapibi,2026-09-22T19:24:23Z,xm/2024/07/DemaSIN_Sistema.2024-07-01.ndjson#DemaSIN:Sistema:2024-07-01:2024-07-31
2024-07-04,PorcApor,1.33725,fraction,xm:servapibi,2026-09-22T19:24:21Z,xm/2024/07/PorcApor_Sistema.2024-07-01.ndjson#PorcApor:Sistema:2024-07-01:2024-07-31
2024-07-04,PorcVoluUtilDiar,0.58878,fraction,xm:servapibi,2026-09-22T19:24:15Z,xm/2024/07/PorcVoluUtilDiar_Sistema.2024-07-01.ndjson#PorcVoluUtilDiar:Sistema:2024-07-01:2024-07-31
2024-07-04,PrecBolsNaci,209.27912,COP/kWh,xm:servapibi,2026-09-22T19:24:25Z,xm/2024/07/PrecBolsNaci_Sistema.2024-07-01.ndjson#PrecBolsNaci:Sistema:2024-07-01:2024-07-31
2024-07-04,PrecEscaAct,951.25229,COP/kWh,xm:servapibi,2026-09-22T19:24:24Z,xm/2024/07/PrecEscaAct_Sistema.2024-07-01.ndjson#PrecEscaAct:Sistema:2024-07-01:2024-07-31
2024-07-04,VoluUtilDiarEner,10220999800,kWh,xm:servapibi,2026-09-22T19:24:16Z,xm/2024/07/VoluUtilDiarEner_Sistema.2024-07-01.ndjson#VoluUtilDiarEner:Sistema:2024-07-01:2024-07-31
2024-07-05,AporEner,455596300,kWh,xm:servapibi,2026-09-22T19:24:19Z,xm/2024/07/AporEner_Sistema.2024-07-01.ndjson#AporEner:Sistema:2024-07-01:2024-07-31
2024-07-05,AporEnerMediHist,254520000,kWh,xm:servapibi,2026-09-22T19:24:20Z,xm/2024/07/AporEnerMediHist_Sistema.2024-07-01.ndjson#AporEnerMediHist:Sistema:2024-07-01:2024-07-31
2024-07-05,CapaUtilDiarEner,17359561885,kWh,xm:servapibi,2026-09-22T19:24:17Z,xm/2024/07/CapaUtilDiarEner_Sistema.2024-07-01.ndjson#CapaUtilDiarEner:Sistema:2024-07-01:2024-07-31
2024-07-05,DemaSIN,220570374.86,kWh,xm:servapibi,2026-09-22T19:24:23Z,xm/2024/07/DemaSIN_Sistema.2024-07-01.ndjson#DemaSIN:Sistema:2024-07-01:2024-07-31
2024-07-05,PorcApor,1.79002,fraction,xm:servapibi,2026-09-22T19:24:21Z,xm/2024/07/PorcApor_Sistema.2024-07-01.ndjson#PorcApor:Sistema:2024-07-01:2024-07-31
2024-07-05,PorcVoluUtilDiar,0.59624,fraction,xm:servapibi,2026-09-22T19:24:15Z,xm/2024/07/PorcVoluUtilDiar_Sistema.2024-07-01.ndjson#PorcVoluUtilDiar:Sistema:2024-07-01:2024-07-31
2024-07-05,PrecBolsNaci,202.65020333333334,COP/kWh,xm:servapibi,2026-09-22T19:24:25Z,xm/2024/07/PrecBolsNaci_Sistema.2024-07-01.ndjson#PrecBolsNaci:Sistema:2024-07-01:2024-07-31
2024-07-05,PrecEscaAct,951.25229,COP/kWh,xm:servapibi,2026-09-22T19:24:24Z,xm/2024/07/PrecEscaAct_Sistema.2024-07-01.ndjson#PrecEscaAct:Sistema:2024-07-01:2024-07-31
2024-07-05,VoluUtilDiarEner,10350426300,kWh,xm:servapibi,2026-09-22T19:24:16Z,xm/2024/07/VoluUtilDiarEner_Sistema.2024-07-01.ndjson#VoluUtilDiarEner:Sistema:2024-07-01:2024-07-31
2024-07-06,AporEner,370375100,kWh,xm:servapibi,2026-09-22T19:24:19Z,xm/2024/07/AporEner_Sistema.2024-07-01.ndjson#AporEner:Sistema:2024-07-01:2024-07-31
2024-07-06,AporEnerMediHist,254520000,kWh,xm:servapibi,2026-09-22T19:24:20Z,xm/2024/07/AporEnerMediHist_Sistema.2024-07-01.ndjson#AporEnerMediHist:Sistema:2024-07-01:2024-07-31
2024-07-06,CapaUtilDiarEner,17359561885,kWh,xm:servapibi,2026-09-22T19:24:17Z,xm/2024/07/CapaUtilDiarEner_Sistema.2024-07-01.ndjson#CapaUtilDiarEner:Sistema:2024-07-01:2024-07-31
2024-07-06,DemaSIN,213773308.88,kWh,xm:servapibi,2026-09-22T19:24:23Z,xm/2024/07/DemaSIN_Sistema.2024-07-01.ndjson#DemaSIN:Sistema:2024-07-01:2024-07-31
2024-07-06,PorcApor,1.45519,fraction,xm:servapibi,2026-09-22T19:24:21Z,xm/2024/07/PorcApor_Sistema.2024-07-01.ndjson#PorcApor:Sistema:2024-07-01:2024-07-31
2024-07-06,PorcVoluUtilDiar,0.59927,fraction,xm:servapibi,2026-09-22T19:24:15Z,xm/2024/07/PorcVoluUtilDiar_Sistema.2024-07-01.ndjson#PorcVoluUtilDiar:Sistema:2024-07-01:2024-07-31
2024-07-06,PrecBolsNaci,156.77701499999998,COP/kWh,xm:servapibi,2026-09-22T19:24:25Z,xm/2024/07/PrecBolsNaci_Sistema.2024-07-01.ndjson#PrecBolsNaci:Sistema:2024-07-01:2024-07-31
2024-07-06,PrecEscaAct,951.25229,COP/kWh,xm:servapibi,2026-09-22T19:24:24Z,xm/2024/07/PrecEscaAct_Sistema.2024-07-01.ndjson#PrecEscaAct:Sistema:2024-07-01:2024-07-31
2024-07-06,VoluUtilDiarEner,10403077900,kWh,xm:servapibi,2026-09-22T19:24:16Z,xm/2024/07/VoluUtilDiarEner_Sistema.2024-07-01.ndjson#VoluUtilDiarEner:Sistema:2024-07-01:2024-07-31
2024-07-07,AporEner,294871300,kWh,xm:servapibi,2026-09-22T19:24:19Z,xm/2024/07/AporEner_Sistema.2024-07-01.ndjson#AporEner:Sistema:2024-07-01:2024-07-31
2024-07-07,AporEnerMediHist,254520000,kWh,xm:servapibi,2026-09-22T19:24:20Z,xm/2024/07/AporEnerMediHist_Sistema.2024-07-01.ndjson#AporEnerMediHist:Sistema:2024-07-01:2024-07-31
2024-07-07,CapaUtilDiarEner,17359561885,kWh,xm:servapibi,2026-09-22T19:24:17Z,xm/2024/07/CapaUtilDiarEner_Sistema.2024-07-01.ndjson#CapaUtilDiarEner:Sistema:2024-07-01:2024-07-31
2024-07-07,DemaSIN,200059189.19,kWh,xm:servapibi,2026-09-22T19:24:23Z,xm/2024/07/DemaSIN_Sistema.2024-07-01.ndjson#DemaSIN:Sistema:2024-07-01:2024-07-31
2024-07-07,PorcApor,1.15854,fraction,xm:servapibi,2026-09-22T19:24:21Z,xm/2024/07/PorcApor_Sistema.2024-07-01.ndjson#PorcApor:Sistema:2024-07-01:2024-07-31
2024-07-07,PorcVoluUtilDiar,0.60061,fraction,xm:servapibi,2026-09-22T19:24:15Z,xm/2024/07/PorcVoluUtilDiar_Sistema.2024-07-01.ndjson#PorcVoluUtilDiar:Sistema:2024-07-01:2024-07-31
2024-07-07,PrecBolsNaci,135.12346333333335,COP/kWh,xm:servapibi,2026-09-22T19:24:25Z,xm/2024/07/PrecBolsNaci_Sistema.2024-07-01.ndjson#PrecBolsNaci:Sistema:2024-07-01:2024-07-31
2024-07-07,PrecEscaAct,951.25229,COP/kWh,xm:servapibi,2026-09-22T19:24:24Z,xm/2024/07/PrecEscaAct_Sistema.2024-07-01.ndjson#PrecEscaAct:Sistema:2024-07-01:2024-07-31
2024-07-07,VoluUtilDiarEner,10426323300,kWh,xm:servapibi,2026-09-22T19:24:16Z,xm/2024/07/VoluUtilDiarEner_Sistema.2024-07-01.ndjson#VoluUtilDiarEner:Sistema:2024-07-01:2024-07-31
2024-07-08,AporEner,255422800,kWh,xm:servapibi,2026-09-22T19:24:19Z,xm/2024/07/AporEner_Sistema.2024-07-01.ndjson#AporEner:Sistema:2024-07-01:2024-07-31
2024-07-08,AporEnerMediHist,254520000,kWh,xm:servapibi,2026-09-22T19:24:20Z,xm/2024/07/AporEnerMediHist_Sistema.2024-07-01.ndjson#AporEnerMediHist:Sistema:2024-07-01:2024-07-31
2024-07-08,CapaUtilDiarEner,17359561885,kWh,xm:servapibi,2026-09-22T19:24:17Z,xm/2024/07/CapaUtilDiarEner_Sistema.2024-07-01.ndjson#CapaUtilDiarEner:Sistema:2024-07-01:2024-07-31
2024-07-08,DemaSIN,227183897.93,kWh,xm:servapibi,2026-09-22T19:24:23Z,xm/2024/07/DemaSIN_Sistema.2024-07-01.ndjson#DemaSIN:Sistema:2024-07-01:2024-07-31
2024-07-08,PorcApor,1.00355,fraction,xm:servapibi,2026-09-22T19:24:21Z,xm/2024/07/PorcApor_Sistema.2024-07-01.ndjson#PorcApor:Sistema:2024-07-01:2024-07-31
2024-07-08,PorcVoluUtilDiar,0.59868,fraction,xm:servapibi,2026-09-22T19:24:15Z,xm/2024/07/PorcVoluUtilDiar_Sistema.2024-07-01.ndjson#PorcVoluUtilDiar:Sistema:2024-07-01:2024-07-31
2024-07-08,PrecBolsNaci,193.52858,COP/kWh,xm:servapibi,2026-09-22T19:24:25Z,xm/2024/07/PrecBolsNaci_Sistema.2024-07-01.ndjson#PrecBolsNaci:Sistema:2024-07-01:2024-07-31
2024-07-08,PrecEscaAct,951.25229,COP/kWh,xm:servapibi,2026-09-22T19:24:24Z,xm/2024/07/PrecEscaAct_Sistema.2024-07-01.ndjson#PrecEscaAct:Sistema:2024-07-01:2024-07-31
2024-07-08,VoluUtilDiarEner,10392808500,kWh,xm:servapibi,2026-09-22T19:24:16Z,xm/2024/07/VoluUtilDiarEner_Sistema.2024-07-01.ndjson#VoluUtilDiarEner:Sistema:2024-07-01:2024-07-31
2024-07-09,AporEner,256366700,kWh,xm:servapibi,2026-09-22T19:24:19Z,xm/2024/07/AporEner_Sistema.2024-07-01.ndjson#AporEner:Sistema:2024-07-01:2024-07-31
2024-07-09,AporEnerMediHist,254520000,kWh,xm:servapibi,2026-09-22T19:24:20Z,xm/2024/07/AporEnerMediHist_Sistema.2024-07-01.ndjson#AporEnerMediHist:Sistema:2024-07-01:2024-07-31
2024-07-09,CapaUtilDiarEner,17359561885,kWh,xm:servapibi,2026-09-22T19:24:17Z,xm/2024/07/CapaUtilDiarEner_Sistema.2024-07-01.ndjson#CapaUtilDiarEner:Sistema:2024-07-01:2024-07-31
2024-07-09,DemaSIN,231166782.33,kWh,xm:servapibi,2026-09-22T19:24:23Z,xm/2024/07/DemaSIN_Sistema.2024-07-01.ndjson#DemaSIN:Sistema:2024-07-01:2024-07-31
2024-07-09,PorcApor,1.00726,fraction,xm:servapibi,2026-09-22T19:24:21Z,xm/2024/07/PorcApor_Sistema.2024-07-01.ndjson#PorcApor:Sistema:2024-07-01:2024-07-31
2024-07-09,PorcVoluUtilDiar,0.59825,fraction,xm:servapibi,2026-09-22T19:24:15Z,xm/2024/07/PorcVoluUtilDiar_Sistema.2024-07-01.ndjson#PorcVoluUtilDiar:Sistema:2024-07-01:2024-07-31
2024-07-09,PrecBolsNaci,245.7914033333333,COP/kWh,xm:servapibi,2026-09-22T19:24:25Z,xm/2024/07/PrecBolsNaci_Sistema.2024-07-01.ndjson#PrecBolsNaci:Sistema:2024-07-01:2024-07-31
2024-07-09,PrecEscaAct,951.25229,COP/kWh,xm:servapibi,2026-09-22T19:24:24Z,xm/2024/07/PrecEscaAct_Sistema.2024-07-01.ndjson#PrecEscaAct:Sistema:2024-07-01:2024-07-31
2024-07-09,VoluUtilDiarEner,10385334100,kWh,xm:servapibi,2026-09-22T19:24:16Z,xm/2024/07/VoluUtilDiarEner_Sistema.2024-07-01.ndjson#VoluUtilDiarEner:Sistema:2024-07-01:2024-07-31
2024-07-10,AporEner,220486100,kWh,xm:servapibi,2026-09-22T19:24:19Z,xm/2024/07/AporEner_Sistema.2024-07-01.ndjson#AporEner:Sistema:2024-07-01:2024-07-31
2024-07-10,AporEnerMediHist,254520000,kWh,xm:servapibi,2026-09-22T19:24:20Z,xm/2024/07/AporEnerMediHist_Sistema.2024-07-01.ndjson#AporEnerMediHist:Sistema:2024-07-01:2024-07-31
2024-07-10,CapaUtilDiarEner,17359561885,kWh,xm:servapibi,2026-09-22T19:24:17Z,xm/2024/07/CapaUtilDiarEner_Sistema.2024-07-01.ndjson#CapaUtilDiarEner:Sistema:2024-07-01:2024-07-31
2024-07-10,DemaSIN,231932894.52,kWh,xm:servapibi,2026-09-22T19:24:23Z,xm/2024/07/DemaSIN_Sistema.2024-07-01.ndjson#DemaSIN:Sistema:2024-07-01:2024-07-31
2024-07-10,PorcApor,0.86628,fraction,xm:servapibi,2026-09-22T19:24:21Z,xm/2024/07/PorcApor_Sistema.2024-07-01.ndjson#PorcApor:Sistema:2024-07-01:2024-07-31
2024-07-10,PorcVoluUtilDiar,0.5961,fraction,xm:servapibi,2026-09-22T19:24:15Z,xm/2024/07/PorcVoluUtilDiar_Sistema.2024-07-01.ndjson#PorcVoluUtilDiar:Sistema:2024-07-01:2024-07-31
2024-07-10,PrecBolsNaci,212.0539866666666,COP/kWh,xm:servapibi,2026-09-22T19:24:25Z,xm/2024/07/PrecBolsNaci_Sistema.2024-07-01.ndjson#PrecBolsNaci:Sistema:2024-07-01:2024-07-31
2024-07-10,PrecEscaAct,951.25229,COP/kWh,xm:servapibi,2026-09-22T19:24:24Z,xm/2024/07/PrecEscaAct_Sistema.2024-07-01.ndjson#PrecEscaAct:Sistema:2024-07-01:2024-07-31
2024-07-10,VoluUtilDiarEner,10348054400,kWh,xm:servapibi,2026-09-22T19:24:16Z,xm/2024/07/VoluUtilDiarEner_Sistema.2024-07-01.ndjson#VoluUtilDiarEner:Sistema:2024-07-01:2024-07-31
2024-07-11,AporEner,197292600,kWh,xm:servapibi,2026-09-22T19:24:19Z,xm/2024/07/AporEner_Sistema.2024-07-01.ndjson#AporEner:Sistema:2024-07-01:2024-07-31
2024-07-11,AporEnerMediHist,254520000,kWh,xm:servapibi,2026-09-22T19:24:20Z,xm/2024/07/AporEnerMediHist_Sistema.2024-07-01.ndjson#AporEnerMediHist:Sistema:2024-07-01:2024-07-31
2024-07-11,CapaUtilDiarEner,17359561885,kWh,xm:servapibi,2026-09-22T19:24:17Z,xm/2024/07/CapaUtilDiarEner_Sistema.2024-07-01.ndjson#CapaUtilDiarEner:Sistema:2024-07-01:2024-07-31
2024-07-11,DemaSIN,232483116.28,kWh,xm:servapibi,2026-09-22T19:24:23Z,xm/2024/07/DemaSIN_Sistema.2024-07-01.ndjson#DemaSIN:Sistema:2024-07-01:2024-07-31
2024-07-11,PorcApor,0.77516,fraction,xm:servapibi,2026-09-22T19:24:21Z,xm/2024/07/PorcApor_Sistema.2024-07-01.ndjson#PorcApor:Sistema:2024-07-01:2024-07-31
2024-07-11,PorcVoluUtilDiar,0.59429,fraction,xm:servapibi,2026-09-22T19:24:15Z,xm/2024/07/PorcVoluUtilDiar_Sistema.2024-07-01.ndjson#PorcVoluUtilDiar:Sistema:2024-07-01:2024-07-31
2024-07-11,PrecBolsNaci,332.1934433333332,COP/kWh,xm:servapibi,2026-09-22T19:24:25Z,xm/2024/07/PrecBolsNaci_Sistema.2024-07-01.ndjson#PrecBolsNaci:Sistema:2024-07-01:2024-07-31
2024-07-11,PrecEscaAct,951.25229,COP/kWh,xm:servapibi,2026-09-22T19:24:24Z,xm/2024/07/PrecEscaAct_Sistema.2024-07-01.ndjson#PrecEscaAct:Sistema:2024-07-01:2024-07-31
2024-07-11,VoluUtilDiarEner,10316681200,kWh,xm:servapibi,2026-09-22T19:24:16Z,xm/2024/07/VoluUtilDiarEner_Sistema.2024-07-01.ndjson#VoluUtilDiarEner:Sistema:2024-07-01:2024-07-31
2024-07-12,AporEner,195542800,kWh,xm:servapibi,2026-09-22T19:24:19Z,xm/2024/07/AporEner_Sistema.2024-07-01.ndjson#AporEner:Sistema:2024-07-01:2024-07-31
2024-07-12,AporEnerMediHist,254520000,kWh,xm:servapibi,2026-09-22T19:24:20Z,xm/2024/07/AporEnerMediHist_Sistema.2024-07-01.ndjson#AporEnerMediHist:Sistema:2024-07-01:2024-07-31
2024-07-12,CapaUtilDiarEner,17359561885,kWh,xm:servapibi,2026-09-22T19:24:17Z,xm/2024/07/CapaUtilDiarEner_Sistema.2024-07-01.ndjson#CapaUtilDiarEner:Sistema:2024-07-01:2024-07-31
2024-07-12,DemaSIN,230821247.73,kWh,xm:servapibi,2026-09-22T19:24:23Z,xm/2024/07/DemaSIN_Sistema.2024-07-01.ndjson#DemaSIN:Sistema:2024-07-01:2024-07-31
2024-07-12,PorcApor,0.76828,fraction,xm:servapibi,2026-09-22T19:24:21Z,xm/2024/07/PorcApor_Sistema.2024-07-01.ndjson#PorcApor:Sistema:2024-07-01:2024-07-31
2024-07-12,PorcVoluUtilDiar,0.59384,fraction,xm:servapibi,2026-09-22T19:24:15Z,xm/2024/07/PorcVoluUtilDiar_Sistema.2024-07-01.ndjson#PorcVoluUtilDiar:Sistema:2024-07-01:2024-07-31
2024-07-12,PrecBolsNaci,296.85585999999995,COP/kWh,xm:servapibi,2026-09-22T19:24:25Z,xm/2024/07/PrecBolsNaci_Sistema.2024-07-01.ndjson#PrecBolsNaci:Sistema:2024-07-01:2024-07-31
2024-07-12,PrecEscaAct,951.25229,COP/kWh,xm:servapibi,2026-09-22T19:24:24Z,xm/2024/07/PrecEscaAct_Sistema.2024-07-01.ndjson#PrecEscaAct:Sistema:2024-07-01:2024-07-31
2024-07-12,VoluUtilDiarEner,10308724600,kWh,xm:servapibi,2026-09-22T19:24:16Z,xm/2024/07/VoluUtilDiarEner_Sistema.2024-07-01.ndjson#VoluUtilDiarEner:Sistema:2024-07-01:2024-07-31
2024-07-13,AporEner,222646300,kWh,xm:servapibi,2026-09-22T19:24:19Z,xm/2024/07/AporEner_Sistema.2024-07-01.ndjson#AporEner:Sistema:2024-07-01:2024-07-31
2024-07-13,AporEnerMediHist,254520000,kWh,xm:servapibi,2026-09-22T19:24:20Z,xm/2024/07/AporEnerMediHist_Sistema.2024-07-01.ndjson#AporEnerMediHist:Sistema:2024-07-01:2024-07-31
2024-07-13,CapaUtilDiarEner,17359561885,kWh,xm:servapibi,2026-09-22T19:24:17Z,xm/2024/07/CapaUtilDiarEner_Sistema.2024-07-01.ndjson#CapaUtilDiarEner:Sistema:2024-07-01:2024-07-31
2024-07-13,DemaSIN,219987018.62,kWh,xm:servapibi,2026-09-22T19:24:23Z,xm/2024/07/DemaSIN_Sistema.2024-07-01.ndjson#DemaSIN:Sistema:2024-07-01:2024-07-31
2024-07-13,PorcApor,0.87477,fraction,xm:servapibi,2026-09-22T19:24:21Z,xm/2024/07/PorcApor_Sistema.2024-07-01.ndjson#PorcApor:Sistema:2024-07-01:2024-07-31
2024-07-13,PorcVoluUtilDiar,0.59498,fraction,xm:servapibi,2026-09-22T19:24:15Z,xm/2024/07/PorcVoluUtilDiar_Sistema.2024-07-01.ndjson#PorcVoluUtilDiar:Sistema:2024-07-01:2024-07-31
2024-07-13,PrecBolsNaci,269.91250500000007,COP/kWh,xm:servapibi,2026-09-22T19:24:25Z,xm/2024/07/PrecBolsNaci_Sistema.2024-07-01.ndjson#PrecBolsNaci:Sistema:2024-07-01:2024-07-31
2024-07-13,PrecEscaAct,951.25229,COP/kWh,xm:servapibi,2026-09-22T19:24:24Z,xm/2024/07/PrecEscaAct_Sistema.2024-07-01.ndjson#PrecEscaAct:Sistema:2024-07-01:2024-07-31
2024-07-13,VoluUtilDiarEner,10328558100,kWh,xm:servapibi,2026-09-22T19:24:16Z,xm/2024/07/VoluUtilDiarEner_Sistema.2024-07-01.ndjson#VoluUtilDiarEner:Sistema:2024-07-01:2024-07-31
2024-07-14,AporEner,201499500,kWh,xm:servapibi,2026-09-22T19:24:19Z,xm/2024/07/AporEner_Sistema.2024-07-01.ndjson#AporEner:Sistema:2024-07-01:2024-07-31
2024-07-14,AporEnerMediHist,254520000,kWh,xm:servapibi,2026-09-22T19:24:20Z,xm/2024/07/AporEnerMediHist_Sistema.2024-07-01.ndjson#AporEnerMediHist:Sistema:2024-07-01:2024-07-31
2024-07-14,CapaUtilDiarEner,17359561885,kWh,xm:servapibi,2026-09-22T19:24:17Z,xm/2024/07/CapaUtilDiarEner_Sistema.2024-07-01.ndjson#CapaUtilDiarEner:Sistema:2024-07-01:2024-07-31
2024-07-14,DemaSIN,203123839.9,kWh,xm:servapibi,2026-09-22T19:24:23Z,xm/2024/07/DemaSIN_Sistema.2024-07-01.ndjson#DemaSIN:Sistema:2024-07-01:2024-07-31
2024-07-14,PorcApor,0.79168,fraction,xm:servapibi,2026-09-22T19:24:21Z,xm/2024/07/PorcApor_Sistema.2024-07-01.ndjson#PorcApor:Sistema:2024-07-01:2024-07-31
2024-07-14,PorcVoluUtilDiar,0.596,fraction,xm:servapibi,2026-09-22T19:24:15Z,xm/2024/07/PorcVoluUtilDiar_Sistema.2024-07-01.ndjson#PorcVoluUtilDiar:Sistema:2024-07-01:2024-07-31
2024-07-14,PrecBolsNaci,230.5307016666666,COP/kWh,xm:servapibi,2026-09-22T19:24:25Z,xm/2024/07/PrecBolsNaci_Sistema.2024-07-01.ndjson#PrecBolsNaci:Sistema:2024-07-01:2024-07-31
2024-07-14,PrecEscaAct,951.25229,COP/kWh,xm:servapibi,2026-09-22T19:24:24Z,xm/2024/07/PrecEscaAct_Sistema.2024-07-01.ndjson#PrecEscaAct:Sistema:2024-07-01:2024-07-31
2024-07-14,VoluUtilDiarEner,10346241700,kWh,xm:servapibi,2026-09-22T19:24:16Z,xm/2024/07/VoluUtilDiarEner_Sistema.2024-07-01.ndjson#VoluUtilDiarEner:Sistema:2024-07-01:2024-07-31
2024-07-15,AporEner,209886500,kWh,xm:servapibi,2026-09-22T19:24:19Z,xm/2024/07/AporEner_Sistema.2024-07-01.ndjson#AporEner:Sistema:2024-07-01:2024-07-31
2024-07-15,AporEnerMediHist,254520000,kWh,xm:servapibi,2026-09-22T19:24:20Z,xm/2024/07/AporEnerMediHist_Sistema.2024-07-01.ndjson#AporEnerMediHist:Sistema:2024-07-01:2024-07-31
2024-07-15,CapaUtilDiarEner,17359561885,kWh,xm:servapibi,2026-09-22T19:24:17Z,xm/2024/07/CapaUtilDiarEner_Sistema.2024-07-01.ndjson#CapaUtilDiarEner:Sistema:2024-07-01:2024-07-31
2024-07-15,DemaSIN,227318470.9,kWh,xm:servapibi,2026-09-22T19:24:23Z,xm/2024/07/DemaSIN_Sistema.2024-07-01.ndjson#DemaSIN:Sistema:2024-07-01:2024-07-31
2024-07-15,PorcApor,0.82464,fraction,xm:servapibi,2026-09-22T19:24:21Z,xm/2024/07/PorcApor_Sistema.2024-07-01.ndjson#PorcApor:Sistema:2024-07-01:2024-07-31
2024-07-15,PorcVoluUtilDiar,0.59601,fraction,xm:servapibi,2026-09-22T19:24:15Z,xm/2024/07/PorcVoluUtilDiar_Sistema.2024-07-01.ndjson#PorcVoluUtilDiar:Sistema:2024-07-01:2024-07-31
2024-07-15,PrecBolsNaci,287.0703000000001,COP/kWh,xm:servapibi,2026-09-22T19:24:25Z,xm/2024/07/PrecBolsNaci_Sistema.2024-07-01.ndjson#PrecBolsNaci:Sistema:2024-07-01:2024-07-31
2024-07-15,PrecEscaAct,951.25229,COP/kWh,xm:servapibi,2026-09-22T19:24:24Z,xm/2024/07/PrecEscaAct_Sistema.2024-07-01.ndjson#PrecEscaAct:Sistema:2024-07-01:2024-07-31
2024-07-15,VoluUtilDiarEner,10346553500,kWh,xm:servapibi,2026-09-22T19:24:16Z,xm/2024/07/VoluUtilDiarEner_Sistema.2024-07-01.ndjson#VoluUtilDiarEner:Sistema:2024-07-01:2024-07-31
2024-07-16,AporEner,190123100,kWh,xm:servapibi,2026-09-22T19:24:19Z,xm/2024/07/AporEner_Sistema.2024-07-01.ndjson#AporEner:Sistema:2024-07-01:2024-07-31
2024-07-16,AporEnerMediHist,254520000,kWh,xm:servapibi,2026-09-22T19:24:20Z,xm/2024/07/AporEnerMediHist_Sistema.2024-07-01.ndjson#AporEnerMediHist:Sistema:2024-07-01:2024-07-31
2024-07-16,CapaUtilDiarEner,17359561885,kWh,xm:servapibi,2026-09-22T19:24:17Z,xm/2024/07/CapaUtilDiarEner_Sistema.2024-07-01.ndjson#CapaUtilDiarEner:Sistema:2024-07-01:2024-07-31
2024-07-16,DemaSIN,230377021.31,kWh,xm:servapibi,2026-09-22T19:24:23Z,xm/2024/07/DemaSIN_Sistema.2024-07-01.ndjson#DemaSIN:Sistema:2024-07-01:2024-07-31
2024-07-16,PorcApor,0.74699,fraction,xm:servapibi,2026-09-22T19:24:21Z,xm/2024/07/PorcApor_Sistema.2024-07-01.ndjson#PorcApor:Sistema:2024-07-01:2024-07-31
2024-07-16,PorcVoluUtilDiar,0.59591,fraction,xm:servapibi,2026-09-22T19:24:15Z,xm/2024/07/PorcVoluUtilDiar_Sistema.2024-07-01.ndjson#PorcVoluUtilDiar:Sistema:2024-07-01:2024-07-31
2024-07-16,PrecBolsNaci,291.8427133333335,COP/kWh,xm:servapibi,2026-09-22T19:24:25Z,xm/2024/07/PrecBolsNaci_Sistema.2024-07-01.ndjson#PrecBolsNaci:Sistema:2024-07-01:2024-07-31
2024-07-16,PrecEscaAct,951.25229,COP/kWh,xm:servapibi,2026-09-22T19:24:24Z,xm/2024/07/PrecEscaAct_Sistema.2024-07-01.ndjson#PrecEscaAct:Sistema:2024-07-01:2024-07-31
2024-07-16,VoluUtilDiarEner,10344789600,kWh,xm:servapibi,2026-09-22T19:24:16Z,xm/2024/07/VoluUtilDiarEner_Sistema.2024-07-01.ndjson#VoluUtilDiarEner:Sistema:2024-07-01:2024-07-31
2024-07-17,AporEner,178176200,kWh,xm:servapibi,2026-09-22T19:24:19Z,xm/2024/07/AporEner_Sistema.2024-07-01.ndjson#AporEner:Sistema:2024-07-01:2024-07-31
2024-07-17,AporEnerMediHist,254520000,kWh,xm:servapibi,2026-09-22T19:24:20Z,xm/2024/07/AporEnerMediHist_Sistema.2024-07-01.ndjson#AporEnerMediHist:Sistema:2024-07-01:2024-07-31
2024-07-17,CapaUtilDiarEner,17359561885,kWh,xm:servapibi,2026-09-22T19:24:17Z,xm/2024/07/CapaUtilDiarEner_Sistema.2024-07-01.ndjson#CapaUtilDiarEner:Sistema:2024-07-01:2024-07-31
2024-07-17,DemaSIN,233822758.01,kWh,xm:servapibi,2026-09-22T19:24:23Z,xm/2024/07/DemaSIN_Sistema.2024-07-01.ndjson#DemaSIN:Sistema:2024-07-01:2024-07-31
2024-07-17,PorcApor,0.70005,fraction,xm:servapibi,2026-09-22T19:24:21Z,xm/2024/07/PorcApor_Sistema.2024-07-01.ndjson#PorcApor:Sistema:2024-07-01:2024-07-31
2024-07-17,PorcVoluUtilDiar,0.59462,fraction,xm:servapibi,2026-09-22T19:24:15Z,xm/2024/07/PorcVoluUtilDiar_Sistema.2024-07-01.ndjson#PorcVoluUtilDiar:Sistema:2024-07-01:2024-07-31
2024-07-17,PrecBolsNaci,304.02595000000014,COP/kWh,xm:servapibi,2026-09-22T19:24:25Z,xm/2024/07/PrecBolsNaci_Sistema.2024-07-01.ndjson#PrecBolsNaci:Sistema:2024-07-01:2024-07-31
2024-07-17,PrecEscaAct,951.25229,COP/kWh,xm:servapibi,2026-09-22T19:24:24Z,xm/2024/07/PrecEscaAct_Sistema.2024-07-01.ndjson#PrecEscaAct:Sistema:2024-07-01:2024-07-31
2024-07-17,VoluUtilDiarEner,10322282400,kWh,xm:servapibi,2026-09-22T19:24:16Z,xm/2024/07/VoluUtilDiarEner_Sistema.2024-07-01.ndjson#VoluUtilDiarEner:Sistema:2024-07-01:2024-07-31
2024-07-18,AporEner,170824600,kWh,xm:servapibi,2026-09-22T19:24:19Z,xm/2024/07/AporEner_Sistema.2024-07-01.ndjson#AporEner:Sistema:2024-07-01:2024-07-31
2024-07-18,AporEnerMediHist,254520000,kWh,xm:servapibi,2026-09-22T19:24:20Z,xm/2024/07/AporEnerMediHist_Sistema.2024-07-01.ndjson#AporEnerMediHist:Sistema:2024-07-01:2024-07-31
2024-07-18,CapaUtilDiarEner,17359561885,kWh,xm:servapibi,2026-09-22T19:24:17Z,xm/2024/07/CapaUtilDiarEner_Sistema.2024-07-01.ndjson#CapaUtilDiarEner:Sistema:2024-07-01:2024-07-31
2024-07-18,DemaSIN,230335711.21,kWh,xm:servapibi,2026-09-22T19:24:23Z,xm/2024/07/DemaSIN_Sistema.2024-07-01.ndjson#DemaSIN:Sistema:2024-07-01:2024-07-31
2024-07-18,PorcApor,0.67116,fraction,xm:servapibi,2026-09-22T19:24:21Z,xm/2024/07/PorcApor_Sistema.2024-07-01.ndjson#PorcApor:Sistema:2024-07-01:2024-07-31
2024-07-18,PorcVoluUtilDiar,0.59328,fraction,xm:servapibi,2026-09-22T19:24:15Z,xm/2024/07/PorcVoluUtilDiar_Sistema.2024-07-01.ndjson#PorcVoluUtilDiar:Sistema:2024-07-01:2024-07-31
2024-07-18,PrecBolsNaci,304.74354999999997,COP/kWh,xm:servapibi,2026-09-22T19:24:25Z,xm/2024/07/PrecBolsNaci_Sistema.2024-07-01.ndjson#PrecBolsNaci:Sistema:2024-07-01:2024-07-31
2024-07-18,PrecEscaAct,951.25229,COP/kWh,xm:servapibi,2026-09-22T19:24:24Z,xm/2024/07/PrecEscaAct_Sistema.2024-07-01.ndjson#PrecEscaAct:Sistema:2024-07-01:2024-07-31
2024-07-18,VoluUtilDiarEner,10299079700,kWh,xm:servapibi,2026-09-22T19:24:16Z,xm/2024/07/VoluUtilDiarEner_Sistema.2024-07-01.ndjson#VoluUtilDiarEner:Sistema:2024-07-01:2024-07-31
2024-07-19,AporEner,161852800,kWh,xm:servapibi,2026-09-22T19:24:19Z,xm/2024/07/AporEner_Sistema.2024-07-01.ndjson#AporEner:Sistema:2024-07-01:2024-07-31
2024-07-19,AporEnerMediHist,254520000,kWh,xm:servapibi,2026-09-22T19:24:20Z,xm/2024/07/AporEnerMediHist_Sistema.2024-07-01.ndjson#AporEnerMediHist:Sistema:2024-07-01:2024-07-31
2024-07-19,CapaUtilDiarEner,17359561885,kWh,xm:servapibi,2026-09-22T19:24:17Z,xm/2024/07/CapaUtilDiarEner_Sistema.2024-07-01.ndjson#CapaUtilDiarEner:Sistema:2024-07-01:2024-07-31
2024-07-19,DemaSIN,227135617.2,kWh,xm:servapibi,2026-09-22T19:24:23Z,xm/2024/07/DemaSIN_Sistema.2024-07-01.ndjson#DemaSIN:Sistema:2024-07-01:2024-07-31
2024-07-19,PorcApor,0.63591,fraction,xm:servapibi,2026-09-22T19:24:21Z,xm/2024/07/PorcApor_Sistema.2024-07-01.ndjson#PorcApor:Sistema:2024-07-01:2024-07-31
2024-07-19,PorcVoluUtilDiar,0.59187,fraction,xm:servapibi,2026-09-22T19:24:15Z,xm/2024/07/PorcVoluUtilDiar_Sistema.2024-07-01.ndjson#PorcVoluUtilDiar:Sistema:2024-07-01:2024-07-31
2024-07-19,PrecBolsNaci,320.3842933333331,COP/kWh,xm:servapibi,2026-09-22T19:24:25Z,xm/2024/07/PrecBolsNaci_Sistema.2024-07-01.ndjson#PrecBolsNaci:Sistema:2024-07-01:2024-07-31
2024-07-19,PrecEscaAct,951.25229,COP/kWh,xm:servapibi,2026-09-22T19:24:24Z,xm/2024/07/PrecEscaAct_Sistema.2024-07-01.ndjson#PrecEscaAct:Sistema:2024-07-01:2024-07-31
2024-07-19,VoluUtilDiarEner,10274579000,kWh,xm:servapibi,2026-09-22T19:24:16Z,xm/2024/07/VoluUtilDiarEner_Sistema.2024-07-01.ndjson#VoluUtilDiarEner:Sistema:2024-07-01:2024-07-31
2024-07-20,AporEner,156745300,kWh,xm:servapibi,2026-09-22T19:24:19Z,xm/2024/07/AporEner_Sistema.2024-07-01.ndjson#AporEner:Sistema:2024-07-01:2024-07-31
2024-07-20,AporEnerMediHist,254520000,kWh,xm:servapibi,2026-09-22T19:24:20Z,xm/2024/07/AporEnerMediHist_Sistema.2024-07-01.ndjson#AporEnerMediHist:Sistema:2024-07-01:2024-07-31
2024-07-20,CapaUtilDiarEner,17359561885,kWh,xm:servapibi,2026-09-22T19:24:17Z,xm/2024/07/CapaUtilDiarEner_Sistema.2024-07-01.ndjson#CapaUtilDiarEner:Sistema:2024-07-01:2024-07-31
2024-07-20,DemaSIN,209353914.68,kWh,xm:servapibi,2026-09-22T19:24:23Z,xm/2024/07/DemaSIN_Sistema.2024-07-01.ndjson#DemaSIN:Sistema:2024-07-01:2024-07-31
2024-07-20,PorcApor,0.61585,fraction,xm:servapibi,2026-09-22T19:24:21Z,xm/2024/07/PorcApor_Sistema.2024-07-01.ndjson#PorcApor:Sistema:2024-07-01:2024-07-31
2024-07-20,PorcVoluUtilDiar,0.59052,fraction,xm:servapibi,2026-09-22T19:24:15Z,xm/2024/07/PorcVoluUtilDiar_Sistema.2024-07-01.ndjson#PorcVoluUtilDiar:Sistema:2024-07-01:2024-07-31
2024-07-20,PrecBolsNaci,318.7592033333332,COP/kWh,xm:servapibi,2026-09-22T19:24:25Z,xm/2024/07/PrecBolsNaci_Sistema.2024-07-01.ndjson#PrecBolsNaci:Sistema:2024-07-01:2024-07-31
2024-07-20,PrecEscaAct,951.25229,COP/kWh,xm:servapibi,2026-09-22T19:24:24Z,xm/2024/07/PrecEscaAct_Sistema.2024-07-01.ndjson#PrecEscaAct:Sistema:2024-07-01:2024-07-31
2024-07-20,VoluUtilDiarEner,10251166500,kWh,xm:servapibi,2026-09-22T19:24:16Z,xm/2024/07/VoluUtilDiarEner_Sistema.2024-07-01.ndjson#VoluUtilDiarEner:Sistema:2024-07-01:2024-07-31
2024-07-21,AporEner,239559300,kWh,xm:servapibi,2026-09-22T19:24:19Z,xm/2024/07/AporEner_Sistema.2024-07-01.ndjson#AporEner:Sistema:2024-07-01:2024-07-31
2024-07-21,AporEnerMediHist,254520000,kWh,xm:servapibi,2026-09-22T19:24:20Z,xm/2024/07/AporEnerMediHist_Sistema.2024-07-01.ndjson#AporEnerMediHist:Sistema:2024-07-01:2024-07-31
2024-07-21,CapaUtilDiarEner,17359561885,kWh,xm:servapibi,2026-09-22T19:24:17Z,xm/2024/07/CapaUtilDiarEner_Sistema.2024-07-01.ndjson#CapaUtilDiarEner:Sistema:2024-07-01:2024-07-31
2024-07-21,DemaSIN,202289165.65,kWh,xm:servapibi,2026-09-22T19:24:23Z,xm/2024/07/DemaSIN_Sistema.2024-07-01.ndjson#DemaSIN:Sistema:2024-07-01:2024-07-31
2024-07-21,PorcApor,0.94122,fraction,xm:servapibi,2026-09-22T19:24:21Z,xm/2024/07/PorcApor_Sistema.2024-07-01.ndjson#PorcApor:Sistema:2024-07-01:2024-07-31
2024-07-21,PorcVoluUtilDiar,0.59278,fraction,xm:servapibi,2026-09-22T19:24:15Z,xm/2024/07/PorcVoluUtilDiar_Sistema.2024-07-01.ndjson#PorcVoluUtilDiar:Sistema:2024-07-01:2024-07-31
2024-07-21,PrecBolsNaci,322.14758999999987,COP/kWh,xm:servapibi,2026-09-22T19:24:25Z,xm/2024/07/PrecBolsNaci_Sistema.2024-07-01.ndjson#PrecBolsNaci:Sistema:2024-07-01:2024-07-31
2024-07-21,PrecEscaAct,951.25229,COP/kWh,xm:servapibi,2026-09-22T19:24:24Z,xm/2024/07/PrecEscaAct_Sistema.2024-07-01.ndjson#PrecEscaAct:Sistema:2024-07-01:2024-07-31
2024-07-21,VoluUtilDiarEner,10290369600,kWh,xm:servapibi,2026-09-22T19:24:16Z,xm/2024/07/VoluUtilDiarEner_Sistema.2024-07-01.ndjson#VoluUtilDiarEner:Sistema:2024-07-01:2024-07-31
2024-07-22,AporEner,223517400,kWh,xm:servapibi,2026-09-22T19:24:19Z,xm/2024/07/AporEner_Sistema.2024-07-01.ndjson#AporEner:Sistema:2024-07-01:2024-07-31
2024-07-22,AporEnerMediHist,254520000,kWh,xm:servapibi,2026-09-22T19:24:20Z,xm/2024/07/AporEnerMediHist_Sistema.2024-07-01.ndjson#AporEnerMediHist:Sistema:2024-07-01:2024-07-31
2024-07-22,CapaUtilDiarEner,17359561885,kWh,xm:servapibi,2026-09-22T19:24:17Z,xm/2024/07/CapaUtilDiarEner_Sistema.2024-07-01.ndjson#CapaUtilDiarEner:Sistema:2024-07-01:2024-07-31
2024-07-22,DemaSIN,229463460.36,kWh,xm:servapibi,2026-09-22T19:24:23Z,xm/2024/07/DemaSIN_Sistema.2024-07-01.ndjson#DemaSIN:Sistema:2024-07-01:2024-07-31
2024-07-22,PorcApor,0.87819,fraction,xm:servapibi,2026-09-22T19:24:21Z,xm/2024/07/PorcApor_Sistema.2024-07-01.ndjson#PorcApor:Sistema:2024-07-01:2024-07-31
2024-07-22,PorcVoluUtilDiar,0.5936,fraction,xm:servapibi,2026-09-22T19:24:15Z,xm/2024/07/PorcVoluUtilDiar_Sistema.2024-07-01.ndjson#PorcVoluUtilDiar:Sistema:2024-07-01:2024-07-31
2024-07-22,PrecBolsNaci,401.54244666666665,COP/kWh,xm:servapibi,2026-09-22T19:24:25Z,xm/2024/07/PrecBolsNaci_Sistema.2024-07-01.ndjson#PrecBolsNaci:Sistema:2024-07-01:2024-07-31
2024-07-22,PrecEscaAct,951.25229,COP/kWh,xm:servapibi,2026-09-22T19:24:24Z,xm/2024/07/PrecEscaAct_Sistema.2024-07-01.ndjson#PrecEscaAct:Sistema:2024-07-01:2024-07-31
2024-07-22,VoluUtilDiarEner,10304676600,kWh,xm:servapibi,2026-09-22T19:24:16Z,xm/2024/07/VoluUtilDiarEner_Sistema.2024-07-01.ndjson#VoluUtilDiarEner:Sistema:2024-07-01:2024-07-31
2024-07-23,AporEner,204896200,kWh,xm:servapibi,2026-09-22T19:24:19Z,xm/2024/07/AporEner_Sistema.2024-07-01.ndjson#AporEner:Sistema:2024-07-01:2024-07-31
2024-07-23,AporEnerMediHist,254520000,kWh,xm:servapibi,2026-09-22T19:24:20Z,xm/2024/07/AporEnerMediHist_Sistema.2024-07-01.ndjson#AporEnerMediHist:Sistema:2024-07-01:2024-07-31
2024-07-23,CapaUtilDiarEner,17359561885,kWh,xm:servapibi,2026-09-22T19:24:17Z,xm/2024/07/CapaUtilDiarEner_Sistema.2024-07-01.ndjson#CapaUtilDiarEner:Sistema:2024-07-01:2024-07-31
2024-07-23,DemaSIN,231829546.72,kWh,xm:servapibi,2026-09-22T19:24:23Z,xm/2024/07/DemaSIN_Sistema.2024-07-01.ndjson#DemaSIN:Sistema:2024-07-01:2024-07-31
2024-07-23,PorcApor,0.80503,fraction,xm:servapibi,2026-09-22T19:24:21Z,xm/2024/07/PorcApor_Sistema.2024-07-01.ndjson#PorcApor:Sistema:2024-07-01:2024-07-31
2024-07-23,PorcVoluUtilDiar,0.59316,fraction,xm:servapibi,2026-09-22T19:24:15Z,xm/2024/07/PorcVoluUtilDiar_Sistema.2024-07-01.ndjson#PorcVoluUtilDiar:Sistema:2024-07-01:2024-07-31
2024-07-23,PrecBolsNaci,458.8240733333333,COP/kWh,xm:servapibi,2026-09-22T19:24:25Z,xm/2024/07/PrecBolsNaci_Sistema.2024-07-01.ndjson#PrecBolsNaci:Sistema:2024-07-01:2024-07-31
2024-07-23,PrecEscaAct,951.25229,COP/kWh,xm:servapibi,2026-09-22T19:24:24Z,xm/2024/07/PrecEscaAct_Sistema.2024-07-01.ndjson#PrecEscaAct:Sistema:2024-07-01:2024-07-31
2024-07-23,VoluUtilDiarEner,10296992900,kWh,xm:servapibi,2026-09-22T19:24:16Z,xm/2024/07/VoluUtilDiarEner_Sistema.2024-07-01.ndjson#VoluUtilDiarEner:Sistema:2024-07-01:2024-07-31
2024-07-24,AporEner,171912900,kWh,xm:servapibi,2026-09-22T19:24:19Z,xm/2024/07/AporEner_Sistema.2024-07-01.ndjson#AporEner:Sistema:2024-07-01:2024-07-31
2024-07-24,AporEnerMediHist,254520000,kWh,xm:servapibi,2026-09-22T19:24:20Z,xm/2024/07/AporEnerMediHist_Sistema.2024-07-01.ndjson#AporEnerMediHist:Sistema:2024-07-01:2024-07-31
2024-07-24,CapaUtilDiarEner,17359561885,kWh,xm:servapibi,2026-09-22T19:24:17Z,xm/2024/07/CapaUtilDiarEner_Sistema.2024-07-01.ndjson#CapaUtilDiarEner:Sistema:2024-07-01:2024-07-31
2024-07-24,DemaSIN,232745949.02,kWh,xm:servapibi,2026-09-22T19:24:23Z,xm/2024/07/DemaSIN_Sistema.2024-07-01.ndjson#DemaSIN:Sistema:2024-07-01:2024-07-31
2024-07-24,PorcApor,0.67544,fraction,xm:servapibi,2026-09-22T19:24:21Z,xm/2024/07/PorcApor_Sistema.2024-07-01.ndjson#PorcApor:Sistema:2024-07-01:2024-07-31
2024-07-24,PorcVoluUtilDiar,0.59233,fraction,xm:servapibi,2026-09-22T19:24:15Z,xm/2024/07/PorcVoluUtilDiar_Sistema.2024-07-01.ndjson#PorcVoluUtilDiar:Sistema:2024-07-01:2024-07-31
2024-07-24,PrecBolsNaci,370.67905333333334,COP/kWh,xm:servapibi,2026-09-22T19:24:25Z,xm/2024/07/PrecBolsNaci_Sistema.2024-07-01.ndjson#PrecBolsNaci:Sistema:2024-07-01:2024-07-31
2024-07-24,PrecEscaAct,951.25229,COP/kWh,xm:servapibi,2026-09-22T19:24:24Z,xm/2024/07/PrecEscaAct_Sistema.2024-07-01.ndjson#PrecEscaAct:Sistema:2024-07-01:2024-07-31
2024-07-24,VoluUtilDiarEner,10282587000,kWh,xm:servapibi,2026-09-22T19:24:16Z,xm/2024/07/VoluUtilDiarEner_Sistema.2024-07-01.ndjson#VoluUtilDiarEner:Sistema:2024-07-01:2024-07-31
2024-07-25,AporEner,180766500,kWh,xm:servapibi,2026-09-22T19:24:19Z,xm/2024/07/AporEner_Sistema.2024-07-01.ndjson#AporEner:Sistema:2024-07-01:2024-07-31
2024-07-25,AporEnerMediHist,254520000,kWh,xm:servapibi,2026-09-22T19:24:20Z,xm/2024/07/AporEnerMediHist_Sistema.2024-07-01.ndjson#AporEnerMediHist:Sistema:2024-07-01:2024-07-31
2024-07-25,CapaUtilDiarEner,17359561885,kWh,xm:servapibi,2026-09-22T19:24:17Z,xm/2024/07/CapaUtilDiarEner_Sistema.2024-07-01.ndjson#CapaUtilDiarEner:Sistema:2024-07-01:2024-07-31
2024-07-25,DemaSIN,233661287.06,kWh,xm:servapibi,2026-09-22T19:24:23Z,xm/2024/07/DemaSIN_Sistema.2024-07-01.ndjson#DemaSIN:Sistema:2024-07-01:2024-07-31
2024-07-25,PorcApor,0.71023,fraction,xm:servapibi,2026-09-22T19:24:21Z,xm/2024/07/PorcApor_Sistema.2024-07-01.ndjson#PorcApor:Sistema:2024-07-01:2024-07-31
2024-07-25,PorcVoluUtilDiar,0.59118,fraction,xm:servapibi,2026-09-22T19:24:15Z,xm/2024/07/PorcVoluUtilDiar_Sistema.2024-07-01.ndjson#PorcVoluUtilDiar:Sistema:2024-07-01:2024-07-31
2024-07-25,PrecBolsNaci,366.46915333333317,COP/kWh,xm:servapibi,2026-09-22T19:24:25Z,xm/2024/07/PrecBolsNaci_Sistema.2024-07-01.ndjson#PrecBolsNaci:Sistema:2024-07-01:2024-07-31
2024-07-25,PrecEscaAct,951.25229,COP/kWh,xm:servapibi,2026-09-22T19:24:24Z,xm/2024/07/PrecEscaAct_Sistema.2024-07-01.ndjson#PrecEscaAct:Sistema:2024-07-01:2024-07-31
2024-07-25,VoluUtilDiarEner,10262549600,kWh,xm:servapibi,2026-09-22T19:24:16Z,xm/2024/07/VoluUtilDiarEner_Sistema.2024-07-01.ndjson#VoluUtilDiarEner:Sistema:2024-07-01:2024-07-31
2024-07-26,AporEner,162816100,kWh,xm:servapibi,2026-09-22T19:24:19Z,xm/2024/07/AporEner_Sistema.2024-07-01.ndjson#AporEner:Sistema:2024-07-01:2024-07-31
2024-07-26,AporEnerMediHist,254520000,kWh,xm:servapibi,2026-09-22T19:24:20Z,xm/2024/07/AporEnerMediHist_Sistema.2024-07-01.ndjson#AporEnerMediHist:Sistema:2024-07-01:2024-07-31
2024-07-26,CapaUtilDiarEner,17359561885,kWh,xm:servapibi,2026-09-22T19:24:17Z,xm/2024/07/CapaUtilDiarEner_Sistema.2024-07-01.ndjson#CapaUtilDiarEner:Sistema:2024-07-01:2024-07-31
2024-07-26,DemaSIN,232946903.35,kWh,xm:servapibi,2026-09-22T19:24:23Z,xm/2024/07/DemaSIN_Sistema.2024-07-01.ndjson#DemaSIN:Sistema:2024-07-01:2024-07-31
2024-07-26,PorcApor,0.6397,fraction,xm:servapibi,2026-09-22T19:24:21Z,xm/2024/07/PorcApor_Sistema.2024-07-01.ndjson#PorcApor:Sistema:2024-07-01:2024-07-31
2024-07-26,PorcVoluUtilDiar,0.58918,fraction,xm:servapibi,2026-09-22T19:24:15Z,xm/2024/07/PorcVoluUtilDiar_Sistema.2024-07-01.ndjson#PorcVoluUtilDiar:Sistema:2024-07-01:2024-07-31
2024-07-26,PrecBolsNaci,333.6700799999999,COP/kWh,xm:servapibi,2026-09-22T19:24:25Z,xm/2024/07/PrecBolsNaci_Sistema.2024-07-01.ndjson#PrecBolsNaci:Sistema:2024-07-01:2024-07-31
2024-07-26,PrecEscaAct,951.25229,COP/kWh,xm:servapibi,2026-09-22T19:24:24Z,xm/2024/07/PrecEscaAct_Sistema.2024-07-01.ndjson#PrecEscaAct:Sistema:2024-07-01:2024-07-31
2024-07-26,VoluUtilDiarEner,10227967500,kWh,xm:servapibi,2026-09-22T19:24:16Z,xm/2024/07/VoluUtilDiarEner_Sistema.2024-07-01.ndjson#VoluUtilDiarEner:Sistema:2024-07-01:2024-07-31
2024-07-27,AporEner,194457900,kWh,xm:servapibi,2026-09-22T19:24:19Z,xm/2024/07/AporEner_Sistema.2024-07-01.ndjson#AporEner:Sistema:2024-07-01:2024-07-31
2024-07-27,AporEnerMediHist,254520000,kWh,xm:servapibi,2026-09-22T19:24:20Z,xm/2024/07/AporEnerMediHist_Sistema.2024-07-01.ndjson#AporEnerMediHist:Sistema:2024-07-01:2024-07-31
2024-07-27,CapaUtilDiarEner,17359561885,kWh,xm:servapibi,2026-09-22T19:24:17Z,xm/2024/07/CapaUtilDiarEner_Sistema.2024-07-01.ndjson#CapaUtilDiarEner:Sistema:2024-07-01:2024-07-31
2024-07-27,DemaSIN,222160474.55,kWh,xm:servapibi,2026-09-22T19:24:23Z,xm/2024/07/DemaSIN_Sistema.2024-07-01.ndjson#DemaSIN:Sistema:2024-07-01:2024-07-31
2024-07-27,PorcApor,0.76402,fraction,xm:servapibi,2026-09-22T19:24:21Z,xm/2024/07/PorcApor_Sistema.2024-07-01.ndjson#PorcApor:Sistema:2024-07-01:2024-07-31
2024-07-27,PorcVoluUtilDiar,0.5906,fraction,xm:servapibi,2026-09-22T19:24:15Z,xm/2024/07/PorcVoluUtilDiar_Sistema.2024-07-01.ndjson#PorcVoluUtilDiar:Sistema:2024-07-01:2024-07-31
2024-07-27,PrecBolsNaci,340.32274333333345,COP/kWh,xm:servapibi,2026-09-22T19:24:25Z,xm/2024/07/PrecBolsNaci_Sistema.2024-07-01.ndjson#PrecBolsNaci:Sistema:2024-07-01:2024-07-31
2024-07-27,PrecEscaAct,951.25229,COP/kWh,xm:servapibi,2026-09-22T19:24:24Z,xm/2024/07/PrecEscaAct_Sistema.2024-07-01.ndjson#PrecEscaAct:Sistema:2024-07-01:2024-07-31
2024-07-27,VoluUtilDiarEner,10252475300,kWh,xm:servapibi,2026-09-22T19:24:16Z,xm/2024/07/VoluUtilDiarEner_Sistema.2024-07-01.ndjson#VoluUtilDiarEner:Sistema:2024-07-01:2024-07-31
2024-07-28,AporEner,286230700,kWh,xm:servapibi,2026-09-22T19:24:19Z,xm/2024/07/AporEner_Sistema.2024-07-01.ndjson#AporEner:Sistema:2024-07-01:2024-07-31
2024-07-28,AporEnerMediHist,254520000,kWh,xm:servapibi,2026-09-22T19:24:20Z,xm/2024/07/AporEnerMediHist_Sistema.2024-07-01.ndjson#AporEnerMediHist:Sistema:2024-07-01:2024-07-31
2024-07-28,CapaUtilDiarEner,17359561885,kWh,xm:servapibi,2026-09-22T19:24:17Z,xm/2024/07/CapaUtilDiarEner_Sistema.2024-07-01.ndjson#CapaUtilDiarEner:Sistema:2024-07-01:2024-07-31
2024-07-28,DemaSIN,205438127.94,kWh,xm:servapibi,2026-09-22T19:24:23Z,xm/2024/07/DemaSIN_Sistema.2024-07-01.ndjson#DemaSIN:Sistema:2024-07-01:2024-07-31
2024-07-28,PorcApor,1.12459,fraction,xm:servapibi,2026-09-22T19:24:21Z,xm/2024/07/PorcApor_Sistema.2024-07-01.ndjson#PorcApor:Sistema:2024-07-01:2024-07-31
2024-07-28,PorcVoluUtilDiar,0.596,fraction,xm:servapibi,2026-09-22T19:24:15Z,xm/2024/07/PorcVoluUtilDiar_Sistema.2024-07-01.ndjson#PorcVoluUtilDiar:Sistema:2024-07-01:2024-07-31
2024-07-28,PrecBolsNaci,282.00261333333344,COP/kWh,xm:servapibi,2026-09-22T19:24:25Z,xm/2024/07/PrecBolsNaci_Sistema.2024-07-01.ndjson#PrecBolsNaci:Sistema:2024-07-01:2024-07-31
2024-07-28,PrecEscaAct,951.25229,COP/kWh,xm:servapibi,2026-09-22T19:24:24Z,xm/2024/07/PrecEscaAct_Sistema.2024-07-01.ndjson#PrecEscaAct:Sistema:2024-07-01:2024-07-31
2024-07-28,VoluUtilDiarEner,10346281300,kWh,xm:servapibi,2026-09-22T19:24:16Z,xm/2024/07/VoluUtilDiarEner_Sistema.2024-07-01.ndjson#VoluUtilDiarEner:Sistema:2024-07-01:2024-07-31
2024-07-29,AporEner,177967300,kWh,xm:servapibi,2026-09-22T19:24:19Z,xm/2024/07/AporEner_Sistema.2024-07-01.ndjson#AporEner:Sistema:2024-07-01:2024-07-31
2024-07-29,AporEnerMediHist,254520000,kWh,xm:servapibi,2026-09-22T19:24:20Z,xm/2024/07/AporEnerMediHist_Sistema.2024-07-01.ndjson#AporEnerMediHist:Sistema:2024-07-01:2024-07-31
2024-07-29,CapaUtilDiarEner,17359561885,kWh,xm:servapibi,2026-09-22T19:24:17Z,xm/2024/07/CapaUtilDiarEner_Sistema.2024-07-01.ndjson#CapaUtilDiarEner:Sistema:2024-07-01:2024-07-31
2024-07-29,DemaSIN,233999587.38,kWh,xm:servapibi,2026-09-22T19:24:23Z,xm/2024/07/DemaSIN_Sistema.2024-07-01.ndjson#DemaSIN:Sistema:2024-07-01:2024-07-31
2024-07-29,PorcApor,0.69923,fraction,xm:servapibi,2026-09-22T19:24:21Z,xm/2024/07/PorcApor_Sistema.2024-07-01.ndjson#PorcApor:Sistema:2024-07-01:2024-07-31
2024-07-29,PorcVoluUtilDiar,0.5953,fraction,xm:servapibi,2026-09-22T19:24:15Z,xm/2024/07/PorcVoluUtilDiar_Sistema.2024-07-01.ndjson#PorcVoluUtilDiar:Sistema:2024-07-01:2024-07-31
2024-07-29,PrecBolsNaci,376.73386000000005,COP/kWh,xm:servapibi,2026-09-22T19:24:25Z,xm/2024/07/PrecBolsNaci_Sistema.2024-07-01.ndjson#PrecBolsNaci:Sistema:2024-07-01:2024-07-31
2024-07-29,PrecEscaAct,951.25229,COP/kWh,xm:servapibi,2026-09-22T19:24:24Z,xm/2024/07/PrecEscaAct_Sistema.2024-07-01.ndjson#PrecEscaAct:Sistema:2024-07-01:2024-07-31
2024-07-29,VoluUtilDiarEner,10334150500,kWh,xm:servapibi,2026-09-22T19:24:16Z,xm/2024/07/VoluUtilDiarEner_Sistema.2024-07-01.ndjson#VoluUtilDiarEner:Sistema:2024-07-01:2024-07-31
2024-07-30,AporEner,209157700,kWh,xm:servapibi,2026-09-22T19:24:19Z,xm/2024/07/AporEner_Sistema.2024-07-01.ndjson#AporEner:Sistema:2024-07-01:2024-07-31
2024-07-30,AporEnerMediHist,254520000,kWh,xm:servapibi,2026-09-22T19:24:20Z,xm/2024/07/AporEnerMediHist_Sistema.2024-07-01.ndjson#AporEnerMediHist:Sistema:2024-07-01:2024-07-31
2024-07-30,CapaUtilDiarEner,17359561885,kWh,xm:servapibi,2026-09-22T19:24:17Z,xm/2024/07/CapaUtilDiarEner_Sistema.2024-07-01.ndjson#CapaUtilDiarEner:Sistema:2024-07-01:2024-07-31
2024-07-30,DemaSIN,235638114.22,kWh,xm:servapibi,2026-09-22T19:24:23Z,xm/2024/07/DemaSIN_Sistema.2024-07-01.ndjson#DemaSIN:Sistema:2024-07-01:2024-07-31
2024-07-30,PorcApor,0.82177,fraction,xm:servapibi,2026-09-22T19:24:21Z,xm/2024/07/PorcApor_Sistema.2024-07-01.ndjson#PorcApor:Sistema:2024-07-01:2024-07-31
2024-07-30,PorcVoluUtilDiar,0.59469,fraction,xm:servapibi,2026-09-22T19:24:15Z,xm/2024/07/PorcVoluUtilDiar_Sistema.2024-07-01.ndjson#PorcVoluUtilDiar:Sistema:2024-07-01:2024-07-31
2024-07-30,PrecBolsNaci,400.52390999999994,COP/kWh,xm:servapibi,2026-09-22T19:24:25Z,xm/2024/07/PrecBolsNaci_Sistema.2024-07-01.ndjson#PrecBolsNaci:Sistema:2024-07-01:2024-07-31
2024-07-30,PrecEscaAct,951.25229,COP/kWh,xm:servapibi,2026-09-22T19:24:24Z,xm/2024/07/PrecEscaAct_Sistema.2024-07-01.ndjson#PrecEscaAct:Sistema:2024-07-01:2024-07-31
2024-07-30,VoluUtilDiarEner,10323496300,kWh,xm:servapibi,2026-09-22T19:24:16Z,xm/2024/07/VoluUtilDiarEner_Sistema.2024-07-01.ndjson#VoluUtilDiarEner:Sistema:2024-07-01:2024-07-31
2024-07-31,AporEner,233344100,kWh,xm:servapibi,2026-09-22T19:24:19Z,xm/2024/07/AporEner_Sistema.2024-07-01.ndjson#AporEner:Sistema:2024-07-01:2024-07-31
2024-07-31,AporEnerMediHist,254520000,kWh,xm:servapibi,2026-09-22T19:24:20Z,xm/2024/07/AporEnerMediHist_Sistema.2024-07-01.ndjson#AporEnerMediHist:Sistema:2024-07-01:2024-07-31
2024-07-31,CapaUtilDiarEner,17359561885,kWh,xm:servapibi,2026-09-22T19:24:17Z,xm/2024/07/CapaUtilDiarEner_Sistema.2024-07-01.ndjson#CapaUtilDiarEner:Sistema:2024-07-01:2024-07-31
2024-07-31,DemaSIN,234852572.91,kWh,xm:servapibi,2026-09-22T19:24:23Z,xm/2024/07/DemaSIN_Sistema.2024-07-01.ndjson#DemaSIN:Sistema:2024-07-01:2024-07-31
2024-07-31,PorcApor,0.9168,fraction,xm:servapibi,2026-09-22T19:24:21Z,xm/2024/07/PorcApor_Sistema.2024-07-01.ndjson#PorcApor:Sistema:2024-07-01:2024-07-31
2024-07-31,PorcVoluUtilDiar,0.59326,fraction,xm:servapibi,2026-09-22T19:24:15Z,xm/2024/07/PorcVoluUtilDiar_Sistema.2024-07-01.ndjson#PorcVoluUtilDiar:Sistema:2024-07-01:2024-07-31
2024-07-31,PrecBolsNaci,392.41585000000003,COP/kWh,xm:servapibi,2026-09-22T19:24:25Z,xm/2024/07/PrecBolsNaci_Sistema.2024-07-01.ndjson#PrecBolsNaci:Sistema:2024-07-01:2024-07-31
2024-07-31,PrecEscaAct,951.25229,COP/kWh,xm:servapibi,2026-09-22T19:24:24Z,xm/2024/07/PrecEscaAct_Sistema.2024-07-01.ndjson#PrecEscaAct:Sistema:2024-07-01:2024-07-31
2024-07-31,VoluUtilDiarEner,10298773400,kWh,xm:servapibi,2026-09-22T19:24:16Z,xm/2024/07/VoluUtilDiarEner_Sistema.2024-07-01.ndjson#VoluUtilDiarEner:Sistema:2024-07-01:2024-07-31
2024-08-01,AporEner,180084400,kWh,xm:servapibi,2026-09-22T19:24:33Z,xm/2024/08/AporEner_Sistema.2024-08-01.ndjson#AporEner:Sistema:2024-08-01:2024-08-31
2024-08-01,AporEnerMediHist,223310000,kWh,xm:servapibi,2026-09-22T19:24:35Z,xm/2024/08/AporEnerMediHist_Sistema.2024-08-01.ndjson#AporEnerMediHist:Sistema:2024-08-01:2024-08-31
2024-08-01,CapaUtilDiarEner,17359561885,kWh,xm:servapibi,2026-09-22T19:24:32Z,xm/2024/08/CapaUtilDiarEner_Sistema.2024-08-01.ndjson#CapaUtilDiarEner:Sistema:2024-08-01:2024-08-31
2024-08-01,DemaSIN,230923156.99,kWh,xm:servapibi,2026-09-22T19:24:37Z,xm/2024/08/DemaSIN_Sistema.2024-08-01.ndjson#DemaSIN:Sistema:2024-08-01:2024-08-31
2024-08-01,PorcApor,0.80643,fraction,xm:servapibi,2026-09-22T19:24:36Z,xm/2024/08/PorcApor_Sistema.2024-08-01.ndjson#PorcApor:Sistema:2024-08-01:2024-08-31
2024-08-01,PorcVoluUtilDiar,0.5901,fraction,xm:servapibi,2026-09-22T19:24:29Z,xm/2024/08/PorcVoluUtilDiar_Sistema.2024-08-01.ndjson#PorcVoluUtilDiar:Sistema:2024-08-01:2024-08-31
2024-08-01,PrecBolsNaci,434.1808966666667,COP/kWh,xm:servapibi,2026-09-22T19:24:40Z,xm/2024/08/PrecBolsNaci_Sistema.2024-08-01.ndjson#PrecBolsNaci:Sistema:2024-08-01:2024-08-31
2024-08-01,PrecEscaAct,920.81738,COP/kWh,xm:servapibi,2026-09-22T19:24:38Z,xm/2024/08/PrecEscaAct_Sistema.2024-08-01.ndjson#PrecEscaAct:Sistema:2024-08-01:2024-08-31
2024-08-01,VoluUtilDiarEner,10243944900,kWh,xm:servapibi,2026-09-22T19:24:31Z,xm/2024/08/VoluUtilDiarEner_Sistema.2024-08-01.ndjson#VoluUtilDiarEner:Sistema:2024-08-01:2024-08-31
2024-08-02,AporEner,163205500,kWh,xm:servapibi,2026-09-22T19:24:33Z,xm/2024/08/AporEner_Sistema.2024-08-01.ndjson#AporEner:Sistema:2024-08-01:2024-08-31
2024-08-02,AporEnerMediHist,223310000,kWh,xm:servapibi,2026-09-22T19:24:35Z,xm/2024/08/AporEnerMediHist_Sistema.2024-08-01.ndjson#AporEnerMediHist:Sistema:2024-08-01:2024-08-31
2024-08-02,CapaUtilDiarEner,17359561885,kWh,xm:servapibi,2026-09-22T19:24:32Z,xm/2024/08/CapaUtilDiarEner_Sistema.2024-08-01.ndjson#CapaUtilDiarEner:Sistema:2024-08-01:2024-08-31
2024-08-02,DemaSIN,232234113.8,kWh,xm:servapibi,2026-09-22T19:24:37Z,xm/2024/08/DemaSIN_Sistema.2024-08-01.ndjson#DemaSIN:Sistema:2024-08-01:2024-08-31
2024-08-02,PorcApor,0.73085,fraction,xm:servapibi,2026-09-22T19:24:36Z,xm/2024/08/PorcApor_Sistema.2024-08-01.ndjson#PorcApor:Sistema:2024-08-01:2024-08-31
2024-08-02,PorcVoluUtilDiar,0.58728,fraction,xm:servapibi,2026-09-22T19:24:29Z,xm/2024/08/PorcVoluUtilDiar_Sistema.2024-08-01.ndjson#PorcVoluUtilDiar:Sistema:2024-08-01:2024-08-31
2024-08-02,PrecBolsNaci,401.32261499999987,COP/kWh,xm:servapibi,2026-09-22T19:24:40Z,xm/2024/08/PrecBolsNaci_Sistema.2024-08-01.ndjson#PrecBolsNaci:Sistema:2024-08-01:2024-08-31
2024-08-02,PrecEscaAct,920.81738,COP/kWh,xm:servapibi,2026-09-22T19:24:38Z,xm/2024/08/PrecEscaAct_Sistema.2024-08-01.ndjson#PrecEscaAct:Sistema:2024-08-01:2024-08-31
2024-08-02,VoluUtilDiarEner,10194949400,kWh,xm:servapibi,2026-09-22T19:24:31Z,xm/2024/08/VoluUtilDiarEner_Sistema.2024-08-01.ndjson#VoluUtilDiarEner:Sistema:2024-08-01:2024-08-31
2024-08-03,AporEner,146618100,kWh,xm:servapibi,2026-09-22T19:24:33Z,xm/2024/08/AporEner_Sistema.2024-08-01.ndjson#AporEner:Sistema:2024-08-01:2024-08-31
2024-08-03,AporEnerMediHist,223310000,kWh,xm:servapibi,2026-09-22T19:24:35Z,xm/2024/08/AporEnerMediHist_Sistema.2024-08-01.ndjson#AporEnerMediHist:Sistema:2024-08-01:2024-08-31
2024-08-03,CapaUtilDiarEner,17359561885,kWh,xm:servapibi,2026-09-22T19:24:32Z,xm/2024/08/CapaUtilDiarEner_Sistema.2024-08-01.ndjson#CapaUtilDiarEner:Sistema:2024-08-01:2024-08-31
2024-08-03,DemaSIN,223503470.05,kWh,xm:servapibi,2026-09-22T19:24:37Z,xm/2024/08/DemaSIN_Sistema.2024-08-01.ndjson#DemaSIN:Sistema:2024-08-01:2024-08-31
2024-08-03,PorcApor,0.65657,fraction,xm:servapibi,2026-09-22T19:24:36Z,xm/2024/08/PorcApor_Sistema.2024-08-01.ndjson#PorcApor:Sistema:2024-08-01:2024-08-31
2024-08-03,PorcVoluUtilDiar,0.58494,fraction,xm:servapibi,2026-09-22T19:24:29Z,xm/2024/08/PorcVoluUtilDiar_Sistema.2024-08-01.ndjson#PorcVoluUtilDiar:Sistema:2024-08-01:2024-08-31
2024-08-03,PrecBolsNaci,476.42324,COP/kWh,xm:servapibi,2026-09-22T19:24:40Z,xm/2024/08/PrecBolsNaci_Sistema.2024-08-01.ndjson#PrecBolsNaci:Sistema:2024-08-01:2024-08-31
2024-08-03,PrecEscaAct,920.81738,COP/kWh,xm:servapibi,2026-09-22T19:24:38Z,xm/2024/08/PrecEscaAct_Sistema.2024-08-01.ndjson#PrecEscaAct:Sistema:2024-08-01:2024-08-31
2024-08-03,VoluUtilDiarEner,10154262900,kWh,xm:servapibi,2026-09-22T19:24:31Z,xm/2024/08/VoluUtilDiarEner_Sistema.2024-08-01.ndjson#VoluUtilDiarEner:Sistema:2024-08-01:2024-08-31
2024-08-04,AporEner,140538900,kWh,xm:servapibi,2026-09-22T19:24:33Z,xm/2024/08/AporEner_Sistema.2024-08-01.ndjson#AporEner:Sistema:2024-08-01:2024-08-31
2024-08-04,AporEnerMediHist,223310000,kWh,xm:servapibi,2026-09-22T19:24:35Z,xm/2024/08/AporEnerMediHist_Sistema.2024-08-01.ndjson#AporEnerMediHist:Sistema:2024-08-01:2024-08-31
2024-08-04,CapaUtilDiarEner,17359561885,kWh,xm:servapibi,2026-09-22T19:24:32Z,xm/2024/08/CapaUtilDiarEner_Sistema.2024-08-01.ndjson#CapaUtilDiarEner:Sistema:2024-08-01:2024-08-31
2024-08-04,DemaSIN,204330190.92,kWh,xm:servapibi,2026-09-22T19:24:37Z,xm/2024/08/DemaSIN_Sistema.2024-08-01.ndjson#DemaSIN:Sistema:2024-08-01:2024-08-31
2024-08-04,PorcApor,0.62934,fraction,xm:servapibi,2026-09-22T19:24:36Z,xm/2024/08/PorcApor_Sistema.2024-08-01.ndjson#PorcApor:Sistema:2024-08-01:2024-08-31
2024-08-04,PorcVoluUtilDiar,0.58493,fraction,xm:servapibi,2026-09-22T19:24:29Z,xm/2024/08/PorcVoluUtilDiar_Sistema.2024-08-01.ndjson#PorcVoluUtilDiar:Sistema:2024-08-01:2024-08-31
2024-08-04,PrecBolsNaci,460.3236699999998,COP/kWh,xm:servapibi,2026-09-22T19:24:40Z,xm/2024/08/PrecBolsNaci_Sistema.2024-08-01.ndjson#PrecBolsNaci:Sistema:2024-08-01:2024-08-31
2024-08-04,PrecEscaAct,920.81738,COP/kWh,xm:servapibi,2026-09-22T19:24:38Z,xm/2024/08/PrecEscaAct_Sistema.2024-08-01.ndjson#PrecEscaAct:Sistema:2024-08-01:2024-08-31
2024-08-04,VoluUtilDiarEner,10154055100,kWh,xm:servapibi,2026-09-22T19:24:31Z,xm/2024/08/VoluUtilDiarEner_Sistema.2024-08-01.ndjson#VoluUtilDiarEner:Sistema:2024-08-01:2024-08-31
2024-08-05,AporEner,180772900,kWh,xm:servapibi,2026-09-22T19:24:33Z,xm/2024/08/AporEner_Sistema.2024-08-01.ndjson#AporEner:Sistema:2024-08-01:2024-08-31
2024-08-05,AporEnerMediHist,223310000,kWh,xm:servapibi,2026-09-22T19:24:35Z,xm/2024/08/AporEnerMediHist_Sistema.2024-08-01.ndjson#AporEnerMediHist:Sistema:2024-08-01:2024-08-31
2024-08-05,CapaUtilDiarEner,17358205165,kWh,xm:servapibi,2026-09-22T19:24:32Z,xm/2024/08/CapaUtilDiarEner_Sistema.2024-08-01.ndjson#CapaUtilDiarEner:Sistema:2024-08-01:2024-08-31
2024-08-05,DemaSIN,228973858.98,kWh,xm:servapibi,2026-09-22T19:24:37Z,xm/2024/08/DemaSIN_Sistema.2024-08-01.ndjson#DemaSIN:Sistema:2024-08-01:2024-08-31
2024-08-05,PorcApor,0.80952,fraction,xm:servapibi,2026-09-22T19:24:36Z,xm/2024/08/PorcApor_Sistema.2024-08-01.ndjson#PorcApor:Sistema:2024-08-01:2024-08-31
2024-08-05,PorcVoluUtilDiar,0.58487,fraction,xm:servapibi,2026-09-22T19:24:29Z,xm/2024/08/PorcVoluUtilDiar_Sistema.2024-08-01.ndjson#PorcVoluUtilDiar:Sistema:2024-08-01:2024-08-31
2024-08-05,PrecBolsNaci,526.5342533333333,COP/kWh,xm:servapibi,2026-09-22T19:24:40Z,xm/2024/08/PrecBolsNaci_Sistema.2024-08-01.ndjson#PrecBolsNaci:Sistema:2024-08-01:2024-08-31
2024-08-05,PrecEscaAct,920.81738,COP/kWh,xm:servapibi,2026-09-22T19:24:38Z,xm/2024/08/PrecEscaAct_Sistema.2024-08-01.ndjson#PrecEscaAct:Sistema:2024-08-01:2024-08-31
2024-08-05,VoluUtilDiarEner,10152272700,kWh,xm:servapibi,2026-09-22T19:24:31Z,xm/2024/08/VoluUtilDiarEner_Sistema.2024-08-01.ndjson#VoluUtilDiarEner:Sistema:2024-08-01:2024-08-31
2024-08-06,AporEner,199777400,kWh,xm:servapibi,2026-09-22T19:24:33Z,xm/2024/08/AporEner_Sistema.2024-08-01.ndjson#AporEner:Sistema:2024-08-01:2024-08-31
2024-08-06,AporEnerMediHist,223310000,kWh,xm:servapibi,2026-09-22T19:24:35Z,xm/2024/08/AporEnerMediHist_Sistema.2024-08-01.ndjson#AporEnerMediHist:Sistema:2024-08-01:2024-08-31
2024-08-06,CapaUtilDiarEner,17358205165,kWh,xm:servapibi,2026-09-22T19:24:32Z,xm/2024/08/CapaUtilDiarEner_Sistema.2024-08-01.ndjson#CapaUtilDiarEner:Sistema:2024-08-01:2024-08-31
2024-08-06,DemaSIN,227013971.02,kWh,xm:servapibi,2026-09-22T19:24:37Z,xm/2024/08/DemaSIN_Sistema.2024-08-01.ndjson#DemaSIN:Sistema:2024-08-01:2024-08-31
2024-08-06,PorcApor,0.89462,fraction,xm:servapibi,2026-09-22T19:24:36Z,xm/2024/08/PorcApor_Sistema.2024-08-01.ndjson#PorcApor:Sistema:2024-08-01:2024-08-31
2024-08-06,PorcVoluUtilDiar,0.58562,fraction,xm:servapibi,2026-09-22T19:24:29Z,xm/2024/08/PorcVoluUtilDiar_Sistema.2024-08-01.ndjson#PorcVoluUtilDiar:Sistema:2024-08-01:2024-08-31
2024-08-06,PrecBolsNaci,486.77151333333313,COP/kWh,xm:servapibi,2026-09-22T19:24:40Z,xm/2024/08/PrecBolsNaci_Sistema.2024-08-01.ndjson#PrecBolsNaci:Sistema:2024-08-01:2024-08-31
2024-08-06,PrecEscaAct,920.81738,COP/kWh,xm:servapibi,2026-09-22T19:24:38Z,xm/2024/08/PrecEscaAct_Sistema.2024-08-01.ndjson#PrecEscaAct:Sistema:2024-08-01:2024-08-31
2024-08-06,VoluUtilDiarEner,10165247200,kWh,xm:servapibi,2026-09-22T19:24:31Z,xm/2024/08/VoluUtilDiarEner_Sistema.2024-08-01.ndjson#VoluUtilDiarEner:Sistema:2024-08-01:2024-08-31
2024-08-07,AporEner,188170400,kWh,xm:servapibi,2026-09-22T19:24:33Z,xm/2024/08/AporEner_Sistema.2024-08-01.ndjson#AporEner:Sistema:2024-08-01:2024-08-31
2024-08-07,AporEnerMediHist,223310000,kWh,xm:servapibi,2026-09-22T19:24:35Z,xm/2024/08/AporEnerMediHist_Sistema.2024-08-01.ndjson#AporEnerMediHist:Sistema:2024-08-01:2024-08-31
2024-08-07,CapaUtilDiarEner,17358205165,kWh,xm:servapibi,2026-09-22T19:24:32Z,xm/2024/08/CapaUtilDiarEner_Sistema.2024-08-01.ndjson#CapaUtilDiarEner:Sistema:2024-08-01:2024-08-31
2024-08-07,DemaSIN,209616683.96,kWh,xm:servapibi,2026-09-22T19:24:37Z,xm/2024/08/DemaSIN_Sistema.2024-08-01.ndjson#DemaSIN:Sistema:2024-08-01:2024-08-31
2024-08-07,PorcApor,0.84264,fraction,xm:servapibi,2026-09-22T19:24:36Z,xm/2024/08/PorcApor_Sistema.2024-08-01.ndjson#PorcApor:Sistema:2024-08-01:2024-08-31
2024-08-07,PorcVoluUtilDiar,0.58563,fraction,xm:servapibi,2026-09-22T19:24:29Z,xm/2024/08/PorcVoluUtilDiar_Sistema.2024-08-01.ndjson#PorcVoluUtilDiar:Sistema:2024-08-01:2024-08-31
2024-08-07,PrecBolsNaci,454.30646999999976,COP/kWh,xm:servapibi,2026-09-22T19:24:40Z,xm/2024/08/PrecBolsNaci_Sistema.2024-08-01.ndjson#PrecBolsNaci:Sistema:2024-08-01:2024-08-31
2024-08-07,PrecEscaAct,920.81738,COP/kWh,xm:servapibi,2026-09-22T19:24:38Z,xm/2024/08/PrecEscaAct_Sistema.2024-08-01.ndjson#PrecEscaAct:Sistema:2024-08-01:2024-08-31
2024-08-07,VoluUtilDiarEner,10165442600,kWh,xm:servapibi,2026-09-22T19:24:31Z,xm/2024/08/VoluUtilDiarEner_Sistema.2024-08-01.ndjson#VoluUtilDiarEner:Sistema:2024-08-01:2024-08-31
2024-08-08,AporEner,139797000,kWh,xm:servapibi,2026-09-22T19:24:33Z,xm/2024/08/AporEner_Sistema.2024-08-01.ndjson#AporEner:Sistema:2024-08-01:2024-08-31
2024-08-08,AporEnerMediHist,223310000,kWh,xm:servapibi,2026-09-22T19:24:35Z,xm/2024/08/AporEnerMediHist_Sistema.2024-08-01.ndjson#AporEnerMediHist:Sistema:2024-08-01:2024-08-31
2024-08-08,CapaUtilDiarEner,17358205165,kWh,xm:servapibi,2026-09-22T19:24:32Z,xm/2024/08/CapaUtilDiarEner_Sistema.2024-08-01.ndjson#CapaUtilDiarEner:Sistema:2024-08-01:2024-08-31
2024-08-08,DemaSIN,230021387.7,kWh,xm:servapibi,2026-09-22T19:24:37Z,xm/2024/08/DemaSIN_Sistema.2024-08-01.ndjson#DemaSIN:Sistema:2024-08-01:2024-08-31
2024-08-08,PorcApor,0.62602,fraction,xm:servapibi,2026-09-22T19:24:36Z,xm/2024/08/PorcApor_Sistema.2024-08-01.ndjson#PorcApor:Sistema:2024-08-01:2024-08-31
2024-08-08,PorcVoluUtilDiar,0.58198,fraction,xm:servapibi,2026-09-22T19:24:29Z,xm/2024/08/PorcVoluUtilDiar_Sistema.2024-08-01.ndjson#PorcVoluUtilDiar:Sistema:2024-08-01:2024-08-31
2024-08-08,PrecBolsNaci,551.3830666666665,COP/kWh,xm:servapibi,2026-09-22T19:24:40Z,xm/2024/08/PrecBolsNaci_Sistema.2024-08-01.ndjson#PrecBolsNaci:Sistema:2024-08-01:2024-08-31
2024-08-08,PrecEscaAct,920.81738,COP/kWh,xm:servapibi,2026-09-22T19:24:38Z,xm/2024/08/PrecEscaAct_Sistema.2024-08-01.ndjson#PrecEscaAct:Sistema:2024-08-01:2024-08-31
2024-08-08,VoluUtilDiarEner,10102170500,kWh,xm:servapibi,2026-09-22T19:24:31Z,xm/2024/08/VoluUtilDiarEner_Sistema.2024-08-01.ndjson#VoluUtilDiarEner:Sistema:2024-08-01:2024-08-31
2024-08-09,AporEner,173115100,kWh,xm:servapibi,2026-09-22T19:24:33Z,xm/2024/08/AporEner_Sistema.2024-08-01.ndjson#AporEner:Sistema:2024-08-01:2024-08-31
2024-08-09,AporEnerMediHist,223310000,kWh,xm:servapibi,2026-09-22T19:24:35Z,xm/2024/08/AporEnerMediHist_Sistema.2024-08-01.ndjson#AporEnerMediHist:Sistema:2024-08-01:2024-08-31
2024-08-09,CapaUtilDiarEner,17358205165,kWh,xm:servapibi,2026-09-22T19:24:32Z,xm/2024/08/CapaUtilDiarEner_Sistema.2024-08-01.ndjson#CapaUtilDiarEner:Sistema:2024-08-01:2024-08-31
2024-08-09,DemaSIN,231382527.93,kWh,xm:servapibi,2026-09-22T19:24:37Z,xm/2024/08/DemaSIN_Sistema.2024-08-01.ndjson#DemaSIN:Sistema:2024-08-01:2024-08-31
2024-08-09,PorcApor,0.77522,fraction,xm:servapibi,2026-09-22T19:24:36Z,xm/2024/08/PorcApor_Sistema.2024-08-01.ndjson#PorcApor:Sistema:2024-08-01:2024-08-31
2024-08-09,PorcVoluUtilDiar,0.58092,fraction,xm:servapibi,2026-09-22T19:24:29Z,xm/2024/08/PorcVoluUtilDiar_Sistema.2024-08-01.ndjson#PorcVoluUtilDiar:Sistema:2024-08-01:2024-08-31
2024-08-09,PrecBolsNaci,553.0584050000001,COP/kWh,xm:servapibi,2026-09-22T19:24:40Z,xm/2024/08/PrecBolsNaci_Sistema.2024-08-01.ndjson#PrecBolsNaci:Sistema:2024-08-01:2024-08-31
2024-08-09,PrecEscaAct,920.81738,COP/kWh,xm:servapibi,2026-09-22T19:24:38Z,xm/2024/08/PrecEscaAct_Sistema.2024-08-01.ndjson#PrecEscaAct:Sistema:2024-08-01:2024-08-31
2024-08-09,VoluUtilDiarEner,10083815000,kWh,xm:servapibi,2026-09-22T19:24:31Z,xm/2024/08/VoluUtilDiarEner_Sistema.2024-08-01.ndjson#VoluUtilDiarEner:Sistema:2024-08-01:2024-08-31
2024-08-10,AporEner,177449800,kWh,xm:servapibi,2026-09-22T19:24:33Z,xm/2024/08/AporEner_Sistema.2024-08-01.ndjson#AporEner:Sistema:2024-08-01:2024-08-31
2024-08-10,AporEnerMediHist,223310000,kWh,xm:servapibi,2026-09-22T19:24:35Z,xm/2024/08/AporEnerMediHist_Sistema.2024-08-01.ndjson#AporEnerMediHist:Sistema:2024-08-01:2024-08-31
2024-08-10,CapaUtilDiarEner,17358205165,kWh,xm:servapibi,2026-09-22T19:24:32Z,xm/2024/08/CapaUtilDiarEner_Sistema.2024-08-01.ndjson#CapaUtilDiarEner:Sistema:2024-08-01:2024-08-31
2024-08-10,DemaSIN,218829626.06,kWh,xm:servapibi,2026-09-22T19:24:37Z,xm/2024/08/DemaSIN_Sistema.2024-08-01.ndjson#DemaSIN:Sistema:2024-08-01:2024-08-31
2024-08-10,PorcApor,0.79463,fraction,xm:servapibi,2026-09-22T19:24:36Z,xm/2024/08/PorcApor_Sistema.2024-08-01.ndjson#PorcApor:Sistema:2024-08-01:2024-08-31
2024-08-10,PorcVoluUtilDiar,0.58075,fraction,xm:servapibi,2026-09-22T19:24:29Z,xm/2024/08/PorcVoluUtilDiar_Sistema.2024-08-01.ndjson#PorcVoluUtilDiar:Sistema:2024-08-01:2024-08-31
2024-08-10,PrecBolsNaci,546.2972800000001,COP/kWh,xm:servapibi,2026-09-22T19:24:40Z,xm/2024/08/PrecBolsNaci_Sistema.2024-08-01.ndjson#PrecBolsNaci:Sistema:2024-08-01:2024-08-31
2024-08-10,PrecEscaAct,920.81738,COP/kWh,xm:servapibi,2026-09-22T19:24:38Z,xm/2024/08/PrecEscaAct_Sistema.2024-08-01.ndjson#PrecEscaAct:Sistema:2024-08-01:2024-08-31
2024-08-10,VoluUtilDiarEner,10080715400,kWh,xm:servapibi,2026-09-22T19:24:31Z,xm/2024/08/VoluUtilDiarEner_Sistema.2024-08-01.ndjson#VoluUtilDiarEner:Sistema:2024-08-01:2024-08-31
2024-08-11,AporEner,192003900,kWh,xm:servapibi,2026-09-22T19:24:33Z,xm/2024/08/AporEner_Sistema.2024-08-01.ndjson#AporEner:Sistema:2024-08-01:2024-08-31
2024-08-11,AporEnerMediHist,223310000,kWh,xm:servapibi,2026-09-22T19:24:35Z,xm/2024/08/AporEnerMediHist_Sistema.2024-08-01.ndjson#AporEnerMediHist:Sistema:2024-08-01:2024-08-31
2024-08-11,CapaUtilDiarEner,17358205165,kWh,xm:servapibi,2026-09-22T19:24:32Z,xm/2024/08/CapaUtilDiarEner_Sistema.2024-08-01.ndjson#CapaUtilDiarEner:Sistema:2024-08-01:2024-08-31
2024-08-11,DemaSIN,198791978.03,kWh,xm:servapibi,2026-09-22T19:24:37Z,xm/2024/08/DemaSIN_Sistema.2024-08-01.ndjson#DemaSIN:Sistema:2024-08-01:2024-08-31
2024-08-11,PorcApor,0.85981,fraction,xm:servapibi,2026-09-22T19:24:36Z,xm/2024/08/PorcApor_Sistema.2024-08-01.ndjson#PorcApor:Sistema:2024-08-01:2024-08-31
2024-08-11,PorcVoluUtilDiar,0.5822,fraction,xm:servapibi,2026-09-22T19:24:29Z,xm/2024/08/PorcVoluUtilDiar_Sistema.2024-08-01.ndjson#PorcVoluUtilDiar:Sistema:2024-08-01:2024-08-31
2024-08-11,PrecBolsNaci,395.0306583333333,COP/kWh,xm:servapibi,2026-09-22T19:24:40Z,xm/2024/08/PrecBolsNaci_Sistema.2024-08-01.ndjson#PrecBolsNaci:Sistema:2024-08-01:2024-08-31
2024-08-11,PrecEscaAct,920.81738,COP/kWh,xm:servapibi,2026-09-22T19:24:38Z,xm/2024/08/PrecEscaAct_Sistema.2024-08-01.ndjson#PrecEscaAct:Sistema:2024-08-01:2024-08-31
2024-08-11,VoluUtilDiarEner,10105957200,kWh,xm:servapibi,2026-09-22T19:24:31Z,xm/2024/08/VoluUtilDiarEner_Sistema.2024-08-01.ndjson#VoluUtilDiarEner:Sistema:2024-08-01:2024-08-31
2024-08-12,AporEner,165760100,kWh,xm:servapibi,2026-09-22T19:24:33Z,xm/2024/08/AporEner_Sistema.2024-08-01.ndjson#AporEner:Sistema:2024-08-01:2024-08-31
2024-08-12,AporEnerMediHist,223310000,kWh,xm:servapibi,2026-09-22T19:24:35Z,xm/2024/08/AporEnerMediHist_Sistema.2024-08-01.ndjson#AporEnerMediHist:Sistema:2024-08-01:2024-08-31
2024-08-12,CapaUtilDiarEner,17358205165,kWh,xm:servapibi,2026-09-22T19:24:32Z,xm/2024/08/CapaUtilDiarEner_Sistema.2024-08-01.ndjson#CapaUtilDiarEner:Sistema:2024-08-01:2024-08-31
2024-08-12,DemaSIN,226780244.75,kWh,xm:servapibi,2026-09-22T19:24:37Z,xm/2024/08/DemaSIN_Sistema.2024-08-01.ndjson#DemaSIN:Sistema:2024-08-01:2024-08-31
2024-08-12,PorcApor,0.74229,fraction,xm:servapibi,2026-09-22T19:24:36Z,xm/2024/08/PorcApor_Sistema.2024-08-01.ndjson#PorcApor:Sistema:2024-08-01:2024-08-31
2024-08-12,PorcVoluUtilDiar,0.58177,fraction,xm:servapibi,2026-09-22T19:24:29Z,xm/2024/08/PorcVoluUtilDiar_Sistema.2024-08-01.ndjson#PorcVoluUtilDiar:Sistema:2024-08-01:2024-08-31
2024-08-12,PrecBolsNaci,604.7132199999998,COP/kWh,xm:servapibi,2026-09-22T19:24:40Z,xm/2024/08/PrecBolsNaci_Sistema.2024-08-01.ndjson#PrecBolsNaci:Sistema:2024-08-01:2024-08-31
2024-08-12,PrecEscaAct,920.81738,COP/kWh,xm:servapibi,2026-09-22T19:24:38Z,xm/2024/08/PrecEscaAct_Sistema.2024-08-01.ndjson#PrecEscaAct:Sistema:2024-08-01:2024-08-31
2024-08-12,VoluUtilDiarEner,10098538900,kWh,xm:servapibi,2026-09-22T19:24:31Z,xm/2024/08/VoluUtilDiarEner_Sistema.2024-08-01.ndjson#VoluUtilDiarEner:Sistema:2024-08-01:2024-08-31
2024-08-13,AporEner,217941800,kWh,xm:servapibi,2026-09-22T19:24:33Z,xm/2024/08/AporEner_Sistema.2024-08-01.ndjson#AporEner:Sistema:2024-08-01:2024-08-31
2024-08-13,AporEnerMediHist,223310000,kWh,xm:servapibi,2026-09-22T19:24:35Z,xm/2024/08/AporEnerMediHist_Sistema.2024-08-01.ndjson#AporEnerMediHist:Sistema:2024-08-01:2024-08-31
2024-08-13,CapaUtilDiarEner,17358205165,kWh,xm:servapibi,2026-09-22T19:24:32Z,xm/2024/08/CapaUtilDiarEner_Sistema.2024-08-01.ndjson#CapaUtilDiarEner:Sistema:2024-08-01:2024-08-31
2024-08-13,DemaSIN,227605080.7,kWh,xm:servapibi,2026-09-22T19:24:37Z,xm/2024/08/DemaSIN_Sistema.2024-08-01.ndjson#DemaSIN:Sistema:2024-08-01:2024-08-31
2024-08-13,PorcApor,0.97596,fraction,xm:servapibi,2026-09-22T19:24:36Z,xm/2024/08/PorcApor_Sistema.2024-08-01.ndjson#PorcApor:Sistema:2024-08-01:2024-08-31
2024-08-13,PorcVoluUtilDiar,0.58303,fraction,xm:servapibi,2026-09-22T19:24:29Z,xm/2024/08/PorcVoluUtilDiar_Sistema.2024-08-01.ndjson#PorcVoluUtilDiar:Sistema:2024-08-01:2024-08-31
2024-08-13,PrecBolsNaci,619.6532800000001,COP/kWh,xm:servapibi,2026-09-22T19:24:40Z,xm/2024/08/PrecBolsNaci_Sistema.2024-08-01.ndjson#PrecBolsNaci:Sistema:2024-08-01:2024-08-31
2024-08-13,PrecEscaAct,920.81738,COP/kWh,xm:servapibi,2026-09-22T19:24:38Z,xm/2024/08/PrecEscaAct_Sistema.2024-08-01.ndjson#PrecEscaAct:Sistema:2024-08-01:2024-08-31
2024-08-13,VoluUtilDiarEner,10120386700,kWh,xm:servapibi,2026-09-22T19:24:31Z,xm/2024/08/VoluUtilDiarEner_Sistema.2024-08-01.ndjson#VoluUtilDiarEner:Sistema:2024-08-01:2024-08-31
2024-08-14,AporEner,163461200,kWh,xm:servapibi,2026-09-22T19:24:33Z,xm/2024/08/AporEner_Sistema.2024-08-01.ndjson#AporEner:Sistema:2024-08-01:2024-08-31
2024-08-14,AporEnerMediHist,223310000,kWh,xm:servapibi,2026-09-22T19:24:35Z,xm/2024/08/AporEnerMediHist_Sistema.2024-08-01.ndjson#AporEnerMediHist:Sistema:2024-08-01:2024-08-31
2024-08-14,CapaUtilDiarEner,17358205165,kWh,xm:servapibi,2026-09-22T19:24:32Z,xm/2024/08/CapaUtilDiarEner_Sistema.2024-08-01.ndjson#CapaUtilDiarEner:Sistema:2024-08-01:2024-08-31
2024-08-14,DemaSIN,232161634.93,kWh,xm:servapibi,2026-09-22T19:24:37Z,xm/2024/08/DemaSIN_Sistema.2024-08-01.ndjson#DemaSIN:Sistema:2024-08-01:2024-08-31
2024-08-14,PorcApor,0.73199,fraction,xm:servapibi,2026-09-22T19:24:36Z,xm/2024/08/PorcApor_Sistema.2024-08-01.ndjson#PorcApor:Sistema:2024-08-01:2024-08-31
2024-08-14,PorcVoluUtilDiar,0.58103,fraction,xm:servapibi,2026-09-22T19:24:29Z,xm/2024/08/PorcVoluUtilDiar_Sistema.2024-08-01.ndjson#PorcVoluUtilDiar:Sistema:2024-08-01:2024-08-31
2024-08-14,PrecBolsNaci,672.5653733333331,COP/kWh,xm:servapibi,2026-09-22T19:24:40Z,xm/2024/08/PrecBolsNaci_Sistema.2024-08-01.ndjson#PrecBolsNaci:Sistema:2024-08-01:2024-08-31
2024-08-14,PrecEscaAct,920.81738,COP/kWh,xm:servapibi,2026-09-22T19:24:38Z,xm/2024/08/PrecEscaAct_Sistema.2024-08-01.ndjson#PrecEscaAct:Sistema:2024-08-01:2024-08-31
2024-08-14,VoluUtilDiarEner,10085635700,kWh,xm:servapibi,2026-09-22T19:24:31Z,xm/2024/08/VoluUtilDiarEner_Sistema.2024-08-01.ndjson#VoluUtilDiarEner:Sistema:2024-08-01:2024-08-31
2024-08-15,AporEner,127215400,kWh,xm:servapibi,2026-09-22T19:24:33Z,xm/2024/08/AporEner_Sistema.2024-08-01.ndjson#AporEner:Sistema:2024-08-01:2024-08-31
2024-08-15,AporEnerMediHist,223310000,kWh,xm:servapibi,2026-09-22T19:24:35Z,xm/2024/08/AporEnerMediHist_Sistema.2024-08-01.ndjson#AporEnerMediHist:Sistema:2024-08-01:2024-08-31
2024-08-15,CapaUtilDiarEner,17358205165,kWh,xm:servapibi,2026-09-22T19:24:32Z,xm/2024/08/CapaUtilDiarEner_Sistema.2024-08-01.ndjson#CapaUtilDiarEner:Sistema:2024-08-01:2024-08-31
2024-08-15,DemaSIN,236182637.07,kWh,xm:servapibi,2026-09-22T19:24:37Z,xm/2024/08/DemaSIN_Sistema.2024-08-01.ndjson#DemaSIN:Sistema:2024-08-01:2024-08-31
2024-08-15,PorcApor,0.56968,fraction,xm:servapibi,2026-09-22T19:24:36Z,xm/2024/08/PorcApor_Sistema.2024-08-01.ndjson#PorcApor:Sistema:2024-08-01:2024-08-31
2024-08-15,PorcVoluUtilDiar,0.57718,fraction,xm:servapibi,2026-09-22T19:24:29Z,xm/2024/08/PorcVoluUtilDiar_Sistema.2024-08-01.ndjson#PorcVoluUtilDiar:Sistema:2024-08-01:2024-08-31
2024-08-15,PrecBolsNaci,644.6536583333335,COP/kWh,xm:servapibi,2026-09-22T19:24:40Z,xm/2024/08/PrecBolsNaci_Sistema.2024-08-01.ndjson#PrecBolsNaci:Sistema:2024-08-01:2024-08-31
2024-08-15,PrecEscaAct,920.81738,COP/kWh,xm:servapibi,2026-09-22T19:24:38Z,xm/2024/08/PrecEscaAct_Sistema.2024-08-01.ndjson#PrecEscaAct:Sistema:2024-08-01:2024-08-31
2024-08-15,VoluUtilDiarEner,10018726700,kWh,xm:servapibi,2026-09-22T19:24:31Z,xm/2024/08/VoluUtilDiarEner_Sistema.2024-08-01.ndjson#VoluUtilDiarEner:Sistema:2024-08-01:2024-08-31
2024-08-16,AporEner,150356100,kWh,xm:servapibi,2026-09-22T19:24:33Z,xm/2024/08/AporEner_Sistema.2024-08-01.ndjson#AporEner:Sistema:2024-08-01:2024-08-31
2024-08-16,AporEnerMediHist,223310000,kWh,xm:servapibi,2026-09-22T19:24:35Z,xm/2024/08/AporEnerMediHist_Sistema.2024-08-01.ndjson#AporEnerMediHist:Sistema:2024-08-01:2024-08-31
2024-08-16,CapaUtilDiarEner,17358205165,kWh,xm:servapibi,2026-09-22T19:24:32Z,xm/2024/08/CapaUtilDiarEner_Sistema.2024-08-01.ndjson#CapaUtilDiarEner:Sistema:2024-08-01:2024-08-31
2024-08-16,DemaSIN,236791867.15,kWh,xm:servapibi,2026-09-22T19:24:37Z,xm/2024/08/DemaSIN_Sistema.2024-08-01.ndjson#DemaSIN:Sistema:2024-08-01:2024-08-31
2024-08-16,PorcApor,0.67331,fraction,xm:servapibi,2026-09-22T19:24:36Z,xm/2024/08/PorcApor_Sistema.2024-08-01.ndjson#PorcApor:Sistema:2024-08-01:2024-08-31
2024-08-16,PorcVoluUtilDiar,0.57585,fraction,xm:servapibi,2026-09-22T19:24:29Z,xm/2024/08/PorcVoluUtilDiar_Sistema.2024-08-01.ndjson#PorcVoluUtilDiar:Sistema:2024-08-01:2024-08-31
2024-08-16,PrecBolsNaci,611.1344333333332,COP/kWh,xm:servapibi,2026-09-22T19:24:40Z,xm/2024/08/PrecBolsNaci_Sistema.2024-08-01.ndjson#PrecBolsNaci:Sistema:2024-08-01:2024-08-31
2024-08-16,PrecEscaAct,920.81738,COP/kWh,xm:servapibi,2026-09-22T19:24:38Z,xm/2024/08/PrecEscaAct_Sistema.2024-08-01.ndjson#PrecEscaAct:Sistema:2024-08-01:2024-08-31
2024-08-16,VoluUtilDiarEner,9995637000,kWh,xm:servapibi,2026-09-22T19:24:31Z,xm/2024/08/VoluUtilDiarEner_Sistema.2024-08-01.ndjson#VoluUtilDiarEner:Sistema:2024-08-01:2024-08-31
2024-08-17,AporEner,137453400,kWh,xm:servapibi,2026-09-22T19:24:33Z,xm/2024/08/AporEner_Sistema.2024-08-01.ndjson#AporEner:Sistema:2024-08-01:2024-08-31
2024-08-17,AporEnerMediHist,223310000,kWh,xm:servapibi,2026-09-22T19:24:35Z,xm/2024/08/AporEnerMediHist_Sistema.2024-08-01.ndjson#AporEnerMediHist:Sistema:2024-08-01:2024-08-31
2024-08-17,CapaUtilDiarEner,17358205165,kWh,xm:servapibi,2026-09-22T19:24:32Z,xm/2024/08/CapaUtilDiarEner_Sistema.2024-08-01.ndjson#CapaUtilDiarEner:Sistema:2024-08-01:2024-08-31
2024-08-17,DemaSIN,220883181.23,kWh,xm:servapibi,2026-09-22T19:24:37Z,xm/2024/08/DemaSIN_Sistema.2024-08-01.ndjson#DemaSIN:Sistema:2024-08-01:2024-08-31
2024-08-17,PorcApor,0.61553,fraction,xm:servapibi,2026-09-22T19:24:36Z,xm/2024/08/PorcApor_Sistema.2024-08-01.ndjson#PorcApor:Sistema:2024-08-01:2024-08-31
2024-08-17,PorcVoluUtilDiar,0.57437,fraction,xm:servapibi,2026-09-22T19:24:29Z,xm/2024/08/PorcVoluUtilDiar_Sistema.2024-08-01.ndjson#PorcVoluUtilDiar:Sistema:2024-08-01:2024-08-31
2024-08-17,PrecBolsNaci,570.5735700000004,COP/kWh,xm:servapibi,2026-09-22T19:24:40Z,xm/2024/08/PrecBolsNaci_Sistema.2024-08-01.ndjson#PrecBolsNaci:Sistema:2024-08-01:2024-08-31
2024-08-17,PrecEscaAct,920.81738,COP/kWh,xm:servapibi,2026-09-22T19:24:38Z,xm/2024/08/PrecEscaAct_Sistema.2024-08-01.ndjson#PrecEscaAct:Sistema:2024-08-01:2024-08-31
2024-08-17,VoluUtilDiarEner,9970089900,kWh,xm:servapibi,2026-09-22T19:24:31Z,xm/2024/08/VoluUtilDiarEner_Sistema.2024-08-01.ndjson#VoluUtilDiarEner:Sistema:2024-08-01:2024-08-31
2024-08-18,AporEner,108248000,kWh,xm:servapibi,2026-09-22T19:24:33Z,xm/2024/08/AporEner_Sistema.2024-08-01.ndjson#AporEner:Sistema:2024-08-01:2024-08-31
2024-08-18,AporEnerMediHist,223310000,kWh,xm:servapibi,2026-09-22T19:24:35Z,xm/2024/08/AporEnerMediHist_Sistema.2024-08-01.ndjson#AporEnerMediHist:Sistema:2024-08-01:2024-08-31
2024-08-18,CapaUtilDiarEner,17358205165,kWh,xm:servapibi,2026-09-22T19:24:32Z,xm/2024/08/CapaUtilDiarEner_Sistema.2024-08-01.ndjson#CapaUtilDiarEner:Sistema:2024-08-01:2024-08-31
2024-08-18,DemaSIN,200656948.82,kWh,xm:servapibi,2026-09-22T19:24:37Z,xm/2024/08/DemaSIN_Sistema.2024-08-01.ndjson#DemaSIN:Sistema:2024-08-01:2024-08-31
2024-08-18,PorcApor,0.48474,fraction,xm:servapibi,2026-09-22T19:24:36Z,xm/2024/08/PorcApor_Sistema.2024-08-01.ndjson#PorcApor:Sistema:2024-08-01:2024-08-31
2024-08-18,PorcVoluUtilDiar,0.57283,fraction,xm:servapibi,2026-09-22T19:24:29Z,xm/2024/08/PorcVoluUtilDiar_Sistema.2024-08-01.ndjson#PorcVoluUtilDiar:Sistema:2024-08-01:2024-08-31
2024-08-18,PrecBolsNaci,610.4519516666667,COP/kWh,xm:servapibi,2026-09-22T19:24:40Z,xm/2024/08/PrecBolsNaci_Sistema.2024-08-01.ndjson#PrecBolsNaci:Sistema:2024-08-01:2024-08-31
2024-08-18,PrecEscaAct,920.81738,COP/kWh,xm:servapibi,2026-09-22T19:24:38Z,xm/2024/08/PrecEscaAct_Sistema.2024-08-01.ndjson#PrecEscaAct:Sistema:2024-08-01:2024-08-31
2024-08-18,VoluUtilDiarEner,9943357900,kWh,xm:servapibi,2026-09-22T19:24:31Z,xm/2024/08/VoluUtilDiarEner_Sistema.2024-08-01.ndjson#VoluUtilDiarEner:Sistema:2024-08-01:2024-08-31
2024-08-19,AporEner,113238500,kWh,xm:servapibi,2026-09-22T19:24:33Z,xm/2024/08/AporEner_Sistema.2024-08-01.ndjson#AporEner:Sistema:2024-08-01:2024-08-31
2024-08-19,AporEnerMediHist,223310000,kWh,xm:servapibi,2026-09-22T19:24:35Z,xm/2024/08/AporEnerMediHist_Sistema.2024-08-01.ndjson#AporEnerMediHist:Sistema:2024-08-01:2024-08-31
2024-08-19,CapaUtilDiarEner,17358205165,kWh,xm:servapibi,2026-09-22T19:24:32Z,xm/2024/08/CapaUtilDiarEner_Sistema.2024-08-01.ndjson#CapaUtilDiarEner:Sistema:2024-08-01:2024-08-31
2024-08-19,DemaSIN,209837248.68,kWh,xm:servapibi,2026-09-22T19:24:37Z,xm/2024/08/DemaSIN_Sistema.2024-08-01.ndjson#DemaSIN:Sistema:2024-08-01:2024-08-31
2024-08-19,PorcApor,0.50709,fraction,xm:servapibi,2026-09-22T19:24:36Z,xm/2024/08/PorcApor_Sistema.2024-08-01.ndjson#PorcApor:Sistema:2024-08-01:2024-08-31
2024-08-19,PorcVoluUtilDiar,0.57126,fraction,xm:servapibi,2026-09-22T19:24:29Z,xm/2024/08/PorcVoluUtilDiar_Sistema.2024-08-01.ndjson#PorcVoluUtilDiar:Sistema:2024-08-01:2024-08-31
2024-08-19,PrecBolsNaci,650.2398666666667,COP/kWh,xm:servapibi,2026-09-22T19:24:40Z,xm/2024/08/PrecBolsNaci_Sistema.2024-08-01.ndjson#PrecBolsNaci:Sistema:2024-08-01:2024-08-31
2024-08-19,PrecEscaAct,920.81738,COP/kWh,xm:servapibi,2026-09-22T19:24:38Z,xm/2024/08/PrecEscaAct_Sistema.2024-08-01.ndjson#PrecEscaAct:Sistema:2024-08-01:2024-08-31
2024-08-19,VoluUtilDiarEner,9915984700,kWh,xm:servapibi,2026-09-22T19:24:31Z,xm/2024/08/VoluUtilDiarEner_Sistema.2024-08-01.ndjson#VoluUtilDiarEner:Sistema:2024-08-01:2024-08-31
2024-08-20,AporEner,107005600,kWh,xm:servapibi,2026-09-22T19:24:33Z,xm/2024/08/AporEner_Sistema.2024-08-01.ndjson#AporEner:Sistema:2024-08-01:2024-08-31
2024-08-20,AporEnerMediHist,223310000,kWh,xm:servapibi,2026-09-22T19:24:35Z,xm/2024/08/AporEnerMediHist_Sistema.2024-08-01.ndjson#AporEnerMediHist:Sistema:2024-08-01:2024-08-31
2024-08-20,CapaUtilDiarEner,17358205165,kWh,xm:servapibi,2026-09-22T19:24:32Z,xm/2024/08/CapaUtilDiarEner_Sistema.2024-08-01.ndjson#CapaUtilDiarEner:Sistema:2024-08-01:2024-08-31
2024-08-20,DemaSIN,235050466.65,kWh,xm:servapibi,2026-09-22T19:24:37Z,xm/2024/08/DemaSIN_Sistema.2024-08-01.ndjson#DemaSIN:Sistema:2024-08-01:2024-08-31
2024-08-20,PorcApor,0.47918,fraction,xm:servapibi,2026-09-22T19:24:36Z,xm/2024/08/PorcApor_Sistema.2024-08-01.ndjson#PorcApor:Sistema:2024-08-01:2024-08-31
2024-08-20,PorcVoluUtilDiar,0.56801,fraction,xm:servapibi,2026-09-22T19:24:29Z,xm/2024/08/PorcVoluUtilDiar_Sistema.2024-08-01.ndjson#PorcVoluUtilDiar:Sistema:2024-08-01:2024-08-31
2024-08-20,PrecBolsNaci,763.1617233333337,COP/kWh,xm:servapibi,2026-09-22T19:24:40Z,xm/2024/08/PrecBolsNaci_Sistema.2024-08-01.ndjson#PrecBolsNaci:Sistema:2024-08-01:2024-08-31
2024-08-20,PrecEscaAct,920.81738,COP/kWh,xm:servapibi,2026-09-22T19:24:38Z,xm/2024/08/PrecEscaAct_Sistema.2024-08-01.ndjson#PrecEscaAct:Sistema:2024-08-01:2024-08-31
2024-08-20,VoluUtilDiarEner,9859598700,kWh,xm:servapibi,2026-09-22T19:24:31Z,xm/2024/08/VoluUtilDiarEner_Sistema.2024-08-01.ndjson#VoluUtilDiarEner:Sistema:2024-08-01:2024-08-31
2024-08-21,AporEner,101835600,kWh,xm:servapibi,2026-09-22T19:24:33Z,xm/2024/08/AporEner_Sistema.2024-08-01.ndjson#AporEner:Sistema:2024-08-01:2024-08-31
2024-08-21,AporEnerMediHist,223310000,kWh,xm:servapibi,2026-09-22T19:24:35Z,xm/2024/08/AporEnerMediHist_Sistema.2024-08-01.ndjson#AporEnerMediHist:Sistema:2024-08-01:2024-08-31
2024-08-21,CapaUtilDiarEner,17358205165,kWh,xm:servapibi,2026-09-22T19:24:32Z,xm/2024/08/CapaUtilDiarEner_Sistema.2024-08-01.ndjson#CapaUtilDiarEner:Sistema:2024-08-01:2024-08-31
2024-08-21,DemaSIN,236121050.88,kWh,xm:servapibi,2026-09-22T19:24:37Z,xm/2024/08/DemaSIN_Sistema.2024-08-01.ndjson#DemaSIN:Sistema:2024-08-01:2024-08-31
2024-08-21,PorcApor,0.45603,fraction,xm:servapibi,2026-09-22T19:24:36Z,xm/2024/08/PorcApor_Sistema.2024-08-01.ndjson#PorcApor:Sistema:2024-08-01:2024-08-31
2024-08-21,PorcVoluUtilDiar,0.56487,fraction,xm:servapibi,2026-09-22T19:24:29Z,xm/2024/08/PorcVoluUtilDiar_Sistema.2024-08-01.ndjson#PorcVoluUtilDiar:Sistema:2024-08-01:2024-08-31
2024-08-21,PrecBolsNaci,756.4188033333334,COP/kWh,xm:servapibi,2026-09-22T19:24:40Z,xm/2024/08/PrecBolsNaci_Sistema.2024-08-01.ndjson#PrecBolsNaci:Sistema:2024-08-01:2024-08-31
2024-08-21,PrecEscaAct,920.81738,COP/kWh,xm:servapibi,2026-09-22T19:24:38Z,xm/2024/08/PrecEscaAct_Sistema.2024-08-01.ndjson#PrecEscaAct:Sistema:2024-08-01:2024-08-31
2024-08-21,VoluUtilDiarEner,9805177600,kWh,xm:servapibi,2026-09-22T19:24:31Z,xm/2024/08/VoluUtilDiarEner_Sistema.2024-08-01.ndjson#VoluUtilDiarEner:Sistema:2024-08-01:2024-08-31
2024-08-22,AporEner,114792200,kWh,xm:servapibi,2026-09-22T19:24:33Z,xm/2024/08/AporEner_Sistema.2024-08-01.ndjson#AporEner:Sistema:2024-08-01:2024-08-31
2024-08-22,AporEnerMediHist,223310000,kWh,xm:servapibi,2026-09-22T19:24:35Z,xm/2024/08/AporEnerMediHist_Sistema.2024-08-01.ndjson#AporEnerMediHist:Sistema:2024-08-01:2024-08-31
2024-08-22,CapaUtilDiarEner,17358205165,kWh,xm:servapibi,2026-09-22T19:24:32Z,xm/2024/08/CapaUtilDiarEner_Sistema.2024-08-01.ndjson#CapaUtilDiarEner:Sistema:2024-08-01:2024-08-31
2024-08-22,DemaSIN,234810938.3,kWh,xm:servapibi,2026-09-22T19:24:37Z,xm/2024/08/DemaSIN_Sistema.2024-08-01.ndjson#DemaSIN:Sistema:2024-08-01:2024-08-31
2024-08-22,PorcApor,0.51405,fraction,xm:servapibi,2026-09-22T19:24:36Z,xm/2024/08/PorcApor_Sistema.2024-08-01.ndjson#PorcApor:Sistema:2024-08-01:2024-08-31
2024-08-22,PorcVoluUtilDiar,0.56322,fraction,xm:servapibi,2026-09-22T19:24:29Z,xm/2024/08/PorcVoluUtilDiar_Sistema.2024-08-01.ndjson#PorcVoluUtilDiar:Sistema:2024-08-01:2024-08-31
2024-08-22,PrecBolsNaci,785.4826066666668,COP/kWh,xm:servapibi,2026-09-22T19:24:40Z,xm/2024/08/PrecBolsNaci_Sistema.2024-08-01.ndjson#PrecBolsNaci:Sistema:2024-08-01:2024-08-31
2024-08-22,PrecEscaAct,920.81738,COP/kWh,xm:servapibi,2026-09-22T19:24:38Z,xm/2024/08/PrecEscaAct_Sistema.2024-08-01.ndjson#PrecEscaAct:Sistema:2024-08-01:2024-08-31
2024-08-22,VoluUtilDiarEner,9776573800,kWh,xm:servapibi,2026-09-22T19:24:31Z,xm/2024/08/VoluUtilDiarEner_Sistema.2024-08-01.ndjson#VoluUtilDiarEner:Sistema:2024-08-01:2024-08-31
2024-08-23,AporEner,150687700,kWh,xm:servapibi,2026-09-22T19:24:33Z,xm/2024/08/AporEner_Sistema.2024-08-01.ndjson#AporEner:Sistema:2024-08-01:2024-08-31
2024-08-23,AporEnerMediHist,223310000,kWh,xm:servapibi,2026-09-22T19:24:35Z,xm/2024/08/AporEnerMediHist_Sistema.2024-08-01.ndjson#AporEnerMediHist:Sistema:2024-08-01:2024-08-31
2024-08-23,CapaUtilDiarEner,17358205165,kWh,xm:servapibi,2026-09-22T19:24:32Z,xm/2024/08/CapaUtilDiarEner_Sistema.2024-08-01.ndjson#CapaUtilDiarEner:Sistema:2024-08-01:2024-08-31
2024-08-23,DemaSIN,234654802.87,kWh,xm:servapibi,2026-09-22T19:24:37Z,xm/2024/08/DemaSIN_Sistema.2024-08-01.ndjson#DemaSIN:Sistema:2024-08-01:2024-08-31
2024-08-23,PorcApor,0.67479,fraction,xm:servapibi,2026-09-22T19:24:36Z,xm/2024/08/PorcApor_Sistema.2024-08-01.ndjson#PorcApor:Sistema:2024-08-01:2024-08-31
2024-08-23,PorcVoluUtilDiar,0.56424,fraction,xm:servapibi,2026-09-22T19:24:29Z,xm/2024/08/PorcVoluUtilDiar_Sistema.2024-08-01.ndjson#PorcVoluUtilDiar:Sistema:2024-08-01:2024-08-31
2024-08-23,PrecBolsNaci,702.2318866666669,COP/kWh,xm:servapibi,2026-09-22T19:24:40Z,xm/2024/08/PrecBolsNaci_Sistema.2024-08-01.ndjson#PrecBolsNaci:Sistema:2024-08-01:2024-08-31
2024-08-23,PrecEscaAct,920.81738,COP/kWh,xm:servapibi,2026-09-22T19:24:38Z,xm/2024/08/PrecEscaAct_Sistema.2024-08-01.ndjson#PrecEscaAct:Sistema:2024-08-01:2024-08-31
2024-08-23,VoluUtilDiarEner,9794242500,kWh,xm:servapibi,2026-09-22T19:24:31Z,xm/2024/08/VoluUtilDiarEner_Sistema.2024-08-01.ndjson#VoluUtilDiarEner:Sistema:2024-08-01:2024-08-31
2024-08-24,AporEner,146055300,kWh,xm:servapibi,2026-09-22T19:24:33Z,xm/2024/08/AporEner_Sistema.2024-08-01.ndjson#AporEner:Sistema:2024-08-01:2024-08-31
2024-08-24,AporEnerMediHist,223310000,kWh,xm:servapibi,2026-09-22T19:24:35Z,xm/2024/08/AporEnerMediHist_Sistema.2024-08-01.ndjson#AporEnerMediHist:Sistema:2024-08-01:2024-08-31
2024-08-24,CapaUtilDiarEner,17358205165,kWh,xm:servapibi,2026-09-22T19:24:32Z,xm/2024/08/CapaUtilDiarEner_Sistema.2024-08-01.ndjson#CapaUtilDiarEner:Sistema:2024-08-01:2024-08-31
2024-08-24,DemaSIN,221100419.23,kWh,xm:servapibi,2026-09-22T19:24:37Z,xm/2024/08/DemaSIN_Sistema.2024-08-01.ndjson#DemaSIN:Sistema:2024-08-01:2024-08-31
2024-08-24,PorcApor,0.65405,fraction,xm:servapibi,2026-09-22T19:24:36Z,xm/2024/08/PorcApor_Sistema.2024-08-01.ndjson#PorcApor:Sistema:2024-08-01:2024-08-31
2024-08-24,PorcVoluUtilDiar,0.56493,fraction,xm:servapibi,2026-09-22T19:24:29Z,xm/2024/08/PorcVoluUtilDiar_Sistema.2024-08-01.ndjson#PorcVoluUtilDiar:Sistema:2024-08-01:2024-08-31
2024-08-24,PrecBolsNaci,645.9523333333335,COP/kWh,xm:servapibi,2026-09-22T19:24:40Z,xm/2024/08/PrecBolsNaci_Sistema.2024-08-01.ndjson#PrecBolsNaci:Sistema:2024-08-01:2024-08-31
2024-08-24,PrecEscaAct,920.81738,COP/kWh,xm:servapibi,2026-09-22T19:24:38Z,xm/2024/08/PrecEscaAct_Sistema.2024-08-01.ndjson#PrecEscaAct:Sistema:2024-08-01:2024-08-31
2024-08-24,VoluUtilDiarEner,9806151200,kWh,xm:servapibi,2026-09-22T19:24:31Z,xm/2024/08/VoluUtilDiarEner_Sistema.2024-08-01.ndjson#VoluUtilDiarEner:Sistema:2024-08-01:2024-08-31
2024-08-25,AporEner,153761700,kWh,xm:servapibi,2026-09-22T19:24:33Z,xm/2024/08/AporEner_Sistema.2024-08-01.ndjson#AporEner:Sistema:2024-08-01:2024-08-31
2024-08-25,AporEnerMediHist,223310000,kWh,xm:servapibi,2026-09-22T19:24:35Z,xm/2024/08/AporEnerMediHist_Sistema.2024-08-01.ndjson#AporEnerMediHist:Sistema:2024-08-01:2024-08-31
2024-08-25,CapaUtilDiarEner,17358205165,kWh,xm:servapibi,2026-09-22T19:24:32Z,xm/2024/08/CapaUtilDiarEner_Sistema.2024-08-01.ndjson#CapaUtilDiarEner:Sistema:2024-08-01:2024-08-31
2024-08-25,DemaSIN,200670458.63,kWh,xm:servapibi,2026-09-22T19:24:37Z,xm/2024/08/DemaSIN_Sistema.2024-08-01.ndjson#DemaSIN:Sistema:2024-08-01:2024-08-31
2024-08-25,PorcApor,0.68856,fraction,xm:servapibi,2026-09-22T19:24:36Z,xm/2024/08/PorcApor_Sistema.2024-08-01.ndjson#PorcApor:Sistema:2024-08-01:2024-08-31
2024-08-25,PorcVoluUtilDiar,0.56688,fraction,xm:servapibi,2026-09-22T19:24:29Z,xm/2024/08/PorcVoluUtilDiar_Sistema.2024-08-01.ndjson#PorcVoluUtilDiar:Sistema:2024-08-01:2024-08-31
2024-08-25,PrecBolsNaci,593.5103533333335,COP/kWh,xm:servapibi,2026-09-22T19:24:40Z,xm/2024/08/PrecBolsNaci_Sistema.2024-08-01.ndjson#PrecBolsNaci:Sistema:2024-08-01:2024-08-31
2024-08-25,PrecEscaAct,920.81738,COP/kWh,xm:servapibi,2026-09-22T19:24:38Z,xm/2024/08/PrecEscaAct_Sistema.2024-08-01.ndjson#PrecEscaAct:Sistema:2024-08-01:2024-08-31
2024-08-25,VoluUtilDiarEner,9840036500,kWh,xm:servapibi,2026-09-22T19:24:31Z,xm/2024/08/VoluUtilDiarEner_Sistema.2024-08-01.ndjson#VoluUtilDiarEner:Sistema:2024-08-01:2024-08-31
2024-08-26,AporEner,122551000,kWh,xm:servapibi,2026-09-22T19:24:33Z,xm/2024/08/AporEner_Sistema.2024-08-01.ndjson#AporEner:Sistema:2024-08-01:2024-08-31
2024-08-26,AporEnerMediHist,223310000,kWh,xm:servapibi,2026-09-22T19:24:35Z,xm/2024/08/AporEnerMediHist_Sistema.2024-08-01.ndjson#AporEnerMediHist:Sistema:2024-08-01:2024-08-31
2024-08-26,CapaUtilDiarEner,17358205165,kWh,xm:servapibi,2026-09-22T19:24:32Z,xm/2024/08/CapaUtilDiarEner_Sistema.2024-08-01.ndjson#CapaUtilDiarEner:Sistema:2024-08-01:2024-08-31
2024-08-26,DemaSIN,219016880.48,kWh,xm:servapibi,2026-09-22T19:24:37Z,xm/2024/08/DemaSIN_Sistema.2024-08-01.ndjson#DemaSIN:Sistema:2024-08-01:2024-08-31
2024-08-26,PorcApor,0.54879,fraction,xm:servapibi,2026-09-22T19:24:36Z,xm/2024/08/PorcApor_Sistema.2024-08-01.ndjson#PorcApor:Sistema:2024-08-01:2024-08-31
2024-08-26,PorcVoluUtilDiar,0.56467,fraction,xm:servapibi,2026-09-22T19:24:29Z,xm/2024/08/PorcVoluUtilDiar_Sistema.2024-08-01.ndjson#PorcVoluUtilDiar:Sistema:2024-08-01:2024-08-31
2024-08-26,PrecBolsNaci,456.42233500000003,COP/kWh,xm:servapibi,2026-09-22T19:24:40Z,xm/2024/08/PrecBolsNaci_Sistema.2024-08-01.ndjson#PrecBolsNaci:Sistema:2024-08-01:2024-08-31
2024-08-26,PrecEscaAct,920.81738,COP/kWh,xm:servapibi,2026-09-22T19:24:38Z,xm/2024/08/PrecEscaAct_Sistema.2024-08-01.ndjson#PrecEscaAct:Sistema:2024-08-01:2024-08-31
2024-08-26,VoluUtilDiarEner,9801707800,kWh,xm:servapibi,2026-09-22T19:24:31Z,xm/2024/08/VoluUtilDiarEner_Sistema.2024-08-01.ndjson#VoluUtilDiarEner:Sistema:2024-08-01:2024-08-31
2024-08-27,AporEner,113435700,kWh,xm:servapibi,2026-09-22T19:24:33Z,xm/2024/08/AporEner_Sistema.2024-08-01.ndjson#AporEner:Sistema:2024-08-01:2024-08-31
2024-08-27,AporEnerMediHist,223310000,kWh,xm:servapibi,2026-09-22T19:24:35Z,xm/2024/08/AporEnerMediHist_Sistema.2024-08-01.ndjson#AporEnerMediHist:Sistema:2024-08-01:2024-08-31
2024-08-27,CapaUtilDiarEner,17358205165,kWh,xm:servapibi,2026-09-22T19:24:32Z,xm/2024/08/CapaUtilDiarEner_Sistema.2024-08-01.ndjson#CapaUtilDiarEner:Sistema:2024-08-01:2024-08-31
2024-08-27,DemaSIN,227857812.62,kWh,xm:servapibi,2026-09-22T19:24:37Z,xm/2024/08/DemaSIN_Sistema.2024-08-01.ndjson#DemaSIN:Sistema:2024-08-01:2024-08-31
2024-08-27,PorcApor,0.50797,fraction,xm:servapibi,2026-09-22T19:24:36Z,xm/2024/08/PorcApor_Sistema.2024-08-01.ndjson#PorcApor:Sistema:2024-08-01:2024-08-31
2024-08-27,PorcVoluUtilDiar,0.56097,fraction,xm:servapibi,2026-09-22T19:24:29Z,xm/2024/08/PorcVoluUtilDiar_Sistema.2024-08-01.ndjson#PorcVoluUtilDiar:Sistema:2024-08-01:2024-08-31
2024-08-27,PrecBolsNaci,529.245095,COP/kWh,xm:servapibi,2026-09-22T19:24:40Z,xm/2024/08/PrecBolsNaci_Sistema.2024-08-01.ndjson#PrecBolsNaci:Sistema:2024-08-01:2024-08-31
2024-08-27,PrecEscaAct,920.81738,COP/kWh,xm:servapibi,2026-09-22T19:24:38Z,xm/2024/08/PrecEscaAct_Sistema.2024-08-01.ndjson#PrecEscaAct:Sistema:2024-08-01:2024-08-31
2024-08-27,VoluUtilDiarEner,9737510700,kWh,xm:servapibi,2026-09-22T19:24:31Z,xm/2024/08/VoluUtilDiarEner_Sistema.2024-08-01.ndjson#VoluUtilDiarEner:Sistema:2024-08-01:2024-08-31
2024-08-28,AporEner,108756200,kWh,xm:servapibi,2026-09-22T19:24:33Z,xm/2024/08/AporEner_Sistema.2024-08-01.ndjson#AporEner:Sistema:2024-08-01:2024-08-31
2024-08-28,AporEnerMediHist,223310000,kWh,xm:servapibi,2026-09-22T19:24:35Z,xm/2024/08/AporEnerMediHist_Sistema.2024-08-01.ndjson#AporEnerMediHist:Sistema:2024-08-01:2024-08-31
2024-08-28,CapaUtilDiarEner,17358205165,kWh,xm:servapibi,2026-09-22T19:24:32Z,xm/2024/08/CapaUtilDiarEner_Sistema.2024-08-01.ndjson#CapaUtilDiarEner:Sistema:2024-08-01:2024-08-31
2024-08-28,DemaSIN,236281729.9,kWh,xm:servapibi,2026-09-22T19:24:37Z,xm/2024/08/DemaSIN_Sistema.2024-08-01.ndjson#DemaSIN:Sistema:2024-08-01:2024-08-31
2024-08-28,PorcApor,0.48702,fraction,xm:servapibi,2026-09-22T19:24:36Z,xm/2024/08/PorcApor_Sistema.2024-08-01.ndjson#PorcApor:Sistema:2024-08-01:2024-08-31
2024-08-28,PorcVoluUtilDiar,0.55725,fraction,xm:servapibi,2026-09-22T19:24:29Z,xm/2024/08/PorcVoluUtilDiar_Sistema.2024-08-01.ndjson#PorcVoluUtilDiar:Sistema:2024-08-01:2024-08-31
2024-08-28,PrecBolsNaci,543.2578400000001,COP/kWh,xm:servapibi,2026-09-22T19:24:40Z,xm/2024/08/PrecBolsNaci_Sistema.2024-08-01.ndjson#PrecBolsNaci:Sistema:2024-08-01:2024-08-31
2024-08-28,PrecEscaAct,920.81738,COP/kWh,xm:servapibi,2026-09-22T19:24:38Z,xm/2024/08/PrecEscaAct_Sistema.2024-08-01.ndjson#PrecEscaAct:Sistema:2024-08-01:2024-08-31
2024-08-28,VoluUtilDiarEner,9672775400,kWh,xm:servapibi,2026-09-22T19:24:31Z,xm/2024/08/VoluUtilDiarEner_Sistema.2024-08-01.ndjson#VoluUtilDiarEner:Sistema:2024-08-01:2024-08-31
2024-08-29,AporEner,132260600,kWh,xm:servapibi,2026-09-22T19:24:33Z,xm/2024/08/AporEner_Sistema.2024-08-01.ndjson#AporEner:Sistema:2024-08-01:2024-08-31
2024-08-29,AporEnerMediHist,223310000,kWh,xm:servapibi,2026-09-22T19:24:35Z,xm/2024/08/AporEnerMediHist_Sistema.2024-08-01.ndjson#AporEnerMediHist:Sistema:2024-08-01:2024-08-31
2024-08-29,CapaUtilDiarEner,17358205165,kWh,xm:servapibi,2026-09-22T19:24:32Z,xm/2024/08/CapaUtilDiarEner_Sistema.2024-08-01.ndjson#CapaUtilDiarEner:Sistema:2024-08-01:2024-08-31
2024-08-29,DemaSIN,239298823.03,kWh,xm:servapibi,2026-09-22T19:24:37Z,xm/2024/08/DemaSIN_Sistema.2024-08-01.ndjson#DemaSIN:Sistema:2024-08-01:2024-08-31
2024-08-29,PorcApor,0.59227,fraction,xm:servapibi,2026-09-22T19:24:36Z,xm/2024/08/PorcApor_Sistema.2024-08-01.ndjson#PorcApor:Sistema:2024-08-01:2024-08-31
2024-08-29,PorcVoluUtilDiar,0.55386,fraction,xm:servapibi,2026-09-22T19:24:29Z,xm/2024/08/PorcVoluUtilDiar_Sistema.2024-08-01.ndjson#PorcVoluUtilDiar:Sistema:2024-08-01:2024-08-31
2024-08-29,PrecBolsNaci,509.70226,COP/kWh,xm:servapibi,2026-09-22T19:24:40Z,xm/2024/08/PrecBolsNaci_Sistema.2024-08-01.ndjson#PrecBolsNaci:Sistema:2024-08-01:2024-08-31
2024-08-29,PrecEscaAct,920.81738,COP/kWh,xm:servapibi,2026-09-22T19:24:38Z,xm/2024/08/PrecEscaAct_Sistema.2024-08-01.ndjson#PrecEscaAct:Sistema:2024-08-01:2024-08-31
2024-08-29,VoluUtilDiarEner,9614010600,kWh,xm:servapibi,2026-09-22T19:24:31Z,xm/2024/08/VoluUtilDiarEner_Sistema.2024-08-01.ndjson#VoluUtilDiarEner:Sistema:2024-08-01:2024-08-31
2024-08-30,AporEner,105509300,kWh,xm:servapibi,2026-09-22T19:24:33Z,xm/2024/08/AporEner_Sistema.2024-08-01.ndjson#AporEner:Sistema:2024-08-01:2024-08-31
2024-08-30,AporEnerMediHist,223310000,kWh,xm:servapibi,2026-09-22T19:24:35Z,xm/2024/08/AporEnerMediHist_Sistema.2024-08-01.ndjson#AporEnerMediHist:Sistema:2024-08-01:2024-08-31
2024-08-30,CapaUtilDiarEner,17358205165,kWh,xm:servapibi,2026-09-22T19:24:32Z,xm/2024/08/CapaUtilDiarEner_Sistema.2024-08-01.ndjson#CapaUtilDiarEner:Sistema:2024-08-01:2024-08-31
2024-08-30,DemaSIN,236913552.34,kWh,xm:servapibi,2026-09-22T19:24:37Z,xm/2024/08/DemaSIN_Sistema.2024-08-01.ndjson#DemaSIN:Sistema:2024-08-01:2024-08-31
2024-08-30,PorcApor,0.47248,fraction,xm:servapibi,2026-09-22T19:24:36Z,xm/2024/08/PorcApor_Sistema.2024-08-01.ndjson#PorcApor:Sistema:2024-08-01:2024-08-31
2024-08-30,PorcVoluUtilDiar,0.54948,fraction,xm:servapibi,2026-09-22T19:24:29Z,xm/2024/08/PorcVoluUtilDiar_Sistema.2024-08-01.ndjson#PorcVoluUtilDiar:Sistema:2024-08-01:2024-08-31
2024-08-30,PrecBolsNaci,493.1913966666666,COP/kWh,xm:servapibi,2026-09-22T19:24:40Z,xm/2024/08/PrecBolsNaci_Sistema.2024-08-01.ndjson#PrecBolsNaci:Sistema:2024-08-01:2024-08-31
2024-08-30,PrecEscaAct,920.81738,COP/kWh,xm:servapibi,2026-09-22T19:24:38Z,xm/2024/08/PrecEscaAct_Sistema.2024-08-01.ndjson#PrecEscaAct:Sistema:2024-08-01:2024-08-31
2024-08-30,VoluUtilDiarEner,9537966100,kWh,xm:servapibi,2026-09-22T19:24:31Z,xm/2024/08/VoluUtilDiarEner_Sistema.2024-08-01.ndjson#VoluUtilDiarEner:Sistema:2024-08-01:2024-08-31
2024-08-31,AporEner,94708600,kWh,xm:servapibi,2026-09-22T19:24:33Z,xm/2024/08/AporEner_Sistema.2024-08-01.ndjson#AporEner:Sistema:2024-08-01:2024-08-31
2024-08-31,AporEnerMediHist,223310000,kWh,xm:servapibi,2026-09-22T19:24:35Z,xm/2024/08/AporEnerMediHist_Sistema.2024-08-01.ndjson#AporEnerMediHist:Sistema:2024-08-01:2024-08-31
2024-08-31,CapaUtilDiarEner,17358205165,kWh,xm:servapibi,2026-09-22T19:24:32Z,xm/2024/08/CapaUtilDiarEner_Sistema.2024-08-01.ndjson#CapaUtilDiarEner:Sistema:2024-08-01:2024-08-31
2024-08-31,DemaSIN,224686147.52,kWh,xm:servapibi,2026-09-22T19:24:37Z,xm/2024/08/DemaSIN_Sistema.2024-08-01.ndjson#DemaSIN:Sistema:2024-08-01:2024-08-31
2024-08-31,PorcApor,0.42411,fraction,xm:servapibi,2026-09-22T19:24:36Z,xm/2024/08/PorcApor_Sistema.2024-08-01.ndjson#PorcApor:Sistema:2024-08-01:2024-08-31
2024-08-31,PorcVoluUtilDiar,0.54517,fraction,xm:servapibi,2026-09-22T19:24:29Z,xm/2024/08/PorcVoluUtilDiar_Sistema.2024-08-01.ndjson#PorcVoluUtilDiar:Sistema:2024-08-01:2024-08-31
2024-08-31,PrecBolsNaci,541.7563766666666,COP/kWh,xm:servapibi,2026-09-22T19:24:40Z,xm/2024/08/PrecBolsNaci_Sistema.2024-08-01.ndjson#PrecBolsNaci:Sistema:2024-08-01:2024-08-31
2024-08-31,PrecEscaAct,920.81738,COP/kWh,xm:servapibi,2026-09-22T19:24:38Z,xm/2024/08/PrecEscaAct_Sistema.2024-08-01.ndjson#PrecEscaAct:Sistema:2024-08-01:2024-08-31
2024-08-31,VoluUtilDiarEner,9463121400,kWh,xm:servapibi,2026-09-22T19:24:31Z,xm/2024/08/VoluUtilDiarEner_Sistema.2024-08-01.ndjson#VoluUtilDiarEner:Sistema:2024-08-01:2024-08-31
2024-09-01,AporEner,150267800,kWh,xm:servapibi,2026-09-22T19:24:48Z,xm/2024/09/AporEner_Sistema.2024-09-01.ndjson#AporEner:Sistema:2024-09-01:2024-09-30
2024-09-01,AporEnerMediHist,211820000,kWh,xm:servapibi,2026-09-22T19:24:49Z,xm/2024/09/AporEnerMediHist_Sistema.2024-09-01.ndjson#AporEnerMediHist:Sistema:2024-09-01:2024-09-30
2024-09-01,CapaUtilDiarEner,17358205165,kWh,xm:servapibi,2026-09-22T19:24:47Z,xm/2024/09/CapaUtilDiarEner_Sistema.2024-09-01.ndjson#CapaUtilDiarEner:Sistema:2024-09-01:2024-09-30
2024-09-01,DemaSIN,200065238.5,kWh,xm:servapibi,2026-09-22T19:24:52Z,xm/2024/09/DemaSIN_Sistema.2024-09-01.ndjson#DemaSIN:Sistema:2024-09-01:2024-09-30
2024-09-01,PorcApor,0.70941,fraction,xm:servapibi,2026-09-22T19:24:51Z,xm/2024/09/PorcApor_Sistema.2024-09-01.ndjson#PorcApor:Sistema:2024-09-01:2024-09-30
2024-09-01,PorcVoluUtilDiar,0.54532,fraction,xm:servapibi,2026-09-22T19:24:44Z,xm/2024/09/PorcVoluUtilDiar_Sistema.2024-09-01.ndjson#PorcVoluUtilDiar:Sistema:2024-09-01:2024-09-30
2024-09-01,PrecBolsNaci,576.5397633333332,COP/kWh,xm:servapibi,2026-09-22T19:24:55Z,xm/2024/09/PrecBolsNaci_Sistema.2024-09-01.ndjson#PrecBolsNaci:Sistema:2024-09-01:2024-09-30
2024-09-01,PrecEscaAct,932.49018,COP/kWh,xm:servapibi,2026-09-22T19:24:53Z,xm/2024/09/PrecEscaAct_Sistema.2024-09-01.ndjson#PrecEscaAct:Sistema:2024-09-01:2024-09-30
2024-09-01,VoluUtilDiarEner,9465802900,kWh,xm:servapibi,2026-09-22T19:24:45Z,xm/2024/09/VoluUtilDiarEner_Sistema.2024-09-01.ndjson#VoluUtilDiarEner:Sistema:2024-09-01:2024-09-30
2024-09-02,AporEner,142711000,kWh,xm:servapibi,2026-09-22T19:24:48Z,xm/2024/09/AporEner_Sistema.2024-09-01.ndjson#AporEner:Sistema:2024-09-01:2024-09-30
2024-09-02,AporEnerMediHist,211820000,kWh,xm:servapibi,2026-09-22T19:24:49Z,xm/2024/09/AporEnerMediHist_Sistema.2024-09-01.ndjson#AporEnerMediHist:Sistema:2024-09-01:2024-09-30
2024-09-02,CapaUtilDiarEner,17358205165,kWh,xm:servapibi,2026-09-22T19:24:47Z,xm/2024/09/CapaUtilDiarEner_Sistema.2024-09-01.ndjson#CapaUtilDiarEner:Sistema:2024-09-01:2024-09-30
2024-09-02,DemaSIN,228361555.56,kWh,xm:servapibi,2026-09-22T19:24:52Z,xm/2024/09/DemaSIN_Sistema.2024-09-01.ndjson#DemaSIN:Sistema:2024-09-01:2024-09-30
2024-09-02,PorcApor,0.67374,fraction,xm:servapibi,2026-09-22T19:24:51Z,xm/2024/09/PorcApor_Sistema.2024-09-01.ndjson#PorcApor:Sistema:2024-09-01:2024-09-30
2024-09-02,PorcVoluUtilDiar,0.54414,fraction,xm:servapibi,2026-09-22T19:24:44Z,xm/2024/09/PorcVoluUtilDiar_Sistema.2024-09-01.ndjson#PorcVoluUtilDiar:Sistema:2024-09-01:2024-09-30
2024-09-02,PrecBolsNaci,641.5442683333331,COP/kWh,xm:servapibi,2026-09-22T19:24:55Z,xm/2024/09/PrecBolsNaci_Sistema.2024-09-01.ndjson#PrecBolsNaci:Sistema:2024-09-01:2024-09-30
2024-09-02,PrecEscaAct,932.49018,COP/kWh,xm:servapibi,2026-09-22T19:24:53Z,xm/2024/09/PrecEscaAct_Sistema.2024-09-01.ndjson#PrecEscaAct:Sistema:2024-09-01:2024-09-30
2024-09-02,VoluUtilDiarEner,9445242500,kWh,xm:servapibi,2026-09-22T19:24:45Z,xm/2024/09/VoluUtilDiarEner_Sistema.2024-09-01.ndjson#VoluUtilDiarEner:Sistema:2024-09-01:2024-09-30
2024-09-03,AporEner,129594400,kWh,xm:servapibi,2026-09-22T19:24:48Z,xm/2024/09/AporEner_Sistema.2024-09-01.ndjson#AporEner:Sistema:2024-09-01:2024-09-30
2024-09-03,AporEnerMediHist,211820000,kWh,xm:servapibi,2026-09-22T19:24:49Z,xm/2024/09/AporEnerMediHist_Sistema.2024-09-01.ndjson#AporEnerMediHist:Sistema:2024-09-01:2024-09-30
2024-09-03,CapaUtilDiarEner,17358205165,kWh,xm:servapibi,2026-09-22T19:24:47Z,xm/2024/09/CapaUtilDiarEner_Sistema.2024-09-01.ndjson#CapaUtilDiarEner:Sistema:2024-09-01:2024-09-30
2024-09-03,DemaSIN,232547387.03,kWh,xm:servapibi,2026-09-22T19:24:52Z,xm/2024/09/DemaSIN_Sistema.2024-09-01.ndjson#DemaSIN:Sistema:2024-09-01:2024-09-30
2024-09-03,PorcApor,0.61181,fraction,xm:servapibi,2026-09-22T19:24:51Z,xm/2024/09/PorcApor_Sistema.2024-09-01.ndjson#PorcApor:Sistema:2024-09-01:2024-09-30
2024-09-03,PorcVoluUtilDiar,0.54216,fraction,xm:servapibi,2026-09-22T19:24:44Z,xm/2024/09/PorcVoluUtilDiar_Sistema.2024-09-01.ndjson#PorcVoluUtilDiar:Sistema:2024-09-01:2024-09-30
2024-09-03,PrecBolsNaci,635.5727433333332,COP/kWh,xm:servapibi,2026-09-22T19:24:55Z,xm/2024/09/PrecBolsNaci_Sistema.2024-09-01.ndjson#PrecBolsNaci:Sistema:2024-09-01:2024-09-30
2024-09-03,PrecEscaAct,932.49018,COP/kWh,xm:servapibi,2026-09-22T19:24:53Z,xm/2024/09/PrecEscaAct_Sistema.2024-09-01.ndjson#PrecEscaAct:Sistema:2024-09-01:2024-09-30
2024-09-03,VoluUtilDiarEner,9410854300,kWh,xm:servapibi,2026-09-22T19:24:45Z,xm/2024/09/VoluUtilDiarEner_Sistema.2024-09-01.ndjson#VoluUtilDiarEner:Sistema:2024-09-01:2024-09-30
2024-09-04,AporEner,128129700,kWh,xm:servapibi,2026-09-22T19:24:48Z,xm/2024/09/AporEner_Sistema.2024-09-01.ndjson#AporEner:Sistema:2024-09-01:2024-09-30
2024-09-04,AporEnerMediHist,211820000,kWh,xm:servapibi,2026-09-22T19:24:49Z,xm/2024/09/AporEnerMediHist_Sistema.2024-09-01.ndjson#AporEnerMediHist:Sistema:2024-09-01:2024-09-30
2024-09-04,CapaUtilDiarEner,17358205165,kWh,xm:servapibi,2026-09-22T19:24:47Z,xm/2024/09/CapaUtilDiarEner_Sistema.2024-09-01.ndjson#CapaUtilDiarEner:Sistema:2024-09-01:2024-09-30
2024-09-04,DemaSIN,231617539.08,kWh,xm:servapibi,2026-09-22T19:24:52Z,xm/2024/09/DemaSIN_Sistema.2024-09-01.ndjson#DemaSIN:Sistema:2024-09-01:2024-09-30
2024-09-04,PorcApor,0.6049,fraction,xm:servapibi,2026-09-22T19:24:51Z,xm/2024/09/PorcApor_Sistema.2024-09-01.ndjson#PorcApor:Sistema:2024-09-01:2024-09-30
2024-09-04,PorcVoluUtilDiar,0.54019,fraction,xm:servapibi,2026-09-22T19:24:44Z,xm/2024/09/PorcVoluUtilDiar_Sistema.2024-09-01.ndjson#PorcVoluUtilDiar:Sistema:2024-09-01:2024-09-30
2024-09-04,PrecBolsNaci,648.6227666666668,COP/kWh,xm:servapibi,2026-09-22T19:24:55Z,xm/2024/09/PrecBolsNaci_Sistema.2024-09-01.ndjson#PrecBolsNaci:Sistema:2024-09-01:2024-09-30
2024-09-04,PrecEscaAct,932.49018,COP/kWh,xm:servapibi,2026-09-22T19:24:53Z,xm/2024/09/PrecEscaAct_Sistema.2024-09-01.ndjson#PrecEscaAct:Sistema:2024-09-01:2024-09-30
2024-09-04,VoluUtilDiarEner,9376660500,kWh,xm:servapibi,2026-09-22T19:24:45Z,xm/2024/09/VoluUtilDiarEner_Sistema.2024-09-01.ndjson#VoluUtilDiarEner:Sistema:2024-09-01:2024-09-30
2024-09-05,AporEner,224118100,kWh,xm:servapibi,2026-09-22T19:24:48Z,xm/2024/09/AporEner_Sistema.2024-09-01.ndjson#AporEner:Sistema:2024-09-01:2024-09-30
2024-09-05,AporEnerMediHist,211820000,kWh,xm:servapibi,2026-09-22T19:24:49Z,xm/2024/09/AporEnerMediHist_Sistema.2024-09-01.ndjson#AporEnerMediHist:Sistema:2024-09-01:2024-09-30
2024-09-05,CapaUtilDiarEner,17358205165,kWh,xm:servapibi,2026-09-22T19:24:47Z,xm/2024/09/CapaUtilDiarEner_Sistema.2024-09-01.ndjson#CapaUtilDiarEner:Sistema:2024-09-01:2024-09-30
2024-09-05,DemaSIN,232755279.46,kWh,xm:servapibi,2026-09-22T19:24:52Z,xm/2024/09/DemaSIN_Sistema.2024-09-01.ndjson#DemaSIN:Sistema:2024-09-01:2024-09-30
2024-09-05,PorcApor,1.05806,fraction,xm:servapibi,2026-09-22T19:24:51Z,xm/2024/09/PorcApor_Sistema.2024-09-01.ndjson#PorcApor:Sistema:2024-09-01:2024-09-30
2024-09-05,PorcVoluUtilDiar,0.5428,fraction,xm:servapibi,2026-09-22T19:24:44Z,xm/2024/09/PorcVoluUtilDiar_Sistema.2024-09-01.ndjson#PorcVoluUtilDiar:Sistema:2024-09-01:2024-09-30
2024-09-05,PrecBolsNaci,672.4164533333332,COP/kWh,xm:servapibi,2026-09-22T19:24:55Z,xm/2024/09/PrecBolsNaci_Sistema.2024-09-01.ndjson#PrecBolsNaci:Sistema:2024-09-01:2024-09-30
2024-09-05,PrecEscaAct,932.49018,COP/kWh,xm:servapibi,2026-09-22T19:24:53Z,xm/2024/09/PrecEscaAct_Sistema.2024-09-01.ndjson#PrecEscaAct:Sistema:2024-09-01:2024-09-30
2024-09-05,VoluUtilDiarEner,9422012600,kWh,xm:servapibi,2026-09-22T19:24:45Z,xm/2024/09/VoluUtilDiarEner_Sistema.2024-09-01.ndjson#VoluUtilDiarEner:Sistema:2024-09-01:2024-09-30
2024-09-06,AporEner,111225300,kWh,xm:servapibi,2026-09-22T19:24:48Z,xm/2024/09/AporEner_Sistema.2024-09-01.ndjson#AporEner:Sistema:2024-09-01:2024-09-30
2024-09-06,AporEnerMediHist,211820000,kWh,xm:servapibi,2026-09-22T19:24:49Z,xm/2024/09/AporEnerMediHist_Sistema.2024-09-01.ndjson#AporEnerMediHist:Sistema:2024-09-01:2024-09-30
2024-09-06,CapaUtilDiarEner,17358205165,kWh,xm:servapibi,2026-09-22T19:24:47Z,xm/2024/09/CapaUtilDiarEner_Sistema.2024-09-01.ndjson#CapaUtilDiarEner:Sistema:2024-09-01:2024-09-30
2024-09-06,DemaSIN,233206893.65,kWh,xm:servapibi,2026-09-22T19:24:52Z,xm/2024/09/DemaSIN_Sistema.2024-09-01.ndjson#DemaSIN:Sistema:2024-09-01:2024-09-30
2024-09-06,PorcApor,0.52509,fraction,xm:servapibi,2026-09-22T19:24:51Z,xm/2024/09/PorcApor_Sistema.2024-09-01.ndjson#PorcApor:Sistema:2024-09-01:2024-09-30
2024-09-06,PorcVoluUtilDiar,0.53919,fraction,xm:servapibi,2026-09-22T19:24:44Z,xm/2024/09/PorcVoluUtilDiar_Sistema.2024-09-01.ndjson#PorcVoluUtilDiar:Sistema:2024-09-01:2024-09-30
2024-09-06,PrecBolsNaci,695.4844066666668,COP/kWh,xm:servapibi,2026-09-22T19:24:55Z,xm/2024/09/PrecBolsNaci_Sistema.2024-09-01.ndjson#PrecBolsNaci:Sistema:2024-09-01:2024-09-30
2024-09-06,PrecEscaAct,932.49018,COP/kWh,xm:servapibi,2026-09-22T19:24:53Z,xm/2024/09/PrecEscaAct_Sistema.2024-09-01.ndjson#PrecEscaAct:Sistema:2024-09-01:2024-09-30
2024-09-06,VoluUtilDiarEner,9359372900,kWh,xm:servapibi,2026-09-22T19:24:45Z,xm/2024/09/VoluUtilDiarEner_Sistema.2024-09-01.ndjson#VoluUtilDiarEner:Sistema:2024-09-01:2024-09-30
2024-09-07,AporEner,135594700,kWh,xm:servapibi,2026-09-22T19:24:48Z,xm/2024/09/AporEner_Sistema.2024-09-01.ndjson#AporEner:Sistema:2024-09-01:2024-09-30
2024-09-07,AporEnerMediHist,211820000,kWh,xm:servapibi,2026-09-22T19:24:49Z,xm/2024/09/AporEnerMediHist_Sistema.2024-09-01.ndjson#AporEnerMediHist:Sistema:2024-09-01:2024-09-30
2024-09-07,CapaUtilDiarEner,17358205165,kWh,xm:servapibi,2026-09-22T19:24:47Z,xm/2024/09/CapaUtilDiarEner_Sistema.2024-09-01.ndjson#CapaUtilDiarEner:Sistema:2024-09-01:2024-09-30
2024-09-07,DemaSIN,221369552.81,kWh,xm:servapibi,2026-09-22T19:24:52Z,xm/2024/09/DemaSIN_Sistema.2024-09-01.ndjson#DemaSIN:Sistema:2024-09-01:2024-09-30
2024-09-07,PorcApor,0.64014,fraction,xm:servapibi,2026-09-22T19:24:51Z,xm/2024/09/PorcApor_Sistema.2024-09-01.ndjson#PorcApor:Sistema:2024-09-01:2024-09-30
2024-09-07,PorcVoluUtilDiar,0.53804,fraction,xm:servapibi,2026-09-22T19:24:44Z,xm/2024/09/PorcVoluUtilDiar_Sistema.2024-09-01.ndjson#PorcVoluUtilDiar:Sistema:2024-09-01:2024-09-30
2024-09-07,PrecBolsNaci,710.1963400000001,COP/kWh,xm:servapibi,2026-09-22T19:24:55Z,xm/2024/09/PrecBolsNaci_Sistema.2024-09-01.ndjson#PrecBolsNaci:Sistema:2024-09-01:2024-09-30
2024-09-07,PrecEscaAct,932.49018,COP/kWh,xm:servapibi,2026-09-22T19:24:53Z,xm/2024/09/PrecEscaAct_Sistema.2024-09-01.ndjson#PrecEscaAct:Sistema:2024-09-01:2024-09-30
2024-09-07,VoluUtilDiarEner,9339342900,kWh,xm:servapibi,2026-09-22T19:24:45Z,xm/2024/09/VoluUtilDiarEner_Sistema.2024-09-01.ndjson#VoluUtilDiarEner:Sistema:2024-09-01:2024-09-30
2024-09-08,AporEner,101773300,kWh,xm:servapibi,2026-09-22T19:24:48Z,xm/2024/09/AporEner_Sistema.2024-09-01.ndjson#AporEner:Sistema:2024-09-01:2024-09-30
2024-09-08,AporEnerMediHist,211820000,kWh,xm:servapibi,2026-09-22T19:24:49Z,xm/2024/09/AporEnerMediHist_Sistema.2024-09-01.ndjson#AporEnerMediHist:Sistema:2024-09-01:2024-09-30
2024-09-08,CapaUtilDiarEner,17358205165,kWh,xm:servapibi,2026-09-22T19:24:47Z,xm/2024/09/CapaUtilDiarEner_Sistema.2024-09-01.ndjson#CapaUtilDiarEner:Sistema:2024-09-01:2024-09-30
2024-09-08,DemaSIN,206113659.46,kWh,xm:servapibi,2026-09-22T19:24:52Z,xm/2024/09/DemaSIN_Sistema.2024-09-01.ndjson#DemaSIN:Sistema:2024-09-01:2024-09-30
2024-09-08,PorcApor,0.48047,fraction,xm:servapibi,2026-09-22T19:24:51Z,xm/2024/09/PorcApor_Sistema.2024-09-01.ndjson#PorcApor:Sistema:2024-09-01:2024-09-30
2024-09-08,PorcVoluUtilDiar,0.53534,fraction,xm:servapibi,2026-09-22T19:24:44Z,xm/2024/09/PorcVoluUtilDiar_Sistema.2024-09-01.ndjson#PorcVoluUtilDiar:Sistema:2024-09-01:2024-09-30
2024-09-08,PrecBolsNaci,635.1648183333334,COP/kWh,xm:servapibi,2026-09-22T19:24:55Z,xm/2024/09/PrecBolsNaci_Sistema.2024-09-01.ndjson#PrecBolsNaci:Sistema:2024-09-01:2024-09-30
2024-09-08,PrecEscaAct,932.49018,COP/kWh,xm:servapibi,2026-09-22T19:24:53Z,xm/2024/09/PrecEscaAct_Sistema.2024-09-01.ndjson#PrecEscaAct:Sistema:2024-09-01:2024-09-30
2024-09-08,VoluUtilDiarEner,9292588600,kWh,xm:servapibi,2026-09-22T19:24:45Z,xm/2024/09/VoluUtilDiarEner_Sistema.2024-09-01.ndjson#VoluUtilDiarEner:Sistema:2024-09-01:2024-09-30
2024-09-09,AporEner,94560900,kWh,xm:servapibi,2026-09-22T19:24:48Z,xm/2024/09/AporEner_Sistema.2024-09-01.ndjson#AporEner:Sistema:2024-09-01:2024-09-30
2024-09-09,AporEnerMediHist,211820000,kWh,xm:servapibi,2026-09-22T19:24:49Z,xm/2024/09/AporEnerMediHist_Sistema.2024-09-01.ndjson#AporEnerMediHist:Sistema:2024-09-01:2024-09-30
2024-09-09,CapaUtilDiarEner,17358205165,kWh,xm:servapibi,2026-09-22T19:24:47Z,xm/2024/09/CapaUtilDiarEner_Sistema.2024-09-01.ndjson#CapaUtilDiarEner:Sistema:2024-09-01:2024-09-30
2024-09-09,DemaSIN,234462917.46,kWh,xm:servapibi,2026-09-22T19:24:52Z,xm/2024/09/DemaSIN_Sistema.2024-09-01.ndjson#DemaSIN:Sistema:2024-09-01:2024-09-30
2024-09-09,PorcApor,0.44642,fraction,xm:servapibi,2026-09-22T19:24:51Z,xm/2024/09/PorcApor_Sistema.2024-09-01.ndjson#PorcApor:Sistema:2024-09-01:2024-09-30
2024-09-09,PorcVoluUtilDiar,0.53069,fraction,xm:servapibi,2026-09-22T19:24:44Z,xm/2024/09/PorcVoluUtilDiar_Sistema.2024-09-01.ndjson#PorcVoluUtilDiar:Sistema:2024-09-01:2024-09-30
2024-09-09,PrecBolsNaci,672.7338366666665,COP/kWh,xm:servapibi,2026-09-22T19:24:55Z,xm/2024/09/PrecBolsNaci_Sistema.2024-09-01.ndjson#PrecBolsNaci:Sistema:2024-09-01:2024-09-30
2024-09-09,PrecEscaAct,932.49018,COP/kWh,xm:servapibi,2026-09-22T19:24:53Z,xm/2024/09/PrecEscaAct_Sistema.2024-09-01.ndjson#PrecEscaAct:Sistema:2024-09-01:2024-09-30
2024-09-09,VoluUtilDiarEner,9211758000,kWh,xm:servapibi,2026-09-22T19:24:45Z,xm/2024/09/VoluUtilDiarEner_Sistema.2024-09-01.ndjson#VoluUtilDiarEner:Sistema:2024-09-01:2024-09-30
2024-09-10,AporEner,108729300,kWh,xm:servapibi,2026-09-22T19:24:48Z,xm/2024/09/AporEner_Sistema.2024-09-01.ndjson#AporEner:Sistema:2024-09-01:2024-09-30
2024-09-10,AporEnerMediHist,211820000,kWh,xm:servapibi,2026-09-22T19:24:49Z,xm/2024/09/AporEnerMediHist_Sistema.2024-09-01.ndjson#AporEnerMediHist:Sistema:2024-09-01:2024-09-30
2024-09-10,CapaUtilDiarEner,17358205165,kWh,xm:servapibi,2026-09-22T19:24:47Z,xm/2024/09/CapaUtilDiarEner_Sistema.2024-09-01.ndjson#CapaUtilDiarEner:Sistema:2024-09-01:2024-09-30
2024-09-10,DemaSIN,240649878.34,kWh,xm:servapibi,2026-09-22T19:24:52Z,xm/2024/09/DemaSIN_Sistema.2024-09-01.ndjson#DemaSIN:Sistema:2024-09-01:2024-09-30
2024-09-10,PorcApor,0.51331,fraction,xm:servapibi,2026-09-22T19:24:51Z,xm/2024/09/PorcApor_Sistema.2024-09-01.ndjson#PorcApor:Sistema:2024-09-01:2024-09-30
2024-09-10,PorcVoluUtilDiar,0.52706,fraction,xm:servapibi,2026-09-22T19:24:44Z,xm/2024/09/PorcVoluUtilDiar_Sistema.2024-09-01.ndjson#PorcVoluUtilDiar:Sistema:2024-09-01:2024-09-30
2024-09-10,PrecBolsNaci,762.4333616666667,COP/kWh,xm:servapibi,2026-09-22T19:24:55Z,xm/2024/09/PrecBolsNaci_Sistema.2024-09-01.ndjson#PrecBolsNaci:Sistema:2024-09-01:2024-09-30
2024-09-10,PrecEscaAct,932.49018,COP/kWh,xm:servapibi,2026-09-22T19:24:53Z,xm/2024/09/PrecEscaAct_Sistema.2024-09-01.ndjson#PrecEscaAct:Sistema:2024-09-01:2024-09-30
2024-09-10,VoluUtilDiarEner,9148893900,kWh,xm:servapibi,2026-09-22T19:24:45Z,xm/2024/09/VoluUtilDiarEner_Sistema.2024-09-01.ndjson#VoluUtilDiarEner:Sistema:2024-09-01:2024-09-30
2024-09-11,AporEner,90695500,kWh,xm:servapibi,2026-09-22T19:24:48Z,xm/2024/09/AporEner_Sistema.2024-09-01.ndjson#AporEner:Sistema:2024-09-01:2024-09-30
2024-09-11,AporEnerMediHist,211820000,kWh,xm:servapibi,2026-09-22T19:24:49Z,xm/2024/09/AporEnerMediHist_Sistema.2024-09-01.ndjson#AporEnerMediHist:Sistema:2024-09-01:2024-09-30
2024-09-11,CapaUtilDiarEner,17358655983,kWh,xm:servapibi,2026-09-22T19:24:47Z,xm/2024/09/CapaUtilDiarEner_Sistema.2024-09-01.ndjson#CapaUtilDiarEner:Sistema:2024-09-01:2024-09-30
2024-09-11,DemaSIN,242374687.84,kWh,xm:servapibi,2026-09-22T19:24:52Z,xm/2024/09/DemaSIN_Sistema.2024-09-01.ndjson#DemaSIN:Sistema:2024-09-01:2024-09-30
2024-09-11,PorcApor,0.42817,fraction,xm:servapibi,2026-09-22T19:24:51Z,xm/2024/09/PorcApor_Sistema.2024-09-01.ndjson#PorcApor:Sistema:2024-09-01:2024-09-30
2024-09-11,PorcVoluUtilDiar,0.52207,fraction,xm:servapibi,2026-09-22T19:24:44Z,xm/2024/09/PorcVoluUtilDiar_Sistema.2024-09-01.ndjson#PorcVoluUtilDiar:Sistema:2024-09-01:2024-09-30
2024-09-11,PrecBolsNaci,786.8063883333335,COP/kWh,xm:servapibi,2026-09-22T19:24:55Z,xm/2024/09/PrecBolsNaci_Sistema.2024-09-01.ndjson#PrecBolsNaci:Sistema:2024-09-01:2024-09-30
2024-09-11,PrecEscaAct,932.49018,COP/kWh,xm:servapibi,2026-09-22T19:24:53Z,xm/2024/09/PrecEscaAct_Sistema.2024-09-01.ndjson#PrecEscaAct:Sistema:2024-09-01:2024-09-30
2024-09-11,VoluUtilDiarEner,9062425900,kWh,xm:servapibi,2026-09-22T19:24:45Z,xm/2024/09/VoluUtilDiarEner_Sistema.2024-09-01.ndjson#VoluUtilDiarEner:Sistema:2024-09-01:2024-09-30
2024-09-12,AporEner,94524300,kWh,xm:servapibi,2026-09-22T19:24:48Z,xm/2024/09/AporEner_Sistema.2024-09-01.ndjson#AporEner:Sistema:2024-09-01:2024-09-30
2024-09-12,AporEnerMediHist,211820000,kWh,xm:servapibi,2026-09-22T19:24:49Z,xm/2024/09/AporEnerMediHist_Sistema.2024-09-01.ndjson#AporEnerMediHist:Sistema:2024-09-01:2024-09-30
2024-09-12,CapaUtilDiarEner,17358655983,kWh,xm:servapibi,2026-09-22T19:24:47Z,xm/2024/09/CapaUtilDiarEner_Sistema.2024-09-01.ndjson#CapaUtilDiarEner:Sistema:2024-09-01:2024-09-30
2024-09-12,DemaSIN,238753194.95,kWh,xm:servapibi,2026-09-22T19:24:52Z,xm/2024/09/DemaSIN_Sistema.2024-09-01.ndjson#DemaSIN:Sistema:2024-09-01:2024-09-30
2024-09-12,PorcApor,0.44625,fraction,xm:servapibi,2026-09-22T19:24:51Z,xm/2024/09/PorcApor_Sistema.2024-09-01.ndjson#PorcApor:Sistema:2024-09-01:2024-09-30
2024-09-12,PorcVoluUtilDiar,0.51853,fraction,xm:servapibi,2026-09-22T19:24:44Z,xm/2024/09/PorcVoluUtilDiar_Sistema.2024-09-01.ndjson#PorcVoluUtilDiar:Sistema:2024-09-01:2024-09-30
2024-09-12,PrecBolsNaci,818.9565300000004,COP/kWh,xm:servapibi,2026-09-22T19:24:55Z,xm/2024/09/PrecBolsNaci_Sistema.2024-09-01.ndjson#PrecBolsNaci:Sistema:2024-09-01:2024-09-30
2024-09-12,PrecEscaAct,932.49018,COP/kWh,xm:servapibi,2026-09-22T19:24:53Z,xm/2024/09/PrecEscaAct_Sistema.2024-09-01.ndjson#PrecEscaAct:Sistema:2024-09-01:2024-09-30
2024-09-12,VoluUtilDiarEner,9000992600,kWh,xm:servapibi,2026-09-22T19:24:45Z,xm/2024/09/VoluUtilDiarEner_Sistema.2024-09-01.ndjson#VoluUtilDiarEner:Sistema:2024-09-01:2024-09-30
2024-09-13,AporEner,128362300,kWh,xm:servapibi,2026-09-22T19:24:48Z,xm/2024/09/AporEner_Sistema.2024-09-01.ndjson#AporEner:Sistema:2024-09-01:2024-09-30
2024-09-13,AporEnerMediHist,211820000,kWh,xm:servapibi,2026-09-22T19:24:49Z,xm/2024/09/AporEnerMediHist_Sistema.2024-09-01.ndjson#AporEnerMediHist:Sistema:2024-09-01:2024-09-30
2024-09-13,CapaUtilDiarEner,17358655983,kWh,xm:servapibi,2026-09-22T19:24:47Z,xm/2024/09/CapaUtilDiarEner_Sistema.2024-09-01.ndjson#CapaUtilDiarEner:Sistema:2024-09-01:2024-09-30
2024-09-13,DemaSIN,239216147.1,kWh,xm:servapibi,2026-09-22T19:24:52Z,xm/2024/09/DemaSIN_Sistema.2024-09-01.ndjson#DemaSIN:Sistema:2024-09-01:2024-09-30
2024-09-13,PorcApor,0.606,fraction,xm:servapibi,2026-09-22T19:24:51Z,xm/2024/09/PorcApor_Sistema.2024-09-01.ndjson#PorcApor:Sistema:2024-09-01:2024-09-30
2024-09-13,PorcVoluUtilDiar,0.51693,fraction,xm:servapibi,2026-09-22T19:24:44Z,xm/2024/09/PorcVoluUtilDiar_Sistema.2024-09-01.ndjson#PorcVoluUtilDiar:Sistema:2024-09-01:2024-09-30
2024-09-13,PrecBolsNaci,810.5335899999995,COP/kWh,xm:servapibi,2026-09-22T19:24:55Z,xm/2024/09/PrecBolsNaci_Sistema.2024-09-01.ndjson#PrecBolsNaci:Sistema:2024-09-01:2024-09-30
2024-09-13,PrecEscaAct,932.49018,COP/kWh,xm:servapibi,2026-09-22T19:24:53Z,xm/2024/09/PrecEscaAct_Sistema.2024-09-01.ndjson#PrecEscaAct:Sistema:2024-09-01:2024-09-30
2024-09-13,VoluUtilDiarEner,8973199700,kWh,xm:servapibi,2026-09-22T19:24:45Z,xm/2024/09/VoluUtilDiarEner_Sistema.2024-09-01.ndjson#VoluUtilDiarEner:Sistema:2024-09-01:2024-09-30
2024-09-14,AporEner,98190300,kWh,xm:servapibi,2026-09-22T19:24:48Z,xm/2024/09/AporEner_Sistema.2024-09-01.ndjson#AporEner:Sistema:2024-09-01:2024-09-30
2024-09-14,AporEnerMediHist,211820000,kWh,xm:servapibi,2026-09-22T19:24:49Z,xm/2024/09/AporEnerMediHist_Sistema.2024-09-01.ndjson#AporEnerMediHist:Sistema:2024-09-01:2024-09-30
2024-09-14,CapaUtilDiarEner,17358655983,kWh,xm:servapibi,2026-09-22T19:24:47Z,xm/2024/09/CapaUtilDiarEner_Sistema.2024-09-01.ndjson#CapaUtilDiarEner:Sistema:2024-09-01:2024-09-30
2024-09-14,DemaSIN,232717025.08,kWh,xm:servapibi,2026-09-22T19:24:52Z,xm/2024/09/DemaSIN_Sistema.2024-09-01.ndjson#DemaSIN:Sistema:2024-09-01:2024-09-30
2024-09-14,PorcApor,0.46356,fraction,xm:servapibi,2026-09-22T19:24:51Z,xm/2024/09/PorcApor_Sistema.2024-09-01.ndjson#PorcApor:Sistema:2024-09-01:2024-09-30
2024-09-14,PorcVoluUtilDiar,0.51399,fraction,xm:servapibi,2026-09-22T19:24:44Z,xm/2024/09/PorcVoluUtilDiar_Sistema.2024-09-01.ndjson#PorcVoluUtilDiar:Sistema:2024-09-01:2024-09-30
2024-09-14,PrecBolsNaci,862.884763333333,COP/kWh,xm:servapibi,2026-09-22T19:24:55Z,xm/2024/09/PrecBolsNaci_Sistema.2024-09-01.ndjson#PrecBolsNaci:Sistema:2024-09-01:2024-09-30
2024-09-14,PrecEscaAct,932.49018,COP/kWh,xm:servapibi,2026-09-22T19:24:53Z,xm/2024/09/PrecEscaAct_Sistema.2024-09-01.ndjson#PrecEscaAct:Sistema:2024-09-01:2024-09-30
2024-09-14,VoluUtilDiarEner,8922118200,kWh,xm:servapibi,2026-09-22T19:24:45Z,xm/2024/09/VoluUtilDiarEner_Sistema.2024-09-01.ndjson#VoluUtilDiarEner:Sistema:2024-09-01:2024-09-30
2024-09-15,AporEner,94692200,kWh,xm:servapibi,2026-09-22T19:24:48Z,xm/2024/09/AporEner_Sistema.2024-09-01.ndjson#AporEner:Sistema:2024-09-01:2024-09-30
2024-09-15,AporEnerMediHist,211820000,kWh,xm:servapibi,2026-09-22T19:24:49Z,xm/2024/09/AporEnerMediHist_Sistema.2024-09-01.ndjson#AporEnerMediHist:Sistema:2024-09-01:2024-09-30
2024-09-15,CapaUtilDiarEner,17358655983,kWh,xm:servapibi,2026-09-22T19:24:47Z,xm/2024/09/CapaUtilDiarEner_Sistema.2024-09-01.ndjson#CapaUtilDiarEner:Sistema:2024-09-01:2024-09-30
2024-09-15,DemaSIN,216322586.45,kWh,xm:servapibi,2026-09-22T19:24:52Z,xm/2024/09/DemaSIN_Sistema.2024-09-01.ndjson#DemaSIN:Sistema:2024-09-01:2024-09-30
2024-09-15,PorcApor,0.44704,fraction,xm:servapibi,2026-09-22T19:24:51Z,xm/2024/09/PorcApor_Sistema.2024-09-01.ndjson#PorcApor:Sistema:2024-09-01:2024-09-30
2024-09-15,PorcVoluUtilDiar,0.51207,fraction,xm:servapibi,2026-09-22T19:24:44Z,xm/2024/09/PorcVoluUtilDiar_Sistema.2024-09-01.ndjson#PorcVoluUtilDiar:Sistema:2024-09-01:2024-09-30
2024-09-15,PrecBolsNaci,848.3968099999996,COP/kWh,xm:servapibi,2026-09-22T19:24:55Z,xm/2024/09/PrecBolsNaci_Sistema.2024-09-01.ndjson#PrecBolsNaci:Sistema:2024-09-01:2024-09-30
2024-09-15,PrecEscaAct,932.49018,COP/kWh,xm:servapibi,2026-09-22T19:24:53Z,xm/2024/09/PrecEscaAct_Sistema.2024-09-01.ndjson#PrecEscaAct:Sistema:2024-09-01:2024-09-30
2024-09-15,VoluUtilDiarEner,8888815000,kWh,xm:servapibi,2026-09-22T19:24:45Z,xm/2024/09/VoluUtilDiarEner_Sistema.2024-09-01.ndjson#VoluUtilDiarEner:Sistema:2024-09-01:2024-09-30
2024-09-16,AporEner,94155800,kWh,xm:servapibi,2026-09-22T19:24:48Z,xm/2024/09/AporEner_Sistema.2024-09-01.ndjson#AporEner:Sistema:2024-09-01:2024-09-30
2024-09-16,AporEnerMediHist,211820000,kWh,xm:servapibi,2026-09-22T19:24:49Z,xm/2024/09/AporEnerMediHist_Sistema.2024-09-01.ndjson#AporEnerMediHist:Sistema:2024-09-01:2024-09-30
2024-09-16,CapaUtilDiarEner,17358655983,kWh,xm:servapibi,2026-09-22T19:24:47Z,xm/2024/09/CapaUtilDiarEner_Sistema.2024-09-01.ndjson#CapaUtilDiarEner:Sistema:2024-09-01:2024-09-30
2024-09-16,DemaSIN,239396215.58,kWh,xm:servapibi,2026-09-22T19:24:52Z,xm/2024/09/DemaSIN_Sistema.2024-09-01.ndjson#DemaSIN:Sistema:2024-09-01:2024-09-30
2024-09-16,PorcApor,0.44451,fraction,xm:servapibi,2026-09-22T19:24:51Z,xm/2024/09/PorcApor_Sistema.2024-09-01.ndjson#PorcApor:Sistema:2024-09-01:2024-09-30
2024-09-16,PorcVoluUtilDiar,0.50933,fraction,xm:servapibi,2026-09-22T19:24:44Z,xm/2024/09/PorcVoluUtilDiar_Sistema.2024-09-01.ndjson#PorcVoluUtilDiar:Sistema:2024-09-01:2024-09-30
2024-09-16,PrecBolsNaci,911.7121366666671,COP/kWh,xm:servapibi,2026-09-22T19:24:55Z,xm/2024/09/PrecBolsNaci_Sistema.2024-09-01.ndjson#PrecBolsNaci:Sistema:2024-09-01:2024-09-30
2024-09-16,PrecEscaAct,932.49018,COP/kWh,xm:servapibi,2026-09-22T19:24:53Z,xm/2024/09/PrecEscaAct_Sistema.2024-09-01.ndjson#PrecEscaAct:Sistema:2024-09-01:2024-09-30
2024-09-16,VoluUtilDiarEner,8841262600,kWh,xm:servapibi,2026-09-22T19:24:45Z,xm/2024/09/VoluUtilDiarEner_Sistema.2024-09-01.ndjson#VoluUtilDiarEner:Sistema:2024-09-01:2024-09-30
2024-09-17,AporEner,148472200,kWh,xm:servapibi,2026-09-22T19:24:48Z,xm/2024/09/AporEner_Sistema.2024-09-01.ndjson#AporEner:Sistema:2024-09-01:2024-09-30
2024-09-17,AporEnerMediHist,211820000,kWh,xm:servapibi,2026-09-22T19:24:49Z,xm/2024/09/AporEnerMediHist_Sistema.2024-09-01.ndjson#AporEnerMediHist:Sistema:2024-09-01:2024-09-30
2024-09-17,CapaUtilDiarEner,17358655983,kWh,xm:servapibi,2026-09-22T19:24:47Z,xm/2024/09/CapaUtilDiarEner_Sistema.2024-09-01.ndjson#CapaUtilDiarEner:Sistema:2024-09-01:2024-09-30
2024-09-17,DemaSIN,236769142.18,kWh,xm:servapibi,2026-09-22T19:24:52Z,xm/2024/09/DemaSIN_Sistema.2024-09-01.ndjson#DemaSIN:Sistema:2024-09-01:2024-09-30
2024-09-17,PorcApor,0.70094,fraction,xm:servapibi,2026-09-22T19:24:51Z,xm/2024/09/PorcApor_Sistema.2024-09-01.ndjson#PorcApor:Sistema:2024-09-01:2024-09-30
2024-09-17,PorcVoluUtilDiar,0.50956,fraction,xm:servapibi,2026-09-22T19:24:44Z,xm/2024/09/PorcVoluUtilDiar_Sistema.2024-09-01.ndjson#PorcVoluUtilDiar:Sistema:2024-09-01:2024-09-30
2024-09-17,PrecBolsNaci,921.1164466666669,COP/kWh,xm:servapibi,2026-09-22T19:24:55Z,xm/2024/09/PrecBolsNaci_Sistema.2024-09-01.ndjson#PrecBolsNaci:Sistema:2024-09-01:2024-09-30
2024-09-17,PrecEscaAct,932.49018,COP/kWh,xm:servapibi,2026-09-22T19:24:53Z,xm/2024/09/PrecEscaAct_Sistema.2024-09-01.ndjson#PrecEscaAct:Sistema:2024-09-01:2024-09-30
2024-09-17,VoluUtilDiarEner,8845295600,kWh,xm:servapibi,2026-09-22T19:24:45Z,xm/2024/09/VoluUtilDiarEner_Sistema.2024-09-01.ndjson#VoluUtilDiarEner:Sistema:2024-09-01:2024-09-30
2024-09-18,AporEner,93739700,kWh,xm:servapibi,2026-09-22T19:24:48Z,xm/2024/09/AporEner_Sistema.2024-09-01.ndjson#AporEner:Sistema:2024-09-01:2024-09-30
2024-09-18,AporEnerMediHist,211820000,kWh,xm:servapibi,2026-09-22T19:24:49Z,xm/2024/09/AporEnerMediHist_Sistema.2024-09-01.ndjson#AporEnerMediHist:Sistema:2024-09-01:2024-09-30
2024-09-18,CapaUtilDiarEner,17358655983,kWh,xm:servapibi,2026-09-22T19:24:47Z,xm/2024/09/CapaUtilDiarEner_Sistema.2024-09-01.ndjson#CapaUtilDiarEner:Sistema:2024-09-01:2024-09-30
2024-09-18,DemaSIN,239636924.03,kWh,xm:servapibi,2026-09-22T19:24:52Z,xm/2024/09/DemaSIN_Sistema.2024-09-01.ndjson#DemaSIN:Sistema:2024-09-01:2024-09-30
2024-09-18,PorcApor,0.44254,fraction,xm:servapibi,2026-09-22T19:24:51Z,xm/2024/09/PorcApor_Sistema.2024-09-01.ndjson#PorcApor:Sistema:2024-09-01:2024-09-30
2024-09-18,PorcVoluUtilDiar,0.5063,fraction,xm:servapibi,2026-09-22T19:24:44Z,xm/2024/09/PorcVoluUtilDiar_Sistema.2024-09-01.ndjson#PorcVoluUtilDiar:Sistema:2024-09-01:2024-09-30
2024-09-18,PrecBolsNaci,925.0393,COP/kWh,xm:servapibi,2026-09-22T19:24:55Z,xm/2024/09/PrecBolsNaci_Sistema.2024-09-01.ndjson#PrecBolsNaci:Sistema:2024-09-01:2024-09-30
2024-09-18,PrecEscaAct,932.49018,COP/kWh,xm:servapibi,2026-09-22T19:24:53Z,xm/2024/09/PrecEscaAct_Sistema.2024-09-01.ndjson#PrecEscaAct:Sistema:2024-09-01:2024-09-30
2024-09-18,VoluUtilDiarEner,8788657300,kWh,xm:servapibi,2026-09-22T19:24:45Z,xm/2024/09/VoluUtilDiarEner_Sistema.2024-09-01.ndjson#VoluUtilDiarEner:Sistema:2024-09-01:2024-09-30
2024-09-19,AporEner,88334200,kWh,xm:servapibi,2026-09-22T19:24:48Z,xm/2024/09/AporEner_Sistema.2024-09-01.ndjson#AporEner:Sistema:2024-09-01:2024-09-30
2024-09-19,AporEnerMediHist,211820000,kWh,xm:servapibi,2026-09-22T19:24:49Z,xm/2024/09/AporEnerMediHist_Sistema.2024-09-01.ndjson#AporEnerMediHist:Sistema:2024-09-01:2024-09-30
2024-09-19,CapaUtilDiarEner,17358655983,kWh,xm:servapibi,2026-09-22T19:24:47Z,xm/2024/09/CapaUtilDiarEner_Sistema.2024-09-01.ndjson#CapaUtilDiarEner:Sistema:2024-09-01:2024-09-30
2024-09-19,DemaSIN,240983374.01,kWh,xm:servapibi,2026-09-22T19:24:52Z,xm/2024/09/DemaSIN_Sistema.2024-09-01.ndjson#DemaSIN:Sistema:2024-09-01:2024-09-30
2024-09-19,PorcApor,0.41702,fraction,xm:servapibi,2026-09-22T19:24:51Z,xm/2024/09/PorcApor_Sistema.2024-09-01.ndjson#PorcApor:Sistema:2024-09-01:2024-09-30
2024-09-19,PorcVoluUtilDiar,0.50185,fraction,xm:servapibi,2026-09-22T19:24:44Z,xm/2024/09/PorcVoluUtilDiar_Sistema.2024-09-01.ndjson#PorcVoluUtilDiar:Sistema:2024-09-01:2024-09-30
2024-09-19,PrecBolsNaci,925.6750616666664,COP/kWh,xm:servapibi,2026-09-22T19:24:55Z,xm/2024/09/PrecBolsNaci_Sistema.2024-09-01.ndjson#PrecBolsNaci:Sistema:2024-09-01:2024-09-30
2024-09-19,PrecEscaAct,932.49018,COP/kWh,xm:servapibi,2026-09-22T19:24:53Z,xm/2024/09/PrecEscaAct_Sistema.2024-09-01.ndjson#PrecEscaAct:Sistema:2024-09-01:2024-09-30
2024-09-19,VoluUtilDiarEner,8711466000,kWh,xm:servapibi,2026-09-22T19:24:45Z,xm/2024/09/VoluUtilDiarEner_Sistema.2024-09-01.ndjson#VoluUtilDiarEner:Sistema:2024-09-01:2024-09-30
2024-09-20,AporEner,90990400,kWh,xm:servapibi,2026-09-22T19:24:48Z,xm/2024/09/AporEner_Sistema.2024-09-01.ndjson#AporEner:Sistema:2024-09-01:2024-09-30
2024-09-20,AporEnerMediHist,211820000,kWh,xm:servapibi,2026-09-22T19:24:49Z,xm/2024/09/AporEnerMediHist_Sistema.2024-09-01.ndjson#AporEnerMediHist:Sistema:2024-09-01:2024-09-30
2024-09-20,CapaUtilDiarEner,17358655983,kWh,xm:servapibi,2026-09-22T19:24:47Z,xm/2024/09/CapaUtilDiarEner_Sistema.2024-09-01.ndjson#CapaUtilDiarEner:Sistema:2024-09-01:2024-09-30
2024-09-20,DemaSIN,235943623.95,kWh,xm:servapibi,2026-09-22T19:24:52Z,xm/2024/09/DemaSIN_Sistema.2024-09-01.ndjson#DemaSIN:Sistema:2024-09-01:2024-09-30
2024-09-20,PorcApor,0.42956,fraction,xm:servapibi,2026-09-22T19:24:51Z,xm/2024/09/PorcApor_Sistema.2024-09-01.ndjson#PorcApor:Sistema:2024-09-01:2024-09-30
2024-09-20,PorcVoluUtilDiar,0.49822,fraction,xm:servapibi,2026-09-22T19:24:44Z,xm/2024/09/PorcVoluUtilDiar_Sistema.2024-09-01.ndjson#PorcVoluUtilDiar:Sistema:2024-09-01:2024-09-30
2024-09-20,PrecBolsNaci,933.24593,COP/kWh,xm:servapibi,2026-09-22T19:24:55Z,xm/2024/09/PrecBolsNaci_Sistema.2024-09-01.ndjson#PrecBolsNaci:Sistema:2024-09-01:2024-09-30
2024-09-20,PrecEscaAct,932.49018,COP/kWh,xm:servapibi,2026-09-22T19:24:53Z,xm/2024/09/PrecEscaAct_Sistema.2024-09-01.ndjson#PrecEscaAct:Sistema:2024-09-01:2024-09-30
2024-09-20,VoluUtilDiarEner,8648489900,kWh,xm:servapibi,2026-09-22T19:24:45Z,xm/2024/09/VoluUtilDiarEner_Sistema.2024-09-01.ndjson#VoluUtilDiarEner:Sistema:2024-09-01:2024-09-30
2024-09-21,AporEner,108241200,kWh,xm:servapibi,2026-09-22T19:24:48Z,xm/2024/09/AporEner_Sistema.2024-09-01.ndjson#AporEner:Sistema:2024-09-01:2024-09-30
2024-09-21,AporEnerMediHist,211820000,kWh,xm:servapibi,2026-09-22T19:24:49Z,xm/2024/09/AporEnerMediHist_Sistema.2024-09-01.ndjson#AporEnerMediHist:Sistema:2024-09-01:2024-09-30
2024-09-21,CapaUtilDiarEner,17358655983,kWh,xm:servapibi,2026-09-22T19:24:47Z,xm/2024/09/CapaUtilDiarEner_Sistema.2024-09-01.ndjson#CapaUtilDiarEner:Sistema:2024-09-01:2024-09-30
2024-09-21,DemaSIN,227629702.53,kWh,xm:servapibi,2026-09-22T19:24:52Z,xm/2024/09/DemaSIN_Sistema.2024-09-01.ndjson#DemaSIN:Sistema:2024-09-01:2024-09-30
2024-09-21,PorcApor,0.51101,fraction,xm:servapibi,2026-09-22T19:24:51Z,xm/2024/09/PorcApor_Sistema.2024-09-01.ndjson#PorcApor:Sistema:2024-09-01:2024-09-30
2024-09-21,PorcVoluUtilDiar,0.49733,fraction,xm:servapibi,2026-09-22T19:24:44Z,xm/2024/09/PorcVoluUtilDiar_Sistema.2024-09-01.ndjson#PorcVoluUtilDiar:Sistema:2024-09-01:2024-09-30
2024-09-21,PrecBolsNaci,934.018165,COP/kWh,xm:servapibi,2026-09-22T19:24:55Z,xm/2024/09/PrecBolsNaci_Sistema.2024-09-01.ndjson#PrecBolsNaci:Sistema:2024-09-01:2024-09-30
2024-09-21,PrecEscaAct,932.49018,COP/kWh,xm:servapibi,2026-09-22T19:24:53Z,xm/2024/09/PrecEscaAct_Sistema.2024-09-01.ndjson#PrecEscaAct:Sistema:2024-09-01:2024-09-30
2024-09-21,VoluUtilDiarEner,8632904200,kWh,xm:servapibi,2026-09-22T19:24:45Z,xm/2024/09/VoluUtilDiarEner_Sistema.2024-09-01.ndjson#VoluUtilDiarEner:Sistema:2024-09-01:2024-09-30
2024-09-22,AporEner,127174500,kWh,xm:servapibi,2026-09-22T19:24:48Z,xm/2024/09/AporEner_Sistema.2024-09-01.ndjson#AporEner:Sistema:2024-09-01:2024-09-30
2024-09-22,AporEnerMediHist,211820000,kWh,xm:servapibi,2026-09-22T19:24:49Z,xm/2024/09/AporEnerMediHist_Sistema.2024-09-01.ndjson#AporEnerMediHist:Sistema:2024-09-01:2024-09-30
2024-09-22,CapaUtilDiarEner,17358655983,kWh,xm:servapibi,2026-09-22T19:24:47Z,xm/2024/09/CapaUtilDiarEner_Sistema.2024-09-01.ndjson#CapaUtilDiarEner:Sistema:2024-09-01:2024-09-30
2024-09-22,DemaSIN,202838592.13,kWh,xm:servapibi,2026-09-22T19:24:52Z,xm/2024/09/DemaSIN_Sistema.2024-09-01.ndjson#DemaSIN:Sistema:2024-09-01:2024-09-30
2024-09-22,PorcApor,0.60039,fraction,xm:servapibi,2026-09-22T19:24:51Z,xm/2024/09/PorcApor_Sistema.2024-09-01.ndjson#PorcApor:Sistema:2024-09-01:2024-09-30
2024-09-22,PorcVoluUtilDiar,0.49965,fraction,xm:servapibi,2026-09-22T19:24:44Z,xm/2024/09/PorcVoluUtilDiar_Sistema.2024-09-01.ndjson#PorcVoluUtilDiar:Sistema:2024-09-01:2024-09-30
2024-09-22,PrecBolsNaci,933.0860000000002,COP/kWh,xm:servapibi,2026-09-22T19:24:55Z,xm/2024/09/PrecBolsNaci_Sistema.2024-09-01.ndjson#PrecBolsNaci:Sistema:2024-09-01:2024-09-30
2024-09-22,PrecEscaAct,932.49018,COP/kWh,xm:servapibi,2026-09-22T19:24:53Z,xm/2024/09/PrecEscaAct_Sistema.2024-09-01.ndjson#PrecEscaAct:Sistema:2024-09-01:2024-09-30
2024-09-22,VoluUtilDiarEner,8673295300,kWh,xm:servapibi,2026-09-22T19:24:45Z,xm/2024/09/VoluUtilDiarEner_Sistema.2024-09-01.ndjson#VoluUtilDiarEner:Sistema:2024-09-01:2024-09-30
2024-09-23,AporEner,168657800,kWh,xm:servapibi,2026-09-22T19:24:48Z,xm/2024/09/AporEner_Sistema.2024-09-01.ndjson#AporEner:Sistema:2024-09-01:2024-09-30
2024-09-23,AporEnerMediHist,211820000,kWh,xm:servapibi,2026-09-22T19:24:49Z,xm/2024/09/AporEnerMediHist_Sistema.2024-09-01.ndjson#AporEnerMediHist:Sistema:2024-09-01:2024-09-30
2024-09-23,CapaUtilDiarEner,17358655983,kWh,xm:servapibi,2026-09-22T19:24:47Z,xm/2024/09/CapaUtilDiarEner_Sistema.2024-09-01.ndjson#CapaUtilDiarEner:Sistema:2024-09-01:2024-09-30
2024-09-23,DemaSIN,230298342.2,kWh,xm:servapibi,2026-09-22T19:24:52Z,xm/2024/09/DemaSIN_Sistema.2024-09-01.ndjson#DemaSIN:Sistema:2024-09-01:2024-09-30
2024-09-23,PorcApor,0.79623,fraction,xm:servapibi,2026-09-22T19:24:51Z,xm/2024/09/PorcApor_Sistema.2024-09-01.ndjson#PorcApor:Sistema:2024-09-01:2024-09-30
2024-09-23,PorcVoluUtilDiar,0.5018,fraction,xm:servapibi,2026-09-22T19:24:44Z,xm/2024/09/PorcVoluUtilDiar_Sistema.2024-09-01.ndjson#PorcVoluUtilDiar:Sistema:2024-09-01:2024-09-30
2024-09-23,PrecBolsNaci,934.0414350000001,COP/kWh,xm:servapibi,2026-09-22T19:24:55Z,xm/2024/09/PrecBolsNaci_Sistema.2024-09-01.ndjson#PrecBolsNaci:Sistema:2024-09-01:2024-09-30
2024-09-23,PrecEscaAct,932.49018,COP/kWh,xm:servapibi,2026-09-22T19:24:53Z,xm/2024/09/PrecEscaAct_Sistema.2024-09-01.ndjson#PrecEscaAct:Sistema:2024-09-01:2024-09-30
2024-09-23,VoluUtilDiarEner,8710600400,kWh,xm:servapibi,2026-09-22T19:24:45Z,xm/2024/09/VoluUtilDiarEner_Sistema.2024-09-01.ndjson#VoluUtilDiarEner:Sistema:2024-09-01:2024-09-30
2024-09-24,AporEner,99796300,kWh,xm:servapibi,2026-09-22T19:24:48Z,xm/2024/09/AporEner_Sistema.2024-09-01.ndjson#AporEner:Sistema:2024-09-01:2024-09-30
2024-09-24,AporEnerMediHist,211820000,kWh,xm:servapibi,2026-09-22T19:24:49Z,xm/2024/09/AporEnerMediHist_Sistema.2024-09-01.ndjson#AporEnerMediHist:Sistema:2024-09-01:2024-09-30
2024-09-24,CapaUtilDiarEner,17358655983,kWh,xm:servapibi,2026-09-22T19:24:47Z,xm/2024/09/CapaUtilDiarEner_Sistema.2024-09-01.ndjson#CapaUtilDiarEner:Sistema:2024-09-01:2024-09-30
2024-09-24,DemaSIN,239204349.47,kWh,xm:servapibi,2026-09-22T19:24:52Z,xm/2024/09/DemaSIN_Sistema.2024-09-01.ndjson#DemaSIN:Sistema:2024-09-01:2024-09-30
2024-09-24,PorcApor,0.47114,fraction,xm:servapibi,2026-09-22T19:24:51Z,xm/2024/09/PorcApor_Sistema.2024-09-01.ndjson#PorcApor:Sistema:2024-09-01:2024-09-30
2024-09-24,PorcVoluUtilDiar,0.49909,fraction,xm:servapibi,2026-09-22T19:24:44Z,xm/2024/09/PorcVoluUtilDiar_Sistema.2024-09-01.ndjson#PorcVoluUtilDiar:Sistema:2024-09-01:2024-09-30
2024-09-24,PrecBolsNaci,934.2861666666666,COP/kWh,xm:servapibi,2026-09-22T19:24:55Z,xm/2024/09/PrecBolsNaci_Sistema.2024-09-01.ndjson#PrecBolsNaci:Sistema:2024-09-01:2024-09-30
2024-09-24,PrecEscaAct,932.49018,COP/kWh,xm:servapibi,2026-09-22T19:24:53Z,xm/2024/09/PrecEscaAct_Sistema.2024-09-01.ndjson#PrecEscaAct:Sistema:2024-09-01:2024-09-30
2024-09-24,VoluUtilDiarEner,8663488000,kWh,xm:servapibi,2026-09-22T19:24:45Z,xm/2024/09/VoluUtilDiarEner_Sistema.2024-09-01.ndjson#VoluUtilDiarEner:Sistema:2024-09-01:2024-09-30
2024-09-25,AporEner,109283500,kWh,xm:servapibi,2026-09-22T19:24:48Z,xm/2024/09/AporEner_Sistema.2024-09-01.ndjson#AporEner:Sistema:2024-09-01:2024-09-30
2024-09-25,AporEnerMediHist,211820000,kWh,xm:servapibi,2026-09-22T19:24:49Z,xm/2024/09/AporEnerMediHist_Sistema.2024-09-01.ndjson#AporEnerMediHist:Sistema:2024-09-01:2024-09-30
2024-09-25,CapaUtilDiarEner,17358655983,kWh,xm:servapibi,2026-09-22T19:24:47Z,xm/2024/09/CapaUtilDiarEner_Sistema.2024-09-01.ndjson#CapaUtilDiarEner:Sistema:2024-09-01:2024-09-30
2024-09-25,DemaSIN,236546755.3,kWh,xm:servapibi,2026-09-22T19:24:52Z,xm/2024/09/DemaSIN_Sistema.2024-09-01.ndjson#DemaSIN:Sistema:2024-09-01:2024-09-30
2024-09-25,PorcApor,0.51593,fraction,xm:servapibi,2026-09-22T19:24:51Z,xm/2024/09/PorcApor_Sistema.2024-09-01.ndjson#PorcApor:Sistema:2024-09-01:2024-09-30
2024-09-25,PorcVoluUtilDiar,0.49726,fraction,xm:servapibi,2026-09-22T19:24:44Z,xm/2024/09/PorcVoluUtilDiar_Sistema.2024-09-01.ndjson#PorcVoluUtilDiar:Sistema:2024-09-01:2024-09-30
2024-09-25,PrecBolsNaci,923.9580966666666,COP/kWh,xm:servapibi,2026-09-22T19:24:55Z,xm/2024/09/PrecBolsNaci_Sistema.2024-09-01.ndjson#PrecBolsNaci:Sistema:2024-09-01:2024-09-30
2024-09-25,PrecEscaAct,932.49018,COP/kWh,xm:servapibi,2026-09-22T19:24:53Z,xm/2024/09/PrecEscaAct_Sistema.2024-09-01.ndjson#PrecEscaAct:Sistema:2024-09-01:2024-09-30
2024-09-25,VoluUtilDiarEner,8631802600,kWh,xm:servapibi,2026-09-22T19:24:45Z,xm/2024/09/VoluUtilDiarEner_Sistema.2024-09-01.ndjson#VoluUtilDiarEner:Sistema:2024-09-01:2024-09-30
2024-09-26,AporEner,126101500,kWh,xm:servapibi,2026-09-22T19:24:48Z,xm/2024/09/AporEner_Sistema.2024-09-01.ndjson#AporEner:Sistema:2024-09-01:2024-09-30
2024-09-26,AporEnerMediHist,211820000,kWh,xm:servapibi,2026-09-22T19:24:49Z,xm/2024/09/AporEnerMediHist_Sistema.2024-09-01.ndjson#AporEnerMediHist:Sistema:2024-09-01:2024-09-30
2024-09-26,CapaUtilDiarEner,17358655983,kWh,xm:servapibi,2026-09-22T19:24:47Z,xm/2024/09/CapaUtilDiarEner_Sistema.2024-09-01.ndjson#CapaUtilDiarEner:Sistema:2024-09-01:2024-09-30
2024-09-26,DemaSIN,233362628.53,kWh,xm:servapibi,2026-09-22T19:24:52Z,xm/2024/09/DemaSIN_Sistema.2024-09-01.ndjson#DemaSIN:Sistema:2024-09-01:2024-09-30
2024-09-26,PorcApor,0.59532,fraction,xm:servapibi,2026-09-22T19:24:51Z,xm/2024/09/PorcApor_Sistema.2024-09-01.ndjson#PorcApor:Sistema:2024-09-01:2024-09-30
2024-09-26,PorcVoluUtilDiar,0.49665,fraction,xm:servapibi,2026-09-22T19:24:44Z,xm/2024/09/PorcVoluUtilDiar_Sistema.2024-09-01.ndjson#PorcVoluUtilDiar:Sistema:2024-09-01:2024-09-30
2024-09-26,PrecBolsNaci,921.2424033333333,COP/kWh,xm:servapibi,2026-09-22T19:24:55Z,xm/2024/09/PrecBolsNaci_Sistema.2024-09-01.ndjson#PrecBolsNaci:Sistema:2024-09-01:2024-09-30
2024-09-26,PrecEscaAct,932.49018,COP/kWh,xm:servapibi,2026-09-22T19:24:53Z,xm/2024/09/PrecEscaAct_Sistema.2024-09-01.ndjson#PrecEscaAct:Sistema:2024-09-01:2024-09-30
2024-09-26,VoluUtilDiarEner,8621095400,kWh,xm:servapibi,2026-09-22T19:24:45Z,xm/2024/09/VoluUtilDiarEner_Sistema.2024-09-01.ndjson#VoluUtilDiarEner:Sistema:2024-09-01:2024-09-30
2024-09-27,AporEner,120300800,kWh,xm:servapibi,2026-09-22T19:24:48Z,xm/2024/09/AporEner_Sistema.2024-09-01.ndjson#AporEner:Sistema:2024-09-01:2024-09-30
2024-09-27,AporEnerMediHist,211820000,kWh,xm:servapibi,2026-09-22T19:24:49Z,xm/2024/09/AporEnerMediHist_Sistema.2024-09-01.ndjson#AporEnerMediHist:Sistema:2024-09-01:2024-09-30
2024-09-27,CapaUtilDiarEner,17358655983,kWh,xm:servapibi,2026-09-22T19:24:47Z,xm/2024/09/CapaUtilDiarEner_Sistema.2024-09-01.ndjson#CapaUtilDiarEner:Sistema:2024-09-01:2024-09-30
2024-09-27,DemaSIN,236042363.82,kWh,xm:servapibi,2026-09-22T19:24:52Z,xm/2024/09/DemaSIN_Sistema.2024-09-01.ndjson#DemaSIN:Sistema:2024-09-01:2024-09-30
2024-09-27,PorcApor,0.56794,fraction,xm:servapibi,2026-09-22T19:24:51Z,xm/2024/09/PorcApor_Sistema.2024-09-01.ndjson#PorcApor:Sistema:2024-09-01:2024-09-30
2024-09-27,PorcVoluUtilDiar,0.495,fraction,xm:servapibi,2026-09-22T19:24:44Z,xm/2024/09/PorcVoluUtilDiar_Sistema.2024-09-01.ndjson#PorcVoluUtilDiar:Sistema:2024-09-01:2024-09-30
2024-09-27,PrecBolsNaci,911.4072716666669,COP/kWh,xm:servapibi,2026-09-22T19:24:55Z,xm/2024/09/PrecBolsNaci_Sistema.2024-09-01.ndjson#PrecBolsNaci:Sistema:2024-09-01:2024-09-30
2024-09-27,PrecEscaAct,932.49018,COP/kWh,xm:servapibi,2026-09-22T19:24:53Z,xm/2024/09/PrecEscaAct_Sistema.2024-09-01.ndjson#PrecEscaAct:Sistema:2024-09-01:2024-09-30
2024-09-27,VoluUtilDiarEner,8592492800,kWh,xm:servapibi,2026-09-22T19:24:45Z,xm/2024/09/VoluUtilDiarEner_Sistema.2024-09-01.ndjson#VoluUtilDiarEner:Sistema:2024-09-01:2024-09-30
2024-09-28,AporEner,125812600,kWh,xm:servapibi,2026-09-22T19:24:48Z,xm/2024/09/AporEner_Sistema.2024-09-01.ndjson#AporEner:Sistema:2024-09-01:2024-09-30
2024-09-28,AporEnerMediHist,211820000,kWh,xm:servapibi,2026-09-22T19:24:49Z,xm/2024/09/AporEnerMediHist_Sistema.2024-09-01.ndjson#AporEnerMediHist:Sistema:2024-09-01:2024-09-30
2024-09-28,CapaUtilDiarEner,17358655983,kWh,xm:servapibi,2026-09-22T19:24:47Z,xm/2024/09/CapaUtilDiarEner_Sistema.2024-09-01.ndjson#CapaUtilDiarEner:Sistema:2024-09-01:2024-09-30
2024-09-28,DemaSIN,221450778.48,kWh,xm:servapibi,2026-09-22T19:24:52Z,xm/2024/09/DemaSIN_Sistema.2024-09-01.ndjson#DemaSIN:Sistema:2024-09-01:2024-09-30
2024-09-28,PorcApor,0.59396,fraction,xm:servapibi,2026-09-22T19:24:51Z,xm/2024/09/PorcApor_Sistema.2024-09-01.ndjson#PorcApor:Sistema:2024-09-01:2024-09-30
2024-09-28,PorcVoluUtilDiar,0.49437,fraction,xm:servapibi,2026-09-22T19:24:44Z,xm/2024/09/PorcVoluUtilDiar_Sistema.2024-09-01.ndjson#PorcVoluUtilDiar:Sistema:2024-09-01:2024-09-30
2024-09-28,PrecBolsNaci,912.8758233333332,COP/kWh,xm:servapibi,2026-09-22T19:24:55Z,xm/2024/09/PrecBolsNaci_Sistema.2024-09-01.ndjson#PrecBolsNaci:Sistema:2024-09-01:2024-09-30
2024-09-28,PrecEscaAct,932.49018,COP/kWh,xm:servapibi,2026-09-22T19:24:53Z,xm/2024/09/PrecEscaAct_Sistema.2024-09-01.ndjson#PrecEscaAct:Sistema:2024-09-01:2024-09-30
2024-09-28,VoluUtilDiarEner,8581586500,kWh,xm:servapibi,2026-09-22T19:24:45Z,xm/2024/09/VoluUtilDiarEner_Sistema.2024-09-01.ndjson#VoluUtilDiarEner:Sistema:2024-09-01:2024-09-30
2024-09-29,AporEner,196328100,kWh,xm:servapibi,2026-09-22T19:24:48Z,xm/2024/09/AporEner_Sistema.2024-09-01.ndjson#AporEner:Sistema:2024-09-01:2024-09-30
2024-09-29,AporEnerMediHist,211820000,kWh,xm:servapibi,2026-09-22T19:24:49Z,xm/2024/09/AporEnerMediHist_Sistema.2024-09-01.ndjson#AporEnerMediHist:Sistema:2024-09-01:2024-09-30
2024-09-29,CapaUtilDiarEner,17358655983,kWh,xm:servapibi,2026-09-22T19:24:47Z,xm/2024/09/CapaUtilDiarEner_Sistema.2024-09-01.ndjson#CapaUtilDiarEner:Sistema:2024-09-01:2024-09-30
2024-09-29,DemaSIN,196819545.88,kWh,xm:servapibi,2026-09-22T19:24:52Z,xm/2024/09/DemaSIN_Sistema.2024-09-01.ndjson#DemaSIN:Sistema:2024-09-01:2024-09-30
2024-09-29,PorcApor,0.92686,fraction,xm:servapibi,2026-09-22T19:24:51Z,xm/2024/09/PorcApor_Sistema.2024-09-01.ndjson#PorcApor:Sistema:2024-09-01:2024-09-30
2024-09-29,PorcVoluUtilDiar,0.49922,fraction,xm:servapibi,2026-09-22T19:24:44Z,xm/2024/09/PorcVoluUtilDiar_Sistema.2024-09-01.ndjson#PorcVoluUtilDiar:Sistema:2024-09-01:2024-09-30
2024-09-29,PrecBolsNaci,912.4134599999998,COP/kWh,xm:servapibi,2026-09-22T19:24:55Z,xm/2024/09/PrecBolsNaci_Sistema.2024-09-01.ndjson#PrecBolsNaci:Sistema:2024-09-01:2024-09-30
2024-09-29,PrecEscaAct,932.49018,COP/kWh,xm:servapibi,2026-09-22T19:24:53Z,xm/2024/09/PrecEscaAct_Sistema.2024-09-01.ndjson#PrecEscaAct:Sistema:2024-09-01:2024-09-30
2024-09-29,VoluUtilDiarEner,8665847400,kWh,xm:servapibi,2026-09-22T19:24:45Z,xm/2024/09/VoluUtilDiarEner_Sistema.2024-09-01.ndjson#VoluUtilDiarEner:Sistema:2024-09-01:2024-09-30
2024-09-30,AporEner,169336400,kWh,xm:servapibi,2026-09-22T19:24:48Z,xm/2024/09/AporEner_Sistema.2024-09-01.ndjson#AporEner:Sistema:2024-09-01:2024-09-30
2024-09-30,AporEnerMediHist,211820000,kWh,xm:servapibi,2026-09-22T19:24:49Z,xm/2024/09/AporEnerMediHist_Sistema.2024-09-01.ndjson#AporEnerMediHist:Sistema:2024-09-01:2024-09-30
2024-09-30,CapaUtilDiarEner,17358655983,kWh,xm:servapibi,2026-09-22T19:24:47Z,xm/2024/09/CapaUtilDiarEner_Sistema.2024-09-01.ndjson#CapaUtilDiarEner:Sistema:2024-09-01:2024-09-30
2024-09-30,DemaSIN,220618497.04,kWh,xm:servapibi,2026-09-22T19:24:52Z,xm/2024/09/DemaSIN_Sistema.2024-09-01.ndjson#DemaSIN:Sistema:2024-09-01:2024-09-30
2024-09-30,PorcApor,0.79944,fraction,xm:servapibi,2026-09-22T19:24:51Z,xm/2024/09/PorcApor_Sistema.2024-09-01.ndjson#PorcApor:Sistema:2024-09-01:2024-09-30
2024-09-30,PorcVoluUtilDiar,0.50191,fraction,xm:servapibi,2026-09-22T19:24:44Z,xm/2024/09/PorcVoluUtilDiar_Sistema.2024-09-01.ndjson#PorcVoluUtilDiar:Sistema:2024-09-01:2024-09-30
2024-09-30,PrecBolsNaci,2498.804069999999,COP/kWh,xm:servapibi,2026-09-22T19:24:55Z,xm/2024/09/PrecBolsNaci_Sistema.2024-09-01.ndjson#PrecBolsNaci:Sistema:2024-09-01:2024-09-30
2024-09-30,PrecEscaAct,932.49018,COP/kWh,xm:servapibi,2026-09-22T19:24:53Z,xm/2024/09/PrecEscaAct_Sistema.2024-09-01.ndjson#PrecEscaAct:Sistema:2024-09-01:2024-09-30
2024-09-30,VoluUtilDiarEner,8712451700,kWh,xm:servapibi,2026-09-22T19:24:45Z,xm/2024/09/VoluUtilDiarEner_Sistema.2024-09-01.ndjson#VoluUtilDiarEner:Sistema:2024-09-01:2024-09-30
2024-10-01,AporEner,151630500,kWh,xm:servapibi,2026-09-22T19:25:03Z,xm/2024/10/AporEner_Sistema.2024-10-01.ndjson#AporEner:Sistema:2024-10-01:2024-10-31
2024-10-01,AporEnerMediHist,250190000,kWh,xm:servapibi,2026-09-22T19:25:04Z,xm/2024/10/AporEnerMediHist_Sistema.2024-10-01.ndjson#AporEnerMediHist:Sistema:2024-10-01:2024-10-31
2024-10-01,CapaUtilDiarEner,17358655983,kWh,xm:servapibi,2026-09-22T19:25:02Z,xm/2024/10/CapaUtilDiarEner_Sistema.2024-10-01.ndjson#CapaUtilDiarEner:Sistema:2024-10-01:2024-10-31
2024-10-01,DemaSIN,228749601.72,kWh,xm:servapibi,2026-09-22T19:25:07Z,xm/2024/10/DemaSIN_Sistema.2024-10-01.ndjson#DemaSIN:Sistema:2024-10-01:2024-10-31
2024-10-01,PorcApor,0.60606,fraction,xm:servapibi,2026-09-22T19:25:05Z,xm/2024/10/PorcApor_Sistema.2024-10-01.ndjson#PorcApor:Sistema:2024-10-01:2024-10-31
2024-10-01,PorcVoluUtilDiar,0.50353,fraction,xm:servapibi,2026-09-22T19:24:59Z,xm/2024/10/PorcVoluUtilDiar_Sistema.2024-10-01.ndjson#PorcVoluUtilDiar:Sistema:2024-10-01:2024-10-31
2024-10-01,PrecBolsNaci,1065.4342999999997,COP/kWh,xm:servapibi,2026-09-22T19:25:10Z,xm/2024/10/PrecBolsNaci_Sistema.2024-10-01.ndjson#PrecBolsNaci:Sistema:2024-10-01:2024-10-31
2024-10-01,PrecEscaAct,945.3104,COP/kWh,xm:servapibi,2026-09-22T19:25:08Z,xm/2024/10/PrecEscaAct_Sistema.2024-10-01.ndjson#PrecEscaAct:Sistema:2024-10-01:2024-10-31
2024-10-01,VoluUtilDiarEner,8740533900,kWh,xm:servapibi,2026-09-22T19:25:00Z,xm/2024/10/VoluUtilDiarEner_Sistema.2024-10-01.ndjson#VoluUtilDiarEner:Sistema:2024-10-01:2024-10-31
2024-10-02,AporEner,149793900,kWh,xm:servapibi,2026-09-22T19:25:03Z,xm/2024/10/AporEner_Sistema.2024-10-01.ndjson#AporEner:Sistema:2024-10-01:2024-10-31
2024-10-02,AporEnerMediHist,250190000,kWh,xm:servapibi,2026-09-22T19:25:04Z,xm/2024/10/AporEnerMediHist_Sistema.2024-10-01.ndjson#AporEnerMediHist:Sistema:2024-10-01:2024-10-31
2024-10-02,CapaUtilDiarEner,17358655983,kWh,xm:servapibi,2026-09-22T19:25:02Z,xm/2024/10/CapaUtilDiarEner_Sistema.2024-10-01.ndjson#CapaUtilDiarEner:Sistema:2024-10-01:2024-10-31
2024-10-02,DemaSIN,232020607.88,kWh,xm:servapibi,2026-09-22T19:25:07Z,xm/2024/10/DemaSIN_Sistema.2024-10-01.ndjson#DemaSIN:Sistema:2024-10-01:2024-10-31
2024-10-02,PorcApor,0.59872,fraction,xm:servapibi,2026-09-22T19:25:05Z,xm/2024/10/PorcApor_Sistema.2024-10-01.ndjson#PorcApor:Sistema:2024-10-01:2024-10-31
2024-10-02,PorcVoluUtilDiar,0.50509,fraction,xm:servapibi,2026-09-22T19:24:59Z,xm/2024/10/PorcVoluUtilDiar_Sistema.2024-10-01.ndjson#PorcVoluUtilDiar:Sistema:2024-10-01:2024-10-31
2024-10-02,PrecBolsNaci,1144.7472033333336,COP/kWh,xm:servapibi,2026-09-22T19:25:10Z,xm/2024/10/PrecBolsNaci_Sistema.2024-10-01.ndjson#PrecBolsNaci:Sistema:2024-10-01:2024-10-31
2024-10-02,PrecEscaAct,945.3104,COP/kWh,xm:servapibi,2026-09-22T19:25:08Z,xm/2024/10/PrecEscaAct_Sistema.2024-10-01.ndjson#PrecEscaAct:Sistema:2024-10-01:2024-10-31
2024-10-02,VoluUtilDiarEner,8767597800,kWh,xm:servapibi,2026-09-22T19:25:00Z,xm/2024/10/VoluUtilDiarEner_Sistema.2024-10-01.ndjson#VoluUtilDiarEner:Sistema:2024-10-01:2024-10-31
2024-10-03,AporEner,144885000,kWh,xm:servapibi,2026-09-22T19:25:03Z,xm/2024/10/AporEner_Sistema.2024-10-01.ndjson#AporEner:Sistema:2024-10-01:2024-10-31
2024-10-03,AporEnerMediHist,250190000,kWh,xm:servapibi,2026-09-22T19:25:04Z,xm/2024/10/AporEnerMediHist_Sistema.2024-10-01.ndjson#AporEnerMediHist:Sistema:2024-10-01:2024-10-31
2024-10-03,CapaUtilDiarEner,17358655983,kWh,xm:servapibi,2026-09-22T19:25:02Z,xm/2024/10/CapaUtilDiarEner_Sistema.2024-10-01.ndjson#CapaUtilDiarEner:Sistema:2024-10-01:2024-10-31
2024-10-03,DemaSIN,233503068.39,kWh,xm:servapibi,2026-09-22T19:25:07Z,xm/2024/10/DemaSIN_Sistema.2024-10-01.ndjson#DemaSIN:Sistema:2024-10-01:2024-10-31
2024-10-03,PorcApor,0.5791,fraction,xm:servapibi,2026-09-22T19:25:05Z,xm/2024/10/PorcApor_Sistema.2024-10-01.ndjson#PorcApor:Sistema:2024-10-01:2024-10-31
2024-10-03,PorcVoluUtilDiar,0.50607,fraction,xm:servapibi,2026-09-22T19:24:59Z,xm/2024/10/PorcVoluUtilDiar_Sistema.2024-10-01.ndjson#PorcVoluUtilDiar:Sistema:2024-10-01:2024-10-31
2024-10-03,PrecBolsNaci,1467.1866483333336,COP/kWh,xm:servapibi,2026-09-22T19:25:10Z,xm/2024/10/PrecBolsNaci_Sistema.2024-10-01.ndjson#PrecBolsNaci:Sistema:2024-10-01:2024-10-31
2024-10-03,PrecEscaAct,945.3104,COP/kWh,xm:servapibi,2026-09-22T19:25:08Z,xm/2024/10/PrecEscaAct_Sistema.2024-10-01.ndjson#PrecEscaAct:Sistema:2024-10-01:2024-10-31
2024-10-03,VoluUtilDiarEner,8784645700,kWh,xm:servapibi,2026-09-22T19:25:00Z,xm/2024/10/VoluUtilDiarEner_Sistema.2024-10-01.ndjson#VoluUtilDiarEner:Sistema:2024-10-01:2024-10-31
2024-10-04,AporEner,128179600,kWh,xm:servapibi,2026-09-22T19:25:03Z,xm/2024/10/AporEner_Sistema.2024-10-01.ndjson#AporEner:Sistema:2024-10-01:2024-10-31
2024-10-04,AporEnerMediHist,250190000,kWh,xm:servapibi,2026-09-22T19:25:04Z,xm/2024/10/AporEnerMediHist_Sistema.2024-10-01.ndjson#AporEnerMediHist:Sistema:2024-10-01:2024-10-31
2024-10-04,CapaUtilDiarEner,17358655983,kWh,xm:servapibi,2026-09-22T19:25:02Z,xm/2024/10/CapaUtilDiarEner_Sistema.2024-10-01.ndjson#CapaUtilDiarEner:Sistema:2024-10-01:2024-10-31
2024-10-04,DemaSIN,234723511.09,kWh,xm:servapibi,2026-09-22T19:25:07Z,xm/2024/10/DemaSIN_Sistema.2024-10-01.ndjson#DemaSIN:Sistema:2024-10-01:2024-10-31
2024-10-04,PorcApor,0.51233,fraction,xm:servapibi,2026-09-22T19:25:05Z,xm/2024/10/PorcApor_Sistema.2024-10-01.ndjson#PorcApor:Sistema:2024-10-01:2024-10-31
2024-10-04,PorcVoluUtilDiar,0.50638,fraction,xm:servapibi,2026-09-22T19:24:59Z,xm/2024/10/PorcVoluUtilDiar_Sistema.2024-10-01.ndjson#PorcVoluUtilDiar:Sistema:2024-10-01:2024-10-31
2024-10-04,PrecBolsNaci,1384.5238150000005,COP/kWh,xm:servapibi,2026-09-22T19:25:10Z,xm/2024/10/PrecBolsNaci_Sistema.2024-10-01.ndjson#PrecBolsNaci:Sistema:2024-10-01:2024-10-31
2024-10-04,PrecEscaAct,945.3104,COP/kWh,xm:servapibi,2026-09-22T19:25:08Z,xm/2024/10/PrecEscaAct_Sistema.2024-10-01.ndjson#PrecEscaAct:Sistema:2024-10-01:2024-10-31
2024-10-04,VoluUtilDiarEner,8790007700,kWh,xm:servapibi,2026-09-22T19:25:00Z,xm/2024/10/VoluUtilDiarEner_Sistema.2024-10-01.ndjson#VoluUtilDiarEner:Sistema:2024-10-01:2024-10-31
2024-10-05,AporEner,150600000,kWh,xm:servapibi,2026-09-22T19:25:03Z,xm/2024/10/AporEner_Sistema.2024-10-01.ndjson#AporEner:Sistema:2024-10-01:2024-10-31
2024-10-05,AporEnerMediHist,250190000,kWh,xm:servapibi,2026-09-22T19:25:04Z,xm/2024/10/AporEnerMediHist_Sistema.2024-10-01.ndjson#AporEnerMediHist:Sistema:2024-10-01:2024-10-31
2024-10-05,CapaUtilDiarEner,17358655983,kWh,xm:servapibi,2026-09-22T19:25:02Z,xm/2024/10/CapaUtilDiarEner_Sistema.2024-10-01.ndjson#CapaUtilDiarEner:Sistema:2024-10-01:2024-10-31
2024-10-05,DemaSIN,221602385.82,kWh,xm:servapibi,2026-09-22T19:25:07Z,xm/2024/10/DemaSIN_Sistema.2024-10-01.ndjson#DemaSIN:Sistema:2024-10-01:2024-10-31
2024-10-05,PorcApor,0.60194,fraction,xm:servapibi,2026-09-22T19:25:05Z,xm/2024/10/PorcApor_Sistema.2024-10-01.ndjson#PorcApor:Sistema:2024-10-01:2024-10-31
2024-10-05,PorcVoluUtilDiar,0.50822,fraction,xm:servapibi,2026-09-22T19:24:59Z,xm/2024/10/PorcVoluUtilDiar_Sistema.2024-10-01.ndjson#PorcVoluUtilDiar:Sistema:2024-10-01:2024-10-31
2024-10-05,PrecBolsNaci,1370.1968983333336,COP/kWh,xm:servapibi,2026-09-22T19:25:10Z,xm/2024/10/PrecBolsNaci_Sistema.2024-10-01.ndjson#PrecBolsNaci:Sistema:2024-10-01:2024-10-31
2024-10-05,PrecEscaAct,945.3104,COP/kWh,xm:servapibi,2026-09-22T19:25:08Z,xm/2024/10/PrecEscaAct_Sistema.2024-10-01.ndjson#PrecEscaAct:Sistema:2024-10-01:2024-10-31
2024-10-05,VoluUtilDiarEner,8822078800,kWh,xm:servapibi,2026-09-22T19:25:00Z,xm/2024/10/VoluUtilDiarEner_Sistema.2024-10-01.ndjson#VoluUtilDiarEner:Sistema:2024-10-01:2024-10-31
2024-10-06,AporEner,140374000,kWh,xm:servapibi,2026-09-22T19:25:03Z,xm/2024/10/AporEner_Sistema.2024-10-01.ndjson#AporEner:Sistema:2024-10-01:2024-10-31
2024-10-06,AporEnerMediHist,250190000,kWh,xm:servapibi,2026-09-22T19:25:04Z,xm/2024/10/AporEnerMediHist_Sistema.2024-10-01.ndjson#AporEnerMediHist:Sistema:2024-10-01:2024-10-31
2024-10-06,CapaUtilDiarEner,17358655983,kWh,xm:servapibi,2026-09-22T19:25:02Z,xm/2024/10/CapaUtilDiarEner_Sistema.2024-10-01.ndjson#CapaUtilDiarEner:Sistema:2024-10-01:2024-10-31
2024-10-06,DemaSIN,201858493.54,kWh,xm:servapibi,2026-09-22T19:25:07Z,xm/2024/10/DemaSIN_Sistema.2024-10-01.ndjson#DemaSIN:Sistema:2024-10-01:2024-10-31
2024-10-06,PorcApor,0.56107,fraction,xm:servapibi,2026-09-22T19:25:05Z,xm/2024/10/PorcApor_Sistema.2024-10-01.ndjson#PorcApor:Sistema:2024-10-01:2024-10-31
2024-10-06,PorcVoluUtilDiar,0.50969,fraction,xm:servapibi,2026-09-22T19:24:59Z,xm/2024/10/PorcVoluUtilDiar_Sistema.2024-10-01.ndjson#PorcVoluUtilDiar:Sistema:2024-10-01:2024-10-31
2024-10-06,PrecBolsNaci,1147.6156383333334,COP/kWh,xm:servapibi,2026-09-22T19:25:10Z,xm/2024/10/PrecBolsNaci_Sistema.2024-10-01.ndjson#PrecBolsNaci:Sistema:2024-10-01:2024-10-31
2024-10-06,PrecEscaAct,945.3104,COP/kWh,xm:servapibi,2026-09-22T19:25:08Z,xm/2024/10/PrecEscaAct_Sistema.2024-10-01.ndjson#PrecEscaAct:Sistema:2024-10-01:2024-10-31
2024-10-06,VoluUtilDiarEner,8847512100,kWh,xm:servapibi,2026-09-22T19:25:00Z,xm/2024/10/VoluUtilDiarEner_Sistema.2024-10-01.ndjson#VoluUtilDiarEner:Sistema:2024-10-01:2024-10-31
2024-10-07,AporEner,155012300,kWh,xm:servapibi,2026-09-22T19:25:03Z,xm/2024/10/AporEner_Sistema.2024-10-01.ndjson#AporEner:Sistema:2024-10-01:2024-10-31
2024-10-07,AporEnerMediHist,250190000,kWh,xm:servapibi,2026-09-22T19:25:04Z,xm/2024/10/AporEnerMediHist_Sistema.2024-10-01.ndjson#AporEnerMediHist:Sistema:2024-10-01:2024-10-31
2024-10-07,CapaUtilDiarEner,17358655983,kWh,xm:servapibi,2026-09-22T19:25:02Z,xm/2024/10/CapaUtilDiarEner_Sistema.2024-10-01.ndjson#CapaUtilDiarEner:Sistema:2024-10-01:2024-10-31
2024-10-07,DemaSIN,225288031.18,kWh,xm:servapibi,2026-09-22T19:25:07Z,xm/2024/10/DemaSIN_Sistema.2024-10-01.ndjson#DemaSIN:Sistema:2024-10-01:2024-10-31
2024-10-07,PorcApor,0.61958,fraction,xm:servapibi,2026-09-22T19:25:05Z,xm/2024/10/PorcApor_Sistema.2024-10-01.ndjson#PorcApor:Sistema:2024-10-01:2024-10-31
2024-10-07,PorcVoluUtilDiar,0.51186,fraction,xm:servapibi,2026-09-22T19:24:59Z,xm/2024/10/PorcVoluUtilDiar_Sistema.2024-10-01.ndjson#PorcVoluUtilDiar:Sistema:2024-10-01:2024-10-31
2024-10-07,PrecBolsNaci,1597.79744,COP/kWh,xm:servapibi,2026-09-22T19:25:10Z,xm/2024/10/PrecBolsNaci_Sistema.2024-10-01.ndjson#PrecBolsNaci:Sistema:2024-10-01:2024-10-31
2024-10-07,PrecEscaAct,945.3104,COP/kWh,xm:servapibi,2026-09-22T19:25:08Z,xm/2024/10/PrecEscaAct_Sistema.2024-10-01.ndjson#PrecEscaAct:Sistema:2024-10-01:2024-10-31
2024-10-07,VoluUtilDiarEner,8885183800,kWh,xm:servapibi,2026-09-22T19:25:00Z,xm/2024/10/VoluUtilDiarEner_Sistema.2024-10-01.ndjson#VoluUtilDiarEner:Sistema:2024-10-01:2024-10-31
2024-10-08,AporEner,192935300,kWh,xm:servapibi,2026-09-22T19:25:03Z,xm/2024/10/AporEner_Sistema.2024-10-01.ndjson#AporEner:Sistema:2024-10-01:2024-10-31
2024-10-08,AporEnerMediHist,250190000,kWh,xm:servapibi,2026-09-22T19:25:04Z,xm/2024/10/AporEnerMediHist_Sistema.2024-10-01.ndjson#AporEnerMediHist:Sistema:2024-10-01:2024-10-31
2024-10-08,CapaUtilDiarEner,17358655983,kWh,xm:servapibi,2026-09-22T19:25:02Z,xm/2024/10/CapaUtilDiarEner_Sistema.2024-10-01.ndjson#CapaUtilDiarEner:Sistema:2024-10-01:2024-10-31
2024-10-08,DemaSIN,225328588.09,kWh,xm:servapibi,2026-09-22T19:25:07Z,xm/2024/10/DemaSIN_Sistema.2024-10-01.ndjson#DemaSIN:Sistema:2024-10-01:2024-10-31
2024-10-08,PorcApor,0.77116,fraction,xm:servapibi,2026-09-22T19:25:05Z,xm/2024/10/PorcApor_Sistema.2024-10-01.ndjson#PorcApor:Sistema:2024-10-01:2024-10-31
2024-10-08,PorcVoluUtilDiar,0.51527,fraction,xm:servapibi,2026-09-22T19:24:59Z,xm/2024/10/PorcVoluUtilDiar_Sistema.2024-10-01.ndjson#PorcVoluUtilDiar:Sistema:2024-10-01:2024-10-31
2024-10-08,PrecBolsNaci,1422.847856666667,COP/kWh,xm:servapibi,2026-09-22T19:25:10Z,xm/2024/10/PrecBolsNaci_Sistema.2024-10-01.ndjson#PrecBolsNaci:Sistema:2024-10-01:2024-10-31
2024-10-08,PrecEscaAct,945.3104,COP/kWh,xm:servapibi,2026-09-22T19:25:08Z,xm/2024/10/PrecEscaAct_Sistema.2024-10-01.ndjson#PrecEscaAct:Sistema:2024-10-01:2024-10-31
2024-10-08,VoluUtilDiarEner,8944373200,kWh,xm:servapibi,2026-09-22T19:25:00Z,xm/2024/10/VoluUtilDiarEner_Sistema.2024-10-01.ndjson#VoluUtilDiarEner:Sistema:2024-10-01:2024-10-31
2024-10-09,AporEner,195952600,kWh,xm:servapibi,2026-09-22T19:25:03Z,xm/2024/10/AporEner_Sistema.2024-10-01.ndjson#AporEner:Sistema:2024-10-01:2024-10-31
2024-10-09,AporEnerMediHist,250190000,kWh,xm:servapibi,2026-09-22T19:25:04Z,xm/2024/10/AporEnerMediHist_Sistema.2024-10-01.ndjson#AporEnerMediHist:Sistema:2024-10-01:2024-10-31
2024-10-09,CapaUtilDiarEner,17358655983,kWh,xm:servapibi,2026-09-22T19:25:02Z,xm/2024/10/CapaUtilDiarEner_Sistema.2024-10-01.ndjson#CapaUtilDiarEner:Sistema:2024-10-01:2024-10-31
2024-10-09,DemaSIN,229370798.92,kWh,xm:servapibi,2026-09-22T19:25:07Z,xm/2024/10/DemaSIN_Sistema.2024-10-01.ndjson#DemaSIN:Sistema:2024-10-01:2024-10-31
2024-10-09,PorcApor,0.78322,fraction,xm:servapibi,2026-09-22T19:25:05Z,xm/2024/10/PorcApor_Sistema.2024-10-01.ndjson#PorcApor:Sistema:2024-10-01:2024-10-31
2024-10-09,PorcVoluUtilDiar,0.51982,fraction,xm:servapibi,2026-09-22T19:24:59Z,xm/2024/10/PorcVoluUtilDiar_Sistema.2024-10-01.ndjson#PorcVoluUtilDiar:Sistema:2024-10-01:2024-10-31
2024-10-09,PrecBolsNaci,1531.068898333334,COP/kWh,xm:servapibi,2026-09-22T19:25:10Z,xm/2024/10/PrecBolsNaci_Sistema.2024-10-01.ndjson#PrecBolsNaci:Sistema:2024-10-01:2024-10-31
2024-10-09,PrecEscaAct,945.3104,COP/kWh,xm:servapibi,2026-09-22T19:25:08Z,xm/2024/10/PrecEscaAct_Sistema.2024-10-01.ndjson#PrecEscaAct:Sistema:2024-10-01:2024-10-31
2024-10-09,VoluUtilDiarEner,9023367500,kWh,xm:servapibi,2026-09-22T19:25:00Z,xm/2024/10/VoluUtilDiarEner_Sistema.2024-10-01.ndjson#VoluUtilDiarEner:Sistema:2024-10-01:2024-10-31
2024-10-10,AporEner,251414500,kWh,xm:servapibi,2026-09-22T19:25:03Z,xm/2024/10/AporEner_Sistema.2024-10-01.ndjson#AporEner:Sistema:2024-10-01:2024-10-31
2024-10-10,AporEnerMediHist,250190000,kWh,xm:servapibi,2026-09-22T19:25:04Z,xm/2024/10/AporEnerMediHist_Sistema.2024-10-01.ndjson#AporEnerMediHist:Sistema:2024-10-01:2024-10-31
2024-10-10,CapaUtilDiarEner,17358655983,kWh,xm:servapibi,2026-09-22T19:25:02Z,xm/2024/10/CapaUtilDiarEner_Sistema.2024-10-01.ndjson#CapaUtilDiarEner:Sistema:2024-10-01:2024-10-31
2024-10-10,DemaSIN,228354671.21,kWh,xm:servapibi,2026-09-22T19:25:07Z,xm/2024/10/DemaSIN_Sistema.2024-10-01.ndjson#DemaSIN:Sistema:2024-10-01:2024-10-31
2024-10-10,PorcApor,1.00489,fraction,xm:servapibi,2026-09-22T19:25:05Z,xm/2024/10/PorcApor_Sistema.2024-10-01.ndjson#PorcApor:Sistema:2024-10-01:2024-10-31
2024-10-10,PorcVoluUtilDiar,0.52648,fraction,xm:servapibi,2026-09-22T19:24:59Z,xm/2024/10/PorcVoluUtilDiar_Sistema.2024-10-01.ndjson#PorcVoluUtilDiar:Sistema:2024-10-01:2024-10-31
2024-10-10,PrecBolsNaci,1256.7081933333332,COP/kWh,xm:servapibi,2026-09-22T19:25:10Z,xm/2024/10/PrecBolsNaci_Sistema.2024-10-01.ndjson#PrecBolsNaci:Sistema:2024-10-01:2024-10-31
2024-10-10,PrecEscaAct,945.3104,COP/kWh,xm:servapibi,2026-09-22T19:25:08Z,xm/2024/10/PrecEscaAct_Sistema.2024-10-01.ndjson#PrecEscaAct:Sistema:2024-10-01:2024-10-31
2024-10-10,VoluUtilDiarEner,9139064500,kWh,xm:servapibi,2026-09-22T19:25:00Z,xm/2024/10/VoluUtilDiarEner_Sistema.2024-10-01.ndjson#VoluUtilDiarEner:Sistema:2024-10-01:2024-10-31
2024-10-11,AporEner,171505200,kWh,xm:servapibi,2026-09-22T19:25:03Z,xm/2024/10/AporEner_Sistema.2024-10-01.ndjson#AporEner:Sistema:2024-10-01:2024-10-31
2024-10-11,AporEnerMediHist,250190000,kWh,xm:servapibi,2026-09-22T19:25:04Z,xm/2024/10/AporEnerMediHist_Sistema.2024-10-01.ndjson#AporEnerMediHist:Sistema:2024-10-01:2024-10-31
2024-10-11,CapaUtilDiarEner,17358655983,kWh,xm:servapibi,2026-09-22T19:25:02Z,xm/2024/10/CapaUtilDiarEner_Sistema.2024-10-01.ndjson#CapaUtilDiarEner:Sistema:2024-10-01:2024-10-31
2024-10-11,DemaSIN,229561363.82,kWh,xm:servapibi,2026-09-22T19:25:07Z,xm/2024/10/DemaSIN_Sistema.2024-10-01.ndjson#DemaSIN:Sistema:2024-10-01:2024-10-31
2024-10-11,PorcApor,0.6855,fraction,xm:servapibi,2026-09-22T19:25:05Z,xm/2024/10/PorcApor_Sistema.2024-10-01.ndjson#PorcApor:Sistema:2024-10-01:2024-10-31
2024-10-11,PorcVoluUtilDiar,0.52789,fraction,xm:servapibi,2026-09-22T19:24:59Z,xm/2024/10/PorcVoluUtilDiar_Sistema.2024-10-01.ndjson#PorcVoluUtilDiar:Sistema:2024-10-01:2024-10-31
2024-10-11,PrecBolsNaci,1329.216341666667,COP/kWh,xm:servapibi,2026-09-22T19:25:10Z,xm/2024/10/PrecBolsNaci_Sistema.2024-10-01.ndjson#PrecBolsNaci:Sistema:2024-10-01:2024-10-31
2024-10-11,PrecEscaAct,945.3104,COP/kWh,xm:servapibi,2026-09-22T19:25:08Z,xm/2024/10/PrecEscaAct_Sistema.2024-10-01.ndjson#PrecEscaAct:Sistema:2024-10-01:2024-10-31
2024-10-11,VoluUtilDiarEner,9163386000,kWh,xm:servapibi,2026-09-22T19:25:00Z,xm/2024/10/VoluUtilDiarEner_Sistema.2024-10-01.ndjson#VoluUtilDiarEner:Sistema:2024-10-01:2024-10-31
2024-10-12,AporEner,142167400,kWh,xm:servapibi,2026-09-22T19:25:03Z,xm/2024/10/AporEner_Sistema.2024-10-01.ndjson#AporEner:Sistema:2024-10-01:2024-10-31
2024-10-12,AporEnerMediHist,250190000,kWh,xm:servapibi,2026-09-22T19:25:04Z,xm/2024/10/AporEnerMediHist_Sistema.2024-10-01.ndjson#AporEnerMediHist:Sistema:2024-10-01:2024-10-31
2024-10-12,CapaUtilDiarEner,17358655983,kWh,xm:servapibi,2026-09-22T19:25:02Z,xm/2024/10/CapaUtilDiarEner_Sistema.2024-10-01.ndjson#CapaUtilDiarEner:Sistema:2024-10-01:2024-10-31
2024-10-12,DemaSIN,222191900.16,kWh,xm:servapibi,2026-09-22T19:25:07Z,xm/2024/10/DemaSIN_Sistema.2024-10-01.ndjson#DemaSIN:Sistema:2024-10-01:2024-10-31
2024-10-12,PorcApor,0.56824,fraction,xm:servapibi,2026-09-22T19:25:05Z,xm/2024/10/PorcApor_Sistema.2024-10-01.ndjson#PorcApor:Sistema:2024-10-01:2024-10-31
2024-10-12,PorcVoluUtilDiar,0.52774,fraction,xm:servapibi,2026-09-22T19:24:59Z,xm/2024/10/PorcVoluUtilDiar_Sistema.2024-10-01.ndjson#PorcVoluUtilDiar:Sistema:2024-10-01:2024-10-31
2024-10-12,PrecBolsNaci,1008.2085550000002,COP/kWh,xm:servapibi,2026-09-22T19:25:10Z,xm/2024/10/PrecBolsNaci_Sistema.2024-10-01.ndjson#PrecBolsNaci:Sistema:2024-10-01:2024-10-31
2024-10-12,PrecEscaAct,945.3104,COP/kWh,xm:servapibi,2026-09-22T19:25:08Z,xm/2024/10/PrecEscaAct_Sistema.2024-10-01.ndjson#PrecEscaAct:Sistema:2024-10-01:2024-10-31
2024-10-12,VoluUtilDiarEner,9160838300,kWh,xm:servapibi,2026-09-22T19:25:00Z,xm/2024/10/VoluUtilDiarEner_Sistema.2024-10-01.ndjson#VoluUtilDiarEner:Sistema:2024-10-01:2024-10-31
2024-10-13,AporEner,172882800,kWh,xm:servapibi,2026-09-22T19:25:03Z,xm/2024/10/AporEner_Sistema.2024-10-01.ndjson#AporEner:Sistema:2024-10-01:2024-10-31
2024-10-13,AporEnerMediHist,250190000,kWh,xm:servapibi,2026-09-22T19:25:04Z,xm/2024/10/AporEnerMediHist_Sistema.2024-10-01.ndjson#AporEnerMediHist:Sistema:2024-10-01:2024-10-31
2024-10-13,CapaUtilDiarEner,17358655983,kWh,xm:servapibi,2026-09-22T19:25:02Z,xm/2024/10/CapaUtilDiarEner_Sistema.2024-10-01.ndjson#CapaUtilDiarEner:Sistema:2024-10-01:2024-10-31
2024-10-13,DemaSIN,201765623,kWh,xm:servapibi,2026-09-22T19:25:07Z,xm/2024/10/DemaSIN_Sistema.2024-10-01.ndjson#DemaSIN:Sistema:2024-10-01:2024-10-31
2024-10-13,PorcApor,0.69101,fraction,xm:servapibi,2026-09-22T19:25:05Z,xm/2024/10/PorcApor_Sistema.2024-10-01.ndjson#PorcApor:Sistema:2024-10-01:2024-10-31
2024-10-13,PorcVoluUtilDiar,0.53113,fraction,xm:servapibi,2026-09-22T19:24:59Z,xm/2024/10/PorcVoluUtilDiar_Sistema.2024-10-01.ndjson#PorcVoluUtilDiar:Sistema:2024-10-01:2024-10-31
2024-10-13,PrecBolsNaci,1268.0277199999994,COP/kWh,xm:servapibi,2026-09-22T19:25:10Z,xm/2024/10/PrecBolsNaci_Sistema.2024-10-01.ndjson#PrecBolsNaci:Sistema:2024-10-01:2024-10-31
2024-10-13,PrecEscaAct,945.3104,COP/kWh,xm:servapibi,2026-09-22T19:25:08Z,xm/2024/10/PrecEscaAct_Sistema.2024-10-01.ndjson#PrecEscaAct:Sistema:2024-10-01:2024-10-31
2024-10-13,VoluUtilDiarEner,9219638700,kWh,xm:servapibi,2026-09-22T19:25:00Z,xm/2024/10/VoluUtilDiarEner_Sistema.2024-10-01.ndjson#VoluUtilDiarEner:Sistema:2024-10-01:2024-10-31
2024-10-14,AporEner,119848500,kWh,xm:servapibi,2026-09-22T19:25:03Z,xm/2024/10/AporEner_Sistema.2024-10-01.ndjson#AporEner:Sistema:2024-10-01:2024-10-31
2024-10-14,AporEnerMediHist,250190000,kWh,xm:servapibi,2026-09-22T19:25:04Z,xm/2024/10/AporEnerMediHist_Sistema.2024-10-01.ndjson#AporEnerMediHist:Sistema:2024-10-01:2024-10-31
2024-10-14,CapaUtilDiarEner,17358655983,kWh,xm:servapibi,2026-09-22T19:25:02Z,xm/2024/10/CapaUtilDiarEner_Sistema.2024-10-01.ndjson#CapaUtilDiarEner:Sistema:2024-10-01:2024-10-31
2024-10-14,DemaSIN,205719506.97,kWh,xm:servapibi,2026-09-22T19:25:07Z,xm/2024/10/DemaSIN_Sistema.2024-10-01.ndjson#DemaSIN:Sistema:2024-10-01:2024-10-31
2024-10-14,PorcApor,0.47903,fraction,xm:servapibi,2026-09-22T19:25:05Z,xm/2024/10/PorcApor_Sistema.2024-10-01.ndjson#PorcApor:Sistema:2024-10-01:2024-10-31
2024-10-14,PorcVoluUtilDiar,0.53168,fraction,xm:servapibi,2026-09-22T19:24:59Z,xm/2024/10/PorcVoluUtilDiar_Sistema.2024-10-01.ndjson#PorcVoluUtilDiar:Sistema:2024-10-01:2024-10-31
2024-10-14,PrecBolsNaci,1593.1862333333336,COP/kWh,xm:servapibi,2026-09-22T19:25:10Z,xm/2024/10/PrecBolsNaci_Sistema.2024-10-01.ndjson#PrecBolsNaci:Sistema:2024-10-01:2024-10-31
2024-10-14,PrecEscaAct,945.3104,COP/kWh,xm:servapibi,2026-09-22T19:25:08Z,xm/2024/10/PrecEscaAct_Sistema.2024-10-01.ndjson#PrecEscaAct:Sistema:2024-10-01:2024-10-31
2024-10-14,VoluUtilDiarEner,9229259000,kWh,xm:servapibi,2026-09-22T19:25:00Z,xm/2024/10/VoluUtilDiarEner_Sistema.2024-10-01.ndjson#VoluUtilDiarEner:Sistema:2024-10-01:2024-10-31
2024-10-15,AporEner,122605600,kWh,xm:servapibi,2026-09-22T19:25:03Z,xm/2024/10/AporEner_Sistema.2024-10-01.ndjson#AporEner:Sistema:2024-10-01:2024-10-31
2024-10-15,AporEnerMediHist,250190000,kWh,xm:servapibi,2026-09-22T19:25:04Z,xm/2024/10/AporEnerMediHist_Sistema.2024-10-01.ndjson#AporEnerMediHist:Sistema:2024-10-01:2024-10-31
2024-10-15,CapaUtilDiarEner,17358655983,kWh,xm:servapibi,2026-09-22T19:25:02Z,xm/2024/10/CapaUtilDiarEner_Sistema.2024-10-01.ndjson#CapaUtilDiarEner:Sistema:2024-10-01:2024-10-31
2024-10-15,DemaSIN,227080140.01,kWh,xm:servapibi,2026-09-22T19:25:07Z,xm/2024/10/DemaSIN_Sistema.2024-10-01.ndjson#DemaSIN:Sistema:2024-10-01:2024-10-31
2024-10-15,PorcApor,0.49005,fraction,xm:servapibi,2026-09-22T19:25:05Z,xm/2024/10/PorcApor_Sistema.2024-10-01.ndjson#PorcApor:Sistema:2024-10-01:2024-10-31
2024-10-15,PorcVoluUtilDiar,0.53144,fraction,xm:servapibi,2026-09-22T19:24:59Z,xm/2024/10/PorcVoluUtilDiar_Sistema.2024-10-01.ndjson#PorcVoluUtilDiar:Sistema:2024-10-01:2024-10-31
2024-10-15,PrecBolsNaci,1740.1591066666672,COP/kWh,xm:servapibi,2026-09-22T19:25:10Z,xm/2024/10/PrecBolsNaci_Sistema.2024-10-01.ndjson#PrecBolsNaci:Sistema:2024-10-01:2024-10-31
2024-10-15,PrecEscaAct,945.3104,COP/kWh,xm:servapibi,2026-09-22T19:25:08Z,xm/2024/10/PrecEscaAct_Sistema.2024-10-01.ndjson#PrecEscaAct:Sistema:2024-10-01:2024-10-31
2024-10-15,VoluUtilDiarEner,9225160500,kWh,xm:servapibi,2026-09-22T19:25:00Z,xm/2024/10/VoluUtilDiarEner_Sistema.2024-10-01.ndjson#VoluUtilDiarEner:Sistema:2024-10-01:2024-10-31
2024-10-16,AporEner,122375800,kWh,xm:servapibi,2026-09-22T19:25:03Z,xm/2024/10/AporEner_Sistema.2024-10-01.ndjson#AporEner:Sistema:2024-10-01:2024-10-31
2024-10-16,AporEnerMediHist,250190000,kWh,xm:servapibi,2026-09-22T19:25:04Z,xm/2024/10/AporEnerMediHist_Sistema.2024-10-01.ndjson#AporEnerMediHist:Sistema:2024-10-01:2024-10-31
2024-10-16,CapaUtilDiarEner,17358655983,kWh,xm:servapibi,2026-09-22T19:25:02Z,xm/2024/10/CapaUtilDiarEner_Sistema.2024-10-01.ndjson#CapaUtilDiarEner:Sistema:2024-10-01:2024-10-31
2024-10-16,DemaSIN,229510532.45,kWh,xm:servapibi,2026-09-22T19:25:07Z,xm/2024/10/DemaSIN_Sistema.2024-10-01.ndjson#DemaSIN:Sistema:2024-10-01:2024-10-31
2024-10-16,PorcApor,0.48913,fraction,xm:servapibi,2026-09-22T19:25:05Z,xm/2024/10/PorcApor_Sistema.2024-10-01.ndjson#PorcApor:Sistema:2024-10-01:2024-10-31
2024-10-16,PorcVoluUtilDiar,0.53158,fraction,xm:servapibi,2026-09-22T19:24:59Z,xm/2024/10/PorcVoluUtilDiar_Sistema.2024-10-01.ndjson#PorcVoluUtilDiar:Sistema:2024-10-01:2024-10-31
2024-10-16,PrecBolsNaci,1689.956773333334,COP/kWh,xm:servapibi,2026-09-22T19:25:10Z,xm/2024/10/PrecBolsNaci_Sistema.2024-10-01.ndjson#PrecBolsNaci:Sistema:2024-10-01:2024-10-31
2024-10-16,PrecEscaAct,945.3104,COP/kWh,xm:servapibi,2026-09-22T19:25:08Z,xm/2024/10/PrecEscaAct_Sistema.2024-10-01.ndjson#PrecEscaAct:Sistema:2024-10-01:2024-10-31
2024-10-16,VoluUtilDiarEner,9227530700,kWh,xm:servapibi,2026-09-22T19:25:00Z,xm/2024/10/VoluUtilDiarEner_Sistema.2024-10-01.ndjson#VoluUtilDiarEner:Sistema:2024-10-01:2024-10-31
2024-10-17,AporEner,125299300,kWh,xm:servapibi,2026-09-22T19:25:03Z,xm/2024/10/AporEner_Sistema.2024-10-01.ndjson#AporEner:Sistema:2024-10-01:2024-10-31
2024-10-17,AporEnerMediHist,250190000,kWh,xm:servapibi,2026-09-22T19:25:04Z,xm/2024/10/AporEnerMediHist_Sistema.2024-10-01.ndjson#AporEnerMediHist:Sistema:2024-10-01:2024-10-31
2024-10-17,CapaUtilDiarEner,17358655983,kWh,xm:servapibi,2026-09-22T19:25:02Z,xm/2024/10/CapaUtilDiarEner_Sistema.2024-10-01.ndjson#CapaUtilDiarEner:Sistema:2024-10-01:2024-10-31
2024-10-17,DemaSIN,235820358.73,kWh,xm:servapibi,2026-09-22T19:25:07Z,xm/2024/10/DemaSIN_Sistema.2024-10-01.ndjson#DemaSIN:Sistema:2024-10-01:2024-10-31
2024-10-17,PorcApor,0.50082,fraction,xm:servapibi,2026-09-22T19:25:05Z,xm/2024/10/PorcApor_Sistema.2024-10-01.ndjson#PorcApor:Sistema:2024-10-01:2024-10-31
2024-10-17,PorcVoluUtilDiar,0.53212,fraction,xm:servapibi,2026-09-22T19:24:59Z,xm/2024/10/PorcVoluUtilDiar_Sistema.2024-10-01.ndjson#PorcVoluUtilDiar:Sistema:2024-10-01:2024-10-31
2024-10-17,PrecBolsNaci,1656.5749400000002,COP/kWh,xm:servapibi,2026-09-22T19:25:10Z,xm/2024/10/PrecBolsNaci_Sistema.2024-10-01.ndjson#PrecBolsNaci:Sistema:2024-10-01:2024-10-31
2024-10-17,PrecEscaAct,945.3104,COP/kWh,xm:servapibi,2026-09-22T19:25:08Z,xm/2024/10/PrecEscaAct_Sistema.2024-10-01.ndjson#PrecEscaAct:Sistema:2024-10-01:2024-10-31
2024-10-17,VoluUtilDiarEner,9236921000,kWh,xm:servapibi,2026-09-22T19:25:00Z,xm/2024/10/VoluUtilDiarEner_Sistema.2024-10-01.ndjson#VoluUtilDiarEner:Sistema:2024-10-01:2024-10-31
2024-10-18,AporEner,108667400,kWh,xm:servapibi,2026-09-22T19:25:03Z,xm/2024/10/AporEner_Sistema.2024-10-01.ndjson#AporEner:Sistema:2024-10-01:2024-10-31
2024-10-18,AporEnerMediHist,250190000,kWh,xm:servapibi,2026-09-22T19:25:04Z,xm/2024/10/AporEnerMediHist_Sistema.2024-10-01.ndjson#AporEnerMediHist:Sistema:2024-10-01:2024-10-31
2024-10-18,CapaUtilDiarEner,17358655983,kWh,xm:servapibi,2026-09-22T19:25:02Z,xm/2024/10/CapaUtilDiarEner_Sistema.2024-10-01.ndjson#CapaUtilDiarEner:Sistema:2024-10-01:2024-10-31
2024-10-18,DemaSIN,241010236.12,kWh,xm:servapibi,2026-09-22T19:25:07Z,xm/2024/10/DemaSIN_Sistema.2024-10-01.ndjson#DemaSIN:Sistema:2024-10-01:2024-10-31
2024-10-18,PorcApor,0.43434,fraction,xm:servapibi,2026-09-22T19:25:05Z,xm/2024/10/PorcApor_Sistema.2024-10-01.ndjson#PorcApor:Sistema:2024-10-01:2024-10-31
2024-10-18,PorcVoluUtilDiar,0.53157,fraction,xm:servapibi,2026-09-22T19:24:59Z,xm/2024/10/PorcVoluUtilDiar_Sistema.2024-10-01.ndjson#PorcVoluUtilDiar:Sistema:2024-10-01:2024-10-31
2024-10-18,PrecBolsNaci,1880.3831900000007,COP/kWh,xm:servapibi,2026-09-22T19:25:10Z,xm/2024/10/PrecBolsNaci_Sistema.2024-10-01.ndjson#PrecBolsNaci:Sistema:2024-10-01:2024-10-31
2024-10-18,PrecEscaAct,945.3104,COP/kWh,xm:servapibi,2026-09-22T19:25:08Z,xm/2024/10/PrecEscaAct_Sistema.2024-10-01.ndjson#PrecEscaAct:Sistema:2024-10-01:2024-10-31
2024-10-18,VoluUtilDiarEner,9227374800,kWh,xm:servapibi,2026-09-22T19:25:00Z,xm/2024/10/VoluUtilDiarEner_Sistema.2024-10-01.ndjson#VoluUtilDiarEner:Sistema:2024-10-01:2024-10-31
2024-10-19,AporEner,136515900,kWh,xm:servapibi,2026-09-22T19:25:03Z,xm/2024/10/AporEner_Sistema.2024-10-01.ndjson#AporEner:Sistema:2024-10-01:2024-10-31
2024-10-19,AporEnerMediHist,250190000,kWh,xm:servapibi,2026-09-22T19:25:04Z,xm/2024/10/AporEnerMediHist_Sistema.2024-10-01.ndjson#AporEnerMediHist:Sistema:2024-10-01:2024-10-31
2024-10-19,CapaUtilDiarEner,17358655983,kWh,xm:servapibi,2026-09-22T19:25:02Z,xm/2024/10/CapaUtilDiarEner_Sistema.2024-10-01.ndjson#CapaUtilDiarEner:Sistema:2024-10-01:2024-10-31
2024-10-19,DemaSIN,227834720.71,kWh,xm:servapibi,2026-09-22T19:25:07Z,xm/2024/10/DemaSIN_Sistema.2024-10-01.ndjson#DemaSIN:Sistema:2024-10-01:2024-10-31
2024-10-19,PorcApor,0.54565,fraction,xm:servapibi,2026-09-22T19:25:05Z,xm/2024/10/PorcApor_Sistema.2024-10-01.ndjson#PorcApor:Sistema:2024-10-01:2024-10-31
2024-10-19,PorcVoluUtilDiar,0.53379,fraction,xm:servapibi,2026-09-22T19:24:59Z,xm/2024/10/PorcVoluUtilDiar_Sistema.2024-10-01.ndjson#PorcVoluUtilDiar:Sistema:2024-10-01:2024-10-31
2024-10-19,PrecBolsNaci,2259.4824016666657,COP/kWh,xm:servapibi,2026-09-22T19:25:10Z,xm/2024/10/PrecBolsNaci_Sistema.2024-10-01.ndjson#PrecBolsNaci:Sistema:2024-10-01:2024-10-31
2024-10-19,PrecEscaAct,945.3104,COP/kWh,xm:servapibi,2026-09-22T19:25:08Z,xm/2024/10/PrecEscaAct_Sistema.2024-10-01.ndjson#PrecEscaAct:Sistema:2024-10-01:2024-10-31
2024-10-19,VoluUtilDiarEner,9265953900,kWh,xm:servapibi,2026-09-22T19:25:00Z,xm/2024/10/VoluUtilDiarEner_Sistema.2024-10-01.ndjson#VoluUtilDiarEner:Sistema:2024-10-01:2024-10-31
2024-10-20,AporEner,149017000,kWh,xm:servapibi,2026-09-22T19:25:03Z,xm/2024/10/AporEner_Sistema.2024-10-01.ndjson#AporEner:Sistema:2024-10-01:2024-10-31
2024-10-20,AporEnerMediHist,250190000,kWh,xm:servapibi,2026-09-22T19:25:04Z,xm/2024/10/AporEnerMediHist_Sistema.2024-10-01.ndjson#AporEnerMediHist:Sistema:2024-10-01:2024-10-31
2024-10-20,CapaUtilDiarEner,17358655983,kWh,xm:servapibi,2026-09-22T19:25:02Z,xm/2024/10/CapaUtilDiarEner_Sistema.2024-10-01.ndjson#CapaUtilDiarEner:Sistema:2024-10-01:2024-10-31
2024-10-20,DemaSIN,205017274.36,kWh,xm:servapibi,2026-09-22T19:25:07Z,xm/2024/10/DemaSIN_Sistema.2024-10-01.ndjson#DemaSIN:Sistema:2024-10-01:2024-10-31
2024-10-20,PorcApor,0.59562,fraction,xm:servapibi,2026-09-22T19:25:05Z,xm/2024/10/PorcApor_Sistema.2024-10-01.ndjson#PorcApor:Sistema:2024-10-01:2024-10-31
2024-10-20,PorcVoluUtilDiar,0.53641,fraction,xm:servapibi,2026-09-22T19:24:59Z,xm/2024/10/PorcVoluUtilDiar_Sistema.2024-10-01.ndjson#PorcVoluUtilDiar:Sistema:2024-10-01:2024-10-31
2024-10-20,PrecBolsNaci,1053.1010616666667,COP/kWh,xm:servapibi,2026-09-22T19:25:10Z,xm/2024/10/PrecBolsNaci_Sistema.2024-10-01.ndjson#PrecBolsNaci:Sistema:2024-10-01:2024-10-31
2024-10-20,PrecEscaAct,945.3104,COP/kWh,xm:servapibi,2026-09-22T19:25:08Z,xm/2024/10/PrecEscaAct_Sistema.2024-10-01.ndjson#PrecEscaAct:Sistema:2024-10-01:2024-10-31
2024-10-20,VoluUtilDiarEner,9311398800,kWh,xm:servapibi,2026-09-22T19:25:00Z,xm/2024/10/VoluUtilDiarEner_Sistema.2024-10-01.ndjson#VoluUtilDiarEner:Sistema:2024-10-01:2024-10-31
2024-10-21,AporEner,164730700,kWh,xm:servapibi,2026-09-22T19:25:03Z,xm/2024/10/AporEner_Sistema.2024-10-01.ndjson#AporEner:Sistema:2024-10-01:2024-10-31
2024-10-21,AporEnerMediHist,250190000,kWh,xm:servapibi,2026-09-22T19:25:04Z,xm/2024/10/AporEnerMediHist_Sistema.2024-10-01.ndjson#AporEnerMediHist:Sistema:2024-10-01:2024-10-31
2024-10-21,CapaUtilDiarEner,17358655983,kWh,xm:servapibi,2026-09-22T19:25:02Z,xm/2024/10/CapaUtilDiarEner_Sistema.2024-10-01.ndjson#CapaUtilDiarEner:Sistema:2024-10-01:2024-10-31
2024-10-21,DemaSIN,226992371.41,kWh,xm:servapibi,2026-09-22T19:25:07Z,xm/2024/10/DemaSIN_Sistema.2024-10-01.ndjson#DemaSIN:Sistema:2024-10-01:2024-10-31
2024-10-21,PorcApor,0.65842,fraction,xm:servapibi,2026-09-22T19:25:05Z,xm/2024/10/PorcApor_Sistema.2024-10-01.ndjson#PorcApor:Sistema:2024-10-01:2024-10-31
2024-10-21,PorcVoluUtilDiar,0.53719,fraction,xm:servapibi,2026-09-22T19:24:59Z,xm/2024/10/PorcVoluUtilDiar_Sistema.2024-10-01.ndjson#PorcVoluUtilDiar:Sistema:2024-10-01:2024-10-31
2024-10-21,PrecBolsNaci,1226.12016,COP/kWh,xm:servapibi,2026-09-22T19:25:10Z,xm/2024/10/PrecBolsNaci_Sistema.2024-10-01.ndjson#PrecBolsNaci:Sistema:2024-10-01:2024-10-31
2024-10-21,PrecEscaAct,945.3104,COP/kWh,xm:servapibi,2026-09-22T19:25:08Z,xm/2024/10/PrecEscaAct_Sistema.2024-10-01.ndjson#PrecEscaAct:Sistema:2024-10-01:2024-10-31
2024-10-21,VoluUtilDiarEner,9324826700,kWh,xm:servapibi,2026-09-22T19:25:00Z,xm/2024/10/VoluUtilDiarEner_Sistema.2024-10-01.ndjson#VoluUtilDiarEner:Sistema:2024-10-01:2024-10-31
2024-10-22,AporEner,182892200,kWh,xm:servapibi,2026-09-22T19:25:03Z,xm/2024/10/AporEner_Sistema.2024-10-01.ndjson#AporEner:Sistema:2024-10-01:2024-10-31
2024-10-22,AporEnerMediHist,250190000,kWh,xm:servapibi,2026-09-22T19:25:04Z,xm/2024/10/AporEnerMediHist_Sistema.2024-10-01.ndjson#AporEnerMediHist:Sistema:2024-10-01:2024-10-31
2024-10-22,CapaUtilDiarEner,17358655983,kWh,xm:servapibi,2026-09-22T19:25:02Z,xm/2024/10/CapaUtilDiarEner_Sistema.2024-10-01.ndjson#CapaUtilDiarEner:Sistema:2024-10-01:2024-10-31
2024-10-22,DemaSIN,230095101.35,kWh,xm:servapibi,2026-09-22T19:25:07Z,xm/2024/10/DemaSIN_Sistema.2024-10-01.ndjson#DemaSIN:Sistema:2024-10-01:2024-10-31
2024-10-22,PorcApor,0.73101,fraction,xm:servapibi,2026-09-22T19:25:05Z,xm/2024/10/PorcApor_Sistema.2024-10-01.ndjson#PorcApor:Sistema:2024-10-01:2024-10-31
2024-10-22,PorcVoluUtilDiar,0.54017,fraction,xm:servapibi,2026-09-22T19:24:59Z,xm/2024/10/PorcVoluUtilDiar_Sistema.2024-10-01.ndjson#PorcVoluUtilDiar:Sistema:2024-10-01:2024-10-31
2024-10-22,PrecBolsNaci,1644.7216149999997,COP/kWh,xm:servapibi,2026-09-22T19:25:10Z,xm/2024/10/PrecBolsNaci_Sistema.2024-10-01.ndjson#PrecBolsNaci:Sistema:2024-10-01:2024-10-31
2024-10-22,PrecEscaAct,945.3104,COP/kWh,xm:servapibi,2026-09-22T19:25:08Z,xm/2024/10/PrecEscaAct_Sistema.2024-10-01.ndjson#PrecEscaAct:Sistema:2024-10-01:2024-10-31
2024-10-22,VoluUtilDiarEner,9376635700,kWh,xm:servapibi,2026-09-22T19:25:00Z,xm/2024/10/VoluUtilDiarEner_Sistema.2024-10-01.ndjson#VoluUtilDiarEner:Sistema:2024-10-01:2024-10-31
2024-10-23,AporEner,186751300,kWh,xm:servapibi,2026-09-22T19:25:03Z,xm/2024/10/AporEner_Sistema.2024-10-01.ndjson#AporEner:Sistema:2024-10-01:2024-10-31
2024-10-23,AporEnerMediHist,250190000,kWh,xm:servapibi,2026-09-22T19:25:04Z,xm/2024/10/AporEnerMediHist_Sistema.2024-10-01.ndjson#AporEnerMediHist:Sistema:2024-10-01:2024-10-31
2024-10-23,CapaUtilDiarEner,17358655983,kWh,xm:servapibi,2026-09-22T19:25:02Z,xm/2024/10/CapaUtilDiarEner_Sistema.2024-10-01.ndjson#CapaUtilDiarEner:Sistema:2024-10-01:2024-10-31
2024-10-23,DemaSIN,231888383.8,kWh,xm:servapibi,2026-09-22T19:25:07Z,xm/2024/10/DemaSIN_Sistema.2024-10-01.ndjson#DemaSIN:Sistema:2024-10-01:2024-10-31
2024-10-23,PorcApor,0.74644,fraction,xm:servapibi,2026-09-22T19:25:05Z,xm/2024/10/PorcApor_Sistema.2024-10-01.ndjson#PorcApor:Sistema:2024-10-01:2024-10-31
2024-10-23,PorcVoluUtilDiar,0.54286,fraction,xm:servapibi,2026-09-22T19:24:59Z,xm/2024/10/PorcVoluUtilDiar_Sistema.2024-10-01.ndjson#PorcVoluUtilDiar:Sistema:2024-10-01:2024-10-31
2024-10-23,PrecBolsNaci,1685.7567550000003,COP/kWh,xm:servapibi,2026-09-22T19:25:10Z,xm/2024/10/PrecBolsNaci_Sistema.2024-10-01.ndjson#PrecBolsNaci:Sistema:2024-10-01:2024-10-31
2024-10-23,PrecEscaAct,945.3104,COP/kWh,xm:servapibi,2026-09-22T19:25:08Z,xm/2024/10/PrecEscaAct_Sistema.2024-10-01.ndjson#PrecEscaAct:Sistema:2024-10-01:2024-10-31
2024-10-23,VoluUtilDiarEner,9423297900,kWh,xm:servapibi,2026-09-22T19:25:00Z,xm/2024/10/VoluUtilDiarEner_Sistema.2024-10-01.ndjson#VoluUtilDiarEner:Sistema:2024-10-01:2024-10-31
2024-10-24,AporEner,198957600,kWh,xm:servapibi,2026-09-22T19:25:03Z,xm/2024/10/AporEner_Sistema.2024-10-01.ndjson#AporEner:Sistema:2024-10-01:2024-10-31
2024-10-24,AporEnerMediHist,250190000,kWh,xm:servapibi,2026-09-22T19:25:04Z,xm/2024/10/AporEnerMediHist_Sistema.2024-10-01.ndjson#AporEnerMediHist:Sistema:2024-10-01:2024-10-31
2024-10-24,CapaUtilDiarEner,17358655983,kWh,xm:servapibi,2026-09-22T19:25:02Z,xm/2024/10/CapaUtilDiarEner_Sistema.2024-10-01.ndjson#CapaUtilDiarEner:Sistema:2024-10-01:2024-10-31
2024-10-24,DemaSIN,235576843.1,kWh,xm:servapibi,2026-09-22T19:25:07Z,xm/2024/10/DemaSIN_Sistema.2024-10-01.ndjson#DemaSIN:Sistema:2024-10-01:2024-10-31
2024-10-24,PorcApor,0.79523,fraction,xm:servapibi,2026-09-22T19:25:05Z,xm/2024/10/PorcApor_Sistema.2024-10-01.ndjson#PorcApor:Sistema:2024-10-01:2024-10-31
2024-10-24,PorcVoluUtilDiar,0.54644,fraction,xm:servapibi,2026-09-22T19:24:59Z,xm/2024/10/PorcVoluUtilDiar_Sistema.2024-10-01.ndjson#PorcVoluUtilDiar:Sistema:2024-10-01:2024-10-31
2024-10-24,PrecBolsNaci,1460.1187683333335,COP/kWh,xm:servapibi,2026-09-22T19:25:10Z,xm/2024/10/PrecBolsNaci_Sistema.2024-10-01.ndjson#PrecBolsNaci:Sistema:2024-10-01:2024-10-31
2024-10-24,PrecEscaAct,945.3104,COP/kWh,xm:servapibi,2026-09-22T19:25:08Z,xm/2024/10/PrecEscaAct_Sistema.2024-10-01.ndjson#PrecEscaAct:Sistema:2024-10-01:2024-10-31
2024-10-24,VoluUtilDiarEner,9485417700,kWh,xm:servapibi,2026-09-22T19:25:00Z,xm/2024/10/VoluUtilDiarEner_Sistema.2024-10-01.ndjson#VoluUtilDiarEner:Sistema:2024-10-01:2024-10-31
2024-10-25,AporEner,157988800,kWh,xm:servapibi,2026-09-22T19:25:03Z,xm/2024/10/AporEner_Sistema.2024-10-01.ndjson#AporEner:Sistema:2024-10-01:2024-10-31
2024-10-25,AporEnerMediHist,250190000,kWh,xm:servapibi,2026-09-22T19:25:04Z,xm/2024/10/AporEnerMediHist_Sistema.2024-10-01.ndjson#AporEnerMediHist:Sistema:2024-10-01:2024-10-31
2024-10-25,CapaUtilDiarEner,17358655983,kWh,xm:servapibi,2026-09-22T19:25:02Z,xm/2024/10/CapaUtilDiarEner_Sistema.2024-10-01.ndjson#CapaUtilDiarEner:Sistema:2024-10-01:2024-10-31
2024-10-25,DemaSIN,238904127.36,kWh,xm:servapibi,2026-09-22T19:25:07Z,xm/2024/10/DemaSIN_Sistema.2024-10-01.ndjson#DemaSIN:Sistema:2024-10-01:2024-10-31
2024-10-25,PorcApor,0.63148,fraction,xm:servapibi,2026-09-22T19:25:05Z,xm/2024/10/PorcApor_Sistema.2024-10-01.ndjson#PorcApor:Sistema:2024-10-01:2024-10-31
2024-10-25,PorcVoluUtilDiar,0.5479,fraction,xm:servapibi,2026-09-22T19:24:59Z,xm/2024/10/PorcVoluUtilDiar_Sistema.2024-10-01.ndjson#PorcVoluUtilDiar:Sistema:2024-10-01:2024-10-31
2024-10-25,PrecBolsNaci,2003.3647733333337,COP/kWh,xm:servapibi,2026-09-22T19:25:10Z,xm/2024/10/PrecBolsNaci_Sistema.2024-10-01.ndjson#PrecBolsNaci:Sistema:2024-10-01:2024-10-31
2024-10-25,PrecEscaAct,945.3104,COP/kWh,xm:servapibi,2026-09-22T19:25:08Z,xm/2024/10/PrecEscaAct_Sistema.2024-10-01.ndjson#PrecEscaAct:Sistema:2024-10-01:2024-10-31
2024-10-25,VoluUtilDiarEner,9510726900,kWh,xm:servapibi,2026-09-22T19:25:00Z,xm/2024/10/VoluUtilDiarEner_Sistema.2024-10-01.ndjson#VoluUtilDiarEner:Sistema:2024-10-01:2024-10-31
2024-10-26,AporEner,132677400,kWh,xm:servapibi,2026-09-22T19:25:03Z,xm/2024/10/AporEner_Sistema.2024-10-01.ndjson#AporEner:Sistema:2024-10-01:2024-10-31
2024-10-26,AporEnerMediHist,250190000,kWh,xm:servapibi,2026-09-22T19:25:04Z,xm/2024/10/AporEnerMediHist_Sistema.2024-10-01.ndjson#AporEnerMediHist:Sistema:2024-10-01:2024-10-31
2024-10-26,CapaUtilDiarEner,17358655983,kWh,xm:servapibi,2026-09-22T19:25:02Z,xm/2024/10/CapaUtilDiarEner_Sistema.2024-10-01.ndjson#CapaUtilDiarEner:Sistema:2024-10-01:2024-10-31
2024-10-26,DemaSIN,231019375.8,kWh,xm:servapibi,2026-09-22T19:25:07Z,xm/2024/10/DemaSIN_Sistema.2024-10-01.ndjson#DemaSIN:Sistema:2024-10-01:2024-10-31
2024-10-26,PorcApor,0.53031,fraction,xm:servapibi,2026-09-22T19:25:05Z,xm/2024/10/PorcApor_Sistema.2024-10-01.ndjson#PorcApor:Sistema:2024-10-01:2024-10-31
2024-10-26,PorcVoluUtilDiar,0.54857,fraction,xm:servapibi,2026-09-22T19:24:59Z,xm/2024/10/PorcVoluUtilDiar_Sistema.2024-10-01.ndjson#PorcVoluUtilDiar:Sistema:2024-10-01:2024-10-31
2024-10-26,PrecBolsNaci,1699.58645,COP/kWh,xm:servapibi,2026-09-22T19:25:10Z,xm/2024/10/PrecBolsNaci_Sistema.2024-10-01.ndjson#PrecBolsNaci:Sistema:2024-10-01:2024-10-31
2024-10-26,PrecEscaAct,945.3104,COP/kWh,xm:servapibi,2026-09-22T19:25:08Z,xm/2024/10/PrecEscaAct_Sistema.2024-10-01.ndjson#PrecEscaAct:Sistema:2024-10-01:2024-10-31
2024-10-26,VoluUtilDiarEner,9522400800,kWh,xm:servapibi,2026-09-22T19:25:00Z,xm/2024/10/VoluUtilDiarEner_Sistema.2024-10-01.ndjson#VoluUtilDiarEner:Sistema:2024-10-01:2024-10-31
2024-10-27,AporEner,180745900,kWh,xm:servapibi,2026-09-22T19:25:03Z,xm/2024/10/AporEner_Sistema.2024-10-01.ndjson#AporEner:Sistema:2024-10-01:2024-10-31
2024-10-27,AporEnerMediHist,250190000,kWh,xm:servapibi,2026-09-22T19:25:04Z,xm/2024/10/AporEnerMediHist_Sistema.2024-10-01.ndjson#AporEnerMediHist:Sistema:2024-10-01:2024-10-31
2024-10-27,CapaUtilDiarEner,17358655983,kWh,xm:servapibi,2026-09-22T19:25:02Z,xm/2024/10/CapaUtilDiarEner_Sistema.2024-10-01.ndjson#CapaUtilDiarEner:Sistema:2024-10-01:2024-10-31
2024-10-27,DemaSIN,211953204.9,kWh,xm:servapibi,2026-09-22T19:25:07Z,xm/2024/10/DemaSIN_Sistema.2024-10-01.ndjson#DemaSIN:Sistema:2024-10-01:2024-10-31
2024-10-27,PorcApor,0.72243,fraction,xm:servapibi,2026-09-22T19:25:05Z,xm/2024/10/PorcApor_Sistema.2024-10-01.ndjson#PorcApor:Sistema:2024-10-01:2024-10-31
2024-10-27,PorcVoluUtilDiar,0.55094,fraction,xm:servapibi,2026-09-22T19:24:59Z,xm/2024/10/PorcVoluUtilDiar_Sistema.2024-10-01.ndjson#PorcVoluUtilDiar:Sistema:2024-10-01:2024-10-31
2024-10-27,PrecBolsNaci,1117.3928816666664,COP/kWh,xm:servapibi,2026-09-22T19:25:10Z,xm/2024/10/PrecBolsNaci_Sistema.2024-10-01.ndjson#PrecBolsNaci:Sistema:2024-10-01:2024-10-31
2024-10-27,PrecEscaAct,945.3104,COP/kWh,xm:servapibi,2026-09-22T19:25:08Z,xm/2024/10/PrecEscaAct_Sistema.2024-10-01.ndjson#PrecEscaAct:Sistema:2024-10-01:2024-10-31
2024-10-27,VoluUtilDiarEner,9563498500,kWh,xm:servapibi,2026-09-22T19:25:00Z,xm/2024/10/VoluUtilDiarEner_Sistema.2024-10-01.ndjson#VoluUtilDiarEner:Sistema:2024-10-01:2024-10-31
2024-10-28,AporEner,147287000,kWh,xm:servapibi,2026-09-22T19:25:03Z,xm/2024/10/AporEner_Sistema.2024-10-01.ndjson#AporEner:Sistema:2024-10-01:2024-10-31
2024-10-28,AporEnerMediHist,250190000,kWh,xm:servapibi,2026-09-22T19:25:04Z,xm/2024/10/AporEnerMediHist_Sistema.2024-10-01.ndjson#AporEnerMediHist:Sistema:2024-10-01:2024-10-31
2024-10-28,CapaUtilDiarEner,17358655983,kWh,xm:servapibi,2026-09-22T19:25:02Z,xm/2024/10/CapaUtilDiarEner_Sistema.2024-10-01.ndjson#CapaUtilDiarEner:Sistema:2024-10-01:2024-10-31
2024-10-28,DemaSIN,232926440.1,kWh,xm:servapibi,2026-09-22T19:25:07Z,xm/2024/10/DemaSIN_Sistema.2024-10-01.ndjson#DemaSIN:Sistema:2024-10-01:2024-10-31
2024-10-28,PorcApor,0.5887,fraction,xm:servapibi,2026-09-22T19:25:05Z,xm/2024/10/PorcApor_Sistema.2024-10-01.ndjson#PorcApor:Sistema:2024-10-01:2024-10-31
2024-10-28,PorcVoluUtilDiar,0.55201,fraction,xm:servapibi,2026-09-22T19:24:59Z,xm/2024/10/PorcVoluUtilDiar_Sistema.2024-10-01.ndjson#PorcVoluUtilDiar:Sistema:2024-10-01:2024-10-31
2024-10-28,PrecBolsNaci,1799.9040933333329,COP/kWh,xm:servapibi,2026-09-22T19:25:10Z,xm/2024/10/PrecBolsNaci_Sistema.2024-10-01.ndjson#PrecBolsNaci:Sistema:2024-10-01:2024-10-31
2024-10-28,PrecEscaAct,945.3104,COP/kWh,xm:servapibi,2026-09-22T19:25:08Z,xm/2024/10/PrecEscaAct_Sistema.2024-10-01.ndjson#PrecEscaAct:Sistema:2024-10-01:2024-10-31
2024-10-28,VoluUtilDiarEner,9582108500,kWh,xm:servapibi,2026-09-22T19:25:00Z,xm/2024/10/VoluUtilDiarEner_Sistema.2024-10-01.ndjson#VoluUtilDiarEner:Sistema:2024-10-01:2024-10-31
2024-10-29,AporEner,120943500,kWh,xm:servapibi,2026-09-22T19:25:03Z,xm/2024/10/AporEner_Sistema.2024-10-01.ndjson#AporEner:Sistema:2024-10-01:2024-10-31
2024-10-29,AporEnerMediHist,250190000,kWh,xm:servapibi,2026-09-22T19:25:04Z,xm/2024/10/AporEnerMediHist_Sistema.2024-10-01.ndjson#AporEnerMediHist:Sistema:2024-10-01:2024-10-31
2024-10-29,CapaUtilDiarEner,17358655983,kWh,xm:servapibi,2026-09-22T19:25:02Z,xm/2024/10/CapaUtilDiarEner_Sistema.2024-10-01.ndjson#CapaUtilDiarEner:Sistema:2024-10-01:2024-10-31
2024-10-29,DemaSIN,236899540.51,kWh,xm:servapibi,2026-09-22T19:25:07Z,xm/2024/10/DemaSIN_Sistema.2024-10-01.ndjson#DemaSIN:Sistema:2024-10-01:2024-10-31
2024-10-29,PorcApor,0.48341,fraction,xm:servapibi,2026-09-22T19:25:05Z,xm/2024/10/PorcApor_Sistema.2024-10-01.ndjson#PorcApor:Sistema:2024-10-01:2024-10-31
2024-10-29,PorcVoluUtilDiar,0.55195,fraction,xm:servapibi,2026-09-22T19:24:59Z,xm/2024/10/PorcVoluUtilDiar_Sistema.2024-10-01.ndjson#PorcVoluUtilDiar:Sistema:2024-10-01:2024-10-31
2024-10-29,PrecBolsNaci,1743.0520233333343,COP/kWh,xm:servapibi,2026-09-22T19:25:10Z,xm/2024/10/PrecBolsNaci_Sistema.2024-10-01.ndjson#PrecBolsNaci:Sistema:2024-10-01:2024-10-31
2024-10-29,PrecEscaAct,945.3104,COP/kWh,xm:servapibi,2026-09-22T19:25:08Z,xm/2024/10/PrecEscaAct_Sistema.2024-10-01.ndjson#PrecEscaAct:Sistema:2024-10-01:2024-10-31
2024-10-29,VoluUtilDiarEner,9581042800,kWh,xm:servapibi,2026-09-22T19:25:00Z,xm/2024/10/VoluUtilDiarEner_Sistema.2024-10-01.ndjson#VoluUtilDiarEner:Sistema:2024-10-01:2024-10-31
2024-10-30,AporEner,125661300,kWh,xm:servapibi,2026-09-22T19:25:03Z,xm/2024/10/AporEner_Sistema.2024-10-01.ndjson#AporEner:Sistema:2024-10-01:2024-10-31
2024-10-30,AporEnerMediHist,250190000,kWh,xm:servapibi,2026-09-22T19:25:04Z,xm/2024/10/AporEnerMediHist_Sistema.2024-10-01.ndjson#AporEnerMediHist:Sistema:2024-10-01:2024-10-31
2024-10-30,CapaUtilDiarEner,17358655983,kWh,xm:servapibi,2026-09-22T19:25:02Z,xm/2024/10/CapaUtilDiarEner_Sistema.2024-10-01.ndjson#CapaUtilDiarEner:Sistema:2024-10-01:2024-10-31
2024-10-30,DemaSIN,235921026.22,kWh,xm:servapibi,2026-09-22T19:25:07Z,xm/2024/10/DemaSIN_Sistema.2024-10-01.ndjson#DemaSIN:Sistema:2024-10-01:2024-10-31
2024-10-30,PorcApor,0.50226,fraction,xm:servapibi,2026-09-22T19:25:05Z,xm/2024/10/PorcApor_Sistema.2024-10-01.ndjson#PorcApor:Sistema:2024-10-01:2024-10-31
2024-10-30,PorcVoluUtilDiar,0.55235,fraction,xm:servapibi,2026-09-22T19:24:59Z,xm/2024/10/PorcVoluUtilDiar_Sistema.2024-10-01.ndjson#PorcVoluUtilDiar:Sistema:2024-10-01:2024-10-31
2024-10-30,PrecBolsNaci,1699.6612316666672,COP/kWh,xm:servapibi,2026-09-22T19:25:10Z,xm/2024/10/PrecBolsNaci_Sistema.2024-10-01.ndjson#PrecBolsNaci:Sistema:2024-10-01:2024-10-31
2024-10-30,PrecEscaAct,945.3104,COP/kWh,xm:servapibi,2026-09-22T19:25:08Z,xm/2024/10/PrecEscaAct_Sistema.2024-10-01.ndjson#PrecEscaAct:Sistema:2024-10-01:2024-10-31
2024-10-30,VoluUtilDiarEner,9588046400,kWh,xm:servapibi,2026-09-22T19:25:00Z,xm/2024/10/VoluUtilDiarEner_Sistema.2024-10-01.ndjson#VoluUtilDiarEner:Sistema:2024-10-01:2024-10-31
2024-10-31,AporEner,161148800,kWh,xm:servapibi,2026-09-22T19:25:03Z,xm/2024/10/AporEner_Sistema.2024-10-01.ndjson#AporEner:Sistema:2024-10-01:2024-10-31
2024-10-31,AporEnerMediHist,250190000,kWh,xm:servapibi,2026-09-22T19:25:04Z,xm/2024/10/AporEnerMediHist_Sistema.2024-10-01.ndjson#AporEnerMediHist:Sistema:2024-10-01:2024-10-31
2024-10-31,CapaUtilDiarEner,17358655983,kWh,xm:servapibi,2026-09-22T19:25:02Z,xm/2024/10/CapaUtilDiarEner_Sistema.2024-10-01.ndjson#CapaUtilDiarEner:Sistema:2024-10-01:2024-10-31
2024-10-31,DemaSIN,225561285.71,kWh,xm:servapibi,2026-09-22T19:25:07Z,xm/2024/10/DemaSIN_Sistema.2024-10-01.ndjson#DemaSIN:Sistema:2024-10-01:2024-10-31
2024-10-31,PorcApor,0.64411,fraction,xm:servapibi,2026-09-22T19:25:05Z,xm/2024/10/PorcApor_Sistema.2024-10-01.ndjson#PorcApor:Sistema:2024-10-01:2024-10-31
2024-10-31,PorcVoluUtilDiar,0.55293,fraction,xm:servapibi,2026-09-22T19:24:59Z,xm/2024/10/PorcVoluUtilDiar_Sistema.2024-10-01.ndjson#PorcVoluUtilDiar:Sistema:2024-10-01:2024-10-31
2024-10-31,PrecBolsNaci,2457.103606666668,COP/kWh,xm:servapibi,2026-09-22T19:25:10Z,xm/2024/10/PrecBolsNaci_Sistema.2024-10-01.ndjson#PrecBolsNaci:Sistema:2024-10-01:2024-10-31
2024-10-31,PrecEscaAct,945.3104,COP/kWh,xm:servapibi,2026-09-22T19:25:08Z,xm/2024/10/PrecEscaAct_Sistema.2024-10-01.ndjson#PrecEscaAct:Sistema:2024-10-01:2024-10-31
2024-10-31,VoluUtilDiarEner,9598170500,kWh,xm:servapibi,2026-09-22T19:25:00Z,xm/2024/10/VoluUtilDiarEner_Sistema.2024-10-01.ndjson#VoluUtilDiarEner:Sistema:2024-10-01:2024-10-31
2024-11-01,AporEner,155365200,kWh,xm:servapibi,2026-09-22T19:25:18Z,xm/2024/11/AporEner_Sistema.2024-11-01.ndjson#AporEner:Sistema:2024-11-01:2024-11-30
2024-11-01,AporEnerMediHist,274140000,kWh,xm:servapibi,2026-09-22T19:25:19Z,xm/2024/11/AporEnerMediHist_Sistema.2024-11-01.ndjson#AporEnerMediHist:Sistema:2024-11-01:2024-11-30
2024-11-01,CapaUtilDiarEner,17358655983,kWh,xm:servapibi,2026-09-22T19:25:16Z,xm/2024/11/CapaUtilDiarEner_Sistema.2024-11-01.ndjson#CapaUtilDiarEner:Sistema:2024-11-01:2024-11-30
2024-11-01,DemaSIN,222528208.54,kWh,xm:servapibi,2026-09-22T19:25:21Z,xm/2024/11/DemaSIN_Sistema.2024-11-01.ndjson#DemaSIN:Sistema:2024-11-01:2024-11-30
2024-11-01,PorcApor,0.56674,fraction,xm:servapibi,2026-09-22T19:25:20Z,xm/2024/11/PorcApor_Sistema.2024-11-01.ndjson#PorcApor:Sistema:2024-11-01:2024-11-30
2024-11-01,PorcVoluUtilDiar,0.55342,fraction,xm:servapibi,2026-09-22T19:25:14Z,xm/2024/11/PorcVoluUtilDiar_Sistema.2024-11-01.ndjson#PorcVoluUtilDiar:Sistema:2024-11-01:2024-11-30
2024-11-01,PrecBolsNaci,2459.239950000001,COP/kWh,xm:servapibi,2026-09-22T19:25:24Z,xm/2024/11/PrecBolsNaci_Sistema.2024-11-01.ndjson#PrecBolsNaci:Sistema:2024-11-01:2024-11-30
2024-11-01,PrecEscaAct,936.05983,COP/kWh,xm:servapibi,2026-09-22T19:25:23Z,xm/2024/11/PrecEscaAct_Sistema.2024-11-01.ndjson#PrecEscaAct:Sistema:2024-11-01:2024-11-30
2024-11-01,VoluUtilDiarEner,9606651500,kWh,xm:servapibi,2026-09-22T19:25:15Z,xm/2024/11/VoluUtilDiarEner_Sistema.2024-11-01.ndjson#VoluUtilDiarEner:Sistema:2024-11-01:2024-11-30
2024-11-02,AporEner,161394400,kWh,xm:servapibi,2026-09-22T19:25:18Z,xm/2024/11/AporEner_Sistema.2024-11-01.ndjson#AporEner:Sistema:2024-11-01:2024-11-30
2024-11-02,AporEnerMediHist,274140000,kWh,xm:servapibi,2026-09-22T19:25:19Z,xm/2024/11/AporEnerMediHist_Sistema.2024-11-01.ndjson#AporEnerMediHist:Sistema:2024-11-01:2024-11-30
2024-11-02,CapaUtilDiarEner,17167219599,kWh,xm:servapibi,2026-09-22T19:25:16Z,xm/2024/11/CapaUtilDiarEner_Sistema.2024-11-01.ndjson#CapaUtilDiarEner:Sistema:2024-11-01:2024-11-30
2024-11-02,DemaSIN,213715647.17,kWh,xm:servapibi,2026-09-22T19:25:21Z,xm/2024/11/DemaSIN_Sistema.2024-11-01.ndjson#DemaSIN:Sistema:2024-11-01:2024-11-30
2024-11-02,PorcApor,0.58873,fraction,xm:servapibi,2026-09-22T19:25:20Z,xm/2024/11/PorcApor_Sistema.2024-11-01.ndjson#PorcApor:Sistema:2024-11-01:2024-11-30
2024-11-02,PorcVoluUtilDiar,0.56087,fraction,xm:servapibi,2026-09-22T19:25:14Z,xm/2024/11/PorcVoluUtilDiar_Sistema.2024-11-01.ndjson#PorcVoluUtilDiar:Sistema:2024-11-01:2024-11-30
2024-11-02,PrecBolsNaci,2451.8012000000012,COP/kWh,xm:servapibi,2026-09-22T19:25:24Z,xm/2024/11/PrecBolsNaci_Sistema.2024-11-01.ndjson#PrecBolsNaci:Sistema:2024-11-01:2024-11-30
2024-11-02,PrecEscaAct,936.05983,COP/kWh,xm:servapibi,2026-09-22T19:25:23Z,xm/2024/11/PrecEscaAct_Sistema.2024-11-01.ndjson#PrecEscaAct:Sistema:2024-11-01:2024-11-30
2024-11-02,VoluUtilDiarEner,9628529000,kWh,xm:servapibi,2026-09-22T19:25:15Z,xm/2024/11/VoluUtilDiarEner_Sistema.2024-11-01.ndjson#VoluUtilDiarEner:Sistema:2024-11-01:2024-11-30
2024-11-03,AporEner,143955000,kWh,xm:servapibi,2026-09-22T19:25:18Z,xm/2024/11/AporEner_Sistema.2024-11-01.ndjson#AporEner:Sistema:2024-11-01:2024-11-30
2024-11-03,AporEnerMediHist,274140000,kWh,xm:servapibi,2026-09-22T19:25:19Z,xm/2024/11/AporEnerMediHist_Sistema.2024-11-01.ndjson#AporEnerMediHist:Sistema:2024-11-01:2024-11-30
2024-11-03,CapaUtilDiarEner,17167219599,kWh,xm:servapibi,2026-09-22T19:25:16Z,xm/2024/11/CapaUtilDiarEner_Sistema.2024-11-01.ndjson#CapaUtilDiarEner:Sistema:2024-11-01:2024-11-30
2024-11-03,DemaSIN,193760489.88,kWh,xm:servapibi,2026-09-22T19:25:21Z,xm/2024/11/DemaSIN_Sistema.2024-11-01.ndjson#DemaSIN:Sistema:2024-11-01:2024-11-30
2024-11-03,PorcApor,0.52511,fraction,xm:servapibi,2026-09-22T19:25:20Z,xm/2024/11/PorcApor_Sistema.2024-11-01.ndjson#PorcApor:Sistema:2024-11-01:2024-11-30
2024-11-03,PorcVoluUtilDiar,0.56283,fraction,xm:servapibi,2026-09-22T19:25:14Z,xm/2024/11/PorcVoluUtilDiar_Sistema.2024-11-01.ndjson#PorcVoluUtilDiar:Sistema:2024-11-01:2024-11-30
2024-11-03,PrecBolsNaci,2459.239950000001,COP/kWh,xm:servapibi,2026-09-22T19:25:24Z,xm/2024/11/PrecBolsNaci_Sistema.2024-11-01.ndjson#PrecBolsNaci:Sistema:2024-11-01:2024-11-30
2024-11-03,PrecEscaAct,936.05983,COP/kWh,xm:servapibi,2026-09-22T19:25:23Z,xm/2024/11/PrecEscaAct_Sistema.2024-11-01.ndjson#PrecEscaAct:Sistema:2024-11-01:2024-11-30
2024-11-03,VoluUtilDiarEner,9662201000,kWh,xm:servapibi,2026-09-22T19:25:15Z,xm/2024/11/VoluUtilDiarEner_Sistema.2024-11-01.ndjson#VoluUtilDiarEner:Sistema:2024-11-01:2024-11-30
2024-11-04,AporEner,184664000,kWh,xm:servapibi,2026-09-22T19:25:18Z,xm/2024/11/AporEner_Sistema.2024-11-01.ndjson#AporEner:Sistema:2024-11-01:2024-11-30
2024-11-04,AporEnerMediHist,274140000,kWh,xm:servapibi,2026-09-22T19:25:19Z,xm/2024/11/AporEnerMediHist_Sistema.2024-11-01.ndjson#AporEnerMediHist:Sistema:2024-11-01:2024-11-30
2024-11-04,CapaUtilDiarEner,17167219599,kWh,xm:servapibi,2026-09-22T19:25:16Z,xm/2024/11/CapaUtilDiarEner_Sistema.2024-11-01.ndjson#CapaUtilDiarEner:Sistema:2024-11-01:2024-11-30
2024-11-04,DemaSIN,197704180.04,kWh,xm:servapibi,2026-09-22T19:25:21Z,xm/2024/11/DemaSIN_Sistema.2024-11-01.ndjson#DemaSIN:Sistema:2024-11-01:2024-11-30
2024-11-04,PorcApor,0.67361,fraction,xm:servapibi,2026-09-22T19:25:20Z,xm/2024/11/PorcApor_Sistema.2024-11-01.ndjson#PorcApor:Sistema:2024-11-01:2024-11-30
2024-11-04,PorcVoluUtilDiar,0.56767,fraction,xm:servapibi,2026-09-22T19:25:14Z,xm/2024/11/PorcVoluUtilDiar_Sistema.2024-11-01.ndjson#PorcVoluUtilDiar:Sistema:2024-11-01:2024-11-30
2024-11-04,PrecBolsNaci,2365.9828666666676,COP/kWh,xm:servapibi,2026-09-22T19:25:24Z,xm/2024/11/PrecBolsNaci_Sistema.2024-11-01.ndjson#PrecBolsNaci:Sistema:2024-11-01:2024-11-30
2024-11-04,PrecEscaAct,936.05983,COP/kWh,xm:servapibi,2026-09-22T19:25:23Z,xm/2024/11/PrecEscaAct_Sistema.2024-11-01.ndjson#PrecEscaAct:Sistema:2024-11-01:2024-11-30
2024-11-04,VoluUtilDiarEner,9745259800,kWh,xm:servapibi,2026-09-22T19:25:15Z,xm/2024/11/VoluUtilDiarEner_Sistema.2024-11-01.ndjson#VoluUtilDiarEner:Sistema:2024-11-01:2024-11-30
2024-11-05,AporEner,181479100,kWh,xm:servapibi,2026-09-22T19:25:18Z,xm/2024/11/AporEner_Sistema.2024-11-01.ndjson#AporEner:Sistema:2024-11-01:2024-11-30
2024-11-05,AporEnerMediHist,274140000,kWh,xm:servapibi,2026-09-22T19:25:19Z,xm/2024/11/AporEnerMediHist_Sistema.2024-11-01.ndjson#AporEnerMediHist:Sistema:2024-11-01:2024-11-30
2024-11-05,CapaUtilDiarEner,17167219599,kWh,xm:servapibi,2026-09-22T19:25:16Z,xm/2024/11/CapaUtilDiarEner_Sistema.2024-11-01.ndjson#CapaUtilDiarEner:Sistema:2024-11-01:2024-11-30
2024-11-05,DemaSIN,225376485.18,kWh,xm:servapibi,2026-09-22T19:25:21Z,xm/2024/11/DemaSIN_Sistema.2024-11-01.ndjson#DemaSIN:Sistema:2024-11-01:2024-11-30
2024-11-05,PorcApor,0.66199,fraction,xm:servapibi,2026-09-22T19:25:20Z,xm/2024/11/PorcApor_Sistema.2024-11-01.ndjson#PorcApor:Sistema:2024-11-01:2024-11-30
2024-11-05,PorcVoluUtilDiar,0.5701,fraction,xm:servapibi,2026-09-22T19:25:14Z,xm/2024/11/PorcVoluUtilDiar_Sistema.2024-11-01.ndjson#PorcVoluUtilDiar:Sistema:2024-11-01:2024-11-30
2024-11-05,PrecBolsNaci,1581.9933533333335,COP/kWh,xm:servapibi,2026-09-22T19:25:24Z,xm/2024/11/PrecBolsNaci_Sistema.2024-11-01.ndjson#PrecBolsNaci:Sistema:2024-11-01:2024-11-30
2024-11-05,PrecEscaAct,936.05983,COP/kWh,xm:servapibi,2026-09-22T19:25:23Z,xm/2024/11/PrecEscaAct_Sistema.2024-11-01.ndjson#PrecEscaAct:Sistema:2024-11-01:2024-11-30
2024-11-05,VoluUtilDiarEner,9786953100,kWh,xm:servapibi,2026-09-22T19:25:15Z,xm/2024/11/VoluUtilDiarEner_Sistema.2024-11-01.ndjson#VoluUtilDiarEner:Sistema:2024-11-01:2024-11-30
2024-11-06,AporEner,170383800,kWh,xm:servapibi,2026-09-22T19:25:18Z,xm/2024/11/AporEner_Sistema.2024-11-01.ndjson#AporEner:Sistema:2024-11-01:2024-11-30
2024-11-06,AporEnerMediHist,274140000,kWh,xm:servapibi,2026-09-22T19:25:19Z,xm/2024/11/AporEnerMediHist_Sistema.2024-11-01.ndjson#AporEnerMediHist:Sistema:2024-11-01:2024-11-30
2024-11-06,CapaUtilDiarEner,17167219599,kWh,xm:servapibi,2026-09-22T19:25:16Z,xm/2024/11/CapaUtilDiarEner_Sistema.2024-11-01.ndjson#CapaUtilDiarEner:Sistema:2024-11-01:2024-11-30
2024-11-06,DemaSIN,230392309.54,kWh,xm:servapibi,2026-09-22T19:25:21Z,xm/2024/11/DemaSIN_Sistema.2024-11-01.ndjson#DemaSIN:Sistema:2024-11-01:2024-11-30
2024-11-06,PorcApor,0.62152,fraction,xm:servapibi,2026-09-22T19:25:20Z,xm/2024/11/PorcApor_Sistema.2024-11-01.ndjson#PorcApor:Sistema:2024-11-01:2024-11-30
2024-11-06,PorcVoluUtilDiar,0.5723,fraction,xm:servapibi,2026-09-22T19:25:14Z,xm/2024/11/PorcVoluUtilDiar_Sistema.2024-11-01.ndjson#PorcVoluUtilDiar:Sistema:2024-11-01:2024-11-30
2024-11-06,PrecBolsNaci,1870.0616916666665,COP/kWh,xm:servapibi,2026-09-22T19:25:24Z,xm/2024/11/PrecBolsNaci_Sistema.2024-11-01.ndjson#PrecBolsNaci:Sistema:2024-11-01:2024-11-30
2024-11-06,PrecEscaAct,936.05983,COP/kWh,xm:servapibi,2026-09-22T19:25:23Z,xm/2024/11/PrecEscaAct_Sistema.2024-11-01.ndjson#PrecEscaAct:Sistema:2024-11-01:2024-11-30
2024-11-06,VoluUtilDiarEner,9824770000,kWh,xm:servapibi,2026-09-22T19:25:15Z,xm/2024/11/VoluUtilDiarEner_Sistema.2024-11-01.ndjson#VoluUtilDiarEner:Sistema:2024-11-01:2024-11-30
2024-11-07,AporEner,190772700,kWh,xm:servapibi,2026-09-22T19:25:18Z,xm/2024/11/AporEner_Sistema.2024-11-01.ndjson#AporEner:Sistema:2024-11-01:2024-11-30
2024-11-07,AporEnerMediHist,274140000,kWh,xm:servapibi,2026-09-22T19:25:19Z,xm/2024/11/AporEnerMediHist_Sistema.2024-11-01.ndjson#AporEnerMediHist:Sistema:2024-11-01:2024-11-30
2024-11-07,CapaUtilDiarEner,17167219599,kWh,xm:servapibi,2026-09-22T19:25:16Z,xm/2024/11/CapaUtilDiarEner_Sistema.2024-11-01.ndjson#CapaUtilDiarEner:Sistema:2024-11-01:2024-11-30
2024-11-07,DemaSIN,229611361.04,kWh,xm:servapibi,2026-09-22T19:25:21Z,xm/2024/11/DemaSIN_Sistema.2024-11-01.ndjson#DemaSIN:Sistema:2024-11-01:2024-11-30
2024-11-07,PorcApor,0.6959,fraction,xm:servapibi,2026-09-22T19:25:20Z,xm/2024/11/PorcApor_Sistema.2024-11-01.ndjson#PorcApor:Sistema:2024-11-01:2024-11-30
2024-11-07,PorcVoluUtilDiar,0.57599,fraction,xm:servapibi,2026-09-22T19:25:14Z,xm/2024/11/PorcVoluUtilDiar_Sistema.2024-11-01.ndjson#PorcVoluUtilDiar:Sistema:2024-11-01:2024-11-30
2024-11-07,PrecBolsNaci,1894.648283333334,COP/kWh,xm:servapibi,2026-09-22T19:25:24Z,xm/2024/11/PrecBolsNaci_Sistema.2024-11-01.ndjson#PrecBolsNaci:Sistema:2024-11-01:2024-11-30
2024-11-07,PrecEscaAct,936.05983,COP/kWh,xm:servapibi,2026-09-22T19:25:23Z,xm/2024/11/PrecEscaAct_Sistema.2024-11-01.ndjson#PrecEscaAct:Sistema:2024-11-01:2024-11-30
2024-11-07,VoluUtilDiarEner,9888176500,kWh,xm:servapibi,2026-09-22T19:25:15Z,xm/2024/11/VoluUtilDiarEner_Sistema.2024-11-01.ndjson#VoluUtilDiarEner:Sistema:2024-11-01:2024-11-30
2024-11-08,AporEner,226586300,kWh,xm:servapibi,2026-09-22T19:25:18Z,xm/2024/11/AporEner_Sistema.2024-11-01.ndjson#AporEner:Sistema:2024-11-01:2024-11-30
2024-11-08,AporEnerMediHist,274140000,kWh,xm:servapibi,2026-09-22T19:25:19Z,xm/2024/11/AporEnerMediHist_Sistema.2024-11-01.ndjson#AporEnerMediHist:Sistema:2024-11-01:2024-11-30
2024-11-08,CapaUtilDiarEner,17167219599,kWh,xm:servapibi,2026-09-22T19:25:16Z,xm/2024/11/CapaUtilDiarEner_Sistema.2024-11-01.ndjson#CapaUtilDiarEner:Sistema:2024-11-01:2024-11-30
2024-11-08,DemaSIN,225159506.7,kWh,xm:servapibi,2026-09-22T19:25:21Z,xm/2024/11/DemaSIN_Sistema.2024-11-01.ndjson#DemaSIN:Sistema:2024-11-01:2024-11-30
2024-11-08,PorcApor,0.82653,fraction,xm:servapibi,2026-09-22T19:25:20Z,xm/2024/11/PorcApor_Sistema.2024-11-01.ndjson#PorcApor:Sistema:2024-11-01:2024-11-30
2024-11-08,PorcVoluUtilDiar,0.58166,fraction,xm:servapibi,2026-09-22T19:25:14Z,xm/2024/11/PorcVoluUtilDiar_Sistema.2024-11-01.ndjson#PorcVoluUtilDiar:Sistema:2024-11-01:2024-11-30
2024-11-08,PrecBolsNaci,1546.5263033333338,COP/kWh,xm:servapibi,2026-09-22T19:25:24Z,xm/2024/11/PrecBolsNaci_Sistema.2024-11-01.ndjson#PrecBolsNaci:Sistema:2024-11-01:2024-11-30
2024-11-08,PrecEscaAct,936.05983,COP/kWh,xm:servapibi,2026-09-22T19:25:23Z,xm/2024/11/PrecEscaAct_Sistema.2024-11-01.ndjson#PrecEscaAct:Sistema:2024-11-01:2024-11-30
2024-11-08,VoluUtilDiarEner,9985446800,kWh,xm:servapibi,2026-09-22T19:25:15Z,xm/2024/11/VoluUtilDiarEner_Sistema.2024-11-01.ndjson#VoluUtilDiarEner:Sistema:2024-11-01:2024-11-30
2024-11-09,AporEner,267735700,kWh,xm:servapibi,2026-09-22T19:25:18Z,xm/2024/11/AporEner_Sistema.2024-11-01.ndjson#AporEner:Sistema:2024-11-01:2024-11-30
2024-11-09,AporEnerMediHist,274140000,kWh,xm:servapibi,2026-09-22T19:25:19Z,xm/2024/11/AporEnerMediHist_Sistema.2024-11-01.ndjson#AporEnerMediHist:Sistema:2024-11-01:2024-11-30
2024-11-09,CapaUtilDiarEner,17167219599,kWh,xm:servapibi,2026-09-22T19:25:16Z,xm/2024/11/CapaUtilDiarEner_Sistema.2024-11-01.ndjson#CapaUtilDiarEner:Sistema:2024-11-01:2024-11-30
2024-11-09,DemaSIN,212881658.76,kWh,xm:servapibi,2026-09-22T19:25:21Z,xm/2024/11/DemaSIN_Sistema.2024-11-01.ndjson#DemaSIN:Sistema:2024-11-01:2024-11-30
2024-11-09,PorcApor,0.97664,fraction,xm:servapibi,2026-09-22T19:25:20Z,xm/2024/11/PorcApor_Sistema.2024-11-01.ndjson#PorcApor:Sistema:2024-11-01:2024-11-30
2024-11-09,PorcVoluUtilDiar,0.5894,fraction,xm:servapibi,2026-09-22T19:25:14Z,xm/2024/11/PorcVoluUtilDiar_Sistema.2024-11-01.ndjson#PorcVoluUtilDiar:Sistema:2024-11-01:2024-11-30
2024-11-09,PrecBolsNaci,788.0524416666667,COP/kWh,xm:servapibi,2026-09-22T19:25:24Z,xm/2024/11/PrecBolsNaci_Sistema.2024-11-01.ndjson#PrecBolsNaci:Sistema:2024-11-01:2024-11-30
2024-11-09,PrecEscaAct,936.05983,COP/kWh,xm:servapibi,2026-09-22T19:25:23Z,xm/2024/11/PrecEscaAct_Sistema.2024-11-01.ndjson#PrecEscaAct:Sistema:2024-11-01:2024-11-30
2024-11-09,VoluUtilDiarEner,10118397300,kWh,xm:servapibi,2026-09-22T19:25:15Z,xm/2024/11/VoluUtilDiarEner_Sistema.2024-11-01.ndjson#VoluUtilDiarEner:Sistema:2024-11-01:2024-11-30
2024-11-10,AporEner,365055400,kWh,xm:servapibi,2026-09-22T19:25:18Z,xm/2024/11/AporEner_Sistema.2024-11-01.ndjson#AporEner:Sistema:2024-11-01:2024-11-30
2024-11-10,AporEnerMediHist,274140000,kWh,xm:servapibi,2026-09-22T19:25:19Z,xm/2024/11/AporEnerMediHist_Sistema.2024-11-01.ndjson#AporEnerMediHist:Sistema:2024-11-01:2024-11-30
2024-11-10,CapaUtilDiarEner,17167219599,kWh,xm:servapibi,2026-09-22T19:25:16Z,xm/2024/11/CapaUtilDiarEner_Sistema.2024-11-01.ndjson#CapaUtilDiarEner:Sistema:2024-11-01:2024-11-30
2024-11-10,DemaSIN,193684982.64,kWh,xm:servapibi,2026-09-22T19:25:21Z,xm/2024/11/DemaSIN_Sistema.2024-11-01.ndjson#DemaSIN:Sistema:2024-11-01:2024-11-30
2024-11-10,PorcApor,1.33164,fraction,xm:servapibi,2026-09-22T19:25:20Z,xm/2024/11/PorcApor_Sistema.2024-11-01.ndjson#PorcApor:Sistema:2024-11-01:2024-11-30
2024-11-10,PorcVoluUtilDiar,0.60395,fraction,xm:servapibi,2026-09-22T19:25:14Z,xm/2024/11/PorcVoluUtilDiar_Sistema.2024-11-01.ndjson#PorcVoluUtilDiar:Sistema:2024-11-01:2024-11-30
2024-11-10,PrecBolsNaci,824.6914683333334,COP/kWh,xm:servapibi,2026-09-22T19:25:24Z,xm/2024/11/PrecBolsNaci_Sistema.2024-11-01.ndjson#PrecBolsNaci:Sistema:2024-11-01:2024-11-30
2024-11-10,PrecEscaAct,936.05983,COP/kWh,xm:servapibi,2026-09-22T19:25:23Z,xm/2024/11/PrecEscaAct_Sistema.2024-11-01.ndjson#PrecEscaAct:Sistema:2024-11-01:2024-11-30
2024-11-10,VoluUtilDiarEner,10368072500,kWh,xm:servapibi,2026-09-22T19:25:15Z,xm/2024/11/VoluUtilDiarEner_Sistema.2024-11-01.ndjson#VoluUtilDiarEner:Sistema:2024-11-01:2024-11-30
2024-11-11,AporEner,342313300,kWh,xm:servapibi,2026-09-22T19:25:18Z,xm/2024/11/AporEner_Sistema.2024-11-01.ndjson#AporEner:Sistema:2024-11-01:2024-11-30
2024-11-11,AporEnerMediHist,274140000,kWh,xm:servapibi,2026-09-22T19:25:19Z,xm/2024/11/AporEnerMediHist_Sistema.2024-11-01.ndjson#AporEnerMediHist:Sistema:2024-11-01:2024-11-30
2024-11-11,CapaUtilDiarEner,17167219599,kWh,xm:servapibi,2026-09-22T19:25:16Z,xm/2024/11/CapaUtilDiarEner_Sistema.2024-11-01.ndjson#CapaUtilDiarEner:Sistema:2024-11-01:2024-11-30
2024-11-11,DemaSIN,196756728.98,kWh,xm:servapibi,2026-09-22T19:25:21Z,xm/2024/11/DemaSIN_Sistema.2024-11-01.ndjson#DemaSIN:Sistema:2024-11-01:2024-11-30
2024-11-11,PorcApor,1.24868,fraction,xm:servapibi,2026-09-22T19:25:20Z,xm/2024/11/PorcApor_Sistema.2024-11-01.ndjson#PorcApor:Sistema:2024-11-01:2024-11-30
2024-11-11,PorcVoluUtilDiar,0.61406,fraction,xm:servapibi,2026-09-22T19:25:14Z,xm/2024/11/PorcVoluUtilDiar_Sistema.2024-11-01.ndjson#PorcVoluUtilDiar:Sistema:2024-11-01:2024-11-30
2024-11-11,PrecBolsNaci,808.5887900000001,COP/kWh,xm:servapibi,2026-09-22T19:25:24Z,xm/2024/11/PrecBolsNaci_Sistema.2024-11-01.ndjson#PrecBolsNaci:Sistema:2024-11-01:2024-11-30
2024-11-11,PrecEscaAct,936.05983,COP/kWh,xm:servapibi,2026-09-22T19:25:23Z,xm/2024/11/PrecEscaAct_Sistema.2024-11-01.ndjson#PrecEscaAct:Sistema:2024-11-01:2024-11-30
2024-11-11,VoluUtilDiarEner,10541788000,kWh,xm:servapibi,2026-09-22T19:25:15Z,xm/2024/11/VoluUtilDiarEner_Sistema.2024-11-01.ndjson#VoluUtilDiarEner:Sistema:2024-11-01:2024-11-30
2024-11-12,AporEner,293030800,kWh,xm:servapibi,2026-09-22T19:25:18Z,xm/2024/11/AporEner_Sistema.2024-11-01.ndjson#AporEner:Sistema:2024-11-01:2024-11-30
2024-11-12,AporEnerMediHist,274140000,kWh,xm:servapibi,2026-09-22T19:25:19Z,xm/2024/11/AporEnerMediHist_Sistema.2024-11-01.ndjson#AporEnerMediHist:Sistema:2024-11-01:2024-11-30
2024-11-12,CapaUtilDiarEner,17167219599,kWh,xm:servapibi,2026-09-22T19:25:16Z,xm/2024/11/CapaUtilDiarEner_Sistema.2024-11-01.ndjson#CapaUtilDiarEner:Sistema:2024-11-01:2024-11-30
2024-11-12,DemaSIN,221692868.79,kWh,xm:servapibi,2026-09-22T19:25:21Z,xm/2024/11/DemaSIN_Sistema.2024-11-01.ndjson#DemaSIN:Sistema:2024-11-01:2024-11-30
2024-11-12,PorcApor,1.06891,fraction,xm:servapibi,2026-09-22T19:25:20Z,xm/2024/11/PorcApor_Sistema.2024-11-01.ndjson#PorcApor:Sistema:2024-11-01:2024-11-30
2024-11-12,PorcVoluUtilDiar,0.62013,fraction,xm:servapibi,2026-09-22T19:25:14Z,xm/2024/11/PorcVoluUtilDiar_Sistema.2024-11-01.ndjson#PorcVoluUtilDiar:Sistema:2024-11-01:2024-11-30
2024-11-12,PrecBolsNaci,1003.4111133333332,COP/kWh,xm:servapibi,2026-09-22T19:25:24Z,xm/2024/11/PrecBolsNaci_Sistema.2024-11-01.ndjson#PrecBolsNaci:Sistema:2024-11-01:2024-11-30
2024-11-12,PrecEscaAct,936.05983,COP/kWh,xm:servapibi,2026-09-22T19:25:23Z,xm/2024/11/PrecEscaAct_Sistema.2024-11-01.ndjson#PrecEscaAct:Sistema:2024-11-01:2024-11-30
2024-11-12,VoluUtilDiarEner,10645846700,kWh,xm:servapibi,2026-09-22T19:25:15Z,xm/2024/11/VoluUtilDiarEner_Sistema.2024-11-01.ndjson#VoluUtilDiarEner:Sistema:2024-11-01:2024-11-30
2024-11-13,AporEner,284650200,kWh,xm:servapibi,2026-09-22T19:25:18Z,xm/2024/11/AporEner_Sistema.2024-11-01.ndjson#AporEner:Sistema:2024-11-01:2024-11-30
2024-11-13,AporEnerMediHist,274140000,kWh,xm:servapibi,2026-09-22T19:25:19Z,xm/2024/11/AporEnerMediHist_Sistema.2024-11-01.ndjson#AporEnerMediHist:Sistema:2024-11-01:2024-11-30
2024-11-13,CapaUtilDiarEner,17168413107,kWh,xm:servapibi,2026-09-22T19:25:16Z,xm/2024/11/CapaUtilDiarEner_Sistema.2024-11-01.ndjson#CapaUtilDiarEner:Sistema:2024-11-01:2024-11-30
2024-11-13,DemaSIN,226971193.2,kWh,xm:servapibi,2026-09-22T19:25:21Z,xm/2024/11/DemaSIN_Sistema.2024-11-01.ndjson#DemaSIN:Sistema:2024-11-01:2024-11-30
2024-11-13,PorcApor,1.03834,fraction,xm:servapibi,2026-09-22T19:25:20Z,xm/2024/11/PorcApor_Sistema.2024-11-01.ndjson#PorcApor:Sistema:2024-11-01:2024-11-30
2024-11-13,PorcVoluUtilDiar,0.62712,fraction,xm:servapibi,2026-09-22T19:25:14Z,xm/2024/11/PorcVoluUtilDiar_Sistema.2024-11-01.ndjson#PorcVoluUtilDiar:Sistema:2024-11-01:2024-11-30
2024-11-13,PrecBolsNaci,826.8944766666667,COP/kWh,xm:servapibi,2026-09-22T19:25:24Z,xm/2024/11/PrecBolsNaci_Sistema.2024-11-01.ndjson#PrecBolsNaci:Sistema:2024-11-01:2024-11-30
2024-11-13,PrecEscaAct,936.05983,COP/kWh,xm:servapibi,2026-09-22T19:25:23Z,xm/2024/11/PrecEscaAct_Sistema.2024-11-01.ndjson#PrecEscaAct:Sistema:2024-11-01:2024-11-30
2024-11-13,VoluUtilDiarEner,10766691900,kWh,xm:servapibi,2026-09-22T19:25:15Z,xm/2024/11/VoluUtilDiarEner_Sistema.2024-11-01.ndjson#VoluUtilDiarEner:Sistema:2024-11-01:2024-11-30
2024-11-14,AporEner,331592800,kWh,xm:servapibi,2026-09-22T19:25:18Z,xm/2024/11/AporEner_Sistema.2024-11-01.ndjson#AporEner:Sistema:2024-11-01:2024-11-30
2024-11-14,AporEnerMediHist,274140000,kWh,xm:servapibi,2026-09-22T19:25:19Z,xm/2024/11/AporEnerMediHist_Sistema.2024-11-01.ndjson#AporEnerMediHist:Sistema:2024-11-01:2024-11-30
2024-11-14,CapaUtilDiarEner,17168413107,kWh,xm:servapibi,2026-09-22T19:25:16Z,xm/2024/11/CapaUtilDiarEner_Sistema.2024-11-01.ndjson#CapaUtilDiarEner:Sistema:2024-11-01:2024-11-30
2024-11-14,DemaSIN,228248347.78,kWh,xm:servapibi,2026-09-22T19:25:21Z,xm/2024/11/DemaSIN_Sistema.2024-11-01.ndjson#DemaSIN:Sistema:2024-11-01:2024-11-30
2024-11-14,PorcApor,1.20957,fraction,xm:servapibi,2026-09-22T19:25:20Z,xm/2024/11/PorcApor_Sistema.2024-11-01.ndjson#PorcApor:Sistema:2024-11-01:2024-11-30
2024-11-14,PorcVoluUtilDiar,0.63529,fraction,xm:servapibi,2026-09-22T19:25:14Z,xm/2024/11/PorcVoluUtilDiar_Sistema.2024-11-01.ndjson#PorcVoluUtilDiar:Sistema:2024-11-01:2024-11-30
2024-11-14,PrecBolsNaci,911.2119633333333,COP/kWh,xm:servapibi,2026-09-22T19:25:24Z,xm/2024/11/PrecBolsNaci_Sistema.2024-11-01.ndjson#PrecBolsNaci:Sistema:2024-11-01:2024-11-30
2024-11-14,PrecEscaAct,936.05983,COP/kWh,xm:servapibi,2026-09-22T19:25:23Z,xm/2024/11/PrecEscaAct_Sistema.2024-11-01.ndjson#PrecEscaAct:Sistema:2024-11-01:2024-11-30
2024-11-14,VoluUtilDiarEner,10906968800,kWh,xm:servapibi,2026-09-22T19:25:15Z,xm/2024/11/VoluUtilDiarEner_Sistema.2024-11-01.ndjson#VoluUtilDiarEner:Sistema:2024-11-01:2024-11-30
2024-11-15,AporEner,285256600,kWh,xm:servapibi,2026-09-22T19:25:18Z,xm/2024/11/AporEner_Sistema.2024-11-01.ndjson#AporEner:Sistema:2024-11-01:2024-11-30
2024-11-15,AporEnerMediHist,274140000,kWh,xm:servapibi,2026-09-22T19:25:19Z,xm/2024/11/AporEnerMediHist_Sistema.2024-11-01.ndjson#AporEnerMediHist:Sistema:2024-11-01:2024-11-30
2024-11-15,CapaUtilDiarEner,17168413107,kWh,xm:servapibi,2026-09-22T19:25:16Z,xm/2024/11/CapaUtilDiarEner_Sistema.2024-11-01.ndjson#CapaUtilDiarEner:Sistema:2024-11-01:2024-11-30
2024-11-15,DemaSIN,229893168.27,kWh,xm:servapibi,2026-09-22T19:25:21Z,xm/2024/11/DemaSIN_Sistema.2024-11-01.ndjson#DemaSIN:Sistema:2024-11-01:2024-11-30
2024-11-15,PorcApor,1.04055,fraction,xm:servapibi,2026-09-22T19:25:20Z,xm/2024/11/PorcApor_Sistema.2024-11-01.ndjson#PorcApor:Sistema:2024-11-01:2024-11-30
2024-11-15,PorcVoluUtilDiar,0.64088,fraction,xm:servapibi,2026-09-22T19:25:14Z,xm/2024/11/PorcVoluUtilDiar_Sistema.2024-11-01.ndjson#PorcVoluUtilDiar:Sistema:2024-11-01:2024-11-30
2024-11-15,PrecBolsNaci,695.172175,COP/kWh,xm:servapibi,2026-09-22T19:25:24Z,xm/2024/11/PrecBolsNaci_Sistema.2024-11-01.ndjson#PrecBolsNaci:Sistema:2024-11-01:2024-11-30
2024-11-15,PrecEscaAct,936.05983,COP/kWh,xm:servapibi,2026-09-22T19:25:23Z,xm/2024/11/PrecEscaAct_Sistema.2024-11-01.ndjson#PrecEscaAct:Sistema:2024-11-01:2024-11-30
2024-11-15,VoluUtilDiarEner,11002959100,kWh,xm:servapibi,2026-09-22T19:25:15Z,xm/2024/11/VoluUtilDiarEner_Sistema.2024-11-01.ndjson#VoluUtilDiarEner:Sistema:2024-11-01:2024-11-30
2024-11-16,AporEner,279777600,kWh,xm:servapibi,2026-09-22T19:25:18Z,xm/2024/11/AporEner_Sistema.2024-11-01.ndjson#AporEner:Sistema:2024-11-01:2024-11-30
2024-11-16,AporEnerMediHist,274140000,kWh,xm:servapibi,2026-09-22T19:25:19Z,xm/2024/11/AporEnerMediHist_Sistema.2024-11-01.ndjson#AporEnerMediHist:Sistema:2024-11-01:2024-11-30
2024-11-16,CapaUtilDiarEner,17168413107,kWh,xm:servapibi,2026-09-22T19:25:16Z,xm/2024/11/CapaUtilDiarEner_Sistema.2024-11-01.ndjson#CapaUtilDiarEner:Sistema:2024-11-01:2024-11-30
2024-11-16,DemaSIN,217996957.43,kWh,xm:servapibi,2026-09-22T19:25:21Z,xm/2024/11/DemaSIN_Sistema.2024-11-01.ndjson#DemaSIN:Sistema:2024-11-01:2024-11-30
2024-11-16,PorcApor,1.02056,fraction,xm:servapibi,2026-09-22T19:25:20Z,xm/2024/11/PorcApor_Sistema.2024-11-01.ndjson#PorcApor:Sistema:2024-11-01:2024-11-30
2024-11-16,PorcVoluUtilDiar,0.64375,fraction,xm:servapibi,2026-09-22T19:25:14Z,xm/2024/11/PorcVoluUtilDiar_Sistema.2024-11-01.ndjson#PorcVoluUtilDiar:Sistema:2024-11-01:2024-11-30
2024-11-16,PrecBolsNaci,697.9429333333334,COP/kWh,xm:servapibi,2026-09-22T19:25:24Z,xm/2024/11/PrecBolsNaci_Sistema.2024-11-01.ndjson#PrecBolsNaci:Sistema:2024-11-01:2024-11-30
2024-11-16,PrecEscaAct,936.05983,COP/kWh,xm:servapibi,2026-09-22T19:25:23Z,xm/2024/11/PrecEscaAct_Sistema.2024-11-01.ndjson#PrecEscaAct:Sistema:2024-11-01:2024-11-30
2024-11-16,VoluUtilDiarEner,11052100500,kWh,xm:servapibi,2026-09-22T19:25:15Z,xm/2024/11/VoluUtilDiarEner_Sistema.2024-11-01.ndjson#VoluUtilDiarEner:Sistema:2024-11-01:2024-11-30
2024-11-17,AporEner,251288700,kWh,xm:servapibi,2026-09-22T19:25:18Z,xm/2024/11/AporEner_Sistema.2024-11-01.ndjson#AporEner:Sistema:2024-11-01:2024-11-30
2024-11-17,AporEnerMediHist,274140000,kWh,xm:servapibi,2026-09-22T19:25:19Z,xm/2024/11/AporEnerMediHist_Sistema.2024-11-01.ndjson#AporEnerMediHist:Sistema:2024-11-01:2024-11-30
2024-11-17,CapaUtilDiarEner,17168413107,kWh,xm:servapibi,2026-09-22T19:25:16Z,xm/2024/11/CapaUtilDiarEner_Sistema.2024-11-01.ndjson#CapaUtilDiarEner:Sistema:2024-11-01:2024-11-30
2024-11-17,DemaSIN,201412201.64,kWh,xm:servapibi,2026-09-22T19:25:21Z,xm/2024/11/DemaSIN_Sistema.2024-11-01.ndjson#DemaSIN:Sistema:2024-11-01:2024-11-30
2024-11-17,PorcApor,0.91664,fraction,xm:servapibi,2026-09-22T19:25:20Z,xm/2024/11/PorcApor_Sistema.2024-11-01.ndjson#PorcApor:Sistema:2024-11-01:2024-11-30
2024-11-17,PorcVoluUtilDiar,0.64664,fraction,xm:servapibi,2026-09-22T19:25:14Z,xm/2024/11/PorcVoluUtilDiar_Sistema.2024-11-01.ndjson#PorcVoluUtilDiar:Sistema:2024-11-01:2024-11-30
2024-11-17,PrecBolsNaci,528.160775,COP/kWh,xm:servapibi,2026-09-22T19:25:24Z,xm/2024/11/PrecBolsNaci_Sistema.2024-11-01.ndjson#PrecBolsNaci:Sistema:2024-11-01:2024-11-30
2024-11-17,PrecEscaAct,936.05983,COP/kWh,xm:servapibi,2026-09-22T19:25:23Z,xm/2024/11/PrecEscaAct_Sistema.2024-11-01.ndjson#PrecEscaAct:Sistema:2024-11-01:2024-11-30
2024-11-17,VoluUtilDiarEner,11101768600,kWh,xm:servapibi,2026-09-22T19:25:15Z,xm/2024/11/VoluUtilDiarEner_Sistema.2024-11-01.ndjson#VoluUtilDiarEner:Sistema:2024-11-01:2024-11-30
2024-11-18,AporEner,236537100,kWh,xm:servapibi,2026-09-22T19:25:18Z,xm/2024/11/AporEner_Sistema.2024-11-01.ndjson#AporEner:Sistema:2024-11-01:2024-11-30
2024-11-18,AporEnerMediHist,274140000,kWh,xm:servapibi,2026-09-22T19:25:19Z,xm/2024/11/AporEnerMediHist_Sistema.2024-11-01.ndjson#AporEnerMediHist:Sistema:2024-11-01:2024-11-30
2024-11-18,CapaUtilDiarEner,17168413107,kWh,xm:servapibi,2026-09-22T19:25:16Z,xm/2024/11/CapaUtilDiarEner_Sistema.2024-11-01.ndjson#CapaUtilDiarEner:Sistema:2024-11-01:2024-11-30
2024-11-18,DemaSIN,226523262.94,kWh,xm:servapibi,2026-09-22T19:25:21Z,xm/2024/11/DemaSIN_Sistema.2024-11-01.ndjson#DemaSIN:Sistema:2024-11-01:2024-11-30
2024-11-18,PorcApor,0.86283,fraction,xm:servapibi,2026-09-22T19:25:20Z,xm/2024/11/PorcApor_Sistema.2024-11-01.ndjson#PorcApor:Sistema:2024-11-01:2024-11-30
2024-11-18,PorcVoluUtilDiar,0.64805,fraction,xm:servapibi,2026-09-22T19:25:14Z,xm/2024/11/PorcVoluUtilDiar_Sistema.2024-11-01.ndjson#PorcVoluUtilDiar:Sistema:2024-11-01:2024-11-30
2024-11-18,PrecBolsNaci,694.9213433333333,COP/kWh,xm:servapibi,2026-09-22T19:25:24Z,xm/2024/11/PrecBolsNaci_Sistema.2024-11-01.ndjson#PrecBolsNaci:Sistema:2024-11-01:2024-11-30
2024-11-18,PrecEscaAct,936.05983,COP/kWh,xm:servapibi,2026-09-22T19:25:23Z,xm/2024/11/PrecEscaAct_Sistema.2024-11-01.ndjson#PrecEscaAct:Sistema:2024-11-01:2024-11-30
2024-11-18,VoluUtilDiarEner,11125982100,kWh,xm:servapibi,2026-09-22T19:25:15Z,xm/2024/11/VoluUtilDiarEner_Sistema.2024-11-01.ndjson#VoluUtilDiarEner:Sistema:2024-11-01:2024-11-30
2024-11-19,AporEner,268033400,kWh,xm:servapibi,2026-09-22T19:25:18Z,xm/2024/11/AporEner_Sistema.2024-11-01.ndjson#AporEner:Sistema:2024-11-01:2024-11-30
2024-11-19,AporEnerMediHist,274140000,kWh,xm:servapibi,2026-09-22T19:25:19Z,xm/2024/11/AporEnerMediHist_Sistema.2024-11-01.ndjson#AporEnerMediHist:Sistema:2024-11-01:2024-11-30
2024-11-19,CapaUtilDiarEner,17168413107,kWh,xm:servapibi,2026-09-22T19:25:16Z,xm/2024/11/CapaUtilDiarEner_Sistema.2024-11-01.ndjson#CapaUtilDiarEner:Sistema:2024-11-01:2024-11-30
2024-11-19,DemaSIN,230786834.33,kWh,xm:servapibi,2026-09-22T19:25:21Z,xm/2024/11/DemaSIN_Sistema.2024-11-01.ndjson#DemaSIN:Sistema:2024-11-01:2024-11-30
2024-11-19,PorcApor,0.97772,fraction,xm:servapibi,2026-09-22T19:25:20Z,xm/2024/11/PorcApor_Sistema.2024-11-01.ndjson#PorcApor:Sistema:2024-11-01:2024-11-30
2024-11-19,PorcVoluUtilDiar,0.6511,fraction,xm:servapibi,2026-09-22T19:25:14Z,xm/2024/11/PorcVoluUtilDiar_Sistema.2024-11-01.ndjson#PorcVoluUtilDiar:Sistema:2024-11-01:2024-11-30
2024-11-19,PrecBolsNaci,688.5933633333334,COP/kWh,xm:servapibi,2026-09-22T19:25:24Z,xm/2024/11/PrecBolsNaci_Sistema.2024-11-01.ndjson#PrecBolsNaci:Sistema:2024-11-01:2024-11-30
2024-11-19,PrecEscaAct,936.05983,COP/kWh,xm:servapibi,2026-09-22T19:25:23Z,xm/2024/11/PrecEscaAct_Sistema.2024-11-01.ndjson#PrecEscaAct:Sistema:2024-11-01:2024-11-30
2024-11-19,VoluUtilDiarEner,11178291600,kWh,xm:servapibi,2026-09-22T19:25:15Z,xm/2024/11/VoluUtilDiarEner_Sistema.2024-11-01.ndjson#VoluUtilDiarEner:Sistema:2024-11-01:2024-11-30
2024-11-20,AporEner,253912000,kWh,xm:servapibi,2026-09-22T19:25:18Z,xm/2024/11/AporEner_Sistema.2024-11-01.ndjson#AporEner:Sistema:2024-11-01:2024-11-30
2024-11-20,AporEnerMediHist,274140000,kWh,xm:servapibi,2026-09-22T19:25:19Z,xm/2024/11/AporEnerMediHist_Sistema.2024-11-01.ndjson#AporEnerMediHist:Sistema:2024-11-01:2024-11-30
2024-11-20,CapaUtilDiarEner,17168413107,kWh,xm:servapibi,2026-09-22T19:25:16Z,xm/2024/11/CapaUtilDiarEner_Sistema.2024-11-01.ndjson#CapaUtilDiarEner:Sistema:2024-11-01:2024-11-30
2024-11-20,DemaSIN,227127780.33,kWh,xm:servapibi,2026-09-22T19:25:21Z,xm/2024/11/DemaSIN_Sistema.2024-11-01.ndjson#DemaSIN:Sistema:2024-11-01:2024-11-30
2024-11-20,PorcApor,0.92621,fraction,xm:servapibi,2026-09-22T19:25:20Z,xm/2024/11/PorcApor_Sistema.2024-11-01.ndjson#PorcApor:Sistema:2024-11-01:2024-11-30
2024-11-20,PorcVoluUtilDiar,0.65206,fraction,xm:servapibi,2026-09-22T19:25:14Z,xm/2024/11/PorcVoluUtilDiar_Sistema.2024-11-01.ndjson#PorcVoluUtilDiar:Sistema:2024-11-01:2024-11-30
2024-11-20,PrecBolsNaci,746.1641716666667,COP/kWh,xm:servapibi,2026-09-22T19:25:24Z,xm/2024/11/PrecBolsNaci_Sistema.2024-11-01.ndjson#PrecBolsNaci:Sistema:2024-11-01:2024-11-30
2024-11-20,PrecEscaAct,936.05983,COP/kWh,xm:servapibi,2026-09-22T19:25:23Z,xm/2024/11/PrecEscaAct_Sistema.2024-11-01.ndjson#PrecEscaAct:Sistema:2024-11-01:2024-11-30
2024-11-20,VoluUtilDiarEner,11194784100,kWh,xm:servapibi,2026-09-22T19:25:15Z,xm/2024/11/VoluUtilDiarEner_Sistema.2024-11-01.ndjson#VoluUtilDiarEner:Sistema:2024-11-01:2024-11-30
2024-11-21,AporEner,317475500,kWh,xm:servapibi,2026-09-22T19:25:18Z,xm/2024/11/AporEner_Sistema.2024-11-01.ndjson#AporEner:Sistema:2024-11-01:2024-11-30
2024-11-21,AporEnerMediHist,274140000,kWh,xm:servapibi,2026-09-22T19:25:19Z,xm/2024/11/AporEnerMediHist_Sistema.2024-11-01.ndjson#AporEnerMediHist:Sistema:2024-11-01:2024-11-30
2024-11-21,CapaUtilDiarEner,17168413107,kWh,xm:servapibi,2026-09-22T19:25:16Z,xm/2024/11/CapaUtilDiarEner_Sistema.2024-11-01.ndjson#CapaUtilDiarEner:Sistema:2024-11-01:2024-11-30
2024-11-21,DemaSIN,227736159.02,kWh,xm:servapibi,2026-09-22T19:25:21Z,xm/2024/11/DemaSIN_Sistema.2024-11-01.ndjson#DemaSIN:Sistema:2024-11-01:2024-11-30
2024-11-21,PorcApor,1.15808,fraction,xm:servapibi,2026-09-22T19:25:20Z,xm/2024/11/PorcApor_Sistema.2024-11-01.ndjson#PorcApor:Sistema:2024-11-01:2024-11-30
2024-11-21,PorcVoluUtilDiar,0.65793,fraction,xm:servapibi,2026-09-22T19:25:14Z,xm/2024/11/PorcVoluUtilDiar_Sistema.2024-11-01.ndjson#PorcVoluUtilDiar:Sistema:2024-11-01:2024-11-30
2024-11-21,PrecBolsNaci,559.9427483333335,COP/kWh,xm:servapibi,2026-09-22T19:25:24Z,xm/2024/11/PrecBolsNaci_Sistema.2024-11-01.ndjson#PrecBolsNaci:Sistema:2024-11-01:2024-11-30
2024-11-21,PrecEscaAct,936.05983,COP/kWh,xm:servapibi,2026-09-22T19:25:23Z,xm/2024/11/PrecEscaAct_Sistema.2024-11-01.ndjson#PrecEscaAct:Sistema:2024-11-01:2024-11-30
2024-11-21,VoluUtilDiarEner,11295575500,kWh,xm:servapibi,2026-09-22T19:25:15Z,xm/2024/11/VoluUtilDiarEner_Sistema.2024-11-01.ndjson#VoluUtilDiarEner:Sistema:2024-11-01:2024-11-30
2024-11-22,AporEner,344604400,kWh,xm:servapibi,2026-09-22T19:25:18Z,xm/2024/11/AporEner_Sistema.2024-11-01.ndjson#AporEner:Sistema:2024-11-01:2024-11-30
2024-11-22,AporEnerMediHist,274140000,kWh,xm:servapibi,2026-09-22T19:25:19Z,xm/2024/11/AporEnerMediHist_Sistema.2024-11-01.ndjson#AporEnerMediHist:Sistema:2024-11-01:2024-11-30
2024-11-22,CapaUtilDiarEner,17168413107,kWh,xm:servapibi,2026-09-22T19:25:16Z,xm/2024/11/CapaUtilDiarEner_Sistema.2024-11-01.ndjson#CapaUtilDiarEner:Sistema:2024-11-01:2024-11-30
2024-11-22,DemaSIN,225024009.92,kWh,xm:servapibi,2026-09-22T19:25:21Z,xm/2024/11/DemaSIN_Sistema.2024-11-01.ndjson#DemaSIN:Sistema:2024-11-01:2024-11-30
2024-11-22,PorcApor,1.25704,fraction,xm:servapibi,2026-09-22T19:25:20Z,xm/2024/11/PorcApor_Sistema.2024-11-01.ndjson#PorcApor:Sistema:2024-11-01:2024-11-30
2024-11-22,PorcVoluUtilDiar,0.66261,fraction,xm:servapibi,2026-09-22T19:25:14Z,xm/2024/11/PorcVoluUtilDiar_Sistema.2024-11-01.ndjson#PorcVoluUtilDiar:Sistema:2024-11-01:2024-11-30
2024-11-22,PrecBolsNaci,676.7310633333333,COP/kWh,xm:servapibi,2026-09-22T19:25:24Z,xm/2024/11/PrecBolsNaci_Sistema.2024-11-01.ndjson#PrecBolsNaci:Sistema:2024-11-01:2024-11-30
2024-11-22,PrecEscaAct,936.05983,COP/kWh,xm:servapibi,2026-09-22T19:25:23Z,xm/2024/11/PrecEscaAct_Sistema.2024-11-01.ndjson#PrecEscaAct:Sistema:2024-11-01:2024-11-30
2024-11-22,VoluUtilDiarEner,11375990100,kWh,xm:servapibi,2026-09-22T19:25:15Z,xm/2024/11/VoluUtilDiarEner_Sistema.2024-11-01.ndjson#VoluUtilDiarEner:Sistema:2024-11-01:2024-11-30
2024-11-23,AporEner,320869300,kWh,xm:servapibi,2026-09-22T19:25:18Z,xm/2024/11/AporEner_Sistema.2024-11-01.ndjson#AporEner:Sistema:2024-11-01:2024-11-30
2024-11-23,AporEnerMediHist,274140000,kWh,xm:servapibi,2026-09-22T19:25:19Z,xm/2024/11/AporEnerMediHist_Sistema.2024-11-01.ndjson#AporEnerMediHist:Sistema:2024-11-01:2024-11-30
2024-11-23,CapaUtilDiarEner,17168413107,kWh,xm:servapibi,2026-09-22T19:25:16Z,xm/2024/11/CapaUtilDiarEner_Sistema.2024-11-01.ndjson#CapaUtilDiarEner:Sistema:2024-11-01:2024-11-30
2024-11-23,DemaSIN,215401280.21,kWh,xm:servapibi,2026-09-22T19:25:21Z,xm/2024/11/DemaSIN_Sistema.2024-11-01.ndjson#DemaSIN:Sistema:2024-11-01:2024-11-30
2024-11-23,PorcApor,1.17046,fraction,xm:servapibi,2026-09-22T19:25:20Z,xm/2024/11/PorcApor_Sistema.2024-11-01.ndjson#PorcApor:Sistema:2024-11-01:2024-11-30
2024-11-23,PorcVoluUtilDiar,0.66664,fraction,xm:servapibi,2026-09-22T19:25:14Z,xm/2024/11/PorcVoluUtilDiar_Sistema.2024-11-01.ndjson#PorcVoluUtilDiar:Sistema:2024-11-01:2024-11-30
2024-11-23,PrecBolsNaci,558.4306083333335,COP/kWh,xm:servapibi,2026-09-22T19:25:24Z,xm/2024/11/PrecBolsNaci_Sistema.2024-11-01.ndjson#PrecBolsNaci:Sistema:2024-11-01:2024-11-30
2024-11-23,PrecEscaAct,936.05983,COP/kWh,xm:servapibi,2026-09-22T19:25:23Z,xm/2024/11/PrecEscaAct_Sistema.2024-11-01.ndjson#PrecEscaAct:Sistema:2024-11-01:2024-11-30
2024-11-23,VoluUtilDiarEner,11445066400,kWh,xm:servapibi,2026-09-22T19:25:15Z,xm/2024/11/VoluUtilDiarEner_Sistema.2024-11-01.ndjson#VoluUtilDiarEner:Sistema:2024-11-01:2024-11-30
2024-11-24,AporEner,299106000,kWh,xm:servapibi,2026-09-22T19:25:18Z,xm/2024/11/AporEner_Sistema.2024-11-01.ndjson#AporEner:Sistema:2024-11-01:2024-11-30
2024-11-24,AporEnerMediHist,274140000,kWh,xm:servapibi,2026-09-22T19:25:19Z,xm/2024/11/AporEnerMediHist_Sistema.2024-11-01.ndjson#AporEnerMediHist:Sistema:2024-11-01:2024-11-30
2024-11-24,CapaUtilDiarEner,17168413107,kWh,xm:servapibi,2026-09-22T19:25:16Z,xm/2024/11/CapaUtilDiarEner_Sistema.2024-11-01.ndjson#CapaUtilDiarEner:Sistema:2024-11-01:2024-11-30
2024-11-24,DemaSIN,201155384.76,kWh,xm:servapibi,2026-09-22T19:25:21Z,xm/2024/11/DemaSIN_Sistema.2024-11-01.ndjson#DemaSIN:Sistema:2024-11-01:2024-11-30
2024-11-24,PorcApor,1.09107,fraction,xm:servapibi,2026-09-22T19:25:20Z,xm/2024/11/PorcApor_Sistema.2024-11-01.ndjson#PorcApor:Sistema:2024-11-01:2024-11-30
2024-11-24,PorcVoluUtilDiar,0.66895,fraction,xm:servapibi,2026-09-22T19:25:14Z,xm/2024/11/PorcVoluUtilDiar_Sistema.2024-11-01.ndjson#PorcVoluUtilDiar:Sistema:2024-11-01:2024-11-30
2024-11-24,PrecBolsNaci,226.27025833333337,COP/kWh,xm:servapibi,2026-09-22T19:25:24Z,xm/2024/11/PrecBolsNaci_Sistema.2024-11-01.ndjson#PrecBolsNaci:Sistema:2024-11-01:2024-11-30
2024-11-24,PrecEscaAct,936.05983,COP/kWh,xm:servapibi,2026-09-22T19:25:23Z,xm/2024/11/PrecEscaAct_Sistema.2024-11-01.ndjson#PrecEscaAct:Sistema:2024-11-01:2024-11-30
2024-11-24,VoluUtilDiarEner,11484852200,kWh,xm:servapibi,2026-09-22T19:25:15Z,xm/2024/11/VoluUtilDiarEner_Sistema.2024-11-01.ndjson#VoluUtilDiarEner:Sistema:2024-11-01:2024-11-30
2024-11-25,AporEner,225671500,kWh,xm:servapibi,2026-09-22T19:25:18Z,xm/2024/11/AporEner_Sistema.2024-11-01.ndjson#AporEner:Sistema:2024-11-01:2024-11-30
2024-11-25,AporEnerMediHist,274140000,kWh,xm:servapibi,2026-09-22T19:25:19Z,xm/2024/11/AporEnerMediHist_Sistema.2024-11-01.ndjson#AporEnerMediHist:Sistema:2024-11-01:2024-11-30
2024-11-25,CapaUtilDiarEner,17168413107,kWh,xm:servapibi,2026-09-22T19:25:16Z,xm/2024/11/CapaUtilDiarEner_Sistema.2024-11-01.ndjson#CapaUtilDiarEner:Sistema:2024-11-01:2024-11-30
2024-11-25,DemaSIN,230029093.84,kWh,xm:servapibi,2026-09-22T19:25:21Z,xm/2024/11/DemaSIN_Sistema.2024-11-01.ndjson#DemaSIN:Sistema:2024-11-01:2024-11-30
2024-11-25,PorcApor,0.8232,fraction,xm:servapibi,2026-09-22T19:25:20Z,xm/2024/11/PorcApor_Sistema.2024-11-01.ndjson#PorcApor:Sistema:2024-11-01:2024-11-30
2024-11-25,PorcVoluUtilDiar,0.66781,fraction,xm:servapibi,2026-09-22T19:25:14Z,xm/2024/11/PorcVoluUtilDiar_Sistema.2024-11-01.ndjson#PorcVoluUtilDiar:Sistema:2024-11-01:2024-11-30
2024-11-25,PrecBolsNaci,442.5826983333334,COP/kWh,xm:servapibi,2026-09-22T19:25:24Z,xm/2024/11/PrecBolsNaci_Sistema.2024-11-01.ndjson#PrecBolsNaci:Sistema:2024-11-01:2024-11-30
2024-11-25,PrecEscaAct,936.05983,COP/kWh,xm:servapibi,2026-09-22T19:25:23Z,xm/2024/11/PrecEscaAct_Sistema.2024-11-01.ndjson#PrecEscaAct:Sistema:2024-11-01:2024-11-30
2024-11-25,VoluUtilDiarEner,11465293800,kWh,xm:servapibi,2026-09-22T19:25:15Z,xm/2024/11/VoluUtilDiarEner_Sistema.2024-11-01.ndjson#VoluUtilDiarEner:Sistema:2024-11-01:2024-11-30
2024-11-26,AporEner,220343900,kWh,xm:servapibi,2026-09-22T19:25:18Z,xm/2024/11/AporEner_Sistema.2024-11-01.ndjson#AporEner:Sistema:2024-11-01:2024-11-30
2024-11-26,AporEnerMediHist,274140000,kWh,xm:servapibi,2026-09-22T19:25:19Z,xm/2024/11/AporEnerMediHist_Sistema.2024-11-01.ndjson#AporEnerMediHist:Sistema:2024-11-01:2024-11-30
2024-11-26,CapaUtilDiarEner,17168413107,kWh,xm:servapibi,2026-09-22T19:25:16Z,xm/2024/11/CapaUtilDiarEner_Sistema.2024-11-01.ndjson#CapaUtilDiarEner:Sistema:2024-11-01:2024-11-30
2024-11-26,DemaSIN,233313137.61,kWh,xm:servapibi,2026-09-22T19:25:21Z,xm/2024/11/DemaSIN_Sistema.2024-11-01.ndjson#DemaSIN:Sistema:2024-11-01:2024-11-30
2024-11-26,PorcApor,0.80376,fraction,xm:servapibi,2026-09-22T19:25:20Z,xm/2024/11/PorcApor_Sistema.2024-11-01.ndjson#PorcApor:Sistema:2024-11-01:2024-11-30
2024-11-26,PorcVoluUtilDiar,0.66767,fraction,xm:servapibi,2026-09-22T19:25:14Z,xm/2024/11/PorcVoluUtilDiar_Sistema.2024-11-01.ndjson#PorcVoluUtilDiar:Sistema:2024-11-01:2024-11-30
2024-11-26,PrecBolsNaci,497.0726966666667,COP/kWh,xm:servapibi,2026-09-22T19:25:24Z,xm/2024/11/PrecBolsNaci_Sistema.2024-11-01.ndjson#PrecBolsNaci:Sistema:2024-11-01:2024-11-30
2024-11-26,PrecEscaAct,936.05983,COP/kWh,xm:servapibi,2026-09-22T19:25:23Z,xm/2024/11/PrecEscaAct_Sistema.2024-11-01.ndjson#PrecEscaAct:Sistema:2024-11-01:2024-11-30
2024-11-26,VoluUtilDiarEner,11462812500,kWh,xm:servapibi,2026-09-22T19:25:15Z,xm/2024/11/VoluUtilDiarEner_Sistema.2024-11-01.ndjson#VoluUtilDiarEner:Sistema:2024-11-01:2024-11-30
2024-11-27,AporEner,232804600,kWh,xm:servapibi,2026-09-22T19:25:18Z,xm/2024/11/AporEner_Sistema.2024-11-01.ndjson#AporEner:Sistema:2024-11-01:2024-11-30
2024-11-27,AporEnerMediHist,274140000,kWh,xm:servapibi,2026-09-22T19:25:19Z,xm/2024/11/AporEnerMediHist_Sistema.2024-11-01.ndjson#AporEnerMediHist:Sistema:2024-11-01:2024-11-30
2024-11-27,CapaUtilDiarEner,17168413107,kWh,xm:servapibi,2026-09-22T19:25:16Z,xm/2024/11/CapaUtilDiarEner_Sistema.2024-11-01.ndjson#CapaUtilDiarEner:Sistema:2024-11-01:2024-11-30
2024-11-27,DemaSIN,231233668.08,kWh,xm:servapibi,2026-09-22T19:25:21Z,xm/2024/11/DemaSIN_Sistema.2024-11-01.ndjson#DemaSIN:Sistema:2024-11-01:2024-11-30
2024-11-27,PorcApor,0.84922,fraction,xm:servapibi,2026-09-22T19:25:20Z,xm/2024/11/PorcApor_Sistema.2024-11-01.ndjson#PorcApor:Sistema:2024-11-01:2024-11-30
2024-11-27,PorcVoluUtilDiar,0.66953,fraction,xm:servapibi,2026-09-22T19:25:14Z,xm/2024/11/PorcVoluUtilDiar_Sistema.2024-11-01.ndjson#PorcVoluUtilDiar:Sistema:2024-11-01:2024-11-30
2024-11-27,PrecBolsNaci,762.8932366666669,COP/kWh,xm:servapibi,2026-09-22T19:25:24Z,xm/2024/11/PrecBolsNaci_Sistema.2024-11-01.ndjson#PrecBolsNaci:Sistema:2024-11-01:2024-11-30
2024-11-27,PrecEscaAct,936.05983,COP/kWh,xm:servapibi,2026-09-22T19:25:23Z,xm/2024/11/PrecEscaAct_Sistema.2024-11-01.ndjson#PrecEscaAct:Sistema:2024-11-01:2024-11-30
2024-11-27,VoluUtilDiarEner,11494745400,kWh,xm:servapibi,2026-09-22T19:25:15Z,xm/2024/11/VoluUtilDiarEner_Sistema.2024-11-01.ndjson#VoluUtilDiarEner:Sistema:2024-11-01:2024-11-30
2024-11-28,AporEner,207581400,kWh,xm:servapibi,2026-09-22T19:25:18Z,xm/2024/11/AporEner_Sistema.2024-11-01.ndjson#AporEner:Sistema:2024-11-01:2024-11-30
2024-11-28,AporEnerMediHist,274140000,kWh,xm:servapibi,2026-09-22T19:25:19Z,xm/2024/11/AporEnerMediHist_Sistema.2024-11-01.ndjson#AporEnerMediHist:Sistema:2024-11-01:2024-11-30
2024-11-28,CapaUtilDiarEner,17168413107,kWh,xm:servapibi,2026-09-22T19:25:16Z,xm/2024/11/CapaUtilDiarEner_Sistema.2024-11-01.ndjson#CapaUtilDiarEner:Sistema:2024-11-01:2024-11-30
2024-11-28,DemaSIN,232057895.43,kWh,xm:servapibi,2026-09-22T19:25:21Z,xm/2024/11/DemaSIN_Sistema.2024-11-01.ndjson#DemaSIN:Sistema:2024-11-01:2024-11-30
2024-11-28,PorcApor,0.75721,fraction,xm:servapibi,2026-09-22T19:25:20Z,xm/2024/11/PorcApor_Sistema.2024-11-01.ndjson#PorcApor:Sistema:2024-11-01:2024-11-30
2024-11-28,PorcVoluUtilDiar,0.67145,fraction,xm:servapibi,2026-09-22T19:25:14Z,xm/2024/11/PorcVoluUtilDiar_Sistema.2024-11-01.ndjson#PorcVoluUtilDiar:Sistema:2024-11-01:2024-11-30
2024-11-28,PrecBolsNaci,796.7966383333332,COP/kWh,xm:servapibi,2026-09-22T19:25:24Z,xm/2024/11/PrecBolsNaci_Sistema.2024-11-01.ndjson#PrecBolsNaci:Sistema:2024-11-01:2024-11-30
2024-11-28,PrecEscaAct,936.05983,COP/kWh,xm:servapibi,2026-09-22T19:25:23Z,xm/2024/11/PrecEscaAct_Sistema.2024-11-01.ndjson#PrecEscaAct:Sistema:2024-11-01:2024-11-30
2024-11-28,VoluUtilDiarEner,11527749200,kWh,xm:servapibi,2026-09-22T19:25:15Z,xm/2024/11/VoluUtilDiarEner_Sistema.2024-11-01.ndjson#VoluUtilDiarEner:Sistema:2024-11-01:2024-11-30
2024-11-29,AporEner,190909500,kWh,xm:servapibi,2026-09-22T19:25:18Z,xm/2024/11/AporEner_Sistema.2024-11-01.ndjson#AporEner:Sistema:2024-11-01:2024-11-30
2024-11-29,AporEnerMediHist,274140000,kWh,xm:servapibi,2026-09-22T19:25:19Z,xm/2024/11/AporEnerMediHist_Sistema.2024-11-01.ndjson#AporEnerMediHist:Sistema:2024-11-01:2024-11-30
2024-11-29,CapaUtilDiarEner,17168413107,kWh,xm:servapibi,2026-09-22T19:25:16Z,xm/2024/11/CapaUtilDiarEner_Sistema.2024-11-01.ndjson#CapaUtilDiarEner:Sistema:2024-11-01:2024-11-30
2024-11-29,DemaSIN,234173195.42,kWh,xm:servapibi,2026-09-22T19:25:21Z,xm/2024/11/DemaSIN_Sistema.2024-11-01.ndjson#DemaSIN:Sistema:2024-11-01:2024-11-30
2024-11-29,PorcApor,0.69639,fraction,xm:servapibi,2026-09-22T19:25:20Z,xm/2024/11/PorcApor_Sistema.2024-11-01.ndjson#PorcApor:Sistema:2024-11-01:2024-11-30
2024-11-29,PorcVoluUtilDiar,0.67145,fraction,xm:servapibi,2026-09-22T19:25:14Z,xm/2024/11/PorcVoluUtilDiar_Sistema.2024-11-01.ndjson#PorcVoluUtilDiar:Sistema:2024-11-01:2024-11-30
2024-11-29,PrecBolsNaci,594.9729399999999,COP/kWh,xm:servapibi,2026-09-22T19:25:24Z,xm/2024/11/PrecBolsNaci_Sistema.2024-11-01.ndjson#PrecBolsNaci:Sistema:2024-11-01:2024-11-30
2024-11-29,PrecEscaAct,936.05983,COP/kWh,xm:servapibi,2026-09-22T19:25:23Z,xm/2024/11/PrecEscaAct_Sistema.2024-11-01.ndjson#PrecEscaAct:Sistema:2024-11-01:2024-11-30
2024-11-29,VoluUtilDiarEner,11527779700,kWh,xm:servapibi,2026-09-22T19:25:15Z,xm/2024/11/VoluUtilDiarEner_Sistema.2024-11-01.ndjson#VoluUtilDiarEner:Sistema:2024-11-01:2024-11-30
2024-11-30,AporEner,161292300,kWh,xm:servapibi,2026-09-22T19:25:18Z,xm/2024/11/AporEner_Sistema.2024-11-01.ndjson#AporEner:Sistema:2024-11-01:2024-11-30
2024-11-30,AporEnerMediHist,274140000,kWh,xm:servapibi,2026-09-22T19:25:19Z,xm/2024/11/AporEnerMediHist_Sistema.2024-11-01.ndjson#AporEnerMediHist:Sistema:2024-11-01:2024-11-30
2024-11-30,CapaUtilDiarEner,17168413107,kWh,xm:servapibi,2026-09-22T19:25:16Z,xm/2024/11/CapaUtilDiarEner_Sistema.2024-11-01.ndjson#CapaUtilDiarEner:Sistema:2024-11-01:2024-11-30
2024-11-30,DemaSIN,224010442.8,kWh,xm:servapibi,2026-09-22T19:25:21Z,xm/2024/11/DemaSIN_Sistema.2024-11-01.ndjson#DemaSIN:Sistema:2024-11-01:2024-11-30
2024-11-30,PorcApor,0.58836,fraction,xm:servapibi,2026-09-22T19:25:20Z,xm/2024/11/PorcApor_Sistema.2024-11-01.ndjson#PorcApor:Sistema:2024-11-01:2024-11-30
2024-11-30,PorcVoluUtilDiar,0.67024,fraction,xm:servapibi,2026-09-22T19:25:14Z,xm/2024/11/PorcVoluUtilDiar_Sistema.2024-11-01.ndjson#PorcVoluUtilDiar:Sistema:2024-11-01:2024-11-30
2024-11-30,PrecBolsNaci,434.0114366666666,COP/kWh,xm:servapibi,2026-09-22T19:25:24Z,xm/2024/11/PrecBolsNaci_Sistema.2024-11-01.ndjson#PrecBolsNaci:Sistema:2024-11-01:2024-11-30
2024-11-30,PrecEscaAct,936.05983,COP/kWh,xm:servapibi,2026-09-22T19:25:23Z,xm/2024/11/PrecEscaAct_Sistema.2024-11-01.ndjson#PrecEscaAct:Sistema:2024-11-01:2024-11-30
2024-11-30,VoluUtilDiarEner,11506887400,kWh,xm:servapibi,2026-09-22T19:25:15Z,xm/2024/11/VoluUtilDiarEner_Sistema.2024-11-01.ndjson#VoluUtilDiarEner:Sistema:2024-11-01:2024-11-30
2024-12-01,AporEner,148655900,kWh,xm:servapibi,2026-09-22T19:25:32Z,xm/2024/12/AporEner_Sistema.2024-12-01.ndjson#AporEner:Sistema:2024-12-01:2024-12-31
2024-12-01,AporEnerMediHist,200930000,kWh,xm:servapibi,2026-09-22T19:25:33Z,xm/2024/12/AporEnerMediHist_Sistema.2024-12-01.ndjson#AporEnerMediHist:Sistema:2024-12-01:2024-12-31
2024-12-01,CapaUtilDiarEner,17168413107,kWh,xm:servapibi,2026-09-22T19:25:31Z,xm/2024/12/CapaUtilDiarEner_Sistema.2024-12-01.ndjson#CapaUtilDiarEner:Sistema:2024-12-01:2024-12-31
2024-12-01,DemaSIN,208411003.76,kWh,xm:servapibi,2026-09-22T19:25:36Z,xm/2024/12/DemaSIN_Sistema.2024-12-01.ndjson#DemaSIN:Sistema:2024-12-01:2024-12-31
2024-12-01,PorcApor,0.73984,fraction,xm:servapibi,2026-09-22T19:25:35Z,xm/2024/12/PorcApor_Sistema.2024-12-01.ndjson#PorcApor:Sistema:2024-12-01:2024-12-31
2024-12-01,PorcVoluUtilDiar,0.66931,fraction,xm:servapibi,2026-09-22T19:25:28Z,xm/2024/12/PorcVoluUtilDiar_Sistema.2024-12-01.ndjson#PorcVoluUtilDiar:Sistema:2024-12-01:2024-12-31
2024-12-01,PrecBolsNaci,544.5907150000002,COP/kWh,xm:servapibi,2026-09-22T19:25:39Z,xm/2024/12/PrecBolsNaci_Sistema.2024-12-01.ndjson#PrecBolsNaci:Sistema:2024-12-01:2024-12-31
2024-12-01,PrecEscaAct,948.84506,COP/kWh,xm:servapibi,2026-09-22T19:25:37Z,xm/2024/12/PrecEscaAct_Sistema.2024-12-01.ndjson#PrecEscaAct:Sistema:2024-12-01:2024-12-31
2024-12-01,VoluUtilDiarEner,11490990500,kWh,xm:servapibi,2026-09-22T19:25:30Z,xm/2024/12/VoluUtilDiarEner_Sistema.2024-12-01.ndjson#VoluUtilDiarEner:Sistema:2024-12-01:2024-12-31
2024-12-02,AporEner,152283700,kWh,xm:servapibi,2026-09-22T19:25:32Z,xm/2024/12/AporEner_Sistema.2024-12-01.ndjson#AporEner:Sistema:2024-12-01:2024-12-31
2024-12-02,AporEnerMediHist,200930000,kWh,xm:servapibi,2026-09-22T19:25:33Z,xm/2024/12/AporEnerMediHist_Sistema.2024-12-01.ndjson#AporEnerMediHist:Sistema:2024-12-01:2024-12-31
2024-12-02,CapaUtilDiarEner,17168413107,kWh,xm:servapibi,2026-09-22T19:25:31Z,xm/2024/12/CapaUtilDiarEner_Sistema.2024-12-01.ndjson#CapaUtilDiarEner:Sistema:2024-12-01:2024-12-31
2024-12-02,DemaSIN,232220490.8,kWh,xm:servapibi,2026-09-22T19:25:36Z,xm/2024/12/DemaSIN_Sistema.2024-12-01.ndjson#DemaSIN:Sistema:2024-12-01:2024-12-31
2024-12-02,PorcApor,0.75789,fraction,xm:servapibi,2026-09-22T19:25:35Z,xm/2024/12/PorcApor_Sistema.2024-12-01.ndjson#PorcApor:Sistema:2024-12-01:2024-12-31
2024-12-02,PorcVoluUtilDiar,0.66869,fraction,xm:servapibi,2026-09-22T19:25:28Z,xm/2024/12/PorcVoluUtilDiar_Sistema.2024-12-01.ndjson#PorcVoluUtilDiar:Sistema:2024-12-01:2024-12-31
2024-12-02,PrecBolsNaci,657.783136666667,COP/kWh,xm:servapibi,2026-09-22T19:25:39Z,xm/2024/12/PrecBolsNaci_Sistema.2024-12-01.ndjson#PrecBolsNaci:Sistema:2024-12-01:2024-12-31
2024-12-02,PrecEscaAct,948.84506,COP/kWh,xm:servapibi,2026-09-22T19:25:37Z,xm/2024/12/PrecEscaAct_Sistema.2024-12-01.ndjson#PrecEscaAct:Sistema:2024-12-01:2024-12-31
2024-12-02,VoluUtilDiarEner,11480331200,kWh,xm:servapibi,2026-09-22T19:25:30Z,xm/2024/12/VoluUtilDiarEner_Sistema.2024-12-01.ndjson#VoluUtilDiarEner:Sistema:2024-12-01:2024-12-31
2024-12-03,AporEner,149645800,kWh,xm:servapibi,2026-09-22T19:25:32Z,xm/2024/12/AporEner_Sistema.2024-12-01.ndjson#AporEner:Sistema:2024-12-01:2024-12-31
2024-12-03,AporEnerMediHist,200930000,kWh,xm:servapibi,2026-09-22T19:25:33Z,xm/2024/12/AporEnerMediHist_Sistema.2024-12-01.ndjson#AporEnerMediHist:Sistema:2024-12-01:2024-12-31
2024-12-03,CapaUtilDiarEner,17168413107,kWh,xm:servapibi,2026-09-22T19:25:31Z,xm/2024/12/CapaUtilDiarEner_Sistema.2024-12-01.ndjson#CapaUtilDiarEner:Sistema:2024-12-01:2024-12-31
2024-12-03,DemaSIN,235459692.63,kWh,xm:servapibi,2026-09-22T19:25:36Z,xm/2024/12/DemaSIN_Sistema.2024-12-01.ndjson#DemaSIN:Sistema:2024-12-01:2024-12-31
2024-12-03,PorcApor,0.74477,fraction,xm:servapibi,2026-09-22T19:25:35Z,xm/2024/12/PorcApor_Sistema.2024-12-01.ndjson#PorcApor:Sistema:2024-12-01:2024-12-31
2024-12-03,PorcVoluUtilDiar,0.66735,fraction,xm:servapibi,2026-09-22T19:25:28Z,xm/2024/12/PorcVoluUtilDiar_Sistema.2024-12-01.ndjson#PorcVoluUtilDiar:Sistema:2024-12-01:2024-12-31
2024-12-03,PrecBolsNaci,732.136083333333,COP/kWh,xm:servapibi,2026-09-22T19:25:39Z,xm/2024/12/PrecBolsNaci_Sistema.2024-12-01.ndjson#PrecBolsNaci:Sistema:2024-12-01:2024-12-31
2024-12-03,PrecEscaAct,948.84506,COP/kWh,xm:servapibi,2026-09-22T19:25:37Z,xm/2024/12/PrecEscaAct_Sistema.2024-12-01.ndjson#PrecEscaAct:Sistema:2024-12-01:2024-12-31
2024-12-03,VoluUtilDiarEner,11457288100,kWh,xm:servapibi,2026-09-22T19:25:30Z,xm/2024/12/VoluUtilDiarEner_Sistema.2024-12-01.ndjson#VoluUtilDiarEner:Sistema:2024-12-01:2024-12-31
2024-12-04,AporEner,137022900,kWh,xm:servapibi,2026-09-22T19:25:32Z,xm/2024/12/AporEner_Sistema.2024-12-01.ndjson#AporEner:Sistema:2024-12-01:2024-12-31
2024-12-04,AporEnerMediHist,200930000,kWh,xm:servapibi,2026-09-22T19:25:33Z,xm/2024/12/AporEnerMediHist_Sistema.2024-12-01.ndjson#AporEnerMediHist:Sistema:2024-12-01:2024-12-31
2024-12-04,CapaUtilDiarEner,17168413107,kWh,xm:servapibi,2026-09-22T19:25:31Z,xm/2024/12/CapaUtilDiarEner_Sistema.2024-12-01.ndjson#CapaUtilDiarEner:Sistema:2024-12-01:2024-12-31
2024-12-04,DemaSIN,237336094.94,kWh,xm:servapibi,2026-09-22T19:25:36Z,xm/2024/12/DemaSIN_Sistema.2024-12-01.ndjson#DemaSIN:Sistema:2024-12-01:2024-12-31
2024-12-04,PorcApor,0.68194,fraction,xm:servapibi,2026-09-22T19:25:35Z,xm/2024/12/PorcApor_Sistema.2024-12-01.ndjson#PorcApor:Sistema:2024-12-01:2024-12-31
2024-12-04,PorcVoluUtilDiar,0.6655,fraction,xm:servapibi,2026-09-22T19:25:28Z,xm/2024/12/PorcVoluUtilDiar_Sistema.2024-12-01.ndjson#PorcVoluUtilDiar:Sistema:2024-12-01:2024-12-31
2024-12-04,PrecBolsNaci,780.1876766666663,COP/kWh,xm:servapibi,2026-09-22T19:25:39Z,xm/2024/12/PrecBolsNaci_Sistema.2024-12-01.ndjson#PrecBolsNaci:Sistema:2024-12-01:2024-12-31
2024-12-04,PrecEscaAct,948.84506,COP/kWh,xm:servapibi,2026-09-22T19:25:37Z,xm/2024/12/PrecEscaAct_Sistema.2024-12-01.ndjson#PrecEscaAct:Sistema:2024-12-01:2024-12-31
2024-12-04,VoluUtilDiarEner,11425510500,kWh,xm:servapibi,2026-09-22T19:25:30Z,xm/2024/12/VoluUtilDiarEner_Sistema.2024-12-01.ndjson#VoluUtilDiarEner:Sistema:2024-12-01:2024-12-31
2024-12-05,AporEner,137700400,kWh,xm:servapibi,2026-09-22T19:25:32Z,xm/2024/12/AporEner_Sistema.2024-12-01.ndjson#AporEner:Sistema:2024-12-01:2024-12-31
2024-12-05,AporEnerMediHist,200930000,kWh,xm:servapibi,2026-09-22T19:25:33Z,xm/2024/12/AporEnerMediHist_Sistema.2024-12-01.ndjson#AporEnerMediHist:Sistema:2024-12-01:2024-12-31
2024-12-05,CapaUtilDiarEner,17168413107,kWh,xm:servapibi,2026-09-22T19:25:31Z,xm/2024/12/CapaUtilDiarEner_Sistema.2024-12-01.ndjson#CapaUtilDiarEner:Sistema:2024-12-01:2024-12-31
2024-12-05,DemaSIN,238116055.85,kWh,xm:servapibi,2026-09-22T19:25:36Z,xm/2024/12/DemaSIN_Sistema.2024-12-01.ndjson#DemaSIN:Sistema:2024-12-01:2024-12-31
2024-12-05,PorcApor,0.68532,fraction,xm:servapibi,2026-09-22T19:25:35Z,xm/2024/12/PorcApor_Sistema.2024-12-01.ndjson#PorcApor:Sistema:2024-12-01:2024-12-31
2024-12-05,PorcVoluUtilDiar,0.66443,fraction,xm:servapibi,2026-09-22T19:25:28Z,xm/2024/12/PorcVoluUtilDiar_Sistema.2024-12-01.ndjson#PorcVoluUtilDiar:Sistema:2024-12-01:2024-12-31
2024-12-05,PrecBolsNaci,794.6139549999998,COP/kWh,xm:servapibi,2026-09-22T19:25:39Z,xm/2024/12/PrecBolsNaci_Sistema.2024-12-01.ndjson#PrecBolsNaci:Sistema:2024-12-01:2024-12-31
2024-12-05,PrecEscaAct,948.84506,COP/kWh,xm:servapibi,2026-09-22T19:25:37Z,xm/2024/12/PrecEscaAct_Sistema.2024-12-01.ndjson#PrecEscaAct:Sistema:2024-12-01:2024-12-31
2024-12-05,VoluUtilDiarEner,11407192900,kWh,xm:servapibi,2026-09-22T19:25:30Z,xm/2024/12/VoluUtilDiarEner_Sistema.2024-12-01.ndjson#VoluUtilDiarEner:Sistema:2024-12-01:2024-12-31
2024-12-06,AporEner,141209700,kWh,xm:servapibi,2026-09-22T19:25:32Z,xm/2024/12/AporEner_Sistema.2024-12-01.ndjson#AporEner:Sistema:2024-12-01:2024-12-31
2024-12-06,AporEnerMediHist,200930000,kWh,xm:servapibi,2026-09-22T19:25:33Z,xm/2024/12/AporEnerMediHist_Sistema.2024-12-01.ndjson#AporEnerMediHist:Sistema:2024-12-01:2024-12-31
2024-12-06,CapaUtilDiarEner,17168413107,kWh,xm:servapibi,2026-09-22T19:25:31Z,xm/2024/12/CapaUtilDiarEner_Sistema.2024-12-01.ndjson#CapaUtilDiarEner:Sistema:2024-12-01:2024-12-31
2024-12-06,DemaSIN,235810877.01,kWh,xm:servapibi,2026-09-22T19:25:36Z,xm/2024/12/DemaSIN_Sistema.2024-12-01.ndjson#DemaSIN:Sistema:2024-12-01:2024-12-31
2024-12-06,PorcApor,0.70278,fraction,xm:servapibi,2026-09-22T19:25:35Z,xm/2024/12/PorcApor_Sistema.2024-12-01.ndjson#PorcApor:Sistema:2024-12-01:2024-12-31
2024-12-06,PorcVoluUtilDiar,0.66303,fraction,xm:servapibi,2026-09-22T19:25:28Z,xm/2024/12/PorcVoluUtilDiar_Sistema.2024-12-01.ndjson#PorcVoluUtilDiar:Sistema:2024-12-01:2024-12-31
2024-12-06,PrecBolsNaci,783.94515,COP/kWh,xm:servapibi,2026-09-22T19:25:39Z,xm/2024/12/PrecBolsNaci_Sistema.2024-12-01.ndjson#PrecBolsNaci:Sistema:2024-12-01:2024-12-31
2024-12-06,PrecEscaAct,948.84506,COP/kWh,xm:servapibi,2026-09-22T19:25:37Z,xm/2024/12/PrecEscaAct_Sistema.2024-12-01.ndjson#PrecEscaAct:Sistema:2024-12-01:2024-12-31
2024-12-06,VoluUtilDiarEner,11383180900,kWh,xm:servapibi,2026-09-22T19:25:30Z,xm/2024/12/VoluUtilDiarEner_Sistema.2024-12-01.ndjson#VoluUtilDiarEner:Sistema:2024-12-01:2024-12-31
2024-12-07,AporEner,139769100,kWh,xm:servapibi,2026-09-22T19:25:32Z,xm/2024/12/AporEner_Sistema.2024-12-01.ndjson#AporEner:Sistema:2024-12-01:2024-12-31
2024-12-07,AporEnerMediHist,200930000,kWh,xm:servapibi,2026-09-22T19:25:33Z,xm/2024/12/AporEnerMediHist_Sistema.2024-12-01.ndjson#AporEnerMediHist:Sistema:2024-12-01:2024-12-31
2024-12-07,CapaUtilDiarEner,17168413107,kWh,xm:servapibi,2026-09-22T19:25:31Z,xm/2024/12/CapaUtilDiarEner_Sistema.2024-12-01.ndjson#CapaUtilDiarEner:Sistema:2024-12-01:2024-12-31
2024-12-07,DemaSIN,220590822.23,kWh,xm:servapibi,2026-09-22T19:25:36Z,xm/2024/12/DemaSIN_Sistema.2024-12-01.ndjson#DemaSIN:Sistema:2024-12-01:2024-12-31
2024-12-07,PorcApor,0.69561,fraction,xm:servapibi,2026-09-22T19:25:35Z,xm/2024/12/PorcApor_Sistema.2024-12-01.ndjson#PorcApor:Sistema:2024-12-01:2024-12-31
2024-12-07,PorcVoluUtilDiar,0.66192,fraction,xm:servapibi,2026-09-22T19:25:28Z,xm/2024/12/PorcVoluUtilDiar_Sistema.2024-12-01.ndjson#PorcVoluUtilDiar:Sistema:2024-12-01:2024-12-31
2024-12-07,PrecBolsNaci,808.0180933333335,COP/kWh,xm:servapibi,2026-09-22T19:25:39Z,xm/2024/12/PrecBolsNaci_Sistema.2024-12-01.ndjson#PrecBolsNaci:Sistema:2024-12-01:2024-12-31
2024-12-07,PrecEscaAct,948.84506,COP/kWh,xm:servapibi,2026-09-22T19:25:37Z,xm/2024/12/PrecEscaAct_Sistema.2024-12-01.ndjson#PrecEscaAct:Sistema:2024-12-01:2024-12-31
2024-12-07,VoluUtilDiarEner,11364196000,kWh,xm:servapibi,2026-09-22T19:25:30Z,xm/2024/12/VoluUtilDiarEner_Sistema.2024-12-01.ndjson#VoluUtilDiarEner:Sistema:2024-12-01:2024-12-31
2024-12-08,AporEner,131715900,kWh,xm:servapibi,2026-09-22T19:25:32Z,xm/2024/12/AporEner_Sistema.2024-12-01.ndjson#AporEner:Sistema:2024-12-01:2024-12-31
2024-12-08,AporEnerMediHist,200930000,kWh,xm:servapibi,2026-09-22T19:25:33Z,xm/2024/12/AporEnerMediHist_Sistema.2024-12-01.ndjson#AporEnerMediHist:Sistema:2024-12-01:2024-12-31
2024-12-08,CapaUtilDiarEner,17168413107,kWh,xm:servapibi,2026-09-22T19:25:31Z,xm/2024/12/CapaUtilDiarEner_Sistema.2024-12-01.ndjson#CapaUtilDiarEner:Sistema:2024-12-01:2024-12-31
2024-12-08,DemaSIN,202954408.49,kWh,xm:servapibi,2026-09-22T19:25:36Z,xm/2024/12/DemaSIN_Sistema.2024-12-01.ndjson#DemaSIN:Sistema:2024-12-01:2024-12-31
2024-12-08,PorcApor,0.65553,fraction,xm:servapibi,2026-09-22T19:25:35Z,xm/2024/12/PorcApor_Sistema.2024-12-01.ndjson#PorcApor:Sistema:2024-12-01:2024-12-31
2024-12-08,PorcVoluUtilDiar,0.66139,fraction,xm:servapibi,2026-09-22T19:25:28Z,xm/2024/12/PorcVoluUtilDiar_Sistema.2024-12-01.ndjson#PorcVoluUtilDiar:Sistema:2024-12-01:2024-12-31
2024-12-08,PrecBolsNaci,715.3061483333336,COP/kWh,xm:servapibi,2026-09-22T19:25:39Z,xm/2024/12/PrecBolsNaci_Sistema.2024-12-01.ndjson#PrecBolsNaci:Sistema:2024-12-01:2024-12-31
2024-12-08,PrecEscaAct,948.84506,COP/kWh,xm:servapibi,2026-09-22T19:25:37Z,xm/2024/12/PrecEscaAct_Sistema.2024-12-01.ndjson#PrecEscaAct:Sistema:2024-12-01:2024-12-31
2024-12-08,VoluUtilDiarEner,11355076500,kWh,xm:servapibi,2026-09-22T19:25:30Z,xm/2024/12/VoluUtilDiarEner_Sistema.2024-12-01.ndjson#VoluUtilDiarEner:Sistema:2024-12-01:2024-12-31
2024-12-09,AporEner,117727100,kWh,xm:servapibi,2026-09-22T19:25:32Z,xm/2024/12/AporEner_Sistema.2024-12-01.ndjson#AporEner:Sistema:2024-12-01:2024-12-31
2024-12-09,AporEnerMediHist,200930000,kWh,xm:servapibi,2026-09-22T19:25:33Z,xm/2024/12/AporEnerMediHist_Sistema.2024-12-01.ndjson#AporEnerMediHist:Sistema:2024-12-01:2024-12-31
2024-12-09,CapaUtilDiarEner,17168413107,kWh,xm:servapibi,2026-09-22T19:25:31Z,xm/2024/12/CapaUtilDiarEner_Sistema.2024-12-01.ndjson#CapaUtilDiarEner:Sistema:2024-12-01:2024-12-31
2024-12-09,DemaSIN,232421947.65,kWh,xm:servapibi,2026-09-22T19:25:36Z,xm/2024/12/DemaSIN_Sistema.2024-12-01.ndjson#DemaSIN:Sistema:2024-12-01:2024-12-31
2024-12-09,PorcApor,0.58591,fraction,xm:servapibi,2026-09-22T19:25:35Z,xm/2024/12/PorcApor_Sistema.2024-12-01.ndjson#PorcApor:Sistema:2024-12-01:2024-12-31
2024-12-09,PorcVoluUtilDiar,0.66004,fraction,xm:servapibi,2026-09-22T19:25:28Z,xm/2024/12/PorcVoluUtilDiar_Sistema.2024-12-01.ndjson#PorcVoluUtilDiar:Sistema:2024-12-01:2024-12-31
2024-12-09,PrecBolsNaci,847.7763583333336,COP/kWh,xm:servapibi,2026-09-22T19:25:39Z,xm/2024/12/PrecBolsNaci_Sistema.2024-12-01.ndjson#PrecBolsNaci:Sistema:2024-12-01:2024-12-31
2024-12-09,PrecEscaAct,948.84506,COP/kWh,xm:servapibi,2026-09-22T19:25:37Z,xm/2024/12/PrecEscaAct_Sistema.2024-12-01.ndjson#PrecEscaAct:Sistema:2024-12-01:2024-12-31
2024-12-09,VoluUtilDiarEner,11331793600,kWh,xm:servapibi,2026-09-22T19:25:30Z,xm/2024/12/VoluUtilDiarEner_Sistema.2024-12-01.ndjson#VoluUtilDiarEner:Sistema:2024-12-01:2024-12-31
2024-12-10,AporEner,116413000,kWh,xm:servapibi,2026-09-22T19:25:32Z,xm/2024/12/AporEner_Sistema.2024-12-01.ndjson#AporEner:Sistema:2024-12-01:2024-12-31
2024-12-10,AporEnerMediHist,200930000,kWh,xm:servapibi,2026-09-22T19:25:33Z,xm/2024/12/AporEnerMediHist_Sistema.2024-12-01.ndjson#AporEnerMediHist:Sistema:2024-12-01:2024-12-31
2024-12-10,CapaUtilDiarEner,17168413107,kWh,xm:servapibi,2026-09-22T19:25:31Z,xm/2024/12/CapaUtilDiarEner_Sistema.2024-12-01.ndjson#CapaUtilDiarEner:Sistema:2024-12-01:2024-12-31
2024-12-10,DemaSIN,238334386.21,kWh,xm:servapibi,2026-09-22T19:25:36Z,xm/2024/12/DemaSIN_Sistema.2024-12-01.ndjson#DemaSIN:Sistema:2024-12-01:2024-12-31
2024-12-10,PorcApor,0.57937,fraction,xm:servapibi,2026-09-22T19:25:35Z,xm/2024/12/PorcApor_Sistema.2024-12-01.ndjson#PorcApor:Sistema:2024-12-01:2024-12-31
2024-12-10,PorcVoluUtilDiar,0.65804,fraction,xm:servapibi,2026-09-22T19:25:28Z,xm/2024/12/PorcVoluUtilDiar_Sistema.2024-12-01.ndjson#PorcVoluUtilDiar:Sistema:2024-12-01:2024-12-31
2024-12-10,PrecBolsNaci,861.2981799999999,COP/kWh,xm:servapibi,2026-09-22T19:25:39Z,xm/2024/12/PrecBolsNaci_Sistema.2024-12-01.ndjson#PrecBolsNaci:Sistema:2024-12-01:2024-12-31
2024-12-10,PrecEscaAct,948.84506,COP/kWh,xm:servapibi,2026-09-22T19:25:37Z,xm/2024/12/PrecEscaAct_Sistema.2024-12-01.ndjson#PrecEscaAct:Sistema:2024-12-01:2024-12-31
2024-12-10,VoluUtilDiarEner,11297510200,kWh,xm:servapibi,2026-09-22T19:25:30Z,xm/2024/12/VoluUtilDiarEner_Sistema.2024-12-01.ndjson#VoluUtilDiarEner:Sistema:2024-12-01:2024-12-31
2024-12-11,AporEner,111711400,kWh,xm:servapibi,2026-09-22T19:25:32Z,xm/2024/12/AporEner_Sistema.2024-12-01.ndjson#AporEner:Sistema:2024-12-01:2024-12-31
2024-12-11,AporEnerMediHist,200930000,kWh,xm:servapibi,2026-09-22T19:25:33Z,xm/2024/12/AporEnerMediHist_Sistema.2024-12-01.ndjson#AporEnerMediHist:Sistema:2024-12-01:2024-12-31
2024-12-11,CapaUtilDiarEner,17168413107,kWh,xm:servapibi,2026-09-22T19:25:31Z,xm/2024/12/CapaUtilDiarEner_Sistema.2024-12-01.ndjson#CapaUtilDiarEner:Sistema:2024-12-01:2024-12-31
2024-12-11,DemaSIN,238115262.03,kWh,xm:servapibi,2026-09-22T19:25:36Z,xm/2024/12/DemaSIN_Sistema.2024-12-01.ndjson#DemaSIN:Sistema:2024-12-01:2024-12-31
2024-12-11,PorcApor,0.55597,fraction,xm:servapibi,2026-09-22T19:25:35Z,xm/2024/12/PorcApor_Sistema.2024-12-01.ndjson#PorcApor:Sistema:2024-12-01:2024-12-31
2024-12-11,PorcVoluUtilDiar,0.65652,fraction,xm:servapibi,2026-09-22T19:25:28Z,xm/2024/12/PorcVoluUtilDiar_Sistema.2024-12-01.ndjson#PorcVoluUtilDiar:Sistema:2024-12-01:2024-12-31
2024-12-11,PrecBolsNaci,875.951723333333,COP/kWh,xm:servapibi,2026-09-22T19:25:39Z,xm/2024/12/PrecBolsNaci_Sistema.2024-12-01.ndjson#PrecBolsNaci:Sistema:2024-12-01:2024-12-31
2024-12-11,PrecEscaAct,948.84506,COP/kWh,xm:servapibi,2026-09-22T19:25:37Z,xm/2024/12/PrecEscaAct_Sistema.2024-12-01.ndjson#PrecEscaAct:Sistema:2024-12-01:2024-12-31
2024-12-11,VoluUtilDiarEner,11271487100,kWh,xm:servapibi,2026-09-22T19:25:30Z,xm/2024/12/VoluUtilDiarEner_Sistema.2024-12-01.ndjson#VoluUtilDiarEner:Sistema:2024-12-01:2024-12-31
2024-12-12,AporEner,109013100,kWh,xm:servapibi,2026-09-22T19:25:32Z,xm/2024/12/AporEner_Sistema.2024-12-01.ndjson#AporEner:Sistema:2024-12-01:2024-12-31
2024-12-12,AporEnerMediHist,200930000,kWh,xm:servapibi,2026-09-22T19:25:33Z,xm/2024/12/AporEnerMediHist_Sistema.2024-12-01.ndjson#AporEnerMediHist:Sistema:2024-12-01:2024-12-31
2024-12-12,CapaUtilDiarEner,17168413107,kWh,xm:servapibi,2026-09-22T19:25:31Z,xm/2024/12/CapaUtilDiarEner_Sistema.2024-12-01.ndjson#CapaUtilDiarEner:Sistema:2024-12-01:2024-12-31
2024-12-12,DemaSIN,239011667.83,kWh,xm:servapibi,2026-09-22T19:25:36Z,xm/2024/12/DemaSIN_Sistema.2024-12-01.ndjson#DemaSIN:Sistema:2024-12-01:2024-12-31
2024-12-12,PorcApor,0.54254,fraction,xm:servapibi,2026-09-22T19:25:35Z,xm/2024/12/PorcApor_Sistema.2024-12-01.ndjson#PorcApor:Sistema:2024-12-01:2024-12-31
2024-12-12,PorcVoluUtilDiar,0.65533,fraction,xm:servapibi,2026-09-22T19:25:28Z,xm/2024/12/PorcVoluUtilDiar_Sistema.2024-12-01.ndjson#PorcVoluUtilDiar:Sistema:2024-12-01:2024-12-31
2024-12-12,PrecBolsNaci,891.3323166666668,COP/kWh,xm:servapibi,2026-09-22T19:25:39Z,xm/2024/12/PrecBolsNaci_Sistema.2024-12-01.ndjson#PrecBolsNaci:Sistema:2024-12-01:2024-12-31
2024-12-12,PrecEscaAct,948.84506,COP/kWh,xm:servapibi,2026-09-22T19:25:37Z,xm/2024/12/PrecEscaAct_Sistema.2024-12-01.ndjson#PrecEscaAct:Sistema:2024-12-01:2024-12-31
2024-12-12,VoluUtilDiarEner,11250950900,kWh,xm:servapibi,2026-09-22T19:25:30Z,xm/2024/12/VoluUtilDiarEner_Sistema.2024-12-01.ndjson#VoluUtilDiarEner:Sistema:2024-12-01:2024-12-31
2024-12-13,AporEner,119718300,kWh,xm:servapibi,2026-09-22T19:25:32Z,xm/2024/12/AporEner_Sistema.2024-12-01.ndjson#AporEner:Sistema:2024-12-01:2024-12-31
2024-12-13,AporEnerMediHist,200930000,kWh,xm:servapibi,2026-09-22T19:25:33Z,xm/2024/12/AporEnerMediHist_Sistema.2024-12-01.ndjson#AporEnerMediHist:Sistema:2024-12-01:2024-12-31
2024-12-13,CapaUtilDiarEner,17168413107,kWh,xm:servapibi,2026-09-22T19:25:31Z,xm/2024/12/CapaUtilDiarEner_Sistema.2024-12-01.ndjson#CapaUtilDiarEner:Sistema:2024-12-01:2024-12-31
2024-12-13,DemaSIN,236642734.91,kWh,xm:servapibi,2026-09-22T19:25:36Z,xm/2024/12/DemaSIN_Sistema.2024-12-01.ndjson#DemaSIN:Sistema:2024-12-01:2024-12-31
2024-12-13,PorcApor,0.59582,fraction,xm:servapibi,2026-09-22T19:25:35Z,xm/2024/12/PorcApor_Sistema.2024-12-01.ndjson#PorcApor:Sistema:2024-12-01:2024-12-31
2024-12-13,PorcVoluUtilDiar,0.6548,fraction,xm:servapibi,2026-09-22T19:25:28Z,xm/2024/12/PorcVoluUtilDiar_Sistema.2024-12-01.ndjson#PorcVoluUtilDiar:Sistema:2024-12-01:2024-12-31
2024-12-13,PrecBolsNaci,945.35729,COP/kWh,xm:servapibi,2026-09-22T19:25:39Z,xm/2024/12/PrecBolsNaci_Sistema.2024-12-01.ndjson#PrecBolsNaci:Sistema:2024-12-01:2024-12-31
2024-12-13,PrecEscaAct,948.84506,COP/kWh,xm:servapibi,2026-09-22T19:25:37Z,xm/2024/12/PrecEscaAct_Sistema.2024-12-01.ndjson#PrecEscaAct:Sistema:2024-12-01:2024-12-31
2024-12-13,VoluUtilDiarEner,11241857400,kWh,xm:servapibi,2026-09-22T19:25:30Z,xm/2024/12/VoluUtilDiarEner_Sistema.2024-12-01.ndjson#VoluUtilDiarEner:Sistema:2024-12-01:2024-12-31
2024-12-14,AporEner,117349100,kWh,xm:servapibi,2026-09-22T19:25:32Z,xm/2024/12/AporEner_Sistema.2024-12-01.ndjson#AporEner:Sistema:2024-12-01:2024-12-31
2024-12-14,AporEnerMediHist,200930000,kWh,xm:servapibi,2026-09-22T19:25:33Z,xm/2024/12/AporEnerMediHist_Sistema.2024-12-01.ndjson#AporEnerMediHist:Sistema:2024-12-01:2024-12-31
2024-12-14,CapaUtilDiarEner,17168413107,kWh,xm:servapibi,2026-09-22T19:25:31Z,xm/2024/12/CapaUtilDiarEner_Sistema.2024-12-01.ndjson#CapaUtilDiarEner:Sistema:2024-12-01:2024-12-31
2024-12-14,DemaSIN,222652801.23,kWh,xm:servapibi,2026-09-22T19:25:36Z,xm/2024/12/DemaSIN_Sistema.2024-12-01.ndjson#DemaSIN:Sistema:2024-12-01:2024-12-31
2024-12-14,PorcApor,0.58403,fraction,xm:servapibi,2026-09-22T19:25:35Z,xm/2024/12/PorcApor_Sistema.2024-12-01.ndjson#PorcApor:Sistema:2024-12-01:2024-12-31
2024-12-14,PorcVoluUtilDiar,0.65458,fraction,xm:servapibi,2026-09-22T19:25:28Z,xm/2024/12/PorcVoluUtilDiar_Sistema.2024-12-01.ndjson#PorcVoluUtilDiar:Sistema:2024-12-01:2024-12-31
2024-12-14,PrecBolsNaci,1009.0835466666663,COP/kWh,xm:servapibi,2026-09-22T19:25:39Z,xm/2024/12/PrecBolsNaci_Sistema.2024-12-01.ndjson#PrecBolsNaci:Sistema:2024-12-01:2024-12-31
2024-12-14,PrecEscaAct,948.84506,COP/kWh,xm:servapibi,2026-09-22T19:25:37Z,xm/2024/12/PrecEscaAct_Sistema.2024-12-01.ndjson#PrecEscaAct:Sistema:2024-12-01:2024-12-31
2024-12-14,VoluUtilDiarEner,11238017700,kWh,xm:servapibi,2026-09-22T19:25:30Z,xm/2024/12/VoluUtilDiarEner_Sistema.2024-12-01.ndjson#VoluUtilDiarEner:Sistema:2024-12-01:2024-12-31
2024-12-15,AporEner,152347000,kWh,xm:servapibi,2026-09-22T19:25:32Z,xm/2024/12/AporEner_Sistema.2024-12-01.ndjson#AporEner:Sistema:2024-12-01:2024-12-31
2024-12-15,AporEnerMediHist,200930000,kWh,xm:servapibi,2026-09-22T19:25:33Z,xm/2024/12/AporEnerMediHist_Sistema.2024-12-01.ndjson#AporEnerMediHist:Sistema:2024-12-01:2024-12-31
2024-12-15,CapaUtilDiarEner,17168413107,kWh,xm:servapibi,2026-09-22T19:25:31Z,xm/2024/12/CapaUtilDiarEner_Sistema.2024-12-01.ndjson#CapaUtilDiarEner:Sistema:2024-12-01:2024-12-31
2024-12-15,DemaSIN,206162705.78,kWh,xm:servapibi,2026-09-22T19:25:36Z,xm/2024/12/DemaSIN_Sistema.2024-12-01.ndjson#DemaSIN:Sistema:2024-12-01:2024-12-31
2024-12-15,PorcApor,0.75821,fraction,xm:servapibi,2026-09-22T19:25:35Z,xm/2024/12/PorcApor_Sistema.2024-12-01.ndjson#PorcApor:Sistema:2024-12-01:2024-12-31
2024-12-15,PorcVoluUtilDiar,0.65712,fraction,xm:servapibi,2026-09-22T19:25:28Z,xm/2024/12/PorcVoluUtilDiar_Sistema.2024-12-01.ndjson#PorcVoluUtilDiar:Sistema:2024-12-01:2024-12-31
2024-12-15,PrecBolsNaci,936.3967816666664,COP/kWh,xm:servapibi,2026-09-22T19:25:39Z,xm/2024/12/PrecBolsNaci_Sistema.2024-12-01.ndjson#PrecBolsNaci:Sistema:2024-12-01:2024-12-31
2024-12-15,PrecEscaAct,948.84506,COP/kWh,xm:servapibi,2026-09-22T19:25:37Z,xm/2024/12/PrecEscaAct_Sistema.2024-12-01.ndjson#PrecEscaAct:Sistema:2024-12-01:2024-12-31
2024-12-15,VoluUtilDiarEner,11281676700,kWh,xm:servapibi,2026-09-22T19:25:30Z,xm/2024/12/VoluUtilDiarEner_Sistema.2024-12-01.ndjson#VoluUtilDiarEner:Sistema:2024-12-01:2024-12-31
2024-12-16,AporEner,154501100,kWh,xm:servapibi,2026-09-22T19:25:32Z,xm/2024/12/AporEner_Sistema.2024-12-01.ndjson#AporEner:Sistema:2024-12-01:2024-12-31
2024-12-16,AporEnerMediHist,200930000,kWh,xm:servapibi,2026-09-22T19:25:33Z,xm/2024/12/AporEnerMediHist_Sistema.2024-12-01.ndjson#AporEnerMediHist:Sistema:2024-12-01:2024-12-31
2024-12-16,CapaUtilDiarEner,17168413107,kWh,xm:servapibi,2026-09-22T19:25:31Z,xm/2024/12/CapaUtilDiarEner_Sistema.2024-12-01.ndjson#CapaUtilDiarEner:Sistema:2024-12-01:2024-12-31
2024-12-16,DemaSIN,232545166.72,kWh,xm:servapibi,2026-09-22T19:25:36Z,xm/2024/12/DemaSIN_Sistema.2024-12-01.ndjson#DemaSIN:Sistema:2024-12-01:2024-12-31
2024-12-16,PorcApor,0.76893,fraction,xm:servapibi,2026-09-22T19:25:35Z,xm/2024/12/PorcApor_Sistema.2024-12-01.ndjson#PorcApor:Sistema:2024-12-01:2024-12-31
2024-12-16,PorcVoluUtilDiar,0.65834,fraction,xm:servapibi,2026-09-22T19:25:28Z,xm/2024/12/PorcVoluUtilDiar_Sistema.2024-12-01.ndjson#PorcVoluUtilDiar:Sistema:2024-12-01:2024-12-31
2024-12-16,PrecBolsNaci,1087.8639750000004,COP/kWh,xm:servapibi,2026-09-22T19:25:39Z,xm/2024/12/PrecBolsNaci_Sistema.2024-12-01.ndjson#PrecBolsNaci:Sistema:2024-12-01:2024-12-31
2024-12-16,PrecEscaAct,948.84506,COP/kWh,xm:servapibi,2026-09-22T19:25:37Z,xm/2024/12/PrecEscaAct_Sistema.2024-12-01.ndjson#PrecEscaAct:Sistema:2024-12-01:2024-12-31
2024-12-16,VoluUtilDiarEner,11302617700,kWh,xm:servapibi,2026-09-22T19:25:30Z,xm/2024/12/VoluUtilDiarEner_Sistema.2024-12-01.ndjson#VoluUtilDiarEner:Sistema:2024-12-01:2024-12-31
2024-12-17,AporEner,124958700,kWh,xm:servapibi,2026-09-22T19:25:32Z,xm/2024/12/AporEner_Sistema.2024-12-01.ndjson#AporEner:Sistema:2024-12-01:2024-12-31
2024-12-17,AporEnerMediHist,200930000,kWh,xm:servapibi,2026-09-22T19:25:33Z,xm/2024/12/AporEnerMediHist_Sistema.2024-12-01.ndjson#AporEnerMediHist:Sistema:2024-12-01:2024-12-31
2024-12-17,CapaUtilDiarEner,17168413107,kWh,xm:servapibi,2026-09-22T19:25:31Z,xm/2024/12/CapaUtilDiarEner_Sistema.2024-12-01.ndjson#CapaUtilDiarEner:Sistema:2024-12-01:2024-12-31
2024-12-17,DemaSIN,235393886.26,kWh,xm:servapibi,2026-09-22T19:25:36Z,xm/2024/12/DemaSIN_Sistema.2024-12-01.ndjson#DemaSIN:Sistema:2024-12-01:2024-12-31
2024-12-17,PorcApor,0.6219,fraction,xm:servapibi,2026-09-22T19:25:35Z,xm/2024/12/PorcApor_Sistema.2024-12-01.ndjson#PorcApor:Sistema:2024-12-01:2024-12-31
2024-12-17,PorcVoluUtilDiar,0.6586,fraction,xm:servapibi,2026-09-22T19:25:28Z,xm/2024/12/PorcVoluUtilDiar_Sistema.2024-12-01.ndjson#PorcVoluUtilDiar:Sistema:2024-12-01:2024-12-31
2024-12-17,PrecBolsNaci,1047.1319283333335,COP/kWh,xm:servapibi,2026-09-22T19:25:39Z,xm/2024/12/PrecBolsNaci_Sistema.2024-12-01.ndjson#PrecBolsNaci:Sistema:2024-12-01:2024-12-31
2024-12-17,PrecEscaAct,948.84506,COP/kWh,xm:servapibi,2026-09-22T19:25:37Z,xm/2024/12/PrecEscaAct_Sistema.2024-12-01.ndjson#PrecEscaAct:Sistema:2024-12-01:2024-12-31
2024-12-17,VoluUtilDiarEner,11307051200,kWh,xm:servapibi,2026-09-22T19:25:30Z,xm/2024/12/VoluUtilDiarEner_Sistema.2024-12-01.ndjson#VoluUtilDiarEner:Sistema:2024-12-01:2024-12-31
2024-12-18,AporEner,119181600,kWh,xm:servapibi,2026-09-22T19:25:32Z,xm/2024/12/AporEner_Sistema.2024-12-01.ndjson#AporEner:Sistema:2024-12-01:2024-12-31
2024-12-18,AporEnerMediHist,200930000,kWh,xm:servapibi,2026-09-22T19:25:33Z,xm/2024/12/AporEnerMediHist_Sistema.2024-12-01.ndjson#AporEnerMediHist:Sistema:2024-12-01:2024-12-31
2024-12-18,CapaUtilDiarEner,17168413107,kWh,xm:servapibi,2026-09-22T19:25:31Z,xm/2024/12/CapaUtilDiarEner_Sistema.2024-12-01.ndjson#CapaUtilDiarEner:Sistema:2024-12-01:2024-12-31
2024-12-18,DemaSIN,238335194.4,kWh,xm:servapibi,2026-09-22T19:25:36Z,xm/2024/12/DemaSIN_Sistema.2024-12-01.ndjson#DemaSIN:Sistema:2024-12-01:2024-12-31
2024-12-18,PorcApor,0.59315,fraction,xm:servapibi,2026-09-22T19:25:35Z,xm/2024/12/PorcApor_Sistema.2024-12-01.ndjson#PorcApor:Sistema:2024-12-01:2024-12-31
2024-12-18,PorcVoluUtilDiar,0.65758,fraction,xm:servapibi,2026-09-22T19:25:28Z,xm/2024/12/PorcVoluUtilDiar_Sistema.2024-12-01.ndjson#PorcVoluUtilDiar:Sistema:2024-12-01:2024-12-31
2024-12-18,PrecBolsNaci,926.5720500000003,COP/kWh,xm:servapibi,2026-09-22T19:25:39Z,xm/2024/12/PrecBolsNaci_Sistema.2024-12-01.ndjson#PrecBolsNaci:Sistema:2024-12-01:2024-12-31
2024-12-18,PrecEscaAct,948.84506,COP/kWh,xm:servapibi,2026-09-22T19:25:37Z,xm/2024/12/PrecEscaAct_Sistema.2024-12-01.ndjson#PrecEscaAct:Sistema:2024-12-01:2024-12-31
2024-12-18,VoluUtilDiarEner,11289655900,kWh,xm:servapibi,2026-09-22T19:25:30Z,xm/2024/12/VoluUtilDiarEner_Sistema.2024-12-01.ndjson#VoluUtilDiarEner:Sistema:2024-12-01:2024-12-31
2024-12-19,AporEner,124709700,kWh,xm:servapibi,2026-09-22T19:25:32Z,xm/2024/12/AporEner_Sistema.2024-12-01.ndjson#AporEner:Sistema:2024-12-01:2024-12-31
2024-12-19,AporEnerMediHist,200930000,kWh,xm:servapibi,2026-09-22T19:25:33Z,xm/2024/12/AporEnerMediHist_Sistema.2024-12-01.ndjson#AporEnerMediHist:Sistema:2024-12-01:2024-12-31
2024-12-19,CapaUtilDiarEner,17168413107,kWh,xm:servapibi,2026-09-22T19:25:31Z,xm/2024/12/CapaUtilDiarEner_Sistema.2024-12-01.ndjson#CapaUtilDiarEner:Sistema:2024-12-01:2024-12-31
2024-12-19,DemaSIN,236967477.99,kWh,xm:servapibi,2026-09-22T19:25:36Z,xm/2024/12/DemaSIN_Sistema.2024-12-01.ndjson#DemaSIN:Sistema:2024-12-01:2024-12-31
2024-12-19,PorcApor,0.62066,fraction,xm:servapibi,2026-09-22T19:25:35Z,xm/2024/12/PorcApor_Sistema.2024-12-01.ndjson#PorcApor:Sistema:2024-12-01:2024-12-31
2024-12-19,PorcVoluUtilDiar,0.65669,fraction,xm:servapibi,2026-09-22T19:25:28Z,xm/2024/12/PorcVoluUtilDiar_Sistema.2024-12-01.ndjson#PorcVoluUtilDiar:Sistema:2024-12-01:2024-12-31
2024-12-19,PrecBolsNaci,885.2757516666667,COP/kWh,xm:servapibi,2026-09-22T19:25:39Z,xm/2024/12/PrecBolsNaci_Sistema.2024-12-01.ndjson#PrecBolsNaci:Sistema:2024-12-01:2024-12-31
2024-12-19,PrecEscaAct,948.84506,COP/kWh,xm:servapibi,2026-09-22T19:25:37Z,xm/2024/12/PrecEscaAct_Sistema.2024-12-01.ndjson#PrecEscaAct:Sistema:2024-12-01:2024-12-31
2024-12-19,VoluUtilDiarEner,11274335200,kWh,xm:servapibi,2026-09-22T19:25:30Z,xm/2024/12/VoluUtilDiarEner_Sistema.2024-12-01.ndjson#VoluUtilDiarEner:Sistema:2024-12-01:2024-12-31
2024-12-20,AporEner,111819500,kWh,xm:servapibi,2026-09-22T19:25:32Z,xm/2024/12/AporEner_Sistema.2024-12-01.ndjson#AporEner:Sistema:2024-12-01:2024-12-31
2024-12-20,AporEnerMediHist,200930000,kWh,xm:servapibi,2026-09-22T19:25:33Z,xm/2024/12/AporEnerMediHist_Sistema.2024-12-01.ndjson#AporEnerMediHist:Sistema:2024-12-01:2024-12-31
2024-12-20,CapaUtilDiarEner,17168413107,kWh,xm:servapibi,2026-09-22T19:25:31Z,xm/2024/12/CapaUtilDiarEner_Sistema.2024-12-01.ndjson#CapaUtilDiarEner:Sistema:2024-12-01:2024-12-31
2024-12-20,DemaSIN,235423470.26,kWh,xm:servapibi,2026-09-22T19:25:36Z,xm/2024/12/DemaSIN_Sistema.2024-12-01.ndjson#DemaSIN:Sistema:2024-12-01:2024-12-31
2024-12-20,PorcApor,0.55651,fraction,xm:servapibi,2026-09-22T19:25:35Z,xm/2024/12/PorcApor_Sistema.2024-12-01.ndjson#PorcApor:Sistema:2024-12-01:2024-12-31
2024-12-20,PorcVoluUtilDiar,0.65609,fraction,xm:servapibi,2026-09-22T19:25:28Z,xm/2024/12/PorcVoluUtilDiar_Sistema.2024-12-01.ndjson#PorcVoluUtilDiar:Sistema:2024-12-01:2024-12-31
2024-12-20,PrecBolsNaci,927.8275183333335,COP/kWh,xm:servapibi,2026-09-22T19:25:39Z,xm/2024/12/PrecBolsNaci_Sistema.2024-12-01.ndjson#PrecBolsNaci:Sistema:2024-12-01:2024-12-31
2024-12-20,PrecEscaAct,948.84506,COP/kWh,xm:servapibi,2026-09-22T19:25:37Z,xm/2024/12/PrecEscaAct_Sistema.2024-12-01.ndjson#PrecEscaAct:Sistema:2024-12-01:2024-12-31
2024-12-20,VoluUtilDiarEner,11264004100,kWh,xm:servapibi,2026-09-22T19:25:30Z,xm/2024/12/VoluUtilDiarEner_Sistema.2024-12-01.ndjson#VoluUtilDiarEner:Sistema:2024-12-01:2024-12-31
2024-12-21,AporEner,139730900,kWh,xm:servapibi,2026-09-22T19:25:32Z,xm/2024/12/AporEner_Sistema.2024-12-01.ndjson#AporEner:Sistema:2024-12-01:2024-12-31
2024-12-21,AporEnerMediHist,200930000,kWh,xm:servapibi,2026-09-22T19:25:33Z,xm/2024/12/AporEnerMediHist_Sistema.2024-12-01.ndjson#AporEnerMediHist:Sistema:2024-12-01:2024-12-31
2024-12-21,CapaUtilDiarEner,17168413107,kWh,xm:servapibi,2026-09-22T19:25:31Z,xm/2024/12/CapaUtilDiarEner_Sistema.2024-12-01.ndjson#CapaUtilDiarEner:Sistema:2024-12-01:2024-12-31
2024-12-21,DemaSIN,223361083.49,kWh,xm:servapibi,2026-09-22T19:25:36Z,xm/2024/12/DemaSIN_Sistema.2024-12-01.ndjson#DemaSIN:Sistema:2024-12-01:2024-12-31
2024-12-21,PorcApor,0.69542,fraction,xm:servapibi,2026-09-22T19:25:35Z,xm/2024/12/PorcApor_Sistema.2024-12-01.ndjson#PorcApor:Sistema:2024-12-01:2024-12-31
2024-12-21,PorcVoluUtilDiar,0.65864,fraction,xm:servapibi,2026-09-22T19:25:28Z,xm/2024/12/PorcVoluUtilDiar_Sistema.2024-12-01.ndjson#PorcVoluUtilDiar:Sistema:2024-12-01:2024-12-31
2024-12-21,PrecBolsNaci,950.5156749999998,COP/kWh,xm:servapibi,2026-09-22T19:25:39Z,xm/2024/12/PrecBolsNaci_Sistema.2024-12-01.ndjson#PrecBolsNaci:Sistema:2024-12-01:2024-12-31
2024-12-21,PrecEscaAct,948.84506,COP/kWh,xm:servapibi,2026-09-22T19:25:37Z,xm/2024/12/PrecEscaAct_Sistema.2024-12-01.ndjson#PrecEscaAct:Sistema:2024-12-01:2024-12-31
2024-12-21,VoluUtilDiarEner,11307852700,kWh,xm:servapibi,2026-09-22T19:25:30Z,xm/2024/12/VoluUtilDiarEner_Sistema.2024-12-01.ndjson#VoluUtilDiarEner:Sistema:2024-12-01:2024-12-31
2024-12-22,AporEner,154410700,kWh,xm:servapibi,2026-09-22T19:25:32Z,xm/2024/12/AporEner_Sistema.2024-12-01.ndjson#AporEner:Sistema:2024-12-01:2024-12-31
2024-12-22,AporEnerMediHist,200930000,kWh,xm:servapibi,2026-09-22T19:25:33Z,xm/2024/12/AporEnerMediHist_Sistema.2024-12-01.ndjson#AporEnerMediHist:Sistema:2024-12-01:2024-12-31
2024-12-22,CapaUtilDiarEner,17168413107,kWh,xm:servapibi,2026-09-22T19:25:31Z,xm/2024/12/CapaUtilDiarEner_Sistema.2024-12-01.ndjson#CapaUtilDiarEner:Sistema:2024-12-01:2024-12-31
2024-12-22,DemaSIN,206529543.12,kWh,xm:servapibi,2026-09-22T19:25:36Z,xm/2024/12/DemaSIN_Sistema.2024-12-01.ndjson#DemaSIN:Sistema:2024-12-01:2024-12-31
2024-12-22,PorcApor,0.76848,fraction,xm:servapibi,2026-09-22T19:25:35Z,xm/2024/12/PorcApor_Sistema.2024-12-01.ndjson#PorcApor:Sistema:2024-12-01:2024-12-31
2024-12-22,PorcVoluUtilDiar,0.66254,fraction,xm:servapibi,2026-09-22T19:25:28Z,xm/2024/12/PorcVoluUtilDiar_Sistema.2024-12-01.ndjson#PorcVoluUtilDiar:Sistema:2024-12-01:2024-12-31
2024-12-22,PrecBolsNaci,874.4716216666667,COP/kWh,xm:servapibi,2026-09-22T19:25:39Z,xm/2024/12/PrecBolsNaci_Sistema.2024-12-01.ndjson#PrecBolsNaci:Sistema:2024-12-01:2024-12-31
2024-12-22,PrecEscaAct,948.84506,COP/kWh,xm:servapibi,2026-09-22T19:25:37Z,xm/2024/12/PrecEscaAct_Sistema.2024-12-01.ndjson#PrecEscaAct:Sistema:2024-12-01:2024-12-31
2024-12-22,VoluUtilDiarEner,11374818200,kWh,xm:servapibi,2026-09-22T19:25:30Z,xm/2024/12/VoluUtilDiarEner_Sistema.2024-12-01.ndjson#VoluUtilDiarEner:Sistema:2024-12-01:2024-12-31
2024-12-23,AporEner,197199300,kWh,xm:servapibi,2026-09-22T19:25:32Z,xm/2024/12/AporEner_Sistema.2024-12-01.ndjson#AporEner:Sistema:2024-12-01:2024-12-31
2024-12-23,AporEnerMediHist,200930000,kWh,xm:servapibi,2026-09-22T19:25:33Z,xm/2024/12/AporEnerMediHist_Sistema.2024-12-01.ndjson#AporEnerMediHist:Sistema:2024-12-01:2024-12-31
2024-12-23,CapaUtilDiarEner,17168413107,kWh,xm:servapibi,2026-09-22T19:25:31Z,xm/2024/12/CapaUtilDiarEner_Sistema.2024-12-01.ndjson#CapaUtilDiarEner:Sistema:2024-12-01:2024-12-31
2024-12-23,DemaSIN,222384394.03,kWh,xm:servapibi,2026-09-22T19:25:36Z,xm/2024/12/DemaSIN_Sistema.2024-12-01.ndjson#DemaSIN:Sistema:2024-12-01:2024-12-31
2024-12-23,PorcApor,0.98143,fraction,xm:servapibi,2026-09-22T19:25:35Z,xm/2024/12/PorcApor_Sistema.2024-12-01.ndjson#PorcApor:Sistema:2024-12-01:2024-12-31
2024-12-23,PorcVoluUtilDiar,0.66715,fraction,xm:servapibi,2026-09-22T19:25:28Z,xm/2024/12/PorcVoluUtilDiar_Sistema.2024-12-01.ndjson#PorcVoluUtilDiar:Sistema:2024-12-01:2024-12-31
2024-12-23,PrecBolsNaci,716.2337950000001,COP/kWh,xm:servapibi,2026-09-22T19:25:39Z,xm/2024/12/PrecBolsNaci_Sistema.2024-12-01.ndjson#PrecBolsNaci:Sistema:2024-12-01:2024-12-31
2024-12-23,PrecEscaAct,948.84506,COP/kWh,xm:servapibi,2026-09-22T19:25:37Z,xm/2024/12/PrecEscaAct_Sistema.2024-12-01.ndjson#PrecEscaAct:Sistema:2024-12-01:2024-12-31
2024-12-23,VoluUtilDiarEner,11453987400,kWh,xm:servapibi,2026-09-22T19:25:30Z,xm/2024/12/VoluUtilDiarEner_Sistema.2024-12-01.ndjson#VoluUtilDiarEner:Sistema:2024-12-01:2024-12-31
2024-12-24,AporEner,154740000,kWh,xm:servapibi,2026-09-22T19:25:32Z,xm/2024/12/AporEner_Sistema.2024-12-01.ndjson#AporEner:Sistema:2024-12-01:2024-12-31
2024-12-24,AporEnerMediHist,200930000,kWh,xm:servapibi,2026-09-22T19:25:33Z,xm/2024/12/AporEnerMediHist_Sistema.2024-12-01.ndjson#AporEnerMediHist:Sistema:2024-12-01:2024-12-31
2024-12-24,CapaUtilDiarEner,17168413107,kWh,xm:servapibi,2026-09-22T19:25:31Z,xm/2024/12/CapaUtilDiarEner_Sistema.2024-12-01.ndjson#CapaUtilDiarEner:Sistema:2024-12-01:2024-12-31
2024-12-24,DemaSIN,209472205.79,kWh,xm:servapibi,2026-09-22T19:25:36Z,xm/2024/12/DemaSIN_Sistema.2024-12-01.ndjson#DemaSIN:Sistema:2024-12-01:2024-12-31
2024-12-24,PorcApor,0.77012,fraction,xm:servapibi,2026-09-22T19:25:35Z,xm/2024/12/PorcApor_Sistema.2024-12-01.ndjson#PorcApor:Sistema:2024-12-01:2024-12-31
2024-12-24,PorcVoluUtilDiar,0.66859,fraction,xm:servapibi,2026-09-22T19:25:28Z,xm/2024/12/PorcVoluUtilDiar_Sistema.2024-12-01.ndjson#PorcVoluUtilDiar:Sistema:2024-12-01:2024-12-31
2024-12-24,PrecBolsNaci,712.0869733333335,COP/kWh,xm:servapibi,2026-09-22T19:25:39Z,xm/2024/12/PrecBolsNaci_Sistema.2024-12-01.ndjson#PrecBolsNaci:Sistema:2024-12-01:2024-12-31
2024-12-24,PrecEscaAct,948.84506,COP/kWh,xm:servapibi,2026-09-22T19:25:37Z,xm/2024/12/PrecEscaAct_Sistema.2024-12-01.ndjson#PrecEscaAct:Sistema:2024-12-01:2024-12-31
2024-12-24,VoluUtilDiarEner,11478588900,kWh,xm:servapibi,2026-09-22T19:25:30Z,xm/2024/12/VoluUtilDiarEner_Sistema.2024-12-01.ndjson#VoluUtilDiarEner:Sistema:2024-12-01:2024-12-31
2024-12-25,AporEner,128490600,kWh,xm:servapibi,2026-09-22T19:25:32Z,xm/2024/12/AporEner_Sistema.2024-12-01.ndjson#AporEner:Sistema:2024-12-01:2024-12-31
2024-12-25,AporEnerMediHist,200930000,kWh,xm:servapibi,2026-09-22T19:25:33Z,xm/2024/12/AporEnerMediHist_Sistema.2024-12-01.ndjson#AporEnerMediHist:Sistema:2024-12-01:2024-12-31
2024-12-25,CapaUtilDiarEner,17168413107,kWh,xm:servapibi,2026-09-22T19:25:31Z,xm/2024/12/CapaUtilDiarEner_Sistema.2024-12-01.ndjson#CapaUtilDiarEner:Sistema:2024-12-01:2024-12-31
2024-12-25,DemaSIN,187020782.6,kWh,xm:servapibi,2026-09-22T19:25:36Z,xm/2024/12/DemaSIN_Sistema.2024-12-01.ndjson#DemaSIN:Sistema:2024-12-01:2024-12-31
2024-12-25,PorcApor,0.63948,fraction,xm:servapibi,2026-09-22T19:25:35Z,xm/2024/12/PorcApor_Sistema.2024-12-01.ndjson#PorcApor:Sistema:2024-12-01:2024-12-31
2024-12-25,PorcVoluUtilDiar,0.66927,fraction,xm:servapibi,2026-09-22T19:25:28Z,xm/2024/12/PorcVoluUtilDiar_Sistema.2024-12-01.ndjson#PorcVoluUtilDiar:Sistema:2024-12-01:2024-12-31
2024-12-25,PrecBolsNaci,425.7718749999999,COP/kWh,xm:servapibi,2026-09-22T19:25:39Z,xm/2024/12/PrecBolsNaci_Sistema.2024-12-01.ndjson#PrecBolsNaci:Sistema:2024-12-01:2024-12-31
2024-12-25,PrecEscaAct,948.84506,COP/kWh,xm:servapibi,2026-09-22T19:25:37Z,xm/2024/12/PrecEscaAct_Sistema.2024-12-01.ndjson#PrecEscaAct:Sistema:2024-12-01:2024-12-31
2024-12-25,VoluUtilDiarEner,11490239300,kWh,xm:servapibi,2026-09-22T19:25:30Z,xm/2024/12/VoluUtilDiarEner_Sistema.2024-12-01.ndjson#VoluUtilDiarEner:Sistema:2024-12-01:2024-12-31
2024-12-26,AporEner,171605400,kWh,xm:servapibi,2026-09-22T19:25:32Z,xm/2024/12/AporEner_Sistema.2024-12-01.ndjson#AporEner:Sistema:2024-12-01:2024-12-31
2024-12-26,AporEnerMediHist,200930000,kWh,xm:servapibi,2026-09-22T19:25:33Z,xm/2024/12/AporEnerMediHist_Sistema.2024-12-01.ndjson#AporEnerMediHist:Sistema:2024-12-01:2024-12-31
2024-12-26,CapaUtilDiarEner,17168413107,kWh,xm:servapibi,2026-09-22T19:25:31Z,xm/2024/12/CapaUtilDiarEner_Sistema.2024-12-01.ndjson#CapaUtilDiarEner:Sistema:2024-12-01:2024-12-31
2024-12-26,DemaSIN,219558889.12,kWh,xm:servapibi,2026-09-22T19:25:36Z,xm/2024/12/DemaSIN_Sistema.2024-12-01.ndjson#DemaSIN:Sistema:2024-12-01:2024-12-31
2024-12-26,PorcApor,0.85406,fraction,xm:servapibi,2026-09-22T19:25:35Z,xm/2024/12/PorcApor_Sistema.2024-12-01.ndjson#PorcApor:Sistema:2024-12-01:2024-12-31
2024-12-26,PorcVoluUtilDiar,0.67029,fraction,xm:servapibi,2026-09-22T19:25:28Z,xm/2024/12/PorcVoluUtilDiar_Sistema.2024-12-01.ndjson#PorcVoluUtilDiar:Sistema:2024-12-01:2024-12-31
2024-12-26,PrecBolsNaci,520.2208233333336,COP/kWh,xm:servapibi,2026-09-22T19:25:39Z,xm/2024/12/PrecBolsNaci_Sistema.2024-12-01.ndjson#PrecBolsNaci:Sistema:2024-12-01:2024-12-31
2024-12-26,PrecEscaAct,948.84506,COP/kWh,xm:servapibi,2026-09-22T19:25:37Z,xm/2024/12/PrecEscaAct_Sistema.2024-12-01.ndjson#PrecEscaAct:Sistema:2024-12-01:2024-12-31
2024-12-26,VoluUtilDiarEner,11507797900,kWh,xm:servapibi,2026-09-22T19:25:30Z,xm/2024/12/VoluUtilDiarEner_Sistema.2024-12-01.ndjson#VoluUtilDiarEner:Sistema:2024-12-01:2024-12-31
2024-12-27,AporEner,184164600,kWh,xm:servapibi,2026-09-22T19:25:32Z,xm/2024/12/AporEner_Sistema.2024-12-01.ndjson#AporEner:Sistema:2024-12-01:2024-12-31
2024-12-27,AporEnerMediHist,200930000,kWh,xm:servapibi,2026-09-22T19:25:33Z,xm/2024/12/AporEnerMediHist_Sistema.2024-12-01.ndjson#AporEnerMediHist:Sistema:2024-12-01:2024-12-31
2024-12-27,CapaUtilDiarEner,17168413107,kWh,xm:servapibi,2026-09-22T19:25:31Z,xm/2024/12/CapaUtilDiarEner_Sistema.2024-12-01.ndjson#CapaUtilDiarEner:Sistema:2024-12-01:2024-12-31
2024-12-27,DemaSIN,222904495.08,kWh,xm:servapibi,2026-09-22T19:25:36Z,xm/2024/12/DemaSIN_Sistema.2024-12-01.ndjson#DemaSIN:Sistema:2024-12-01:2024-12-31
2024-12-27,PorcApor,0.91656,fraction,xm:servapibi,2026-09-22T19:25:35Z,xm/2024/12/PorcApor_Sistema.2024-12-01.ndjson#PorcApor:Sistema:2024-12-01:2024-12-31
2024-12-27,PorcVoluUtilDiar,0.67205,fraction,xm:servapibi,2026-09-22T19:25:28Z,xm/2024/12/PorcVoluUtilDiar_Sistema.2024-12-01.ndjson#PorcVoluUtilDiar:Sistema:2024-12-01:2024-12-31
2024-12-27,PrecBolsNaci,383.52936833333325,COP/kWh,xm:servapibi,2026-09-22T19:25:39Z,xm/2024/12/PrecBolsNaci_Sistema.2024-12-01.ndjson#PrecBolsNaci:Sistema:2024-12-01:2024-12-31
2024-12-27,PrecEscaAct,948.84506,COP/kWh,xm:servapibi,2026-09-22T19:25:37Z,xm/2024/12/PrecEscaAct_Sistema.2024-12-01.ndjson#PrecEscaAct:Sistema:2024-12-01:2024-12-31
2024-12-27,VoluUtilDiarEner,11538025700,kWh,xm:servapibi,2026-09-22T19:25:30Z,xm/2024/12/VoluUtilDiarEner_Sistema.2024-12-01.ndjson#VoluUtilDiarEner:Sistema:2024-12-01:2024-12-31
2024-12-28,AporEner,181283400,kWh,xm:servapibi,2026-09-22T19:25:32Z,xm/2024/12/AporEner_Sistema.2024-12-01.ndjson#AporEner:Sistema:2024-12-01:2024-12-31
2024-12-28,AporEnerMediHist,200930000,kWh,xm:servapibi,2026-09-22T19:25:33Z,xm/2024/12/AporEnerMediHist_Sistema.2024-12-01.ndjson#AporEnerMediHist:Sistema:2024-12-01:2024-12-31
2024-12-28,CapaUtilDiarEner,17168413107,kWh,xm:servapibi,2026-09-22T19:25:31Z,xm/2024/12/CapaUtilDiarEner_Sistema.2024-12-01.ndjson#CapaUtilDiarEner:Sistema:2024-12-01:2024-12-31
2024-12-28,DemaSIN,213466645.17,kWh,xm:servapibi,2026-09-22T19:25:36Z,xm/2024/12/DemaSIN_Sistema.2024-12-01.ndjson#DemaSIN:Sistema:2024-12-01:2024-12-31
2024-12-28,PorcApor,0.90222,fraction,xm:servapibi,2026-09-22T19:25:35Z,xm/2024/12/PorcApor_Sistema.2024-12-01.ndjson#PorcApor:Sistema:2024-12-01:2024-12-31
2024-12-28,PorcVoluUtilDiar,0.67312,fraction,xm:servapibi,2026-09-22T19:25:28Z,xm/2024/12/PorcVoluUtilDiar_Sistema.2024-12-01.ndjson#PorcVoluUtilDiar:Sistema:2024-12-01:2024-12-31
2024-12-28,PrecBolsNaci,489.71831333333336,COP/kWh,xm:servapibi,2026-09-22T19:25:39Z,xm/2024/12/PrecBolsNaci_Sistema.2024-12-01.ndjson#PrecBolsNaci:Sistema:2024-12-01:2024-12-31
2024-12-28,PrecEscaAct,948.84506,COP/kWh,xm:servapibi,2026-09-22T19:25:37Z,xm/2024/12/PrecEscaAct_Sistema.2024-12-01.ndjson#PrecEscaAct:Sistema:2024-12-01:2024-12-31
2024-12-28,VoluUtilDiarEner,11556349300,kWh,xm:servapibi,2026-09-22T19:25:30Z,xm/2024/12/VoluUtilDiarEner_Sistema.2024-12-01.ndjson#VoluUtilDiarEner:Sistema:2024-12-01:2024-12-31
2024-12-29,AporEner,199054900,kWh,xm:servapibi,2026-09-22T19:25:32Z,xm/2024/12/AporEner_Sistema.2024-12-01.ndjson#AporEner:Sistema:2024-12-01:2024-12-31
2024-12-29,AporEnerMediHist,200930000,kWh,xm:servapibi,2026-09-22T19:25:33Z,xm/2024/12/AporEnerMediHist_Sistema.2024-12-01.ndjson#AporEnerMediHist:Sistema:2024-12-01:2024-12-31
2024-12-29,CapaUtilDiarEner,17168413107,kWh,xm:servapibi,2026-09-22T19:25:31Z,xm/2024/12/CapaUtilDiarEner_Sistema.2024-12-01.ndjson#CapaUtilDiarEner:Sistema:2024-12-01:2024-12-31
2024-12-29,DemaSIN,199776119.99,kWh,xm:servapibi,2026-09-22T19:25:36Z,xm/2024/12/DemaSIN_Sistema.2024-12-01.ndjson#DemaSIN:Sistema:2024-12-01:2024-12-31
2024-12-29,PorcApor,0.99067,fraction,xm:servapibi,2026-09-22T19:25:35Z,xm/2024/12/PorcApor_Sistema.2024-12-01.ndjson#PorcApor:Sistema:2024-12-01:2024-12-31
2024-12-29,PorcVoluUtilDiar,0.67588,fraction,xm:servapibi,2026-09-22T19:25:28Z,xm/2024/12/PorcVoluUtilDiar_Sistema.2024-12-01.ndjson#PorcVoluUtilDiar:Sistema:2024-12-01:2024-12-31
2024-12-29,PrecBolsNaci,292.7605866666666,COP/kWh,xm:servapibi,2026-09-22T19:25:39Z,xm/2024/12/PrecBolsNaci_Sistema.2024-12-01.ndjson#PrecBolsNaci:Sistema:2024-12-01:2024-12-31
2024-12-29,PrecEscaAct,948.84506,COP/kWh,xm:servapibi,2026-09-22T19:25:37Z,xm/2024/12/PrecEscaAct_Sistema.2024-12-01.ndjson#PrecEscaAct:Sistema:2024-12-01:2024-12-31
2024-12-29,VoluUtilDiarEner,11603867200,kWh,xm:servapibi,2026-09-22T19:25:30Z,xm/2024/12/VoluUtilDiarEner_Sistema.2024-12-01.ndjson#VoluUtilDiarEner:Sistema:2024-12-01:2024-12-31
2024-12-30,AporEner,208840500,kWh,xm:servapibi,2026-09-22T19:25:32Z,xm/2024/12/AporEner_Sistema.2024-12-01.ndjson#AporEner:Sistema:2024-12-01:2024-12-31
2024-12-30,AporEnerMediHist,200930000,kWh,xm:servapibi,2026-09-22T19:25:33Z,xm/2024/12/AporEnerMediHist_Sistema.2024-12-01.ndjson#AporEnerMediHist:Sistema:2024-12-01:2024-12-31
2024-12-30,CapaUtilDiarEner,17168413107,kWh,xm:servapibi,2026-09-22T19:25:31Z,xm/2024/12/CapaUtilDiarEner_Sistema.2024-12-01.ndjson#CapaUtilDiarEner:Sistema:2024-12-01:2024-12-31
2024-12-30,DemaSIN,210812695.3,kWh,xm:servapibi,2026-09-22T19:25:36Z,xm/2024/12/DemaSIN_Sistema.2024-12-01.ndjson#DemaSIN:Sistema:2024-12-01:2024-12-31
2024-12-30,PorcApor,1.03937,fraction,xm:servapibi,2026-09-22T19:25:35Z,xm/2024/12/PorcApor_Sistema.2024-12-01.ndjson#PorcApor:Sistema:2024-12-01:2024-12-31
2024-12-30,PorcVoluUtilDiar,0.67833,fraction,xm:servapibi,2026-09-22T19:25:28Z,xm/2024/12/PorcVoluUtilDiar_Sistema.2024-12-01.ndjson#PorcVoluUtilDiar:Sistema:2024-12-01:2024-12-31
2024-12-30,PrecBolsNaci,384.9671233333333,COP/kWh,xm:servapibi,2026-09-22T19:25:39Z,xm/2024/12/PrecBolsNaci_Sistema.2024-12-01.ndjson#PrecBolsNaci:Sistema:2024-12-01:2024-12-31
2024-12-30,PrecEscaAct,948.84506,COP/kWh,xm:servapibi,2026-09-22T19:25:37Z,xm/2024/12/PrecEscaAct_Sistema.2024-12-01.ndjson#PrecEscaAct:Sistema:2024-12-01:2024-12-31
2024-12-30,VoluUtilDiarEner,11645788700,kWh,xm:servapibi,2026-09-22T19:25:30Z,xm/2024/12/VoluUtilDiarEner_Sistema.2024-12-01.ndjson#VoluUtilDiarEner:Sistema:2024-12-01:2024-12-31
2024-12-31,AporEner,209463300,kWh,xm:servapibi,2026-09-22T19:25:32Z,xm/2024/12/AporEner_Sistema.2024-12-01.ndjson#AporEner:Sistema:2024-12-01:2024-12-31
2024-12-31,AporEnerMediHist,200930000,kWh,xm:servapibi,2026-09-22T19:25:33Z,xm/2024/12/AporEnerMediHist_Sistema.2024-12-01.ndjson#AporEnerMediHist:Sistema:2024-12-01:2024-12-31
2024-12-31,CapaUtilDiarEner,17168413107,kWh,xm:servapibi,2026-09-22T19:25:31Z,xm/2024/12/CapaUtilDiarEner_Sistema.2024-12-01.ndjson#CapaUtilDiarEner:Sistema:2024-12-01:2024-12-31
2024-12-31,DemaSIN,197246086.41,kWh,xm:servapibi,2026-09-22T19:25:36Z,xm/2024/12/DemaSIN_Sistema.2024-12-01.ndjson#DemaSIN:Sistema:2024-12-01:2024-12-31
2024-12-31,PorcApor,1.04247,fraction,xm:servapibi,2026-09-22T19:25:35Z,xm/2024/12/PorcApor_Sistema.2024-12-01.ndjson#PorcApor:Sistema:2024-12-01:2024-12-31
2024-12-31,PorcVoluUtilDiar,0.68023,fraction,xm:servapibi,2026-09-22T19:25:28Z,xm/2024/12/PorcVoluUtilDiar_Sistema.2024-12-01.ndjson#PorcVoluUtilDiar:Sistema:2024-12-01:2024-12-31
2024-12-31,PrecBolsNaci,162.40428999999997,COP/kWh,xm:servapibi,2026-09-22T19:25:39Z,xm/2024/12/PrecBolsNaci_Sistema.2024-12-01.ndjson#PrecBolsNaci:Sistema:2024-12-01:2024-12-31
2024-12-31,PrecEscaAct,948.84506,COP/kWh,xm:servapibi,2026-09-22T19:25:37Z,xm/2024/12/PrecEscaAct_Sistema.2024-12-01.ndjson#PrecEscaAct:Sistema:2024-12-01:2024-12-31
2024-12-31,VoluUtilDiarEner,11678420700,kWh,xm:servapibi,2026-09-22T19:25:30Z,xm/2024/12/VoluUtilDiarEner_Sistema.2024-12-01.ndjson#VoluUtilDiarEner:Sistema:2024-12-01:2024-12-31
