date,metric,value,unit,source,fetched_at,raw_ref
2026-01-01,AporEner,127540466.07,kWh,xm:servapibi,2026-09-22T19:28:47Z,xm/2026/01/AporEner_Sistema.2026-01-01.ndjson#AporEner:Sistema:2026-01-01:2026-01-31
2026-01-01,AporEnerMediHist,137790000,kWh,xm:servapibi,2026-09-22T19:28:49Z,xm/2026/01/AporEnerMediHist_Sistema.2026-01-01.ndjson#AporEnerMediHist:Sistema:2026-01-01:2026-01-31
2026-01-01,CapaUtilDiarEner,16893581733,kWh,xm:servapibi,2026-09-22T19:28:46Z,xm/2026/01/CapaUtilDiarEner_Sistema.2026-01-01.ndjson#CapaUtilDiarEner:Sistema:2026-01-01:2026-01-31
2026-01-01,DemaSIN,192685792.9,kWh,xm:servapibi,2026-09-22T19:28:51Z,xm/2026/01/DemaSIN_Sistema.2026-01-01.ndjson#DemaSIN:Sistema:2026-01-01:2026-01-31
2026-01-01,PorcApor,0.92561,fraction,xm:servapibi,2026-09-22T19:28:50Z,xm/2026/01/PorcApor_Sistema.2026-01-01.ndjson#PorcApor:Sistema:2026-01-01:2026-01-31
2026-01-01,PorcVoluUtilDiar,0.80227,fraction,xm:servapibi,2026-09-22T19:28:43Z,xm/2026/01/PorcVoluUtilDiar_Sistema.2026-01-01.ndjson#PorcVoluUtilDiar:Sistema:2026-01-01:2026-01-31
2026-01-01,PrecBolsNaci,288.13143333333335,COP/kWh,xm:servapibi,2026-09-22T19:28:54Z,xm/2026/01/PrecBolsNaci_Sistema.2026-01-01.ndjson#PrecBolsNaci:Sistema:2026-01-01:2026-01-31
2026-01-01,VoluUtilDiarEner,13553260500,kWh,xm:servapibi,2026-09-22T19:28:45Z,xm/2026/01/VoluUtilDiarEner_Sistema.2026-01-01.ndjson#VoluUtilDiarEner:Sistema:2026-01-01:2026-01-31
2026-01-02,AporEner,137375394.29,kWh,xm:servapibi,2026-09-22T19:28:47Z,xm/2026/01/AporEner_Sistema.2026-01-01.ndjson#AporEner:Sistema:2026-01-01:2026-01-31
2026-01-02,AporEnerMediHist,137790000,kWh,xm:servapibi,2026-09-22T19:28:49Z,xm/2026/01/AporEnerMediHist_Sistema.2026-01-01.ndjson#AporEnerMediHist:Sistema:2026-01-01:2026-01-31
2026-01-02,CapaUtilDiarEner,16893581733,kWh,xm:servapibi,2026-09-22T19:28:46Z,xm/2026/01/CapaUtilDiarEner_Sistema.2026-01-01.ndjson#CapaUtilDiarEner:Sistema:2026-01-01:2026-01-31
2026-01-02,DemaSIN,215142392.82,kWh,xm:servapibi,2026-09-22T19:28:51Z,xm/2026/01/DemaSIN_Sistema.2026-01-01.ndjson#DemaSIN:Sistema:2026-01-01:2026-01-31
2026-01-02,PorcApor,0.99699,fraction,xm:servapibi,2026-09-22T19:28:50Z,xm/2026/01/PorcApor_Sistema.2026-01-01.ndjson#PorcApor:Sistema:2026-01-01:2026-01-31
2026-01-02,PorcVoluUtilDiar,0.80046,fraction,xm:servapibi,2026-09-22T19:28:43Z,xm/2026/01/PorcVoluUtilDiar_Sistema.2026-01-01.ndjson#PorcVoluUtilDiar:Sistema:2026-01-01:2026-01-31
2026-01-02,PrecBolsNaci,334.57050999999984,COP/kWh,xm:servapibi,2026-09-22T19:28:54Z,xm/2026/01/PrecBolsNaci_Sistema.2026-01-01.ndjson#PrecBolsNaci:Sistema:2026-01-01:2026-01-31
2026-01-02,VoluUtilDiarEner,13522636200,kWh,xm:servapibi,2026-09-22T19:28:45Z,xm/2026/01/VoluUtilDiarEner_Sistema.2026-01-01.ndjson#VoluUtilDiarEner:Sistema:2026-01-01:2026-01-31
2026-01-03,AporEner,148733684.28,kWh,xm:servapibi,2026-09-22T19:28:47Z,xm/2026/01/AporEner_Sistema.2026-01-01.ndjson#AporEner:Sistema:2026-01-01:2026-01-31
2026-01-03,AporEnerMediHist,137790000,kWh,xm:servapibi,2026-09-22T19:28:49Z,xm/2026/01/AporEnerMediHist_Sistema.2026-01-01.ndjson#AporEnerMediHist:Sistema:2026-01-01:2026-01-31
2026-01-03,CapaUtilDiarEner,16893581733,kWh,xm:servapibi,2026-09-22T19:28:46Z,xm/2026/01/CapaUtilDiarEner_Sistema.2026-01-01.ndjson#CapaUtilDiarEner:Sistema:2026-01-01:2026-01-31
2026-01-03,DemaSIN,215014008.04,kWh,xm:servapibi,2026-09-22T19:28:51Z,xm/2026/01/DemaSIN_Sistema.2026-01-01.ndjson#DemaSIN:Sistema:2026-01-01:2026-01-31
2026-01-03,PorcApor,1.07942,fraction,xm:servapibi,2026-09-22T19:28:50Z,xm/2026/01/PorcApor_Sistema.2026-01-01.ndjson#PorcApor:Sistema:2026-01-01:2026-01-31
2026-01-03,PorcVoluUtilDiar,0.79959,fraction,xm:servapibi,2026-09-22T19:28:43Z,xm/2026/01/PorcVoluUtilDiar_Sistema.2026-01-01.ndjson#PorcVoluUtilDiar:Sistema:2026-01-01:2026-01-31
2026-01-03,PrecBolsNaci,338.26455333333325,COP/kWh,xm:servapibi,2026-09-22T19:28:54Z,xm/2026/01/PrecBolsNaci_Sistema.2026-01-01.ndjson#PrecBolsNaci:Sistema:2026-01-01:2026-01-31
2026-01-03,VoluUtilDiarEner,13507916000,kWh,xm:servapibi,2026-09-22T19:28:45Z,xm/2026/01/VoluUtilDiarEner_Sistema.2026-01-01.ndjson#VoluUtilDiarEner:Sistema:2026-01-01:2026-01-31
2026-01-04,AporEner,148347840.24,kWh,xm:servapibi,2026-09-22T19:28:47Z,xm/2026/01/AporEner_Sistema.2026-01-01.ndjson#AporEner:Sistema:2026-01-01:2026-01-31
2026-01-04,AporEnerMediHist,137790000,kWh,xm:servapibi,2026-09-22T19:28:49Z,xm/2026/01/AporEnerMediHist_Sistema.2026-01-01.ndjson#AporEnerMediHist:Sistema:2026-01-01:2026-01-31
2026-01-04,CapaUtilDiarEner,16893581733,kWh,xm:servapibi,2026-09-22T19:28:46Z,xm/2026/01/CapaUtilDiarEner_Sistema.2026-01-01.ndjson#CapaUtilDiarEner:Sistema:2026-01-01:2026-01-31
2026-01-04,DemaSIN,204402717.34,kWh,xm:servapibi,2026-09-22T19:28:51Z,xm/2026/01/DemaSIN_Sistema.2026-01-01.ndjson#DemaSIN:Sistema:2026-01-01:2026-01-31
2026-01-04,PorcApor,1.07662,fraction,xm:servapibi,2026-09-22T19:28:50Z,xm/2026/01/PorcApor_Sistema.2026-01-01.ndjson#PorcApor:Sistema:2026-01-01:2026-01-31
2026-01-04,PorcVoluUtilDiar,0.79923,fraction,xm:servapibi,2026-09-22T19:28:43Z,xm/2026/01/PorcVoluUtilDiar_Sistema.2026-01-01.ndjson#PorcVoluUtilDiar:Sistema:2026-01-01:2026-01-31
2026-01-04,PrecBolsNaci,300.73193666666657,COP/kWh,xm:servapibi,2026-09-22T19:28:54Z,xm/2026/01/PrecBolsNaci_Sistema.2026-01-01.ndjson#PrecBolsNaci:Sistema:2026-01-01:2026-01-31
2026-01-04,VoluUtilDiarEner,13501941400,kWh,xm:servapibi,2026-09-22T19:28:45Z,xm/2026/01/VoluUtilDiarEner_Sistema.2026-01-01.ndjson#VoluUtilDiarEner:Sistema:2026-01-01:2026-01-31
2026-01-05,AporEner,169197493.94,kWh,xm:servapibi,2026-09-22T19:28:47Z,xm/2026/01/AporEner_Sistema.2026-01-01.ndjson#AporEner:Sistema:2026-01-01:2026-01-31
2026-01-05,AporEnerMediHist,137790000,kWh,xm:servapibi,2026-09-22T19:28:49Z,xm/2026/01/AporEnerMediHist_Sistema.2026-01-01.ndjson#AporEnerMediHist:Sistema:2026-01-01:2026-01-31
2026-01-05,CapaUtilDiarEner,16893581733,kWh,xm:servapibi,2026-09-22T19:28:46Z,xm/2026/01/CapaUtilDiarEner_Sistema.2026-01-01.ndjson#CapaUtilDiarEner:Sistema:2026-01-01:2026-01-31
2026-01-05,DemaSIN,226753399.34,kWh,xm:servapibi,2026-09-22T19:28:51Z,xm/2026/01/DemaSIN_Sistema.2026-01-01.ndjson#DemaSIN:Sistema:2026-01-01:2026-01-31
2026-01-05,PorcApor,1.22794,fraction,xm:servapibi,2026-09-22T19:28:50Z,xm/2026/01/PorcApor_Sistema.2026-01-01.ndjson#PorcApor:Sistema:2026-01-01:2026-01-31
2026-01-05,PorcVoluUtilDiar,0.79812,fraction,xm:servapibi,2026-09-22T19:28:43Z,xm/2026/01/PorcVoluUtilDiar_Sistema.2026-01-01.ndjson#PorcVoluUtilDiar:Sistema:2026-01-01:2026-01-31
2026-01-05,PrecBolsNaci,324.83210666666656,COP/kWh,xm:servapibi,2026-09-22T19:28:54Z,xm/2026/01/PrecBolsNaci_Sistema.2026-01-01.ndjson#PrecBolsNaci:Sistema:2026-01-01:2026-01-31
2026-01-05,VoluUtilDiarEner,13483029100,kWh,xm:servapibi,2026-09-22T19:28:45Z,xm/2026/01/VoluUtilDiarEner_Sistema.2026-01-01.ndjson#VoluUtilDiarEner:Sistema:2026-01-01:2026-01-31
2026-01-06,AporEner,210890752.13,kWh,xm:servapibi,2026-09-22T19:28:47Z,xm/2026/01/AporEner_Sistema.2026-01-01.ndjson#AporEner:Sistema:2026-01-01:2026-01-31
2026-01-06,AporEnerMediHist,137790000,kWh,xm:servapibi,2026-09-22T19:28:49Z,xm/2026/01/AporEnerMediHist_Sistema.2026-01-01.ndjson#AporEnerMediHist:Sistema:2026-01-01:2026-01-31
2026-01-06,CapaUtilDiarEner,16893581733,kWh,xm:servapibi,2026-09-22T19:28:46Z,xm/2026/01/CapaUtilDiarEner_Sistema.2026-01-01.ndjson#CapaUtilDiarEner:Sistema:2026-01-01:2026-01-31
2026-01-06,DemaSIN,229335338.65,kWh,xm:servapibi,2026-09-22T19:28:51Z,xm/2026/01/DemaSIN_Sistema.2026-01-01.ndjson#DemaSIN:Sistema:2026-01-01:2026-01-31
2026-01-06,PorcApor,1.53052,fraction,xm:servapibi,2026-09-22T19:28:50Z,xm/2026/01/PorcApor_Sistema.2026-01-01.ndjson#PorcApor:Sistema:2026-01-01:2026-01-31
2026-01-06,PorcVoluUtilDiar,0.79942,fraction,xm:servapibi,2026-09-22T19:28:43Z,xm/2026/01/PorcVoluUtilDiar_Sistema.2026-01-01.ndjson#PorcVoluUtilDiar:Sistema:2026-01-01:2026-01-31
2026-01-06,PrecBolsNaci,317.92793000000006,COP/kWh,xm:servapibi,2026-09-22T19:28:54Z,xm/2026/01/PrecBolsNaci_Sistema.2026-01-01.ndjson#PrecBolsNaci:Sistema:2026-01-01:2026-01-31
2026-01-06,VoluUtilDiarEner,13504993200,kWh,xm:servapibi,2026-09-22T19:28:45Z,xm/2026/01/VoluUtilDiarEner_Sistema.2026-01-01.ndjson#VoluUtilDiarEner:Sistema:2026-01-01:2026-01-31
2026-01-07,AporEner,235278948.14,kWh,xm:servapibi,2026-09-22T19:28:47Z,xm/2026/01/AporEner_Sistema.2026-01-01.ndjson#AporEner:Sistema:2026-01-01:2026-01-31
2026-01-07,AporEnerMediHist,137790000,kWh,xm:servapibi,2026-09-22T19:28:49Z,xm/2026/01/AporEnerMediHist_Sistema.2026-01-01.ndjson#AporEnerMediHist:Sistema:2026-01-01:2026-01-31
2026-01-07,CapaUtilDiarEner,16893581733,kWh,xm:servapibi,2026-09-22T19:28:46Z,xm/2026/01/CapaUtilDiarEner_Sistema.2026-01-01.ndjson#CapaUtilDiarEner:Sistema:2026-01-01:2026-01-31
2026-01-07,DemaSIN,232369964.55,kWh,xm:servapibi,2026-09-22T19:28:51Z,xm/2026/01/DemaSIN_Sistema.2026-01-01.ndjson#DemaSIN:Sistema:2026-01-01:2026-01-31
2026-01-07,PorcApor,1.70752,fraction,xm:servapibi,2026-09-22T19:28:50Z,xm/2026/01/PorcApor_Sistema.2026-01-01.ndjson#PorcApor:Sistema:2026-01-01:2026-01-31
2026-01-07,PorcVoluUtilDiar,0.80153,fraction,xm:servapibi,2026-09-22T19:28:43Z,xm/2026/01/PorcVoluUtilDiar_Sistema.2026-01-01.ndjson#PorcVoluUtilDiar:Sistema:2026-01-01:2026-01-31
2026-01-07,PrecBolsNaci,274.23667833333326,COP/kWh,xm:servapibi,2026-09-22T19:28:54Z,xm/2026/01/PrecBolsNaci_Sistema.2026-01-01.ndjson#PrecBolsNaci:Sistema:2026-01-01:2026-01-31
2026-01-07,VoluUtilDiarEner,13540772200,kWh,xm:servapibi,2026-09-22T19:28:45Z,xm/2026/01/VoluUtilDiarEner_Sistema.2026-01-01.ndjson#VoluUtilDiarEner:Sistema:2026-01-01:2026-01-31
2026-01-08,AporEner,177504130.84,kWh,xm:servapibi,2026-09-22T19:28:47Z,xm/2026/01/AporEner_Sistema.2026-01-01.ndjson#AporEner:Sistema:2026-01-01:2026-01-31
2026-01-08,AporEnerMediHist,137790000,kWh,xm:servapibi,2026-09-22T19:28:49Z,xm/2026/01/AporEnerMediHist_Sistema.2026-01-01.ndjson#AporEnerMediHist:Sistema:2026-01-01:2026-01-31
2026-01-08,CapaUtilDiarEner,16906526180,kWh,xm:servapibi,2026-09-22T19:28:46Z,xm/2026/01/CapaUtilDiarEner_Sistema.2026-01-01.ndjson#CapaUtilDiarEner:Sistema:2026-01-01:2026-01-31
2026-01-08,DemaSIN,235440635.27,kWh,xm:servapibi,2026-09-22T19:28:51Z,xm/2026/01/DemaSIN_Sistema.2026-01-01.ndjson#DemaSIN:Sistema:2026-01-01:2026-01-31
2026-01-08,PorcApor,1.28822,fraction,xm:servapibi,2026-09-22T19:28:50Z,xm/2026/01/PorcApor_Sistema.2026-01-01.ndjson#PorcApor:Sistema:2026-01-01:2026-01-31
2026-01-08,PorcVoluUtilDiar,0.79904,fraction,xm:servapibi,2026-09-22T19:28:43Z,xm/2026/01/PorcVoluUtilDiar_Sistema.2026-01-01.ndjson#PorcVoluUtilDiar:Sistema:2026-01-01:2026-01-31
2026-01-08,PrecBolsNaci,189.65700333333336,COP/kWh,xm:servapibi,2026-09-22T19:28:54Z,xm/2026/01/PrecBolsNaci_Sistema.2026-01-01.ndjson#PrecBolsNaci:Sistema:2026-01-01:2026-01-31
2026-01-08,VoluUtilDiarEner,13509020600,kWh,xm:servapibi,2026-09-22T19:28:45Z,xm/2026/01/VoluUtilDiarEner_Sistema.2026-01-01.ndjson#VoluUtilDiarEner:Sistema:2026-01-01:2026-01-31
2026-01-09,AporEner,178429467.71,kWh,xm:servapibi,2026-09-22T19:28:47Z,xm/2026/01/AporEner_Sistema.2026-01-01.ndjson#AporEner:Sistema:2026-01-01:2026-01-31
2026-01-09,AporEnerMediHist,137790000,kWh,xm:servapibi,2026-09-22T19:28:49Z,xm/2026/01/AporEnerMediHist_Sistema.2026-01-01.ndjson#AporEnerMediHist:Sistema:2026-01-01:2026-01-31
2026-01-09,CapaUtilDiarEner,16906526180,kWh,xm:servapibi,2026-09-22T19:28:46Z,xm/2026/01/CapaUtilDiarEner_Sistema.2026-01-01.ndjson#CapaUtilDiarEner:Sistema:2026-01-01:2026-01-31
2026-01-09,DemaSIN,237905167.81,kWh,xm:servapibi,2026-09-22T19:28:51Z,xm/2026/01/DemaSIN_Sistema.2026-01-01.ndjson#DemaSIN:Sistema:2026-01-01:2026-01-31
2026-01-09,PorcApor,1.29494,fraction,xm:servapibi,2026-09-22T19:28:50Z,xm/2026/01/PorcApor_Sistema.2026-01-01.ndjson#PorcApor:Sistema:2026-01-01:2026-01-31
2026-01-09,PorcVoluUtilDiar,0.79639,fraction,xm:servapibi,2026-09-22T19:28:43Z,xm/2026/01/PorcVoluUtilDiar_Sistema.2026-01-01.ndjson#PorcVoluUtilDiar:Sistema:2026-01-01:2026-01-31
2026-01-09,PrecBolsNaci,196.53547666666665,COP/kWh,xm:servapibi,2026-09-22T19:28:54Z,xm/2026/01/PrecBolsNaci_Sistema.2026-01-01.ndjson#PrecBolsNaci:Sistema:2026-01-01:2026-01-31
2026-01-09,VoluUtilDiarEner,13464220400,kWh,xm:servapibi,2026-09-22T19:28:45Z,xm/2026/01/VoluUtilDiarEner_Sistema.2026-01-01.ndjson#VoluUtilDiarEner:Sistema:2026-01-01:2026-01-31
2026-01-10,AporEner,186974627.74,kWh,xm:servapibi,2026-09-22T19:28:47Z,xm/2026/01/AporEner_Sistema.2026-01-01.ndjson#AporEner:Sistema:2026-01-01:2026-01-31
2026-01-10,AporEnerMediHist,137790000,kWh,xm:servapibi,2026-09-22T19:28:49Z,xm/2026/01/AporEnerMediHist_Sistema.2026-01-01.ndjson#AporEnerMediHist:Sistema:2026-01-01:2026-01-31
2026-01-10,CapaUtilDiarEner,16906526180,kWh,xm:servapibi,2026-09-22T19:28:46Z,xm/2026/01/CapaUtilDiarEner_Sistema.2026-01-01.ndjson#CapaUtilDiarEner:Sistema:2026-01-01:2026-01-31
2026-01-10,DemaSIN,227157091.23,kWh,xm:servapibi,2026-09-22T19:28:51Z,xm/2026/01/DemaSIN_Sistema.2026-01-01.ndjson#DemaSIN:Sistema:2026-01-01:2026-01-31
2026-01-10,PorcApor,1.35695,fraction,xm:servapibi,2026-09-22T19:28:50Z,xm/2026/01/PorcApor_Sistema.2026-01-01.ndjson#PorcApor:Sistema:2026-01-01:2026-01-31
2026-01-10,PorcVoluUtilDiar,0.79575,fraction,xm:servapibi,2026-09-22T19:28:43Z,xm/2026/01/PorcVoluUtilDiar_Sistema.2026-01-01.ndjson#PorcVoluUtilDiar:Sistema:2026-01-01:2026-01-31
2026-01-10,PrecBolsNaci,194.16747333333333,COP/kWh,xm:servapibi,2026-09-22T19:28:54Z,xm/2026/01/PrecBolsNaci_Sistema.2026-01-01.ndjson#PrecBolsNaci:Sistema:2026-01-01:2026-01-31
2026-01-10,VoluUtilDiarEner,13453325800,kWh,xm:servapibi,2026-09-22T19:28:45Z,xm/2026/01/VoluUtilDiarEner_Sistema.2026-01-01.ndjson#VoluUtilDiarEner:Sistema:2026-01-01:2026-01-31
2026-01-11,AporEner,225121507.4,kWh,xm:servapibi,2026-09-22T19:28:47Z,xm/2026/01/AporEner_Sistema.2026-01-01.ndjson#AporEner:Sistema:2026-01-01:2026-01-31
2026-01-11,AporEnerMediHist,137790000,kWh,xm:servapibi,2026-09-22T19:28:49Z,xm/2026/01/AporEnerMediHist_Sistema.2026-01-01.ndjson#AporEnerMediHist:Sistema:2026-01-01:2026-01-31
2026-01-11,CapaUtilDiarEner,16906526180,kWh,xm:servapibi,2026-09-22T19:28:46Z,xm/2026/01/CapaUtilDiarEner_Sistema.2026-01-01.ndjson#CapaUtilDiarEner:Sistema:2026-01-01:2026-01-31
2026-01-11,DemaSIN,209242058.11,kWh,xm:servapibi,2026-09-22T19:28:51Z,xm/2026/01/DemaSIN_Sistema.2026-01-01.ndjson#DemaSIN:Sistema:2026-01-01:2026-01-31
2026-01-11,PorcApor,1.6338,fraction,xm:servapibi,2026-09-22T19:28:50Z,xm/2026/01/PorcApor_Sistema.2026-01-01.ndjson#PorcApor:Sistema:2026-01-01:2026-01-31
2026-01-11,PorcVoluUtilDiar,0.79736,fraction,xm:servapibi,2026-09-22T19:28:43Z,xm/2026/01/PorcVoluUtilDiar_Sistema.2026-01-01.ndjson#PorcVoluUtilDiar:Sistema:2026-01-01:2026-01-31
2026-01-11,PrecBolsNaci,124.86699499999996,COP/kWh,xm:servapibi,2026-09-22T19:28:54Z,xm/2026/01/PrecBolsNaci_Sistema.2026-01-01.ndjson#PrecBolsNaci:Sistema:2026-01-01:2026-01-31
2026-01-11,VoluUtilDiarEner,13480517900,kWh,xm:servapibi,2026-09-22T19:28:45Z,xm/2026/01/VoluUtilDiarEner_Sistema.2026-01-01.ndjson#VoluUtilDiarEner:Sistema:2026-01-01:2026-01-31
2026-01-12,AporEner,285385764.67,kWh,xm:servapibi,2026-09-22T19:28:47Z,xm/2026/01/AporEner_Sistema.2026-01-01.ndjson#AporEner:Sistema:2026-01-01:2026-01-31
2026-01-12,AporEnerMediHist,137790000,kWh,xm:servapibi,2026-09-22T19:28:49Z,xm/2026/01/AporEnerMediHist_Sistema.2026-01-01.ndjson#AporEnerMediHist:Sistema:2026-01-01:2026-01-31
2026-01-12,CapaUtilDiarEner,16906526180,kWh,xm:servapibi,2026-09-22T19:28:46Z,xm/2026/01/CapaUtilDiarEner_Sistema.2026-01-01.ndjson#CapaUtilDiarEner:Sistema:2026-01-01:2026-01-31
2026-01-12,DemaSIN,211815649.49,kWh,xm:servapibi,2026-09-22T19:28:51Z,xm/2026/01/DemaSIN_Sistema.2026-01-01.ndjson#DemaSIN:Sistema:2026-01-01:2026-01-31
2026-01-12,PorcApor,2.07116,fraction,xm:servapibi,2026-09-22T19:28:50Z,xm/2026/01/PorcApor_Sistema.2026-01-01.ndjson#PorcApor:Sistema:2026-01-01:2026-01-31
2026-01-12,PorcVoluUtilDiar,0.80099,fraction,xm:servapibi,2026-09-22T19:28:43Z,xm/2026/01/PorcVoluUtilDiar_Sistema.2026-01-01.ndjson#PorcVoluUtilDiar:Sistema:2026-01-01:2026-01-31
2026-01-12,PrecBolsNaci,159.93596500000004,COP/kWh,xm:servapibi,2026-09-22T19:28:54Z,xm/2026/01/PrecBolsNaci_Sistema.2026-01-01.ndjson#PrecBolsNaci:Sistema:2026-01-01:2026-01-31
2026-01-12,VoluUtilDiarEner,13541930600,kWh,xm:servapibi,2026-09-22T19:28:45Z,xm/2026/01/VoluUtilDiarEner_Sistema.2026-01-01.ndjson#VoluUtilDiarEner:Sistema:2026-01-01:2026-01-31
2026-01-13,AporEner,289505994.85,kWh,xm:servapibi,2026-09-22T19:28:47Z,xm/2026/01/AporEner_Sistema.2026-01-01.ndjson#AporEner:Sistema:2026-01-01:2026-01-31
2026-01-13,AporEnerMediHist,137790000,kWh,xm:servapibi,2026-09-22T19:28:49Z,xm/2026/01/AporEnerMediHist_Sistema.2026-01-01.ndjson#AporEnerMediHist:Sistema:2026-01-01:2026-01-31
2026-01-13,CapaUtilDiarEner,16906526180,kWh,xm:servapibi,2026-09-22T19:28:46Z,xm/2026/01/CapaUtilDiarEner_Sistema.2026-01-01.ndjson#CapaUtilDiarEner:Sistema:2026-01-01:2026-01-31
2026-01-13,DemaSIN,232899279.02,kWh,xm:servapibi,2026-09-22T19:28:51Z,xm/2026/01/DemaSIN_Sistema.2026-01-01.ndjson#DemaSIN:Sistema:2026-01-01:2026-01-31
2026-01-13,PorcApor,2.10107,fraction,xm:servapibi,2026-09-22T19:28:50Z,xm/2026/01/PorcApor_Sistema.2026-01-01.ndjson#PorcApor:Sistema:2026-01-01:2026-01-31
2026-01-13,PorcVoluUtilDiar,0.80208,fraction,xm:servapibi,2026-09-22T19:28:43Z,xm/2026/01/PorcVoluUtilDiar_Sistema.2026-01-01.ndjson#PorcVoluUtilDiar:Sistema:2026-01-01:2026-01-31
2026-01-13,PrecBolsNaci,146.55197333333336,COP/kWh,xm:servapibi,2026-09-22T19:28:54Z,xm/2026/01/PrecBolsNaci_Sistema.2026-01-01.ndjson#PrecBolsNaci:Sistema:2026-01-01:2026-01-31
2026-01-13,VoluUtilDiarEner,13560316700,kWh,xm:servapibi,2026-09-22T19:28:45Z,xm/2026/01/VoluUtilDiarEner_Sistema.2026-01-01.ndjson#VoluUtilDiarEner:Sistema:2026-01-01:2026-01-31
2026-01-14,AporEner,275173694.94,kWh,xm:servapibi,2026-09-22T19:28:47Z,xm/2026/01/AporEner_Sistema.2026-01-01.ndjson#AporEner:Sistema:2026-01-01:2026-01-31
2026-01-14,AporEnerMediHist,137790000,kWh,xm:servapibi,2026-09-22T19:28:49Z,xm/2026/01/AporEnerMediHist_Sistema.2026-01-01.ndjson#AporEnerMediHist:Sistema:2026-01-01:2026-01-31
2026-01-14,CapaUtilDiarEner,16906526180,kWh,xm:servapibi,2026-09-22T19:28:46Z,xm/2026/01/CapaUtilDiarEner_Sistema.2026-01-01.ndjson#CapaUtilDiarEner:Sistema:2026-01-01:2026-01-31
2026-01-14,DemaSIN,237393761.47,kWh,xm:servapibi,2026-09-22T19:28:51Z,xm/2026/01/DemaSIN_Sistema.2026-01-01.ndjson#DemaSIN:Sistema:2026-01-01:2026-01-31
2026-01-14,PorcApor,1.99705,fraction,xm:servapibi,2026-09-22T19:28:50Z,xm/2026/01/PorcApor_Sistema.2026-01-01.ndjson#PorcApor:Sistema:2026-01-01:2026-01-31
2026-01-14,PorcVoluUtilDiar,0.80322,fraction,xm:servapibi,2026-09-22T19:28:43Z,xm/2026/01/PorcVoluUtilDiar_Sistema.2026-01-01.ndjson#PorcVoluUtilDiar:Sistema:2026-01-01:2026-01-31
2026-01-14,PrecBolsNaci,137.66221333333326,COP/kWh,xm:servapibi,2026-09-22T19:28:54Z,xm/2026/01/PrecBolsNaci_Sistema.2026-01-01.ndjson#PrecBolsNaci:Sistema:2026-01-01:2026-01-31
2026-01-14,VoluUtilDiarEner,13579695900,kWh,xm:servapibi,2026-09-22T19:28:45Z,xm/2026/01/VoluUtilDiarEner_Sistema.2026-01-01.ndjson#VoluUtilDiarEner:Sistema:2026-01-01:2026-01-31
2026-01-15,AporEner,258044915.68,kWh,xm:servapibi,2026-09-22T19:28:47Z,xm/2026/01/AporEner_Sistema.2026-01-01.ndjson#AporEner:Sistema:2026-01-01:2026-01-31
2026-01-15,AporEnerMediHist,137790000,kWh,xm:servapibi,2026-09-22T19:28:49Z,xm/2026/01/AporEnerMediHist_Sistema.2026-01-01.ndjson#AporEnerMediHist:Sistema:2026-01-01:2026-01-31
2026-01-15,CapaUtilDiarEner,16906526180,kWh,xm:servapibi,2026-09-22T19:28:46Z,xm/2026/01/CapaUtilDiarEner_Sistema.2026-01-01.ndjson#CapaUtilDiarEner:Sistema:2026-01-01:2026-01-31
2026-01-15,DemaSIN,240306920.78,kWh,xm:servapibi,2026-09-22T19:28:51Z,xm/2026/01/DemaSIN_Sistema.2026-01-01.ndjson#DemaSIN:Sistema:2026-01-01:2026-01-31
2026-01-15,PorcApor,1.87274,fraction,xm:servapibi,2026-09-22T19:28:50Z,xm/2026/01/PorcApor_Sistema.2026-01-01.ndjson#PorcApor:Sistema:2026-01-01:2026-01-31
2026-01-15,PorcVoluUtilDiar,0.80313,fraction,xm:servapibi,2026-09-22T19:28:43Z,xm/2026/01/PorcVoluUtilDiar_Sistema.2026-01-01.ndjson#PorcVoluUtilDiar:Sistema:2026-01-01:2026-01-31
2026-01-15,PrecBolsNaci,143.40164833333333,COP/kWh,xm:servapibi,2026-09-22T19:28:54Z,xm/2026/01/PrecBolsNaci_Sistema.2026-01-01.ndjson#PrecBolsNaci:Sistema:2026-01-01:2026-01-31
2026-01-15,VoluUtilDiarEner,13578152000,kWh,xm:servapibi,2026-09-22T19:28:45Z,xm/2026/01/VoluUtilDiarEner_Sistema.2026-01-01.ndjson#VoluUtilDiarEner:Sistema:2026-01-01:2026-01-31
2026-01-16,AporEner,240404148.28,kWh,xm:servapibi,2026-09-22T19:28:47Z,xm/2026/01/AporEner_Sistema.2026-01-01.ndjson#AporEner:Sistema:2026-01-01:2026-01-31
2026-01-16,AporEnerMediHist,137790000,kWh,xm:servapibi,2026-09-22T19:28:49Z,xm/2026/01/AporEnerMediHist_Sistema.2026-01-01.ndjson#AporEnerMediHist:Sistema:2026-01-01:2026-01-31
2026-01-16,CapaUtilDiarEner,16906526180,kWh,xm:servapibi,2026-09-22T19:28:46Z,xm/2026/01/CapaUtilDiarEner_Sistema.2026-01-01.ndjson#CapaUtilDiarEner:Sistema:2026-01-01:2026-01-31
2026-01-16,DemaSIN,240441376.17,kWh,xm:servapibi,2026-09-22T19:28:51Z,xm/2026/01/DemaSIN_Sistema.2026-01-01.ndjson#DemaSIN:Sistema:2026-01-01:2026-01-31
2026-01-16,PorcApor,1.74471,fraction,xm:servapibi,2026-09-22T19:28:50Z,xm/2026/01/PorcApor_Sistema.2026-01-01.ndjson#PorcApor:Sistema:2026-01-01:2026-01-31
2026-01-16,PorcVoluUtilDiar,0.80207,fraction,xm:servapibi,2026-09-22T19:28:43Z,xm/2026/01/PorcVoluUtilDiar_Sistema.2026-01-01.ndjson#PorcVoluUtilDiar:Sistema:2026-01-01:2026-01-31
2026-01-16,PrecBolsNaci,117.77611666666665,COP/kWh,xm:servapibi,2026-09-22T19:28:54Z,xm/2026/01/PrecBolsNaci_Sistema.2026-01-01.ndjson#PrecBolsNaci:Sistema:2026-01-01:2026-01-31
2026-01-16,VoluUtilDiarEner,13560221600,kWh,xm:servapibi,2026-09-22T19:28:45Z,xm/2026/01/VoluUtilDiarEner_Sistema.2026-01-01.ndjson#VoluUtilDiarEner:Sistema:2026-01-01:2026-01-31
2026-01-17,AporEner,197797400.11,kWh,xm:servapibi,2026-09-22T19:28:47Z,xm/2026/01/AporEner_Sistema.2026-01-01.ndjson#AporEner:Sistema:2026-01-01:2026-01-31
2026-01-17,AporEnerMediHist,137790000,kWh,xm:servapibi,2026-09-22T19:28:49Z,xm/2026/01/AporEnerMediHist_Sistema.2026-01-01.ndjson#AporEnerMediHist:Sistema:2026-01-01:2026-01-31
2026-01-17,CapaUtilDiarEner,16906526180,kWh,xm:servapibi,2026-09-22T19:28:46Z,xm/2026/01/CapaUtilDiarEner_Sistema.2026-01-01.ndjson#CapaUtilDiarEner:Sistema:2026-01-01:2026-01-31
2026-01-17,DemaSIN,232678481.09,kWh,xm:servapibi,2026-09-22T19:28:51Z,xm/2026/01/DemaSIN_Sistema.2026-01-01.ndjson#DemaSIN:Sistema:2026-01-01:2026-01-31
2026-01-17,PorcApor,1.4355,fraction,xm:servapibi,2026-09-22T19:28:50Z,xm/2026/01/PorcApor_Sistema.2026-01-01.ndjson#PorcApor:Sistema:2026-01-01:2026-01-31
2026-01-17,PorcVoluUtilDiar,0.80036,fraction,xm:servapibi,2026-09-22T19:28:43Z,xm/2026/01/PorcVoluUtilDiar_Sistema.2026-01-01.ndjson#PorcVoluUtilDiar:Sistema:2026-01-01:2026-01-31
2026-01-17,PrecBolsNaci,107.25602666666668,COP/kWh,xm:servapibi,2026-09-22T19:28:54Z,xm/2026/01/PrecBolsNaci_Sistema.2026-01-01.ndjson#PrecBolsNaci:Sistema:2026-01-01:2026-01-31
2026-01-17,VoluUtilDiarEner,13531333500,kWh,xm:servapibi,2026-09-22T19:28:45Z,xm/2026/01/VoluUtilDiarEner_Sistema.2026-01-01.ndjson#VoluUtilDiarEner:Sistema:2026-01-01:2026-01-31
2026-01-18,AporEner,170133649.03,kWh,xm:servapibi,2026-09-22T19:28:47Z,xm/2026/01/AporEner_Sistema.2026-01-01.ndjson#AporEner:Sistema:2026-01-01:2026-01-31
2026-01-18,AporEnerMediHist,137790000,kWh,xm:servapibi,2026-09-22T19:28:49Z,xm/2026/01/AporEnerMediHist_Sistema.2026-01-01.ndjson#AporEnerMediHist:Sistema:2026-01-01:2026-01-31
2026-01-18,CapaUtilDiarEner,16906526180,kWh,xm:servapibi,2026-09-22T19:28:46Z,xm/2026/01/CapaUtilDiarEner_Sistema.2026-01-01.ndjson#CapaUtilDiarEner:Sistema:2026-01-01:2026-01-31
2026-01-18,DemaSIN,216596949.81,kWh,xm:servapibi,2026-09-22T19:28:51Z,xm/2026/01/DemaSIN_Sistema.2026-01-01.ndjson#DemaSIN:Sistema:2026-01-01:2026-01-31
2026-01-18,PorcApor,1.23473,fraction,xm:servapibi,2026-09-22T19:28:50Z,xm/2026/01/PorcApor_Sistema.2026-01-01.ndjson#PorcApor:Sistema:2026-01-01:2026-01-31
2026-01-18,PorcVoluUtilDiar,0.79854,fraction,xm:servapibi,2026-09-22T19:28:43Z,xm/2026/01/PorcVoluUtilDiar_Sistema.2026-01-01.ndjson#PorcVoluUtilDiar:Sistema:2026-01-01:2026-01-31
2026-01-18,PrecBolsNaci,115.63509666666668,COP/kWh,xm:servapibi,2026-09-22T19:28:54Z,xm/2026/01/PrecBolsNaci_Sistema.2026-01-01.ndjson#PrecBolsNaci:Sistema:2026-01-01:2026-01-31
2026-01-18,VoluUtilDiarEner,13500532700,kWh,xm:servapibi,2026-09-22T19:28:45Z,xm/2026/01/VoluUtilDiarEner_Sistema.2026-01-01.ndjson#VoluUtilDiarEner:Sistema:2026-01-01:2026-01-31
2026-01-19,AporEner,156772032.38,kWh,xm:servapibi,2026-09-22T19:28:47Z,xm/2026/01/AporEner_Sistema.2026-01-01.ndjson#AporEner:Sistema:2026-01-01:2026-01-31
2026-01-19,AporEnerMediHist,137790000,kWh,xm:servapibi,2026-09-22T19:28:49Z,xm/2026/01/AporEnerMediHist_Sistema.2026-01-01.ndjson#AporEnerMediHist:Sistema:2026-01-01:2026-01-31
2026-01-19,CapaUtilDiarEner,16906526180,kWh,xm:servapibi,2026-09-22T19:28:46Z,xm/2026/01/CapaUtilDiarEner_Sistema.2026-01-01.ndjson#CapaUtilDiarEner:Sistema:2026-01-01:2026-01-31
2026-01-19,DemaSIN,242893856.16,kWh,xm:servapibi,2026-09-22T19:28:51Z,xm/2026/01/DemaSIN_Sistema.2026-01-01.ndjson#DemaSIN:Sistema:2026-01-01:2026-01-31
2026-01-19,PorcApor,1.13776,fraction,xm:servapibi,2026-09-22T19:28:50Z,xm/2026/01/PorcApor_Sistema.2026-01-01.ndjson#PorcApor:Sistema:2026-01-01:2026-01-31
2026-01-19,PorcVoluUtilDiar,0.79438,fraction,xm:servapibi,2026-09-22T19:28:43Z,xm/2026/01/PorcVoluUtilDiar_Sistema.2026-01-01.ndjson#PorcVoluUtilDiar:Sistema:2026-01-01:2026-01-31
2026-01-19,PrecBolsNaci,147.70790999999997,COP/kWh,xm:servapibi,2026-09-22T19:28:54Z,xm/2026/01/PrecBolsNaci_Sistema.2026-01-01.ndjson#PrecBolsNaci:Sistema:2026-01-01:2026-01-31
2026-01-19,VoluUtilDiarEner,13430123800,kWh,xm:servapibi,2026-09-22T19:28:45Z,xm/2026/01/VoluUtilDiarEner_Sistema.2026-01-01.ndjson#VoluUtilDiarEner:Sistema:2026-01-01:2026-01-31
2026-01-20,AporEner,152412481.89,kWh,xm:servapibi,2026-09-22T19:28:47Z,xm/2026/01/AporEner_Sistema.2026-01-01.ndjson#AporEner:Sistema:2026-01-01:2026-01-31
2026-01-20,AporEnerMediHist,137790000,kWh,xm:servapibi,2026-09-22T19:28:49Z,xm/2026/01/AporEnerMediHist_Sistema.2026-01-01.ndjson#AporEnerMediHist:Sistema:2026-01-01:2026-01-31
2026-01-20,CapaUtilDiarEner,16906526180,kWh,xm:servapibi,2026-09-22T19:28:46Z,xm/2026/01/CapaUtilDiarEner_Sistema.2026-01-01.ndjson#CapaUtilDiarEner:Sistema:2026-01-01:2026-01-31
2026-01-20,DemaSIN,243890423.79,kWh,xm:servapibi,2026-09-22T19:28:51Z,xm/2026/01/DemaSIN_Sistema.2026-01-01.ndjson#DemaSIN:Sistema:2026-01-01:2026-01-31
2026-01-20,PorcApor,1.10612,fraction,xm:servapibi,2026-09-22T19:28:50Z,xm/2026/01/PorcApor_Sistema.2026-01-01.ndjson#PorcApor:Sistema:2026-01-01:2026-01-31
2026-01-20,PorcVoluUtilDiar,0.7899,fraction,xm:servapibi,2026-09-22T19:28:43Z,xm/2026/01/PorcVoluUtilDiar_Sistema.2026-01-01.ndjson#PorcVoluUtilDiar:Sistema:2026-01-01:2026-01-31
2026-01-20,PrecBolsNaci,176.90200333333328,COP/kWh,xm:servapibi,2026-09-22T19:28:54Z,xm/2026/01/PrecBolsNaci_Sistema.2026-01-01.ndjson#PrecBolsNaci:Sistema:2026-01-01:2026-01-31
2026-01-20,VoluUtilDiarEner,13354422700,kWh,xm:servapibi,2026-09-22T19:28:45Z,xm/2026/01/VoluUtilDiarEner_Sistema.2026-01-01.ndjson#VoluUtilDiarEner:Sistema:2026-01-01:2026-01-31
2026-01-21,AporEner,147555989.63,kWh,xm:servapibi,2026-09-22T19:28:47Z,xm/2026/01/AporEner_Sistema.2026-01-01.ndjson#AporEner:Sistema:2026-01-01:2026-01-31
2026-01-21,AporEnerMediHist,137790000,kWh,xm:servapibi,2026-09-22T19:28:49Z,xm/2026/01/AporEnerMediHist_Sistema.2026-01-01.ndjson#AporEnerMediHist:Sistema:2026-01-01:2026-01-31
2026-01-21,CapaUtilDiarEner,16906526180,kWh,xm:servapibi,2026-09-22T19:28:46Z,xm/2026/01/CapaUtilDiarEner_Sistema.2026-01-01.ndjson#CapaUtilDiarEner:Sistema:2026-01-01:2026-01-31
2026-01-21,DemaSIN,245789625.72,kWh,xm:servapibi,2026-09-22T19:28:51Z,xm/2026/01/DemaSIN_Sistema.2026-01-01.ndjson#DemaSIN:Sistema:2026-01-01:2026-01-31
2026-01-21,PorcApor,1.07088,fraction,xm:servapibi,2026-09-22T19:28:50Z,xm/2026/01/PorcApor_Sistema.2026-01-01.ndjson#PorcApor:Sistema:2026-01-01:2026-01-31
2026-01-21,PorcVoluUtilDiar,0.78517,fraction,xm:servapibi,2026-09-22T19:28:43Z,xm/2026/01/PorcVoluUtilDiar_Sistema.2026-01-01.ndjson#PorcVoluUtilDiar:Sistema:2026-01-01:2026-01-31
2026-01-21,PrecBolsNaci,181.6319066666667,COP/kWh,xm:servapibi,2026-09-22T19:28:54Z,xm/2026/01/PrecBolsNaci_Sistema.2026-01-01.ndjson#PrecBolsNaci:Sistema:2026-01-01:2026-01-31
2026-01-21,VoluUtilDiarEner,13274412700,kWh,xm:servapibi,2026-09-22T19:28:45Z,xm/2026/01/VoluUtilDiarEner_Sistema.2026-01-01.ndjson#VoluUtilDiarEner:Sistema:2026-01-01:2026-01-31
2026-01-22,AporEner,156254769.68,kWh,xm:servapibi,2026-09-22T19:28:47Z,xm/2026/01/AporEner_Sistema.2026-01-01.ndjson#AporEner:Sistema:2026-01-01:2026-01-31
2026-01-22,AporEnerMediHist,137790000,kWh,xm:servapibi,2026-09-22T19:28:49Z,xm/2026/01/AporEnerMediHist_Sistema.2026-01-01.ndjson#AporEnerMediHist:Sistema:2026-01-01:2026-01-31
2026-01-22,CapaUtilDiarEner,16906526180,kWh,xm:servapibi,2026-09-22T19:28:46Z,xm/2026/01/CapaUtilDiarEner_Sistema.2026-01-01.ndjson#CapaUtilDiarEner:Sistema:2026-01-01:2026-01-31
2026-01-22,DemaSIN,246811604.53,kWh,xm:servapibi,2026-09-22T19:28:51Z,xm/2026/01/DemaSIN_Sistema.2026-01-01.ndjson#DemaSIN:Sistema:2026-01-01:2026-01-31
2026-01-22,PorcApor,1.13401,fraction,xm:servapibi,2026-09-22T19:28:50Z,xm/2026/01/PorcApor_Sistema.2026-01-01.ndjson#PorcApor:Sistema:2026-01-01:2026-01-31
2026-01-22,PorcVoluUtilDiar,0.78038,fraction,xm:servapibi,2026-09-22T19:28:43Z,xm/2026/01/PorcVoluUtilDiar_Sistema.2026-01-01.ndjson#PorcVoluUtilDiar:Sistema:2026-01-01:2026-01-31
2026-01-22,PrecBolsNaci,188.56677000000002,COP/kWh,xm:servapibi,2026-09-22T19:28:54Z,xm/2026/01/PrecBolsNaci_Sistema.2026-01-01.ndjson#PrecBolsNaci:Sistema:2026-01-01:2026-01-31
2026-01-22,VoluUtilDiarEner,13193443400,kWh,xm:servapibi,2026-09-22T19:28:45Z,xm/2026/01/VoluUtilDiarEner_Sistema.2026-01-01.ndjson#VoluUtilDiarEner:Sistema:2026-01-01:2026-01-31
2026-01-23,AporEner,152734205.58,kWh,xm:servapibi,2026-09-22T19:28:47Z,xm/2026/01/AporEner_Sistema.2026-01-01.ndjson#AporEner:Sistema:2026-01-01:2026-01-31
2026-01-23,AporEnerMediHist,137790000,kWh,xm:servapibi,2026-09-22T19:28:49Z,xm/2026/01/AporEnerMediHist_Sistema.2026-01-01.ndjson#AporEnerMediHist:Sistema:2026-01-01:2026-01-31
2026-01-23,CapaUtilDiarEner,16906526180,kWh,xm:servapibi,2026-09-22T19:28:46Z,xm/2026/01/CapaUtilDiarEner_Sistema.2026-01-01.ndjson#CapaUtilDiarEner:Sistema:2026-01-01:2026-01-31
2026-01-23,DemaSIN,243613150.41,kWh,xm:servapibi,2026-09-22T19:28:51Z,xm/2026/01/DemaSIN_Sistema.2026-01-01.ndjson#DemaSIN:Sistema:2026-01-01:2026-01-31
2026-01-23,PorcApor,1.10846,fraction,xm:servapibi,2026-09-22T19:28:50Z,xm/2026/01/PorcApor_Sistema.2026-01-01.ndjson#PorcApor:Sistema:2026-01-01:2026-01-31
2026-01-23,PorcVoluUtilDiar,0.77617,fraction,xm:servapibi,2026-09-22T19:28:43Z,xm/2026/01/PorcVoluUtilDiar_Sistema.2026-01-01.ndjson#PorcVoluUtilDiar:Sistema:2026-01-01:2026-01-31
2026-01-23,PrecBolsNaci,202.9358333333333,COP/kWh,xm:servapibi,2026-09-22T19:28:54Z,xm/2026/01/PrecBolsNaci_Sistema.2026-01-01.ndjson#PrecBolsNaci:Sistema:2026-01-01:2026-01-31
2026-01-23,VoluUtilDiarEner,13122379400,kWh,xm:servapibi,2026-09-22T19:28:45Z,xm/2026/01/VoluUtilDiarEner_Sistema.2026-01-01.ndjson#VoluUtilDiarEner:Sistema:2026-01-01:2026-01-31
2026-01-24,AporEner,150008917.37,kWh,xm:servapibi,2026-09-22T19:28:47Z,xm/2026/01/AporEner_Sistema.2026-01-01.ndjson#AporEner:Sistema:2026-01-01:2026-01-31
2026-01-24,AporEnerMediHist,137790000,kWh,xm:servapibi,2026-09-22T19:28:49Z,xm/2026/01/AporEnerMediHist_Sistema.2026-01-01.ndjson#AporEnerMediHist:Sistema:2026-01-01:2026-01-31
2026-01-24,CapaUtilDiarEner,16906526180,kWh,xm:servapibi,2026-09-22T19:28:46Z,xm/2026/01/CapaUtilDiarEner_Sistema.2026-01-01.ndjson#CapaUtilDiarEner:Sistema:2026-01-01:2026-01-31
2026-01-24,DemaSIN,233255777.54,kWh,xm:servapibi,2026-09-22T19:28:51Z,xm/2026/01/DemaSIN_Sistema.2026-01-01.ndjson#DemaSIN:Sistema:2026-01-01:2026-01-31
2026-01-24,PorcApor,1.08868,fraction,xm:servapibi,2026-09-22T19:28:50Z,xm/2026/01/PorcApor_Sistema.2026-01-01.ndjson#PorcApor:Sistema:2026-01-01:2026-01-31
2026-01-24,PorcVoluUtilDiar,0.77359,fraction,xm:servapibi,2026-09-22T19:28:43Z,xm/2026/01/PorcVoluUtilDiar_Sistema.2026-01-01.ndjson#PorcVoluUtilDiar:Sistema:2026-01-01:2026-01-31
2026-01-24,PrecBolsNaci,212.58939999999998,COP/kWh,xm:servapibi,2026-09-22T19:28:54Z,xm/2026/01/PrecBolsNaci_Sistema.2026-01-01.ndjson#PrecBolsNaci:Sistema:2026-01-01:2026-01-31
2026-01-24,VoluUtilDiarEner,13078716100,kWh,xm:servapibi,2026-09-22T19:28:45Z,xm/2026/01/VoluUtilDiarEner_Sistema.2026-01-01.ndjson#VoluUtilDiarEner:Sistema:2026-01-01:2026-01-31
2026-01-25,AporEner,141896793.74,kWh,xm:servapibi,2026-09-22T19:28:47Z,xm/2026/01/AporEner_Sistema.2026-01-01.ndjson#AporEner:Sistema:2026-01-01:2026-01-31
2026-01-25,AporEnerMediHist,137790000,kWh,xm:servapibi,2026-09-22T19:28:49Z,xm/2026/01/AporEnerMediHist_Sistema.2026-01-01.ndjson#AporEnerMediHist:Sistema:2026-01-01:2026-01-31
2026-01-25,CapaUtilDiarEner,16906526180,kWh,xm:servapibi,2026-09-22T19:28:46Z,xm/2026/01/CapaUtilDiarEner_Sistema.2026-01-01.ndjson#CapaUtilDiarEner:Sistema:2026-01-01:2026-01-31
2026-01-25,DemaSIN,215362376.14,kWh,xm:servapibi,2026-09-22T19:28:51Z,xm/2026/01/DemaSIN_Sistema.2026-01-01.ndjson#DemaSIN:Sistema:2026-01-01:2026-01-31
2026-01-25,PorcApor,1.0298,fraction,xm:servapibi,2026-09-22T19:28:50Z,xm/2026/01/PorcApor_Sistema.2026-01-01.ndjson#PorcApor:Sistema:2026-01-01:2026-01-31
2026-01-25,PorcVoluUtilDiar,0.77038,fraction,xm:servapibi,2026-09-22T19:28:43Z,xm/2026/01/PorcVoluUtilDiar_Sistema.2026-01-01.ndjson#PorcVoluUtilDiar:Sistema:2026-01-01:2026-01-31
2026-01-25,PrecBolsNaci,228.4575366666667,COP/kWh,xm:servapibi,2026-09-22T19:28:54Z,xm/2026/01/PrecBolsNaci_Sistema.2026-01-01.ndjson#PrecBolsNaci:Sistema:2026-01-01:2026-01-31
2026-01-25,VoluUtilDiarEner,13024390400,kWh,xm:servapibi,2026-09-22T19:28:45Z,xm/2026/01/VoluUtilDiarEner_Sistema.2026-01-01.ndjson#VoluUtilDiarEner:Sistema:2026-01-01:2026-01-31
2026-01-26,AporEner,176472100.17,kWh,xm:servapibi,2026-09-22T19:28:47Z,xm/2026/01/AporEner_Sistema.2026-01-01.ndjson#AporEner:Sistema:2026-01-01:2026-01-31
2026-01-26,AporEnerMediHist,137790000,kWh,xm:servapibi,2026-09-22T19:28:49Z,xm/2026/01/AporEnerMediHist_Sistema.2026-01-01.ndjson#AporEnerMediHist:Sistema:2026-01-01:2026-01-31
2026-01-26,CapaUtilDiarEner,16906526180,kWh,xm:servapibi,2026-09-22T19:28:46Z,xm/2026/01/CapaUtilDiarEner_Sistema.2026-01-01.ndjson#CapaUtilDiarEner:Sistema:2026-01-01:2026-01-31
2026-01-26,DemaSIN,241706060.48,kWh,xm:servapibi,2026-09-22T19:28:51Z,xm/2026/01/DemaSIN_Sistema.2026-01-01.ndjson#DemaSIN:Sistema:2026-01-01:2026-01-31
2026-01-26,PorcApor,1.28073,fraction,xm:servapibi,2026-09-22T19:28:50Z,xm/2026/01/PorcApor_Sistema.2026-01-01.ndjson#PorcApor:Sistema:2026-01-01:2026-01-31
2026-01-26,PorcVoluUtilDiar,0.76798,fraction,xm:servapibi,2026-09-22T19:28:43Z,xm/2026/01/PorcVoluUtilDiar_Sistema.2026-01-01.ndjson#PorcVoluUtilDiar:Sistema:2026-01-01:2026-01-31
2026-01-26,PrecBolsNaci,248.39756666666665,COP/kWh,xm:servapibi,2026-09-22T19:28:54Z,xm/2026/01/PrecBolsNaci_Sistema.2026-01-01.ndjson#PrecBolsNaci:Sistema:2026-01-01:2026-01-31
2026-01-26,VoluUtilDiarEner,12983808300,kWh,xm:servapibi,2026-09-22T19:28:45Z,xm/2026/01/VoluUtilDiarEner_Sistema.2026-01-01.ndjson#VoluUtilDiarEner:Sistema:2026-01-01:2026-01-31
2026-01-27,AporEner,192200639.59,kWh,xm:servapibi,2026-09-22T19:28:47Z,xm/2026/01/AporEner_Sistema.2026-01-01.ndjson#AporEner:Sistema:2026-01-01:2026-01-31
2026-01-27,AporEnerMediHist,137790000,kWh,xm:servapibi,2026-09-22T19:28:49Z,xm/2026/01/AporEnerMediHist_Sistema.2026-01-01.ndjson#AporEnerMediHist:Sistema:2026-01-01:2026-01-31
2026-01-27,CapaUtilDiarEner,16906526180,kWh,xm:servapibi,2026-09-22T19:28:46Z,xm/2026/01/CapaUtilDiarEner_Sistema.2026-01-01.ndjson#CapaUtilDiarEner:Sistema:2026-01-01:2026-01-31
2026-01-27,DemaSIN,245466032.6,kWh,xm:servapibi,2026-09-22T19:28:51Z,xm/2026/01/DemaSIN_Sistema.2026-01-01.ndjson#DemaSIN:Sistema:2026-01-01:2026-01-31
2026-01-27,PorcApor,1.39488,fraction,xm:servapibi,2026-09-22T19:28:50Z,xm/2026/01/PorcApor_Sistema.2026-01-01.ndjson#PorcApor:Sistema:2026-01-01:2026-01-31
2026-01-27,PorcVoluUtilDiar,0.76649,fraction,xm:servapibi,2026-09-22T19:28:43Z,xm/2026/01/PorcVoluUtilDiar_Sistema.2026-01-01.ndjson#PorcVoluUtilDiar:Sistema:2026-01-01:2026-01-31
2026-01-27,PrecBolsNaci,262.266815,COP/kWh,xm:servapibi,2026-09-22T19:28:54Z,xm/2026/01/PrecBolsNaci_Sistema.2026-01-01.ndjson#PrecBolsNaci:Sistema:2026-01-01:2026-01-31
2026-01-27,VoluUtilDiarEner,12958632600,kWh,xm:servapibi,2026-09-22T19:28:45Z,xm/2026/01/VoluUtilDiarEner_Sistema.2026-01-01.ndjson#VoluUtilDiarEner:Sistema:2026-01-01:2026-01-31
2026-01-28,AporEner,208181550.94,kWh,xm:servapibi,2026-09-22T19:28:47Z,xm/2026/01/AporEner_Sistema.2026-01-01.ndjson#AporEner:Sistema:2026-01-01:2026-01-31
2026-01-28,AporEnerMediHist,137790000,kWh,xm:servapibi,2026-09-22T19:28:49Z,xm/2026/01/AporEnerMediHist_Sistema.2026-01-01.ndjson#AporEnerMediHist:Sistema:2026-01-01:2026-01-31
2026-01-28,CapaUtilDiarEner,16906526180,kWh,xm:servapibi,2026-09-22T19:28:46Z,xm/2026/01/CapaUtilDiarEner_Sistema.2026-01-01.ndjson#CapaUtilDiarEner:Sistema:2026-01-01:2026-01-31
2026-01-28,DemaSIN,243421192.27,kWh,xm:servapibi,2026-09-22T19:28:51Z,xm/2026/01/DemaSIN_Sistema.2026-01-01.ndjson#DemaSIN:Sistema:2026-01-01:2026-01-31
2026-01-28,PorcApor,1.51086,fraction,xm:servapibi,2026-09-22T19:28:50Z,xm/2026/01/PorcApor_Sistema.2026-01-01.ndjson#PorcApor:Sistema:2026-01-01:2026-01-31
2026-01-28,PorcVoluUtilDiar,0.76516,fraction,xm:servapibi,2026-09-22T19:28:43Z,xm/2026/01/PorcVoluUtilDiar_Sistema.2026-01-01.ndjson#PorcVoluUtilDiar:Sistema:2026-01-01:2026-01-31
2026-01-28,PrecBolsNaci,258.2054733333333,COP/kWh,xm:servapibi,2026-09-22T19:28:54Z,xm/2026/01/PrecBolsNaci_Sistema.2026-01-01.ndjson#PrecBolsNaci:Sistema:2026-01-01:2026-01-31
2026-01-28,VoluUtilDiarEner,12936235100,kWh,xm:servapibi,2026-09-22T19:28:45Z,xm/2026/01/VoluUtilDiarEner_Sistema.2026-01-01.ndjson#VoluUtilDiarEner:Sistema:2026-01-01:2026-01-31
2026-01-29,AporEner,223751652.24,kWh,xm:servapibi,2026-09-22T19:28:47Z,xm/2026/01/AporEner_Sistema.2026-01-01.ndjson#AporEner:Sistema:2026-01-01:2026-01-31
2026-01-29,AporEnerMediHist,137790000,kWh,xm:servapibi,2026-09-22T19:28:49Z,xm/2026/01/AporEnerMediHist_Sistema.2026-01-01.ndjson#AporEnerMediHist:Sistema:2026-01-01:2026-01-31
2026-01-29,CapaUtilDiarEner,16906526180,kWh,xm:servapibi,2026-09-22T19:28:46Z,xm/2026/01/CapaUtilDiarEner_Sistema.2026-01-01.ndjson#CapaUtilDiarEner:Sistema:2026-01-01:2026-01-31
2026-01-29,DemaSIN,242981736.91,kWh,xm:servapibi,2026-09-22T19:28:51Z,xm/2026/01/DemaSIN_Sistema.2026-01-01.ndjson#DemaSIN:Sistema:2026-01-01:2026-01-31
2026-01-29,PorcApor,1.62386,fraction,xm:servapibi,2026-09-22T19:28:50Z,xm/2026/01/PorcApor_Sistema.2026-01-01.ndjson#PorcApor:Sistema:2026-01-01:2026-01-31
2026-01-29,PorcVoluUtilDiar,0.76508,fraction,xm:servapibi,2026-09-22T19:28:43Z,xm/2026/01/PorcVoluUtilDiar_Sistema.2026-01-01.ndjson#PorcVoluUtilDiar:Sistema:2026-01-01:2026-01-31
2026-01-29,PrecBolsNaci,246.82796166666665,COP/kWh,xm:servapibi,2026-09-22T19:28:54Z,xm/2026/01/PrecBolsNaci_Sistema.2026-01-01.ndjson#PrecBolsNaci:Sistema:2026-01-01:2026-01-31
2026-01-29,VoluUtilDiarEner,12934848300,kWh,xm:servapibi,2026-09-22T19:28:45Z,xm/2026/01/VoluUtilDiarEner_Sistema.2026-01-01.ndjson#VoluUtilDiarEner:Sistema:2026-01-01:2026-01-31
2026-01-30,AporEner,184963028.69,kWh,xm:servapibi,2026-09-22T19:28:47Z,xm/2026/01/AporEner_Sistema.2026-01-01.ndjson#AporEner:Sistema:2026-01-01:2026-01-31
2026-01-30,AporEnerMediHist,137790000,kWh,xm:servapibi,2026-09-22T19:28:49Z,xm/2026/01/AporEnerMediHist_Sistema.2026-01-01.ndjson#AporEnerMediHist:Sistema:2026-01-01:2026-01-31
2026-01-30,CapaUtilDiarEner,16906526180,kWh,xm:servapibi,2026-09-22T19:28:46Z,xm/2026/01/CapaUtilDiarEner_Sistema.2026-01-01.ndjson#CapaUtilDiarEner:Sistema:2026-01-01:2026-01-31
2026-01-30,DemaSIN,244229471.06,kWh,xm:servapibi,2026-09-22T19:28:51Z,xm/2026/01/DemaSIN_Sistema.2026-01-01.ndjson#DemaSIN:Sistema:2026-01-01:2026-01-31
2026-01-30,PorcApor,1.34235,fraction,xm:servapibi,2026-09-22T19:28:50Z,xm/2026/01/PorcApor_Sistema.2026-01-01.ndjson#PorcApor:Sistema:2026-01-01:2026-01-31
2026-01-30,PorcVoluUtilDiar,0.7633,fraction,xm:servapibi,2026-09-22T19:28:43Z,xm/2026/01/PorcVoluUtilDiar_Sistema.2026-01-01.ndjson#PorcVoluUtilDiar:Sistema:2026-01-01:2026-01-31
2026-01-30,PrecBolsNaci,206.2363,COP/kWh,xm:servapibi,2026-09-22T19:28:54Z,xm/2026/01/PrecBolsNaci_Sistema.2026-01-01.ndjson#PrecBolsNaci:Sistema:2026-01-01:2026-01-31
2026-01-30,VoluUtilDiarEner,12904784300,kWh,xm:servapibi,2026-09-22T19:28:45Z,xm/2026/01/VoluUtilDiarEner_Sistema.2026-01-01.ndjson#VoluUtilDiarEner:Sistema:2026-01-01:2026-01-31
2026-01-31,AporEner,239688755.45,kWh,xm:servapibi,2026-09-22T19:28:47Z,xm/2026/01/AporEner_Sistema.2026-01-01.ndjson#AporEner:Sistema:2026-01-01:2026-01-31
2026-01-31,AporEnerMediHist,137790000,kWh,xm:servapibi,2026-09-22T19:28:49Z,xm/2026/01/AporEnerMediHist_Sistema.2026-01-01.ndjson#AporEnerMediHist:Sistema:2026-01-01:2026-01-31
2026-01-31,CapaUtilDiarEner,16906526180,kWh,xm:servapibi,2026-09-22T19:28:46Z,xm/2026/01/CapaUtilDiarEner_Sistema.2026-01-01.ndjson#CapaUtilDiarEner:Sistema:2026-01-01:2026-01-31
2026-01-31,DemaSIN,229082975.86,kWh,xm:servapibi,2026-09-22T19:28:51Z,xm/2026/01/DemaSIN_Sistema.2026-01-01.ndjson#DemaSIN:Sistema:2026-01-01:2026-01-31
2026-01-31,PorcApor,1.73952,fraction,xm:servapibi,2026-09-22T19:28:50Z,xm/2026/01/PorcApor_Sistema.2026-01-01.ndjson#PorcApor:Sistema:2026-01-01:2026-01-31
2026-01-31,PorcVoluUtilDiar,0.76346,fraction,xm:servapibi,2026-09-22T19:28:43Z,xm/2026/01/PorcVoluUtilDiar_Sistema.2026-01-01.ndjson#PorcVoluUtilDiar:Sistema:2026-01-01:2026-01-31
2026-01-31,PrecBolsNaci,211.24224999999998,COP/kWh,xm:servapibi,2026-09-22T19:28:54Z,xm/2026/01/PrecBolsNaci_Sistema.2026-01-01.ndjson#PrecBolsNaci:Sistema:2026-01-01:2026-01-31
2026-01-31,VoluUtilDiarEner,12907515900,kWh,xm:servapibi,2026-09-22T19:28:45Z,xm/2026/01/VoluUtilDiarEner_Sistema.2026-01-01.ndjson#VoluUtilDiarEner:Sistema:2026-01-01:2026-01-31
2026-02-01,AporEner,290307744.84,kWh,xm:servapibi,2026-09-22T19:29:02Z,xm/2026/02/AporEner_Sistema.2026-02-01.ndjson#AporEner:Sistema:2026-02-01:2026-02-28
2026-02-01,AporEnerMediHist,127260000,kWh,xm:servapibi,2026-09-22T19:29:03Z,xm/2026/02/AporEnerMediHist_Sistema.2026-02-01.ndjson#AporEnerMediHist:Sistema:2026-02-01:2026-02-28
2026-02-01,CapaUtilDiarEner,16906526180,kWh,xm:servapibi,2026-09-22T19:29:01Z,xm/2026/02/CapaUtilDiarEner_Sistema.2026-02-01.ndjson#CapaUtilDiarEner:Sistema:2026-02-01:2026-02-28
2026-02-01,DemaSIN,202610580.35,kWh,xm:servapibi,2026-09-22T19:29:06Z,xm/2026/02/DemaSIN_Sistema.2026-02-01.ndjson#DemaSIN:Sistema:2026-02-01:2026-02-28
2026-02-01,PorcApor,2.28122,fraction,xm:servapibi,2026-09-22T19:29:05Z,xm/2026/02/PorcApor_Sistema.2026-02-01.ndjson#PorcApor:Sistema:2026-02-01:2026-02-28
2026-02-01,PorcVoluUtilDiar,0.76841,fraction,xm:servapibi,2026-09-22T19:28:58Z,xm/2026/02/PorcVoluUtilDiar_Sistema.2026-02-01.ndjson#PorcVoluUtilDiar:Sistema:2026-02-01:2026-02-28
2026-02-01,PrecBolsNaci,171.03911666666662,COP/kWh,xm:servapibi,2026-09-22T19:29:09Z,xm/2026/02/PrecBolsNaci_Sistema.2026-02-01.ndjson#PrecBolsNaci:Sistema:2026-02-01:2026-02-28
2026-02-01,VoluUtilDiarEner,12991125100,kWh,xm:servapibi,2026-09-22T19:29:00Z,xm/2026/02/VoluUtilDiarEner_Sistema.2026-02-01.ndjson#VoluUtilDiarEner:Sistema:2026-02-01:2026-02-28
2026-02-02,AporEner,344062501.79,kWh,xm:servapibi,2026-09-22T19:29:02Z,xm/2026/02/AporEner_Sistema.2026-02-01.ndjson#AporEner:Sistema:2026-02-01:2026-02-28
2026-02-02,AporEnerMediHist,127260000,kWh,xm:servapibi,2026-09-22T19:29:03Z,xm/2026/02/AporEnerMediHist_Sistema.2026-02-01.ndjson#AporEnerMediHist:Sistema:2026-02-01:2026-02-28
2026-02-02,CapaUtilDiarEner,16906526180,kWh,xm:servapibi,2026-09-22T19:29:01Z,xm/2026/02/CapaUtilDiarEner_Sistema.2026-02-01.ndjson#CapaUtilDiarEner:Sistema:2026-02-01:2026-02-28
2026-02-02,DemaSIN,220643236.38,kWh,xm:servapibi,2026-09-22T19:29:06Z,xm/2026/02/DemaSIN_Sistema.2026-02-01.ndjson#DemaSIN:Sistema:2026-02-01:2026-02-28
2026-02-02,PorcApor,2.70362,fraction,xm:servapibi,2026-09-22T19:29:05Z,xm/2026/02/PorcApor_Sistema.2026-02-01.ndjson#PorcApor:Sistema:2026-02-01:2026-02-28
2026-02-02,PorcVoluUtilDiar,0.77391,fraction,xm:servapibi,2026-09-22T19:28:58Z,xm/2026/02/PorcVoluUtilDiar_Sistema.2026-02-01.ndjson#PorcVoluUtilDiar:Sistema:2026-02-01:2026-02-28
2026-02-02,PrecBolsNaci,138.68451666666667,COP/kWh,xm:servapibi,2026-09-22T19:29:09Z,xm/2026/02/PrecBolsNaci_Sistema.2026-02-01.ndjson#PrecBolsNaci:Sistema:2026-02-01:2026-02-28
2026-02-02,VoluUtilDiarEner,13084061300,kWh,xm:servapibi,2026-09-22T19:29:00Z,xm/2026/02/VoluUtilDiarEner_Sistema.2026-02-01.ndjson#VoluUtilDiarEner:Sistema:2026-02-01:2026-02-28
2026-02-03,AporEner,273373156.33,kWh,xm:servapibi,2026-09-22T19:29:02Z,xm/2026/02/AporEner_Sistema.2026-02-01.ndjson#AporEner:Sistema:2026-02-01:2026-02-28
2026-02-03,AporEnerMediHist,127260000,kWh,xm:servapibi,2026-09-22T19:29:03Z,xm/2026/02/AporEnerMediHist_Sistema.2026-02-01.ndjson#AporEnerMediHist:Sistema:2026-02-01:2026-02-28
2026-02-03,CapaUtilDiarEner,16906526180,kWh,xm:servapibi,2026-09-22T19:29:01Z,xm/2026/02/CapaUtilDiarEner_Sistema.2026-02-01.ndjson#CapaUtilDiarEner:Sistema:2026-02-01:2026-02-28
2026-02-03,DemaSIN,231287950.43,kWh,xm:servapibi,2026-09-22T19:29:06Z,xm/2026/02/DemaSIN_Sistema.2026-02-01.ndjson#DemaSIN:Sistema:2026-02-01:2026-02-28
2026-02-03,PorcApor,2.14815,fraction,xm:servapibi,2026-09-22T19:29:05Z,xm/2026/02/PorcApor_Sistema.2026-02-01.ndjson#PorcApor:Sistema:2026-02-01:2026-02-28
2026-02-03,PorcVoluUtilDiar,0.77303,fraction,xm:servapibi,2026-09-22T19:28:58Z,xm/2026/02/PorcVoluUtilDiar_Sistema.2026-02-01.ndjson#PorcVoluUtilDiar:Sistema:2026-02-01:2026-02-28
2026-02-03,PrecBolsNaci,134.6426583333334,COP/kWh,xm:servapibi,2026-09-22T19:29:09Z,xm/2026/02/PrecBolsNaci_Sistema.2026-02-01.ndjson#PrecBolsNaci:Sistema:2026-02-01:2026-02-28
2026-02-03,VoluUtilDiarEner,13069330500,kWh,xm:servapibi,2026-09-22T19:29:00Z,xm/2026/02/VoluUtilDiarEner_Sistema.2026-02-01.ndjson#VoluUtilDiarEner:Sistema:2026-02-01:2026-02-28
2026-02-04,AporEner,240488928.93,kWh,xm:servapibi,2026-09-22T19:29:02Z,xm/2026/02/AporEner_Sistema.2026-02-01.ndjson#AporEner:Sistema:2026-02-01:2026-02-28
2026-02-04,AporEnerMediHist,127260000,kWh,xm:servapibi,2026-09-22T19:29:03Z,xm/2026/02/AporEnerMediHist_Sistema.2026-02-01.ndjson#AporEnerMediHist:Sistema:2026-02-01:2026-02-28
2026-02-04,CapaUtilDiarEner,16893581733,kWh,xm:servapibi,2026-09-22T19:29:01Z,xm/2026/02/CapaUtilDiarEner_Sistema.2026-02-01.ndjson#CapaUtilDiarEner:Sistema:2026-02-01:2026-02-28
2026-02-04,DemaSIN,237897260.67,kWh,xm:servapibi,2026-09-22T19:29:06Z,xm/2026/02/DemaSIN_Sistema.2026-02-01.ndjson#DemaSIN:Sistema:2026-02-01:2026-02-28
2026-02-04,PorcApor,1.88974,fraction,xm:servapibi,2026-09-22T19:29:05Z,xm/2026/02/PorcApor_Sistema.2026-02-01.ndjson#PorcApor:Sistema:2026-02-01:2026-02-28
2026-02-04,PorcVoluUtilDiar,0.7709,fraction,xm:servapibi,2026-09-22T19:28:58Z,xm/2026/02/PorcVoluUtilDiar_Sistema.2026-02-01.ndjson#PorcVoluUtilDiar:Sistema:2026-02-01:2026-02-28
2026-02-04,PrecBolsNaci,144.55604833333328,COP/kWh,xm:servapibi,2026-09-22T19:29:09Z,xm/2026/02/PrecBolsNaci_Sistema.2026-02-01.ndjson#PrecBolsNaci:Sistema:2026-02-01:2026-02-28
2026-02-04,VoluUtilDiarEner,13023278700,kWh,xm:servapibi,2026-09-22T19:29:00Z,xm/2026/02/VoluUtilDiarEner_Sistema.2026-02-01.ndjson#VoluUtilDiarEner:Sistema:2026-02-01:2026-02-28
2026-02-05,AporEner,204989101.81,kWh,xm:servapibi,2026-09-22T19:29:02Z,xm/2026/02/AporEner_Sistema.2026-02-01.ndjson#AporEner:Sistema:2026-02-01:2026-02-28
2026-02-05,AporEnerMediHist,127260000,kWh,xm:servapibi,2026-09-22T19:29:03Z,xm/2026/02/AporEnerMediHist_Sistema.2026-02-01.ndjson#AporEnerMediHist:Sistema:2026-02-01:2026-02-28
2026-02-05,CapaUtilDiarEner,16893581733,kWh,xm:servapibi,2026-09-22T19:29:01Z,xm/2026/02/CapaUtilDiarEner_Sistema.2026-02-01.ndjson#CapaUtilDiarEner:Sistema:2026-02-01:2026-02-28
2026-02-05,DemaSIN,240684396.82,kWh,xm:servapibi,2026-09-22T19:29:06Z,xm/2026/02/DemaSIN_Sistema.2026-02-01.ndjson#DemaSIN:Sistema:2026-02-01:2026-02-28
2026-02-05,PorcApor,1.61079,fraction,xm:servapibi,2026-09-22T19:29:05Z,xm/2026/02/PorcApor_Sistema.2026-02-01.ndjson#PorcApor:Sistema:2026-02-01:2026-02-28
2026-02-05,PorcVoluUtilDiar,0.76648,fraction,xm:servapibi,2026-09-22T19:28:58Z,xm/2026/02/PorcVoluUtilDiar_Sistema.2026-02-01.ndjson#PorcVoluUtilDiar:Sistema:2026-02-01:2026-02-28
2026-02-05,PrecBolsNaci,131.87347666666665,COP/kWh,xm:servapibi,2026-09-22T19:29:09Z,xm/2026/02/PrecBolsNaci_Sistema.2026-02-01.ndjson#PrecBolsNaci:Sistema:2026-02-01:2026-02-28
2026-02-05,VoluUtilDiarEner,12948621800,kWh,xm:servapibi,2026-09-22T19:29:00Z,xm/2026/02/VoluUtilDiarEner_Sistema.2026-02-01.ndjson#VoluUtilDiarEner:Sistema:2026-02-01:2026-02-28
2026-02-06,AporEner,261926077,kWh,xm:servapibi,2026-09-22T19:29:02Z,xm/2026/02/AporEner_Sistema.2026-02-01.ndjson#AporEner:Sistema:2026-02-01:2026-02-28
2026-02-06,AporEnerMediHist,127260000,kWh,xm:servapibi,2026-09-22T19:29:03Z,xm/2026/02/AporEnerMediHist_Sistema.2026-02-01.ndjson#AporEnerMediHist:Sistema:2026-02-01:2026-02-28
2026-02-06,CapaUtilDiarEner,16893581733,kWh,xm:servapibi,2026-09-22T19:29:01Z,xm/2026/02/CapaUtilDiarEner_Sistema.2026-02-01.ndjson#CapaUtilDiarEner:Sistema:2026-02-01:2026-02-28
2026-02-06,DemaSIN,238306708,kWh,xm:servapibi,2026-09-22T19:29:06Z,xm/2026/02/DemaSIN_Sistema.2026-02-01.ndjson#DemaSIN:Sistema:2026-02-01:2026-02-28
2026-02-06,PorcApor,2.0582,fraction,xm:servapibi,2026-09-22T19:29:05Z,xm/2026/02/PorcApor_Sistema.2026-02-01.ndjson#PorcApor:Sistema:2026-02-01:2026-02-28
2026-02-06,PorcVoluUtilDiar,0.76728,fraction,xm:servapibi,2026-09-22T19:28:58Z,xm/2026/02/PorcVoluUtilDiar_Sistema.2026-02-01.ndjson#PorcVoluUtilDiar:Sistema:2026-02-01:2026-02-28
2026-02-06,PrecBolsNaci,130.4347716666667,COP/kWh,xm:servapibi,2026-09-22T19:29:09Z,xm/2026/02/PrecBolsNaci_Sistema.2026-02-01.ndjson#PrecBolsNaci:Sistema:2026-02-01:2026-02-28
2026-02-06,VoluUtilDiarEner,12962125500,kWh,xm:servapibi,2026-09-22T19:29:00Z,xm/2026/02/VoluUtilDiarEner_Sistema.2026-02-01.ndjson#VoluUtilDiarEner:Sistema:2026-02-01:2026-02-28
2026-02-07,AporEner,227951882.55,kWh,xm:servapibi,2026-09-22T19:29:02Z,xm/2026/02/AporEner_Sistema.2026-02-01.ndjson#AporEner:Sistema:2026-02-01:2026-02-28
2026-02-07,AporEnerMediHist,127260000,kWh,xm:servapibi,2026-09-22T19:29:03Z,xm/2026/02/AporEnerMediHist_Sistema.2026-02-01.ndjson#AporEnerMediHist:Sistema:2026-02-01:2026-02-28
2026-02-07,CapaUtilDiarEner,16893581733,kWh,xm:servapibi,2026-09-22T19:29:01Z,xm/2026/02/CapaUtilDiarEner_Sistema.2026-02-01.ndjson#CapaUtilDiarEner:Sistema:2026-02-01:2026-02-28
2026-02-07,DemaSIN,224964186.32,kWh,xm:servapibi,2026-09-22T19:29:06Z,xm/2026/02/DemaSIN_Sistema.2026-02-01.ndjson#DemaSIN:Sistema:2026-02-01:2026-02-28
2026-02-07,PorcApor,1.79123,fraction,xm:servapibi,2026-09-22T19:29:05Z,xm/2026/02/PorcApor_Sistema.2026-02-01.ndjson#PorcApor:Sistema:2026-02-01:2026-02-28
2026-02-07,PorcVoluUtilDiar,0.76668,fraction,xm:servapibi,2026-09-22T19:28:58Z,xm/2026/02/PorcVoluUtilDiar_Sistema.2026-02-01.ndjson#PorcVoluUtilDiar:Sistema:2026-02-01:2026-02-28
2026-02-07,PrecBolsNaci,114.83475333333337,COP/kWh,xm:servapibi,2026-09-22T19:29:09Z,xm/2026/02/PrecBolsNaci_Sistema.2026-02-01.ndjson#PrecBolsNaci:Sistema:2026-02-01:2026-02-28
2026-02-07,VoluUtilDiarEner,12951998900,kWh,xm:servapibi,2026-09-22T19:29:00Z,xm/2026/02/VoluUtilDiarEner_Sistema.2026-02-01.ndjson#VoluUtilDiarEner:Sistema:2026-02-01:2026-02-28
2026-02-08,AporEner,210941484.47,kWh,xm:servapibi,2026-09-22T19:29:02Z,xm/2026/02/AporEner_Sistema.2026-02-01.ndjson#AporEner:Sistema:2026-02-01:2026-02-28
2026-02-08,AporEnerMediHist,127260000,kWh,xm:servapibi,2026-09-22T19:29:03Z,xm/2026/02/AporEnerMediHist_Sistema.2026-02-01.ndjson#AporEnerMediHist:Sistema:2026-02-01:2026-02-28
2026-02-08,CapaUtilDiarEner,16893581733,kWh,xm:servapibi,2026-09-22T19:29:01Z,xm/2026/02/CapaUtilDiarEner_Sistema.2026-02-01.ndjson#CapaUtilDiarEner:Sistema:2026-02-01:2026-02-28
2026-02-08,DemaSIN,208919793.17,kWh,xm:servapibi,2026-09-22T19:29:06Z,xm/2026/02/DemaSIN_Sistema.2026-02-01.ndjson#DemaSIN:Sistema:2026-02-01:2026-02-28
2026-02-08,PorcApor,1.65756,fraction,xm:servapibi,2026-09-22T19:29:05Z,xm/2026/02/PorcApor_Sistema.2026-02-01.ndjson#PorcApor:Sistema:2026-02-01:2026-02-28
2026-02-08,PorcVoluUtilDiar,0.76589,fraction,xm:servapibi,2026-09-22T19:28:58Z,xm/2026/02/PorcVoluUtilDiar_Sistema.2026-02-01.ndjson#PorcVoluUtilDiar:Sistema:2026-02-01:2026-02-28
2026-02-08,PrecBolsNaci,109.50875500000001,COP/kWh,xm:servapibi,2026-09-22T19:29:09Z,xm/2026/02/PrecBolsNaci_Sistema.2026-02-01.ndjson#PrecBolsNaci:Sistema:2026-02-01:2026-02-28
2026-02-08,VoluUtilDiarEner,12938666300,kWh,xm:servapibi,2026-09-22T19:29:00Z,xm/2026/02/VoluUtilDiarEner_Sistema.2026-02-01.ndjson#VoluUtilDiarEner:Sistema:2026-02-01:2026-02-28
2026-02-09,AporEner,213452295.69,kWh,xm:servapibi,2026-09-22T19:29:02Z,xm/2026/02/AporEner_Sistema.2026-02-01.ndjson#AporEner:Sistema:2026-02-01:2026-02-28
2026-02-09,AporEnerMediHist,127260000,kWh,xm:servapibi,2026-09-22T19:29:03Z,xm/2026/02/AporEnerMediHist_Sistema.2026-02-01.ndjson#AporEnerMediHist:Sistema:2026-02-01:2026-02-28
2026-02-09,CapaUtilDiarEner,16893581733,kWh,xm:servapibi,2026-09-22T19:29:01Z,xm/2026/02/CapaUtilDiarEner_Sistema.2026-02-01.ndjson#CapaUtilDiarEner:Sistema:2026-02-01:2026-02-28
2026-02-09,DemaSIN,238495961.82,kWh,xm:servapibi,2026-09-22T19:29:06Z,xm/2026/02/DemaSIN_Sistema.2026-02-01.ndjson#DemaSIN:Sistema:2026-02-01:2026-02-28
2026-02-09,PorcApor,1.67729,fraction,xm:servapibi,2026-09-22T19:29:05Z,xm/2026/02/PorcApor_Sistema.2026-02-01.ndjson#PorcApor:Sistema:2026-02-01:2026-02-28
2026-02-09,PorcVoluUtilDiar,0.76295,fraction,xm:servapibi,2026-09-22T19:28:58Z,xm/2026/02/PorcVoluUtilDiar_Sistema.2026-02-01.ndjson#PorcVoluUtilDiar:Sistema:2026-02-01:2026-02-28
2026-02-09,PrecBolsNaci,114.64174166666665,COP/kWh,xm:servapibi,2026-09-22T19:29:09Z,xm/2026/02/PrecBolsNaci_Sistema.2026-02-01.ndjson#PrecBolsNaci:Sistema:2026-02-01:2026-02-28
2026-02-09,VoluUtilDiarEner,12888969500,kWh,xm:servapibi,2026-09-22T19:29:00Z,xm/2026/02/VoluUtilDiarEner_Sistema.2026-02-01.ndjson#VoluUtilDiarEner:Sistema:2026-02-01:2026-02-28
2026-02-10,AporEner,186632193.47,kWh,xm:servapibi,2026-09-22T19:29:02Z,xm/2026/02/AporEner_Sistema.2026-02-01.ndjson#AporEner:Sistema:2026-02-01:2026-02-28
2026-02-10,AporEnerMediHist,127260000,kWh,xm:servapibi,2026-09-22T19:29:03Z,xm/2026/02/AporEnerMediHist_Sistema.2026-02-01.ndjson#AporEnerMediHist:Sistema:2026-02-01:2026-02-28
2026-02-10,CapaUtilDiarEner,16893581733,kWh,xm:servapibi,2026-09-22T19:29:01Z,xm/2026/02/CapaUtilDiarEner_Sistema.2026-02-01.ndjson#CapaUtilDiarEner:Sistema:2026-02-01:2026-02-28
2026-02-10,DemaSIN,243406174.6,kWh,xm:servapibi,2026-09-22T19:29:06Z,xm/2026/02/DemaSIN_Sistema.2026-02-01.ndjson#DemaSIN:Sistema:2026-02-01:2026-02-28
2026-02-10,PorcApor,1.46654,fraction,xm:servapibi,2026-09-22T19:29:05Z,xm/2026/02/PorcApor_Sistema.2026-02-01.ndjson#PorcApor:Sistema:2026-02-01:2026-02-28
2026-02-10,PorcVoluUtilDiar,0.75875,fraction,xm:servapibi,2026-09-22T19:28:58Z,xm/2026/02/PorcVoluUtilDiar_Sistema.2026-02-01.ndjson#PorcVoluUtilDiar:Sistema:2026-02-01:2026-02-28
2026-02-10,PrecBolsNaci,117.002005,COP/kWh,xm:servapibi,2026-09-22T19:29:09Z,xm/2026/02/PrecBolsNaci_Sistema.2026-02-01.ndjson#PrecBolsNaci:Sistema:2026-02-01:2026-02-28
2026-02-10,VoluUtilDiarEner,12817991800,kWh,xm:servapibi,2026-09-22T19:29:00Z,xm/2026/02/VoluUtilDiarEner_Sistema.2026-02-01.ndjson#VoluUtilDiarEner:Sistema:2026-02-01:2026-02-28
2026-02-11,AporEner,180744224.7,kWh,xm:servapibi,2026-09-22T19:29:02Z,xm/2026/02/AporEner_Sistema.2026-02-01.ndjson#AporEner:Sistema:2026-02-01:2026-02-28
2026-02-11,AporEnerMediHist,127260000,kWh,xm:servapibi,2026-09-22T19:29:03Z,xm/2026/02/AporEnerMediHist_Sistema.2026-02-01.ndjson#AporEnerMediHist:Sistema:2026-02-01:2026-02-28
2026-02-11,CapaUtilDiarEner,16893581733,kWh,xm:servapibi,2026-09-22T19:29:01Z,xm/2026/02/CapaUtilDiarEner_Sistema.2026-02-01.ndjson#CapaUtilDiarEner:Sistema:2026-02-01:2026-02-28
2026-02-11,DemaSIN,246011639.16,kWh,xm:servapibi,2026-09-22T19:29:06Z,xm/2026/02/DemaSIN_Sistema.2026-02-01.ndjson#DemaSIN:Sistema:2026-02-01:2026-02-28
2026-02-11,PorcApor,1.42028,fraction,xm:servapibi,2026-09-22T19:29:05Z,xm/2026/02/PorcApor_Sistema.2026-02-01.ndjson#PorcApor:Sistema:2026-02-01:2026-02-28
2026-02-11,PorcVoluUtilDiar,0.75389,fraction,xm:servapibi,2026-09-22T19:28:58Z,xm/2026/02/PorcVoluUtilDiar_Sistema.2026-02-01.ndjson#PorcVoluUtilDiar:Sistema:2026-02-01:2026-02-28
2026-02-11,PrecBolsNaci,132.09482333333327,COP/kWh,xm:servapibi,2026-09-22T19:29:09Z,xm/2026/02/PrecBolsNaci_Sistema.2026-02-01.ndjson#PrecBolsNaci:Sistema:2026-02-01:2026-02-28
2026-02-11,VoluUtilDiarEner,12735972900,kWh,xm:servapibi,2026-09-22T19:29:00Z,xm/2026/02/VoluUtilDiarEner_Sistema.2026-02-01.ndjson#VoluUtilDiarEner:Sistema:2026-02-01:2026-02-28
2026-02-12,AporEner,175590806.5,kWh,xm:servapibi,2026-09-22T19:29:02Z,xm/2026/02/AporEner_Sistema.2026-02-01.ndjson#AporEner:Sistema:2026-02-01:2026-02-28
2026-02-12,AporEnerMediHist,127260000,kWh,xm:servapibi,2026-09-22T19:29:03Z,xm/2026/02/AporEnerMediHist_Sistema.2026-02-01.ndjson#AporEnerMediHist:Sistema:2026-02-01:2026-02-28
2026-02-12,CapaUtilDiarEner,16893581733,kWh,xm:servapibi,2026-09-22T19:29:01Z,xm/2026/02/CapaUtilDiarEner_Sistema.2026-02-01.ndjson#CapaUtilDiarEner:Sistema:2026-02-01:2026-02-28
2026-02-12,DemaSIN,247832274.8,kWh,xm:servapibi,2026-09-22T19:29:06Z,xm/2026/02/DemaSIN_Sistema.2026-02-01.ndjson#DemaSIN:Sistema:2026-02-01:2026-02-28
2026-02-12,PorcApor,1.37978,fraction,xm:servapibi,2026-09-22T19:29:05Z,xm/2026/02/PorcApor_Sistema.2026-02-01.ndjson#PorcApor:Sistema:2026-02-01:2026-02-28
2026-02-12,PorcVoluUtilDiar,0.74947,fraction,xm:servapibi,2026-09-22T19:28:58Z,xm/2026/02/PorcVoluUtilDiar_Sistema.2026-02-01.ndjson#PorcVoluUtilDiar:Sistema:2026-02-01:2026-02-28
2026-02-12,PrecBolsNaci,129.18350666666666,COP/kWh,xm:servapibi,2026-09-22T19:29:09Z,xm/2026/02/PrecBolsNaci_Sistema.2026-02-01.ndjson#PrecBolsNaci:Sistema:2026-02-01:2026-02-28
2026-02-12,VoluUtilDiarEner,12661149900,kWh,xm:servapibi,2026-09-22T19:29:00Z,xm/2026/02/VoluUtilDiarEner_Sistema.2026-02-01.ndjson#VoluUtilDiarEner:Sistema:2026-02-01:2026-02-28
2026-02-13,AporEner,177779490.49,kWh,xm:servapibi,2026-09-22T19:29:02Z,xm/2026/02/AporEner_Sistema.2026-02-01.ndjson#AporEner:Sistema:2026-02-01:2026-02-28
2026-02-13,AporEnerMediHist,127260000,kWh,xm:servapibi,2026-09-22T19:29:03Z,xm/2026/02/AporEnerMediHist_Sistema.2026-02-01.ndjson#AporEnerMediHist:Sistema:2026-02-01:2026-02-28
2026-02-13,CapaUtilDiarEner,16893581733,kWh,xm:servapibi,2026-09-22T19:29:01Z,xm/2026/02/CapaUtilDiarEner_Sistema.2026-02-01.ndjson#CapaUtilDiarEner:Sistema:2026-02-01:2026-02-28
2026-02-13,DemaSIN,247722894.15,kWh,xm:servapibi,2026-09-22T19:29:06Z,xm/2026/02/DemaSIN_Sistema.2026-02-01.ndjson#DemaSIN:Sistema:2026-02-01:2026-02-28
2026-02-13,PorcApor,1.39698,fraction,xm:servapibi,2026-09-22T19:29:05Z,xm/2026/02/PorcApor_Sistema.2026-02-01.ndjson#PorcApor:Sistema:2026-02-01:2026-02-28
2026-02-13,PorcVoluUtilDiar,0.74539,fraction,xm:servapibi,2026-09-22T19:28:58Z,xm/2026/02/PorcVoluUtilDiar_Sistema.2026-02-01.ndjson#PorcVoluUtilDiar:Sistema:2026-02-01:2026-02-28
2026-02-13,PrecBolsNaci,119.48844499999997,COP/kWh,xm:servapibi,2026-09-22T19:29:09Z,xm/2026/02/PrecBolsNaci_Sistema.2026-02-01.ndjson#PrecBolsNaci:Sistema:2026-02-01:2026-02-28
2026-02-13,VoluUtilDiarEner,12592232700,kWh,xm:servapibi,2026-09-22T19:29:00Z,xm/2026/02/VoluUtilDiarEner_Sistema.2026-02-01.ndjson#VoluUtilDiarEner:Sistema:2026-02-01:2026-02-28
2026-02-14,AporEner,184528956.96,kWh,xm:servapibi,2026-09-22T19:29:02Z,xm/2026/02/AporEner_Sistema.2026-02-01.ndjson#AporEner:Sistema:2026-02-01:2026-02-28
2026-02-14,AporEnerMediHist,127260000,kWh,xm:servapibi,2026-09-22T19:29:03Z,xm/2026/02/AporEnerMediHist_Sistema.2026-02-01.ndjson#AporEnerMediHist:Sistema:2026-02-01:2026-02-28
2026-02-14,CapaUtilDiarEner,16893581733,kWh,xm:servapibi,2026-09-22T19:29:01Z,xm/2026/02/CapaUtilDiarEner_Sistema.2026-02-01.ndjson#CapaUtilDiarEner:Sistema:2026-02-01:2026-02-28
2026-02-14,DemaSIN,232650915.91,kWh,xm:servapibi,2026-09-22T19:29:06Z,xm/2026/02/DemaSIN_Sistema.2026-02-01.ndjson#DemaSIN:Sistema:2026-02-01:2026-02-28
2026-02-14,PorcApor,1.45002,fraction,xm:servapibi,2026-09-22T19:29:05Z,xm/2026/02/PorcApor_Sistema.2026-02-01.ndjson#PorcApor:Sistema:2026-02-01:2026-02-28
2026-02-14,PorcVoluUtilDiar,0.74224,fraction,xm:servapibi,2026-09-22T19:28:58Z,xm/2026/02/PorcVoluUtilDiar_Sistema.2026-02-01.ndjson#PorcVoluUtilDiar:Sistema:2026-02-01:2026-02-28
2026-02-14,PrecBolsNaci,122.82006999999999,COP/kWh,xm:servapibi,2026-09-22T19:29:09Z,xm/2026/02/PrecBolsNaci_Sistema.2026-02-01.ndjson#PrecBolsNaci:Sistema:2026-02-01:2026-02-28
2026-02-14,VoluUtilDiarEner,12539172100,kWh,xm:servapibi,2026-09-22T19:29:00Z,xm/2026/02/VoluUtilDiarEner_Sistema.2026-02-01.ndjson#VoluUtilDiarEner:Sistema:2026-02-01:2026-02-28
2026-02-15,AporEner,197966209.15,kWh,xm:servapibi,2026-09-22T19:29:02Z,xm/2026/02/AporEner_Sistema.2026-02-01.ndjson#AporEner:Sistema:2026-02-01:2026-02-28
2026-02-15,AporEnerMediHist,127260000,kWh,xm:servapibi,2026-09-22T19:29:03Z,xm/2026/02/AporEnerMediHist_Sistema.2026-02-01.ndjson#AporEnerMediHist:Sistema:2026-02-01:2026-02-28
2026-02-15,CapaUtilDiarEner,16893581733,kWh,xm:servapibi,2026-09-22T19:29:01Z,xm/2026/02/CapaUtilDiarEner_Sistema.2026-02-01.ndjson#CapaUtilDiarEner:Sistema:2026-02-01:2026-02-28
2026-02-15,DemaSIN,210763570.18,kWh,xm:servapibi,2026-09-22T19:29:06Z,xm/2026/02/DemaSIN_Sistema.2026-02-01.ndjson#DemaSIN:Sistema:2026-02-01:2026-02-28
2026-02-15,PorcApor,1.5556,fraction,xm:servapibi,2026-09-22T19:29:05Z,xm/2026/02/PorcApor_Sistema.2026-02-01.ndjson#PorcApor:Sistema:2026-02-01:2026-02-28
2026-02-15,PorcVoluUtilDiar,0.74145,fraction,xm:servapibi,2026-09-22T19:28:58Z,xm/2026/02/PorcVoluUtilDiar_Sistema.2026-02-01.ndjson#PorcVoluUtilDiar:Sistema:2026-02-01:2026-02-28
2026-02-15,PrecBolsNaci,120.55095499999999,COP/kWh,xm:servapibi,2026-09-22T19:29:09Z,xm/2026/02/PrecBolsNaci_Sistema.2026-02-01.ndjson#PrecBolsNaci:Sistema:2026-02-01:2026-02-28
2026-02-15,VoluUtilDiarEner,12525761500,kWh,xm:servapibi,2026-09-22T19:29:00Z,xm/2026/02/VoluUtilDiarEner_Sistema.2026-02-01.ndjson#VoluUtilDiarEner:Sistema:2026-02-01:2026-02-28
2026-02-16,AporEner,213447970.19,kWh,xm:servapibi,2026-09-22T19:29:02Z,xm/2026/02/AporEner_Sistema.2026-02-01.ndjson#AporEner:Sistema:2026-02-01:2026-02-28
2026-02-16,AporEnerMediHist,127260000,kWh,xm:servapibi,2026-09-22T19:29:03Z,xm/2026/02/AporEnerMediHist_Sistema.2026-02-01.ndjson#AporEnerMediHist:Sistema:2026-02-01:2026-02-28
2026-02-16,CapaUtilDiarEner,16893581733,kWh,xm:servapibi,2026-09-22T19:29:01Z,xm/2026/02/CapaUtilDiarEner_Sistema.2026-02-01.ndjson#CapaUtilDiarEner:Sistema:2026-02-01:2026-02-28
2026-02-16,DemaSIN,234961165.26,kWh,xm:servapibi,2026-09-22T19:29:06Z,xm/2026/02/DemaSIN_Sistema.2026-02-01.ndjson#DemaSIN:Sistema:2026-02-01:2026-02-28
2026-02-16,PorcApor,1.67726,fraction,xm:servapibi,2026-09-22T19:29:05Z,xm/2026/02/PorcApor_Sistema.2026-02-01.ndjson#PorcApor:Sistema:2026-02-01:2026-02-28
2026-02-16,PorcVoluUtilDiar,0.74016,fraction,xm:servapibi,2026-09-22T19:28:58Z,xm/2026/02/PorcVoluUtilDiar_Sistema.2026-02-01.ndjson#PorcVoluUtilDiar:Sistema:2026-02-01:2026-02-28
2026-02-16,PrecBolsNaci,111.77810000000001,COP/kWh,xm:servapibi,2026-09-22T19:29:09Z,xm/2026/02/PrecBolsNaci_Sistema.2026-02-01.ndjson#PrecBolsNaci:Sistema:2026-02-01:2026-02-28
2026-02-16,VoluUtilDiarEner,12503878400,kWh,xm:servapibi,2026-09-22T19:29:00Z,xm/2026/02/VoluUtilDiarEner_Sistema.2026-02-01.ndjson#VoluUtilDiarEner:Sistema:2026-02-01:2026-02-28
2026-02-17,AporEner,225917079.7,kWh,xm:servapibi,2026-09-22T19:29:02Z,xm/2026/02/AporEner_Sistema.2026-02-01.ndjson#AporEner:Sistema:2026-02-01:2026-02-28
2026-02-17,AporEnerMediHist,127260000,kWh,xm:servapibi,2026-09-22T19:29:03Z,xm/2026/02/AporEnerMediHist_Sistema.2026-02-01.ndjson#AporEnerMediHist:Sistema:2026-02-01:2026-02-28
2026-02-17,CapaUtilDiarEner,16893581733,kWh,xm:servapibi,2026-09-22T19:29:01Z,xm/2026/02/CapaUtilDiarEner_Sistema.2026-02-01.ndjson#CapaUtilDiarEner:Sistema:2026-02-01:2026-02-28
2026-02-17,DemaSIN,240733583.28,kWh,xm:servapibi,2026-09-22T19:29:06Z,xm/2026/02/DemaSIN_Sistema.2026-02-01.ndjson#DemaSIN:Sistema:2026-02-01:2026-02-28
2026-02-17,PorcApor,1.77524,fraction,xm:servapibi,2026-09-22T19:29:05Z,xm/2026/02/PorcApor_Sistema.2026-02-01.ndjson#PorcApor:Sistema:2026-02-01:2026-02-28
2026-02-17,PorcVoluUtilDiar,0.73856,fraction,xm:servapibi,2026-09-22T19:28:58Z,xm/2026/02/PorcVoluUtilDiar_Sistema.2026-02-01.ndjson#PorcVoluUtilDiar:Sistema:2026-02-01:2026-02-28
2026-02-17,PrecBolsNaci,111.940185,COP/kWh,xm:servapibi,2026-09-22T19:29:09Z,xm/2026/02/PrecBolsNaci_Sistema.2026-02-01.ndjson#PrecBolsNaci:Sistema:2026-02-01:2026-02-28
2026-02-17,VoluUtilDiarEner,12476981800,kWh,xm:servapibi,2026-09-22T19:29:00Z,xm/2026/02/VoluUtilDiarEner_Sistema.2026-02-01.ndjson#VoluUtilDiarEner:Sistema:2026-02-01:2026-02-28
2026-02-18,AporEner,282564352.88,kWh,xm:servapibi,2026-09-22T19:29:02Z,xm/2026/02/AporEner_Sistema.2026-02-01.ndjson#AporEner:Sistema:2026-02-01:2026-02-28
2026-02-18,AporEnerMediHist,127260000,kWh,xm:servapibi,2026-09-22T19:29:03Z,xm/2026/02/AporEnerMediHist_Sistema.2026-02-01.ndjson#AporEnerMediHist:Sistema:2026-02-01:2026-02-28
2026-02-18,CapaUtilDiarEner,16893581733,kWh,xm:servapibi,2026-09-22T19:29:01Z,xm/2026/02/CapaUtilDiarEner_Sistema.2026-02-01.ndjson#CapaUtilDiarEner:Sistema:2026-02-01:2026-02-28
2026-02-18,DemaSIN,242271172.21,kWh,xm:servapibi,2026-09-22T19:29:06Z,xm/2026/02/DemaSIN_Sistema.2026-02-01.ndjson#DemaSIN:Sistema:2026-02-01:2026-02-28
2026-02-18,PorcApor,2.22037,fraction,xm:servapibi,2026-09-22T19:29:05Z,xm/2026/02/PorcApor_Sistema.2026-02-01.ndjson#PorcApor:Sistema:2026-02-01:2026-02-28
2026-02-18,PorcVoluUtilDiar,0.7408,fraction,xm:servapibi,2026-09-22T19:28:58Z,xm/2026/02/PorcVoluUtilDiar_Sistema.2026-02-01.ndjson#PorcVoluUtilDiar:Sistema:2026-02-01:2026-02-28
2026-02-18,PrecBolsNaci,130.15684166666668,COP/kWh,xm:servapibi,2026-09-22T19:29:09Z,xm/2026/02/PrecBolsNaci_Sistema.2026-02-01.ndjson#PrecBolsNaci:Sistema:2026-02-01:2026-02-28
2026-02-18,VoluUtilDiarEner,12514768300,kWh,xm:servapibi,2026-09-22T19:29:00Z,xm/2026/02/VoluUtilDiarEner_Sistema.2026-02-01.ndjson#VoluUtilDiarEner:Sistema:2026-02-01:2026-02-28
2026-02-19,AporEner,214610219.11,kWh,xm:servapibi,2026-09-22T19:29:02Z,xm/2026/02/AporEner_Sistema.2026-02-01.ndjson#AporEner:Sistema:2026-02-01:2026-02-28
2026-02-19,AporEnerMediHist,127260000,kWh,xm:servapibi,2026-09-22T19:29:03Z,xm/2026/02/AporEnerMediHist_Sistema.2026-02-01.ndjson#AporEnerMediHist:Sistema:2026-02-01:2026-02-28
2026-02-19,CapaUtilDiarEner,16893581733,kWh,xm:servapibi,2026-09-22T19:29:01Z,xm/2026/02/CapaUtilDiarEner_Sistema.2026-02-01.ndjson#CapaUtilDiarEner:Sistema:2026-02-01:2026-02-28
2026-02-19,DemaSIN,243025912.33,kWh,xm:servapibi,2026-09-22T19:29:06Z,xm/2026/02/DemaSIN_Sistema.2026-02-01.ndjson#DemaSIN:Sistema:2026-02-01:2026-02-28
2026-02-19,PorcApor,1.68639,fraction,xm:servapibi,2026-09-22T19:29:05Z,xm/2026/02/PorcApor_Sistema.2026-02-01.ndjson#PorcApor:Sistema:2026-02-01:2026-02-28
2026-02-19,PorcVoluUtilDiar,0.73886,fraction,xm:servapibi,2026-09-22T19:28:58Z,xm/2026/02/PorcVoluUtilDiar_Sistema.2026-02-01.ndjson#PorcVoluUtilDiar:Sistema:2026-02-01:2026-02-28
2026-02-19,PrecBolsNaci,131.34803999999997,COP/kWh,xm:servapibi,2026-09-22T19:29:09Z,xm/2026/02/PrecBolsNaci_Sistema.2026-02-01.ndjson#PrecBolsNaci:Sistema:2026-02-01:2026-02-28
2026-02-19,VoluUtilDiarEner,12481910600,kWh,xm:servapibi,2026-09-22T19:29:00Z,xm/2026/02/VoluUtilDiarEner_Sistema.2026-02-01.ndjson#VoluUtilDiarEner:Sistema:2026-02-01:2026-02-28
2026-02-20,AporEner,232284892.95,kWh,xm:servapibi,2026-09-22T19:29:02Z,xm/2026/02/AporEner_Sistema.2026-02-01.ndjson#AporEner:Sistema:2026-02-01:2026-02-28
2026-02-20,AporEnerMediHist,127260000,kWh,xm:servapibi,2026-09-22T19:29:03Z,xm/2026/02/AporEnerMediHist_Sistema.2026-02-01.ndjson#AporEnerMediHist:Sistema:2026-02-01:2026-02-28
2026-02-20,CapaUtilDiarEner,16893581733,kWh,xm:servapibi,2026-09-22T19:29:01Z,xm/2026/02/CapaUtilDiarEner_Sistema.2026-02-01.ndjson#CapaUtilDiarEner:Sistema:2026-02-01:2026-02-28
2026-02-20,DemaSIN,245882754.27,kWh,xm:servapibi,2026-09-22T19:29:06Z,xm/2026/02/DemaSIN_Sistema.2026-02-01.ndjson#DemaSIN:Sistema:2026-02-01:2026-02-28
2026-02-20,PorcApor,1.82528,fraction,xm:servapibi,2026-09-22T19:29:05Z,xm/2026/02/PorcApor_Sistema.2026-02-01.ndjson#PorcApor:Sistema:2026-02-01:2026-02-28
2026-02-20,PorcVoluUtilDiar,0.73783,fraction,xm:servapibi,2026-09-22T19:28:58Z,xm/2026/02/PorcVoluUtilDiar_Sistema.2026-02-01.ndjson#PorcVoluUtilDiar:Sistema:2026-02-01:2026-02-28
2026-02-20,PrecBolsNaci,123.66080999999998,COP/kWh,xm:servapibi,2026-09-22T19:29:09Z,xm/2026/02/PrecBolsNaci_Sistema.2026-02-01.ndjson#PrecBolsNaci:Sistema:2026-02-01:2026-02-28
2026-02-20,VoluUtilDiarEner,12464514800,kWh,xm:servapibi,2026-09-22T19:29:00Z,xm/2026/02/VoluUtilDiarEner_Sistema.2026-02-01.ndjson#VoluUtilDiarEner:Sistema:2026-02-01:2026-02-28
2026-02-21,AporEner,214704701.56,kWh,xm:servapibi,2026-09-22T19:29:02Z,xm/2026/02/AporEner_Sistema.2026-02-01.ndjson#AporEner:Sistema:2026-02-01:2026-02-28
2026-02-21,AporEnerMediHist,127260000,kWh,xm:servapibi,2026-09-22T19:29:03Z,xm/2026/02/AporEnerMediHist_Sistema.2026-02-01.ndjson#AporEnerMediHist:Sistema:2026-02-01:2026-02-28
2026-02-21,CapaUtilDiarEner,16893581733,kWh,xm:servapibi,2026-09-22T19:29:01Z,xm/2026/02/CapaUtilDiarEner_Sistema.2026-02-01.ndjson#CapaUtilDiarEner:Sistema:2026-02-01:2026-02-28
2026-02-21,DemaSIN,236019467.28,kWh,xm:servapibi,2026-09-22T19:29:06Z,xm/2026/02/DemaSIN_Sistema.2026-02-01.ndjson#DemaSIN:Sistema:2026-02-01:2026-02-28
2026-02-21,PorcApor,1.68713,fraction,xm:servapibi,2026-09-22T19:29:05Z,xm/2026/02/PorcApor_Sistema.2026-02-01.ndjson#PorcApor:Sistema:2026-02-01:2026-02-28
2026-02-21,PorcVoluUtilDiar,0.73646,fraction,xm:servapibi,2026-09-22T19:28:58Z,xm/2026/02/PorcVoluUtilDiar_Sistema.2026-02-01.ndjson#PorcVoluUtilDiar:Sistema:2026-02-01:2026-02-28
2026-02-21,PrecBolsNaci,112.58493166666663,COP/kWh,xm:servapibi,2026-09-22T19:29:09Z,xm/2026/02/PrecBolsNaci_Sistema.2026-02-01.ndjson#PrecBolsNaci:Sistema:2026-02-01:2026-02-28
2026-02-21,VoluUtilDiarEner,12441429900,kWh,xm:servapibi,2026-09-22T19:29:00Z,xm/2026/02/VoluUtilDiarEner_Sistema.2026-02-01.ndjson#VoluUtilDiarEner:Sistema:2026-02-01:2026-02-28
2026-02-22,AporEner,213367917.69,kWh,xm:servapibi,2026-09-22T19:29:02Z,xm/2026/02/AporEner_Sistema.2026-02-01.ndjson#AporEner:Sistema:2026-02-01:2026-02-28
2026-02-22,AporEnerMediHist,127260000,kWh,xm:servapibi,2026-09-22T19:29:03Z,xm/2026/02/AporEnerMediHist_Sistema.2026-02-01.ndjson#AporEnerMediHist:Sistema:2026-02-01:2026-02-28
2026-02-22,CapaUtilDiarEner,16893581733,kWh,xm:servapibi,2026-09-22T19:29:01Z,xm/2026/02/CapaUtilDiarEner_Sistema.2026-02-01.ndjson#CapaUtilDiarEner:Sistema:2026-02-01:2026-02-28
2026-02-22,DemaSIN,215889421.76,kWh,xm:servapibi,2026-09-22T19:29:06Z,xm/2026/02/DemaSIN_Sistema.2026-02-01.ndjson#DemaSIN:Sistema:2026-02-01:2026-02-28
2026-02-22,PorcApor,1.67663,fraction,xm:servapibi,2026-09-22T19:29:05Z,xm/2026/02/PorcApor_Sistema.2026-02-01.ndjson#PorcApor:Sistema:2026-02-01:2026-02-28
2026-02-22,PorcVoluUtilDiar,0.73629,fraction,xm:servapibi,2026-09-22T19:28:58Z,xm/2026/02/PorcVoluUtilDiar_Sistema.2026-02-01.ndjson#PorcVoluUtilDiar:Sistema:2026-02-01:2026-02-28
2026-02-22,PrecBolsNaci,113.4182783333333,COP/kWh,xm:servapibi,2026-09-22T19:29:09Z,xm/2026/02/PrecBolsNaci_Sistema.2026-02-01.ndjson#PrecBolsNaci:Sistema:2026-02-01:2026-02-28
2026-02-22,VoluUtilDiarEner,12438525000,kWh,xm:servapibi,2026-09-22T19:29:00Z,xm/2026/02/VoluUtilDiarEner_Sistema.2026-02-01.ndjson#VoluUtilDiarEner:Sistema:2026-02-01:2026-02-28
2026-02-23,AporEner,263317853.8,kWh,xm:servapibi,2026-09-22T19:29:02Z,xm/2026/02/AporEner_Sistema.2026-02-01.ndjson#AporEner:Sistema:2026-02-01:2026-02-28
2026-02-23,AporEnerMediHist,127260000,kWh,xm:servapibi,2026-09-22T19:29:03Z,xm/2026/02/AporEnerMediHist_Sistema.2026-02-01.ndjson#AporEnerMediHist:Sistema:2026-02-01:2026-02-28
2026-02-23,CapaUtilDiarEner,16893581733,kWh,xm:servapibi,2026-09-22T19:29:01Z,xm/2026/02/CapaUtilDiarEner_Sistema.2026-02-01.ndjson#CapaUtilDiarEner:Sistema:2026-02-01:2026-02-28
2026-02-23,DemaSIN,240756878.1,kWh,xm:servapibi,2026-09-22T19:29:06Z,xm/2026/02/DemaSIN_Sistema.2026-02-01.ndjson#DemaSIN:Sistema:2026-02-01:2026-02-28
2026-02-23,PorcApor,2.06913,fraction,xm:servapibi,2026-09-22T19:29:05Z,xm/2026/02/PorcApor_Sistema.2026-02-01.ndjson#PorcApor:Sistema:2026-02-01:2026-02-28
2026-02-23,PorcVoluUtilDiar,0.73594,fraction,xm:servapibi,2026-09-22T19:28:58Z,xm/2026/02/PorcVoluUtilDiar_Sistema.2026-02-01.ndjson#PorcVoluUtilDiar:Sistema:2026-02-01:2026-02-28
2026-02-23,PrecBolsNaci,111.79403666666668,COP/kWh,xm:servapibi,2026-09-22T19:29:09Z,xm/2026/02/PrecBolsNaci_Sistema.2026-02-01.ndjson#PrecBolsNaci:Sistema:2026-02-01:2026-02-28
2026-02-23,VoluUtilDiarEner,12432644600,kWh,xm:servapibi,2026-09-22T19:29:00Z,xm/2026/02/VoluUtilDiarEner_Sistema.2026-02-01.ndjson#VoluUtilDiarEner:Sistema:2026-02-01:2026-02-28
2026-02-24,AporEner,286055852.16,kWh,xm:servapibi,2026-09-22T19:29:02Z,xm/2026/02/AporEner_Sistema.2026-02-01.ndjson#AporEner:Sistema:2026-02-01:2026-02-28
2026-02-24,AporEnerMediHist,127260000,kWh,xm:servapibi,2026-09-22T19:29:03Z,xm/2026/02/AporEnerMediHist_Sistema.2026-02-01.ndjson#AporEnerMediHist:Sistema:2026-02-01:2026-02-28
2026-02-24,CapaUtilDiarEner,16893581733,kWh,xm:servapibi,2026-09-22T19:29:01Z,xm/2026/02/CapaUtilDiarEner_Sistema.2026-02-01.ndjson#CapaUtilDiarEner:Sistema:2026-02-01:2026-02-28
2026-02-24,DemaSIN,240623678.25,kWh,xm:servapibi,2026-09-22T19:29:06Z,xm/2026/02/DemaSIN_Sistema.2026-02-01.ndjson#DemaSIN:Sistema:2026-02-01:2026-02-28
2026-02-24,PorcApor,2.24781,fraction,xm:servapibi,2026-09-22T19:29:05Z,xm/2026/02/PorcApor_Sistema.2026-02-01.ndjson#PorcApor:Sistema:2026-02-01:2026-02-28
2026-02-24,PorcVoluUtilDiar,0.73747,fraction,xm:servapibi,2026-09-22T19:28:58Z,xm/2026/02/PorcVoluUtilDiar_Sistema.2026-02-01.ndjson#PorcVoluUtilDiar:Sistema:2026-02-01:2026-02-28
2026-02-24,PrecBolsNaci,122.53843833333337,COP/kWh,xm:servapibi,2026-09-22T19:29:09Z,xm/2026/02/PrecBolsNaci_Sistema.2026-02-01.ndjson#PrecBolsNaci:Sistema:2026-02-01:2026-02-28
2026-02-24,VoluUtilDiarEner,12458469800,kWh,xm:servapibi,2026-09-22T19:29:00Z,xm/2026/02/VoluUtilDiarEner_Sistema.2026-02-01.ndjson#VoluUtilDiarEner:Sistema:2026-02-01:2026-02-28
2026-02-25,AporEner,297275558.25,kWh,xm:servapibi,2026-09-22T19:29:02Z,xm/2026/02/AporEner_Sistema.2026-02-01.ndjson#AporEner:Sistema:2026-02-01:2026-02-28
2026-02-25,AporEnerMediHist,127260000,kWh,xm:servapibi,2026-09-22T19:29:03Z,xm/2026/02/AporEnerMediHist_Sistema.2026-02-01.ndjson#AporEnerMediHist:Sistema:2026-02-01:2026-02-28
2026-02-25,CapaUtilDiarEner,16893581733,kWh,xm:servapibi,2026-09-22T19:29:01Z,xm/2026/02/CapaUtilDiarEner_Sistema.2026-02-01.ndjson#CapaUtilDiarEner:Sistema:2026-02-01:2026-02-28
2026-02-25,DemaSIN,243689340.42,kWh,xm:servapibi,2026-09-22T19:29:06Z,xm/2026/02/DemaSIN_Sistema.2026-02-01.ndjson#DemaSIN:Sistema:2026-02-01:2026-02-28
2026-02-25,PorcApor,2.33597,fraction,xm:servapibi,2026-09-22T19:29:05Z,xm/2026/02/PorcApor_Sistema.2026-02-01.ndjson#PorcApor:Sistema:2026-02-01:2026-02-28
2026-02-25,PorcVoluUtilDiar,0.73793,fraction,xm:servapibi,2026-09-22T19:28:58Z,xm/2026/02/PorcVoluUtilDiar_Sistema.2026-02-01.ndjson#PorcVoluUtilDiar:Sistema:2026-02-01:2026-02-28
2026-02-25,PrecBolsNaci,123.84187666666669,COP/kWh,xm:servapibi,2026-09-22T19:29:09Z,xm/2026/02/PrecBolsNaci_Sistema.2026-02-01.ndjson#PrecBolsNaci:Sistema:2026-02-01:2026-02-28
2026-02-25,VoluUtilDiarEner,12466319100,kWh,xm:servapibi,2026-09-22T19:29:00Z,xm/2026/02/VoluUtilDiarEner_Sistema.2026-02-01.ndjson#VoluUtilDiarEner:Sistema:2026-02-01:2026-02-28
2026-02-26,AporEner,246005024.72,kWh,xm:servapibi,2026-09-22T19:29:02Z,xm/2026/02/AporEner_Sistema.2026-02-01.ndjson#AporEner:Sistema:2026-02-01:2026-02-28
2026-02-26,AporEnerMediHist,127260000,kWh,xm:servapibi,2026-09-22T19:29:03Z,xm/2026/02/AporEnerMediHist_Sistema.2026-02-01.ndjson#AporEnerMediHist:Sistema:2026-02-01:2026-02-28
2026-02-26,CapaUtilDiarEner,16893581733,kWh,xm:servapibi,2026-09-22T19:29:01Z,xm/2026/02/CapaUtilDiarEner_Sistema.2026-02-01.ndjson#CapaUtilDiarEner:Sistema:2026-02-01:2026-02-28
2026-02-26,DemaSIN,247892793.17,kWh,xm:servapibi,2026-09-22T19:29:06Z,xm/2026/02/DemaSIN_Sistema.2026-02-01.ndjson#DemaSIN:Sistema:2026-02-01:2026-02-28
2026-02-26,PorcApor,1.93309,fraction,xm:servapibi,2026-09-22T19:29:05Z,xm/2026/02/PorcApor_Sistema.2026-02-01.ndjson#PorcApor:Sistema:2026-02-01:2026-02-28
2026-02-26,PorcVoluUtilDiar,0.73704,fraction,xm:servapibi,2026-09-22T19:28:58Z,xm/2026/02/PorcVoluUtilDiar_Sistema.2026-02-01.ndjson#PorcVoluUtilDiar:Sistema:2026-02-01:2026-02-28
2026-02-26,PrecBolsNaci,123.4310733333333,COP/kWh,xm:servapibi,2026-09-22T19:29:09Z,xm/2026/02/PrecBolsNaci_Sistema.2026-02-01.ndjson#PrecBolsNaci:Sistema:2026-02-01:2026-02-28
2026-02-26,VoluUtilDiarEner,12451248300,kWh,xm:servapibi,2026-09-22T19:29:00Z,xm/2026/02/VoluUtilDiarEner_Sistema.2026-02-01.ndjson#VoluUtilDiarEner:Sistema:2026-02-01:2026-02-28
2026-02-27,AporEner,207475783.96,kWh,xm:servapibi,2026-09-22T19:29:02Z,xm/2026/02/AporEner_Sistema.2026-02-01.ndjson#AporEner:Sistema:2026-02-01:2026-02-28
2026-02-27,AporEnerMediHist,127260000,kWh,xm:servapibi,2026-09-22T19:29:03Z,xm/2026/02/AporEnerMediHist_Sistema.2026-02-01.ndjson#AporEnerMediHist:Sistema:2026-02-01:2026-02-28
2026-02-27,CapaUtilDiarEner,16893581733,kWh,xm:servapibi,2026-09-22T19:29:01Z,xm/2026/02/CapaUtilDiarEner_Sistema.2026-02-01.ndjson#CapaUtilDiarEner:Sistema:2026-02-01:2026-02-28
2026-02-27,DemaSIN,250412872.44,kWh,xm:servapibi,2026-09-22T19:29:06Z,xm/2026/02/DemaSIN_Sistema.2026-02-01.ndjson#DemaSIN:Sistema:2026-02-01:2026-02-28
2026-02-27,PorcApor,1.63033,fraction,xm:servapibi,2026-09-22T19:29:05Z,xm/2026/02/PorcApor_Sistema.2026-02-01.ndjson#PorcApor:Sistema:2026-02-01:2026-02-28
2026-02-27,PorcVoluUtilDiar,0.73373,fraction,xm:servapibi,2026-09-22T19:28:58Z,xm/2026/02/PorcVoluUtilDiar_Sistema.2026-02-01.ndjson#PorcVoluUtilDiar:Sistema:2026-02-01:2026-02-28
2026-02-27,PrecBolsNaci,116.22490666666663,COP/kWh,xm:servapibi,2026-09-22T19:29:09Z,xm/2026/02/PrecBolsNaci_Sistema.2026-02-01.ndjson#PrecBolsNaci:Sistema:2026-02-01:2026-02-28
2026-02-27,VoluUtilDiarEner,12395324200,kWh,xm:servapibi,2026-09-22T19:29:00Z,xm/2026/02/VoluUtilDiarEner_Sistema.2026-02-01.ndjson#VoluUtilDiarEner:Sistema:2026-02-01:2026-02-28
2026-02-28,AporEner,193505453.63,kWh,xm:servapibi,2026-09-22T19:29:02Z,xm/2026/02/AporEner_Sistema.2026-02-01.ndjson#AporEner:Sistema:2026-02-01:2026-02-28
2026-02-28,AporEnerMediHist,127260000,kWh,xm:servapibi,2026-09-22T19:29:03Z,xm/2026/02/AporEnerMediHist_Sistema.2026-02-01.ndjson#AporEnerMediHist:Sistema:2026-02-01:2026-02-28
2026-02-28,CapaUtilDiarEner,16893581733,kWh,xm:servapibi,2026-09-22T19:29:01Z,xm/2026/02/CapaUtilDiarEner_Sistema.2026-02-01.ndjson#CapaUtilDiarEner:Sistema:2026-02-01:2026-02-28
2026-02-28,DemaSIN,239249721.03,kWh,xm:servapibi,2026-09-22T19:29:06Z,xm/2026/02/DemaSIN_Sistema.2026-02-01.ndjson#DemaSIN:Sistema:2026-02-01:2026-02-28
2026-02-28,PorcApor,1.52055,fraction,xm:servapibi,2026-09-22T19:29:05Z,xm/2026/02/PorcApor_Sistema.2026-02-01.ndjson#PorcApor:Sistema:2026-02-01:2026-02-28
2026-02-28,PorcVoluUtilDiar,0.73005,fraction,xm:servapibi,2026-09-22T19:28:58Z,xm/2026/02/PorcVoluUtilDiar_Sistema.2026-02-01.ndjson#PorcVoluUtilDiar:Sistema:2026-02-01:2026-02-28
2026-02-28,PrecBolsNaci,119.62981000000002,COP/kWh,xm:servapibi,2026-09-22T19:29:09Z,xm/2026/02/PrecBolsNaci_Sistema.2026-02-01.ndjson#PrecBolsNaci:Sistema:2026-02-01:2026-02-28
2026-02-28,VoluUtilDiarEner,12333183300,kWh,xm:servapibi,2026-09-22T19:29:00Z,xm/2026/02/VoluUtilDiarEner_Sistema.2026-02-01.ndjson#VoluUtilDiarEner:Sistema:2026-02-01:2026-02-28
2026-03-01,AporEner,181589856.42,kWh,xm:servapibi,2026-09-22T19:29:17Z,xm/2026/03/AporEner_Sistema.2026-03-01.ndjson#AporEner:Sistema:2026-03-01:2026-03-31
2026-03-01,AporEnerMediHist,152420000,kWh,xm:servapibi,2026-09-22T19:29:18Z,xm/2026/03/AporEnerMediHist_Sistema.2026-03-01.ndjson#AporEnerMediHist:Sistema:2026-03-01:2026-03-31
2026-03-01,CapaUtilDiarEner,16893581733,kWh,xm:servapibi,2026-09-22T19:29:16Z,xm/2026/03/CapaUtilDiarEner_Sistema.2026-03-01.ndjson#CapaUtilDiarEner:Sistema:2026-03-01:2026-03-31
2026-03-01,DemaSIN,218340645.81,kWh,xm:servapibi,2026-09-22T19:29:21Z,xm/2026/03/DemaSIN_Sistema.2026-03-01.ndjson#DemaSIN:Sistema:2026-03-01:2026-03-31
2026-03-01,PorcApor,1.19138,fraction,xm:servapibi,2026-09-22T19:29:20Z,xm/2026/03/PorcApor_Sistema.2026-03-01.ndjson#PorcApor:Sistema:2026-03-01:2026-03-31
2026-03-01,PorcVoluUtilDiar,0.72693,fraction,xm:servapibi,2026-09-22T19:29:13Z,xm/2026/03/PorcVoluUtilDiar_Sistema.2026-03-01.ndjson#PorcVoluUtilDiar:Sistema:2026-03-01:2026-03-31
2026-03-01,PrecBolsNaci,104.56581833333335,COP/kWh,xm:servapibi,2026-09-22T19:29:24Z,xm/2026/03/PrecBolsNaci_Sistema.2026-03-01.ndjson#PrecBolsNaci:Sistema:2026-03-01:2026-03-31
2026-03-01,VoluUtilDiarEner,12280442700,kWh,xm:servapibi,2026-09-22T19:29:14Z,xm/2026/03/VoluUtilDiarEner_Sistema.2026-03-01.ndjson#VoluUtilDiarEner:Sistema:2026-03-01:2026-03-31
2026-03-02,AporEner,181046019.52,kWh,xm:servapibi,2026-09-22T19:29:17Z,xm/2026/03/AporEner_Sistema.2026-03-01.ndjson#AporEner:Sistema:2026-03-01:2026-03-31
2026-03-02,AporEnerMediHist,152420000,kWh,xm:servapibi,2026-09-22T19:29:18Z,xm/2026/03/AporEnerMediHist_Sistema.2026-03-01.ndjson#AporEnerMediHist:Sistema:2026-03-01:2026-03-31
2026-03-02,CapaUtilDiarEner,16893581733,kWh,xm:servapibi,2026-09-22T19:29:16Z,xm/2026/03/CapaUtilDiarEner_Sistema.2026-03-01.ndjson#CapaUtilDiarEner:Sistema:2026-03-01:2026-03-31
2026-03-02,DemaSIN,244267973.75,kWh,xm:servapibi,2026-09-22T19:29:21Z,xm/2026/03/DemaSIN_Sistema.2026-03-01.ndjson#DemaSIN:Sistema:2026-03-01:2026-03-31
2026-03-02,PorcApor,1.18781,fraction,xm:servapibi,2026-09-22T19:29:20Z,xm/2026/03/PorcApor_Sistema.2026-03-01.ndjson#PorcApor:Sistema:2026-03-01:2026-03-31
2026-03-02,PorcVoluUtilDiar,0.72256,fraction,xm:servapibi,2026-09-22T19:29:13Z,xm/2026/03/PorcVoluUtilDiar_Sistema.2026-03-01.ndjson#PorcVoluUtilDiar:Sistema:2026-03-01:2026-03-31
2026-03-02,PrecBolsNaci,105.01729500000003,COP/kWh,xm:servapibi,2026-09-22T19:29:24Z,xm/2026/03/PrecBolsNaci_Sistema.2026-03-01.ndjson#PrecBolsNaci:Sistema:2026-03-01:2026-03-31
2026-03-02,VoluUtilDiarEner,12206566100,kWh,xm:servapibi,2026-09-22T19:29:14Z,xm/2026/03/VoluUtilDiarEner_Sistema.2026-03-01.ndjson#VoluUtilDiarEner:Sistema:2026-03-01:2026-03-31
2026-03-03,AporEner,173927608.32,kWh,xm:servapibi,2026-09-22T19:29:17Z,xm/2026/03/AporEner_Sistema.2026-03-01.ndjson#AporEner:Sistema:2026-03-01:2026-03-31
2026-03-03,AporEnerMediHist,152420000,kWh,xm:servapibi,2026-09-22T19:29:18Z,xm/2026/03/AporEnerMediHist_Sistema.2026-03-01.ndjson#AporEnerMediHist:Sistema:2026-03-01:2026-03-31
2026-03-03,CapaUtilDiarEner,16893581733,kWh,xm:servapibi,2026-09-22T19:29:16Z,xm/2026/03/CapaUtilDiarEner_Sistema.2026-03-01.ndjson#CapaUtilDiarEner:Sistema:2026-03-01:2026-03-31
2026-03-03,DemaSIN,250712405.25,kWh,xm:servapibi,2026-09-22T19:29:21Z,xm/2026/03/DemaSIN_Sistema.2026-03-01.ndjson#DemaSIN:Sistema:2026-03-01:2026-03-31
2026-03-03,PorcApor,1.14111,fraction,xm:servapibi,2026-09-22T19:29:20Z,xm/2026/03/PorcApor_Sistema.2026-03-01.ndjson#PorcApor:Sistema:2026-03-01:2026-03-31
2026-03-03,PorcVoluUtilDiar,0.71804,fraction,xm:servapibi,2026-09-22T19:29:13Z,xm/2026/03/PorcVoluUtilDiar_Sistema.2026-03-01.ndjson#PorcVoluUtilDiar:Sistema:2026-03-01:2026-03-31
2026-03-03,PrecBolsNaci,118.06141333333335,COP/kWh,xm:servapibi,2026-09-22T19:29:24Z,xm/2026/03/PrecBolsNaci_Sistema.2026-03-01.ndjson#PrecBolsNaci:Sistema:2026-03-01:2026-03-31
2026-03-03,VoluUtilDiarEner,12130259500,kWh,xm:servapibi,2026-09-22T19:29:14Z,xm/2026/03/VoluUtilDiarEner_Sistema.2026-03-01.ndjson#VoluUtilDiarEner:Sistema:2026-03-01:2026-03-31
2026-03-04,AporEner,178193998.62,kWh,xm:servapibi,2026-09-22T19:29:17Z,xm/2026/03/AporEner_Sistema.2026-03-01.ndjson#AporEner:Sistema:2026-03-01:2026-03-31
2026-03-04,AporEnerMediHist,152420000,kWh,xm:servapibi,2026-09-22T19:29:18Z,xm/2026/03/AporEnerMediHist_Sistema.2026-03-01.ndjson#AporEnerMediHist:Sistema:2026-03-01:2026-03-31
2026-03-04,CapaUtilDiarEner,16893581733,kWh,xm:servapibi,2026-09-22T19:29:16Z,xm/2026/03/CapaUtilDiarEner_Sistema.2026-03-01.ndjson#CapaUtilDiarEner:Sistema:2026-03-01:2026-03-31
2026-03-04,DemaSIN,252240361.59,kWh,xm:servapibi,2026-09-22T19:29:21Z,xm/2026/03/DemaSIN_Sistema.2026-03-01.ndjson#DemaSIN:Sistema:2026-03-01:2026-03-31
2026-03-04,PorcApor,1.1691,fraction,xm:servapibi,2026-09-22T19:29:20Z,xm/2026/03/PorcApor_Sistema.2026-03-01.ndjson#PorcApor:Sistema:2026-03-01:2026-03-31
2026-03-04,PorcVoluUtilDiar,0.71408,fraction,xm:servapibi,2026-09-22T19:29:13Z,xm/2026/03/PorcVoluUtilDiar_Sistema.2026-03-01.ndjson#PorcVoluUtilDiar:Sistema:2026-03-01:2026-03-31
2026-03-04,PrecBolsNaci,116.25292500000002,COP/kWh,xm:servapibi,2026-09-22T19:29:24Z,xm/2026/03/PrecBolsNaci_Sistema.2026-03-01.ndjson#PrecBolsNaci:Sistema:2026-03-01:2026-03-31
2026-03-04,VoluUtilDiarEner,12063372600,kWh,xm:servapibi,2026-09-22T19:29:14Z,xm/2026/03/VoluUtilDiarEner_Sistema.2026-03-01.ndjson#VoluUtilDiarEner:Sistema:2026-03-01:2026-03-31
2026-03-05,AporEner,178442937.14,kWh,xm:servapibi,2026-09-22T19:29:17Z,xm/2026/03/AporEner_Sistema.2026-03-01.ndjson#AporEner:Sistema:2026-03-01:2026-03-31
2026-03-05,AporEnerMediHist,152420000,kWh,xm:servapibi,2026-09-22T19:29:18Z,xm/2026/03/AporEnerMediHist_Sistema.2026-03-01.ndjson#AporEnerMediHist:Sistema:2026-03-01:2026-03-31
2026-03-05,CapaUtilDiarEner,16893581733,kWh,xm:servapibi,2026-09-22T19:29:16Z,xm/2026/03/CapaUtilDiarEner_Sistema.2026-03-01.ndjson#CapaUtilDiarEner:Sistema:2026-03-01:2026-03-31
2026-03-05,DemaSIN,250932814.02,kWh,xm:servapibi,2026-09-22T19:29:21Z,xm/2026/03/DemaSIN_Sistema.2026-03-01.ndjson#DemaSIN:Sistema:2026-03-01:2026-03-31
2026-03-05,PorcApor,1.17073,fraction,xm:servapibi,2026-09-22T19:29:20Z,xm/2026/03/PorcApor_Sistema.2026-03-01.ndjson#PorcApor:Sistema:2026-03-01:2026-03-31
2026-03-05,PorcVoluUtilDiar,0.70983,fraction,xm:servapibi,2026-09-22T19:29:13Z,xm/2026/03/PorcVoluUtilDiar_Sistema.2026-03-01.ndjson#PorcVoluUtilDiar:Sistema:2026-03-01:2026-03-31
2026-03-05,PrecBolsNaci,116.61686833333334,COP/kWh,xm:servapibi,2026-09-22T19:29:24Z,xm/2026/03/PrecBolsNaci_Sistema.2026-03-01.ndjson#PrecBolsNaci:Sistema:2026-03-01:2026-03-31
2026-03-05,VoluUtilDiarEner,11991628900,kWh,xm:servapibi,2026-09-22T19:29:14Z,xm/2026/03/VoluUtilDiarEner_Sistema.2026-03-01.ndjson#VoluUtilDiarEner:Sistema:2026-03-01:2026-03-31
2026-03-06,AporEner,174080616.59,kWh,xm:servapibi,2026-09-22T19:29:17Z,xm/2026/03/AporEner_Sistema.2026-03-01.ndjson#AporEner:Sistema:2026-03-01:2026-03-31
2026-03-06,AporEnerMediHist,152420000,kWh,xm:servapibi,2026-09-22T19:29:18Z,xm/2026/03/AporEnerMediHist_Sistema.2026-03-01.ndjson#AporEnerMediHist:Sistema:2026-03-01:2026-03-31
2026-03-06,CapaUtilDiarEner,16893581733,kWh,xm:servapibi,2026-09-22T19:29:16Z,xm/2026/03/CapaUtilDiarEner_Sistema.2026-03-01.ndjson#CapaUtilDiarEner:Sistema:2026-03-01:2026-03-31
2026-03-06,DemaSIN,250187261.26,kWh,xm:servapibi,2026-09-22T19:29:21Z,xm/2026/03/DemaSIN_Sistema.2026-03-01.ndjson#DemaSIN:Sistema:2026-03-01:2026-03-31
2026-03-06,PorcApor,1.14211,fraction,xm:servapibi,2026-09-22T19:29:20Z,xm/2026/03/PorcApor_Sistema.2026-03-01.ndjson#PorcApor:Sistema:2026-03-01:2026-03-31
2026-03-06,PorcVoluUtilDiar,0.70538,fraction,xm:servapibi,2026-09-22T19:29:13Z,xm/2026/03/PorcVoluUtilDiar_Sistema.2026-03-01.ndjson#PorcVoluUtilDiar:Sistema:2026-03-01:2026-03-31
2026-03-06,PrecBolsNaci,111.93293000000001,COP/kWh,xm:servapibi,2026-09-22T19:29:24Z,xm/2026/03/PrecBolsNaci_Sistema.2026-03-01.ndjson#PrecBolsNaci:Sistema:2026-03-01:2026-03-31
2026-03-06,VoluUtilDiarEner,11916437600,kWh,xm:servapibi,2026-09-22T19:29:14Z,xm/2026/03/VoluUtilDiarEner_Sistema.2026-03-01.ndjson#VoluUtilDiarEner:Sistema:2026-03-01:2026-03-31
2026-03-07,AporEner,162405939.62,kWh,xm:servapibi,2026-09-22T19:29:17Z,xm/2026/03/AporEner_Sistema.2026-03-01.ndjson#AporEner:Sistema:2026-03-01:2026-03-31
2026-03-07,AporEnerMediHist,152420000,kWh,xm:servapibi,2026-09-22T19:29:18Z,xm/2026/03/AporEnerMediHist_Sistema.2026-03-01.ndjson#AporEnerMediHist:Sistema:2026-03-01:2026-03-31
2026-03-07,CapaUtilDiarEner,16893581733,kWh,xm:servapibi,2026-09-22T19:29:16Z,xm/2026/03/CapaUtilDiarEner_Sistema.2026-03-01.ndjson#CapaUtilDiarEner:Sistema:2026-03-01:2026-03-31
2026-03-07,DemaSIN,237783446.95,kWh,xm:servapibi,2026-09-22T19:29:21Z,xm/2026/03/DemaSIN_Sistema.2026-03-01.ndjson#DemaSIN:Sistema:2026-03-01:2026-03-31
2026-03-07,PorcApor,1.06552,fraction,xm:servapibi,2026-09-22T19:29:20Z,xm/2026/03/PorcApor_Sistema.2026-03-01.ndjson#PorcApor:Sistema:2026-03-01:2026-03-31
2026-03-07,PorcVoluUtilDiar,0.70184,fraction,xm:servapibi,2026-09-22T19:29:13Z,xm/2026/03/PorcVoluUtilDiar_Sistema.2026-03-01.ndjson#PorcVoluUtilDiar:Sistema:2026-03-01:2026-03-31
2026-03-07,PrecBolsNaci,114.92513333333335,COP/kWh,xm:servapibi,2026-09-22T19:29:24Z,xm/2026/03/PrecBolsNaci_Sistema.2026-03-01.ndjson#PrecBolsNaci:Sistema:2026-03-01:2026-03-31
2026-03-07,VoluUtilDiarEner,11856597100,kWh,xm:servapibi,2026-09-22T19:29:14Z,xm/2026/03/VoluUtilDiarEner_Sistema.2026-03-01.ndjson#VoluUtilDiarEner:Sistema:2026-03-01:2026-03-31
2026-03-08,AporEner,196239580.18,kWh,xm:servapibi,2026-09-22T19:29:17Z,xm/2026/03/AporEner_Sistema.2026-03-01.ndjson#AporEner:Sistema:2026-03-01:2026-03-31
2026-03-08,AporEnerMediHist,152420000,kWh,xm:servapibi,2026-09-22T19:29:18Z,xm/2026/03/AporEnerMediHist_Sistema.2026-03-01.ndjson#AporEnerMediHist:Sistema:2026-03-01:2026-03-31
2026-03-08,CapaUtilDiarEner,16893581733,kWh,xm:servapibi,2026-09-22T19:29:16Z,xm/2026/03/CapaUtilDiarEner_Sistema.2026-03-01.ndjson#CapaUtilDiarEner:Sistema:2026-03-01:2026-03-31
2026-03-08,DemaSIN,215097105.3,kWh,xm:servapibi,2026-09-22T19:29:21Z,xm/2026/03/DemaSIN_Sistema.2026-03-01.ndjson#DemaSIN:Sistema:2026-03-01:2026-03-31
2026-03-08,PorcApor,1.28749,fraction,xm:servapibi,2026-09-22T19:29:20Z,xm/2026/03/PorcApor_Sistema.2026-03-01.ndjson#PorcApor:Sistema:2026-03-01:2026-03-31
2026-03-08,PorcVoluUtilDiar,0.70152,fraction,xm:servapibi,2026-09-22T19:29:13Z,xm/2026/03/PorcVoluUtilDiar_Sistema.2026-03-01.ndjson#PorcVoluUtilDiar:Sistema:2026-03-01:2026-03-31
2026-03-08,PrecBolsNaci,107.09792999999998,COP/kWh,xm:servapibi,2026-09-22T19:29:24Z,xm/2026/03/PrecBolsNaci_Sistema.2026-03-01.ndjson#PrecBolsNaci:Sistema:2026-03-01:2026-03-31
2026-03-08,VoluUtilDiarEner,11851104100,kWh,xm:servapibi,2026-09-22T19:29:14Z,xm/2026/03/VoluUtilDiarEner_Sistema.2026-03-01.ndjson#VoluUtilDiarEner:Sistema:2026-03-01:2026-03-31
2026-03-09,AporEner,188649042.75,kWh,xm:servapibi,2026-09-22T19:29:17Z,xm/2026/03/AporEner_Sistema.2026-03-01.ndjson#AporEner:Sistema:2026-03-01:2026-03-31
2026-03-09,AporEnerMediHist,152420000,kWh,xm:servapibi,2026-09-22T19:29:18Z,xm/2026/03/AporEnerMediHist_Sistema.2026-03-01.ndjson#AporEnerMediHist:Sistema:2026-03-01:2026-03-31
2026-03-09,CapaUtilDiarEner,16893581733,kWh,xm:servapibi,2026-09-22T19:29:16Z,xm/2026/03/CapaUtilDiarEner_Sistema.2026-03-01.ndjson#CapaUtilDiarEner:Sistema:2026-03-01:2026-03-31
2026-03-09,DemaSIN,243303723.43,kWh,xm:servapibi,2026-09-22T19:29:21Z,xm/2026/03/DemaSIN_Sistema.2026-03-01.ndjson#DemaSIN:Sistema:2026-03-01:2026-03-31
2026-03-09,PorcApor,1.23769,fraction,xm:servapibi,2026-09-22T19:29:20Z,xm/2026/03/PorcApor_Sistema.2026-03-01.ndjson#PorcApor:Sistema:2026-03-01:2026-03-31
2026-03-09,PorcVoluUtilDiar,0.69782,fraction,xm:servapibi,2026-09-22T19:29:13Z,xm/2026/03/PorcVoluUtilDiar_Sistema.2026-03-01.ndjson#PorcVoluUtilDiar:Sistema:2026-03-01:2026-03-31
2026-03-09,PrecBolsNaci,108.0517533333333,COP/kWh,xm:servapibi,2026-09-22T19:29:24Z,xm/2026/03/PrecBolsNaci_Sistema.2026-03-01.ndjson#PrecBolsNaci:Sistema:2026-03-01:2026-03-31
2026-03-09,VoluUtilDiarEner,11788714400,kWh,xm:servapibi,2026-09-22T19:29:14Z,xm/2026/03/VoluUtilDiarEner_Sistema.2026-03-01.ndjson#VoluUtilDiarEner:Sistema:2026-03-01:2026-03-31
2026-03-10,AporEner,180292091.97,kWh,xm:servapibi,2026-09-22T19:29:17Z,xm/2026/03/AporEner_Sistema.2026-03-01.ndjson#AporEner:Sistema:2026-03-01:2026-03-31
2026-03-10,AporEnerMediHist,152420000,kWh,xm:servapibi,2026-09-22T19:29:18Z,xm/2026/03/AporEnerMediHist_Sistema.2026-03-01.ndjson#AporEnerMediHist:Sistema:2026-03-01:2026-03-31
2026-03-10,CapaUtilDiarEner,16893581733,kWh,xm:servapibi,2026-09-22T19:29:16Z,xm/2026/03/CapaUtilDiarEner_Sistema.2026-03-01.ndjson#CapaUtilDiarEner:Sistema:2026-03-01:2026-03-31
2026-03-10,DemaSIN,248885713.28,kWh,xm:servapibi,2026-09-22T19:29:21Z,xm/2026/03/DemaSIN_Sistema.2026-03-01.ndjson#DemaSIN:Sistema:2026-03-01:2026-03-31
2026-03-10,PorcApor,1.18286,fraction,xm:servapibi,2026-09-22T19:29:20Z,xm/2026/03/PorcApor_Sistema.2026-03-01.ndjson#PorcApor:Sistema:2026-03-01:2026-03-31
2026-03-10,PorcVoluUtilDiar,0.69416,fraction,xm:servapibi,2026-09-22T19:29:13Z,xm/2026/03/PorcVoluUtilDiar_Sistema.2026-03-01.ndjson#PorcVoluUtilDiar:Sistema:2026-03-01:2026-03-31
2026-03-10,PrecBolsNaci,179.82758166666667,COP/kWh,xm:servapibi,2026-09-22T19:29:24Z,xm/2026/03/PrecBolsNaci_Sistema.2026-03-01.ndjson#PrecBolsNaci:Sistema:2026-03-01:2026-03-31
2026-03-10,VoluUtilDiarEner,11726870400,kWh,xm:servapibi,2026-09-22T19:29:14Z,xm/2026/03/VoluUtilDiarEner_Sistema.2026-03-01.ndjson#VoluUtilDiarEner:Sistema:2026-03-01:2026-03-31
2026-03-11,AporEner,189416914.38,kWh,xm:servapibi,2026-09-22T19:29:17Z,xm/2026/03/AporEner_Sistema.2026-03-01.ndjson#AporEner:Sistema:2026-03-01:2026-03-31
2026-03-11,AporEnerMediHist,152420000,kWh,xm:servapibi,2026-09-22T19:29:18Z,xm/2026/03/AporEnerMediHist_Sistema.2026-03-01.ndjson#AporEnerMediHist:Sistema:2026-03-01:2026-03-31
2026-03-11,CapaUtilDiarEner,16908539621,kWh,xm:servapibi,2026-09-22T19:29:16Z,xm/2026/03/CapaUtilDiarEner_Sistema.2026-03-01.ndjson#CapaUtilDiarEner:Sistema:2026-03-01:2026-03-31
2026-03-11,DemaSIN,248243917.9,kWh,xm:servapibi,2026-09-22T19:29:21Z,xm/2026/03/DemaSIN_Sistema.2026-03-01.ndjson#DemaSIN:Sistema:2026-03-01:2026-03-31
2026-03-11,PorcApor,1.24273,fraction,xm:servapibi,2026-09-22T19:29:20Z,xm/2026/03/PorcApor_Sistema.2026-03-01.ndjson#PorcApor:Sistema:2026-03-01:2026-03-31
2026-03-11,PorcVoluUtilDiar,0.69093,fraction,xm:servapibi,2026-09-22T19:29:13Z,xm/2026/03/PorcVoluUtilDiar_Sistema.2026-03-01.ndjson#PorcVoluUtilDiar:Sistema:2026-03-01:2026-03-31
2026-03-11,PrecBolsNaci,222.1393533333334,COP/kWh,xm:servapibi,2026-09-22T19:29:24Z,xm/2026/03/PrecBolsNaci_Sistema.2026-03-01.ndjson#PrecBolsNaci:Sistema:2026-03-01:2026-03-31
2026-03-11,VoluUtilDiarEner,11682564000,kWh,xm:servapibi,2026-09-22T19:29:14Z,xm/2026/03/VoluUtilDiarEner_Sistema.2026-03-01.ndjson#VoluUtilDiarEner:Sistema:2026-03-01:2026-03-31
2026-03-12,AporEner,177490646.73,kWh,xm:servapibi,2026-09-22T19:29:17Z,xm/2026/03/AporEner_Sistema.2026-03-01.ndjson#AporEner:Sistema:2026-03-01:2026-03-31
2026-03-12,AporEnerMediHist,152070000,kWh,xm:servapibi,2026-09-22T19:29:18Z,xm/2026/03/AporEnerMediHist_Sistema.2026-03-01.ndjson#AporEnerMediHist:Sistema:2026-03-01:2026-03-31
2026-03-12,CapaUtilDiarEner,16908539621,kWh,xm:servapibi,2026-09-22T19:29:16Z,xm/2026/03/CapaUtilDiarEner_Sistema.2026-03-01.ndjson#CapaUtilDiarEner:Sistema:2026-03-01:2026-03-31
2026-03-12,DemaSIN,248428996.62,kWh,xm:servapibi,2026-09-22T19:29:21Z,xm/2026/03/DemaSIN_Sistema.2026-03-01.ndjson#DemaSIN:Sistema:2026-03-01:2026-03-31
2026-03-12,PorcApor,1.16716,fraction,xm:servapibi,2026-09-22T19:29:20Z,xm/2026/03/PorcApor_Sistema.2026-03-01.ndjson#PorcApor:Sistema:2026-03-01:2026-03-31
2026-03-12,PorcVoluUtilDiar,0.68681,fraction,xm:servapibi,2026-09-22T19:29:13Z,xm/2026/03/PorcVoluUtilDiar_Sistema.2026-03-01.ndjson#PorcVoluUtilDiar:Sistema:2026-03-01:2026-03-31
2026-03-12,PrecBolsNaci,208.83215666666672,COP/kWh,xm:servapibi,2026-09-22T19:29:24Z,xm/2026/03/PrecBolsNaci_Sistema.2026-03-01.ndjson#PrecBolsNaci:Sistema:2026-03-01:2026-03-31
2026-03-12,VoluUtilDiarEner,11612913400,kWh,xm:servapibi,2026-09-22T19:29:14Z,xm/2026/03/VoluUtilDiarEner_Sistema.2026-03-01.ndjson#VoluUtilDiarEner:Sistema:2026-03-01:2026-03-31
2026-03-13,AporEner,165007925.7,kWh,xm:servapibi,2026-09-22T19:29:17Z,xm/2026/03/AporEner_Sistema.2026-03-01.ndjson#AporEner:Sistema:2026-03-01:2026-03-31
2026-03-13,AporEnerMediHist,152070000,kWh,xm:servapibi,2026-09-22T19:29:18Z,xm/2026/03/AporEnerMediHist_Sistema.2026-03-01.ndjson#AporEnerMediHist:Sistema:2026-03-01:2026-03-31
2026-03-13,CapaUtilDiarEner,16908539621,kWh,xm:servapibi,2026-09-22T19:29:16Z,xm/2026/03/CapaUtilDiarEner_Sistema.2026-03-01.ndjson#CapaUtilDiarEner:Sistema:2026-03-01:2026-03-31
2026-03-13,DemaSIN,246723427.04,kWh,xm:servapibi,2026-09-22T19:29:21Z,xm/2026/03/DemaSIN_Sistema.2026-03-01.ndjson#DemaSIN:Sistema:2026-03-01:2026-03-31
2026-03-13,PorcApor,1.08508,fraction,xm:servapibi,2026-09-22T19:29:20Z,xm/2026/03/PorcApor_Sistema.2026-03-01.ndjson#PorcApor:Sistema:2026-03-01:2026-03-31
2026-03-13,PorcVoluUtilDiar,0.68281,fraction,xm:servapibi,2026-09-22T19:29:13Z,xm/2026/03/PorcVoluUtilDiar_Sistema.2026-03-01.ndjson#PorcVoluUtilDiar:Sistema:2026-03-01:2026-03-31
2026-03-13,PrecBolsNaci,190.1839633333333,COP/kWh,xm:servapibi,2026-09-22T19:29:24Z,xm/2026/03/PrecBolsNaci_Sistema.2026-03-01.ndjson#PrecBolsNaci:Sistema:2026-03-01:2026-03-31
2026-03-13,VoluUtilDiarEner,11545340100,kWh,xm:servapibi,2026-09-22T19:29:14Z,xm/2026/03/VoluUtilDiarEner_Sistema.2026-03-01.ndjson#VoluUtilDiarEner:Sistema:2026-03-01:2026-03-31
2026-03-14,AporEner,144614256.44,kWh,xm:servapibi,2026-09-22T19:29:17Z,xm/2026/03/AporEner_Sistema.2026-03-01.ndjson#AporEner:Sistema:2026-03-01:2026-03-31
2026-03-14,AporEnerMediHist,152070000,kWh,xm:servapibi,2026-09-22T19:29:18Z,xm/2026/03/AporEnerMediHist_Sistema.2026-03-01.ndjson#AporEnerMediHist:Sistema:2026-03-01:2026-03-31
2026-03-14,CapaUtilDiarEner,16908539621,kWh,xm:servapibi,2026-09-22T19:29:16Z,xm/2026/03/CapaUtilDiarEner_Sistema.2026-03-01.ndjson#CapaUtilDiarEner:Sistema:2026-03-01:2026-03-31
2026-03-14,DemaSIN,235810766.94,kWh,xm:servapibi,2026-09-22T19:29:21Z,xm/2026/03/DemaSIN_Sistema.2026-03-01.ndjson#DemaSIN:Sistema:2026-03-01:2026-03-31
2026-03-14,PorcApor,0.95097,fraction,xm:servapibi,2026-09-22T19:29:20Z,xm/2026/03/PorcApor_Sistema.2026-03-01.ndjson#PorcApor:Sistema:2026-03-01:2026-03-31
2026-03-14,PorcVoluUtilDiar,0.67897,fraction,xm:servapibi,2026-09-22T19:29:13Z,xm/2026/03/PorcVoluUtilDiar_Sistema.2026-03-01.ndjson#PorcVoluUtilDiar:Sistema:2026-03-01:2026-03-31
2026-03-14,PrecBolsNaci,205.22409499999992,COP/kWh,xm:servapibi,2026-09-22T19:29:24Z,xm/2026/03/PrecBolsNaci_Sistema.2026-03-01.ndjson#PrecBolsNaci:Sistema:2026-03-01:2026-03-31
2026-03-14,VoluUtilDiarEner,11480338900,kWh,xm:servapibi,2026-09-22T19:29:14Z,xm/2026/03/VoluUtilDiarEner_Sistema.2026-03-01.ndjson#VoluUtilDiarEner:Sistema:2026-03-01:2026-03-31
2026-03-15,AporEner,134235138.52,kWh,xm:servapibi,2026-09-22T19:29:17Z,xm/2026/03/AporEner_Sistema.2026-03-01.ndjson#AporEner:Sistema:2026-03-01:2026-03-31
2026-03-15,AporEnerMediHist,152070000,kWh,xm:servapibi,2026-09-22T19:29:18Z,xm/2026/03/AporEnerMediHist_Sistema.2026-03-01.ndjson#AporEnerMediHist:Sistema:2026-03-01:2026-03-31
2026-03-15,CapaUtilDiarEner,16908539621,kWh,xm:servapibi,2026-09-22T19:29:16Z,xm/2026/03/CapaUtilDiarEner_Sistema.2026-03-01.ndjson#CapaUtilDiarEner:Sistema:2026-03-01:2026-03-31
2026-03-15,DemaSIN,218176867.74,kWh,xm:servapibi,2026-09-22T19:29:21Z,xm/2026/03/DemaSIN_Sistema.2026-03-01.ndjson#DemaSIN:Sistema:2026-03-01:2026-03-31
2026-03-15,PorcApor,0.88272,fraction,xm:servapibi,2026-09-22T19:29:20Z,xm/2026/03/PorcApor_Sistema.2026-03-01.ndjson#PorcApor:Sistema:2026-03-01:2026-03-31
2026-03-15,PorcVoluUtilDiar,0.67591,fraction,xm:servapibi,2026-09-22T19:29:13Z,xm/2026/03/PorcVoluUtilDiar_Sistema.2026-03-01.ndjson#PorcVoluUtilDiar:Sistema:2026-03-01:2026-03-31
2026-03-15,PrecBolsNaci,219.12887000000003,COP/kWh,xm:servapibi,2026-09-22T19:29:24Z,xm/2026/03/PrecBolsNaci_Sistema.2026-03-01.ndjson#PrecBolsNaci:Sistema:2026-03-01:2026-03-31
2026-03-15,VoluUtilDiarEner,11428716700,kWh,xm:servapibi,2026-09-22T19:29:14Z,xm/2026/03/VoluUtilDiarEner_Sistema.2026-03-01.ndjson#VoluUtilDiarEner:Sistema:2026-03-01:2026-03-31
2026-03-16,AporEner,135896868.92,kWh,xm:servapibi,2026-09-22T19:29:17Z,xm/2026/03/AporEner_Sistema.2026-03-01.ndjson#AporEner:Sistema:2026-03-01:2026-03-31
2026-03-16,AporEnerMediHist,152070000,kWh,xm:servapibi,2026-09-22T19:29:18Z,xm/2026/03/AporEnerMediHist_Sistema.2026-03-01.ndjson#AporEnerMediHist:Sistema:2026-03-01:2026-03-31
2026-03-16,CapaUtilDiarEner,16908539621,kWh,xm:servapibi,2026-09-22T19:29:16Z,xm/2026/03/CapaUtilDiarEner_Sistema.2026-03-01.ndjson#CapaUtilDiarEner:Sistema:2026-03-01:2026-03-31
2026-03-16,DemaSIN,248120019.31,kWh,xm:servapibi,2026-09-22T19:29:21Z,xm/2026/03/DemaSIN_Sistema.2026-03-01.ndjson#DemaSIN:Sistema:2026-03-01:2026-03-31
2026-03-16,PorcApor,0.89365,fraction,xm:servapibi,2026-09-22T19:29:20Z,xm/2026/03/PorcApor_Sistema.2026-03-01.ndjson#PorcApor:Sistema:2026-03-01:2026-03-31
2026-03-16,PorcVoluUtilDiar,0.67135,fraction,xm:servapibi,2026-09-22T19:29:13Z,xm/2026/03/PorcVoluUtilDiar_Sistema.2026-03-01.ndjson#PorcVoluUtilDiar:Sistema:2026-03-01:2026-03-31
2026-03-16,PrecBolsNaci,308.6773316666667,COP/kWh,xm:servapibi,2026-09-22T19:29:24Z,xm/2026/03/PrecBolsNaci_Sistema.2026-03-01.ndjson#PrecBolsNaci:Sistema:2026-03-01:2026-03-31
2026-03-16,VoluUtilDiarEner,11351579700,kWh,xm:servapibi,2026-09-22T19:29:14Z,xm/2026/03/VoluUtilDiarEner_Sistema.2026-03-01.ndjson#VoluUtilDiarEner:Sistema:2026-03-01:2026-03-31
2026-03-17,AporEner,137482357.29,kWh,xm:servapibi,2026-09-22T19:29:17Z,xm/2026/03/AporEner_Sistema.2026-03-01.ndjson#AporEner:Sistema:2026-03-01:2026-03-31
2026-03-17,AporEnerMediHist,152070000,kWh,xm:servapibi,2026-09-22T19:29:18Z,xm/2026/03/AporEnerMediHist_Sistema.2026-03-01.ndjson#AporEnerMediHist:Sistema:2026-03-01:2026-03-31
2026-03-17,CapaUtilDiarEner,16908539621,kWh,xm:servapibi,2026-09-22T19:29:16Z,xm/2026/03/CapaUtilDiarEner_Sistema.2026-03-01.ndjson#CapaUtilDiarEner:Sistema:2026-03-01:2026-03-31
2026-03-17,DemaSIN,252050473.6,kWh,xm:servapibi,2026-09-22T19:29:21Z,xm/2026/03/DemaSIN_Sistema.2026-03-01.ndjson#DemaSIN:Sistema:2026-03-01:2026-03-31
2026-03-17,PorcApor,0.90407,fraction,xm:servapibi,2026-09-22T19:29:20Z,xm/2026/03/PorcApor_Sistema.2026-03-01.ndjson#PorcApor:Sistema:2026-03-01:2026-03-31
2026-03-17,PorcVoluUtilDiar,0.6669,fraction,xm:servapibi,2026-09-22T19:29:13Z,xm/2026/03/PorcVoluUtilDiar_Sistema.2026-03-01.ndjson#PorcVoluUtilDiar:Sistema:2026-03-01:2026-03-31
2026-03-17,PrecBolsNaci,330.2981249999999,COP/kWh,xm:servapibi,2026-09-22T19:29:24Z,xm/2026/03/PrecBolsNaci_Sistema.2026-03-01.ndjson#PrecBolsNaci:Sistema:2026-03-01:2026-03-31
2026-03-17,VoluUtilDiarEner,11276303600,kWh,xm:servapibi,2026-09-22T19:29:14Z,xm/2026/03/VoluUtilDiarEner_Sistema.2026-03-01.ndjson#VoluUtilDiarEner:Sistema:2026-03-01:2026-03-31
2026-03-18,AporEner,198978918.28,kWh,xm:servapibi,2026-09-22T19:29:17Z,xm/2026/03/AporEner_Sistema.2026-03-01.ndjson#AporEner:Sistema:2026-03-01:2026-03-31
2026-03-18,AporEnerMediHist,152070000,kWh,xm:servapibi,2026-09-22T19:29:18Z,xm/2026/03/AporEnerMediHist_Sistema.2026-03-01.ndjson#AporEnerMediHist:Sistema:2026-03-01:2026-03-31
2026-03-18,CapaUtilDiarEner,16908539621,kWh,xm:servapibi,2026-09-22T19:29:16Z,xm/2026/03/CapaUtilDiarEner_Sistema.2026-03-01.ndjson#CapaUtilDiarEner:Sistema:2026-03-01:2026-03-31
2026-03-18,DemaSIN,246716010.89,kWh,xm:servapibi,2026-09-22T19:29:21Z,xm/2026/03/DemaSIN_Sistema.2026-03-01.ndjson#DemaSIN:Sistema:2026-03-01:2026-03-31
2026-03-18,PorcApor,1.30847,fraction,xm:servapibi,2026-09-22T19:29:20Z,xm/2026/03/PorcApor_Sistema.2026-03-01.ndjson#PorcApor:Sistema:2026-03-01:2026-03-31
2026-03-18,PorcVoluUtilDiar,0.6662,fraction,xm:servapibi,2026-09-22T19:29:13Z,xm/2026/03/PorcVoluUtilDiar_Sistema.2026-03-01.ndjson#PorcVoluUtilDiar:Sistema:2026-03-01:2026-03-31
2026-03-18,PrecBolsNaci,331.78537166666666,COP/kWh,xm:servapibi,2026-09-22T19:29:24Z,xm/2026/03/PrecBolsNaci_Sistema.2026-03-01.ndjson#PrecBolsNaci:Sistema:2026-03-01:2026-03-31
2026-03-18,VoluUtilDiarEner,11264497600,kWh,xm:servapibi,2026-09-22T19:29:14Z,xm/2026/03/VoluUtilDiarEner_Sistema.2026-03-01.ndjson#VoluUtilDiarEner:Sistema:2026-03-01:2026-03-31
2026-03-19,AporEner,165271882.78,kWh,xm:servapibi,2026-09-22T19:29:17Z,xm/2026/03/AporEner_Sistema.2026-03-01.ndjson#AporEner:Sistema:2026-03-01:2026-03-31
2026-03-19,AporEnerMediHist,152070000,kWh,xm:servapibi,2026-09-22T19:29:18Z,xm/2026/03/AporEnerMediHist_Sistema.2026-03-01.ndjson#AporEnerMediHist:Sistema:2026-03-01:2026-03-31
2026-03-19,CapaUtilDiarEner,16908539621,kWh,xm:servapibi,2026-09-22T19:29:16Z,xm/2026/03/CapaUtilDiarEner_Sistema.2026-03-01.ndjson#CapaUtilDiarEner:Sistema:2026-03-01:2026-03-31
2026-03-19,DemaSIN,245204231.57,kWh,xm:servapibi,2026-09-22T19:29:21Z,xm/2026/03/DemaSIN_Sistema.2026-03-01.ndjson#DemaSIN:Sistema:2026-03-01:2026-03-31
2026-03-19,PorcApor,1.08681,fraction,xm:servapibi,2026-09-22T19:29:20Z,xm/2026/03/PorcApor_Sistema.2026-03-01.ndjson#PorcApor:Sistema:2026-03-01:2026-03-31
2026-03-19,PorcVoluUtilDiar,0.6636,fraction,xm:servapibi,2026-09-22T19:29:13Z,xm/2026/03/PorcVoluUtilDiar_Sistema.2026-03-01.ndjson#PorcVoluUtilDiar:Sistema:2026-03-01:2026-03-31
2026-03-19,PrecBolsNaci,357.29209,COP/kWh,xm:servapibi,2026-09-22T19:29:24Z,xm/2026/03/PrecBolsNaci_Sistema.2026-03-01.ndjson#PrecBolsNaci:Sistema:2026-03-01:2026-03-31
2026-03-19,VoluUtilDiarEner,11220426700,kWh,xm:servapibi,2026-09-22T19:29:14Z,xm/2026/03/VoluUtilDiarEner_Sistema.2026-03-01.ndjson#VoluUtilDiarEner:Sistema:2026-03-01:2026-03-31
2026-03-20,AporEner,140029529.98,kWh,xm:servapibi,2026-09-22T19:29:17Z,xm/2026/03/AporEner_Sistema.2026-03-01.ndjson#AporEner:Sistema:2026-03-01:2026-03-31
2026-03-20,AporEnerMediHist,152070000,kWh,xm:servapibi,2026-09-22T19:29:18Z,xm/2026/03/AporEnerMediHist_Sistema.2026-03-01.ndjson#AporEnerMediHist:Sistema:2026-03-01:2026-03-31
2026-03-20,CapaUtilDiarEner,16908539621,kWh,xm:servapibi,2026-09-22T19:29:16Z,xm/2026/03/CapaUtilDiarEner_Sistema.2026-03-01.ndjson#CapaUtilDiarEner:Sistema:2026-03-01:2026-03-31
2026-03-20,DemaSIN,246389400.43,kWh,xm:servapibi,2026-09-22T19:29:21Z,xm/2026/03/DemaSIN_Sistema.2026-03-01.ndjson#DemaSIN:Sistema:2026-03-01:2026-03-31
2026-03-20,PorcApor,0.92082,fraction,xm:servapibi,2026-09-22T19:29:20Z,xm/2026/03/PorcApor_Sistema.2026-03-01.ndjson#PorcApor:Sistema:2026-03-01:2026-03-31
2026-03-20,PorcVoluUtilDiar,0.65932,fraction,xm:servapibi,2026-09-22T19:29:13Z,xm/2026/03/PorcVoluUtilDiar_Sistema.2026-03-01.ndjson#PorcVoluUtilDiar:Sistema:2026-03-01:2026-03-31
2026-03-20,PrecBolsNaci,350.5640499999999,COP/kWh,xm:servapibi,2026-09-22T19:29:24Z,xm/2026/03/PrecBolsNaci_Sistema.2026-03-01.ndjson#PrecBolsNaci:Sistema:2026-03-01:2026-03-31
2026-03-20,VoluUtilDiarEner,11148066300,kWh,xm:servapibi,2026-09-22T19:29:14Z,xm/2026/03/VoluUtilDiarEner_Sistema.2026-03-01.ndjson#VoluUtilDiarEner:Sistema:2026-03-01:2026-03-31
2026-03-21,AporEner,136314267.97,kWh,xm:servapibi,2026-09-22T19:29:17Z,xm/2026/03/AporEner_Sistema.2026-03-01.ndjson#AporEner:Sistema:2026-03-01:2026-03-31
2026-03-21,AporEnerMediHist,152070000,kWh,xm:servapibi,2026-09-22T19:29:18Z,xm/2026/03/AporEnerMediHist_Sistema.2026-03-01.ndjson#AporEnerMediHist:Sistema:2026-03-01:2026-03-31
2026-03-21,CapaUtilDiarEner,16908539621,kWh,xm:servapibi,2026-09-22T19:29:16Z,xm/2026/03/CapaUtilDiarEner_Sistema.2026-03-01.ndjson#CapaUtilDiarEner:Sistema:2026-03-01:2026-03-31
2026-03-21,DemaSIN,234374065.36,kWh,xm:servapibi,2026-09-22T19:29:21Z,xm/2026/03/DemaSIN_Sistema.2026-03-01.ndjson#DemaSIN:Sistema:2026-03-01:2026-03-31
2026-03-21,PorcApor,0.89639,fraction,xm:servapibi,2026-09-22T19:29:20Z,xm/2026/03/PorcApor_Sistema.2026-03-01.ndjson#PorcApor:Sistema:2026-03-01:2026-03-31
2026-03-21,PorcVoluUtilDiar,0.65624,fraction,xm:servapibi,2026-09-22T19:29:13Z,xm/2026/03/PorcVoluUtilDiar_Sistema.2026-03-01.ndjson#PorcVoluUtilDiar:Sistema:2026-03-01:2026-03-31
2026-03-21,PrecBolsNaci,326.1949299999999,COP/kWh,xm:servapibi,2026-09-22T19:29:24Z,xm/2026/03/PrecBolsNaci_Sistema.2026-03-01.ndjson#PrecBolsNaci:Sistema:2026-03-01:2026-03-31
2026-03-21,VoluUtilDiarEner,11096107600,kWh,xm:servapibi,2026-09-22T19:29:14Z,xm/2026/03/VoluUtilDiarEner_Sistema.2026-03-01.ndjson#VoluUtilDiarEner:Sistema:2026-03-01:2026-03-31
2026-03-22,AporEner,156176167.83,kWh,xm:servapibi,2026-09-22T19:29:17Z,xm/2026/03/AporEner_Sistema.2026-03-01.ndjson#AporEner:Sistema:2026-03-01:2026-03-31
2026-03-22,AporEnerMediHist,152070000,kWh,xm:servapibi,2026-09-22T19:29:18Z,xm/2026/03/AporEnerMediHist_Sistema.2026-03-01.ndjson#AporEnerMediHist:Sistema:2026-03-01:2026-03-31
2026-03-22,CapaUtilDiarEner,16908539621,kWh,xm:servapibi,2026-09-22T19:29:16Z,xm/2026/03/CapaUtilDiarEner_Sistema.2026-03-01.ndjson#CapaUtilDiarEner:Sistema:2026-03-01:2026-03-31
2026-03-22,DemaSIN,214471508.45,kWh,xm:servapibi,2026-09-22T19:29:21Z,xm/2026/03/DemaSIN_Sistema.2026-03-01.ndjson#DemaSIN:Sistema:2026-03-01:2026-03-31
2026-03-22,PorcApor,1.027,fraction,xm:servapibi,2026-09-22T19:29:20Z,xm/2026/03/PorcApor_Sistema.2026-03-01.ndjson#PorcApor:Sistema:2026-03-01:2026-03-31
2026-03-22,PorcVoluUtilDiar,0.65542,fraction,xm:servapibi,2026-09-22T19:29:13Z,xm/2026/03/PorcVoluUtilDiar_Sistema.2026-03-01.ndjson#PorcVoluUtilDiar:Sistema:2026-03-01:2026-03-31
2026-03-22,PrecBolsNaci,305.4229283333332,COP/kWh,xm:servapibi,2026-09-22T19:29:24Z,xm/2026/03/PrecBolsNaci_Sistema.2026-03-01.ndjson#PrecBolsNaci:Sistema:2026-03-01:2026-03-31
2026-03-22,VoluUtilDiarEner,11082136900,kWh,xm:servapibi,2026-09-22T19:29:14Z,xm/2026/03/VoluUtilDiarEner_Sistema.2026-03-01.ndjson#VoluUtilDiarEner:Sistema:2026-03-01:2026-03-31
2026-03-23,AporEner,154989030.93,kWh,xm:servapibi,2026-09-22T19:29:17Z,xm/2026/03/AporEner_Sistema.2026-03-01.ndjson#AporEner:Sistema:2026-03-01:2026-03-31
2026-03-23,AporEnerMediHist,152070000,kWh,xm:servapibi,2026-09-22T19:29:18Z,xm/2026/03/AporEnerMediHist_Sistema.2026-03-01.ndjson#AporEnerMediHist:Sistema:2026-03-01:2026-03-31
2026-03-23,CapaUtilDiarEner,16908539621,kWh,xm:servapibi,2026-09-22T19:29:16Z,xm/2026/03/CapaUtilDiarEner_Sistema.2026-03-01.ndjson#CapaUtilDiarEner:Sistema:2026-03-01:2026-03-31
2026-03-23,DemaSIN,222075611,kWh,xm:servapibi,2026-09-22T19:29:21Z,xm/2026/03/DemaSIN_Sistema.2026-03-01.ndjson#DemaSIN:Sistema:2026-03-01:2026-03-31
2026-03-23,PorcApor,1.0192,fraction,xm:servapibi,2026-09-22T19:29:20Z,xm/2026/03/PorcApor_Sistema.2026-03-01.ndjson#PorcApor:Sistema:2026-03-01:2026-03-31
2026-03-23,PorcVoluUtilDiar,0.65385,fraction,xm:servapibi,2026-09-22T19:29:13Z,xm/2026/03/PorcVoluUtilDiar_Sistema.2026-03-01.ndjson#PorcVoluUtilDiar:Sistema:2026-03-01:2026-03-31
2026-03-23,PrecBolsNaci,318.0200166666666,COP/kWh,xm:servapibi,2026-09-22T19:29:24Z,xm/2026/03/PrecBolsNaci_Sistema.2026-03-01.ndjson#PrecBolsNaci:Sistema:2026-03-01:2026-03-31
2026-03-23,VoluUtilDiarEner,11055619200,kWh,xm:servapibi,2026-09-22T19:29:14Z,xm/2026/03/VoluUtilDiarEner_Sistema.2026-03-01.ndjson#VoluUtilDiarEner:Sistema:2026-03-01:2026-03-31
2026-03-24,AporEner,162046090.78,kWh,xm:servapibi,2026-09-22T19:29:17Z,xm/2026/03/AporEner_Sistema.2026-03-01.ndjson#AporEner:Sistema:2026-03-01:2026-03-31
2026-03-24,AporEnerMediHist,152070000,kWh,xm:servapibi,2026-09-22T19:29:18Z,xm/2026/03/AporEnerMediHist_Sistema.2026-03-01.ndjson#AporEnerMediHist:Sistema:2026-03-01:2026-03-31
2026-03-24,CapaUtilDiarEner,16908539621,kWh,xm:servapibi,2026-09-22T19:29:16Z,xm/2026/03/CapaUtilDiarEner_Sistema.2026-03-01.ndjson#CapaUtilDiarEner:Sistema:2026-03-01:2026-03-31
2026-03-24,DemaSIN,245585460.96,kWh,xm:servapibi,2026-09-22T19:29:21Z,xm/2026/03/DemaSIN_Sistema.2026-03-01.ndjson#DemaSIN:Sistema:2026-03-01:2026-03-31
2026-03-24,PorcApor,1.0656,fraction,xm:servapibi,2026-09-22T19:29:20Z,xm/2026/03/PorcApor_Sistema.2026-03-01.ndjson#PorcApor:Sistema:2026-03-01:2026-03-31
2026-03-24,PorcVoluUtilDiar,0.65108,fraction,xm:servapibi,2026-09-22T19:29:13Z,xm/2026/03/PorcVoluUtilDiar_Sistema.2026-03-01.ndjson#PorcVoluUtilDiar:Sistema:2026-03-01:2026-03-31
2026-03-24,PrecBolsNaci,292.62003166666665,COP/kWh,xm:servapibi,2026-09-22T19:29:24Z,xm/2026/03/PrecBolsNaci_Sistema.2026-03-01.ndjson#PrecBolsNaci:Sistema:2026-03-01:2026-03-31
2026-03-24,VoluUtilDiarEner,11008749200,kWh,xm:servapibi,2026-09-22T19:29:14Z,xm/2026/03/VoluUtilDiarEner_Sistema.2026-03-01.ndjson#VoluUtilDiarEner:Sistema:2026-03-01:2026-03-31
2026-03-25,AporEner,160260266.32,kWh,xm:servapibi,2026-09-22T19:29:17Z,xm/2026/03/AporEner_Sistema.2026-03-01.ndjson#AporEner:Sistema:2026-03-01:2026-03-31
2026-03-25,AporEnerMediHist,152070000,kWh,xm:servapibi,2026-09-22T19:29:18Z,xm/2026/03/AporEnerMediHist_Sistema.2026-03-01.ndjson#AporEnerMediHist:Sistema:2026-03-01:2026-03-31
2026-03-25,CapaUtilDiarEner,16908539621,kWh,xm:servapibi,2026-09-22T19:29:16Z,xm/2026/03/CapaUtilDiarEner_Sistema.2026-03-01.ndjson#CapaUtilDiarEner:Sistema:2026-03-01:2026-03-31
2026-03-25,DemaSIN,251102133.17,kWh,xm:servapibi,2026-09-22T19:29:21Z,xm/2026/03/DemaSIN_Sistema.2026-03-01.ndjson#DemaSIN:Sistema:2026-03-01:2026-03-31
2026-03-25,PorcApor,1.05386,fraction,xm:servapibi,2026-09-22T19:29:20Z,xm/2026/03/PorcApor_Sistema.2026-03-01.ndjson#PorcApor:Sistema:2026-03-01:2026-03-31
2026-03-25,PorcVoluUtilDiar,0.64795,fraction,xm:servapibi,2026-09-22T19:29:13Z,xm/2026/03/PorcVoluUtilDiar_Sistema.2026-03-01.ndjson#PorcVoluUtilDiar:Sistema:2026-03-01:2026-03-31
2026-03-25,PrecBolsNaci,315.4754166666667,COP/kWh,xm:servapibi,2026-09-22T19:29:24Z,xm/2026/03/PrecBolsNaci_Sistema.2026-03-01.ndjson#PrecBolsNaci:Sistema:2026-03-01:2026-03-31
2026-03-25,VoluUtilDiarEner,10955910200,kWh,xm:servapibi,2026-09-22T19:29:14Z,xm/2026/03/VoluUtilDiarEner_Sistema.2026-03-01.ndjson#VoluUtilDiarEner:Sistema:2026-03-01:2026-03-31
2026-03-26,AporEner,155606686.01,kWh,xm:servapibi,2026-09-22T19:29:17Z,xm/2026/03/AporEner_Sistema.2026-03-01.ndjson#AporEner:Sistema:2026-03-01:2026-03-31
2026-03-26,AporEnerMediHist,152070000,kWh,xm:servapibi,2026-09-22T19:29:18Z,xm/2026/03/AporEnerMediHist_Sistema.2026-03-01.ndjson#AporEnerMediHist:Sistema:2026-03-01:2026-03-31
2026-03-26,CapaUtilDiarEner,16908539621,kWh,xm:servapibi,2026-09-22T19:29:16Z,xm/2026/03/CapaUtilDiarEner_Sistema.2026-03-01.ndjson#CapaUtilDiarEner:Sistema:2026-03-01:2026-03-31
2026-03-26,DemaSIN,253003907.11,kWh,xm:servapibi,2026-09-22T19:29:21Z,xm/2026/03/DemaSIN_Sistema.2026-03-01.ndjson#DemaSIN:Sistema:2026-03-01:2026-03-31
2026-03-26,PorcApor,1.02326,fraction,xm:servapibi,2026-09-22T19:29:20Z,xm/2026/03/PorcApor_Sistema.2026-03-01.ndjson#PorcApor:Sistema:2026-03-01:2026-03-31
2026-03-26,PorcVoluUtilDiar,0.64505,fraction,xm:servapibi,2026-09-22T19:29:13Z,xm/2026/03/PorcVoluUtilDiar_Sistema.2026-03-01.ndjson#PorcVoluUtilDiar:Sistema:2026-03-01:2026-03-31
2026-03-26,PrecBolsNaci,313.4695266666666,COP/kWh,xm:servapibi,2026-09-22T19:29:24Z,xm/2026/03/PrecBolsNaci_Sistema.2026-03-01.ndjson#PrecBolsNaci:Sistema:2026-03-01:2026-03-31
2026-03-26,VoluUtilDiarEner,10906894000,kWh,xm:servapibi,2026-09-22T19:29:14Z,xm/2026/03/VoluUtilDiarEner_Sistema.2026-03-01.ndjson#VoluUtilDiarEner:Sistema:2026-03-01:2026-03-31
2026-03-27,AporEner,177725598.21,kWh,xm:servapibi,2026-09-22T19:29:17Z,xm/2026/03/AporEner_Sistema.2026-03-01.ndjson#AporEner:Sistema:2026-03-01:2026-03-31
2026-03-27,AporEnerMediHist,152070000,kWh,xm:servapibi,2026-09-22T19:29:18Z,xm/2026/03/AporEnerMediHist_Sistema.2026-03-01.ndjson#AporEnerMediHist:Sistema:2026-03-01:2026-03-31
2026-03-27,CapaUtilDiarEner,16908539621,kWh,xm:servapibi,2026-09-22T19:29:16Z,xm/2026/03/CapaUtilDiarEner_Sistema.2026-03-01.ndjson#CapaUtilDiarEner:Sistema:2026-03-01:2026-03-31
2026-03-27,DemaSIN,249230018.88,kWh,xm:servapibi,2026-09-22T19:29:21Z,xm/2026/03/DemaSIN_Sistema.2026-03-01.ndjson#DemaSIN:Sistema:2026-03-01:2026-03-31
2026-03-27,PorcApor,1.16871,fraction,xm:servapibi,2026-09-22T19:29:20Z,xm/2026/03/PorcApor_Sistema.2026-03-01.ndjson#PorcApor:Sistema:2026-03-01:2026-03-31
2026-03-27,PorcVoluUtilDiar,0.64313,fraction,xm:servapibi,2026-09-22T19:29:13Z,xm/2026/03/PorcVoluUtilDiar_Sistema.2026-03-01.ndjson#PorcVoluUtilDiar:Sistema:2026-03-01:2026-03-31
2026-03-27,PrecBolsNaci,282.2940033333335,COP/kWh,xm:servapibi,2026-09-22T19:29:24Z,xm/2026/03/PrecBolsNaci_Sistema.2026-03-01.ndjson#PrecBolsNaci:Sistema:2026-03-01:2026-03-31
2026-03-27,VoluUtilDiarEner,10874465400,kWh,xm:servapibi,2026-09-22T19:29:14Z,xm/2026/03/VoluUtilDiarEner_Sistema.2026-03-01.ndjson#VoluUtilDiarEner:Sistema:2026-03-01:2026-03-31
2026-03-28,AporEner,166003497.59,kWh,xm:servapibi,2026-09-22T19:29:17Z,xm/2026/03/AporEner_Sistema.2026-03-01.ndjson#AporEner:Sistema:2026-03-01:2026-03-31
2026-03-28,AporEnerMediHist,152070000,kWh,xm:servapibi,2026-09-22T19:29:18Z,xm/2026/03/AporEnerMediHist_Sistema.2026-03-01.ndjson#AporEnerMediHist:Sistema:2026-03-01:2026-03-31
2026-03-28,CapaUtilDiarEner,16908539621,kWh,xm:servapibi,2026-09-22T19:29:16Z,xm/2026/03/CapaUtilDiarEner_Sistema.2026-03-01.ndjson#CapaUtilDiarEner:Sistema:2026-03-01:2026-03-31
2026-03-28,DemaSIN,238649263.76,kWh,xm:servapibi,2026-09-22T19:29:21Z,xm/2026/03/DemaSIN_Sistema.2026-03-01.ndjson#DemaSIN:Sistema:2026-03-01:2026-03-31
2026-03-28,PorcApor,1.09163,fraction,xm:servapibi,2026-09-22T19:29:20Z,xm/2026/03/PorcApor_Sistema.2026-03-01.ndjson#PorcApor:Sistema:2026-03-01:2026-03-31
2026-03-28,PorcVoluUtilDiar,0.63947,fraction,xm:servapibi,2026-09-22T19:29:13Z,xm/2026/03/PorcVoluUtilDiar_Sistema.2026-03-01.ndjson#PorcVoluUtilDiar:Sistema:2026-03-01:2026-03-31
2026-03-28,PrecBolsNaci,204.81655166666667,COP/kWh,xm:servapibi,2026-09-22T19:29:24Z,xm/2026/03/PrecBolsNaci_Sistema.2026-03-01.ndjson#PrecBolsNaci:Sistema:2026-03-01:2026-03-31
2026-03-28,VoluUtilDiarEner,10812460100,kWh,xm:servapibi,2026-09-22T19:29:14Z,xm/2026/03/VoluUtilDiarEner_Sistema.2026-03-01.ndjson#VoluUtilDiarEner:Sistema:2026-03-01:2026-03-31
2026-03-29,AporEner,163597215.25,kWh,xm:servapibi,2026-09-22T19:29:17Z,xm/2026/03/AporEner_Sistema.2026-03-01.ndjson#AporEner:Sistema:2026-03-01:2026-03-31
2026-03-29,AporEnerMediHist,152070000,kWh,xm:servapibi,2026-09-22T19:29:18Z,xm/2026/03/AporEnerMediHist_Sistema.2026-03-01.ndjson#AporEnerMediHist:Sistema:2026-03-01:2026-03-31
2026-03-29,CapaUtilDiarEner,16908539621,kWh,xm:servapibi,2026-09-22T19:29:16Z,xm/2026/03/CapaUtilDiarEner_Sistema.2026-03-01.ndjson#CapaUtilDiarEner:Sistema:2026-03-01:2026-03-31
2026-03-29,DemaSIN,221850623.83,kWh,xm:servapibi,2026-09-22T19:29:21Z,xm/2026/03/DemaSIN_Sistema.2026-03-01.ndjson#DemaSIN:Sistema:2026-03-01:2026-03-31
2026-03-29,PorcApor,1.0758,fraction,xm:servapibi,2026-09-22T19:29:20Z,xm/2026/03/PorcApor_Sistema.2026-03-01.ndjson#PorcApor:Sistema:2026-03-01:2026-03-31
2026-03-29,PorcVoluUtilDiar,0.63767,fraction,xm:servapibi,2026-09-22T19:29:13Z,xm/2026/03/PorcVoluUtilDiar_Sistema.2026-03-01.ndjson#PorcVoluUtilDiar:Sistema:2026-03-01:2026-03-31
2026-03-29,PrecBolsNaci,152.4865583333333,COP/kWh,xm:servapibi,2026-09-22T19:29:24Z,xm/2026/03/PrecBolsNaci_Sistema.2026-03-01.ndjson#PrecBolsNaci:Sistema:2026-03-01:2026-03-31
2026-03-29,VoluUtilDiarEner,10782009300,kWh,xm:servapibi,2026-09-22T19:29:14Z,xm/2026/03/VoluUtilDiarEner_Sistema.2026-03-01.ndjson#VoluUtilDiarEner:Sistema:2026-03-01:2026-03-31
2026-03-30,AporEner,194563331.22,kWh,xm:servapibi,2026-09-22T19:29:17Z,xm/2026/03/AporEner_Sistema.2026-03-01.ndjson#AporEner:Sistema:2026-03-01:2026-03-31
2026-03-30,AporEnerMediHist,152070000,kWh,xm:servapibi,2026-09-22T19:29:18Z,xm/2026/03/AporEnerMediHist_Sistema.2026-03-01.ndjson#AporEnerMediHist:Sistema:2026-03-01:2026-03-31
2026-03-30,CapaUtilDiarEner,16908539621,kWh,xm:servapibi,2026-09-22T19:29:16Z,xm/2026/03/CapaUtilDiarEner_Sistema.2026-03-01.ndjson#CapaUtilDiarEner:Sistema:2026-03-01:2026-03-31
2026-03-30,DemaSIN,241602274.21,kWh,xm:servapibi,2026-09-22T19:29:21Z,xm/2026/03/DemaSIN_Sistema.2026-03-01.ndjson#DemaSIN:Sistema:2026-03-01:2026-03-31
2026-03-30,PorcApor,1.27943,fraction,xm:servapibi,2026-09-22T19:29:20Z,xm/2026/03/PorcApor_Sistema.2026-03-01.ndjson#PorcApor:Sistema:2026-03-01:2026-03-31
2026-03-30,PorcVoluUtilDiar,0.63607,fraction,xm:servapibi,2026-09-22T19:29:13Z,xm/2026/03/PorcVoluUtilDiar_Sistema.2026-03-01.ndjson#PorcVoluUtilDiar:Sistema:2026-03-01:2026-03-31
2026-03-30,PrecBolsNaci,200.0571533333334,COP/kWh,xm:servapibi,2026-09-22T19:29:24Z,xm/2026/03/PrecBolsNaci_Sistema.2026-03-01.ndjson#PrecBolsNaci:Sistema:2026-03-01:2026-03-31
2026-03-30,VoluUtilDiarEner,10755088200,kWh,xm:servapibi,2026-09-22T19:29:14Z,xm/2026/03/VoluUtilDiarEner_Sistema.2026-03-01.ndjson#VoluUtilDiarEner:Sistema:2026-03-01:2026-03-31
2026-03-31,AporEner,189476125.8,kWh,xm:servapibi,2026-09-22T19:29:17Z,xm/2026/03/AporEner_Sistema.2026-03-01.ndjson#AporEner:Sistema:2026-03-01:2026-03-31
2026-03-31,AporEnerMediHist,152070000,kWh,xm:servapibi,2026-09-22T19:29:18Z,xm/2026/03/AporEnerMediHist_Sistema.2026-03-01.ndjson#AporEnerMediHist:Sistema:2026-03-01:2026-03-31
2026-03-31,CapaUtilDiarEner,16908539621,kWh,xm:servapibi,2026-09-22T19:29:16Z,xm/2026/03/CapaUtilDiarEner_Sistema.2026-03-01.ndjson#CapaUtilDiarEner:Sistema:2026-03-01:2026-03-31
2026-03-31,DemaSIN,242219280.3,kWh,xm:servapibi,2026-09-22T19:29:21Z,xm/2026/03/DemaSIN_Sistema.2026-03-01.ndjson#DemaSIN:Sistema:2026-03-01:2026-03-31
2026-03-31,PorcApor,1.24598,fraction,xm:servapibi,2026-09-22T19:29:20Z,xm/2026/03/PorcApor_Sistema.2026-03-01.ndjson#PorcApor:Sistema:2026-03-01:2026-03-31
2026-03-31,PorcVoluUtilDiar,0.63439,fraction,xm:servapibi,2026-09-22T19:29:13Z,xm/2026/03/PorcVoluUtilDiar_Sistema.2026-03-01.ndjson#PorcVoluUtilDiar:Sistema:2026-03-01:2026-03-31
2026-03-31,PrecBolsNaci,208.8414116666667,COP/kWh,xm:servapibi,2026-09-22T19:29:24Z,xm/2026/03/PrecBolsNaci_Sistema.2026-03-01.ndjson#PrecBolsNaci:Sistema:2026-03-01:2026-03-31
2026-03-31,VoluUtilDiarEner,10726632600,kWh,xm:servapibi,2026-09-22T19:29:14Z,xm/2026/03/VoluUtilDiarEner_Sistema.2026-03-01.ndjson#VoluUtilDiarEner:Sistema:2026-03-01:2026-03-31
2026-04-01,AporEner,174185569.36,kWh,xm:servapibi,2026-09-22T19:29:32Z,xm/2026/04/AporEner_Sistema.2026-04-01.ndjson#AporEner:Sistema:2026-04-01:2026-04-30
2026-04-01,AporEnerMediHist,220840000,kWh,xm:servapibi,2026-09-22T19:29:33Z,xm/2026/04/AporEnerMediHist_Sistema.2026-04-01.ndjson#AporEnerMediHist:Sistema:2026-04-01:2026-04-30
2026-04-01,CapaUtilDiarEner,16908539621,kWh,xm:servapibi,2026-09-22T19:29:31Z,xm/2026/04/CapaUtilDiarEner_Sistema.2026-04-01.ndjson#CapaUtilDiarEner:Sistema:2026-04-01:2026-04-30
2026-04-01,DemaSIN,236539898.02,kWh,xm:servapibi,2026-09-22T19:29:36Z,xm/2026/04/DemaSIN_Sistema.2026-04-01.ndjson#DemaSIN:Sistema:2026-04-01:2026-04-30
2026-04-01,PorcApor,0.78874,fraction,xm:servapibi,2026-09-22T19:29:35Z,xm/2026/04/PorcApor_Sistema.2026-04-01.ndjson#PorcApor:Sistema:2026-04-01:2026-04-30
2026-04-01,PorcVoluUtilDiar,0.63271,fraction,xm:servapibi,2026-09-22T19:29:28Z,xm/2026/04/PorcVoluUtilDiar_Sistema.2026-04-01.ndjson#PorcVoluUtilDiar:Sistema:2026-04-01:2026-04-30
2026-04-01,PrecBolsNaci,168.4923516666667,COP/kWh,xm:servapibi,2026-09-22T19:29:39Z,xm/2026/04/PrecBolsNaci_Sistema.2026-04-01.ndjson#PrecBolsNaci:Sistema:2026-04-01:2026-04-30
2026-04-01,VoluUtilDiarEner,10698273400,kWh,xm:servapibi,2026-09-22T19:29:29Z,xm/2026/04/VoluUtilDiarEner_Sistema.2026-04-01.ndjson#VoluUtilDiarEner:Sistema:2026-04-01:2026-04-30
2026-04-02,AporEner,198529806.5,kWh,xm:servapibi,2026-09-22T19:29:32Z,xm/2026/04/AporEner_Sistema.2026-04-01.ndjson#AporEner:Sistema:2026-04-01:2026-04-30
2026-04-02,AporEnerMediHist,220840000,kWh,xm:servapibi,2026-09-22T19:29:33Z,xm/2026/04/AporEnerMediHist_Sistema.2026-04-01.ndjson#AporEnerMediHist:Sistema:2026-04-01:2026-04-30
2026-04-02,CapaUtilDiarEner,16908539621,kWh,xm:servapibi,2026-09-22T19:29:31Z,xm/2026/04/CapaUtilDiarEner_Sistema.2026-04-01.ndjson#CapaUtilDiarEner:Sistema:2026-04-01:2026-04-30
2026-04-02,DemaSIN,212568053.77,kWh,xm:servapibi,2026-09-22T19:29:36Z,xm/2026/04/DemaSIN_Sistema.2026-04-01.ndjson#DemaSIN:Sistema:2026-04-01:2026-04-30
2026-04-02,PorcApor,0.89898,fraction,xm:servapibi,2026-09-22T19:29:35Z,xm/2026/04/PorcApor_Sistema.2026-04-01.ndjson#PorcApor:Sistema:2026-04-01:2026-04-30
2026-04-02,PorcVoluUtilDiar,0.6334,fraction,xm:servapibi,2026-09-22T19:29:28Z,xm/2026/04/PorcVoluUtilDiar_Sistema.2026-04-01.ndjson#PorcVoluUtilDiar:Sistema:2026-04-01:2026-04-30
2026-04-02,PrecBolsNaci,151.27804999999998,COP/kWh,xm:servapibi,2026-09-22T19:29:39Z,xm/2026/04/PrecBolsNaci_Sistema.2026-04-01.ndjson#PrecBolsNaci:Sistema:2026-04-01:2026-04-30
2026-04-02,VoluUtilDiarEner,10709806400,kWh,xm:servapibi,2026-09-22T19:29:29Z,xm/2026/04/VoluUtilDiarEner_Sistema.2026-04-01.ndjson#VoluUtilDiarEner:Sistema:2026-04-01:2026-04-30
2026-04-03,AporEner,165767733.64,kWh,xm:servapibi,2026-09-22T19:29:32Z,xm/2026/04/AporEner_Sistema.2026-04-01.ndjson#AporEner:Sistema:2026-04-01:2026-04-30
2026-04-03,AporEnerMediHist,220840000,kWh,xm:servapibi,2026-09-22T19:29:33Z,xm/2026/04/AporEnerMediHist_Sistema.2026-04-01.ndjson#AporEnerMediHist:Sistema:2026-04-01:2026-04-30
2026-04-03,CapaUtilDiarEner,16908539621,kWh,xm:servapibi,2026-09-22T19:29:31Z,xm/2026/04/CapaUtilDiarEner_Sistema.2026-04-01.ndjson#CapaUtilDiarEner:Sistema:2026-04-01:2026-04-30
2026-04-03,DemaSIN,205389628.34,kWh,xm:servapibi,2026-09-22T19:29:36Z,xm/2026/04/DemaSIN_Sistema.2026-04-01.ndjson#DemaSIN:Sistema:2026-04-01:2026-04-30
2026-04-03,PorcApor,0.75062,fraction,xm:servapibi,2026-09-22T19:29:35Z,xm/2026/04/PorcApor_Sistema.2026-04-01.ndjson#PorcApor:Sistema:2026-04-01:2026-04-30
2026-04-03,PorcVoluUtilDiar,0.63318,fraction,xm:servapibi,2026-09-22T19:29:28Z,xm/2026/04/PorcVoluUtilDiar_Sistema.2026-04-01.ndjson#PorcVoluUtilDiar:Sistema:2026-04-01:2026-04-30
2026-04-03,PrecBolsNaci,141.68016166666663,COP/kWh,xm:servapibi,2026-09-22T19:29:39Z,xm/2026/04/PrecBolsNaci_Sistema.2026-04-01.ndjson#PrecBolsNaci:Sistema:2026-04-01:2026-04-30
2026-04-03,VoluUtilDiarEner,10706224000,kWh,xm:servapibi,2026-09-22T19:29:29Z,xm/2026/04/VoluUtilDiarEner_Sistema.2026-04-01.ndjson#VoluUtilDiarEner:Sistema:2026-04-01:2026-04-30
2026-04-04,AporEner,162502209.02,kWh,xm:servapibi,2026-09-22T19:29:32Z,xm/2026/04/AporEner_Sistema.2026-04-01.ndjson#AporEner:Sistema:2026-04-01:2026-04-30
2026-04-04,AporEnerMediHist,220840000,kWh,xm:servapibi,2026-09-22T19:29:33Z,xm/2026/04/AporEnerMediHist_Sistema.2026-04-01.ndjson#AporEnerMediHist:Sistema:2026-04-01:2026-04-30
2026-04-04,CapaUtilDiarEner,16908539621,kWh,xm:servapibi,2026-09-22T19:29:31Z,xm/2026/04/CapaUtilDiarEner_Sistema.2026-04-01.ndjson#CapaUtilDiarEner:Sistema:2026-04-01:2026-04-30
2026-04-04,DemaSIN,219882379.32,kWh,xm:servapibi,2026-09-22T19:29:36Z,xm/2026/04/DemaSIN_Sistema.2026-04-01.ndjson#DemaSIN:Sistema:2026-04-01:2026-04-30
2026-04-04,PorcApor,0.73584,fraction,xm:servapibi,2026-09-22T19:29:35Z,xm/2026/04/PorcApor_Sistema.2026-04-01.ndjson#PorcApor:Sistema:2026-04-01:2026-04-30
2026-04-04,PorcVoluUtilDiar,0.63166,fraction,xm:servapibi,2026-09-22T19:29:28Z,xm/2026/04/PorcVoluUtilDiar_Sistema.2026-04-01.ndjson#PorcVoluUtilDiar:Sistema:2026-04-01:2026-04-30
2026-04-04,PrecBolsNaci,147.37097333333335,COP/kWh,xm:servapibi,2026-09-22T19:29:39Z,xm/2026/04/PrecBolsNaci_Sistema.2026-04-01.ndjson#PrecBolsNaci:Sistema:2026-04-01:2026-04-30
2026-04-04,VoluUtilDiarEner,10680503400,kWh,xm:servapibi,2026-09-22T19:29:29Z,xm/2026/04/VoluUtilDiarEner_Sistema.2026-04-01.ndjson#VoluUtilDiarEner:Sistema:2026-04-01:2026-04-30
2026-04-05,AporEner,194344939.45,kWh,xm:servapibi,2026-09-22T19:29:32Z,xm/2026/04/AporEner_Sistema.2026-04-01.ndjson#AporEner:Sistema:2026-04-01:2026-04-30
2026-04-05,AporEnerMediHist,220850000,kWh,xm:servapibi,2026-09-22T19:29:33Z,xm/2026/04/AporEnerMediHist_Sistema.2026-04-01.ndjson#AporEnerMediHist:Sistema:2026-04-01:2026-04-30
2026-04-05,CapaUtilDiarEner,16908539621,kWh,xm:servapibi,2026-09-22T19:29:31Z,xm/2026/04/CapaUtilDiarEner_Sistema.2026-04-01.ndjson#CapaUtilDiarEner:Sistema:2026-04-01:2026-04-30
2026-04-05,DemaSIN,215373337.2,kWh,xm:servapibi,2026-09-22T19:29:36Z,xm/2026/04/DemaSIN_Sistema.2026-04-01.ndjson#DemaSIN:Sistema:2026-04-01:2026-04-30
2026-04-05,PorcApor,0.87999,fraction,xm:servapibi,2026-09-22T19:29:35Z,xm/2026/04/PorcApor_Sistema.2026-04-01.ndjson#PorcApor:Sistema:2026-04-01:2026-04-30
2026-04-05,PorcVoluUtilDiar,0.63262,fraction,xm:servapibi,2026-09-22T19:29:28Z,xm/2026/04/PorcVoluUtilDiar_Sistema.2026-04-01.ndjson#PorcVoluUtilDiar:Sistema:2026-04-01:2026-04-30
2026-04-05,PrecBolsNaci,130.9548933333334,COP/kWh,xm:servapibi,2026-09-22T19:29:39Z,xm/2026/04/PrecBolsNaci_Sistema.2026-04-01.ndjson#PrecBolsNaci:Sistema:2026-04-01:2026-04-30
2026-04-05,VoluUtilDiarEner,10696602000,kWh,xm:servapibi,2026-09-22T19:29:29Z,xm/2026/04/VoluUtilDiarEner_Sistema.2026-04-01.ndjson#VoluUtilDiarEner:Sistema:2026-04-01:2026-04-30
2026-04-06,AporEner,151863703.17,kWh,xm:servapibi,2026-09-22T19:29:32Z,xm/2026/04/AporEner_Sistema.2026-04-01.ndjson#AporEner:Sistema:2026-04-01:2026-04-30
2026-04-06,AporEnerMediHist,220850000,kWh,xm:servapibi,2026-09-22T19:29:33Z,xm/2026/04/AporEnerMediHist_Sistema.2026-04-01.ndjson#AporEnerMediHist:Sistema:2026-04-01:2026-04-30
2026-04-06,CapaUtilDiarEner,16908539621,kWh,xm:servapibi,2026-09-22T19:29:31Z,xm/2026/04/CapaUtilDiarEner_Sistema.2026-04-01.ndjson#CapaUtilDiarEner:Sistema:2026-04-01:2026-04-30
2026-04-06,DemaSIN,244352023.05,kWh,xm:servapibi,2026-09-22T19:29:36Z,xm/2026/04/DemaSIN_Sistema.2026-04-01.ndjson#DemaSIN:Sistema:2026-04-01:2026-04-30
2026-04-06,PorcApor,0.68763,fraction,xm:servapibi,2026-09-22T19:29:35Z,xm/2026/04/PorcApor_Sistema.2026-04-01.ndjson#PorcApor:Sistema:2026-04-01:2026-04-30
2026-04-06,PorcVoluUtilDiar,0.62902,fraction,xm:servapibi,2026-09-22T19:29:28Z,xm/2026/04/PorcVoluUtilDiar_Sistema.2026-04-01.ndjson#PorcVoluUtilDiar:Sistema:2026-04-01:2026-04-30
2026-04-06,PrecBolsNaci,213.70276999999996,COP/kWh,xm:servapibi,2026-09-22T19:29:39Z,xm/2026/04/PrecBolsNaci_Sistema.2026-04-01.ndjson#PrecBolsNaci:Sistema:2026-04-01:2026-04-30
2026-04-06,VoluUtilDiarEner,10635832300,kWh,xm:servapibi,2026-09-22T19:29:29Z,xm/2026/04/VoluUtilDiarEner_Sistema.2026-04-01.ndjson#VoluUtilDiarEner:Sistema:2026-04-01:2026-04-30
2026-04-07,AporEner,174255727.74,kWh,xm:servapibi,2026-09-22T19:29:32Z,xm/2026/04/AporEner_Sistema.2026-04-01.ndjson#AporEner:Sistema:2026-04-01:2026-04-30
2026-04-07,AporEnerMediHist,220850000,kWh,xm:servapibi,2026-09-22T19:29:33Z,xm/2026/04/AporEnerMediHist_Sistema.2026-04-01.ndjson#AporEnerMediHist:Sistema:2026-04-01:2026-04-30
2026-04-07,CapaUtilDiarEner,16908539621,kWh,xm:servapibi,2026-09-22T19:29:31Z,xm/2026/04/CapaUtilDiarEner_Sistema.2026-04-01.ndjson#CapaUtilDiarEner:Sistema:2026-04-01:2026-04-30
2026-04-07,DemaSIN,252383672.51,kWh,xm:servapibi,2026-09-22T19:29:36Z,xm/2026/04/DemaSIN_Sistema.2026-04-01.ndjson#DemaSIN:Sistema:2026-04-01:2026-04-30
2026-04-07,PorcApor,0.78902,fraction,xm:servapibi,2026-09-22T19:29:35Z,xm/2026/04/PorcApor_Sistema.2026-04-01.ndjson#PorcApor:Sistema:2026-04-01:2026-04-30
2026-04-07,PorcVoluUtilDiar,0.62626,fraction,xm:servapibi,2026-09-22T19:29:28Z,xm/2026/04/PorcVoluUtilDiar_Sistema.2026-04-01.ndjson#PorcVoluUtilDiar:Sistema:2026-04-01:2026-04-30
2026-04-07,PrecBolsNaci,253.17443333333335,COP/kWh,xm:servapibi,2026-09-22T19:29:39Z,xm/2026/04/PrecBolsNaci_Sistema.2026-04-01.ndjson#PrecBolsNaci:Sistema:2026-04-01:2026-04-30
2026-04-07,VoluUtilDiarEner,10589145300,kWh,xm:servapibi,2026-09-22T19:29:29Z,xm/2026/04/VoluUtilDiarEner_Sistema.2026-04-01.ndjson#VoluUtilDiarEner:Sistema:2026-04-01:2026-04-30
2026-04-08,AporEner,218966915.23,kWh,xm:servapibi,2026-09-22T19:29:32Z,xm/2026/04/AporEner_Sistema.2026-04-01.ndjson#AporEner:Sistema:2026-04-01:2026-04-30
2026-04-08,AporEnerMediHist,220850000,kWh,xm:servapibi,2026-09-22T19:29:33Z,xm/2026/04/AporEnerMediHist_Sistema.2026-04-01.ndjson#AporEnerMediHist:Sistema:2026-04-01:2026-04-30
2026-04-08,CapaUtilDiarEner,16908539621,kWh,xm:servapibi,2026-09-22T19:29:31Z,xm/2026/04/CapaUtilDiarEner_Sistema.2026-04-01.ndjson#CapaUtilDiarEner:Sistema:2026-04-01:2026-04-30
2026-04-08,DemaSIN,253584920.05,kWh,xm:servapibi,2026-09-22T19:29:36Z,xm/2026/04/DemaSIN_Sistema.2026-04-01.ndjson#DemaSIN:Sistema:2026-04-01:2026-04-30
2026-04-08,PorcApor,0.99147,fraction,xm:servapibi,2026-09-22T19:29:35Z,xm/2026/04/PorcApor_Sistema.2026-04-01.ndjson#PorcApor:Sistema:2026-04-01:2026-04-30
2026-04-08,PorcVoluUtilDiar,0.62809,fraction,xm:servapibi,2026-09-22T19:29:28Z,xm/2026/04/PorcVoluUtilDiar_Sistema.2026-04-01.ndjson#PorcVoluUtilDiar:Sistema:2026-04-01:2026-04-30
2026-04-08,PrecBolsNaci,273.18771666666663,COP/kWh,xm:servapibi,2026-09-22T19:29:39Z,xm/2026/04/PrecBolsNaci_Sistema.2026-04-01.ndjson#PrecBolsNaci:Sistema:2026-04-01:2026-04-30
2026-04-08,VoluUtilDiarEner,10620160900,kWh,xm:servapibi,2026-09-22T19:29:29Z,xm/2026/04/VoluUtilDiarEner_Sistema.2026-04-01.ndjson#VoluUtilDiarEner:Sistema:2026-04-01:2026-04-30
2026-04-09,AporEner,172446576.75,kWh,xm:servapibi,2026-09-22T19:29:32Z,xm/2026/04/AporEner_Sistema.2026-04-01.ndjson#AporEner:Sistema:2026-04-01:2026-04-30
2026-04-09,AporEnerMediHist,220850000,kWh,xm:servapibi,2026-09-22T19:29:33Z,xm/2026/04/AporEnerMediHist_Sistema.2026-04-01.ndjson#AporEnerMediHist:Sistema:2026-04-01:2026-04-30
2026-04-09,CapaUtilDiarEner,16908539621,kWh,xm:servapibi,2026-09-22T19:29:31Z,xm/2026/04/CapaUtilDiarEner_Sistema.2026-04-01.ndjson#CapaUtilDiarEner:Sistema:2026-04-01:2026-04-30
2026-04-09,DemaSIN,254893119.49,kWh,xm:servapibi,2026-09-22T19:29:36Z,xm/2026/04/DemaSIN_Sistema.2026-04-01.ndjson#DemaSIN:Sistema:2026-04-01:2026-04-30
2026-04-09,PorcApor,0.78083,fraction,xm:servapibi,2026-09-22T19:29:35Z,xm/2026/04/PorcApor_Sistema.2026-04-01.ndjson#PorcApor:Sistema:2026-04-01:2026-04-30
2026-04-09,PorcVoluUtilDiar,0.62607,fraction,xm:servapibi,2026-09-22T19:29:28Z,xm/2026/04/PorcVoluUtilDiar_Sistema.2026-04-01.ndjson#PorcVoluUtilDiar:Sistema:2026-04-01:2026-04-30
2026-04-09,PrecBolsNaci,288.2838366666667,COP/kWh,xm:servapibi,2026-09-22T19:29:39Z,xm/2026/04/PrecBolsNaci_Sistema.2026-04-01.ndjson#PrecBolsNaci:Sistema:2026-04-01:2026-04-30
2026-04-09,VoluUtilDiarEner,10585868700,kWh,xm:servapibi,2026-09-22T19:29:29Z,xm/2026/04/VoluUtilDiarEner_Sistema.2026-04-01.ndjson#VoluUtilDiarEner:Sistema:2026-04-01:2026-04-30
2026-04-10,AporEner,152133690.26,kWh,xm:servapibi,2026-09-22T19:29:32Z,xm/2026/04/AporEner_Sistema.2026-04-01.ndjson#AporEner:Sistema:2026-04-01:2026-04-30
2026-04-10,AporEnerMediHist,220850000,kWh,xm:servapibi,2026-09-22T19:29:33Z,xm/2026/04/AporEnerMediHist_Sistema.2026-04-01.ndjson#AporEnerMediHist:Sistema:2026-04-01:2026-04-30
2026-04-10,CapaUtilDiarEner,16908539621,kWh,xm:servapibi,2026-09-22T19:29:31Z,xm/2026/04/CapaUtilDiarEner_Sistema.2026-04-01.ndjson#CapaUtilDiarEner:Sistema:2026-04-01:2026-04-30
2026-04-10,DemaSIN,254635631.33,kWh,xm:servapibi,2026-09-22T19:29:36Z,xm/2026/04/DemaSIN_Sistema.2026-04-01.ndjson#DemaSIN:Sistema:2026-04-01:2026-04-30
2026-04-10,PorcApor,0.68886,fraction,xm:servapibi,2026-09-22T19:29:35Z,xm/2026/04/PorcApor_Sistema.2026-04-01.ndjson#PorcApor:Sistema:2026-04-01:2026-04-30
2026-04-10,PorcVoluUtilDiar,0.62264,fraction,xm:servapibi,2026-09-22T19:29:28Z,xm/2026/04/PorcVoluUtilDiar_Sistema.2026-04-01.ndjson#PorcVoluUtilDiar:Sistema:2026-04-01:2026-04-30
2026-04-10,PrecBolsNaci,309.28119999999996,COP/kWh,xm:servapibi,2026-09-22T19:29:39Z,xm/2026/04/PrecBolsNaci_Sistema.2026-04-01.ndjson#PrecBolsNaci:Sistema:2026-04-01:2026-04-30
2026-04-10,VoluUtilDiarEner,10527996700,kWh,xm:servapibi,2026-09-22T19:29:29Z,xm/2026/04/VoluUtilDiarEner_Sistema.2026-04-01.ndjson#VoluUtilDiarEner:Sistema:2026-04-01:2026-04-30
2026-04-11,AporEner,169276562.95,kWh,xm:servapibi,2026-09-22T19:29:32Z,xm/2026/04/AporEner_Sistema.2026-04-01.ndjson#AporEner:Sistema:2026-04-01:2026-04-30
2026-04-11,AporEnerMediHist,220850000,kWh,xm:servapibi,2026-09-22T19:29:33Z,xm/2026/04/AporEnerMediHist_Sistema.2026-04-01.ndjson#AporEnerMediHist:Sistema:2026-04-01:2026-04-30
2026-04-11,CapaUtilDiarEner,16908539621,kWh,xm:servapibi,2026-09-22T19:29:31Z,xm/2026/04/CapaUtilDiarEner_Sistema.2026-04-01.ndjson#CapaUtilDiarEner:Sistema:2026-04-01:2026-04-30
2026-04-11,DemaSIN,242424917.45,kWh,xm:servapibi,2026-09-22T19:29:36Z,xm/2026/04/DemaSIN_Sistema.2026-04-01.ndjson#DemaSIN:Sistema:2026-04-01:2026-04-30
2026-04-11,PorcApor,0.76648,fraction,xm:servapibi,2026-09-22T19:29:35Z,xm/2026/04/PorcApor_Sistema.2026-04-01.ndjson#PorcApor:Sistema:2026-04-01:2026-04-30
2026-04-11,PorcVoluUtilDiar,0.62122,fraction,xm:servapibi,2026-09-22T19:29:28Z,xm/2026/04/PorcVoluUtilDiar_Sistema.2026-04-01.ndjson#PorcVoluUtilDiar:Sistema:2026-04-01:2026-04-30
2026-04-11,PrecBolsNaci,288.83743666666663,COP/kWh,xm:servapibi,2026-09-22T19:29:39Z,xm/2026/04/PrecBolsNaci_Sistema.2026-04-01.ndjson#PrecBolsNaci:Sistema:2026-04-01:2026-04-30
2026-04-11,VoluUtilDiarEner,10503856300,kWh,xm:servapibi,2026-09-22T19:29:29Z,xm/2026/04/VoluUtilDiarEner_Sistema.2026-04-01.ndjson#VoluUtilDiarEner:Sistema:2026-04-01:2026-04-30
2026-04-12,AporEner,130916264.43,kWh,xm:servapibi,2026-09-22T19:29:32Z,xm/2026/04/AporEner_Sistema.2026-04-01.ndjson#AporEner:Sistema:2026-04-01:2026-04-30
2026-04-12,AporEnerMediHist,220850000,kWh,xm:servapibi,2026-09-22T19:29:33Z,xm/2026/04/AporEnerMediHist_Sistema.2026-04-01.ndjson#AporEnerMediHist:Sistema:2026-04-01:2026-04-30
2026-04-12,CapaUtilDiarEner,16908539621,kWh,xm:servapibi,2026-09-22T19:29:31Z,xm/2026/04/CapaUtilDiarEner_Sistema.2026-04-01.ndjson#CapaUtilDiarEner:Sistema:2026-04-01:2026-04-30
2026-04-12,DemaSIN,223997572.69,kWh,xm:servapibi,2026-09-22T19:29:36Z,xm/2026/04/DemaSIN_Sistema.2026-04-01.ndjson#DemaSIN:Sistema:2026-04-01:2026-04-30
2026-04-12,PorcApor,0.59278,fraction,xm:servapibi,2026-09-22T19:29:35Z,xm/2026/04/PorcApor_Sistema.2026-04-01.ndjson#PorcApor:Sistema:2026-04-01:2026-04-30
2026-04-12,PorcVoluUtilDiar,0.61921,fraction,xm:servapibi,2026-09-22T19:29:28Z,xm/2026/04/PorcVoluUtilDiar_Sistema.2026-04-01.ndjson#PorcVoluUtilDiar:Sistema:2026-04-01:2026-04-30
2026-04-12,PrecBolsNaci,281.77425166666654,COP/kWh,xm:servapibi,2026-09-22T19:29:39Z,xm/2026/04/PrecBolsNaci_Sistema.2026-04-01.ndjson#PrecBolsNaci:Sistema:2026-04-01:2026-04-30
2026-04-12,VoluUtilDiarEner,10469889200,kWh,xm:servapibi,2026-09-22T19:29:29Z,xm/2026/04/VoluUtilDiarEner_Sistema.2026-04-01.ndjson#VoluUtilDiarEner:Sistema:2026-04-01:2026-04-30
2026-04-13,AporEner,143640299.82,kWh,xm:servapibi,2026-09-22T19:29:32Z,xm/2026/04/AporEner_Sistema.2026-04-01.ndjson#AporEner:Sistema:2026-04-01:2026-04-30
2026-04-13,AporEnerMediHist,220850000,kWh,xm:servapibi,2026-09-22T19:29:33Z,xm/2026/04/AporEnerMediHist_Sistema.2026-04-01.ndjson#AporEnerMediHist:Sistema:2026-04-01:2026-04-30
2026-04-13,CapaUtilDiarEner,16908539621,kWh,xm:servapibi,2026-09-22T19:29:31Z,xm/2026/04/CapaUtilDiarEner_Sistema.2026-04-01.ndjson#CapaUtilDiarEner:Sistema:2026-04-01:2026-04-30
2026-04-13,DemaSIN,249085035.26,kWh,xm:servapibi,2026-09-22T19:29:36Z,xm/2026/04/DemaSIN_Sistema.2026-04-01.ndjson#DemaSIN:Sistema:2026-04-01:2026-04-30
2026-04-13,PorcApor,0.6504,fraction,xm:servapibi,2026-09-22T19:29:35Z,xm/2026/04/PorcApor_Sistema.2026-04-01.ndjson#PorcApor:Sistema:2026-04-01:2026-04-30
2026-04-13,PorcVoluUtilDiar,0.61574,fraction,xm:servapibi,2026-09-22T19:29:28Z,xm/2026/04/PorcVoluUtilDiar_Sistema.2026-04-01.ndjson#PorcVoluUtilDiar:Sistema:2026-04-01:2026-04-30
2026-04-13,PrecBolsNaci,380.5219766666667,COP/kWh,xm:servapibi,2026-09-22T19:29:39Z,xm/2026/04/PrecBolsNaci_Sistema.2026-04-01.ndjson#PrecBolsNaci:Sistema:2026-04-01:2026-04-30
2026-04-13,VoluUtilDiarEner,10411182600,kWh,xm:servapibi,2026-09-22T19:29:29Z,xm/2026/04/VoluUtilDiarEner_Sistema.2026-04-01.ndjson#VoluUtilDiarEner:Sistema:2026-04-01:2026-04-30
2026-04-14,AporEner,153486932.89,kWh,xm:servapibi,2026-09-22T19:29:32Z,xm/2026/04/AporEner_Sistema.2026-04-01.ndjson#AporEner:Sistema:2026-04-01:2026-04-30
2026-04-14,AporEnerMediHist,220850000,kWh,xm:servapibi,2026-09-22T19:29:33Z,xm/2026/04/AporEnerMediHist_Sistema.2026-04-01.ndjson#AporEnerMediHist:Sistema:2026-04-01:2026-04-30
2026-04-14,CapaUtilDiarEner,16908539621,kWh,xm:servapibi,2026-09-22T19:29:31Z,xm/2026/04/CapaUtilDiarEner_Sistema.2026-04-01.ndjson#CapaUtilDiarEner:Sistema:2026-04-01:2026-04-30
2026-04-14,DemaSIN,249789566.16,kWh,xm:servapibi,2026-09-22T19:29:36Z,xm/2026/04/DemaSIN_Sistema.2026-04-01.ndjson#DemaSIN:Sistema:2026-04-01:2026-04-30
2026-04-14,PorcApor,0.69498,fraction,xm:servapibi,2026-09-22T19:29:35Z,xm/2026/04/PorcApor_Sistema.2026-04-01.ndjson#PorcApor:Sistema:2026-04-01:2026-04-30
2026-04-14,PorcVoluUtilDiar,0.61318,fraction,xm:servapibi,2026-09-22T19:29:28Z,xm/2026/04/PorcVoluUtilDiar_Sistema.2026-04-01.ndjson#PorcVoluUtilDiar:Sistema:2026-04-01:2026-04-30
2026-04-14,PrecBolsNaci,413.0573383333335,COP/kWh,xm:servapibi,2026-09-22T19:29:39Z,xm/2026/04/PrecBolsNaci_Sistema.2026-04-01.ndjson#PrecBolsNaci:Sistema:2026-04-01:2026-04-30
2026-04-14,VoluUtilDiarEner,10367902500,kWh,xm:servapibi,2026-09-22T19:29:29Z,xm/2026/04/VoluUtilDiarEner_Sistema.2026-04-01.ndjson#VoluUtilDiarEner:Sistema:2026-04-01:2026-04-30
2026-04-15,AporEner,213006762.24,kWh,xm:servapibi,2026-09-22T19:29:32Z,xm/2026/04/AporEner_Sistema.2026-04-01.ndjson#AporEner:Sistema:2026-04-01:2026-04-30
2026-04-15,AporEnerMediHist,220850000,kWh,xm:servapibi,2026-09-22T19:29:33Z,xm/2026/04/AporEnerMediHist_Sistema.2026-04-01.ndjson#AporEnerMediHist:Sistema:2026-04-01:2026-04-30
2026-04-15,CapaUtilDiarEner,16905444771,kWh,xm:servapibi,2026-09-22T19:29:31Z,xm/2026/04/CapaUtilDiarEner_Sistema.2026-04-01.ndjson#CapaUtilDiarEner:Sistema:2026-04-01:2026-04-30
2026-04-15,DemaSIN,248255107.71,kWh,xm:servapibi,2026-09-22T19:29:36Z,xm/2026/04/DemaSIN_Sistema.2026-04-01.ndjson#DemaSIN:Sistema:2026-04-01:2026-04-30
2026-04-15,PorcApor,0.96449,fraction,xm:servapibi,2026-09-22T19:29:35Z,xm/2026/04/PorcApor_Sistema.2026-04-01.ndjson#PorcApor:Sistema:2026-04-01:2026-04-30
2026-04-15,PorcVoluUtilDiar,0.6122,fraction,xm:servapibi,2026-09-22T19:29:28Z,xm/2026/04/PorcVoluUtilDiar_Sistema.2026-04-01.ndjson#PorcVoluUtilDiar:Sistema:2026-04-01:2026-04-30
2026-04-15,PrecBolsNaci,388.26851000000005,COP/kWh,xm:servapibi,2026-09-22T19:29:39Z,xm/2026/04/PrecBolsNaci_Sistema.2026-04-01.ndjson#PrecBolsNaci:Sistema:2026-04-01:2026-04-30
2026-04-15,VoluUtilDiarEner,10349510300,kWh,xm:servapibi,2026-09-22T19:29:29Z,xm/2026/04/VoluUtilDiarEner_Sistema.2026-04-01.ndjson#VoluUtilDiarEner:Sistema:2026-04-01:2026-04-30
2026-04-16,AporEner,285575805.34,kWh,xm:servapibi,2026-09-22T19:29:32Z,xm/2026/04/AporEner_Sistema.2026-04-01.ndjson#AporEner:Sistema:2026-04-01:2026-04-30
2026-04-16,AporEnerMediHist,220850000,kWh,xm:servapibi,2026-09-22T19:29:33Z,xm/2026/04/AporEnerMediHist_Sistema.2026-04-01.ndjson#AporEnerMediHist:Sistema:2026-04-01:2026-04-30
2026-04-16,CapaUtilDiarEner,16905444771,kWh,xm:servapibi,2026-09-22T19:29:31Z,xm/2026/04/CapaUtilDiarEner_Sistema.2026-04-01.ndjson#CapaUtilDiarEner:Sistema:2026-04-01:2026-04-30
2026-04-16,DemaSIN,249014296.29,kWh,xm:servapibi,2026-09-22T19:29:36Z,xm/2026/04/DemaSIN_Sistema.2026-04-01.ndjson#DemaSIN:Sistema:2026-04-01:2026-04-30
2026-04-16,PorcApor,1.29308,fraction,xm:servapibi,2026-09-22T19:29:35Z,xm/2026/04/PorcApor_Sistema.2026-04-01.ndjson#PorcApor:Sistema:2026-04-01:2026-04-30
2026-04-16,PorcVoluUtilDiar,0.61633,fraction,xm:servapibi,2026-09-22T19:29:28Z,xm/2026/04/PorcVoluUtilDiar_Sistema.2026-04-01.ndjson#PorcVoluUtilDiar:Sistema:2026-04-01:2026-04-30
2026-04-16,PrecBolsNaci,414.4517400000002,COP/kWh,xm:servapibi,2026-09-22T19:29:39Z,xm/2026/04/PrecBolsNaci_Sistema.2026-04-01.ndjson#PrecBolsNaci:Sistema:2026-04-01:2026-04-30
2026-04-16,VoluUtilDiarEner,10419409700,kWh,xm:servapibi,2026-09-22T19:29:29Z,xm/2026/04/VoluUtilDiarEner_Sistema.2026-04-01.ndjson#VoluUtilDiarEner:Sistema:2026-04-01:2026-04-30
2026-04-17,AporEner,377186595.89,kWh,xm:servapibi,2026-09-22T19:29:32Z,xm/2026/04/AporEner_Sistema.2026-04-01.ndjson#AporEner:Sistema:2026-04-01:2026-04-30
2026-04-17,AporEnerMediHist,220850000,kWh,xm:servapibi,2026-09-22T19:29:33Z,xm/2026/04/AporEnerMediHist_Sistema.2026-04-01.ndjson#AporEnerMediHist:Sistema:2026-04-01:2026-04-30
2026-04-17,CapaUtilDiarEner,16905444771,kWh,xm:servapibi,2026-09-22T19:29:31Z,xm/2026/04/CapaUtilDiarEner_Sistema.2026-04-01.ndjson#CapaUtilDiarEner:Sistema:2026-04-01:2026-04-30
2026-04-17,DemaSIN,248013103.37,kWh,xm:servapibi,2026-09-22T19:29:36Z,xm/2026/04/DemaSIN_Sistema.2026-04-01.ndjson#DemaSIN:Sistema:2026-04-01:2026-04-30
2026-04-17,PorcApor,1.70789,fraction,xm:servapibi,2026-09-22T19:29:35Z,xm/2026/04/PorcApor_Sistema.2026-04-01.ndjson#PorcApor:Sistema:2026-04-01:2026-04-30
2026-04-17,PorcVoluUtilDiar,0.62345,fraction,xm:servapibi,2026-09-22T19:29:28Z,xm/2026/04/PorcVoluUtilDiar_Sistema.2026-04-01.ndjson#PorcVoluUtilDiar:Sistema:2026-04-01:2026-04-30
2026-04-17,PrecBolsNaci,397.57553333333334,COP/kWh,xm:servapibi,2026-09-22T19:29:39Z,xm/2026/04/PrecBolsNaci_Sistema.2026-04-01.ndjson#PrecBolsNaci:Sistema:2026-04-01:2026-04-30
2026-04-17,VoluUtilDiarEner,10539772800,kWh,xm:servapibi,2026-09-22T19:29:29Z,xm/2026/04/VoluUtilDiarEner_Sistema.2026-04-01.ndjson#VoluUtilDiarEner:Sistema:2026-04-01:2026-04-30
2026-04-18,AporEner,284905037.56,kWh,xm:servapibi,2026-09-22T19:29:32Z,xm/2026/04/AporEner_Sistema.2026-04-01.ndjson#AporEner:Sistema:2026-04-01:2026-04-30
2026-04-18,AporEnerMediHist,220850000,kWh,xm:servapibi,2026-09-22T19:29:33Z,xm/2026/04/AporEnerMediHist_Sistema.2026-04-01.ndjson#AporEnerMediHist:Sistema:2026-04-01:2026-04-30
2026-04-18,CapaUtilDiarEner,16905444771,kWh,xm:servapibi,2026-09-22T19:29:31Z,xm/2026/04/CapaUtilDiarEner_Sistema.2026-04-01.ndjson#CapaUtilDiarEner:Sistema:2026-04-01:2026-04-30
2026-04-18,DemaSIN,235839506.76,kWh,xm:servapibi,2026-09-22T19:29:36Z,xm/2026/04/DemaSIN_Sistema.2026-04-01.ndjson#DemaSIN:Sistema:2026-04-01:2026-04-30
2026-04-18,PorcApor,1.29004,fraction,xm:servapibi,2026-09-22T19:29:35Z,xm/2026/04/PorcApor_Sistema.2026-04-01.ndjson#PorcApor:Sistema:2026-04-01:2026-04-30
2026-04-18,PorcVoluUtilDiar,0.62664,fraction,xm:servapibi,2026-09-22T19:29:28Z,xm/2026/04/PorcVoluUtilDiar_Sistema.2026-04-01.ndjson#PorcVoluUtilDiar:Sistema:2026-04-01:2026-04-30
2026-04-18,PrecBolsNaci,324.8249983333333,COP/kWh,xm:servapibi,2026-09-22T19:29:39Z,xm/2026/04/PrecBolsNaci_Sistema.2026-04-01.ndjson#PrecBolsNaci:Sistema:2026-04-01:2026-04-30
2026-04-18,VoluUtilDiarEner,10593551400,kWh,xm:servapibi,2026-09-22T19:29:29Z,xm/2026/04/VoluUtilDiarEner_Sistema.2026-04-01.ndjson#VoluUtilDiarEner:Sistema:2026-04-01:2026-04-30
2026-04-19,AporEner,224597493.65,kWh,xm:servapibi,2026-09-22T19:29:32Z,xm/2026/04/AporEner_Sistema.2026-04-01.ndjson#AporEner:Sistema:2026-04-01:2026-04-30
2026-04-19,AporEnerMediHist,220850000,kWh,xm:servapibi,2026-09-22T19:29:33Z,xm/2026/04/AporEnerMediHist_Sistema.2026-04-01.ndjson#AporEnerMediHist:Sistema:2026-04-01:2026-04-30
2026-04-19,CapaUtilDiarEner,16905444771,kWh,xm:servapibi,2026-09-22T19:29:31Z,xm/2026/04/CapaUtilDiarEner_Sistema.2026-04-01.ndjson#CapaUtilDiarEner:Sistema:2026-04-01:2026-04-30
2026-04-19,DemaSIN,218650570.12,kWh,xm:servapibi,2026-09-22T19:29:36Z,xm/2026/04/DemaSIN_Sistema.2026-04-01.ndjson#DemaSIN:Sistema:2026-04-01:2026-04-30
2026-04-19,PorcApor,1.01697,fraction,xm:servapibi,2026-09-22T19:29:35Z,xm/2026/04/PorcApor_Sistema.2026-04-01.ndjson#PorcApor:Sistema:2026-04-01:2026-04-30
2026-04-19,PorcVoluUtilDiar,0.62799,fraction,xm:servapibi,2026-09-22T19:29:28Z,xm/2026/04/PorcVoluUtilDiar_Sistema.2026-04-01.ndjson#PorcVoluUtilDiar:Sistema:2026-04-01:2026-04-30
2026-04-19,PrecBolsNaci,211.49141999999998,COP/kWh,xm:servapibi,2026-09-22T19:29:39Z,xm/2026/04/PrecBolsNaci_Sistema.2026-04-01.ndjson#PrecBolsNaci:Sistema:2026-04-01:2026-04-30
2026-04-19,VoluUtilDiarEner,10616446600,kWh,xm:servapibi,2026-09-22T19:29:29Z,xm/2026/04/VoluUtilDiarEner_Sistema.2026-04-01.ndjson#VoluUtilDiarEner:Sistema:2026-04-01:2026-04-30
2026-04-20,AporEner,206013925.41,kWh,xm:servapibi,2026-09-22T19:29:32Z,xm/2026/04/AporEner_Sistema.2026-04-01.ndjson#AporEner:Sistema:2026-04-01:2026-04-30
2026-04-20,AporEnerMediHist,220850000,kWh,xm:servapibi,2026-09-22T19:29:33Z,xm/2026/04/AporEnerMediHist_Sistema.2026-04-01.ndjson#AporEnerMediHist:Sistema:2026-04-01:2026-04-30
2026-04-20,CapaUtilDiarEner,16905444771,kWh,xm:servapibi,2026-09-22T19:29:31Z,xm/2026/04/CapaUtilDiarEner_Sistema.2026-04-01.ndjson#CapaUtilDiarEner:Sistema:2026-04-01:2026-04-30
2026-04-20,DemaSIN,244644259.33,kWh,xm:servapibi,2026-09-22T19:29:36Z,xm/2026/04/DemaSIN_Sistema.2026-04-01.ndjson#DemaSIN:Sistema:2026-04-01:2026-04-30
2026-04-20,PorcApor,0.93282,fraction,xm:servapibi,2026-09-22T19:29:35Z,xm/2026/04/PorcApor_Sistema.2026-04-01.ndjson#PorcApor:Sistema:2026-04-01:2026-04-30
2026-04-20,PorcVoluUtilDiar,0.62734,fraction,xm:servapibi,2026-09-22T19:29:28Z,xm/2026/04/PorcVoluUtilDiar_Sistema.2026-04-01.ndjson#PorcVoluUtilDiar:Sistema:2026-04-01:2026-04-30
2026-04-20,PrecBolsNaci,277.00960666666674,COP/kWh,xm:servapibi,2026-09-22T19:29:39Z,xm/2026/04/PrecBolsNaci_Sistema.2026-04-01.ndjson#PrecBolsNaci:Sistema:2026-04-01:2026-04-30
2026-04-20,VoluUtilDiarEner,10605388800,kWh,xm:servapibi,2026-09-22T19:29:29Z,xm/2026/04/VoluUtilDiarEner_Sistema.2026-04-01.ndjson#VoluUtilDiarEner:Sistema:2026-04-01:2026-04-30
2026-04-21,AporEner,200415166.11,kWh,xm:servapibi,2026-09-22T19:29:32Z,xm/2026/04/AporEner_Sistema.2026-04-01.ndjson#AporEner:Sistema:2026-04-01:2026-04-30
2026-04-21,AporEnerMediHist,220850000,kWh,xm:servapibi,2026-09-22T19:29:33Z,xm/2026/04/AporEnerMediHist_Sistema.2026-04-01.ndjson#AporEnerMediHist:Sistema:2026-04-01:2026-04-30
2026-04-21,CapaUtilDiarEner,16905444771,kWh,xm:servapibi,2026-09-22T19:29:31Z,xm/2026/04/CapaUtilDiarEner_Sistema.2026-04-01.ndjson#CapaUtilDiarEner:Sistema:2026-04-01:2026-04-30
2026-04-21,DemaSIN,249086079.75,kWh,xm:servapibi,2026-09-22T19:29:36Z,xm/2026/04/DemaSIN_Sistema.2026-04-01.ndjson#DemaSIN:Sistema:2026-04-01:2026-04-30
2026-04-21,PorcApor,0.90747,fraction,xm:servapibi,2026-09-22T19:29:35Z,xm/2026/04/PorcApor_Sistema.2026-04-01.ndjson#PorcApor:Sistema:2026-04-01:2026-04-30
2026-04-21,PorcVoluUtilDiar,0.62645,fraction,xm:servapibi,2026-09-22T19:29:28Z,xm/2026/04/PorcVoluUtilDiar_Sistema.2026-04-01.ndjson#PorcVoluUtilDiar:Sistema:2026-04-01:2026-04-30
2026-04-21,PrecBolsNaci,297.7723466666666,COP/kWh,xm:servapibi,2026-09-22T19:29:39Z,xm/2026/04/PrecBolsNaci_Sistema.2026-04-01.ndjson#PrecBolsNaci:Sistema:2026-04-01:2026-04-30
2026-04-21,VoluUtilDiarEner,10590410400,kWh,xm:servapibi,2026-09-22T19:29:29Z,xm/2026/04/VoluUtilDiarEner_Sistema.2026-04-01.ndjson#VoluUtilDiarEner:Sistema:2026-04-01:2026-04-30
2026-04-22,AporEner,191955399.88,kWh,xm:servapibi,2026-09-22T19:29:32Z,xm/2026/04/AporEner_Sistema.2026-04-01.ndjson#AporEner:Sistema:2026-04-01:2026-04-30
2026-04-22,AporEnerMediHist,220850000,kWh,xm:servapibi,2026-09-22T19:29:33Z,xm/2026/04/AporEnerMediHist_Sistema.2026-04-01.ndjson#AporEnerMediHist:Sistema:2026-04-01:2026-04-30
2026-04-22,CapaUtilDiarEner,16905444771,kWh,xm:servapibi,2026-09-22T19:29:31Z,xm/2026/04/CapaUtilDiarEner_Sistema.2026-04-01.ndjson#CapaUtilDiarEner:Sistema:2026-04-01:2026-04-30
2026-04-22,DemaSIN,249563391.28,kWh,xm:servapibi,2026-09-22T19:29:36Z,xm/2026/04/DemaSIN_Sistema.2026-04-01.ndjson#DemaSIN:Sistema:2026-04-01:2026-04-30
2026-04-22,PorcApor,0.86917,fraction,xm:servapibi,2026-09-22T19:29:35Z,xm/2026/04/PorcApor_Sistema.2026-04-01.ndjson#PorcApor:Sistema:2026-04-01:2026-04-30
2026-04-22,PorcVoluUtilDiar,0.62471,fraction,xm:servapibi,2026-09-22T19:29:28Z,xm/2026/04/PorcVoluUtilDiar_Sistema.2026-04-01.ndjson#PorcVoluUtilDiar:Sistema:2026-04-01:2026-04-30
2026-04-22,PrecBolsNaci,277.1894866666667,COP/kWh,xm:servapibi,2026-09-22T19:29:39Z,xm/2026/04/PrecBolsNaci_Sistema.2026-04-01.ndjson#PrecBolsNaci:Sistema:2026-04-01:2026-04-30
2026-04-22,VoluUtilDiarEner,10561035200,kWh,xm:servapibi,2026-09-22T19:29:29Z,xm/2026/04/VoluUtilDiarEner_Sistema.2026-04-01.ndjson#VoluUtilDiarEner:Sistema:2026-04-01:2026-04-30
2026-04-23,AporEner,211225253.34,kWh,xm:servapibi,2026-09-22T19:29:32Z,xm/2026/04/AporEner_Sistema.2026-04-01.ndjson#AporEner:Sistema:2026-04-01:2026-04-30
2026-04-23,AporEnerMediHist,220850000,kWh,xm:servapibi,2026-09-22T19:29:33Z,xm/2026/04/AporEnerMediHist_Sistema.2026-04-01.ndjson#AporEnerMediHist:Sistema:2026-04-01:2026-04-30
2026-04-23,CapaUtilDiarEner,16905444771,kWh,xm:servapibi,2026-09-22T19:29:31Z,xm/2026/04/CapaUtilDiarEner_Sistema.2026-04-01.ndjson#CapaUtilDiarEner:Sistema:2026-04-01:2026-04-30
2026-04-23,DemaSIN,248744340.21,kWh,xm:servapibi,2026-09-22T19:29:36Z,xm/2026/04/DemaSIN_Sistema.2026-04-01.ndjson#DemaSIN:Sistema:2026-04-01:2026-04-30
2026-04-23,PorcApor,0.95642,fraction,xm:servapibi,2026-09-22T19:29:35Z,xm/2026/04/PorcApor_Sistema.2026-04-01.ndjson#PorcApor:Sistema:2026-04-01:2026-04-30
2026-04-23,PorcVoluUtilDiar,0.62468,fraction,xm:servapibi,2026-09-22T19:29:28Z,xm/2026/04/PorcVoluUtilDiar_Sistema.2026-04-01.ndjson#PorcVoluUtilDiar:Sistema:2026-04-01:2026-04-30
2026-04-23,PrecBolsNaci,274.2988716666666,COP/kWh,xm:servapibi,2026-09-22T19:29:39Z,xm/2026/04/PrecBolsNaci_Sistema.2026-04-01.ndjson#PrecBolsNaci:Sistema:2026-04-01:2026-04-30
2026-04-23,VoluUtilDiarEner,10560558800,kWh,xm:servapibi,2026-09-22T19:29:29Z,xm/2026/04/VoluUtilDiarEner_Sistema.2026-04-01.ndjson#VoluUtilDiarEner:Sistema:2026-04-01:2026-04-30
2026-04-24,AporEner,217914810.57,kWh,xm:servapibi,2026-09-22T19:29:32Z,xm/2026/04/AporEner_Sistema.2026-04-01.ndjson#AporEner:Sistema:2026-04-01:2026-04-30
2026-04-24,AporEnerMediHist,220850000,kWh,xm:servapibi,2026-09-22T19:29:33Z,xm/2026/04/AporEnerMediHist_Sistema.2026-04-01.ndjson#AporEnerMediHist:Sistema:2026-04-01:2026-04-30
2026-04-24,CapaUtilDiarEner,16905444771,kWh,xm:servapibi,2026-09-22T19:29:31Z,xm/2026/04/CapaUtilDiarEner_Sistema.2026-04-01.ndjson#CapaUtilDiarEner:Sistema:2026-04-01:2026-04-30
2026-04-24,DemaSIN,249016723.75,kWh,xm:servapibi,2026-09-22T19:29:36Z,xm/2026/04/DemaSIN_Sistema.2026-04-01.ndjson#DemaSIN:Sistema:2026-04-01:2026-04-30
2026-04-24,PorcApor,0.98671,fraction,xm:servapibi,2026-09-22T19:29:35Z,xm/2026/04/PorcApor_Sistema.2026-04-01.ndjson#PorcApor:Sistema:2026-04-01:2026-04-30
2026-04-24,PorcVoluUtilDiar,0.62543,fraction,xm:servapibi,2026-09-22T19:29:28Z,xm/2026/04/PorcVoluUtilDiar_Sistema.2026-04-01.ndjson#PorcVoluUtilDiar:Sistema:2026-04-01:2026-04-30
2026-04-24,PrecBolsNaci,295.4501383333332,COP/kWh,xm:servapibi,2026-09-22T19:29:39Z,xm/2026/04/PrecBolsNaci_Sistema.2026-04-01.ndjson#PrecBolsNaci:Sistema:2026-04-01:2026-04-30
2026-04-24,VoluUtilDiarEner,10573244100,kWh,xm:servapibi,2026-09-22T19:29:29Z,xm/2026/04/VoluUtilDiarEner_Sistema.2026-04-01.ndjson#VoluUtilDiarEner:Sistema:2026-04-01:2026-04-30
2026-04-25,AporEner,262547265.28,kWh,xm:servapibi,2026-09-22T19:29:32Z,xm/2026/04/AporEner_Sistema.2026-04-01.ndjson#AporEner:Sistema:2026-04-01:2026-04-30
2026-04-25,AporEnerMediHist,220850000,kWh,xm:servapibi,2026-09-22T19:29:33Z,xm/2026/04/AporEnerMediHist_Sistema.2026-04-01.ndjson#AporEnerMediHist:Sistema:2026-04-01:2026-04-30
2026-04-25,CapaUtilDiarEner,16905444771,kWh,xm:servapibi,2026-09-22T19:29:31Z,xm/2026/04/CapaUtilDiarEner_Sistema.2026-04-01.ndjson#CapaUtilDiarEner:Sistema:2026-04-01:2026-04-30
2026-04-25,DemaSIN,237226145.73,kWh,xm:servapibi,2026-09-22T19:29:36Z,xm/2026/04/DemaSIN_Sistema.2026-04-01.ndjson#DemaSIN:Sistema:2026-04-01:2026-04-30
2026-04-25,PorcApor,1.1888,fraction,xm:servapibi,2026-09-22T19:29:35Z,xm/2026/04/PorcApor_Sistema.2026-04-01.ndjson#PorcApor:Sistema:2026-04-01:2026-04-30
2026-04-25,PorcVoluUtilDiar,0.63034,fraction,xm:servapibi,2026-09-22T19:29:28Z,xm/2026/04/PorcVoluUtilDiar_Sistema.2026-04-01.ndjson#PorcVoluUtilDiar:Sistema:2026-04-01:2026-04-30
2026-04-25,PrecBolsNaci,263.9416833333333,COP/kWh,xm:servapibi,2026-09-22T19:29:39Z,xm/2026/04/PrecBolsNaci_Sistema.2026-04-01.ndjson#PrecBolsNaci:Sistema:2026-04-01:2026-04-30
2026-04-25,VoluUtilDiarEner,10656095300,kWh,xm:servapibi,2026-09-22T19:29:29Z,xm/2026/04/VoluUtilDiarEner_Sistema.2026-04-01.ndjson#VoluUtilDiarEner:Sistema:2026-04-01:2026-04-30
2026-04-26,AporEner,263911102.96,kWh,xm:servapibi,2026-09-22T19:29:32Z,xm/2026/04/AporEner_Sistema.2026-04-01.ndjson#AporEner:Sistema:2026-04-01:2026-04-30
2026-04-26,AporEnerMediHist,220850000,kWh,xm:servapibi,2026-09-22T19:29:33Z,xm/2026/04/AporEnerMediHist_Sistema.2026-04-01.ndjson#AporEnerMediHist:Sistema:2026-04-01:2026-04-30
2026-04-26,CapaUtilDiarEner,16905444771,kWh,xm:servapibi,2026-09-22T19:29:31Z,xm/2026/04/CapaUtilDiarEner_Sistema.2026-04-01.ndjson#CapaUtilDiarEner:Sistema:2026-04-01:2026-04-30
2026-04-26,DemaSIN,219900568,kWh,xm:servapibi,2026-09-22T19:29:36Z,xm/2026/04/DemaSIN_Sistema.2026-04-01.ndjson#DemaSIN:Sistema:2026-04-01:2026-04-30
2026-04-26,PorcApor,1.19498,fraction,xm:servapibi,2026-09-22T19:29:35Z,xm/2026/04/PorcApor_Sistema.2026-04-01.ndjson#PorcApor:Sistema:2026-04-01:2026-04-30
2026-04-26,PorcVoluUtilDiar,0.6356,fraction,xm:servapibi,2026-09-22T19:29:28Z,xm/2026/04/PorcVoluUtilDiar_Sistema.2026-04-01.ndjson#PorcVoluUtilDiar:Sistema:2026-04-01:2026-04-30
2026-04-26,PrecBolsNaci,252.90815666666666,COP/kWh,xm:servapibi,2026-09-22T19:29:39Z,xm/2026/04/PrecBolsNaci_Sistema.2026-04-01.ndjson#PrecBolsNaci:Sistema:2026-04-01:2026-04-30
2026-04-26,VoluUtilDiarEner,10745024900,kWh,xm:servapibi,2026-09-22T19:29:29Z,xm/2026/04/VoluUtilDiarEner_Sistema.2026-04-01.ndjson#VoluUtilDiarEner:Sistema:2026-04-01:2026-04-30
2026-04-27,AporEner,250727637.77,kWh,xm:servapibi,2026-09-22T19:29:32Z,xm/2026/04/AporEner_Sistema.2026-04-01.ndjson#AporEner:Sistema:2026-04-01:2026-04-30
2026-04-27,AporEnerMediHist,220850000,kWh,xm:servapibi,2026-09-22T19:29:33Z,xm/2026/04/AporEnerMediHist_Sistema.2026-04-01.ndjson#AporEnerMediHist:Sistema:2026-04-01:2026-04-30
2026-04-27,CapaUtilDiarEner,16905444771,kWh,xm:servapibi,2026-09-22T19:29:31Z,xm/2026/04/CapaUtilDiarEner_Sistema.2026-04-01.ndjson#CapaUtilDiarEner:Sistema:2026-04-01:2026-04-30
2026-04-27,DemaSIN,246852453.01,kWh,xm:servapibi,2026-09-22T19:29:36Z,xm/2026/04/DemaSIN_Sistema.2026-04-01.ndjson#DemaSIN:Sistema:2026-04-01:2026-04-30
2026-04-27,PorcApor,1.13528,fraction,xm:servapibi,2026-09-22T19:29:35Z,xm/2026/04/PorcApor_Sistema.2026-04-01.ndjson#PorcApor:Sistema:2026-04-01:2026-04-30
2026-04-27,PorcVoluUtilDiar,0.63775,fraction,xm:servapibi,2026-09-22T19:29:28Z,xm/2026/04/PorcVoluUtilDiar_Sistema.2026-04-01.ndjson#PorcVoluUtilDiar:Sistema:2026-04-01:2026-04-30
2026-04-27,PrecBolsNaci,281.91514333333333,COP/kWh,xm:servapibi,2026-09-22T19:29:39Z,xm/2026/04/PrecBolsNaci_Sistema.2026-04-01.ndjson#PrecBolsNaci:Sistema:2026-04-01:2026-04-30
2026-04-27,VoluUtilDiarEner,10781508500,kWh,xm:servapibi,2026-09-22T19:29:29Z,xm/2026/04/VoluUtilDiarEner_Sistema.2026-04-01.ndjson#VoluUtilDiarEner:Sistema:2026-04-01:2026-04-30
2026-04-28,AporEner,258023850.16,kWh,xm:servapibi,2026-09-22T19:29:32Z,xm/2026/04/AporEner_Sistema.2026-04-01.ndjson#AporEner:Sistema:2026-04-01:2026-04-30
2026-04-28,AporEnerMediHist,220850000,kWh,xm:servapibi,2026-09-22T19:29:33Z,xm/2026/04/AporEnerMediHist_Sistema.2026-04-01.ndjson#AporEnerMediHist:Sistema:2026-04-01:2026-04-30
2026-04-28,CapaUtilDiarEner,16905444771,kWh,xm:servapibi,2026-09-22T19:29:31Z,xm/2026/04/CapaUtilDiarEner_Sistema.2026-04-01.ndjson#CapaUtilDiarEner:Sistema:2026-04-01:2026-04-30
2026-04-28,DemaSIN,252884553.18,kWh,xm:servapibi,2026-09-22T19:29:36Z,xm/2026/04/DemaSIN_Sistema.2026-04-01.ndjson#DemaSIN:Sistema:2026-04-01:2026-04-30
2026-04-28,PorcApor,1.16832,fraction,xm:servapibi,2026-09-22T19:29:35Z,xm/2026/04/PorcApor_Sistema.2026-04-01.ndjson#PorcApor:Sistema:2026-04-01:2026-04-30
2026-04-28,PorcVoluUtilDiar,0.63931,fraction,xm:servapibi,2026-09-22T19:29:28Z,xm/2026/04/PorcVoluUtilDiar_Sistema.2026-04-01.ndjson#PorcVoluUtilDiar:Sistema:2026-04-01:2026-04-30
2026-04-28,PrecBolsNaci,248.20117500000003,COP/kWh,xm:servapibi,2026-09-22T19:29:39Z,xm/2026/04/PrecBolsNaci_Sistema.2026-04-01.ndjson#PrecBolsNaci:Sistema:2026-04-01:2026-04-30
2026-04-28,VoluUtilDiarEner,10807823900,kWh,xm:servapibi,2026-09-22T19:29:29Z,xm/2026/04/VoluUtilDiarEner_Sistema.2026-04-01.ndjson#VoluUtilDiarEner:Sistema:2026-04-01:2026-04-30
2026-04-29,AporEner,286760705,kWh,xm:servapibi,2026-09-22T19:29:32Z,xm/2026/04/AporEner_Sistema.2026-04-01.ndjson#AporEner:Sistema:2026-04-01:2026-04-30
2026-04-29,AporEnerMediHist,220850000,kWh,xm:servapibi,2026-09-22T19:29:33Z,xm/2026/04/AporEnerMediHist_Sistema.2026-04-01.ndjson#AporEnerMediHist:Sistema:2026-04-01:2026-04-30
2026-04-29,CapaUtilDiarEner,16905444771,kWh,xm:servapibi,2026-09-22T19:29:31Z,xm/2026/04/CapaUtilDiarEner_Sistema.2026-04-01.ndjson#CapaUtilDiarEner:Sistema:2026-04-01:2026-04-30
2026-04-29,DemaSIN,251868604.2,kWh,xm:servapibi,2026-09-22T19:29:36Z,xm/2026/04/DemaSIN_Sistema.2026-04-01.ndjson#DemaSIN:Sistema:2026-04-01:2026-04-30
2026-04-29,PorcApor,1.29844,fraction,xm:servapibi,2026-09-22T19:29:35Z,xm/2026/04/PorcApor_Sistema.2026-04-01.ndjson#PorcApor:Sistema:2026-04-01:2026-04-30
2026-04-29,PorcVoluUtilDiar,0.64226,fraction,xm:servapibi,2026-09-22T19:29:28Z,xm/2026/04/PorcVoluUtilDiar_Sistema.2026-04-01.ndjson#PorcVoluUtilDiar:Sistema:2026-04-01:2026-04-30
2026-04-29,PrecBolsNaci,220.26637833333336,COP/kWh,xm:servapibi,2026-09-22T19:29:39Z,xm/2026/04/PrecBolsNaci_Sistema.2026-04-01.ndjson#PrecBolsNaci:Sistema:2026-04-01:2026-04-30
2026-04-29,VoluUtilDiarEner,10857733600,kWh,xm:servapibi,2026-09-22T19:29:29Z,xm/2026/04/VoluUtilDiarEner_Sistema.2026-04-01.ndjson#VoluUtilDiarEner:Sistema:2026-04-01:2026-04-30
2026-04-30,AporEner,197998442.49,kWh,xm:servapibi,2026-09-22T19:29:32Z,xm/2026/04/AporEner_Sistema.2026-04-01.ndjson#AporEner:Sistema:2026-04-01:2026-04-30
2026-04-30,AporEnerMediHist,220850000,kWh,xm:servapibi,2026-09-22T19:29:33Z,xm/2026/04/AporEnerMediHist_Sistema.2026-04-01.ndjson#AporEnerMediHist:Sistema:2026-04-01:2026-04-30
2026-04-30,CapaUtilDiarEner,16905444771,kWh,xm:servapibi,2026-09-22T19:29:31Z,xm/2026/04/CapaUtilDiarEner_Sistema.2026-04-01.ndjson#CapaUtilDiarEner:Sistema:2026-04-01:2026-04-30
2026-04-30,DemaSIN,252784135.84,kWh,xm:servapibi,2026-09-22T19:29:36Z,xm/2026/04/DemaSIN_Sistema.2026-04-01.ndjson#DemaSIN:Sistema:2026-04-01:2026-04-30
2026-04-30,PorcApor,0.89653,fraction,xm:servapibi,2026-09-22T19:29:35Z,xm/2026/04/PorcApor_Sistema.2026-04-01.ndjson#PorcApor:Sistema:2026-04-01:2026-04-30
2026-04-30,PorcVoluUtilDiar,0.64029,fraction,xm:servapibi,2026-09-22T19:29:28Z,xm/2026/04/PorcVoluUtilDiar_Sistema.2026-04-01.ndjson#PorcVoluUtilDiar:Sistema:2026-04-01:2026-04-30
2026-04-30,PrecBolsNaci,203.02425833333328,COP/kWh,xm:servapibi,2026-09-22T19:29:39Z,xm/2026/04/PrecBolsNaci_Sistema.2026-04-01.ndjson#PrecBolsNaci:Sistema:2026-04-01:2026-04-30
2026-04-30,VoluUtilDiarEner,10824360500,kWh,xm:servapibi,2026-09-22T19:29:29Z,xm/2026/04/VoluUtilDiarEner_Sistema.2026-04-01.ndjson#VoluUtilDiarEner:Sistema:2026-04-01:2026-04-30
2026-05-01,AporEner,175542023.56,kWh,xm:servapibi,2026-09-22T19:29:47Z,xm/2026/05/AporEner_Sistema.2026-05-01.ndjson#AporEner:Sistema:2026-05-01:2026-05-31
2026-05-01,AporEnerMediHist,284300000,kWh,xm:servapibi,2026-09-22T19:29:48Z,xm/2026/05/AporEnerMediHist_Sistema.2026-05-01.ndjson#AporEnerMediHist:Sistema:2026-05-01:2026-05-31
2026-05-01,CapaUtilDiarEner,16930501378,kWh,xm:servapibi,2026-09-22T19:29:46Z,xm/2026/05/CapaUtilDiarEner_Sistema.2026-05-01.ndjson#CapaUtilDiarEner:Sistema:2026-05-01:2026-05-31
2026-05-01,DemaSIN,235867905.36,kWh,xm:servapibi,2026-09-22T19:29:51Z,xm/2026/05/DemaSIN_Sistema.2026-05-01.ndjson#DemaSIN:Sistema:2026-05-01:2026-05-31
2026-05-01,PorcApor,0.61745,fraction,xm:servapibi,2026-09-22T19:29:50Z,xm/2026/05/PorcApor_Sistema.2026-05-01.ndjson#PorcApor:Sistema:2026-05-01:2026-05-31
2026-05-01,PorcVoluUtilDiar,0.63875,fraction,xm:servapibi,2026-09-22T19:29:43Z,xm/2026/05/PorcVoluUtilDiar_Sistema.2026-05-01.ndjson#PorcVoluUtilDiar:Sistema:2026-05-01:2026-05-31
2026-05-01,PrecBolsNaci,185.38891,COP/kWh,xm:servapibi,2026-09-22T19:29:54Z,xm/2026/05/PrecBolsNaci_Sistema.2026-05-01.ndjson#PrecBolsNaci:Sistema:2026-05-01:2026-05-31
2026-05-01,PrecEscaAct,1160.72081,COP/kWh,xm:servapibi,2026-09-22T19:29:52Z,xm/2026/05/PrecEscaAct_Sistema.2026-05-01.ndjson#PrecEscaAct:Sistema:2026-05-01:2026-05-31
2026-05-01,VoluUtilDiarEner,10814439100,kWh,xm:servapibi,2026-09-22T19:29:44Z,xm/2026/05/VoluUtilDiarEner_Sistema.2026-05-01.ndjson#VoluUtilDiarEner:Sistema:2026-05-01:2026-05-31
2026-05-02,AporEner,287976447.26,kWh,xm:servapibi,2026-09-22T19:29:47Z,xm/2026/05/AporEner_Sistema.2026-05-01.ndjson#AporEner:Sistema:2026-05-01:2026-05-31
2026-05-02,AporEnerMediHist,284300000,kWh,xm:servapibi,2026-09-22T19:29:48Z,xm/2026/05/AporEnerMediHist_Sistema.2026-05-01.ndjson#AporEnerMediHist:Sistema:2026-05-01:2026-05-31
2026-05-02,CapaUtilDiarEner,16930501378,kWh,xm:servapibi,2026-09-22T19:29:46Z,xm/2026/05/CapaUtilDiarEner_Sistema.2026-05-01.ndjson#CapaUtilDiarEner:Sistema:2026-05-01:2026-05-31
2026-05-02,DemaSIN,233433117.88,kWh,xm:servapibi,2026-09-22T19:29:51Z,xm/2026/05/DemaSIN_Sistema.2026-05-01.ndjson#DemaSIN:Sistema:2026-05-01:2026-05-31
2026-05-02,PorcApor,1.01293,fraction,xm:servapibi,2026-09-22T19:29:50Z,xm/2026/05/PorcApor_Sistema.2026-05-01.ndjson#PorcApor:Sistema:2026-05-01:2026-05-31
2026-05-02,PorcVoluUtilDiar,0.64379,fraction,xm:servapibi,2026-09-22T19:29:43Z,xm/2026/05/PorcVoluUtilDiar_Sistema.2026-05-01.ndjson#PorcVoluUtilDiar:Sistema:2026-05-01:2026-05-31
2026-05-02,PrecBolsNaci,179.29869333333338,COP/kWh,xm:servapibi,2026-09-22T19:29:54Z,xm/2026/05/PrecBolsNaci_Sistema.2026-05-01.ndjson#PrecBolsNaci:Sistema:2026-05-01:2026-05-31
2026-05-02,PrecEscaAct,1160.72081,COP/kWh,xm:servapibi,2026-09-22T19:29:52Z,xm/2026/05/PrecEscaAct_Sistema.2026-05-01.ndjson#PrecEscaAct:Sistema:2026-05-01:2026-05-31
2026-05-02,VoluUtilDiarEner,10899614500,kWh,xm:servapibi,2026-09-22T19:29:44Z,xm/2026/05/VoluUtilDiarEner_Sistema.2026-05-01.ndjson#VoluUtilDiarEner:Sistema:2026-05-01:2026-05-31
2026-05-03,AporEner,206265907.34,kWh,xm:servapibi,2026-09-22T19:29:47Z,xm/2026/05/AporEner_Sistema.2026-05-01.ndjson#AporEner:Sistema:2026-05-01:2026-05-31
2026-05-03,AporEnerMediHist,284300000,kWh,xm:servapibi,2026-09-22T19:29:48Z,xm/2026/05/AporEnerMediHist_Sistema.2026-05-01.ndjson#AporEnerMediHist:Sistema:2026-05-01:2026-05-31
2026-05-03,CapaUtilDiarEner,16930501378,kWh,xm:servapibi,2026-09-22T19:29:46Z,xm/2026/05/CapaUtilDiarEner_Sistema.2026-05-01.ndjson#CapaUtilDiarEner:Sistema:2026-05-01:2026-05-31
2026-05-03,DemaSIN,218433378.97,kWh,xm:servapibi,2026-09-22T19:29:51Z,xm/2026/05/DemaSIN_Sistema.2026-05-01.ndjson#DemaSIN:Sistema:2026-05-01:2026-05-31
2026-05-03,PorcApor,0.72552,fraction,xm:servapibi,2026-09-22T19:29:50Z,xm/2026/05/PorcApor_Sistema.2026-05-01.ndjson#PorcApor:Sistema:2026-05-01:2026-05-31
2026-05-03,PorcVoluUtilDiar,0.64621,fraction,xm:servapibi,2026-09-22T19:29:43Z,xm/2026/05/PorcVoluUtilDiar_Sistema.2026-05-01.ndjson#PorcVoluUtilDiar:Sistema:2026-05-01:2026-05-31
2026-05-03,PrecBolsNaci,204.29462,COP/kWh,xm:servapibi,2026-09-22T19:29:54Z,xm/2026/05/PrecBolsNaci_Sistema.2026-05-01.ndjson#PrecBolsNaci:Sistema:2026-05-01:2026-05-31
2026-05-03,PrecEscaAct,1160.72081,COP/kWh,xm:servapibi,2026-09-22T19:29:52Z,xm/2026/05/PrecEscaAct_Sistema.2026-05-01.ndjson#PrecEscaAct:Sistema:2026-05-01:2026-05-31
2026-05-03,VoluUtilDiarEner,10940658100,kWh,xm:servapibi,2026-09-22T19:29:44Z,xm/2026/05/VoluUtilDiarEner_Sistema.2026-05-01.ndjson#VoluUtilDiarEner:Sistema:2026-05-01:2026-05-31
2026-05-04,AporEner,268636101.21,kWh,xm:servapibi,2026-09-22T19:29:47Z,xm/2026/05/AporEner_Sistema.2026-05-01.ndjson#AporEner:Sistema:2026-05-01:2026-05-31
2026-05-04,AporEnerMediHist,284300000,kWh,xm:servapibi,2026-09-22T19:29:48Z,xm/2026/05/AporEnerMediHist_Sistema.2026-05-01.ndjson#AporEnerMediHist:Sistema:2026-05-01:2026-05-31
2026-05-04,CapaUtilDiarEner,16930501378,kWh,xm:servapibi,2026-09-22T19:29:46Z,xm/2026/05/CapaUtilDiarEner_Sistema.2026-05-01.ndjson#CapaUtilDiarEner:Sistema:2026-05-01:2026-05-31
2026-05-04,DemaSIN,247057944.69,kWh,xm:servapibi,2026-09-22T19:29:51Z,xm/2026/05/DemaSIN_Sistema.2026-05-01.ndjson#DemaSIN:Sistema:2026-05-01:2026-05-31
2026-05-04,PorcApor,0.9449,fraction,xm:servapibi,2026-09-22T19:29:50Z,xm/2026/05/PorcApor_Sistema.2026-05-01.ndjson#PorcApor:Sistema:2026-05-01:2026-05-31
2026-05-04,PorcVoluUtilDiar,0.64963,fraction,xm:servapibi,2026-09-22T19:29:43Z,xm/2026/05/PorcVoluUtilDiar_Sistema.2026-05-01.ndjson#PorcVoluUtilDiar:Sistema:2026-05-01:2026-05-31
2026-05-04,PrecBolsNaci,289.8825666666667,COP/kWh,xm:servapibi,2026-09-22T19:29:54Z,xm/2026/05/PrecBolsNaci_Sistema.2026-05-01.ndjson#PrecBolsNaci:Sistema:2026-05-01:2026-05-31
2026-05-04,PrecEscaAct,1160.72081,COP/kWh,xm:servapibi,2026-09-22T19:29:52Z,xm/2026/05/PrecEscaAct_Sistema.2026-05-01.ndjson#PrecEscaAct:Sistema:2026-05-01:2026-05-31
2026-05-04,VoluUtilDiarEner,10998513600,kWh,xm:servapibi,2026-09-22T19:29:44Z,xm/2026/05/VoluUtilDiarEner_Sistema.2026-05-01.ndjson#VoluUtilDiarEner:Sistema:2026-05-01:2026-05-31
2026-05-05,AporEner,230630422.13,kWh,xm:servapibi,2026-09-22T19:29:47Z,xm/2026/05/AporEner_Sistema.2026-05-01.ndjson#AporEner:Sistema:2026-05-01:2026-05-31
2026-05-05,AporEnerMediHist,284300000,kWh,xm:servapibi,2026-09-22T19:29:48Z,xm/2026/05/AporEnerMediHist_Sistema.2026-05-01.ndjson#AporEnerMediHist:Sistema:2026-05-01:2026-05-31
2026-05-05,CapaUtilDiarEner,16930501378,kWh,xm:servapibi,2026-09-22T19:29:46Z,xm/2026/05/CapaUtilDiarEner_Sistema.2026-05-01.ndjson#CapaUtilDiarEner:Sistema:2026-05-01:2026-05-31
2026-05-05,DemaSIN,256082195.12,kWh,xm:servapibi,2026-09-22T19:29:51Z,xm/2026/05/DemaSIN_Sistema.2026-05-01.ndjson#DemaSIN:Sistema:2026-05-01:2026-05-31
2026-05-05,PorcApor,0.81122,fraction,xm:servapibi,2026-09-22T19:29:50Z,xm/2026/05/PorcApor_Sistema.2026-05-01.ndjson#PorcApor:Sistema:2026-05-01:2026-05-31
2026-05-05,PorcVoluUtilDiar,0.65007,fraction,xm:servapibi,2026-09-22T19:29:43Z,xm/2026/05/PorcVoluUtilDiar_Sistema.2026-05-01.ndjson#PorcVoluUtilDiar:Sistema:2026-05-01:2026-05-31
2026-05-05,PrecBolsNaci,328.7109616666667,COP/kWh,xm:servapibi,2026-09-22T19:29:54Z,xm/2026/05/PrecBolsNaci_Sistema.2026-05-01.ndjson#PrecBolsNaci:Sistema:2026-05-01:2026-05-31
2026-05-05,PrecEscaAct,1160.72081,COP/kWh,xm:servapibi,2026-09-22T19:29:52Z,xm/2026/05/PrecEscaAct_Sistema.2026-05-01.ndjson#PrecEscaAct:Sistema:2026-05-01:2026-05-31
2026-05-05,VoluUtilDiarEner,11006033800,kWh,xm:servapibi,2026-09-22T19:29:44Z,xm/2026/05/VoluUtilDiarEner_Sistema.2026-05-01.ndjson#VoluUtilDiarEner:Sistema:2026-05-01:2026-05-31
2026-05-06,AporEner,261650988.15,kWh,xm:servapibi,2026-09-22T19:29:47Z,xm/2026/05/AporEner_Sistema.2026-05-01.ndjson#AporEner:Sistema:2026-05-01:2026-05-31
2026-05-06,AporEnerMediHist,284300000,kWh,xm:servapibi,2026-09-22T19:29:48Z,xm/2026/05/AporEnerMediHist_Sistema.2026-05-01.ndjson#AporEnerMediHist:Sistema:2026-05-01:2026-05-31
2026-05-06,CapaUtilDiarEner,16930501378,kWh,xm:servapibi,2026-09-22T19:29:46Z,xm/2026/05/CapaUtilDiarEner_Sistema.2026-05-01.ndjson#CapaUtilDiarEner:Sistema:2026-05-01:2026-05-31
2026-05-06,DemaSIN,256435827.25,kWh,xm:servapibi,2026-09-22T19:29:51Z,xm/2026/05/DemaSIN_Sistema.2026-05-01.ndjson#DemaSIN:Sistema:2026-05-01:2026-05-31
2026-05-06,PorcApor,0.92033,fraction,xm:servapibi,2026-09-22T19:29:50Z,xm/2026/05/PorcApor_Sistema.2026-05-01.ndjson#PorcApor:Sistema:2026-05-01:2026-05-31
2026-05-06,PorcVoluUtilDiar,0.65329,fraction,xm:servapibi,2026-09-22T19:29:43Z,xm/2026/05/PorcVoluUtilDiar_Sistema.2026-05-01.ndjson#PorcVoluUtilDiar:Sistema:2026-05-01:2026-05-31
2026-05-06,PrecBolsNaci,315.77318500000007,COP/kWh,xm:servapibi,2026-09-22T19:29:54Z,xm/2026/05/PrecBolsNaci_Sistema.2026-05-01.ndjson#PrecBolsNaci:Sistema:2026-05-01:2026-05-31
2026-05-06,PrecEscaAct,1160.72081,COP/kWh,xm:servapibi,2026-09-22T19:29:52Z,xm/2026/05/PrecEscaAct_Sistema.2026-05-01.ndjson#PrecEscaAct:Sistema:2026-05-01:2026-05-31
2026-05-06,VoluUtilDiarEner,11060491800,kWh,xm:servapibi,2026-09-22T19:29:44Z,xm/2026/05/VoluUtilDiarEner_Sistema.2026-05-01.ndjson#VoluUtilDiarEner:Sistema:2026-05-01:2026-05-31
2026-05-07,AporEner,204388388.67,kWh,xm:servapibi,2026-09-22T19:29:47Z,xm/2026/05/AporEner_Sistema.2026-05-01.ndjson#AporEner:Sistema:2026-05-01:2026-05-31
2026-05-07,AporEnerMediHist,284300000,kWh,xm:servapibi,2026-09-22T19:29:48Z,xm/2026/05/AporEnerMediHist_Sistema.2026-05-01.ndjson#AporEnerMediHist:Sistema:2026-05-01:2026-05-31
2026-05-07,CapaUtilDiarEner,16930501378,kWh,xm:servapibi,2026-09-22T19:29:46Z,xm/2026/05/CapaUtilDiarEner_Sistema.2026-05-01.ndjson#CapaUtilDiarEner:Sistema:2026-05-01:2026-05-31
2026-05-07,DemaSIN,258684309.63,kWh,xm:servapibi,2026-09-22T19:29:51Z,xm/2026/05/DemaSIN_Sistema.2026-05-01.ndjson#DemaSIN:Sistema:2026-05-01:2026-05-31
2026-05-07,PorcApor,0.71892,fraction,xm:servapibi,2026-09-22T19:29:50Z,xm/2026/05/PorcApor_Sistema.2026-05-01.ndjson#PorcApor:Sistema:2026-05-01:2026-05-31
2026-05-07,PorcVoluUtilDiar,0.65299,fraction,xm:servapibi,2026-09-22T19:29:43Z,xm/2026/05/PorcVoluUtilDiar_Sistema.2026-05-01.ndjson#PorcVoluUtilDiar:Sistema:2026-05-01:2026-05-31
2026-05-07,PrecBolsNaci,309.41486666666674,COP/kWh,xm:servapibi,2026-09-22T19:29:54Z,xm/2026/05/PrecBolsNaci_Sistema.2026-05-01.ndjson#PrecBolsNaci:Sistema:2026-05-01:2026-05-31
2026-05-07,PrecEscaAct,1160.72081,COP/kWh,xm:servapibi,2026-09-22T19:29:52Z,xm/2026/05/PrecEscaAct_Sistema.2026-05-01.ndjson#PrecEscaAct:Sistema:2026-05-01:2026-05-31
2026-05-07,VoluUtilDiarEner,11055497200,kWh,xm:servapibi,2026-09-22T19:29:44Z,xm/2026/05/VoluUtilDiarEner_Sistema.2026-05-01.ndjson#VoluUtilDiarEner:Sistema:2026-05-01:2026-05-31
2026-05-08,AporEner,173271362.59,kWh,xm:servapibi,2026-09-22T19:29:47Z,xm/2026/05/AporEner_Sistema.2026-05-01.ndjson#AporEner:Sistema:2026-05-01:2026-05-31
2026-05-08,AporEnerMediHist,284300000,kWh,xm:servapibi,2026-09-22T19:29:48Z,xm/2026/05/AporEnerMediHist_Sistema.2026-05-01.ndjson#AporEnerMediHist:Sistema:2026-05-01:2026-05-31
2026-05-08,CapaUtilDiarEner,16930501378,kWh,xm:servapibi,2026-09-22T19:29:46Z,xm/2026/05/CapaUtilDiarEner_Sistema.2026-05-01.ndjson#CapaUtilDiarEner:Sistema:2026-05-01:2026-05-31
2026-05-08,DemaSIN,256805678.7,kWh,xm:servapibi,2026-09-22T19:29:51Z,xm/2026/05/DemaSIN_Sistema.2026-05-01.ndjson#DemaSIN:Sistema:2026-05-01:2026-05-31
2026-05-08,PorcApor,0.60947,fraction,xm:servapibi,2026-09-22T19:29:50Z,xm/2026/05/PorcApor_Sistema.2026-05-01.ndjson#PorcApor:Sistema:2026-05-01:2026-05-31
2026-05-08,PorcVoluUtilDiar,0.65171,fraction,xm:servapibi,2026-09-22T19:29:43Z,xm/2026/05/PorcVoluUtilDiar_Sistema.2026-05-01.ndjson#PorcVoluUtilDiar:Sistema:2026-05-01:2026-05-31
2026-05-08,PrecBolsNaci,334.3848549999999,COP/kWh,xm:servapibi,2026-09-22T19:29:54Z,xm/2026/05/PrecBolsNaci_Sistema.2026-05-01.ndjson#PrecBolsNaci:Sistema:2026-05-01:2026-05-31
2026-05-08,PrecEscaAct,1160.72081,COP/kWh,xm:servapibi,2026-09-22T19:29:52Z,xm/2026/05/PrecEscaAct_Sistema.2026-05-01.ndjson#PrecEscaAct:Sistema:2026-05-01:2026-05-31
2026-05-08,VoluUtilDiarEner,11033699400,kWh,xm:servapibi,2026-09-22T19:29:44Z,xm/2026/05/VoluUtilDiarEner_Sistema.2026-05-01.ndjson#VoluUtilDiarEner:Sistema:2026-05-01:2026-05-31
2026-05-09,AporEner,155125101.72,kWh,xm:servapibi,2026-09-22T19:29:47Z,xm/2026/05/AporEner_Sistema.2026-05-01.ndjson#AporEner:Sistema:2026-05-01:2026-05-31
2026-05-09,AporEnerMediHist,284300000,kWh,xm:servapibi,2026-09-22T19:29:48Z,xm/2026/05/AporEnerMediHist_Sistema.2026-05-01.ndjson#AporEnerMediHist:Sistema:2026-05-01:2026-05-31
2026-05-09,CapaUtilDiarEner,16930501378,kWh,xm:servapibi,2026-09-22T19:29:46Z,xm/2026/05/CapaUtilDiarEner_Sistema.2026-05-01.ndjson#CapaUtilDiarEner:Sistema:2026-05-01:2026-05-31
2026-05-09,DemaSIN,243737937.42,kWh,xm:servapibi,2026-09-22T19:29:51Z,xm/2026/05/DemaSIN_Sistema.2026-05-01.ndjson#DemaSIN:Sistema:2026-05-01:2026-05-31
2026-05-09,PorcApor,0.54564,fraction,xm:servapibi,2026-09-22T19:29:50Z,xm/2026/05/PorcApor_Sistema.2026-05-01.ndjson#PorcApor:Sistema:2026-05-01:2026-05-31
2026-05-09,PorcVoluUtilDiar,0.64963,fraction,xm:servapibi,2026-09-22T19:29:43Z,xm/2026/05/PorcVoluUtilDiar_Sistema.2026-05-01.ndjson#PorcVoluUtilDiar:Sistema:2026-05-01:2026-05-31
2026-05-09,PrecBolsNaci,210.0785033333334,COP/kWh,xm:servapibi,2026-09-22T19:29:54Z,xm/2026/05/PrecBolsNaci_Sistema.2026-05-01.ndjson#PrecBolsNaci:Sistema:2026-05-01:2026-05-31
2026-05-09,PrecEscaAct,1160.72081,COP/kWh,xm:servapibi,2026-09-22T19:29:52Z,xm/2026/05/PrecEscaAct_Sistema.2026-05-01.ndjson#PrecEscaAct:Sistema:2026-05-01:2026-05-31
2026-05-09,VoluUtilDiarEner,10998568800,kWh,xm:servapibi,2026-09-22T19:29:44Z,xm/2026/05/VoluUtilDiarEner_Sistema.2026-05-01.ndjson#VoluUtilDiarEner:Sistema:2026-05-01:2026-05-31
2026-05-10,AporEner,144444935.54,kWh,xm:servapibi,2026-09-22T19:29:47Z,xm/2026/05/AporEner_Sistema.2026-05-01.ndjson#AporEner:Sistema:2026-05-01:2026-05-31
2026-05-10,AporEnerMediHist,284300000,kWh,xm:servapibi,2026-09-22T19:29:48Z,xm/2026/05/AporEnerMediHist_Sistema.2026-05-01.ndjson#AporEnerMediHist:Sistema:2026-05-01:2026-05-31
2026-05-10,CapaUtilDiarEner,16930501378,kWh,xm:servapibi,2026-09-22T19:29:46Z,xm/2026/05/CapaUtilDiarEner_Sistema.2026-05-01.ndjson#CapaUtilDiarEner:Sistema:2026-05-01:2026-05-31
2026-05-10,DemaSIN,224174370.52,kWh,xm:servapibi,2026-09-22T19:29:51Z,xm/2026/05/DemaSIN_Sistema.2026-05-01.ndjson#DemaSIN:Sistema:2026-05-01:2026-05-31
2026-05-10,PorcApor,0.50807,fraction,xm:servapibi,2026-09-22T19:29:50Z,xm/2026/05/PorcApor_Sistema.2026-05-01.ndjson#PorcApor:Sistema:2026-05-01:2026-05-31
2026-05-10,PorcVoluUtilDiar,0.6475,fraction,xm:servapibi,2026-09-22T19:29:43Z,xm/2026/05/PorcVoluUtilDiar_Sistema.2026-05-01.ndjson#PorcVoluUtilDiar:Sistema:2026-05-01:2026-05-31
2026-05-10,PrecBolsNaci,240.94031833333327,COP/kWh,xm:servapibi,2026-09-22T19:29:54Z,xm/2026/05/PrecBolsNaci_Sistema.2026-05-01.ndjson#PrecBolsNaci:Sistema:2026-05-01:2026-05-31
2026-05-10,PrecEscaAct,1160.72081,COP/kWh,xm:servapibi,2026-09-22T19:29:52Z,xm/2026/05/PrecEscaAct_Sistema.2026-05-01.ndjson#PrecEscaAct:Sistema:2026-05-01:2026-05-31
2026-05-10,VoluUtilDiarEner,10962536600,kWh,xm:servapibi,2026-09-22T19:29:44Z,xm/2026/05/VoluUtilDiarEner_Sistema.2026-05-01.ndjson#VoluUtilDiarEner:Sistema:2026-05-01:2026-05-31
2026-05-11,AporEner,172058710.74,kWh,xm:servapibi,2026-09-22T19:29:47Z,xm/2026/05/AporEner_Sistema.2026-05-01.ndjson#AporEner:Sistema:2026-05-01:2026-05-31
2026-05-11,AporEnerMediHist,284300000,kWh,xm:servapibi,2026-09-22T19:29:48Z,xm/2026/05/AporEnerMediHist_Sistema.2026-05-01.ndjson#AporEnerMediHist:Sistema:2026-05-01:2026-05-31
2026-05-11,CapaUtilDiarEner,16930501378,kWh,xm:servapibi,2026-09-22T19:29:46Z,xm/2026/05/CapaUtilDiarEner_Sistema.2026-05-01.ndjson#CapaUtilDiarEner:Sistema:2026-05-01:2026-05-31
2026-05-11,DemaSIN,251897694.31,kWh,xm:servapibi,2026-09-22T19:29:51Z,xm/2026/05/DemaSIN_Sistema.2026-05-01.ndjson#DemaSIN:Sistema:2026-05-01:2026-05-31
2026-05-11,PorcApor,0.6052,fraction,xm:servapibi,2026-09-22T19:29:50Z,xm/2026/05/PorcApor_Sistema.2026-05-01.ndjson#PorcApor:Sistema:2026-05-01:2026-05-31
2026-05-11,PorcVoluUtilDiar,0.64474,fraction,xm:servapibi,2026-09-22T19:29:43Z,xm/2026/05/PorcVoluUtilDiar_Sistema.2026-05-01.ndjson#PorcVoluUtilDiar:Sistema:2026-05-01:2026-05-31
2026-05-11,PrecBolsNaci,384.25668,COP/kWh,xm:servapibi,2026-09-22T19:29:54Z,xm/2026/05/PrecBolsNaci_Sistema.2026-05-01.ndjson#PrecBolsNaci:Sistema:2026-05-01:2026-05-31
2026-05-11,PrecEscaAct,1160.72081,COP/kWh,xm:servapibi,2026-09-22T19:29:52Z,xm/2026/05/PrecEscaAct_Sistema.2026-05-01.ndjson#PrecEscaAct:Sistema:2026-05-01:2026-05-31
2026-05-11,VoluUtilDiarEner,10915794700,kWh,xm:servapibi,2026-09-22T19:29:44Z,xm/2026/05/VoluUtilDiarEner_Sistema.2026-05-01.ndjson#VoluUtilDiarEner:Sistema:2026-05-01:2026-05-31
2026-05-12,AporEner,196204430.74,kWh,xm:servapibi,2026-09-22T19:29:47Z,xm/2026/05/AporEner_Sistema.2026-05-01.ndjson#AporEner:Sistema:2026-05-01:2026-05-31
2026-05-12,AporEnerMediHist,284300000,kWh,xm:servapibi,2026-09-22T19:29:48Z,xm/2026/05/AporEnerMediHist_Sistema.2026-05-01.ndjson#AporEnerMediHist:Sistema:2026-05-01:2026-05-31
2026-05-12,CapaUtilDiarEner,16930501378,kWh,xm:servapibi,2026-09-22T19:29:46Z,xm/2026/05/CapaUtilDiarEner_Sistema.2026-05-01.ndjson#CapaUtilDiarEner:Sistema:2026-05-01:2026-05-31
2026-05-12,DemaSIN,253626142.42,kWh,xm:servapibi,2026-09-22T19:29:51Z,xm/2026/05/DemaSIN_Sistema.2026-05-01.ndjson#DemaSIN:Sistema:2026-05-01:2026-05-31
2026-05-12,PorcApor,0.69013,fraction,xm:servapibi,2026-09-22T19:29:50Z,xm/2026/05/PorcApor_Sistema.2026-05-01.ndjson#PorcApor:Sistema:2026-05-01:2026-05-31
2026-05-12,PorcVoluUtilDiar,0.64457,fraction,xm:servapibi,2026-09-22T19:29:43Z,xm/2026/05/PorcVoluUtilDiar_Sistema.2026-05-01.ndjson#PorcVoluUtilDiar:Sistema:2026-05-01:2026-05-31
2026-05-12,PrecBolsNaci,600.8594816666669,COP/kWh,xm:servapibi,2026-09-22T19:29:54Z,xm/2026/05/PrecBolsNaci_Sistema.2026-05-01.ndjson#PrecBolsNaci:Sistema:2026-05-01:2026-05-31
2026-05-12,PrecEscaAct,1160.72081,COP/kWh,xm:servapibi,2026-09-22T19:29:52Z,xm/2026/05/PrecEscaAct_Sistema.2026-05-01.ndjson#PrecEscaAct:Sistema:2026-05-01:2026-05-31
2026-05-12,VoluUtilDiarEner,10912813500,kWh,xm:servapibi,2026-09-22T19:29:44Z,xm/2026/05/VoluUtilDiarEner_Sistema.2026-05-01.ndjson#VoluUtilDiarEner:Sistema:2026-05-01:2026-05-31
2026-05-13,AporEner,192073339.48,kWh,xm:servapibi,2026-09-22T19:29:47Z,xm/2026/05/AporEner_Sistema.2026-05-01.ndjson#AporEner:Sistema:2026-05-01:2026-05-31
2026-05-13,AporEnerMediHist,284300000,kWh,xm:servapibi,2026-09-22T19:29:48Z,xm/2026/05/AporEnerMediHist_Sistema.2026-05-01.ndjson#AporEnerMediHist:Sistema:2026-05-01:2026-05-31
2026-05-13,CapaUtilDiarEner,16930501378,kWh,xm:servapibi,2026-09-22T19:29:46Z,xm/2026/05/CapaUtilDiarEner_Sistema.2026-05-01.ndjson#CapaUtilDiarEner:Sistema:2026-05-01:2026-05-31
2026-05-13,DemaSIN,255666937.52,kWh,xm:servapibi,2026-09-22T19:29:51Z,xm/2026/05/DemaSIN_Sistema.2026-05-01.ndjson#DemaSIN:Sistema:2026-05-01:2026-05-31
2026-05-13,PorcApor,0.6756,fraction,xm:servapibi,2026-09-22T19:29:50Z,xm/2026/05/PorcApor_Sistema.2026-05-01.ndjson#PorcApor:Sistema:2026-05-01:2026-05-31
2026-05-13,PorcVoluUtilDiar,0.64555,fraction,xm:servapibi,2026-09-22T19:29:43Z,xm/2026/05/PorcVoluUtilDiar_Sistema.2026-05-01.ndjson#PorcVoluUtilDiar:Sistema:2026-05-01:2026-05-31
2026-05-13,PrecBolsNaci,743.3351100000001,COP/kWh,xm:servapibi,2026-09-22T19:29:54Z,xm/2026/05/PrecBolsNaci_Sistema.2026-05-01.ndjson#PrecBolsNaci:Sistema:2026-05-01:2026-05-31
2026-05-13,PrecEscaAct,1160.72081,COP/kWh,xm:servapibi,2026-09-22T19:29:52Z,xm/2026/05/PrecEscaAct_Sistema.2026-05-01.ndjson#PrecEscaAct:Sistema:2026-05-01:2026-05-31
2026-05-13,VoluUtilDiarEner,10929525900,kWh,xm:servapibi,2026-09-22T19:29:44Z,xm/2026/05/VoluUtilDiarEner_Sistema.2026-05-01.ndjson#VoluUtilDiarEner:Sistema:2026-05-01:2026-05-31
2026-05-14,AporEner,188508592.67,kWh,xm:servapibi,2026-09-22T19:29:47Z,xm/2026/05/AporEner_Sistema.2026-05-01.ndjson#AporEner:Sistema:2026-05-01:2026-05-31
2026-05-14,AporEnerMediHist,284300000,kWh,xm:servapibi,2026-09-22T19:29:48Z,xm/2026/05/AporEnerMediHist_Sistema.2026-05-01.ndjson#AporEnerMediHist:Sistema:2026-05-01:2026-05-31
2026-05-14,CapaUtilDiarEner,16930501378,kWh,xm:servapibi,2026-09-22T19:29:46Z,xm/2026/05/CapaUtilDiarEner_Sistema.2026-05-01.ndjson#CapaUtilDiarEner:Sistema:2026-05-01:2026-05-31
2026-05-14,DemaSIN,258390477.01,kWh,xm:servapibi,2026-09-22T19:29:51Z,xm/2026/05/DemaSIN_Sistema.2026-05-01.ndjson#DemaSIN:Sistema:2026-05-01:2026-05-31
2026-05-14,PorcApor,0.66306,fraction,xm:servapibi,2026-09-22T19:29:50Z,xm/2026/05/PorcApor_Sistema.2026-05-01.ndjson#PorcApor:Sistema:2026-05-01:2026-05-31
2026-05-14,PorcVoluUtilDiar,0.64684,fraction,xm:servapibi,2026-09-22T19:29:43Z,xm/2026/05/PorcVoluUtilDiar_Sistema.2026-05-01.ndjson#PorcVoluUtilDiar:Sistema:2026-05-01:2026-05-31
2026-05-14,PrecBolsNaci,841.9711483333332,COP/kWh,xm:servapibi,2026-09-22T19:29:54Z,xm/2026/05/PrecBolsNaci_Sistema.2026-05-01.ndjson#PrecBolsNaci:Sistema:2026-05-01:2026-05-31
2026-05-14,PrecEscaAct,1160.72081,COP/kWh,xm:servapibi,2026-09-22T19:29:52Z,xm/2026/05/PrecEscaAct_Sistema.2026-05-01.ndjson#PrecEscaAct:Sistema:2026-05-01:2026-05-31
2026-05-14,VoluUtilDiarEner,10951344700,kWh,xm:servapibi,2026-09-22T19:29:44Z,xm/2026/05/VoluUtilDiarEner_Sistema.2026-05-01.ndjson#VoluUtilDiarEner:Sistema:2026-05-01:2026-05-31
2026-05-15,AporEner,163134354.11,kWh,xm:servapibi,2026-09-22T19:29:47Z,xm/2026/05/AporEner_Sistema.2026-05-01.ndjson#AporEner:Sistema:2026-05-01:2026-05-31
2026-05-15,AporEnerMediHist,284300000,kWh,xm:servapibi,2026-09-22T19:29:48Z,xm/2026/05/AporEnerMediHist_Sistema.2026-05-01.ndjson#AporEnerMediHist:Sistema:2026-05-01:2026-05-31
2026-05-15,CapaUtilDiarEner,16930501378,kWh,xm:servapibi,2026-09-22T19:29:46Z,xm/2026/05/CapaUtilDiarEner_Sistema.2026-05-01.ndjson#CapaUtilDiarEner:Sistema:2026-05-01:2026-05-31
2026-05-15,DemaSIN,261866107.39,kWh,xm:servapibi,2026-09-22T19:29:51Z,xm/2026/05/DemaSIN_Sistema.2026-05-01.ndjson#DemaSIN:Sistema:2026-05-01:2026-05-31
2026-05-15,PorcApor,0.57381,fraction,xm:servapibi,2026-09-22T19:29:50Z,xm/2026/05/PorcApor_Sistema.2026-05-01.ndjson#PorcApor:Sistema:2026-05-01:2026-05-31
2026-05-15,PorcVoluUtilDiar,0.64545,fraction,xm:servapibi,2026-09-22T19:29:43Z,xm/2026/05/PorcVoluUtilDiar_Sistema.2026-05-01.ndjson#PorcVoluUtilDiar:Sistema:2026-05-01:2026-05-31
2026-05-15,PrecBolsNaci,792.9623149999999,COP/kWh,xm:servapibi,2026-09-22T19:29:54Z,xm/2026/05/PrecBolsNaci_Sistema.2026-05-01.ndjson#PrecBolsNaci:Sistema:2026-05-01:2026-05-31
2026-05-15,PrecEscaAct,1160.72081,COP/kWh,xm:servapibi,2026-09-22T19:29:52Z,xm/2026/05/PrecEscaAct_Sistema.2026-05-01.ndjson#PrecEscaAct:Sistema:2026-05-01:2026-05-31
2026-05-15,VoluUtilDiarEner,10927735600,kWh,xm:servapibi,2026-09-22T19:29:44Z,xm/2026/05/VoluUtilDiarEner_Sistema.2026-05-01.ndjson#VoluUtilDiarEner:Sistema:2026-05-01:2026-05-31
2026-05-16,AporEner,178650718.81,kWh,xm:servapibi,2026-09-22T19:29:47Z,xm/2026/05/AporEner_Sistema.2026-05-01.ndjson#AporEner:Sistema:2026-05-01:2026-05-31
2026-05-16,AporEnerMediHist,284300000,kWh,xm:servapibi,2026-09-22T19:29:48Z,xm/2026/05/AporEnerMediHist_Sistema.2026-05-01.ndjson#AporEnerMediHist:Sistema:2026-05-01:2026-05-31
2026-05-16,CapaUtilDiarEner,16930501378,kWh,xm:servapibi,2026-09-22T19:29:46Z,xm/2026/05/CapaUtilDiarEner_Sistema.2026-05-01.ndjson#CapaUtilDiarEner:Sistema:2026-05-01:2026-05-31
2026-05-16,DemaSIN,249595197.05,kWh,xm:servapibi,2026-09-22T19:29:51Z,xm/2026/05/DemaSIN_Sistema.2026-05-01.ndjson#DemaSIN:Sistema:2026-05-01:2026-05-31
2026-05-16,PorcApor,0.62839,fraction,xm:servapibi,2026-09-22T19:29:50Z,xm/2026/05/PorcApor_Sistema.2026-05-01.ndjson#PorcApor:Sistema:2026-05-01:2026-05-31
2026-05-16,PorcVoluUtilDiar,0.64559,fraction,xm:servapibi,2026-09-22T19:29:43Z,xm/2026/05/PorcVoluUtilDiar_Sistema.2026-05-01.ndjson#PorcVoluUtilDiar:Sistema:2026-05-01:2026-05-31
2026-05-16,PrecBolsNaci,679.2583916666664,COP/kWh,xm:servapibi,2026-09-22T19:29:54Z,xm/2026/05/PrecBolsNaci_Sistema.2026-05-01.ndjson#PrecBolsNaci:Sistema:2026-05-01:2026-05-31
2026-05-16,PrecEscaAct,1160.72081,COP/kWh,xm:servapibi,2026-09-22T19:29:52Z,xm/2026/05/PrecEscaAct_Sistema.2026-05-01.ndjson#PrecEscaAct:Sistema:2026-05-01:2026-05-31
2026-05-16,VoluUtilDiarEner,10930246200,kWh,xm:servapibi,2026-09-22T19:29:44Z,xm/2026/05/VoluUtilDiarEner_Sistema.2026-05-01.ndjson#VoluUtilDiarEner:Sistema:2026-05-01:2026-05-31
2026-05-17,AporEner,185067421.92,kWh,xm:servapibi,2026-09-22T19:29:47Z,xm/2026/05/AporEner_Sistema.2026-05-01.ndjson#AporEner:Sistema:2026-05-01:2026-05-31
2026-05-17,AporEnerMediHist,284300000,kWh,xm:servapibi,2026-09-22T19:29:48Z,xm/2026/05/AporEnerMediHist_Sistema.2026-05-01.ndjson#AporEnerMediHist:Sistema:2026-05-01:2026-05-31
2026-05-17,CapaUtilDiarEner,16930501378,kWh,xm:servapibi,2026-09-22T19:29:46Z,xm/2026/05/CapaUtilDiarEner_Sistema.2026-05-01.ndjson#CapaUtilDiarEner:Sistema:2026-05-01:2026-05-31
2026-05-17,DemaSIN,223566798.82,kWh,xm:servapibi,2026-09-22T19:29:51Z,xm/2026/05/DemaSIN_Sistema.2026-05-01.ndjson#DemaSIN:Sistema:2026-05-01:2026-05-31
2026-05-17,PorcApor,0.65096,fraction,xm:servapibi,2026-09-22T19:29:50Z,xm/2026/05/PorcApor_Sistema.2026-05-01.ndjson#PorcApor:Sistema:2026-05-01:2026-05-31
2026-05-17,PorcVoluUtilDiar,0.64693,fraction,xm:servapibi,2026-09-22T19:29:43Z,xm/2026/05/PorcVoluUtilDiar_Sistema.2026-05-01.ndjson#PorcVoluUtilDiar:Sistema:2026-05-01:2026-05-31
2026-05-17,PrecBolsNaci,688.5360333333334,COP/kWh,xm:servapibi,2026-09-22T19:29:54Z,xm/2026/05/PrecBolsNaci_Sistema.2026-05-01.ndjson#PrecBolsNaci:Sistema:2026-05-01:2026-05-31
2026-05-17,PrecEscaAct,1160.72081,COP/kWh,xm:servapibi,2026-09-22T19:29:52Z,xm/2026/05/PrecEscaAct_Sistema.2026-05-01.ndjson#PrecEscaAct:Sistema:2026-05-01:2026-05-31
2026-05-17,VoluUtilDiarEner,10952827500,kWh,xm:servapibi,2026-09-22T19:29:44Z,xm/2026/05/VoluUtilDiarEner_Sistema.2026-05-01.ndjson#VoluUtilDiarEner:Sistema:2026-05-01:2026-05-31
2026-05-18,AporEner,164089657.19,kWh,xm:servapibi,2026-09-22T19:29:47Z,xm/2026/05/AporEner_Sistema.2026-05-01.ndjson#AporEner:Sistema:2026-05-01:2026-05-31
2026-05-18,AporEnerMediHist,284300000,kWh,xm:servapibi,2026-09-22T19:29:48Z,xm/2026/05/AporEnerMediHist_Sistema.2026-05-01.ndjson#AporEnerMediHist:Sistema:2026-05-01:2026-05-31
2026-05-18,CapaUtilDiarEner,16930501378,kWh,xm:servapibi,2026-09-22T19:29:46Z,xm/2026/05/CapaUtilDiarEner_Sistema.2026-05-01.ndjson#CapaUtilDiarEner:Sistema:2026-05-01:2026-05-31
2026-05-18,DemaSIN,228707529.23,kWh,xm:servapibi,2026-09-22T19:29:51Z,xm/2026/05/DemaSIN_Sistema.2026-05-01.ndjson#DemaSIN:Sistema:2026-05-01:2026-05-31
2026-05-18,PorcApor,0.57717,fraction,xm:servapibi,2026-09-22T19:29:50Z,xm/2026/05/PorcApor_Sistema.2026-05-01.ndjson#PorcApor:Sistema:2026-05-01:2026-05-31
2026-05-18,PorcVoluUtilDiar,0.64792,fraction,xm:servapibi,2026-09-22T19:29:43Z,xm/2026/05/PorcVoluUtilDiar_Sistema.2026-05-01.ndjson#PorcVoluUtilDiar:Sistema:2026-05-01:2026-05-31
2026-05-18,PrecBolsNaci,745.7567700000001,COP/kWh,xm:servapibi,2026-09-22T19:29:54Z,xm/2026/05/PrecBolsNaci_Sistema.2026-05-01.ndjson#PrecBolsNaci:Sistema:2026-05-01:2026-05-31
2026-05-18,PrecEscaAct,1160.72081,COP/kWh,xm:servapibi,2026-09-22T19:29:52Z,xm/2026/05/PrecEscaAct_Sistema.2026-05-01.ndjson#PrecEscaAct:Sistema:2026-05-01:2026-05-31
2026-05-18,VoluUtilDiarEner,10969605000,kWh,xm:servapibi,2026-09-22T19:29:44Z,xm/2026/05/VoluUtilDiarEner_Sistema.2026-05-01.ndjson#VoluUtilDiarEner:Sistema:2026-05-01:2026-05-31
2026-05-19,AporEner,254106952.71,kWh,xm:servapibi,2026-09-22T19:29:47Z,xm/2026/05/AporEner_Sistema.2026-05-01.ndjson#AporEner:Sistema:2026-05-01:2026-05-31
2026-05-19,AporEnerMediHist,284300000,kWh,xm:servapibi,2026-09-22T19:29:48Z,xm/2026/05/AporEnerMediHist_Sistema.2026-05-01.ndjson#AporEnerMediHist:Sistema:2026-05-01:2026-05-31
2026-05-19,CapaUtilDiarEner,16930501378,kWh,xm:servapibi,2026-09-22T19:29:46Z,xm/2026/05/CapaUtilDiarEner_Sistema.2026-05-01.ndjson#CapaUtilDiarEner:Sistema:2026-05-01:2026-05-31
2026-05-19,DemaSIN,254386602.44,kWh,xm:servapibi,2026-09-22T19:29:51Z,xm/2026/05/DemaSIN_Sistema.2026-05-01.ndjson#DemaSIN:Sistema:2026-05-01:2026-05-31
2026-05-19,PorcApor,0.8938,fraction,xm:servapibi,2026-09-22T19:29:50Z,xm/2026/05/PorcApor_Sistema.2026-05-01.ndjson#PorcApor:Sistema:2026-05-01:2026-05-31
2026-05-19,PorcVoluUtilDiar,0.65255,fraction,xm:servapibi,2026-09-22T19:29:43Z,xm/2026/05/PorcVoluUtilDiar_Sistema.2026-05-01.ndjson#PorcVoluUtilDiar:Sistema:2026-05-01:2026-05-31
2026-05-19,PrecBolsNaci,845.093488333333,COP/kWh,xm:servapibi,2026-09-22T19:29:54Z,xm/2026/05/PrecBolsNaci_Sistema.2026-05-01.ndjson#PrecBolsNaci:Sistema:2026-05-01:2026-05-31
2026-05-19,PrecEscaAct,1160.72081,COP/kWh,xm:servapibi,2026-09-22T19:29:52Z,xm/2026/05/PrecEscaAct_Sistema.2026-05-01.ndjson#PrecEscaAct:Sistema:2026-05-01:2026-05-31
2026-05-19,VoluUtilDiarEner,11047932900,kWh,xm:servapibi,2026-09-22T19:29:44Z,xm/2026/05/VoluUtilDiarEner_Sistema.2026-05-01.ndjson#VoluUtilDiarEner:Sistema:2026-05-01:2026-05-31
2026-05-20,AporEner,160887205.04,kWh,xm:servapibi,2026-09-22T19:29:47Z,xm/2026/05/AporEner_Sistema.2026-05-01.ndjson#AporEner:Sistema:2026-05-01:2026-05-31
2026-05-20,AporEnerMediHist,284300000,kWh,xm:servapibi,2026-09-22T19:29:48Z,xm/2026/05/AporEnerMediHist_Sistema.2026-05-01.ndjson#AporEnerMediHist:Sistema:2026-05-01:2026-05-31
2026-05-20,CapaUtilDiarEner,16930501378,kWh,xm:servapibi,2026-09-22T19:29:46Z,xm/2026/05/CapaUtilDiarEner_Sistema.2026-05-01.ndjson#CapaUtilDiarEner:Sistema:2026-05-01:2026-05-31
2026-05-20,DemaSIN,259223501.18,kWh,xm:servapibi,2026-09-22T19:29:51Z,xm/2026/05/DemaSIN_Sistema.2026-05-01.ndjson#DemaSIN:Sistema:2026-05-01:2026-05-31
2026-05-20,PorcApor,0.56591,fraction,xm:servapibi,2026-09-22T19:29:50Z,xm/2026/05/PorcApor_Sistema.2026-05-01.ndjson#PorcApor:Sistema:2026-05-01:2026-05-31
2026-05-20,PorcVoluUtilDiar,0.65228,fraction,xm:servapibi,2026-09-22T19:29:43Z,xm/2026/05/PorcVoluUtilDiar_Sistema.2026-05-01.ndjson#PorcVoluUtilDiar:Sistema:2026-05-01:2026-05-31
2026-05-20,PrecBolsNaci,845.0513550000001,COP/kWh,xm:servapibi,2026-09-22T19:29:54Z,xm/2026/05/PrecBolsNaci_Sistema.2026-05-01.ndjson#PrecBolsNaci:Sistema:2026-05-01:2026-05-31
2026-05-20,PrecEscaAct,1160.72081,COP/kWh,xm:servapibi,2026-09-22T19:29:52Z,xm/2026/05/PrecEscaAct_Sistema.2026-05-01.ndjson#PrecEscaAct:Sistema:2026-05-01:2026-05-31
2026-05-20,VoluUtilDiarEner,11043446600,kWh,xm:servapibi,2026-09-22T19:29:44Z,xm/2026/05/VoluUtilDiarEner_Sistema.2026-05-01.ndjson#VoluUtilDiarEner:Sistema:2026-05-01:2026-05-31
2026-05-21,AporEner,170569352.67,kWh,xm:servapibi,2026-09-22T19:29:47Z,xm/2026/05/AporEner_Sistema.2026-05-01.ndjson#AporEner:Sistema:2026-05-01:2026-05-31
2026-05-21,AporEnerMediHist,284300000,kWh,xm:servapibi,2026-09-22T19:29:48Z,xm/2026/05/AporEnerMediHist_Sistema.2026-05-01.ndjson#AporEnerMediHist:Sistema:2026-05-01:2026-05-31
2026-05-21,CapaUtilDiarEner,16930501378,kWh,xm:servapibi,2026-09-22T19:29:46Z,xm/2026/05/CapaUtilDiarEner_Sistema.2026-05-01.ndjson#CapaUtilDiarEner:Sistema:2026-05-01:2026-05-31
2026-05-21,DemaSIN,257754102.25,kWh,xm:servapibi,2026-09-22T19:29:51Z,xm/2026/05/DemaSIN_Sistema.2026-05-01.ndjson#DemaSIN:Sistema:2026-05-01:2026-05-31
2026-05-21,PorcApor,0.59996,fraction,xm:servapibi,2026-09-22T19:29:50Z,xm/2026/05/PorcApor_Sistema.2026-05-01.ndjson#PorcApor:Sistema:2026-05-01:2026-05-31
2026-05-21,PorcVoluUtilDiar,0.65141,fraction,xm:servapibi,2026-09-22T19:29:43Z,xm/2026/05/PorcVoluUtilDiar_Sistema.2026-05-01.ndjson#PorcVoluUtilDiar:Sistema:2026-05-01:2026-05-31
2026-05-21,PrecBolsNaci,713.2773983333333,COP/kWh,xm:servapibi,2026-09-22T19:29:54Z,xm/2026/05/PrecBolsNaci_Sistema.2026-05-01.ndjson#PrecBolsNaci:Sistema:2026-05-01:2026-05-31
2026-05-21,PrecEscaAct,1160.72081,COP/kWh,xm:servapibi,2026-09-22T19:29:52Z,xm/2026/05/PrecEscaAct_Sistema.2026-05-01.ndjson#PrecEscaAct:Sistema:2026-05-01:2026-05-31
2026-05-21,VoluUtilDiarEner,11028688800,kWh,xm:servapibi,2026-09-22T19:29:44Z,xm/2026/05/VoluUtilDiarEner_Sistema.2026-05-01.ndjson#VoluUtilDiarEner:Sistema:2026-05-01:2026-05-31
2026-05-22,AporEner,272841917.93,kWh,xm:servapibi,2026-09-22T19:29:47Z,xm/2026/05/AporEner_Sistema.2026-05-01.ndjson#AporEner:Sistema:2026-05-01:2026-05-31
2026-05-22,AporEnerMediHist,284300000,kWh,xm:servapibi,2026-09-22T19:29:48Z,xm/2026/05/AporEnerMediHist_Sistema.2026-05-01.ndjson#AporEnerMediHist:Sistema:2026-05-01:2026-05-31
2026-05-22,CapaUtilDiarEner,16930501378,kWh,xm:servapibi,2026-09-22T19:29:46Z,xm/2026/05/CapaUtilDiarEner_Sistema.2026-05-01.ndjson#CapaUtilDiarEner:Sistema:2026-05-01:2026-05-31
2026-05-22,DemaSIN,258750938.82,kWh,xm:servapibi,2026-09-22T19:29:51Z,xm/2026/05/DemaSIN_Sistema.2026-05-01.ndjson#DemaSIN:Sistema:2026-05-01:2026-05-31
2026-05-22,PorcApor,0.9597,fraction,xm:servapibi,2026-09-22T19:29:50Z,xm/2026/05/PorcApor_Sistema.2026-05-01.ndjson#PorcApor:Sistema:2026-05-01:2026-05-31
2026-05-22,PorcVoluUtilDiar,0.65591,fraction,xm:servapibi,2026-09-22T19:29:43Z,xm/2026/05/PorcVoluUtilDiar_Sistema.2026-05-01.ndjson#PorcVoluUtilDiar:Sistema:2026-05-01:2026-05-31
2026-05-22,PrecBolsNaci,565.060985,COP/kWh,xm:servapibi,2026-09-22T19:29:54Z,xm/2026/05/PrecBolsNaci_Sistema.2026-05-01.ndjson#PrecBolsNaci:Sistema:2026-05-01:2026-05-31
2026-05-22,PrecEscaAct,1160.72081,COP/kWh,xm:servapibi,2026-09-22T19:29:52Z,xm/2026/05/PrecEscaAct_Sistema.2026-05-01.ndjson#PrecEscaAct:Sistema:2026-05-01:2026-05-31
2026-05-22,VoluUtilDiarEner,11104943600,kWh,xm:servapibi,2026-09-22T19:29:44Z,xm/2026/05/VoluUtilDiarEner_Sistema.2026-05-01.ndjson#VoluUtilDiarEner:Sistema:2026-05-01:2026-05-31
2026-05-23,AporEner,231301363.02,kWh,xm:servapibi,2026-09-22T19:29:47Z,xm/2026/05/AporEner_Sistema.2026-05-01.ndjson#AporEner:Sistema:2026-05-01:2026-05-31
2026-05-23,AporEnerMediHist,284300000,kWh,xm:servapibi,2026-09-22T19:29:48Z,xm/2026/05/AporEnerMediHist_Sistema.2026-05-01.ndjson#AporEnerMediHist:Sistema:2026-05-01:2026-05-31
2026-05-23,CapaUtilDiarEner,16930501378,kWh,xm:servapibi,2026-09-22T19:29:46Z,xm/2026/05/CapaUtilDiarEner_Sistema.2026-05-01.ndjson#CapaUtilDiarEner:Sistema:2026-05-01:2026-05-31
2026-05-23,DemaSIN,248041567.91,kWh,xm:servapibi,2026-09-22T19:29:51Z,xm/2026/05/DemaSIN_Sistema.2026-05-01.ndjson#DemaSIN:Sistema:2026-05-01:2026-05-31
2026-05-23,PorcApor,0.81358,fraction,xm:servapibi,2026-09-22T19:29:50Z,xm/2026/05/PorcApor_Sistema.2026-05-01.ndjson#PorcApor:Sistema:2026-05-01:2026-05-31
2026-05-23,PorcVoluUtilDiar,0.65945,fraction,xm:servapibi,2026-09-22T19:29:43Z,xm/2026/05/PorcVoluUtilDiar_Sistema.2026-05-01.ndjson#PorcVoluUtilDiar:Sistema:2026-05-01:2026-05-31
2026-05-23,PrecBolsNaci,705.9563799999997,COP/kWh,xm:servapibi,2026-09-22T19:29:54Z,xm/2026/05/PrecBolsNaci_Sistema.2026-05-01.ndjson#PrecBolsNaci:Sistema:2026-05-01:2026-05-31
2026-05-23,PrecEscaAct,1160.72081,COP/kWh,xm:servapibi,2026-09-22T19:29:52Z,xm/2026/05/PrecEscaAct_Sistema.2026-05-01.ndjson#PrecEscaAct:Sistema:2026-05-01:2026-05-31
2026-05-23,VoluUtilDiarEner,11164872600,kWh,xm:servapibi,2026-09-22T19:29:44Z,xm/2026/05/VoluUtilDiarEner_Sistema.2026-05-01.ndjson#VoluUtilDiarEner:Sistema:2026-05-01:2026-05-31
2026-05-24,AporEner,218433536.82,kWh,xm:servapibi,2026-09-22T19:29:47Z,xm/2026/05/AporEner_Sistema.2026-05-01.ndjson#AporEner:Sistema:2026-05-01:2026-05-31
2026-05-24,AporEnerMediHist,284300000,kWh,xm:servapibi,2026-09-22T19:29:48Z,xm/2026/05/AporEnerMediHist_Sistema.2026-05-01.ndjson#AporEnerMediHist:Sistema:2026-05-01:2026-05-31
2026-05-24,CapaUtilDiarEner,16930501378,kWh,xm:servapibi,2026-09-22T19:29:46Z,xm/2026/05/CapaUtilDiarEner_Sistema.2026-05-01.ndjson#CapaUtilDiarEner:Sistema:2026-05-01:2026-05-31
2026-05-24,DemaSIN,225256518.35,kWh,xm:servapibi,2026-09-22T19:29:51Z,xm/2026/05/DemaSIN_Sistema.2026-05-01.ndjson#DemaSIN:Sistema:2026-05-01:2026-05-31
2026-05-24,PorcApor,0.76832,fraction,xm:servapibi,2026-09-22T19:29:50Z,xm/2026/05/PorcApor_Sistema.2026-05-01.ndjson#PorcApor:Sistema:2026-05-01:2026-05-31
2026-05-24,PorcVoluUtilDiar,0.66333,fraction,xm:servapibi,2026-09-22T19:29:43Z,xm/2026/05/PorcVoluUtilDiar_Sistema.2026-05-01.ndjson#PorcVoluUtilDiar:Sistema:2026-05-01:2026-05-31
2026-05-24,PrecBolsNaci,603.4675733333332,COP/kWh,xm:servapibi,2026-09-22T19:29:54Z,xm/2026/05/PrecBolsNaci_Sistema.2026-05-01.ndjson#PrecBolsNaci:Sistema:2026-05-01:2026-05-31
2026-05-24,PrecEscaAct,1160.72081,COP/kWh,xm:servapibi,2026-09-22T19:29:52Z,xm/2026/05/PrecEscaAct_Sistema.2026-05-01.ndjson#PrecEscaAct:Sistema:2026-05-01:2026-05-31
2026-05-24,VoluUtilDiarEner,11230505900,kWh,xm:servapibi,2026-09-22T19:29:44Z,xm/2026/05/VoluUtilDiarEner_Sistema.2026-05-01.ndjson#VoluUtilDiarEner:Sistema:2026-05-01:2026-05-31
2026-05-25,AporEner,203991051.63,kWh,xm:servapibi,2026-09-22T19:29:47Z,xm/2026/05/AporEner_Sistema.2026-05-01.ndjson#AporEner:Sistema:2026-05-01:2026-05-31
2026-05-25,AporEnerMediHist,284300000,kWh,xm:servapibi,2026-09-22T19:29:48Z,xm/2026/05/AporEnerMediHist_Sistema.2026-05-01.ndjson#AporEnerMediHist:Sistema:2026-05-01:2026-05-31
2026-05-25,CapaUtilDiarEner,16930501378,kWh,xm:servapibi,2026-09-22T19:29:46Z,xm/2026/05/CapaUtilDiarEner_Sistema.2026-05-01.ndjson#CapaUtilDiarEner:Sistema:2026-05-01:2026-05-31
2026-05-25,DemaSIN,254156157.91,kWh,xm:servapibi,2026-09-22T19:29:51Z,xm/2026/05/DemaSIN_Sistema.2026-05-01.ndjson#DemaSIN:Sistema:2026-05-01:2026-05-31
2026-05-25,PorcApor,0.71752,fraction,xm:servapibi,2026-09-22T19:29:50Z,xm/2026/05/PorcApor_Sistema.2026-05-01.ndjson#PorcApor:Sistema:2026-05-01:2026-05-31
2026-05-25,PorcVoluUtilDiar,0.66428,fraction,xm:servapibi,2026-09-22T19:29:43Z,xm/2026/05/PorcVoluUtilDiar_Sistema.2026-05-01.ndjson#PorcVoluUtilDiar:Sistema:2026-05-01:2026-05-31
2026-05-25,PrecBolsNaci,631.7820599999999,COP/kWh,xm:servapibi,2026-09-22T19:29:54Z,xm/2026/05/PrecBolsNaci_Sistema.2026-05-01.ndjson#PrecBolsNaci:Sistema:2026-05-01:2026-05-31
2026-05-25,PrecEscaAct,1160.72081,COP/kWh,xm:servapibi,2026-09-22T19:29:52Z,xm/2026/05/PrecEscaAct_Sistema.2026-05-01.ndjson#PrecEscaAct:Sistema:2026-05-01:2026-05-31
2026-05-25,VoluUtilDiarEner,11246542500,kWh,xm:servapibi,2026-09-22T19:29:44Z,xm/2026/05/VoluUtilDiarEner_Sistema.2026-05-01.ndjson#VoluUtilDiarEner:Sistema:2026-05-01:2026-05-31
2026-05-26,AporEner,237782330.8,kWh,xm:servapibi,2026-09-22T19:29:47Z,xm/2026/05/AporEner_Sistema.2026-05-01.ndjson#AporEner:Sistema:2026-05-01:2026-05-31
2026-05-26,AporEnerMediHist,284300000,kWh,xm:servapibi,2026-09-22T19:29:48Z,xm/2026/05/AporEnerMediHist_Sistema.2026-05-01.ndjson#AporEnerMediHist:Sistema:2026-05-01:2026-05-31
2026-05-26,CapaUtilDiarEner,16930501378,kWh,xm:servapibi,2026-09-22T19:29:46Z,xm/2026/05/CapaUtilDiarEner_Sistema.2026-05-01.ndjson#CapaUtilDiarEner:Sistema:2026-05-01:2026-05-31
2026-05-26,DemaSIN,257360750.53,kWh,xm:servapibi,2026-09-22T19:29:51Z,xm/2026/05/DemaSIN_Sistema.2026-05-01.ndjson#DemaSIN:Sistema:2026-05-01:2026-05-31
2026-05-26,PorcApor,0.83638,fraction,xm:servapibi,2026-09-22T19:29:50Z,xm/2026/05/PorcApor_Sistema.2026-05-01.ndjson#PorcApor:Sistema:2026-05-01:2026-05-31
2026-05-26,PorcVoluUtilDiar,0.6671,fraction,xm:servapibi,2026-09-22T19:29:43Z,xm/2026/05/PorcVoluUtilDiar_Sistema.2026-05-01.ndjson#PorcVoluUtilDiar:Sistema:2026-05-01:2026-05-31
2026-05-26,PrecBolsNaci,622.672466666667,COP/kWh,xm:servapibi,2026-09-22T19:29:54Z,xm/2026/05/PrecBolsNaci_Sistema.2026-05-01.ndjson#PrecBolsNaci:Sistema:2026-05-01:2026-05-31
2026-05-26,PrecEscaAct,1160.72081,COP/kWh,xm:servapibi,2026-09-22T19:29:52Z,xm/2026/05/PrecEscaAct_Sistema.2026-05-01.ndjson#PrecEscaAct:Sistema:2026-05-01:2026-05-31
2026-05-26,VoluUtilDiarEner,11294336500,kWh,xm:servapibi,2026-09-22T19:29:44Z,xm/2026/05/VoluUtilDiarEner_Sistema.2026-05-01.ndjson#VoluUtilDiarEner:Sistema:2026-05-01:2026-05-31
2026-05-27,AporEner,325845446.62,kWh,xm:servapibi,2026-09-22T19:29:47Z,xm/2026/05/AporEner_Sistema.2026-05-01.ndjson#AporEner:Sistema:2026-05-01:2026-05-31
2026-05-27,AporEnerMediHist,284300000,kWh,xm:servapibi,2026-09-22T19:29:48Z,xm/2026/05/AporEnerMediHist_Sistema.2026-05-01.ndjson#AporEnerMediHist:Sistema:2026-05-01:2026-05-31
2026-05-27,CapaUtilDiarEner,16930501378,kWh,xm:servapibi,2026-09-22T19:29:46Z,xm/2026/05/CapaUtilDiarEner_Sistema.2026-05-01.ndjson#CapaUtilDiarEner:Sistema:2026-05-01:2026-05-31
2026-05-27,DemaSIN,257270977.54,kWh,xm:servapibi,2026-09-22T19:29:51Z,xm/2026/05/DemaSIN_Sistema.2026-05-01.ndjson#DemaSIN:Sistema:2026-05-01:2026-05-31
2026-05-27,PorcApor,1.14613,fraction,xm:servapibi,2026-09-22T19:29:50Z,xm/2026/05/PorcApor_Sistema.2026-05-01.ndjson#PorcApor:Sistema:2026-05-01:2026-05-31
2026-05-27,PorcVoluUtilDiar,0.67412,fraction,xm:servapibi,2026-09-22T19:29:43Z,xm/2026/05/PorcVoluUtilDiar_Sistema.2026-05-01.ndjson#PorcVoluUtilDiar:Sistema:2026-05-01:2026-05-31
2026-05-27,PrecBolsNaci,549.7133099999998,COP/kWh,xm:servapibi,2026-09-22T19:29:54Z,xm/2026/05/PrecBolsNaci_Sistema.2026-05-01.ndjson#PrecBolsNaci:Sistema:2026-05-01:2026-05-31
2026-05-27,PrecEscaAct,1160.72081,COP/kWh,xm:servapibi,2026-09-22T19:29:52Z,xm/2026/05/PrecEscaAct_Sistema.2026-05-01.ndjson#PrecEscaAct:Sistema:2026-05-01:2026-05-31
2026-05-27,VoluUtilDiarEner,11413200400,kWh,xm:servapibi,2026-09-22T19:29:44Z,xm/2026/05/VoluUtilDiarEner_Sistema.2026-05-01.ndjson#VoluUtilDiarEner:Sistema:2026-05-01:2026-05-31
2026-05-28,AporEner,274801305.52,kWh,xm:servapibi,2026-09-22T19:29:47Z,xm/2026/05/AporEner_Sistema.2026-05-01.ndjson#AporEner:Sistema:2026-05-01:2026-05-31
2026-05-28,AporEnerMediHist,284300000,kWh,xm:servapibi,2026-09-22T19:29:48Z,xm/2026/05/AporEnerMediHist_Sistema.2026-05-01.ndjson#AporEnerMediHist:Sistema:2026-05-01:2026-05-31
2026-05-28,CapaUtilDiarEner,16930501378,kWh,xm:servapibi,2026-09-22T19:29:46Z,xm/2026/05/CapaUtilDiarEner_Sistema.2026-05-01.ndjson#CapaUtilDiarEner:Sistema:2026-05-01:2026-05-31
2026-05-28,DemaSIN,259857716.01,kWh,xm:servapibi,2026-09-22T19:29:51Z,xm/2026/05/DemaSIN_Sistema.2026-05-01.ndjson#DemaSIN:Sistema:2026-05-01:2026-05-31
2026-05-28,PorcApor,0.96659,fraction,xm:servapibi,2026-09-22T19:29:50Z,xm/2026/05/PorcApor_Sistema.2026-05-01.ndjson#PorcApor:Sistema:2026-05-01:2026-05-31
2026-05-28,PorcVoluUtilDiar,0.67868,fraction,xm:servapibi,2026-09-22T19:29:43Z,xm/2026/05/PorcVoluUtilDiar_Sistema.2026-05-01.ndjson#PorcVoluUtilDiar:Sistema:2026-05-01:2026-05-31
2026-05-28,PrecBolsNaci,431.77763000000004,COP/kWh,xm:servapibi,2026-09-22T19:29:54Z,xm/2026/05/PrecBolsNaci_Sistema.2026-05-01.ndjson#PrecBolsNaci:Sistema:2026-05-01:2026-05-31
2026-05-28,PrecEscaAct,1160.72081,COP/kWh,xm:servapibi,2026-09-22T19:29:52Z,xm/2026/05/PrecEscaAct_Sistema.2026-05-01.ndjson#PrecEscaAct:Sistema:2026-05-01:2026-05-31
2026-05-28,VoluUtilDiarEner,11490393500,kWh,xm:servapibi,2026-09-22T19:29:44Z,xm/2026/05/VoluUtilDiarEner_Sistema.2026-05-01.ndjson#VoluUtilDiarEner:Sistema:2026-05-01:2026-05-31
2026-05-29,AporEner,308047340.5,kWh,xm:servapibi,2026-09-22T19:29:47Z,xm/2026/05/AporEner_Sistema.2026-05-01.ndjson#AporEner:Sistema:2026-05-01:2026-05-31
2026-05-29,AporEnerMediHist,284300000,kWh,xm:servapibi,2026-09-22T19:29:48Z,xm/2026/05/AporEnerMediHist_Sistema.2026-05-01.ndjson#AporEnerMediHist:Sistema:2026-05-01:2026-05-31
2026-05-29,CapaUtilDiarEner,16930501378,kWh,xm:servapibi,2026-09-22T19:29:46Z,xm/2026/05/CapaUtilDiarEner_Sistema.2026-05-01.ndjson#CapaUtilDiarEner:Sistema:2026-05-01:2026-05-31
2026-05-29,DemaSIN,256408251.63,kWh,xm:servapibi,2026-09-22T19:29:51Z,xm/2026/05/DemaSIN_Sistema.2026-05-01.ndjson#DemaSIN:Sistema:2026-05-01:2026-05-31
2026-05-29,PorcApor,1.08353,fraction,xm:servapibi,2026-09-22T19:29:50Z,xm/2026/05/PorcApor_Sistema.2026-05-01.ndjson#PorcApor:Sistema:2026-05-01:2026-05-31
2026-05-29,PorcVoluUtilDiar,0.68436,fraction,xm:servapibi,2026-09-22T19:29:43Z,xm/2026/05/PorcVoluUtilDiar_Sistema.2026-05-01.ndjson#PorcVoluUtilDiar:Sistema:2026-05-01:2026-05-31
2026-05-29,PrecBolsNaci,388.8354600000002,COP/kWh,xm:servapibi,2026-09-22T19:29:54Z,xm/2026/05/PrecBolsNaci_Sistema.2026-05-01.ndjson#PrecBolsNaci:Sistema:2026-05-01:2026-05-31
2026-05-29,PrecEscaAct,1160.72081,COP/kWh,xm:servapibi,2026-09-22T19:29:52Z,xm/2026/05/PrecEscaAct_Sistema.2026-05-01.ndjson#PrecEscaAct:Sistema:2026-05-01:2026-05-31
2026-05-29,VoluUtilDiarEner,11586624800,kWh,xm:servapibi,2026-09-22T19:29:44Z,xm/2026/05/VoluUtilDiarEner_Sistema.2026-05-01.ndjson#VoluUtilDiarEner:Sistema:2026-05-01:2026-05-31
2026-05-30,AporEner,233769080.3,kWh,xm:servapibi,2026-09-22T19:29:47Z,xm/2026/05/AporEner_Sistema.2026-05-01.ndjson#AporEner:Sistema:2026-05-01:2026-05-31
2026-05-30,AporEnerMediHist,284300000,kWh,xm:servapibi,2026-09-22T19:29:48Z,xm/2026/05/AporEnerMediHist_Sistema.2026-05-01.ndjson#AporEnerMediHist:Sistema:2026-05-01:2026-05-31
2026-05-30,CapaUtilDiarEner,16930501378,kWh,xm:servapibi,2026-09-22T19:29:46Z,xm/2026/05/CapaUtilDiarEner_Sistema.2026-05-01.ndjson#CapaUtilDiarEner:Sistema:2026-05-01:2026-05-31
2026-05-30,DemaSIN,240769296.66,kWh,xm:servapibi,2026-09-22T19:29:51Z,xm/2026/05/DemaSIN_Sistema.2026-05-01.ndjson#DemaSIN:Sistema:2026-05-01:2026-05-31
2026-05-30,PorcApor,0.82226,fraction,xm:servapibi,2026-09-22T19:29:50Z,xm/2026/05/PorcApor_Sistema.2026-05-01.ndjson#PorcApor:Sistema:2026-05-01:2026-05-31
2026-05-30,PorcVoluUtilDiar,0.68775,fraction,xm:servapibi,2026-09-22T19:29:43Z,xm/2026/05/PorcVoluUtilDiar_Sistema.2026-05-01.ndjson#PorcVoluUtilDiar:Sistema:2026-05-01:2026-05-31
2026-05-30,PrecBolsNaci,346.37751499999996,COP/kWh,xm:servapibi,2026-09-22T19:29:54Z,xm/2026/05/PrecBolsNaci_Sistema.2026-05-01.ndjson#PrecBolsNaci:Sistema:2026-05-01:2026-05-31
2026-05-30,PrecEscaAct,1160.72081,COP/kWh,xm:servapibi,2026-09-22T19:29:52Z,xm/2026/05/PrecEscaAct_Sistema.2026-05-01.ndjson#PrecEscaAct:Sistema:2026-05-01:2026-05-31
2026-05-30,VoluUtilDiarEner,11643999700,kWh,xm:servapibi,2026-09-22T19:29:44Z,xm/2026/05/VoluUtilDiarEner_Sistema.2026-05-01.ndjson#VoluUtilDiarEner:Sistema:2026-05-01:2026-05-31
2026-05-31,AporEner,214956164.58,kWh,xm:servapibi,2026-09-22T19:29:47Z,xm/2026/05/AporEner_Sistema.2026-05-01.ndjson#AporEner:Sistema:2026-05-01:2026-05-31
2026-05-31,AporEnerMediHist,284390000,kWh,xm:servapibi,2026-09-22T19:29:48Z,xm/2026/05/AporEnerMediHist_Sistema.2026-05-01.ndjson#AporEnerMediHist:Sistema:2026-05-01:2026-05-31
2026-05-31,CapaUtilDiarEner,16930501378,kWh,xm:servapibi,2026-09-22T19:29:46Z,xm/2026/05/CapaUtilDiarEner_Sistema.2026-05-01.ndjson#CapaUtilDiarEner:Sistema:2026-05-01:2026-05-31
2026-05-31,DemaSIN,221353369.21,kWh,xm:servapibi,2026-09-22T19:29:51Z,xm/2026/05/DemaSIN_Sistema.2026-05-01.ndjson#DemaSIN:Sistema:2026-05-01:2026-05-31
2026-05-31,PorcApor,0.75585,fraction,xm:servapibi,2026-09-22T19:29:50Z,xm/2026/05/PorcApor_Sistema.2026-05-01.ndjson#PorcApor:Sistema:2026-05-01:2026-05-31
2026-05-31,PorcVoluUtilDiar,0.69068,fraction,xm:servapibi,2026-09-22T19:29:43Z,xm/2026/05/PorcVoluUtilDiar_Sistema.2026-05-01.ndjson#PorcVoluUtilDiar:Sistema:2026-05-01:2026-05-31
2026-05-31,PrecBolsNaci,330.53039666666666,COP/kWh,xm:servapibi,2026-09-22T19:29:54Z,xm/2026/05/PrecBolsNaci_Sistema.2026-05-01.ndjson#PrecBolsNaci:Sistema:2026-05-01:2026-05-31
2026-05-31,PrecEscaAct,1160.72081,COP/kWh,xm:servapibi,2026-09-22T19:29:52Z,xm/2026/05/PrecEscaAct_Sistema.2026-05-01.ndjson#PrecEscaAct:Sistema:2026-05-01:2026-05-31
2026-05-31,VoluUtilDiarEner,11693518900,kWh,xm:servapibi,2026-09-22T19:29:44Z,xm/2026/05/VoluUtilDiarEner_Sistema.2026-05-01.ndjson#VoluUtilDiarEner:Sistema:2026-05-01:2026-05-31
2026-06-01,AporEner,201994717.47,kWh,xm:servapibi,2026-09-22T19:30:02Z,xm/2026/06/AporEner_Sistema.2026-06-01.ndjson#AporEner:Sistema:2026-06-01:2026-06-30
2026-06-01,AporEnerMediHist,279730000,kWh,xm:servapibi,2026-09-22T19:30:03Z,xm/2026/06/AporEnerMediHist_Sistema.2026-06-01.ndjson#AporEnerMediHist:Sistema:2026-06-01:2026-06-30
2026-06-01,CapaUtilDiarEner,16930501378,kWh,xm:servapibi,2026-09-22T19:30:01Z,xm/2026/06/CapaUtilDiarEner_Sistema.2026-06-01.ndjson#CapaUtilDiarEner:Sistema:2026-06-01:2026-06-30
2026-06-01,DemaSIN,253012464.4,kWh,xm:servapibi,2026-09-22T19:30:06Z,xm/2026/06/DemaSIN_Sistema.2026-06-01.ndjson#DemaSIN:Sistema:2026-06-01:2026-06-30
2026-06-01,PorcApor,0.72211,fraction,xm:servapibi,2026-09-22T19:30:05Z,xm/2026/06/PorcApor_Sistema.2026-06-01.ndjson#PorcApor:Sistema:2026-06-01:2026-06-30
2026-06-01,PorcVoluUtilDiar,0.6911,fraction,xm:servapibi,2026-09-22T19:29:58Z,xm/2026/06/PorcVoluUtilDiar_Sistema.2026-06-01.ndjson#PorcVoluUtilDiar:Sistema:2026-06-01:2026-06-30
2026-06-01,PrecBolsNaci,520.9436766666665,COP/kWh,xm:servapibi,2026-09-22T19:30:10Z,xm/2026/06/PrecBolsNaci_Sistema.2026-06-01.ndjson#PrecBolsNaci:Sistema:2026-06-01:2026-06-30
2026-06-01,PrecEscaAct,1303.93788,COP/kWh,xm:servapibi,2026-09-22T19:30:08Z,xm/2026/06/PrecEscaAct_Sistema.2026-06-01.ndjson#PrecEscaAct:Sistema:2026-06-01:2026-06-30
2026-06-01,VoluUtilDiarEner,11700685700,kWh,xm:servapibi,2026-09-22T19:29:59Z,xm/2026/06/VoluUtilDiarEner_Sistema.2026-06-01.ndjson#VoluUtilDiarEner:Sistema:2026-06-01:2026-06-30
2026-06-02,AporEner,205691418.67,kWh,xm:servapibi,2026-09-22T19:30:02Z,xm/2026/06/AporEner_Sistema.2026-06-01.ndjson#AporEner:Sistema:2026-06-01:2026-06-30
2026-06-02,AporEnerMediHist,279730000,kWh,xm:servapibi,2026-09-22T19:30:03Z,xm/2026/06/AporEnerMediHist_Sistema.2026-06-01.ndjson#AporEnerMediHist:Sistema:2026-06-01:2026-06-30
2026-06-02,CapaUtilDiarEner,16930501378,kWh,xm:servapibi,2026-09-22T19:30:01Z,xm/2026/06/CapaUtilDiarEner_Sistema.2026-06-01.ndjson#CapaUtilDiarEner:Sistema:2026-06-01:2026-06-30
2026-06-02,DemaSIN,257377052.85,kWh,xm:servapibi,2026-09-22T19:30:06Z,xm/2026/06/DemaSIN_Sistema.2026-06-01.ndjson#DemaSIN:Sistema:2026-06-01:2026-06-30
2026-06-02,PorcApor,0.73532,fraction,xm:servapibi,2026-09-22T19:30:05Z,xm/2026/06/PorcApor_Sistema.2026-06-01.ndjson#PorcApor:Sistema:2026-06-01:2026-06-30
2026-06-02,PorcVoluUtilDiar,0.69344,fraction,xm:servapibi,2026-09-22T19:29:58Z,xm/2026/06/PorcVoluUtilDiar_Sistema.2026-06-01.ndjson#PorcVoluUtilDiar:Sistema:2026-06-01:2026-06-30
2026-06-02,PrecBolsNaci,539.91093,COP/kWh,xm:servapibi,2026-09-22T19:30:10Z,xm/2026/06/PrecBolsNaci_Sistema.2026-06-01.ndjson#PrecBolsNaci:Sistema:2026-06-01:2026-06-30
2026-06-02,PrecEscaAct,1303.93788,COP/kWh,xm:servapibi,2026-09-22T19:30:08Z,xm/2026/06/PrecEscaAct_Sistema.2026-06-01.ndjson#PrecEscaAct:Sistema:2026-06-01:2026-06-30
2026-06-02,VoluUtilDiarEner,11740210100,kWh,xm:servapibi,2026-09-22T19:29:59Z,xm/2026/06/VoluUtilDiarEner_Sistema.2026-06-01.ndjson#VoluUtilDiarEner:Sistema:2026-06-01:2026-06-30
2026-06-03,AporEner,219265295.29,kWh,xm:servapibi,2026-09-22T19:30:02Z,xm/2026/06/AporEner_Sistema.2026-06-01.ndjson#AporEner:Sistema:2026-06-01:2026-06-30
2026-06-03,AporEnerMediHist,279730000,kWh,xm:servapibi,2026-09-22T19:30:03Z,xm/2026/06/AporEnerMediHist_Sistema.2026-06-01.ndjson#AporEnerMediHist:Sistema:2026-06-01:2026-06-30
2026-06-03,CapaUtilDiarEner,16930501378,kWh,xm:servapibi,2026-09-22T19:30:01Z,xm/2026/06/CapaUtilDiarEner_Sistema.2026-06-01.ndjson#CapaUtilDiarEner:Sistema:2026-06-01:2026-06-30
2026-06-03,DemaSIN,254009802.28,kWh,xm:servapibi,2026-09-22T19:30:06Z,xm/2026/06/DemaSIN_Sistema.2026-06-01.ndjson#DemaSIN:Sistema:2026-06-01:2026-06-30
2026-06-03,PorcApor,0.78385,fraction,xm:servapibi,2026-09-22T19:30:05Z,xm/2026/06/PorcApor_Sistema.2026-06-01.ndjson#PorcApor:Sistema:2026-06-01:2026-06-30
2026-06-03,PorcVoluUtilDiar,0.695,fraction,xm:servapibi,2026-09-22T19:29:58Z,xm/2026/06/PorcVoluUtilDiar_Sistema.2026-06-01.ndjson#PorcVoluUtilDiar:Sistema:2026-06-01:2026-06-30
2026-06-03,PrecBolsNaci,567.3911599999998,COP/kWh,xm:servapibi,2026-09-22T19:30:10Z,xm/2026/06/PrecBolsNaci_Sistema.2026-06-01.ndjson#PrecBolsNaci:Sistema:2026-06-01:2026-06-30
2026-06-03,PrecEscaAct,1303.93788,COP/kWh,xm:servapibi,2026-09-22T19:30:08Z,xm/2026/06/PrecEscaAct_Sistema.2026-06-01.ndjson#PrecEscaAct:Sistema:2026-06-01:2026-06-30
2026-06-03,VoluUtilDiarEner,11766657900,kWh,xm:servapibi,2026-09-22T19:29:59Z,xm/2026/06/VoluUtilDiarEner_Sistema.2026-06-01.ndjson#VoluUtilDiarEner:Sistema:2026-06-01:2026-06-30
2026-06-04,AporEner,222875452.47,kWh,xm:servapibi,2026-09-22T19:30:02Z,xm/2026/06/AporEner_Sistema.2026-06-01.ndjson#AporEner:Sistema:2026-06-01:2026-06-30
2026-06-04,AporEnerMediHist,279730000,kWh,xm:servapibi,2026-09-22T19:30:03Z,xm/2026/06/AporEnerMediHist_Sistema.2026-06-01.ndjson#AporEnerMediHist:Sistema:2026-06-01:2026-06-30
2026-06-04,CapaUtilDiarEner,16930501378,kWh,xm:servapibi,2026-09-22T19:30:01Z,xm/2026/06/CapaUtilDiarEner_Sistema.2026-06-01.ndjson#CapaUtilDiarEner:Sistema:2026-06-01:2026-06-30
2026-06-04,DemaSIN,251223049.05,kWh,xm:servapibi,2026-09-22T19:30:06Z,xm/2026/06/DemaSIN_Sistema.2026-06-01.ndjson#DemaSIN:Sistema:2026-06-01:2026-06-30
2026-06-04,PorcApor,0.79675,fraction,xm:servapibi,2026-09-22T19:30:05Z,xm/2026/06/PorcApor_Sistema.2026-06-01.ndjson#PorcApor:Sistema:2026-06-01:2026-06-30
2026-06-04,PorcVoluUtilDiar,0.69702,fraction,xm:servapibi,2026-09-22T19:29:58Z,xm/2026/06/PorcVoluUtilDiar_Sistema.2026-06-01.ndjson#PorcVoluUtilDiar:Sistema:2026-06-01:2026-06-30
2026-06-04,PrecBolsNaci,525.1008466666668,COP/kWh,xm:servapibi,2026-09-22T19:30:10Z,xm/2026/06/PrecBolsNaci_Sistema.2026-06-01.ndjson#PrecBolsNaci:Sistema:2026-06-01:2026-06-30
2026-06-04,PrecEscaAct,1303.93788,COP/kWh,xm:servapibi,2026-09-22T19:30:08Z,xm/2026/06/PrecEscaAct_Sistema.2026-06-01.ndjson#PrecEscaAct:Sistema:2026-06-01:2026-06-30
2026-06-04,VoluUtilDiarEner,11800970600,kWh,xm:servapibi,2026-09-22T19:29:59Z,xm/2026/06/VoluUtilDiarEner_Sistema.2026-06-01.ndjson#VoluUtilDiarEner:Sistema:2026-06-01:2026-06-30
2026-06-05,AporEner,315474764.85,kWh,xm:servapibi,2026-09-22T19:30:02Z,xm/2026/06/AporEner_Sistema.2026-06-01.ndjson#AporEner:Sistema:2026-06-01:2026-06-30
2026-06-05,AporEnerMediHist,279730000,kWh,xm:servapibi,2026-09-22T19:30:03Z,xm/2026/06/AporEnerMediHist_Sistema.2026-06-01.ndjson#AporEnerMediHist:Sistema:2026-06-01:2026-06-30
2026-06-05,CapaUtilDiarEner,16930501378,kWh,xm:servapibi,2026-09-22T19:30:01Z,xm/2026/06/CapaUtilDiarEner_Sistema.2026-06-01.ndjson#CapaUtilDiarEner:Sistema:2026-06-01:2026-06-30
2026-06-05,DemaSIN,247756035.95,kWh,xm:servapibi,2026-09-22T19:30:06Z,xm/2026/06/DemaSIN_Sistema.2026-06-01.ndjson#DemaSIN:Sistema:2026-06-01:2026-06-30
2026-06-05,PorcApor,1.12778,fraction,xm:servapibi,2026-09-22T19:30:05Z,xm/2026/06/PorcApor_Sistema.2026-06-01.ndjson#PorcApor:Sistema:2026-06-01:2026-06-30
2026-06-05,PorcVoluUtilDiar,0.7045,fraction,xm:servapibi,2026-09-22T19:29:58Z,xm/2026/06/PorcVoluUtilDiar_Sistema.2026-06-01.ndjson#PorcVoluUtilDiar:Sistema:2026-06-01:2026-06-30
2026-06-05,PrecBolsNaci,647.8784533333335,COP/kWh,xm:servapibi,2026-09-22T19:30:10Z,xm/2026/06/PrecBolsNaci_Sistema.2026-06-01.ndjson#PrecBolsNaci:Sistema:2026-06-01:2026-06-30
2026-06-05,PrecEscaAct,1303.93788,COP/kWh,xm:servapibi,2026-09-22T19:30:08Z,xm/2026/06/PrecEscaAct_Sistema.2026-06-01.ndjson#PrecEscaAct:Sistema:2026-06-01:2026-06-30
2026-06-05,VoluUtilDiarEner,11927568100,kWh,xm:servapibi,2026-09-22T19:29:59Z,xm/2026/06/VoluUtilDiarEner_Sistema.2026-06-01.ndjson#VoluUtilDiarEner:Sistema:2026-06-01:2026-06-30
2026-06-06,AporEner,266868502.79,kWh,xm:servapibi,2026-09-22T19:30:02Z,xm/2026/06/AporEner_Sistema.2026-06-01.ndjson#AporEner:Sistema:2026-06-01:2026-06-30
2026-06-06,AporEnerMediHist,279730000,kWh,xm:servapibi,2026-09-22T19:30:03Z,xm/2026/06/AporEnerMediHist_Sistema.2026-06-01.ndjson#AporEnerMediHist:Sistema:2026-06-01:2026-06-30
2026-06-06,CapaUtilDiarEner,16930501378,kWh,xm:servapibi,2026-09-22T19:30:01Z,xm/2026/06/CapaUtilDiarEner_Sistema.2026-06-01.ndjson#CapaUtilDiarEner:Sistema:2026-06-01:2026-06-30
2026-06-06,DemaSIN,231709833.81,kWh,xm:servapibi,2026-09-22T19:30:06Z,xm/2026/06/DemaSIN_Sistema.2026-06-01.ndjson#DemaSIN:Sistema:2026-06-01:2026-06-30
2026-06-06,PorcApor,0.95402,fraction,xm:servapibi,2026-09-22T19:30:05Z,xm/2026/06/PorcApor_Sistema.2026-06-01.ndjson#PorcApor:Sistema:2026-06-01:2026-06-30
2026-06-06,PorcVoluUtilDiar,0.71041,fraction,xm:servapibi,2026-09-22T19:29:58Z,xm/2026/06/PorcVoluUtilDiar_Sistema.2026-06-01.ndjson#PorcVoluUtilDiar:Sistema:2026-06-01:2026-06-30
2026-06-06,PrecBolsNaci,576.4928766666665,COP/kWh,xm:servapibi,2026-09-22T19:30:10Z,xm/2026/06/PrecBolsNaci_Sistema.2026-06-01.ndjson#PrecBolsNaci:Sistema:2026-06-01:2026-06-30
2026-06-06,PrecEscaAct,1303.93788,COP/kWh,xm:servapibi,2026-09-22T19:30:08Z,xm/2026/06/PrecEscaAct_Sistema.2026-06-01.ndjson#PrecEscaAct:Sistema:2026-06-01:2026-06-30
2026-06-06,VoluUtilDiarEner,12027540600,kWh,xm:servapibi,2026-09-22T19:29:59Z,xm/2026/06/VoluUtilDiarEner_Sistema.2026-06-01.ndjson#VoluUtilDiarEner:Sistema:2026-06-01:2026-06-30
2026-06-07,AporEner,273925327.82,kWh,xm:servapibi,2026-09-22T19:30:02Z,xm/2026/06/AporEner_Sistema.2026-06-01.ndjson#AporEner:Sistema:2026-06-01:2026-06-30
2026-06-07,AporEnerMediHist,280280000,kWh,xm:servapibi,2026-09-22T19:30:03Z,xm/2026/06/AporEnerMediHist_Sistema.2026-06-01.ndjson#AporEnerMediHist:Sistema:2026-06-01:2026-06-30
2026-06-07,CapaUtilDiarEner,16930501378,kWh,xm:servapibi,2026-09-22T19:30:01Z,xm/2026/06/CapaUtilDiarEner_Sistema.2026-06-01.ndjson#CapaUtilDiarEner:Sistema:2026-06-01:2026-06-30
2026-06-07,DemaSIN,209870742.18,kWh,xm:servapibi,2026-09-22T19:30:06Z,xm/2026/06/DemaSIN_Sistema.2026-06-01.ndjson#DemaSIN:Sistema:2026-06-01:2026-06-30
2026-06-07,PorcApor,0.97733,fraction,xm:servapibi,2026-09-22T19:30:05Z,xm/2026/06/PorcApor_Sistema.2026-06-01.ndjson#PorcApor:Sistema:2026-06-01:2026-06-30
2026-06-07,PorcVoluUtilDiar,0.71859,fraction,xm:servapibi,2026-09-22T19:29:58Z,xm/2026/06/PorcVoluUtilDiar_Sistema.2026-06-01.ndjson#PorcVoluUtilDiar:Sistema:2026-06-01:2026-06-30
2026-06-07,PrecBolsNaci,460.0339033333333,COP/kWh,xm:servapibi,2026-09-22T19:30:10Z,xm/2026/06/PrecBolsNaci_Sistema.2026-06-01.ndjson#PrecBolsNaci:Sistema:2026-06-01:2026-06-30
2026-06-07,PrecEscaAct,1303.93788,COP/kWh,xm:servapibi,2026-09-22T19:30:08Z,xm/2026/06/PrecEscaAct_Sistema.2026-06-01.ndjson#PrecEscaAct:Sistema:2026-06-01:2026-06-30
2026-06-07,VoluUtilDiarEner,12166070000,kWh,xm:servapibi,2026-09-22T19:29:59Z,xm/2026/06/VoluUtilDiarEner_Sistema.2026-06-01.ndjson#VoluUtilDiarEner:Sistema:2026-06-01:2026-06-30
2026-06-08,AporEner,325614344.65,kWh,xm:servapibi,2026-09-22T19:30:02Z,xm/2026/06/AporEner_Sistema.2026-06-01.ndjson#AporEner:Sistema:2026-06-01:2026-06-30
2026-06-08,AporEnerMediHist,280280000,kWh,xm:servapibi,2026-09-22T19:30:03Z,xm/2026/06/AporEnerMediHist_Sistema.2026-06-01.ndjson#AporEnerMediHist:Sistema:2026-06-01:2026-06-30
2026-06-08,CapaUtilDiarEner,16930501378,kWh,xm:servapibi,2026-09-22T19:30:01Z,xm/2026/06/CapaUtilDiarEner_Sistema.2026-06-01.ndjson#CapaUtilDiarEner:Sistema:2026-06-01:2026-06-30
2026-06-08,DemaSIN,213885141.36,kWh,xm:servapibi,2026-09-22T19:30:06Z,xm/2026/06/DemaSIN_Sistema.2026-06-01.ndjson#DemaSIN:Sistema:2026-06-01:2026-06-30
2026-06-08,PorcApor,1.16175,fraction,xm:servapibi,2026-09-22T19:30:05Z,xm/2026/06/PorcApor_Sistema.2026-06-01.ndjson#PorcApor:Sistema:2026-06-01:2026-06-30
2026-06-08,PorcVoluUtilDiar,0.72818,fraction,xm:servapibi,2026-09-22T19:29:58Z,xm/2026/06/PorcVoluUtilDiar_Sistema.2026-06-01.ndjson#PorcVoluUtilDiar:Sistema:2026-06-01:2026-06-30
2026-06-08,PrecBolsNaci,428.63714666666664,COP/kWh,xm:servapibi,2026-09-22T19:30:10Z,xm/2026/06/PrecBolsNaci_Sistema.2026-06-01.ndjson#PrecBolsNaci:Sistema:2026-06-01:2026-06-30
2026-06-08,PrecEscaAct,1303.93788,COP/kWh,xm:servapibi,2026-09-22T19:30:08Z,xm/2026/06/PrecEscaAct_Sistema.2026-06-01.ndjson#PrecEscaAct:Sistema:2026-06-01:2026-06-30
2026-06-08,VoluUtilDiarEner,12328467500,kWh,xm:servapibi,2026-09-22T19:29:59Z,xm/2026/06/VoluUtilDiarEner_Sistema.2026-06-01.ndjson#VoluUtilDiarEner:Sistema:2026-06-01:2026-06-30
2026-06-09,AporEner,320421474.48,kWh,xm:servapibi,2026-09-22T19:30:02Z,xm/2026/06/AporEner_Sistema.2026-06-01.ndjson#AporEner:Sistema:2026-06-01:2026-06-30
2026-06-09,AporEnerMediHist,280280000,kWh,xm:servapibi,2026-09-22T19:30:03Z,xm/2026/06/AporEnerMediHist_Sistema.2026-06-01.ndjson#AporEnerMediHist:Sistema:2026-06-01:2026-06-30
2026-06-09,CapaUtilDiarEner,16930501378,kWh,xm:servapibi,2026-09-22T19:30:01Z,xm/2026/06/CapaUtilDiarEner_Sistema.2026-06-01.ndjson#CapaUtilDiarEner:Sistema:2026-06-01:2026-06-30
2026-06-09,DemaSIN,238965822.91,kWh,xm:servapibi,2026-09-22T19:30:06Z,xm/2026/06/DemaSIN_Sistema.2026-06-01.ndjson#DemaSIN:Sistema:2026-06-01:2026-06-30
2026-06-09,PorcApor,1.14322,fraction,xm:servapibi,2026-09-22T19:30:05Z,xm/2026/06/PorcApor_Sistema.2026-06-01.ndjson#PorcApor:Sistema:2026-06-01:2026-06-30
2026-06-09,PorcVoluUtilDiar,0.73259,fraction,xm:servapibi,2026-09-22T19:29:58Z,xm/2026/06/PorcVoluUtilDiar_Sistema.2026-06-01.ndjson#PorcVoluUtilDiar:Sistema:2026-06-01:2026-06-30
2026-06-09,PrecBolsNaci,386.48998,COP/kWh,xm:servapibi,2026-09-22T19:30:10Z,xm/2026/06/PrecBolsNaci_Sistema.2026-06-01.ndjson#PrecBolsNaci:Sistema:2026-06-01:2026-06-30
2026-06-09,PrecEscaAct,1303.93788,COP/kWh,xm:servapibi,2026-09-22T19:30:08Z,xm/2026/06/PrecEscaAct_Sistema.2026-06-01.ndjson#PrecEscaAct:Sistema:2026-06-01:2026-06-30
2026-06-09,VoluUtilDiarEner,12403094500,kWh,xm:servapibi,2026-09-22T19:29:59Z,xm/2026/06/VoluUtilDiarEner_Sistema.2026-06-01.ndjson#VoluUtilDiarEner:Sistema:2026-06-01:2026-06-30
2026-06-10,AporEner,257102408.01,kWh,xm:servapibi,2026-09-22T19:30:02Z,xm/2026/06/AporEner_Sistema.2026-06-01.ndjson#AporEner:Sistema:2026-06-01:2026-06-30
2026-06-10,AporEnerMediHist,280280000,kWh,xm:servapibi,2026-09-22T19:30:03Z,xm/2026/06/AporEnerMediHist_Sistema.2026-06-01.ndjson#AporEnerMediHist:Sistema:2026-06-01:2026-06-30
2026-06-10,CapaUtilDiarEner,16930501378,kWh,xm:servapibi,2026-09-22T19:30:01Z,xm/2026/06/CapaUtilDiarEner_Sistema.2026-06-01.ndjson#CapaUtilDiarEner:Sistema:2026-06-01:2026-06-30
2026-06-10,DemaSIN,245768806.92,kWh,xm:servapibi,2026-09-22T19:30:06Z,xm/2026/06/DemaSIN_Sistema.2026-06-01.ndjson#DemaSIN:Sistema:2026-06-01:2026-06-30
2026-06-10,PorcApor,0.91731,fraction,xm:servapibi,2026-09-22T19:30:05Z,xm/2026/06/PorcApor_Sistema.2026-06-01.ndjson#PorcApor:Sistema:2026-06-01:2026-06-30
2026-06-10,PorcVoluUtilDiar,0.73701,fraction,xm:servapibi,2026-09-22T19:29:58Z,xm/2026/06/PorcVoluUtilDiar_Sistema.2026-06-01.ndjson#PorcVoluUtilDiar:Sistema:2026-06-01:2026-06-30
2026-06-10,PrecBolsNaci,391.99519333333336,COP/kWh,xm:servapibi,2026-09-22T19:30:10Z,xm/2026/06/PrecBolsNaci_Sistema.2026-06-01.ndjson#PrecBolsNaci:Sistema:2026-06-01:2026-06-30
2026-06-10,PrecEscaAct,1303.93788,COP/kWh,xm:servapibi,2026-09-22T19:30:08Z,xm/2026/06/PrecEscaAct_Sistema.2026-06-01.ndjson#PrecEscaAct:Sistema:2026-06-01:2026-06-30
2026-06-10,VoluUtilDiarEner,12477895100,kWh,xm:servapibi,2026-09-22T19:29:59Z,xm/2026/06/VoluUtilDiarEner_Sistema.2026-06-01.ndjson#VoluUtilDiarEner:Sistema:2026-06-01:2026-06-30
2026-06-11,AporEner,193261522.55,kWh,xm:servapibi,2026-09-22T19:30:02Z,xm/2026/06/AporEner_Sistema.2026-06-01.ndjson#AporEner:Sistema:2026-06-01:2026-06-30
2026-06-11,AporEnerMediHist,280280000,kWh,xm:servapibi,2026-09-22T19:30:03Z,xm/2026/06/AporEnerMediHist_Sistema.2026-06-01.ndjson#AporEnerMediHist:Sistema:2026-06-01:2026-06-30
2026-06-11,CapaUtilDiarEner,16930501378,kWh,xm:servapibi,2026-09-22T19:30:01Z,xm/2026/06/CapaUtilDiarEner_Sistema.2026-06-01.ndjson#CapaUtilDiarEner:Sistema:2026-06-01:2026-06-30
2026-06-11,DemaSIN,254566199.59,kWh,xm:servapibi,2026-09-22T19:30:06Z,xm/2026/06/DemaSIN_Sistema.2026-06-01.ndjson#DemaSIN:Sistema:2026-06-01:2026-06-30
2026-06-11,PorcApor,0.68953,fraction,xm:servapibi,2026-09-22T19:30:05Z,xm/2026/06/PorcApor_Sistema.2026-06-01.ndjson#PorcApor:Sistema:2026-06-01:2026-06-30
2026-06-11,PorcVoluUtilDiar,0.73575,fraction,xm:servapibi,2026-09-22T19:29:58Z,xm/2026/06/PorcVoluUtilDiar_Sistema.2026-06-01.ndjson#PorcVoluUtilDiar:Sistema:2026-06-01:2026-06-30
2026-06-11,PrecBolsNaci,407.44098833333334,COP/kWh,xm:servapibi,2026-09-22T19:30:10Z,xm/2026/06/PrecBolsNaci_Sistema.2026-06-01.ndjson#PrecBolsNaci:Sistema:2026-06-01:2026-06-30
2026-06-11,PrecEscaAct,1303.93788,COP/kWh,xm:servapibi,2026-09-22T19:30:08Z,xm/2026/06/PrecEscaAct_Sistema.2026-06-01.ndjson#PrecEscaAct:Sistema:2026-06-01:2026-06-30
2026-06-11,VoluUtilDiarEner,12456646300,kWh,xm:servapibi,2026-09-22T19:29:59Z,xm/2026/06/VoluUtilDiarEner_Sistema.2026-06-01.ndjson#VoluUtilDiarEner:Sistema:2026-06-01:2026-06-30
2026-06-12,AporEner,159422736.4,kWh,xm:servapibi,2026-09-22T19:30:02Z,xm/2026/06/AporEner_Sistema.2026-06-01.ndjson#AporEner:Sistema:2026-06-01:2026-06-30
2026-06-12,AporEnerMediHist,280280000,kWh,xm:servapibi,2026-09-22T19:30:03Z,xm/2026/06/AporEnerMediHist_Sistema.2026-06-01.ndjson#AporEnerMediHist:Sistema:2026-06-01:2026-06-30
2026-06-12,CapaUtilDiarEner,16930501378,kWh,xm:servapibi,2026-09-22T19:30:01Z,xm/2026/06/CapaUtilDiarEner_Sistema.2026-06-01.ndjson#CapaUtilDiarEner:Sistema:2026-06-01:2026-06-30
2026-06-12,DemaSIN,259808964.16,kWh,xm:servapibi,2026-09-22T19:30:06Z,xm/2026/06/DemaSIN_Sistema.2026-06-01.ndjson#DemaSIN:Sistema:2026-06-01:2026-06-30
2026-06-12,PorcApor,0.5688,fraction,xm:servapibi,2026-09-22T19:30:05Z,xm/2026/06/PorcApor_Sistema.2026-06-01.ndjson#PorcApor:Sistema:2026-06-01:2026-06-30
2026-06-12,PorcVoluUtilDiar,0.73278,fraction,xm:servapibi,2026-09-22T19:29:58Z,xm/2026/06/PorcVoluUtilDiar_Sistema.2026-06-01.ndjson#PorcVoluUtilDiar:Sistema:2026-06-01:2026-06-30
2026-06-12,PrecBolsNaci,424.6449733333332,COP/kWh,xm:servapibi,2026-09-22T19:30:10Z,xm/2026/06/PrecBolsNaci_Sistema.2026-06-01.ndjson#PrecBolsNaci:Sistema:2026-06-01:2026-06-30
2026-06-12,PrecEscaAct,1303.93788,COP/kWh,xm:servapibi,2026-09-22T19:30:08Z,xm/2026/06/PrecEscaAct_Sistema.2026-06-01.ndjson#PrecEscaAct:Sistema:2026-06-01:2026-06-30
2026-06-12,VoluUtilDiarEner,12406319900,kWh,xm:servapibi,2026-09-22T19:29:59Z,xm/2026/06/VoluUtilDiarEner_Sistema.2026-06-01.ndjson#VoluUtilDiarEner:Sistema:2026-06-01:2026-06-30
2026-06-13,AporEner,148974795.86,kWh,xm:servapibi,2026-09-22T19:30:02Z,xm/2026/06/AporEner_Sistema.2026-06-01.ndjson#AporEner:Sistema:2026-06-01:2026-06-30
2026-06-13,AporEnerMediHist,280280000,kWh,xm:servapibi,2026-09-22T19:30:03Z,xm/2026/06/AporEnerMediHist_Sistema.2026-06-01.ndjson#AporEnerMediHist:Sistema:2026-06-01:2026-06-30
2026-06-13,CapaUtilDiarEner,16930501378,kWh,xm:servapibi,2026-09-22T19:30:01Z,xm/2026/06/CapaUtilDiarEner_Sistema.2026-06-01.ndjson#CapaUtilDiarEner:Sistema:2026-06-01:2026-06-30
2026-06-13,DemaSIN,248236656.63,kWh,xm:servapibi,2026-09-22T19:30:06Z,xm/2026/06/DemaSIN_Sistema.2026-06-01.ndjson#DemaSIN:Sistema:2026-06-01:2026-06-30
2026-06-13,PorcApor,0.53152,fraction,xm:servapibi,2026-09-22T19:30:05Z,xm/2026/06/PorcApor_Sistema.2026-06-01.ndjson#PorcApor:Sistema:2026-06-01:2026-06-30
2026-06-13,PorcVoluUtilDiar,0.73047,fraction,xm:servapibi,2026-09-22T19:29:58Z,xm/2026/06/PorcVoluUtilDiar_Sistema.2026-06-01.ndjson#PorcVoluUtilDiar:Sistema:2026-06-01:2026-06-30
2026-06-13,PrecBolsNaci,562.5118583333334,COP/kWh,xm:servapibi,2026-09-22T19:30:10Z,xm/2026/06/PrecBolsNaci_Sistema.2026-06-01.ndjson#PrecBolsNaci:Sistema:2026-06-01:2026-06-30
2026-06-13,PrecEscaAct,1303.93788,COP/kWh,xm:servapibi,2026-09-22T19:30:08Z,xm/2026/06/PrecEscaAct_Sistema.2026-06-01.ndjson#PrecEscaAct:Sistema:2026-06-01:2026-06-30
2026-06-13,VoluUtilDiarEner,12367195200,kWh,xm:servapibi,2026-09-22T19:29:59Z,xm/2026/06/VoluUtilDiarEner_Sistema.2026-06-01.ndjson#VoluUtilDiarEner:Sistema:2026-06-01:2026-06-30
2026-06-14,AporEner,197825155.31,kWh,xm:servapibi,2026-09-22T19:30:02Z,xm/2026/06/AporEner_Sistema.2026-06-01.ndjson#AporEner:Sistema:2026-06-01:2026-06-30
2026-06-14,AporEnerMediHist,280280000,kWh,xm:servapibi,2026-09-22T19:30:03Z,xm/2026/06/AporEnerMediHist_Sistema.2026-06-01.ndjson#AporEnerMediHist:Sistema:2026-06-01:2026-06-30
2026-06-14,CapaUtilDiarEner,16930501378,kWh,xm:servapibi,2026-09-22T19:30:01Z,xm/2026/06/CapaUtilDiarEner_Sistema.2026-06-01.ndjson#CapaUtilDiarEner:Sistema:2026-06-01:2026-06-30
2026-06-14,DemaSIN,223346965.74,kWh,xm:servapibi,2026-09-22T19:30:06Z,xm/2026/06/DemaSIN_Sistema.2026-06-01.ndjson#DemaSIN:Sistema:2026-06-01:2026-06-30
2026-06-14,PorcApor,0.70581,fraction,xm:servapibi,2026-09-22T19:30:05Z,xm/2026/06/PorcApor_Sistema.2026-06-01.ndjson#PorcApor:Sistema:2026-06-01:2026-06-30
2026-06-14,PorcVoluUtilDiar,0.73341,fraction,xm:servapibi,2026-09-22T19:29:58Z,xm/2026/06/PorcVoluUtilDiar_Sistema.2026-06-01.ndjson#PorcVoluUtilDiar:Sistema:2026-06-01:2026-06-30
2026-06-14,PrecBolsNaci,404.07870999999983,COP/kWh,xm:servapibi,2026-09-22T19:30:10Z,xm/2026/06/PrecBolsNaci_Sistema.2026-06-01.ndjson#PrecBolsNaci:Sistema:2026-06-01:2026-06-30
2026-06-14,PrecEscaAct,1303.93788,COP/kWh,xm:servapibi,2026-09-22T19:30:08Z,xm/2026/06/PrecEscaAct_Sistema.2026-06-01.ndjson#PrecEscaAct:Sistema:2026-06-01:2026-06-30
2026-06-14,VoluUtilDiarEner,12417035600,kWh,xm:servapibi,2026-09-22T19:29:59Z,xm/2026/06/VoluUtilDiarEner_Sistema.2026-06-01.ndjson#VoluUtilDiarEner:Sistema:2026-06-01:2026-06-30
2026-06-15,AporEner,185297142.14,kWh,xm:servapibi,2026-09-22T19:30:02Z,xm/2026/06/AporEner_Sistema.2026-06-01.ndjson#AporEner:Sistema:2026-06-01:2026-06-30
2026-06-15,AporEnerMediHist,280280000,kWh,xm:servapibi,2026-09-22T19:30:03Z,xm/2026/06/AporEnerMediHist_Sistema.2026-06-01.ndjson#AporEnerMediHist:Sistema:2026-06-01:2026-06-30
2026-06-15,CapaUtilDiarEner,16930501378,kWh,xm:servapibi,2026-09-22T19:30:01Z,xm/2026/06/CapaUtilDiarEner_Sistema.2026-06-01.ndjson#CapaUtilDiarEner:Sistema:2026-06-01:2026-06-30
2026-06-15,DemaSIN,223281390.99,kWh,xm:servapibi,2026-09-22T19:30:06Z,xm/2026/06/DemaSIN_Sistema.2026-06-01.ndjson#DemaSIN:Sistema:2026-06-01:2026-06-30
2026-06-15,PorcApor,0.66111,fraction,xm:servapibi,2026-09-22T19:30:05Z,xm/2026/06/PorcApor_Sistema.2026-06-01.ndjson#PorcApor:Sistema:2026-06-01:2026-06-30
2026-06-15,PorcVoluUtilDiar,0.73444,fraction,xm:servapibi,2026-09-22T19:29:58Z,xm/2026/06/PorcVoluUtilDiar_Sistema.2026-06-01.ndjson#PorcVoluUtilDiar:Sistema:2026-06-01:2026-06-30
2026-06-15,PrecBolsNaci,363.2124633333333,COP/kWh,xm:servapibi,2026-09-22T19:30:10Z,xm/2026/06/PrecBolsNaci_Sistema.2026-06-01.ndjson#PrecBolsNaci:Sistema:2026-06-01:2026-06-30
2026-06-15,PrecEscaAct,1303.93788,COP/kWh,xm:servapibi,2026-09-22T19:30:08Z,xm/2026/06/PrecEscaAct_Sistema.2026-06-01.ndjson#PrecEscaAct:Sistema:2026-06-01:2026-06-30
2026-06-15,VoluUtilDiarEner,12434360000,kWh,xm:servapibi,2026-09-22T19:29:59Z,xm/2026/06/VoluUtilDiarEner_Sistema.2026-06-01.ndjson#VoluUtilDiarEner:Sistema:2026-06-01:2026-06-30
2026-06-16,AporEner,193203365.96,kWh,xm:servapibi,2026-09-22T19:30:02Z,xm/2026/06/AporEner_Sistema.2026-06-01.ndjson#AporEner:Sistema:2026-06-01:2026-06-30
2026-06-16,AporEnerMediHist,280280000,kWh,xm:servapibi,2026-09-22T19:30:03Z,xm/2026/06/AporEnerMediHist_Sistema.2026-06-01.ndjson#AporEnerMediHist:Sistema:2026-06-01:2026-06-30
2026-06-16,CapaUtilDiarEner,16930501378,kWh,xm:servapibi,2026-09-22T19:30:01Z,xm/2026/06/CapaUtilDiarEner_Sistema.2026-06-01.ndjson#CapaUtilDiarEner:Sistema:2026-06-01:2026-06-30
2026-06-16,DemaSIN,245263725.8,kWh,xm:servapibi,2026-09-22T19:30:06Z,xm/2026/06/DemaSIN_Sistema.2026-06-01.ndjson#DemaSIN:Sistema:2026-06-01:2026-06-30
2026-06-16,PorcApor,0.68932,fraction,xm:servapibi,2026-09-22T19:30:05Z,xm/2026/06/PorcApor_Sistema.2026-06-01.ndjson#PorcApor:Sistema:2026-06-01:2026-06-30
2026-06-16,PorcVoluUtilDiar,0.73555,fraction,xm:servapibi,2026-09-22T19:29:58Z,xm/2026/06/PorcVoluUtilDiar_Sistema.2026-06-01.ndjson#PorcVoluUtilDiar:Sistema:2026-06-01:2026-06-30
2026-06-16,PrecBolsNaci,496.5220916666667,COP/kWh,xm:servapibi,2026-09-22T19:30:10Z,xm/2026/06/PrecBolsNaci_Sistema.2026-06-01.ndjson#PrecBolsNaci:Sistema:2026-06-01:2026-06-30
2026-06-16,PrecEscaAct,1303.93788,COP/kWh,xm:servapibi,2026-09-22T19:30:08Z,xm/2026/06/PrecEscaAct_Sistema.2026-06-01.ndjson#PrecEscaAct:Sistema:2026-06-01:2026-06-30
2026-06-16,VoluUtilDiarEner,12453157600,kWh,xm:servapibi,2026-09-22T19:29:59Z,xm/2026/06/VoluUtilDiarEner_Sistema.2026-06-01.ndjson#VoluUtilDiarEner:Sistema:2026-06-01:2026-06-30
2026-06-17,AporEner,193028573.49,kWh,xm:servapibi,2026-09-22T19:30:02Z,xm/2026/06/AporEner_Sistema.2026-06-01.ndjson#AporEner:Sistema:2026-06-01:2026-06-30
2026-06-17,AporEnerMediHist,280280000,kWh,xm:servapibi,2026-09-22T19:30:03Z,xm/2026/06/AporEnerMediHist_Sistema.2026-06-01.ndjson#AporEnerMediHist:Sistema:2026-06-01:2026-06-30
2026-06-17,CapaUtilDiarEner,16930501378,kWh,xm:servapibi,2026-09-22T19:30:01Z,xm/2026/06/CapaUtilDiarEner_Sistema.2026-06-01.ndjson#CapaUtilDiarEner:Sistema:2026-06-01:2026-06-30
2026-06-17,DemaSIN,250973877.64,kWh,xm:servapibi,2026-09-22T19:30:06Z,xm/2026/06/DemaSIN_Sistema.2026-06-01.ndjson#DemaSIN:Sistema:2026-06-01:2026-06-30
2026-06-17,PorcApor,0.6887,fraction,xm:servapibi,2026-09-22T19:30:05Z,xm/2026/06/PorcApor_Sistema.2026-06-01.ndjson#PorcApor:Sistema:2026-06-01:2026-06-30
2026-06-17,PorcVoluUtilDiar,0.73621,fraction,xm:servapibi,2026-09-22T19:29:58Z,xm/2026/06/PorcVoluUtilDiar_Sistema.2026-06-01.ndjson#PorcVoluUtilDiar:Sistema:2026-06-01:2026-06-30
2026-06-17,PrecBolsNaci,435.79877666666675,COP/kWh,xm:servapibi,2026-09-22T19:30:10Z,xm/2026/06/PrecBolsNaci_Sistema.2026-06-01.ndjson#PrecBolsNaci:Sistema:2026-06-01:2026-06-30
2026-06-17,PrecEscaAct,1303.93788,COP/kWh,xm:servapibi,2026-09-22T19:30:08Z,xm/2026/06/PrecEscaAct_Sistema.2026-06-01.ndjson#PrecEscaAct:Sistema:2026-06-01:2026-06-30
2026-06-17,VoluUtilDiarEner,12464380200,kWh,xm:servapibi,2026-09-22T19:29:59Z,xm/2026/06/VoluUtilDiarEner_Sistema.2026-06-01.ndjson#VoluUtilDiarEner:Sistema:2026-06-01:2026-06-30
2026-06-18,AporEner,213377771.6,kWh,xm:servapibi,2026-09-22T19:30:02Z,xm/2026/06/AporEner_Sistema.2026-06-01.ndjson#AporEner:Sistema:2026-06-01:2026-06-30
2026-06-18,AporEnerMediHist,280280000,kWh,xm:servapibi,2026-09-22T19:30:03Z,xm/2026/06/AporEnerMediHist_Sistema.2026-06-01.ndjson#AporEnerMediHist:Sistema:2026-06-01:2026-06-30
2026-06-18,CapaUtilDiarEner,16910895184,kWh,xm:servapibi,2026-09-22T19:30:01Z,xm/2026/06/CapaUtilDiarEner_Sistema.2026-06-01.ndjson#CapaUtilDiarEner:Sistema:2026-06-01:2026-06-30
2026-06-18,DemaSIN,247610242.91,kWh,xm:servapibi,2026-09-22T19:30:06Z,xm/2026/06/DemaSIN_Sistema.2026-06-01.ndjson#DemaSIN:Sistema:2026-06-01:2026-06-30
2026-06-18,PorcApor,0.7613,fraction,xm:servapibi,2026-09-22T19:30:05Z,xm/2026/06/PorcApor_Sistema.2026-06-01.ndjson#PorcApor:Sistema:2026-06-01:2026-06-30
2026-06-18,PorcVoluUtilDiar,0.7393,fraction,xm:servapibi,2026-09-22T19:29:58Z,xm/2026/06/PorcVoluUtilDiar_Sistema.2026-06-01.ndjson#PorcVoluUtilDiar:Sistema:2026-06-01:2026-06-30
2026-06-18,PrecBolsNaci,430.5482133333331,COP/kWh,xm:servapibi,2026-09-22T19:30:10Z,xm/2026/06/PrecBolsNaci_Sistema.2026-06-01.ndjson#PrecBolsNaci:Sistema:2026-06-01:2026-06-30
2026-06-18,PrecEscaAct,1303.93788,COP/kWh,xm:servapibi,2026-09-22T19:30:08Z,xm/2026/06/PrecEscaAct_Sistema.2026-06-01.ndjson#PrecEscaAct:Sistema:2026-06-01:2026-06-30
2026-06-18,VoluUtilDiarEner,12502262800,kWh,xm:servapibi,2026-09-22T19:29:59Z,xm/2026/06/VoluUtilDiarEner_Sistema.2026-06-01.ndjson#VoluUtilDiarEner:Sistema:2026-06-01:2026-06-30
2026-06-19,AporEner,198159302.14,kWh,xm:servapibi,2026-09-22T19:30:02Z,xm/2026/06/AporEner_Sistema.2026-06-01.ndjson#AporEner:Sistema:2026-06-01:2026-06-30
2026-06-19,AporEnerMediHist,280280000,kWh,xm:servapibi,2026-09-22T19:30:03Z,xm/2026/06/AporEnerMediHist_Sistema.2026-06-01.ndjson#AporEnerMediHist:Sistema:2026-06-01:2026-06-30
2026-06-19,CapaUtilDiarEner,16910895184,kWh,xm:servapibi,2026-09-22T19:30:01Z,xm/2026/06/CapaUtilDiarEner_Sistema.2026-06-01.ndjson#CapaUtilDiarEner:Sistema:2026-06-01:2026-06-30
2026-06-19,DemaSIN,249065904.41,kWh,xm:servapibi,2026-09-22T19:30:06Z,xm/2026/06/DemaSIN_Sistema.2026-06-01.ndjson#DemaSIN:Sistema:2026-06-01:2026-06-30
2026-06-19,PorcApor,0.707,fraction,xm:servapibi,2026-09-22T19:30:05Z,xm/2026/06/PorcApor_Sistema.2026-06-01.ndjson#PorcApor:Sistema:2026-06-01:2026-06-30
2026-06-19,PorcVoluUtilDiar,0.74136,fraction,xm:servapibi,2026-09-22T19:29:58Z,xm/2026/06/PorcVoluUtilDiar_Sistema.2026-06-01.ndjson#PorcVoluUtilDiar:Sistema:2026-06-01:2026-06-30
2026-06-19,PrecBolsNaci,502.6362333333334,COP/kWh,xm:servapibi,2026-09-22T19:30:10Z,xm/2026/06/PrecBolsNaci_Sistema.2026-06-01.ndjson#PrecBolsNaci:Sistema:2026-06-01:2026-06-30
2026-06-19,PrecEscaAct,1303.93788,COP/kWh,xm:servapibi,2026-09-22T19:30:08Z,xm/2026/06/PrecEscaAct_Sistema.2026-06-01.ndjson#PrecEscaAct:Sistema:2026-06-01:2026-06-30
2026-06-19,VoluUtilDiarEner,12537097600,kWh,xm:servapibi,2026-09-22T19:29:59Z,xm/2026/06/VoluUtilDiarEner_Sistema.2026-06-01.ndjson#VoluUtilDiarEner:Sistema:2026-06-01:2026-06-30
2026-06-20,AporEner,177575878.42,kWh,xm:servapibi,2026-09-22T19:30:02Z,xm/2026/06/AporEner_Sistema.2026-06-01.ndjson#AporEner:Sistema:2026-06-01:2026-06-30
2026-06-20,AporEnerMediHist,280280000,kWh,xm:servapibi,2026-09-22T19:30:03Z,xm/2026/06/AporEnerMediHist_Sistema.2026-06-01.ndjson#AporEnerMediHist:Sistema:2026-06-01:2026-06-30
2026-06-20,CapaUtilDiarEner,16911640096,kWh,xm:servapibi,2026-09-22T19:30:01Z,xm/2026/06/CapaUtilDiarEner_Sistema.2026-06-01.ndjson#CapaUtilDiarEner:Sistema:2026-06-01:2026-06-30
2026-06-20,DemaSIN,239713558.1,kWh,xm:servapibi,2026-09-22T19:30:06Z,xm/2026/06/DemaSIN_Sistema.2026-06-01.ndjson#DemaSIN:Sistema:2026-06-01:2026-06-30
2026-06-20,PorcApor,0.63357,fraction,xm:servapibi,2026-09-22T19:30:05Z,xm/2026/06/PorcApor_Sistema.2026-06-01.ndjson#PorcApor:Sistema:2026-06-01:2026-06-30
2026-06-20,PorcVoluUtilDiar,0.74257,fraction,xm:servapibi,2026-09-22T19:29:58Z,xm/2026/06/PorcVoluUtilDiar_Sistema.2026-06-01.ndjson#PorcVoluUtilDiar:Sistema:2026-06-01:2026-06-30
2026-06-20,PrecBolsNaci,483.23966999999993,COP/kWh,xm:servapibi,2026-09-22T19:30:10Z,xm/2026/06/PrecBolsNaci_Sistema.2026-06-01.ndjson#PrecBolsNaci:Sistema:2026-06-01:2026-06-30
2026-06-20,PrecEscaAct,1303.93788,COP/kWh,xm:servapibi,2026-09-22T19:30:08Z,xm/2026/06/PrecEscaAct_Sistema.2026-06-01.ndjson#PrecEscaAct:Sistema:2026-06-01:2026-06-30
2026-06-20,VoluUtilDiarEner,12558022100,kWh,xm:servapibi,2026-09-22T19:29:59Z,xm/2026/06/VoluUtilDiarEner_Sistema.2026-06-01.ndjson#VoluUtilDiarEner:Sistema:2026-06-01:2026-06-30
2026-06-21,AporEner,199563004.96,kWh,xm:servapibi,2026-09-22T19:30:02Z,xm/2026/06/AporEner_Sistema.2026-06-01.ndjson#AporEner:Sistema:2026-06-01:2026-06-30
2026-06-21,AporEnerMediHist,280280000,kWh,xm:servapibi,2026-09-22T19:30:03Z,xm/2026/06/AporEnerMediHist_Sistema.2026-06-01.ndjson#AporEnerMediHist:Sistema:2026-06-01:2026-06-30
2026-06-21,CapaUtilDiarEner,16911640096,kWh,xm:servapibi,2026-09-22T19:30:01Z,xm/2026/06/CapaUtilDiarEner_Sistema.2026-06-01.ndjson#CapaUtilDiarEner:Sistema:2026-06-01:2026-06-30
2026-06-21,DemaSIN,217849950.83,kWh,xm:servapibi,2026-09-22T19:30:06Z,xm/2026/06/DemaSIN_Sistema.2026-06-01.ndjson#DemaSIN:Sistema:2026-06-01:2026-06-30
2026-06-21,PorcApor,0.71201,fraction,xm:servapibi,2026-09-22T19:30:05Z,xm/2026/06/PorcApor_Sistema.2026-06-01.ndjson#PorcApor:Sistema:2026-06-01:2026-06-30
2026-06-21,PorcVoluUtilDiar,0.74643,fraction,xm:servapibi,2026-09-22T19:29:58Z,xm/2026/06/PorcVoluUtilDiar_Sistema.2026-06-01.ndjson#PorcVoluUtilDiar:Sistema:2026-06-01:2026-06-30
2026-06-21,PrecBolsNaci,420.4790883333333,COP/kWh,xm:servapibi,2026-09-22T19:30:10Z,xm/2026/06/PrecBolsNaci_Sistema.2026-06-01.ndjson#PrecBolsNaci:Sistema:2026-06-01:2026-06-30
2026-06-21,PrecEscaAct,1303.93788,COP/kWh,xm:servapibi,2026-09-22T19:30:08Z,xm/2026/06/PrecEscaAct_Sistema.2026-06-01.ndjson#PrecEscaAct:Sistema:2026-06-01:2026-06-30
2026-06-21,VoluUtilDiarEner,12623350500,kWh,xm:servapibi,2026-09-22T19:29:59Z,xm/2026/06/VoluUtilDiarEner_Sistema.2026-06-01.ndjson#VoluUtilDiarEner:Sistema:2026-06-01:2026-06-30
2026-06-22,AporEner,186782112.44,kWh,xm:servapibi,2026-09-22T19:30:02Z,xm/2026/06/AporEner_Sistema.2026-06-01.ndjson#AporEner:Sistema:2026-06-01:2026-06-30
2026-06-22,AporEnerMediHist,280280000,kWh,xm:servapibi,2026-09-22T19:30:03Z,xm/2026/06/AporEnerMediHist_Sistema.2026-06-01.ndjson#AporEnerMediHist:Sistema:2026-06-01:2026-06-30
2026-06-22,CapaUtilDiarEner,16911640096,kWh,xm:servapibi,2026-09-22T19:30:01Z,xm/2026/06/CapaUtilDiarEner_Sistema.2026-06-01.ndjson#CapaUtilDiarEner:Sistema:2026-06-01:2026-06-30
2026-06-22,DemaSIN,250942369.65,kWh,xm:servapibi,2026-09-22T19:30:06Z,xm/2026/06/DemaSIN_Sistema.2026-06-01.ndjson#DemaSIN:Sistema:2026-06-01:2026-06-30
2026-06-22,PorcApor,0.66641,fraction,xm:servapibi,2026-09-22T19:30:05Z,xm/2026/06/PorcApor_Sistema.2026-06-01.ndjson#PorcApor:Sistema:2026-06-01:2026-06-30
2026-06-22,PorcVoluUtilDiar,0.74764,fraction,xm:servapibi,2026-09-22T19:29:58Z,xm/2026/06/PorcVoluUtilDiar_Sistema.2026-06-01.ndjson#PorcVoluUtilDiar:Sistema:2026-06-01:2026-06-30
2026-06-22,PrecBolsNaci,633.4523549999998,COP/kWh,xm:servapibi,2026-09-22T19:30:10Z,xm/2026/06/PrecBolsNaci_Sistema.2026-06-01.ndjson#PrecBolsNaci:Sistema:2026-06-01:2026-06-30
2026-06-22,PrecEscaAct,1303.93788,COP/kWh,xm:servapibi,2026-09-22T19:30:08Z,xm/2026/06/PrecEscaAct_Sistema.2026-06-01.ndjson#PrecEscaAct:Sistema:2026-06-01:2026-06-30
2026-06-22,VoluUtilDiarEner,12643863900,kWh,xm:servapibi,2026-09-22T19:29:59Z,xm/2026/06/VoluUtilDiarEner_Sistema.2026-06-01.ndjson#VoluUtilDiarEner:Sistema:2026-06-01:2026-06-30
2026-06-23,AporEner,280449739.58,kWh,xm:servapibi,2026-09-22T19:30:02Z,xm/2026/06/AporEner_Sistema.2026-06-01.ndjson#AporEner:Sistema:2026-06-01:2026-06-30
2026-06-23,AporEnerMediHist,280280000,kWh,xm:servapibi,2026-09-22T19:30:03Z,xm/2026/06/AporEnerMediHist_Sistema.2026-06-01.ndjson#AporEnerMediHist:Sistema:2026-06-01:2026-06-30
2026-06-23,CapaUtilDiarEner,16911640096,kWh,xm:servapibi,2026-09-22T19:30:01Z,xm/2026/06/CapaUtilDiarEner_Sistema.2026-06-01.ndjson#CapaUtilDiarEner:Sistema:2026-06-01:2026-06-30
2026-06-23,DemaSIN,254955730.98,kWh,xm:servapibi,2026-09-22T19:30:06Z,xm/2026/06/DemaSIN_Sistema.2026-06-01.ndjson#DemaSIN:Sistema:2026-06-01:2026-06-30
2026-06-23,PorcApor,1.00061,fraction,xm:servapibi,2026-09-22T19:30:05Z,xm/2026/06/PorcApor_Sistema.2026-06-01.ndjson#PorcApor:Sistema:2026-06-01:2026-06-30
2026-06-23,PorcVoluUtilDiar,0.75384,fraction,xm:servapibi,2026-09-22T19:29:58Z,xm/2026/06/PorcVoluUtilDiar_Sistema.2026-06-01.ndjson#PorcVoluUtilDiar:Sistema:2026-06-01:2026-06-30
2026-06-23,PrecBolsNaci,669.0244700000003,COP/kWh,xm:servapibi,2026-09-22T19:30:10Z,xm/2026/06/PrecBolsNaci_Sistema.2026-06-01.ndjson#PrecBolsNaci:Sistema:2026-06-01:2026-06-30
2026-06-23,PrecEscaAct,1303.93788,COP/kWh,xm:servapibi,2026-09-22T19:30:08Z,xm/2026/06/PrecEscaAct_Sistema.2026-06-01.ndjson#PrecEscaAct:Sistema:2026-06-01:2026-06-30
2026-06-23,VoluUtilDiarEner,12748706500,kWh,xm:servapibi,2026-09-22T19:29:59Z,xm/2026/06/VoluUtilDiarEner_Sistema.2026-06-01.ndjson#VoluUtilDiarEner:Sistema:2026-06-01:2026-06-30
2026-06-24,AporEner,161497536.08,kWh,xm:servapibi,2026-09-22T19:30:02Z,xm/2026/06/AporEner_Sistema.2026-06-01.ndjson#AporEner:Sistema:2026-06-01:2026-06-30
2026-06-24,AporEnerMediHist,280280000,kWh,xm:servapibi,2026-09-22T19:30:03Z,xm/2026/06/AporEnerMediHist_Sistema.2026-06-01.ndjson#AporEnerMediHist:Sistema:2026-06-01:2026-06-30
2026-06-24,CapaUtilDiarEner,16911640096,kWh,xm:servapibi,2026-09-22T19:30:01Z,xm/2026/06/CapaUtilDiarEner_Sistema.2026-06-01.ndjson#CapaUtilDiarEner:Sistema:2026-06-01:2026-06-30
2026-06-24,DemaSIN,255273909.88,kWh,xm:servapibi,2026-09-22T19:30:06Z,xm/2026/06/DemaSIN_Sistema.2026-06-01.ndjson#DemaSIN:Sistema:2026-06-01:2026-06-30
2026-06-24,PorcApor,0.5762,fraction,xm:servapibi,2026-09-22T19:30:05Z,xm/2026/06/PorcApor_Sistema.2026-06-01.ndjson#PorcApor:Sistema:2026-06-01:2026-06-30
2026-06-24,PorcVoluUtilDiar,0.75298,fraction,xm:servapibi,2026-09-22T19:29:58Z,xm/2026/06/PorcVoluUtilDiar_Sistema.2026-06-01.ndjson#PorcVoluUtilDiar:Sistema:2026-06-01:2026-06-30
2026-06-24,PrecBolsNaci,709.8507366666666,COP/kWh,xm:servapibi,2026-09-22T19:30:10Z,xm/2026/06/PrecBolsNaci_Sistema.2026-06-01.ndjson#PrecBolsNaci:Sistema:2026-06-01:2026-06-30
2026-06-24,PrecEscaAct,1303.93788,COP/kWh,xm:servapibi,2026-09-22T19:30:08Z,xm/2026/06/PrecEscaAct_Sistema.2026-06-01.ndjson#PrecEscaAct:Sistema:2026-06-01:2026-06-30
2026-06-24,VoluUtilDiarEner,12734061800,kWh,xm:servapibi,2026-09-22T19:29:59Z,xm/2026/06/VoluUtilDiarEner_Sistema.2026-06-01.ndjson#VoluUtilDiarEner:Sistema:2026-06-01:2026-06-30
2026-06-25,AporEner,139218476.87,kWh,xm:servapibi,2026-09-22T19:30:02Z,xm/2026/06/AporEner_Sistema.2026-06-01.ndjson#AporEner:Sistema:2026-06-01:2026-06-30
2026-06-25,AporEnerMediHist,280280000,kWh,xm:servapibi,2026-09-22T19:30:03Z,xm/2026/06/AporEnerMediHist_Sistema.2026-06-01.ndjson#AporEnerMediHist:Sistema:2026-06-01:2026-06-30
2026-06-25,CapaUtilDiarEner,16911640096,kWh,xm:servapibi,2026-09-22T19:30:01Z,xm/2026/06/CapaUtilDiarEner_Sistema.2026-06-01.ndjson#CapaUtilDiarEner:Sistema:2026-06-01:2026-06-30
2026-06-25,DemaSIN,258782759.96,kWh,xm:servapibi,2026-09-22T19:30:06Z,xm/2026/06/DemaSIN_Sistema.2026-06-01.ndjson#DemaSIN:Sistema:2026-06-01:2026-06-30
2026-06-25,PorcApor,0.49671,fraction,xm:servapibi,2026-09-22T19:30:05Z,xm/2026/06/PorcApor_Sistema.2026-06-01.ndjson#PorcApor:Sistema:2026-06-01:2026-06-30
2026-06-25,PorcVoluUtilDiar,0.75039,fraction,xm:servapibi,2026-09-22T19:29:58Z,xm/2026/06/PorcVoluUtilDiar_Sistema.2026-06-01.ndjson#PorcVoluUtilDiar:Sistema:2026-06-01:2026-06-30
2026-06-25,PrecBolsNaci,721.6478266666669,COP/kWh,xm:servapibi,2026-09-22T19:30:10Z,xm/2026/06/PrecBolsNaci_Sistema.2026-06-01.ndjson#PrecBolsNaci:Sistema:2026-06-01:2026-06-30
2026-06-25,PrecEscaAct,1303.93788,COP/kWh,xm:servapibi,2026-09-22T19:30:08Z,xm/2026/06/PrecEscaAct_Sistema.2026-06-01.ndjson#PrecEscaAct:Sistema:2026-06-01:2026-06-30
2026-06-25,VoluUtilDiarEner,12690319700,kWh,xm:servapibi,2026-09-22T19:29:59Z,xm/2026/06/VoluUtilDiarEner_Sistema.2026-06-01.ndjson#VoluUtilDiarEner:Sistema:2026-06-01:2026-06-30
2026-06-26,AporEner,139134352.21,kWh,xm:servapibi,2026-09-22T19:30:02Z,xm/2026/06/AporEner_Sistema.2026-06-01.ndjson#AporEner:Sistema:2026-06-01:2026-06-30
2026-06-26,AporEnerMediHist,280280000,kWh,xm:servapibi,2026-09-22T19:30:03Z,xm/2026/06/AporEnerMediHist_Sistema.2026-06-01.ndjson#AporEnerMediHist:Sistema:2026-06-01:2026-06-30
2026-06-26,CapaUtilDiarEner,16911640096,kWh,xm:servapibi,2026-09-22T19:30:01Z,xm/2026/06/CapaUtilDiarEner_Sistema.2026-06-01.ndjson#CapaUtilDiarEner:Sistema:2026-06-01:2026-06-30
2026-06-26,DemaSIN,256388113.73,kWh,xm:servapibi,2026-09-22T19:30:06Z,xm/2026/06/DemaSIN_Sistema.2026-06-01.ndjson#DemaSIN:Sistema:2026-06-01:2026-06-30
2026-06-26,PorcApor,0.49641,fraction,xm:servapibi,2026-09-22T19:30:05Z,xm/2026/06/PorcApor_Sistema.2026-06-01.ndjson#PorcApor:Sistema:2026-06-01:2026-06-30
2026-06-26,PorcVoluUtilDiar,0.74862,fraction,xm:servapibi,2026-09-22T19:29:58Z,xm/2026/06/PorcVoluUtilDiar_Sistema.2026-06-01.ndjson#PorcVoluUtilDiar:Sistema:2026-06-01:2026-06-30
2026-06-26,PrecBolsNaci,706.669465,COP/kWh,xm:servapibi,2026-09-22T19:30:10Z,xm/2026/06/PrecBolsNaci_Sistema.2026-06-01.ndjson#PrecBolsNaci:Sistema:2026-06-01:2026-06-30
2026-06-26,PrecEscaAct,1303.93788,COP/kWh,xm:servapibi,2026-09-22T19:30:08Z,xm/2026/06/PrecEscaAct_Sistema.2026-06-01.ndjson#PrecEscaAct:Sistema:2026-06-01:2026-06-30
2026-06-26,VoluUtilDiarEner,12660408600,kWh,xm:servapibi,2026-09-22T19:29:59Z,xm/2026/06/VoluUtilDiarEner_Sistema.2026-06-01.ndjson#VoluUtilDiarEner:Sistema:2026-06-01:2026-06-30
2026-06-27,AporEner,143490876.12,kWh,xm:servapibi,2026-09-22T19:30:02Z,xm/2026/06/AporEner_Sistema.2026-06-01.ndjson#AporEner:Sistema:2026-06-01:2026-06-30
2026-06-27,AporEnerMediHist,280280000,kWh,xm:servapibi,2026-09-22T19:30:03Z,xm/2026/06/AporEnerMediHist_Sistema.2026-06-01.ndjson#AporEnerMediHist:Sistema:2026-06-01:2026-06-30
2026-06-27,CapaUtilDiarEner,16911640096,kWh,xm:servapibi,2026-09-22T19:30:01Z,xm/2026/06/CapaUtilDiarEner_Sistema.2026-06-01.ndjson#CapaUtilDiarEner:Sistema:2026-06-01:2026-06-30
2026-06-27,DemaSIN,242623751.76,kWh,xm:servapibi,2026-09-22T19:30:06Z,xm/2026/06/DemaSIN_Sistema.2026-06-01.ndjson#DemaSIN:Sistema:2026-06-01:2026-06-30
2026-06-27,PorcApor,0.51196,fraction,xm:servapibi,2026-09-22T19:30:05Z,xm/2026/06/PorcApor_Sistema.2026-06-01.ndjson#PorcApor:Sistema:2026-06-01:2026-06-30
2026-06-27,PorcVoluUtilDiar,0.74737,fraction,xm:servapibi,2026-09-22T19:29:58Z,xm/2026/06/PorcVoluUtilDiar_Sistema.2026-06-01.ndjson#PorcVoluUtilDiar:Sistema:2026-06-01:2026-06-30
2026-06-27,PrecBolsNaci,698.6594133333334,COP/kWh,xm:servapibi,2026-09-22T19:30:10Z,xm/2026/06/PrecBolsNaci_Sistema.2026-06-01.ndjson#PrecBolsNaci:Sistema:2026-06-01:2026-06-30
2026-06-27,PrecEscaAct,1303.93788,COP/kWh,xm:servapibi,2026-09-22T19:30:08Z,xm/2026/06/PrecEscaAct_Sistema.2026-06-01.ndjson#PrecEscaAct:Sistema:2026-06-01:2026-06-30
2026-06-27,VoluUtilDiarEner,12639231300,kWh,xm:servapibi,2026-09-22T19:29:59Z,xm/2026/06/VoluUtilDiarEner_Sistema.2026-06-01.ndjson#VoluUtilDiarEner:Sistema:2026-06-01:2026-06-30
2026-06-28,AporEner,217602691.39,kWh,xm:servapibi,2026-09-22T19:30:02Z,xm/2026/06/AporEner_Sistema.2026-06-01.ndjson#AporEner:Sistema:2026-06-01:2026-06-30
2026-06-28,AporEnerMediHist,280280000,kWh,xm:servapibi,2026-09-22T19:30:03Z,xm/2026/06/AporEnerMediHist_Sistema.2026-06-01.ndjson#AporEnerMediHist:Sistema:2026-06-01:2026-06-30
2026-06-28,CapaUtilDiarEner,16911640096,kWh,xm:servapibi,2026-09-22T19:30:01Z,xm/2026/06/CapaUtilDiarEner_Sistema.2026-06-01.ndjson#CapaUtilDiarEner:Sistema:2026-06-01:2026-06-30
2026-06-28,DemaSIN,223509298.99,kWh,xm:servapibi,2026-09-22T19:30:06Z,xm/2026/06/DemaSIN_Sistema.2026-06-01.ndjson#DemaSIN:Sistema:2026-06-01:2026-06-30
2026-06-28,PorcApor,0.77638,fraction,xm:servapibi,2026-09-22T19:30:05Z,xm/2026/06/PorcApor_Sistema.2026-06-01.ndjson#PorcApor:Sistema:2026-06-01:2026-06-30
2026-06-28,PorcVoluUtilDiar,0.75158,fraction,xm:servapibi,2026-09-22T19:29:58Z,xm/2026/06/PorcVoluUtilDiar_Sistema.2026-06-01.ndjson#PorcVoluUtilDiar:Sistema:2026-06-01:2026-06-30
2026-06-28,PrecBolsNaci,719.9953899999997,COP/kWh,xm:servapibi,2026-09-22T19:30:10Z,xm/2026/06/PrecBolsNaci_Sistema.2026-06-01.ndjson#PrecBolsNaci:Sistema:2026-06-01:2026-06-30
2026-06-28,PrecEscaAct,1303.93788,COP/kWh,xm:servapibi,2026-09-22T19:30:08Z,xm/2026/06/PrecEscaAct_Sistema.2026-06-01.ndjson#PrecEscaAct:Sistema:2026-06-01:2026-06-30
2026-06-28,VoluUtilDiarEner,12710434100,kWh,xm:servapibi,2026-09-22T19:29:59Z,xm/2026/06/VoluUtilDiarEner_Sistema.2026-06-01.ndjson#VoluUtilDiarEner:Sistema:2026-06-01:2026-06-30
2026-06-29,AporEner,202328933.03,kWh,xm:servapibi,2026-09-22T19:30:02Z,xm/2026/06/AporEner_Sistema.2026-06-01.ndjson#AporEner:Sistema:2026-06-01:2026-06-30
2026-06-29,AporEnerMediHist,280280000,kWh,xm:servapibi,2026-09-22T19:30:03Z,xm/2026/06/AporEnerMediHist_Sistema.2026-06-01.ndjson#AporEnerMediHist:Sistema:2026-06-01:2026-06-30
2026-06-29,CapaUtilDiarEner,16911640096,kWh,xm:servapibi,2026-09-22T19:30:01Z,xm/2026/06/CapaUtilDiarEner_Sistema.2026-06-01.ndjson#CapaUtilDiarEner:Sistema:2026-06-01:2026-06-30
2026-06-29,DemaSIN,232248517.31,kWh,xm:servapibi,2026-09-22T19:30:06Z,xm/2026/06/DemaSIN_Sistema.2026-06-01.ndjson#DemaSIN:Sistema:2026-06-01:2026-06-30
2026-06-29,PorcApor,0.72188,fraction,xm:servapibi,2026-09-22T19:30:05Z,xm/2026/06/PorcApor_Sistema.2026-06-01.ndjson#PorcApor:Sistema:2026-06-01:2026-06-30
2026-06-29,PorcVoluUtilDiar,0.75374,fraction,xm:servapibi,2026-09-22T19:29:58Z,xm/2026/06/PorcVoluUtilDiar_Sistema.2026-06-01.ndjson#PorcVoluUtilDiar:Sistema:2026-06-01:2026-06-30
2026-06-29,PrecBolsNaci,743.765616666667,COP/kWh,xm:servapibi,2026-09-22T19:30:10Z,xm/2026/06/PrecBolsNaci_Sistema.2026-06-01.ndjson#PrecBolsNaci:Sistema:2026-06-01:2026-06-30
2026-06-29,PrecEscaAct,1303.93788,COP/kWh,xm:servapibi,2026-09-22T19:30:08Z,xm/2026/06/PrecEscaAct_Sistema.2026-06-01.ndjson#PrecEscaAct:Sistema:2026-06-01:2026-06-30
2026-06-29,VoluUtilDiarEner,12746900000,kWh,xm:servapibi,2026-09-22T19:29:59Z,xm/2026/06/VoluUtilDiarEner_Sistema.2026-06-01.ndjson#VoluUtilDiarEner:Sistema:2026-06-01:2026-06-30
2026-06-30,AporEner,251807886.74,kWh,xm:servapibi,2026-09-22T19:30:02Z,xm/2026/06/AporEner_Sistema.2026-06-01.ndjson#AporEner:Sistema:2026-06-01:2026-06-30
2026-06-30,AporEnerMediHist,280280000,kWh,xm:servapibi,2026-09-22T19:30:03Z,xm/2026/06/AporEnerMediHist_Sistema.2026-06-01.ndjson#AporEnerMediHist:Sistema:2026-06-01:2026-06-30
2026-06-30,CapaUtilDiarEner,17440222876,kWh,xm:servapibi,2026-09-22T19:30:01Z,xm/2026/06/CapaUtilDiarEner_Sistema.2026-06-01.ndjson#CapaUtilDiarEner:Sistema:2026-06-01:2026-06-30
2026-06-30,DemaSIN,256260486.39,kWh,xm:servapibi,2026-09-22T19:30:06Z,xm/2026/06/DemaSIN_Sistema.2026-06-01.ndjson#DemaSIN:Sistema:2026-06-01:2026-06-30
2026-06-30,PorcApor,0.89842,fraction,xm:servapibi,2026-09-22T19:30:05Z,xm/2026/06/PorcApor_Sistema.2026-06-01.ndjson#PorcApor:Sistema:2026-06-01:2026-06-30
2026-06-30,PorcVoluUtilDiar,0.76418,fraction,xm:servapibi,2026-09-22T19:29:58Z,xm/2026/06/PorcVoluUtilDiar_Sistema.2026-06-01.ndjson#PorcVoluUtilDiar:Sistema:2026-06-01:2026-06-30
2026-06-30,PrecBolsNaci,810.2380950000003,COP/kWh,xm:servapibi,2026-09-22T19:30:10Z,xm/2026/06/PrecBolsNaci_Sistema.2026-06-01.ndjson#PrecBolsNaci:Sistema:2026-06-01:2026-06-30
2026-06-30,PrecEscaAct,1303.93788,COP/kWh,xm:servapibi,2026-09-22T19:30:08Z,xm/2026/06/PrecEscaAct_Sistema.2026-06-01.ndjson#PrecEscaAct:Sistema:2026-06-01:2026-06-30
2026-06-30,VoluUtilDiarEner,13327453100,kWh,xm:servapibi,2026-09-22T19:29:59Z,xm/2026/06/VoluUtilDiarEner_Sistema.2026-06-01.ndjson#VoluUtilDiarEner:Sistema:2026-06-01:2026-06-30
2026-07-01,AporEner,182314683.99,kWh,xm:servapibi,2026-09-22T19:30:19Z,xm/2026/07/AporEner_Sistema.2026-07-01.ndjson#AporEner:Sistema:2026-07-01:2026-07-31
2026-07-01,AporEnerMediHist,252140000,kWh,xm:servapibi,2026-09-22T19:30:21Z,xm/2026/07/AporEnerMediHist_Sistema.2026-07-01.ndjson#AporEnerMediHist:Sistema:2026-07-01:2026-07-31
2026-07-01,CapaUtilDiarEner,17440222876,kWh,xm:servapibi,2026-09-22T19:30:18Z,xm/2026/07/CapaUtilDiarEner_Sistema.2026-07-01.ndjson#CapaUtilDiarEner:Sistema:2026-07-01:2026-07-31
2026-07-01,DemaSIN,256879075.25,kWh,xm:servapibi,2026-09-22T19:30:24Z,xm/2026/07/DemaSIN_Sistema.2026-07-01.ndjson#DemaSIN:Sistema:2026-07-01:2026-07-31
2026-07-01,PorcApor,0.72307,fraction,xm:servapibi,2026-09-22T19:30:22Z,xm/2026/07/PorcApor_Sistema.2026-07-01.ndjson#PorcApor:Sistema:2026-07-01:2026-07-31
2026-07-01,PorcVoluUtilDiar,0.76463,fraction,xm:servapibi,2026-09-22T19:30:15Z,xm/2026/07/PorcVoluUtilDiar_Sistema.2026-07-01.ndjson#PorcVoluUtilDiar:Sistema:2026-07-01:2026-07-31
2026-07-01,PrecBolsNaci,823.3867066666667,COP/kWh,xm:servapibi,2026-09-22T19:30:27Z,xm/2026/07/PrecBolsNaci_Sistema.2026-07-01.ndjson#PrecBolsNaci:Sistema:2026-07-01:2026-07-31
2026-07-01,PrecEscaAct,1221.30934,COP/kWh,xm:servapibi,2026-09-22T19:30:25Z,xm/2026/07/PrecEscaAct_Sistema.2026-07-01.ndjson#PrecEscaAct:Sistema:2026-07-01:2026-07-31
2026-07-01,VoluUtilDiarEner,13335343000,kWh,xm:servapibi,2026-09-22T19:30:16Z,xm/2026/07/VoluUtilDiarEner_Sistema.2026-07-01.ndjson#VoluUtilDiarEner:Sistema:2026-07-01:2026-07-31
2026-07-02,AporEner,244517298.46,kWh,xm:servapibi,2026-09-22T19:30:19Z,xm/2026/07/AporEner_Sistema.2026-07-01.ndjson#AporEner:Sistema:2026-07-01:2026-07-31
2026-07-02,AporEnerMediHist,252140000,kWh,xm:servapibi,2026-09-22T19:30:21Z,xm/2026/07/AporEnerMediHist_Sistema.2026-07-01.ndjson#AporEnerMediHist:Sistema:2026-07-01:2026-07-31
2026-07-02,CapaUtilDiarEner,17440222876,kWh,xm:servapibi,2026-09-22T19:30:18Z,xm/2026/07/CapaUtilDiarEner_Sistema.2026-07-01.ndjson#CapaUtilDiarEner:Sistema:2026-07-01:2026-07-31
2026-07-02,DemaSIN,257951166.61,kWh,xm:servapibi,2026-09-22T19:30:24Z,xm/2026/07/DemaSIN_Sistema.2026-07-01.ndjson#DemaSIN:Sistema:2026-07-01:2026-07-31
2026-07-02,PorcApor,0.96977,fraction,xm:servapibi,2026-09-22T19:30:22Z,xm/2026/07/PorcApor_Sistema.2026-07-01.ndjson#PorcApor:Sistema:2026-07-01:2026-07-31
2026-07-02,PorcVoluUtilDiar,0.76842,fraction,xm:servapibi,2026-09-22T19:30:15Z,xm/2026/07/PorcVoluUtilDiar_Sistema.2026-07-01.ndjson#PorcVoluUtilDiar:Sistema:2026-07-01:2026-07-31
2026-07-02,PrecBolsNaci,816.4867783333334,COP/kWh,xm:servapibi,2026-09-22T19:30:27Z,xm/2026/07/PrecBolsNaci_Sistema.2026-07-01.ndjson#PrecBolsNaci:Sistema:2026-07-01:2026-07-31
2026-07-02,PrecEscaAct,1221.30934,COP/kWh,xm:servapibi,2026-09-22T19:30:25Z,xm/2026/07/PrecEscaAct_Sistema.2026-07-01.ndjson#PrecEscaAct:Sistema:2026-07-01:2026-07-31
2026-07-02,VoluUtilDiarEner,13401484000,kWh,xm:servapibi,2026-09-22T19:30:16Z,xm/2026/07/VoluUtilDiarEner_Sistema.2026-07-01.ndjson#VoluUtilDiarEner:Sistema:2026-07-01:2026-07-31
2026-07-03,AporEner,279175064.36,kWh,xm:servapibi,2026-09-22T19:30:19Z,xm/2026/07/AporEner_Sistema.2026-07-01.ndjson#AporEner:Sistema:2026-07-01:2026-07-31
2026-07-03,AporEnerMediHist,252140000,kWh,xm:servapibi,2026-09-22T19:30:21Z,xm/2026/07/AporEnerMediHist_Sistema.2026-07-01.ndjson#AporEnerMediHist:Sistema:2026-07-01:2026-07-31
2026-07-03,CapaUtilDiarEner,17440222876,kWh,xm:servapibi,2026-09-22T19:30:18Z,xm/2026/07/CapaUtilDiarEner_Sistema.2026-07-01.ndjson#CapaUtilDiarEner:Sistema:2026-07-01:2026-07-31
2026-07-03,DemaSIN,253525081.37,kWh,xm:servapibi,2026-09-22T19:30:24Z,xm/2026/07/DemaSIN_Sistema.2026-07-01.ndjson#DemaSIN:Sistema:2026-07-01:2026-07-31
2026-07-03,PorcApor,1.10722,fraction,xm:servapibi,2026-09-22T19:30:22Z,xm/2026/07/PorcApor_Sistema.2026-07-01.ndjson#PorcApor:Sistema:2026-07-01:2026-07-31
2026-07-03,PorcVoluUtilDiar,0.77385,fraction,xm:servapibi,2026-09-22T19:30:15Z,xm/2026/07/PorcVoluUtilDiar_Sistema.2026-07-01.ndjson#PorcVoluUtilDiar:Sistema:2026-07-01:2026-07-31
2026-07-03,PrecBolsNaci,803.6189366666663,COP/kWh,xm:servapibi,2026-09-22T19:30:27Z,xm/2026/07/PrecBolsNaci_Sistema.2026-07-01.ndjson#PrecBolsNaci:Sistema:2026-07-01:2026-07-31
2026-07-03,PrecEscaAct,1221.30934,COP/kWh,xm:servapibi,2026-09-22T19:30:25Z,xm/2026/07/PrecEscaAct_Sistema.2026-07-01.ndjson#PrecEscaAct:Sistema:2026-07-01:2026-07-31
2026-07-03,VoluUtilDiarEner,13496146700,kWh,xm:servapibi,2026-09-22T19:30:16Z,xm/2026/07/VoluUtilDiarEner_Sistema.2026-07-01.ndjson#VoluUtilDiarEner:Sistema:2026-07-01:2026-07-31
2026-07-04,AporEner,258157993.72,kWh,xm:servapibi,2026-09-22T19:30:19Z,xm/2026/07/AporEner_Sistema.2026-07-01.ndjson#AporEner:Sistema:2026-07-01:2026-07-31
2026-07-04,AporEnerMediHist,252140000,kWh,xm:servapibi,2026-09-22T19:30:21Z,xm/2026/07/AporEnerMediHist_Sistema.2026-07-01.ndjson#AporEnerMediHist:Sistema:2026-07-01:2026-07-31
2026-07-04,CapaUtilDiarEner,17440222876,kWh,xm:servapibi,2026-09-22T19:30:18Z,xm/2026/07/CapaUtilDiarEner_Sistema.2026-07-01.ndjson#CapaUtilDiarEner:Sistema:2026-07-01:2026-07-31
2026-07-04,DemaSIN,238905059,kWh,xm:servapibi,2026-09-22T19:30:24Z,xm/2026/07/DemaSIN_Sistema.2026-07-01.ndjson#DemaSIN:Sistema:2026-07-01:2026-07-31
2026-07-04,PorcApor,1.02387,fraction,xm:servapibi,2026-09-22T19:30:22Z,xm/2026/07/PorcApor_Sistema.2026-07-01.ndjson#PorcApor:Sistema:2026-07-01:2026-07-31
2026-07-04,PorcVoluUtilDiar,0.77899,fraction,xm:servapibi,2026-09-22T19:30:15Z,xm/2026/07/PorcVoluUtilDiar_Sistema.2026-07-01.ndjson#PorcVoluUtilDiar:Sistema:2026-07-01:2026-07-31
2026-07-04,PrecBolsNaci,768.7230466666664,COP/kWh,xm:servapibi,2026-09-22T19:30:27Z,xm/2026/07/PrecBolsNaci_Sistema.2026-07-01.ndjson#PrecBolsNaci:Sistema:2026-07-01:2026-07-31
2026-07-04,PrecEscaAct,1221.30934,COP/kWh,xm:servapibi,2026-09-22T19:30:25Z,xm/2026/07/PrecEscaAct_Sistema.2026-07-01.ndjson#PrecEscaAct:Sistema:2026-07-01:2026-07-31
2026-07-04,VoluUtilDiarEner,13585679600,kWh,xm:servapibi,2026-09-22T19:30:16Z,xm/2026/07/VoluUtilDiarEner_Sistema.2026-07-01.ndjson#VoluUtilDiarEner:Sistema:2026-07-01:2026-07-31
2026-07-05,AporEner,205937639.26,kWh,xm:servapibi,2026-09-22T19:30:19Z,xm/2026/07/AporEner_Sistema.2026-07-01.ndjson#AporEner:Sistema:2026-07-01:2026-07-31
2026-07-05,AporEnerMediHist,252560000,kWh,xm:servapibi,2026-09-22T19:30:21Z,xm/2026/07/AporEnerMediHist_Sistema.2026-07-01.ndjson#AporEnerMediHist:Sistema:2026-07-01:2026-07-31
2026-07-05,CapaUtilDiarEner,17440222876,kWh,xm:servapibi,2026-09-22T19:30:18Z,xm/2026/07/CapaUtilDiarEner_Sistema.2026-07-01.ndjson#CapaUtilDiarEner:Sistema:2026-07-01:2026-07-31
2026-07-05,DemaSIN,223544545.77,kWh,xm:servapibi,2026-09-22T19:30:24Z,xm/2026/07/DemaSIN_Sistema.2026-07-01.ndjson#DemaSIN:Sistema:2026-07-01:2026-07-31
2026-07-05,PorcApor,0.8154,fraction,xm:servapibi,2026-09-22T19:30:22Z,xm/2026/07/PorcApor_Sistema.2026-07-01.ndjson#PorcApor:Sistema:2026-07-01:2026-07-31
2026-07-05,PorcVoluUtilDiar,0.78232,fraction,xm:servapibi,2026-09-22T19:30:15Z,xm/2026/07/PorcVoluUtilDiar_Sistema.2026-07-01.ndjson#PorcVoluUtilDiar:Sistema:2026-07-01:2026-07-31
2026-07-05,PrecBolsNaci,687.46241,COP/kWh,xm:servapibi,2026-09-22T19:30:27Z,xm/2026/07/PrecBolsNaci_Sistema.2026-07-01.ndjson#PrecBolsNaci:Sistema:2026-07-01:2026-07-31
2026-07-05,PrecEscaAct,1221.30934,COP/kWh,xm:servapibi,2026-09-22T19:30:25Z,xm/2026/07/PrecEscaAct_Sistema.2026-07-01.ndjson#PrecEscaAct:Sistema:2026-07-01:2026-07-31
2026-07-05,VoluUtilDiarEner,13643756500,kWh,xm:servapibi,2026-09-22T19:30:16Z,xm/2026/07/VoluUtilDiarEner_Sistema.2026-07-01.ndjson#VoluUtilDiarEner:Sistema:2026-07-01:2026-07-31
2026-07-06,AporEner,184796085.86,kWh,xm:servapibi,2026-09-22T19:30:19Z,xm/2026/07/AporEner_Sistema.2026-07-01.ndjson#AporEner:Sistema:2026-07-01:2026-07-31
2026-07-06,AporEnerMediHist,252560000,kWh,xm:servapibi,2026-09-22T19:30:21Z,xm/2026/07/AporEnerMediHist_Sistema.2026-07-01.ndjson#AporEnerMediHist:Sistema:2026-07-01:2026-07-31
2026-07-06,CapaUtilDiarEner,17440222876,kWh,xm:servapibi,2026-09-22T19:30:18Z,xm/2026/07/CapaUtilDiarEner_Sistema.2026-07-01.ndjson#CapaUtilDiarEner:Sistema:2026-07-01:2026-07-31
2026-07-06,DemaSIN,255427263.74,kWh,xm:servapibi,2026-09-22T19:30:24Z,xm/2026/07/DemaSIN_Sistema.2026-07-01.ndjson#DemaSIN:Sistema:2026-07-01:2026-07-31
2026-07-06,PorcApor,0.73169,fraction,xm:servapibi,2026-09-22T19:30:22Z,xm/2026/07/PorcApor_Sistema.2026-07-01.ndjson#PorcApor:Sistema:2026-07-01:2026-07-31
2026-07-06,PorcVoluUtilDiar,0.78258,fraction,xm:servapibi,2026-09-22T19:30:15Z,xm/2026/07/PorcVoluUtilDiar_Sistema.2026-07-01.ndjson#PorcVoluUtilDiar:Sistema:2026-07-01:2026-07-31
2026-07-06,PrecBolsNaci,798.7541366666668,COP/kWh,xm:servapibi,2026-09-22T19:30:27Z,xm/2026/07/PrecBolsNaci_Sistema.2026-07-01.ndjson#PrecBolsNaci:Sistema:2026-07-01:2026-07-31
2026-07-06,PrecEscaAct,1221.30934,COP/kWh,xm:servapibi,2026-09-22T19:30:25Z,xm/2026/07/PrecEscaAct_Sistema.2026-07-01.ndjson#PrecEscaAct:Sistema:2026-07-01:2026-07-31
2026-07-06,VoluUtilDiarEner,13648317500,kWh,xm:servapibi,2026-09-22T19:30:16Z,xm/2026/07/VoluUtilDiarEner_Sistema.2026-07-01.ndjson#VoluUtilDiarEner:Sistema:2026-07-01:2026-07-31
2026-07-07,AporEner,171750961.89,kWh,xm:servapibi,2026-09-22T19:30:19Z,xm/2026/07/AporEner_Sistema.2026-07-01.ndjson#AporEner:Sistema:2026-07-01:2026-07-31
2026-07-07,AporEnerMediHist,252560000,kWh,xm:servapibi,2026-09-22T19:30:21Z,xm/2026/07/AporEnerMediHist_Sistema.2026-07-01.ndjson#AporEnerMediHist:Sistema:2026-07-01:2026-07-31
2026-07-07,CapaUtilDiarEner,17440222876,kWh,xm:servapibi,2026-09-22T19:30:18Z,xm/2026/07/CapaUtilDiarEner_Sistema.2026-07-01.ndjson#CapaUtilDiarEner:Sistema:2026-07-01:2026-07-31
2026-07-07,DemaSIN,258605281.03,kWh,xm:servapibi,2026-09-22T19:30:24Z,xm/2026/07/DemaSIN_Sistema.2026-07-01.ndjson#DemaSIN:Sistema:2026-07-01:2026-07-31
2026-07-07,PorcApor,0.68004,fraction,xm:servapibi,2026-09-22T19:30:22Z,xm/2026/07/PorcApor_Sistema.2026-07-01.ndjson#PorcApor:Sistema:2026-07-01:2026-07-31
2026-07-07,PorcVoluUtilDiar,0.78171,fraction,xm:servapibi,2026-09-22T19:30:15Z,xm/2026/07/PorcVoluUtilDiar_Sistema.2026-07-01.ndjson#PorcVoluUtilDiar:Sistema:2026-07-01:2026-07-31
2026-07-07,PrecBolsNaci,724.0969683333333,COP/kWh,xm:servapibi,2026-09-22T19:30:27Z,xm/2026/07/PrecBolsNaci_Sistema.2026-07-01.ndjson#PrecBolsNaci:Sistema:2026-07-01:2026-07-31
2026-07-07,PrecEscaAct,1221.30934,COP/kWh,xm:servapibi,2026-09-22T19:30:25Z,xm/2026/07/PrecEscaAct_Sistema.2026-07-01.ndjson#PrecEscaAct:Sistema:2026-07-01:2026-07-31
2026-07-07,VoluUtilDiarEner,13633166800,kWh,xm:servapibi,2026-09-22T19:30:16Z,xm/2026/07/VoluUtilDiarEner_Sistema.2026-07-01.ndjson#VoluUtilDiarEner:Sistema:2026-07-01:2026-07-31
2026-07-08,AporEner,150970906.44,kWh,xm:servapibi,2026-09-22T19:30:19Z,xm/2026/07/AporEner_Sistema.2026-07-01.ndjson#AporEner:Sistema:2026-07-01:2026-07-31
2026-07-08,AporEnerMediHist,252560000,kWh,xm:servapibi,2026-09-22T19:30:21Z,xm/2026/07/AporEnerMediHist_Sistema.2026-07-01.ndjson#AporEnerMediHist:Sistema:2026-07-01:2026-07-31
2026-07-08,CapaUtilDiarEner,17440222876,kWh,xm:servapibi,2026-09-22T19:30:18Z,xm/2026/07/CapaUtilDiarEner_Sistema.2026-07-01.ndjson#CapaUtilDiarEner:Sistema:2026-07-01:2026-07-31
2026-07-08,DemaSIN,262305912.22,kWh,xm:servapibi,2026-09-22T19:30:24Z,xm/2026/07/DemaSIN_Sistema.2026-07-01.ndjson#DemaSIN:Sistema:2026-07-01:2026-07-31
2026-07-08,PorcApor,0.59776,fraction,xm:servapibi,2026-09-22T19:30:22Z,xm/2026/07/PorcApor_Sistema.2026-07-01.ndjson#PorcApor:Sistema:2026-07-01:2026-07-31
2026-07-08,PorcVoluUtilDiar,0.78005,fraction,xm:servapibi,2026-09-22T19:30:15Z,xm/2026/07/PorcVoluUtilDiar_Sistema.2026-07-01.ndjson#PorcVoluUtilDiar:Sistema:2026-07-01:2026-07-31
2026-07-08,PrecBolsNaci,736.0449583333333,COP/kWh,xm:servapibi,2026-09-22T19:30:27Z,xm/2026/07/PrecBolsNaci_Sistema.2026-07-01.ndjson#PrecBolsNaci:Sistema:2026-07-01:2026-07-31
2026-07-08,PrecEscaAct,1221.30934,COP/kWh,xm:servapibi,2026-09-22T19:30:25Z,xm/2026/07/PrecEscaAct_Sistema.2026-07-01.ndjson#PrecEscaAct:Sistema:2026-07-01:2026-07-31
2026-07-08,VoluUtilDiarEner,13604190500,kWh,xm:servapibi,2026-09-22T19:30:16Z,xm/2026/07/VoluUtilDiarEner_Sistema.2026-07-01.ndjson#VoluUtilDiarEner:Sistema:2026-07-01:2026-07-31
2026-07-09,AporEner,243141702.93,kWh,xm:servapibi,2026-09-22T19:30:19Z,xm/2026/07/AporEner_Sistema.2026-07-01.ndjson#AporEner:Sistema:2026-07-01:2026-07-31
2026-07-09,AporEnerMediHist,252560000,kWh,xm:servapibi,2026-09-22T19:30:21Z,xm/2026/07/AporEnerMediHist_Sistema.2026-07-01.ndjson#AporEnerMediHist:Sistema:2026-07-01:2026-07-31
2026-07-09,CapaUtilDiarEner,17440222876,kWh,xm:servapibi,2026-09-22T19:30:18Z,xm/2026/07/CapaUtilDiarEner_Sistema.2026-07-01.ndjson#CapaUtilDiarEner:Sistema:2026-07-01:2026-07-31
2026-07-09,DemaSIN,258590577.73,kWh,xm:servapibi,2026-09-22T19:30:24Z,xm/2026/07/DemaSIN_Sistema.2026-07-01.ndjson#DemaSIN:Sistema:2026-07-01:2026-07-31
2026-07-09,PorcApor,0.96271,fraction,xm:servapibi,2026-09-22T19:30:22Z,xm/2026/07/PorcApor_Sistema.2026-07-01.ndjson#PorcApor:Sistema:2026-07-01:2026-07-31
2026-07-09,PorcVoluUtilDiar,0.78411,fraction,xm:servapibi,2026-09-22T19:30:15Z,xm/2026/07/PorcVoluUtilDiar_Sistema.2026-07-01.ndjson#PorcVoluUtilDiar:Sistema:2026-07-01:2026-07-31
2026-07-09,PrecBolsNaci,724.5036333333334,COP/kWh,xm:servapibi,2026-09-22T19:30:27Z,xm/2026/07/PrecBolsNaci_Sistema.2026-07-01.ndjson#PrecBolsNaci:Sistema:2026-07-01:2026-07-31
2026-07-09,PrecEscaAct,1221.30934,COP/kWh,xm:servapibi,2026-09-22T19:30:25Z,xm/2026/07/PrecEscaAct_Sistema.2026-07-01.ndjson#PrecEscaAct:Sistema:2026-07-01:2026-07-31
2026-07-09,VoluUtilDiarEner,13675010800,kWh,xm:servapibi,2026-09-22T19:30:16Z,xm/2026/07/VoluUtilDiarEner_Sistema.2026-07-01.ndjson#VoluUtilDiarEner:Sistema:2026-07-01:2026-07-31
2026-07-10,AporEner,206700764.86,kWh,xm:servapibi,2026-09-22T19:30:19Z,xm/2026/07/AporEner_Sistema.2026-07-01.ndjson#AporEner:Sistema:2026-07-01:2026-07-31
2026-07-10,AporEnerMediHist,252560000,kWh,xm:servapibi,2026-09-22T19:30:21Z,xm/2026/07/AporEnerMediHist_Sistema.2026-07-01.ndjson#AporEnerMediHist:Sistema:2026-07-01:2026-07-31
2026-07-10,CapaUtilDiarEner,17440222876,kWh,xm:servapibi,2026-09-22T19:30:18Z,xm/2026/07/CapaUtilDiarEner_Sistema.2026-07-01.ndjson#CapaUtilDiarEner:Sistema:2026-07-01:2026-07-31
2026-07-10,DemaSIN,255265059.04,kWh,xm:servapibi,2026-09-22T19:30:24Z,xm/2026/07/DemaSIN_Sistema.2026-07-01.ndjson#DemaSIN:Sistema:2026-07-01:2026-07-31
2026-07-10,PorcApor,0.81842,fraction,xm:servapibi,2026-09-22T19:30:22Z,xm/2026/07/PorcApor_Sistema.2026-07-01.ndjson#PorcApor:Sistema:2026-07-01:2026-07-31
2026-07-10,PorcVoluUtilDiar,0.78441,fraction,xm:servapibi,2026-09-22T19:30:15Z,xm/2026/07/PorcVoluUtilDiar_Sistema.2026-07-01.ndjson#PorcVoluUtilDiar:Sistema:2026-07-01:2026-07-31
2026-07-10,PrecBolsNaci,728.6329016666667,COP/kWh,xm:servapibi,2026-09-22T19:30:27Z,xm/2026/07/PrecBolsNaci_Sistema.2026-07-01.ndjson#PrecBolsNaci:Sistema:2026-07-01:2026-07-31
2026-07-10,PrecEscaAct,1221.30934,COP/kWh,xm:servapibi,2026-09-22T19:30:25Z,xm/2026/07/PrecEscaAct_Sistema.2026-07-01.ndjson#PrecEscaAct:Sistema:2026-07-01:2026-07-31
2026-07-10,VoluUtilDiarEner,13680289200,kWh,xm:servapibi,2026-09-22T19:30:16Z,xm/2026/07/VoluUtilDiarEner_Sistema.2026-07-01.ndjson#VoluUtilDiarEner:Sistema:2026-07-01:2026-07-31
2026-07-11,AporEner,169204922.29,kWh,xm:servapibi,2026-09-22T19:30:19Z,xm/2026/07/AporEner_Sistema.2026-07-01.ndjson#AporEner:Sistema:2026-07-01:2026-07-31
2026-07-11,AporEnerMediHist,252560000,kWh,xm:servapibi,2026-09-22T19:30:21Z,xm/2026/07/AporEnerMediHist_Sistema.2026-07-01.ndjson#AporEnerMediHist:Sistema:2026-07-01:2026-07-31
2026-07-11,CapaUtilDiarEner,17440222876,kWh,xm:servapibi,2026-09-22T19:30:18Z,xm/2026/07/CapaUtilDiarEner_Sistema.2026-07-01.ndjson#CapaUtilDiarEner:Sistema:2026-07-01:2026-07-31
2026-07-11,DemaSIN,244916796.96,kWh,xm:servapibi,2026-09-22T19:30:24Z,xm/2026/07/DemaSIN_Sistema.2026-07-01.ndjson#DemaSIN:Sistema:2026-07-01:2026-07-31
2026-07-11,PorcApor,0.66996,fraction,xm:servapibi,2026-09-22T19:30:22Z,xm/2026/07/PorcApor_Sistema.2026-07-01.ndjson#PorcApor:Sistema:2026-07-01:2026-07-31
2026-07-11,PorcVoluUtilDiar,0.78508,fraction,xm:servapibi,2026-09-22T19:30:15Z,xm/2026/07/PorcVoluUtilDiar_Sistema.2026-07-01.ndjson#PorcVoluUtilDiar:Sistema:2026-07-01:2026-07-31
2026-07-11,PrecBolsNaci,755.3054333333334,COP/kWh,xm:servapibi,2026-09-22T19:30:27Z,xm/2026/07/PrecBolsNaci_Sistema.2026-07-01.ndjson#PrecBolsNaci:Sistema:2026-07-01:2026-07-31
2026-07-11,PrecEscaAct,1221.30934,COP/kWh,xm:servapibi,2026-09-22T19:30:25Z,xm/2026/07/PrecEscaAct_Sistema.2026-07-01.ndjson#PrecEscaAct:Sistema:2026-07-01:2026-07-31
2026-07-11,VoluUtilDiarEner,13691986000,kWh,xm:servapibi,2026-09-22T19:30:16Z,xm/2026/07/VoluUtilDiarEner_Sistema.2026-07-01.ndjson#VoluUtilDiarEner:Sistema:2026-07-01:2026-07-31
2026-07-12,AporEner,200008676.28,kWh,xm:servapibi,2026-09-22T19:30:19Z,xm/2026/07/AporEner_Sistema.2026-07-01.ndjson#AporEner:Sistema:2026-07-01:2026-07-31
2026-07-12,AporEnerMediHist,252560000,kWh,xm:servapibi,2026-09-22T19:30:21Z,xm/2026/07/AporEnerMediHist_Sistema.2026-07-01.ndjson#AporEnerMediHist:Sistema:2026-07-01:2026-07-31
2026-07-12,CapaUtilDiarEner,17440222876,kWh,xm:servapibi,2026-09-22T19:30:18Z,xm/2026/07/CapaUtilDiarEner_Sistema.2026-07-01.ndjson#CapaUtilDiarEner:Sistema:2026-07-01:2026-07-31
2026-07-12,DemaSIN,222297934.77,kWh,xm:servapibi,2026-09-22T19:30:24Z,xm/2026/07/DemaSIN_Sistema.2026-07-01.ndjson#DemaSIN:Sistema:2026-07-01:2026-07-31
2026-07-12,PorcApor,0.79193,fraction,xm:servapibi,2026-09-22T19:30:22Z,xm/2026/07/PorcApor_Sistema.2026-07-01.ndjson#PorcApor:Sistema:2026-07-01:2026-07-31
2026-07-12,PorcVoluUtilDiar,0.78792,fraction,xm:servapibi,2026-09-22T19:30:15Z,xm/2026/07/PorcVoluUtilDiar_Sistema.2026-07-01.ndjson#PorcVoluUtilDiar:Sistema:2026-07-01:2026-07-31
2026-07-12,PrecBolsNaci,785.1320233333334,COP/kWh,xm:servapibi,2026-09-22T19:30:27Z,xm/2026/07/PrecBolsNaci_Sistema.2026-07-01.ndjson#PrecBolsNaci:Sistema:2026-07-01:2026-07-31
2026-07-12,PrecEscaAct,1221.30934,COP/kWh,xm:servapibi,2026-09-22T19:30:25Z,xm/2026/07/PrecEscaAct_Sistema.2026-07-01.ndjson#PrecEscaAct:Sistema:2026-07-01:2026-07-31
2026-07-12,VoluUtilDiarEner,13741467500,kWh,xm:servapibi,2026-09-22T19:30:16Z,xm/2026/07/VoluUtilDiarEner_Sistema.2026-07-01.ndjson#VoluUtilDiarEner:Sistema:2026-07-01:2026-07-31
2026-07-13,AporEner,168368600.52,kWh,xm:servapibi,2026-09-22T19:30:19Z,xm/2026/07/AporEner_Sistema.2026-07-01.ndjson#AporEner:Sistema:2026-07-01:2026-07-31
2026-07-13,AporEnerMediHist,252560000,kWh,xm:servapibi,2026-09-22T19:30:21Z,xm/2026/07/AporEnerMediHist_Sistema.2026-07-01.ndjson#AporEnerMediHist:Sistema:2026-07-01:2026-07-31
2026-07-13,CapaUtilDiarEner,17440222876,kWh,xm:servapibi,2026-09-22T19:30:18Z,xm/2026/07/CapaUtilDiarEner_Sistema.2026-07-01.ndjson#CapaUtilDiarEner:Sistema:2026-07-01:2026-07-31
2026-07-13,DemaSIN,225507110.92,kWh,xm:servapibi,2026-09-22T19:30:24Z,xm/2026/07/DemaSIN_Sistema.2026-07-01.ndjson#DemaSIN:Sistema:2026-07-01:2026-07-31
2026-07-13,PorcApor,0.66665,fraction,xm:servapibi,2026-09-22T19:30:22Z,xm/2026/07/PorcApor_Sistema.2026-07-01.ndjson#PorcApor:Sistema:2026-07-01:2026-07-31
2026-07-13,PorcVoluUtilDiar,0.7891,fraction,xm:servapibi,2026-09-22T19:30:15Z,xm/2026/07/PorcVoluUtilDiar_Sistema.2026-07-01.ndjson#PorcVoluUtilDiar:Sistema:2026-07-01:2026-07-31
2026-07-13,PrecBolsNaci,805.4051233333336,COP/kWh,xm:servapibi,2026-09-22T19:30:27Z,xm/2026/07/PrecBolsNaci_Sistema.2026-07-01.ndjson#PrecBolsNaci:Sistema:2026-07-01:2026-07-31
2026-07-13,PrecEscaAct,1221.30934,COP/kWh,xm:servapibi,2026-09-22T19:30:25Z,xm/2026/07/PrecEscaAct_Sistema.2026-07-01.ndjson#PrecEscaAct:Sistema:2026-07-01:2026-07-31
2026-07-13,VoluUtilDiarEner,13762158900,kWh,xm:servapibi,2026-09-22T19:30:16Z,xm/2026/07/VoluUtilDiarEner_Sistema.2026-07-01.ndjson#VoluUtilDiarEner:Sistema:2026-07-01:2026-07-31
2026-07-14,AporEner,152319693.63,kWh,xm:servapibi,2026-09-22T19:30:19Z,xm/2026/07/AporEner_Sistema.2026-07-01.ndjson#AporEner:Sistema:2026-07-01:2026-07-31
2026-07-14,AporEnerMediHist,252560000,kWh,xm:servapibi,2026-09-22T19:30:21Z,xm/2026/07/AporEnerMediHist_Sistema.2026-07-01.ndjson#AporEnerMediHist:Sistema:2026-07-01:2026-07-31
2026-07-14,CapaUtilDiarEner,17440222876,kWh,xm:servapibi,2026-09-22T19:30:18Z,xm/2026/07/CapaUtilDiarEner_Sistema.2026-07-01.ndjson#CapaUtilDiarEner:Sistema:2026-07-01:2026-07-31
2026-07-14,DemaSIN,253519516.08,kWh,xm:servapibi,2026-09-22T19:30:24Z,xm/2026/07/DemaSIN_Sistema.2026-07-01.ndjson#DemaSIN:Sistema:2026-07-01:2026-07-31
2026-07-14,PorcApor,0.6031,fraction,xm:servapibi,2026-09-22T19:30:22Z,xm/2026/07/PorcApor_Sistema.2026-07-01.ndjson#PorcApor:Sistema:2026-07-01:2026-07-31
2026-07-14,PorcVoluUtilDiar,0.7879,fraction,xm:servapibi,2026-09-22T19:30:15Z,xm/2026/07/PorcVoluUtilDiar_Sistema.2026-07-01.ndjson#PorcVoluUtilDiar:Sistema:2026-07-01:2026-07-31
2026-07-14,PrecBolsNaci,844.2169566666663,COP/kWh,xm:servapibi,2026-09-22T19:30:27Z,xm/2026/07/PrecBolsNaci_Sistema.2026-07-01.ndjson#PrecBolsNaci:Sistema:2026-07-01:2026-07-31
2026-07-14,PrecEscaAct,1221.30934,COP/kWh,xm:servapibi,2026-09-22T19:30:25Z,xm/2026/07/PrecEscaAct_Sistema.2026-07-01.ndjson#PrecEscaAct:Sistema:2026-07-01:2026-07-31
2026-07-14,VoluUtilDiarEner,13741181800,kWh,xm:servapibi,2026-09-22T19:30:16Z,xm/2026/07/VoluUtilDiarEner_Sistema.2026-07-01.ndjson#VoluUtilDiarEner:Sistema:2026-07-01:2026-07-31
2026-07-15,AporEner,197815999.38,kWh,xm:servapibi,2026-09-22T19:30:19Z,xm/2026/07/AporEner_Sistema.2026-07-01.ndjson#AporEner:Sistema:2026-07-01:2026-07-31
2026-07-15,AporEnerMediHist,252560000,kWh,xm:servapibi,2026-09-22T19:30:21Z,xm/2026/07/AporEnerMediHist_Sistema.2026-07-01.ndjson#AporEnerMediHist:Sistema:2026-07-01:2026-07-31
2026-07-15,CapaUtilDiarEner,17440222876,kWh,xm:servapibi,2026-09-22T19:30:18Z,xm/2026/07/CapaUtilDiarEner_Sistema.2026-07-01.ndjson#CapaUtilDiarEner:Sistema:2026-07-01:2026-07-31
2026-07-15,DemaSIN,260244586.44,kWh,xm:servapibi,2026-09-22T19:30:24Z,xm/2026/07/DemaSIN_Sistema.2026-07-01.ndjson#DemaSIN:Sistema:2026-07-01:2026-07-31
2026-07-15,PorcApor,0.78324,fraction,xm:servapibi,2026-09-22T19:30:22Z,xm/2026/07/PorcApor_Sistema.2026-07-01.ndjson#PorcApor:Sistema:2026-07-01:2026-07-31
2026-07-15,PorcVoluUtilDiar,0.7887,fraction,xm:servapibi,2026-09-22T19:30:15Z,xm/2026/07/PorcVoluUtilDiar_Sistema.2026-07-01.ndjson#PorcVoluUtilDiar:Sistema:2026-07-01:2026-07-31
2026-07-15,PrecBolsNaci,868.357155,COP/kWh,xm:servapibi,2026-09-22T19:30:27Z,xm/2026/07/PrecBolsNaci_Sistema.2026-07-01.ndjson#PrecBolsNaci:Sistema:2026-07-01:2026-07-31
2026-07-15,PrecEscaAct,1221.30934,COP/kWh,xm:servapibi,2026-09-22T19:30:25Z,xm/2026/07/PrecEscaAct_Sistema.2026-07-01.ndjson#PrecEscaAct:Sistema:2026-07-01:2026-07-31
2026-07-15,VoluUtilDiarEner,13755037500,kWh,xm:servapibi,2026-09-22T19:30:16Z,xm/2026/07/VoluUtilDiarEner_Sistema.2026-07-01.ndjson#VoluUtilDiarEner:Sistema:2026-07-01:2026-07-31
2026-07-16,AporEner,171619880.16,kWh,xm:servapibi,2026-09-22T19:30:19Z,xm/2026/07/AporEner_Sistema.2026-07-01.ndjson#AporEner:Sistema:2026-07-01:2026-07-31
2026-07-16,AporEnerMediHist,252560000,kWh,xm:servapibi,2026-09-22T19:30:21Z,xm/2026/07/AporEnerMediHist_Sistema.2026-07-01.ndjson#AporEnerMediHist:Sistema:2026-07-01:2026-07-31
2026-07-16,CapaUtilDiarEner,17440222876,kWh,xm:servapibi,2026-09-22T19:30:18Z,xm/2026/07/CapaUtilDiarEner_Sistema.2026-07-01.ndjson#CapaUtilDiarEner:Sistema:2026-07-01:2026-07-31
2026-07-16,DemaSIN,261129051.38,kWh,xm:servapibi,2026-09-22T19:30:24Z,xm/2026/07/DemaSIN_Sistema.2026-07-01.ndjson#DemaSIN:Sistema:2026-07-01:2026-07-31
2026-07-16,PorcApor,0.67952,fraction,xm:servapibi,2026-09-22T19:30:22Z,xm/2026/07/PorcApor_Sistema.2026-07-01.ndjson#PorcApor:Sistema:2026-07-01:2026-07-31
2026-07-16,PorcVoluUtilDiar,0.7882,fraction,xm:servapibi,2026-09-22T19:30:15Z,xm/2026/07/PorcVoluUtilDiar_Sistema.2026-07-01.ndjson#PorcVoluUtilDiar:Sistema:2026-07-01:2026-07-31
2026-07-16,PrecBolsNaci,827.1941966666665,COP/kWh,xm:servapibi,2026-09-22T19:30:27Z,xm/2026/07/PrecBolsNaci_Sistema.2026-07-01.ndjson#PrecBolsNaci:Sistema:2026-07-01:2026-07-31
2026-07-16,PrecEscaAct,1221.30934,COP/kWh,xm:servapibi,2026-09-22T19:30:25Z,xm/2026/07/PrecEscaAct_Sistema.2026-07-01.ndjson#PrecEscaAct:Sistema:2026-07-01:2026-07-31
2026-07-16,VoluUtilDiarEner,13746346700,kWh,xm:servapibi,2026-09-22T19:30:16Z,xm/2026/07/VoluUtilDiarEner_Sistema.2026-07-01.ndjson#VoluUtilDiarEner:Sistema:2026-07-01:2026-07-31
2026-07-17,AporEner,147932894.92,kWh,xm:servapibi,2026-09-22T19:30:19Z,xm/2026/07/AporEner_Sistema.2026-07-01.ndjson#AporEner:Sistema:2026-07-01:2026-07-31
2026-07-17,AporEnerMediHist,252560000,kWh,xm:servapibi,2026-09-22T19:30:21Z,xm/2026/07/AporEnerMediHist_Sistema.2026-07-01.ndjson#AporEnerMediHist:Sistema:2026-07-01:2026-07-31
2026-07-17,CapaUtilDiarEner,17440222876,kWh,xm:servapibi,2026-09-22T19:30:18Z,xm/2026/07/CapaUtilDiarEner_Sistema.2026-07-01.ndjson#CapaUtilDiarEner:Sistema:2026-07-01:2026-07-31
2026-07-17,DemaSIN,261984590.42,kWh,xm:servapibi,2026-09-22T19:30:24Z,xm/2026/07/DemaSIN_Sistema.2026-07-01.ndjson#DemaSIN:Sistema:2026-07-01:2026-07-31
2026-07-17,PorcApor,0.58573,fraction,xm:servapibi,2026-09-22T19:30:22Z,xm/2026/07/PorcApor_Sistema.2026-07-01.ndjson#PorcApor:Sistema:2026-07-01:2026-07-31
2026-07-17,PorcVoluUtilDiar,0.78647,fraction,xm:servapibi,2026-09-22T19:30:15Z,xm/2026/07/PorcVoluUtilDiar_Sistema.2026-07-01.ndjson#PorcVoluUtilDiar:Sistema:2026-07-01:2026-07-31
2026-07-17,PrecBolsNaci,849.028725,COP/kWh,xm:servapibi,2026-09-22T19:30:27Z,xm/2026/07/PrecBolsNaci_Sistema.2026-07-01.ndjson#PrecBolsNaci:Sistema:2026-07-01:2026-07-31
2026-07-17,PrecEscaAct,1221.30934,COP/kWh,xm:servapibi,2026-09-22T19:30:25Z,xm/2026/07/PrecEscaAct_Sistema.2026-07-01.ndjson#PrecEscaAct:Sistema:2026-07-01:2026-07-31
2026-07-17,VoluUtilDiarEner,13716242800,kWh,xm:servapibi,2026-09-22T19:30:16Z,xm/2026/07/VoluUtilDiarEner_Sistema.2026-07-01.ndjson#VoluUtilDiarEner:Sistema:2026-07-01:2026-07-31
2026-07-18,AporEner,172915407.06,kWh,xm:servapibi,2026-09-22T19:30:19Z,xm/2026/07/AporEner_Sistema.2026-07-01.ndjson#AporEner:Sistema:2026-07-01:2026-07-31
2026-07-18,AporEnerMediHist,252560000,kWh,xm:servapibi,2026-09-22T19:30:21Z,xm/2026/07/AporEnerMediHist_Sistema.2026-07-01.ndjson#AporEnerMediHist:Sistema:2026-07-01:2026-07-31
2026-07-18,CapaUtilDiarEner,17440222876,kWh,xm:servapibi,2026-09-22T19:30:18Z,xm/2026/07/CapaUtilDiarEner_Sistema.2026-07-01.ndjson#CapaUtilDiarEner:Sistema:2026-07-01:2026-07-31
2026-07-18,DemaSIN,248196445.1,kWh,xm:servapibi,2026-09-22T19:30:24Z,xm/2026/07/DemaSIN_Sistema.2026-07-01.ndjson#DemaSIN:Sistema:2026-07-01:2026-07-31
2026-07-18,PorcApor,0.68465,fraction,xm:servapibi,2026-09-22T19:30:22Z,xm/2026/07/PorcApor_Sistema.2026-07-01.ndjson#PorcApor:Sistema:2026-07-01:2026-07-31
2026-07-18,PorcVoluUtilDiar,0.78729,fraction,xm:servapibi,2026-09-22T19:30:15Z,xm/2026/07/PorcVoluUtilDiar_Sistema.2026-07-01.ndjson#PorcVoluUtilDiar:Sistema:2026-07-01:2026-07-31
2026-07-18,PrecBolsNaci,785.9069583333331,COP/kWh,xm:servapibi,2026-09-22T19:30:27Z,xm/2026/07/PrecBolsNaci_Sistema.2026-07-01.ndjson#PrecBolsNaci:Sistema:2026-07-01:2026-07-31
2026-07-18,PrecEscaAct,1221.30934,COP/kWh,xm:servapibi,2026-09-22T19:30:25Z,xm/2026/07/PrecEscaAct_Sistema.2026-07-01.ndjson#PrecEscaAct:Sistema:2026-07-01:2026-07-31
2026-07-18,VoluUtilDiarEner,13730490600,kWh,xm:servapibi,2026-09-22T19:30:16Z,xm/2026/07/VoluUtilDiarEner_Sistema.2026-07-01.ndjson#VoluUtilDiarEner:Sistema:2026-07-01:2026-07-31
2026-07-19,AporEner,267556123.88,kWh,xm:servapibi,2026-09-22T19:30:19Z,xm/2026/07/AporEner_Sistema.2026-07-01.ndjson#AporEner:Sistema:2026-07-01:2026-07-31
2026-07-19,AporEnerMediHist,252560000,kWh,xm:servapibi,2026-09-22T19:30:21Z,xm/2026/07/AporEnerMediHist_Sistema.2026-07-01.ndjson#AporEnerMediHist:Sistema:2026-07-01:2026-07-31
2026-07-19,CapaUtilDiarEner,17440222876,kWh,xm:servapibi,2026-09-22T19:30:18Z,xm/2026/07/CapaUtilDiarEner_Sistema.2026-07-01.ndjson#CapaUtilDiarEner:Sistema:2026-07-01:2026-07-31
2026-07-19,DemaSIN,223735233.23,kWh,xm:servapibi,2026-09-22T19:30:24Z,xm/2026/07/DemaSIN_Sistema.2026-07-01.ndjson#DemaSIN:Sistema:2026-07-01:2026-07-31
2026-07-19,PorcApor,1.05938,fraction,xm:servapibi,2026-09-22T19:30:22Z,xm/2026/07/PorcApor_Sistema.2026-07-01.ndjson#PorcApor:Sistema:2026-07-01:2026-07-31
2026-07-19,PorcVoluUtilDiar,0.78942,fraction,xm:servapibi,2026-09-22T19:30:15Z,xm/2026/07/PorcVoluUtilDiar_Sistema.2026-07-01.ndjson#PorcVoluUtilDiar:Sistema:2026-07-01:2026-07-31
2026-07-19,PrecBolsNaci,817.3834049999997,COP/kWh,xm:servapibi,2026-09-22T19:30:27Z,xm/2026/07/PrecBolsNaci_Sistema.2026-07-01.ndjson#PrecBolsNaci:Sistema:2026-07-01:2026-07-31
2026-07-19,PrecEscaAct,1221.30934,COP/kWh,xm:servapibi,2026-09-22T19:30:25Z,xm/2026/07/PrecEscaAct_Sistema.2026-07-01.ndjson#PrecEscaAct:Sistema:2026-07-01:2026-07-31
2026-07-19,VoluUtilDiarEner,13767616400,kWh,xm:servapibi,2026-09-22T19:30:16Z,xm/2026/07/VoluUtilDiarEner_Sistema.2026-07-01.ndjson#VoluUtilDiarEner:Sistema:2026-07-01:2026-07-31
2026-07-20,AporEner,228965934.8,kWh,xm:servapibi,2026-09-22T19:30:19Z,xm/2026/07/AporEner_Sistema.2026-07-01.ndjson#AporEner:Sistema:2026-07-01:2026-07-31
2026-07-20,AporEnerMediHist,252560000,kWh,xm:servapibi,2026-09-22T19:30:21Z,xm/2026/07/AporEnerMediHist_Sistema.2026-07-01.ndjson#AporEnerMediHist:Sistema:2026-07-01:2026-07-31
2026-07-20,CapaUtilDiarEner,17440222876,kWh,xm:servapibi,2026-09-22T19:30:18Z,xm/2026/07/CapaUtilDiarEner_Sistema.2026-07-01.ndjson#CapaUtilDiarEner:Sistema:2026-07-01:2026-07-31
2026-07-20,DemaSIN,221276116.54,kWh,xm:servapibi,2026-09-22T19:30:24Z,xm/2026/07/DemaSIN_Sistema.2026-07-01.ndjson#DemaSIN:Sistema:2026-07-01:2026-07-31
2026-07-20,PorcApor,0.90658,fraction,xm:servapibi,2026-09-22T19:30:22Z,xm/2026/07/PorcApor_Sistema.2026-07-01.ndjson#PorcApor:Sistema:2026-07-01:2026-07-31
2026-07-20,PorcVoluUtilDiar,0.79276,fraction,xm:servapibi,2026-09-22T19:30:15Z,xm/2026/07/PorcVoluUtilDiar_Sistema.2026-07-01.ndjson#PorcVoluUtilDiar:Sistema:2026-07-01:2026-07-31
2026-07-20,PrecBolsNaci,786.68032,COP/kWh,xm:servapibi,2026-09-22T19:30:27Z,xm/2026/07/PrecBolsNaci_Sistema.2026-07-01.ndjson#PrecBolsNaci:Sistema:2026-07-01:2026-07-31
2026-07-20,PrecEscaAct,1221.30934,COP/kWh,xm:servapibi,2026-09-22T19:30:25Z,xm/2026/07/PrecEscaAct_Sistema.2026-07-01.ndjson#PrecEscaAct:Sistema:2026-07-01:2026-07-31
2026-07-20,VoluUtilDiarEner,13825894100,kWh,xm:servapibi,2026-09-22T19:30:16Z,xm/2026/07/VoluUtilDiarEner_Sistema.2026-07-01.ndjson#VoluUtilDiarEner:Sistema:2026-07-01:2026-07-31
2026-07-21,AporEner,180851715.95,kWh,xm:servapibi,2026-09-22T19:30:19Z,xm/2026/07/AporEner_Sistema.2026-07-01.ndjson#AporEner:Sistema:2026-07-01:2026-07-31
2026-07-21,AporEnerMediHist,252560000,kWh,xm:servapibi,2026-09-22T19:30:21Z,xm/2026/07/AporEnerMediHist_Sistema.2026-07-01.ndjson#AporEnerMediHist:Sistema:2026-07-01:2026-07-31
2026-07-21,CapaUtilDiarEner,17440222876,kWh,xm:servapibi,2026-09-22T19:30:18Z,xm/2026/07/CapaUtilDiarEner_Sistema.2026-07-01.ndjson#CapaUtilDiarEner:Sistema:2026-07-01:2026-07-31
2026-07-21,DemaSIN,245836210.78,kWh,xm:servapibi,2026-09-22T19:30:24Z,xm/2026/07/DemaSIN_Sistema.2026-07-01.ndjson#DemaSIN:Sistema:2026-07-01:2026-07-31
2026-07-21,PorcApor,0.71607,fraction,xm:servapibi,2026-09-22T19:30:22Z,xm/2026/07/PorcApor_Sistema.2026-07-01.ndjson#PorcApor:Sistema:2026-07-01:2026-07-31
2026-07-21,PorcVoluUtilDiar,0.79415,fraction,xm:servapibi,2026-09-22T19:30:15Z,xm/2026/07/PorcVoluUtilDiar_Sistema.2026-07-01.ndjson#PorcVoluUtilDiar:Sistema:2026-07-01:2026-07-31
2026-07-21,PrecBolsNaci,781.1907483333333,COP/kWh,xm:servapibi,2026-09-22T19:30:27Z,xm/2026/07/PrecBolsNaci_Sistema.2026-07-01.ndjson#PrecBolsNaci:Sistema:2026-07-01:2026-07-31
2026-07-21,PrecEscaAct,1221.30934,COP/kWh,xm:servapibi,2026-09-22T19:30:25Z,xm/2026/07/PrecEscaAct_Sistema.2026-07-01.ndjson#PrecEscaAct:Sistema:2026-07-01:2026-07-31
2026-07-21,VoluUtilDiarEner,13850151300,kWh,xm:servapibi,2026-09-22T19:30:16Z,xm/2026/07/VoluUtilDiarEner_Sistema.2026-07-01.ndjson#VoluUtilDiarEner:Sistema:2026-07-01:2026-07-31
2026-07-22,AporEner,156550498.75,kWh,xm:servapibi,2026-09-22T19:30:19Z,xm/2026/07/AporEner_Sistema.2026-07-01.ndjson#AporEner:Sistema:2026-07-01:2026-07-31
2026-07-22,AporEnerMediHist,252560000,kWh,xm:servapibi,2026-09-22T19:30:21Z,xm/2026/07/AporEnerMediHist_Sistema.2026-07-01.ndjson#AporEnerMediHist:Sistema:2026-07-01:2026-07-31
2026-07-22,CapaUtilDiarEner,17440222876,kWh,xm:servapibi,2026-09-22T19:30:18Z,xm/2026/07/CapaUtilDiarEner_Sistema.2026-07-01.ndjson#CapaUtilDiarEner:Sistema:2026-07-01:2026-07-31
2026-07-22,DemaSIN,254602068.86,kWh,xm:servapibi,2026-09-22T19:30:24Z,xm/2026/07/DemaSIN_Sistema.2026-07-01.ndjson#DemaSIN:Sistema:2026-07-01:2026-07-31
2026-07-22,PorcApor,0.61985,fraction,xm:servapibi,2026-09-22T19:30:22Z,xm/2026/07/PorcApor_Sistema.2026-07-01.ndjson#PorcApor:Sistema:2026-07-01:2026-07-31
2026-07-22,PorcVoluUtilDiar,0.79314,fraction,xm:servapibi,2026-09-22T19:30:15Z,xm/2026/07/PorcVoluUtilDiar_Sistema.2026-07-01.ndjson#PorcVoluUtilDiar:Sistema:2026-07-01:2026-07-31
2026-07-22,PrecBolsNaci,946.5139500000004,COP/kWh,xm:servapibi,2026-09-22T19:30:27Z,xm/2026/07/PrecBolsNaci_Sistema.2026-07-01.ndjson#PrecBolsNaci:Sistema:2026-07-01:2026-07-31
2026-07-22,PrecEscaAct,1221.30934,COP/kWh,xm:servapibi,2026-09-22T19:30:25Z,xm/2026/07/PrecEscaAct_Sistema.2026-07-01.ndjson#PrecEscaAct:Sistema:2026-07-01:2026-07-31
2026-07-22,VoluUtilDiarEner,13832595300,kWh,xm:servapibi,2026-09-22T19:30:16Z,xm/2026/07/VoluUtilDiarEner_Sistema.2026-07-01.ndjson#VoluUtilDiarEner:Sistema:2026-07-01:2026-07-31
2026-07-23,AporEner,400903790.95,kWh,xm:servapibi,2026-09-22T19:30:19Z,xm/2026/07/AporEner_Sistema.2026-07-01.ndjson#AporEner:Sistema:2026-07-01:2026-07-31
2026-07-23,AporEnerMediHist,252560000,kWh,xm:servapibi,2026-09-22T19:30:21Z,xm/2026/07/AporEnerMediHist_Sistema.2026-07-01.ndjson#AporEnerMediHist:Sistema:2026-07-01:2026-07-31
2026-07-23,CapaUtilDiarEner,17440222876,kWh,xm:servapibi,2026-09-22T19:30:18Z,xm/2026/07/CapaUtilDiarEner_Sistema.2026-07-01.ndjson#CapaUtilDiarEner:Sistema:2026-07-01:2026-07-31
2026-07-23,DemaSIN,251042608.54,kWh,xm:servapibi,2026-09-22T19:30:24Z,xm/2026/07/DemaSIN_Sistema.2026-07-01.ndjson#DemaSIN:Sistema:2026-07-01:2026-07-31
2026-07-23,PorcApor,1.58736,fraction,xm:servapibi,2026-09-22T19:30:22Z,xm/2026/07/PorcApor_Sistema.2026-07-01.ndjson#PorcApor:Sistema:2026-07-01:2026-07-31
2026-07-23,PorcVoluUtilDiar,0.80184,fraction,xm:servapibi,2026-09-22T19:30:15Z,xm/2026/07/PorcVoluUtilDiar_Sistema.2026-07-01.ndjson#PorcVoluUtilDiar:Sistema:2026-07-01:2026-07-31
2026-07-23,PrecBolsNaci,960.491993333334,COP/kWh,xm:servapibi,2026-09-22T19:30:27Z,xm/2026/07/PrecBolsNaci_Sistema.2026-07-01.ndjson#PrecBolsNaci:Sistema:2026-07-01:2026-07-31
2026-07-23,PrecEscaAct,1221.30934,COP/kWh,xm:servapibi,2026-09-22T19:30:25Z,xm/2026/07/PrecEscaAct_Sistema.2026-07-01.ndjson#PrecEscaAct:Sistema:2026-07-01:2026-07-31
2026-07-23,VoluUtilDiarEner,13984303600,kWh,xm:servapibi,2026-09-22T19:30:16Z,xm/2026/07/VoluUtilDiarEner_Sistema.2026-07-01.ndjson#VoluUtilDiarEner:Sistema:2026-07-01:2026-07-31
2026-07-24,AporEner,296525732.47,kWh,xm:servapibi,2026-09-22T19:30:19Z,xm/2026/07/AporEner_Sistema.2026-07-01.ndjson#AporEner:Sistema:2026-07-01:2026-07-31
2026-07-24,AporEnerMediHist,252560000,kWh,xm:servapibi,2026-09-22T19:30:21Z,xm/2026/07/AporEnerMediHist_Sistema.2026-07-01.ndjson#AporEnerMediHist:Sistema:2026-07-01:2026-07-31
2026-07-24,CapaUtilDiarEner,17440222876,kWh,xm:servapibi,2026-09-22T19:30:18Z,xm/2026/07/CapaUtilDiarEner_Sistema.2026-07-01.ndjson#CapaUtilDiarEner:Sistema:2026-07-01:2026-07-31
2026-07-24,DemaSIN,251492354.73,kWh,xm:servapibi,2026-09-22T19:30:24Z,xm/2026/07/DemaSIN_Sistema.2026-07-01.ndjson#DemaSIN:Sistema:2026-07-01:2026-07-31
2026-07-24,PorcApor,1.17408,fraction,xm:servapibi,2026-09-22T19:30:22Z,xm/2026/07/PorcApor_Sistema.2026-07-01.ndjson#PorcApor:Sistema:2026-07-01:2026-07-31
2026-07-24,PorcVoluUtilDiar,0.80489,fraction,xm:servapibi,2026-09-22T19:30:15Z,xm/2026/07/PorcVoluUtilDiar_Sistema.2026-07-01.ndjson#PorcVoluUtilDiar:Sistema:2026-07-01:2026-07-31
2026-07-24,PrecBolsNaci,848.7989949999995,COP/kWh,xm:servapibi,2026-09-22T19:30:27Z,xm/2026/07/PrecBolsNaci_Sistema.2026-07-01.ndjson#PrecBolsNaci:Sistema:2026-07-01:2026-07-31
2026-07-24,PrecEscaAct,1221.30934,COP/kWh,xm:servapibi,2026-09-22T19:30:25Z,xm/2026/07/PrecEscaAct_Sistema.2026-07-01.ndjson#PrecEscaAct:Sistema:2026-07-01:2026-07-31
2026-07-24,VoluUtilDiarEner,14037536600,kWh,xm:servapibi,2026-09-22T19:30:16Z,xm/2026/07/VoluUtilDiarEner_Sistema.2026-07-01.ndjson#VoluUtilDiarEner:Sistema:2026-07-01:2026-07-31
2026-07-25,AporEner,171474111.06,kWh,xm:servapibi,2026-09-22T19:30:19Z,xm/2026/07/AporEner_Sistema.2026-07-01.ndjson#AporEner:Sistema:2026-07-01:2026-07-31
2026-07-25,AporEnerMediHist,252560000,kWh,xm:servapibi,2026-09-22T19:30:21Z,xm/2026/07/AporEnerMediHist_Sistema.2026-07-01.ndjson#AporEnerMediHist:Sistema:2026-07-01:2026-07-31
2026-07-25,CapaUtilDiarEner,17440222876,kWh,xm:servapibi,2026-09-22T19:30:18Z,xm/2026/07/CapaUtilDiarEner_Sistema.2026-07-01.ndjson#CapaUtilDiarEner:Sistema:2026-07-01:2026-07-31
2026-07-25,DemaSIN,244297554.11,kWh,xm:servapibi,2026-09-22T19:30:24Z,xm/2026/07/DemaSIN_Sistema.2026-07-01.ndjson#DemaSIN:Sistema:2026-07-01:2026-07-31
2026-07-25,PorcApor,0.67894,fraction,xm:servapibi,2026-09-22T19:30:22Z,xm/2026/07/PorcApor_Sistema.2026-07-01.ndjson#PorcApor:Sistema:2026-07-01:2026-07-31
2026-07-25,PorcVoluUtilDiar,0.8058,fraction,xm:servapibi,2026-09-22T19:30:15Z,xm/2026/07/PorcVoluUtilDiar_Sistema.2026-07-01.ndjson#PorcVoluUtilDiar:Sistema:2026-07-01:2026-07-31
2026-07-25,PrecBolsNaci,677.2864616666664,COP/kWh,xm:servapibi,2026-09-22T19:30:27Z,xm/2026/07/PrecBolsNaci_Sistema.2026-07-01.ndjson#PrecBolsNaci:Sistema:2026-07-01:2026-07-31
2026-07-25,PrecEscaAct,1221.30934,COP/kWh,xm:servapibi,2026-09-22T19:30:25Z,xm/2026/07/PrecEscaAct_Sistema.2026-07-01.ndjson#PrecEscaAct:Sistema:2026-07-01:2026-07-31
2026-07-25,VoluUtilDiarEner,14053392500,kWh,xm:servapibi,2026-09-22T19:30:16Z,xm/2026/07/VoluUtilDiarEner_Sistema.2026-07-01.ndjson#VoluUtilDiarEner:Sistema:2026-07-01:2026-07-31
2026-07-26,AporEner,199804116.05,kWh,xm:servapibi,2026-09-22T19:30:19Z,xm/2026/07/AporEner_Sistema.2026-07-01.ndjson#AporEner:Sistema:2026-07-01:2026-07-31
2026-07-26,AporEnerMediHist,252560000,kWh,xm:servapibi,2026-09-22T19:30:21Z,xm/2026/07/AporEnerMediHist_Sistema.2026-07-01.ndjson#AporEnerMediHist:Sistema:2026-07-01:2026-07-31
2026-07-26,CapaUtilDiarEner,17440222876,kWh,xm:servapibi,2026-09-22T19:30:18Z,xm/2026/07/CapaUtilDiarEner_Sistema.2026-07-01.ndjson#CapaUtilDiarEner:Sistema:2026-07-01:2026-07-31
2026-07-26,DemaSIN,222817262.18,kWh,xm:servapibi,2026-09-22T19:30:24Z,xm/2026/07/DemaSIN_Sistema.2026-07-01.ndjson#DemaSIN:Sistema:2026-07-01:2026-07-31
2026-07-26,PorcApor,0.79112,fraction,xm:servapibi,2026-09-22T19:30:22Z,xm/2026/07/PorcApor_Sistema.2026-07-01.ndjson#PorcApor:Sistema:2026-07-01:2026-07-31
2026-07-26,PorcVoluUtilDiar,0.80818,fraction,xm:servapibi,2026-09-22T19:30:15Z,xm/2026/07/PorcVoluUtilDiar_Sistema.2026-07-01.ndjson#PorcVoluUtilDiar:Sistema:2026-07-01:2026-07-31
2026-07-26,PrecBolsNaci,560.7676283333332,COP/kWh,xm:servapibi,2026-09-22T19:30:27Z,xm/2026/07/PrecBolsNaci_Sistema.2026-07-01.ndjson#PrecBolsNaci:Sistema:2026-07-01:2026-07-31
2026-07-26,PrecEscaAct,1221.30934,COP/kWh,xm:servapibi,2026-09-22T19:30:25Z,xm/2026/07/PrecEscaAct_Sistema.2026-07-01.ndjson#PrecEscaAct:Sistema:2026-07-01:2026-07-31
2026-07-26,VoluUtilDiarEner,14094823700,kWh,xm:servapibi,2026-09-22T19:30:16Z,xm/2026/07/VoluUtilDiarEner_Sistema.2026-07-01.ndjson#VoluUtilDiarEner:Sistema:2026-07-01:2026-07-31
2026-07-27,AporEner,158436776.91,kWh,xm:servapibi,2026-09-22T19:30:19Z,xm/2026/07/AporEner_Sistema.2026-07-01.ndjson#AporEner:Sistema:2026-07-01:2026-07-31
2026-07-27,AporEnerMediHist,252560000,kWh,xm:servapibi,2026-09-22T19:30:21Z,xm/2026/07/AporEnerMediHist_Sistema.2026-07-01.ndjson#AporEnerMediHist:Sistema:2026-07-01:2026-07-31
2026-07-27,CapaUtilDiarEner,17440222876,kWh,xm:servapibi,2026-09-22T19:30:18Z,xm/2026/07/CapaUtilDiarEner_Sistema.2026-07-01.ndjson#CapaUtilDiarEner:Sistema:2026-07-01:2026-07-31
2026-07-27,DemaSIN,246269532.59,kWh,xm:servapibi,2026-09-22T19:30:24Z,xm/2026/07/DemaSIN_Sistema.2026-07-01.ndjson#DemaSIN:Sistema:2026-07-01:2026-07-31
2026-07-27,PorcApor,0.62732,fraction,xm:servapibi,2026-09-22T19:30:22Z,xm/2026/07/PorcApor_Sistema.2026-07-01.ndjson#PorcApor:Sistema:2026-07-01:2026-07-31
2026-07-27,PorcVoluUtilDiar,0.8066,fraction,xm:servapibi,2026-09-22T19:30:15Z,xm/2026/07/PorcVoluUtilDiar_Sistema.2026-07-01.ndjson#PorcVoluUtilDiar:Sistema:2026-07-01:2026-07-31
2026-07-27,PrecBolsNaci,624.5702999999997,COP/kWh,xm:servapibi,2026-09-22T19:30:27Z,xm/2026/07/PrecBolsNaci_Sistema.2026-07-01.ndjson#PrecBolsNaci:Sistema:2026-07-01:2026-07-31
2026-07-27,PrecEscaAct,1221.30934,COP/kWh,xm:servapibi,2026-09-22T19:30:25Z,xm/2026/07/PrecEscaAct_Sistema.2026-07-01.ndjson#PrecEscaAct:Sistema:2026-07-01:2026-07-31
2026-07-27,VoluUtilDiarEner,14067317200,kWh,xm:servapibi,2026-09-22T19:30:16Z,xm/2026/07/VoluUtilDiarEner_Sistema.2026-07-01.ndjson#VoluUtilDiarEner:Sistema:2026-07-01:2026-07-31
2026-07-28,AporEner,136875147.86,kWh,xm:servapibi,2026-09-22T19:30:19Z,xm/2026/07/AporEner_Sistema.2026-07-01.ndjson#AporEner:Sistema:2026-07-01:2026-07-31
2026-07-28,AporEnerMediHist,252560000,kWh,xm:servapibi,2026-09-22T19:30:21Z,xm/2026/07/AporEnerMediHist_Sistema.2026-07-01.ndjson#AporEnerMediHist:Sistema:2026-07-01:2026-07-31
2026-07-28,CapaUtilDiarEner,17440222876,kWh,xm:servapibi,2026-09-22T19:30:18Z,xm/2026/07/CapaUtilDiarEner_Sistema.2026-07-01.ndjson#CapaUtilDiarEner:Sistema:2026-07-01:2026-07-31
2026-07-28,DemaSIN,255236242.8,kWh,xm:servapibi,2026-09-22T19:30:24Z,xm/2026/07/DemaSIN_Sistema.2026-07-01.ndjson#DemaSIN:Sistema:2026-07-01:2026-07-31
2026-07-28,PorcApor,0.54195,fraction,xm:servapibi,2026-09-22T19:30:22Z,xm/2026/07/PorcApor_Sistema.2026-07-01.ndjson#PorcApor:Sistema:2026-07-01:2026-07-31
2026-07-28,PorcVoluUtilDiar,0.80405,fraction,xm:servapibi,2026-09-22T19:30:15Z,xm/2026/07/PorcVoluUtilDiar_Sistema.2026-07-01.ndjson#PorcVoluUtilDiar:Sistema:2026-07-01:2026-07-31
2026-07-28,PrecBolsNaci,700.1589133333335,COP/kWh,xm:servapibi,2026-09-22T19:30:27Z,xm/2026/07/PrecBolsNaci_Sistema.2026-07-01.ndjson#PrecBolsNaci:Sistema:2026-07-01:2026-07-31
2026-07-28,PrecEscaAct,1221.30934,COP/kWh,xm:servapibi,2026-09-22T19:30:25Z,xm/2026/07/PrecEscaAct_Sistema.2026-07-01.ndjson#PrecEscaAct:Sistema:2026-07-01:2026-07-31
2026-07-28,VoluUtilDiarEner,14022804000,kWh,xm:servapibi,2026-09-22T19:30:16Z,xm/2026/07/VoluUtilDiarEner_Sistema.2026-07-01.ndjson#VoluUtilDiarEner:Sistema:2026-07-01:2026-07-31
2026-07-29,AporEner,145490543.37,kWh,xm:servapibi,2026-09-22T19:30:19Z,xm/2026/07/AporEner_Sistema.2026-07-01.ndjson#AporEner:Sistema:2026-07-01:2026-07-31
2026-07-29,AporEnerMediHist,252560000,kWh,xm:servapibi,2026-09-22T19:30:21Z,xm/2026/07/AporEnerMediHist_Sistema.2026-07-01.ndjson#AporEnerMediHist:Sistema:2026-07-01:2026-07-31
2026-07-29,CapaUtilDiarEner,17440222876,kWh,xm:servapibi,2026-09-22T19:30:18Z,xm/2026/07/CapaUtilDiarEner_Sistema.2026-07-01.ndjson#CapaUtilDiarEner:Sistema:2026-07-01:2026-07-31
2026-07-29,DemaSIN,260150902.65,kWh,xm:servapibi,2026-09-22T19:30:24Z,xm/2026/07/DemaSIN_Sistema.2026-07-01.ndjson#DemaSIN:Sistema:2026-07-01:2026-07-31
2026-07-29,PorcApor,0.57606,fraction,xm:servapibi,2026-09-22T19:30:22Z,xm/2026/07/PorcApor_Sistema.2026-07-01.ndjson#PorcApor:Sistema:2026-07-01:2026-07-31
2026-07-29,PorcVoluUtilDiar,0.80305,fraction,xm:servapibi,2026-09-22T19:30:15Z,xm/2026/07/PorcVoluUtilDiar_Sistema.2026-07-01.ndjson#PorcVoluUtilDiar:Sistema:2026-07-01:2026-07-31
2026-07-29,PrecBolsNaci,716.54059,COP/kWh,xm:servapibi,2026-09-22T19:30:27Z,xm/2026/07/PrecBolsNaci_Sistema.2026-07-01.ndjson#PrecBolsNaci:Sistema:2026-07-01:2026-07-31
2026-07-29,PrecEscaAct,1221.30934,COP/kWh,xm:servapibi,2026-09-22T19:30:25Z,xm/2026/07/PrecEscaAct_Sistema.2026-07-01.ndjson#PrecEscaAct:Sistema:2026-07-01:2026-07-31
2026-07-29,VoluUtilDiarEner,14005347100,kWh,xm:servapibi,2026-09-22T19:30:16Z,xm/2026/07/VoluUtilDiarEner_Sistema.2026-07-01.ndjson#VoluUtilDiarEner:Sistema:2026-07-01:2026-07-31
2026-07-30,AporEner,178255425.43,kWh,xm:servapibi,2026-09-22T19:30:19Z,xm/2026/07/AporEner_Sistema.2026-07-01.ndjson#AporEner:Sistema:2026-07-01:2026-07-31
2026-07-30,AporEnerMediHist,252560000,kWh,xm:servapibi,2026-09-22T19:30:21Z,xm/2026/07/AporEnerMediHist_Sistema.2026-07-01.ndjson#AporEnerMediHist:Sistema:2026-07-01:2026-07-31
2026-07-30,CapaUtilDiarEner,17444788687,kWh,xm:servapibi,2026-09-22T19:30:18Z,xm/2026/07/CapaUtilDiarEner_Sistema.2026-07-01.ndjson#CapaUtilDiarEner:Sistema:2026-07-01:2026-07-31
2026-07-30,DemaSIN,261991538.95,kWh,xm:servapibi,2026-09-22T19:30:24Z,xm/2026/07/DemaSIN_Sistema.2026-07-01.ndjson#DemaSIN:Sistema:2026-07-01:2026-07-31
2026-07-30,PorcApor,0.70579,fraction,xm:servapibi,2026-09-22T19:30:22Z,xm/2026/07/PorcApor_Sistema.2026-07-01.ndjson#PorcApor:Sistema:2026-07-01:2026-07-31
2026-07-30,PorcVoluUtilDiar,0.80228,fraction,xm:servapibi,2026-09-22T19:30:15Z,xm/2026/07/PorcVoluUtilDiar_Sistema.2026-07-01.ndjson#PorcVoluUtilDiar:Sistema:2026-07-01:2026-07-31
2026-07-30,PrecBolsNaci,971.1572500000001,COP/kWh,xm:servapibi,2026-09-22T19:30:27Z,xm/2026/07/PrecBolsNaci_Sistema.2026-07-01.ndjson#PrecBolsNaci:Sistema:2026-07-01:2026-07-31
2026-07-30,PrecEscaAct,1221.30934,COP/kWh,xm:servapibi,2026-09-22T19:30:25Z,xm/2026/07/PrecEscaAct_Sistema.2026-07-01.ndjson#PrecEscaAct:Sistema:2026-07-01:2026-07-31
2026-07-30,VoluUtilDiarEner,13995617200,kWh,xm:servapibi,2026-09-22T19:30:16Z,xm/2026/07/VoluUtilDiarEner_Sistema.2026-07-01.ndjson#VoluUtilDiarEner:Sistema:2026-07-01:2026-07-31
2026-07-31,AporEner,154704874.91,kWh,xm:servapibi,2026-09-22T19:30:19Z,xm/2026/07/AporEner_Sistema.2026-07-01.ndjson#AporEner:Sistema:2026-07-01:2026-07-31
2026-07-31,AporEnerMediHist,252560000,kWh,xm:servapibi,2026-09-22T19:30:21Z,xm/2026/07/AporEnerMediHist_Sistema.2026-07-01.ndjson#AporEnerMediHist:Sistema:2026-07-01:2026-07-31
2026-07-31,CapaUtilDiarEner,17444788687,kWh,xm:servapibi,2026-09-22T19:30:18Z,xm/2026/07/CapaUtilDiarEner_Sistema.2026-07-01.ndjson#CapaUtilDiarEner:Sistema:2026-07-01:2026-07-31
2026-07-31,DemaSIN,257587331.62,kWh,xm:servapibi,2026-09-22T19:30:24Z,xm/2026/07/DemaSIN_Sistema.2026-07-01.ndjson#DemaSIN:Sistema:2026-07-01:2026-07-31
2026-07-31,PorcApor,0.61255,fraction,xm:servapibi,2026-09-22T19:30:22Z,xm/2026/07/PorcApor_Sistema.2026-07-01.ndjson#PorcApor:Sistema:2026-07-01:2026-07-31
2026-07-31,PorcVoluUtilDiar,0.79993,fraction,xm:servapibi,2026-09-22T19:30:15Z,xm/2026/07/PorcVoluUtilDiar_Sistema.2026-07-01.ndjson#PorcVoluUtilDiar:Sistema:2026-07-01:2026-07-31
2026-07-31,PrecBolsNaci,972.8629800000004,COP/kWh,xm:servapibi,2026-09-22T19:30:27Z,xm/2026/07/PrecBolsNaci_Sistema.2026-07-01.ndjson#PrecBolsNaci:Sistema:2026-07-01:2026-07-31
2026-07-31,PrecEscaAct,1221.30934,COP/kWh,xm:servapibi,2026-09-22T19:30:25Z,xm/2026/07/PrecEscaAct_Sistema.2026-07-01.ndjson#PrecEscaAct:Sistema:2026-07-01:2026-07-31
2026-07-31,VoluUtilDiarEner,13954680200,kWh,xm:servapibi,2026-09-22T19:30:16Z,xm/2026/07/VoluUtilDiarEner_Sistema.2026-07-01.ndjson#VoluUtilDiarEner:Sistema:2026-07-01:2026-07-31
2026-08-01,AporEner,130687558.09,kWh,xm:servapibi,2026-09-22T19:30:38Z,xm/2026/08/AporEner_Sistema.2026-08-01.ndjson#AporEner:Sistema:2026-08-01:2026-08-31
2026-08-01,AporEnerMediHist,219470000,kWh,xm:servapibi,2026-09-22T19:30:40Z,xm/2026/08/AporEnerMediHist_Sistema.2026-08-01.ndjson#AporEnerMediHist:Sistema:2026-08-01:2026-08-31
2026-08-01,CapaUtilDiarEner,17444788687,kWh,xm:servapibi,2026-09-22T19:30:37Z,xm/2026/08/CapaUtilDiarEner_Sistema.2026-08-01.ndjson#CapaUtilDiarEner:Sistema:2026-08-01:2026-08-31
2026-08-01,DemaSIN,246150270.23,kWh,xm:servapibi,2026-09-22T19:30:43Z,xm/2026/08/DemaSIN_Sistema.2026-08-01.ndjson#DemaSIN:Sistema:2026-08-01:2026-08-31
2026-08-01,PorcApor,0.59547,fraction,xm:servapibi,2026-09-22T19:30:41Z,xm/2026/08/PorcApor_Sistema.2026-08-01.ndjson#PorcApor:Sistema:2026-08-01:2026-08-31
2026-08-01,PorcVoluUtilDiar,0.79719,fraction,xm:servapibi,2026-09-22T19:30:33Z,xm/2026/08/PorcVoluUtilDiar_Sistema.2026-08-01.ndjson#PorcVoluUtilDiar:Sistema:2026-08-01:2026-08-31
2026-08-01,PrecBolsNaci,963.9042199999996,COP/kWh,xm:servapibi,2026-09-22T19:30:47Z,xm/2026/08/PrecBolsNaci_Sistema.2026-08-01.ndjson#PrecBolsNaci:Sistema:2026-08-01:2026-08-31
2026-08-01,PrecEscaAct,1092.7582,COP/kWh,xm:servapibi,2026-09-22T19:30:45Z,xm/2026/08/PrecEscaAct_Sistema.2026-08-01.ndjson#PrecEscaAct:Sistema:2026-08-01:2026-08-31
2026-08-01,VoluUtilDiarEner,13906897800,kWh,xm:servapibi,2026-09-22T19:30:35Z,xm/2026/08/VoluUtilDiarEner_Sistema.2026-08-01.ndjson#VoluUtilDiarEner:Sistema:2026-08-01:2026-08-31
2026-08-02,AporEner,126380260.7,kWh,xm:servapibi,2026-09-22T19:30:38Z,xm/2026/08/AporEner_Sistema.2026-08-01.ndjson#AporEner:Sistema:2026-08-01:2026-08-31
2026-08-02,AporEnerMediHist,219470000,kWh,xm:servapibi,2026-09-22T19:30:40Z,xm/2026/08/AporEnerMediHist_Sistema.2026-08-01.ndjson#AporEnerMediHist:Sistema:2026-08-01:2026-08-31
2026-08-02,CapaUtilDiarEner,17444788687,kWh,xm:servapibi,2026-09-22T19:30:37Z,xm/2026/08/CapaUtilDiarEner_Sistema.2026-08-01.ndjson#CapaUtilDiarEner:Sistema:2026-08-01:2026-08-31
2026-08-02,DemaSIN,228212239.65,kWh,xm:servapibi,2026-09-22T19:30:43Z,xm/2026/08/DemaSIN_Sistema.2026-08-01.ndjson#DemaSIN:Sistema:2026-08-01:2026-08-31
2026-08-02,PorcApor,0.57584,fraction,xm:servapibi,2026-09-22T19:30:41Z,xm/2026/08/PorcApor_Sistema.2026-08-01.ndjson#PorcApor:Sistema:2026-08-01:2026-08-31
2026-08-02,PorcVoluUtilDiar,0.79505,fraction,xm:servapibi,2026-09-22T19:30:33Z,xm/2026/08/PorcVoluUtilDiar_Sistema.2026-08-01.ndjson#PorcVoluUtilDiar:Sistema:2026-08-01:2026-08-31
2026-08-02,PrecBolsNaci,778.0645766666667,COP/kWh,xm:servapibi,2026-09-22T19:30:47Z,xm/2026/08/PrecBolsNaci_Sistema.2026-08-01.ndjson#PrecBolsNaci:Sistema:2026-08-01:2026-08-31
2026-08-02,PrecEscaAct,1092.7582,COP/kWh,xm:servapibi,2026-09-22T19:30:45Z,xm/2026/08/PrecEscaAct_Sistema.2026-08-01.ndjson#PrecEscaAct:Sistema:2026-08-01:2026-08-31
2026-08-02,VoluUtilDiarEner,13869512400,kWh,xm:servapibi,2026-09-22T19:30:35Z,xm/2026/08/VoluUtilDiarEner_Sistema.2026-08-01.ndjson#VoluUtilDiarEner:Sistema:2026-08-01:2026-08-31
2026-08-03,AporEner,114574536.98,kWh,xm:servapibi,2026-09-22T19:30:38Z,xm/2026/08/AporEner_Sistema.2026-08-01.ndjson#AporEner:Sistema:2026-08-01:2026-08-31
2026-08-03,AporEnerMediHist,219470000,kWh,xm:servapibi,2026-09-22T19:30:40Z,xm/2026/08/AporEnerMediHist_Sistema.2026-08-01.ndjson#AporEnerMediHist:Sistema:2026-08-01:2026-08-31
2026-08-03,CapaUtilDiarEner,17444788687,kWh,xm:servapibi,2026-09-22T19:30:37Z,xm/2026/08/CapaUtilDiarEner_Sistema.2026-08-01.ndjson#CapaUtilDiarEner:Sistema:2026-08-01:2026-08-31
2026-08-03,DemaSIN,255855269.94,kWh,xm:servapibi,2026-09-22T19:30:43Z,xm/2026/08/DemaSIN_Sistema.2026-08-01.ndjson#DemaSIN:Sistema:2026-08-01:2026-08-31
2026-08-03,PorcApor,0.52205,fraction,xm:servapibi,2026-09-22T19:30:41Z,xm/2026/08/PorcApor_Sistema.2026-08-01.ndjson#PorcApor:Sistema:2026-08-01:2026-08-31
2026-08-03,PorcVoluUtilDiar,0.79076,fraction,xm:servapibi,2026-09-22T19:30:33Z,xm/2026/08/PorcVoluUtilDiar_Sistema.2026-08-01.ndjson#PorcVoluUtilDiar:Sistema:2026-08-01:2026-08-31
2026-08-03,PrecBolsNaci,1000.54752,COP/kWh,xm:servapibi,2026-09-22T19:30:47Z,xm/2026/08/PrecBolsNaci_Sistema.2026-08-01.ndjson#PrecBolsNaci:Sistema:2026-08-01:2026-08-31
2026-08-03,PrecEscaAct,1092.7582,COP/kWh,xm:servapibi,2026-09-22T19:30:45Z,xm/2026/08/PrecEscaAct_Sistema.2026-08-01.ndjson#PrecEscaAct:Sistema:2026-08-01:2026-08-31
2026-08-03,VoluUtilDiarEner,13794663800,kWh,xm:servapibi,2026-09-22T19:30:35Z,xm/2026/08/VoluUtilDiarEner_Sistema.2026-08-01.ndjson#VoluUtilDiarEner:Sistema:2026-08-01:2026-08-31
2026-08-04,AporEner,117567325.88,kWh,xm:servapibi,2026-09-22T19:30:38Z,xm/2026/08/AporEner_Sistema.2026-08-01.ndjson#AporEner:Sistema:2026-08-01:2026-08-31
2026-08-04,AporEnerMediHist,219470000,kWh,xm:servapibi,2026-09-22T19:30:40Z,xm/2026/08/AporEnerMediHist_Sistema.2026-08-01.ndjson#AporEnerMediHist:Sistema:2026-08-01:2026-08-31
2026-08-04,CapaUtilDiarEner,17444788687,kWh,xm:servapibi,2026-09-22T19:30:37Z,xm/2026/08/CapaUtilDiarEner_Sistema.2026-08-01.ndjson#CapaUtilDiarEner:Sistema:2026-08-01:2026-08-31
2026-08-04,DemaSIN,256382440.31,kWh,xm:servapibi,2026-09-22T19:30:43Z,xm/2026/08/DemaSIN_Sistema.2026-08-01.ndjson#DemaSIN:Sistema:2026-08-01:2026-08-31
2026-08-04,PorcApor,0.53569,fraction,xm:servapibi,2026-09-22T19:30:41Z,xm/2026/08/PorcApor_Sistema.2026-08-01.ndjson#PorcApor:Sistema:2026-08-01:2026-08-31
2026-08-04,PorcVoluUtilDiar,0.78818,fraction,xm:servapibi,2026-09-22T19:30:33Z,xm/2026/08/PorcVoluUtilDiar_Sistema.2026-08-01.ndjson#PorcVoluUtilDiar:Sistema:2026-08-01:2026-08-31
2026-08-04,PrecBolsNaci,959.1330016666665,COP/kWh,xm:servapibi,2026-09-22T19:30:47Z,xm/2026/08/PrecBolsNaci_Sistema.2026-08-01.ndjson#PrecBolsNaci:Sistema:2026-08-01:2026-08-31
2026-08-04,PrecEscaAct,1092.7582,COP/kWh,xm:servapibi,2026-09-22T19:30:45Z,xm/2026/08/PrecEscaAct_Sistema.2026-08-01.ndjson#PrecEscaAct:Sistema:2026-08-01:2026-08-31
2026-08-04,VoluUtilDiarEner,13749592100,kWh,xm:servapibi,2026-09-22T19:30:35Z,xm/2026/08/VoluUtilDiarEner_Sistema.2026-08-01.ndjson#VoluUtilDiarEner:Sistema:2026-08-01:2026-08-31
2026-08-05,AporEner,177831556.79,kWh,xm:servapibi,2026-09-22T19:30:38Z,xm/2026/08/AporEner_Sistema.2026-08-01.ndjson#AporEner:Sistema:2026-08-01:2026-08-31
2026-08-05,AporEnerMediHist,219470000,kWh,xm:servapibi,2026-09-22T19:30:40Z,xm/2026/08/AporEnerMediHist_Sistema.2026-08-01.ndjson#AporEnerMediHist:Sistema:2026-08-01:2026-08-31
2026-08-05,CapaUtilDiarEner,17470647659,kWh,xm:servapibi,2026-09-22T19:30:37Z,xm/2026/08/CapaUtilDiarEner_Sistema.2026-08-01.ndjson#CapaUtilDiarEner:Sistema:2026-08-01:2026-08-31
2026-08-05,DemaSIN,258026914.65,kWh,xm:servapibi,2026-09-22T19:30:43Z,xm/2026/08/DemaSIN_Sistema.2026-08-01.ndjson#DemaSIN:Sistema:2026-08-01:2026-08-31
2026-08-05,PorcApor,0.81028,fraction,xm:servapibi,2026-09-22T19:30:41Z,xm/2026/08/PorcApor_Sistema.2026-08-01.ndjson#PorcApor:Sistema:2026-08-01:2026-08-31
2026-08-05,PorcVoluUtilDiar,0.78907,fraction,xm:servapibi,2026-09-22T19:30:33Z,xm/2026/08/PorcVoluUtilDiar_Sistema.2026-08-01.ndjson#PorcVoluUtilDiar:Sistema:2026-08-01:2026-08-31
2026-08-05,PrecBolsNaci,1031.0807266666664,COP/kWh,xm:servapibi,2026-09-22T19:30:47Z,xm/2026/08/PrecBolsNaci_Sistema.2026-08-01.ndjson#PrecBolsNaci:Sistema:2026-08-01:2026-08-31
2026-08-05,PrecEscaAct,1092.7582,COP/kWh,xm:servapibi,2026-09-22T19:30:45Z,xm/2026/08/PrecEscaAct_Sistema.2026-08-01.ndjson#PrecEscaAct:Sistema:2026-08-01:2026-08-31
2026-08-05,VoluUtilDiarEner,13785485600,kWh,xm:servapibi,2026-09-22T19:30:35Z,xm/2026/08/VoluUtilDiarEner_Sistema.2026-08-01.ndjson#VoluUtilDiarEner:Sistema:2026-08-01:2026-08-31
2026-08-06,AporEner,142730740.65,kWh,xm:servapibi,2026-09-22T19:30:38Z,xm/2026/08/AporEner_Sistema.2026-08-01.ndjson#AporEner:Sistema:2026-08-01:2026-08-31
2026-08-06,AporEnerMediHist,219470000,kWh,xm:servapibi,2026-09-22T19:30:40Z,xm/2026/08/AporEnerMediHist_Sistema.2026-08-01.ndjson#AporEnerMediHist:Sistema:2026-08-01:2026-08-31
2026-08-06,CapaUtilDiarEner,17493381980,kWh,xm:servapibi,2026-09-22T19:30:37Z,xm/2026/08/CapaUtilDiarEner_Sistema.2026-08-01.ndjson#CapaUtilDiarEner:Sistema:2026-08-01:2026-08-31
2026-08-06,DemaSIN,253115327.69,kWh,xm:servapibi,2026-09-22T19:30:43Z,xm/2026/08/DemaSIN_Sistema.2026-08-01.ndjson#DemaSIN:Sistema:2026-08-01:2026-08-31
2026-08-06,PorcApor,0.65034,fraction,xm:servapibi,2026-09-22T19:30:41Z,xm/2026/08/PorcApor_Sistema.2026-08-01.ndjson#PorcApor:Sistema:2026-08-01:2026-08-31
2026-08-06,PorcVoluUtilDiar,0.78859,fraction,xm:servapibi,2026-09-22T19:30:33Z,xm/2026/08/PorcVoluUtilDiar_Sistema.2026-08-01.ndjson#PorcVoluUtilDiar:Sistema:2026-08-01:2026-08-31
2026-08-06,PrecBolsNaci,1016.7680699999995,COP/kWh,xm:servapibi,2026-09-22T19:30:47Z,xm/2026/08/PrecBolsNaci_Sistema.2026-08-01.ndjson#PrecBolsNaci:Sistema:2026-08-01:2026-08-31
2026-08-06,PrecEscaAct,1092.7582,COP/kWh,xm:servapibi,2026-09-22T19:30:45Z,xm/2026/08/PrecEscaAct_Sistema.2026-08-01.ndjson#PrecEscaAct:Sistema:2026-08-01:2026-08-31
2026-08-06,VoluUtilDiarEner,13795152700,kWh,xm:servapibi,2026-09-22T19:30:35Z,xm/2026/08/VoluUtilDiarEner_Sistema.2026-08-01.ndjson#VoluUtilDiarEner:Sistema:2026-08-01:2026-08-31
2026-08-07,AporEner,127201112.85,kWh,xm:servapibi,2026-09-22T19:30:38Z,xm/2026/08/AporEner_Sistema.2026-08-01.ndjson#AporEner:Sistema:2026-08-01:2026-08-31
2026-08-07,AporEnerMediHist,219470000,kWh,xm:servapibi,2026-09-22T19:30:40Z,xm/2026/08/AporEnerMediHist_Sistema.2026-08-01.ndjson#AporEnerMediHist:Sistema:2026-08-01:2026-08-31
2026-08-07,CapaUtilDiarEner,17496976064,kWh,xm:servapibi,2026-09-22T19:30:37Z,xm/2026/08/CapaUtilDiarEner_Sistema.2026-08-01.ndjson#CapaUtilDiarEner:Sistema:2026-08-01:2026-08-31
2026-08-07,DemaSIN,235871854.73,kWh,xm:servapibi,2026-09-22T19:30:43Z,xm/2026/08/DemaSIN_Sistema.2026-08-01.ndjson#DemaSIN:Sistema:2026-08-01:2026-08-31
2026-08-07,PorcApor,0.57958,fraction,xm:servapibi,2026-09-22T19:30:41Z,xm/2026/08/PorcApor_Sistema.2026-08-01.ndjson#PorcApor:Sistema:2026-08-01:2026-08-31
2026-08-07,PorcVoluUtilDiar,0.78744,fraction,xm:servapibi,2026-09-22T19:30:33Z,xm/2026/08/PorcVoluUtilDiar_Sistema.2026-08-01.ndjson#PorcVoluUtilDiar:Sistema:2026-08-01:2026-08-31
2026-08-07,PrecBolsNaci,974.1337799999997,COP/kWh,xm:servapibi,2026-09-22T19:30:47Z,xm/2026/08/PrecBolsNaci_Sistema.2026-08-01.ndjson#PrecBolsNaci:Sistema:2026-08-01:2026-08-31
2026-08-07,PrecEscaAct,1092.7582,COP/kWh,xm:servapibi,2026-09-22T19:30:45Z,xm/2026/08/PrecEscaAct_Sistema.2026-08-01.ndjson#PrecEscaAct:Sistema:2026-08-01:2026-08-31
2026-08-07,VoluUtilDiarEner,13777871900,kWh,xm:servapibi,2026-09-22T19:30:35Z,xm/2026/08/VoluUtilDiarEner_Sistema.2026-08-01.ndjson#VoluUtilDiarEner:Sistema:2026-08-01:2026-08-31
2026-08-08,AporEner,136480432.16,kWh,xm:servapibi,2026-09-22T19:30:38Z,xm/2026/08/AporEner_Sistema.2026-08-01.ndjson#AporEner:Sistema:2026-08-01:2026-08-31
2026-08-08,AporEnerMediHist,219470000,kWh,xm:servapibi,2026-09-22T19:30:40Z,xm/2026/08/AporEnerMediHist_Sistema.2026-08-01.ndjson#AporEnerMediHist:Sistema:2026-08-01:2026-08-31
2026-08-08,CapaUtilDiarEner,17496976064,kWh,xm:servapibi,2026-09-22T19:30:37Z,xm/2026/08/CapaUtilDiarEner_Sistema.2026-08-01.ndjson#CapaUtilDiarEner:Sistema:2026-08-01:2026-08-31
2026-08-08,DemaSIN,241159210.34,kWh,xm:servapibi,2026-09-22T19:30:43Z,xm/2026/08/DemaSIN_Sistema.2026-08-01.ndjson#DemaSIN:Sistema:2026-08-01:2026-08-31
2026-08-08,PorcApor,0.62186,fraction,xm:servapibi,2026-09-22T19:30:41Z,xm/2026/08/PorcApor_Sistema.2026-08-01.ndjson#PorcApor:Sistema:2026-08-01:2026-08-31
2026-08-08,PorcVoluUtilDiar,0.78753,fraction,xm:servapibi,2026-09-22T19:30:33Z,xm/2026/08/PorcVoluUtilDiar_Sistema.2026-08-01.ndjson#PorcVoluUtilDiar:Sistema:2026-08-01:2026-08-31
2026-08-08,PrecBolsNaci,949.1206400000001,COP/kWh,xm:servapibi,2026-09-22T19:30:47Z,xm/2026/08/PrecBolsNaci_Sistema.2026-08-01.ndjson#PrecBolsNaci:Sistema:2026-08-01:2026-08-31
2026-08-08,PrecEscaAct,1092.7582,COP/kWh,xm:servapibi,2026-09-22T19:30:45Z,xm/2026/08/PrecEscaAct_Sistema.2026-08-01.ndjson#PrecEscaAct:Sistema:2026-08-01:2026-08-31
2026-08-08,VoluUtilDiarEner,13779312800,kWh,xm:servapibi,2026-09-22T19:30:35Z,xm/2026/08/VoluUtilDiarEner_Sistema.2026-08-01.ndjson#VoluUtilDiarEner:Sistema:2026-08-01:2026-08-31
2026-08-09,AporEner,153634266.53,kWh,xm:servapibi,2026-09-22T19:30:38Z,xm/2026/08/AporEner_Sistema.2026-08-01.ndjson#AporEner:Sistema:2026-08-01:2026-08-31
2026-08-09,AporEnerMediHist,219470000,kWh,xm:servapibi,2026-09-22T19:30:40Z,xm/2026/08/AporEnerMediHist_Sistema.2026-08-01.ndjson#AporEnerMediHist:Sistema:2026-08-01:2026-08-31
2026-08-09,CapaUtilDiarEner,17496976064,kWh,xm:servapibi,2026-09-22T19:30:37Z,xm/2026/08/CapaUtilDiarEner_Sistema.2026-08-01.ndjson#CapaUtilDiarEner:Sistema:2026-08-01:2026-08-31
2026-08-09,DemaSIN,226318113.75,kWh,xm:servapibi,2026-09-22T19:30:43Z,xm/2026/08/DemaSIN_Sistema.2026-08-01.ndjson#DemaSIN:Sistema:2026-08-01:2026-08-31
2026-08-09,PorcApor,0.70002,fraction,xm:servapibi,2026-09-22T19:30:41Z,xm/2026/08/PorcApor_Sistema.2026-08-01.ndjson#PorcApor:Sistema:2026-08-01:2026-08-31
2026-08-09,PorcVoluUtilDiar,0.78923,fraction,xm:servapibi,2026-09-22T19:30:33Z,xm/2026/08/PorcVoluUtilDiar_Sistema.2026-08-01.ndjson#PorcVoluUtilDiar:Sistema:2026-08-01:2026-08-31
2026-08-09,PrecBolsNaci,979.3110099999998,COP/kWh,xm:servapibi,2026-09-22T19:30:47Z,xm/2026/08/PrecBolsNaci_Sistema.2026-08-01.ndjson#PrecBolsNaci:Sistema:2026-08-01:2026-08-31
2026-08-09,PrecEscaAct,1092.7582,COP/kWh,xm:servapibi,2026-09-22T19:30:45Z,xm/2026/08/PrecEscaAct_Sistema.2026-08-01.ndjson#PrecEscaAct:Sistema:2026-08-01:2026-08-31
2026-08-09,VoluUtilDiarEner,13809092300,kWh,xm:servapibi,2026-09-22T19:30:35Z,xm/2026/08/VoluUtilDiarEner_Sistema.2026-08-01.ndjson#VoluUtilDiarEner:Sistema:2026-08-01:2026-08-31
2026-08-10,AporEner,114618536.44,kWh,xm:servapibi,2026-09-22T19:30:38Z,xm/2026/08/AporEner_Sistema.2026-08-01.ndjson#AporEner:Sistema:2026-08-01:2026-08-31
2026-08-10,AporEnerMediHist,219470000,kWh,xm:servapibi,2026-09-22T19:30:40Z,xm/2026/08/AporEnerMediHist_Sistema.2026-08-01.ndjson#AporEnerMediHist:Sistema:2026-08-01:2026-08-31
2026-08-10,CapaUtilDiarEner,17496976064,kWh,xm:servapibi,2026-09-22T19:30:37Z,xm/2026/08/CapaUtilDiarEner_Sistema.2026-08-01.ndjson#CapaUtilDiarEner:Sistema:2026-08-01:2026-08-31
2026-08-10,DemaSIN,247421745.3,kWh,xm:servapibi,2026-09-22T19:30:43Z,xm/2026/08/DemaSIN_Sistema.2026-08-01.ndjson#DemaSIN:Sistema:2026-08-01:2026-08-31
2026-08-10,PorcApor,0.52225,fraction,xm:servapibi,2026-09-22T19:30:41Z,xm/2026/08/PorcApor_Sistema.2026-08-01.ndjson#PorcApor:Sistema:2026-08-01:2026-08-31
2026-08-10,PorcVoluUtilDiar,0.78757,fraction,xm:servapibi,2026-09-22T19:30:33Z,xm/2026/08/PorcVoluUtilDiar_Sistema.2026-08-01.ndjson#PorcVoluUtilDiar:Sistema:2026-08-01:2026-08-31
2026-08-10,PrecBolsNaci,934.0824066666669,COP/kWh,xm:servapibi,2026-09-22T19:30:47Z,xm/2026/08/PrecBolsNaci_Sistema.2026-08-01.ndjson#PrecBolsNaci:Sistema:2026-08-01:2026-08-31
2026-08-10,PrecEscaAct,1092.7582,COP/kWh,xm:servapibi,2026-09-22T19:30:45Z,xm/2026/08/PrecEscaAct_Sistema.2026-08-01.ndjson#PrecEscaAct:Sistema:2026-08-01:2026-08-31
2026-08-10,VoluUtilDiarEner,13780148300,kWh,xm:servapibi,2026-09-22T19:30:35Z,xm/2026/08/VoluUtilDiarEner_Sistema.2026-08-01.ndjson#VoluUtilDiarEner:Sistema:2026-08-01:2026-08-31
2026-08-11,AporEner,108157418.76,kWh,xm:servapibi,2026-09-22T19:30:38Z,xm/2026/08/AporEner_Sistema.2026-08-01.ndjson#AporEner:Sistema:2026-08-01:2026-08-31
2026-08-11,AporEnerMediHist,219470000,kWh,xm:servapibi,2026-09-22T19:30:40Z,xm/2026/08/AporEnerMediHist_Sistema.2026-08-01.ndjson#AporEnerMediHist:Sistema:2026-08-01:2026-08-31
2026-08-11,CapaUtilDiarEner,17496976064,kWh,xm:servapibi,2026-09-22T19:30:37Z,xm/2026/08/CapaUtilDiarEner_Sistema.2026-08-01.ndjson#CapaUtilDiarEner:Sistema:2026-08-01:2026-08-31
2026-08-11,DemaSIN,260341144.92,kWh,xm:servapibi,2026-09-22T19:30:43Z,xm/2026/08/DemaSIN_Sistema.2026-08-01.ndjson#DemaSIN:Sistema:2026-08-01:2026-08-31
2026-08-11,PorcApor,0.49281,fraction,xm:servapibi,2026-09-22T19:30:41Z,xm/2026/08/PorcApor_Sistema.2026-08-01.ndjson#PorcApor:Sistema:2026-08-01:2026-08-31
2026-08-11,PorcVoluUtilDiar,0.78496,fraction,xm:servapibi,2026-09-22T19:30:33Z,xm/2026/08/PorcVoluUtilDiar_Sistema.2026-08-01.ndjson#PorcVoluUtilDiar:Sistema:2026-08-01:2026-08-31
2026-08-11,PrecBolsNaci,1002.5208933333337,COP/kWh,xm:servapibi,2026-09-22T19:30:47Z,xm/2026/08/PrecBolsNaci_Sistema.2026-08-01.ndjson#PrecBolsNaci:Sistema:2026-08-01:2026-08-31
2026-08-11,PrecEscaAct,1092.7582,COP/kWh,xm:servapibi,2026-09-22T19:30:45Z,xm/2026/08/PrecEscaAct_Sistema.2026-08-01.ndjson#PrecEscaAct:Sistema:2026-08-01:2026-08-31
2026-08-11,VoluUtilDiarEner,13734484200,kWh,xm:servapibi,2026-09-22T19:30:35Z,xm/2026/08/VoluUtilDiarEner_Sistema.2026-08-01.ndjson#VoluUtilDiarEner:Sistema:2026-08-01:2026-08-31
2026-08-12,AporEner,106037332.96,kWh,xm:servapibi,2026-09-22T19:30:38Z,xm/2026/08/AporEner_Sistema.2026-08-01.ndjson#AporEner:Sistema:2026-08-01:2026-08-31
2026-08-12,AporEnerMediHist,219470000,kWh,xm:servapibi,2026-09-22T19:30:40Z,xm/2026/08/AporEnerMediHist_Sistema.2026-08-01.ndjson#AporEnerMediHist:Sistema:2026-08-01:2026-08-31
2026-08-12,CapaUtilDiarEner,17496976064,kWh,xm:servapibi,2026-09-22T19:30:37Z,xm/2026/08/CapaUtilDiarEner_Sistema.2026-08-01.ndjson#CapaUtilDiarEner:Sistema:2026-08-01:2026-08-31
2026-08-12,DemaSIN,256168021.44,kWh,xm:servapibi,2026-09-22T19:30:43Z,xm/2026/08/DemaSIN_Sistema.2026-08-01.ndjson#DemaSIN:Sistema:2026-08-01:2026-08-31
2026-08-12,PorcApor,0.48315,fraction,xm:servapibi,2026-09-22T19:30:41Z,xm/2026/08/PorcApor_Sistema.2026-08-01.ndjson#PorcApor:Sistema:2026-08-01:2026-08-31
2026-08-12,PorcVoluUtilDiar,0.78195,fraction,xm:servapibi,2026-09-22T19:30:33Z,xm/2026/08/PorcVoluUtilDiar_Sistema.2026-08-01.ndjson#PorcVoluUtilDiar:Sistema:2026-08-01:2026-08-31
2026-08-12,PrecBolsNaci,1005.3301099999999,COP/kWh,xm:servapibi,2026-09-22T19:30:47Z,xm/2026/08/PrecBolsNaci_Sistema.2026-08-01.ndjson#PrecBolsNaci:Sistema:2026-08-01:2026-08-31
2026-08-12,PrecEscaAct,1092.7582,COP/kWh,xm:servapibi,2026-09-22T19:30:45Z,xm/2026/08/PrecEscaAct_Sistema.2026-08-01.ndjson#PrecEscaAct:Sistema:2026-08-01:2026-08-31
2026-08-12,VoluUtilDiarEner,13681675400,kWh,xm:servapibi,2026-09-22T19:30:35Z,xm/2026/08/VoluUtilDiarEner_Sistema.2026-08-01.ndjson#VoluUtilDiarEner:Sistema:2026-08-01:2026-08-31
2026-08-13,AporEner,103826546.73,kWh,xm:servapibi,2026-09-22T19:30:38Z,xm/2026/08/AporEner_Sistema.2026-08-01.ndjson#AporEner:Sistema:2026-08-01:2026-08-31
2026-08-13,AporEnerMediHist,219470000,kWh,xm:servapibi,2026-09-22T19:30:40Z,xm/2026/08/AporEnerMediHist_Sistema.2026-08-01.ndjson#AporEnerMediHist:Sistema:2026-08-01:2026-08-31
2026-08-13,CapaUtilDiarEner,17496976064,kWh,xm:servapibi,2026-09-22T19:30:37Z,xm/2026/08/CapaUtilDiarEner_Sistema.2026-08-01.ndjson#CapaUtilDiarEner:Sistema:2026-08-01:2026-08-31
2026-08-13,DemaSIN,257090735.82,kWh,xm:servapibi,2026-09-22T19:30:43Z,xm/2026/08/DemaSIN_Sistema.2026-08-01.ndjson#DemaSIN:Sistema:2026-08-01:2026-08-31
2026-08-13,PorcApor,0.47308,fraction,xm:servapibi,2026-09-22T19:30:41Z,xm/2026/08/PorcApor_Sistema.2026-08-01.ndjson#PorcApor:Sistema:2026-08-01:2026-08-31
2026-08-13,PorcVoluUtilDiar,0.77858,fraction,xm:servapibi,2026-09-22T19:30:33Z,xm/2026/08/PorcVoluUtilDiar_Sistema.2026-08-01.ndjson#PorcVoluUtilDiar:Sistema:2026-08-01:2026-08-31
2026-08-13,PrecBolsNaci,1005.4092833333331,COP/kWh,xm:servapibi,2026-09-22T19:30:47Z,xm/2026/08/PrecBolsNaci_Sistema.2026-08-01.ndjson#PrecBolsNaci:Sistema:2026-08-01:2026-08-31
2026-08-13,PrecEscaAct,1092.7582,COP/kWh,xm:servapibi,2026-09-22T19:30:45Z,xm/2026/08/PrecEscaAct_Sistema.2026-08-01.ndjson#PrecEscaAct:Sistema:2026-08-01:2026-08-31
2026-08-13,VoluUtilDiarEner,13622751400,kWh,xm:servapibi,2026-09-22T19:30:35Z,xm/2026/08/VoluUtilDiarEner_Sistema.2026-08-01.ndjson#VoluUtilDiarEner:Sistema:2026-08-01:2026-08-31
2026-08-14,AporEner,115400502.68,kWh,xm:servapibi,2026-09-22T19:30:38Z,xm/2026/08/AporEner_Sistema.2026-08-01.ndjson#AporEner:Sistema:2026-08-01:2026-08-31
2026-08-14,AporEnerMediHist,219470000,kWh,xm:servapibi,2026-09-22T19:30:40Z,xm/2026/08/AporEnerMediHist_Sistema.2026-08-01.ndjson#AporEnerMediHist:Sistema:2026-08-01:2026-08-31
2026-08-14,CapaUtilDiarEner,17496976064,kWh,xm:servapibi,2026-09-22T19:30:37Z,xm/2026/08/CapaUtilDiarEner_Sistema.2026-08-01.ndjson#CapaUtilDiarEner:Sistema:2026-08-01:2026-08-31
2026-08-14,DemaSIN,258664126.95,kWh,xm:servapibi,2026-09-22T19:30:43Z,xm/2026/08/DemaSIN_Sistema.2026-08-01.ndjson#DemaSIN:Sistema:2026-08-01:2026-08-31
2026-08-14,PorcApor,0.52581,fraction,xm:servapibi,2026-09-22T19:30:41Z,xm/2026/08/PorcApor_Sistema.2026-08-01.ndjson#PorcApor:Sistema:2026-08-01:2026-08-31
2026-08-14,PorcVoluUtilDiar,0.77654,fraction,xm:servapibi,2026-09-22T19:30:33Z,xm/2026/08/PorcVoluUtilDiar_Sistema.2026-08-01.ndjson#PorcVoluUtilDiar:Sistema:2026-08-01:2026-08-31
2026-08-14,PrecBolsNaci,1013.2889633333338,COP/kWh,xm:servapibi,2026-09-22T19:30:47Z,xm/2026/08/PrecBolsNaci_Sistema.2026-08-01.ndjson#PrecBolsNaci:Sistema:2026-08-01:2026-08-31
2026-08-14,PrecEscaAct,1092.7582,COP/kWh,xm:servapibi,2026-09-22T19:30:45Z,xm/2026/08/PrecEscaAct_Sistema.2026-08-01.ndjson#PrecEscaAct:Sistema:2026-08-01:2026-08-31
2026-08-14,VoluUtilDiarEner,13587186500,kWh,xm:servapibi,2026-09-22T19:30:35Z,xm/2026/08/VoluUtilDiarEner_Sistema.2026-08-01.ndjson#VoluUtilDiarEner:Sistema:2026-08-01:2026-08-31
2026-08-15,AporEner,138041317.4,kWh,xm:servapibi,2026-09-22T19:30:38Z,xm/2026/08/AporEner_Sistema.2026-08-01.ndjson#AporEner:Sistema:2026-08-01:2026-08-31
2026-08-15,AporEnerMediHist,219470000,kWh,xm:servapibi,2026-09-22T19:30:40Z,xm/2026/08/AporEnerMediHist_Sistema.2026-08-01.ndjson#AporEnerMediHist:Sistema:2026-08-01:2026-08-31
2026-08-15,CapaUtilDiarEner,17496976064,kWh,xm:servapibi,2026-09-22T19:30:37Z,xm/2026/08/CapaUtilDiarEner_Sistema.2026-08-01.ndjson#CapaUtilDiarEner:Sistema:2026-08-01:2026-08-31
2026-08-15,DemaSIN,246276970.64,kWh,xm:servapibi,2026-09-22T19:30:43Z,xm/2026/08/DemaSIN_Sistema.2026-08-01.ndjson#DemaSIN:Sistema:2026-08-01:2026-08-31
2026-08-15,PorcApor,0.62898,fraction,xm:servapibi,2026-09-22T19:30:41Z,xm/2026/08/PorcApor_Sistema.2026-08-01.ndjson#PorcApor:Sistema:2026-08-01:2026-08-31
2026-08-15,PorcVoluUtilDiar,0.77649,fraction,xm:servapibi,2026-09-22T19:30:33Z,xm/2026/08/PorcVoluUtilDiar_Sistema.2026-08-01.ndjson#PorcVoluUtilDiar:Sistema:2026-08-01:2026-08-31
2026-08-15,PrecBolsNaci,1020.0183066666672,COP/kWh,xm:servapibi,2026-09-22T19:30:47Z,xm/2026/08/PrecBolsNaci_Sistema.2026-08-01.ndjson#PrecBolsNaci:Sistema:2026-08-01:2026-08-31
2026-08-15,PrecEscaAct,1092.7582,COP/kWh,xm:servapibi,2026-09-22T19:30:45Z,xm/2026/08/PrecEscaAct_Sistema.2026-08-01.ndjson#PrecEscaAct:Sistema:2026-08-01:2026-08-31
2026-08-15,VoluUtilDiarEner,13586155700,kWh,xm:servapibi,2026-09-22T19:30:35Z,xm/2026/08/VoluUtilDiarEner_Sistema.2026-08-01.ndjson#VoluUtilDiarEner:Sistema:2026-08-01:2026-08-31
2026-08-16,AporEner,176996011.29,kWh,xm:servapibi,2026-09-22T19:30:38Z,xm/2026/08/AporEner_Sistema.2026-08-01.ndjson#AporEner:Sistema:2026-08-01:2026-08-31
2026-08-16,AporEnerMediHist,219470000,kWh,xm:servapibi,2026-09-22T19:30:40Z,xm/2026/08/AporEnerMediHist_Sistema.2026-08-01.ndjson#AporEnerMediHist:Sistema:2026-08-01:2026-08-31
2026-08-16,CapaUtilDiarEner,17496976064,kWh,xm:servapibi,2026-09-22T19:30:37Z,xm/2026/08/CapaUtilDiarEner_Sistema.2026-08-01.ndjson#CapaUtilDiarEner:Sistema:2026-08-01:2026-08-31
2026-08-16,DemaSIN,224930116.13,kWh,xm:servapibi,2026-09-22T19:30:43Z,xm/2026/08/DemaSIN_Sistema.2026-08-01.ndjson#DemaSIN:Sistema:2026-08-01:2026-08-31
2026-08-16,PorcApor,0.80647,fraction,xm:servapibi,2026-09-22T19:30:41Z,xm/2026/08/PorcApor_Sistema.2026-08-01.ndjson#PorcApor:Sistema:2026-08-01:2026-08-31
2026-08-16,PorcVoluUtilDiar,0.77945,fraction,xm:servapibi,2026-09-22T19:30:33Z,xm/2026/08/PorcVoluUtilDiar_Sistema.2026-08-01.ndjson#PorcVoluUtilDiar:Sistema:2026-08-01:2026-08-31
2026-08-16,PrecBolsNaci,1005.4140566666666,COP/kWh,xm:servapibi,2026-09-22T19:30:47Z,xm/2026/08/PrecBolsNaci_Sistema.2026-08-01.ndjson#PrecBolsNaci:Sistema:2026-08-01:2026-08-31
2026-08-16,PrecEscaAct,1092.7582,COP/kWh,xm:servapibi,2026-09-22T19:30:45Z,xm/2026/08/PrecEscaAct_Sistema.2026-08-01.ndjson#PrecEscaAct:Sistema:2026-08-01:2026-08-31
2026-08-16,VoluUtilDiarEner,13637971100,kWh,xm:servapibi,2026-09-22T19:30:35Z,xm/2026/08/VoluUtilDiarEner_Sistema.2026-08-01.ndjson#VoluUtilDiarEner:Sistema:2026-08-01:2026-08-31
2026-08-17,AporEner,385144215.96,kWh,xm:servapibi,2026-09-22T19:30:38Z,xm/2026/08/AporEner_Sistema.2026-08-01.ndjson#AporEner:Sistema:2026-08-01:2026-08-31
2026-08-17,AporEnerMediHist,219470000,kWh,xm:servapibi,2026-09-22T19:30:40Z,xm/2026/08/AporEnerMediHist_Sistema.2026-08-01.ndjson#AporEnerMediHist:Sistema:2026-08-01:2026-08-31
2026-08-17,CapaUtilDiarEner,17496976064,kWh,xm:servapibi,2026-09-22T19:30:37Z,xm/2026/08/CapaUtilDiarEner_Sistema.2026-08-01.ndjson#CapaUtilDiarEner:Sistema:2026-08-01:2026-08-31
2026-08-17,DemaSIN,220789208.61,kWh,xm:servapibi,2026-09-22T19:30:43Z,xm/2026/08/DemaSIN_Sistema.2026-08-01.ndjson#DemaSIN:Sistema:2026-08-01:2026-08-31
2026-08-17,PorcApor,1.75488,fraction,xm:servapibi,2026-09-22T19:30:41Z,xm/2026/08/PorcApor_Sistema.2026-08-01.ndjson#PorcApor:Sistema:2026-08-01:2026-08-31
2026-08-17,PorcVoluUtilDiar,0.79156,fraction,xm:servapibi,2026-09-22T19:30:33Z,xm/2026/08/PorcVoluUtilDiar_Sistema.2026-08-01.ndjson#PorcVoluUtilDiar:Sistema:2026-08-01:2026-08-31
2026-08-17,PrecBolsNaci,1007.2775849999998,COP/kWh,xm:servapibi,2026-09-22T19:30:47Z,xm/2026/08/PrecBolsNaci_Sistema.2026-08-01.ndjson#PrecBolsNaci:Sistema:2026-08-01:2026-08-31
2026-08-17,PrecEscaAct,1092.7582,COP/kWh,xm:servapibi,2026-09-22T19:30:45Z,xm/2026/08/PrecEscaAct_Sistema.2026-08-01.ndjson#PrecEscaAct:Sistema:2026-08-01:2026-08-31
2026-08-17,VoluUtilDiarEner,13849837800,kWh,xm:servapibi,2026-09-22T19:30:35Z,xm/2026/08/VoluUtilDiarEner_Sistema.2026-08-01.ndjson#VoluUtilDiarEner:Sistema:2026-08-01:2026-08-31
2026-08-18,AporEner,248625795.02,kWh,xm:servapibi,2026-09-22T19:30:38Z,xm/2026/08/AporEner_Sistema.2026-08-01.ndjson#AporEner:Sistema:2026-08-01:2026-08-31
2026-08-18,AporEnerMediHist,219470000,kWh,xm:servapibi,2026-09-22T19:30:40Z,xm/2026/08/AporEnerMediHist_Sistema.2026-08-01.ndjson#AporEnerMediHist:Sistema:2026-08-01:2026-08-31
2026-08-18,CapaUtilDiarEner,17496976064,kWh,xm:servapibi,2026-09-22T19:30:37Z,xm/2026/08/CapaUtilDiarEner_Sistema.2026-08-01.ndjson#CapaUtilDiarEner:Sistema:2026-08-01:2026-08-31
2026-08-18,DemaSIN,245587864.28,kWh,xm:servapibi,2026-09-22T19:30:43Z,xm/2026/08/DemaSIN_Sistema.2026-08-01.ndjson#DemaSIN:Sistema:2026-08-01:2026-08-31
2026-08-18,PorcApor,1.13285,fraction,xm:servapibi,2026-09-22T19:30:41Z,xm/2026/08/PorcApor_Sistema.2026-08-01.ndjson#PorcApor:Sistema:2026-08-01:2026-08-31
2026-08-18,PorcVoluUtilDiar,0.79542,fraction,xm:servapibi,2026-09-22T19:30:33Z,xm/2026/08/PorcVoluUtilDiar_Sistema.2026-08-01.ndjson#PorcVoluUtilDiar:Sistema:2026-08-01:2026-08-31
2026-08-18,PrecBolsNaci,875.50092,COP/kWh,xm:servapibi,2026-09-22T19:30:47Z,xm/2026/08/PrecBolsNaci_Sistema.2026-08-01.ndjson#PrecBolsNaci:Sistema:2026-08-01:2026-08-31
2026-08-18,PrecEscaAct,1092.7582,COP/kWh,xm:servapibi,2026-09-22T19:30:45Z,xm/2026/08/PrecEscaAct_Sistema.2026-08-01.ndjson#PrecEscaAct:Sistema:2026-08-01:2026-08-31
2026-08-18,VoluUtilDiarEner,13917393400,kWh,xm:servapibi,2026-09-22T19:30:35Z,xm/2026/08/VoluUtilDiarEner_Sistema.2026-08-01.ndjson#VoluUtilDiarEner:Sistema:2026-08-01:2026-08-31
2026-08-19,AporEner,154153823.67,kWh,xm:servapibi,2026-09-23T20:29:35Z,xm/2026/08/AporEner_Sistema.2026-08-19.ndjson#AporEner:Sistema:2026-08-19:2026-08-31
2026-08-19,AporEnerMediHist,219470000,kWh,xm:servapibi,2026-09-23T20:29:36Z,xm/2026/08/AporEnerMediHist_Sistema.2026-08-19.ndjson#AporEnerMediHist:Sistema:2026-08-19:2026-08-31
2026-08-19,CapaUtilDiarEner,17496976064,kWh,xm:servapibi,2026-09-23T20:29:33Z,xm/2026/08/CapaUtilDiarEner_Sistema.2026-08-19.ndjson#CapaUtilDiarEner:Sistema:2026-08-19:2026-08-31
2026-08-19,DemaSIN,254126266.41,kWh,xm:servapibi,2026-09-23T20:29:38Z,xm/2026/08/DemaSIN_Sistema.2026-08-19.ndjson#DemaSIN:Sistema:2026-08-19:2026-08-31
2026-08-19,PorcApor,0.70239,fraction,xm:servapibi,2026-09-23T20:29:37Z,xm/2026/08/PorcApor_Sistema.2026-08-19.ndjson#PorcApor:Sistema:2026-08-19:2026-08-31
2026-08-19,PorcVoluUtilDiar,0.79478,fraction,xm:servapibi,2026-09-23T20:29:31Z,xm/2026/08/PorcVoluUtilDiar_Sistema.2026-08-19.ndjson#PorcVoluUtilDiar:Sistema:2026-08-19:2026-08-31
2026-08-19,PrecBolsNaci,766.3694233333331,COP/kWh,xm:servapibi,2026-09-23T20:29:41Z,xm/2026/08/PrecBolsNaci_Sistema.2026-08-19.ndjson#PrecBolsNaci:Sistema:2026-08-19:2026-08-31
2026-08-19,PrecEscaAct,1092.7582,COP/kWh,xm:servapibi,2026-09-23T20:29:40Z,xm/2026/08/PrecEscaAct_Sistema.2026-08-19.ndjson#PrecEscaAct:Sistema:2026-08-19:2026-08-31
2026-08-19,VoluUtilDiarEner,13906286600,kWh,xm:servapibi,2026-09-23T20:29:32Z,xm/2026/08/VoluUtilDiarEner_Sistema.2026-08-19.ndjson#VoluUtilDiarEner:Sistema:2026-08-19:2026-08-31
2026-08-20,AporEner,148159943.71,kWh,xm:servapibi,2026-09-24T20:33:14Z,xm/2026/08/AporEner_Sistema.2026-08-20.ndjson#AporEner:Sistema:2026-08-20:2026-08-31
2026-08-20,AporEnerMediHist,219470000,kWh,xm:servapibi,2026-09-24T20:33:15Z,xm/2026/08/AporEnerMediHist_Sistema.2026-08-20.ndjson#AporEnerMediHist:Sistema:2026-08-20:2026-08-31
2026-08-20,CapaUtilDiarEner,17496976064,kWh,xm:servapibi,2026-09-24T20:33:12Z,xm/2026/08/CapaUtilDiarEner_Sistema.2026-08-20.ndjson#CapaUtilDiarEner:Sistema:2026-08-20:2026-08-31
2026-08-20,DemaSIN,258980955.94,kWh,xm:servapibi,2026-09-24T20:33:17Z,xm/2026/08/DemaSIN_Sistema.2026-08-20.ndjson#DemaSIN:Sistema:2026-08-20:2026-08-31
2026-08-20,PorcApor,0.67508,fraction,xm:servapibi,2026-09-24T20:33:16Z,xm/2026/08/PorcApor_Sistema.2026-08-20.ndjson#PorcApor:Sistema:2026-08-20:2026-08-31
2026-08-20,PorcVoluUtilDiar,0.79401,fraction,xm:servapibi,2026-09-24T20:33:10Z,xm/2026/08/PorcVoluUtilDiar_Sistema.2026-08-20.ndjson#PorcVoluUtilDiar:Sistema:2026-08-20:2026-08-31
2026-08-20,PrecBolsNaci,807.9120133333332,COP/kWh,xm:servapibi,2026-09-24T20:33:20Z,xm/2026/08/PrecBolsNaci_Sistema.2026-08-20.ndjson#PrecBolsNaci:Sistema:2026-08-20:2026-08-31
2026-08-20,PrecEscaAct,1092.7582,COP/kWh,xm:servapibi,2026-09-24T20:33:18Z,xm/2026/08/PrecEscaAct_Sistema.2026-08-20.ndjson#PrecEscaAct:Sistema:2026-08-20:2026-08-31
2026-08-20,VoluUtilDiarEner,13892720200,kWh,xm:servapibi,2026-09-24T20:33:11Z,xm/2026/08/VoluUtilDiarEner_Sistema.2026-08-20.ndjson#VoluUtilDiarEner:Sistema:2026-08-20:2026-08-31
2026-08-21,AporEner,160357698.54,kWh,xm:servapibi,2026-09-25T20:37:09Z,xm/2026/08/AporEner_Sistema.2026-08-21.ndjson#AporEner:Sistema:2026-08-21:2026-08-31
2026-08-21,AporEnerMediHist,219470000,kWh,xm:servapibi,2026-09-25T20:37:10Z,xm/2026/08/AporEnerMediHist_Sistema.2026-08-21.ndjson#AporEnerMediHist:Sistema:2026-08-21:2026-08-31
2026-08-21,CapaUtilDiarEner,17496976064,kWh,xm:servapibi,2026-09-25T20:37:08Z,xm/2026/08/CapaUtilDiarEner_Sistema.2026-08-21.ndjson#CapaUtilDiarEner:Sistema:2026-08-21:2026-08-31
2026-08-21,DemaSIN,261625410.95,kWh,xm:servapibi,2026-09-25T20:37:13Z,xm/2026/08/DemaSIN_Sistema.2026-08-21.ndjson#DemaSIN:Sistema:2026-08-21:2026-08-31
2026-08-21,PorcApor,0.73066,fraction,xm:servapibi,2026-09-25T20:37:11Z,xm/2026/08/PorcApor_Sistema.2026-08-21.ndjson#PorcApor:Sistema:2026-08-21:2026-08-31
2026-08-21,PorcVoluUtilDiar,0.79225,fraction,xm:servapibi,2026-09-25T20:37:05Z,xm/2026/08/PorcVoluUtilDiar_Sistema.2026-08-21.ndjson#PorcVoluUtilDiar:Sistema:2026-08-21:2026-08-31
2026-08-21,PrecBolsNaci,789.0148816666664,COP/kWh,xm:servapibi,2026-09-25T20:37:16Z,xm/2026/08/PrecBolsNaci_Sistema.2026-08-21.ndjson#PrecBolsNaci:Sistema:2026-08-21:2026-08-31
2026-08-21,PrecEscaAct,1092.7582,COP/kWh,xm:servapibi,2026-09-25T20:37:14Z,xm/2026/08/PrecEscaAct_Sistema.2026-08-21.ndjson#PrecEscaAct:Sistema:2026-08-21:2026-08-31
2026-08-21,VoluUtilDiarEner,13861914400,kWh,xm:servapibi,2026-09-25T20:37:06Z,xm/2026/08/VoluUtilDiarEner_Sistema.2026-08-21.ndjson#VoluUtilDiarEner:Sistema:2026-08-21:2026-08-31
2026-08-22,AporEner,226323971.29,kWh,xm:servapibi,2026-09-25T20:37:09Z,xm/2026/08/AporEner_Sistema.2026-08-21.ndjson#AporEner:Sistema:2026-08-21:2026-08-31
2026-08-22,AporEnerMediHist,219470000,kWh,xm:servapibi,2026-09-25T20:37:10Z,xm/2026/08/AporEnerMediHist_Sistema.2026-08-21.ndjson#AporEnerMediHist:Sistema:2026-08-21:2026-08-31
2026-08-22,CapaUtilDiarEner,17496976064,kWh,xm:servapibi,2026-09-25T20:37:08Z,xm/2026/08/CapaUtilDiarEner_Sistema.2026-08-21.ndjson#CapaUtilDiarEner:Sistema:2026-08-21:2026-08-31
2026-08-22,DemaSIN,244724578.19,kWh,xm:servapibi,2026-09-25T20:37:13Z,xm/2026/08/DemaSIN_Sistema.2026-08-21.ndjson#DemaSIN:Sistema:2026-08-21:2026-08-31
2026-08-22,PorcApor,1.03123,fraction,xm:servapibi,2026-09-25T20:37:11Z,xm/2026/08/PorcApor_Sistema.2026-08-21.ndjson#PorcApor:Sistema:2026-08-21:2026-08-31
2026-08-22,PorcVoluUtilDiar,0.79081,fraction,xm:servapibi,2026-09-25T20:37:05Z,xm/2026/08/PorcVoluUtilDiar_Sistema.2026-08-21.ndjson#PorcVoluUtilDiar:Sistema:2026-08-21:2026-08-31
2026-08-22,PrecBolsNaci,744.1117366666668,COP/kWh,xm:servapibi,2026-09-25T20:37:16Z,xm/2026/08/PrecBolsNaci_Sistema.2026-08-21.ndjson#PrecBolsNaci:Sistema:2026-08-21:2026-08-31
2026-08-22,PrecEscaAct,1092.7582,COP/kWh,xm:servapibi,2026-09-25T20:37:14Z,xm/2026/08/PrecEscaAct_Sistema.2026-08-21.ndjson#PrecEscaAct:Sistema:2026-08-21:2026-08-31
2026-08-22,VoluUtilDiarEner,13836706300,kWh,xm:servapibi,2026-09-25T20:37:06Z,xm/2026/08/VoluUtilDiarEner_Sistema.2026-08-21.ndjson#VoluUtilDiarEner:Sistema:2026-08-21:2026-08-31
2026-08-23,AporEner,223019440.56,kWh,xm:servapibi,2026-09-25T20:37:09Z,xm/2026/08/AporEner_Sistema.2026-08-21.ndjson#AporEner:Sistema:2026-08-21:2026-08-31
2026-08-23,AporEnerMediHist,219470000,kWh,xm:servapibi,2026-09-25T20:37:10Z,xm/2026/08/AporEnerMediHist_Sistema.2026-08-21.ndjson#AporEnerMediHist:Sistema:2026-08-21:2026-08-31
2026-08-23,CapaUtilDiarEner,17496976064,kWh,xm:servapibi,2026-09-25T20:37:08Z,xm/2026/08/CapaUtilDiarEner_Sistema.2026-08-21.ndjson#CapaUtilDiarEner:Sistema:2026-08-21:2026-08-31
2026-08-23,DemaSIN,222697595.23,kWh,xm:servapibi,2026-09-25T20:37:13Z,xm/2026/08/DemaSIN_Sistema.2026-08-21.ndjson#DemaSIN:Sistema:2026-08-21:2026-08-31
2026-08-23,PorcApor,1.01617,fraction,xm:servapibi,2026-09-25T20:37:11Z,xm/2026/08/PorcApor_Sistema.2026-08-21.ndjson#PorcApor:Sistema:2026-08-21:2026-08-31
2026-08-23,PorcVoluUtilDiar,0.79128,fraction,xm:servapibi,2026-09-25T20:37:05Z,xm/2026/08/PorcVoluUtilDiar_Sistema.2026-08-21.ndjson#PorcVoluUtilDiar:Sistema:2026-08-21:2026-08-31
2026-08-23,PrecBolsNaci,761.716026666667,COP/kWh,xm:servapibi,2026-09-25T20:37:16Z,xm/2026/08/PrecBolsNaci_Sistema.2026-08-21.ndjson#PrecBolsNaci:Sistema:2026-08-21:2026-08-31
2026-08-23,PrecEscaAct,1092.7582,COP/kWh,xm:servapibi,2026-09-25T20:37:14Z,xm/2026/08/PrecEscaAct_Sistema.2026-08-21.ndjson#PrecEscaAct:Sistema:2026-08-21:2026-08-31
2026-08-23,VoluUtilDiarEner,13845005800,kWh,xm:servapibi,2026-09-25T20:37:06Z,xm/2026/08/VoluUtilDiarEner_Sistema.2026-08-21.ndjson#VoluUtilDiarEner:Sistema:2026-08-21:2026-08-31
2026-08-24,AporEner,178769217.64,kWh,xm:servapibi,2026-09-25T20:37:09Z,xm/2026/08/AporEner_Sistema.2026-08-21.ndjson#AporEner:Sistema:2026-08-21:2026-08-31
2026-08-24,AporEnerMediHist,219470000,kWh,xm:servapibi,2026-09-25T20:37:10Z,xm/2026/08/AporEnerMediHist_Sistema.2026-08-21.ndjson#AporEnerMediHist:Sistema:2026-08-21:2026-08-31
2026-08-24,CapaUtilDiarEner,17496976064,kWh,xm:servapibi,2026-09-25T20:37:08Z,xm/2026/08/CapaUtilDiarEner_Sistema.2026-08-21.ndjson#CapaUtilDiarEner:Sistema:2026-08-21:2026-08-31
2026-08-24,DemaSIN,250022047.34,kWh,xm:servapibi,2026-09-25T20:37:13Z,xm/2026/08/DemaSIN_Sistema.2026-08-21.ndjson#DemaSIN:Sistema:2026-08-21:2026-08-31
2026-08-24,PorcApor,0.81455,fraction,xm:servapibi,2026-09-25T20:37:11Z,xm/2026/08/PorcApor_Sistema.2026-08-21.ndjson#PorcApor:Sistema:2026-08-21:2026-08-31
2026-08-24,PorcVoluUtilDiar,0.7902,fraction,xm:servapibi,2026-09-25T20:37:05Z,xm/2026/08/PorcVoluUtilDiar_Sistema.2026-08-21.ndjson#PorcVoluUtilDiar:Sistema:2026-08-21:2026-08-31
2026-08-24,PrecBolsNaci,889.8163299999997,COP/kWh,xm:servapibi,2026-09-25T20:37:16Z,xm/2026/08/PrecBolsNaci_Sistema.2026-08-21.ndjson#PrecBolsNaci:Sistema:2026-08-21:2026-08-31
2026-08-24,PrecEscaAct,1092.7582,COP/kWh,xm:servapibi,2026-09-25T20:37:14Z,xm/2026/08/PrecEscaAct_Sistema.2026-08-21.ndjson#PrecEscaAct:Sistema:2026-08-21:2026-08-31
2026-08-24,VoluUtilDiarEner,13826181500,kWh,xm:servapibi,2026-09-25T20:37:06Z,xm/2026/08/VoluUtilDiarEner_Sistema.2026-08-21.ndjson#VoluUtilDiarEner:Sistema:2026-08-21:2026-08-31
2026-08-25,AporEner,134888572.73,kWh,xm:servapibi,2026-09-25T20:37:09Z,xm/2026/08/AporEner_Sistema.2026-08-21.ndjson#AporEner:Sistema:2026-08-21:2026-08-31
2026-08-25,AporEnerMediHist,219470000,kWh,xm:servapibi,2026-09-25T20:37:10Z,xm/2026/08/AporEnerMediHist_Sistema.2026-08-21.ndjson#AporEnerMediHist:Sistema:2026-08-21:2026-08-31
2026-08-25,CapaUtilDiarEner,17496976064,kWh,xm:servapibi,2026-09-25T20:37:08Z,xm/2026/08/CapaUtilDiarEner_Sistema.2026-08-21.ndjson#CapaUtilDiarEner:Sistema:2026-08-21:2026-08-31
2026-08-25,DemaSIN,260593409,kWh,xm:servapibi,2026-09-25T20:37:13Z,xm/2026/08/DemaSIN_Sistema.2026-08-21.ndjson#DemaSIN:Sistema:2026-08-21:2026-08-31
2026-08-25,PorcApor,0.61461,fraction,xm:servapibi,2026-09-25T20:37:11Z,xm/2026/08/PorcApor_Sistema.2026-08-21.ndjson#PorcApor:Sistema:2026-08-21:2026-08-31
2026-08-25,PorcVoluUtilDiar,0.78734,fraction,xm:servapibi,2026-09-25T20:37:05Z,xm/2026/08/PorcVoluUtilDiar_Sistema.2026-08-21.ndjson#PorcVoluUtilDiar:Sistema:2026-08-21:2026-08-31
2026-08-25,PrecBolsNaci,970.6716349999998,COP/kWh,xm:servapibi,2026-09-25T20:37:16Z,xm/2026/08/PrecBolsNaci_Sistema.2026-08-21.ndjson#PrecBolsNaci:Sistema:2026-08-21:2026-08-31
2026-08-25,PrecEscaAct,1092.7582,COP/kWh,xm:servapibi,2026-09-25T20:37:14Z,xm/2026/08/PrecEscaAct_Sistema.2026-08-21.ndjson#PrecEscaAct:Sistema:2026-08-21:2026-08-31
2026-08-25,VoluUtilDiarEner,13776081100,kWh,xm:servapibi,2026-09-25T20:37:06Z,xm/2026/08/VoluUtilDiarEner_Sistema.2026-08-21.ndjson#VoluUtilDiarEner:Sistema:2026-08-21:2026-08-31
2026-08-26,AporEner,183212225.21,kWh,xm:servapibi,2026-09-25T20:37:09Z,xm/2026/08/AporEner_Sistema.2026-08-21.ndjson#AporEner:Sistema:2026-08-21:2026-08-31
2026-08-26,AporEnerMediHist,219470000,kWh,xm:servapibi,2026-09-25T20:37:10Z,xm/2026/08/AporEnerMediHist_Sistema.2026-08-21.ndjson#AporEnerMediHist:Sistema:2026-08-21:2026-08-31
2026-08-26,CapaUtilDiarEner,17496976064,kWh,xm:servapibi,2026-09-25T20:37:08Z,xm/2026/08/CapaUtilDiarEner_Sistema.2026-08-21.ndjson#CapaUtilDiarEner:Sistema:2026-08-21:2026-08-31
2026-08-26,DemaSIN,258699226.59,kWh,xm:servapibi,2026-09-25T20:37:13Z,xm/2026/08/DemaSIN_Sistema.2026-08-21.ndjson#DemaSIN:Sistema:2026-08-21:2026-08-31
2026-08-26,PorcApor,0.83479,fraction,xm:servapibi,2026-09-25T20:37:11Z,xm/2026/08/PorcApor_Sistema.2026-08-21.ndjson#PorcApor:Sistema:2026-08-21:2026-08-31
2026-08-26,PorcVoluUtilDiar,0.78687,fraction,xm:servapibi,2026-09-25T20:37:05Z,xm/2026/08/PorcVoluUtilDiar_Sistema.2026-08-21.ndjson#PorcVoluUtilDiar:Sistema:2026-08-21:2026-08-31
2026-08-26,PrecBolsNaci,999.9866533333328,COP/kWh,xm:servapibi,2026-09-25T20:37:16Z,xm/2026/08/PrecBolsNaci_Sistema.2026-08-21.ndjson#PrecBolsNaci:Sistema:2026-08-21:2026-08-31
2026-08-26,PrecEscaAct,1092.7582,COP/kWh,xm:servapibi,2026-09-25T20:37:14Z,xm/2026/08/PrecEscaAct_Sistema.2026-08-21.ndjson#PrecEscaAct:Sistema:2026-08-21:2026-08-31
2026-08-26,VoluUtilDiarEner,13767830100,kWh,xm:servapibi,2026-09-25T20:37:06Z,xm/2026/08/VoluUtilDiarEner_Sistema.2026-08-21.ndjson#VoluUtilDiarEner:Sistema:2026-08-21:2026-08-31
2026-08-27,AporEner,145548585.01,kWh,xm:servapibi,2026-09-25T20:37:09Z,xm/2026/08/AporEner_Sistema.2026-08-21.ndjson#AporEner:Sistema:2026-08-21:2026-08-31
2026-08-27,AporEnerMediHist,219470000,kWh,xm:servapibi,2026-09-25T20:37:10Z,xm/2026/08/AporEnerMediHist_Sistema.2026-08-21.ndjson#AporEnerMediHist:Sistema:2026-08-21:2026-08-31
2026-08-27,CapaUtilDiarEner,17496976064,kWh,xm:servapibi,2026-09-25T20:37:08Z,xm/2026/08/CapaUtilDiarEner_Sistema.2026-08-21.ndjson#CapaUtilDiarEner:Sistema:2026-08-21:2026-08-31
2026-08-27,DemaSIN,262117533.45,kWh,xm:servapibi,2026-09-25T20:37:13Z,xm/2026/08/DemaSIN_Sistema.2026-08-21.ndjson#DemaSIN:Sistema:2026-08-21:2026-08-31
2026-08-27,PorcApor,0.66318,fraction,xm:servapibi,2026-09-25T20:37:11Z,xm/2026/08/PorcApor_Sistema.2026-08-21.ndjson#PorcApor:Sistema:2026-08-21:2026-08-31
2026-08-27,PorcVoluUtilDiar,0.78471,fraction,xm:servapibi,2026-09-25T20:37:05Z,xm/2026/08/PorcVoluUtilDiar_Sistema.2026-08-21.ndjson#PorcVoluUtilDiar:Sistema:2026-08-21:2026-08-31
2026-08-27,PrecBolsNaci,1017.7257566666668,COP/kWh,xm:servapibi,2026-09-25T20:37:16Z,xm/2026/08/PrecBolsNaci_Sistema.2026-08-21.ndjson#PrecBolsNaci:Sistema:2026-08-21:2026-08-31
2026-08-27,PrecEscaAct,1092.7582,COP/kWh,xm:servapibi,2026-09-25T20:37:14Z,xm/2026/08/PrecEscaAct_Sistema.2026-08-21.ndjson#PrecEscaAct:Sistema:2026-08-21:2026-08-31
2026-08-27,VoluUtilDiarEner,13730065700,kWh,xm:servapibi,2026-09-25T20:37:06Z,xm/2026/08/VoluUtilDiarEner_Sistema.2026-08-21.ndjson#VoluUtilDiarEner:Sistema:2026-08-21:2026-08-31
2026-08-28,AporEner,157222613.49,kWh,xm:servapibi,2026-09-25T20:37:09Z,xm/2026/08/AporEner_Sistema.2026-08-21.ndjson#AporEner:Sistema:2026-08-21:2026-08-31
2026-08-28,AporEnerMediHist,219470000,kWh,xm:servapibi,2026-09-25T20:37:10Z,xm/2026/08/AporEnerMediHist_Sistema.2026-08-21.ndjson#AporEnerMediHist:Sistema:2026-08-21:2026-08-31
2026-08-28,CapaUtilDiarEner,17496976064,kWh,xm:servapibi,2026-09-25T20:37:08Z,xm/2026/08/CapaUtilDiarEner_Sistema.2026-08-21.ndjson#CapaUtilDiarEner:Sistema:2026-08-21:2026-08-31
2026-08-28,DemaSIN,263264386.36,kWh,xm:servapibi,2026-09-25T20:37:13Z,xm/2026/08/DemaSIN_Sistema.2026-08-21.ndjson#DemaSIN:Sistema:2026-08-21:2026-08-31
2026-08-28,PorcApor,0.71637,fraction,xm:servapibi,2026-09-25T20:37:11Z,xm/2026/08/PorcApor_Sistema.2026-08-21.ndjson#PorcApor:Sistema:2026-08-21:2026-08-31
2026-08-28,PorcVoluUtilDiar,0.78441,fraction,xm:servapibi,2026-09-25T20:37:05Z,xm/2026/08/PorcVoluUtilDiar_Sistema.2026-08-21.ndjson#PorcVoluUtilDiar:Sistema:2026-08-21:2026-08-31
2026-08-28,PrecBolsNaci,1013.8949700000003,COP/kWh,xm:servapibi,2026-09-25T20:37:16Z,xm/2026/08/PrecBolsNaci_Sistema.2026-08-21.ndjson#PrecBolsNaci:Sistema:2026-08-21:2026-08-31
2026-08-28,PrecEscaAct,1092.7582,COP/kWh,xm:servapibi,2026-09-25T20:37:14Z,xm/2026/08/PrecEscaAct_Sistema.2026-08-21.ndjson#PrecEscaAct:Sistema:2026-08-21:2026-08-31
2026-08-28,VoluUtilDiarEner,13724861300,kWh,xm:servapibi,2026-09-25T20:37:06Z,xm/2026/08/VoluUtilDiarEner_Sistema.2026-08-21.ndjson#VoluUtilDiarEner:Sistema:2026-08-21:2026-08-31
2026-08-29,AporEner,190024083.97,kWh,xm:servapibi,2026-09-25T20:37:09Z,xm/2026/08/AporEner_Sistema.2026-08-21.ndjson#AporEner:Sistema:2026-08-21:2026-08-31
2026-08-29,AporEnerMediHist,219470000,kWh,xm:servapibi,2026-09-25T20:37:10Z,xm/2026/08/AporEnerMediHist_Sistema.2026-08-21.ndjson#AporEnerMediHist:Sistema:2026-08-21:2026-08-31
2026-08-29,CapaUtilDiarEner,17496976064,kWh,xm:servapibi,2026-09-25T20:37:08Z,xm/2026/08/CapaUtilDiarEner_Sistema.2026-08-21.ndjson#CapaUtilDiarEner:Sistema:2026-08-21:2026-08-31
2026-08-29,DemaSIN,247808347.16,kWh,xm:servapibi,2026-09-25T20:37:13Z,xm/2026/08/DemaSIN_Sistema.2026-08-21.ndjson#DemaSIN:Sistema:2026-08-21:2026-08-31
2026-08-29,PorcApor,0.86583,fraction,xm:servapibi,2026-09-25T20:37:11Z,xm/2026/08/PorcApor_Sistema.2026-08-21.ndjson#PorcApor:Sistema:2026-08-21:2026-08-31
2026-08-29,PorcVoluUtilDiar,0.78564,fraction,xm:servapibi,2026-09-25T20:37:05Z,xm/2026/08/PorcVoluUtilDiar_Sistema.2026-08-21.ndjson#PorcVoluUtilDiar:Sistema:2026-08-21:2026-08-31
2026-08-29,PrecBolsNaci,1029.030168333333,COP/kWh,xm:servapibi,2026-09-25T20:37:16Z,xm/2026/08/PrecBolsNaci_Sistema.2026-08-21.ndjson#PrecBolsNaci:Sistema:2026-08-21:2026-08-31
2026-08-29,PrecEscaAct,1092.7582,COP/kWh,xm:servapibi,2026-09-25T20:37:14Z,xm/2026/08/PrecEscaAct_Sistema.2026-08-21.ndjson#PrecEscaAct:Sistema:2026-08-21:2026-08-31
2026-08-29,VoluUtilDiarEner,13746354300,kWh,xm:servapibi,2026-09-25T20:37:06Z,xm/2026/08/VoluUtilDiarEner_Sistema.2026-08-21.ndjson#VoluUtilDiarEner:Sistema:2026-08-21:2026-08-31
2026-08-30,AporEner,287816696.23,kWh,xm:servapibi,2026-09-25T20:37:09Z,xm/2026/08/AporEner_Sistema.2026-08-21.ndjson#AporEner:Sistema:2026-08-21:2026-08-31
2026-08-30,AporEnerMediHist,219470000,kWh,xm:servapibi,2026-09-25T20:37:10Z,xm/2026/08/AporEnerMediHist_Sistema.2026-08-21.ndjson#AporEnerMediHist:Sistema:2026-08-21:2026-08-31
2026-08-30,CapaUtilDiarEner,17496976064,kWh,xm:servapibi,2026-09-25T20:37:08Z,xm/2026/08/CapaUtilDiarEner_Sistema.2026-08-21.ndjson#CapaUtilDiarEner:Sistema:2026-08-21:2026-08-31
2026-08-30,DemaSIN,225226685.13,kWh,xm:servapibi,2026-09-25T20:37:13Z,xm/2026/08/DemaSIN_Sistema.2026-08-21.ndjson#DemaSIN:Sistema:2026-08-21:2026-08-31
2026-08-30,PorcApor,1.31142,fraction,xm:servapibi,2026-09-25T20:37:11Z,xm/2026/08/PorcApor_Sistema.2026-08-21.ndjson#PorcApor:Sistema:2026-08-21:2026-08-31
2026-08-30,PorcVoluUtilDiar,0.79023,fraction,xm:servapibi,2026-09-25T20:37:05Z,xm/2026/08/PorcVoluUtilDiar_Sistema.2026-08-21.ndjson#PorcVoluUtilDiar:Sistema:2026-08-21:2026-08-31
2026-08-30,PrecBolsNaci,913.2767666666668,COP/kWh,xm:servapibi,2026-09-25T20:37:16Z,xm/2026/08/PrecBolsNaci_Sistema.2026-08-21.ndjson#PrecBolsNaci:Sistema:2026-08-21:2026-08-31
2026-08-30,PrecEscaAct,1092.7582,COP/kWh,xm:servapibi,2026-09-25T20:37:14Z,xm/2026/08/PrecEscaAct_Sistema.2026-08-21.ndjson#PrecEscaAct:Sistema:2026-08-21:2026-08-31
2026-08-30,VoluUtilDiarEner,13826711900,kWh,xm:servapibi,2026-09-25T20:37:06Z,xm/2026/08/VoluUtilDiarEner_Sistema.2026-08-21.ndjson#VoluUtilDiarEner:Sistema:2026-08-21:2026-08-31
2026-08-31,AporEner,199064903.31,kWh,xm:servapibi,2026-09-25T20:37:09Z,xm/2026/08/AporEner_Sistema.2026-08-21.ndjson#AporEner:Sistema:2026-08-21:2026-08-31
2026-08-31,AporEnerMediHist,219470000,kWh,xm:servapibi,2026-09-25T20:37:10Z,xm/2026/08/AporEnerMediHist_Sistema.2026-08-21.ndjson#AporEnerMediHist:Sistema:2026-08-21:2026-08-31
2026-08-31,CapaUtilDiarEner,17496976064,kWh,xm:servapibi,2026-09-25T20:37:08Z,xm/2026/08/CapaUtilDiarEner_Sistema.2026-08-21.ndjson#CapaUtilDiarEner:Sistema:2026-08-21:2026-08-31
2026-08-31,DemaSIN,250614410.09,kWh,xm:servapibi,2026-09-25T20:37:13Z,xm/2026/08/DemaSIN_Sistema.2026-08-21.ndjson#DemaSIN:Sistema:2026-08-21:2026-08-31
2026-08-31,PorcApor,0.90703,fraction,xm:servapibi,2026-09-25T20:37:11Z,xm/2026/08/PorcApor_Sistema.2026-08-21.ndjson#PorcApor:Sistema:2026-08-21:2026-08-31
2026-08-31,PorcVoluUtilDiar,0.79355,fraction,xm:servapibi,2026-09-25T20:37:05Z,xm/2026/08/PorcVoluUtilDiar_Sistema.2026-08-21.ndjson#PorcVoluUtilDiar:Sistema:2026-08-21:2026-08-31
2026-08-31,PrecBolsNaci,987.5778299999996,COP/kWh,xm:servapibi,2026-09-25T20:37:16Z,xm/2026/08/PrecBolsNaci_Sistema.2026-08-21.ndjson#PrecBolsNaci:Sistema:2026-08-21:2026-08-31
2026-08-31,PrecEscaAct,1092.7582,COP/kWh,xm:servapibi,2026-09-25T20:37:14Z,xm/2026/08/PrecEscaAct_Sistema.2026-08-21.ndjson#PrecEscaAct:Sistema:2026-08-21:2026-08-31
2026-08-31,VoluUtilDiarEner,13884729900,kWh,xm:servapibi,2026-09-25T20:37:06Z,xm/2026/08/VoluUtilDiarEner_Sistema.2026-08-21.ndjson#VoluUtilDiarEner:Sistema:2026-08-21:2026-08-31
2026-09-01,AporEner,185063881.81,kWh,xm:servapibi,2026-09-25T20:37:26Z,xm/2026/09/AporEner_Sistema.2026-09-01.ndjson#AporEner:Sistema:2026-09-01:2026-09-24
2026-09-01,AporEnerMediHist,208780000,kWh,xm:servapibi,2026-09-25T20:37:27Z,xm/2026/09/AporEnerMediHist_Sistema.2026-09-01.ndjson#AporEnerMediHist:Sistema:2026-09-01:2026-09-24
2026-09-01,CapaUtilDiarEner,17496976064,kWh,xm:servapibi,2026-09-25T20:37:24Z,xm/2026/09/CapaUtilDiarEner_Sistema.2026-09-01.ndjson#CapaUtilDiarEner:Sistema:2026-09-01:2026-09-24
2026-09-01,DemaSIN,252444558.83,kWh,xm:servapibi,2026-09-25T20:37:30Z,xm/2026/09/DemaSIN_Sistema.2026-09-01.ndjson#DemaSIN:Sistema:2026-09-01:2026-09-24
2026-09-01,PorcApor,0.88641,fraction,xm:servapibi,2026-09-25T20:37:28Z,xm/2026/09/PorcApor_Sistema.2026-09-01.ndjson#PorcApor:Sistema:2026-09-01:2026-09-24
2026-09-01,PorcVoluUtilDiar,0.79515,fraction,xm:servapibi,2026-09-25T20:37:21Z,xm/2026/09/PorcVoluUtilDiar_Sistema.2026-09-01.ndjson#PorcVoluUtilDiar:Sistema:2026-09-01:2026-09-24
2026-09-01,PrecBolsNaci,1005.1192066666662,COP/kWh,xm:servapibi,2026-09-25T20:37:34Z,xm/2026/09/PrecBolsNaci_Sistema.2026-09-01.ndjson#PrecBolsNaci:Sistema:2026-09-01:2026-09-24
2026-09-01,PrecEscaAct,1172.41437,COP/kWh,xm:servapibi,2026-09-25T20:37:32Z,xm/2026/09/PrecEscaAct_Sistema.2026-09-01.ndjson#PrecEscaAct:Sistema:2026-09-01:2026-09-24
2026-09-01,VoluUtilDiarEner,13912739300,kWh,xm:servapibi,2026-09-25T20:37:22Z,xm/2026/09/VoluUtilDiarEner_Sistema.2026-09-01.ndjson#VoluUtilDiarEner:Sistema:2026-09-01:2026-09-24
2026-09-02,AporEner,297238058.48,kWh,xm:servapibi,2026-09-25T20:37:26Z,xm/2026/09/AporEner_Sistema.2026-09-01.ndjson#AporEner:Sistema:2026-09-01:2026-09-24
2026-09-02,AporEnerMediHist,208780000,kWh,xm:servapibi,2026-09-25T20:37:27Z,xm/2026/09/AporEnerMediHist_Sistema.2026-09-01.ndjson#AporEnerMediHist:Sistema:2026-09-01:2026-09-24
2026-09-02,CapaUtilDiarEner,17496976064,kWh,xm:servapibi,2026-09-25T20:37:24Z,xm/2026/09/CapaUtilDiarEner_Sistema.2026-09-01.ndjson#CapaUtilDiarEner:Sistema:2026-09-01:2026-09-24
2026-09-02,DemaSIN,254273166.69,kWh,xm:servapibi,2026-09-25T20:37:30Z,xm/2026/09/DemaSIN_Sistema.2026-09-01.ndjson#DemaSIN:Sistema:2026-09-01:2026-09-24
2026-09-02,PorcApor,1.42369,fraction,xm:servapibi,2026-09-25T20:37:28Z,xm/2026/09/PorcApor_Sistema.2026-09-01.ndjson#PorcApor:Sistema:2026-09-01:2026-09-24
2026-09-02,PorcVoluUtilDiar,0.79923,fraction,xm:servapibi,2026-09-25T20:37:21Z,xm/2026/09/PorcVoluUtilDiar_Sistema.2026-09-01.ndjson#PorcVoluUtilDiar:Sistema:2026-09-01:2026-09-24
2026-09-02,PrecBolsNaci,1008.8374366666663,COP/kWh,xm:servapibi,2026-09-25T20:37:34Z,xm/2026/09/PrecBolsNaci_Sistema.2026-09-01.ndjson#PrecBolsNaci:Sistema:2026-09-01:2026-09-24
2026-09-02,PrecEscaAct,1172.41437,COP/kWh,xm:servapibi,2026-09-25T20:37:32Z,xm/2026/09/PrecEscaAct_Sistema.2026-09-01.ndjson#PrecEscaAct:Sistema:2026-09-01:2026-09-24
2026-09-02,VoluUtilDiarEner,13984128500,kWh,xm:servapibi,2026-09-25T20:37:22Z,xm/2026/09/VoluUtilDiarEner_Sistema.2026-09-01.ndjson#VoluUtilDiarEner:Sistema:2026-09-01:2026-09-24
2026-09-03,AporEner,193366060.27,kWh,xm:servapibi,2026-09-25T20:37:26Z,xm/2026/09/AporEner_Sistema.2026-09-01.ndjson#AporEner:Sistema:2026-09-01:2026-09-24
2026-09-03,AporEnerMediHist,208780000,kWh,xm:servapibi,2026-09-25T20:37:27Z,xm/2026/09/AporEnerMediHist_Sistema.2026-09-01.ndjson#AporEnerMediHist:Sistema:2026-09-01:2026-09-24
2026-09-03,CapaUtilDiarEner,17496976064,kWh,xm:servapibi,2026-09-25T20:37:24Z,xm/2026/09/CapaUtilDiarEner_Sistema.2026-09-01.ndjson#CapaUtilDiarEner:Sistema:2026-09-01:2026-09-24
2026-09-03,DemaSIN,257812185.01,kWh,xm:servapibi,2026-09-25T20:37:30Z,xm/2026/09/DemaSIN_Sistema.2026-09-01.ndjson#DemaSIN:Sistema:2026-09-01:2026-09-24
2026-09-03,PorcApor,0.92617,fraction,xm:servapibi,2026-09-25T20:37:28Z,xm/2026/09/PorcApor_Sistema.2026-09-01.ndjson#PorcApor:Sistema:2026-09-01:2026-09-24
2026-09-03,PorcVoluUtilDiar,0.79924,fraction,xm:servapibi,2026-09-25T20:37:21Z,xm/2026/09/PorcVoluUtilDiar_Sistema.2026-09-01.ndjson#PorcVoluUtilDiar:Sistema:2026-09-01:2026-09-24
2026-09-03,PrecBolsNaci,949.680483333333,COP/kWh,xm:servapibi,2026-09-25T20:37:34Z,xm/2026/09/PrecBolsNaci_Sistema.2026-09-01.ndjson#PrecBolsNaci:Sistema:2026-09-01:2026-09-24
2026-09-03,PrecEscaAct,1172.41437,COP/kWh,xm:servapibi,2026-09-25T20:37:32Z,xm/2026/09/PrecEscaAct_Sistema.2026-09-01.ndjson#PrecEscaAct:Sistema:2026-09-01:2026-09-24
2026-09-03,VoluUtilDiarEner,13984222800,kWh,xm:servapibi,2026-09-25T20:37:22Z,xm/2026/09/VoluUtilDiarEner_Sistema.2026-09-01.ndjson#VoluUtilDiarEner:Sistema:2026-09-01:2026-09-24
2026-09-04,AporEner,163786100.19,kWh,xm:servapibi,2026-09-25T20:37:26Z,xm/2026/09/AporEner_Sistema.2026-09-01.ndjson#AporEner:Sistema:2026-09-01:2026-09-24
2026-09-04,AporEnerMediHist,208780000,kWh,xm:servapibi,2026-09-25T20:37:27Z,xm/2026/09/AporEnerMediHist_Sistema.2026-09-01.ndjson#AporEnerMediHist:Sistema:2026-09-01:2026-09-24
2026-09-04,CapaUtilDiarEner,17496976064,kWh,xm:servapibi,2026-09-25T20:37:24Z,xm/2026/09/CapaUtilDiarEner_Sistema.2026-09-01.ndjson#CapaUtilDiarEner:Sistema:2026-09-01:2026-09-24
2026-09-04,DemaSIN,259932842.08,kWh,xm:servapibi,2026-09-25T20:37:30Z,xm/2026/09/DemaSIN_Sistema.2026-09-01.ndjson#DemaSIN:Sistema:2026-09-01:2026-09-24
2026-09-04,PorcApor,0.78449,fraction,xm:servapibi,2026-09-25T20:37:28Z,xm/2026/09/PorcApor_Sistema.2026-09-01.ndjson#PorcApor:Sistema:2026-09-01:2026-09-24
2026-09-04,PorcVoluUtilDiar,0.79853,fraction,xm:servapibi,2026-09-25T20:37:21Z,xm/2026/09/PorcVoluUtilDiar_Sistema.2026-09-01.ndjson#PorcVoluUtilDiar:Sistema:2026-09-01:2026-09-24
2026-09-04,PrecBolsNaci,926.2152916666668,COP/kWh,xm:servapibi,2026-09-25T20:37:34Z,xm/2026/09/PrecBolsNaci_Sistema.2026-09-01.ndjson#PrecBolsNaci:Sistema:2026-09-01:2026-09-24
2026-09-04,PrecEscaAct,1172.41437,COP/kWh,xm:servapibi,2026-09-25T20:37:32Z,xm/2026/09/PrecEscaAct_Sistema.2026-09-01.ndjson#PrecEscaAct:Sistema:2026-09-01:2026-09-24
2026-09-04,VoluUtilDiarEner,13971924600,kWh,xm:servapibi,2026-09-25T20:37:22Z,xm/2026/09/VoluUtilDiarEner_Sistema.2026-09-01.ndjson#VoluUtilDiarEner:Sistema:2026-09-01:2026-09-24
2026-09-05,AporEner,145025072.69,kWh,xm:servapibi,2026-09-25T20:37:26Z,xm/2026/09/AporEner_Sistema.2026-09-01.ndjson#AporEner:Sistema:2026-09-01:2026-09-24
2026-09-05,AporEnerMediHist,208780000,kWh,xm:servapibi,2026-09-25T20:37:27Z,xm/2026/09/AporEnerMediHist_Sistema.2026-09-01.ndjson#AporEnerMediHist:Sistema:2026-09-01:2026-09-24
2026-09-05,CapaUtilDiarEner,17483245544,kWh,xm:servapibi,2026-09-25T20:37:24Z,xm/2026/09/CapaUtilDiarEner_Sistema.2026-09-01.ndjson#CapaUtilDiarEner:Sistema:2026-09-01:2026-09-24
2026-09-05,DemaSIN,247117470.73,kWh,xm:servapibi,2026-09-25T20:37:30Z,xm/2026/09/DemaSIN_Sistema.2026-09-01.ndjson#DemaSIN:Sistema:2026-09-01:2026-09-24
2026-09-05,PorcApor,0.69463,fraction,xm:servapibi,2026-09-25T20:37:28Z,xm/2026/09/PorcApor_Sistema.2026-09-01.ndjson#PorcApor:Sistema:2026-09-01:2026-09-24
2026-09-05,PorcVoluUtilDiar,0.79701,fraction,xm:servapibi,2026-09-25T20:37:21Z,xm/2026/09/PorcVoluUtilDiar_Sistema.2026-09-01.ndjson#PorcVoluUtilDiar:Sistema:2026-09-01:2026-09-24
2026-09-05,PrecBolsNaci,856.0323816666669,COP/kWh,xm:servapibi,2026-09-25T20:37:34Z,xm/2026/09/PrecBolsNaci_Sistema.2026-09-01.ndjson#PrecBolsNaci:Sistema:2026-09-01:2026-09-24
2026-09-05,PrecEscaAct,1172.41437,COP/kWh,xm:servapibi,2026-09-25T20:37:32Z,xm/2026/09/PrecEscaAct_Sistema.2026-09-01.ndjson#PrecEscaAct:Sistema:2026-09-01:2026-09-24
2026-09-05,VoluUtilDiarEner,13934319400,kWh,xm:servapibi,2026-09-25T20:37:22Z,xm/2026/09/VoluUtilDiarEner_Sistema.2026-09-01.ndjson#VoluUtilDiarEner:Sistema:2026-09-01:2026-09-24
2026-09-06,AporEner,134901688.98,kWh,xm:servapibi,2026-09-25T20:37:26Z,xm/2026/09/AporEner_Sistema.2026-09-01.ndjson#AporEner:Sistema:2026-09-01:2026-09-24
2026-09-06,AporEnerMediHist,208780000,kWh,xm:servapibi,2026-09-25T20:37:27Z,xm/2026/09/AporEnerMediHist_Sistema.2026-09-01.ndjson#AporEnerMediHist:Sistema:2026-09-01:2026-09-24
2026-09-06,CapaUtilDiarEner,17483245544,kWh,xm:servapibi,2026-09-25T20:37:24Z,xm/2026/09/CapaUtilDiarEner_Sistema.2026-09-01.ndjson#CapaUtilDiarEner:Sistema:2026-09-01:2026-09-24
2026-09-06,DemaSIN,225990707.08,kWh,xm:servapibi,2026-09-25T20:37:30Z,xm/2026/09/DemaSIN_Sistema.2026-09-01.ndjson#DemaSIN:Sistema:2026-09-01:2026-09-24
2026-09-06,PorcApor,0.64614,fraction,xm:servapibi,2026-09-25T20:37:28Z,xm/2026/09/PorcApor_Sistema.2026-09-01.ndjson#PorcApor:Sistema:2026-09-01:2026-09-24
2026-09-06,PorcVoluUtilDiar,0.79591,fraction,xm:servapibi,2026-09-25T20:37:21Z,xm/2026/09/PorcVoluUtilDiar_Sistema.2026-09-01.ndjson#PorcVoluUtilDiar:Sistema:2026-09-01:2026-09-24
2026-09-06,PrecBolsNaci,743.3124216666666,COP/kWh,xm:servapibi,2026-09-25T20:37:34Z,xm/2026/09/PrecBolsNaci_Sistema.2026-09-01.ndjson#PrecBolsNaci:Sistema:2026-09-01:2026-09-24
2026-09-06,PrecEscaAct,1172.41437,COP/kWh,xm:servapibi,2026-09-25T20:37:32Z,xm/2026/09/PrecEscaAct_Sistema.2026-09-01.ndjson#PrecEscaAct:Sistema:2026-09-01:2026-09-24
2026-09-06,VoluUtilDiarEner,13915147000,kWh,xm:servapibi,2026-09-25T20:37:22Z,xm/2026/09/VoluUtilDiarEner_Sistema.2026-09-01.ndjson#VoluUtilDiarEner:Sistema:2026-09-01:2026-09-24
2026-09-07,AporEner,112449553.56,kWh,xm:servapibi,2026-09-25T20:37:26Z,xm/2026/09/AporEner_Sistema.2026-09-01.ndjson#AporEner:Sistema:2026-09-01:2026-09-24
2026-09-07,AporEnerMediHist,208780000,kWh,xm:servapibi,2026-09-25T20:37:27Z,xm/2026/09/AporEnerMediHist_Sistema.2026-09-01.ndjson#AporEnerMediHist:Sistema:2026-09-01:2026-09-24
2026-09-07,CapaUtilDiarEner,17483245544,kWh,xm:servapibi,2026-09-25T20:37:24Z,xm/2026/09/CapaUtilDiarEner_Sistema.2026-09-01.ndjson#CapaUtilDiarEner:Sistema:2026-09-01:2026-09-24
2026-09-07,DemaSIN,252544820.84,kWh,xm:servapibi,2026-09-25T20:37:30Z,xm/2026/09/DemaSIN_Sistema.2026-09-01.ndjson#DemaSIN:Sistema:2026-09-01:2026-09-24
2026-09-07,PorcApor,0.5386,fraction,xm:servapibi,2026-09-25T20:37:28Z,xm/2026/09/PorcApor_Sistema.2026-09-01.ndjson#PorcApor:Sistema:2026-09-01:2026-09-24
2026-09-07,PorcVoluUtilDiar,0.79394,fraction,xm:servapibi,2026-09-25T20:37:21Z,xm/2026/09/PorcVoluUtilDiar_Sistema.2026-09-01.ndjson#PorcVoluUtilDiar:Sistema:2026-09-01:2026-09-24
2026-09-07,PrecBolsNaci,681.8769249999999,COP/kWh,xm:servapibi,2026-09-25T20:37:34Z,xm/2026/09/PrecBolsNaci_Sistema.2026-09-01.ndjson#PrecBolsNaci:Sistema:2026-09-01:2026-09-24
2026-09-07,PrecEscaAct,1172.41437,COP/kWh,xm:servapibi,2026-09-25T20:37:32Z,xm/2026/09/PrecEscaAct_Sistema.2026-09-01.ndjson#PrecEscaAct:Sistema:2026-09-01:2026-09-24
2026-09-07,VoluUtilDiarEner,13880655500,kWh,xm:servapibi,2026-09-25T20:37:22Z,xm/2026/09/VoluUtilDiarEner_Sistema.2026-09-01.ndjson#VoluUtilDiarEner:Sistema:2026-09-01:2026-09-24
2026-09-08,AporEner,109052914.29,kWh,xm:servapibi,2026-09-25T20:37:26Z,xm/2026/09/AporEner_Sistema.2026-09-01.ndjson#AporEner:Sistema:2026-09-01:2026-09-24
2026-09-08,AporEnerMediHist,208780000,kWh,xm:servapibi,2026-09-25T20:37:27Z,xm/2026/09/AporEnerMediHist_Sistema.2026-09-01.ndjson#AporEnerMediHist:Sistema:2026-09-01:2026-09-24
2026-09-08,CapaUtilDiarEner,17483245544,kWh,xm:servapibi,2026-09-25T20:37:24Z,xm/2026/09/CapaUtilDiarEner_Sistema.2026-09-01.ndjson#CapaUtilDiarEner:Sistema:2026-09-01:2026-09-24
2026-09-08,DemaSIN,258669529.31,kWh,xm:servapibi,2026-09-25T20:37:30Z,xm/2026/09/DemaSIN_Sistema.2026-09-01.ndjson#DemaSIN:Sistema:2026-09-01:2026-09-24
2026-09-08,PorcApor,0.52233,fraction,xm:servapibi,2026-09-25T20:37:28Z,xm/2026/09/PorcApor_Sistema.2026-09-01.ndjson#PorcApor:Sistema:2026-09-01:2026-09-24
2026-09-08,PorcVoluUtilDiar,0.79213,fraction,xm:servapibi,2026-09-25T20:37:21Z,xm/2026/09/PorcVoluUtilDiar_Sistema.2026-09-01.ndjson#PorcVoluUtilDiar:Sistema:2026-09-01:2026-09-24
2026-09-08,PrecBolsNaci,643.3342649999998,COP/kWh,xm:servapibi,2026-09-25T20:37:34Z,xm/2026/09/PrecBolsNaci_Sistema.2026-09-01.ndjson#PrecBolsNaci:Sistema:2026-09-01:2026-09-24
2026-09-08,PrecEscaAct,1172.41437,COP/kWh,xm:servapibi,2026-09-25T20:37:32Z,xm/2026/09/PrecEscaAct_Sistema.2026-09-01.ndjson#PrecEscaAct:Sistema:2026-09-01:2026-09-24
2026-09-08,VoluUtilDiarEner,13848947500,kWh,xm:servapibi,2026-09-25T20:37:22Z,xm/2026/09/VoluUtilDiarEner_Sistema.2026-09-01.ndjson#VoluUtilDiarEner:Sistema:2026-09-01:2026-09-24
2026-09-09,AporEner,112201989.44,kWh,xm:servapibi,2026-09-25T20:37:26Z,xm/2026/09/AporEner_Sistema.2026-09-01.ndjson#AporEner:Sistema:2026-09-01:2026-09-24
2026-09-09,AporEnerMediHist,208780000,kWh,xm:servapibi,2026-09-25T20:37:27Z,xm/2026/09/AporEnerMediHist_Sistema.2026-09-01.ndjson#AporEnerMediHist:Sistema:2026-09-01:2026-09-24
2026-09-09,CapaUtilDiarEner,17483245544,kWh,xm:servapibi,2026-09-25T20:37:24Z,xm/2026/09/CapaUtilDiarEner_Sistema.2026-09-01.ndjson#CapaUtilDiarEner:Sistema:2026-09-01:2026-09-24
2026-09-09,DemaSIN,264433991.17,kWh,xm:servapibi,2026-09-25T20:37:30Z,xm/2026/09/DemaSIN_Sistema.2026-09-01.ndjson#DemaSIN:Sistema:2026-09-01:2026-09-24
2026-09-09,PorcApor,0.53742,fraction,xm:servapibi,2026-09-25T20:37:28Z,xm/2026/09/PorcApor_Sistema.2026-09-01.ndjson#PorcApor:Sistema:2026-09-01:2026-09-24
2026-09-09,PorcVoluUtilDiar,0.78994,fraction,xm:servapibi,2026-09-25T20:37:21Z,xm/2026/09/PorcVoluUtilDiar_Sistema.2026-09-01.ndjson#PorcVoluUtilDiar:Sistema:2026-09-01:2026-09-24
2026-09-09,PrecBolsNaci,654.4586166666669,COP/kWh,xm:servapibi,2026-09-25T20:37:34Z,xm/2026/09/PrecBolsNaci_Sistema.2026-09-01.ndjson#PrecBolsNaci:Sistema:2026-09-01:2026-09-24
2026-09-09,PrecEscaAct,1172.41437,COP/kWh,xm:servapibi,2026-09-25T20:37:32Z,xm/2026/09/PrecEscaAct_Sistema.2026-09-01.ndjson#PrecEscaAct:Sistema:2026-09-01:2026-09-24
2026-09-09,VoluUtilDiarEner,13810681600,kWh,xm:servapibi,2026-09-25T20:37:22Z,xm/2026/09/VoluUtilDiarEner_Sistema.2026-09-01.ndjson#VoluUtilDiarEner:Sistema:2026-09-01:2026-09-24
2026-09-10,AporEner,129074113.89,kWh,xm:servapibi,2026-09-25T20:37:26Z,xm/2026/09/AporEner_Sistema.2026-09-01.ndjson#AporEner:Sistema:2026-09-01:2026-09-24
2026-09-10,AporEnerMediHist,208780000,kWh,xm:servapibi,2026-09-25T20:37:27Z,xm/2026/09/AporEnerMediHist_Sistema.2026-09-01.ndjson#AporEnerMediHist:Sistema:2026-09-01:2026-09-24
2026-09-10,CapaUtilDiarEner,17483245544,kWh,xm:servapibi,2026-09-25T20:37:24Z,xm/2026/09/CapaUtilDiarEner_Sistema.2026-09-01.ndjson#CapaUtilDiarEner:Sistema:2026-09-01:2026-09-24
2026-09-10,DemaSIN,262487493.97,kWh,xm:servapibi,2026-09-25T20:37:30Z,xm/2026/09/DemaSIN_Sistema.2026-09-01.ndjson#DemaSIN:Sistema:2026-09-01:2026-09-24
2026-09-10,PorcApor,0.61823,fraction,xm:servapibi,2026-09-25T20:37:28Z,xm/2026/09/PorcApor_Sistema.2026-09-01.ndjson#PorcApor:Sistema:2026-09-01:2026-09-24
2026-09-10,PorcVoluUtilDiar,0.78852,fraction,xm:servapibi,2026-09-25T20:37:21Z,xm/2026/09/PorcVoluUtilDiar_Sistema.2026-09-01.ndjson#PorcVoluUtilDiar:Sistema:2026-09-01:2026-09-24
2026-09-10,PrecBolsNaci,549.3361199999999,COP/kWh,xm:servapibi,2026-09-25T20:37:34Z,xm/2026/09/PrecBolsNaci_Sistema.2026-09-01.ndjson#PrecBolsNaci:Sistema:2026-09-01:2026-09-24
2026-09-10,PrecEscaAct,1172.41437,COP/kWh,xm:servapibi,2026-09-25T20:37:32Z,xm/2026/09/PrecEscaAct_Sistema.2026-09-01.ndjson#PrecEscaAct:Sistema:2026-09-01:2026-09-24
2026-09-10,VoluUtilDiarEner,13785864100,kWh,xm:servapibi,2026-09-25T20:37:22Z,xm/2026/09/VoluUtilDiarEner_Sistema.2026-09-01.ndjson#VoluUtilDiarEner:Sistema:2026-09-01:2026-09-24
2026-09-11,AporEner,189139004.35,kWh,xm:servapibi,2026-09-25T20:37:26Z,xm/2026/09/AporEner_Sistema.2026-09-01.ndjson#AporEner:Sistema:2026-09-01:2026-09-24
2026-09-11,AporEnerMediHist,208780000,kWh,xm:servapibi,2026-09-25T20:37:27Z,xm/2026/09/AporEnerMediHist_Sistema.2026-09-01.ndjson#AporEnerMediHist:Sistema:2026-09-01:2026-09-24
2026-09-11,CapaUtilDiarEner,17483245544,kWh,xm:servapibi,2026-09-25T20:37:24Z,xm/2026/09/CapaUtilDiarEner_Sistema.2026-09-01.ndjson#CapaUtilDiarEner:Sistema:2026-09-01:2026-09-24
2026-09-11,DemaSIN,259645071.07,kWh,xm:servapibi,2026-09-25T20:37:30Z,xm/2026/09/DemaSIN_Sistema.2026-09-01.ndjson#DemaSIN:Sistema:2026-09-01:2026-09-24
2026-09-11,PorcApor,0.90592,fraction,xm:servapibi,2026-09-25T20:37:28Z,xm/2026/09/PorcApor_Sistema.2026-09-01.ndjson#PorcApor:Sistema:2026-09-01:2026-09-24
2026-09-11,PorcVoluUtilDiar,0.7911,fraction,xm:servapibi,2026-09-25T20:37:21Z,xm/2026/09/PorcVoluUtilDiar_Sistema.2026-09-01.ndjson#PorcVoluUtilDiar:Sistema:2026-09-01:2026-09-24
2026-09-11,PrecBolsNaci,546.7680833333333,COP/kWh,xm:servapibi,2026-09-25T20:37:34Z,xm/2026/09/PrecBolsNaci_Sistema.2026-09-01.ndjson#PrecBolsNaci:Sistema:2026-09-01:2026-09-24
2026-09-11,PrecEscaAct,1172.41437,COP/kWh,xm:servapibi,2026-09-25T20:37:32Z,xm/2026/09/PrecEscaAct_Sistema.2026-09-01.ndjson#PrecEscaAct:Sistema:2026-09-01:2026-09-24
2026-09-11,VoluUtilDiarEner,13830921800,kWh,xm:servapibi,2026-09-25T20:37:22Z,xm/2026/09/VoluUtilDiarEner_Sistema.2026-09-01.ndjson#VoluUtilDiarEner:Sistema:2026-09-01:2026-09-24
2026-09-12,AporEner,120603282.99,kWh,xm:servapibi,2026-09-25T20:37:26Z,xm/2026/09/AporEner_Sistema.2026-09-01.ndjson#AporEner:Sistema:2026-09-01:2026-09-24
2026-09-12,AporEnerMediHist,208780000,kWh,xm:servapibi,2026-09-25T20:37:27Z,xm/2026/09/AporEnerMediHist_Sistema.2026-09-01.ndjson#AporEnerMediHist:Sistema:2026-09-01:2026-09-24
2026-09-12,CapaUtilDiarEner,17483245544,kWh,xm:servapibi,2026-09-25T20:37:24Z,xm/2026/09/CapaUtilDiarEner_Sistema.2026-09-01.ndjson#CapaUtilDiarEner:Sistema:2026-09-01:2026-09-24
2026-09-12,DemaSIN,248615255.73,kWh,xm:servapibi,2026-09-25T20:37:30Z,xm/2026/09/DemaSIN_Sistema.2026-09-01.ndjson#DemaSIN:Sistema:2026-09-01:2026-09-24
2026-09-12,PorcApor,0.57766,fraction,xm:servapibi,2026-09-25T20:37:28Z,xm/2026/09/PorcApor_Sistema.2026-09-01.ndjson#PorcApor:Sistema:2026-09-01:2026-09-24
2026-09-12,PorcVoluUtilDiar,0.79015,fraction,xm:servapibi,2026-09-25T20:37:21Z,xm/2026/09/PorcVoluUtilDiar_Sistema.2026-09-01.ndjson#PorcVoluUtilDiar:Sistema:2026-09-01:2026-09-24
2026-09-12,PrecBolsNaci,483.9385066666667,COP/kWh,xm:servapibi,2026-09-25T20:37:34Z,xm/2026/09/PrecBolsNaci_Sistema.2026-09-01.ndjson#PrecBolsNaci:Sistema:2026-09-01:2026-09-24
2026-09-12,PrecEscaAct,1172.41437,COP/kWh,xm:servapibi,2026-09-25T20:37:32Z,xm/2026/09/PrecEscaAct_Sistema.2026-09-01.ndjson#PrecEscaAct:Sistema:2026-09-01:2026-09-24
2026-09-12,VoluUtilDiarEner,13814429800,kWh,xm:servapibi,2026-09-25T20:37:22Z,xm/2026/09/VoluUtilDiarEner_Sistema.2026-09-01.ndjson#VoluUtilDiarEner:Sistema:2026-09-01:2026-09-24
2026-09-13,AporEner,153917511.87,kWh,xm:servapibi,2026-09-25T20:37:26Z,xm/2026/09/AporEner_Sistema.2026-09-01.ndjson#AporEner:Sistema:2026-09-01:2026-09-24
2026-09-13,AporEnerMediHist,208780000,kWh,xm:servapibi,2026-09-25T20:37:27Z,xm/2026/09/AporEnerMediHist_Sistema.2026-09-01.ndjson#AporEnerMediHist:Sistema:2026-09-01:2026-09-24
2026-09-13,CapaUtilDiarEner,17483245544,kWh,xm:servapibi,2026-09-25T20:37:24Z,xm/2026/09/CapaUtilDiarEner_Sistema.2026-09-01.ndjson#CapaUtilDiarEner:Sistema:2026-09-01:2026-09-24
2026-09-13,DemaSIN,227303707.06,kWh,xm:servapibi,2026-09-25T20:37:30Z,xm/2026/09/DemaSIN_Sistema.2026-09-01.ndjson#DemaSIN:Sistema:2026-09-01:2026-09-24
2026-09-13,PorcApor,0.73722,fraction,xm:servapibi,2026-09-25T20:37:28Z,xm/2026/09/PorcApor_Sistema.2026-09-01.ndjson#PorcApor:Sistema:2026-09-01:2026-09-24
2026-09-13,PorcVoluUtilDiar,0.79238,fraction,xm:servapibi,2026-09-25T20:37:21Z,xm/2026/09/PorcVoluUtilDiar_Sistema.2026-09-01.ndjson#PorcVoluUtilDiar:Sistema:2026-09-01:2026-09-24
2026-09-13,PrecBolsNaci,441.0187833333334,COP/kWh,xm:servapibi,2026-09-25T20:37:34Z,xm/2026/09/PrecBolsNaci_Sistema.2026-09-01.ndjson#PrecBolsNaci:Sistema:2026-09-01:2026-09-24
2026-09-13,PrecEscaAct,1172.41437,COP/kWh,xm:servapibi,2026-09-25T20:37:32Z,xm/2026/09/PrecEscaAct_Sistema.2026-09-01.ndjson#PrecEscaAct:Sistema:2026-09-01:2026-09-24
2026-09-13,VoluUtilDiarEner,13853292400,kWh,xm:servapibi,2026-09-25T20:37:22Z,xm/2026/09/VoluUtilDiarEner_Sistema.2026-09-01.ndjson#VoluUtilDiarEner:Sistema:2026-09-01:2026-09-24
2026-09-14,AporEner,116186887.53,kWh,xm:servapibi,2026-09-25T20:37:26Z,xm/2026/09/AporEner_Sistema.2026-09-01.ndjson#AporEner:Sistema:2026-09-01:2026-09-24
2026-09-14,AporEnerMediHist,208780000,kWh,xm:servapibi,2026-09-25T20:37:27Z,xm/2026/09/AporEnerMediHist_Sistema.2026-09-01.ndjson#AporEnerMediHist:Sistema:2026-09-01:2026-09-24
2026-09-14,CapaUtilDiarEner,17483245544,kWh,xm:servapibi,2026-09-25T20:37:24Z,xm/2026/09/CapaUtilDiarEner_Sistema.2026-09-01.ndjson#CapaUtilDiarEner:Sistema:2026-09-01:2026-09-24
2026-09-14,DemaSIN,253957801.69,kWh,xm:servapibi,2026-09-25T20:37:30Z,xm/2026/09/DemaSIN_Sistema.2026-09-01.ndjson#DemaSIN:Sistema:2026-09-01:2026-09-24
2026-09-14,PorcApor,0.5565,fraction,xm:servapibi,2026-09-25T20:37:28Z,xm/2026/09/PorcApor_Sistema.2026-09-01.ndjson#PorcApor:Sistema:2026-09-01:2026-09-24
2026-09-14,PorcVoluUtilDiar,0.7906,fraction,xm:servapibi,2026-09-25T20:37:21Z,xm/2026/09/PorcVoluUtilDiar_Sistema.2026-09-01.ndjson#PorcVoluUtilDiar:Sistema:2026-09-01:2026-09-24
2026-09-14,PrecBolsNaci,537.7673483333334,COP/kWh,xm:servapibi,2026-09-25T20:37:34Z,xm/2026/09/PrecBolsNaci_Sistema.2026-09-01.ndjson#PrecBolsNaci:Sistema:2026-09-01:2026-09-24
2026-09-14,PrecEscaAct,1172.41437,COP/kWh,xm:servapibi,2026-09-25T20:37:32Z,xm/2026/09/PrecEscaAct_Sistema.2026-09-01.ndjson#PrecEscaAct:Sistema:2026-09-01:2026-09-24
2026-09-14,VoluUtilDiarEner,13822196500,kWh,xm:servapibi,2026-09-25T20:37:22Z,xm/2026/09/VoluUtilDiarEner_Sistema.2026-09-01.ndjson#VoluUtilDiarEner:Sistema:2026-09-01:2026-09-24
2026-09-15,AporEner,134571510.42,kWh,xm:servapibi,2026-09-25T20:37:26Z,xm/2026/09/AporEner_Sistema.2026-09-01.ndjson#AporEner:Sistema:2026-09-01:2026-09-24
2026-09-15,AporEnerMediHist,208780000,kWh,xm:servapibi,2026-09-25T20:37:27Z,xm/2026/09/AporEnerMediHist_Sistema.2026-09-01.ndjson#AporEnerMediHist:Sistema:2026-09-01:2026-09-24
2026-09-15,CapaUtilDiarEner,17483245544,kWh,xm:servapibi,2026-09-25T20:37:24Z,xm/2026/09/CapaUtilDiarEner_Sistema.2026-09-01.ndjson#CapaUtilDiarEner:Sistema:2026-09-01:2026-09-24
2026-09-15,DemaSIN,257611911.24,kWh,xm:servapibi,2026-09-25T20:37:30Z,xm/2026/09/DemaSIN_Sistema.2026-09-01.ndjson#DemaSIN:Sistema:2026-09-01:2026-09-24
2026-09-15,PorcApor,0.64456,fraction,xm:servapibi,2026-09-25T20:37:28Z,xm/2026/09/PorcApor_Sistema.2026-09-01.ndjson#PorcApor:Sistema:2026-09-01:2026-09-24
2026-09-15,PorcVoluUtilDiar,0.78997,fraction,xm:servapibi,2026-09-25T20:37:21Z,xm/2026/09/PorcVoluUtilDiar_Sistema.2026-09-01.ndjson#PorcVoluUtilDiar:Sistema:2026-09-01:2026-09-24
2026-09-15,PrecBolsNaci,594.4370133333332,COP/kWh,xm:servapibi,2026-09-25T20:37:34Z,xm/2026/09/PrecBolsNaci_Sistema.2026-09-01.ndjson#PrecBolsNaci:Sistema:2026-09-01:2026-09-24
2026-09-15,PrecEscaAct,1172.41437,COP/kWh,xm:servapibi,2026-09-25T20:37:32Z,xm/2026/09/PrecEscaAct_Sistema.2026-09-01.ndjson#PrecEscaAct:Sistema:2026-09-01:2026-09-24
2026-09-15,VoluUtilDiarEner,13811199000,kWh,xm:servapibi,2026-09-25T20:37:22Z,xm/2026/09/VoluUtilDiarEner_Sistema.2026-09-01.ndjson#VoluUtilDiarEner:Sistema:2026-09-01:2026-09-24
2026-09-16,AporEner,141369967.2,kWh,xm:servapibi,2026-09-25T20:37:26Z,xm/2026/09/AporEner_Sistema.2026-09-01.ndjson#AporEner:Sistema:2026-09-01:2026-09-24
2026-09-16,AporEnerMediHist,208780000,kWh,xm:servapibi,2026-09-25T20:37:27Z,xm/2026/09/AporEnerMediHist_Sistema.2026-09-01.ndjson#AporEnerMediHist:Sistema:2026-09-01:2026-09-24
2026-09-16,CapaUtilDiarEner,17483245544,kWh,xm:servapibi,2026-09-25T20:37:24Z,xm/2026/09/CapaUtilDiarEner_Sistema.2026-09-01.ndjson#CapaUtilDiarEner:Sistema:2026-09-01:2026-09-24
2026-09-16,DemaSIN,256416648.87,kWh,xm:servapibi,2026-09-25T20:37:30Z,xm/2026/09/DemaSIN_Sistema.2026-09-01.ndjson#DemaSIN:Sistema:2026-09-01:2026-09-24
2026-09-16,PorcApor,0.67712,fraction,xm:servapibi,2026-09-25T20:37:28Z,xm/2026/09/PorcApor_Sistema.2026-09-01.ndjson#PorcApor:Sistema:2026-09-01:2026-09-24
2026-09-16,PorcVoluUtilDiar,0.78895,fraction,xm:servapibi,2026-09-25T20:37:21Z,xm/2026/09/PorcVoluUtilDiar_Sistema.2026-09-01.ndjson#PorcVoluUtilDiar:Sistema:2026-09-01:2026-09-24
2026-09-16,PrecBolsNaci,679.3963549999999,COP/kWh,xm:servapibi,2026-09-25T20:37:34Z,xm/2026/09/PrecBolsNaci_Sistema.2026-09-01.ndjson#PrecBolsNaci:Sistema:2026-09-01:2026-09-24
2026-09-16,PrecEscaAct,1172.41437,COP/kWh,xm:servapibi,2026-09-25T20:37:32Z,xm/2026/09/PrecEscaAct_Sistema.2026-09-01.ndjson#PrecEscaAct:Sistema:2026-09-01:2026-09-24
2026-09-16,VoluUtilDiarEner,13793365100,kWh,xm:servapibi,2026-09-25T20:37:22Z,xm/2026/09/VoluUtilDiarEner_Sistema.2026-09-01.ndjson#VoluUtilDiarEner:Sistema:2026-09-01:2026-09-24
2026-09-17,AporEner,119080759.52,kWh,xm:servapibi,2026-09-25T20:37:26Z,xm/2026/09/AporEner_Sistema.2026-09-01.ndjson#AporEner:Sistema:2026-09-01:2026-09-24
2026-09-17,AporEnerMediHist,208780000,kWh,xm:servapibi,2026-09-25T20:37:27Z,xm/2026/09/AporEnerMediHist_Sistema.2026-09-01.ndjson#AporEnerMediHist:Sistema:2026-09-01:2026-09-24
2026-09-17,CapaUtilDiarEner,17483245544,kWh,xm:servapibi,2026-09-25T20:37:24Z,xm/2026/09/CapaUtilDiarEner_Sistema.2026-09-01.ndjson#CapaUtilDiarEner:Sistema:2026-09-01:2026-09-24
2026-09-17,DemaSIN,260835737.76,kWh,xm:servapibi,2026-09-25T20:37:30Z,xm/2026/09/DemaSIN_Sistema.2026-09-01.ndjson#DemaSIN:Sistema:2026-09-01:2026-09-24
2026-09-17,PorcApor,0.57036,fraction,xm:servapibi,2026-09-25T20:37:28Z,xm/2026/09/PorcApor_Sistema.2026-09-01.ndjson#PorcApor:Sistema:2026-09-01:2026-09-24
2026-09-17,PorcVoluUtilDiar,0.78682,fraction,xm:servapibi,2026-09-25T20:37:21Z,xm/2026/09/PorcVoluUtilDiar_Sistema.2026-09-01.ndjson#PorcVoluUtilDiar:Sistema:2026-09-01:2026-09-24
2026-09-17,PrecBolsNaci,545.8751983333334,COP/kWh,xm:servapibi,2026-09-25T20:37:34Z,xm/2026/09/PrecBolsNaci_Sistema.2026-09-01.ndjson#PrecBolsNaci:Sistema:2026-09-01:2026-09-24
2026-09-17,PrecEscaAct,1172.41437,COP/kWh,xm:servapibi,2026-09-25T20:37:32Z,xm/2026/09/PrecEscaAct_Sistema.2026-09-01.ndjson#PrecEscaAct:Sistema:2026-09-01:2026-09-24
2026-09-17,VoluUtilDiarEner,13756117600,kWh,xm:servapibi,2026-09-25T20:37:22Z,xm/2026/09/VoluUtilDiarEner_Sistema.2026-09-01.ndjson#VoluUtilDiarEner:Sistema:2026-09-01:2026-09-24
2026-09-18,AporEner,107513869.64,kWh,xm:servapibi,2026-09-25T20:37:26Z,xm/2026/09/AporEner_Sistema.2026-09-01.ndjson#AporEner:Sistema:2026-09-01:2026-09-24
2026-09-18,AporEnerMediHist,208780000,kWh,xm:servapibi,2026-09-25T20:37:27Z,xm/2026/09/AporEnerMediHist_Sistema.2026-09-01.ndjson#AporEnerMediHist:Sistema:2026-09-01:2026-09-24
2026-09-18,CapaUtilDiarEner,17483245544,kWh,xm:servapibi,2026-09-25T20:37:24Z,xm/2026/09/CapaUtilDiarEner_Sistema.2026-09-01.ndjson#CapaUtilDiarEner:Sistema:2026-09-01:2026-09-24
2026-09-18,DemaSIN,266734962.18,kWh,xm:servapibi,2026-09-25T20:37:30Z,xm/2026/09/DemaSIN_Sistema.2026-09-01.ndjson#DemaSIN:Sistema:2026-09-01:2026-09-24
2026-09-18,PorcApor,0.51496,fraction,xm:servapibi,2026-09-25T20:37:28Z,xm/2026/09/PorcApor_Sistema.2026-09-01.ndjson#PorcApor:Sistema:2026-09-01:2026-09-24
2026-09-18,PorcVoluUtilDiar,0.78321,fraction,xm:servapibi,2026-09-25T20:37:21Z,xm/2026/09/PorcVoluUtilDiar_Sistema.2026-09-01.ndjson#PorcVoluUtilDiar:Sistema:2026-09-01:2026-09-24
2026-09-18,PrecBolsNaci,608.86524,COP/kWh,xm:servapibi,2026-09-25T20:37:34Z,xm/2026/09/PrecBolsNaci_Sistema.2026-09-01.ndjson#PrecBolsNaci:Sistema:2026-09-01:2026-09-24
2026-09-18,PrecEscaAct,1172.41437,COP/kWh,xm:servapibi,2026-09-25T20:37:32Z,xm/2026/09/PrecEscaAct_Sistema.2026-09-01.ndjson#PrecEscaAct:Sistema:2026-09-01:2026-09-24
2026-09-18,VoluUtilDiarEner,13693034400,kWh,xm:servapibi,2026-09-25T20:37:22Z,xm/2026/09/VoluUtilDiarEner_Sistema.2026-09-01.ndjson#VoluUtilDiarEner:Sistema:2026-09-01:2026-09-24
2026-09-19,AporEner,116326370.9,kWh,xm:servapibi,2026-09-25T20:37:26Z,xm/2026/09/AporEner_Sistema.2026-09-01.ndjson#AporEner:Sistema:2026-09-01:2026-09-24
2026-09-19,AporEnerMediHist,208780000,kWh,xm:servapibi,2026-09-25T20:37:27Z,xm/2026/09/AporEnerMediHist_Sistema.2026-09-01.ndjson#AporEnerMediHist:Sistema:2026-09-01:2026-09-24
2026-09-19,CapaUtilDiarEner,17483245544,kWh,xm:servapibi,2026-09-25T20:37:24Z,xm/2026/09/CapaUtilDiarEner_Sistema.2026-09-01.ndjson#CapaUtilDiarEner:Sistema:2026-09-01:2026-09-24
2026-09-19,DemaSIN,243377472.77,kWh,xm:servapibi,2026-09-25T20:37:30Z,xm/2026/09/DemaSIN_Sistema.2026-09-01.ndjson#DemaSIN:Sistema:2026-09-01:2026-09-24
2026-09-19,PorcApor,0.55717,fraction,xm:servapibi,2026-09-25T20:37:28Z,xm/2026/09/PorcApor_Sistema.2026-09-01.ndjson#PorcApor:Sistema:2026-09-01:2026-09-24
2026-09-19,PorcVoluUtilDiar,0.78113,fraction,xm:servapibi,2026-09-25T20:37:21Z,xm/2026/09/PorcVoluUtilDiar_Sistema.2026-09-01.ndjson#PorcVoluUtilDiar:Sistema:2026-09-01:2026-09-24
2026-09-19,PrecBolsNaci,502.25036833333326,COP/kWh,xm:servapibi,2026-09-25T20:37:34Z,xm/2026/09/PrecBolsNaci_Sistema.2026-09-01.ndjson#PrecBolsNaci:Sistema:2026-09-01:2026-09-24
2026-09-19,PrecEscaAct,1172.41437,COP/kWh,xm:servapibi,2026-09-25T20:37:32Z,xm/2026/09/PrecEscaAct_Sistema.2026-09-01.ndjson#PrecEscaAct:Sistema:2026-09-01:2026-09-24
2026-09-19,VoluUtilDiarEner,13656721300,kWh,xm:servapibi,2026-09-25T20:37:22Z,xm/2026/09/VoluUtilDiarEner_Sistema.2026-09-01.ndjson#VoluUtilDiarEner:Sistema:2026-09-01:2026-09-24
2026-09-20,AporEner,126435260.23,kWh,xm:servapibi,2026-09-25T20:37:26Z,xm/2026/09/AporEner_Sistema.2026-09-01.ndjson#AporEner:Sistema:2026-09-01:2026-09-24
2026-09-20,AporEnerMediHist,208780000,kWh,xm:servapibi,2026-09-25T20:37:27Z,xm/2026/09/AporEnerMediHist_Sistema.2026-09-01.ndjson#AporEnerMediHist:Sistema:2026-09-01:2026-09-24
2026-09-20,CapaUtilDiarEner,17483245544,kWh,xm:servapibi,2026-09-25T20:37:24Z,xm/2026/09/CapaUtilDiarEner_Sistema.2026-09-01.ndjson#CapaUtilDiarEner:Sistema:2026-09-01:2026-09-24
2026-09-20,DemaSIN,224017317.57,kWh,xm:servapibi,2026-09-25T20:37:30Z,xm/2026/09/DemaSIN_Sistema.2026-09-01.ndjson#DemaSIN:Sistema:2026-09-01:2026-09-24
2026-09-20,PorcApor,0.60559,fraction,xm:servapibi,2026-09-25T20:37:28Z,xm/2026/09/PorcApor_Sistema.2026-09-01.ndjson#PorcApor:Sistema:2026-09-01:2026-09-24
2026-09-20,PorcVoluUtilDiar,0.78122,fraction,xm:servapibi,2026-09-25T20:37:21Z,xm/2026/09/PorcVoluUtilDiar_Sistema.2026-09-01.ndjson#PorcVoluUtilDiar:Sistema:2026-09-01:2026-09-24
2026-09-20,PrecBolsNaci,479.3731066666667,COP/kWh,xm:servapibi,2026-09-25T20:37:34Z,xm/2026/09/PrecBolsNaci_Sistema.2026-09-01.ndjson#PrecBolsNaci:Sistema:2026-09-01:2026-09-24
2026-09-20,PrecEscaAct,1172.41437,COP/kWh,xm:servapibi,2026-09-25T20:37:32Z,xm/2026/09/PrecEscaAct_Sistema.2026-09-01.ndjson#PrecEscaAct:Sistema:2026-09-01:2026-09-24
2026-09-20,VoluUtilDiarEner,13658198300,kWh,xm:servapibi,2026-09-25T20:37:22Z,xm/2026/09/VoluUtilDiarEner_Sistema.2026-09-01.ndjson#VoluUtilDiarEner:Sistema:2026-09-01:2026-09-24
2026-09-21,AporEner,109954354.01,kWh,xm:servapibi,2026-09-25T20:37:26Z,xm/2026/09/AporEner_Sistema.2026-09-01.ndjson#AporEner:Sistema:2026-09-01:2026-09-24
2026-09-21,AporEnerMediHist,208780000,kWh,xm:servapibi,2026-09-25T20:37:27Z,xm/2026/09/AporEnerMediHist_Sistema.2026-09-01.ndjson#AporEnerMediHist:Sistema:2026-09-01:2026-09-24
2026-09-21,CapaUtilDiarEner,17483245544,kWh,xm:servapibi,2026-09-25T20:37:24Z,xm/2026/09/CapaUtilDiarEner_Sistema.2026-09-01.ndjson#CapaUtilDiarEner:Sistema:2026-09-01:2026-09-24
2026-09-21,DemaSIN,253290751.11,kWh,xm:servapibi,2026-09-25T20:37:30Z,xm/2026/09/DemaSIN_Sistema.2026-09-01.ndjson#DemaSIN:Sistema:2026-09-01:2026-09-24
2026-09-21,PorcApor,0.52665,fraction,xm:servapibi,2026-09-25T20:37:28Z,xm/2026/09/PorcApor_Sistema.2026-09-01.ndjson#PorcApor:Sistema:2026-09-01:2026-09-24
2026-09-21,PorcVoluUtilDiar,0.77861,fraction,xm:servapibi,2026-09-25T20:37:21Z,xm/2026/09/PorcVoluUtilDiar_Sistema.2026-09-01.ndjson#PorcVoluUtilDiar:Sistema:2026-09-01:2026-09-24
2026-09-21,PrecBolsNaci,612.8165849999998,COP/kWh,xm:servapibi,2026-09-25T20:37:34Z,xm/2026/09/PrecBolsNaci_Sistema.2026-09-01.ndjson#PrecBolsNaci:Sistema:2026-09-01:2026-09-24
2026-09-21,PrecEscaAct,1172.41437,COP/kWh,xm:servapibi,2026-09-25T20:37:32Z,xm/2026/09/PrecEscaAct_Sistema.2026-09-01.ndjson#PrecEscaAct:Sistema:2026-09-01:2026-09-24
2026-09-21,VoluUtilDiarEner,13612601600,kWh,xm:servapibi,2026-09-25T20:37:22Z,xm/2026/09/VoluUtilDiarEner_Sistema.2026-09-01.ndjson#VoluUtilDiarEner:Sistema:2026-09-01:2026-09-24
2026-09-22,AporEner,97830424.88,kWh,xm:servapibi,2026-09-25T20:37:26Z,xm/2026/09/AporEner_Sistema.2026-09-01.ndjson#AporEner:Sistema:2026-09-01:2026-09-24
2026-09-22,AporEnerMediHist,208780000,kWh,xm:servapibi,2026-09-25T20:37:27Z,xm/2026/09/AporEnerMediHist_Sistema.2026-09-01.ndjson#AporEnerMediHist:Sistema:2026-09-01:2026-09-24
2026-09-22,CapaUtilDiarEner,17483245544,kWh,xm:servapibi,2026-09-25T20:37:24Z,xm/2026/09/CapaUtilDiarEner_Sistema.2026-09-01.ndjson#CapaUtilDiarEner:Sistema:2026-09-01:2026-09-24
2026-09-22,DemaSIN,259266135.24,kWh,xm:servapibi,2026-09-25T20:37:30Z,xm/2026/09/DemaSIN_Sistema.2026-09-01.ndjson#DemaSIN:Sistema:2026-09-01:2026-09-24
2026-09-22,PorcApor,0.46858,fraction,xm:servapibi,2026-09-25T20:37:28Z,xm/2026/09/PorcApor_Sistema.2026-09-01.ndjson#PorcApor:Sistema:2026-09-01:2026-09-24
2026-09-22,PorcVoluUtilDiar,0.77522,fraction,xm:servapibi,2026-09-25T20:37:21Z,xm/2026/09/PorcVoluUtilDiar_Sistema.2026-09-01.ndjson#PorcVoluUtilDiar:Sistema:2026-09-01:2026-09-24
2026-09-22,PrecBolsNaci,647.8196016666667,COP/kWh,xm:servapibi,2026-09-25T20:37:34Z,xm/2026/09/PrecBolsNaci_Sistema.2026-09-01.ndjson#PrecBolsNaci:Sistema:2026-09-01:2026-09-24
2026-09-22,PrecEscaAct,1172.41437,COP/kWh,xm:servapibi,2026-09-25T20:37:32Z,xm/2026/09/PrecEscaAct_Sistema.2026-09-01.ndjson#PrecEscaAct:Sistema:2026-09-01:2026-09-24
2026-09-22,VoluUtilDiarEner,13553353800,kWh,xm:servapibi,2026-09-25T20:37:22Z,xm/2026/09/VoluUtilDiarEner_Sistema.2026-09-01.ndjson#VoluUtilDiarEner:Sistema:2026-09-01:2026-09-24
2026-09-23,AporEner,94485971.13,kWh,xm:servapibi,2026-09-25T20:37:26Z,xm/2026/09/AporEner_Sistema.2026-09-01.ndjson#AporEner:Sistema:2026-09-01:2026-09-24
2026-09-23,AporEnerMediHist,208780000,kWh,xm:servapibi,2026-09-25T20:37:27Z,xm/2026/09/AporEnerMediHist_Sistema.2026-09-01.ndjson#AporEnerMediHist:Sistema:2026-09-01:2026-09-24
2026-09-23,CapaUtilDiarEner,17483245544,kWh,xm:servapibi,2026-09-25T20:37:24Z,xm/2026/09/CapaUtilDiarEner_Sistema.2026-09-01.ndjson#CapaUtilDiarEner:Sistema:2026-09-01:2026-09-24
2026-09-23,DemaSIN,233490,kWh,xm:servapibi,2026-09-25T20:37:30Z,xm/2026/09/DemaSIN_Sistema.2026-09-01.ndjson#DemaSIN:Sistema:2026-09-01:2026-09-24
2026-09-23,PorcApor,0.45256,fraction,xm:servapibi,2026-09-25T20:37:28Z,xm/2026/09/PorcApor_Sistema.2026-09-01.ndjson#PorcApor:Sistema:2026-09-01:2026-09-24
2026-09-23,PorcVoluUtilDiar,0.77186,fraction,xm:servapibi,2026-09-25T20:37:21Z,xm/2026/09/PorcVoluUtilDiar_Sistema.2026-09-01.ndjson#PorcVoluUtilDiar:Sistema:2026-09-01:2026-09-24
2026-09-23,VoluUtilDiarEner,13494619500,kWh,xm:servapibi,2026-09-25T20:37:22Z,xm/2026/09/VoluUtilDiarEner_Sistema.2026-09-01.ndjson#VoluUtilDiarEner:Sistema:2026-09-01:2026-09-24
2026-09-24,AporEner,102297436.77,kWh,xm:servapibi,2026-09-25T20:37:26Z,xm/2026/09/AporEner_Sistema.2026-09-01.ndjson#AporEner:Sistema:2026-09-01:2026-09-24
2026-09-24,AporEnerMediHist,208780000,kWh,xm:servapibi,2026-09-25T20:37:27Z,xm/2026/09/AporEnerMediHist_Sistema.2026-09-01.ndjson#AporEnerMediHist:Sistema:2026-09-01:2026-09-24
2026-09-24,CapaUtilDiarEner,17483245544,kWh,xm:servapibi,2026-09-25T20:37:24Z,xm/2026/09/CapaUtilDiarEner_Sistema.2026-09-01.ndjson#CapaUtilDiarEner:Sistema:2026-09-01:2026-09-24
2026-09-24,PorcApor,0.48998,fraction,xm:servapibi,2026-09-25T20:37:28Z,xm/2026/09/PorcApor_Sistema.2026-09-01.ndjson#PorcApor:Sistema:2026-09-01:2026-09-24
2026-09-24,PorcVoluUtilDiar,0.76816,fraction,xm:servapibi,2026-09-25T20:37:21Z,xm/2026/09/PorcVoluUtilDiar_Sistema.2026-09-01.ndjson#PorcVoluUtilDiar:Sistema:2026-09-01:2026-09-24
2026-09-24,VoluUtilDiarEner,13429980400,kWh,xm:servapibi,2026-09-25T20:37:22Z,xm/2026/09/VoluUtilDiarEner_Sistema.2026-09-01.ndjson#VoluUtilDiarEner:Sistema:2026-09-01:2026-09-24
