date,site,variable,value,source,mrid,fetched_at,raw_ref
2018-01-01,amaluza,caudal_m3s,144,ords:repDiaHid12m,,2026-09-22T01:19:42Z,celec_ords/2018/09/repDiaHid12m.ndjson.gz#repDiaHid12m:2018-09-20
2018-01-01,amaluza,cota_masl,1986.85,ords:repDiaHid12m,,2026-09-22T01:19:42Z,celec_ords/2018/09/repDiaHid12m.ndjson.gz#repDiaHid12m:2018-09-20
2018-01-01,mazar,caudal_m3s,26,ords:repDiaHid12m,,2026-09-22T01:19:42Z,celec_ords/2018/09/repDiaHid12m.ndjson.gz#repDiaHid12m:2018-09-20
2018-01-01,mazar,cota_masl,2143.66,ords:repDiaHid12m,,2026-09-22T01:19:42Z,celec_ords/2018/09/repDiaHid12m.ndjson.gz#repDiaHid12m:2018-09-20
2018-01-01,paute_cuenca,caudal_cuenca_m3s,124.592654,ords:csrCaudCuenAniosAvg,,2026-09-22T01:19:01Z,celec_ords/2027/01/csrCaudCuenAniosAvg.ndjson.gz#csrCaudCuenAniosAvg:2010-01-01:2027-01-01
2018-01-02,amaluza,caudal_m3s,167,ords:repDiaHid12m,,2026-09-22T01:19:42Z,celec_ords/2018/09/repDiaHid12m.ndjson.gz#repDiaHid12m:2018-09-20
2018-01-02,amaluza,cota_masl,1987.12,ords:repDiaHid12m,,2026-09-22T01:19:42Z,celec_ords/2018/09/repDiaHid12m.ndjson.gz#repDiaHid12m:2018-09-20
2018-01-02,mazar,caudal_m3s,44,ords:repDiaHid12m,,2026-09-22T01:19:42Z,celec_ords/2018/09/repDiaHid12m.ndjson.gz#repDiaHid12m:2018-09-20
2018-01-02,mazar,cota_masl,2143.64,ords:repDiaHid12m,,2026-09-22T01:19:42Z,celec_ords/2018/09/repDiaHid12m.ndjson.gz#repDiaHid12m:2018-09-20
2018-01-03,amaluza,caudal_m3s,106,ords:repDiaHid12m,,2026-09-22T01:19:42Z,celec_ords/2018/09/repDiaHid12m.ndjson.gz#repDiaHid12m:2018-09-20
2018-01-03,amaluza,cota_masl,1987,ords:repDiaHid12m,,2026-09-22T01:19:42Z,celec_ords/2018/09/repDiaHid12m.ndjson.gz#repDiaHid12m:2018-09-20
2018-01-03,mazar,caudal_m3s,34,ords:repDiaHid12m,,2026-09-22T01:19:42Z,celec_ords/2018/09/repDiaHid12m.ndjson.gz#repDiaHid12m:2018-09-20
2018-01-03,mazar,cota_masl,2143.35,ords:repDiaHid12m,,2026-09-22T01:19:42Z,celec_ords/2018/09/repDiaHid12m.ndjson.gz#repDiaHid12m:2018-09-20
2018-01-04,amaluza,caudal_m3s,126,ords:repDiaHid12m,,2026-09-22T01:19:42Z,celec_ords/2018/09/repDiaHid12m.ndjson.gz#repDiaHid12m:2018-09-20
2018-01-04,amaluza,cota_masl,1986.93,ords:repDiaHid12m,,2026-09-22T01:19:42Z,celec_ords/2018/09/repDiaHid12m.ndjson.gz#repDiaHid12m:2018-09-20
2018-01-04,mazar,caudal_m3s,30,ords:repDiaHid12m,,2026-09-22T01:19:42Z,celec_ords/2018/09/repDiaHid12m.ndjson.gz#repDiaHid12m:2018-09-20
2018-01-04,mazar,cota_masl,2142.91,ords:repDiaHid12m,,2026-09-22T01:19:42Z,celec_ords/2018/09/repDiaHid12m.ndjson.gz#repDiaHid12m:2018-09-20
2018-01-05,amaluza,caudal_m3s,92,ords:repDiaHid12m,,2026-09-22T01:19:42Z,celec_ords/2018/09/repDiaHid12m.ndjson.gz#repDiaHid12m:2018-09-20
2018-01-05,amaluza,cota_masl,1986.91,ords:repDiaHid12m,,2026-09-22T01:19:42Z,celec_ords/2018/09/repDiaHid12m.ndjson.gz#repDiaHid12m:2018-09-20
2018-01-05,mazar,caudal_m3s,40,ords:repDiaHid12m,,2026-09-22T01:19:42Z,celec_ords/2018/09/repDiaHid12m.ndjson.gz#repDiaHid12m:2018-09-20
2018-01-05,mazar,cota_masl,2142.64,ords:repDiaHid12m,,2026-09-22T01:19:42Z,celec_ords/2018/09/repDiaHid12m.ndjson.gz#repDiaHid12m:2018-09-20
2018-01-06,amaluza,caudal_m3s,122,ords:repDiaHid12m,,2026-09-22T01:19:42Z,celec_ords/2018/09/repDiaHid12m.ndjson.gz#repDiaHid12m:2018-09-20
2018-01-06,amaluza,cota_masl,1985.77,ords:repDiaHid12m,,2026-09-22T01:19:42Z,celec_ords/2018/09/repDiaHid12m.ndjson.gz#repDiaHid12m:2018-09-20
2018-01-06,mazar,caudal_m3s,35,ords:repDiaHid12m,,2026-09-22T01:19:42Z,celec_ords/2018/09/repDiaHid12m.ndjson.gz#repDiaHid12m:2018-09-20
2018-01-06,mazar,cota_masl,2142.57,ords:repDiaHid12m,,2026-09-22T01:19:42Z,celec_ords/2018/09/repDiaHid12m.ndjson.gz#repDiaHid12m:2018-09-20
2018-01-07,amaluza,caudal_m3s,148,ords:repDiaHid12m,,2026-09-22T01:19:42Z,celec_ords/2018/09/repDiaHid12m.ndjson.gz#repDiaHid12m:2018-09-20
2018-01-07,amaluza,cota_masl,1984.31,ords:repDiaHid12m,,2026-09-22T01:19:42Z,celec_ords/2018/09/repDiaHid12m.ndjson.gz#repDiaHid12m:2018-09-20
2018-01-07,mazar,caudal_m3s,27,ords:repDiaHid12m,,2026-09-22T01:19:42Z,celec_ords/2018/09/repDiaHid12m.ndjson.gz#repDiaHid12m:2018-09-20
2018-01-07,mazar,cota_masl,2142.54,ords:repDiaHid12m,,2026-09-22T01:19:42Z,celec_ords/2018/09/repDiaHid12m.ndjson.gz#repDiaHid12m:2018-09-20
2018-01-08,amaluza,caudal_m3s,143,ords:repDiaHid12m,,2026-09-22T01:19:42Z,celec_ords/2018/09/repDiaHid12m.ndjson.gz#repDiaHid12m:2018-09-20
2018-01-08,amaluza,cota_masl,1983.69,ords:repDiaHid12m,,2026-09-22T01:19:42Z,celec_ords/2018/09/repDiaHid12m.ndjson.gz#repDiaHid12m:2018-09-20
2018-01-08,mazar,caudal_m3s,10,ords:repDiaHid12m,,2026-09-22T01:19:42Z,celec_ords/2018/09/repDiaHid12m.ndjson.gz#repDiaHid12m:2018-09-20
2018-01-08,mazar,cota_masl,2141.72,ords:repDiaHid12m,,2026-09-22T01:19:42Z,celec_ords/2018/09/repDiaHid12m.ndjson.gz#repDiaHid12m:2018-09-20
2018-01-09,amaluza,caudal_m3s,153,ords:repDiaHid12m,,2026-09-22T01:19:42Z,celec_ords/2018/09/repDiaHid12m.ndjson.gz#repDiaHid12m:2018-09-20
2018-01-09,amaluza,cota_masl,1983.06,ords:repDiaHid12m,,2026-09-22T01:19:42Z,celec_ords/2018/09/repDiaHid12m.ndjson.gz#repDiaHid12m:2018-09-20
2018-01-09,mazar,caudal_m3s,10,ords:repDiaHid12m,,2026-09-22T01:19:42Z,celec_ords/2018/09/repDiaHid12m.ndjson.gz#repDiaHid12m:2018-09-20
2018-01-09,mazar,cota_masl,2140.7,ords:repDiaHid12m,,2026-09-22T01:19:42Z,celec_ords/2018/09/repDiaHid12m.ndjson.gz#repDiaHid12m:2018-09-20
2018-01-10,amaluza,caudal_m3s,148,ords:repDiaHid12m,,2026-09-22T01:19:42Z,celec_ords/2018/09/repDiaHid12m.ndjson.gz#repDiaHid12m:2018-09-20
2018-01-10,amaluza,cota_masl,1983.7,ords:repDiaHid12m,,2026-09-22T01:19:42Z,celec_ords/2018/09/repDiaHid12m.ndjson.gz#repDiaHid12m:2018-09-20
2018-01-10,mazar,caudal_m3s,12,ords:repDiaHid12m,,2026-09-22T01:19:42Z,celec_ords/2018/09/repDiaHid12m.ndjson.gz#repDiaHid12m:2018-09-20
2018-01-10,mazar,cota_masl,2139.26,ords:repDiaHid12m,,2026-09-22T01:19:42Z,celec_ords/2018/09/repDiaHid12m.ndjson.gz#repDiaHid12m:2018-09-20
2018-01-11,amaluza,caudal_m3s,106,ords:repDiaHid12m,,2026-09-22T01:19:42Z,celec_ords/2018/09/repDiaHid12m.ndjson.gz#repDiaHid12m:2018-09-20
2018-01-11,amaluza,cota_masl,1984.13,ords:repDiaHid12m,,2026-09-22T01:19:42Z,celec_ords/2018/09/repDiaHid12m.ndjson.gz#repDiaHid12m:2018-09-20
2018-01-11,mazar,caudal_m3s,49,ords:repDiaHid12m,,2026-09-22T01:19:42Z,celec_ords/2018/09/repDiaHid12m.ndjson.gz#repDiaHid12m:2018-09-20
2018-01-11,mazar,cota_masl,2138.34,ords:repDiaHid12m,,2026-09-22T01:19:42Z,celec_ords/2018/09/repDiaHid12m.ndjson.gz#repDiaHid12m:2018-09-20
2018-01-12,amaluza,caudal_m3s,150,ords:repDiaHid12m,,2026-09-22T01:19:42Z,celec_ords/2018/09/repDiaHid12m.ndjson.gz#repDiaHid12m:2018-09-20
2018-01-12,amaluza,cota_masl,1984.67,ords:repDiaHid12m,,2026-09-22T01:19:42Z,celec_ords/2018/09/repDiaHid12m.ndjson.gz#repDiaHid12m:2018-09-20
2018-01-12,mazar,caudal_m3s,17,ords:repDiaHid12m,,2026-09-22T01:19:42Z,celec_ords/2018/09/repDiaHid12m.ndjson.gz#repDiaHid12m:2018-09-20
2018-01-12,mazar,cota_masl,2137.04,ords:repDiaHid12m,,2026-09-22T01:19:42Z,celec_ords/2018/09/repDiaHid12m.ndjson.gz#repDiaHid12m:2018-09-20
2018-01-13,amaluza,caudal_m3s,154,ords:repDiaHid12m,,2026-09-22T01:19:42Z,celec_ords/2018/09/repDiaHid12m.ndjson.gz#repDiaHid12m:2018-09-20
2018-01-13,amaluza,cota_masl,1984.32,ords:repDiaHid12m,,2026-09-22T01:19:42Z,celec_ords/2018/09/repDiaHid12m.ndjson.gz#repDiaHid12m:2018-09-20
2018-01-13,mazar,caudal_m3s,35,ords:repDiaHid12m,,2026-09-22T01:19:42Z,celec_ords/2018/09/repDiaHid12m.ndjson.gz#repDiaHid12m:2018-09-20
2018-01-13,mazar,cota_masl,2136.43,ords:repDiaHid12m,,2026-09-22T01:19:42Z,celec_ords/2018/09/repDiaHid12m.ndjson.gz#repDiaHid12m:2018-09-20
2018-01-14,amaluza,caudal_m3s,157,ords:repDiaHid12m,,2026-09-22T01:19:42Z,celec_ords/2018/09/repDiaHid12m.ndjson.gz#repDiaHid12m:2018-09-20
2018-01-14,amaluza,cota_masl,1984.96,ords:repDiaHid12m,,2026-09-22T01:19:42Z,celec_ords/2018/09/repDiaHid12m.ndjson.gz#repDiaHid12m:2018-09-20
2018-01-14,mazar,caudal_m3s,41,ords:repDiaHid12m,,2026-09-22T01:19:42Z,celec_ords/2018/09/repDiaHid12m.ndjson.gz#repDiaHid12m:2018-09-20
2018-01-14,mazar,cota_masl,2135.89,ords:repDiaHid12m,,2026-09-22T01:19:42Z,celec_ords/2018/09/repDiaHid12m.ndjson.gz#repDiaHid12m:2018-09-20
2018-01-15,amaluza,caudal_m3s,179,ords:repDiaHid12m,,2026-09-22T01:19:42Z,celec_ords/2018/09/repDiaHid12m.ndjson.gz#repDiaHid12m:2018-09-20
2018-01-15,amaluza,cota_masl,1986.2,ords:repDiaHid12m,,2026-09-22T01:19:42Z,celec_ords/2018/09/repDiaHid12m.ndjson.gz#repDiaHid12m:2018-09-20
2018-01-15,mazar,caudal_m3s,87,ords:repDiaHid12m,,2026-09-22T01:19:42Z,celec_ords/2018/09/repDiaHid12m.ndjson.gz#repDiaHid12m:2018-09-20
2018-01-15,mazar,cota_masl,2136.43,ords:repDiaHid12m,,2026-09-22T01:19:42Z,celec_ords/2018/09/repDiaHid12m.ndjson.gz#repDiaHid12m:2018-09-20
2018-01-16,amaluza,caudal_m3s,129,ords:repDiaHid12m,,2026-09-22T01:19:42Z,celec_ords/2018/09/repDiaHid12m.ndjson.gz#repDiaHid12m:2018-09-20
2018-01-16,amaluza,cota_masl,1986.66,ords:repDiaHid12m,,2026-09-22T01:19:42Z,celec_ords/2018/09/repDiaHid12m.ndjson.gz#repDiaHid12m:2018-09-20
2018-01-16,mazar,caudal_m3s,80,ords:repDiaHid12m,,2026-09-22T01:19:42Z,celec_ords/2018/09/repDiaHid12m.ndjson.gz#repDiaHid12m:2018-09-20
2018-01-16,mazar,cota_masl,2137.48,ords:repDiaHid12m,,2026-09-22T01:19:42Z,celec_ords/2018/09/repDiaHid12m.ndjson.gz#repDiaHid12m:2018-09-20
2018-01-17,amaluza,caudal_m3s,108,ords:repDiaHid12m,,2026-09-22T01:19:42Z,celec_ords/2018/09/repDiaHid12m.ndjson.gz#repDiaHid12m:2018-09-20
2018-01-17,amaluza,cota_masl,1986.14,ords:repDiaHid12m,,2026-09-22T01:19:42Z,celec_ords/2018/09/repDiaHid12m.ndjson.gz#repDiaHid12m:2018-09-20
2018-01-17,mazar,caudal_m3s,68,ords:repDiaHid12m,,2026-09-22T01:19:42Z,celec_ords/2018/09/repDiaHid12m.ndjson.gz#repDiaHid12m:2018-09-20
2018-01-17,mazar,cota_masl,2138.36,ords:repDiaHid12m,,2026-09-22T01:19:42Z,celec_ords/2018/09/repDiaHid12m.ndjson.gz#repDiaHid12m:2018-09-20
2018-01-18,amaluza,caudal_m3s,155,ords:repDiaHid12m,,2026-09-22T01:19:42Z,celec_ords/2018/09/repDiaHid12m.ndjson.gz#repDiaHid12m:2018-09-20
2018-01-18,amaluza,cota_masl,1985.47,ords:repDiaHid12m,,2026-09-22T01:19:42Z,celec_ords/2018/09/repDiaHid12m.ndjson.gz#repDiaHid12m:2018-09-20
2018-01-18,mazar,caudal_m3s,59,ords:repDiaHid12m,,2026-09-22T01:19:42Z,celec_ords/2018/09/repDiaHid12m.ndjson.gz#repDiaHid12m:2018-09-20
2018-01-18,mazar,cota_masl,2138.61,ords:repDiaHid12m,,2026-09-22T01:19:42Z,celec_ords/2018/09/repDiaHid12m.ndjson.gz#repDiaHid12m:2018-09-20
2018-01-19,amaluza,caudal_m3s,177,ords:repDiaHid12m,,2026-09-22T01:19:42Z,celec_ords/2018/09/repDiaHid12m.ndjson.gz#repDiaHid12m:2018-09-20
2018-01-19,amaluza,cota_masl,1986.48,ords:repDiaHid12m,,2026-09-22T01:19:42Z,celec_ords/2018/09/repDiaHid12m.ndjson.gz#repDiaHid12m:2018-09-20
2018-01-19,mazar,caudal_m3s,90,ords:repDiaHid12m,,2026-09-22T01:19:42Z,celec_ords/2018/09/repDiaHid12m.ndjson.gz#repDiaHid12m:2018-09-20
2018-01-19,mazar,cota_masl,2138.76,ords:repDiaHid12m,,2026-09-22T01:19:42Z,celec_ords/2018/09/repDiaHid12m.ndjson.gz#repDiaHid12m:2018-09-20
2018-01-20,amaluza,caudal_m3s,236,ords:repDiaHid12m,,2026-09-22T01:19:42Z,celec_ords/2018/09/repDiaHid12m.ndjson.gz#repDiaHid12m:2018-09-20
2018-01-20,amaluza,cota_masl,1990.07,ords:repDiaHid12m,,2026-09-22T01:19:42Z,celec_ords/2018/09/repDiaHid12m.ndjson.gz#repDiaHid12m:2018-09-20
2018-01-20,mazar,caudal_m3s,341,ords:repDiaHid12m,,2026-09-22T01:19:42Z,celec_ords/2018/09/repDiaHid12m.ndjson.gz#repDiaHid12m:2018-09-20
2018-01-20,mazar,cota_masl,2141.74,ords:repDiaHid12m,,2026-09-22T01:19:42Z,celec_ords/2018/09/repDiaHid12m.ndjson.gz#repDiaHid12m:2018-09-20
2018-01-21,amaluza,caudal_m3s,81,ords:repDiaHid12m,,2026-09-22T01:19:42Z,celec_ords/2018/09/repDiaHid12m.ndjson.gz#repDiaHid12m:2018-09-20
2018-01-21,amaluza,cota_masl,1989.88,ords:repDiaHid12m,,2026-09-22T01:19:42Z,celec_ords/2018/09/repDiaHid12m.ndjson.gz#repDiaHid12m:2018-09-20
2018-01-21,mazar,caudal_m3s,239,ords:repDiaHid12m,,2026-09-22T01:19:42Z,celec_ords/2018/09/repDiaHid12m.ndjson.gz#repDiaHid12m:2018-09-20
2018-01-21,mazar,cota_masl,2144.68,ords:repDiaHid12m,,2026-09-22T01:19:42Z,celec_ords/2018/09/repDiaHid12m.ndjson.gz#repDiaHid12m:2018-09-20
2018-01-22,amaluza,caudal_m3s,107,ords:repDiaHid12m,,2026-09-22T01:19:42Z,celec_ords/2018/09/repDiaHid12m.ndjson.gz#repDiaHid12m:2018-09-20
2018-01-22,amaluza,cota_masl,1988.82,ords:repDiaHid12m,,2026-09-22T01:19:42Z,celec_ords/2018/09/repDiaHid12m.ndjson.gz#repDiaHid12m:2018-09-20
2018-01-22,mazar,caudal_m3s,81,ords:repDiaHid12m,,2026-09-22T01:19:42Z,celec_ords/2018/09/repDiaHid12m.ndjson.gz#repDiaHid12m:2018-09-20
2018-01-22,mazar,cota_masl,2145.76,ords:repDiaHid12m,,2026-09-22T01:19:42Z,celec_ords/2018/09/repDiaHid12m.ndjson.gz#repDiaHid12m:2018-09-20
2018-01-23,amaluza,caudal_m3s,93,ords:repDiaHid12m,,2026-09-22T01:19:42Z,celec_ords/2018/09/repDiaHid12m.ndjson.gz#repDiaHid12m:2018-09-20
2018-01-23,amaluza,cota_masl,1986.66,ords:repDiaHid12m,,2026-09-22T01:19:42Z,celec_ords/2018/09/repDiaHid12m.ndjson.gz#repDiaHid12m:2018-09-20
2018-01-23,mazar,caudal_m3s,60,ords:repDiaHid12m,,2026-09-22T01:19:42Z,celec_ords/2018/09/repDiaHid12m.ndjson.gz#repDiaHid12m:2018-09-20
2018-01-23,mazar,cota_masl,2146.46,ords:repDiaHid12m,,2026-09-22T01:19:42Z,celec_ords/2018/09/repDiaHid12m.ndjson.gz#repDiaHid12m:2018-09-20
2018-01-24,amaluza,caudal_m3s,95,ords:repDiaHid12m,,2026-09-22T01:19:42Z,celec_ords/2018/09/repDiaHid12m.ndjson.gz#repDiaHid12m:2018-09-20
2018-01-24,amaluza,cota_masl,1984.4,ords:repDiaHid12m,,2026-09-22T01:19:42Z,celec_ords/2018/09/repDiaHid12m.ndjson.gz#repDiaHid12m:2018-09-20
2018-01-24,mazar,caudal_m3s,34,ords:repDiaHid12m,,2026-09-22T01:19:42Z,celec_ords/2018/09/repDiaHid12m.ndjson.gz#repDiaHid12m:2018-09-20
2018-01-24,mazar,cota_masl,2146.82,ords:repDiaHid12m,,2026-09-22T01:19:42Z,celec_ords/2018/09/repDiaHid12m.ndjson.gz#repDiaHid12m:2018-09-20
2018-01-25,amaluza,caudal_m3s,158,ords:repDiaHid12m,,2026-09-22T01:19:42Z,celec_ords/2018/09/repDiaHid12m.ndjson.gz#repDiaHid12m:2018-09-20
2018-01-25,amaluza,cota_masl,1984.31,ords:repDiaHid12m,,2026-09-22T01:19:42Z,celec_ords/2018/09/repDiaHid12m.ndjson.gz#repDiaHid12m:2018-09-20
2018-01-25,mazar,caudal_m3s,68,ords:repDiaHid12m,,2026-09-22T01:19:42Z,celec_ords/2018/09/repDiaHid12m.ndjson.gz#repDiaHid12m:2018-09-20
2018-01-25,mazar,cota_masl,2146.84,ords:repDiaHid12m,,2026-09-22T01:19:42Z,celec_ords/2018/09/repDiaHid12m.ndjson.gz#repDiaHid12m:2018-09-20
2018-01-26,amaluza,caudal_m3s,150,ords:repDiaHid12m,,2026-09-22T01:19:42Z,celec_ords/2018/09/repDiaHid12m.ndjson.gz#repDiaHid12m:2018-09-20
2018-01-26,amaluza,cota_masl,1984.88,ords:repDiaHid12m,,2026-09-22T01:19:42Z,celec_ords/2018/09/repDiaHid12m.ndjson.gz#repDiaHid12m:2018-09-20
2018-01-26,mazar,caudal_m3s,40,ords:repDiaHid12m,,2026-09-22T01:19:42Z,celec_ords/2018/09/repDiaHid12m.ndjson.gz#repDiaHid12m:2018-09-20
2018-01-26,mazar,cota_masl,2146.4,ords:repDiaHid12m,,2026-09-22T01:19:42Z,celec_ords/2018/09/repDiaHid12m.ndjson.gz#repDiaHid12m:2018-09-20
2018-01-27,amaluza,caudal_m3s,132,ords:repDiaHid12m,,2026-09-22T01:19:42Z,celec_ords/2018/09/repDiaHid12m.ndjson.gz#repDiaHid12m:2018-09-20
2018-01-27,amaluza,cota_masl,1984.95,ords:repDiaHid12m,,2026-09-22T01:19:42Z,celec_ords/2018/09/repDiaHid12m.ndjson.gz#repDiaHid12m:2018-09-20
2018-01-27,mazar,caudal_m3s,66,ords:repDiaHid12m,,2026-09-22T01:19:42Z,celec_ords/2018/09/repDiaHid12m.ndjson.gz#repDiaHid12m:2018-09-20
2018-01-27,mazar,cota_masl,2146.63,ords:repDiaHid12m,,2026-09-22T01:19:42Z,celec_ords/2018/09/repDiaHid12m.ndjson.gz#repDiaHid12m:2018-09-20
2018-01-28,amaluza,caudal_m3s,151,ords:repDiaHid12m,,2026-09-22T01:19:42Z,celec_ords/2018/09/repDiaHid12m.ndjson.gz#repDiaHid12m:2018-09-20
2018-01-28,amaluza,cota_masl,1985.68,ords:repDiaHid12m,,2026-09-22T01:19:42Z,celec_ords/2018/09/repDiaHid12m.ndjson.gz#repDiaHid12m:2018-09-20
2018-01-28,mazar,caudal_m3s,43,ords:repDiaHid12m,,2026-09-22T01:19:42Z,celec_ords/2018/09/repDiaHid12m.ndjson.gz#repDiaHid12m:2018-09-20
2018-01-28,mazar,cota_masl,2146.22,ords:repDiaHid12m,,2026-09-22T01:19:42Z,celec_ords/2018/09/repDiaHid12m.ndjson.gz#repDiaHid12m:2018-09-20
2018-01-29,amaluza,caudal_m3s,162,ords:repDiaHid12m,,2026-09-22T01:19:42Z,celec_ords/2018/09/repDiaHid12m.ndjson.gz#repDiaHid12m:2018-09-20
2018-01-29,amaluza,cota_masl,1985.65,ords:repDiaHid12m,,2026-09-22T01:19:42Z,celec_ords/2018/09/repDiaHid12m.ndjson.gz#repDiaHid12m:2018-09-20
2018-01-29,mazar,caudal_m3s,30,ords:repDiaHid12m,,2026-09-22T01:19:42Z,celec_ords/2018/09/repDiaHid12m.ndjson.gz#repDiaHid12m:2018-09-20
2018-01-29,mazar,cota_masl,2145.54,ords:repDiaHid12m,,2026-09-22T01:19:42Z,celec_ords/2018/09/repDiaHid12m.ndjson.gz#repDiaHid12m:2018-09-20
2018-01-30,amaluza,caudal_m3s,162,ords:repDiaHid12m,,2026-09-22T01:19:42Z,celec_ords/2018/09/repDiaHid12m.ndjson.gz#repDiaHid12m:2018-09-20
2018-01-30,amaluza,cota_masl,1985.83,ords:repDiaHid12m,,2026-09-22T01:19:42Z,celec_ords/2018/09/repDiaHid12m.ndjson.gz#repDiaHid12m:2018-09-20
2018-01-30,mazar,caudal_m3s,27,ords:repDiaHid12m,,2026-09-22T01:19:42Z,celec_ords/2018/09/repDiaHid12m.ndjson.gz#repDiaHid12m:2018-09-20
2018-01-30,mazar,cota_masl,2144.72,ords:repDiaHid12m,,2026-09-22T01:19:42Z,celec_ords/2018/09/repDiaHid12m.ndjson.gz#repDiaHid12m:2018-09-20
2018-01-31,amaluza,caudal_m3s,156,ords:repDiaHid12m,,2026-09-22T01:19:42Z,celec_ords/2018/09/repDiaHid12m.ndjson.gz#repDiaHid12m:2018-09-20
2018-01-31,amaluza,cota_masl,1985.33,ords:repDiaHid12m,,2026-09-22T01:19:42Z,celec_ords/2018/09/repDiaHid12m.ndjson.gz#repDiaHid12m:2018-09-20
2018-01-31,mazar,caudal_m3s,31,ords:repDiaHid12m,,2026-09-22T01:19:42Z,celec_ords/2018/09/repDiaHid12m.ndjson.gz#repDiaHid12m:2018-09-20
2018-01-31,mazar,cota_masl,2144.1,ords:repDiaHid12m,,2026-09-22T01:19:42Z,celec_ords/2018/09/repDiaHid12m.ndjson.gz#repDiaHid12m:2018-09-20
2018-02-01,amaluza,caudal_m3s,163,ords:repDiaHid12m,,2026-09-22T01:19:42Z,celec_ords/2018/09/repDiaHid12m.ndjson.gz#repDiaHid12m:2018-09-20
2018-02-01,amaluza,cota_masl,1985.22,ords:repDiaHid12m,,2026-09-22T01:19:42Z,celec_ords/2018/09/repDiaHid12m.ndjson.gz#repDiaHid12m:2018-09-20
2018-02-01,mazar,caudal_m3s,21,ords:repDiaHid12m,,2026-09-22T01:19:42Z,celec_ords/2018/09/repDiaHid12m.ndjson.gz#repDiaHid12m:2018-09-20
2018-02-01,mazar,cota_masl,2143.14,ords:repDiaHid12m,,2026-09-22T01:19:42Z,celec_ords/2018/09/repDiaHid12m.ndjson.gz#repDiaHid12m:2018-09-20
2018-02-02,amaluza,caudal_m3s,139,ords:repDiaHid12m,,2026-09-22T01:19:42Z,celec_ords/2018/09/repDiaHid12m.ndjson.gz#repDiaHid12m:2018-09-20
2018-02-02,amaluza,cota_masl,1984.31,ords:repDiaHid12m,,2026-09-22T01:19:42Z,celec_ords/2018/09/repDiaHid12m.ndjson.gz#repDiaHid12m:2018-09-20
2018-02-02,mazar,caudal_m3s,22,ords:repDiaHid12m,,2026-09-22T01:19:42Z,celec_ords/2018/09/repDiaHid12m.ndjson.gz#repDiaHid12m:2018-09-20
2018-02-02,mazar,cota_masl,2142.55,ords:repDiaHid12m,,2026-09-22T01:19:42Z,celec_ords/2018/09/repDiaHid12m.ndjson.gz#repDiaHid12m:2018-09-20
2018-02-03,amaluza,caudal_m3s,145,ords:repDiaHid12m,,2026-09-22T01:19:42Z,celec_ords/2018/09/repDiaHid12m.ndjson.gz#repDiaHid12m:2018-09-20
2018-02-03,amaluza,cota_masl,1984.16,ords:repDiaHid12m,,2026-09-22T01:19:42Z,celec_ords/2018/09/repDiaHid12m.ndjson.gz#repDiaHid12m:2018-09-20
2018-02-03,mazar,caudal_m3s,26,ords:repDiaHid12m,,2026-09-22T01:19:42Z,celec_ords/2018/09/repDiaHid12m.ndjson.gz#repDiaHid12m:2018-09-20
2018-02-03,mazar,cota_masl,2141.97,ords:repDiaHid12m,,2026-09-22T01:19:42Z,celec_ords/2018/09/repDiaHid12m.ndjson.gz#repDiaHid12m:2018-09-20
2018-02-04,amaluza,caudal_m3s,180,ords:repDiaHid12m,,2026-09-22T01:19:42Z,celec_ords/2018/09/repDiaHid12m.ndjson.gz#repDiaHid12m:2018-09-20
2018-02-04,amaluza,cota_masl,1985.31,ords:repDiaHid12m,,2026-09-22T01:19:42Z,celec_ords/2018/09/repDiaHid12m.ndjson.gz#repDiaHid12m:2018-09-20
2018-02-04,mazar,caudal_m3s,24,ords:repDiaHid12m,,2026-09-22T01:19:42Z,celec_ords/2018/09/repDiaHid12m.ndjson.gz#repDiaHid12m:2018-09-20
2018-02-04,mazar,cota_masl,2141.05,ords:repDiaHid12m,,2026-09-22T01:19:42Z,celec_ords/2018/09/repDiaHid12m.ndjson.gz#repDiaHid12m:2018-09-20
2018-02-05,amaluza,caudal_m3s,151,ords:repDiaHid12m,,2026-09-22T01:19:42Z,celec_ords/2018/09/repDiaHid12m.ndjson.gz#repDiaHid12m:2018-09-20
2018-02-05,amaluza,cota_masl,1984.96,ords:repDiaHid12m,,2026-09-22T01:19:42Z,celec_ords/2018/09/repDiaHid12m.ndjson.gz#repDiaHid12m:2018-09-20
2018-02-05,mazar,caudal_m3s,17,ords:repDiaHid12m,,2026-09-22T01:19:42Z,celec_ords/2018/09/repDiaHid12m.ndjson.gz#repDiaHid12m:2018-09-20
2018-02-05,mazar,cota_masl,2140.26,ords:repDiaHid12m,,2026-09-22T01:19:42Z,celec_ords/2018/09/repDiaHid12m.ndjson.gz#repDiaHid12m:2018-09-20
2018-02-06,amaluza,caudal_m3s,173,ords:repDiaHid12m,,2026-09-22T01:19:42Z,celec_ords/2018/09/repDiaHid12m.ndjson.gz#repDiaHid12m:2018-09-20
2018-02-06,amaluza,cota_masl,1985.48,ords:repDiaHid12m,,2026-09-22T01:19:42Z,celec_ords/2018/09/repDiaHid12m.ndjson.gz#repDiaHid12m:2018-09-20
2018-02-06,mazar,caudal_m3s,20,ords:repDiaHid12m,,2026-09-22T01:19:42Z,celec_ords/2018/09/repDiaHid12m.ndjson.gz#repDiaHid12m:2018-09-20
2018-02-06,mazar,cota_masl,2139.08,ords:repDiaHid12m,,2026-09-22T01:19:42Z,celec_ords/2018/09/repDiaHid12m.ndjson.gz#repDiaHid12m:2018-09-20
2018-02-07,amaluza,caudal_m3s,152,ords:repDiaHid12m,,2026-09-22T01:19:42Z,celec_ords/2018/09/repDiaHid12m.ndjson.gz#repDiaHid12m:2018-09-20
2018-02-07,amaluza,cota_masl,1985.65,ords:repDiaHid12m,,2026-09-22T01:19:42Z,celec_ords/2018/09/repDiaHid12m.ndjson.gz#repDiaHid12m:2018-09-20
2018-02-07,mazar,caudal_m3s,37,ords:repDiaHid12m,,2026-09-22T01:19:42Z,celec_ords/2018/09/repDiaHid12m.ndjson.gz#repDiaHid12m:2018-09-20
2018-02-07,mazar,cota_masl,2138.05,ords:repDiaHid12m,,2026-09-22T01:19:42Z,celec_ords/2018/09/repDiaHid12m.ndjson.gz#repDiaHid12m:2018-09-20
2018-02-08,amaluza,caudal_m3s,148,ords:repDiaHid12m,,2026-09-22T01:19:42Z,celec_ords/2018/09/repDiaHid12m.ndjson.gz#repDiaHid12m:2018-09-20
2018-02-08,amaluza,cota_masl,1984.4,ords:repDiaHid12m,,2026-09-22T01:19:42Z,celec_ords/2018/09/repDiaHid12m.ndjson.gz#repDiaHid12m:2018-09-20
2018-02-08,mazar,caudal_m3s,10,ords:repDiaHid12m,,2026-09-22T01:19:42Z,celec_ords/2018/09/repDiaHid12m.ndjson.gz#repDiaHid12m:2018-09-20
2018-02-08,mazar,cota_masl,2136.96,ords:repDiaHid12m,,2026-09-22T01:19:42Z,celec_ords/2018/09/repDiaHid12m.ndjson.gz#repDiaHid12m:2018-09-20
2018-02-09,amaluza,caudal_m3s,158,ords:repDiaHid12m,,2026-09-22T01:19:42Z,celec_ords/2018/09/repDiaHid12m.ndjson.gz#repDiaHid12m:2018-09-20
2018-02-09,amaluza,cota_masl,1985.03,ords:repDiaHid12m,,2026-09-22T01:19:42Z,celec_ords/2018/09/repDiaHid12m.ndjson.gz#repDiaHid12m:2018-09-20
2018-02-09,mazar,caudal_m3s,17,ords:repDiaHid12m,,2026-09-22T01:19:42Z,celec_ords/2018/09/repDiaHid12m.ndjson.gz#repDiaHid12m:2018-09-20
2018-02-09,mazar,cota_masl,2135.54,ords:repDiaHid12m,,2026-09-22T01:19:42Z,celec_ords/2018/09/repDiaHid12m.ndjson.gz#repDiaHid12m:2018-09-20
2018-02-10,amaluza,caudal_m3s,144,ords:repDiaHid12m,,2026-09-22T01:19:42Z,celec_ords/2018/09/repDiaHid12m.ndjson.gz#repDiaHid12m:2018-09-20
2018-02-10,amaluza,cota_masl,1984.59,ords:repDiaHid12m,,2026-09-22T01:19:42Z,celec_ords/2018/09/repDiaHid12m.ndjson.gz#repDiaHid12m:2018-09-20
2018-02-10,mazar,caudal_m3s,20,ords:repDiaHid12m,,2026-09-22T01:19:42Z,celec_ords/2018/09/repDiaHid12m.ndjson.gz#repDiaHid12m:2018-09-20
2018-02-10,mazar,cota_masl,2135.02,ords:repDiaHid12m,,2026-09-22T01:19:42Z,celec_ords/2018/09/repDiaHid12m.ndjson.gz#repDiaHid12m:2018-09-20
2018-02-11,amaluza,caudal_m3s,86,ords:repDiaHid12m,,2026-09-22T01:19:42Z,celec_ords/2018/09/repDiaHid12m.ndjson.gz#repDiaHid12m:2018-09-20
2018-02-11,amaluza,cota_masl,1984.41,ords:repDiaHid12m,,2026-09-22T01:19:42Z,celec_ords/2018/09/repDiaHid12m.ndjson.gz#repDiaHid12m:2018-09-20
2018-02-11,mazar,caudal_m3s,15,ords:repDiaHid12m,,2026-09-22T01:19:42Z,celec_ords/2018/09/repDiaHid12m.ndjson.gz#repDiaHid12m:2018-09-20
2018-02-11,mazar,cota_masl,2134.56,ords:repDiaHid12m,,2026-09-22T01:19:42Z,celec_ords/2018/09/repDiaHid12m.ndjson.gz#repDiaHid12m:2018-09-20
2018-02-12,amaluza,caudal_m3s,86,ords:repDiaHid12m,,2026-09-22T01:19:42Z,celec_ords/2018/09/repDiaHid12m.ndjson.gz#repDiaHid12m:2018-09-20
2018-02-12,amaluza,cota_masl,1984.67,ords:repDiaHid12m,,2026-09-22T01:19:42Z,celec_ords/2018/09/repDiaHid12m.ndjson.gz#repDiaHid12m:2018-09-20
2018-02-12,mazar,caudal_m3s,24,ords:repDiaHid12m,,2026-09-22T01:19:42Z,celec_ords/2018/09/repDiaHid12m.ndjson.gz#repDiaHid12m:2018-09-20
2018-02-12,mazar,cota_masl,2133.88,ords:repDiaHid12m,,2026-09-22T01:19:42Z,celec_ords/2018/09/repDiaHid12m.ndjson.gz#repDiaHid12m:2018-09-20
2018-02-13,amaluza,caudal_m3s,65,ords:repDiaHid12m,,2026-09-22T01:19:42Z,celec_ords/2018/09/repDiaHid12m.ndjson.gz#repDiaHid12m:2018-09-20
2018-02-13,amaluza,cota_masl,1983.98,ords:repDiaHid12m,,2026-09-22T01:19:42Z,celec_ords/2018/09/repDiaHid12m.ndjson.gz#repDiaHid12m:2018-09-20
2018-02-13,mazar,caudal_m3s,16,ords:repDiaHid12m,,2026-09-22T01:19:42Z,celec_ords/2018/09/repDiaHid12m.ndjson.gz#repDiaHid12m:2018-09-20
2018-02-13,mazar,cota_masl,2133.48,ords:repDiaHid12m,,2026-09-22T01:19:42Z,celec_ords/2018/09/repDiaHid12m.ndjson.gz#repDiaHid12m:2018-09-20
2018-02-14,amaluza,caudal_m3s,150,ords:repDiaHid12m,,2026-09-22T01:19:42Z,celec_ords/2018/09/repDiaHid12m.ndjson.gz#repDiaHid12m:2018-09-20
2018-02-14,amaluza,cota_masl,1984.13,ords:repDiaHid12m,,2026-09-22T01:19:42Z,celec_ords/2018/09/repDiaHid12m.ndjson.gz#repDiaHid12m:2018-09-20
2018-02-14,mazar,caudal_m3s,16,ords:repDiaHid12m,,2026-09-22T01:19:42Z,celec_ords/2018/09/repDiaHid12m.ndjson.gz#repDiaHid12m:2018-09-20
2018-02-14,mazar,cota_masl,2132.24,ords:repDiaHid12m,,2026-09-22T01:19:42Z,celec_ords/2018/09/repDiaHid12m.ndjson.gz#repDiaHid12m:2018-09-20
2018-02-15,amaluza,caudal_m3s,60,ords:repDiaHid12m,,2026-09-22T01:19:42Z,celec_ords/2018/09/repDiaHid12m.ndjson.gz#repDiaHid12m:2018-09-20
2018-02-15,amaluza,cota_masl,1984.51,ords:repDiaHid12m,,2026-09-22T01:19:42Z,celec_ords/2018/09/repDiaHid12m.ndjson.gz#repDiaHid12m:2018-09-20
2018-02-15,mazar,caudal_m3s,22,ords:repDiaHid12m,,2026-09-22T01:19:42Z,celec_ords/2018/09/repDiaHid12m.ndjson.gz#repDiaHid12m:2018-09-20
2018-02-15,mazar,cota_masl,2131.03,ords:repDiaHid12m,,2026-09-22T01:19:42Z,celec_ords/2018/09/repDiaHid12m.ndjson.gz#repDiaHid12m:2018-09-20
2018-02-16,amaluza,caudal_m3s,11,ords:repDiaHid12m,,2026-09-22T01:19:42Z,celec_ords/2018/09/repDiaHid12m.ndjson.gz#repDiaHid12m:2018-09-20
2018-02-16,amaluza,cota_masl,1982.44,ords:repDiaHid12m,,2026-09-22T01:19:42Z,celec_ords/2018/09/repDiaHid12m.ndjson.gz#repDiaHid12m:2018-09-20
2018-02-16,mazar,caudal_m3s,27,ords:repDiaHid12m,,2026-09-22T01:19:42Z,celec_ords/2018/09/repDiaHid12m.ndjson.gz#repDiaHid12m:2018-09-20
2018-02-16,mazar,cota_masl,2131.24,ords:repDiaHid12m,,2026-09-22T01:19:42Z,celec_ords/2018/09/repDiaHid12m.ndjson.gz#repDiaHid12m:2018-09-20
2018-02-17,amaluza,caudal_m3s,71,ords:repDiaHid12m,,2026-09-22T01:19:42Z,celec_ords/2018/09/repDiaHid12m.ndjson.gz#repDiaHid12m:2018-09-20
2018-02-17,amaluza,cota_masl,1983,ords:repDiaHid12m,,2026-09-22T01:19:42Z,celec_ords/2018/09/repDiaHid12m.ndjson.gz#repDiaHid12m:2018-09-20
2018-02-17,mazar,caudal_m3s,21,ords:repDiaHid12m,,2026-09-22T01:19:42Z,celec_ords/2018/09/repDiaHid12m.ndjson.gz#repDiaHid12m:2018-09-20
2018-02-17,mazar,cota_masl,2130.9,ords:repDiaHid12m,,2026-09-22T01:19:42Z,celec_ords/2018/09/repDiaHid12m.ndjson.gz#repDiaHid12m:2018-09-20
2018-02-18,amaluza,caudal_m3s,101,ords:repDiaHid12m,,2026-09-22T01:19:42Z,celec_ords/2018/09/repDiaHid12m.ndjson.gz#repDiaHid12m:2018-09-20
2018-02-18,amaluza,cota_masl,1983.97,ords:repDiaHid12m,,2026-09-22T01:19:42Z,celec_ords/2018/09/repDiaHid12m.ndjson.gz#repDiaHid12m:2018-09-20
2018-02-18,mazar,caudal_m3s,37,ords:repDiaHid12m,,2026-09-22T01:19:42Z,celec_ords/2018/09/repDiaHid12m.ndjson.gz#repDiaHid12m:2018-09-20
2018-02-18,mazar,cota_masl,2130.82,ords:repDiaHid12m,,2026-09-22T01:19:42Z,celec_ords/2018/09/repDiaHid12m.ndjson.gz#repDiaHid12m:2018-09-20
2018-02-19,amaluza,caudal_m3s,92,ords:repDiaHid12m,,2026-09-22T01:19:42Z,celec_ords/2018/09/repDiaHid12m.ndjson.gz#repDiaHid12m:2018-09-20
2018-02-19,amaluza,cota_masl,1984.68,ords:repDiaHid12m,,2026-09-22T01:19:42Z,celec_ords/2018/09/repDiaHid12m.ndjson.gz#repDiaHid12m:2018-09-20
2018-02-19,mazar,caudal_m3s,67,ords:repDiaHid12m,,2026-09-22T01:19:42Z,celec_ords/2018/09/repDiaHid12m.ndjson.gz#repDiaHid12m:2018-09-20
2018-02-19,mazar,cota_masl,2130.86,ords:repDiaHid12m,,2026-09-22T01:19:42Z,celec_ords/2018/09/repDiaHid12m.ndjson.gz#repDiaHid12m:2018-09-20
2018-02-20,amaluza,caudal_m3s,148,ords:repDiaHid12m,,2026-09-22T01:19:42Z,celec_ords/2018/09/repDiaHid12m.ndjson.gz#repDiaHid12m:2018-09-20
2018-02-20,amaluza,cota_masl,1986.4,ords:repDiaHid12m,,2026-09-22T01:19:42Z,celec_ords/2018/09/repDiaHid12m.ndjson.gz#repDiaHid12m:2018-09-20
2018-02-20,mazar,caudal_m3s,149,ords:repDiaHid12m,,2026-09-22T01:19:42Z,celec_ords/2018/09/repDiaHid12m.ndjson.gz#repDiaHid12m:2018-09-20
2018-02-20,mazar,cota_masl,2131.59,ords:repDiaHid12m,,2026-09-22T01:19:42Z,celec_ords/2018/09/repDiaHid12m.ndjson.gz#repDiaHid12m:2018-09-20
2018-02-21,amaluza,caudal_m3s,132,ords:repDiaHid12m,,2026-09-22T01:19:42Z,celec_ords/2018/09/repDiaHid12m.ndjson.gz#repDiaHid12m:2018-09-20
2018-02-21,amaluza,cota_masl,1987.39,ords:repDiaHid12m,,2026-09-22T01:19:42Z,celec_ords/2018/09/repDiaHid12m.ndjson.gz#repDiaHid12m:2018-09-20
2018-02-21,mazar,caudal_m3s,45,ords:repDiaHid12m,,2026-09-22T01:19:42Z,celec_ords/2018/09/repDiaHid12m.ndjson.gz#repDiaHid12m:2018-09-20
2018-02-21,mazar,cota_masl,2131.79,ords:repDiaHid12m,,2026-09-22T01:19:42Z,celec_ords/2018/09/repDiaHid12m.ndjson.gz#repDiaHid12m:2018-09-20
2018-02-22,amaluza,caudal_m3s,153,ords:repDiaHid12m,,2026-09-22T01:19:42Z,celec_ords/2018/09/repDiaHid12m.ndjson.gz#repDiaHid12m:2018-09-20
2018-02-22,amaluza,cota_masl,1987.09,ords:repDiaHid12m,,2026-09-22T01:19:42Z,celec_ords/2018/09/repDiaHid12m.ndjson.gz#repDiaHid12m:2018-09-20
2018-02-22,mazar,caudal_m3s,60,ords:repDiaHid12m,,2026-09-22T01:19:42Z,celec_ords/2018/09/repDiaHid12m.ndjson.gz#repDiaHid12m:2018-09-20
2018-02-22,mazar,cota_masl,2131.96,ords:repDiaHid12m,,2026-09-22T01:19:42Z,celec_ords/2018/09/repDiaHid12m.ndjson.gz#repDiaHid12m:2018-09-20
2018-02-23,amaluza,caudal_m3s,157,ords:repDiaHid12m,,2026-09-22T01:19:42Z,celec_ords/2018/09/repDiaHid12m.ndjson.gz#repDiaHid12m:2018-09-20
2018-02-23,amaluza,cota_masl,1987,ords:repDiaHid12m,,2026-09-22T01:19:42Z,celec_ords/2018/09/repDiaHid12m.ndjson.gz#repDiaHid12m:2018-09-20
2018-02-23,mazar,caudal_m3s,42,ords:repDiaHid12m,,2026-09-22T01:19:42Z,celec_ords/2018/09/repDiaHid12m.ndjson.gz#repDiaHid12m:2018-09-20
2018-02-23,mazar,cota_masl,2131.56,ords:repDiaHid12m,,2026-09-22T01:19:42Z,celec_ords/2018/09/repDiaHid12m.ndjson.gz#repDiaHid12m:2018-09-20
2018-02-24,amaluza,caudal_m3s,129,ords:repDiaHid12m,,2026-09-22T01:19:42Z,celec_ords/2018/09/repDiaHid12m.ndjson.gz#repDiaHid12m:2018-09-20
2018-02-24,amaluza,cota_masl,1986.56,ords:repDiaHid12m,,2026-09-22T01:19:42Z,celec_ords/2018/09/repDiaHid12m.ndjson.gz#repDiaHid12m:2018-09-20
2018-02-24,mazar,caudal_m3s,30,ords:repDiaHid12m,,2026-09-22T01:19:42Z,celec_ords/2018/09/repDiaHid12m.ndjson.gz#repDiaHid12m:2018-09-20
2018-02-24,mazar,cota_masl,2131.37,ords:repDiaHid12m,,2026-09-22T01:19:42Z,celec_ords/2018/09/repDiaHid12m.ndjson.gz#repDiaHid12m:2018-09-20
2018-02-25,amaluza,caudal_m3s,142,ords:repDiaHid12m,,2026-09-22T01:19:42Z,celec_ords/2018/09/repDiaHid12m.ndjson.gz#repDiaHid12m:2018-09-20
2018-02-25,amaluza,cota_masl,1985.86,ords:repDiaHid12m,,2026-09-22T01:19:42Z,celec_ords/2018/09/repDiaHid12m.ndjson.gz#repDiaHid12m:2018-09-20
2018-02-25,mazar,caudal_m3s,35,ords:repDiaHid12m,,2026-09-22T01:19:42Z,celec_ords/2018/09/repDiaHid12m.ndjson.gz#repDiaHid12m:2018-09-20
2018-02-25,mazar,cota_masl,2130.95,ords:repDiaHid12m,,2026-09-22T01:19:42Z,celec_ords/2018/09/repDiaHid12m.ndjson.gz#repDiaHid12m:2018-09-20
2018-02-26,amaluza,caudal_m3s,139,ords:repDiaHid12m,,2026-09-22T01:19:42Z,celec_ords/2018/09/repDiaHid12m.ndjson.gz#repDiaHid12m:2018-09-20
2018-02-26,amaluza,cota_masl,1985.41,ords:repDiaHid12m,,2026-09-22T01:19:42Z,celec_ords/2018/09/repDiaHid12m.ndjson.gz#repDiaHid12m:2018-09-20
2018-02-26,mazar,caudal_m3s,15,ords:repDiaHid12m,,2026-09-22T01:19:42Z,celec_ords/2018/09/repDiaHid12m.ndjson.gz#repDiaHid12m:2018-09-20
2018-02-26,mazar,cota_masl,2129.77,ords:repDiaHid12m,,2026-09-22T01:19:42Z,celec_ords/2018/09/repDiaHid12m.ndjson.gz#repDiaHid12m:2018-09-20
2018-02-27,amaluza,caudal_m3s,120,ords:repDiaHid12m,,2026-09-22T01:19:42Z,celec_ords/2018/09/repDiaHid12m.ndjson.gz#repDiaHid12m:2018-09-20
2018-02-27,amaluza,cota_masl,1984.77,ords:repDiaHid12m,,2026-09-22T01:19:42Z,celec_ords/2018/09/repDiaHid12m.ndjson.gz#repDiaHid12m:2018-09-20
2018-02-27,mazar,caudal_m3s,23,ords:repDiaHid12m,,2026-09-22T01:19:42Z,celec_ords/2018/09/repDiaHid12m.ndjson.gz#repDiaHid12m:2018-09-20
2018-02-27,mazar,cota_masl,2128.62,ords:repDiaHid12m,,2026-09-22T01:19:42Z,celec_ords/2018/09/repDiaHid12m.ndjson.gz#repDiaHid12m:2018-09-20
2018-02-28,amaluza,caudal_m3s,39,ords:repDiaHid12m,,2026-09-22T01:19:42Z,celec_ords/2018/09/repDiaHid12m.ndjson.gz#repDiaHid12m:2018-09-20
2018-02-28,amaluza,cota_masl,1985.33,ords:repDiaHid12m,,2026-09-22T01:19:42Z,celec_ords/2018/09/repDiaHid12m.ndjson.gz#repDiaHid12m:2018-09-20
2018-02-28,mazar,caudal_m3s,29,ords:repDiaHid12m,,2026-09-22T01:19:42Z,celec_ords/2018/09/repDiaHid12m.ndjson.gz#repDiaHid12m:2018-09-20
2018-02-28,mazar,cota_masl,2128,ords:repDiaHid12m,,2026-09-22T01:19:42Z,celec_ords/2018/09/repDiaHid12m.ndjson.gz#repDiaHid12m:2018-09-20
2018-03-01,amaluza,caudal_m3s,66,ords:repDiaHid12m,,2026-09-22T01:19:42Z,celec_ords/2018/09/repDiaHid12m.ndjson.gz#repDiaHid12m:2018-09-20
2018-03-01,amaluza,cota_masl,1984.5,ords:repDiaHid12m,,2026-09-22T01:19:42Z,celec_ords/2018/09/repDiaHid12m.ndjson.gz#repDiaHid12m:2018-09-20
2018-03-01,mazar,caudal_m3s,18,ords:repDiaHid12m,,2026-09-22T01:19:42Z,celec_ords/2018/09/repDiaHid12m.ndjson.gz#repDiaHid12m:2018-09-20
2018-03-01,mazar,cota_masl,2127.97,ords:repDiaHid12m,,2026-09-22T01:19:42Z,celec_ords/2018/09/repDiaHid12m.ndjson.gz#repDiaHid12m:2018-09-20
2018-03-02,amaluza,caudal_m3s,61,ords:repDiaHid12m,,2026-09-22T01:19:42Z,celec_ords/2018/09/repDiaHid12m.ndjson.gz#repDiaHid12m:2018-09-20
2018-03-02,amaluza,cota_masl,1983.17,ords:repDiaHid12m,,2026-09-22T01:19:42Z,celec_ords/2018/09/repDiaHid12m.ndjson.gz#repDiaHid12m:2018-09-20
2018-03-02,mazar,caudal_m3s,29,ords:repDiaHid12m,,2026-09-22T01:19:42Z,celec_ords/2018/09/repDiaHid12m.ndjson.gz#repDiaHid12m:2018-09-20
2018-03-02,mazar,cota_masl,2128.42,ords:repDiaHid12m,,2026-09-22T01:19:42Z,celec_ords/2018/09/repDiaHid12m.ndjson.gz#repDiaHid12m:2018-09-20
2018-03-03,amaluza,caudal_m3s,76,ords:repDiaHid12m,,2026-09-22T01:19:42Z,celec_ords/2018/09/repDiaHid12m.ndjson.gz#repDiaHid12m:2018-09-20
2018-03-03,amaluza,cota_masl,1982.87,ords:repDiaHid12m,,2026-09-22T01:19:42Z,celec_ords/2018/09/repDiaHid12m.ndjson.gz#repDiaHid12m:2018-09-20
2018-03-03,mazar,caudal_m3s,25,ords:repDiaHid12m,,2026-09-22T01:19:42Z,celec_ords/2018/09/repDiaHid12m.ndjson.gz#repDiaHid12m:2018-09-20
2018-03-03,mazar,cota_masl,2128.47,ords:repDiaHid12m,,2026-09-22T01:19:42Z,celec_ords/2018/09/repDiaHid12m.ndjson.gz#repDiaHid12m:2018-09-20
2018-03-04,amaluza,caudal_m3s,46,ords:repDiaHid12m,,2026-09-22T01:19:42Z,celec_ords/2018/09/repDiaHid12m.ndjson.gz#repDiaHid12m:2018-09-20
2018-03-04,amaluza,cota_masl,1983.88,ords:repDiaHid12m,,2026-09-22T01:19:42Z,celec_ords/2018/09/repDiaHid12m.ndjson.gz#repDiaHid12m:2018-09-20
2018-03-04,mazar,caudal_m3s,35,ords:repDiaHid12m,,2026-09-22T01:19:42Z,celec_ords/2018/09/repDiaHid12m.ndjson.gz#repDiaHid12m:2018-09-20
2018-03-04,mazar,cota_masl,2128.47,ords:repDiaHid12m,,2026-09-22T01:19:42Z,celec_ords/2018/09/repDiaHid12m.ndjson.gz#repDiaHid12m:2018-09-20
2018-03-05,amaluza,caudal_m3s,146,ords:repDiaHid12m,,2026-09-22T01:19:42Z,celec_ords/2018/09/repDiaHid12m.ndjson.gz#repDiaHid12m:2018-09-20
2018-03-05,amaluza,cota_masl,1985.12,ords:repDiaHid12m,,2026-09-22T01:19:42Z,celec_ords/2018/09/repDiaHid12m.ndjson.gz#repDiaHid12m:2018-09-20
2018-03-05,mazar,caudal_m3s,13,ords:repDiaHid12m,,2026-09-22T01:19:42Z,celec_ords/2018/09/repDiaHid12m.ndjson.gz#repDiaHid12m:2018-09-20
2018-03-05,mazar,cota_masl,2127.49,ords:repDiaHid12m,,2026-09-22T01:19:42Z,celec_ords/2018/09/repDiaHid12m.ndjson.gz#repDiaHid12m:2018-09-20
2018-03-06,amaluza,caudal_m3s,159,ords:repDiaHid12m,,2026-09-22T01:19:42Z,celec_ords/2018/09/repDiaHid12m.ndjson.gz#repDiaHid12m:2018-09-20
2018-03-06,amaluza,cota_masl,1986.3,ords:repDiaHid12m,,2026-09-22T01:19:42Z,celec_ords/2018/09/repDiaHid12m.ndjson.gz#repDiaHid12m:2018-09-20
2018-03-06,mazar,caudal_m3s,53,ords:repDiaHid12m,,2026-09-22T01:19:42Z,celec_ords/2018/09/repDiaHid12m.ndjson.gz#repDiaHid12m:2018-09-20
2018-03-06,mazar,cota_masl,2126.67,ords:repDiaHid12m,,2026-09-22T01:19:42Z,celec_ords/2018/09/repDiaHid12m.ndjson.gz#repDiaHid12m:2018-09-20
2018-03-07,amaluza,caudal_m3s,113,ords:repDiaHid12m,,2026-09-22T01:19:42Z,celec_ords/2018/09/repDiaHid12m.ndjson.gz#repDiaHid12m:2018-09-20
2018-03-07,amaluza,cota_masl,1986.74,ords:repDiaHid12m,,2026-09-22T01:19:42Z,celec_ords/2018/09/repDiaHid12m.ndjson.gz#repDiaHid12m:2018-09-20
2018-03-07,mazar,caudal_m3s,109,ords:repDiaHid12m,,2026-09-22T01:19:42Z,celec_ords/2018/09/repDiaHid12m.ndjson.gz#repDiaHid12m:2018-09-20
2018-03-07,mazar,cota_masl,2126.76,ords:repDiaHid12m,,2026-09-22T01:19:42Z,celec_ords/2018/09/repDiaHid12m.ndjson.gz#repDiaHid12m:2018-09-20
2018-03-08,amaluza,caudal_m3s,12,ords:repDiaHid12m,,2026-09-22T01:19:42Z,celec_ords/2018/09/repDiaHid12m.ndjson.gz#repDiaHid12m:2018-09-20
2018-03-08,amaluza,cota_masl,1986.76,ords:repDiaHid12m,,2026-09-22T01:19:42Z,celec_ords/2018/09/repDiaHid12m.ndjson.gz#repDiaHid12m:2018-09-20
2018-03-08,mazar,caudal_m3s,86,ords:repDiaHid12m,,2026-09-22T01:19:42Z,celec_ords/2018/09/repDiaHid12m.ndjson.gz#repDiaHid12m:2018-09-20
2018-03-08,mazar,cota_masl,2127.06,ords:repDiaHid12m,,2026-09-22T01:19:42Z,celec_ords/2018/09/repDiaHid12m.ndjson.gz#repDiaHid12m:2018-09-20
2018-03-09,amaluza,caudal_m3s,82,ords:repDiaHid12m,,2026-09-22T01:19:42Z,celec_ords/2018/09/repDiaHid12m.ndjson.gz#repDiaHid12m:2018-09-20
2018-03-09,amaluza,cota_masl,1986.1,ords:repDiaHid12m,,2026-09-22T01:19:42Z,celec_ords/2018/09/repDiaHid12m.ndjson.gz#repDiaHid12m:2018-09-20
2018-03-09,mazar,caudal_m3s,69,ords:repDiaHid12m,,2026-09-22T01:19:42Z,celec_ords/2018/09/repDiaHid12m.ndjson.gz#repDiaHid12m:2018-09-20
2018-03-09,mazar,cota_masl,2127.73,ords:repDiaHid12m,,2026-09-22T01:19:42Z,celec_ords/2018/09/repDiaHid12m.ndjson.gz#repDiaHid12m:2018-09-20
2018-03-10,amaluza,caudal_m3s,78,ords:repDiaHid12m,,2026-09-22T01:19:42Z,celec_ords/2018/09/repDiaHid12m.ndjson.gz#repDiaHid12m:2018-09-20
2018-03-10,amaluza,cota_masl,1984.33,ords:repDiaHid12m,,2026-09-22T01:19:42Z,celec_ords/2018/09/repDiaHid12m.ndjson.gz#repDiaHid12m:2018-09-20
2018-03-10,mazar,caudal_m3s,31,ords:repDiaHid12m,,2026-09-22T01:19:42Z,celec_ords/2018/09/repDiaHid12m.ndjson.gz#repDiaHid12m:2018-09-20
2018-03-10,mazar,cota_masl,2127.96,ords:repDiaHid12m,,2026-09-22T01:19:42Z,celec_ords/2018/09/repDiaHid12m.ndjson.gz#repDiaHid12m:2018-09-20
2018-03-11,amaluza,caudal_m3s,85,ords:repDiaHid12m,,2026-09-22T01:19:42Z,celec_ords/2018/09/repDiaHid12m.ndjson.gz#repDiaHid12m:2018-09-20
2018-03-11,amaluza,cota_masl,1984.41,ords:repDiaHid12m,,2026-09-22T01:19:42Z,celec_ords/2018/09/repDiaHid12m.ndjson.gz#repDiaHid12m:2018-09-20
2018-03-11,mazar,caudal_m3s,32,ords:repDiaHid12m,,2026-09-22T01:19:42Z,celec_ords/2018/09/repDiaHid12m.ndjson.gz#repDiaHid12m:2018-09-20
2018-03-11,mazar,cota_masl,2127.56,ords:repDiaHid12m,,2026-09-22T01:19:42Z,celec_ords/2018/09/repDiaHid12m.ndjson.gz#repDiaHid12m:2018-09-20
2018-03-12,amaluza,caudal_m3s,84,ords:repDiaHid12m,,2026-09-22T01:19:42Z,celec_ords/2018/09/repDiaHid12m.ndjson.gz#repDiaHid12m:2018-09-20
2018-03-12,amaluza,cota_masl,1983.95,ords:repDiaHid12m,,2026-09-22T01:19:42Z,celec_ords/2018/09/repDiaHid12m.ndjson.gz#repDiaHid12m:2018-09-20
2018-03-12,mazar,caudal_m3s,16,ords:repDiaHid12m,,2026-09-22T01:19:42Z,celec_ords/2018/09/repDiaHid12m.ndjson.gz#repDiaHid12m:2018-09-20
2018-03-12,mazar,cota_masl,2127.17,ords:repDiaHid12m,,2026-09-22T01:19:42Z,celec_ords/2018/09/repDiaHid12m.ndjson.gz#repDiaHid12m:2018-09-20
2018-03-13,amaluza,caudal_m3s,136,ords:repDiaHid12m,,2026-09-22T01:19:42Z,celec_ords/2018/09/repDiaHid12m.ndjson.gz#repDiaHid12m:2018-09-20
2018-03-13,amaluza,cota_masl,1984.93,ords:repDiaHid12m,,2026-09-22T01:19:42Z,celec_ords/2018/09/repDiaHid12m.ndjson.gz#repDiaHid12m:2018-09-20
2018-03-13,mazar,caudal_m3s,12,ords:repDiaHid12m,,2026-09-22T01:19:42Z,celec_ords/2018/09/repDiaHid12m.ndjson.gz#repDiaHid12m:2018-09-20
2018-03-13,mazar,cota_masl,2125.68,ords:repDiaHid12m,,2026-09-22T01:19:42Z,celec_ords/2018/09/repDiaHid12m.ndjson.gz#repDiaHid12m:2018-09-20
2018-03-14,amaluza,caudal_m3s,73,ords:repDiaHid12m,,2026-09-22T01:19:42Z,celec_ords/2018/09/repDiaHid12m.ndjson.gz#repDiaHid12m:2018-09-20
2018-03-14,amaluza,cota_masl,1985.38,ords:repDiaHid12m,,2026-09-22T01:19:42Z,celec_ords/2018/09/repDiaHid12m.ndjson.gz#repDiaHid12m:2018-09-20
2018-03-14,mazar,caudal_m3s,19,ords:repDiaHid12m,,2026-09-22T01:19:42Z,celec_ords/2018/09/repDiaHid12m.ndjson.gz#repDiaHid12m:2018-09-20
2018-03-14,mazar,cota_masl,2124.26,ords:repDiaHid12m,,2026-09-22T01:19:42Z,celec_ords/2018/09/repDiaHid12m.ndjson.gz#repDiaHid12m:2018-09-20
2018-03-15,amaluza,caudal_m3s,57,ords:repDiaHid12m,,2026-09-22T01:19:42Z,celec_ords/2018/09/repDiaHid12m.ndjson.gz#repDiaHid12m:2018-09-20
2018-03-15,amaluza,cota_masl,1983.54,ords:repDiaHid12m,,2026-09-22T01:19:42Z,celec_ords/2018/09/repDiaHid12m.ndjson.gz#repDiaHid12m:2018-09-20
2018-03-15,mazar,caudal_m3s,29,ords:repDiaHid12m,,2026-09-22T01:19:42Z,celec_ords/2018/09/repDiaHid12m.ndjson.gz#repDiaHid12m:2018-09-20
2018-03-15,mazar,cota_masl,2124.07,ords:repDiaHid12m,,2026-09-22T01:19:42Z,celec_ords/2018/09/repDiaHid12m.ndjson.gz#repDiaHid12m:2018-09-20
2018-03-16,amaluza,caudal_m3s,39,ords:repDiaHid12m,,2026-09-22T01:19:42Z,celec_ords/2018/09/repDiaHid12m.ndjson.gz#repDiaHid12m:2018-09-20
2018-03-16,amaluza,cota_masl,1982.71,ords:repDiaHid12m,,2026-09-22T01:19:42Z,celec_ords/2018/09/repDiaHid12m.ndjson.gz#repDiaHid12m:2018-09-20
2018-03-16,mazar,caudal_m3s,27,ords:repDiaHid12m,,2026-09-22T01:19:42Z,celec_ords/2018/09/repDiaHid12m.ndjson.gz#repDiaHid12m:2018-09-20
2018-03-16,mazar,cota_masl,2123.84,ords:repDiaHid12m,,2026-09-22T01:19:42Z,celec_ords/2018/09/repDiaHid12m.ndjson.gz#repDiaHid12m:2018-09-20
2018-03-17,amaluza,caudal_m3s,6,ords:repDiaHid12m,,2026-09-22T01:19:42Z,celec_ords/2018/09/repDiaHid12m.ndjson.gz#repDiaHid12m:2018-09-20
2018-03-17,amaluza,cota_masl,1982.19,ords:repDiaHid12m,,2026-09-22T01:19:42Z,celec_ords/2018/09/repDiaHid12m.ndjson.gz#repDiaHid12m:2018-09-20
2018-03-17,mazar,caudal_m3s,15,ords:repDiaHid12m,,2026-09-22T01:19:42Z,celec_ords/2018/09/repDiaHid12m.ndjson.gz#repDiaHid12m:2018-09-20
2018-03-17,mazar,cota_masl,2123.76,ords:repDiaHid12m,,2026-09-22T01:19:42Z,celec_ords/2018/09/repDiaHid12m.ndjson.gz#repDiaHid12m:2018-09-20
2018-03-18,amaluza,caudal_m3s,73,ords:repDiaHid12m,,2026-09-22T01:19:42Z,celec_ords/2018/09/repDiaHid12m.ndjson.gz#repDiaHid12m:2018-09-20
2018-03-18,amaluza,cota_masl,1981.35,ords:repDiaHid12m,,2026-09-22T01:19:42Z,celec_ords/2018/09/repDiaHid12m.ndjson.gz#repDiaHid12m:2018-09-20
2018-03-18,mazar,caudal_m3s,13,ords:repDiaHid12m,,2026-09-22T01:19:42Z,celec_ords/2018/09/repDiaHid12m.ndjson.gz#repDiaHid12m:2018-09-20
2018-03-18,mazar,cota_masl,2123.82,ords:repDiaHid12m,,2026-09-22T01:19:42Z,celec_ords/2018/09/repDiaHid12m.ndjson.gz#repDiaHid12m:2018-09-20
2018-03-19,amaluza,caudal_m3s,70,ords:repDiaHid12m,,2026-09-22T01:19:42Z,celec_ords/2018/09/repDiaHid12m.ndjson.gz#repDiaHid12m:2018-09-20
2018-03-19,amaluza,cota_masl,1980.64,ords:repDiaHid12m,,2026-09-22T01:19:42Z,celec_ords/2018/09/repDiaHid12m.ndjson.gz#repDiaHid12m:2018-09-20
2018-03-19,mazar,caudal_m3s,29,ords:repDiaHid12m,,2026-09-22T01:19:42Z,celec_ords/2018/09/repDiaHid12m.ndjson.gz#repDiaHid12m:2018-09-20
2018-03-19,mazar,cota_masl,2123.52,ords:repDiaHid12m,,2026-09-22T01:19:42Z,celec_ords/2018/09/repDiaHid12m.ndjson.gz#repDiaHid12m:2018-09-20
2018-03-20,amaluza,caudal_m3s,79,ords:repDiaHid12m,,2026-09-22T01:19:42Z,celec_ords/2018/09/repDiaHid12m.ndjson.gz#repDiaHid12m:2018-09-20
2018-03-20,amaluza,cota_masl,1981.25,ords:repDiaHid12m,,2026-09-22T01:19:42Z,celec_ords/2018/09/repDiaHid12m.ndjson.gz#repDiaHid12m:2018-09-20
2018-03-20,mazar,caudal_m3s,33,ords:repDiaHid12m,,2026-09-22T01:19:42Z,celec_ords/2018/09/repDiaHid12m.ndjson.gz#repDiaHid12m:2018-09-20
2018-03-20,mazar,cota_masl,2123.06,ords:repDiaHid12m,,2026-09-22T01:19:42Z,celec_ords/2018/09/repDiaHid12m.ndjson.gz#repDiaHid12m:2018-09-20
2018-03-21,amaluza,caudal_m3s,73,ords:repDiaHid12m,,2026-09-22T01:19:42Z,celec_ords/2018/09/repDiaHid12m.ndjson.gz#repDiaHid12m:2018-09-20
2018-03-21,amaluza,cota_masl,1981.83,ords:repDiaHid12m,,2026-09-22T01:19:42Z,celec_ords/2018/09/repDiaHid12m.ndjson.gz#repDiaHid12m:2018-09-20
2018-03-21,mazar,caudal_m3s,32,ords:repDiaHid12m,,2026-09-22T01:19:42Z,celec_ords/2018/09/repDiaHid12m.ndjson.gz#repDiaHid12m:2018-09-20
2018-03-21,mazar,cota_masl,2122.56,ords:repDiaHid12m,,2026-09-22T01:19:42Z,celec_ords/2018/09/repDiaHid12m.ndjson.gz#repDiaHid12m:2018-09-20
2018-03-22,amaluza,caudal_m3s,73,ords:repDiaHid12m,,2026-09-22T01:19:42Z,celec_ords/2018/09/repDiaHid12m.ndjson.gz#repDiaHid12m:2018-09-20
2018-03-22,amaluza,cota_masl,1982.45,ords:repDiaHid12m,,2026-09-22T01:19:42Z,celec_ords/2018/09/repDiaHid12m.ndjson.gz#repDiaHid12m:2018-09-20
2018-03-22,mazar,caudal_m3s,35,ords:repDiaHid12m,,2026-09-22T01:19:42Z,celec_ords/2018/09/repDiaHid12m.ndjson.gz#repDiaHid12m:2018-09-20
2018-03-22,mazar,cota_masl,2121.97,ords:repDiaHid12m,,2026-09-22T01:19:42Z,celec_ords/2018/09/repDiaHid12m.ndjson.gz#repDiaHid12m:2018-09-20
2018-03-23,amaluza,caudal_m3s,17,ords:repDiaHid12m,,2026-09-22T01:19:42Z,celec_ords/2018/09/repDiaHid12m.ndjson.gz#repDiaHid12m:2018-09-20
2018-03-23,amaluza,cota_masl,1982.43,ords:repDiaHid12m,,2026-09-22T01:19:42Z,celec_ords/2018/09/repDiaHid12m.ndjson.gz#repDiaHid12m:2018-09-20
2018-03-23,mazar,caudal_m3s,50,ords:repDiaHid12m,,2026-09-22T01:19:42Z,celec_ords/2018/09/repDiaHid12m.ndjson.gz#repDiaHid12m:2018-09-20
2018-03-23,mazar,cota_masl,2121.66,ords:repDiaHid12m,,2026-09-22T01:19:42Z,celec_ords/2018/09/repDiaHid12m.ndjson.gz#repDiaHid12m:2018-09-20
2018-03-24,amaluza,caudal_m3s,58,ords:repDiaHid12m,,2026-09-22T01:19:42Z,celec_ords/2018/09/repDiaHid12m.ndjson.gz#repDiaHid12m:2018-09-20
2018-03-24,amaluza,cota_masl,1982.34,ords:repDiaHid12m,,2026-09-22T01:19:42Z,celec_ords/2018/09/repDiaHid12m.ndjson.gz#repDiaHid12m:2018-09-20
2018-03-24,mazar,caudal_m3s,82,ords:repDiaHid12m,,2026-09-22T01:19:42Z,celec_ords/2018/09/repDiaHid12m.ndjson.gz#repDiaHid12m:2018-09-20
2018-03-24,mazar,cota_masl,2121.98,ords:repDiaHid12m,,2026-09-22T01:19:42Z,celec_ords/2018/09/repDiaHid12m.ndjson.gz#repDiaHid12m:2018-09-20
2018-03-25,amaluza,caudal_m3s,58,ords:repDiaHid12m,,2026-09-22T01:19:42Z,celec_ords/2018/09/repDiaHid12m.ndjson.gz#repDiaHid12m:2018-09-20
2018-03-25,amaluza,cota_masl,1982.33,ords:repDiaHid12m,,2026-09-22T01:19:42Z,celec_ords/2018/09/repDiaHid12m.ndjson.gz#repDiaHid12m:2018-09-20
2018-03-25,mazar,caudal_m3s,33,ords:repDiaHid12m,,2026-09-22T01:19:42Z,celec_ords/2018/09/repDiaHid12m.ndjson.gz#repDiaHid12m:2018-09-20
2018-03-25,mazar,cota_masl,2122.23,ords:repDiaHid12m,,2026-09-22T01:19:42Z,celec_ords/2018/09/repDiaHid12m.ndjson.gz#repDiaHid12m:2018-09-20
2018-03-26,amaluza,caudal_m3s,73,ords:repDiaHid12m,,2026-09-22T01:19:42Z,celec_ords/2018/09/repDiaHid12m.ndjson.gz#repDiaHid12m:2018-09-20
2018-03-26,amaluza,cota_masl,1982.25,ords:repDiaHid12m,,2026-09-22T01:19:42Z,celec_ords/2018/09/repDiaHid12m.ndjson.gz#repDiaHid12m:2018-09-20
2018-03-26,mazar,caudal_m3s,39,ords:repDiaHid12m,,2026-09-22T01:19:42Z,celec_ords/2018/09/repDiaHid12m.ndjson.gz#repDiaHid12m:2018-09-20
2018-03-26,mazar,cota_masl,2122.17,ords:repDiaHid12m,,2026-09-22T01:19:42Z,celec_ords/2018/09/repDiaHid12m.ndjson.gz#repDiaHid12m:2018-09-20
2018-03-27,amaluza,caudal_m3s,29,ords:repDiaHid12m,,2026-09-22T01:19:42Z,celec_ords/2018/09/repDiaHid12m.ndjson.gz#repDiaHid12m:2018-09-20
2018-03-27,amaluza,cota_masl,1982.33,ords:repDiaHid12m,,2026-09-22T01:19:42Z,celec_ords/2018/09/repDiaHid12m.ndjson.gz#repDiaHid12m:2018-09-20
2018-03-27,mazar,caudal_m3s,22,ords:repDiaHid12m,,2026-09-22T01:19:42Z,celec_ords/2018/09/repDiaHid12m.ndjson.gz#repDiaHid12m:2018-09-20
2018-03-27,mazar,cota_masl,2122.07,ords:repDiaHid12m,,2026-09-22T01:19:42Z,celec_ords/2018/09/repDiaHid12m.ndjson.gz#repDiaHid12m:2018-09-20
2018-03-28,amaluza,caudal_m3s,61,ords:repDiaHid12m,,2026-09-22T01:19:42Z,celec_ords/2018/09/repDiaHid12m.ndjson.gz#repDiaHid12m:2018-09-20
2018-03-28,amaluza,cota_masl,1981.82,ords:repDiaHid12m,,2026-09-22T01:19:42Z,celec_ords/2018/09/repDiaHid12m.ndjson.gz#repDiaHid12m:2018-09-20
2018-03-28,mazar,caudal_m3s,30,ords:repDiaHid12m,,2026-09-22T01:19:42Z,celec_ords/2018/09/repDiaHid12m.ndjson.gz#repDiaHid12m:2018-09-20
2018-03-28,mazar,cota_masl,2121.62,ords:repDiaHid12m,,2026-09-22T01:19:42Z,celec_ords/2018/09/repDiaHid12m.ndjson.gz#repDiaHid12m:2018-09-20
2018-03-29,amaluza,caudal_m3s,81,ords:repDiaHid12m,,2026-09-22T01:19:42Z,celec_ords/2018/09/repDiaHid12m.ndjson.gz#repDiaHid12m:2018-09-20
2018-03-29,amaluza,cota_masl,1981.62,ords:repDiaHid12m,,2026-09-22T01:19:42Z,celec_ords/2018/09/repDiaHid12m.ndjson.gz#repDiaHid12m:2018-09-20
2018-03-29,mazar,caudal_m3s,38,ords:repDiaHid12m,,2026-09-22T01:19:42Z,celec_ords/2018/09/repDiaHid12m.ndjson.gz#repDiaHid12m:2018-09-20
2018-03-29,mazar,cota_masl,2121.55,ords:repDiaHid12m,,2026-09-22T01:19:42Z,celec_ords/2018/09/repDiaHid12m.ndjson.gz#repDiaHid12m:2018-09-20
2018-03-30,amaluza,caudal_m3s,16,ords:repDiaHid12m,,2026-09-22T01:19:42Z,celec_ords/2018/09/repDiaHid12m.ndjson.gz#repDiaHid12m:2018-09-20
2018-03-30,amaluza,cota_masl,1982.27,ords:repDiaHid12m,,2026-09-22T01:19:42Z,celec_ords/2018/09/repDiaHid12m.ndjson.gz#repDiaHid12m:2018-09-20
2018-03-30,mazar,caudal_m3s,49,ords:repDiaHid12m,,2026-09-22T01:19:42Z,celec_ords/2018/09/repDiaHid12m.ndjson.gz#repDiaHid12m:2018-09-20
2018-03-30,mazar,cota_masl,2121.69,ords:repDiaHid12m,,2026-09-22T01:19:42Z,celec_ords/2018/09/repDiaHid12m.ndjson.gz#repDiaHid12m:2018-09-20
2018-03-31,amaluza,caudal_m3s,60,ords:repDiaHid12m,,2026-09-22T01:19:42Z,celec_ords/2018/09/repDiaHid12m.ndjson.gz#repDiaHid12m:2018-09-20
2018-03-31,amaluza,cota_masl,1981.43,ords:repDiaHid12m,,2026-09-22T01:19:42Z,celec_ords/2018/09/repDiaHid12m.ndjson.gz#repDiaHid12m:2018-09-20
2018-03-31,mazar,caudal_m3s,53,ords:repDiaHid12m,,2026-09-22T01:19:42Z,celec_ords/2018/09/repDiaHid12m.ndjson.gz#repDiaHid12m:2018-09-20
2018-03-31,mazar,cota_masl,2122.52,ords:repDiaHid12m,,2026-09-22T01:19:42Z,celec_ords/2018/09/repDiaHid12m.ndjson.gz#repDiaHid12m:2018-09-20
2018-04-01,amaluza,caudal_m3s,84,ords:repDiaHid12m,,2026-09-22T01:19:42Z,celec_ords/2018/09/repDiaHid12m.ndjson.gz#repDiaHid12m:2018-09-20
2018-04-01,amaluza,cota_masl,1982.71,ords:repDiaHid12m,,2026-09-22T01:19:42Z,celec_ords/2018/09/repDiaHid12m.ndjson.gz#repDiaHid12m:2018-09-20
2018-04-01,mazar,caudal_m3s,72,ords:repDiaHid12m,,2026-09-22T01:19:42Z,celec_ords/2018/09/repDiaHid12m.ndjson.gz#repDiaHid12m:2018-09-20
2018-04-01,mazar,cota_masl,2123,ords:repDiaHid12m,,2026-09-22T01:19:42Z,celec_ords/2018/09/repDiaHid12m.ndjson.gz#repDiaHid12m:2018-09-20
2018-04-02,amaluza,caudal_m3s,131,ords:repDiaHid12m,,2026-09-22T01:19:42Z,celec_ords/2018/09/repDiaHid12m.ndjson.gz#repDiaHid12m:2018-09-20
2018-04-02,amaluza,cota_masl,1983.95,ords:repDiaHid12m,,2026-09-22T01:19:42Z,celec_ords/2018/09/repDiaHid12m.ndjson.gz#repDiaHid12m:2018-09-20
2018-04-02,mazar,caudal_m3s,209,ords:repDiaHid12m,,2026-09-22T01:19:42Z,celec_ords/2018/09/repDiaHid12m.ndjson.gz#repDiaHid12m:2018-09-20
2018-04-02,mazar,cota_masl,2124,ords:repDiaHid12m,,2026-09-22T01:19:42Z,celec_ords/2018/09/repDiaHid12m.ndjson.gz#repDiaHid12m:2018-09-20
2018-04-03,amaluza,caudal_m3s,91,ords:repDiaHid12m,,2026-09-22T01:19:42Z,celec_ords/2018/09/repDiaHid12m.ndjson.gz#repDiaHid12m:2018-09-20
2018-04-03,amaluza,cota_masl,1984.7,ords:repDiaHid12m,,2026-09-22T01:19:42Z,celec_ords/2018/09/repDiaHid12m.ndjson.gz#repDiaHid12m:2018-09-20
2018-04-03,mazar,caudal_m3s,103,ords:repDiaHid12m,,2026-09-22T01:19:42Z,celec_ords/2018/09/repDiaHid12m.ndjson.gz#repDiaHid12m:2018-09-20
2018-04-03,mazar,cota_masl,2125.45,ords:repDiaHid12m,,2026-09-22T01:19:42Z,celec_ords/2018/09/repDiaHid12m.ndjson.gz#repDiaHid12m:2018-09-20
2018-04-04,amaluza,caudal_m3s,147,ords:repDiaHid12m,,2026-09-22T01:19:42Z,celec_ords/2018/09/repDiaHid12m.ndjson.gz#repDiaHid12m:2018-09-20
2018-04-04,amaluza,cota_masl,1985.77,ords:repDiaHid12m,,2026-09-22T01:19:42Z,celec_ords/2018/09/repDiaHid12m.ndjson.gz#repDiaHid12m:2018-09-20
2018-04-04,mazar,caudal_m3s,98,ords:repDiaHid12m,,2026-09-22T01:19:42Z,celec_ords/2018/09/repDiaHid12m.ndjson.gz#repDiaHid12m:2018-09-20
2018-04-04,mazar,cota_masl,2126.2,ords:repDiaHid12m,,2026-09-22T01:19:42Z,celec_ords/2018/09/repDiaHid12m.ndjson.gz#repDiaHid12m:2018-09-20
2018-04-05,amaluza,caudal_m3s,27,ords:repDiaHid12m,,2026-09-22T01:19:42Z,celec_ords/2018/09/repDiaHid12m.ndjson.gz#repDiaHid12m:2018-09-20
2018-04-05,amaluza,cota_masl,1986.2,ords:repDiaHid12m,,2026-09-22T01:19:42Z,celec_ords/2018/09/repDiaHid12m.ndjson.gz#repDiaHid12m:2018-09-20
2018-04-05,mazar,caudal_m3s,121,ords:repDiaHid12m,,2026-09-22T01:19:42Z,celec_ords/2018/09/repDiaHid12m.ndjson.gz#repDiaHid12m:2018-09-20
2018-04-05,mazar,cota_masl,2127.24,ords:repDiaHid12m,,2026-09-22T01:19:42Z,celec_ords/2018/09/repDiaHid12m.ndjson.gz#repDiaHid12m:2018-09-20
2018-04-06,amaluza,caudal_m3s,31,ords:repDiaHid12m,,2026-09-22T01:19:42Z,celec_ords/2018/09/repDiaHid12m.ndjson.gz#repDiaHid12m:2018-09-20
2018-04-06,amaluza,cota_masl,1984.12,ords:repDiaHid12m,,2026-09-22T01:19:42Z,celec_ords/2018/09/repDiaHid12m.ndjson.gz#repDiaHid12m:2018-09-20
2018-04-06,mazar,caudal_m3s,71,ords:repDiaHid12m,,2026-09-22T01:19:42Z,celec_ords/2018/09/repDiaHid12m.ndjson.gz#repDiaHid12m:2018-09-20
2018-04-06,mazar,cota_masl,2128.62,ords:repDiaHid12m,,2026-09-22T01:19:42Z,celec_ords/2018/09/repDiaHid12m.ndjson.gz#repDiaHid12m:2018-09-20
2018-04-07,amaluza,caudal_m3s,25,ords:repDiaHid12m,,2026-09-22T01:19:42Z,celec_ords/2018/09/repDiaHid12m.ndjson.gz#repDiaHid12m:2018-09-20
2018-04-07,amaluza,cota_masl,1981.28,ords:repDiaHid12m,,2026-09-22T01:19:42Z,celec_ords/2018/09/repDiaHid12m.ndjson.gz#repDiaHid12m:2018-09-20
2018-04-07,mazar,caudal_m3s,84,ords:repDiaHid12m,,2026-09-22T01:19:42Z,celec_ords/2018/09/repDiaHid12m.ndjson.gz#repDiaHid12m:2018-09-20
2018-04-07,mazar,cota_masl,2129.64,ords:repDiaHid12m,,2026-09-22T01:19:42Z,celec_ords/2018/09/repDiaHid12m.ndjson.gz#repDiaHid12m:2018-09-20
2018-04-08,amaluza,caudal_m3s,185,ords:repDiaHid12m,,2026-09-22T01:19:42Z,celec_ords/2018/09/repDiaHid12m.ndjson.gz#repDiaHid12m:2018-09-20
2018-04-08,amaluza,cota_masl,1980.72,ords:repDiaHid12m,,2026-09-22T01:19:42Z,celec_ords/2018/09/repDiaHid12m.ndjson.gz#repDiaHid12m:2018-09-20
2018-04-08,mazar,caudal_m3s,108,ords:repDiaHid12m,,2026-09-22T01:19:42Z,celec_ords/2018/09/repDiaHid12m.ndjson.gz#repDiaHid12m:2018-09-20
2018-04-08,mazar,cota_masl,2130.35,ords:repDiaHid12m,,2026-09-22T01:19:42Z,celec_ords/2018/09/repDiaHid12m.ndjson.gz#repDiaHid12m:2018-09-20
2018-04-09,amaluza,caudal_m3s,124,ords:repDiaHid12m,,2026-09-22T01:19:42Z,celec_ords/2018/09/repDiaHid12m.ndjson.gz#repDiaHid12m:2018-09-20
2018-04-09,amaluza,cota_masl,1984.12,ords:repDiaHid12m,,2026-09-22T01:19:42Z,celec_ords/2018/09/repDiaHid12m.ndjson.gz#repDiaHid12m:2018-09-20
2018-04-09,mazar,caudal_m3s,69,ords:repDiaHid12m,,2026-09-22T01:19:42Z,celec_ords/2018/09/repDiaHid12m.ndjson.gz#repDiaHid12m:2018-09-20
2018-04-09,mazar,cota_masl,2130.09,ords:repDiaHid12m,,2026-09-22T01:19:42Z,celec_ords/2018/09/repDiaHid12m.ndjson.gz#repDiaHid12m:2018-09-20
2018-04-10,amaluza,caudal_m3s,91,ords:repDiaHid12m,,2026-09-22T01:19:42Z,celec_ords/2018/09/repDiaHid12m.ndjson.gz#repDiaHid12m:2018-09-20
2018-04-10,amaluza,cota_masl,1983.42,ords:repDiaHid12m,,2026-09-22T01:19:42Z,celec_ords/2018/09/repDiaHid12m.ndjson.gz#repDiaHid12m:2018-09-20
2018-04-10,mazar,caudal_m3s,114,ords:repDiaHid12m,,2026-09-22T01:19:42Z,celec_ords/2018/09/repDiaHid12m.ndjson.gz#repDiaHid12m:2018-09-20
2018-04-10,mazar,cota_masl,2130.2,ords:repDiaHid12m,,2026-09-22T01:19:42Z,celec_ords/2018/09/repDiaHid12m.ndjson.gz#repDiaHid12m:2018-09-20
2018-04-11,amaluza,caudal_m3s,82,ords:repDiaHid12m,,2026-09-22T01:19:42Z,celec_ords/2018/09/repDiaHid12m.ndjson.gz#repDiaHid12m:2018-09-20
2018-04-11,amaluza,cota_masl,1982.89,ords:repDiaHid12m,,2026-09-22T01:19:42Z,celec_ords/2018/09/repDiaHid12m.ndjson.gz#repDiaHid12m:2018-09-20
2018-04-11,mazar,caudal_m3s,49,ords:repDiaHid12m,,2026-09-22T01:19:42Z,celec_ords/2018/09/repDiaHid12m.ndjson.gz#repDiaHid12m:2018-09-20
2018-04-11,mazar,cota_masl,2130.18,ords:repDiaHid12m,,2026-09-22T01:19:42Z,celec_ords/2018/09/repDiaHid12m.ndjson.gz#repDiaHid12m:2018-09-20
2018-04-12,amaluza,caudal_m3s,78,ords:repDiaHid12m,,2026-09-22T01:19:42Z,celec_ords/2018/09/repDiaHid12m.ndjson.gz#repDiaHid12m:2018-09-20
2018-04-12,amaluza,cota_masl,1981.46,ords:repDiaHid12m,,2026-09-22T01:19:42Z,celec_ords/2018/09/repDiaHid12m.ndjson.gz#repDiaHid12m:2018-09-20
2018-04-12,mazar,caudal_m3s,32,ords:repDiaHid12m,,2026-09-22T01:19:42Z,celec_ords/2018/09/repDiaHid12m.ndjson.gz#repDiaHid12m:2018-09-20
2018-04-12,mazar,cota_masl,2129.87,ords:repDiaHid12m,,2026-09-22T01:19:42Z,celec_ords/2018/09/repDiaHid12m.ndjson.gz#repDiaHid12m:2018-09-20
2018-04-13,amaluza,caudal_m3s,82,ords:repDiaHid12m,,2026-09-22T01:19:42Z,celec_ords/2018/09/repDiaHid12m.ndjson.gz#repDiaHid12m:2018-09-20
2018-04-13,amaluza,cota_masl,1983.6,ords:repDiaHid12m,,2026-09-22T01:19:42Z,celec_ords/2018/09/repDiaHid12m.ndjson.gz#repDiaHid12m:2018-09-20
2018-04-13,mazar,caudal_m3s,25,ords:repDiaHid12m,,2026-09-22T01:19:42Z,celec_ords/2018/09/repDiaHid12m.ndjson.gz#repDiaHid12m:2018-09-20
2018-04-13,mazar,cota_masl,2128.18,ords:repDiaHid12m,,2026-09-22T01:19:42Z,celec_ords/2018/09/repDiaHid12m.ndjson.gz#repDiaHid12m:2018-09-20
2018-04-14,amaluza,caudal_m3s,6,ords:repDiaHid12m,,2026-09-22T01:19:42Z,celec_ords/2018/09/repDiaHid12m.ndjson.gz#repDiaHid12m:2018-09-20
2018-04-14,amaluza,cota_masl,1980.93,ords:repDiaHid12m,,2026-09-22T01:19:42Z,celec_ords/2018/09/repDiaHid12m.ndjson.gz#repDiaHid12m:2018-09-20
2018-04-14,mazar,caudal_m3s,23,ords:repDiaHid12m,,2026-09-22T01:19:42Z,celec_ords/2018/09/repDiaHid12m.ndjson.gz#repDiaHid12m:2018-09-20
2018-04-14,mazar,cota_masl,2128.36,ords:repDiaHid12m,,2026-09-22T01:19:42Z,celec_ords/2018/09/repDiaHid12m.ndjson.gz#repDiaHid12m:2018-09-20
2018-04-15,amaluza,caudal_m3s,102,ords:repDiaHid12m,,2026-09-22T01:19:42Z,celec_ords/2018/09/repDiaHid12m.ndjson.gz#repDiaHid12m:2018-09-20
2018-04-15,amaluza,cota_masl,1982.14,ords:repDiaHid12m,,2026-09-22T01:19:42Z,celec_ords/2018/09/repDiaHid12m.ndjson.gz#repDiaHid12m:2018-09-20
2018-04-15,mazar,caudal_m3s,68,ords:repDiaHid12m,,2026-09-22T01:19:42Z,celec_ords/2018/09/repDiaHid12m.ndjson.gz#repDiaHid12m:2018-09-20
2018-04-15,mazar,cota_masl,2127.31,ords:repDiaHid12m,,2026-09-22T01:19:42Z,celec_ords/2018/09/repDiaHid12m.ndjson.gz#repDiaHid12m:2018-09-20
2018-04-16,amaluza,caudal_m3s,56,ords:repDiaHid12m,,2026-09-22T01:19:42Z,celec_ords/2018/09/repDiaHid12m.ndjson.gz#repDiaHid12m:2018-09-20
2018-04-16,amaluza,cota_masl,1985.84,ords:repDiaHid12m,,2026-09-22T01:19:42Z,celec_ords/2018/09/repDiaHid12m.ndjson.gz#repDiaHid12m:2018-09-20
2018-04-16,mazar,caudal_m3s,175,ords:repDiaHid12m,,2026-09-22T01:19:42Z,celec_ords/2018/09/repDiaHid12m.ndjson.gz#repDiaHid12m:2018-09-20
2018-04-16,mazar,cota_masl,2129.59,ords:repDiaHid12m,,2026-09-22T01:19:42Z,celec_ords/2018/09/repDiaHid12m.ndjson.gz#repDiaHid12m:2018-09-20
2018-04-17,amaluza,caudal_m3s,47,ords:repDiaHid12m,,2026-09-22T01:19:42Z,celec_ords/2018/09/repDiaHid12m.ndjson.gz#repDiaHid12m:2018-09-20
2018-04-17,amaluza,cota_masl,1983.87,ords:repDiaHid12m,,2026-09-22T01:19:42Z,celec_ords/2018/09/repDiaHid12m.ndjson.gz#repDiaHid12m:2018-09-20
2018-04-17,mazar,caudal_m3s,80,ords:repDiaHid12m,,2026-09-22T01:19:42Z,celec_ords/2018/09/repDiaHid12m.ndjson.gz#repDiaHid12m:2018-09-20
2018-04-17,mazar,cota_masl,2130.72,ords:repDiaHid12m,,2026-09-22T01:19:42Z,celec_ords/2018/09/repDiaHid12m.ndjson.gz#repDiaHid12m:2018-09-20
2018-04-18,amaluza,caudal_m3s,95,ords:repDiaHid12m,,2026-09-22T01:19:42Z,celec_ords/2018/09/repDiaHid12m.ndjson.gz#repDiaHid12m:2018-09-20
2018-04-18,amaluza,cota_masl,1982.17,ords:repDiaHid12m,,2026-09-22T01:19:42Z,celec_ords/2018/09/repDiaHid12m.ndjson.gz#repDiaHid12m:2018-09-20
2018-04-18,mazar,caudal_m3s,47,ords:repDiaHid12m,,2026-09-22T01:19:42Z,celec_ords/2018/09/repDiaHid12m.ndjson.gz#repDiaHid12m:2018-09-20
2018-04-18,mazar,cota_masl,2130.72,ords:repDiaHid12m,,2026-09-22T01:19:42Z,celec_ords/2018/09/repDiaHid12m.ndjson.gz#repDiaHid12m:2018-09-20
2018-04-19,amaluza,caudal_m3s,168,ords:repDiaHid12m,,2026-09-22T01:19:42Z,celec_ords/2018/09/repDiaHid12m.ndjson.gz#repDiaHid12m:2018-09-20
2018-04-19,amaluza,cota_masl,1984.75,ords:repDiaHid12m,,2026-09-22T01:19:42Z,celec_ords/2018/09/repDiaHid12m.ndjson.gz#repDiaHid12m:2018-09-20
2018-04-19,mazar,caudal_m3s,115,ords:repDiaHid12m,,2026-09-22T01:19:42Z,celec_ords/2018/09/repDiaHid12m.ndjson.gz#repDiaHid12m:2018-09-20
2018-04-19,mazar,cota_masl,2130.05,ords:repDiaHid12m,,2026-09-22T01:19:42Z,celec_ords/2018/09/repDiaHid12m.ndjson.gz#repDiaHid12m:2018-09-20
2018-04-20,amaluza,caudal_m3s,53,ords:repDiaHid12m,,2026-09-22T01:19:42Z,celec_ords/2018/09/repDiaHid12m.ndjson.gz#repDiaHid12m:2018-09-20
2018-04-20,amaluza,cota_masl,1985.16,ords:repDiaHid12m,,2026-09-22T01:19:42Z,celec_ords/2018/09/repDiaHid12m.ndjson.gz#repDiaHid12m:2018-09-20
2018-04-20,mazar,caudal_m3s,54,ords:repDiaHid12m,,2026-09-22T01:19:42Z,celec_ords/2018/09/repDiaHid12m.ndjson.gz#repDiaHid12m:2018-09-20
2018-04-20,mazar,cota_masl,2130.21,ords:repDiaHid12m,,2026-09-22T01:19:42Z,celec_ords/2018/09/repDiaHid12m.ndjson.gz#repDiaHid12m:2018-09-20
2018-04-21,amaluza,caudal_m3s,53,ords:repDiaHid12m,,2026-09-22T01:19:42Z,celec_ords/2018/09/repDiaHid12m.ndjson.gz#repDiaHid12m:2018-09-20
2018-04-21,amaluza,cota_masl,1983.96,ords:repDiaHid12m,,2026-09-22T01:19:42Z,celec_ords/2018/09/repDiaHid12m.ndjson.gz#repDiaHid12m:2018-09-20
2018-04-21,mazar,caudal_m3s,83,ords:repDiaHid12m,,2026-09-22T01:19:42Z,celec_ords/2018/09/repDiaHid12m.ndjson.gz#repDiaHid12m:2018-09-20
2018-04-21,mazar,cota_masl,2130.55,ords:repDiaHid12m,,2026-09-22T01:19:42Z,celec_ords/2018/09/repDiaHid12m.ndjson.gz#repDiaHid12m:2018-09-20
2018-04-22,amaluza,caudal_m3s,29,ords:repDiaHid12m,,2026-09-22T01:19:42Z,celec_ords/2018/09/repDiaHid12m.ndjson.gz#repDiaHid12m:2018-09-20
2018-04-22,amaluza,cota_masl,1983.53,ords:repDiaHid12m,,2026-09-22T01:19:42Z,celec_ords/2018/09/repDiaHid12m.ndjson.gz#repDiaHid12m:2018-09-20
2018-04-22,mazar,caudal_m3s,49,ords:repDiaHid12m,,2026-09-22T01:19:42Z,celec_ords/2018/09/repDiaHid12m.ndjson.gz#repDiaHid12m:2018-09-20
2018-04-22,mazar,cota_masl,2131.27,ords:repDiaHid12m,,2026-09-22T01:19:42Z,celec_ords/2018/09/repDiaHid12m.ndjson.gz#repDiaHid12m:2018-09-20
2018-04-23,amaluza,caudal_m3s,154,ords:repDiaHid12m,,2026-09-22T01:19:42Z,celec_ords/2018/09/repDiaHid12m.ndjson.gz#repDiaHid12m:2018-09-20
2018-04-23,amaluza,cota_masl,1984.86,ords:repDiaHid12m,,2026-09-22T01:19:42Z,celec_ords/2018/09/repDiaHid12m.ndjson.gz#repDiaHid12m:2018-09-20
2018-04-23,mazar,caudal_m3s,76,ords:repDiaHid12m,,2026-09-22T01:19:42Z,celec_ords/2018/09/repDiaHid12m.ndjson.gz#repDiaHid12m:2018-09-20
2018-04-23,mazar,cota_masl,2130.68,ords:repDiaHid12m,,2026-09-22T01:19:42Z,celec_ords/2018/09/repDiaHid12m.ndjson.gz#repDiaHid12m:2018-09-20
2018-04-24,amaluza,caudal_m3s,78,ords:repDiaHid12m,,2026-09-22T01:19:42Z,celec_ords/2018/09/repDiaHid12m.ndjson.gz#repDiaHid12m:2018-09-20
2018-04-24,amaluza,cota_masl,1985.66,ords:repDiaHid12m,,2026-09-22T01:19:42Z,celec_ords/2018/09/repDiaHid12m.ndjson.gz#repDiaHid12m:2018-09-20
2018-04-24,mazar,caudal_m3s,46,ords:repDiaHid12m,,2026-09-22T01:19:42Z,celec_ords/2018/09/repDiaHid12m.ndjson.gz#repDiaHid12m:2018-09-20
2018-04-24,mazar,cota_masl,2130.03,ords:repDiaHid12m,,2026-09-22T01:19:42Z,celec_ords/2018/09/repDiaHid12m.ndjson.gz#repDiaHid12m:2018-09-20
2018-04-25,amaluza,caudal_m3s,108,ords:repDiaHid12m,,2026-09-22T01:19:42Z,celec_ords/2018/09/repDiaHid12m.ndjson.gz#repDiaHid12m:2018-09-20
2018-04-25,amaluza,cota_masl,1985.05,ords:repDiaHid12m,,2026-09-22T01:19:42Z,celec_ords/2018/09/repDiaHid12m.ndjson.gz#repDiaHid12m:2018-09-20
2018-04-25,mazar,caudal_m3s,118,ords:repDiaHid12m,,2026-09-22T01:19:42Z,celec_ords/2018/09/repDiaHid12m.ndjson.gz#repDiaHid12m:2018-09-20
2018-04-25,mazar,cota_masl,2130.21,ords:repDiaHid12m,,2026-09-22T01:19:42Z,celec_ords/2018/09/repDiaHid12m.ndjson.gz#repDiaHid12m:2018-09-20
2018-04-26,amaluza,caudal_m3s,127,ords:repDiaHid12m,,2026-09-22T01:19:42Z,celec_ords/2018/09/repDiaHid12m.ndjson.gz#repDiaHid12m:2018-09-20
2018-04-26,amaluza,cota_masl,1986.65,ords:repDiaHid12m,,2026-09-22T01:19:42Z,celec_ords/2018/09/repDiaHid12m.ndjson.gz#repDiaHid12m:2018-09-20
2018-04-26,mazar,caudal_m3s,146,ords:repDiaHid12m,,2026-09-22T01:19:42Z,celec_ords/2018/09/repDiaHid12m.ndjson.gz#repDiaHid12m:2018-09-20
2018-04-26,mazar,cota_masl,2130.67,ords:repDiaHid12m,,2026-09-22T01:19:42Z,celec_ords/2018/09/repDiaHid12m.ndjson.gz#repDiaHid12m:2018-09-20
2018-04-27,amaluza,caudal_m3s,112,ords:repDiaHid12m,,2026-09-22T01:19:42Z,celec_ords/2018/09/repDiaHid12m.ndjson.gz#repDiaHid12m:2018-09-20
2018-04-27,amaluza,cota_masl,1985.51,ords:repDiaHid12m,,2026-09-22T01:19:42Z,celec_ords/2018/09/repDiaHid12m.ndjson.gz#repDiaHid12m:2018-09-20
2018-04-27,mazar,caudal_m3s,89,ords:repDiaHid12m,,2026-09-22T01:19:42Z,celec_ords/2018/09/repDiaHid12m.ndjson.gz#repDiaHid12m:2018-09-20
2018-04-27,mazar,cota_masl,2131.47,ords:repDiaHid12m,,2026-09-22T01:19:42Z,celec_ords/2018/09/repDiaHid12m.ndjson.gz#repDiaHid12m:2018-09-20
2018-04-28,amaluza,caudal_m3s,216,ords:repDiaHid12m,,2026-09-22T01:19:42Z,celec_ords/2018/09/repDiaHid12m.ndjson.gz#repDiaHid12m:2018-09-20
2018-04-28,amaluza,cota_masl,1986.49,ords:repDiaHid12m,,2026-09-22T01:19:42Z,celec_ords/2018/09/repDiaHid12m.ndjson.gz#repDiaHid12m:2018-09-20
2018-04-28,mazar,caudal_m3s,182,ords:repDiaHid12m,,2026-09-22T01:19:42Z,celec_ords/2018/09/repDiaHid12m.ndjson.gz#repDiaHid12m:2018-09-20
2018-04-28,mazar,cota_masl,2132.92,ords:repDiaHid12m,,2026-09-22T01:19:42Z,celec_ords/2018/09/repDiaHid12m.ndjson.gz#repDiaHid12m:2018-09-20
2018-04-29,amaluza,caudal_m3s,116,ords:repDiaHid12m,,2026-09-22T01:19:42Z,celec_ords/2018/09/repDiaHid12m.ndjson.gz#repDiaHid12m:2018-09-20
2018-04-29,amaluza,cota_masl,1986.02,ords:repDiaHid12m,,2026-09-22T01:19:42Z,celec_ords/2018/09/repDiaHid12m.ndjson.gz#repDiaHid12m:2018-09-20
2018-04-29,mazar,caudal_m3s,105,ords:repDiaHid12m,,2026-09-22T01:19:42Z,celec_ords/2018/09/repDiaHid12m.ndjson.gz#repDiaHid12m:2018-09-20
2018-04-29,mazar,cota_masl,2134.39,ords:repDiaHid12m,,2026-09-22T01:19:42Z,celec_ords/2018/09/repDiaHid12m.ndjson.gz#repDiaHid12m:2018-09-20
2018-04-30,amaluza,caudal_m3s,65,ords:repDiaHid12m,,2026-09-22T01:19:42Z,celec_ords/2018/09/repDiaHid12m.ndjson.gz#repDiaHid12m:2018-09-20
2018-04-30,amaluza,cota_masl,1984.66,ords:repDiaHid12m,,2026-09-22T01:19:42Z,celec_ords/2018/09/repDiaHid12m.ndjson.gz#repDiaHid12m:2018-09-20
2018-04-30,mazar,caudal_m3s,78,ords:repDiaHid12m,,2026-09-22T01:19:42Z,celec_ords/2018/09/repDiaHid12m.ndjson.gz#repDiaHid12m:2018-09-20
2018-04-30,mazar,cota_masl,2136.28,ords:repDiaHid12m,,2026-09-22T01:19:42Z,celec_ords/2018/09/repDiaHid12m.ndjson.gz#repDiaHid12m:2018-09-20
2018-05-01,amaluza,caudal_m3s,54,ords:repDiaHid12m,,2026-09-22T01:19:42Z,celec_ords/2018/09/repDiaHid12m.ndjson.gz#repDiaHid12m:2018-09-20
2018-05-01,amaluza,cota_masl,1981.89,ords:repDiaHid12m,,2026-09-22T01:19:42Z,celec_ords/2018/09/repDiaHid12m.ndjson.gz#repDiaHid12m:2018-09-20
2018-05-01,mazar,caudal_m3s,61,ords:repDiaHid12m,,2026-09-22T01:19:42Z,celec_ords/2018/09/repDiaHid12m.ndjson.gz#repDiaHid12m:2018-09-20
2018-05-01,mazar,cota_masl,2137.32,ords:repDiaHid12m,,2026-09-22T01:19:42Z,celec_ords/2018/09/repDiaHid12m.ndjson.gz#repDiaHid12m:2018-09-20
2018-05-02,amaluza,caudal_m3s,160,ords:repDiaHid12m,,2026-09-22T01:19:42Z,celec_ords/2018/09/repDiaHid12m.ndjson.gz#repDiaHid12m:2018-09-20
2018-05-02,amaluza,cota_masl,1982.59,ords:repDiaHid12m,,2026-09-22T01:19:42Z,celec_ords/2018/09/repDiaHid12m.ndjson.gz#repDiaHid12m:2018-09-20
2018-05-02,mazar,caudal_m3s,85,ords:repDiaHid12m,,2026-09-22T01:19:42Z,celec_ords/2018/09/repDiaHid12m.ndjson.gz#repDiaHid12m:2018-09-20
2018-05-02,mazar,cota_masl,2137.57,ords:repDiaHid12m,,2026-09-22T01:19:42Z,celec_ords/2018/09/repDiaHid12m.ndjson.gz#repDiaHid12m:2018-09-20
2018-05-03,amaluza,caudal_m3s,149,ords:repDiaHid12m,,2026-09-22T01:19:42Z,celec_ords/2018/09/repDiaHid12m.ndjson.gz#repDiaHid12m:2018-09-20
2018-05-03,amaluza,cota_masl,1982.8,ords:repDiaHid12m,,2026-09-22T01:19:42Z,celec_ords/2018/09/repDiaHid12m.ndjson.gz#repDiaHid12m:2018-09-20
2018-05-03,mazar,caudal_m3s,86,ords:repDiaHid12m,,2026-09-22T01:19:42Z,celec_ords/2018/09/repDiaHid12m.ndjson.gz#repDiaHid12m:2018-09-20
2018-05-03,mazar,cota_masl,2137.6,ords:repDiaHid12m,,2026-09-22T01:19:42Z,celec_ords/2018/09/repDiaHid12m.ndjson.gz#repDiaHid12m:2018-09-20
2018-05-04,amaluza,caudal_m3s,127,ords:repDiaHid12m,,2026-09-22T01:19:42Z,celec_ords/2018/09/repDiaHid12m.ndjson.gz#repDiaHid12m:2018-09-20
2018-05-04,amaluza,cota_masl,1982.33,ords:repDiaHid12m,,2026-09-22T01:19:42Z,celec_ords/2018/09/repDiaHid12m.ndjson.gz#repDiaHid12m:2018-09-20
2018-05-04,mazar,caudal_m3s,55,ords:repDiaHid12m,,2026-09-22T01:19:42Z,celec_ords/2018/09/repDiaHid12m.ndjson.gz#repDiaHid12m:2018-09-20
2018-05-04,mazar,cota_masl,2137.57,ords:repDiaHid12m,,2026-09-22T01:19:42Z,celec_ords/2018/09/repDiaHid12m.ndjson.gz#repDiaHid12m:2018-09-20
2018-05-05,amaluza,caudal_m3s,208,ords:repDiaHid12m,,2026-09-22T01:19:42Z,celec_ords/2018/09/repDiaHid12m.ndjson.gz#repDiaHid12m:2018-09-20
2018-05-05,amaluza,cota_masl,1981.52,ords:repDiaHid12m,,2026-09-22T01:19:42Z,celec_ords/2018/09/repDiaHid12m.ndjson.gz#repDiaHid12m:2018-09-20
2018-05-05,mazar,caudal_m3s,90,ords:repDiaHid12m,,2026-09-22T01:19:42Z,celec_ords/2018/09/repDiaHid12m.ndjson.gz#repDiaHid12m:2018-09-20
2018-05-05,mazar,cota_masl,2138.12,ords:repDiaHid12m,,2026-09-22T01:19:42Z,celec_ords/2018/09/repDiaHid12m.ndjson.gz#repDiaHid12m:2018-09-20
2018-05-06,amaluza,caudal_m3s,150,ords:repDiaHid12m,,2026-09-22T01:19:42Z,celec_ords/2018/09/repDiaHid12m.ndjson.gz#repDiaHid12m:2018-09-20
2018-05-06,amaluza,cota_masl,1982.89,ords:repDiaHid12m,,2026-09-22T01:19:42Z,celec_ords/2018/09/repDiaHid12m.ndjson.gz#repDiaHid12m:2018-09-20
2018-05-06,mazar,caudal_m3s,116,ords:repDiaHid12m,,2026-09-22T01:19:42Z,celec_ords/2018/09/repDiaHid12m.ndjson.gz#repDiaHid12m:2018-09-20
2018-05-06,mazar,cota_masl,2138.7,ords:repDiaHid12m,,2026-09-22T01:19:42Z,celec_ords/2018/09/repDiaHid12m.ndjson.gz#repDiaHid12m:2018-09-20
2018-05-07,amaluza,caudal_m3s,107,ords:repDiaHid12m,,2026-09-22T01:19:42Z,celec_ords/2018/09/repDiaHid12m.ndjson.gz#repDiaHid12m:2018-09-20
2018-05-07,amaluza,cota_masl,1982.82,ords:repDiaHid12m,,2026-09-22T01:19:42Z,celec_ords/2018/09/repDiaHid12m.ndjson.gz#repDiaHid12m:2018-09-20
2018-05-07,mazar,caudal_m3s,156,ords:repDiaHid12m,,2026-09-22T01:19:42Z,celec_ords/2018/09/repDiaHid12m.ndjson.gz#repDiaHid12m:2018-09-20
2018-05-07,mazar,cota_masl,2139.57,ords:repDiaHid12m,,2026-09-22T01:19:42Z,celec_ords/2018/09/repDiaHid12m.ndjson.gz#repDiaHid12m:2018-09-20
2018-05-08,amaluza,caudal_m3s,125,ords:repDiaHid12m,,2026-09-22T01:19:42Z,celec_ords/2018/09/repDiaHid12m.ndjson.gz#repDiaHid12m:2018-09-20
2018-05-08,amaluza,cota_masl,1982.7,ords:repDiaHid12m,,2026-09-22T01:19:42Z,celec_ords/2018/09/repDiaHid12m.ndjson.gz#repDiaHid12m:2018-09-20
2018-05-08,mazar,caudal_m3s,85,ords:repDiaHid12m,,2026-09-22T01:19:42Z,celec_ords/2018/09/repDiaHid12m.ndjson.gz#repDiaHid12m:2018-09-20
2018-05-08,mazar,cota_masl,2140.56,ords:repDiaHid12m,,2026-09-22T01:19:42Z,celec_ords/2018/09/repDiaHid12m.ndjson.gz#repDiaHid12m:2018-09-20
2018-05-09,amaluza,caudal_m3s,212,ords:repDiaHid12m,,2026-09-22T01:19:42Z,celec_ords/2018/09/repDiaHid12m.ndjson.gz#repDiaHid12m:2018-09-20
2018-05-09,amaluza,cota_masl,1982.52,ords:repDiaHid12m,,2026-09-22T01:19:42Z,celec_ords/2018/09/repDiaHid12m.ndjson.gz#repDiaHid12m:2018-09-20
2018-05-09,mazar,caudal_m3s,210,ords:repDiaHid12m,,2026-09-22T01:19:42Z,celec_ords/2018/09/repDiaHid12m.ndjson.gz#repDiaHid12m:2018-09-20
2018-05-09,mazar,cota_masl,2141.62,ords:repDiaHid12m,,2026-09-22T01:19:42Z,celec_ords/2018/09/repDiaHid12m.ndjson.gz#repDiaHid12m:2018-09-20
2018-05-10,amaluza,caudal_m3s,69,ords:repDiaHid12m,,2026-09-22T01:19:42Z,celec_ords/2018/09/repDiaHid12m.ndjson.gz#repDiaHid12m:2018-09-20
2018-05-10,amaluza,cota_masl,1984.48,ords:repDiaHid12m,,2026-09-22T01:19:42Z,celec_ords/2018/09/repDiaHid12m.ndjson.gz#repDiaHid12m:2018-09-20
2018-05-10,mazar,caudal_m3s,144,ords:repDiaHid12m,,2026-09-22T01:19:42Z,celec_ords/2018/09/repDiaHid12m.ndjson.gz#repDiaHid12m:2018-09-20
2018-05-10,mazar,cota_masl,2143.27,ords:repDiaHid12m,,2026-09-22T01:19:42Z,celec_ords/2018/09/repDiaHid12m.ndjson.gz#repDiaHid12m:2018-09-20
2018-05-11,amaluza,caudal_m3s,53,ords:repDiaHid12m,,2026-09-22T01:19:42Z,celec_ords/2018/09/repDiaHid12m.ndjson.gz#repDiaHid12m:2018-09-20
2018-05-11,amaluza,cota_masl,1982.62,ords:repDiaHid12m,,2026-09-22T01:19:42Z,celec_ords/2018/09/repDiaHid12m.ndjson.gz#repDiaHid12m:2018-09-20
2018-05-11,mazar,caudal_m3s,83,ords:repDiaHid12m,,2026-09-22T01:19:42Z,celec_ords/2018/09/repDiaHid12m.ndjson.gz#repDiaHid12m:2018-09-20
2018-05-11,mazar,cota_masl,2144.32,ords:repDiaHid12m,,2026-09-22T01:19:42Z,celec_ords/2018/09/repDiaHid12m.ndjson.gz#repDiaHid12m:2018-09-20
2018-05-12,amaluza,caudal_m3s,32,ords:repDiaHid12m,,2026-09-22T01:19:42Z,celec_ords/2018/09/repDiaHid12m.ndjson.gz#repDiaHid12m:2018-09-20
2018-05-12,amaluza,cota_masl,1980.19,ords:repDiaHid12m,,2026-09-22T01:19:42Z,celec_ords/2018/09/repDiaHid12m.ndjson.gz#repDiaHid12m:2018-09-20
2018-05-12,mazar,caudal_m3s,62,ords:repDiaHid12m,,2026-09-22T01:19:42Z,celec_ords/2018/09/repDiaHid12m.ndjson.gz#repDiaHid12m:2018-09-20
2018-05-12,mazar,cota_masl,2145.24,ords:repDiaHid12m,,2026-09-22T01:19:42Z,celec_ords/2018/09/repDiaHid12m.ndjson.gz#repDiaHid12m:2018-09-20
2018-05-13,amaluza,caudal_m3s,203,ords:repDiaHid12m,,2026-09-22T01:19:42Z,celec_ords/2018/09/repDiaHid12m.ndjson.gz#repDiaHid12m:2018-09-20
2018-05-13,amaluza,cota_masl,1980.54,ords:repDiaHid12m,,2026-09-22T01:19:42Z,celec_ords/2018/09/repDiaHid12m.ndjson.gz#repDiaHid12m:2018-09-20
2018-05-13,mazar,caudal_m3s,89,ords:repDiaHid12m,,2026-09-22T01:19:42Z,celec_ords/2018/09/repDiaHid12m.ndjson.gz#repDiaHid12m:2018-09-20
2018-05-13,mazar,cota_masl,2145.75,ords:repDiaHid12m,,2026-09-22T01:19:42Z,celec_ords/2018/09/repDiaHid12m.ndjson.gz#repDiaHid12m:2018-09-20
2018-05-14,amaluza,caudal_m3s,110,ords:repDiaHid12m,,2026-09-22T01:19:42Z,celec_ords/2018/09/repDiaHid12m.ndjson.gz#repDiaHid12m:2018-09-20
2018-05-14,amaluza,cota_masl,1982.62,ords:repDiaHid12m,,2026-09-22T01:19:42Z,celec_ords/2018/09/repDiaHid12m.ndjson.gz#repDiaHid12m:2018-09-20
2018-05-14,mazar,caudal_m3s,59,ords:repDiaHid12m,,2026-09-22T01:19:42Z,celec_ords/2018/09/repDiaHid12m.ndjson.gz#repDiaHid12m:2018-09-20
2018-05-14,mazar,cota_masl,2145.81,ords:repDiaHid12m,,2026-09-22T01:19:42Z,celec_ords/2018/09/repDiaHid12m.ndjson.gz#repDiaHid12m:2018-09-20
2018-05-15,amaluza,caudal_m3s,203,ords:repDiaHid12m,,2026-09-22T01:19:42Z,celec_ords/2018/09/repDiaHid12m.ndjson.gz#repDiaHid12m:2018-09-20
2018-05-15,amaluza,cota_masl,1982.89,ords:repDiaHid12m,,2026-09-22T01:19:42Z,celec_ords/2018/09/repDiaHid12m.ndjson.gz#repDiaHid12m:2018-09-20
2018-05-15,mazar,caudal_m3s,106,ords:repDiaHid12m,,2026-09-22T01:19:42Z,celec_ords/2018/09/repDiaHid12m.ndjson.gz#repDiaHid12m:2018-09-20
2018-05-15,mazar,cota_masl,2146.19,ords:repDiaHid12m,,2026-09-22T01:19:42Z,celec_ords/2018/09/repDiaHid12m.ndjson.gz#repDiaHid12m:2018-09-20
2018-05-16,amaluza,caudal_m3s,100,ords:repDiaHid12m,,2026-09-22T01:19:42Z,celec_ords/2018/09/repDiaHid12m.ndjson.gz#repDiaHid12m:2018-09-20
2018-05-16,amaluza,cota_masl,1983.68,ords:repDiaHid12m,,2026-09-22T01:19:42Z,celec_ords/2018/09/repDiaHid12m.ndjson.gz#repDiaHid12m:2018-09-20
2018-05-16,mazar,caudal_m3s,152,ords:repDiaHid12m,,2026-09-22T01:19:42Z,celec_ords/2018/09/repDiaHid12m.ndjson.gz#repDiaHid12m:2018-09-20
2018-05-16,mazar,cota_masl,2146.9,ords:repDiaHid12m,,2026-09-22T01:19:42Z,celec_ords/2018/09/repDiaHid12m.ndjson.gz#repDiaHid12m:2018-09-20
2018-05-17,amaluza,caudal_m3s,115,ords:repDiaHid12m,,2026-09-22T01:19:42Z,celec_ords/2018/09/repDiaHid12m.ndjson.gz#repDiaHid12m:2018-09-20
2018-05-17,amaluza,cota_masl,1982.14,ords:repDiaHid12m,,2026-09-22T01:19:42Z,celec_ords/2018/09/repDiaHid12m.ndjson.gz#repDiaHid12m:2018-09-20
2018-05-17,mazar,caudal_m3s,92,ords:repDiaHid12m,,2026-09-22T01:19:42Z,celec_ords/2018/09/repDiaHid12m.ndjson.gz#repDiaHid12m:2018-09-20
2018-05-17,mazar,cota_masl,2147.88,ords:repDiaHid12m,,2026-09-22T01:19:42Z,celec_ords/2018/09/repDiaHid12m.ndjson.gz#repDiaHid12m:2018-09-20
2018-05-18,amaluza,caudal_m3s,124,ords:repDiaHid12m,,2026-09-22T01:19:42Z,celec_ords/2018/09/repDiaHid12m.ndjson.gz#repDiaHid12m:2018-09-20
2018-05-18,amaluza,cota_masl,1983.41,ords:repDiaHid12m,,2026-09-22T01:19:42Z,celec_ords/2018/09/repDiaHid12m.ndjson.gz#repDiaHid12m:2018-09-20
2018-05-18,mazar,caudal_m3s,63,ords:repDiaHid12m,,2026-09-22T01:19:42Z,celec_ords/2018/09/repDiaHid12m.ndjson.gz#repDiaHid12m:2018-09-20
2018-05-18,mazar,cota_masl,2148.16,ords:repDiaHid12m,,2026-09-22T01:19:42Z,celec_ords/2018/09/repDiaHid12m.ndjson.gz#repDiaHid12m:2018-09-20
2018-05-19,amaluza,caudal_m3s,55,ords:repDiaHid12m,,2026-09-22T01:19:42Z,celec_ords/2018/09/repDiaHid12m.ndjson.gz#repDiaHid12m:2018-09-20
2018-05-19,amaluza,cota_masl,1982.42,ords:repDiaHid12m,,2026-09-22T01:19:42Z,celec_ords/2018/09/repDiaHid12m.ndjson.gz#repDiaHid12m:2018-09-20
2018-05-19,mazar,caudal_m3s,88,ords:repDiaHid12m,,2026-09-22T01:19:42Z,celec_ords/2018/09/repDiaHid12m.ndjson.gz#repDiaHid12m:2018-09-20
2018-05-19,mazar,cota_masl,2149.06,ords:repDiaHid12m,,2026-09-22T01:19:42Z,celec_ords/2018/09/repDiaHid12m.ndjson.gz#repDiaHid12m:2018-09-20
2018-05-20,amaluza,caudal_m3s,127,ords:repDiaHid12m,,2026-09-22T01:19:42Z,celec_ords/2018/09/repDiaHid12m.ndjson.gz#repDiaHid12m:2018-09-20
2018-05-20,amaluza,cota_masl,1981.99,ords:repDiaHid12m,,2026-09-22T01:19:42Z,celec_ords/2018/09/repDiaHid12m.ndjson.gz#repDiaHid12m:2018-09-20
2018-05-20,mazar,caudal_m3s,108,ords:repDiaHid12m,,2026-09-22T01:19:42Z,celec_ords/2018/09/repDiaHid12m.ndjson.gz#repDiaHid12m:2018-09-20
2018-05-20,mazar,cota_masl,2150.35,ords:repDiaHid12m,,2026-09-22T01:19:42Z,celec_ords/2018/09/repDiaHid12m.ndjson.gz#repDiaHid12m:2018-09-20
2018-05-21,amaluza,caudal_m3s,168,ords:repDiaHid12m,,2026-09-22T01:19:42Z,celec_ords/2018/09/repDiaHid12m.ndjson.gz#repDiaHid12m:2018-09-20
2018-05-21,amaluza,cota_masl,1982.78,ords:repDiaHid12m,,2026-09-22T01:19:42Z,celec_ords/2018/09/repDiaHid12m.ndjson.gz#repDiaHid12m:2018-09-20
2018-05-21,mazar,caudal_m3s,171,ords:repDiaHid12m,,2026-09-22T01:19:42Z,celec_ords/2018/09/repDiaHid12m.ndjson.gz#repDiaHid12m:2018-09-20
2018-05-21,mazar,cota_masl,2152.06,ords:repDiaHid12m,,2026-09-22T01:19:42Z,celec_ords/2018/09/repDiaHid12m.ndjson.gz#repDiaHid12m:2018-09-20
2018-05-22,amaluza,caudal_m3s,173,ords:repDiaHid12m,,2026-09-22T01:19:42Z,celec_ords/2018/09/repDiaHid12m.ndjson.gz#repDiaHid12m:2018-09-20
2018-05-22,amaluza,cota_masl,1982.72,ords:repDiaHid12m,,2026-09-22T01:19:42Z,celec_ords/2018/09/repDiaHid12m.ndjson.gz#repDiaHid12m:2018-09-20
2018-05-22,mazar,caudal_m3s,93,ords:repDiaHid12m,,2026-09-22T01:19:42Z,celec_ords/2018/09/repDiaHid12m.ndjson.gz#repDiaHid12m:2018-09-20
2018-05-22,mazar,cota_masl,2152.53,ords:repDiaHid12m,,2026-09-22T01:19:42Z,celec_ords/2018/09/repDiaHid12m.ndjson.gz#repDiaHid12m:2018-09-20
2018-05-23,amaluza,caudal_m3s,287,ords:repDiaHid12m,,2026-09-22T01:19:42Z,celec_ords/2018/09/repDiaHid12m.ndjson.gz#repDiaHid12m:2018-09-20
2018-05-23,amaluza,cota_masl,1985.66,ords:repDiaHid12m,,2026-09-22T01:19:42Z,celec_ords/2018/09/repDiaHid12m.ndjson.gz#repDiaHid12m:2018-09-20
2018-05-23,mazar,caudal_m3s,247,ords:repDiaHid12m,,2026-09-22T01:19:42Z,celec_ords/2018/09/repDiaHid12m.ndjson.gz#repDiaHid12m:2018-09-20
2018-05-23,mazar,cota_masl,2153.3,ords:repDiaHid12m,,2026-09-22T01:19:42Z,celec_ords/2018/09/repDiaHid12m.ndjson.gz#repDiaHid12m:2018-09-20
2018-05-24,amaluza,caudal_m3s,722,ords:repDiaHid12m,,2026-09-22T01:19:42Z,celec_ords/2018/09/repDiaHid12m.ndjson.gz#repDiaHid12m:2018-09-20
2018-05-24,amaluza,cota_masl,1991.5,ords:repDiaHid12m,,2026-09-22T01:19:42Z,celec_ords/2018/09/repDiaHid12m.ndjson.gz#repDiaHid12m:2018-09-20
2018-05-24,mazar,caudal_m3s,617,ords:repDiaHid12m,,2026-09-22T01:19:42Z,celec_ords/2018/09/repDiaHid12m.ndjson.gz#repDiaHid12m:2018-09-20
2018-05-24,mazar,cota_masl,2154.72,ords:repDiaHid12m,,2026-09-22T01:19:42Z,celec_ords/2018/09/repDiaHid12m.ndjson.gz#repDiaHid12m:2018-09-20
2018-05-25,amaluza,caudal_m3s,601,ords:repDiaHid12m,,2026-09-22T01:19:42Z,celec_ords/2018/09/repDiaHid12m.ndjson.gz#repDiaHid12m:2018-09-20
2018-05-25,amaluza,cota_masl,1991.09,ords:repDiaHid12m,,2026-09-22T01:19:42Z,celec_ords/2018/09/repDiaHid12m.ndjson.gz#repDiaHid12m:2018-09-20
2018-05-25,mazar,caudal_m3s,315,ords:repDiaHid12m,,2026-09-22T01:19:42Z,celec_ords/2018/09/repDiaHid12m.ndjson.gz#repDiaHid12m:2018-09-20
2018-05-25,mazar,cota_masl,2154.51,ords:repDiaHid12m,,2026-09-22T01:19:42Z,celec_ords/2018/09/repDiaHid12m.ndjson.gz#repDiaHid12m:2018-09-20
2018-05-26,amaluza,caudal_m3s,658,ords:repDiaHid12m,,2026-09-22T01:19:42Z,celec_ords/2018/09/repDiaHid12m.ndjson.gz#repDiaHid12m:2018-09-20
2018-05-26,amaluza,cota_masl,1991.09,ords:repDiaHid12m,,2026-09-22T01:19:42Z,celec_ords/2018/09/repDiaHid12m.ndjson.gz#repDiaHid12m:2018-09-20
2018-05-26,mazar,caudal_m3s,593,ords:repDiaHid12m,,2026-09-22T01:19:42Z,celec_ords/2018/09/repDiaHid12m.ndjson.gz#repDiaHid12m:2018-09-20
2018-05-26,mazar,cota_masl,2155.15,ords:repDiaHid12m,,2026-09-22T01:19:42Z,celec_ords/2018/09/repDiaHid12m.ndjson.gz#repDiaHid12m:2018-09-20
2018-05-27,amaluza,caudal_m3s,544,ords:repDiaHid12m,,2026-09-22T01:19:42Z,celec_ords/2018/09/repDiaHid12m.ndjson.gz#repDiaHid12m:2018-09-20
2018-05-27,amaluza,cota_masl,1990.97,ords:repDiaHid12m,,2026-09-22T01:19:42Z,celec_ords/2018/09/repDiaHid12m.ndjson.gz#repDiaHid12m:2018-09-20
2018-05-27,mazar,caudal_m3s,319,ords:repDiaHid12m,,2026-09-22T01:19:42Z,celec_ords/2018/09/repDiaHid12m.ndjson.gz#repDiaHid12m:2018-09-20
2018-05-27,mazar,cota_masl,2154.69,ords:repDiaHid12m,,2026-09-22T01:19:42Z,celec_ords/2018/09/repDiaHid12m.ndjson.gz#repDiaHid12m:2018-09-20
2018-05-28,amaluza,caudal_m3s,312,ords:repDiaHid12m,,2026-09-22T01:19:42Z,celec_ords/2018/09/repDiaHid12m.ndjson.gz#repDiaHid12m:2018-09-20
2018-05-28,amaluza,cota_masl,1990.7,ords:repDiaHid12m,,2026-09-22T01:19:42Z,celec_ords/2018/09/repDiaHid12m.ndjson.gz#repDiaHid12m:2018-09-20
2018-05-28,mazar,caudal_m3s,215,ords:repDiaHid12m,,2026-09-22T01:19:42Z,celec_ords/2018/09/repDiaHid12m.ndjson.gz#repDiaHid12m:2018-09-20
2018-05-28,mazar,cota_masl,2154.09,ords:repDiaHid12m,,2026-09-22T01:19:42Z,celec_ords/2018/09/repDiaHid12m.ndjson.gz#repDiaHid12m:2018-09-20
2018-05-29,amaluza,caudal_m3s,393,ords:repDiaHid12m,,2026-09-22T01:19:42Z,celec_ords/2018/09/repDiaHid12m.ndjson.gz#repDiaHid12m:2018-09-20
2018-05-29,amaluza,cota_masl,1990.7,ords:repDiaHid12m,,2026-09-22T01:19:42Z,celec_ords/2018/09/repDiaHid12m.ndjson.gz#repDiaHid12m:2018-09-20
2018-05-29,mazar,caudal_m3s,255,ords:repDiaHid12m,,2026-09-22T01:19:42Z,celec_ords/2018/09/repDiaHid12m.ndjson.gz#repDiaHid12m:2018-09-20
2018-05-29,mazar,cota_masl,2154.45,ords:repDiaHid12m,,2026-09-22T01:19:42Z,celec_ords/2018/09/repDiaHid12m.ndjson.gz#repDiaHid12m:2018-09-20
2018-05-30,amaluza,caudal_m3s,272,ords:repDiaHid12m,,2026-09-22T01:19:42Z,celec_ords/2018/09/repDiaHid12m.ndjson.gz#repDiaHid12m:2018-09-20
2018-05-30,amaluza,cota_masl,1990.64,ords:repDiaHid12m,,2026-09-22T01:19:42Z,celec_ords/2018/09/repDiaHid12m.ndjson.gz#repDiaHid12m:2018-09-20
2018-05-30,mazar,caudal_m3s,215,ords:repDiaHid12m,,2026-09-22T01:19:42Z,celec_ords/2018/09/repDiaHid12m.ndjson.gz#repDiaHid12m:2018-09-20
2018-05-30,mazar,cota_masl,2154.12,ords:repDiaHid12m,,2026-09-22T01:19:42Z,celec_ords/2018/09/repDiaHid12m.ndjson.gz#repDiaHid12m:2018-09-20
2018-05-31,amaluza,caudal_m3s,208,ords:repDiaHid12m,,2026-09-22T01:19:42Z,celec_ords/2018/09/repDiaHid12m.ndjson.gz#repDiaHid12m:2018-09-20
2018-05-31,amaluza,cota_masl,1990.53,ords:repDiaHid12m,,2026-09-22T01:19:42Z,celec_ords/2018/09/repDiaHid12m.ndjson.gz#repDiaHid12m:2018-09-20
2018-05-31,mazar,caudal_m3s,166,ords:repDiaHid12m,,2026-09-22T01:19:42Z,celec_ords/2018/09/repDiaHid12m.ndjson.gz#repDiaHid12m:2018-09-20
2018-05-31,mazar,cota_masl,2153.96,ords:repDiaHid12m,,2026-09-22T01:19:42Z,celec_ords/2018/09/repDiaHid12m.ndjson.gz#repDiaHid12m:2018-09-20
2018-06-01,amaluza,caudal_m3s,212,ords:repDiaHid12m,,2026-09-22T01:19:42Z,celec_ords/2018/09/repDiaHid12m.ndjson.gz#repDiaHid12m:2018-09-20
2018-06-01,amaluza,cota_masl,1990.6,ords:repDiaHid12m,,2026-09-22T01:19:42Z,celec_ords/2018/09/repDiaHid12m.ndjson.gz#repDiaHid12m:2018-09-20
2018-06-01,mazar,caudal_m3s,151,ords:repDiaHid12m,,2026-09-22T01:19:42Z,celec_ords/2018/09/repDiaHid12m.ndjson.gz#repDiaHid12m:2018-09-20
2018-06-01,mazar,cota_masl,2153.86,ords:repDiaHid12m,,2026-09-22T01:19:42Z,celec_ords/2018/09/repDiaHid12m.ndjson.gz#repDiaHid12m:2018-09-20
2018-06-02,amaluza,caudal_m3s,171,ords:repDiaHid12m,,2026-09-22T01:19:42Z,celec_ords/2018/09/repDiaHid12m.ndjson.gz#repDiaHid12m:2018-09-20
2018-06-02,amaluza,cota_masl,1990.19,ords:repDiaHid12m,,2026-09-22T01:19:42Z,celec_ords/2018/09/repDiaHid12m.ndjson.gz#repDiaHid12m:2018-09-20
2018-06-02,mazar,caudal_m3s,147,ords:repDiaHid12m,,2026-09-22T01:19:42Z,celec_ords/2018/09/repDiaHid12m.ndjson.gz#repDiaHid12m:2018-09-20
2018-06-02,mazar,cota_masl,2153.81,ords:repDiaHid12m,,2026-09-22T01:19:42Z,celec_ords/2018/09/repDiaHid12m.ndjson.gz#repDiaHid12m:2018-09-20
2018-06-03,amaluza,caudal_m3s,146,ords:repDiaHid12m,,2026-09-22T01:19:42Z,celec_ords/2018/09/repDiaHid12m.ndjson.gz#repDiaHid12m:2018-09-20
2018-06-03,amaluza,cota_masl,1990.91,ords:repDiaHid12m,,2026-09-22T01:19:42Z,celec_ords/2018/09/repDiaHid12m.ndjson.gz#repDiaHid12m:2018-09-20
2018-06-03,mazar,caudal_m3s,131,ords:repDiaHid12m,,2026-09-22T01:19:42Z,celec_ords/2018/09/repDiaHid12m.ndjson.gz#repDiaHid12m:2018-09-20
2018-06-03,mazar,cota_masl,2153.81,ords:repDiaHid12m,,2026-09-22T01:19:42Z,celec_ords/2018/09/repDiaHid12m.ndjson.gz#repDiaHid12m:2018-09-20
2018-06-04,amaluza,caudal_m3s,229,ords:repDiaHid12m,,2026-09-22T01:19:42Z,celec_ords/2018/09/repDiaHid12m.ndjson.gz#repDiaHid12m:2018-09-20
2018-06-04,amaluza,cota_masl,1991.07,ords:repDiaHid12m,,2026-09-22T01:19:42Z,celec_ords/2018/09/repDiaHid12m.ndjson.gz#repDiaHid12m:2018-09-20
2018-06-04,mazar,caudal_m3s,187,ords:repDiaHid12m,,2026-09-22T01:19:42Z,celec_ords/2018/09/repDiaHid12m.ndjson.gz#repDiaHid12m:2018-09-20
2018-06-04,mazar,cota_masl,2153.92,ords:repDiaHid12m,,2026-09-22T01:19:42Z,celec_ords/2018/09/repDiaHid12m.ndjson.gz#repDiaHid12m:2018-09-20
2018-06-05,amaluza,caudal_m3s,237,ords:repDiaHid12m,,2026-09-22T01:19:42Z,celec_ords/2018/09/repDiaHid12m.ndjson.gz#repDiaHid12m:2018-09-20
2018-06-05,amaluza,cota_masl,1991.05,ords:repDiaHid12m,,2026-09-22T01:19:42Z,celec_ords/2018/09/repDiaHid12m.ndjson.gz#repDiaHid12m:2018-09-20
2018-06-05,mazar,caudal_m3s,106,ords:repDiaHid12m,,2026-09-22T01:19:42Z,celec_ords/2018/09/repDiaHid12m.ndjson.gz#repDiaHid12m:2018-09-20
2018-06-05,mazar,cota_masl,2153.82,ords:repDiaHid12m,,2026-09-22T01:19:42Z,celec_ords/2018/09/repDiaHid12m.ndjson.gz#repDiaHid12m:2018-09-20
2018-06-06,amaluza,caudal_m3s,175,ords:repDiaHid12m,,2026-09-22T01:19:42Z,celec_ords/2018/09/repDiaHid12m.ndjson.gz#repDiaHid12m:2018-09-20
2018-06-06,amaluza,cota_masl,1990.81,ords:repDiaHid12m,,2026-09-22T01:19:42Z,celec_ords/2018/09/repDiaHid12m.ndjson.gz#repDiaHid12m:2018-09-20
2018-06-06,mazar,caudal_m3s,75,ords:repDiaHid12m,,2026-09-22T01:19:42Z,celec_ords/2018/09/repDiaHid12m.ndjson.gz#repDiaHid12m:2018-09-20
2018-06-06,mazar,cota_masl,2153.1,ords:repDiaHid12m,,2026-09-22T01:19:42Z,celec_ords/2018/09/repDiaHid12m.ndjson.gz#repDiaHid12m:2018-09-20
2018-06-07,amaluza,caudal_m3s,137,ords:repDiaHid12m,,2026-09-22T01:19:42Z,celec_ords/2018/09/repDiaHid12m.ndjson.gz#repDiaHid12m:2018-09-20
2018-06-07,amaluza,cota_masl,1990.99,ords:repDiaHid12m,,2026-09-22T01:19:42Z,celec_ords/2018/09/repDiaHid12m.ndjson.gz#repDiaHid12m:2018-09-20
2018-06-07,mazar,caudal_m3s,62,ords:repDiaHid12m,,2026-09-22T01:19:42Z,celec_ords/2018/09/repDiaHid12m.ndjson.gz#repDiaHid12m:2018-09-20
2018-06-07,mazar,cota_masl,2152.69,ords:repDiaHid12m,,2026-09-22T01:19:42Z,celec_ords/2018/09/repDiaHid12m.ndjson.gz#repDiaHid12m:2018-09-20
2018-06-08,amaluza,caudal_m3s,103,ords:repDiaHid12m,,2026-09-22T01:19:42Z,celec_ords/2018/09/repDiaHid12m.ndjson.gz#repDiaHid12m:2018-09-20
2018-06-08,amaluza,cota_masl,1990.79,ords:repDiaHid12m,,2026-09-22T01:19:42Z,celec_ords/2018/09/repDiaHid12m.ndjson.gz#repDiaHid12m:2018-09-20
2018-06-08,mazar,caudal_m3s,103,ords:repDiaHid12m,,2026-09-22T01:19:42Z,celec_ords/2018/09/repDiaHid12m.ndjson.gz#repDiaHid12m:2018-09-20
2018-06-08,mazar,cota_masl,2152.67,ords:repDiaHid12m,,2026-09-22T01:19:42Z,celec_ords/2018/09/repDiaHid12m.ndjson.gz#repDiaHid12m:2018-09-20
2018-06-09,amaluza,caudal_m3s,93,ords:repDiaHid12m,,2026-09-22T01:19:42Z,celec_ords/2018/09/repDiaHid12m.ndjson.gz#repDiaHid12m:2018-09-20
2018-06-09,amaluza,cota_masl,1989.91,ords:repDiaHid12m,,2026-09-22T01:19:42Z,celec_ords/2018/09/repDiaHid12m.ndjson.gz#repDiaHid12m:2018-09-20
2018-06-09,mazar,caudal_m3s,71,ords:repDiaHid12m,,2026-09-22T01:19:42Z,celec_ords/2018/09/repDiaHid12m.ndjson.gz#repDiaHid12m:2018-09-20
2018-06-09,mazar,cota_masl,2152.98,ords:repDiaHid12m,,2026-09-22T01:19:42Z,celec_ords/2018/09/repDiaHid12m.ndjson.gz#repDiaHid12m:2018-09-20
2018-06-10,amaluza,caudal_m3s,147,ords:repDiaHid12m,,2026-09-22T01:19:42Z,celec_ords/2018/09/repDiaHid12m.ndjson.gz#repDiaHid12m:2018-09-20
2018-06-10,amaluza,cota_masl,1989.8,ords:repDiaHid12m,,2026-09-22T01:19:42Z,celec_ords/2018/09/repDiaHid12m.ndjson.gz#repDiaHid12m:2018-09-20
2018-06-10,mazar,caudal_m3s,77,ords:repDiaHid12m,,2026-09-22T01:19:42Z,celec_ords/2018/09/repDiaHid12m.ndjson.gz#repDiaHid12m:2018-09-20
2018-06-10,mazar,cota_masl,2153.15,ords:repDiaHid12m,,2026-09-22T01:19:42Z,celec_ords/2018/09/repDiaHid12m.ndjson.gz#repDiaHid12m:2018-09-20
2018-06-11,amaluza,caudal_m3s,108,ords:repDiaHid12m,,2026-09-22T01:19:42Z,celec_ords/2018/09/repDiaHid12m.ndjson.gz#repDiaHid12m:2018-09-20
2018-06-11,amaluza,cota_masl,1990.81,ords:repDiaHid12m,,2026-09-22T01:19:42Z,celec_ords/2018/09/repDiaHid12m.ndjson.gz#repDiaHid12m:2018-09-20
2018-06-11,mazar,caudal_m3s,100,ords:repDiaHid12m,,2026-09-22T01:19:42Z,celec_ords/2018/09/repDiaHid12m.ndjson.gz#repDiaHid12m:2018-09-20
2018-06-11,mazar,cota_masl,2153.01,ords:repDiaHid12m,,2026-09-22T01:19:42Z,celec_ords/2018/09/repDiaHid12m.ndjson.gz#repDiaHid12m:2018-09-20
2018-06-12,amaluza,caudal_m3s,122,ords:repDiaHid12m,,2026-09-22T01:19:42Z,celec_ords/2018/09/repDiaHid12m.ndjson.gz#repDiaHid12m:2018-09-20
2018-06-12,amaluza,cota_masl,1990.9,ords:repDiaHid12m,,2026-09-22T01:19:42Z,celec_ords/2018/09/repDiaHid12m.ndjson.gz#repDiaHid12m:2018-09-20
2018-06-12,mazar,caudal_m3s,61,ords:repDiaHid12m,,2026-09-22T01:19:42Z,celec_ords/2018/09/repDiaHid12m.ndjson.gz#repDiaHid12m:2018-09-20
2018-06-12,mazar,cota_masl,2153,ords:repDiaHid12m,,2026-09-22T01:19:42Z,celec_ords/2018/09/repDiaHid12m.ndjson.gz#repDiaHid12m:2018-09-20
2018-06-13,amaluza,caudal_m3s,114,ords:repDiaHid12m,,2026-09-22T01:19:42Z,celec_ords/2018/09/repDiaHid12m.ndjson.gz#repDiaHid12m:2018-09-20
2018-06-13,amaluza,cota_masl,1990.64,ords:repDiaHid12m,,2026-09-22T01:19:42Z,celec_ords/2018/09/repDiaHid12m.ndjson.gz#repDiaHid12m:2018-09-20
2018-06-13,mazar,caudal_m3s,41,ords:repDiaHid12m,,2026-09-22T01:19:42Z,celec_ords/2018/09/repDiaHid12m.ndjson.gz#repDiaHid12m:2018-09-20
2018-06-13,mazar,cota_masl,2152.72,ords:repDiaHid12m,,2026-09-22T01:19:42Z,celec_ords/2018/09/repDiaHid12m.ndjson.gz#repDiaHid12m:2018-09-20
2018-06-14,amaluza,caudal_m3s,73,ords:repDiaHid12m,,2026-09-22T01:19:42Z,celec_ords/2018/09/repDiaHid12m.ndjson.gz#repDiaHid12m:2018-09-20
2018-06-14,amaluza,cota_masl,1989.26,ords:repDiaHid12m,,2026-09-22T01:19:42Z,celec_ords/2018/09/repDiaHid12m.ndjson.gz#repDiaHid12m:2018-09-20
2018-06-14,mazar,caudal_m3s,80,ords:repDiaHid12m,,2026-09-22T01:19:42Z,celec_ords/2018/09/repDiaHid12m.ndjson.gz#repDiaHid12m:2018-09-20
2018-06-14,mazar,cota_masl,2152.77,ords:repDiaHid12m,,2026-09-22T01:19:42Z,celec_ords/2018/09/repDiaHid12m.ndjson.gz#repDiaHid12m:2018-09-20
2018-06-15,amaluza,caudal_m3s,37,ords:repDiaHid12m,,2026-09-22T01:19:42Z,celec_ords/2018/09/repDiaHid12m.ndjson.gz#repDiaHid12m:2018-09-20
2018-06-15,amaluza,cota_masl,1987.58,ords:repDiaHid12m,,2026-09-22T01:19:42Z,celec_ords/2018/09/repDiaHid12m.ndjson.gz#repDiaHid12m:2018-09-20
2018-06-15,mazar,caudal_m3s,65,ords:repDiaHid12m,,2026-09-22T01:19:42Z,celec_ords/2018/09/repDiaHid12m.ndjson.gz#repDiaHid12m:2018-09-20
2018-06-15,mazar,cota_masl,2152.9,ords:repDiaHid12m,,2026-09-22T01:19:42Z,celec_ords/2018/09/repDiaHid12m.ndjson.gz#repDiaHid12m:2018-09-20
2018-06-16,amaluza,caudal_m3s,423,ords:repDiaHid12m,,2026-09-22T01:19:42Z,celec_ords/2018/09/repDiaHid12m.ndjson.gz#repDiaHid12m:2018-09-20
2018-06-16,amaluza,cota_masl,1991.26,ords:repDiaHid12m,,2026-09-22T01:19:42Z,celec_ords/2018/09/repDiaHid12m.ndjson.gz#repDiaHid12m:2018-09-20
2018-06-16,mazar,caudal_m3s,457,ords:repDiaHid12m,,2026-09-22T01:19:42Z,celec_ords/2018/09/repDiaHid12m.ndjson.gz#repDiaHid12m:2018-09-20
2018-06-16,mazar,cota_masl,2154.44,ords:repDiaHid12m,,2026-09-22T01:19:42Z,celec_ords/2018/09/repDiaHid12m.ndjson.gz#repDiaHid12m:2018-09-20
2018-06-17,amaluza,caudal_m3s,559,ords:repDiaHid12m,,2026-09-22T01:19:42Z,celec_ords/2018/09/repDiaHid12m.ndjson.gz#repDiaHid12m:2018-09-20
2018-06-17,amaluza,cota_masl,1990.99,ords:repDiaHid12m,,2026-09-22T01:19:42Z,celec_ords/2018/09/repDiaHid12m.ndjson.gz#repDiaHid12m:2018-09-20
2018-06-17,mazar,caudal_m3s,348,ords:repDiaHid12m,,2026-09-22T01:19:42Z,celec_ords/2018/09/repDiaHid12m.ndjson.gz#repDiaHid12m:2018-09-20
2018-06-17,mazar,cota_masl,2154.54,ords:repDiaHid12m,,2026-09-22T01:19:42Z,celec_ords/2018/09/repDiaHid12m.ndjson.gz#repDiaHid12m:2018-09-20
2018-06-18,amaluza,caudal_m3s,261,ords:repDiaHid12m,,2026-09-22T01:19:42Z,celec_ords/2018/09/repDiaHid12m.ndjson.gz#repDiaHid12m:2018-09-20
2018-06-18,amaluza,cota_masl,1990.6,ords:repDiaHid12m,,2026-09-22T01:19:42Z,celec_ords/2018/09/repDiaHid12m.ndjson.gz#repDiaHid12m:2018-09-20
2018-06-18,mazar,caudal_m3s,211,ords:repDiaHid12m,,2026-09-22T01:19:42Z,celec_ords/2018/09/repDiaHid12m.ndjson.gz#repDiaHid12m:2018-09-20
2018-06-18,mazar,cota_masl,2153.66,ords:repDiaHid12m,,2026-09-22T01:19:42Z,celec_ords/2018/09/repDiaHid12m.ndjson.gz#repDiaHid12m:2018-09-20
2018-06-19,amaluza,caudal_m3s,171,ords:repDiaHid12m,,2026-09-22T01:19:42Z,celec_ords/2018/09/repDiaHid12m.ndjson.gz#repDiaHid12m:2018-09-20
2018-06-19,amaluza,cota_masl,1990.97,ords:repDiaHid12m,,2026-09-22T01:19:42Z,celec_ords/2018/09/repDiaHid12m.ndjson.gz#repDiaHid12m:2018-09-20
2018-06-19,mazar,caudal_m3s,87,ords:repDiaHid12m,,2026-09-22T01:19:42Z,celec_ords/2018/09/repDiaHid12m.ndjson.gz#repDiaHid12m:2018-09-20
2018-06-19,mazar,cota_masl,2153.29,ords:repDiaHid12m,,2026-09-22T01:19:42Z,celec_ords/2018/09/repDiaHid12m.ndjson.gz#repDiaHid12m:2018-09-20
2018-06-20,amaluza,caudal_m3s,176,ords:repDiaHid12m,,2026-09-22T01:19:42Z,celec_ords/2018/09/repDiaHid12m.ndjson.gz#repDiaHid12m:2018-09-20
2018-06-20,amaluza,cota_masl,1990.89,ords:repDiaHid12m,,2026-09-22T01:19:42Z,celec_ords/2018/09/repDiaHid12m.ndjson.gz#repDiaHid12m:2018-09-20
2018-06-20,mazar,caudal_m3s,57,ords:repDiaHid12m,,2026-09-22T01:19:42Z,celec_ords/2018/09/repDiaHid12m.ndjson.gz#repDiaHid12m:2018-09-20
2018-06-20,mazar,cota_masl,2153.04,ords:repDiaHid12m,,2026-09-22T01:19:42Z,celec_ords/2018/09/repDiaHid12m.ndjson.gz#repDiaHid12m:2018-09-20
2018-06-21,amaluza,caudal_m3s,130,ords:repDiaHid12m,,2026-09-22T01:19:42Z,celec_ords/2018/09/repDiaHid12m.ndjson.gz#repDiaHid12m:2018-09-20
2018-06-21,amaluza,cota_masl,1990.82,ords:repDiaHid12m,,2026-09-22T01:19:42Z,celec_ords/2018/09/repDiaHid12m.ndjson.gz#repDiaHid12m:2018-09-20
2018-06-21,mazar,caudal_m3s,63,ords:repDiaHid12m,,2026-09-22T01:19:42Z,celec_ords/2018/09/repDiaHid12m.ndjson.gz#repDiaHid12m:2018-09-20
2018-06-21,mazar,cota_masl,2152.91,ords:repDiaHid12m,,2026-09-22T01:19:42Z,celec_ords/2018/09/repDiaHid12m.ndjson.gz#repDiaHid12m:2018-09-20
2018-06-22,amaluza,caudal_m3s,149,ords:repDiaHid12m,,2026-09-22T01:19:42Z,celec_ords/2018/09/repDiaHid12m.ndjson.gz#repDiaHid12m:2018-09-20
2018-06-22,amaluza,cota_masl,1990.36,ords:repDiaHid12m,,2026-09-22T01:19:42Z,celec_ords/2018/09/repDiaHid12m.ndjson.gz#repDiaHid12m:2018-09-20
2018-06-22,mazar,caudal_m3s,58,ords:repDiaHid12m,,2026-09-22T01:19:42Z,celec_ords/2018/09/repDiaHid12m.ndjson.gz#repDiaHid12m:2018-09-20
2018-06-22,mazar,cota_masl,2152.87,ords:repDiaHid12m,,2026-09-22T01:19:42Z,celec_ords/2018/09/repDiaHid12m.ndjson.gz#repDiaHid12m:2018-09-20
2018-06-23,amaluza,caudal_m3s,148,ords:repDiaHid12m,,2026-09-22T01:19:42Z,celec_ords/2018/09/repDiaHid12m.ndjson.gz#repDiaHid12m:2018-09-20
2018-06-23,amaluza,cota_masl,1990.45,ords:repDiaHid12m,,2026-09-22T01:19:42Z,celec_ords/2018/09/repDiaHid12m.ndjson.gz#repDiaHid12m:2018-09-20
2018-06-23,mazar,caudal_m3s,74,ords:repDiaHid12m,,2026-09-22T01:19:42Z,celec_ords/2018/09/repDiaHid12m.ndjson.gz#repDiaHid12m:2018-09-20
2018-06-23,mazar,cota_masl,2152.79,ords:repDiaHid12m,,2026-09-22T01:19:42Z,celec_ords/2018/09/repDiaHid12m.ndjson.gz#repDiaHid12m:2018-09-20
2018-06-24,amaluza,caudal_m3s,160,ords:repDiaHid12m,,2026-09-22T01:19:42Z,celec_ords/2018/09/repDiaHid12m.ndjson.gz#repDiaHid12m:2018-09-20
2018-06-24,amaluza,cota_masl,1990.9,ords:repDiaHid12m,,2026-09-22T01:19:42Z,celec_ords/2018/09/repDiaHid12m.ndjson.gz#repDiaHid12m:2018-09-20
2018-06-24,mazar,caudal_m3s,84,ords:repDiaHid12m,,2026-09-22T01:19:42Z,celec_ords/2018/09/repDiaHid12m.ndjson.gz#repDiaHid12m:2018-09-20
2018-06-24,mazar,cota_masl,2152.92,ords:repDiaHid12m,,2026-09-22T01:19:42Z,celec_ords/2018/09/repDiaHid12m.ndjson.gz#repDiaHid12m:2018-09-20
2018-06-25,amaluza,caudal_m3s,192,ords:repDiaHid12m,,2026-09-22T01:19:42Z,celec_ords/2018/09/repDiaHid12m.ndjson.gz#repDiaHid12m:2018-09-20
2018-06-25,amaluza,cota_masl,1990.72,ords:repDiaHid12m,,2026-09-22T01:19:42Z,celec_ords/2018/09/repDiaHid12m.ndjson.gz#repDiaHid12m:2018-09-20
2018-06-25,mazar,caudal_m3s,147,ords:repDiaHid12m,,2026-09-22T01:19:42Z,celec_ords/2018/09/repDiaHid12m.ndjson.gz#repDiaHid12m:2018-09-20
2018-06-25,mazar,cota_masl,2153.18,ords:repDiaHid12m,,2026-09-22T01:19:42Z,celec_ords/2018/09/repDiaHid12m.ndjson.gz#repDiaHid12m:2018-09-20
2018-06-26,amaluza,caudal_m3s,287,ords:repDiaHid12m,,2026-09-22T01:19:42Z,celec_ords/2018/09/repDiaHid12m.ndjson.gz#repDiaHid12m:2018-09-20
2018-06-26,amaluza,cota_masl,1990.92,ords:repDiaHid12m,,2026-09-22T01:19:42Z,celec_ords/2018/09/repDiaHid12m.ndjson.gz#repDiaHid12m:2018-09-20
2018-06-26,mazar,caudal_m3s,173,ords:repDiaHid12m,,2026-09-22T01:19:42Z,celec_ords/2018/09/repDiaHid12m.ndjson.gz#repDiaHid12m:2018-09-20
2018-06-26,mazar,cota_masl,2153.63,ords:repDiaHid12m,,2026-09-22T01:19:42Z,celec_ords/2018/09/repDiaHid12m.ndjson.gz#repDiaHid12m:2018-09-20
2018-06-27,amaluza,caudal_m3s,199,ords:repDiaHid12m,,2026-09-22T01:19:42Z,celec_ords/2018/09/repDiaHid12m.ndjson.gz#repDiaHid12m:2018-09-20
2018-06-27,amaluza,cota_masl,1990.69,ords:repDiaHid12m,,2026-09-22T01:19:42Z,celec_ords/2018/09/repDiaHid12m.ndjson.gz#repDiaHid12m:2018-09-20
2018-06-27,mazar,caudal_m3s,76,ords:repDiaHid12m,,2026-09-22T01:19:42Z,celec_ords/2018/09/repDiaHid12m.ndjson.gz#repDiaHid12m:2018-09-20
2018-06-27,mazar,cota_masl,2153.11,ords:repDiaHid12m,,2026-09-22T01:19:42Z,celec_ords/2018/09/repDiaHid12m.ndjson.gz#repDiaHid12m:2018-09-20
2018-06-28,amaluza,caudal_m3s,154,ords:repDiaHid12m,,2026-09-22T01:19:42Z,celec_ords/2018/09/repDiaHid12m.ndjson.gz#repDiaHid12m:2018-09-20
2018-06-28,amaluza,cota_masl,1990.55,ords:repDiaHid12m,,2026-09-22T01:19:42Z,celec_ords/2018/09/repDiaHid12m.ndjson.gz#repDiaHid12m:2018-09-20
2018-06-28,mazar,caudal_m3s,71,ords:repDiaHid12m,,2026-09-22T01:19:42Z,celec_ords/2018/09/repDiaHid12m.ndjson.gz#repDiaHid12m:2018-09-20
2018-06-28,mazar,cota_masl,2152.68,ords:repDiaHid12m,,2026-09-22T01:19:42Z,celec_ords/2018/09/repDiaHid12m.ndjson.gz#repDiaHid12m:2018-09-20
2018-06-29,amaluza,caudal_m3s,151,ords:repDiaHid12m,,2026-09-22T01:19:42Z,celec_ords/2018/09/repDiaHid12m.ndjson.gz#repDiaHid12m:2018-09-20
2018-06-29,amaluza,cota_masl,1990.64,ords:repDiaHid12m,,2026-09-22T01:19:42Z,celec_ords/2018/09/repDiaHid12m.ndjson.gz#repDiaHid12m:2018-09-20
2018-06-29,mazar,caudal_m3s,70,ords:repDiaHid12m,,2026-09-22T01:19:42Z,celec_ords/2018/09/repDiaHid12m.ndjson.gz#repDiaHid12m:2018-09-20
2018-06-29,mazar,cota_masl,2152.32,ords:repDiaHid12m,,2026-09-22T01:19:42Z,celec_ords/2018/09/repDiaHid12m.ndjson.gz#repDiaHid12m:2018-09-20
2018-06-30,amaluza,caudal_m3s,149,ords:repDiaHid12m,,2026-09-22T01:19:42Z,celec_ords/2018/09/repDiaHid12m.ndjson.gz#repDiaHid12m:2018-09-20
2018-06-30,amaluza,cota_masl,1990.9,ords:repDiaHid12m,,2026-09-22T01:19:42Z,celec_ords/2018/09/repDiaHid12m.ndjson.gz#repDiaHid12m:2018-09-20
2018-06-30,mazar,caudal_m3s,83,ords:repDiaHid12m,,2026-09-22T01:19:42Z,celec_ords/2018/09/repDiaHid12m.ndjson.gz#repDiaHid12m:2018-09-20
2018-06-30,mazar,cota_masl,2152.75,ords:repDiaHid12m,,2026-09-22T01:19:42Z,celec_ords/2018/09/repDiaHid12m.ndjson.gz#repDiaHid12m:2018-09-20
2018-07-01,amaluza,caudal_m3s,121,ords:repDiaHid12m,,2026-09-22T01:19:42Z,celec_ords/2018/09/repDiaHid12m.ndjson.gz#repDiaHid12m:2018-09-20
2018-07-01,amaluza,cota_masl,1990.36,ords:repDiaHid12m,,2026-09-22T01:19:42Z,celec_ords/2018/09/repDiaHid12m.ndjson.gz#repDiaHid12m:2018-09-20
2018-07-01,mazar,caudal_m3s,85,ords:repDiaHid12m,,2026-09-22T01:19:42Z,celec_ords/2018/09/repDiaHid12m.ndjson.gz#repDiaHid12m:2018-09-20
2018-07-01,mazar,cota_masl,2153.39,ords:repDiaHid12m,,2026-09-22T01:19:42Z,celec_ords/2018/09/repDiaHid12m.ndjson.gz#repDiaHid12m:2018-09-20
2018-07-02,amaluza,caudal_m3s,60,ords:repDiaHid12m,,2026-09-22T01:19:42Z,celec_ords/2018/09/repDiaHid12m.ndjson.gz#repDiaHid12m:2018-09-20
2018-07-02,amaluza,cota_masl,1990.62,ords:repDiaHid12m,,2026-09-22T01:19:42Z,celec_ords/2018/09/repDiaHid12m.ndjson.gz#repDiaHid12m:2018-09-20
2018-07-02,mazar,caudal_m3s,75,ords:repDiaHid12m,,2026-09-22T01:19:42Z,celec_ords/2018/09/repDiaHid12m.ndjson.gz#repDiaHid12m:2018-09-20
2018-07-02,mazar,cota_masl,2153.21,ords:repDiaHid12m,,2026-09-22T01:19:42Z,celec_ords/2018/09/repDiaHid12m.ndjson.gz#repDiaHid12m:2018-09-20
2018-07-03,amaluza,caudal_m3s,77,ords:repDiaHid12m,,2026-09-22T01:19:42Z,celec_ords/2018/09/repDiaHid12m.ndjson.gz#repDiaHid12m:2018-09-20
2018-07-03,amaluza,cota_masl,1989.64,ords:repDiaHid12m,,2026-09-22T01:19:42Z,celec_ords/2018/09/repDiaHid12m.ndjson.gz#repDiaHid12m:2018-09-20
2018-07-03,mazar,caudal_m3s,61,ords:repDiaHid12m,,2026-09-22T01:19:42Z,celec_ords/2018/09/repDiaHid12m.ndjson.gz#repDiaHid12m:2018-09-20
2018-07-03,mazar,cota_masl,2153.17,ords:repDiaHid12m,,2026-09-22T01:19:42Z,celec_ords/2018/09/repDiaHid12m.ndjson.gz#repDiaHid12m:2018-09-20
2018-07-04,amaluza,caudal_m3s,119,ords:repDiaHid12m,,2026-09-22T01:19:42Z,celec_ords/2018/09/repDiaHid12m.ndjson.gz#repDiaHid12m:2018-09-20
2018-07-04,amaluza,cota_masl,1989.44,ords:repDiaHid12m,,2026-09-22T01:19:42Z,celec_ords/2018/09/repDiaHid12m.ndjson.gz#repDiaHid12m:2018-09-20
2018-07-04,mazar,caudal_m3s,60,ords:repDiaHid12m,,2026-09-22T01:19:42Z,celec_ords/2018/09/repDiaHid12m.ndjson.gz#repDiaHid12m:2018-09-20
2018-07-04,mazar,cota_masl,2152.93,ords:repDiaHid12m,,2026-09-22T01:19:42Z,celec_ords/2018/09/repDiaHid12m.ndjson.gz#repDiaHid12m:2018-09-20
2018-07-05,amaluza,caudal_m3s,76,ords:repDiaHid12m,,2026-09-22T01:19:42Z,celec_ords/2018/09/repDiaHid12m.ndjson.gz#repDiaHid12m:2018-09-20
2018-07-05,amaluza,cota_masl,1988.9,ords:repDiaHid12m,,2026-09-22T01:19:42Z,celec_ords/2018/09/repDiaHid12m.ndjson.gz#repDiaHid12m:2018-09-20
2018-07-05,mazar,caudal_m3s,63,ords:repDiaHid12m,,2026-09-22T01:19:42Z,celec_ords/2018/09/repDiaHid12m.ndjson.gz#repDiaHid12m:2018-09-20
2018-07-05,mazar,cota_masl,2152.95,ords:repDiaHid12m,,2026-09-22T01:19:42Z,celec_ords/2018/09/repDiaHid12m.ndjson.gz#repDiaHid12m:2018-09-20
2018-07-06,amaluza,caudal_m3s,67,ords:repDiaHid12m,,2026-09-22T01:19:42Z,celec_ords/2018/09/repDiaHid12m.ndjson.gz#repDiaHid12m:2018-09-20
2018-07-06,amaluza,cota_masl,1987.28,ords:repDiaHid12m,,2026-09-22T01:19:42Z,celec_ords/2018/09/repDiaHid12m.ndjson.gz#repDiaHid12m:2018-09-20
2018-07-06,mazar,caudal_m3s,60,ords:repDiaHid12m,,2026-09-22T01:19:42Z,celec_ords/2018/09/repDiaHid12m.ndjson.gz#repDiaHid12m:2018-09-20
2018-07-06,mazar,cota_masl,2153.15,ords:repDiaHid12m,,2026-09-22T01:19:42Z,celec_ords/2018/09/repDiaHid12m.ndjson.gz#repDiaHid12m:2018-09-20
2018-07-07,amaluza,caudal_m3s,37,ords:repDiaHid12m,,2026-09-22T01:19:42Z,celec_ords/2018/09/repDiaHid12m.ndjson.gz#repDiaHid12m:2018-09-20
2018-07-07,amaluza,cota_masl,1986.48,ords:repDiaHid12m,,2026-09-22T01:19:42Z,celec_ords/2018/09/repDiaHid12m.ndjson.gz#repDiaHid12m:2018-09-20
2018-07-07,mazar,caudal_m3s,60,ords:repDiaHid12m,,2026-09-22T01:19:42Z,celec_ords/2018/09/repDiaHid12m.ndjson.gz#repDiaHid12m:2018-09-20
2018-07-07,mazar,cota_masl,2153.16,ords:repDiaHid12m,,2026-09-22T01:19:42Z,celec_ords/2018/09/repDiaHid12m.ndjson.gz#repDiaHid12m:2018-09-20
2018-07-08,amaluza,caudal_m3s,71,ords:repDiaHid12m,,2026-09-22T01:19:42Z,celec_ords/2018/09/repDiaHid12m.ndjson.gz#repDiaHid12m:2018-09-20
2018-07-08,amaluza,cota_masl,1984.49,ords:repDiaHid12m,,2026-09-22T01:19:42Z,celec_ords/2018/09/repDiaHid12m.ndjson.gz#repDiaHid12m:2018-09-20
2018-07-08,mazar,caudal_m3s,66,ords:repDiaHid12m,,2026-09-22T01:19:42Z,celec_ords/2018/09/repDiaHid12m.ndjson.gz#repDiaHid12m:2018-09-20
2018-07-08,mazar,cota_masl,2153.4,ords:repDiaHid12m,,2026-09-22T01:19:42Z,celec_ords/2018/09/repDiaHid12m.ndjson.gz#repDiaHid12m:2018-09-20
2018-07-09,amaluza,caudal_m3s,120,ords:repDiaHid12m,,2026-09-22T01:19:42Z,celec_ords/2018/09/repDiaHid12m.ndjson.gz#repDiaHid12m:2018-09-20
2018-07-09,amaluza,cota_masl,1985.15,ords:repDiaHid12m,,2026-09-22T01:19:42Z,celec_ords/2018/09/repDiaHid12m.ndjson.gz#repDiaHid12m:2018-09-20
2018-07-09,mazar,caudal_m3s,107,ords:repDiaHid12m,,2026-09-22T01:19:42Z,celec_ords/2018/09/repDiaHid12m.ndjson.gz#repDiaHid12m:2018-09-20
2018-07-09,mazar,cota_masl,2153.38,ords:repDiaHid12m,,2026-09-22T01:19:42Z,celec_ords/2018/09/repDiaHid12m.ndjson.gz#repDiaHid12m:2018-09-20
2018-07-10,amaluza,caudal_m3s,98,ords:repDiaHid12m,,2026-09-22T01:19:42Z,celec_ords/2018/09/repDiaHid12m.ndjson.gz#repDiaHid12m:2018-09-20
2018-07-10,amaluza,cota_masl,1986.64,ords:repDiaHid12m,,2026-09-22T01:19:42Z,celec_ords/2018/09/repDiaHid12m.ndjson.gz#repDiaHid12m:2018-09-20
2018-07-10,mazar,caudal_m3s,59,ords:repDiaHid12m,,2026-09-22T01:19:42Z,celec_ords/2018/09/repDiaHid12m.ndjson.gz#repDiaHid12m:2018-09-20
2018-07-10,mazar,cota_masl,2152.97,ords:repDiaHid12m,,2026-09-22T01:19:42Z,celec_ords/2018/09/repDiaHid12m.ndjson.gz#repDiaHid12m:2018-09-20
2018-07-11,amaluza,caudal_m3s,135,ords:repDiaHid12m,,2026-09-22T01:19:42Z,celec_ords/2018/09/repDiaHid12m.ndjson.gz#repDiaHid12m:2018-09-20
2018-07-11,amaluza,cota_masl,1985.12,ords:repDiaHid12m,,2026-09-22T01:19:42Z,celec_ords/2018/09/repDiaHid12m.ndjson.gz#repDiaHid12m:2018-09-20
2018-07-11,mazar,caudal_m3s,127,ords:repDiaHid12m,,2026-09-22T01:19:42Z,celec_ords/2018/09/repDiaHid12m.ndjson.gz#repDiaHid12m:2018-09-20
2018-07-11,mazar,cota_masl,2153.7,ords:repDiaHid12m,,2026-09-22T01:19:42Z,celec_ords/2018/09/repDiaHid12m.ndjson.gz#repDiaHid12m:2018-09-20
2018-07-12,amaluza,caudal_m3s,177,ords:repDiaHid12m,,2026-09-22T01:19:42Z,celec_ords/2018/09/repDiaHid12m.ndjson.gz#repDiaHid12m:2018-09-20
2018-07-12,amaluza,cota_masl,1986.39,ords:repDiaHid12m,,2026-09-22T01:19:42Z,celec_ords/2018/09/repDiaHid12m.ndjson.gz#repDiaHid12m:2018-09-20
2018-07-12,mazar,caudal_m3s,84,ords:repDiaHid12m,,2026-09-22T01:19:42Z,celec_ords/2018/09/repDiaHid12m.ndjson.gz#repDiaHid12m:2018-09-20
2018-07-12,mazar,cota_masl,2153.42,ords:repDiaHid12m,,2026-09-22T01:19:42Z,celec_ords/2018/09/repDiaHid12m.ndjson.gz#repDiaHid12m:2018-09-20
2018-07-13,amaluza,caudal_m3s,81,ords:repDiaHid12m,,2026-09-22T01:19:42Z,celec_ords/2018/09/repDiaHid12m.ndjson.gz#repDiaHid12m:2018-09-20
2018-07-13,amaluza,cota_masl,1987.59,ords:repDiaHid12m,,2026-09-22T01:19:42Z,celec_ords/2018/09/repDiaHid12m.ndjson.gz#repDiaHid12m:2018-09-20
2018-07-13,mazar,caudal_m3s,68,ords:repDiaHid12m,,2026-09-22T01:19:42Z,celec_ords/2018/09/repDiaHid12m.ndjson.gz#repDiaHid12m:2018-09-20
2018-07-13,mazar,cota_masl,2153.06,ords:repDiaHid12m,,2026-09-22T01:19:42Z,celec_ords/2018/09/repDiaHid12m.ndjson.gz#repDiaHid12m:2018-09-20
2018-07-14,amaluza,caudal_m3s,120,ords:repDiaHid12m,,2026-09-22T01:19:42Z,celec_ords/2018/09/repDiaHid12m.ndjson.gz#repDiaHid12m:2018-09-20
2018-07-14,amaluza,cota_masl,1987.74,ords:repDiaHid12m,,2026-09-22T01:19:42Z,celec_ords/2018/09/repDiaHid12m.ndjson.gz#repDiaHid12m:2018-09-20
2018-07-14,mazar,caudal_m3s,132,ords:repDiaHid12m,,2026-09-22T01:19:42Z,celec_ords/2018/09/repDiaHid12m.ndjson.gz#repDiaHid12m:2018-09-20
2018-07-14,mazar,cota_masl,2153.45,ords:repDiaHid12m,,2026-09-22T01:19:42Z,celec_ords/2018/09/repDiaHid12m.ndjson.gz#repDiaHid12m:2018-09-20
2018-07-15,amaluza,caudal_m3s,220,ords:repDiaHid12m,,2026-09-22T01:19:42Z,celec_ords/2018/09/repDiaHid12m.ndjson.gz#repDiaHid12m:2018-09-20
2018-07-15,amaluza,cota_masl,1990.64,ords:repDiaHid12m,,2026-09-22T01:19:42Z,celec_ords/2018/09/repDiaHid12m.ndjson.gz#repDiaHid12m:2018-09-20
2018-07-15,mazar,caudal_m3s,186,ords:repDiaHid12m,,2026-09-22T01:19:42Z,celec_ords/2018/09/repDiaHid12m.ndjson.gz#repDiaHid12m:2018-09-20
2018-07-15,mazar,cota_masl,2153.99,ords:repDiaHid12m,,2026-09-22T01:19:42Z,celec_ords/2018/09/repDiaHid12m.ndjson.gz#repDiaHid12m:2018-09-20
2018-07-16,amaluza,caudal_m3s,125,ords:repDiaHid12m,,2026-09-22T01:19:42Z,celec_ords/2018/09/repDiaHid12m.ndjson.gz#repDiaHid12m:2018-09-20
2018-07-16,amaluza,cota_masl,1990.72,ords:repDiaHid12m,,2026-09-22T01:19:42Z,celec_ords/2018/09/repDiaHid12m.ndjson.gz#repDiaHid12m:2018-09-20
2018-07-16,mazar,caudal_m3s,74,ords:repDiaHid12m,,2026-09-22T01:19:42Z,celec_ords/2018/09/repDiaHid12m.ndjson.gz#repDiaHid12m:2018-09-20
2018-07-16,mazar,cota_masl,2153.53,ords:repDiaHid12m,,2026-09-22T01:19:42Z,celec_ords/2018/09/repDiaHid12m.ndjson.gz#repDiaHid12m:2018-09-20
2018-07-17,amaluza,caudal_m3s,313,ords:repDiaHid12m,,2026-09-22T01:19:42Z,celec_ords/2018/09/repDiaHid12m.ndjson.gz#repDiaHid12m:2018-09-20
2018-07-17,amaluza,cota_masl,1990.83,ords:repDiaHid12m,,2026-09-22T01:19:42Z,celec_ords/2018/09/repDiaHid12m.ndjson.gz#repDiaHid12m:2018-09-20
2018-07-17,mazar,caudal_m3s,297,ords:repDiaHid12m,,2026-09-22T01:19:42Z,celec_ords/2018/09/repDiaHid12m.ndjson.gz#repDiaHid12m:2018-09-20
2018-07-17,mazar,cota_masl,2153.87,ords:repDiaHid12m,,2026-09-22T01:19:42Z,celec_ords/2018/09/repDiaHid12m.ndjson.gz#repDiaHid12m:2018-09-20
2018-07-18,amaluza,caudal_m3s,322,ords:repDiaHid12m,,2026-09-22T01:19:42Z,celec_ords/2018/09/repDiaHid12m.ndjson.gz#repDiaHid12m:2018-09-20
2018-07-18,amaluza,cota_masl,1990.69,ords:repDiaHid12m,,2026-09-22T01:19:42Z,celec_ords/2018/09/repDiaHid12m.ndjson.gz#repDiaHid12m:2018-09-20
2018-07-18,mazar,caudal_m3s,167,ords:repDiaHid12m,,2026-09-22T01:19:42Z,celec_ords/2018/09/repDiaHid12m.ndjson.gz#repDiaHid12m:2018-09-20
2018-07-18,mazar,cota_masl,2153.81,ords:repDiaHid12m,,2026-09-22T01:19:42Z,celec_ords/2018/09/repDiaHid12m.ndjson.gz#repDiaHid12m:2018-09-20
2018-07-19,amaluza,caudal_m3s,284,ords:repDiaHid12m,,2026-09-22T01:19:42Z,celec_ords/2018/09/repDiaHid12m.ndjson.gz#repDiaHid12m:2018-09-20
2018-07-19,amaluza,cota_masl,1990.7,ords:repDiaHid12m,,2026-09-22T01:19:42Z,celec_ords/2018/09/repDiaHid12m.ndjson.gz#repDiaHid12m:2018-09-20
2018-07-19,mazar,caudal_m3s,171,ords:repDiaHid12m,,2026-09-22T01:19:42Z,celec_ords/2018/09/repDiaHid12m.ndjson.gz#repDiaHid12m:2018-09-20
2018-07-19,mazar,cota_masl,2153.58,ords:repDiaHid12m,,2026-09-22T01:19:42Z,celec_ords/2018/09/repDiaHid12m.ndjson.gz#repDiaHid12m:2018-09-20
2018-07-20,amaluza,caudal_m3s,242,ords:repDiaHid12m,,2026-09-22T01:19:42Z,celec_ords/2018/09/repDiaHid12m.ndjson.gz#repDiaHid12m:2018-09-20
2018-07-20,amaluza,cota_masl,1990.98,ords:repDiaHid12m,,2026-09-22T01:19:42Z,celec_ords/2018/09/repDiaHid12m.ndjson.gz#repDiaHid12m:2018-09-20
2018-07-20,mazar,caudal_m3s,134,ords:repDiaHid12m,,2026-09-22T01:19:42Z,celec_ords/2018/09/repDiaHid12m.ndjson.gz#repDiaHid12m:2018-09-20
2018-07-20,mazar,cota_masl,2153.34,ords:repDiaHid12m,,2026-09-22T01:19:42Z,celec_ords/2018/09/repDiaHid12m.ndjson.gz#repDiaHid12m:2018-09-20
2018-07-21,amaluza,caudal_m3s,215,ords:repDiaHid12m,,2026-09-22T01:19:42Z,celec_ords/2018/09/repDiaHid12m.ndjson.gz#repDiaHid12m:2018-09-20
2018-07-21,amaluza,cota_masl,1990.74,ords:repDiaHid12m,,2026-09-22T01:19:42Z,celec_ords/2018/09/repDiaHid12m.ndjson.gz#repDiaHid12m:2018-09-20
2018-07-21,mazar,caudal_m3s,121,ords:repDiaHid12m,,2026-09-22T01:19:42Z,celec_ords/2018/09/repDiaHid12m.ndjson.gz#repDiaHid12m:2018-09-20
2018-07-21,mazar,cota_masl,2153.32,ords:repDiaHid12m,,2026-09-22T01:19:42Z,celec_ords/2018/09/repDiaHid12m.ndjson.gz#repDiaHid12m:2018-09-20
2018-07-22,amaluza,caudal_m3s,380,ords:repDiaHid12m,,2026-09-22T01:19:42Z,celec_ords/2018/09/repDiaHid12m.ndjson.gz#repDiaHid12m:2018-09-20
2018-07-22,amaluza,cota_masl,1990.98,ords:repDiaHid12m,,2026-09-22T01:19:42Z,celec_ords/2018/09/repDiaHid12m.ndjson.gz#repDiaHid12m:2018-09-20
2018-07-22,mazar,caudal_m3s,391,ords:repDiaHid12m,,2026-09-22T01:19:42Z,celec_ords/2018/09/repDiaHid12m.ndjson.gz#repDiaHid12m:2018-09-20
2018-07-22,mazar,cota_masl,2154.06,ords:repDiaHid12m,,2026-09-22T01:19:42Z,celec_ords/2018/09/repDiaHid12m.ndjson.gz#repDiaHid12m:2018-09-20
2018-07-23,amaluza,caudal_m3s,380,ords:repDiaHid12m,,2026-09-22T01:19:42Z,celec_ords/2018/09/repDiaHid12m.ndjson.gz#repDiaHid12m:2018-09-20
2018-07-23,amaluza,cota_masl,1990.9,ords:repDiaHid12m,,2026-09-22T01:19:42Z,celec_ords/2018/09/repDiaHid12m.ndjson.gz#repDiaHid12m:2018-09-20
2018-07-23,mazar,caudal_m3s,228,ords:repDiaHid12m,,2026-09-22T01:19:42Z,celec_ords/2018/09/repDiaHid12m.ndjson.gz#repDiaHid12m:2018-09-20
2018-07-23,mazar,cota_masl,2154.05,ords:repDiaHid12m,,2026-09-22T01:19:42Z,celec_ords/2018/09/repDiaHid12m.ndjson.gz#repDiaHid12m:2018-09-20
2018-07-24,amaluza,caudal_m3s,225,ords:repDiaHid12m,,2026-09-22T01:19:42Z,celec_ords/2018/09/repDiaHid12m.ndjson.gz#repDiaHid12m:2018-09-20
2018-07-24,amaluza,cota_masl,1990.8,ords:repDiaHid12m,,2026-09-22T01:19:42Z,celec_ords/2018/09/repDiaHid12m.ndjson.gz#repDiaHid12m:2018-09-20
2018-07-24,mazar,caudal_m3s,120,ords:repDiaHid12m,,2026-09-22T01:19:42Z,celec_ords/2018/09/repDiaHid12m.ndjson.gz#repDiaHid12m:2018-09-20
2018-07-24,mazar,cota_masl,2153.43,ords:repDiaHid12m,,2026-09-22T01:19:42Z,celec_ords/2018/09/repDiaHid12m.ndjson.gz#repDiaHid12m:2018-09-20
2018-07-25,amaluza,caudal_m3s,190,ords:repDiaHid12m,,2026-09-22T01:19:42Z,celec_ords/2018/09/repDiaHid12m.ndjson.gz#repDiaHid12m:2018-09-20
2018-07-25,amaluza,cota_masl,1990.8,ords:repDiaHid12m,,2026-09-22T01:19:42Z,celec_ords/2018/09/repDiaHid12m.ndjson.gz#repDiaHid12m:2018-09-20
2018-07-25,mazar,caudal_m3s,79,ords:repDiaHid12m,,2026-09-22T01:19:42Z,celec_ords/2018/09/repDiaHid12m.ndjson.gz#repDiaHid12m:2018-09-20
2018-07-25,mazar,cota_masl,2153.05,ords:repDiaHid12m,,2026-09-22T01:19:42Z,celec_ords/2018/09/repDiaHid12m.ndjson.gz#repDiaHid12m:2018-09-20
2018-07-26,amaluza,caudal_m3s,224,ords:repDiaHid12m,,2026-09-22T01:19:42Z,celec_ords/2018/09/repDiaHid12m.ndjson.gz#repDiaHid12m:2018-09-20
2018-07-26,amaluza,cota_masl,1990.8,ords:repDiaHid12m,,2026-09-22T01:19:42Z,celec_ords/2018/09/repDiaHid12m.ndjson.gz#repDiaHid12m:2018-09-20
2018-07-26,mazar,caudal_m3s,153,ords:repDiaHid12m,,2026-09-22T01:19:42Z,celec_ords/2018/09/repDiaHid12m.ndjson.gz#repDiaHid12m:2018-09-20
2018-07-26,mazar,cota_masl,2153.36,ords:repDiaHid12m,,2026-09-22T01:19:42Z,celec_ords/2018/09/repDiaHid12m.ndjson.gz#repDiaHid12m:2018-09-20
2018-07-27,amaluza,caudal_m3s,78,ords:repDiaHid12m,,2026-09-22T01:19:42Z,celec_ords/2018/09/repDiaHid12m.ndjson.gz#repDiaHid12m:2018-09-20
2018-07-27,amaluza,cota_masl,1990.43,ords:repDiaHid12m,,2026-09-22T01:19:42Z,celec_ords/2018/09/repDiaHid12m.ndjson.gz#repDiaHid12m:2018-09-20
2018-07-27,mazar,caudal_m3s,101,ords:repDiaHid12m,,2026-09-22T01:19:42Z,celec_ords/2018/09/repDiaHid12m.ndjson.gz#repDiaHid12m:2018-09-20
2018-07-27,mazar,cota_masl,2153.32,ords:repDiaHid12m,,2026-09-22T01:19:42Z,celec_ords/2018/09/repDiaHid12m.ndjson.gz#repDiaHid12m:2018-09-20
2018-07-28,amaluza,caudal_m3s,184,ords:repDiaHid12m,,2026-09-22T01:19:42Z,celec_ords/2018/09/repDiaHid12m.ndjson.gz#repDiaHid12m:2018-09-20
2018-07-28,amaluza,cota_masl,1990.82,ords:repDiaHid12m,,2026-09-22T01:19:42Z,celec_ords/2018/09/repDiaHid12m.ndjson.gz#repDiaHid12m:2018-09-20
2018-07-28,mazar,caudal_m3s,64,ords:repDiaHid12m,,2026-09-22T01:19:42Z,celec_ords/2018/09/repDiaHid12m.ndjson.gz#repDiaHid12m:2018-09-20
2018-07-28,mazar,cota_masl,2153.25,ords:repDiaHid12m,,2026-09-22T01:19:42Z,celec_ords/2018/09/repDiaHid12m.ndjson.gz#repDiaHid12m:2018-09-20
2018-07-29,amaluza,caudal_m3s,190,ords:repDiaHid12m,,2026-09-22T01:19:42Z,celec_ords/2018/09/repDiaHid12m.ndjson.gz#repDiaHid12m:2018-09-20
2018-07-29,amaluza,cota_masl,1990.97,ords:repDiaHid12m,,2026-09-22T01:19:42Z,celec_ords/2018/09/repDiaHid12m.ndjson.gz#repDiaHid12m:2018-09-20
2018-07-29,mazar,caudal_m3s,70,ords:repDiaHid12m,,2026-09-22T01:19:42Z,celec_ords/2018/09/repDiaHid12m.ndjson.gz#repDiaHid12m:2018-09-20
2018-07-29,mazar,cota_masl,2153.19,ords:repDiaHid12m,,2026-09-22T01:19:42Z,celec_ords/2018/09/repDiaHid12m.ndjson.gz#repDiaHid12m:2018-09-20
2018-07-30,amaluza,caudal_m3s,243,ords:repDiaHid12m,,2026-09-22T01:19:42Z,celec_ords/2018/09/repDiaHid12m.ndjson.gz#repDiaHid12m:2018-09-20
2018-07-30,amaluza,cota_masl,1990.73,ords:repDiaHid12m,,2026-09-22T01:19:42Z,celec_ords/2018/09/repDiaHid12m.ndjson.gz#repDiaHid12m:2018-09-20
2018-07-30,mazar,caudal_m3s,113,ords:repDiaHid12m,,2026-09-22T01:19:42Z,celec_ords/2018/09/repDiaHid12m.ndjson.gz#repDiaHid12m:2018-09-20
2018-07-30,mazar,cota_masl,2153.16,ords:repDiaHid12m,,2026-09-22T01:19:42Z,celec_ords/2018/09/repDiaHid12m.ndjson.gz#repDiaHid12m:2018-09-20
2018-07-31,amaluza,caudal_m3s,188,ords:repDiaHid12m,,2026-09-22T01:19:42Z,celec_ords/2018/09/repDiaHid12m.ndjson.gz#repDiaHid12m:2018-09-20
2018-07-31,amaluza,cota_masl,1990.64,ords:repDiaHid12m,,2026-09-22T01:19:42Z,celec_ords/2018/09/repDiaHid12m.ndjson.gz#repDiaHid12m:2018-09-20
2018-07-31,mazar,caudal_m3s,73,ords:repDiaHid12m,,2026-09-22T01:19:42Z,celec_ords/2018/09/repDiaHid12m.ndjson.gz#repDiaHid12m:2018-09-20
2018-07-31,mazar,cota_masl,2152.92,ords:repDiaHid12m,,2026-09-22T01:19:42Z,celec_ords/2018/09/repDiaHid12m.ndjson.gz#repDiaHid12m:2018-09-20
2018-08-01,amaluza,caudal_m3s,174,ords:repDiaHid12m,,2026-09-22T01:19:42Z,celec_ords/2018/09/repDiaHid12m.ndjson.gz#repDiaHid12m:2018-09-20
2018-08-01,amaluza,cota_masl,1990.82,ords:repDiaHid12m,,2026-09-22T01:19:42Z,celec_ords/2018/09/repDiaHid12m.ndjson.gz#repDiaHid12m:2018-09-20
2018-08-01,mazar,caudal_m3s,71,ords:repDiaHid12m,,2026-09-22T01:19:42Z,celec_ords/2018/09/repDiaHid12m.ndjson.gz#repDiaHid12m:2018-09-20
2018-08-01,mazar,cota_masl,2152.58,ords:repDiaHid12m,,2026-09-22T01:19:42Z,celec_ords/2018/09/repDiaHid12m.ndjson.gz#repDiaHid12m:2018-09-20
2018-08-02,amaluza,caudal_m3s,158,ords:repDiaHid12m,,2026-09-22T01:19:42Z,celec_ords/2018/09/repDiaHid12m.ndjson.gz#repDiaHid12m:2018-09-20
2018-08-02,amaluza,cota_masl,1990.81,ords:repDiaHid12m,,2026-09-22T01:19:42Z,celec_ords/2018/09/repDiaHid12m.ndjson.gz#repDiaHid12m:2018-09-20
2018-08-02,mazar,caudal_m3s,69,ords:repDiaHid12m,,2026-09-22T01:19:42Z,celec_ords/2018/09/repDiaHid12m.ndjson.gz#repDiaHid12m:2018-09-20
2018-08-02,mazar,cota_masl,2152.77,ords:repDiaHid12m,,2026-09-22T01:19:42Z,celec_ords/2018/09/repDiaHid12m.ndjson.gz#repDiaHid12m:2018-09-20
2018-08-03,amaluza,caudal_m3s,135,ords:repDiaHid12m,,2026-09-22T01:19:42Z,celec_ords/2018/09/repDiaHid12m.ndjson.gz#repDiaHid12m:2018-09-20
2018-08-03,amaluza,cota_masl,1990.82,ords:repDiaHid12m,,2026-09-22T01:19:42Z,celec_ords/2018/09/repDiaHid12m.ndjson.gz#repDiaHid12m:2018-09-20
2018-08-03,mazar,caudal_m3s,53,ords:repDiaHid12m,,2026-09-22T01:19:42Z,celec_ords/2018/09/repDiaHid12m.ndjson.gz#repDiaHid12m:2018-09-20
2018-08-03,mazar,cota_masl,2152.48,ords:repDiaHid12m,,2026-09-22T01:19:42Z,celec_ords/2018/09/repDiaHid12m.ndjson.gz#repDiaHid12m:2018-09-20
2018-08-04,amaluza,caudal_m3s,79,ords:repDiaHid12m,,2026-09-22T01:19:42Z,celec_ords/2018/09/repDiaHid12m.ndjson.gz#repDiaHid12m:2018-09-20
2018-08-04,amaluza,cota_masl,1990.46,ords:repDiaHid12m,,2026-09-22T01:19:42Z,celec_ords/2018/09/repDiaHid12m.ndjson.gz#repDiaHid12m:2018-09-20
2018-08-04,mazar,caudal_m3s,23,ords:repDiaHid12m,,2026-09-22T01:19:42Z,celec_ords/2018/09/repDiaHid12m.ndjson.gz#repDiaHid12m:2018-09-20
2018-08-04,mazar,cota_masl,2152.34,ords:repDiaHid12m,,2026-09-22T01:19:42Z,celec_ords/2018/09/repDiaHid12m.ndjson.gz#repDiaHid12m:2018-09-20
2018-08-05,amaluza,caudal_m3s,99,ords:repDiaHid12m,,2026-09-22T01:19:42Z,celec_ords/2018/09/repDiaHid12m.ndjson.gz#repDiaHid12m:2018-09-20
2018-08-05,amaluza,cota_masl,1989.72,ords:repDiaHid12m,,2026-09-22T01:19:42Z,celec_ords/2018/09/repDiaHid12m.ndjson.gz#repDiaHid12m:2018-09-20
2018-08-05,mazar,caudal_m3s,14,ords:repDiaHid12m,,2026-09-22T01:19:42Z,celec_ords/2018/09/repDiaHid12m.ndjson.gz#repDiaHid12m:2018-09-20
2018-08-05,mazar,cota_masl,2152.43,ords:repDiaHid12m,,2026-09-22T01:19:42Z,celec_ords/2018/09/repDiaHid12m.ndjson.gz#repDiaHid12m:2018-09-20
2018-08-06,amaluza,caudal_m3s,137,ords:repDiaHid12m,,2026-09-22T01:19:42Z,celec_ords/2018/09/repDiaHid12m.ndjson.gz#repDiaHid12m:2018-09-20
2018-08-06,amaluza,cota_masl,1990.53,ords:repDiaHid12m,,2026-09-22T01:19:42Z,celec_ords/2018/09/repDiaHid12m.ndjson.gz#repDiaHid12m:2018-09-20
2018-08-06,mazar,caudal_m3s,85,ords:repDiaHid12m,,2026-09-22T01:19:42Z,celec_ords/2018/09/repDiaHid12m.ndjson.gz#repDiaHid12m:2018-09-20
2018-08-06,mazar,cota_masl,2152.34,ords:repDiaHid12m,,2026-09-22T01:19:42Z,celec_ords/2018/09/repDiaHid12m.ndjson.gz#repDiaHid12m:2018-09-20
2018-08-07,amaluza,caudal_m3s,86,ords:repDiaHid12m,,2026-09-22T01:19:42Z,celec_ords/2018/09/repDiaHid12m.ndjson.gz#repDiaHid12m:2018-09-20
2018-08-07,amaluza,cota_masl,1990.55,ords:repDiaHid12m,,2026-09-22T01:19:42Z,celec_ords/2018/09/repDiaHid12m.ndjson.gz#repDiaHid12m:2018-09-20
2018-08-07,mazar,caudal_m3s,53,ords:repDiaHid12m,,2026-09-22T01:19:42Z,celec_ords/2018/09/repDiaHid12m.ndjson.gz#repDiaHid12m:2018-09-20
2018-08-07,mazar,cota_masl,2152.19,ords:repDiaHid12m,,2026-09-22T01:19:42Z,celec_ords/2018/09/repDiaHid12m.ndjson.gz#repDiaHid12m:2018-09-20
2018-08-08,amaluza,caudal_m3s,115,ords:repDiaHid12m,,2026-09-22T01:19:42Z,celec_ords/2018/09/repDiaHid12m.ndjson.gz#repDiaHid12m:2018-09-20
2018-08-08,amaluza,cota_masl,1989.98,ords:repDiaHid12m,,2026-09-22T01:19:42Z,celec_ords/2018/09/repDiaHid12m.ndjson.gz#repDiaHid12m:2018-09-20
2018-08-08,mazar,caudal_m3s,90,ords:repDiaHid12m,,2026-09-22T01:19:42Z,celec_ords/2018/09/repDiaHid12m.ndjson.gz#repDiaHid12m:2018-09-20
2018-08-08,mazar,cota_masl,2152.78,ords:repDiaHid12m,,2026-09-22T01:19:42Z,celec_ords/2018/09/repDiaHid12m.ndjson.gz#repDiaHid12m:2018-09-20
2018-08-09,amaluza,caudal_m3s,364,ords:repDiaHid12m,,2026-09-22T01:19:42Z,celec_ords/2018/09/repDiaHid12m.ndjson.gz#repDiaHid12m:2018-09-20
2018-08-09,amaluza,cota_masl,1990.9,ords:repDiaHid12m,,2026-09-22T01:19:42Z,celec_ords/2018/09/repDiaHid12m.ndjson.gz#repDiaHid12m:2018-09-20
2018-08-09,mazar,caudal_m3s,285,ords:repDiaHid12m,,2026-09-22T01:19:42Z,celec_ords/2018/09/repDiaHid12m.ndjson.gz#repDiaHid12m:2018-09-20
2018-08-09,mazar,cota_masl,2153.75,ords:repDiaHid12m,,2026-09-22T01:19:42Z,celec_ords/2018/09/repDiaHid12m.ndjson.gz#repDiaHid12m:2018-09-20
2018-08-10,amaluza,caudal_m3s,416,ords:repDiaHid12m,,2026-09-22T01:19:42Z,celec_ords/2018/09/repDiaHid12m.ndjson.gz#repDiaHid12m:2018-09-20
2018-08-10,amaluza,cota_masl,1990.69,ords:repDiaHid12m,,2026-09-22T01:19:42Z,celec_ords/2018/09/repDiaHid12m.ndjson.gz#repDiaHid12m:2018-09-20
2018-08-10,mazar,caudal_m3s,199,ords:repDiaHid12m,,2026-09-22T01:19:42Z,celec_ords/2018/09/repDiaHid12m.ndjson.gz#repDiaHid12m:2018-09-20
2018-08-10,mazar,cota_masl,2154.02,ords:repDiaHid12m,,2026-09-22T01:19:42Z,celec_ords/2018/09/repDiaHid12m.ndjson.gz#repDiaHid12m:2018-09-20
2018-08-11,amaluza,caudal_m3s,281,ords:repDiaHid12m,,2026-09-22T01:19:42Z,celec_ords/2018/09/repDiaHid12m.ndjson.gz#repDiaHid12m:2018-09-20
2018-08-11,amaluza,cota_masl,1990.8,ords:repDiaHid12m,,2026-09-22T01:19:42Z,celec_ords/2018/09/repDiaHid12m.ndjson.gz#repDiaHid12m:2018-09-20
2018-08-11,mazar,caudal_m3s,160,ords:repDiaHid12m,,2026-09-22T01:19:42Z,celec_ords/2018/09/repDiaHid12m.ndjson.gz#repDiaHid12m:2018-09-20
2018-08-11,mazar,cota_masl,2153.62,ords:repDiaHid12m,,2026-09-22T01:19:42Z,celec_ords/2018/09/repDiaHid12m.ndjson.gz#repDiaHid12m:2018-09-20
2018-08-12,amaluza,caudal_m3s,211,ords:repDiaHid12m,,2026-09-22T01:19:42Z,celec_ords/2018/09/repDiaHid12m.ndjson.gz#repDiaHid12m:2018-09-20
2018-08-12,amaluza,cota_masl,1990.87,ords:repDiaHid12m,,2026-09-22T01:19:42Z,celec_ords/2018/09/repDiaHid12m.ndjson.gz#repDiaHid12m:2018-09-20
2018-08-12,mazar,caudal_m3s,80,ords:repDiaHid12m,,2026-09-22T01:19:42Z,celec_ords/2018/09/repDiaHid12m.ndjson.gz#repDiaHid12m:2018-09-20
2018-08-12,mazar,cota_masl,2153.15,ords:repDiaHid12m,,2026-09-22T01:19:42Z,celec_ords/2018/09/repDiaHid12m.ndjson.gz#repDiaHid12m:2018-09-20
2018-08-13,amaluza,caudal_m3s,140,ords:repDiaHid12m,,2026-09-22T01:19:42Z,celec_ords/2018/09/repDiaHid12m.ndjson.gz#repDiaHid12m:2018-09-20
2018-08-13,amaluza,cota_masl,1990.87,ords:repDiaHid12m,,2026-09-22T01:19:42Z,celec_ords/2018/09/repDiaHid12m.ndjson.gz#repDiaHid12m:2018-09-20
2018-08-13,mazar,caudal_m3s,71,ords:repDiaHid12m,,2026-09-22T01:19:42Z,celec_ords/2018/09/repDiaHid12m.ndjson.gz#repDiaHid12m:2018-09-20
2018-08-13,mazar,cota_masl,2152.76,ords:repDiaHid12m,,2026-09-22T01:19:42Z,celec_ords/2018/09/repDiaHid12m.ndjson.gz#repDiaHid12m:2018-09-20
2018-08-14,amaluza,caudal_m3s,92,ords:repDiaHid12m,,2026-09-22T01:19:42Z,celec_ords/2018/09/repDiaHid12m.ndjson.gz#repDiaHid12m:2018-09-20
2018-08-14,amaluza,cota_masl,1990.8,ords:repDiaHid12m,,2026-09-22T01:19:42Z,celec_ords/2018/09/repDiaHid12m.ndjson.gz#repDiaHid12m:2018-09-20
2018-08-14,mazar,caudal_m3s,46,ords:repDiaHid12m,,2026-09-22T01:19:42Z,celec_ords/2018/09/repDiaHid12m.ndjson.gz#repDiaHid12m:2018-09-20
2018-08-14,mazar,cota_masl,2152.62,ords:repDiaHid12m,,2026-09-22T01:19:42Z,celec_ords/2018/09/repDiaHid12m.ndjson.gz#repDiaHid12m:2018-09-20
2018-08-15,amaluza,caudal_m3s,136,ords:repDiaHid12m,,2026-09-22T01:19:42Z,celec_ords/2018/09/repDiaHid12m.ndjson.gz#repDiaHid12m:2018-09-20
2018-08-15,amaluza,cota_masl,1990.54,ords:repDiaHid12m,,2026-09-22T01:19:42Z,celec_ords/2018/09/repDiaHid12m.ndjson.gz#repDiaHid12m:2018-09-20
2018-08-15,mazar,caudal_m3s,116,ords:repDiaHid12m,,2026-09-22T01:19:42Z,celec_ords/2018/09/repDiaHid12m.ndjson.gz#repDiaHid12m:2018-09-20
2018-08-15,mazar,cota_masl,2152.62,ords:repDiaHid12m,,2026-09-22T01:19:42Z,celec_ords/2018/09/repDiaHid12m.ndjson.gz#repDiaHid12m:2018-09-20
2018-08-16,amaluza,caudal_m3s,262,ords:repDiaHid12m,,2026-09-22T01:19:42Z,celec_ords/2018/09/repDiaHid12m.ndjson.gz#repDiaHid12m:2018-09-20
2018-08-16,amaluza,cota_masl,1990.81,ords:repDiaHid12m,,2026-09-22T01:19:42Z,celec_ords/2018/09/repDiaHid12m.ndjson.gz#repDiaHid12m:2018-09-20
2018-08-16,mazar,caudal_m3s,314,ords:repDiaHid12m,,2026-09-22T01:19:42Z,celec_ords/2018/09/repDiaHid12m.ndjson.gz#repDiaHid12m:2018-09-20
2018-08-16,mazar,cota_masl,2153.77,ords:repDiaHid12m,,2026-09-22T01:19:42Z,celec_ords/2018/09/repDiaHid12m.ndjson.gz#repDiaHid12m:2018-09-20
2018-08-17,amaluza,caudal_m3s,435,ords:repDiaHid12m,,2026-09-22T01:19:42Z,celec_ords/2018/09/repDiaHid12m.ndjson.gz#repDiaHid12m:2018-09-20
2018-08-17,amaluza,cota_masl,1991.06,ords:repDiaHid12m,,2026-09-22T01:19:42Z,celec_ords/2018/09/repDiaHid12m.ndjson.gz#repDiaHid12m:2018-09-20
2018-08-17,mazar,caudal_m3s,238,ords:repDiaHid12m,,2026-09-22T01:19:42Z,celec_ords/2018/09/repDiaHid12m.ndjson.gz#repDiaHid12m:2018-09-20
2018-08-17,mazar,cota_masl,2154.22,ords:repDiaHid12m,,2026-09-22T01:19:42Z,celec_ords/2018/09/repDiaHid12m.ndjson.gz#repDiaHid12m:2018-09-20
2018-08-18,amaluza,caudal_m3s,242,ords:repDiaHid12m,,2026-09-22T01:19:42Z,celec_ords/2018/09/repDiaHid12m.ndjson.gz#repDiaHid12m:2018-09-20
2018-08-18,amaluza,cota_masl,1990.99,ords:repDiaHid12m,,2026-09-22T01:19:42Z,celec_ords/2018/09/repDiaHid12m.ndjson.gz#repDiaHid12m:2018-09-20
2018-08-18,mazar,caudal_m3s,118,ords:repDiaHid12m,,2026-09-22T01:19:42Z,celec_ords/2018/09/repDiaHid12m.ndjson.gz#repDiaHid12m:2018-09-20
2018-08-18,mazar,cota_masl,2153.77,ords:repDiaHid12m,,2026-09-22T01:19:42Z,celec_ords/2018/09/repDiaHid12m.ndjson.gz#repDiaHid12m:2018-09-20
2018-08-19,amaluza,caudal_m3s,179,ords:repDiaHid12m,,2026-09-22T01:19:42Z,celec_ords/2018/09/repDiaHid12m.ndjson.gz#repDiaHid12m:2018-09-20
2018-08-19,amaluza,cota_masl,1990.98,ords:repDiaHid12m,,2026-09-22T01:19:42Z,celec_ords/2018/09/repDiaHid12m.ndjson.gz#repDiaHid12m:2018-09-20
2018-08-19,mazar,caudal_m3s,94,ords:repDiaHid12m,,2026-09-22T01:19:42Z,celec_ords/2018/09/repDiaHid12m.ndjson.gz#repDiaHid12m:2018-09-20
2018-08-19,mazar,cota_masl,2153.43,ords:repDiaHid12m,,2026-09-22T01:19:42Z,celec_ords/2018/09/repDiaHid12m.ndjson.gz#repDiaHid12m:2018-09-20
2018-08-20,amaluza,caudal_m3s,141,ords:repDiaHid12m,,2026-09-22T01:19:42Z,celec_ords/2018/09/repDiaHid12m.ndjson.gz#repDiaHid12m:2018-09-20
2018-08-20,amaluza,cota_masl,1990.78,ords:repDiaHid12m,,2026-09-22T01:19:42Z,celec_ords/2018/09/repDiaHid12m.ndjson.gz#repDiaHid12m:2018-09-20
2018-08-20,mazar,caudal_m3s,75,ords:repDiaHid12m,,2026-09-22T01:19:42Z,celec_ords/2018/09/repDiaHid12m.ndjson.gz#repDiaHid12m:2018-09-20
2018-08-20,mazar,cota_masl,2153.48,ords:repDiaHid12m,,2026-09-22T01:19:42Z,celec_ords/2018/09/repDiaHid12m.ndjson.gz#repDiaHid12m:2018-09-20
2018-08-21,amaluza,caudal_m3s,203,ords:repDiaHid12m,,2026-09-22T01:19:42Z,celec_ords/2018/09/repDiaHid12m.ndjson.gz#repDiaHid12m:2018-09-20
2018-08-21,amaluza,cota_masl,1990.79,ords:repDiaHid12m,,2026-09-22T01:19:42Z,celec_ords/2018/09/repDiaHid12m.ndjson.gz#repDiaHid12m:2018-09-20
2018-08-21,mazar,caudal_m3s,101,ords:repDiaHid12m,,2026-09-22T01:19:42Z,celec_ords/2018/09/repDiaHid12m.ndjson.gz#repDiaHid12m:2018-09-20
2018-08-21,mazar,cota_masl,2153.4,ords:repDiaHid12m,,2026-09-22T01:19:42Z,celec_ords/2018/09/repDiaHid12m.ndjson.gz#repDiaHid12m:2018-09-20
2018-08-22,amaluza,caudal_m3s,223,ords:repDiaHid12m,,2026-09-22T01:19:42Z,celec_ords/2018/09/repDiaHid12m.ndjson.gz#repDiaHid12m:2018-09-20
2018-08-22,amaluza,cota_masl,1990.98,ords:repDiaHid12m,,2026-09-22T01:19:42Z,celec_ords/2018/09/repDiaHid12m.ndjson.gz#repDiaHid12m:2018-09-20
2018-08-22,mazar,caudal_m3s,131,ords:repDiaHid12m,,2026-09-22T01:19:42Z,celec_ords/2018/09/repDiaHid12m.ndjson.gz#repDiaHid12m:2018-09-20
2018-08-22,mazar,cota_masl,2153.36,ords:repDiaHid12m,,2026-09-22T01:19:42Z,celec_ords/2018/09/repDiaHid12m.ndjson.gz#repDiaHid12m:2018-09-20
2018-08-23,amaluza,caudal_m3s,182,ords:repDiaHid12m,,2026-09-22T01:19:42Z,celec_ords/2018/09/repDiaHid12m.ndjson.gz#repDiaHid12m:2018-09-20
2018-08-23,amaluza,cota_masl,1990.98,ords:repDiaHid12m,,2026-09-22T01:19:42Z,celec_ords/2018/09/repDiaHid12m.ndjson.gz#repDiaHid12m:2018-09-20
2018-08-23,mazar,caudal_m3s,91,ords:repDiaHid12m,,2026-09-22T01:19:42Z,celec_ords/2018/09/repDiaHid12m.ndjson.gz#repDiaHid12m:2018-09-20
2018-08-23,mazar,cota_masl,2153.24,ords:repDiaHid12m,,2026-09-22T01:19:42Z,celec_ords/2018/09/repDiaHid12m.ndjson.gz#repDiaHid12m:2018-09-20
2018-08-24,amaluza,caudal_m3s,105,ords:repDiaHid12m,,2026-09-22T01:19:42Z,celec_ords/2018/09/repDiaHid12m.ndjson.gz#repDiaHid12m:2018-09-20
2018-08-24,amaluza,cota_masl,1990.9,ords:repDiaHid12m,,2026-09-22T01:19:42Z,celec_ords/2018/09/repDiaHid12m.ndjson.gz#repDiaHid12m:2018-09-20
2018-08-24,mazar,caudal_m3s,67,ords:repDiaHid12m,,2026-09-22T01:19:42Z,celec_ords/2018/09/repDiaHid12m.ndjson.gz#repDiaHid12m:2018-09-20
2018-08-24,mazar,cota_masl,2152.91,ords:repDiaHid12m,,2026-09-22T01:19:42Z,celec_ords/2018/09/repDiaHid12m.ndjson.gz#repDiaHid12m:2018-09-20
2018-08-25,amaluza,caudal_m3s,128,ords:repDiaHid12m,,2026-09-22T01:19:42Z,celec_ords/2018/09/repDiaHid12m.ndjson.gz#repDiaHid12m:2018-09-20
2018-08-25,amaluza,cota_masl,1990.73,ords:repDiaHid12m,,2026-09-22T01:19:42Z,celec_ords/2018/09/repDiaHid12m.ndjson.gz#repDiaHid12m:2018-09-20
2018-08-25,mazar,caudal_m3s,85,ords:repDiaHid12m,,2026-09-22T01:19:42Z,celec_ords/2018/09/repDiaHid12m.ndjson.gz#repDiaHid12m:2018-09-20
2018-08-25,mazar,cota_masl,2152.95,ords:repDiaHid12m,,2026-09-22T01:19:42Z,celec_ords/2018/09/repDiaHid12m.ndjson.gz#repDiaHid12m:2018-09-20
2018-08-26,amaluza,caudal_m3s,137,ords:repDiaHid12m,,2026-09-22T01:19:42Z,celec_ords/2018/09/repDiaHid12m.ndjson.gz#repDiaHid12m:2018-09-20
2018-08-26,amaluza,cota_masl,1990.9,ords:repDiaHid12m,,2026-09-22T01:19:42Z,celec_ords/2018/09/repDiaHid12m.ndjson.gz#repDiaHid12m:2018-09-20
2018-08-26,mazar,caudal_m3s,104,ords:repDiaHid12m,,2026-09-22T01:19:42Z,celec_ords/2018/09/repDiaHid12m.ndjson.gz#repDiaHid12m:2018-09-20
2018-08-26,mazar,cota_masl,2153.47,ords:repDiaHid12m,,2026-09-22T01:19:42Z,celec_ords/2018/09/repDiaHid12m.ndjson.gz#repDiaHid12m:2018-09-20
2018-08-27,amaluza,caudal_m3s,326,ords:repDiaHid12m,,2026-09-22T01:19:42Z,celec_ords/2018/09/repDiaHid12m.ndjson.gz#repDiaHid12m:2018-09-20
2018-08-27,amaluza,cota_masl,1990.89,ords:repDiaHid12m,,2026-09-22T01:19:42Z,celec_ords/2018/09/repDiaHid12m.ndjson.gz#repDiaHid12m:2018-09-20
2018-08-27,mazar,caudal_m3s,218,ords:repDiaHid12m,,2026-09-22T01:19:42Z,celec_ords/2018/09/repDiaHid12m.ndjson.gz#repDiaHid12m:2018-09-20
2018-08-27,mazar,cota_masl,2153.87,ords:repDiaHid12m,,2026-09-22T01:19:42Z,celec_ords/2018/09/repDiaHid12m.ndjson.gz#repDiaHid12m:2018-09-20
2018-08-28,amaluza,caudal_m3s,179,ords:repDiaHid12m,,2026-09-22T01:19:42Z,celec_ords/2018/09/repDiaHid12m.ndjson.gz#repDiaHid12m:2018-09-20
2018-08-28,amaluza,cota_masl,1990.88,ords:repDiaHid12m,,2026-09-22T01:19:42Z,celec_ords/2018/09/repDiaHid12m.ndjson.gz#repDiaHid12m:2018-09-20
2018-08-28,mazar,caudal_m3s,72,ords:repDiaHid12m,,2026-09-22T01:19:42Z,celec_ords/2018/09/repDiaHid12m.ndjson.gz#repDiaHid12m:2018-09-20
2018-08-28,mazar,cota_masl,2153.34,ords:repDiaHid12m,,2026-09-22T01:19:42Z,celec_ords/2018/09/repDiaHid12m.ndjson.gz#repDiaHid12m:2018-09-20
2018-08-29,amaluza,caudal_m3s,111,ords:repDiaHid12m,,2026-09-22T01:19:42Z,celec_ords/2018/09/repDiaHid12m.ndjson.gz#repDiaHid12m:2018-09-20
2018-08-29,amaluza,cota_masl,1990.69,ords:repDiaHid12m,,2026-09-22T01:19:42Z,celec_ords/2018/09/repDiaHid12m.ndjson.gz#repDiaHid12m:2018-09-20
2018-08-29,mazar,caudal_m3s,67,ords:repDiaHid12m,,2026-09-22T01:19:42Z,celec_ords/2018/09/repDiaHid12m.ndjson.gz#repDiaHid12m:2018-09-20
2018-08-29,mazar,cota_masl,2153.03,ords:repDiaHid12m,,2026-09-22T01:19:42Z,celec_ords/2018/09/repDiaHid12m.ndjson.gz#repDiaHid12m:2018-09-20
2018-08-30,amaluza,caudal_m3s,138,ords:repDiaHid12m,,2026-09-22T01:19:42Z,celec_ords/2018/09/repDiaHid12m.ndjson.gz#repDiaHid12m:2018-09-20
2018-08-30,amaluza,cota_masl,1990.52,ords:repDiaHid12m,,2026-09-22T01:19:42Z,celec_ords/2018/09/repDiaHid12m.ndjson.gz#repDiaHid12m:2018-09-20
2018-08-30,mazar,caudal_m3s,47,ords:repDiaHid12m,,2026-09-22T01:19:42Z,celec_ords/2018/09/repDiaHid12m.ndjson.gz#repDiaHid12m:2018-09-20
2018-08-30,mazar,cota_masl,2152.83,ords:repDiaHid12m,,2026-09-22T01:19:42Z,celec_ords/2018/09/repDiaHid12m.ndjson.gz#repDiaHid12m:2018-09-20
2018-08-31,amaluza,caudal_m3s,126,ords:repDiaHid12m,,2026-09-22T01:19:42Z,celec_ords/2018/09/repDiaHid12m.ndjson.gz#repDiaHid12m:2018-09-20
2018-08-31,amaluza,cota_masl,1989.53,ords:repDiaHid12m,,2026-09-22T01:19:42Z,celec_ords/2018/09/repDiaHid12m.ndjson.gz#repDiaHid12m:2018-09-20
2018-08-31,delsitanisagua,caudal_m3s,38,ords:repDiaHid12m,,2026-09-22T01:19:42Z,celec_ords/2018/09/repDiaHid12m.ndjson.gz#repDiaHid12m:2018-09-20
2018-08-31,mazar,caudal_m3s,69,ords:repDiaHid12m,,2026-09-22T01:19:42Z,celec_ords/2018/09/repDiaHid12m.ndjson.gz#repDiaHid12m:2018-09-20
2018-08-31,mazar,cota_masl,2152.86,ords:repDiaHid12m,,2026-09-22T01:19:42Z,celec_ords/2018/09/repDiaHid12m.ndjson.gz#repDiaHid12m:2018-09-20
2018-09-01,amaluza,caudal_m3s,97,ords:repDiaHid12m,,2026-09-22T01:19:42Z,celec_ords/2018/09/repDiaHid12m.ndjson.gz#repDiaHid12m:2018-09-20
2018-09-01,amaluza,cota_masl,1989.09,ords:repDiaHid12m,,2026-09-22T01:19:42Z,celec_ords/2018/09/repDiaHid12m.ndjson.gz#repDiaHid12m:2018-09-20
2018-09-01,delsitanisagua,caudal_m3s,44,ords:repDiaHid12m,,2026-09-22T01:19:42Z,celec_ords/2018/09/repDiaHid12m.ndjson.gz#repDiaHid12m:2018-09-20
2018-09-01,mazar,caudal_m3s,41,ords:repDiaHid12m,,2026-09-22T01:19:42Z,celec_ords/2018/09/repDiaHid12m.ndjson.gz#repDiaHid12m:2018-09-20
2018-09-01,mazar,cota_masl,2152.7,ords:repDiaHid12m,,2026-09-22T01:19:42Z,celec_ords/2018/09/repDiaHid12m.ndjson.gz#repDiaHid12m:2018-09-20
2018-09-02,amaluza,caudal_m3s,103,ords:repDiaHid12m,,2026-09-22T01:19:42Z,celec_ords/2018/09/repDiaHid12m.ndjson.gz#repDiaHid12m:2018-09-20
2018-09-02,amaluza,cota_masl,1989.01,ords:repDiaHid12m,,2026-09-22T01:19:42Z,celec_ords/2018/09/repDiaHid12m.ndjson.gz#repDiaHid12m:2018-09-20
2018-09-02,delsitanisagua,caudal_m3s,39,ords:repDiaHid12m,,2026-09-22T01:19:42Z,celec_ords/2018/09/repDiaHid12m.ndjson.gz#repDiaHid12m:2018-09-20
2018-09-02,mazar,caudal_m3s,108,ords:repDiaHid12m,,2026-09-22T01:19:42Z,celec_ords/2018/09/repDiaHid12m.ndjson.gz#repDiaHid12m:2018-09-20
2018-09-02,mazar,cota_masl,2153.28,ords:repDiaHid12m,,2026-09-22T01:19:42Z,celec_ords/2018/09/repDiaHid12m.ndjson.gz#repDiaHid12m:2018-09-20
2018-09-03,amaluza,caudal_m3s,235,ords:repDiaHid12m,,2026-09-22T01:19:42Z,celec_ords/2018/09/repDiaHid12m.ndjson.gz#repDiaHid12m:2018-09-20
2018-09-03,amaluza,cota_masl,1990.06,ords:repDiaHid12m,,2026-09-22T01:19:42Z,celec_ords/2018/09/repDiaHid12m.ndjson.gz#repDiaHid12m:2018-09-20
2018-09-03,delsitanisagua,caudal_m3s,134,ords:repDiaHid12m,,2026-09-22T01:19:42Z,celec_ords/2018/09/repDiaHid12m.ndjson.gz#repDiaHid12m:2018-09-20
2018-09-03,mazar,caudal_m3s,297,ords:repDiaHid12m,,2026-09-22T01:19:42Z,celec_ords/2018/09/repDiaHid12m.ndjson.gz#repDiaHid12m:2018-09-20
2018-09-03,mazar,cota_masl,2153.65,ords:repDiaHid12m,,2026-09-22T01:19:42Z,celec_ords/2018/09/repDiaHid12m.ndjson.gz#repDiaHid12m:2018-09-20
2018-09-04,amaluza,caudal_m3s,475,ords:repDiaHid12m,,2026-09-22T01:19:42Z,celec_ords/2018/09/repDiaHid12m.ndjson.gz#repDiaHid12m:2018-09-20
2018-09-04,amaluza,cota_masl,1991.32,ords:repDiaHid12m,,2026-09-22T01:19:42Z,celec_ords/2018/09/repDiaHid12m.ndjson.gz#repDiaHid12m:2018-09-20
2018-09-04,delsitanisagua,caudal_m3s,64,ords:repDiaHid12m,,2026-09-22T01:19:42Z,celec_ords/2018/09/repDiaHid12m.ndjson.gz#repDiaHid12m:2018-09-20
2018-09-04,mazar,caudal_m3s,374,ords:repDiaHid12m,,2026-09-22T01:19:42Z,celec_ords/2018/09/repDiaHid12m.ndjson.gz#repDiaHid12m:2018-09-20
2018-09-04,mazar,cota_masl,2154.19,ords:repDiaHid12m,,2026-09-22T01:19:42Z,celec_ords/2018/09/repDiaHid12m.ndjson.gz#repDiaHid12m:2018-09-20
2018-09-05,amaluza,caudal_m3s,337,ords:repDiaHid12m,,2026-09-22T01:19:42Z,celec_ords/2018/09/repDiaHid12m.ndjson.gz#repDiaHid12m:2018-09-20
2018-09-05,amaluza,cota_masl,1990.62,ords:repDiaHid12m,,2026-09-22T01:19:42Z,celec_ords/2018/09/repDiaHid12m.ndjson.gz#repDiaHid12m:2018-09-20
2018-09-05,delsitanisagua,caudal_m3s,40,ords:repDiaHid12m,,2026-09-22T01:19:42Z,celec_ords/2018/09/repDiaHid12m.ndjson.gz#repDiaHid12m:2018-09-20
2018-09-05,mazar,caudal_m3s,163,ords:repDiaHid12m,,2026-09-22T01:19:42Z,celec_ords/2018/09/repDiaHid12m.ndjson.gz#repDiaHid12m:2018-09-20
2018-09-05,mazar,cota_masl,2153.94,ords:repDiaHid12m,,2026-09-22T01:19:42Z,celec_ords/2018/09/repDiaHid12m.ndjson.gz#repDiaHid12m:2018-09-20
2018-09-06,amaluza,caudal_m3s,199,ords:repDiaHid12m,,2026-09-22T01:19:42Z,celec_ords/2018/09/repDiaHid12m.ndjson.gz#repDiaHid12m:2018-09-20
2018-09-06,amaluza,cota_masl,1990.99,ords:repDiaHid12m,,2026-09-22T01:19:42Z,celec_ords/2018/09/repDiaHid12m.ndjson.gz#repDiaHid12m:2018-09-20
2018-09-06,delsitanisagua,caudal_m3s,36,ords:repDiaHid12m,,2026-09-22T01:19:42Z,celec_ords/2018/09/repDiaHid12m.ndjson.gz#repDiaHid12m:2018-09-20
2018-09-06,mazar,caudal_m3s,95,ords:repDiaHid12m,,2026-09-22T01:19:42Z,celec_ords/2018/09/repDiaHid12m.ndjson.gz#repDiaHid12m:2018-09-20
2018-09-06,mazar,cota_masl,2153.27,ords:repDiaHid12m,,2026-09-22T01:19:42Z,celec_ords/2018/09/repDiaHid12m.ndjson.gz#repDiaHid12m:2018-09-20
2018-09-07,amaluza,caudal_m3s,157,ords:repDiaHid12m,,2026-09-22T01:19:42Z,celec_ords/2018/09/repDiaHid12m.ndjson.gz#repDiaHid12m:2018-09-20
2018-09-07,amaluza,cota_masl,1990.78,ords:repDiaHid12m,,2026-09-22T01:19:42Z,celec_ords/2018/09/repDiaHid12m.ndjson.gz#repDiaHid12m:2018-09-20
2018-09-07,delsitanisagua,caudal_m3s,35,ords:repDiaHid12m,,2026-09-22T01:19:42Z,celec_ords/2018/09/repDiaHid12m.ndjson.gz#repDiaHid12m:2018-09-20
2018-09-07,mazar,caudal_m3s,78,ords:repDiaHid12m,,2026-09-22T01:19:42Z,celec_ords/2018/09/repDiaHid12m.ndjson.gz#repDiaHid12m:2018-09-20
2018-09-07,mazar,cota_masl,2152.91,ords:repDiaHid12m,,2026-09-22T01:19:42Z,celec_ords/2018/09/repDiaHid12m.ndjson.gz#repDiaHid12m:2018-09-20
2018-09-08,amaluza,caudal_m3s,129,ords:repDiaHid12m,,2026-09-22T01:19:42Z,celec_ords/2018/09/repDiaHid12m.ndjson.gz#repDiaHid12m:2018-09-20
2018-09-08,amaluza,cota_masl,1990.9,ords:repDiaHid12m,,2026-09-22T01:19:42Z,celec_ords/2018/09/repDiaHid12m.ndjson.gz#repDiaHid12m:2018-09-20
2018-09-08,delsitanisagua,caudal_m3s,34,ords:repDiaHid12m,,2026-09-22T01:19:42Z,celec_ords/2018/09/repDiaHid12m.ndjson.gz#repDiaHid12m:2018-09-20
2018-09-08,mazar,caudal_m3s,70,ords:repDiaHid12m,,2026-09-22T01:19:42Z,celec_ords/2018/09/repDiaHid12m.ndjson.gz#repDiaHid12m:2018-09-20
2018-09-08,mazar,cota_masl,2152.65,ords:repDiaHid12m,,2026-09-22T01:19:42Z,celec_ords/2018/09/repDiaHid12m.ndjson.gz#repDiaHid12m:2018-09-20
2018-09-09,amaluza,caudal_m3s,134,ords:repDiaHid12m,,2026-09-22T01:19:42Z,celec_ords/2018/09/repDiaHid12m.ndjson.gz#repDiaHid12m:2018-09-20
2018-09-09,amaluza,cota_masl,1990.61,ords:repDiaHid12m,,2026-09-22T01:19:42Z,celec_ords/2018/09/repDiaHid12m.ndjson.gz#repDiaHid12m:2018-09-20
2018-09-09,delsitanisagua,caudal_m3s,34,ords:repDiaHid12m,,2026-09-22T01:19:42Z,celec_ords/2018/09/repDiaHid12m.ndjson.gz#repDiaHid12m:2018-09-20
2018-09-09,mazar,caudal_m3s,48,ords:repDiaHid12m,,2026-09-22T01:19:42Z,celec_ords/2018/09/repDiaHid12m.ndjson.gz#repDiaHid12m:2018-09-20
2018-09-09,mazar,cota_masl,2152.23,ords:repDiaHid12m,,2026-09-22T01:19:42Z,celec_ords/2018/09/repDiaHid12m.ndjson.gz#repDiaHid12m:2018-09-20
2018-09-10,amaluza,caudal_m3s,114,ords:repDiaHid12m,,2026-09-22T01:19:42Z,celec_ords/2018/09/repDiaHid12m.ndjson.gz#repDiaHid12m:2018-09-20
2018-09-10,amaluza,cota_masl,1990.6,ords:repDiaHid12m,,2026-09-22T01:19:42Z,celec_ords/2018/09/repDiaHid12m.ndjson.gz#repDiaHid12m:2018-09-20
2018-09-10,delsitanisagua,caudal_m3s,33,ords:repDiaHid12m,,2026-09-22T01:19:42Z,celec_ords/2018/09/repDiaHid12m.ndjson.gz#repDiaHid12m:2018-09-20
2018-09-10,mazar,caudal_m3s,43,ords:repDiaHid12m,,2026-09-22T01:19:42Z,celec_ords/2018/09/repDiaHid12m.ndjson.gz#repDiaHid12m:2018-09-20
2018-09-10,mazar,cota_masl,2151.81,ords:repDiaHid12m,,2026-09-22T01:19:42Z,celec_ords/2018/09/repDiaHid12m.ndjson.gz#repDiaHid12m:2018-09-20
2018-09-11,amaluza,caudal_m3s,91,ords:repDiaHid12m,,2026-09-22T01:19:42Z,celec_ords/2018/09/repDiaHid12m.ndjson.gz#repDiaHid12m:2018-09-20
2018-09-11,amaluza,cota_masl,1988.75,ords:repDiaHid12m,,2026-09-22T01:19:42Z,celec_ords/2018/09/repDiaHid12m.ndjson.gz#repDiaHid12m:2018-09-20
2018-09-11,delsitanisagua,caudal_m3s,32,ords:repDiaHid12m,,2026-09-22T01:19:42Z,celec_ords/2018/09/repDiaHid12m.ndjson.gz#repDiaHid12m:2018-09-20
2018-09-11,mazar,caudal_m3s,31,ords:repDiaHid12m,,2026-09-22T01:19:42Z,celec_ords/2018/09/repDiaHid12m.ndjson.gz#repDiaHid12m:2018-09-20
2018-09-11,mazar,cota_masl,2151.79,ords:repDiaHid12m,,2026-09-22T01:19:42Z,celec_ords/2018/09/repDiaHid12m.ndjson.gz#repDiaHid12m:2018-09-20
2018-09-12,amaluza,caudal_m3s,120,ords:repDiaHid12m,,2026-09-22T01:19:42Z,celec_ords/2018/09/repDiaHid12m.ndjson.gz#repDiaHid12m:2018-09-20
2018-09-12,amaluza,cota_masl,1987.31,ords:repDiaHid12m,,2026-09-22T01:19:42Z,celec_ords/2018/09/repDiaHid12m.ndjson.gz#repDiaHid12m:2018-09-20
2018-09-12,delsitanisagua,caudal_m3s,32,ords:repDiaHid12m,,2026-09-22T01:19:42Z,celec_ords/2018/09/repDiaHid12m.ndjson.gz#repDiaHid12m:2018-09-20
2018-09-12,mazar,caudal_m3s,44,ords:repDiaHid12m,,2026-09-22T01:19:42Z,celec_ords/2018/09/repDiaHid12m.ndjson.gz#repDiaHid12m:2018-09-20
2018-09-12,mazar,cota_masl,2151.75,ords:repDiaHid12m,,2026-09-22T01:19:42Z,celec_ords/2018/09/repDiaHid12m.ndjson.gz#repDiaHid12m:2018-09-20
2018-09-13,amaluza,caudal_m3s,121,ords:repDiaHid12m,,2026-09-22T01:19:42Z,celec_ords/2018/09/repDiaHid12m.ndjson.gz#repDiaHid12m:2018-09-20
2018-09-13,amaluza,cota_masl,1986.22,ords:repDiaHid12m,,2026-09-22T01:19:42Z,celec_ords/2018/09/repDiaHid12m.ndjson.gz#repDiaHid12m:2018-09-20
2018-09-13,delsitanisagua,caudal_m3s,31,ords:repDiaHid12m,,2026-09-22T01:19:42Z,celec_ords/2018/09/repDiaHid12m.ndjson.gz#repDiaHid12m:2018-09-20
2018-09-13,mazar,caudal_m3s,51,ords:repDiaHid12m,,2026-09-22T01:19:42Z,celec_ords/2018/09/repDiaHid12m.ndjson.gz#repDiaHid12m:2018-09-20
2018-09-13,mazar,cota_masl,2151.51,ords:repDiaHid12m,,2026-09-22T01:19:42Z,celec_ords/2018/09/repDiaHid12m.ndjson.gz#repDiaHid12m:2018-09-20
2018-09-14,amaluza,caudal_m3s,101,ords:repDiaHid12m,,2026-09-22T01:19:42Z,celec_ords/2018/09/repDiaHid12m.ndjson.gz#repDiaHid12m:2018-09-20
2018-09-14,amaluza,cota_masl,1985.95,ords:repDiaHid12m,,2026-09-22T01:19:42Z,celec_ords/2018/09/repDiaHid12m.ndjson.gz#repDiaHid12m:2018-09-20
2018-09-14,delsitanisagua,caudal_m3s,32,ords:repDiaHid12m,,2026-09-22T01:19:42Z,celec_ords/2018/09/repDiaHid12m.ndjson.gz#repDiaHid12m:2018-09-20
2018-09-14,mazar,caudal_m3s,31,ords:repDiaHid12m,,2026-09-22T01:19:42Z,celec_ords/2018/09/repDiaHid12m.ndjson.gz#repDiaHid12m:2018-09-20
2018-09-14,mazar,cota_masl,2151.05,ords:repDiaHid12m,,2026-09-22T01:19:42Z,celec_ords/2018/09/repDiaHid12m.ndjson.gz#repDiaHid12m:2018-09-20
2018-09-15,amaluza,caudal_m3s,84,ords:repDiaHid12m,,2026-09-22T01:19:42Z,celec_ords/2018/09/repDiaHid12m.ndjson.gz#repDiaHid12m:2018-09-20
2018-09-15,amaluza,cota_masl,1985.94,ords:repDiaHid12m,,2026-09-22T01:19:42Z,celec_ords/2018/09/repDiaHid12m.ndjson.gz#repDiaHid12m:2018-09-20
2018-09-15,delsitanisagua,caudal_m3s,31,ords:repDiaHid12m,,2026-09-22T01:19:42Z,celec_ords/2018/09/repDiaHid12m.ndjson.gz#repDiaHid12m:2018-09-20
2018-09-15,mazar,caudal_m3s,45,ords:repDiaHid12m,,2026-09-22T01:19:42Z,celec_ords/2018/09/repDiaHid12m.ndjson.gz#repDiaHid12m:2018-09-20
2018-09-15,mazar,cota_masl,2150.94,ords:repDiaHid12m,,2026-09-22T01:19:42Z,celec_ords/2018/09/repDiaHid12m.ndjson.gz#repDiaHid12m:2018-09-20
2018-09-16,amaluza,caudal_m3s,64,ords:repDiaHid12m,,2026-09-22T01:19:42Z,celec_ords/2018/09/repDiaHid12m.ndjson.gz#repDiaHid12m:2018-09-20
2018-09-16,amaluza,cota_masl,1985.39,ords:repDiaHid12m,,2026-09-22T01:19:42Z,celec_ords/2018/09/repDiaHid12m.ndjson.gz#repDiaHid12m:2018-09-20
2018-09-16,delsitanisagua,caudal_m3s,31,ords:repDiaHid12m,,2026-09-22T01:19:42Z,celec_ords/2018/09/repDiaHid12m.ndjson.gz#repDiaHid12m:2018-09-20
2018-09-16,mazar,caudal_m3s,66,ords:repDiaHid12m,,2026-09-22T01:19:42Z,celec_ords/2018/09/repDiaHid12m.ndjson.gz#repDiaHid12m:2018-09-20
2018-09-16,mazar,cota_masl,2151.45,ords:repDiaHid12m,,2026-09-22T01:19:42Z,celec_ords/2018/09/repDiaHid12m.ndjson.gz#repDiaHid12m:2018-09-20
2018-09-17,amaluza,caudal_m3s,57,ords:repDiaHid12m,,2026-09-22T01:19:42Z,celec_ords/2018/09/repDiaHid12m.ndjson.gz#repDiaHid12m:2018-09-20
2018-09-17,amaluza,cota_masl,1985.14,ords:repDiaHid12m,,2026-09-22T01:19:42Z,celec_ords/2018/09/repDiaHid12m.ndjson.gz#repDiaHid12m:2018-09-20
2018-09-17,delsitanisagua,caudal_m3s,31,ords:repDiaHid12m,,2026-09-22T01:19:42Z,celec_ords/2018/09/repDiaHid12m.ndjson.gz#repDiaHid12m:2018-09-20
2018-09-17,mazar,caudal_m3s,41,ords:repDiaHid12m,,2026-09-22T01:19:42Z,celec_ords/2018/09/repDiaHid12m.ndjson.gz#repDiaHid12m:2018-09-20
2018-09-17,mazar,cota_masl,2151.3,ords:repDiaHid12m,,2026-09-22T01:19:42Z,celec_ords/2018/09/repDiaHid12m.ndjson.gz#repDiaHid12m:2018-09-20
2018-09-18,amaluza,caudal_m3s,158,ords:repDiaHid12m,,2026-09-22T01:19:42Z,celec_ords/2018/09/repDiaHid12m.ndjson.gz#repDiaHid12m:2018-09-20
2018-09-18,amaluza,cota_masl,1985.22,ords:repDiaHid12m,,2026-09-22T01:19:42Z,celec_ords/2018/09/repDiaHid12m.ndjson.gz#repDiaHid12m:2018-09-20
2018-09-18,delsitanisagua,caudal_m3s,30,ords:repDiaHid12m,,2026-09-22T01:19:42Z,celec_ords/2018/09/repDiaHid12m.ndjson.gz#repDiaHid12m:2018-09-20
2018-09-18,mazar,caudal_m3s,25,ords:repDiaHid12m,,2026-09-22T01:19:42Z,celec_ords/2018/09/repDiaHid12m.ndjson.gz#repDiaHid12m:2018-09-20
2018-09-18,mazar,cota_masl,2150.87,ords:repDiaHid12m,,2026-09-22T01:19:42Z,celec_ords/2018/09/repDiaHid12m.ndjson.gz#repDiaHid12m:2018-09-20
2018-09-19,amaluza,caudal_m3s,94,ords:repDiaHid12m,,2026-09-22T01:19:42Z,celec_ords/2018/09/repDiaHid12m.ndjson.gz#repDiaHid12m:2018-09-20
2018-09-19,amaluza,cota_masl,1984.59,ords:repDiaHid12m,,2026-09-22T01:19:42Z,celec_ords/2018/09/repDiaHid12m.ndjson.gz#repDiaHid12m:2018-09-20
2018-09-19,delsitanisagua,caudal_m3s,31,ords:repDiaHid12m,,2026-09-22T01:19:42Z,celec_ords/2018/09/repDiaHid12m.ndjson.gz#repDiaHid12m:2018-09-20
2018-09-19,mazar,caudal_m3s,34,ords:repDiaHid12m,,2026-09-22T01:19:42Z,celec_ords/2018/09/repDiaHid12m.ndjson.gz#repDiaHid12m:2018-09-20
2018-09-19,mazar,cota_masl,2150.52,ords:repDiaHid12m,,2026-09-22T01:19:42Z,celec_ords/2018/09/repDiaHid12m.ndjson.gz#repDiaHid12m:2018-09-20
2018-09-20,amaluza,caudal_m3s,128,ords:repDiaHid12m,,2026-09-22T01:19:44Z,celec_ords/2019/09/repDiaHid12m.ndjson.gz#repDiaHid12m:2019-09-20
2018-09-20,amaluza,cota_masl,1984.15,ords:repDiaHid12m,,2026-09-22T01:19:44Z,celec_ords/2019/09/repDiaHid12m.ndjson.gz#repDiaHid12m:2019-09-20
2018-09-20,delsitanisagua,caudal_m3s,30,ords:repDiaHid12m,,2026-09-22T01:19:44Z,celec_ords/2019/09/repDiaHid12m.ndjson.gz#repDiaHid12m:2019-09-20
2018-09-20,mazar,caudal_m3s,39,ords:repDiaHid12m,,2026-09-22T01:19:44Z,celec_ords/2019/09/repDiaHid12m.ndjson.gz#repDiaHid12m:2019-09-20
2018-09-20,mazar,cota_masl,2150.2,ords:repDiaHid12m,,2026-09-22T01:19:44Z,celec_ords/2019/09/repDiaHid12m.ndjson.gz#repDiaHid12m:2019-09-20
2018-09-21,amaluza,caudal_m3s,132,ords:repDiaHid12m,,2026-09-22T01:19:44Z,celec_ords/2019/09/repDiaHid12m.ndjson.gz#repDiaHid12m:2019-09-20
2018-09-21,amaluza,cota_masl,1983.45,ords:repDiaHid12m,,2026-09-22T01:19:44Z,celec_ords/2019/09/repDiaHid12m.ndjson.gz#repDiaHid12m:2019-09-20
2018-09-21,delsitanisagua,caudal_m3s,32,ords:repDiaHid12m,,2026-09-22T01:19:44Z,celec_ords/2019/09/repDiaHid12m.ndjson.gz#repDiaHid12m:2019-09-20
2018-09-21,mazar,caudal_m3s,28,ords:repDiaHid12m,,2026-09-22T01:19:44Z,celec_ords/2019/09/repDiaHid12m.ndjson.gz#repDiaHid12m:2019-09-20
2018-09-21,mazar,cota_masl,2149.68,ords:repDiaHid12m,,2026-09-22T01:19:44Z,celec_ords/2019/09/repDiaHid12m.ndjson.gz#repDiaHid12m:2019-09-20
2018-09-22,amaluza,caudal_m3s,122,ords:repDiaHid12m,,2026-09-22T01:19:44Z,celec_ords/2019/09/repDiaHid12m.ndjson.gz#repDiaHid12m:2019-09-20
2018-09-22,amaluza,cota_masl,1984.97,ords:repDiaHid12m,,2026-09-22T01:19:44Z,celec_ords/2019/09/repDiaHid12m.ndjson.gz#repDiaHid12m:2019-09-20
2018-09-22,delsitanisagua,caudal_m3s,30,ords:repDiaHid12m,,2026-09-22T01:19:44Z,celec_ords/2019/09/repDiaHid12m.ndjson.gz#repDiaHid12m:2019-09-20
2018-09-22,mazar,caudal_m3s,72,ords:repDiaHid12m,,2026-09-22T01:19:44Z,celec_ords/2019/09/repDiaHid12m.ndjson.gz#repDiaHid12m:2019-09-20
2018-09-22,mazar,cota_masl,2149.46,ords:repDiaHid12m,,2026-09-22T01:19:44Z,celec_ords/2019/09/repDiaHid12m.ndjson.gz#repDiaHid12m:2019-09-20
2018-09-23,amaluza,caudal_m3s,6,ords:repDiaHid12m,,2026-09-22T01:19:44Z,celec_ords/2019/09/repDiaHid12m.ndjson.gz#repDiaHid12m:2019-09-20
2018-09-23,amaluza,cota_masl,1985.48,ords:repDiaHid12m,,2026-09-22T01:19:44Z,celec_ords/2019/09/repDiaHid12m.ndjson.gz#repDiaHid12m:2019-09-20
2018-09-23,delsitanisagua,caudal_m3s,30,ords:repDiaHid12m,,2026-09-22T01:19:44Z,celec_ords/2019/09/repDiaHid12m.ndjson.gz#repDiaHid12m:2019-09-20
2018-09-23,mazar,caudal_m3s,45,ords:repDiaHid12m,,2026-09-22T01:19:44Z,celec_ords/2019/09/repDiaHid12m.ndjson.gz#repDiaHid12m:2019-09-20
2018-09-23,mazar,cota_masl,2149.42,ords:repDiaHid12m,,2026-09-22T01:19:44Z,celec_ords/2019/09/repDiaHid12m.ndjson.gz#repDiaHid12m:2019-09-20
2018-09-24,amaluza,caudal_m3s,145,ords:repDiaHid12m,,2026-09-22T01:19:44Z,celec_ords/2019/09/repDiaHid12m.ndjson.gz#repDiaHid12m:2019-09-20
2018-09-24,amaluza,cota_masl,1984.7,ords:repDiaHid12m,,2026-09-22T01:19:44Z,celec_ords/2019/09/repDiaHid12m.ndjson.gz#repDiaHid12m:2019-09-20
2018-09-24,delsitanisagua,caudal_m3s,30,ords:repDiaHid12m,,2026-09-22T01:19:44Z,celec_ords/2019/09/repDiaHid12m.ndjson.gz#repDiaHid12m:2019-09-20
2018-09-24,mazar,caudal_m3s,48,ords:repDiaHid12m,,2026-09-22T01:19:44Z,celec_ords/2019/09/repDiaHid12m.ndjson.gz#repDiaHid12m:2019-09-20
2018-09-24,mazar,cota_masl,2149.1,ords:repDiaHid12m,,2026-09-22T01:19:44Z,celec_ords/2019/09/repDiaHid12m.ndjson.gz#repDiaHid12m:2019-09-20
2018-09-25,amaluza,caudal_m3s,121,ords:repDiaHid12m,,2026-09-22T01:19:44Z,celec_ords/2019/09/repDiaHid12m.ndjson.gz#repDiaHid12m:2019-09-20
2018-09-25,amaluza,cota_masl,1984.13,ords:repDiaHid12m,,2026-09-22T01:19:44Z,celec_ords/2019/09/repDiaHid12m.ndjson.gz#repDiaHid12m:2019-09-20
2018-09-25,delsitanisagua,caudal_m3s,30,ords:repDiaHid12m,,2026-09-22T01:19:44Z,celec_ords/2019/09/repDiaHid12m.ndjson.gz#repDiaHid12m:2019-09-20
2018-09-25,mazar,caudal_m3s,27,ords:repDiaHid12m,,2026-09-22T01:19:44Z,celec_ords/2019/09/repDiaHid12m.ndjson.gz#repDiaHid12m:2019-09-20
2018-09-25,mazar,cota_masl,2148.62,ords:repDiaHid12m,,2026-09-22T01:19:44Z,celec_ords/2019/09/repDiaHid12m.ndjson.gz#repDiaHid12m:2019-09-20
2018-09-26,amaluza,caudal_m3s,100,ords:repDiaHid12m,,2026-09-22T01:19:44Z,celec_ords/2019/09/repDiaHid12m.ndjson.gz#repDiaHid12m:2019-09-20
2018-09-26,amaluza,cota_masl,1983.99,ords:repDiaHid12m,,2026-09-22T01:19:44Z,celec_ords/2019/09/repDiaHid12m.ndjson.gz#repDiaHid12m:2019-09-20
2018-09-26,delsitanisagua,caudal_m3s,29,ords:repDiaHid12m,,2026-09-22T01:19:44Z,celec_ords/2019/09/repDiaHid12m.ndjson.gz#repDiaHid12m:2019-09-20
2018-09-26,mazar,caudal_m3s,22,ords:repDiaHid12m,,2026-09-22T01:19:44Z,celec_ords/2019/09/repDiaHid12m.ndjson.gz#repDiaHid12m:2019-09-20
2018-09-26,mazar,cota_masl,2147.99,ords:repDiaHid12m,,2026-09-22T01:19:44Z,celec_ords/2019/09/repDiaHid12m.ndjson.gz#repDiaHid12m:2019-09-20
2018-09-27,amaluza,caudal_m3s,136,ords:repDiaHid12m,,2026-09-22T01:19:44Z,celec_ords/2019/09/repDiaHid12m.ndjson.gz#repDiaHid12m:2019-09-20
2018-09-27,amaluza,cota_masl,1982.61,ords:repDiaHid12m,,2026-09-22T01:19:44Z,celec_ords/2019/09/repDiaHid12m.ndjson.gz#repDiaHid12m:2019-09-20
2018-09-27,delsitanisagua,caudal_m3s,29,ords:repDiaHid12m,,2026-09-22T01:19:44Z,celec_ords/2019/09/repDiaHid12m.ndjson.gz#repDiaHid12m:2019-09-20
2018-09-27,mazar,caudal_m3s,27,ords:repDiaHid12m,,2026-09-22T01:19:44Z,celec_ords/2019/09/repDiaHid12m.ndjson.gz#repDiaHid12m:2019-09-20
2018-09-27,mazar,cota_masl,2147.44,ords:repDiaHid12m,,2026-09-22T01:19:44Z,celec_ords/2019/09/repDiaHid12m.ndjson.gz#repDiaHid12m:2019-09-20
2018-09-28,amaluza,caudal_m3s,138,ords:repDiaHid12m,,2026-09-22T01:19:44Z,celec_ords/2019/09/repDiaHid12m.ndjson.gz#repDiaHid12m:2019-09-20
2018-09-28,amaluza,cota_masl,1981.46,ords:repDiaHid12m,,2026-09-22T01:19:44Z,celec_ords/2019/09/repDiaHid12m.ndjson.gz#repDiaHid12m:2019-09-20
2018-09-28,delsitanisagua,caudal_m3s,30,ords:repDiaHid12m,,2026-09-22T01:19:44Z,celec_ords/2019/09/repDiaHid12m.ndjson.gz#repDiaHid12m:2019-09-20
2018-09-28,mazar,caudal_m3s,18,ords:repDiaHid12m,,2026-09-22T01:19:44Z,celec_ords/2019/09/repDiaHid12m.ndjson.gz#repDiaHid12m:2019-09-20
2018-09-28,mazar,cota_masl,2146.79,ords:repDiaHid12m,,2026-09-22T01:19:44Z,celec_ords/2019/09/repDiaHid12m.ndjson.gz#repDiaHid12m:2019-09-20
2018-09-29,amaluza,caudal_m3s,149,ords:repDiaHid12m,,2026-09-22T01:19:44Z,celec_ords/2019/09/repDiaHid12m.ndjson.gz#repDiaHid12m:2019-09-20
2018-09-29,amaluza,cota_masl,1981.34,ords:repDiaHid12m,,2026-09-22T01:19:44Z,celec_ords/2019/09/repDiaHid12m.ndjson.gz#repDiaHid12m:2019-09-20
2018-09-29,delsitanisagua,caudal_m3s,29,ords:repDiaHid12m,,2026-09-22T01:19:44Z,celec_ords/2019/09/repDiaHid12m.ndjson.gz#repDiaHid12m:2019-09-20
2018-09-29,mazar,caudal_m3s,30,ords:repDiaHid12m,,2026-09-22T01:19:44Z,celec_ords/2019/09/repDiaHid12m.ndjson.gz#repDiaHid12m:2019-09-20
2018-09-29,mazar,cota_masl,2146,ords:repDiaHid12m,,2026-09-22T01:19:44Z,celec_ords/2019/09/repDiaHid12m.ndjson.gz#repDiaHid12m:2019-09-20
2018-09-30,amaluza,caudal_m3s,134,ords:repDiaHid12m,,2026-09-22T01:19:44Z,celec_ords/2019/09/repDiaHid12m.ndjson.gz#repDiaHid12m:2019-09-20
2018-09-30,amaluza,cota_masl,1982.35,ords:repDiaHid12m,,2026-09-22T01:19:44Z,celec_ords/2019/09/repDiaHid12m.ndjson.gz#repDiaHid12m:2019-09-20
2018-09-30,delsitanisagua,caudal_m3s,29,ords:repDiaHid12m,,2026-09-22T01:19:44Z,celec_ords/2019/09/repDiaHid12m.ndjson.gz#repDiaHid12m:2019-09-20
2018-09-30,mazar,caudal_m3s,18,ords:repDiaHid12m,,2026-09-22T01:19:44Z,celec_ords/2019/09/repDiaHid12m.ndjson.gz#repDiaHid12m:2019-09-20
2018-09-30,mazar,cota_masl,2145.12,ords:repDiaHid12m,,2026-09-22T01:19:44Z,celec_ords/2019/09/repDiaHid12m.ndjson.gz#repDiaHid12m:2019-09-20
2018-10-01,amaluza,caudal_m3s,58,ords:repDiaHid12m,,2026-09-22T01:19:44Z,celec_ords/2019/09/repDiaHid12m.ndjson.gz#repDiaHid12m:2019-09-20
2018-10-01,amaluza,cota_masl,1981.91,ords:repDiaHid12m,,2026-09-22T01:19:44Z,celec_ords/2019/09/repDiaHid12m.ndjson.gz#repDiaHid12m:2019-09-20
2018-10-01,delsitanisagua,caudal_m3s,30,ords:repDiaHid12m,,2026-09-22T01:19:44Z,celec_ords/2019/09/repDiaHid12m.ndjson.gz#repDiaHid12m:2019-09-20
2018-10-01,mazar,caudal_m3s,24,ords:repDiaHid12m,,2026-09-22T01:19:44Z,celec_ords/2019/09/repDiaHid12m.ndjson.gz#repDiaHid12m:2019-09-20
2018-10-01,mazar,cota_masl,2144.64,ords:repDiaHid12m,,2026-09-22T01:19:44Z,celec_ords/2019/09/repDiaHid12m.ndjson.gz#repDiaHid12m:2019-09-20
2018-10-01,minas_san_francisco,caudal_m3s,-4999995,ords:repDiaHid12m,,2026-09-22T01:19:44Z,celec_ords/2019/09/repDiaHid12m.ndjson.gz#repDiaHid12m:2019-09-20
2018-10-02,amaluza,caudal_m3s,137,ords:repDiaHid12m,,2026-09-22T01:19:44Z,celec_ords/2019/09/repDiaHid12m.ndjson.gz#repDiaHid12m:2019-09-20
2018-10-02,amaluza,cota_masl,1982.07,ords:repDiaHid12m,,2026-09-22T01:19:44Z,celec_ords/2019/09/repDiaHid12m.ndjson.gz#repDiaHid12m:2019-09-20
2018-10-02,delsitanisagua,caudal_m3s,32,ords:repDiaHid12m,,2026-09-22T01:19:44Z,celec_ords/2019/09/repDiaHid12m.ndjson.gz#repDiaHid12m:2019-09-20
2018-10-02,mazar,caudal_m3s,27,ords:repDiaHid12m,,2026-09-22T01:19:44Z,celec_ords/2019/09/repDiaHid12m.ndjson.gz#repDiaHid12m:2019-09-20
2018-10-02,mazar,cota_masl,2144.12,ords:repDiaHid12m,,2026-09-22T01:19:44Z,celec_ords/2019/09/repDiaHid12m.ndjson.gz#repDiaHid12m:2019-09-20
2018-10-03,amaluza,caudal_m3s,88,ords:repDiaHid12m,,2026-09-22T01:19:44Z,celec_ords/2019/09/repDiaHid12m.ndjson.gz#repDiaHid12m:2019-09-20
2018-10-03,amaluza,cota_masl,1982.41,ords:repDiaHid12m,,2026-09-22T01:19:44Z,celec_ords/2019/09/repDiaHid12m.ndjson.gz#repDiaHid12m:2019-09-20
2018-10-03,delsitanisagua,caudal_m3s,22,ords:repDiaHid12m,,2026-09-22T01:19:44Z,celec_ords/2019/09/repDiaHid12m.ndjson.gz#repDiaHid12m:2019-09-20
2018-10-03,mazar,caudal_m3s,22,ords:repDiaHid12m,,2026-09-22T01:19:44Z,celec_ords/2019/09/repDiaHid12m.ndjson.gz#repDiaHid12m:2019-09-20
2018-10-03,mazar,cota_masl,2143.78,ords:repDiaHid12m,,2026-09-22T01:19:44Z,celec_ords/2019/09/repDiaHid12m.ndjson.gz#repDiaHid12m:2019-09-20
2018-10-04,amaluza,caudal_m3s,16,ords:repDiaHid12m,,2026-09-22T01:19:44Z,celec_ords/2019/09/repDiaHid12m.ndjson.gz#repDiaHid12m:2019-09-20
2018-10-04,amaluza,cota_masl,1982.72,ords:repDiaHid12m,,2026-09-22T01:19:44Z,celec_ords/2019/09/repDiaHid12m.ndjson.gz#repDiaHid12m:2019-09-20
2018-10-04,delsitanisagua,caudal_m3s,28,ords:repDiaHid12m,,2026-09-22T01:19:44Z,celec_ords/2019/09/repDiaHid12m.ndjson.gz#repDiaHid12m:2019-09-20
2018-10-04,mazar,caudal_m3s,42,ords:repDiaHid12m,,2026-09-22T01:19:44Z,celec_ords/2019/09/repDiaHid12m.ndjson.gz#repDiaHid12m:2019-09-20
2018-10-04,mazar,cota_masl,2143.74,ords:repDiaHid12m,,2026-09-22T01:19:44Z,celec_ords/2019/09/repDiaHid12m.ndjson.gz#repDiaHid12m:2019-09-20
2018-10-05,amaluza,caudal_m3s,32,ords:repDiaHid12m,,2026-09-22T01:19:44Z,celec_ords/2019/09/repDiaHid12m.ndjson.gz#repDiaHid12m:2019-09-20
2018-10-05,amaluza,cota_masl,1982.71,ords:repDiaHid12m,,2026-09-22T01:19:44Z,celec_ords/2019/09/repDiaHid12m.ndjson.gz#repDiaHid12m:2019-09-20
2018-10-05,delsitanisagua,caudal_m3s,29,ords:repDiaHid12m,,2026-09-22T01:19:44Z,celec_ords/2019/09/repDiaHid12m.ndjson.gz#repDiaHid12m:2019-09-20
2018-10-05,mazar,caudal_m3s,62,ords:repDiaHid12m,,2026-09-22T01:19:44Z,celec_ords/2019/09/repDiaHid12m.ndjson.gz#repDiaHid12m:2019-09-20
2018-10-05,mazar,cota_masl,2143.86,ords:repDiaHid12m,,2026-09-22T01:19:44Z,celec_ords/2019/09/repDiaHid12m.ndjson.gz#repDiaHid12m:2019-09-20
2018-10-06,amaluza,caudal_m3s,66,ords:repDiaHid12m,,2026-09-22T01:19:44Z,celec_ords/2019/09/repDiaHid12m.ndjson.gz#repDiaHid12m:2019-09-20
2018-10-06,amaluza,cota_masl,1982.59,ords:repDiaHid12m,,2026-09-22T01:19:44Z,celec_ords/2019/09/repDiaHid12m.ndjson.gz#repDiaHid12m:2019-09-20
2018-10-06,delsitanisagua,caudal_m3s,33,ords:repDiaHid12m,,2026-09-22T01:19:44Z,celec_ords/2019/09/repDiaHid12m.ndjson.gz#repDiaHid12m:2019-09-20
2018-10-06,mazar,caudal_m3s,82,ords:repDiaHid12m,,2026-09-22T01:19:44Z,celec_ords/2019/09/repDiaHid12m.ndjson.gz#repDiaHid12m:2019-09-20
2018-10-06,mazar,cota_masl,2144.57,ords:repDiaHid12m,,2026-09-22T01:19:44Z,celec_ords/2019/09/repDiaHid12m.ndjson.gz#repDiaHid12m:2019-09-20
2018-10-07,amaluza,caudal_m3s,53,ords:repDiaHid12m,,2026-09-22T01:19:44Z,celec_ords/2019/09/repDiaHid12m.ndjson.gz#repDiaHid12m:2019-09-20
2018-10-07,amaluza,cota_masl,1982.62,ords:repDiaHid12m,,2026-09-22T01:19:44Z,celec_ords/2019/09/repDiaHid12m.ndjson.gz#repDiaHid12m:2019-09-20
2018-10-07,delsitanisagua,caudal_m3s,31,ords:repDiaHid12m,,2026-09-22T01:19:44Z,celec_ords/2019/09/repDiaHid12m.ndjson.gz#repDiaHid12m:2019-09-20
2018-10-07,mazar,caudal_m3s,49,ords:repDiaHid12m,,2026-09-22T01:19:44Z,celec_ords/2019/09/repDiaHid12m.ndjson.gz#repDiaHid12m:2019-09-20
2018-10-07,mazar,cota_masl,2145.12,ords:repDiaHid12m,,2026-09-22T01:19:44Z,celec_ords/2019/09/repDiaHid12m.ndjson.gz#repDiaHid12m:2019-09-20
2018-10-08,amaluza,caudal_m3s,133,ords:repDiaHid12m,,2026-09-22T01:19:44Z,celec_ords/2019/09/repDiaHid12m.ndjson.gz#repDiaHid12m:2019-09-20
2018-10-08,amaluza,cota_masl,1983.33,ords:repDiaHid12m,,2026-09-22T01:19:44Z,celec_ords/2019/09/repDiaHid12m.ndjson.gz#repDiaHid12m:2019-09-20
2018-10-08,delsitanisagua,caudal_m3s,33,ords:repDiaHid12m,,2026-09-22T01:19:44Z,celec_ords/2019/09/repDiaHid12m.ndjson.gz#repDiaHid12m:2019-09-20
2018-10-08,mazar,caudal_m3s,28,ords:repDiaHid12m,,2026-09-22T01:19:44Z,celec_ords/2019/09/repDiaHid12m.ndjson.gz#repDiaHid12m:2019-09-20
2018-10-08,mazar,cota_masl,2145.02,ords:repDiaHid12m,,2026-09-22T01:19:44Z,celec_ords/2019/09/repDiaHid12m.ndjson.gz#repDiaHid12m:2019-09-20
2018-10-09,amaluza,caudal_m3s,165,ords:repDiaHid12m,,2026-09-22T01:19:44Z,celec_ords/2019/09/repDiaHid12m.ndjson.gz#repDiaHid12m:2019-09-20
2018-10-09,amaluza,cota_masl,1983.8,ords:repDiaHid12m,,2026-09-22T01:19:44Z,celec_ords/2019/09/repDiaHid12m.ndjson.gz#repDiaHid12m:2019-09-20
2018-10-09,delsitanisagua,caudal_m3s,36,ords:repDiaHid12m,,2026-09-22T01:19:44Z,celec_ords/2019/09/repDiaHid12m.ndjson.gz#repDiaHid12m:2019-09-20
2018-10-09,mazar,caudal_m3s,57,ords:repDiaHid12m,,2026-09-22T01:19:44Z,celec_ords/2019/09/repDiaHid12m.ndjson.gz#repDiaHid12m:2019-09-20
2018-10-09,mazar,cota_masl,2144.8,ords:repDiaHid12m,,2026-09-22T01:19:44Z,celec_ords/2019/09/repDiaHid12m.ndjson.gz#repDiaHid12m:2019-09-20
2018-10-10,amaluza,caudal_m3s,92,ords:repDiaHid12m,,2026-09-22T01:19:44Z,celec_ords/2019/09/repDiaHid12m.ndjson.gz#repDiaHid12m:2019-09-20
2018-10-10,amaluza,cota_masl,1983.59,ords:repDiaHid12m,,2026-09-22T01:19:44Z,celec_ords/2019/09/repDiaHid12m.ndjson.gz#repDiaHid12m:2019-09-20
2018-10-10,delsitanisagua,caudal_m3s,24,ords:repDiaHid12m,,2026-09-22T01:19:44Z,celec_ords/2019/09/repDiaHid12m.ndjson.gz#repDiaHid12m:2019-09-20
2018-10-10,mazar,caudal_m3s,49,ords:repDiaHid12m,,2026-09-22T01:19:44Z,celec_ords/2019/09/repDiaHid12m.ndjson.gz#repDiaHid12m:2019-09-20
2018-10-10,mazar,cota_masl,2145.14,ords:repDiaHid12m,,2026-09-22T01:19:44Z,celec_ords/2019/09/repDiaHid12m.ndjson.gz#repDiaHid12m:2019-09-20
2018-10-10,minas_san_francisco,caudal_m3s,-3999996,ords:repDiaHid12m,,2026-09-22T01:19:44Z,celec_ords/2019/09/repDiaHid12m.ndjson.gz#repDiaHid12m:2019-09-20
2018-10-11,amaluza,caudal_m3s,31,ords:repDiaHid12m,,2026-09-22T01:19:44Z,celec_ords/2019/09/repDiaHid12m.ndjson.gz#repDiaHid12m:2019-09-20
2018-10-11,amaluza,cota_masl,1982.8,ords:repDiaHid12m,,2026-09-22T01:19:44Z,celec_ords/2019/09/repDiaHid12m.ndjson.gz#repDiaHid12m:2019-09-20
2018-10-11,delsitanisagua,caudal_m3s,22,ords:repDiaHid12m,,2026-09-22T01:19:44Z,celec_ords/2019/09/repDiaHid12m.ndjson.gz#repDiaHid12m:2019-09-20
2018-10-11,mazar,caudal_m3s,36,ords:repDiaHid12m,,2026-09-22T01:19:44Z,celec_ords/2019/09/repDiaHid12m.ndjson.gz#repDiaHid12m:2019-09-20
2018-10-11,mazar,cota_masl,2145.45,ords:repDiaHid12m,,2026-09-22T01:19:44Z,celec_ords/2019/09/repDiaHid12m.ndjson.gz#repDiaHid12m:2019-09-20
2018-10-11,minas_san_francisco,caudal_m3s,8,ords:repDiaHid12m,,2026-09-22T01:19:44Z,celec_ords/2019/09/repDiaHid12m.ndjson.gz#repDiaHid12m:2019-09-20
2018-10-11,minas_san_francisco,cota_masl,791.9,ords:repDiaHid12m,,2026-09-22T01:19:44Z,celec_ords/2019/09/repDiaHid12m.ndjson.gz#repDiaHid12m:2019-09-20
2018-10-12,amaluza,caudal_m3s,14,ords:repDiaHid12m,,2026-09-22T01:19:44Z,celec_ords/2019/09/repDiaHid12m.ndjson.gz#repDiaHid12m:2019-09-20
2018-10-12,amaluza,cota_masl,1981.99,ords:repDiaHid12m,,2026-09-22T01:19:44Z,celec_ords/2019/09/repDiaHid12m.ndjson.gz#repDiaHid12m:2019-09-20
2018-10-12,delsitanisagua,caudal_m3s,21,ords:repDiaHid12m,,2026-09-22T01:19:44Z,celec_ords/2019/09/repDiaHid12m.ndjson.gz#repDiaHid12m:2019-09-20
2018-10-12,mazar,caudal_m3s,36,ords:repDiaHid12m,,2026-09-22T01:19:44Z,celec_ords/2019/09/repDiaHid12m.ndjson.gz#repDiaHid12m:2019-09-20
2018-10-12,mazar,cota_masl,2145.54,ords:repDiaHid12m,,2026-09-22T01:19:44Z,celec_ords/2019/09/repDiaHid12m.ndjson.gz#repDiaHid12m:2019-09-20
2018-10-12,minas_san_francisco,caudal_m3s,7,ords:repDiaHid12m,,2026-09-22T01:19:44Z,celec_ords/2019/09/repDiaHid12m.ndjson.gz#repDiaHid12m:2019-09-20
2018-10-12,minas_san_francisco,cota_masl,789.92,ords:repDiaHid12m,,2026-09-22T01:19:44Z,celec_ords/2019/09/repDiaHid12m.ndjson.gz#repDiaHid12m:2019-09-20
2018-10-13,amaluza,caudal_m3s,95,ords:repDiaHid12m,,2026-09-22T01:19:44Z,celec_ords/2019/09/repDiaHid12m.ndjson.gz#repDiaHid12m:2019-09-20
2018-10-13,amaluza,cota_masl,1981.88,ords:repDiaHid12m,,2026-09-22T01:19:44Z,celec_ords/2019/09/repDiaHid12m.ndjson.gz#repDiaHid12m:2019-09-20
2018-10-13,delsitanisagua,caudal_m3s,22,ords:repDiaHid12m,,2026-09-22T01:19:44Z,celec_ords/2019/09/repDiaHid12m.ndjson.gz#repDiaHid12m:2019-09-20
2018-10-13,mazar,caudal_m3s,23,ords:repDiaHid12m,,2026-09-22T01:19:44Z,celec_ords/2019/09/repDiaHid12m.ndjson.gz#repDiaHid12m:2019-09-20
2018-10-13,mazar,cota_masl,2145.44,ords:repDiaHid12m,,2026-09-22T01:19:44Z,celec_ords/2019/09/repDiaHid12m.ndjson.gz#repDiaHid12m:2019-09-20
2018-10-13,minas_san_francisco,caudal_m3s,5,ords:repDiaHid12m,,2026-09-22T01:19:44Z,celec_ords/2019/09/repDiaHid12m.ndjson.gz#repDiaHid12m:2019-09-20
2018-10-13,minas_san_francisco,cota_masl,788.96,ords:repDiaHid12m,,2026-09-22T01:19:44Z,celec_ords/2019/09/repDiaHid12m.ndjson.gz#repDiaHid12m:2019-09-20
2018-10-14,amaluza,caudal_m3s,72,ords:repDiaHid12m,,2026-09-22T01:19:44Z,celec_ords/2019/09/repDiaHid12m.ndjson.gz#repDiaHid12m:2019-09-20
2018-10-14,amaluza,cota_masl,1982.54,ords:repDiaHid12m,,2026-09-22T01:19:44Z,celec_ords/2019/09/repDiaHid12m.ndjson.gz#repDiaHid12m:2019-09-20
2018-10-14,delsitanisagua,caudal_m3s,22,ords:repDiaHid12m,,2026-09-22T01:19:44Z,celec_ords/2019/09/repDiaHid12m.ndjson.gz#repDiaHid12m:2019-09-20
2018-10-14,mazar,caudal_m3s,24,ords:repDiaHid12m,,2026-09-22T01:19:44Z,celec_ords/2019/09/repDiaHid12m.ndjson.gz#repDiaHid12m:2019-09-20
2018-10-14,mazar,cota_masl,2145.27,ords:repDiaHid12m,,2026-09-22T01:19:44Z,celec_ords/2019/09/repDiaHid12m.ndjson.gz#repDiaHid12m:2019-09-20
2018-10-14,minas_san_francisco,caudal_m3s,3,ords:repDiaHid12m,,2026-09-22T01:19:44Z,celec_ords/2019/09/repDiaHid12m.ndjson.gz#repDiaHid12m:2019-09-20
2018-10-14,minas_san_francisco,cota_masl,788.1,ords:repDiaHid12m,,2026-09-22T01:19:44Z,celec_ords/2019/09/repDiaHid12m.ndjson.gz#repDiaHid12m:2019-09-20
2018-10-15,amaluza,caudal_m3s,53,ords:repDiaHid12m,,2026-09-22T01:19:44Z,celec_ords/2019/09/repDiaHid12m.ndjson.gz#repDiaHid12m:2019-09-20
2018-10-15,amaluza,cota_masl,1982.53,ords:repDiaHid12m,,2026-09-22T01:19:44Z,celec_ords/2019/09/repDiaHid12m.ndjson.gz#repDiaHid12m:2019-09-20
2018-10-15,delsitanisagua,caudal_m3s,24,ords:repDiaHid12m,,2026-09-22T01:19:44Z,celec_ords/2019/09/repDiaHid12m.ndjson.gz#repDiaHid12m:2019-09-20
2018-10-15,mazar,caudal_m3s,22,ords:repDiaHid12m,,2026-09-22T01:19:44Z,celec_ords/2019/09/repDiaHid12m.ndjson.gz#repDiaHid12m:2019-09-20
2018-10-15,mazar,cota_masl,2144.95,ords:repDiaHid12m,,2026-09-22T01:19:44Z,celec_ords/2019/09/repDiaHid12m.ndjson.gz#repDiaHid12m:2019-09-20
2018-10-15,minas_san_francisco,caudal_m3s,5,ords:repDiaHid12m,,2026-09-22T01:19:44Z,celec_ords/2019/09/repDiaHid12m.ndjson.gz#repDiaHid12m:2019-09-20
2018-10-15,minas_san_francisco,cota_masl,788.01,ords:repDiaHid12m,,2026-09-22T01:19:44Z,celec_ords/2019/09/repDiaHid12m.ndjson.gz#repDiaHid12m:2019-09-20
2018-10-16,amaluza,caudal_m3s,100,ords:repDiaHid12m,,2026-09-22T01:19:44Z,celec_ords/2019/09/repDiaHid12m.ndjson.gz#repDiaHid12m:2019-09-20
2018-10-16,amaluza,cota_masl,1982.61,ords:repDiaHid12m,,2026-09-22T01:19:44Z,celec_ords/2019/09/repDiaHid12m.ndjson.gz#repDiaHid12m:2019-09-20
2018-10-16,delsitanisagua,caudal_m3s,23,ords:repDiaHid12m,,2026-09-22T01:19:44Z,celec_ords/2019/09/repDiaHid12m.ndjson.gz#repDiaHid12m:2019-09-20
2018-10-16,mazar,caudal_m3s,40,ords:repDiaHid12m,,2026-09-22T01:19:44Z,celec_ords/2019/09/repDiaHid12m.ndjson.gz#repDiaHid12m:2019-09-20
2018-10-16,mazar,cota_masl,2144.61,ords:repDiaHid12m,,2026-09-22T01:19:44Z,celec_ords/2019/09/repDiaHid12m.ndjson.gz#repDiaHid12m:2019-09-20
2018-10-16,minas_san_francisco,caudal_m3s,10,ords:repDiaHid12m,,2026-09-22T01:19:44Z,celec_ords/2019/09/repDiaHid12m.ndjson.gz#repDiaHid12m:2019-09-20
2018-10-16,minas_san_francisco,cota_masl,788.19,ords:repDiaHid12m,,2026-09-22T01:19:44Z,celec_ords/2019/09/repDiaHid12m.ndjson.gz#repDiaHid12m:2019-09-20
2018-10-17,amaluza,caudal_m3s,94,ords:repDiaHid12m,,2026-09-22T01:19:44Z,celec_ords/2019/09/repDiaHid12m.ndjson.gz#repDiaHid12m:2019-09-20
2018-10-17,amaluza,cota_masl,1982.98,ords:repDiaHid12m,,2026-09-22T01:19:44Z,celec_ords/2019/09/repDiaHid12m.ndjson.gz#repDiaHid12m:2019-09-20
2018-10-17,delsitanisagua,caudal_m3s,44,ords:repDiaHid12m,,2026-09-22T01:19:44Z,celec_ords/2019/09/repDiaHid12m.ndjson.gz#repDiaHid12m:2019-09-20
2018-10-17,mazar,caudal_m3s,30,ords:repDiaHid12m,,2026-09-22T01:19:44Z,celec_ords/2019/09/repDiaHid12m.ndjson.gz#repDiaHid12m:2019-09-20
2018-10-17,mazar,cota_masl,2144.12,ords:repDiaHid12m,,2026-09-22T01:19:44Z,celec_ords/2019/09/repDiaHid12m.ndjson.gz#repDiaHid12m:2019-09-20
2018-10-17,minas_san_francisco,caudal_m3s,11,ords:repDiaHid12m,,2026-09-22T01:19:44Z,celec_ords/2019/09/repDiaHid12m.ndjson.gz#repDiaHid12m:2019-09-20
2018-10-17,minas_san_francisco,cota_masl,788.98,ords:repDiaHid12m,,2026-09-22T01:19:44Z,celec_ords/2019/09/repDiaHid12m.ndjson.gz#repDiaHid12m:2019-09-20
2018-10-18,amaluza,caudal_m3s,118,ords:repDiaHid12m,,2026-09-22T01:19:44Z,celec_ords/2019/09/repDiaHid12m.ndjson.gz#repDiaHid12m:2019-09-20
2018-10-18,amaluza,cota_masl,1984.67,ords:repDiaHid12m,,2026-09-22T01:19:44Z,celec_ords/2019/09/repDiaHid12m.ndjson.gz#repDiaHid12m:2019-09-20
2018-10-18,delsitanisagua,caudal_m3s,23,ords:repDiaHid12m,,2026-09-22T01:19:44Z,celec_ords/2019/09/repDiaHid12m.ndjson.gz#repDiaHid12m:2019-09-20
2018-10-18,mazar,caudal_m3s,25,ords:repDiaHid12m,,2026-09-22T01:19:44Z,celec_ords/2019/09/repDiaHid12m.ndjson.gz#repDiaHid12m:2019-09-20
2018-10-18,mazar,cota_masl,2143.25,ords:repDiaHid12m,,2026-09-22T01:19:44Z,celec_ords/2019/09/repDiaHid12m.ndjson.gz#repDiaHid12m:2019-09-20
2018-10-18,minas_san_francisco,caudal_m3s,14,ords:repDiaHid12m,,2026-09-22T01:19:44Z,celec_ords/2019/09/repDiaHid12m.ndjson.gz#repDiaHid12m:2019-09-20
2018-10-18,minas_san_francisco,cota_masl,789.17,ords:repDiaHid12m,,2026-09-22T01:19:44Z,celec_ords/2019/09/repDiaHid12m.ndjson.gz#repDiaHid12m:2019-09-20
2018-10-19,amaluza,caudal_m3s,12,ords:repDiaHid12m,,2026-09-22T01:19:44Z,celec_ords/2019/09/repDiaHid12m.ndjson.gz#repDiaHid12m:2019-09-20
2018-10-19,amaluza,cota_masl,1985.47,ords:repDiaHid12m,,2026-09-22T01:19:44Z,celec_ords/2019/09/repDiaHid12m.ndjson.gz#repDiaHid12m:2019-09-20
2018-10-19,delsitanisagua,caudal_m3s,22,ords:repDiaHid12m,,2026-09-22T01:19:44Z,celec_ords/2019/09/repDiaHid12m.ndjson.gz#repDiaHid12m:2019-09-20
2018-10-19,mazar,caudal_m3s,20,ords:repDiaHid12m,,2026-09-22T01:19:44Z,celec_ords/2019/09/repDiaHid12m.ndjson.gz#repDiaHid12m:2019-09-20
2018-10-19,mazar,cota_masl,2142.72,ords:repDiaHid12m,,2026-09-22T01:19:44Z,celec_ords/2019/09/repDiaHid12m.ndjson.gz#repDiaHid12m:2019-09-20
2018-10-19,minas_san_francisco,caudal_m3s,10,ords:repDiaHid12m,,2026-09-22T01:19:44Z,celec_ords/2019/09/repDiaHid12m.ndjson.gz#repDiaHid12m:2019-09-20
2018-10-19,minas_san_francisco,cota_masl,789.32,ords:repDiaHid12m,,2026-09-22T01:19:44Z,celec_ords/2019/09/repDiaHid12m.ndjson.gz#repDiaHid12m:2019-09-20
2018-10-20,amaluza,caudal_m3s,15,ords:repDiaHid12m,,2026-09-22T01:19:44Z,celec_ords/2019/09/repDiaHid12m.ndjson.gz#repDiaHid12m:2019-09-20
2018-10-20,amaluza,cota_masl,1984.5,ords:repDiaHid12m,,2026-09-22T01:19:44Z,celec_ords/2019/09/repDiaHid12m.ndjson.gz#repDiaHid12m:2019-09-20
2018-10-20,delsitanisagua,caudal_m3s,21,ords:repDiaHid12m,,2026-09-22T01:19:44Z,celec_ords/2019/09/repDiaHid12m.ndjson.gz#repDiaHid12m:2019-09-20
2018-10-20,mazar,caudal_m3s,41,ords:repDiaHid12m,,2026-09-22T01:19:44Z,celec_ords/2019/09/repDiaHid12m.ndjson.gz#repDiaHid12m:2019-09-20
2018-10-20,mazar,cota_masl,2142.63,ords:repDiaHid12m,,2026-09-22T01:19:44Z,celec_ords/2019/09/repDiaHid12m.ndjson.gz#repDiaHid12m:2019-09-20
2018-10-20,minas_san_francisco,caudal_m3s,9,ords:repDiaHid12m,,2026-09-22T01:19:44Z,celec_ords/2019/09/repDiaHid12m.ndjson.gz#repDiaHid12m:2019-09-20
2018-10-20,minas_san_francisco,cota_masl,789.3,ords:repDiaHid12m,,2026-09-22T01:19:44Z,celec_ords/2019/09/repDiaHid12m.ndjson.gz#repDiaHid12m:2019-09-20
2018-10-21,amaluza,caudal_m3s,70,ords:repDiaHid12m,,2026-09-22T01:19:44Z,celec_ords/2019/09/repDiaHid12m.ndjson.gz#repDiaHid12m:2019-09-20
2018-10-21,amaluza,cota_masl,1985.05,ords:repDiaHid12m,,2026-09-22T01:19:44Z,celec_ords/2019/09/repDiaHid12m.ndjson.gz#repDiaHid12m:2019-09-20
2018-10-21,delsitanisagua,caudal_m3s,21,ords:repDiaHid12m,,2026-09-22T01:19:44Z,celec_ords/2019/09/repDiaHid12m.ndjson.gz#repDiaHid12m:2019-09-20
2018-10-21,mazar,caudal_m3s,21,ords:repDiaHid12m,,2026-09-22T01:19:44Z,celec_ords/2019/09/repDiaHid12m.ndjson.gz#repDiaHid12m:2019-09-20
2018-10-21,mazar,cota_masl,2142.21,ords:repDiaHid12m,,2026-09-22T01:19:44Z,celec_ords/2019/09/repDiaHid12m.ndjson.gz#repDiaHid12m:2019-09-20
2018-10-21,minas_san_francisco,caudal_m3s,7,ords:repDiaHid12m,,2026-09-22T01:19:44Z,celec_ords/2019/09/repDiaHid12m.ndjson.gz#repDiaHid12m:2019-09-20
2018-10-21,minas_san_francisco,cota_masl,789.8,ords:repDiaHid12m,,2026-09-22T01:19:44Z,celec_ords/2019/09/repDiaHid12m.ndjson.gz#repDiaHid12m:2019-09-20
2018-10-22,amaluza,caudal_m3s,86,ords:repDiaHid12m,,2026-09-22T01:19:44Z,celec_ords/2019/09/repDiaHid12m.ndjson.gz#repDiaHid12m:2019-09-20
2018-10-22,amaluza,cota_masl,1985.77,ords:repDiaHid12m,,2026-09-22T01:19:44Z,celec_ords/2019/09/repDiaHid12m.ndjson.gz#repDiaHid12m:2019-09-20
2018-10-22,delsitanisagua,caudal_m3s,20,ords:repDiaHid12m,,2026-09-22T01:19:44Z,celec_ords/2019/09/repDiaHid12m.ndjson.gz#repDiaHid12m:2019-09-20
2018-10-22,mazar,caudal_m3s,26,ords:repDiaHid12m,,2026-09-22T01:19:44Z,celec_ords/2019/09/repDiaHid12m.ndjson.gz#repDiaHid12m:2019-09-20
2018-10-22,mazar,cota_masl,2141.35,ords:repDiaHid12m,,2026-09-22T01:19:44Z,celec_ords/2019/09/repDiaHid12m.ndjson.gz#repDiaHid12m:2019-09-20
2018-10-22,minas_san_francisco,caudal_m3s,8,ords:repDiaHid12m,,2026-09-22T01:19:44Z,celec_ords/2019/09/repDiaHid12m.ndjson.gz#repDiaHid12m:2019-09-20
2018-10-22,minas_san_francisco,cota_masl,790.14,ords:repDiaHid12m,,2026-09-22T01:19:44Z,celec_ords/2019/09/repDiaHid12m.ndjson.gz#repDiaHid12m:2019-09-20
2018-10-23,amaluza,caudal_m3s,43,ords:repDiaHid12m,,2026-09-22T01:19:44Z,celec_ords/2019/09/repDiaHid12m.ndjson.gz#repDiaHid12m:2019-09-20
2018-10-23,amaluza,cota_masl,1985.03,ords:repDiaHid12m,,2026-09-22T01:19:44Z,celec_ords/2019/09/repDiaHid12m.ndjson.gz#repDiaHid12m:2019-09-20
2018-10-23,delsitanisagua,caudal_m3s,20,ords:repDiaHid12m,,2026-09-22T01:19:44Z,celec_ords/2019/09/repDiaHid12m.ndjson.gz#repDiaHid12m:2019-09-20
2018-10-23,mazar,caudal_m3s,26,ords:repDiaHid12m,,2026-09-22T01:19:44Z,celec_ords/2019/09/repDiaHid12m.ndjson.gz#repDiaHid12m:2019-09-20
2018-10-23,mazar,cota_masl,2140.9,ords:repDiaHid12m,,2026-09-22T01:19:44Z,celec_ords/2019/09/repDiaHid12m.ndjson.gz#repDiaHid12m:2019-09-20
2018-10-23,minas_san_francisco,caudal_m3s,7,ords:repDiaHid12m,,2026-09-22T01:19:44Z,celec_ords/2019/09/repDiaHid12m.ndjson.gz#repDiaHid12m:2019-09-20
2018-10-23,minas_san_francisco,cota_masl,790.44,ords:repDiaHid12m,,2026-09-22T01:19:44Z,celec_ords/2019/09/repDiaHid12m.ndjson.gz#repDiaHid12m:2019-09-20
2018-10-24,amaluza,caudal_m3s,11,ords:repDiaHid12m,,2026-09-22T01:19:44Z,celec_ords/2019/09/repDiaHid12m.ndjson.gz#repDiaHid12m:2019-09-20
2018-10-24,amaluza,cota_masl,1984.69,ords:repDiaHid12m,,2026-09-22T01:19:44Z,celec_ords/2019/09/repDiaHid12m.ndjson.gz#repDiaHid12m:2019-09-20
2018-10-24,delsitanisagua,caudal_m3s,19,ords:repDiaHid12m,,2026-09-22T01:19:44Z,celec_ords/2019/09/repDiaHid12m.ndjson.gz#repDiaHid12m:2019-09-20
2018-10-24,mazar,caudal_m3s,19,ords:repDiaHid12m,,2026-09-22T01:19:44Z,celec_ords/2019/09/repDiaHid12m.ndjson.gz#repDiaHid12m:2019-09-20
2018-10-24,mazar,cota_masl,2140.14,ords:repDiaHid12m,,2026-09-22T01:19:44Z,celec_ords/2019/09/repDiaHid12m.ndjson.gz#repDiaHid12m:2019-09-20
2018-10-24,minas_san_francisco,caudal_m3s,8,ords:repDiaHid12m,,2026-09-22T01:19:44Z,celec_ords/2019/09/repDiaHid12m.ndjson.gz#repDiaHid12m:2019-09-20
2018-10-24,minas_san_francisco,cota_masl,790.67,ords:repDiaHid12m,,2026-09-22T01:19:44Z,celec_ords/2019/09/repDiaHid12m.ndjson.gz#repDiaHid12m:2019-09-20
2018-10-25,amaluza,caudal_m3s,38,ords:repDiaHid12m,,2026-09-22T01:19:44Z,celec_ords/2019/09/repDiaHid12m.ndjson.gz#repDiaHid12m:2019-09-20
2018-10-25,amaluza,cota_masl,1983.77,ords:repDiaHid12m,,2026-09-22T01:19:44Z,celec_ords/2019/09/repDiaHid12m.ndjson.gz#repDiaHid12m:2019-09-20
2018-10-25,delsitanisagua,caudal_m3s,20,ords:repDiaHid12m,,2026-09-22T01:19:44Z,celec_ords/2019/09/repDiaHid12m.ndjson.gz#repDiaHid12m:2019-09-20
2018-10-25,mazar,caudal_m3s,21,ords:repDiaHid12m,,2026-09-22T01:19:44Z,celec_ords/2019/09/repDiaHid12m.ndjson.gz#repDiaHid12m:2019-09-20
2018-10-25,mazar,cota_masl,2139.62,ords:repDiaHid12m,,2026-09-22T01:19:44Z,celec_ords/2019/09/repDiaHid12m.ndjson.gz#repDiaHid12m:2019-09-20
2018-10-25,minas_san_francisco,caudal_m3s,6,ords:repDiaHid12m,,2026-09-22T01:19:44Z,celec_ords/2019/09/repDiaHid12m.ndjson.gz#repDiaHid12m:2019-09-20
2018-10-25,minas_san_francisco,cota_masl,790.74,ords:repDiaHid12m,,2026-09-22T01:19:44Z,celec_ords/2019/09/repDiaHid12m.ndjson.gz#repDiaHid12m:2019-09-20
2018-10-26,amaluza,caudal_m3s,56,ords:repDiaHid12m,,2026-09-22T01:19:44Z,celec_ords/2019/09/repDiaHid12m.ndjson.gz#repDiaHid12m:2019-09-20
2018-10-26,amaluza,cota_masl,1983.61,ords:repDiaHid12m,,2026-09-22T01:19:44Z,celec_ords/2019/09/repDiaHid12m.ndjson.gz#repDiaHid12m:2019-09-20
2018-10-26,delsitanisagua,caudal_m3s,30,ords:repDiaHid12m,,2026-09-22T01:19:44Z,celec_ords/2019/09/repDiaHid12m.ndjson.gz#repDiaHid12m:2019-09-20
2018-10-26,mazar,caudal_m3s,21,ords:repDiaHid12m,,2026-09-22T01:19:44Z,celec_ords/2019/09/repDiaHid12m.ndjson.gz#repDiaHid12m:2019-09-20
2018-10-26,mazar,cota_masl,2139.5,ords:repDiaHid12m,,2026-09-22T01:19:44Z,celec_ords/2019/09/repDiaHid12m.ndjson.gz#repDiaHid12m:2019-09-20
2018-10-26,minas_san_francisco,caudal_m3s,4,ords:repDiaHid12m,,2026-09-22T01:19:44Z,celec_ords/2019/09/repDiaHid12m.ndjson.gz#repDiaHid12m:2019-09-20
2018-10-26,minas_san_francisco,cota_masl,790.58,ords:repDiaHid12m,,2026-09-22T01:19:44Z,celec_ords/2019/09/repDiaHid12m.ndjson.gz#repDiaHid12m:2019-09-20
2018-10-27,amaluza,caudal_m3s,17,ords:repDiaHid12m,,2026-09-22T01:19:44Z,celec_ords/2019/09/repDiaHid12m.ndjson.gz#repDiaHid12m:2019-09-20
2018-10-27,amaluza,cota_masl,1983.62,ords:repDiaHid12m,,2026-09-22T01:19:44Z,celec_ords/2019/09/repDiaHid12m.ndjson.gz#repDiaHid12m:2019-09-20
2018-10-27,delsitanisagua,caudal_m3s,31,ords:repDiaHid12m,,2026-09-22T01:19:44Z,celec_ords/2019/09/repDiaHid12m.ndjson.gz#repDiaHid12m:2019-09-20
2018-10-27,mazar,caudal_m3s,38,ords:repDiaHid12m,,2026-09-22T01:19:44Z,celec_ords/2019/09/repDiaHid12m.ndjson.gz#repDiaHid12m:2019-09-20
2018-10-27,mazar,cota_masl,2139.68,ords:repDiaHid12m,,2026-09-22T01:19:44Z,celec_ords/2019/09/repDiaHid12m.ndjson.gz#repDiaHid12m:2019-09-20
2018-10-27,minas_san_francisco,caudal_m3s,6,ords:repDiaHid12m,,2026-09-22T01:19:44Z,celec_ords/2019/09/repDiaHid12m.ndjson.gz#repDiaHid12m:2019-09-20
2018-10-27,minas_san_francisco,cota_masl,790.13,ords:repDiaHid12m,,2026-09-22T01:19:44Z,celec_ords/2019/09/repDiaHid12m.ndjson.gz#repDiaHid12m:2019-09-20
2018-10-28,amaluza,caudal_m3s,100,ords:repDiaHid12m,,2026-09-22T01:19:44Z,celec_ords/2019/09/repDiaHid12m.ndjson.gz#repDiaHid12m:2019-09-20
2018-10-28,amaluza,cota_masl,1984.4,ords:repDiaHid12m,,2026-09-22T01:19:44Z,celec_ords/2019/09/repDiaHid12m.ndjson.gz#repDiaHid12m:2019-09-20
2018-10-28,delsitanisagua,caudal_m3s,21,ords:repDiaHid12m,,2026-09-22T01:19:44Z,celec_ords/2019/09/repDiaHid12m.ndjson.gz#repDiaHid12m:2019-09-20
2018-10-28,mazar,caudal_m3s,22,ords:repDiaHid12m,,2026-09-22T01:19:44Z,celec_ords/2019/09/repDiaHid12m.ndjson.gz#repDiaHid12m:2019-09-20
2018-10-28,mazar,cota_masl,2139.61,ords:repDiaHid12m,,2026-09-22T01:19:44Z,celec_ords/2019/09/repDiaHid12m.ndjson.gz#repDiaHid12m:2019-09-20
2018-10-28,minas_san_francisco,caudal_m3s,11,ords:repDiaHid12m,,2026-09-22T01:19:44Z,celec_ords/2019/09/repDiaHid12m.ndjson.gz#repDiaHid12m:2019-09-20
2018-10-28,minas_san_francisco,cota_masl,790.2,ords:repDiaHid12m,,2026-09-22T01:19:44Z,celec_ords/2019/09/repDiaHid12m.ndjson.gz#repDiaHid12m:2019-09-20
2018-10-29,amaluza,caudal_m3s,71,ords:repDiaHid12m,,2026-09-22T01:19:44Z,celec_ords/2019/09/repDiaHid12m.ndjson.gz#repDiaHid12m:2019-09-20
2018-10-29,amaluza,cota_masl,1986.23,ords:repDiaHid12m,,2026-09-22T01:19:44Z,celec_ords/2019/09/repDiaHid12m.ndjson.gz#repDiaHid12m:2019-09-20
2018-10-29,delsitanisagua,caudal_m3s,21,ords:repDiaHid12m,,2026-09-22T01:19:44Z,celec_ords/2019/09/repDiaHid12m.ndjson.gz#repDiaHid12m:2019-09-20
2018-10-29,mazar,caudal_m3s,31,ords:repDiaHid12m,,2026-09-22T01:19:44Z,celec_ords/2019/09/repDiaHid12m.ndjson.gz#repDiaHid12m:2019-09-20
2018-10-29,mazar,cota_masl,2138.89,ords:repDiaHid12m,,2026-09-22T01:19:44Z,celec_ords/2019/09/repDiaHid12m.ndjson.gz#repDiaHid12m:2019-09-20
2018-10-29,minas_san_francisco,caudal_m3s,12,ords:repDiaHid12m,,2026-09-22T01:19:44Z,celec_ords/2019/09/repDiaHid12m.ndjson.gz#repDiaHid12m:2019-09-20
2018-10-29,minas_san_francisco,cota_masl,790.04,ords:repDiaHid12m,,2026-09-22T01:19:44Z,celec_ords/2019/09/repDiaHid12m.ndjson.gz#repDiaHid12m:2019-09-20
2018-10-30,amaluza,caudal_m3s,85,ords:repDiaHid12m,,2026-09-22T01:19:44Z,celec_ords/2019/09/repDiaHid12m.ndjson.gz#repDiaHid12m:2019-09-20
2018-10-30,amaluza,cota_masl,1987.37,ords:repDiaHid12m,,2026-09-22T01:19:44Z,celec_ords/2019/09/repDiaHid12m.ndjson.gz#repDiaHid12m:2019-09-20
2018-10-30,delsitanisagua,caudal_m3s,22,ords:repDiaHid12m,,2026-09-22T01:19:44Z,celec_ords/2019/09/repDiaHid12m.ndjson.gz#repDiaHid12m:2019-09-20
2018-10-30,mazar,caudal_m3s,13,ords:repDiaHid12m,,2026-09-22T01:19:44Z,celec_ords/2019/09/repDiaHid12m.ndjson.gz#repDiaHid12m:2019-09-20
2018-10-30,mazar,cota_masl,2138.3,ords:repDiaHid12m,,2026-09-22T01:19:44Z,celec_ords/2019/09/repDiaHid12m.ndjson.gz#repDiaHid12m:2019-09-20
2018-10-30,minas_san_francisco,caudal_m3s,8,ords:repDiaHid12m,,2026-09-22T01:19:44Z,celec_ords/2019/09/repDiaHid12m.ndjson.gz#repDiaHid12m:2019-09-20
2018-10-30,minas_san_francisco,cota_masl,790.4,ords:repDiaHid12m,,2026-09-22T01:19:44Z,celec_ords/2019/09/repDiaHid12m.ndjson.gz#repDiaHid12m:2019-09-20
2018-10-31,amaluza,caudal_m3s,85,ords:repDiaHid12m,,2026-09-22T01:19:44Z,celec_ords/2019/09/repDiaHid12m.ndjson.gz#repDiaHid12m:2019-09-20
2018-10-31,amaluza,cota_masl,1988.36,ords:repDiaHid12m,,2026-09-22T01:19:44Z,celec_ords/2019/09/repDiaHid12m.ndjson.gz#repDiaHid12m:2019-09-20
2018-10-31,delsitanisagua,caudal_m3s,35,ords:repDiaHid12m,,2026-09-22T01:19:44Z,celec_ords/2019/09/repDiaHid12m.ndjson.gz#repDiaHid12m:2019-09-20
2018-10-31,mazar,caudal_m3s,24,ords:repDiaHid12m,,2026-09-22T01:19:44Z,celec_ords/2019/09/repDiaHid12m.ndjson.gz#repDiaHid12m:2019-09-20
2018-10-31,mazar,cota_masl,2137.89,ords:repDiaHid12m,,2026-09-22T01:19:44Z,celec_ords/2019/09/repDiaHid12m.ndjson.gz#repDiaHid12m:2019-09-20
2018-10-31,minas_san_francisco,caudal_m3s,9,ords:repDiaHid12m,,2026-09-22T01:19:44Z,celec_ords/2019/09/repDiaHid12m.ndjson.gz#repDiaHid12m:2019-09-20
2018-10-31,minas_san_francisco,cota_masl,790.64,ords:repDiaHid12m,,2026-09-22T01:19:44Z,celec_ords/2019/09/repDiaHid12m.ndjson.gz#repDiaHid12m:2019-09-20
2018-11-01,amaluza,caudal_m3s,28,ords:repDiaHid12m,,2026-09-22T01:19:44Z,celec_ords/2019/09/repDiaHid12m.ndjson.gz#repDiaHid12m:2019-09-20
2018-11-01,amaluza,cota_masl,1988.72,ords:repDiaHid12m,,2026-09-22T01:19:44Z,celec_ords/2019/09/repDiaHid12m.ndjson.gz#repDiaHid12m:2019-09-20
2018-11-01,delsitanisagua,caudal_m3s,57,ords:repDiaHid12m,,2026-09-22T01:19:44Z,celec_ords/2019/09/repDiaHid12m.ndjson.gz#repDiaHid12m:2019-09-20
2018-11-01,mazar,caudal_m3s,37,ords:repDiaHid12m,,2026-09-22T01:19:44Z,celec_ords/2019/09/repDiaHid12m.ndjson.gz#repDiaHid12m:2019-09-20
2018-11-01,mazar,cota_masl,2137.99,ords:repDiaHid12m,,2026-09-22T01:19:44Z,celec_ords/2019/09/repDiaHid12m.ndjson.gz#repDiaHid12m:2019-09-20
2018-11-01,minas_san_francisco,caudal_m3s,12,ords:repDiaHid12m,,2026-09-22T01:19:44Z,celec_ords/2019/09/repDiaHid12m.ndjson.gz#repDiaHid12m:2019-09-20
2018-11-01,minas_san_francisco,cota_masl,790.72,ords:repDiaHid12m,,2026-09-22T01:19:44Z,celec_ords/2019/09/repDiaHid12m.ndjson.gz#repDiaHid12m:2019-09-20
2018-11-02,amaluza,caudal_m3s,94,ords:repDiaHid12m,,2026-09-22T01:19:44Z,celec_ords/2019/09/repDiaHid12m.ndjson.gz#repDiaHid12m:2019-09-20
2018-11-02,amaluza,cota_masl,1988.29,ords:repDiaHid12m,,2026-09-22T01:19:44Z,celec_ords/2019/09/repDiaHid12m.ndjson.gz#repDiaHid12m:2019-09-20
2018-11-02,delsitanisagua,caudal_m3s,23,ords:repDiaHid12m,,2026-09-22T01:19:44Z,celec_ords/2019/09/repDiaHid12m.ndjson.gz#repDiaHid12m:2019-09-20
2018-11-02,mazar,caudal_m3s,29,ords:repDiaHid12m,,2026-09-22T01:19:44Z,celec_ords/2019/09/repDiaHid12m.ndjson.gz#repDiaHid12m:2019-09-20
2018-11-02,mazar,cota_masl,2138.21,ords:repDiaHid12m,,2026-09-22T01:19:44Z,celec_ords/2019/09/repDiaHid12m.ndjson.gz#repDiaHid12m:2019-09-20
2018-11-02,minas_san_francisco,caudal_m3s,16,ords:repDiaHid12m,,2026-09-22T01:19:44Z,celec_ords/2019/09/repDiaHid12m.ndjson.gz#repDiaHid12m:2019-09-20
2018-11-02,minas_san_francisco,cota_masl,790.88,ords:repDiaHid12m,,2026-09-22T01:19:44Z,celec_ords/2019/09/repDiaHid12m.ndjson.gz#repDiaHid12m:2019-09-20
2018-11-03,amaluza,caudal_m3s,18,ords:repDiaHid12m,,2026-09-22T01:19:44Z,celec_ords/2019/09/repDiaHid12m.ndjson.gz#repDiaHid12m:2019-09-20
2018-11-03,amaluza,cota_masl,1987.29,ords:repDiaHid12m,,2026-09-22T01:19:44Z,celec_ords/2019/09/repDiaHid12m.ndjson.gz#repDiaHid12m:2019-09-20
2018-11-03,delsitanisagua,caudal_m3s,22,ords:repDiaHid12m,,2026-09-22T01:19:44Z,celec_ords/2019/09/repDiaHid12m.ndjson.gz#repDiaHid12m:2019-09-20
2018-11-03,mazar,caudal_m3s,19,ords:repDiaHid12m,,2026-09-22T01:19:44Z,celec_ords/2019/09/repDiaHid12m.ndjson.gz#repDiaHid12m:2019-09-20
2018-11-03,mazar,cota_masl,2138.45,ords:repDiaHid12m,,2026-09-22T01:19:44Z,celec_ords/2019/09/repDiaHid12m.ndjson.gz#repDiaHid12m:2019-09-20
2018-11-03,minas_san_francisco,caudal_m3s,11,ords:repDiaHid12m,,2026-09-22T01:19:44Z,celec_ords/2019/09/repDiaHid12m.ndjson.gz#repDiaHid12m:2019-09-20
2018-11-03,minas_san_francisco,cota_masl,790.41,ords:repDiaHid12m,,2026-09-22T01:19:44Z,celec_ords/2019/09/repDiaHid12m.ndjson.gz#repDiaHid12m:2019-09-20
2018-11-04,amaluza,caudal_m3s,19,ords:repDiaHid12m,,2026-09-22T01:19:44Z,celec_ords/2019/09/repDiaHid12m.ndjson.gz#repDiaHid12m:2019-09-20
2018-11-04,amaluza,cota_masl,1986.75,ords:repDiaHid12m,,2026-09-22T01:19:44Z,celec_ords/2019/09/repDiaHid12m.ndjson.gz#repDiaHid12m:2019-09-20
2018-11-04,delsitanisagua,caudal_m3s,25,ords:repDiaHid12m,,2026-09-22T01:19:44Z,celec_ords/2019/09/repDiaHid12m.ndjson.gz#repDiaHid12m:2019-09-20
2018-11-04,mazar,caudal_m3s,37,ords:repDiaHid12m,,2026-09-22T01:19:44Z,celec_ords/2019/09/repDiaHid12m.ndjson.gz#repDiaHid12m:2019-09-20
2018-11-04,mazar,cota_masl,2138.68,ords:repDiaHid12m,,2026-09-22T01:19:44Z,celec_ords/2019/09/repDiaHid12m.ndjson.gz#repDiaHid12m:2019-09-20
2018-11-04,minas_san_francisco,caudal_m3s,9,ords:repDiaHid12m,,2026-09-22T01:19:44Z,celec_ords/2019/09/repDiaHid12m.ndjson.gz#repDiaHid12m:2019-09-20
2018-11-04,minas_san_francisco,cota_masl,789.73,ords:repDiaHid12m,,2026-09-22T01:19:44Z,celec_ords/2019/09/repDiaHid12m.ndjson.gz#repDiaHid12m:2019-09-20
2018-11-05,amaluza,caudal_m3s,8,ords:repDiaHid12m,,2026-09-22T01:19:44Z,celec_ords/2019/09/repDiaHid12m.ndjson.gz#repDiaHid12m:2019-09-20
2018-11-05,amaluza,cota_masl,1985.32,ords:repDiaHid12m,,2026-09-22T01:19:44Z,celec_ords/2019/09/repDiaHid12m.ndjson.gz#repDiaHid12m:2019-09-20
2018-11-05,delsitanisagua,caudal_m3s,22,ords:repDiaHid12m,,2026-09-22T01:19:44Z,celec_ords/2019/09/repDiaHid12m.ndjson.gz#repDiaHid12m:2019-09-20
2018-11-05,mazar,caudal_m3s,25,ords:repDiaHid12m,,2026-09-22T01:19:44Z,celec_ords/2019/09/repDiaHid12m.ndjson.gz#repDiaHid12m:2019-09-20
2018-11-05,mazar,cota_masl,2139.05,ords:repDiaHid12m,,2026-09-22T01:19:44Z,celec_ords/2019/09/repDiaHid12m.ndjson.gz#repDiaHid12m:2019-09-20
2018-11-05,minas_san_francisco,caudal_m3s,21,ords:repDiaHid12m,,2026-09-22T01:19:44Z,celec_ords/2019/09/repDiaHid12m.ndjson.gz#repDiaHid12m:2019-09-20
2018-11-05,minas_san_francisco,cota_masl,790.62,ords:repDiaHid12m,,2026-09-22T01:19:44Z,celec_ords/2019/09/repDiaHid12m.ndjson.gz#repDiaHid12m:2019-09-20
2018-11-06,amaluza,caudal_m3s,13,ords:repDiaHid12m,,2026-09-22T01:19:44Z,celec_ords/2019/09/repDiaHid12m.ndjson.gz#repDiaHid12m:2019-09-20
2018-11-06,amaluza,cota_masl,1984.23,ords:repDiaHid12m,,2026-09-22T01:19:44Z,celec_ords/2019/09/repDiaHid12m.ndjson.gz#repDiaHid12m:2019-09-20
2018-11-06,delsitanisagua,caudal_m3s,20,ords:repDiaHid12m,,2026-09-22T01:19:44Z,celec_ords/2019/09/repDiaHid12m.ndjson.gz#repDiaHid12m:2019-09-20
2018-11-06,mazar,caudal_m3s,38,ords:repDiaHid12m,,2026-09-22T01:19:44Z,celec_ords/2019/09/repDiaHid12m.ndjson.gz#repDiaHid12m:2019-09-20
2018-11-06,mazar,cota_masl,2139.14,ords:repDiaHid12m,,2026-09-22T01:19:44Z,celec_ords/2019/09/repDiaHid12m.ndjson.gz#repDiaHid12m:2019-09-20
2018-11-06,minas_san_francisco,caudal_m3s,13,ords:repDiaHid12m,,2026-09-22T01:19:44Z,celec_ords/2019/09/repDiaHid12m.ndjson.gz#repDiaHid12m:2019-09-20
2018-11-06,minas_san_francisco,cota_masl,790.73,ords:repDiaHid12m,,2026-09-22T01:19:44Z,celec_ords/2019/09/repDiaHid12m.ndjson.gz#repDiaHid12m:2019-09-20
2018-11-07,amaluza,caudal_m3s,12,ords:repDiaHid12m,,2026-09-22T01:19:44Z,celec_ords/2019/09/repDiaHid12m.ndjson.gz#repDiaHid12m:2019-09-20
2018-11-07,amaluza,cota_masl,1984.04,ords:repDiaHid12m,,2026-09-22T01:19:44Z,celec_ords/2019/09/repDiaHid12m.ndjson.gz#repDiaHid12m:2019-09-20
2018-11-07,delsitanisagua,caudal_m3s,26,ords:repDiaHid12m,,2026-09-22T01:19:44Z,celec_ords/2019/09/repDiaHid12m.ndjson.gz#repDiaHid12m:2019-09-20
2018-11-07,mazar,caudal_m3s,19,ords:repDiaHid12m,,2026-09-22T01:19:44Z,celec_ords/2019/09/repDiaHid12m.ndjson.gz#repDiaHid12m:2019-09-20
2018-11-07,mazar,cota_masl,2139.09,ords:repDiaHid12m,,2026-09-22T01:19:44Z,celec_ords/2019/09/repDiaHid12m.ndjson.gz#repDiaHid12m:2019-09-20
2018-11-07,minas_san_francisco,caudal_m3s,14,ords:repDiaHid12m,,2026-09-22T01:19:44Z,celec_ords/2019/09/repDiaHid12m.ndjson.gz#repDiaHid12m:2019-09-20
2018-11-07,minas_san_francisco,cota_masl,788.8,ords:repDiaHid12m,,2026-09-22T01:19:44Z,celec_ords/2019/09/repDiaHid12m.ndjson.gz#repDiaHid12m:2019-09-20
2018-11-08,amaluza,caudal_m3s,76,ords:repDiaHid12m,,2026-09-22T01:19:44Z,celec_ords/2019/09/repDiaHid12m.ndjson.gz#repDiaHid12m:2019-09-20
2018-11-08,amaluza,cota_masl,1985.38,ords:repDiaHid12m,,2026-09-22T01:19:44Z,celec_ords/2019/09/repDiaHid12m.ndjson.gz#repDiaHid12m:2019-09-20
2018-11-08,delsitanisagua,caudal_m3s,28,ords:repDiaHid12m,,2026-09-22T01:19:44Z,celec_ords/2019/09/repDiaHid12m.ndjson.gz#repDiaHid12m:2019-09-20
2018-11-08,mazar,caudal_m3s,13,ords:repDiaHid12m,,2026-09-22T01:19:44Z,celec_ords/2019/09/repDiaHid12m.ndjson.gz#repDiaHid12m:2019-09-20
2018-11-08,mazar,cota_masl,2138.42,ords:repDiaHid12m,,2026-09-22T01:19:44Z,celec_ords/2019/09/repDiaHid12m.ndjson.gz#repDiaHid12m:2019-09-20
2018-11-08,minas_san_francisco,caudal_m3s,7,ords:repDiaHid12m,,2026-09-22T01:19:44Z,celec_ords/2019/09/repDiaHid12m.ndjson.gz#repDiaHid12m:2019-09-20
2018-11-08,minas_san_francisco,cota_masl,788.05,ords:repDiaHid12m,,2026-09-22T01:19:44Z,celec_ords/2019/09/repDiaHid12m.ndjson.gz#repDiaHid12m:2019-09-20
2018-11-09,amaluza,caudal_m3s,18,ords:repDiaHid12m,,2026-09-22T01:19:44Z,celec_ords/2019/09/repDiaHid12m.ndjson.gz#repDiaHid12m:2019-09-20
2018-11-09,amaluza,cota_masl,1985.75,ords:repDiaHid12m,,2026-09-22T01:19:44Z,celec_ords/2019/09/repDiaHid12m.ndjson.gz#repDiaHid12m:2019-09-20
2018-11-09,delsitanisagua,caudal_m3s,21,ords:repDiaHid12m,,2026-09-22T01:19:44Z,celec_ords/2019/09/repDiaHid12m.ndjson.gz#repDiaHid12m:2019-09-20
2018-11-09,mazar,caudal_m3s,19,ords:repDiaHid12m,,2026-09-22T01:19:44Z,celec_ords/2019/09/repDiaHid12m.ndjson.gz#repDiaHid12m:2019-09-20
2018-11-09,mazar,cota_masl,2138.18,ords:repDiaHid12m,,2026-09-22T01:19:44Z,celec_ords/2019/09/repDiaHid12m.ndjson.gz#repDiaHid12m:2019-09-20
2018-11-09,minas_san_francisco,caudal_m3s,10,ords:repDiaHid12m,,2026-09-22T01:19:44Z,celec_ords/2019/09/repDiaHid12m.ndjson.gz#repDiaHid12m:2019-09-20
2018-11-09,minas_san_francisco,cota_masl,788.36,ords:repDiaHid12m,,2026-09-22T01:19:44Z,celec_ords/2019/09/repDiaHid12m.ndjson.gz#repDiaHid12m:2019-09-20
2018-11-10,amaluza,caudal_m3s,22,ords:repDiaHid12m,,2026-09-22T01:19:44Z,celec_ords/2019/09/repDiaHid12m.ndjson.gz#repDiaHid12m:2019-09-20
2018-11-10,amaluza,cota_masl,1985.38,ords:repDiaHid12m,,2026-09-22T01:19:44Z,celec_ords/2019/09/repDiaHid12m.ndjson.gz#repDiaHid12m:2019-09-20
2018-11-10,delsitanisagua,caudal_m3s,23,ords:repDiaHid12m,,2026-09-22T01:19:44Z,celec_ords/2019/09/repDiaHid12m.ndjson.gz#repDiaHid12m:2019-09-20
2018-11-10,mazar,caudal_m3s,37,ords:repDiaHid12m,,2026-09-22T01:19:44Z,celec_ords/2019/09/repDiaHid12m.ndjson.gz#repDiaHid12m:2019-09-20
2018-11-10,mazar,cota_masl,2138.32,ords:repDiaHid12m,,2026-09-22T01:19:44Z,celec_ords/2019/09/repDiaHid12m.ndjson.gz#repDiaHid12m:2019-09-20
2018-11-10,minas_san_francisco,caudal_m3s,10,ords:repDiaHid12m,,2026-09-22T01:19:44Z,celec_ords/2019/09/repDiaHid12m.ndjson.gz#repDiaHid12m:2019-09-20
2018-11-10,minas_san_francisco,cota_masl,788.9,ords:repDiaHid12m,,2026-09-22T01:19:44Z,celec_ords/2019/09/repDiaHid12m.ndjson.gz#repDiaHid12m:2019-09-20
2018-11-11,amaluza,caudal_m3s,28,ords:repDiaHid12m,,2026-09-22T01:19:44Z,celec_ords/2019/09/repDiaHid12m.ndjson.gz#repDiaHid12m:2019-09-20
2018-11-11,amaluza,cota_masl,1984.42,ords:repDiaHid12m,,2026-09-22T01:19:44Z,celec_ords/2019/09/repDiaHid12m.ndjson.gz#repDiaHid12m:2019-09-20
2018-11-11,delsitanisagua,caudal_m3s,26,ords:repDiaHid12m,,2026-09-22T01:19:44Z,celec_ords/2019/09/repDiaHid12m.ndjson.gz#repDiaHid12m:2019-09-20
2018-11-11,mazar,caudal_m3s,57,ords:repDiaHid12m,,2026-09-22T01:19:44Z,celec_ords/2019/09/repDiaHid12m.ndjson.gz#repDiaHid12m:2019-09-20
2018-11-11,mazar,cota_masl,2138.95,ords:repDiaHid12m,,2026-09-22T01:19:44Z,celec_ords/2019/09/repDiaHid12m.ndjson.gz#repDiaHid12m:2019-09-20
2018-11-11,minas_san_francisco,caudal_m3s,14,ords:repDiaHid12m,,2026-09-22T01:19:44Z,celec_ords/2019/09/repDiaHid12m.ndjson.gz#repDiaHid12m:2019-09-20
2018-11-11,minas_san_francisco,cota_masl,789.68,ords:repDiaHid12m,,2026-09-22T01:19:44Z,celec_ords/2019/09/repDiaHid12m.ndjson.gz#repDiaHid12m:2019-09-20
2018-11-12,amaluza,caudal_m3s,48,ords:repDiaHid12m,,2026-09-22T01:19:44Z,celec_ords/2019/09/repDiaHid12m.ndjson.gz#repDiaHid12m:2019-09-20
2018-11-12,amaluza,cota_masl,1984.58,ords:repDiaHid12m,,2026-09-22T01:19:44Z,celec_ords/2019/09/repDiaHid12m.ndjson.gz#repDiaHid12m:2019-09-20
2018-11-12,delsitanisagua,caudal_m3s,26,ords:repDiaHid12m,,2026-09-22T01:19:44Z,celec_ords/2019/09/repDiaHid12m.ndjson.gz#repDiaHid12m:2019-09-20
2018-11-12,mazar,caudal_m3s,41,ords:repDiaHid12m,,2026-09-22T01:19:44Z,celec_ords/2019/09/repDiaHid12m.ndjson.gz#repDiaHid12m:2019-09-20
2018-11-12,mazar,cota_masl,2138.91,ords:repDiaHid12m,,2026-09-22T01:19:44Z,celec_ords/2019/09/repDiaHid12m.ndjson.gz#repDiaHid12m:2019-09-20
2018-11-12,minas_san_francisco,caudal_m3s,21,ords:repDiaHid12m,,2026-09-22T01:19:44Z,celec_ords/2019/09/repDiaHid12m.ndjson.gz#repDiaHid12m:2019-09-20
2018-11-12,minas_san_francisco,cota_masl,790.51,ords:repDiaHid12m,,2026-09-22T01:19:44Z,celec_ords/2019/09/repDiaHid12m.ndjson.gz#repDiaHid12m:2019-09-20
2018-11-13,amaluza,caudal_m3s,88,ords:repDiaHid12m,,2026-09-22T01:19:44Z,celec_ords/2019/09/repDiaHid12m.ndjson.gz#repDiaHid12m:2019-09-20
2018-11-13,amaluza,cota_masl,1985.1,ords:repDiaHid12m,,2026-09-22T01:19:44Z,celec_ords/2019/09/repDiaHid12m.ndjson.gz#repDiaHid12m:2019-09-20
2018-11-13,delsitanisagua,caudal_m3s,66,ords:repDiaHid12m,,2026-09-22T01:19:44Z,celec_ords/2019/09/repDiaHid12m.ndjson.gz#repDiaHid12m:2019-09-20
2018-11-13,mazar,caudal_m3s,23,ords:repDiaHid12m,,2026-09-22T01:19:44Z,celec_ords/2019/09/repDiaHid12m.ndjson.gz#repDiaHid12m:2019-09-20
2018-11-13,mazar,cota_masl,2138.58,ords:repDiaHid12m,,2026-09-22T01:19:44Z,celec_ords/2019/09/repDiaHid12m.ndjson.gz#repDiaHid12m:2019-09-20
2018-11-13,minas_san_francisco,caudal_m3s,16,ords:repDiaHid12m,,2026-09-22T01:19:44Z,celec_ords/2019/09/repDiaHid12m.ndjson.gz#repDiaHid12m:2019-09-20
2018-11-13,minas_san_francisco,cota_masl,790.53,ords:repDiaHid12m,,2026-09-22T01:19:44Z,celec_ords/2019/09/repDiaHid12m.ndjson.gz#repDiaHid12m:2019-09-20
2018-11-14,amaluza,caudal_m3s,152,ords:repDiaHid12m,,2026-09-22T01:19:44Z,celec_ords/2019/09/repDiaHid12m.ndjson.gz#repDiaHid12m:2019-09-20
2018-11-14,amaluza,cota_masl,1985.76,ords:repDiaHid12m,,2026-09-22T01:19:44Z,celec_ords/2019/09/repDiaHid12m.ndjson.gz#repDiaHid12m:2019-09-20
2018-11-14,delsitanisagua,caudal_m3s,68,ords:repDiaHid12m,,2026-09-22T01:19:44Z,celec_ords/2019/09/repDiaHid12m.ndjson.gz#repDiaHid12m:2019-09-20
2018-11-14,mazar,caudal_m3s,110,ords:repDiaHid12m,,2026-09-22T01:19:44Z,celec_ords/2019/09/repDiaHid12m.ndjson.gz#repDiaHid12m:2019-09-20
2018-11-14,mazar,cota_masl,2138.58,ords:repDiaHid12m,,2026-09-22T01:19:44Z,celec_ords/2019/09/repDiaHid12m.ndjson.gz#repDiaHid12m:2019-09-20
2018-11-14,minas_san_francisco,caudal_m3s,26,ords:repDiaHid12m,,2026-09-22T01:19:44Z,celec_ords/2019/09/repDiaHid12m.ndjson.gz#repDiaHid12m:2019-09-20
2018-11-14,minas_san_francisco,cota_masl,791.77,ords:repDiaHid12m,,2026-09-22T01:19:44Z,celec_ords/2019/09/repDiaHid12m.ndjson.gz#repDiaHid12m:2019-09-20
2018-11-15,amaluza,caudal_m3s,122,ords:repDiaHid12m,,2026-09-22T01:19:44Z,celec_ords/2019/09/repDiaHid12m.ndjson.gz#repDiaHid12m:2019-09-20
2018-11-15,amaluza,cota_masl,1986.58,ords:repDiaHid12m,,2026-09-22T01:19:44Z,celec_ords/2019/09/repDiaHid12m.ndjson.gz#repDiaHid12m:2019-09-20
2018-11-15,delsitanisagua,caudal_m3s,38,ords:repDiaHid12m,,2026-09-22T01:19:44Z,celec_ords/2019/09/repDiaHid12m.ndjson.gz#repDiaHid12m:2019-09-20
2018-11-15,mazar,caudal_m3s,45,ords:repDiaHid12m,,2026-09-22T01:19:44Z,celec_ords/2019/09/repDiaHid12m.ndjson.gz#repDiaHid12m:2019-09-20
2018-11-15,mazar,cota_masl,2138.84,ords:repDiaHid12m,,2026-09-22T01:19:44Z,celec_ords/2019/09/repDiaHid12m.ndjson.gz#repDiaHid12m:2019-09-20
2018-11-15,minas_san_francisco,caudal_m3s,28,ords:repDiaHid12m,,2026-09-22T01:19:44Z,celec_ords/2019/09/repDiaHid12m.ndjson.gz#repDiaHid12m:2019-09-20
2018-11-15,minas_san_francisco,cota_masl,791.19,ords:repDiaHid12m,,2026-09-22T01:19:44Z,celec_ords/2019/09/repDiaHid12m.ndjson.gz#repDiaHid12m:2019-09-20
2018-11-16,amaluza,caudal_m3s,53,ords:repDiaHid12m,,2026-09-22T01:19:44Z,celec_ords/2019/09/repDiaHid12m.ndjson.gz#repDiaHid12m:2019-09-20
2018-11-16,amaluza,cota_masl,1987.11,ords:repDiaHid12m,,2026-09-22T01:19:44Z,celec_ords/2019/09/repDiaHid12m.ndjson.gz#repDiaHid12m:2019-09-20
2018-11-16,delsitanisagua,caudal_m3s,37,ords:repDiaHid12m,,2026-09-22T01:19:44Z,celec_ords/2019/09/repDiaHid12m.ndjson.gz#repDiaHid12m:2019-09-20
2018-11-16,mazar,caudal_m3s,137,ords:repDiaHid12m,,2026-09-22T01:19:44Z,celec_ords/2019/09/repDiaHid12m.ndjson.gz#repDiaHid12m:2019-09-20
2018-11-16,mazar,cota_masl,2141.24,ords:repDiaHid12m,,2026-09-22T01:19:44Z,celec_ords/2019/09/repDiaHid12m.ndjson.gz#repDiaHid12m:2019-09-20
2018-11-16,minas_san_francisco,caudal_m3s,56,ords:repDiaHid12m,,2026-09-22T01:19:44Z,celec_ords/2019/09/repDiaHid12m.ndjson.gz#repDiaHid12m:2019-09-20
2018-11-16,minas_san_francisco,cota_masl,791.59,ords:repDiaHid12m,,2026-09-22T01:19:44Z,celec_ords/2019/09/repDiaHid12m.ndjson.gz#repDiaHid12m:2019-09-20
2018-11-17,amaluza,caudal_m3s,29,ords:repDiaHid12m,,2026-09-22T01:19:44Z,celec_ords/2019/09/repDiaHid12m.ndjson.gz#repDiaHid12m:2019-09-20
2018-11-17,amaluza,cota_masl,1985.84,ords:repDiaHid12m,,2026-09-22T01:19:44Z,celec_ords/2019/09/repDiaHid12m.ndjson.gz#repDiaHid12m:2019-09-20
2018-11-17,delsitanisagua,caudal_m3s,27,ords:repDiaHid12m,,2026-09-22T01:19:44Z,celec_ords/2019/09/repDiaHid12m.ndjson.gz#repDiaHid12m:2019-09-20
2018-11-17,mazar,caudal_m3s,53,ords:repDiaHid12m,,2026-09-22T01:19:44Z,celec_ords/2019/09/repDiaHid12m.ndjson.gz#repDiaHid12m:2019-09-20
2018-11-17,mazar,cota_masl,2142.15,ords:repDiaHid12m,,2026-09-22T01:19:44Z,celec_ords/2019/09/repDiaHid12m.ndjson.gz#repDiaHid12m:2019-09-20
2018-11-17,minas_san_francisco,caudal_m3s,30,ords:repDiaHid12m,,2026-09-22T01:19:44Z,celec_ords/2019/09/repDiaHid12m.ndjson.gz#repDiaHid12m:2019-09-20
2018-11-17,minas_san_francisco,cota_masl,790.25,ords:repDiaHid12m,,2026-09-22T01:19:44Z,celec_ords/2019/09/repDiaHid12m.ndjson.gz#repDiaHid12m:2019-09-20
2018-11-18,amaluza,caudal_m3s,187,ords:repDiaHid12m,,2026-09-22T01:19:44Z,celec_ords/2019/09/repDiaHid12m.ndjson.gz#repDiaHid12m:2019-09-20
2018-11-18,amaluza,cota_masl,1986.04,ords:repDiaHid12m,,2026-09-22T01:19:44Z,celec_ords/2019/09/repDiaHid12m.ndjson.gz#repDiaHid12m:2019-09-20
2018-11-18,delsitanisagua,caudal_m3s,115,ords:repDiaHid12m,,2026-09-22T01:19:44Z,celec_ords/2019/09/repDiaHid12m.ndjson.gz#repDiaHid12m:2019-09-20
2018-11-18,mazar,caudal_m3s,134,ords:repDiaHid12m,,2026-09-22T01:19:44Z,celec_ords/2019/09/repDiaHid12m.ndjson.gz#repDiaHid12m:2019-09-20
2018-11-18,mazar,cota_masl,2142.78,ords:repDiaHid12m,,2026-09-22T01:19:44Z,celec_ords/2019/09/repDiaHid12m.ndjson.gz#repDiaHid12m:2019-09-20
2018-11-18,minas_san_francisco,caudal_m3s,20,ords:repDiaHid12m,,2026-09-22T01:19:44Z,celec_ords/2019/09/repDiaHid12m.ndjson.gz#repDiaHid12m:2019-09-20
2018-11-18,minas_san_francisco,cota_masl,786.49,ords:repDiaHid12m,,2026-09-22T01:19:44Z,celec_ords/2019/09/repDiaHid12m.ndjson.gz#repDiaHid12m:2019-09-20
2018-11-19,amaluza,caudal_m3s,110,ords:repDiaHid12m,,2026-09-22T01:19:44Z,celec_ords/2019/09/repDiaHid12m.ndjson.gz#repDiaHid12m:2019-09-20
2018-11-19,amaluza,cota_masl,1986.84,ords:repDiaHid12m,,2026-09-22T01:19:44Z,celec_ords/2019/09/repDiaHid12m.ndjson.gz#repDiaHid12m:2019-09-20
2018-11-19,delsitanisagua,caudal_m3s,56,ords:repDiaHid12m,,2026-09-22T01:19:44Z,celec_ords/2019/09/repDiaHid12m.ndjson.gz#repDiaHid12m:2019-09-20
2018-11-19,mazar,caudal_m3s,175,ords:repDiaHid12m,,2026-09-22T01:19:44Z,celec_ords/2019/09/repDiaHid12m.ndjson.gz#repDiaHid12m:2019-09-20
2018-11-19,mazar,cota_masl,2145.12,ords:repDiaHid12m,,2026-09-22T01:19:44Z,celec_ords/2019/09/repDiaHid12m.ndjson.gz#repDiaHid12m:2019-09-20
2018-11-19,minas_san_francisco,caudal_m3s,80,ords:repDiaHid12m,,2026-09-22T01:19:44Z,celec_ords/2019/09/repDiaHid12m.ndjson.gz#repDiaHid12m:2019-09-20
2018-11-19,minas_san_francisco,cota_masl,791.74,ords:repDiaHid12m,,2026-09-22T01:19:44Z,celec_ords/2019/09/repDiaHid12m.ndjson.gz#repDiaHid12m:2019-09-20
2018-11-20,amaluza,caudal_m3s,61,ords:repDiaHid12m,,2026-09-22T01:19:44Z,celec_ords/2019/09/repDiaHid12m.ndjson.gz#repDiaHid12m:2019-09-20
2018-11-20,amaluza,cota_masl,1987.71,ords:repDiaHid12m,,2026-09-22T01:19:44Z,celec_ords/2019/09/repDiaHid12m.ndjson.gz#repDiaHid12m:2019-09-20
2018-11-20,delsitanisagua,caudal_m3s,76,ords:repDiaHid12m,,2026-09-22T01:19:44Z,celec_ords/2019/09/repDiaHid12m.ndjson.gz#repDiaHid12m:2019-09-20
2018-11-20,mazar,caudal_m3s,318,ords:repDiaHid12m,,2026-09-22T01:19:44Z,celec_ords/2019/09/repDiaHid12m.ndjson.gz#repDiaHid12m:2019-09-20
2018-11-20,mazar,cota_masl,2146.57,ords:repDiaHid12m,,2026-09-22T01:19:44Z,celec_ords/2019/09/repDiaHid12m.ndjson.gz#repDiaHid12m:2019-09-20
2018-11-20,minas_san_francisco,caudal_m3s,34,ords:repDiaHid12m,,2026-09-22T01:19:44Z,celec_ords/2019/09/repDiaHid12m.ndjson.gz#repDiaHid12m:2019-09-20
2018-11-20,minas_san_francisco,cota_masl,790.34,ords:repDiaHid12m,,2026-09-22T01:19:44Z,celec_ords/2019/09/repDiaHid12m.ndjson.gz#repDiaHid12m:2019-09-20
2018-11-21,amaluza,caudal_m3s,66,ords:repDiaHid12m,,2026-09-22T01:19:44Z,celec_ords/2019/09/repDiaHid12m.ndjson.gz#repDiaHid12m:2019-09-20
2018-11-21,amaluza,cota_masl,1987.28,ords:repDiaHid12m,,2026-09-22T01:19:44Z,celec_ords/2019/09/repDiaHid12m.ndjson.gz#repDiaHid12m:2019-09-20
2018-11-21,delsitanisagua,caudal_m3s,60,ords:repDiaHid12m,,2026-09-22T01:19:44Z,celec_ords/2019/09/repDiaHid12m.ndjson.gz#repDiaHid12m:2019-09-20
2018-11-21,mazar,caudal_m3s,191,ords:repDiaHid12m,,2026-09-22T01:19:44Z,celec_ords/2019/09/repDiaHid12m.ndjson.gz#repDiaHid12m:2019-09-20
2018-11-21,mazar,cota_masl,2147.96,ords:repDiaHid12m,,2026-09-22T01:19:44Z,celec_ords/2019/09/repDiaHid12m.ndjson.gz#repDiaHid12m:2019-09-20
2018-11-21,minas_san_francisco,caudal_m3s,37,ords:repDiaHid12m,,2026-09-22T01:19:44Z,celec_ords/2019/09/repDiaHid12m.ndjson.gz#repDiaHid12m:2019-09-20
2018-11-21,minas_san_francisco,cota_masl,789.83,ords:repDiaHid12m,,2026-09-22T01:19:44Z,celec_ords/2019/09/repDiaHid12m.ndjson.gz#repDiaHid12m:2019-09-20
2018-11-22,amaluza,caudal_m3s,32,ords:repDiaHid12m,,2026-09-22T01:19:44Z,celec_ords/2019/09/repDiaHid12m.ndjson.gz#repDiaHid12m:2019-09-20
2018-11-22,amaluza,cota_masl,1986.2,ords:repDiaHid12m,,2026-09-22T01:19:44Z,celec_ords/2019/09/repDiaHid12m.ndjson.gz#repDiaHid12m:2019-09-20
2018-11-22,delsitanisagua,caudal_m3s,32,ords:repDiaHid12m,,2026-09-22T01:19:44Z,celec_ords/2019/09/repDiaHid12m.ndjson.gz#repDiaHid12m:2019-09-20
2018-11-22,mazar,caudal_m3s,67,ords:repDiaHid12m,,2026-09-22T01:19:44Z,celec_ords/2019/09/repDiaHid12m.ndjson.gz#repDiaHid12m:2019-09-20
2018-11-22,mazar,cota_masl,2148.81,ords:repDiaHid12m,,2026-09-22T01:19:44Z,celec_ords/2019/09/repDiaHid12m.ndjson.gz#repDiaHid12m:2019-09-20
2018-11-22,minas_san_francisco,caudal_m3s,29,ords:repDiaHid12m,,2026-09-22T01:19:44Z,celec_ords/2019/09/repDiaHid12m.ndjson.gz#repDiaHid12m:2019-09-20
2018-11-22,minas_san_francisco,cota_masl,786.72,ords:repDiaHid12m,,2026-09-22T01:19:44Z,celec_ords/2019/09/repDiaHid12m.ndjson.gz#repDiaHid12m:2019-09-20
2018-11-23,amaluza,caudal_m3s,85,ords:repDiaHid12m,,2026-09-22T01:19:44Z,celec_ords/2019/09/repDiaHid12m.ndjson.gz#repDiaHid12m:2019-09-20
2018-11-23,amaluza,cota_masl,1985.84,ords:repDiaHid12m,,2026-09-22T01:19:44Z,celec_ords/2019/09/repDiaHid12m.ndjson.gz#repDiaHid12m:2019-09-20
2018-11-23,delsitanisagua,caudal_m3s,28,ords:repDiaHid12m,,2026-09-22T01:19:44Z,celec_ords/2019/09/repDiaHid12m.ndjson.gz#repDiaHid12m:2019-09-20
2018-11-23,mazar,caudal_m3s,17,ords:repDiaHid12m,,2026-09-22T01:19:44Z,celec_ords/2019/09/repDiaHid12m.ndjson.gz#repDiaHid12m:2019-09-20
2018-11-23,mazar,cota_masl,2148.8,ords:repDiaHid12m,,2026-09-22T01:19:44Z,celec_ords/2019/09/repDiaHid12m.ndjson.gz#repDiaHid12m:2019-09-20
2018-11-23,minas_san_francisco,caudal_m3s,21,ords:repDiaHid12m,,2026-09-22T01:19:44Z,celec_ords/2019/09/repDiaHid12m.ndjson.gz#repDiaHid12m:2019-09-20
2018-11-23,minas_san_francisco,cota_masl,785.59,ords:repDiaHid12m,,2026-09-22T01:19:44Z,celec_ords/2019/09/repDiaHid12m.ndjson.gz#repDiaHid12m:2019-09-20
2018-11-24,amaluza,caudal_m3s,163,ords:repDiaHid12m,,2026-09-22T01:19:44Z,celec_ords/2019/09/repDiaHid12m.ndjson.gz#repDiaHid12m:2019-09-20
2018-11-24,amaluza,cota_masl,1986.02,ords:repDiaHid12m,,2026-09-22T01:19:44Z,celec_ords/2019/09/repDiaHid12m.ndjson.gz#repDiaHid12m:2019-09-20
2018-11-24,delsitanisagua,caudal_m3s,55,ords:repDiaHid12m,,2026-09-22T01:19:44Z,celec_ords/2019/09/repDiaHid12m.ndjson.gz#repDiaHid12m:2019-09-20
2018-11-24,mazar,caudal_m3s,56,ords:repDiaHid12m,,2026-09-22T01:19:44Z,celec_ords/2019/09/repDiaHid12m.ndjson.gz#repDiaHid12m:2019-09-20
2018-11-24,mazar,cota_masl,2148.35,ords:repDiaHid12m,,2026-09-22T01:19:44Z,celec_ords/2019/09/repDiaHid12m.ndjson.gz#repDiaHid12m:2019-09-20
2018-11-24,minas_san_francisco,caudal_m3s,16,ords:repDiaHid12m,,2026-09-22T01:19:44Z,celec_ords/2019/09/repDiaHid12m.ndjson.gz#repDiaHid12m:2019-09-20
2018-11-24,minas_san_francisco,cota_masl,784.74,ords:repDiaHid12m,,2026-09-22T01:19:44Z,celec_ords/2019/09/repDiaHid12m.ndjson.gz#repDiaHid12m:2019-09-20
2018-11-25,amaluza,caudal_m3s,158,ords:repDiaHid12m,,2026-09-22T01:19:44Z,celec_ords/2019/09/repDiaHid12m.ndjson.gz#repDiaHid12m:2019-09-20
2018-11-25,amaluza,cota_masl,1986.4,ords:repDiaHid12m,,2026-09-22T01:19:44Z,celec_ords/2019/09/repDiaHid12m.ndjson.gz#repDiaHid12m:2019-09-20
2018-11-25,delsitanisagua,caudal_m3s,33,ords:repDiaHid12m,,2026-09-22T01:19:44Z,celec_ords/2019/09/repDiaHid12m.ndjson.gz#repDiaHid12m:2019-09-20
2018-11-25,mazar,caudal_m3s,34,ords:repDiaHid12m,,2026-09-22T01:19:44Z,celec_ords/2019/09/repDiaHid12m.ndjson.gz#repDiaHid12m:2019-09-20
2018-11-25,mazar,cota_masl,2147.83,ords:repDiaHid12m,,2026-09-22T01:19:44Z,celec_ords/2019/09/repDiaHid12m.ndjson.gz#repDiaHid12m:2019-09-20
2018-11-25,minas_san_francisco,caudal_m3s,15,ords:repDiaHid12m,,2026-09-22T01:19:44Z,celec_ords/2019/09/repDiaHid12m.ndjson.gz#repDiaHid12m:2019-09-20
2018-11-25,minas_san_francisco,cota_masl,785.33,ords:repDiaHid12m,,2026-09-22T01:19:44Z,celec_ords/2019/09/repDiaHid12m.ndjson.gz#repDiaHid12m:2019-09-20
2018-11-26,amaluza,caudal_m3s,32,ords:repDiaHid12m,,2026-09-22T01:19:44Z,celec_ords/2019/09/repDiaHid12m.ndjson.gz#repDiaHid12m:2019-09-20
2018-11-26,amaluza,cota_masl,1986.09,ords:repDiaHid12m,,2026-09-22T01:19:44Z,celec_ords/2019/09/repDiaHid12m.ndjson.gz#repDiaHid12m:2019-09-20
2018-11-26,delsitanisagua,caudal_m3s,86,ords:repDiaHid12m,,2026-09-22T01:19:44Z,celec_ords/2019/09/repDiaHid12m.ndjson.gz#repDiaHid12m:2019-09-20
2018-11-26,mazar,caudal_m3s,103,ords:repDiaHid12m,,2026-09-22T01:19:44Z,celec_ords/2019/09/repDiaHid12m.ndjson.gz#repDiaHid12m:2019-09-20
2018-11-26,mazar,cota_masl,2147.45,ords:repDiaHid12m,,2026-09-22T01:19:44Z,celec_ords/2019/09/repDiaHid12m.ndjson.gz#repDiaHid12m:2019-09-20
2018-11-26,minas_san_francisco,caudal_m3s,21,ords:repDiaHid12m,,2026-09-22T01:19:44Z,celec_ords/2019/09/repDiaHid12m.ndjson.gz#repDiaHid12m:2019-09-20
2018-11-26,minas_san_francisco,cota_masl,785.72,ords:repDiaHid12m,,2026-09-22T01:19:44Z,celec_ords/2019/09/repDiaHid12m.ndjson.gz#repDiaHid12m:2019-09-20
2018-11-27,amaluza,caudal_m3s,126,ords:repDiaHid12m,,2026-09-22T01:19:44Z,celec_ords/2019/09/repDiaHid12m.ndjson.gz#repDiaHid12m:2019-09-20
2018-11-27,amaluza,cota_masl,1985.94,ords:repDiaHid12m,,2026-09-22T01:19:44Z,celec_ords/2019/09/repDiaHid12m.ndjson.gz#repDiaHid12m:2019-09-20
2018-11-27,delsitanisagua,caudal_m3s,37,ords:repDiaHid12m,,2026-09-22T01:19:44Z,celec_ords/2019/09/repDiaHid12m.ndjson.gz#repDiaHid12m:2019-09-20
2018-11-27,mazar,caudal_m3s,85,ords:repDiaHid12m,,2026-09-22T01:19:44Z,celec_ords/2019/09/repDiaHid12m.ndjson.gz#repDiaHid12m:2019-09-20
2018-11-27,mazar,cota_masl,2148.12,ords:repDiaHid12m,,2026-09-22T01:19:44Z,celec_ords/2019/09/repDiaHid12m.ndjson.gz#repDiaHid12m:2019-09-20
2018-11-27,minas_san_francisco,caudal_m3s,36,ords:repDiaHid12m,,2026-09-22T01:19:44Z,celec_ords/2019/09/repDiaHid12m.ndjson.gz#repDiaHid12m:2019-09-20
2018-11-27,minas_san_francisco,cota_masl,790.09,ords:repDiaHid12m,,2026-09-22T01:19:44Z,celec_ords/2019/09/repDiaHid12m.ndjson.gz#repDiaHid12m:2019-09-20
2018-11-28,amaluza,caudal_m3s,128,ords:repDiaHid12m,,2026-09-22T01:19:44Z,celec_ords/2019/09/repDiaHid12m.ndjson.gz#repDiaHid12m:2019-09-20
2018-11-28,amaluza,cota_masl,1985.92,ords:repDiaHid12m,,2026-09-22T01:19:44Z,celec_ords/2019/09/repDiaHid12m.ndjson.gz#repDiaHid12m:2019-09-20
2018-11-28,delsitanisagua,caudal_m3s,29,ords:repDiaHid12m,,2026-09-22T01:19:44Z,celec_ords/2019/09/repDiaHid12m.ndjson.gz#repDiaHid12m:2019-09-20
2018-11-28,mazar,caudal_m3s,56,ords:repDiaHid12m,,2026-09-22T01:19:44Z,celec_ords/2019/09/repDiaHid12m.ndjson.gz#repDiaHid12m:2019-09-20
2018-11-28,mazar,cota_masl,2147.99,ords:repDiaHid12m,,2026-09-22T01:19:44Z,celec_ords/2019/09/repDiaHid12m.ndjson.gz#repDiaHid12m:2019-09-20
2018-11-28,minas_san_francisco,caudal_m3s,21,ords:repDiaHid12m,,2026-09-22T01:19:44Z,celec_ords/2019/09/repDiaHid12m.ndjson.gz#repDiaHid12m:2019-09-20
2018-11-28,minas_san_francisco,cota_masl,789.26,ords:repDiaHid12m,,2026-09-22T01:19:44Z,celec_ords/2019/09/repDiaHid12m.ndjson.gz#repDiaHid12m:2019-09-20
2018-11-29,amaluza,caudal_m3s,69,ords:repDiaHid12m,,2026-09-22T01:19:44Z,celec_ords/2019/09/repDiaHid12m.ndjson.gz#repDiaHid12m:2019-09-20
2018-11-29,amaluza,cota_masl,1984.5,ords:repDiaHid12m,,2026-09-22T01:19:44Z,celec_ords/2019/09/repDiaHid12m.ndjson.gz#repDiaHid12m:2019-09-20
2018-11-29,delsitanisagua,caudal_m3s,27,ords:repDiaHid12m,,2026-09-22T01:19:44Z,celec_ords/2019/09/repDiaHid12m.ndjson.gz#repDiaHid12m:2019-09-20
2018-11-29,mazar,caudal_m3s,88,ords:repDiaHid12m,,2026-09-22T01:19:44Z,celec_ords/2019/09/repDiaHid12m.ndjson.gz#repDiaHid12m:2019-09-20
2018-11-29,mazar,cota_masl,2148.18,ords:repDiaHid12m,,2026-09-22T01:19:44Z,celec_ords/2019/09/repDiaHid12m.ndjson.gz#repDiaHid12m:2019-09-20
2018-11-29,minas_san_francisco,caudal_m3s,16,ords:repDiaHid12m,,2026-09-22T01:19:44Z,celec_ords/2019/09/repDiaHid12m.ndjson.gz#repDiaHid12m:2019-09-20
2018-11-29,minas_san_francisco,cota_masl,787.02,ords:repDiaHid12m,,2026-09-22T01:19:44Z,celec_ords/2019/09/repDiaHid12m.ndjson.gz#repDiaHid12m:2019-09-20
2018-11-30,amaluza,caudal_m3s,66,ords:repDiaHid12m,,2026-09-22T01:19:44Z,celec_ords/2019/09/repDiaHid12m.ndjson.gz#repDiaHid12m:2019-09-20
2018-11-30,amaluza,cota_masl,1981.71,ords:repDiaHid12m,,2026-09-22T01:19:44Z,celec_ords/2019/09/repDiaHid12m.ndjson.gz#repDiaHid12m:2019-09-20
2018-11-30,delsitanisagua,caudal_m3s,25,ords:repDiaHid12m,,2026-09-22T01:19:44Z,celec_ords/2019/09/repDiaHid12m.ndjson.gz#repDiaHid12m:2019-09-20
2018-11-30,mazar,caudal_m3s,39,ords:repDiaHid12m,,2026-09-22T01:19:44Z,celec_ords/2019/09/repDiaHid12m.ndjson.gz#repDiaHid12m:2019-09-20
2018-11-30,mazar,cota_masl,2148.36,ords:repDiaHid12m,,2026-09-22T01:19:44Z,celec_ords/2019/09/repDiaHid12m.ndjson.gz#repDiaHid12m:2019-09-20
2018-11-30,minas_san_francisco,caudal_m3s,14,ords:repDiaHid12m,,2026-09-22T01:19:44Z,celec_ords/2019/09/repDiaHid12m.ndjson.gz#repDiaHid12m:2019-09-20
2018-11-30,minas_san_francisco,cota_masl,786.31,ords:repDiaHid12m,,2026-09-22T01:19:44Z,celec_ords/2019/09/repDiaHid12m.ndjson.gz#repDiaHid12m:2019-09-20
2018-12-01,amaluza,caudal_m3s,164,ords:repDiaHid12m,,2026-09-22T01:19:44Z,celec_ords/2019/09/repDiaHid12m.ndjson.gz#repDiaHid12m:2019-09-20
2018-12-01,amaluza,cota_masl,1979.9,ords:repDiaHid12m,,2026-09-22T01:19:44Z,celec_ords/2019/09/repDiaHid12m.ndjson.gz#repDiaHid12m:2019-09-20
2018-12-01,delsitanisagua,caudal_m3s,24,ords:repDiaHid12m,,2026-09-22T01:19:44Z,celec_ords/2019/09/repDiaHid12m.ndjson.gz#repDiaHid12m:2019-09-20
2018-12-01,mazar,caudal_m3s,34,ords:repDiaHid12m,,2026-09-22T01:19:44Z,celec_ords/2019/09/repDiaHid12m.ndjson.gz#repDiaHid12m:2019-09-20
2018-12-01,mazar,cota_masl,2148.34,ords:repDiaHid12m,,2026-09-22T01:19:44Z,celec_ords/2019/09/repDiaHid12m.ndjson.gz#repDiaHid12m:2019-09-20
2018-12-01,minas_san_francisco,caudal_m3s,11,ords:repDiaHid12m,,2026-09-22T01:19:44Z,celec_ords/2019/09/repDiaHid12m.ndjson.gz#repDiaHid12m:2019-09-20
2018-12-01,minas_san_francisco,cota_masl,786.51,ords:repDiaHid12m,,2026-09-22T01:19:44Z,celec_ords/2019/09/repDiaHid12m.ndjson.gz#repDiaHid12m:2019-09-20
2018-12-02,amaluza,caudal_m3s,142,ords:repDiaHid12m,,2026-09-22T01:19:44Z,celec_ords/2019/09/repDiaHid12m.ndjson.gz#repDiaHid12m:2019-09-20
2018-12-02,amaluza,cota_masl,1983.5,ords:repDiaHid12m,,2026-09-22T01:19:44Z,celec_ords/2019/09/repDiaHid12m.ndjson.gz#repDiaHid12m:2019-09-20
2018-12-02,delsitanisagua,caudal_m3s,24,ords:repDiaHid12m,,2026-09-22T01:19:44Z,celec_ords/2019/09/repDiaHid12m.ndjson.gz#repDiaHid12m:2019-09-20
2018-12-02,mazar,caudal_m3s,44,ords:repDiaHid12m,,2026-09-22T01:19:44Z,celec_ords/2019/09/repDiaHid12m.ndjson.gz#repDiaHid12m:2019-09-20
2018-12-02,mazar,cota_masl,2147.45,ords:repDiaHid12m,,2026-09-22T01:19:44Z,celec_ords/2019/09/repDiaHid12m.ndjson.gz#repDiaHid12m:2019-09-20
2018-12-02,minas_san_francisco,caudal_m3s,10,ords:repDiaHid12m,,2026-09-22T01:19:44Z,celec_ords/2019/09/repDiaHid12m.ndjson.gz#repDiaHid12m:2019-09-20
2018-12-02,minas_san_francisco,cota_masl,786.15,ords:repDiaHid12m,,2026-09-22T01:19:44Z,celec_ords/2019/09/repDiaHid12m.ndjson.gz#repDiaHid12m:2019-09-20
2018-12-03,amaluza,caudal_m3s,150,ords:repDiaHid12m,,2026-09-22T01:19:44Z,celec_ords/2019/09/repDiaHid12m.ndjson.gz#repDiaHid12m:2019-09-20
2018-12-03,amaluza,cota_masl,1982.98,ords:repDiaHid12m,,2026-09-22T01:19:44Z,celec_ords/2019/09/repDiaHid12m.ndjson.gz#repDiaHid12m:2019-09-20
2018-12-03,delsitanisagua,caudal_m3s,30,ords:repDiaHid12m,,2026-09-22T01:19:44Z,celec_ords/2019/09/repDiaHid12m.ndjson.gz#repDiaHid12m:2019-09-20
2018-12-03,mazar,caudal_m3s,42,ords:repDiaHid12m,,2026-09-22T01:19:44Z,celec_ords/2019/09/repDiaHid12m.ndjson.gz#repDiaHid12m:2019-09-20
2018-12-03,mazar,cota_masl,2146.84,ords:repDiaHid12m,,2026-09-22T01:19:44Z,celec_ords/2019/09/repDiaHid12m.ndjson.gz#repDiaHid12m:2019-09-20
2018-12-03,minas_san_francisco,caudal_m3s,13,ords:repDiaHid12m,,2026-09-22T01:19:44Z,celec_ords/2019/09/repDiaHid12m.ndjson.gz#repDiaHid12m:2019-09-20
2018-12-03,minas_san_francisco,cota_masl,786.1,ords:repDiaHid12m,,2026-09-22T01:19:44Z,celec_ords/2019/09/repDiaHid12m.ndjson.gz#repDiaHid12m:2019-09-20
2018-12-04,amaluza,caudal_m3s,175,ords:repDiaHid12m,,2026-09-22T01:19:44Z,celec_ords/2019/09/repDiaHid12m.ndjson.gz#repDiaHid12m:2019-09-20
2018-12-04,amaluza,cota_masl,1984.13,ords:repDiaHid12m,,2026-09-22T01:19:44Z,celec_ords/2019/09/repDiaHid12m.ndjson.gz#repDiaHid12m:2019-09-20
2018-12-04,delsitanisagua,caudal_m3s,23,ords:repDiaHid12m,,2026-09-22T01:19:44Z,celec_ords/2019/09/repDiaHid12m.ndjson.gz#repDiaHid12m:2019-09-20
2018-12-04,mazar,caudal_m3s,68,ords:repDiaHid12m,,2026-09-22T01:19:44Z,celec_ords/2019/09/repDiaHid12m.ndjson.gz#repDiaHid12m:2019-09-20
2018-12-04,mazar,cota_masl,2146.24,ords:repDiaHid12m,,2026-09-22T01:19:44Z,celec_ords/2019/09/repDiaHid12m.ndjson.gz#repDiaHid12m:2019-09-20
2018-12-04,minas_san_francisco,caudal_m3s,9,ords:repDiaHid12m,,2026-09-22T01:19:44Z,celec_ords/2019/09/repDiaHid12m.ndjson.gz#repDiaHid12m:2019-09-20
2018-12-04,minas_san_francisco,cota_masl,786.12,ords:repDiaHid12m,,2026-09-22T01:19:44Z,celec_ords/2019/09/repDiaHid12m.ndjson.gz#repDiaHid12m:2019-09-20
2018-12-05,amaluza,caudal_m3s,184,ords:repDiaHid12m,,2026-09-22T01:19:44Z,celec_ords/2019/09/repDiaHid12m.ndjson.gz#repDiaHid12m:2019-09-20
2018-12-05,amaluza,cota_masl,1985.31,ords:repDiaHid12m,,2026-09-22T01:19:44Z,celec_ords/2019/09/repDiaHid12m.ndjson.gz#repDiaHid12m:2019-09-20
2018-12-05,delsitanisagua,caudal_m3s,22,ords:repDiaHid12m,,2026-09-22T01:19:44Z,celec_ords/2019/09/repDiaHid12m.ndjson.gz#repDiaHid12m:2019-09-20
2018-12-05,mazar,caudal_m3s,29,ords:repDiaHid12m,,2026-09-22T01:19:44Z,celec_ords/2019/09/repDiaHid12m.ndjson.gz#repDiaHid12m:2019-09-20
2018-12-05,mazar,cota_masl,2145.51,ords:repDiaHid12m,,2026-09-22T01:19:44Z,celec_ords/2019/09/repDiaHid12m.ndjson.gz#repDiaHid12m:2019-09-20
2018-12-05,minas_san_francisco,caudal_m3s,9,ords:repDiaHid12m,,2026-09-22T01:19:44Z,celec_ords/2019/09/repDiaHid12m.ndjson.gz#repDiaHid12m:2019-09-20
2018-12-05,minas_san_francisco,cota_masl,786.07,ords:repDiaHid12m,,2026-09-22T01:19:44Z,celec_ords/2019/09/repDiaHid12m.ndjson.gz#repDiaHid12m:2019-09-20
2018-12-06,amaluza,caudal_m3s,172,ords:repDiaHid12m,,2026-09-22T01:19:44Z,celec_ords/2019/09/repDiaHid12m.ndjson.gz#repDiaHid12m:2019-09-20
2018-12-06,amaluza,cota_masl,1985.39,ords:repDiaHid12m,,2026-09-22T01:19:44Z,celec_ords/2019/09/repDiaHid12m.ndjson.gz#repDiaHid12m:2019-09-20
2018-12-06,delsitanisagua,caudal_m3s,34,ords:repDiaHid12m,,2026-09-22T01:19:44Z,celec_ords/2019/09/repDiaHid12m.ndjson.gz#repDiaHid12m:2019-09-20
2018-12-06,mazar,caudal_m3s,41,ords:repDiaHid12m,,2026-09-22T01:19:44Z,celec_ords/2019/09/repDiaHid12m.ndjson.gz#repDiaHid12m:2019-09-20
2018-12-06,mazar,cota_masl,2144.83,ords:repDiaHid12m,,2026-09-22T01:19:44Z,celec_ords/2019/09/repDiaHid12m.ndjson.gz#repDiaHid12m:2019-09-20
2018-12-06,minas_san_francisco,caudal_m3s,8,ords:repDiaHid12m,,2026-09-22T01:19:44Z,celec_ords/2019/09/repDiaHid12m.ndjson.gz#repDiaHid12m:2019-09-20
2018-12-06,minas_san_francisco,cota_masl,785.89,ords:repDiaHid12m,,2026-09-22T01:19:44Z,celec_ords/2019/09/repDiaHid12m.ndjson.gz#repDiaHid12m:2019-09-20
2018-12-07,amaluza,caudal_m3s,189,ords:repDiaHid12m,,2026-09-22T01:19:44Z,celec_ords/2019/09/repDiaHid12m.ndjson.gz#repDiaHid12m:2019-09-20
2018-12-07,amaluza,cota_masl,1985.56,ords:repDiaHid12m,,2026-09-22T01:19:44Z,celec_ords/2019/09/repDiaHid12m.ndjson.gz#repDiaHid12m:2019-09-20
2018-12-07,delsitanisagua,caudal_m3s,24,ords:repDiaHid12m,,2026-09-22T01:19:44Z,celec_ords/2019/09/repDiaHid12m.ndjson.gz#repDiaHid12m:2019-09-20
2018-12-07,mazar,caudal_m3s,20,ords:repDiaHid12m,,2026-09-22T01:19:44Z,celec_ords/2019/09/repDiaHid12m.ndjson.gz#repDiaHid12m:2019-09-20
2018-12-07,mazar,cota_masl,2144.4,ords:repDiaHid12m,,2026-09-22T01:19:44Z,celec_ords/2019/09/repDiaHid12m.ndjson.gz#repDiaHid12m:2019-09-20
2018-12-07,minas_san_francisco,caudal_m3s,8,ords:repDiaHid12m,,2026-09-22T01:19:44Z,celec_ords/2019/09/repDiaHid12m.ndjson.gz#repDiaHid12m:2019-09-20
2018-12-07,minas_san_francisco,cota_masl,784.84,ords:repDiaHid12m,,2026-09-22T01:19:44Z,celec_ords/2019/09/repDiaHid12m.ndjson.gz#repDiaHid12m:2019-09-20
2018-12-08,amaluza,caudal_m3s,76,ords:repDiaHid12m,,2026-09-22T01:19:44Z,celec_ords/2019/09/repDiaHid12m.ndjson.gz#repDiaHid12m:2019-09-20
2018-12-08,amaluza,cota_masl,1985.65,ords:repDiaHid12m,,2026-09-22T01:19:44Z,celec_ords/2019/09/repDiaHid12m.ndjson.gz#repDiaHid12m:2019-09-20
2018-12-08,delsitanisagua,caudal_m3s,28,ords:repDiaHid12m,,2026-09-22T01:19:44Z,celec_ords/2019/09/repDiaHid12m.ndjson.gz#repDiaHid12m:2019-09-20
2018-12-08,mazar,caudal_m3s,25,ords:repDiaHid12m,,2026-09-22T01:19:44Z,celec_ords/2019/09/repDiaHid12m.ndjson.gz#repDiaHid12m:2019-09-20
2018-12-08,mazar,cota_masl,2144.08,ords:repDiaHid12m,,2026-09-22T01:19:44Z,celec_ords/2019/09/repDiaHid12m.ndjson.gz#repDiaHid12m:2019-09-20
2018-12-08,minas_san_francisco,caudal_m3s,28,ords:repDiaHid12m,,2026-09-22T01:19:44Z,celec_ords/2019/09/repDiaHid12m.ndjson.gz#repDiaHid12m:2019-09-20
2018-12-08,minas_san_francisco,cota_masl,785.28,ords:repDiaHid12m,,2026-09-22T01:19:44Z,celec_ords/2019/09/repDiaHid12m.ndjson.gz#repDiaHid12m:2019-09-20
2018-12-09,amaluza,caudal_m3s,91,ords:repDiaHid12m,,2026-09-22T01:19:44Z,celec_ords/2019/09/repDiaHid12m.ndjson.gz#repDiaHid12m:2019-09-20
2018-12-09,amaluza,cota_masl,1984.22,ords:repDiaHid12m,,2026-09-22T01:19:44Z,celec_ords/2019/09/repDiaHid12m.ndjson.gz#repDiaHid12m:2019-09-20
2018-12-09,delsitanisagua,caudal_m3s,40,ords:repDiaHid12m,,2026-09-22T01:19:44Z,celec_ords/2019/09/repDiaHid12m.ndjson.gz#repDiaHid12m:2019-09-20
2018-12-09,mazar,caudal_m3s,21,ords:repDiaHid12m,,2026-09-22T01:19:44Z,celec_ords/2019/09/repDiaHid12m.ndjson.gz#repDiaHid12m:2019-09-20
2018-12-09,mazar,cota_masl,2144.29,ords:repDiaHid12m,,2026-09-22T01:19:44Z,celec_ords/2019/09/repDiaHid12m.ndjson.gz#repDiaHid12m:2019-09-20
2018-12-09,minas_san_francisco,caudal_m3s,15,ords:repDiaHid12m,,2026-09-22T01:19:44Z,celec_ords/2019/09/repDiaHid12m.ndjson.gz#repDiaHid12m:2019-09-20
2018-12-09,minas_san_francisco,cota_masl,787.02,ords:repDiaHid12m,,2026-09-22T01:19:44Z,celec_ords/2019/09/repDiaHid12m.ndjson.gz#repDiaHid12m:2019-09-20
2018-12-10,amaluza,caudal_m3s,110,ords:repDiaHid12m,,2026-09-22T01:19:44Z,celec_ords/2019/09/repDiaHid12m.ndjson.gz#repDiaHid12m:2019-09-20
2018-12-10,amaluza,cota_masl,1983.88,ords:repDiaHid12m,,2026-09-22T01:19:44Z,celec_ords/2019/09/repDiaHid12m.ndjson.gz#repDiaHid12m:2019-09-20
2018-12-10,delsitanisagua,caudal_m3s,41,ords:repDiaHid12m,,2026-09-22T01:19:44Z,celec_ords/2019/09/repDiaHid12m.ndjson.gz#repDiaHid12m:2019-09-20
2018-12-10,mazar,caudal_m3s,47,ords:repDiaHid12m,,2026-09-22T01:19:44Z,celec_ords/2019/09/repDiaHid12m.ndjson.gz#repDiaHid12m:2019-09-20
2018-12-10,mazar,cota_masl,2144.04,ords:repDiaHid12m,,2026-09-22T01:19:44Z,celec_ords/2019/09/repDiaHid12m.ndjson.gz#repDiaHid12m:2019-09-20
2018-12-10,minas_san_francisco,caudal_m3s,42,ords:repDiaHid12m,,2026-09-22T01:19:44Z,celec_ords/2019/09/repDiaHid12m.ndjson.gz#repDiaHid12m:2019-09-20
2018-12-10,minas_san_francisco,cota_masl,788.91,ords:repDiaHid12m,,2026-09-22T01:19:44Z,celec_ords/2019/09/repDiaHid12m.ndjson.gz#repDiaHid12m:2019-09-20
2018-12-11,amaluza,caudal_m3s,163,ords:repDiaHid12m,,2026-09-22T01:19:44Z,celec_ords/2019/09/repDiaHid12m.ndjson.gz#repDiaHid12m:2019-09-20
2018-12-11,amaluza,cota_masl,1984.68,ords:repDiaHid12m,,2026-09-22T01:19:44Z,celec_ords/2019/09/repDiaHid12m.ndjson.gz#repDiaHid12m:2019-09-20
2018-12-11,delsitanisagua,caudal_m3s,92,ords:repDiaHid12m,,2026-09-22T01:19:44Z,celec_ords/2019/09/repDiaHid12m.ndjson.gz#repDiaHid12m:2019-09-20
2018-12-11,mazar,caudal_m3s,140,ords:repDiaHid12m,,2026-09-22T01:19:44Z,celec_ords/2019/09/repDiaHid12m.ndjson.gz#repDiaHid12m:2019-09-20
2018-12-11,mazar,cota_masl,2144.54,ords:repDiaHid12m,,2026-09-22T01:19:44Z,celec_ords/2019/09/repDiaHid12m.ndjson.gz#repDiaHid12m:2019-09-20
2018-12-11,minas_san_francisco,caudal_m3s,23,ords:repDiaHid12m,,2026-09-22T01:19:44Z,celec_ords/2019/09/repDiaHid12m.ndjson.gz#repDiaHid12m:2019-09-20
2018-12-11,minas_san_francisco,cota_masl,787.36,ords:repDiaHid12m,,2026-09-22T01:19:44Z,celec_ords/2019/09/repDiaHid12m.ndjson.gz#repDiaHid12m:2019-09-20
2018-12-12,amaluza,caudal_m3s,139,ords:repDiaHid12m,,2026-09-22T01:19:44Z,celec_ords/2019/09/repDiaHid12m.ndjson.gz#repDiaHid12m:2019-09-20
2018-12-12,amaluza,cota_masl,1985.83,ords:repDiaHid12m,,2026-09-22T01:19:44Z,celec_ords/2019/09/repDiaHid12m.ndjson.gz#repDiaHid12m:2019-09-20
2018-12-12,delsitanisagua,caudal_m3s,79,ords:repDiaHid12m,,2026-09-22T01:19:44Z,celec_ords/2019/09/repDiaHid12m.ndjson.gz#repDiaHid12m:2019-09-20
2018-12-12,mazar,caudal_m3s,90,ords:repDiaHid12m,,2026-09-22T01:19:44Z,celec_ords/2019/09/repDiaHid12m.ndjson.gz#repDiaHid12m:2019-09-20
2018-12-12,mazar,cota_masl,2144.83,ords:repDiaHid12m,,2026-09-22T01:19:44Z,celec_ords/2019/09/repDiaHid12m.ndjson.gz#repDiaHid12m:2019-09-20
2018-12-12,minas_san_francisco,caudal_m3s,22,ords:repDiaHid12m,,2026-09-22T01:19:44Z,celec_ords/2019/09/repDiaHid12m.ndjson.gz#repDiaHid12m:2019-09-20
2018-12-12,minas_san_francisco,cota_masl,787.38,ords:repDiaHid12m,,2026-09-22T01:19:44Z,celec_ords/2019/09/repDiaHid12m.ndjson.gz#repDiaHid12m:2019-09-20
2018-12-13,amaluza,caudal_m3s,104,ords:repDiaHid12m,,2026-09-22T01:19:44Z,celec_ords/2019/09/repDiaHid12m.ndjson.gz#repDiaHid12m:2019-09-20
2018-12-13,amaluza,cota_masl,1985.43,ords:repDiaHid12m,,2026-09-22T01:19:44Z,celec_ords/2019/09/repDiaHid12m.ndjson.gz#repDiaHid12m:2019-09-20
2018-12-13,delsitanisagua,caudal_m3s,44,ords:repDiaHid12m,,2026-09-22T01:19:44Z,celec_ords/2019/09/repDiaHid12m.ndjson.gz#repDiaHid12m:2019-09-20
2018-12-13,mazar,caudal_m3s,67,ords:repDiaHid12m,,2026-09-22T01:19:44Z,celec_ords/2019/09/repDiaHid12m.ndjson.gz#repDiaHid12m:2019-09-20
2018-12-13,mazar,cota_masl,2145.35,ords:repDiaHid12m,,2026-09-22T01:19:44Z,celec_ords/2019/09/repDiaHid12m.ndjson.gz#repDiaHid12m:2019-09-20
2018-12-13,minas_san_francisco,caudal_m3s,21,ords:repDiaHid12m,,2026-09-22T01:19:44Z,celec_ords/2019/09/repDiaHid12m.ndjson.gz#repDiaHid12m:2019-09-20
2018-12-13,minas_san_francisco,cota_masl,786.17,ords:repDiaHid12m,,2026-09-22T01:19:44Z,celec_ords/2019/09/repDiaHid12m.ndjson.gz#repDiaHid12m:2019-09-20
2018-12-14,amaluza,caudal_m3s,8,ords:repDiaHid12m,,2026-09-22T01:19:44Z,celec_ords/2019/09/repDiaHid12m.ndjson.gz#repDiaHid12m:2019-09-20
2018-12-14,amaluza,cota_masl,1984.89,ords:repDiaHid12m,,2026-09-22T01:19:44Z,celec_ords/2019/09/repDiaHid12m.ndjson.gz#repDiaHid12m:2019-09-20
2018-12-14,delsitanisagua,caudal_m3s,33,ords:repDiaHid12m,,2026-09-22T01:19:44Z,celec_ords/2019/09/repDiaHid12m.ndjson.gz#repDiaHid12m:2019-09-20
2018-12-14,mazar,caudal_m3s,43,ords:repDiaHid12m,,2026-09-22T01:19:44Z,celec_ords/2019/09/repDiaHid12m.ndjson.gz#repDiaHid12m:2019-09-20
2018-12-14,mazar,cota_masl,2145.5,ords:repDiaHid12m,,2026-09-22T01:19:44Z,celec_ords/2019/09/repDiaHid12m.ndjson.gz#repDiaHid12m:2019-09-20
2018-12-14,minas_san_francisco,caudal_m3s,19,ords:repDiaHid12m,,2026-09-22T01:19:44Z,celec_ords/2019/09/repDiaHid12m.ndjson.gz#repDiaHid12m:2019-09-20
2018-12-14,minas_san_francisco,cota_masl,783.69,ords:repDiaHid12m,,2026-09-22T01:19:44Z,celec_ords/2019/09/repDiaHid12m.ndjson.gz#repDiaHid12m:2019-09-20
2018-12-15,amaluza,caudal_m3s,127,ords:repDiaHid12m,,2026-09-22T01:19:44Z,celec_ords/2019/09/repDiaHid12m.ndjson.gz#repDiaHid12m:2019-09-20
2018-12-15,amaluza,cota_masl,1985.69,ords:repDiaHid12m,,2026-09-22T01:19:44Z,celec_ords/2019/09/repDiaHid12m.ndjson.gz#repDiaHid12m:2019-09-20
2018-12-15,delsitanisagua,caudal_m3s,33,ords:repDiaHid12m,,2026-09-22T01:19:44Z,celec_ords/2019/09/repDiaHid12m.ndjson.gz#repDiaHid12m:2019-09-20
2018-12-15,mazar,caudal_m3s,46,ords:repDiaHid12m,,2026-09-22T01:19:44Z,celec_ords/2019/09/repDiaHid12m.ndjson.gz#repDiaHid12m:2019-09-20
2018-12-15,mazar,cota_masl,2145.17,ords:repDiaHid12m,,2026-09-22T01:19:44Z,celec_ords/2019/09/repDiaHid12m.ndjson.gz#repDiaHid12m:2019-09-20
2018-12-15,minas_san_francisco,caudal_m3s,24,ords:repDiaHid12m,,2026-09-22T01:19:44Z,celec_ords/2019/09/repDiaHid12m.ndjson.gz#repDiaHid12m:2019-09-20
2018-12-15,minas_san_francisco,cota_masl,784.75,ords:repDiaHid12m,,2026-09-22T01:19:44Z,celec_ords/2019/09/repDiaHid12m.ndjson.gz#repDiaHid12m:2019-09-20
2018-12-16,amaluza,caudal_m3s,63,ords:repDiaHid12m,,2026-09-22T01:19:44Z,celec_ords/2019/09/repDiaHid12m.ndjson.gz#repDiaHid12m:2019-09-20
2018-12-16,amaluza,cota_masl,1985.32,ords:repDiaHid12m,,2026-09-22T01:19:44Z,celec_ords/2019/09/repDiaHid12m.ndjson.gz#repDiaHid12m:2019-09-20
2018-12-16,delsitanisagua,caudal_m3s,29,ords:repDiaHid12m,,2026-09-22T01:19:44Z,celec_ords/2019/09/repDiaHid12m.ndjson.gz#repDiaHid12m:2019-09-20
2018-12-16,mazar,caudal_m3s,42,ords:repDiaHid12m,,2026-09-22T01:19:44Z,celec_ords/2019/09/repDiaHid12m.ndjson.gz#repDiaHid12m:2019-09-20
2018-12-16,mazar,cota_masl,2145.1,ords:repDiaHid12m,,2026-09-22T01:19:44Z,celec_ords/2019/09/repDiaHid12m.ndjson.gz#repDiaHid12m:2019-09-20
2018-12-16,minas_san_francisco,caudal_m3s,13,ords:repDiaHid12m,,2026-09-22T01:19:44Z,celec_ords/2019/09/repDiaHid12m.ndjson.gz#repDiaHid12m:2019-09-20
2018-12-16,minas_san_francisco,cota_masl,786.35,ords:repDiaHid12m,,2026-09-22T01:19:44Z,celec_ords/2019/09/repDiaHid12m.ndjson.gz#repDiaHid12m:2019-09-20
2018-12-17,amaluza,caudal_m3s,90,ords:repDiaHid12m,,2026-09-22T01:19:44Z,celec_ords/2019/09/repDiaHid12m.ndjson.gz#repDiaHid12m:2019-09-20
2018-12-17,amaluza,cota_masl,1984.77,ords:repDiaHid12m,,2026-09-22T01:19:44Z,celec_ords/2019/09/repDiaHid12m.ndjson.gz#repDiaHid12m:2019-09-20
2018-12-17,delsitanisagua,caudal_m3s,31,ords:repDiaHid12m,,2026-09-22T01:19:44Z,celec_ords/2019/09/repDiaHid12m.ndjson.gz#repDiaHid12m:2019-09-20
2018-12-17,mazar,caudal_m3s,49,ords:repDiaHid12m,,2026-09-22T01:19:44Z,celec_ords/2019/09/repDiaHid12m.ndjson.gz#repDiaHid12m:2019-09-20
2018-12-17,mazar,cota_masl,2144.77,ords:repDiaHid12m,,2026-09-22T01:19:44Z,celec_ords/2019/09/repDiaHid12m.ndjson.gz#repDiaHid12m:2019-09-20
2018-12-17,minas_san_francisco,caudal_m3s,14,ords:repDiaHid12m,,2026-09-22T01:19:44Z,celec_ords/2019/09/repDiaHid12m.ndjson.gz#repDiaHid12m:2019-09-20
2018-12-17,minas_san_francisco,cota_masl,787.45,ords:repDiaHid12m,,2026-09-22T01:19:44Z,celec_ords/2019/09/repDiaHid12m.ndjson.gz#repDiaHid12m:2019-09-20
2018-12-18,amaluza,caudal_m3s,125,ords:repDiaHid12m,,2026-09-22T01:19:44Z,celec_ords/2019/09/repDiaHid12m.ndjson.gz#repDiaHid12m:2019-09-20
2018-12-18,amaluza,cota_masl,1984.43,ords:repDiaHid12m,,2026-09-22T01:19:44Z,celec_ords/2019/09/repDiaHid12m.ndjson.gz#repDiaHid12m:2019-09-20
2018-12-18,delsitanisagua,caudal_m3s,32,ords:repDiaHid12m,,2026-09-22T01:19:44Z,celec_ords/2019/09/repDiaHid12m.ndjson.gz#repDiaHid12m:2019-09-20
2018-12-18,mazar,caudal_m3s,45,ords:repDiaHid12m,,2026-09-22T01:19:44Z,celec_ords/2019/09/repDiaHid12m.ndjson.gz#repDiaHid12m:2019-09-20
2018-12-18,mazar,cota_masl,2144.49,ords:repDiaHid12m,,2026-09-22T01:19:44Z,celec_ords/2019/09/repDiaHid12m.ndjson.gz#repDiaHid12m:2019-09-20
2018-12-18,minas_san_francisco,caudal_m3s,16,ords:repDiaHid12m,,2026-09-22T01:19:44Z,celec_ords/2019/09/repDiaHid12m.ndjson.gz#repDiaHid12m:2019-09-20
2018-12-18,minas_san_francisco,cota_masl,788.9,ords:repDiaHid12m,,2026-09-22T01:19:44Z,celec_ords/2019/09/repDiaHid12m.ndjson.gz#repDiaHid12m:2019-09-20
2018-12-19,amaluza,caudal_m3s,132,ords:repDiaHid12m,,2026-09-22T01:19:44Z,celec_ords/2019/09/repDiaHid12m.ndjson.gz#repDiaHid12m:2019-09-20
2018-12-19,amaluza,cota_masl,1984.67,ords:repDiaHid12m,,2026-09-22T01:19:44Z,celec_ords/2019/09/repDiaHid12m.ndjson.gz#repDiaHid12m:2019-09-20
2018-12-19,delsitanisagua,caudal_m3s,68,ords:repDiaHid12m,,2026-09-22T01:19:44Z,celec_ords/2019/09/repDiaHid12m.ndjson.gz#repDiaHid12m:2019-09-20
2018-12-19,mazar,caudal_m3s,88,ords:repDiaHid12m,,2026-09-22T01:19:44Z,celec_ords/2019/09/repDiaHid12m.ndjson.gz#repDiaHid12m:2019-09-20
2018-12-19,mazar,cota_masl,2144.42,ords:repDiaHid12m,,2026-09-22T01:19:44Z,celec_ords/2019/09/repDiaHid12m.ndjson.gz#repDiaHid12m:2019-09-20
2018-12-19,minas_san_francisco,caudal_m3s,16,ords:repDiaHid12m,,2026-09-22T01:19:44Z,celec_ords/2019/09/repDiaHid12m.ndjson.gz#repDiaHid12m:2019-09-20
2018-12-19,minas_san_francisco,cota_masl,789.8,ords:repDiaHid12m,,2026-09-22T01:19:44Z,celec_ords/2019/09/repDiaHid12m.ndjson.gz#repDiaHid12m:2019-09-20
2018-12-20,amaluza,caudal_m3s,101,ords:repDiaHid12m,,2026-09-22T01:19:44Z,celec_ords/2019/09/repDiaHid12m.ndjson.gz#repDiaHid12m:2019-09-20
2018-12-20,amaluza,cota_masl,1984.58,ords:repDiaHid12m,,2026-09-22T01:19:44Z,celec_ords/2019/09/repDiaHid12m.ndjson.gz#repDiaHid12m:2019-09-20
2018-12-20,delsitanisagua,caudal_m3s,48,ords:repDiaHid12m,,2026-09-22T01:19:44Z,celec_ords/2019/09/repDiaHid12m.ndjson.gz#repDiaHid12m:2019-09-20
2018-12-20,mazar,caudal_m3s,61,ords:repDiaHid12m,,2026-09-22T01:19:44Z,celec_ords/2019/09/repDiaHid12m.ndjson.gz#repDiaHid12m:2019-09-20
2018-12-20,mazar,cota_masl,2144.81,ords:repDiaHid12m,,2026-09-22T01:19:44Z,celec_ords/2019/09/repDiaHid12m.ndjson.gz#repDiaHid12m:2019-09-20
2018-12-20,minas_san_francisco,caudal_m3s,28,ords:repDiaHid12m,,2026-09-22T01:19:44Z,celec_ords/2019/09/repDiaHid12m.ndjson.gz#repDiaHid12m:2019-09-20
2018-12-20,minas_san_francisco,cota_masl,791.6,ords:repDiaHid12m,,2026-09-22T01:19:44Z,celec_ords/2019/09/repDiaHid12m.ndjson.gz#repDiaHid12m:2019-09-20
2018-12-21,amaluza,caudal_m3s,88,ords:repDiaHid12m,,2026-09-22T01:19:44Z,celec_ords/2019/09/repDiaHid12m.ndjson.gz#repDiaHid12m:2019-09-20
2018-12-21,amaluza,cota_masl,1984.78,ords:repDiaHid12m,,2026-09-22T01:19:44Z,celec_ords/2019/09/repDiaHid12m.ndjson.gz#repDiaHid12m:2019-09-20
2018-12-21,delsitanisagua,caudal_m3s,43,ords:repDiaHid12m,,2026-09-22T01:19:44Z,celec_ords/2019/09/repDiaHid12m.ndjson.gz#repDiaHid12m:2019-09-20
2018-12-21,mazar,caudal_m3s,37,ords:repDiaHid12m,,2026-09-22T01:19:44Z,celec_ords/2019/09/repDiaHid12m.ndjson.gz#repDiaHid12m:2019-09-20
2018-12-21,mazar,cota_masl,2144.82,ords:repDiaHid12m,,2026-09-22T01:19:44Z,celec_ords/2019/09/repDiaHid12m.ndjson.gz#repDiaHid12m:2019-09-20
2018-12-21,minas_san_francisco,caudal_m3s,20,ords:repDiaHid12m,,2026-09-22T01:19:44Z,celec_ords/2019/09/repDiaHid12m.ndjson.gz#repDiaHid12m:2019-09-20
2018-12-21,minas_san_francisco,cota_masl,791.83,ords:repDiaHid12m,,2026-09-22T01:19:44Z,celec_ords/2019/09/repDiaHid12m.ndjson.gz#repDiaHid12m:2019-09-20
2018-12-22,amaluza,caudal_m3s,6,ords:repDiaHid12m,,2026-09-22T01:19:44Z,celec_ords/2019/09/repDiaHid12m.ndjson.gz#repDiaHid12m:2019-09-20
2018-12-22,amaluza,cota_masl,1985.84,ords:repDiaHid12m,,2026-09-22T01:19:44Z,celec_ords/2019/09/repDiaHid12m.ndjson.gz#repDiaHid12m:2019-09-20
2018-12-22,delsitanisagua,caudal_m3s,34,ords:repDiaHid12m,,2026-09-22T01:19:44Z,celec_ords/2019/09/repDiaHid12m.ndjson.gz#repDiaHid12m:2019-09-20
2018-12-22,mazar,caudal_m3s,63,ords:repDiaHid12m,,2026-09-22T01:19:44Z,celec_ords/2019/09/repDiaHid12m.ndjson.gz#repDiaHid12m:2019-09-20
2018-12-22,mazar,cota_masl,2144.42,ords:repDiaHid12m,,2026-09-22T01:19:44Z,celec_ords/2019/09/repDiaHid12m.ndjson.gz#repDiaHid12m:2019-09-20
2018-12-22,minas_san_francisco,caudal_m3s,24,ords:repDiaHid12m,,2026-09-22T01:19:44Z,celec_ords/2019/09/repDiaHid12m.ndjson.gz#repDiaHid12m:2019-09-20
2018-12-22,minas_san_francisco,cota_masl,792.26,ords:repDiaHid12m,,2026-09-22T01:19:44Z,celec_ords/2019/09/repDiaHid12m.ndjson.gz#repDiaHid12m:2019-09-20
2018-12-23,amaluza,caudal_m3s,85,ords:repDiaHid12m,,2026-09-22T01:19:44Z,celec_ords/2019/09/repDiaHid12m.ndjson.gz#repDiaHid12m:2019-09-20
2018-12-23,amaluza,cota_masl,1984.68,ords:repDiaHid12m,,2026-09-22T01:19:44Z,celec_ords/2019/09/repDiaHid12m.ndjson.gz#repDiaHid12m:2019-09-20
2018-12-23,delsitanisagua,caudal_m3s,29,ords:repDiaHid12m,,2026-09-22T01:19:44Z,celec_ords/2019/09/repDiaHid12m.ndjson.gz#repDiaHid12m:2019-09-20
2018-12-23,mazar,caudal_m3s,18,ords:repDiaHid12m,,2026-09-22T01:19:44Z,celec_ords/2019/09/repDiaHid12m.ndjson.gz#repDiaHid12m:2019-09-20
2018-12-23,mazar,cota_masl,2144.58,ords:repDiaHid12m,,2026-09-22T01:19:44Z,celec_ords/2019/09/repDiaHid12m.ndjson.gz#repDiaHid12m:2019-09-20
2018-12-23,minas_san_francisco,caudal_m3s,16,ords:repDiaHid12m,,2026-09-22T01:19:44Z,celec_ords/2019/09/repDiaHid12m.ndjson.gz#repDiaHid12m:2019-09-20
2018-12-23,minas_san_francisco,cota_masl,792.43,ords:repDiaHid12m,,2026-09-22T01:19:44Z,celec_ords/2019/09/repDiaHid12m.ndjson.gz#repDiaHid12m:2019-09-20
2018-12-24,amaluza,caudal_m3s,49,ords:repDiaHid12m,,2026-09-22T01:19:44Z,celec_ords/2019/09/repDiaHid12m.ndjson.gz#repDiaHid12m:2019-09-20
2018-12-24,amaluza,cota_masl,1983.86,ords:repDiaHid12m,,2026-09-22T01:19:44Z,celec_ords/2019/09/repDiaHid12m.ndjson.gz#repDiaHid12m:2019-09-20
2018-12-24,delsitanisagua,caudal_m3s,45,ords:repDiaHid12m,,2026-09-22T01:19:44Z,celec_ords/2019/09/repDiaHid12m.ndjson.gz#repDiaHid12m:2019-09-20
2018-12-24,mazar,caudal_m3s,41,ords:repDiaHid12m,,2026-09-22T01:19:44Z,celec_ords/2019/09/repDiaHid12m.ndjson.gz#repDiaHid12m:2019-09-20
2018-12-24,mazar,cota_masl,2144.71,ords:repDiaHid12m,,2026-09-22T01:19:44Z,celec_ords/2019/09/repDiaHid12m.ndjson.gz#repDiaHid12m:2019-09-20
2018-12-24,minas_san_francisco,caudal_m3s,14,ords:repDiaHid12m,,2026-09-22T01:19:44Z,celec_ords/2019/09/repDiaHid12m.ndjson.gz#repDiaHid12m:2019-09-20
2018-12-24,minas_san_francisco,cota_masl,791.62,ords:repDiaHid12m,,2026-09-22T01:19:44Z,celec_ords/2019/09/repDiaHid12m.ndjson.gz#repDiaHid12m:2019-09-20
2018-12-25,amaluza,caudal_m3s,149,ords:repDiaHid12m,,2026-09-22T01:19:44Z,celec_ords/2019/09/repDiaHid12m.ndjson.gz#repDiaHid12m:2019-09-20
2018-12-25,amaluza,cota_masl,1983.67,ords:repDiaHid12m,,2026-09-22T01:19:44Z,celec_ords/2019/09/repDiaHid12m.ndjson.gz#repDiaHid12m:2019-09-20
2018-12-25,delsitanisagua,caudal_m3s,76,ords:repDiaHid12m,,2026-09-22T01:19:44Z,celec_ords/2019/09/repDiaHid12m.ndjson.gz#repDiaHid12m:2019-09-20
2018-12-25,mazar,caudal_m3s,72,ords:repDiaHid12m,,2026-09-22T01:19:44Z,celec_ords/2019/09/repDiaHid12m.ndjson.gz#repDiaHid12m:2019-09-20
2018-12-25,mazar,cota_masl,2144.91,ords:repDiaHid12m,,2026-09-22T01:19:44Z,celec_ords/2019/09/repDiaHid12m.ndjson.gz#repDiaHid12m:2019-09-20
2018-12-25,minas_san_francisco,caudal_m3s,19,ords:repDiaHid12m,,2026-09-22T01:19:44Z,celec_ords/2019/09/repDiaHid12m.ndjson.gz#repDiaHid12m:2019-09-20
2018-12-25,minas_san_francisco,cota_masl,791.18,ords:repDiaHid12m,,2026-09-22T01:19:44Z,celec_ords/2019/09/repDiaHid12m.ndjson.gz#repDiaHid12m:2019-09-20
2018-12-26,amaluza,caudal_m3s,81,ords:repDiaHid12m,,2026-09-22T01:19:44Z,celec_ords/2019/09/repDiaHid12m.ndjson.gz#repDiaHid12m:2019-09-20
2018-12-26,amaluza,cota_masl,1985.05,ords:repDiaHid12m,,2026-09-22T01:19:44Z,celec_ords/2019/09/repDiaHid12m.ndjson.gz#repDiaHid12m:2019-09-20
2018-12-26,delsitanisagua,caudal_m3s,49,ords:repDiaHid12m,,2026-09-22T01:19:44Z,celec_ords/2019/09/repDiaHid12m.ndjson.gz#repDiaHid12m:2019-09-20
2018-12-26,mazar,caudal_m3s,63,ords:repDiaHid12m,,2026-09-22T01:19:44Z,celec_ords/2019/09/repDiaHid12m.ndjson.gz#repDiaHid12m:2019-09-20
2018-12-26,mazar,cota_masl,2144.85,ords:repDiaHid12m,,2026-09-22T01:19:44Z,celec_ords/2019/09/repDiaHid12m.ndjson.gz#repDiaHid12m:2019-09-20
2018-12-26,minas_san_francisco,caudal_m3s,21,ords:repDiaHid12m,,2026-09-22T01:19:44Z,celec_ords/2019/09/repDiaHid12m.ndjson.gz#repDiaHid12m:2019-09-20
2018-12-26,minas_san_francisco,cota_masl,791.41,ords:repDiaHid12m,,2026-09-22T01:19:44Z,celec_ords/2019/09/repDiaHid12m.ndjson.gz#repDiaHid12m:2019-09-20
2018-12-27,amaluza,caudal_m3s,105,ords:repDiaHid12m,,2026-09-22T01:19:44Z,celec_ords/2019/09/repDiaHid12m.ndjson.gz#repDiaHid12m:2019-09-20
2018-12-27,amaluza,cota_masl,1985.31,ords:repDiaHid12m,,2026-09-22T01:19:44Z,celec_ords/2019/09/repDiaHid12m.ndjson.gz#repDiaHid12m:2019-09-20
2018-12-27,delsitanisagua,caudal_m3s,59,ords:repDiaHid12m,,2026-09-22T01:19:44Z,celec_ords/2019/09/repDiaHid12m.ndjson.gz#repDiaHid12m:2019-09-20
2018-12-27,mazar,caudal_m3s,46,ords:repDiaHid12m,,2026-09-22T01:19:44Z,celec_ords/2019/09/repDiaHid12m.ndjson.gz#repDiaHid12m:2019-09-20
2018-12-27,mazar,cota_masl,2145.28,ords:repDiaHid12m,,2026-09-22T01:19:44Z,celec_ords/2019/09/repDiaHid12m.ndjson.gz#repDiaHid12m:2019-09-20
2018-12-27,minas_san_francisco,caudal_m3s,49,ords:repDiaHid12m,,2026-09-22T01:19:44Z,celec_ords/2019/09/repDiaHid12m.ndjson.gz#repDiaHid12m:2019-09-20
2018-12-27,minas_san_francisco,cota_masl,790.6,ords:repDiaHid12m,,2026-09-22T01:19:44Z,celec_ords/2019/09/repDiaHid12m.ndjson.gz#repDiaHid12m:2019-09-20
2018-12-28,amaluza,caudal_m3s,6,ords:repDiaHid12m,,2026-09-22T01:19:44Z,celec_ords/2019/09/repDiaHid12m.ndjson.gz#repDiaHid12m:2019-09-20
2018-12-28,amaluza,cota_masl,1985.32,ords:repDiaHid12m,,2026-09-22T01:19:44Z,celec_ords/2019/09/repDiaHid12m.ndjson.gz#repDiaHid12m:2019-09-20
2018-12-28,delsitanisagua,caudal_m3s,56,ords:repDiaHid12m,,2026-09-22T01:19:44Z,celec_ords/2019/09/repDiaHid12m.ndjson.gz#repDiaHid12m:2019-09-20
2018-12-28,mazar,caudal_m3s,64,ords:repDiaHid12m,,2026-09-22T01:19:44Z,celec_ords/2019/09/repDiaHid12m.ndjson.gz#repDiaHid12m:2019-09-20
2018-12-28,mazar,cota_masl,2145.56,ords:repDiaHid12m,,2026-09-22T01:19:44Z,celec_ords/2019/09/repDiaHid12m.ndjson.gz#repDiaHid12m:2019-09-20
2018-12-28,minas_san_francisco,caudal_m3s,19,ords:repDiaHid12m,,2026-09-22T01:19:44Z,celec_ords/2019/09/repDiaHid12m.ndjson.gz#repDiaHid12m:2019-09-20
2018-12-28,minas_san_francisco,cota_masl,789.61,ords:repDiaHid12m,,2026-09-22T01:19:44Z,celec_ords/2019/09/repDiaHid12m.ndjson.gz#repDiaHid12m:2019-09-20
2018-12-29,amaluza,caudal_m3s,19,ords:repDiaHid12m,,2026-09-22T01:19:44Z,celec_ords/2019/09/repDiaHid12m.ndjson.gz#repDiaHid12m:2019-09-20
2018-12-29,amaluza,cota_masl,1984.42,ords:repDiaHid12m,,2026-09-22T01:19:44Z,celec_ords/2019/09/repDiaHid12m.ndjson.gz#repDiaHid12m:2019-09-20
2018-12-29,delsitanisagua,caudal_m3s,60,ords:repDiaHid12m,,2026-09-22T01:19:44Z,celec_ords/2019/09/repDiaHid12m.ndjson.gz#repDiaHid12m:2019-09-20
2018-12-29,mazar,caudal_m3s,43,ords:repDiaHid12m,,2026-09-22T01:19:44Z,celec_ords/2019/09/repDiaHid12m.ndjson.gz#repDiaHid12m:2019-09-20
2018-12-29,mazar,cota_masl,2145.89,ords:repDiaHid12m,,2026-09-22T01:19:44Z,celec_ords/2019/09/repDiaHid12m.ndjson.gz#repDiaHid12m:2019-09-20
2018-12-29,minas_san_francisco,caudal_m3s,16,ords:repDiaHid12m,,2026-09-22T01:19:44Z,celec_ords/2019/09/repDiaHid12m.ndjson.gz#repDiaHid12m:2019-09-20
2018-12-29,minas_san_francisco,cota_masl,788.66,ords:repDiaHid12m,,2026-09-22T01:19:44Z,celec_ords/2019/09/repDiaHid12m.ndjson.gz#repDiaHid12m:2019-09-20
2018-12-30,amaluza,caudal_m3s,22,ords:repDiaHid12m,,2026-09-22T01:19:44Z,celec_ords/2019/09/repDiaHid12m.ndjson.gz#repDiaHid12m:2019-09-20
2018-12-30,amaluza,cota_masl,1984.5,ords:repDiaHid12m,,2026-09-22T01:19:44Z,celec_ords/2019/09/repDiaHid12m.ndjson.gz#repDiaHid12m:2019-09-20
2018-12-30,delsitanisagua,caudal_m3s,44,ords:repDiaHid12m,,2026-09-22T01:19:44Z,celec_ords/2019/09/repDiaHid12m.ndjson.gz#repDiaHid12m:2019-09-20
2018-12-30,mazar,caudal_m3s,29,ords:repDiaHid12m,,2026-09-22T01:19:44Z,celec_ords/2019/09/repDiaHid12m.ndjson.gz#repDiaHid12m:2019-09-20
2018-12-30,mazar,cota_masl,2145.86,ords:repDiaHid12m,,2026-09-22T01:19:44Z,celec_ords/2019/09/repDiaHid12m.ndjson.gz#repDiaHid12m:2019-09-20
2018-12-30,minas_san_francisco,caudal_m3s,14,ords:repDiaHid12m,,2026-09-22T01:19:44Z,celec_ords/2019/09/repDiaHid12m.ndjson.gz#repDiaHid12m:2019-09-20
2018-12-30,minas_san_francisco,cota_masl,787.48,ords:repDiaHid12m,,2026-09-22T01:19:44Z,celec_ords/2019/09/repDiaHid12m.ndjson.gz#repDiaHid12m:2019-09-20
2018-12-31,amaluza,caudal_m3s,161,ords:repDiaHid12m,,2026-09-22T01:19:44Z,celec_ords/2019/09/repDiaHid12m.ndjson.gz#repDiaHid12m:2019-09-20
2018-12-31,amaluza,cota_masl,1985.12,ords:repDiaHid12m,,2026-09-22T01:19:44Z,celec_ords/2019/09/repDiaHid12m.ndjson.gz#repDiaHid12m:2019-09-20
2018-12-31,delsitanisagua,caudal_m3s,41,ords:repDiaHid12m,,2026-09-22T01:19:44Z,celec_ords/2019/09/repDiaHid12m.ndjson.gz#repDiaHid12m:2019-09-20
2018-12-31,delsitanisagua,cota_masl,1491.13,ords:repDiaHid12m,,2026-09-22T01:19:44Z,celec_ords/2019/09/repDiaHid12m.ndjson.gz#repDiaHid12m:2019-09-20
2018-12-31,mazar,caudal_m3s,32,ords:repDiaHid12m,,2026-09-22T01:19:44Z,celec_ords/2019/09/repDiaHid12m.ndjson.gz#repDiaHid12m:2019-09-20
2018-12-31,mazar,cota_masl,2145.69,ords:repDiaHid12m,,2026-09-22T01:19:44Z,celec_ords/2019/09/repDiaHid12m.ndjson.gz#repDiaHid12m:2019-09-20
2018-12-31,minas_san_francisco,caudal_m3s,12,ords:repDiaHid12m,,2026-09-22T01:19:44Z,celec_ords/2019/09/repDiaHid12m.ndjson.gz#repDiaHid12m:2019-09-20
2018-12-31,minas_san_francisco,cota_masl,786.34,ords:repDiaHid12m,,2026-09-22T01:19:44Z,celec_ords/2019/09/repDiaHid12m.ndjson.gz#repDiaHid12m:2019-09-20
