date,site,variable,value,source,mrid,fetched_at,raw_ref
2022-01-01,amaluza,caudal_m3s,86,ords:repDiaHid12m,,2026-09-22T01:12:42Z,celec_ords/2022/09/repDiaHid12m.ndjson.gz#repDiaHid12m:2022-09-20
2022-01-01,amaluza,cota_masl,1984.03,ords:repDiaHid12m,,2026-09-22T01:12:42Z,celec_ords/2022/09/repDiaHid12m.ndjson.gz#repDiaHid12m:2022-09-20
2022-01-01,delsitanisagua,caudal_m3s,35,ords:repDiaHid12m,,2026-09-22T01:12:42Z,celec_ords/2022/09/repDiaHid12m.ndjson.gz#repDiaHid12m:2022-09-20
2022-01-01,delsitanisagua,cota_masl,1489.1,ords:repDiaHid12m,,2026-09-22T01:12:42Z,celec_ords/2022/09/repDiaHid12m.ndjson.gz#repDiaHid12m:2022-09-20
2022-01-01,mazar,caudal_m3s,62,ords:repDiaHid12m,,2026-09-22T01:12:42Z,celec_ords/2022/09/repDiaHid12m.ndjson.gz#repDiaHid12m:2022-09-20
2022-01-01,mazar,cota_masl,2151.97,ords:repDiaHid12m,,2026-09-22T01:12:42Z,celec_ords/2022/09/repDiaHid12m.ndjson.gz#repDiaHid12m:2022-09-20
2022-01-01,minas_san_francisco,caudal_m3s,25,ords:repDiaHid12m,,2026-09-22T01:12:42Z,celec_ords/2022/09/repDiaHid12m.ndjson.gz#repDiaHid12m:2022-09-20
2022-01-01,minas_san_francisco,cota_masl,790.42,ords:repDiaHid12m,,2026-09-22T01:12:42Z,celec_ords/2022/09/repDiaHid12m.ndjson.gz#repDiaHid12m:2022-09-20
2022-01-01,paute_cuenca,caudal_cuenca_m3s,115.990057,ords:csrCaudCuenAniosAvg,,2026-09-22T01:19:01Z,celec_ords/2027/01/csrCaudCuenAniosAvg.ndjson.gz#csrCaudCuenAniosAvg:2010-01-01:2027-01-01
2022-01-02,amaluza,caudal_m3s,144,ords:repDiaHid12m,,2026-09-22T01:12:42Z,celec_ords/2022/09/repDiaHid12m.ndjson.gz#repDiaHid12m:2022-09-20
2022-01-02,amaluza,cota_masl,1983.34,ords:repDiaHid12m,,2026-09-22T01:12:42Z,celec_ords/2022/09/repDiaHid12m.ndjson.gz#repDiaHid12m:2022-09-20
2022-01-02,delsitanisagua,caudal_m3s,41,ords:repDiaHid12m,,2026-09-22T01:12:42Z,celec_ords/2022/09/repDiaHid12m.ndjson.gz#repDiaHid12m:2022-09-20
2022-01-02,delsitanisagua,cota_masl,1489.45,ords:repDiaHid12m,,2026-09-22T01:12:42Z,celec_ords/2022/09/repDiaHid12m.ndjson.gz#repDiaHid12m:2022-09-20
2022-01-02,mazar,caudal_m3s,51,ords:repDiaHid12m,,2026-09-22T01:12:42Z,celec_ords/2022/09/repDiaHid12m.ndjson.gz#repDiaHid12m:2022-09-20
2022-01-02,mazar,cota_masl,2151.65,ords:repDiaHid12m,,2026-09-22T01:12:42Z,celec_ords/2022/09/repDiaHid12m.ndjson.gz#repDiaHid12m:2022-09-20
2022-01-02,minas_san_francisco,caudal_m3s,27,ords:repDiaHid12m,,2026-09-22T01:12:42Z,celec_ords/2022/09/repDiaHid12m.ndjson.gz#repDiaHid12m:2022-09-20
2022-01-02,minas_san_francisco,cota_masl,791.2,ords:repDiaHid12m,,2026-09-22T01:12:42Z,celec_ords/2022/09/repDiaHid12m.ndjson.gz#repDiaHid12m:2022-09-20
2022-01-03,amaluza,caudal_m3s,142,ords:repDiaHid12m,,2026-09-22T01:12:42Z,celec_ords/2022/09/repDiaHid12m.ndjson.gz#repDiaHid12m:2022-09-20
2022-01-03,amaluza,cota_masl,1983.23,ords:repDiaHid12m,,2026-09-22T01:12:42Z,celec_ords/2022/09/repDiaHid12m.ndjson.gz#repDiaHid12m:2022-09-20
2022-01-03,delsitanisagua,caudal_m3s,38,ords:repDiaHid12m,,2026-09-22T01:12:42Z,celec_ords/2022/09/repDiaHid12m.ndjson.gz#repDiaHid12m:2022-09-20
2022-01-03,delsitanisagua,cota_masl,1489.11,ords:repDiaHid12m,,2026-09-22T01:12:42Z,celec_ords/2022/09/repDiaHid12m.ndjson.gz#repDiaHid12m:2022-09-20
2022-01-03,mazar,caudal_m3s,44,ords:repDiaHid12m,,2026-09-22T01:12:42Z,celec_ords/2022/09/repDiaHid12m.ndjson.gz#repDiaHid12m:2022-09-20
2022-01-03,mazar,cota_masl,2151.06,ords:repDiaHid12m,,2026-09-22T01:12:42Z,celec_ords/2022/09/repDiaHid12m.ndjson.gz#repDiaHid12m:2022-09-20
2022-01-03,minas_san_francisco,caudal_m3s,27,ords:repDiaHid12m,,2026-09-22T01:12:42Z,celec_ords/2022/09/repDiaHid12m.ndjson.gz#repDiaHid12m:2022-09-20
2022-01-03,minas_san_francisco,cota_masl,789.73,ords:repDiaHid12m,,2026-09-22T01:12:42Z,celec_ords/2022/09/repDiaHid12m.ndjson.gz#repDiaHid12m:2022-09-20
2022-01-04,amaluza,caudal_m3s,145,ords:repDiaHid12m,,2026-09-22T01:12:42Z,celec_ords/2022/09/repDiaHid12m.ndjson.gz#repDiaHid12m:2022-09-20
2022-01-04,amaluza,cota_masl,1983.23,ords:repDiaHid12m,,2026-09-22T01:12:42Z,celec_ords/2022/09/repDiaHid12m.ndjson.gz#repDiaHid12m:2022-09-20
2022-01-04,delsitanisagua,caudal_m3s,33,ords:repDiaHid12m,,2026-09-22T01:12:42Z,celec_ords/2022/09/repDiaHid12m.ndjson.gz#repDiaHid12m:2022-09-20
2022-01-04,delsitanisagua,cota_masl,1490.53,ords:repDiaHid12m,,2026-09-22T01:12:42Z,celec_ords/2022/09/repDiaHid12m.ndjson.gz#repDiaHid12m:2022-09-20
2022-01-04,mazar,caudal_m3s,30,ords:repDiaHid12m,,2026-09-22T01:12:42Z,celec_ords/2022/09/repDiaHid12m.ndjson.gz#repDiaHid12m:2022-09-20
2022-01-04,mazar,cota_masl,2150.16,ords:repDiaHid12m,,2026-09-22T01:12:42Z,celec_ords/2022/09/repDiaHid12m.ndjson.gz#repDiaHid12m:2022-09-20
2022-01-04,minas_san_francisco,caudal_m3s,22,ords:repDiaHid12m,,2026-09-22T01:12:42Z,celec_ords/2022/09/repDiaHid12m.ndjson.gz#repDiaHid12m:2022-09-20
2022-01-04,minas_san_francisco,cota_masl,785.85,ords:repDiaHid12m,,2026-09-22T01:12:42Z,celec_ords/2022/09/repDiaHid12m.ndjson.gz#repDiaHid12m:2022-09-20
2022-01-05,amaluza,caudal_m3s,152,ords:repDiaHid12m,,2026-09-22T01:12:42Z,celec_ords/2022/09/repDiaHid12m.ndjson.gz#repDiaHid12m:2022-09-20
2022-01-05,amaluza,cota_masl,1983.21,ords:repDiaHid12m,,2026-09-22T01:12:42Z,celec_ords/2022/09/repDiaHid12m.ndjson.gz#repDiaHid12m:2022-09-20
2022-01-05,delsitanisagua,caudal_m3s,32,ords:repDiaHid12m,,2026-09-22T01:12:42Z,celec_ords/2022/09/repDiaHid12m.ndjson.gz#repDiaHid12m:2022-09-20
2022-01-05,delsitanisagua,cota_masl,1487.19,ords:repDiaHid12m,,2026-09-22T01:12:42Z,celec_ords/2022/09/repDiaHid12m.ndjson.gz#repDiaHid12m:2022-09-20
2022-01-05,mazar,caudal_m3s,39,ords:repDiaHid12m,,2026-09-22T01:12:42Z,celec_ords/2022/09/repDiaHid12m.ndjson.gz#repDiaHid12m:2022-09-20
2022-01-05,mazar,cota_masl,2149.23,ords:repDiaHid12m,,2026-09-22T01:12:42Z,celec_ords/2022/09/repDiaHid12m.ndjson.gz#repDiaHid12m:2022-09-20
2022-01-05,minas_san_francisco,caudal_m3s,23,ords:repDiaHid12m,,2026-09-22T01:12:42Z,celec_ords/2022/09/repDiaHid12m.ndjson.gz#repDiaHid12m:2022-09-20
2022-01-05,minas_san_francisco,cota_masl,785.28,ords:repDiaHid12m,,2026-09-22T01:12:42Z,celec_ords/2022/09/repDiaHid12m.ndjson.gz#repDiaHid12m:2022-09-20
2022-01-06,amaluza,caudal_m3s,113,ords:repDiaHid12m,,2026-09-22T01:12:42Z,celec_ords/2022/09/repDiaHid12m.ndjson.gz#repDiaHid12m:2022-09-20
2022-01-06,amaluza,cota_masl,1983.43,ords:repDiaHid12m,,2026-09-22T01:12:42Z,celec_ords/2022/09/repDiaHid12m.ndjson.gz#repDiaHid12m:2022-09-20
2022-01-06,delsitanisagua,caudal_m3s,35,ords:repDiaHid12m,,2026-09-22T01:12:42Z,celec_ords/2022/09/repDiaHid12m.ndjson.gz#repDiaHid12m:2022-09-20
2022-01-06,delsitanisagua,cota_masl,1490.6,ords:repDiaHid12m,,2026-09-22T01:12:42Z,celec_ords/2022/09/repDiaHid12m.ndjson.gz#repDiaHid12m:2022-09-20
2022-01-06,mazar,caudal_m3s,28,ords:repDiaHid12m,,2026-09-22T01:12:42Z,celec_ords/2022/09/repDiaHid12m.ndjson.gz#repDiaHid12m:2022-09-20
2022-01-06,mazar,cota_masl,2148.32,ords:repDiaHid12m,,2026-09-22T01:12:42Z,celec_ords/2022/09/repDiaHid12m.ndjson.gz#repDiaHid12m:2022-09-20
2022-01-06,minas_san_francisco,caudal_m3s,22,ords:repDiaHid12m,,2026-09-22T01:12:42Z,celec_ords/2022/09/repDiaHid12m.ndjson.gz#repDiaHid12m:2022-09-20
2022-01-06,minas_san_francisco,cota_masl,787.33,ords:repDiaHid12m,,2026-09-22T01:12:42Z,celec_ords/2022/09/repDiaHid12m.ndjson.gz#repDiaHid12m:2022-09-20
2022-01-07,amaluza,caudal_m3s,151,ords:repDiaHid12m,,2026-09-22T01:12:42Z,celec_ords/2022/09/repDiaHid12m.ndjson.gz#repDiaHid12m:2022-09-20
2022-01-07,amaluza,cota_masl,1984.2,ords:repDiaHid12m,,2026-09-22T01:12:42Z,celec_ords/2022/09/repDiaHid12m.ndjson.gz#repDiaHid12m:2022-09-20
2022-01-07,delsitanisagua,caudal_m3s,30,ords:repDiaHid12m,,2026-09-22T01:12:42Z,celec_ords/2022/09/repDiaHid12m.ndjson.gz#repDiaHid12m:2022-09-20
2022-01-07,delsitanisagua,cota_masl,1488.87,ords:repDiaHid12m,,2026-09-22T01:12:42Z,celec_ords/2022/09/repDiaHid12m.ndjson.gz#repDiaHid12m:2022-09-20
2022-01-07,mazar,caudal_m3s,20,ords:repDiaHid12m,,2026-09-22T01:12:42Z,celec_ords/2022/09/repDiaHid12m.ndjson.gz#repDiaHid12m:2022-09-20
2022-01-07,mazar,cota_masl,2147.36,ords:repDiaHid12m,,2026-09-22T01:12:42Z,celec_ords/2022/09/repDiaHid12m.ndjson.gz#repDiaHid12m:2022-09-20
2022-01-07,minas_san_francisco,caudal_m3s,19,ords:repDiaHid12m,,2026-09-22T01:12:42Z,celec_ords/2022/09/repDiaHid12m.ndjson.gz#repDiaHid12m:2022-09-20
2022-01-07,minas_san_francisco,cota_masl,788.72,ords:repDiaHid12m,,2026-09-22T01:12:42Z,celec_ords/2022/09/repDiaHid12m.ndjson.gz#repDiaHid12m:2022-09-20
2022-01-08,amaluza,caudal_m3s,138,ords:repDiaHid12m,,2026-09-22T01:12:42Z,celec_ords/2022/09/repDiaHid12m.ndjson.gz#repDiaHid12m:2022-09-20
2022-01-08,amaluza,cota_masl,1982.79,ords:repDiaHid12m,,2026-09-22T01:12:42Z,celec_ords/2022/09/repDiaHid12m.ndjson.gz#repDiaHid12m:2022-09-20
2022-01-08,delsitanisagua,caudal_m3s,29,ords:repDiaHid12m,,2026-09-22T01:12:42Z,celec_ords/2022/09/repDiaHid12m.ndjson.gz#repDiaHid12m:2022-09-20
2022-01-08,delsitanisagua,cota_masl,1489.3,ords:repDiaHid12m,,2026-09-22T01:12:42Z,celec_ords/2022/09/repDiaHid12m.ndjson.gz#repDiaHid12m:2022-09-20
2022-01-08,mazar,caudal_m3s,15,ords:repDiaHid12m,,2026-09-22T01:12:42Z,celec_ords/2022/09/repDiaHid12m.ndjson.gz#repDiaHid12m:2022-09-20
2022-01-08,mazar,cota_masl,2146.51,ords:repDiaHid12m,,2026-09-22T01:12:42Z,celec_ords/2022/09/repDiaHid12m.ndjson.gz#repDiaHid12m:2022-09-20
2022-01-08,minas_san_francisco,caudal_m3s,17,ords:repDiaHid12m,,2026-09-22T01:12:42Z,celec_ords/2022/09/repDiaHid12m.ndjson.gz#repDiaHid12m:2022-09-20
2022-01-08,minas_san_francisco,cota_masl,788.3,ords:repDiaHid12m,,2026-09-22T01:12:42Z,celec_ords/2022/09/repDiaHid12m.ndjson.gz#repDiaHid12m:2022-09-20
2022-01-09,amaluza,caudal_m3s,140,ords:repDiaHid12m,,2026-09-22T01:12:42Z,celec_ords/2022/09/repDiaHid12m.ndjson.gz#repDiaHid12m:2022-09-20
2022-01-09,amaluza,cota_masl,1982.17,ords:repDiaHid12m,,2026-09-22T01:12:42Z,celec_ords/2022/09/repDiaHid12m.ndjson.gz#repDiaHid12m:2022-09-20
2022-01-09,delsitanisagua,caudal_m3s,29,ords:repDiaHid12m,,2026-09-22T01:12:42Z,celec_ords/2022/09/repDiaHid12m.ndjson.gz#repDiaHid12m:2022-09-20
2022-01-09,delsitanisagua,cota_masl,1487.28,ords:repDiaHid12m,,2026-09-22T01:12:42Z,celec_ords/2022/09/repDiaHid12m.ndjson.gz#repDiaHid12m:2022-09-20
2022-01-09,mazar,caudal_m3s,25,ords:repDiaHid12m,,2026-09-22T01:12:42Z,celec_ords/2022/09/repDiaHid12m.ndjson.gz#repDiaHid12m:2022-09-20
2022-01-09,mazar,cota_masl,2145.45,ords:repDiaHid12m,,2026-09-22T01:12:42Z,celec_ords/2022/09/repDiaHid12m.ndjson.gz#repDiaHid12m:2022-09-20
2022-01-09,minas_san_francisco,caudal_m3s,16,ords:repDiaHid12m,,2026-09-22T01:12:42Z,celec_ords/2022/09/repDiaHid12m.ndjson.gz#repDiaHid12m:2022-09-20
2022-01-09,minas_san_francisco,cota_masl,787.57,ords:repDiaHid12m,,2026-09-22T01:12:42Z,celec_ords/2022/09/repDiaHid12m.ndjson.gz#repDiaHid12m:2022-09-20
2022-01-10,amaluza,caudal_m3s,151,ords:repDiaHid12m,,2026-09-22T01:12:42Z,celec_ords/2022/09/repDiaHid12m.ndjson.gz#repDiaHid12m:2022-09-20
2022-01-10,amaluza,cota_masl,1982.15,ords:repDiaHid12m,,2026-09-22T01:12:42Z,celec_ords/2022/09/repDiaHid12m.ndjson.gz#repDiaHid12m:2022-09-20
2022-01-10,delsitanisagua,caudal_m3s,29,ords:repDiaHid12m,,2026-09-22T01:12:42Z,celec_ords/2022/09/repDiaHid12m.ndjson.gz#repDiaHid12m:2022-09-20
2022-01-10,delsitanisagua,cota_masl,1488.66,ords:repDiaHid12m,,2026-09-22T01:12:42Z,celec_ords/2022/09/repDiaHid12m.ndjson.gz#repDiaHid12m:2022-09-20
2022-01-10,mazar,caudal_m3s,26,ords:repDiaHid12m,,2026-09-22T01:12:42Z,celec_ords/2022/09/repDiaHid12m.ndjson.gz#repDiaHid12m:2022-09-20
2022-01-10,mazar,cota_masl,2144.28,ords:repDiaHid12m,,2026-09-22T01:12:42Z,celec_ords/2022/09/repDiaHid12m.ndjson.gz#repDiaHid12m:2022-09-20
2022-01-10,minas_san_francisco,caudal_m3s,17,ords:repDiaHid12m,,2026-09-22T01:12:42Z,celec_ords/2022/09/repDiaHid12m.ndjson.gz#repDiaHid12m:2022-09-20
2022-01-10,minas_san_francisco,cota_masl,787.4,ords:repDiaHid12m,,2026-09-22T01:12:42Z,celec_ords/2022/09/repDiaHid12m.ndjson.gz#repDiaHid12m:2022-09-20
2022-01-11,amaluza,caudal_m3s,145,ords:repDiaHid12m,,2026-09-22T01:12:42Z,celec_ords/2022/09/repDiaHid12m.ndjson.gz#repDiaHid12m:2022-09-20
2022-01-11,amaluza,cota_masl,1980.92,ords:repDiaHid12m,,2026-09-22T01:12:42Z,celec_ords/2022/09/repDiaHid12m.ndjson.gz#repDiaHid12m:2022-09-20
2022-01-11,delsitanisagua,caudal_m3s,27,ords:repDiaHid12m,,2026-09-22T01:12:42Z,celec_ords/2022/09/repDiaHid12m.ndjson.gz#repDiaHid12m:2022-09-20
2022-01-11,delsitanisagua,cota_masl,1488.18,ords:repDiaHid12m,,2026-09-22T01:12:42Z,celec_ords/2022/09/repDiaHid12m.ndjson.gz#repDiaHid12m:2022-09-20
2022-01-11,mazar,caudal_m3s,10,ords:repDiaHid12m,,2026-09-22T01:12:42Z,celec_ords/2022/09/repDiaHid12m.ndjson.gz#repDiaHid12m:2022-09-20
2022-01-11,mazar,cota_masl,2143.55,ords:repDiaHid12m,,2026-09-22T01:12:42Z,celec_ords/2022/09/repDiaHid12m.ndjson.gz#repDiaHid12m:2022-09-20
2022-01-11,minas_san_francisco,caudal_m3s,17,ords:repDiaHid12m,,2026-09-22T01:12:42Z,celec_ords/2022/09/repDiaHid12m.ndjson.gz#repDiaHid12m:2022-09-20
2022-01-11,minas_san_francisco,cota_masl,787.08,ords:repDiaHid12m,,2026-09-22T01:12:42Z,celec_ords/2022/09/repDiaHid12m.ndjson.gz#repDiaHid12m:2022-09-20
2022-01-12,amaluza,caudal_m3s,9,ords:repDiaHid12m,,2026-09-22T01:12:42Z,celec_ords/2022/09/repDiaHid12m.ndjson.gz#repDiaHid12m:2022-09-20
2022-01-12,amaluza,cota_masl,1980.35,ords:repDiaHid12m,,2026-09-22T01:12:42Z,celec_ords/2022/09/repDiaHid12m.ndjson.gz#repDiaHid12m:2022-09-20
2022-01-12,delsitanisagua,caudal_m3s,27,ords:repDiaHid12m,,2026-09-22T01:12:42Z,celec_ords/2022/09/repDiaHid12m.ndjson.gz#repDiaHid12m:2022-09-20
2022-01-12,delsitanisagua,cota_masl,1489.45,ords:repDiaHid12m,,2026-09-22T01:12:42Z,celec_ords/2022/09/repDiaHid12m.ndjson.gz#repDiaHid12m:2022-09-20
2022-01-12,mazar,caudal_m3s,27,ords:repDiaHid12m,,2026-09-22T01:12:42Z,celec_ords/2022/09/repDiaHid12m.ndjson.gz#repDiaHid12m:2022-09-20
2022-01-12,mazar,cota_masl,2143.13,ords:repDiaHid12m,,2026-09-22T01:12:42Z,celec_ords/2022/09/repDiaHid12m.ndjson.gz#repDiaHid12m:2022-09-20
2022-01-12,minas_san_francisco,caudal_m3s,17,ords:repDiaHid12m,,2026-09-22T01:12:42Z,celec_ords/2022/09/repDiaHid12m.ndjson.gz#repDiaHid12m:2022-09-20
2022-01-12,minas_san_francisco,cota_masl,788.05,ords:repDiaHid12m,,2026-09-22T01:12:42Z,celec_ords/2022/09/repDiaHid12m.ndjson.gz#repDiaHid12m:2022-09-20
2022-01-13,amaluza,caudal_m3s,166,ords:repDiaHid12m,,2026-09-22T01:12:42Z,celec_ords/2022/09/repDiaHid12m.ndjson.gz#repDiaHid12m:2022-09-20
2022-01-13,amaluza,cota_masl,1981.15,ords:repDiaHid12m,,2026-09-22T01:12:42Z,celec_ords/2022/09/repDiaHid12m.ndjson.gz#repDiaHid12m:2022-09-20
2022-01-13,delsitanisagua,caudal_m3s,27,ords:repDiaHid12m,,2026-09-22T01:12:42Z,celec_ords/2022/09/repDiaHid12m.ndjson.gz#repDiaHid12m:2022-09-20
2022-01-13,delsitanisagua,cota_masl,1489.67,ords:repDiaHid12m,,2026-09-22T01:12:42Z,celec_ords/2022/09/repDiaHid12m.ndjson.gz#repDiaHid12m:2022-09-20
2022-01-13,mazar,caudal_m3s,9,ords:repDiaHid12m,,2026-09-22T01:12:42Z,celec_ords/2022/09/repDiaHid12m.ndjson.gz#repDiaHid12m:2022-09-20
2022-01-13,mazar,cota_masl,2142.38,ords:repDiaHid12m,,2026-09-22T01:12:42Z,celec_ords/2022/09/repDiaHid12m.ndjson.gz#repDiaHid12m:2022-09-20
2022-01-13,minas_san_francisco,caudal_m3s,16,ords:repDiaHid12m,,2026-09-22T01:12:42Z,celec_ords/2022/09/repDiaHid12m.ndjson.gz#repDiaHid12m:2022-09-20
2022-01-13,minas_san_francisco,cota_masl,789.14,ords:repDiaHid12m,,2026-09-22T01:12:42Z,celec_ords/2022/09/repDiaHid12m.ndjson.gz#repDiaHid12m:2022-09-20
2022-01-14,amaluza,caudal_m3s,116,ords:repDiaHid12m,,2026-09-22T01:12:42Z,celec_ords/2022/09/repDiaHid12m.ndjson.gz#repDiaHid12m:2022-09-20
2022-01-14,amaluza,cota_masl,1983.77,ords:repDiaHid12m,,2026-09-22T01:12:42Z,celec_ords/2022/09/repDiaHid12m.ndjson.gz#repDiaHid12m:2022-09-20
2022-01-14,delsitanisagua,caudal_m3s,27,ords:repDiaHid12m,,2026-09-22T01:12:42Z,celec_ords/2022/09/repDiaHid12m.ndjson.gz#repDiaHid12m:2022-09-20
2022-01-14,delsitanisagua,cota_masl,1488.23,ords:repDiaHid12m,,2026-09-22T01:12:42Z,celec_ords/2022/09/repDiaHid12m.ndjson.gz#repDiaHid12m:2022-09-20
2022-01-14,mazar,caudal_m3s,40,ords:repDiaHid12m,,2026-09-22T01:12:42Z,celec_ords/2022/09/repDiaHid12m.ndjson.gz#repDiaHid12m:2022-09-20
2022-01-14,mazar,cota_masl,2141.56,ords:repDiaHid12m,,2026-09-22T01:12:42Z,celec_ords/2022/09/repDiaHid12m.ndjson.gz#repDiaHid12m:2022-09-20
2022-01-14,minas_san_francisco,caudal_m3s,16,ords:repDiaHid12m,,2026-09-22T01:12:42Z,celec_ords/2022/09/repDiaHid12m.ndjson.gz#repDiaHid12m:2022-09-20
2022-01-14,minas_san_francisco,cota_masl,790.14,ords:repDiaHid12m,,2026-09-22T01:12:42Z,celec_ords/2022/09/repDiaHid12m.ndjson.gz#repDiaHid12m:2022-09-20
2022-01-15,amaluza,caudal_m3s,85,ords:repDiaHid12m,,2026-09-22T01:12:42Z,celec_ords/2022/09/repDiaHid12m.ndjson.gz#repDiaHid12m:2022-09-20
2022-01-15,amaluza,cota_masl,1985.19,ords:repDiaHid12m,,2026-09-22T01:12:42Z,celec_ords/2022/09/repDiaHid12m.ndjson.gz#repDiaHid12m:2022-09-20
2022-01-15,delsitanisagua,caudal_m3s,52,ords:repDiaHid12m,,2026-09-22T01:12:42Z,celec_ords/2022/09/repDiaHid12m.ndjson.gz#repDiaHid12m:2022-09-20
2022-01-15,delsitanisagua,cota_masl,1490.85,ords:repDiaHid12m,,2026-09-22T01:12:42Z,celec_ords/2022/09/repDiaHid12m.ndjson.gz#repDiaHid12m:2022-09-20
2022-01-15,mazar,caudal_m3s,39,ords:repDiaHid12m,,2026-09-22T01:12:42Z,celec_ords/2022/09/repDiaHid12m.ndjson.gz#repDiaHid12m:2022-09-20
2022-01-15,mazar,cota_masl,2140.98,ords:repDiaHid12m,,2026-09-22T01:12:42Z,celec_ords/2022/09/repDiaHid12m.ndjson.gz#repDiaHid12m:2022-09-20
2022-01-15,minas_san_francisco,caudal_m3s,16,ords:repDiaHid12m,,2026-09-22T01:12:42Z,celec_ords/2022/09/repDiaHid12m.ndjson.gz#repDiaHid12m:2022-09-20
2022-01-15,minas_san_francisco,cota_masl,790.63,ords:repDiaHid12m,,2026-09-22T01:12:42Z,celec_ords/2022/09/repDiaHid12m.ndjson.gz#repDiaHid12m:2022-09-20
2022-01-16,amaluza,caudal_m3s,95,ords:repDiaHid12m,,2026-09-22T01:12:42Z,celec_ords/2022/09/repDiaHid12m.ndjson.gz#repDiaHid12m:2022-09-20
2022-01-16,amaluza,cota_masl,1985.65,ords:repDiaHid12m,,2026-09-22T01:12:42Z,celec_ords/2022/09/repDiaHid12m.ndjson.gz#repDiaHid12m:2022-09-20
2022-01-16,delsitanisagua,caudal_m3s,43,ords:repDiaHid12m,,2026-09-22T01:12:42Z,celec_ords/2022/09/repDiaHid12m.ndjson.gz#repDiaHid12m:2022-09-20
2022-01-16,delsitanisagua,cota_masl,1490.2,ords:repDiaHid12m,,2026-09-22T01:12:42Z,celec_ords/2022/09/repDiaHid12m.ndjson.gz#repDiaHid12m:2022-09-20
2022-01-16,mazar,caudal_m3s,30,ords:repDiaHid12m,,2026-09-22T01:12:42Z,celec_ords/2022/09/repDiaHid12m.ndjson.gz#repDiaHid12m:2022-09-20
2022-01-16,mazar,cota_masl,2140.91,ords:repDiaHid12m,,2026-09-22T01:12:42Z,celec_ords/2022/09/repDiaHid12m.ndjson.gz#repDiaHid12m:2022-09-20
2022-01-16,minas_san_francisco,caudal_m3s,23,ords:repDiaHid12m,,2026-09-22T01:12:42Z,celec_ords/2022/09/repDiaHid12m.ndjson.gz#repDiaHid12m:2022-09-20
2022-01-16,minas_san_francisco,cota_masl,790.93,ords:repDiaHid12m,,2026-09-22T01:12:42Z,celec_ords/2022/09/repDiaHid12m.ndjson.gz#repDiaHid12m:2022-09-20
2022-01-17,amaluza,caudal_m3s,85,ords:repDiaHid12m,,2026-09-22T01:12:42Z,celec_ords/2022/09/repDiaHid12m.ndjson.gz#repDiaHid12m:2022-09-20
2022-01-17,amaluza,cota_masl,1984.58,ords:repDiaHid12m,,2026-09-22T01:12:42Z,celec_ords/2022/09/repDiaHid12m.ndjson.gz#repDiaHid12m:2022-09-20
2022-01-17,delsitanisagua,caudal_m3s,28,ords:repDiaHid12m,,2026-09-22T01:12:42Z,celec_ords/2022/09/repDiaHid12m.ndjson.gz#repDiaHid12m:2022-09-20
2022-01-17,delsitanisagua,cota_masl,1488.69,ords:repDiaHid12m,,2026-09-22T01:12:42Z,celec_ords/2022/09/repDiaHid12m.ndjson.gz#repDiaHid12m:2022-09-20
2022-01-17,mazar,caudal_m3s,40,ords:repDiaHid12m,,2026-09-22T01:12:42Z,celec_ords/2022/09/repDiaHid12m.ndjson.gz#repDiaHid12m:2022-09-20
2022-01-17,mazar,cota_masl,2140.48,ords:repDiaHid12m,,2026-09-22T01:12:42Z,celec_ords/2022/09/repDiaHid12m.ndjson.gz#repDiaHid12m:2022-09-20
2022-01-17,minas_san_francisco,caudal_m3s,17,ords:repDiaHid12m,,2026-09-22T01:12:42Z,celec_ords/2022/09/repDiaHid12m.ndjson.gz#repDiaHid12m:2022-09-20
2022-01-17,minas_san_francisco,cota_masl,790.73,ords:repDiaHid12m,,2026-09-22T01:12:42Z,celec_ords/2022/09/repDiaHid12m.ndjson.gz#repDiaHid12m:2022-09-20
2022-01-18,amaluza,caudal_m3s,83,ords:repDiaHid12m,,2026-09-22T01:12:42Z,celec_ords/2022/09/repDiaHid12m.ndjson.gz#repDiaHid12m:2022-09-20
2022-01-18,amaluza,cota_masl,1984.24,ords:repDiaHid12m,,2026-09-22T01:12:42Z,celec_ords/2022/09/repDiaHid12m.ndjson.gz#repDiaHid12m:2022-09-20
2022-01-18,delsitanisagua,caudal_m3s,27,ords:repDiaHid12m,,2026-09-22T01:12:42Z,celec_ords/2022/09/repDiaHid12m.ndjson.gz#repDiaHid12m:2022-09-20
2022-01-18,delsitanisagua,cota_masl,1488.68,ords:repDiaHid12m,,2026-09-22T01:12:42Z,celec_ords/2022/09/repDiaHid12m.ndjson.gz#repDiaHid12m:2022-09-20
2022-01-18,mazar,caudal_m3s,31,ords:repDiaHid12m,,2026-09-22T01:12:42Z,celec_ords/2022/09/repDiaHid12m.ndjson.gz#repDiaHid12m:2022-09-20
2022-01-18,mazar,cota_masl,2139.81,ords:repDiaHid12m,,2026-09-22T01:12:42Z,celec_ords/2022/09/repDiaHid12m.ndjson.gz#repDiaHid12m:2022-09-20
2022-01-18,minas_san_francisco,caudal_m3s,15,ords:repDiaHid12m,,2026-09-22T01:12:42Z,celec_ords/2022/09/repDiaHid12m.ndjson.gz#repDiaHid12m:2022-09-20
2022-01-18,minas_san_francisco,cota_masl,789.94,ords:repDiaHid12m,,2026-09-22T01:12:42Z,celec_ords/2022/09/repDiaHid12m.ndjson.gz#repDiaHid12m:2022-09-20
2022-01-19,amaluza,caudal_m3s,81,ords:repDiaHid12m,,2026-09-22T01:12:42Z,celec_ords/2022/09/repDiaHid12m.ndjson.gz#repDiaHid12m:2022-09-20
2022-01-19,amaluza,cota_masl,1983.6,ords:repDiaHid12m,,2026-09-22T01:12:42Z,celec_ords/2022/09/repDiaHid12m.ndjson.gz#repDiaHid12m:2022-09-20
2022-01-19,delsitanisagua,caudal_m3s,30,ords:repDiaHid12m,,2026-09-22T01:12:42Z,celec_ords/2022/09/repDiaHid12m.ndjson.gz#repDiaHid12m:2022-09-20
2022-01-19,delsitanisagua,cota_masl,1490.62,ords:repDiaHid12m,,2026-09-22T01:12:42Z,celec_ords/2022/09/repDiaHid12m.ndjson.gz#repDiaHid12m:2022-09-20
2022-01-19,mazar,caudal_m3s,34,ords:repDiaHid12m,,2026-09-22T01:12:42Z,celec_ords/2022/09/repDiaHid12m.ndjson.gz#repDiaHid12m:2022-09-20
2022-01-19,mazar,cota_masl,2139.38,ords:repDiaHid12m,,2026-09-22T01:12:42Z,celec_ords/2022/09/repDiaHid12m.ndjson.gz#repDiaHid12m:2022-09-20
2022-01-19,minas_san_francisco,caudal_m3s,15,ords:repDiaHid12m,,2026-09-22T01:12:42Z,celec_ords/2022/09/repDiaHid12m.ndjson.gz#repDiaHid12m:2022-09-20
2022-01-19,minas_san_francisco,cota_masl,790.51,ords:repDiaHid12m,,2026-09-22T01:12:42Z,celec_ords/2022/09/repDiaHid12m.ndjson.gz#repDiaHid12m:2022-09-20
2022-01-20,amaluza,caudal_m3s,122,ords:repDiaHid12m,,2026-09-22T01:12:42Z,celec_ords/2022/09/repDiaHid12m.ndjson.gz#repDiaHid12m:2022-09-20
2022-01-20,amaluza,cota_masl,1983.23,ords:repDiaHid12m,,2026-09-22T01:12:42Z,celec_ords/2022/09/repDiaHid12m.ndjson.gz#repDiaHid12m:2022-09-20
2022-01-20,delsitanisagua,caudal_m3s,39,ords:repDiaHid12m,,2026-09-22T01:12:42Z,celec_ords/2022/09/repDiaHid12m.ndjson.gz#repDiaHid12m:2022-09-20
2022-01-20,delsitanisagua,cota_masl,1490.71,ords:repDiaHid12m,,2026-09-22T01:12:42Z,celec_ords/2022/09/repDiaHid12m.ndjson.gz#repDiaHid12m:2022-09-20
2022-01-20,mazar,caudal_m3s,45,ords:repDiaHid12m,,2026-09-22T01:12:42Z,celec_ords/2022/09/repDiaHid12m.ndjson.gz#repDiaHid12m:2022-09-20
2022-01-20,mazar,cota_masl,2138.93,ords:repDiaHid12m,,2026-09-22T01:12:42Z,celec_ords/2022/09/repDiaHid12m.ndjson.gz#repDiaHid12m:2022-09-20
2022-01-20,minas_san_francisco,caudal_m3s,18,ords:repDiaHid12m,,2026-09-22T01:12:42Z,celec_ords/2022/09/repDiaHid12m.ndjson.gz#repDiaHid12m:2022-09-20
2022-01-20,minas_san_francisco,cota_masl,790.69,ords:repDiaHid12m,,2026-09-22T01:12:42Z,celec_ords/2022/09/repDiaHid12m.ndjson.gz#repDiaHid12m:2022-09-20
2022-01-21,amaluza,caudal_m3s,162,ords:repDiaHid12m,,2026-09-22T01:12:42Z,celec_ords/2022/09/repDiaHid12m.ndjson.gz#repDiaHid12m:2022-09-20
2022-01-21,amaluza,cota_masl,1982.32,ords:repDiaHid12m,,2026-09-22T01:12:42Z,celec_ords/2022/09/repDiaHid12m.ndjson.gz#repDiaHid12m:2022-09-20
2022-01-21,delsitanisagua,caudal_m3s,42,ords:repDiaHid12m,,2026-09-22T01:12:42Z,celec_ords/2022/09/repDiaHid12m.ndjson.gz#repDiaHid12m:2022-09-20
2022-01-21,delsitanisagua,cota_masl,1490.91,ords:repDiaHid12m,,2026-09-22T01:12:42Z,celec_ords/2022/09/repDiaHid12m.ndjson.gz#repDiaHid12m:2022-09-20
2022-01-21,mazar,caudal_m3s,42,ords:repDiaHid12m,,2026-09-22T01:12:42Z,celec_ords/2022/09/repDiaHid12m.ndjson.gz#repDiaHid12m:2022-09-20
2022-01-21,mazar,cota_masl,2138.66,ords:repDiaHid12m,,2026-09-22T01:12:42Z,celec_ords/2022/09/repDiaHid12m.ndjson.gz#repDiaHid12m:2022-09-20
2022-01-21,minas_san_francisco,caudal_m3s,17,ords:repDiaHid12m,,2026-09-22T01:12:42Z,celec_ords/2022/09/repDiaHid12m.ndjson.gz#repDiaHid12m:2022-09-20
2022-01-21,minas_san_francisco,cota_masl,789.88,ords:repDiaHid12m,,2026-09-22T01:12:42Z,celec_ords/2022/09/repDiaHid12m.ndjson.gz#repDiaHid12m:2022-09-20
2022-01-22,amaluza,caudal_m3s,160,ords:repDiaHid12m,,2026-09-22T01:12:42Z,celec_ords/2022/09/repDiaHid12m.ndjson.gz#repDiaHid12m:2022-09-20
2022-01-22,amaluza,cota_masl,1982.41,ords:repDiaHid12m,,2026-09-22T01:12:42Z,celec_ords/2022/09/repDiaHid12m.ndjson.gz#repDiaHid12m:2022-09-20
2022-01-22,delsitanisagua,caudal_m3s,31,ords:repDiaHid12m,,2026-09-22T01:12:42Z,celec_ords/2022/09/repDiaHid12m.ndjson.gz#repDiaHid12m:2022-09-20
2022-01-22,delsitanisagua,cota_masl,1490.18,ords:repDiaHid12m,,2026-09-22T01:12:42Z,celec_ords/2022/09/repDiaHid12m.ndjson.gz#repDiaHid12m:2022-09-20
2022-01-22,mazar,caudal_m3s,19,ords:repDiaHid12m,,2026-09-22T01:12:42Z,celec_ords/2022/09/repDiaHid12m.ndjson.gz#repDiaHid12m:2022-09-20
2022-01-22,mazar,cota_masl,2138.43,ords:repDiaHid12m,,2026-09-22T01:12:42Z,celec_ords/2022/09/repDiaHid12m.ndjson.gz#repDiaHid12m:2022-09-20
2022-01-22,minas_san_francisco,caudal_m3s,17,ords:repDiaHid12m,,2026-09-22T01:12:42Z,celec_ords/2022/09/repDiaHid12m.ndjson.gz#repDiaHid12m:2022-09-20
2022-01-22,minas_san_francisco,cota_masl,787.24,ords:repDiaHid12m,,2026-09-22T01:12:42Z,celec_ords/2022/09/repDiaHid12m.ndjson.gz#repDiaHid12m:2022-09-20
2022-01-23,amaluza,caudal_m3s,152,ords:repDiaHid12m,,2026-09-22T01:12:42Z,celec_ords/2022/09/repDiaHid12m.ndjson.gz#repDiaHid12m:2022-09-20
2022-01-23,amaluza,cota_masl,1982.97,ords:repDiaHid12m,,2026-09-22T01:12:42Z,celec_ords/2022/09/repDiaHid12m.ndjson.gz#repDiaHid12m:2022-09-20
2022-01-23,delsitanisagua,caudal_m3s,27,ords:repDiaHid12m,,2026-09-22T01:12:42Z,celec_ords/2022/09/repDiaHid12m.ndjson.gz#repDiaHid12m:2022-09-20
2022-01-23,delsitanisagua,cota_masl,1488.42,ords:repDiaHid12m,,2026-09-22T01:12:42Z,celec_ords/2022/09/repDiaHid12m.ndjson.gz#repDiaHid12m:2022-09-20
2022-01-23,mazar,caudal_m3s,21,ords:repDiaHid12m,,2026-09-22T01:12:42Z,celec_ords/2022/09/repDiaHid12m.ndjson.gz#repDiaHid12m:2022-09-20
2022-01-23,mazar,cota_masl,2138.08,ords:repDiaHid12m,,2026-09-22T01:12:42Z,celec_ords/2022/09/repDiaHid12m.ndjson.gz#repDiaHid12m:2022-09-20
2022-01-23,minas_san_francisco,caudal_m3s,20,ords:repDiaHid12m,,2026-09-22T01:12:42Z,celec_ords/2022/09/repDiaHid12m.ndjson.gz#repDiaHid12m:2022-09-20
2022-01-23,minas_san_francisco,cota_masl,785.32,ords:repDiaHid12m,,2026-09-22T01:12:42Z,celec_ords/2022/09/repDiaHid12m.ndjson.gz#repDiaHid12m:2022-09-20
2022-01-24,amaluza,caudal_m3s,60,ords:repDiaHid12m,,2026-09-22T01:12:42Z,celec_ords/2022/09/repDiaHid12m.ndjson.gz#repDiaHid12m:2022-09-20
2022-01-24,amaluza,cota_masl,1983.24,ords:repDiaHid12m,,2026-09-22T01:12:42Z,celec_ords/2022/09/repDiaHid12m.ndjson.gz#repDiaHid12m:2022-09-20
2022-01-24,delsitanisagua,caudal_m3s,30,ords:repDiaHid12m,,2026-09-22T01:12:42Z,celec_ords/2022/09/repDiaHid12m.ndjson.gz#repDiaHid12m:2022-09-20
2022-01-24,delsitanisagua,cota_masl,1490.56,ords:repDiaHid12m,,2026-09-22T01:12:42Z,celec_ords/2022/09/repDiaHid12m.ndjson.gz#repDiaHid12m:2022-09-20
2022-01-24,mazar,caudal_m3s,28,ords:repDiaHid12m,,2026-09-22T01:12:42Z,celec_ords/2022/09/repDiaHid12m.ndjson.gz#repDiaHid12m:2022-09-20
2022-01-24,mazar,cota_masl,2137.4,ords:repDiaHid12m,,2026-09-22T01:12:42Z,celec_ords/2022/09/repDiaHid12m.ndjson.gz#repDiaHid12m:2022-09-20
2022-01-24,minas_san_francisco,caudal_m3s,20,ords:repDiaHid12m,,2026-09-22T01:12:42Z,celec_ords/2022/09/repDiaHid12m.ndjson.gz#repDiaHid12m:2022-09-20
2022-01-24,minas_san_francisco,cota_masl,786.86,ords:repDiaHid12m,,2026-09-22T01:12:42Z,celec_ords/2022/09/repDiaHid12m.ndjson.gz#repDiaHid12m:2022-09-20
2022-01-25,amaluza,caudal_m3s,36,ords:repDiaHid12m,,2026-09-22T01:12:42Z,celec_ords/2022/09/repDiaHid12m.ndjson.gz#repDiaHid12m:2022-09-20
2022-01-25,amaluza,cota_masl,1981.64,ords:repDiaHid12m,,2026-09-22T01:12:42Z,celec_ords/2022/09/repDiaHid12m.ndjson.gz#repDiaHid12m:2022-09-20
2022-01-25,delsitanisagua,caudal_m3s,48,ords:repDiaHid12m,,2026-09-22T01:12:42Z,celec_ords/2022/09/repDiaHid12m.ndjson.gz#repDiaHid12m:2022-09-20
2022-01-25,delsitanisagua,cota_masl,1490.87,ords:repDiaHid12m,,2026-09-22T01:12:42Z,celec_ords/2022/09/repDiaHid12m.ndjson.gz#repDiaHid12m:2022-09-20
2022-01-25,mazar,caudal_m3s,43,ords:repDiaHid12m,,2026-09-22T01:12:42Z,celec_ords/2022/09/repDiaHid12m.ndjson.gz#repDiaHid12m:2022-09-20
2022-01-25,mazar,cota_masl,2137.33,ords:repDiaHid12m,,2026-09-22T01:12:42Z,celec_ords/2022/09/repDiaHid12m.ndjson.gz#repDiaHid12m:2022-09-20
2022-01-25,minas_san_francisco,caudal_m3s,60,ords:repDiaHid12m,,2026-09-22T01:12:42Z,celec_ords/2022/09/repDiaHid12m.ndjson.gz#repDiaHid12m:2022-09-20
2022-01-25,minas_san_francisco,cota_masl,790.81,ords:repDiaHid12m,,2026-09-22T01:12:42Z,celec_ords/2022/09/repDiaHid12m.ndjson.gz#repDiaHid12m:2022-09-20
2022-01-26,amaluza,caudal_m3s,38,ords:repDiaHid12m,,2026-09-22T01:12:42Z,celec_ords/2022/09/repDiaHid12m.ndjson.gz#repDiaHid12m:2022-09-20
2022-01-26,amaluza,cota_masl,1980.74,ords:repDiaHid12m,,2026-09-22T01:12:42Z,celec_ords/2022/09/repDiaHid12m.ndjson.gz#repDiaHid12m:2022-09-20
2022-01-26,delsitanisagua,caudal_m3s,50,ords:repDiaHid12m,,2026-09-22T01:12:42Z,celec_ords/2022/09/repDiaHid12m.ndjson.gz#repDiaHid12m:2022-09-20
2022-01-26,delsitanisagua,cota_masl,1489.12,ords:repDiaHid12m,,2026-09-22T01:12:42Z,celec_ords/2022/09/repDiaHid12m.ndjson.gz#repDiaHid12m:2022-09-20
2022-01-26,mazar,caudal_m3s,47,ords:repDiaHid12m,,2026-09-22T01:12:42Z,celec_ords/2022/09/repDiaHid12m.ndjson.gz#repDiaHid12m:2022-09-20
2022-01-26,mazar,cota_masl,2137.42,ords:repDiaHid12m,,2026-09-22T01:12:42Z,celec_ords/2022/09/repDiaHid12m.ndjson.gz#repDiaHid12m:2022-09-20
2022-01-26,minas_san_francisco,caudal_m3s,59,ords:repDiaHid12m,,2026-09-22T01:12:42Z,celec_ords/2022/09/repDiaHid12m.ndjson.gz#repDiaHid12m:2022-09-20
2022-01-26,minas_san_francisco,cota_masl,792.53,ords:repDiaHid12m,,2026-09-22T01:12:42Z,celec_ords/2022/09/repDiaHid12m.ndjson.gz#repDiaHid12m:2022-09-20
2022-01-27,amaluza,caudal_m3s,25,ords:repDiaHid12m,,2026-09-22T01:12:42Z,celec_ords/2022/09/repDiaHid12m.ndjson.gz#repDiaHid12m:2022-09-20
2022-01-27,amaluza,cota_masl,1981.18,ords:repDiaHid12m,,2026-09-22T01:12:42Z,celec_ords/2022/09/repDiaHid12m.ndjson.gz#repDiaHid12m:2022-09-20
2022-01-27,delsitanisagua,caudal_m3s,56,ords:repDiaHid12m,,2026-09-22T01:12:42Z,celec_ords/2022/09/repDiaHid12m.ndjson.gz#repDiaHid12m:2022-09-20
2022-01-27,delsitanisagua,cota_masl,1490.89,ords:repDiaHid12m,,2026-09-22T01:12:42Z,celec_ords/2022/09/repDiaHid12m.ndjson.gz#repDiaHid12m:2022-09-20
2022-01-27,mazar,caudal_m3s,49,ords:repDiaHid12m,,2026-09-22T01:12:42Z,celec_ords/2022/09/repDiaHid12m.ndjson.gz#repDiaHid12m:2022-09-20
2022-01-27,mazar,cota_masl,2137.25,ords:repDiaHid12m,,2026-09-22T01:12:42Z,celec_ords/2022/09/repDiaHid12m.ndjson.gz#repDiaHid12m:2022-09-20
2022-01-27,minas_san_francisco,caudal_m3s,47,ords:repDiaHid12m,,2026-09-22T01:12:42Z,celec_ords/2022/09/repDiaHid12m.ndjson.gz#repDiaHid12m:2022-09-20
2022-01-27,minas_san_francisco,cota_masl,792.28,ords:repDiaHid12m,,2026-09-22T01:12:42Z,celec_ords/2022/09/repDiaHid12m.ndjson.gz#repDiaHid12m:2022-09-20
2022-01-28,amaluza,caudal_m3s,122,ords:repDiaHid12m,,2026-09-22T01:12:42Z,celec_ords/2022/09/repDiaHid12m.ndjson.gz#repDiaHid12m:2022-09-20
2022-01-28,amaluza,cota_masl,1981.81,ords:repDiaHid12m,,2026-09-22T01:12:42Z,celec_ords/2022/09/repDiaHid12m.ndjson.gz#repDiaHid12m:2022-09-20
2022-01-28,delsitanisagua,caudal_m3s,56,ords:repDiaHid12m,,2026-09-22T01:12:42Z,celec_ords/2022/09/repDiaHid12m.ndjson.gz#repDiaHid12m:2022-09-20
2022-01-28,delsitanisagua,cota_masl,1490.85,ords:repDiaHid12m,,2026-09-22T01:12:42Z,celec_ords/2022/09/repDiaHid12m.ndjson.gz#repDiaHid12m:2022-09-20
2022-01-28,mazar,caudal_m3s,44,ords:repDiaHid12m,,2026-09-22T01:12:42Z,celec_ords/2022/09/repDiaHid12m.ndjson.gz#repDiaHid12m:2022-09-20
2022-01-28,mazar,cota_masl,2137.02,ords:repDiaHid12m,,2026-09-22T01:12:42Z,celec_ords/2022/09/repDiaHid12m.ndjson.gz#repDiaHid12m:2022-09-20
2022-01-28,minas_san_francisco,caudal_m3s,132,ords:repDiaHid12m,,2026-09-22T01:12:42Z,celec_ords/2022/09/repDiaHid12m.ndjson.gz#repDiaHid12m:2022-09-20
2022-01-28,minas_san_francisco,cota_masl,792.4,ords:repDiaHid12m,,2026-09-22T01:12:42Z,celec_ords/2022/09/repDiaHid12m.ndjson.gz#repDiaHid12m:2022-09-20
2022-01-29,amaluza,caudal_m3s,86,ords:repDiaHid12m,,2026-09-22T01:12:42Z,celec_ords/2022/09/repDiaHid12m.ndjson.gz#repDiaHid12m:2022-09-20
2022-01-29,amaluza,cota_masl,1981.9,ords:repDiaHid12m,,2026-09-22T01:12:42Z,celec_ords/2022/09/repDiaHid12m.ndjson.gz#repDiaHid12m:2022-09-20
2022-01-29,delsitanisagua,caudal_m3s,43,ords:repDiaHid12m,,2026-09-22T01:12:42Z,celec_ords/2022/09/repDiaHid12m.ndjson.gz#repDiaHid12m:2022-09-20
2022-01-29,delsitanisagua,cota_masl,1489.34,ords:repDiaHid12m,,2026-09-22T01:12:42Z,celec_ords/2022/09/repDiaHid12m.ndjson.gz#repDiaHid12m:2022-09-20
2022-01-29,mazar,caudal_m3s,41,ords:repDiaHid12m,,2026-09-22T01:12:42Z,celec_ords/2022/09/repDiaHid12m.ndjson.gz#repDiaHid12m:2022-09-20
2022-01-29,mazar,cota_masl,2137.13,ords:repDiaHid12m,,2026-09-22T01:12:42Z,celec_ords/2022/09/repDiaHid12m.ndjson.gz#repDiaHid12m:2022-09-20
2022-01-29,minas_san_francisco,caudal_m3s,106,ords:repDiaHid12m,,2026-09-22T01:12:42Z,celec_ords/2022/09/repDiaHid12m.ndjson.gz#repDiaHid12m:2022-09-20
2022-01-29,minas_san_francisco,cota_masl,792.43,ords:repDiaHid12m,,2026-09-22T01:12:42Z,celec_ords/2022/09/repDiaHid12m.ndjson.gz#repDiaHid12m:2022-09-20
2022-01-30,amaluza,caudal_m3s,111,ords:repDiaHid12m,,2026-09-22T01:12:42Z,celec_ords/2022/09/repDiaHid12m.ndjson.gz#repDiaHid12m:2022-09-20
2022-01-30,amaluza,cota_masl,1982.7,ords:repDiaHid12m,,2026-09-22T01:12:42Z,celec_ords/2022/09/repDiaHid12m.ndjson.gz#repDiaHid12m:2022-09-20
2022-01-30,delsitanisagua,caudal_m3s,39,ords:repDiaHid12m,,2026-09-22T01:12:42Z,celec_ords/2022/09/repDiaHid12m.ndjson.gz#repDiaHid12m:2022-09-20
2022-01-30,delsitanisagua,cota_masl,1488.65,ords:repDiaHid12m,,2026-09-22T01:12:42Z,celec_ords/2022/09/repDiaHid12m.ndjson.gz#repDiaHid12m:2022-09-20
2022-01-30,mazar,caudal_m3s,22,ords:repDiaHid12m,,2026-09-22T01:12:42Z,celec_ords/2022/09/repDiaHid12m.ndjson.gz#repDiaHid12m:2022-09-20
2022-01-30,mazar,cota_masl,2136.78,ords:repDiaHid12m,,2026-09-22T01:12:42Z,celec_ords/2022/09/repDiaHid12m.ndjson.gz#repDiaHid12m:2022-09-20
2022-01-30,minas_san_francisco,caudal_m3s,78,ords:repDiaHid12m,,2026-09-22T01:12:42Z,celec_ords/2022/09/repDiaHid12m.ndjson.gz#repDiaHid12m:2022-09-20
2022-01-30,minas_san_francisco,cota_masl,792.4,ords:repDiaHid12m,,2026-09-22T01:12:42Z,celec_ords/2022/09/repDiaHid12m.ndjson.gz#repDiaHid12m:2022-09-20
2022-01-31,amaluza,caudal_m3s,99,ords:repDiaHid12m,,2026-09-22T01:12:42Z,celec_ords/2022/09/repDiaHid12m.ndjson.gz#repDiaHid12m:2022-09-20
2022-01-31,amaluza,cota_masl,1982.7,ords:repDiaHid12m,,2026-09-22T01:12:42Z,celec_ords/2022/09/repDiaHid12m.ndjson.gz#repDiaHid12m:2022-09-20
2022-01-31,delsitanisagua,caudal_m3s,34,ords:repDiaHid12m,,2026-09-22T01:12:42Z,celec_ords/2022/09/repDiaHid12m.ndjson.gz#repDiaHid12m:2022-09-20
2022-01-31,delsitanisagua,cota_masl,1489.58,ords:repDiaHid12m,,2026-09-22T01:12:42Z,celec_ords/2022/09/repDiaHid12m.ndjson.gz#repDiaHid12m:2022-09-20
2022-01-31,mazar,caudal_m3s,34,ords:repDiaHid12m,,2026-09-22T01:12:42Z,celec_ords/2022/09/repDiaHid12m.ndjson.gz#repDiaHid12m:2022-09-20
2022-01-31,mazar,cota_masl,2136.4,ords:repDiaHid12m,,2026-09-22T01:12:42Z,celec_ords/2022/09/repDiaHid12m.ndjson.gz#repDiaHid12m:2022-09-20
2022-01-31,minas_san_francisco,caudal_m3s,70,ords:repDiaHid12m,,2026-09-22T01:12:42Z,celec_ords/2022/09/repDiaHid12m.ndjson.gz#repDiaHid12m:2022-09-20
2022-01-31,minas_san_francisco,cota_masl,792.65,ords:repDiaHid12m,,2026-09-22T01:12:42Z,celec_ords/2022/09/repDiaHid12m.ndjson.gz#repDiaHid12m:2022-09-20
2022-02-01,amaluza,caudal_m3s,107,ords:repDiaHid12m,,2026-09-22T01:12:42Z,celec_ords/2022/09/repDiaHid12m.ndjson.gz#repDiaHid12m:2022-09-20
2022-02-01,amaluza,cota_masl,1983.04,ords:repDiaHid12m,,2026-09-22T01:12:42Z,celec_ords/2022/09/repDiaHid12m.ndjson.gz#repDiaHid12m:2022-09-20
2022-02-01,delsitanisagua,caudal_m3s,31,ords:repDiaHid12m,,2026-09-22T01:12:42Z,celec_ords/2022/09/repDiaHid12m.ndjson.gz#repDiaHid12m:2022-09-20
2022-02-01,delsitanisagua,cota_masl,1489.37,ords:repDiaHid12m,,2026-09-22T01:12:42Z,celec_ords/2022/09/repDiaHid12m.ndjson.gz#repDiaHid12m:2022-09-20
2022-02-01,mazar,caudal_m3s,28,ords:repDiaHid12m,,2026-09-22T01:12:42Z,celec_ords/2022/09/repDiaHid12m.ndjson.gz#repDiaHid12m:2022-09-20
2022-02-01,mazar,cota_masl,2136.12,ords:repDiaHid12m,,2026-09-22T01:12:42Z,celec_ords/2022/09/repDiaHid12m.ndjson.gz#repDiaHid12m:2022-09-20
2022-02-01,minas_san_francisco,caudal_m3s,49,ords:repDiaHid12m,,2026-09-22T01:12:42Z,celec_ords/2022/09/repDiaHid12m.ndjson.gz#repDiaHid12m:2022-09-20
2022-02-01,minas_san_francisco,cota_masl,792.22,ords:repDiaHid12m,,2026-09-22T01:12:42Z,celec_ords/2022/09/repDiaHid12m.ndjson.gz#repDiaHid12m:2022-09-20
2022-02-02,amaluza,caudal_m3s,90,ords:repDiaHid12m,,2026-09-22T01:12:42Z,celec_ords/2022/09/repDiaHid12m.ndjson.gz#repDiaHid12m:2022-09-20
2022-02-02,amaluza,cota_masl,1982.86,ords:repDiaHid12m,,2026-09-22T01:12:42Z,celec_ords/2022/09/repDiaHid12m.ndjson.gz#repDiaHid12m:2022-09-20
2022-02-02,delsitanisagua,caudal_m3s,30,ords:repDiaHid12m,,2026-09-22T01:12:42Z,celec_ords/2022/09/repDiaHid12m.ndjson.gz#repDiaHid12m:2022-09-20
2022-02-02,delsitanisagua,cota_masl,1490.23,ords:repDiaHid12m,,2026-09-22T01:12:42Z,celec_ords/2022/09/repDiaHid12m.ndjson.gz#repDiaHid12m:2022-09-20
2022-02-02,mazar,caudal_m3s,20,ords:repDiaHid12m,,2026-09-22T01:12:42Z,celec_ords/2022/09/repDiaHid12m.ndjson.gz#repDiaHid12m:2022-09-20
2022-02-02,mazar,cota_masl,2135.75,ords:repDiaHid12m,,2026-09-22T01:12:42Z,celec_ords/2022/09/repDiaHid12m.ndjson.gz#repDiaHid12m:2022-09-20
2022-02-02,minas_san_francisco,caudal_m3s,43,ords:repDiaHid12m,,2026-09-22T01:12:42Z,celec_ords/2022/09/repDiaHid12m.ndjson.gz#repDiaHid12m:2022-09-20
2022-02-02,minas_san_francisco,cota_masl,792.01,ords:repDiaHid12m,,2026-09-22T01:12:42Z,celec_ords/2022/09/repDiaHid12m.ndjson.gz#repDiaHid12m:2022-09-20
2022-02-03,amaluza,caudal_m3s,109,ords:repDiaHid12m,,2026-09-22T01:12:42Z,celec_ords/2022/09/repDiaHid12m.ndjson.gz#repDiaHid12m:2022-09-20
2022-02-03,amaluza,cota_masl,1981.98,ords:repDiaHid12m,,2026-09-22T01:12:42Z,celec_ords/2022/09/repDiaHid12m.ndjson.gz#repDiaHid12m:2022-09-20
2022-02-03,delsitanisagua,caudal_m3s,30,ords:repDiaHid12m,,2026-09-22T01:12:42Z,celec_ords/2022/09/repDiaHid12m.ndjson.gz#repDiaHid12m:2022-09-20
2022-02-03,delsitanisagua,cota_masl,1487.58,ords:repDiaHid12m,,2026-09-22T01:12:42Z,celec_ords/2022/09/repDiaHid12m.ndjson.gz#repDiaHid12m:2022-09-20
2022-02-03,mazar,caudal_m3s,23,ords:repDiaHid12m,,2026-09-22T01:12:42Z,celec_ords/2022/09/repDiaHid12m.ndjson.gz#repDiaHid12m:2022-09-20
2022-02-03,mazar,cota_masl,2135.32,ords:repDiaHid12m,,2026-09-22T01:12:42Z,celec_ords/2022/09/repDiaHid12m.ndjson.gz#repDiaHid12m:2022-09-20
2022-02-03,minas_san_francisco,caudal_m3s,35,ords:repDiaHid12m,,2026-09-22T01:12:42Z,celec_ords/2022/09/repDiaHid12m.ndjson.gz#repDiaHid12m:2022-09-20
2022-02-03,minas_san_francisco,cota_masl,790.28,ords:repDiaHid12m,,2026-09-22T01:12:42Z,celec_ords/2022/09/repDiaHid12m.ndjson.gz#repDiaHid12m:2022-09-20
2022-02-04,amaluza,caudal_m3s,94,ords:repDiaHid12m,,2026-09-22T01:12:42Z,celec_ords/2022/09/repDiaHid12m.ndjson.gz#repDiaHid12m:2022-09-20
2022-02-04,amaluza,cota_masl,1980.27,ords:repDiaHid12m,,2026-09-22T01:12:42Z,celec_ords/2022/09/repDiaHid12m.ndjson.gz#repDiaHid12m:2022-09-20
2022-02-04,delsitanisagua,caudal_m3s,34,ords:repDiaHid12m,,2026-09-22T01:12:42Z,celec_ords/2022/09/repDiaHid12m.ndjson.gz#repDiaHid12m:2022-09-20
2022-02-04,delsitanisagua,cota_masl,1490.79,ords:repDiaHid12m,,2026-09-22T01:12:42Z,celec_ords/2022/09/repDiaHid12m.ndjson.gz#repDiaHid12m:2022-09-20
2022-02-04,mazar,caudal_m3s,32,ords:repDiaHid12m,,2026-09-22T01:12:42Z,celec_ords/2022/09/repDiaHid12m.ndjson.gz#repDiaHid12m:2022-09-20
2022-02-04,mazar,cota_masl,2134.7,ords:repDiaHid12m,,2026-09-22T01:12:42Z,celec_ords/2022/09/repDiaHid12m.ndjson.gz#repDiaHid12m:2022-09-20
2022-02-04,minas_san_francisco,caudal_m3s,32,ords:repDiaHid12m,,2026-09-22T01:12:42Z,celec_ords/2022/09/repDiaHid12m.ndjson.gz#repDiaHid12m:2022-09-20
2022-02-04,minas_san_francisco,cota_masl,788.25,ords:repDiaHid12m,,2026-09-22T01:12:42Z,celec_ords/2022/09/repDiaHid12m.ndjson.gz#repDiaHid12m:2022-09-20
2022-02-05,amaluza,caudal_m3s,71,ords:repDiaHid12m,,2026-09-22T01:12:42Z,celec_ords/2022/09/repDiaHid12m.ndjson.gz#repDiaHid12m:2022-09-20
2022-02-05,amaluza,cota_masl,1979.89,ords:repDiaHid12m,,2026-09-22T01:12:42Z,celec_ords/2022/09/repDiaHid12m.ndjson.gz#repDiaHid12m:2022-09-20
2022-02-05,delsitanisagua,caudal_m3s,90,ords:repDiaHid12m,,2026-09-22T01:12:42Z,celec_ords/2022/09/repDiaHid12m.ndjson.gz#repDiaHid12m:2022-09-20
2022-02-05,delsitanisagua,cota_masl,1490.79,ords:repDiaHid12m,,2026-09-22T01:12:42Z,celec_ords/2022/09/repDiaHid12m.ndjson.gz#repDiaHid12m:2022-09-20
2022-02-05,mazar,caudal_m3s,45,ords:repDiaHid12m,,2026-09-22T01:12:42Z,celec_ords/2022/09/repDiaHid12m.ndjson.gz#repDiaHid12m:2022-09-20
2022-02-05,mazar,cota_masl,2134.18,ords:repDiaHid12m,,2026-09-22T01:12:42Z,celec_ords/2022/09/repDiaHid12m.ndjson.gz#repDiaHid12m:2022-09-20
2022-02-05,minas_san_francisco,caudal_m3s,34,ords:repDiaHid12m,,2026-09-22T01:12:42Z,celec_ords/2022/09/repDiaHid12m.ndjson.gz#repDiaHid12m:2022-09-20
2022-02-05,minas_san_francisco,cota_masl,789.69,ords:repDiaHid12m,,2026-09-22T01:12:42Z,celec_ords/2022/09/repDiaHid12m.ndjson.gz#repDiaHid12m:2022-09-20
2022-02-06,amaluza,caudal_m3s,75,ords:repDiaHid12m,,2026-09-22T01:12:42Z,celec_ords/2022/09/repDiaHid12m.ndjson.gz#repDiaHid12m:2022-09-20
2022-02-06,amaluza,cota_masl,1980.34,ords:repDiaHid12m,,2026-09-22T01:12:42Z,celec_ords/2022/09/repDiaHid12m.ndjson.gz#repDiaHid12m:2022-09-20
2022-02-06,delsitanisagua,caudal_m3s,57,ords:repDiaHid12m,,2026-09-22T01:12:42Z,celec_ords/2022/09/repDiaHid12m.ndjson.gz#repDiaHid12m:2022-09-20
2022-02-06,delsitanisagua,cota_masl,1490.71,ords:repDiaHid12m,,2026-09-22T01:12:42Z,celec_ords/2022/09/repDiaHid12m.ndjson.gz#repDiaHid12m:2022-09-20
2022-02-06,mazar,caudal_m3s,22,ords:repDiaHid12m,,2026-09-22T01:12:42Z,celec_ords/2022/09/repDiaHid12m.ndjson.gz#repDiaHid12m:2022-09-20
2022-02-06,mazar,cota_masl,2134.11,ords:repDiaHid12m,,2026-09-22T01:12:42Z,celec_ords/2022/09/repDiaHid12m.ndjson.gz#repDiaHid12m:2022-09-20
2022-02-06,minas_san_francisco,caudal_m3s,45,ords:repDiaHid12m,,2026-09-22T01:12:42Z,celec_ords/2022/09/repDiaHid12m.ndjson.gz#repDiaHid12m:2022-09-20
2022-02-06,minas_san_francisco,cota_masl,790.09,ords:repDiaHid12m,,2026-09-22T01:12:42Z,celec_ords/2022/09/repDiaHid12m.ndjson.gz#repDiaHid12m:2022-09-20
2022-02-07,amaluza,caudal_m3s,69,ords:repDiaHid12m,,2026-09-22T01:12:42Z,celec_ords/2022/09/repDiaHid12m.ndjson.gz#repDiaHid12m:2022-09-20
2022-02-07,amaluza,cota_masl,1980.61,ords:repDiaHid12m,,2026-09-22T01:12:42Z,celec_ords/2022/09/repDiaHid12m.ndjson.gz#repDiaHid12m:2022-09-20
2022-02-07,delsitanisagua,caudal_m3s,51,ords:repDiaHid12m,,2026-09-22T01:12:42Z,celec_ords/2022/09/repDiaHid12m.ndjson.gz#repDiaHid12m:2022-09-20
2022-02-07,delsitanisagua,cota_masl,1490.83,ords:repDiaHid12m,,2026-09-22T01:12:42Z,celec_ords/2022/09/repDiaHid12m.ndjson.gz#repDiaHid12m:2022-09-20
2022-02-07,mazar,caudal_m3s,20,ords:repDiaHid12m,,2026-09-22T01:12:42Z,celec_ords/2022/09/repDiaHid12m.ndjson.gz#repDiaHid12m:2022-09-20
2022-02-07,mazar,cota_masl,2133.76,ords:repDiaHid12m,,2026-09-22T01:12:42Z,celec_ords/2022/09/repDiaHid12m.ndjson.gz#repDiaHid12m:2022-09-20
2022-02-07,minas_san_francisco,caudal_m3s,46,ords:repDiaHid12m,,2026-09-22T01:12:42Z,celec_ords/2022/09/repDiaHid12m.ndjson.gz#repDiaHid12m:2022-09-20
2022-02-07,minas_san_francisco,cota_masl,790.16,ords:repDiaHid12m,,2026-09-22T01:12:42Z,celec_ords/2022/09/repDiaHid12m.ndjson.gz#repDiaHid12m:2022-09-20
2022-02-08,amaluza,caudal_m3s,130,ords:repDiaHid12m,,2026-09-22T01:12:42Z,celec_ords/2022/09/repDiaHid12m.ndjson.gz#repDiaHid12m:2022-09-20
2022-02-08,amaluza,cota_masl,1981.36,ords:repDiaHid12m,,2026-09-22T01:12:42Z,celec_ords/2022/09/repDiaHid12m.ndjson.gz#repDiaHid12m:2022-09-20
2022-02-08,delsitanisagua,caudal_m3s,43,ords:repDiaHid12m,,2026-09-22T01:12:42Z,celec_ords/2022/09/repDiaHid12m.ndjson.gz#repDiaHid12m:2022-09-20
2022-02-08,delsitanisagua,cota_masl,1490.81,ords:repDiaHid12m,,2026-09-22T01:12:42Z,celec_ords/2022/09/repDiaHid12m.ndjson.gz#repDiaHid12m:2022-09-20
2022-02-08,mazar,caudal_m3s,31,ords:repDiaHid12m,,2026-09-22T01:12:42Z,celec_ords/2022/09/repDiaHid12m.ndjson.gz#repDiaHid12m:2022-09-20
2022-02-08,mazar,cota_masl,2133.37,ords:repDiaHid12m,,2026-09-22T01:12:42Z,celec_ords/2022/09/repDiaHid12m.ndjson.gz#repDiaHid12m:2022-09-20
2022-02-08,minas_san_francisco,caudal_m3s,40,ords:repDiaHid12m,,2026-09-22T01:12:42Z,celec_ords/2022/09/repDiaHid12m.ndjson.gz#repDiaHid12m:2022-09-20
2022-02-08,minas_san_francisco,cota_masl,790.53,ords:repDiaHid12m,,2026-09-22T01:12:42Z,celec_ords/2022/09/repDiaHid12m.ndjson.gz#repDiaHid12m:2022-09-20
2022-02-09,amaluza,caudal_m3s,148,ords:repDiaHid12m,,2026-09-22T01:12:42Z,celec_ords/2022/09/repDiaHid12m.ndjson.gz#repDiaHid12m:2022-09-20
2022-02-09,amaluza,cota_masl,1982.25,ords:repDiaHid12m,,2026-09-22T01:12:42Z,celec_ords/2022/09/repDiaHid12m.ndjson.gz#repDiaHid12m:2022-09-20
2022-02-09,delsitanisagua,caudal_m3s,37,ords:repDiaHid12m,,2026-09-22T01:12:42Z,celec_ords/2022/09/repDiaHid12m.ndjson.gz#repDiaHid12m:2022-09-20
2022-02-09,delsitanisagua,cota_masl,1490.42,ords:repDiaHid12m,,2026-09-22T01:12:42Z,celec_ords/2022/09/repDiaHid12m.ndjson.gz#repDiaHid12m:2022-09-20
2022-02-09,mazar,caudal_m3s,29,ords:repDiaHid12m,,2026-09-22T01:12:42Z,celec_ords/2022/09/repDiaHid12m.ndjson.gz#repDiaHid12m:2022-09-20
2022-02-09,mazar,cota_masl,2132.94,ords:repDiaHid12m,,2026-09-22T01:12:42Z,celec_ords/2022/09/repDiaHid12m.ndjson.gz#repDiaHid12m:2022-09-20
2022-02-09,minas_san_francisco,caudal_m3s,40,ords:repDiaHid12m,,2026-09-22T01:12:42Z,celec_ords/2022/09/repDiaHid12m.ndjson.gz#repDiaHid12m:2022-09-20
2022-02-09,minas_san_francisco,cota_masl,788.55,ords:repDiaHid12m,,2026-09-22T01:12:42Z,celec_ords/2022/09/repDiaHid12m.ndjson.gz#repDiaHid12m:2022-09-20
2022-02-10,amaluza,caudal_m3s,146,ords:repDiaHid12m,,2026-09-22T01:12:42Z,celec_ords/2022/09/repDiaHid12m.ndjson.gz#repDiaHid12m:2022-09-20
2022-02-10,amaluza,cota_masl,1983.13,ords:repDiaHid12m,,2026-09-22T01:12:42Z,celec_ords/2022/09/repDiaHid12m.ndjson.gz#repDiaHid12m:2022-09-20
2022-02-10,delsitanisagua,caudal_m3s,45,ords:repDiaHid12m,,2026-09-22T01:12:42Z,celec_ords/2022/09/repDiaHid12m.ndjson.gz#repDiaHid12m:2022-09-20
2022-02-10,delsitanisagua,cota_masl,1490.92,ords:repDiaHid12m,,2026-09-22T01:12:42Z,celec_ords/2022/09/repDiaHid12m.ndjson.gz#repDiaHid12m:2022-09-20
2022-02-10,mazar,caudal_m3s,18,ords:repDiaHid12m,,2026-09-22T01:12:42Z,celec_ords/2022/09/repDiaHid12m.ndjson.gz#repDiaHid12m:2022-09-20
2022-02-10,mazar,cota_masl,2132.09,ords:repDiaHid12m,,2026-09-22T01:12:42Z,celec_ords/2022/09/repDiaHid12m.ndjson.gz#repDiaHid12m:2022-09-20
2022-02-10,minas_san_francisco,caudal_m3s,47,ords:repDiaHid12m,,2026-09-22T01:12:42Z,celec_ords/2022/09/repDiaHid12m.ndjson.gz#repDiaHid12m:2022-09-20
2022-02-10,minas_san_francisco,cota_masl,787.09,ords:repDiaHid12m,,2026-09-22T01:12:42Z,celec_ords/2022/09/repDiaHid12m.ndjson.gz#repDiaHid12m:2022-09-20
2022-02-11,amaluza,caudal_m3s,70,ords:repDiaHid12m,,2026-09-22T01:12:42Z,celec_ords/2022/09/repDiaHid12m.ndjson.gz#repDiaHid12m:2022-09-20
2022-02-11,amaluza,cota_masl,1982.6,ords:repDiaHid12m,,2026-09-22T01:12:42Z,celec_ords/2022/09/repDiaHid12m.ndjson.gz#repDiaHid12m:2022-09-20
2022-02-11,delsitanisagua,caudal_m3s,54,ords:repDiaHid12m,,2026-09-22T01:12:42Z,celec_ords/2022/09/repDiaHid12m.ndjson.gz#repDiaHid12m:2022-09-20
2022-02-11,delsitanisagua,cota_masl,1490.88,ords:repDiaHid12m,,2026-09-22T01:12:42Z,celec_ords/2022/09/repDiaHid12m.ndjson.gz#repDiaHid12m:2022-09-20
2022-02-11,mazar,caudal_m3s,34,ords:repDiaHid12m,,2026-09-22T01:12:42Z,celec_ords/2022/09/repDiaHid12m.ndjson.gz#repDiaHid12m:2022-09-20
2022-02-11,mazar,cota_masl,2131.58,ords:repDiaHid12m,,2026-09-22T01:12:42Z,celec_ords/2022/09/repDiaHid12m.ndjson.gz#repDiaHid12m:2022-09-20
2022-02-11,minas_san_francisco,caudal_m3s,59,ords:repDiaHid12m,,2026-09-22T01:12:42Z,celec_ords/2022/09/repDiaHid12m.ndjson.gz#repDiaHid12m:2022-09-20
2022-02-11,minas_san_francisco,cota_masl,790.35,ords:repDiaHid12m,,2026-09-22T01:12:42Z,celec_ords/2022/09/repDiaHid12m.ndjson.gz#repDiaHid12m:2022-09-20
2022-02-12,amaluza,caudal_m3s,14,ords:repDiaHid12m,,2026-09-22T01:12:42Z,celec_ords/2022/09/repDiaHid12m.ndjson.gz#repDiaHid12m:2022-09-20
2022-02-12,amaluza,cota_masl,1982.88,ords:repDiaHid12m,,2026-09-22T01:12:42Z,celec_ords/2022/09/repDiaHid12m.ndjson.gz#repDiaHid12m:2022-09-20
2022-02-12,delsitanisagua,caudal_m3s,41,ords:repDiaHid12m,,2026-09-22T01:12:42Z,celec_ords/2022/09/repDiaHid12m.ndjson.gz#repDiaHid12m:2022-09-20
2022-02-12,delsitanisagua,cota_masl,1490.18,ords:repDiaHid12m,,2026-09-22T01:12:42Z,celec_ords/2022/09/repDiaHid12m.ndjson.gz#repDiaHid12m:2022-09-20
2022-02-12,mazar,caudal_m3s,50,ords:repDiaHid12m,,2026-09-22T01:12:42Z,celec_ords/2022/09/repDiaHid12m.ndjson.gz#repDiaHid12m:2022-09-20
2022-02-12,mazar,cota_masl,2131.74,ords:repDiaHid12m,,2026-09-22T01:12:42Z,celec_ords/2022/09/repDiaHid12m.ndjson.gz#repDiaHid12m:2022-09-20
2022-02-12,minas_san_francisco,caudal_m3s,101,ords:repDiaHid12m,,2026-09-22T01:12:42Z,celec_ords/2022/09/repDiaHid12m.ndjson.gz#repDiaHid12m:2022-09-20
2022-02-12,minas_san_francisco,cota_masl,792.56,ords:repDiaHid12m,,2026-09-22T01:12:42Z,celec_ords/2022/09/repDiaHid12m.ndjson.gz#repDiaHid12m:2022-09-20
2022-02-13,amaluza,caudal_m3s,86,ords:repDiaHid12m,,2026-09-22T01:12:42Z,celec_ords/2022/09/repDiaHid12m.ndjson.gz#repDiaHid12m:2022-09-20
2022-02-13,amaluza,cota_masl,1983.93,ords:repDiaHid12m,,2026-09-22T01:12:42Z,celec_ords/2022/09/repDiaHid12m.ndjson.gz#repDiaHid12m:2022-09-20
2022-02-13,delsitanisagua,caudal_m3s,42,ords:repDiaHid12m,,2026-09-22T01:12:42Z,celec_ords/2022/09/repDiaHid12m.ndjson.gz#repDiaHid12m:2022-09-20
2022-02-13,delsitanisagua,cota_masl,1490.3,ords:repDiaHid12m,,2026-09-22T01:12:42Z,celec_ords/2022/09/repDiaHid12m.ndjson.gz#repDiaHid12m:2022-09-20
2022-02-13,mazar,caudal_m3s,34,ords:repDiaHid12m,,2026-09-22T01:12:42Z,celec_ords/2022/09/repDiaHid12m.ndjson.gz#repDiaHid12m:2022-09-20
2022-02-13,mazar,cota_masl,2131.94,ords:repDiaHid12m,,2026-09-22T01:12:42Z,celec_ords/2022/09/repDiaHid12m.ndjson.gz#repDiaHid12m:2022-09-20
2022-02-13,minas_san_francisco,caudal_m3s,83,ords:repDiaHid12m,,2026-09-22T01:12:42Z,celec_ords/2022/09/repDiaHid12m.ndjson.gz#repDiaHid12m:2022-09-20
2022-02-13,minas_san_francisco,cota_masl,792.48,ords:repDiaHid12m,,2026-09-22T01:12:42Z,celec_ords/2022/09/repDiaHid12m.ndjson.gz#repDiaHid12m:2022-09-20
2022-02-14,amaluza,caudal_m3s,145,ords:repDiaHid12m,,2026-09-22T01:12:42Z,celec_ords/2022/09/repDiaHid12m.ndjson.gz#repDiaHid12m:2022-09-20
2022-02-14,amaluza,cota_masl,1984.39,ords:repDiaHid12m,,2026-09-22T01:12:42Z,celec_ords/2022/09/repDiaHid12m.ndjson.gz#repDiaHid12m:2022-09-20
2022-02-14,delsitanisagua,caudal_m3s,39,ords:repDiaHid12m,,2026-09-22T01:12:42Z,celec_ords/2022/09/repDiaHid12m.ndjson.gz#repDiaHid12m:2022-09-20
2022-02-14,delsitanisagua,cota_masl,1490.73,ords:repDiaHid12m,,2026-09-22T01:12:42Z,celec_ords/2022/09/repDiaHid12m.ndjson.gz#repDiaHid12m:2022-09-20
2022-02-14,mazar,caudal_m3s,48,ords:repDiaHid12m,,2026-09-22T01:12:42Z,celec_ords/2022/09/repDiaHid12m.ndjson.gz#repDiaHid12m:2022-09-20
2022-02-14,mazar,cota_masl,2131.52,ords:repDiaHid12m,,2026-09-22T01:12:42Z,celec_ords/2022/09/repDiaHid12m.ndjson.gz#repDiaHid12m:2022-09-20
2022-02-14,minas_san_francisco,caudal_m3s,109,ords:repDiaHid12m,,2026-09-22T01:12:42Z,celec_ords/2022/09/repDiaHid12m.ndjson.gz#repDiaHid12m:2022-09-20
2022-02-14,minas_san_francisco,cota_masl,792.56,ords:repDiaHid12m,,2026-09-22T01:12:42Z,celec_ords/2022/09/repDiaHid12m.ndjson.gz#repDiaHid12m:2022-09-20
2022-02-15,amaluza,caudal_m3s,68,ords:repDiaHid12m,,2026-09-22T01:12:42Z,celec_ords/2022/09/repDiaHid12m.ndjson.gz#repDiaHid12m:2022-09-20
2022-02-15,amaluza,cota_masl,1984.04,ords:repDiaHid12m,,2026-09-22T01:12:42Z,celec_ords/2022/09/repDiaHid12m.ndjson.gz#repDiaHid12m:2022-09-20
2022-02-15,delsitanisagua,caudal_m3s,49,ords:repDiaHid12m,,2026-09-22T01:12:42Z,celec_ords/2022/09/repDiaHid12m.ndjson.gz#repDiaHid12m:2022-09-20
2022-02-15,delsitanisagua,cota_masl,1490.81,ords:repDiaHid12m,,2026-09-22T01:12:42Z,celec_ords/2022/09/repDiaHid12m.ndjson.gz#repDiaHid12m:2022-09-20
2022-02-15,mazar,caudal_m3s,46,ords:repDiaHid12m,,2026-09-22T01:12:42Z,celec_ords/2022/09/repDiaHid12m.ndjson.gz#repDiaHid12m:2022-09-20
2022-02-15,mazar,cota_masl,2131.31,ords:repDiaHid12m,,2026-09-22T01:12:42Z,celec_ords/2022/09/repDiaHid12m.ndjson.gz#repDiaHid12m:2022-09-20
2022-02-15,minas_san_francisco,caudal_m3s,58,ords:repDiaHid12m,,2026-09-22T01:12:42Z,celec_ords/2022/09/repDiaHid12m.ndjson.gz#repDiaHid12m:2022-09-20
2022-02-15,minas_san_francisco,cota_masl,792.31,ords:repDiaHid12m,,2026-09-22T01:12:42Z,celec_ords/2022/09/repDiaHid12m.ndjson.gz#repDiaHid12m:2022-09-20
2022-02-16,amaluza,caudal_m3s,77,ords:repDiaHid12m,,2026-09-22T01:12:42Z,celec_ords/2022/09/repDiaHid12m.ndjson.gz#repDiaHid12m:2022-09-20
2022-02-16,amaluza,cota_masl,1984.04,ords:repDiaHid12m,,2026-09-22T01:12:42Z,celec_ords/2022/09/repDiaHid12m.ndjson.gz#repDiaHid12m:2022-09-20
2022-02-16,delsitanisagua,caudal_m3s,40,ords:repDiaHid12m,,2026-09-22T01:12:42Z,celec_ords/2022/09/repDiaHid12m.ndjson.gz#repDiaHid12m:2022-09-20
2022-02-16,delsitanisagua,cota_masl,1490.51,ords:repDiaHid12m,,2026-09-22T01:12:42Z,celec_ords/2022/09/repDiaHid12m.ndjson.gz#repDiaHid12m:2022-09-20
2022-02-16,mazar,caudal_m3s,37,ords:repDiaHid12m,,2026-09-22T01:12:42Z,celec_ords/2022/09/repDiaHid12m.ndjson.gz#repDiaHid12m:2022-09-20
2022-02-16,mazar,cota_masl,2130.64,ords:repDiaHid12m,,2026-09-22T01:12:42Z,celec_ords/2022/09/repDiaHid12m.ndjson.gz#repDiaHid12m:2022-09-20
2022-02-16,minas_san_francisco,caudal_m3s,60,ords:repDiaHid12m,,2026-09-22T01:12:42Z,celec_ords/2022/09/repDiaHid12m.ndjson.gz#repDiaHid12m:2022-09-20
2022-02-16,minas_san_francisco,cota_masl,791.63,ords:repDiaHid12m,,2026-09-22T01:12:42Z,celec_ords/2022/09/repDiaHid12m.ndjson.gz#repDiaHid12m:2022-09-20
2022-02-17,amaluza,caudal_m3s,75,ords:repDiaHid12m,,2026-09-22T01:12:42Z,celec_ords/2022/09/repDiaHid12m.ndjson.gz#repDiaHid12m:2022-09-20
2022-02-17,amaluza,cota_masl,1984.21,ords:repDiaHid12m,,2026-09-22T01:12:42Z,celec_ords/2022/09/repDiaHid12m.ndjson.gz#repDiaHid12m:2022-09-20
2022-02-17,delsitanisagua,caudal_m3s,39,ords:repDiaHid12m,,2026-09-22T01:12:42Z,celec_ords/2022/09/repDiaHid12m.ndjson.gz#repDiaHid12m:2022-09-20
2022-02-17,delsitanisagua,cota_masl,1490.56,ords:repDiaHid12m,,2026-09-22T01:12:42Z,celec_ords/2022/09/repDiaHid12m.ndjson.gz#repDiaHid12m:2022-09-20
2022-02-17,mazar,caudal_m3s,36,ords:repDiaHid12m,,2026-09-22T01:12:42Z,celec_ords/2022/09/repDiaHid12m.ndjson.gz#repDiaHid12m:2022-09-20
2022-02-17,mazar,cota_masl,2129.82,ords:repDiaHid12m,,2026-09-22T01:12:42Z,celec_ords/2022/09/repDiaHid12m.ndjson.gz#repDiaHid12m:2022-09-20
2022-02-17,minas_san_francisco,caudal_m3s,52,ords:repDiaHid12m,,2026-09-22T01:12:42Z,celec_ords/2022/09/repDiaHid12m.ndjson.gz#repDiaHid12m:2022-09-20
2022-02-17,minas_san_francisco,cota_masl,789.48,ords:repDiaHid12m,,2026-09-22T01:12:42Z,celec_ords/2022/09/repDiaHid12m.ndjson.gz#repDiaHid12m:2022-09-20
2022-02-18,amaluza,caudal_m3s,132,ords:repDiaHid12m,,2026-09-22T01:12:42Z,celec_ords/2022/09/repDiaHid12m.ndjson.gz#repDiaHid12m:2022-09-20
2022-02-18,amaluza,cota_masl,1983.94,ords:repDiaHid12m,,2026-09-22T01:12:42Z,celec_ords/2022/09/repDiaHid12m.ndjson.gz#repDiaHid12m:2022-09-20
2022-02-18,delsitanisagua,caudal_m3s,39,ords:repDiaHid12m,,2026-09-22T01:12:42Z,celec_ords/2022/09/repDiaHid12m.ndjson.gz#repDiaHid12m:2022-09-20
2022-02-18,delsitanisagua,cota_masl,1490.87,ords:repDiaHid12m,,2026-09-22T01:12:42Z,celec_ords/2022/09/repDiaHid12m.ndjson.gz#repDiaHid12m:2022-09-20
2022-02-18,mazar,caudal_m3s,32,ords:repDiaHid12m,,2026-09-22T01:12:42Z,celec_ords/2022/09/repDiaHid12m.ndjson.gz#repDiaHid12m:2022-09-20
2022-02-18,mazar,cota_masl,2129.18,ords:repDiaHid12m,,2026-09-22T01:12:42Z,celec_ords/2022/09/repDiaHid12m.ndjson.gz#repDiaHid12m:2022-09-20
2022-02-18,minas_san_francisco,caudal_m3s,48,ords:repDiaHid12m,,2026-09-22T01:12:42Z,celec_ords/2022/09/repDiaHid12m.ndjson.gz#repDiaHid12m:2022-09-20
2022-02-18,minas_san_francisco,cota_masl,790.01,ords:repDiaHid12m,,2026-09-22T01:12:42Z,celec_ords/2022/09/repDiaHid12m.ndjson.gz#repDiaHid12m:2022-09-20
2022-02-19,amaluza,caudal_m3s,130,ords:repDiaHid12m,,2026-09-22T01:12:42Z,celec_ords/2022/09/repDiaHid12m.ndjson.gz#repDiaHid12m:2022-09-20
2022-02-19,amaluza,cota_masl,1984.51,ords:repDiaHid12m,,2026-09-22T01:12:42Z,celec_ords/2022/09/repDiaHid12m.ndjson.gz#repDiaHid12m:2022-09-20
2022-02-19,delsitanisagua,caudal_m3s,34,ords:repDiaHid12m,,2026-09-22T01:12:42Z,celec_ords/2022/09/repDiaHid12m.ndjson.gz#repDiaHid12m:2022-09-20
2022-02-19,delsitanisagua,cota_masl,1490.92,ords:repDiaHid12m,,2026-09-22T01:12:42Z,celec_ords/2022/09/repDiaHid12m.ndjson.gz#repDiaHid12m:2022-09-20
2022-02-19,mazar,caudal_m3s,26,ords:repDiaHid12m,,2026-09-22T01:12:42Z,celec_ords/2022/09/repDiaHid12m.ndjson.gz#repDiaHid12m:2022-09-20
2022-02-19,mazar,cota_masl,2128.42,ords:repDiaHid12m,,2026-09-22T01:12:42Z,celec_ords/2022/09/repDiaHid12m.ndjson.gz#repDiaHid12m:2022-09-20
2022-02-19,minas_san_francisco,caudal_m3s,49,ords:repDiaHid12m,,2026-09-22T01:12:42Z,celec_ords/2022/09/repDiaHid12m.ndjson.gz#repDiaHid12m:2022-09-20
2022-02-19,minas_san_francisco,cota_masl,789.59,ords:repDiaHid12m,,2026-09-22T01:12:42Z,celec_ords/2022/09/repDiaHid12m.ndjson.gz#repDiaHid12m:2022-09-20
2022-02-20,amaluza,caudal_m3s,117,ords:repDiaHid12m,,2026-09-22T01:12:42Z,celec_ords/2022/09/repDiaHid12m.ndjson.gz#repDiaHid12m:2022-09-20
2022-02-20,amaluza,cota_masl,1984.93,ords:repDiaHid12m,,2026-09-22T01:12:42Z,celec_ords/2022/09/repDiaHid12m.ndjson.gz#repDiaHid12m:2022-09-20
2022-02-20,delsitanisagua,caudal_m3s,32,ords:repDiaHid12m,,2026-09-22T01:12:42Z,celec_ords/2022/09/repDiaHid12m.ndjson.gz#repDiaHid12m:2022-09-20
2022-02-20,delsitanisagua,cota_masl,1487.09,ords:repDiaHid12m,,2026-09-22T01:12:42Z,celec_ords/2022/09/repDiaHid12m.ndjson.gz#repDiaHid12m:2022-09-20
2022-02-20,mazar,caudal_m3s,16,ords:repDiaHid12m,,2026-09-22T01:12:42Z,celec_ords/2022/09/repDiaHid12m.ndjson.gz#repDiaHid12m:2022-09-20
2022-02-20,mazar,cota_masl,2127.78,ords:repDiaHid12m,,2026-09-22T01:12:42Z,celec_ords/2022/09/repDiaHid12m.ndjson.gz#repDiaHid12m:2022-09-20
2022-02-20,minas_san_francisco,caudal_m3s,41,ords:repDiaHid12m,,2026-09-22T01:12:42Z,celec_ords/2022/09/repDiaHid12m.ndjson.gz#repDiaHid12m:2022-09-20
2022-02-20,minas_san_francisco,cota_masl,788.99,ords:repDiaHid12m,,2026-09-22T01:12:42Z,celec_ords/2022/09/repDiaHid12m.ndjson.gz#repDiaHid12m:2022-09-20
2022-02-21,amaluza,caudal_m3s,61,ords:repDiaHid12m,,2026-09-22T01:12:42Z,celec_ords/2022/09/repDiaHid12m.ndjson.gz#repDiaHid12m:2022-09-20
2022-02-21,amaluza,cota_masl,1984.31,ords:repDiaHid12m,,2026-09-22T01:12:42Z,celec_ords/2022/09/repDiaHid12m.ndjson.gz#repDiaHid12m:2022-09-20
2022-02-21,delsitanisagua,caudal_m3s,32,ords:repDiaHid12m,,2026-09-22T01:12:42Z,celec_ords/2022/09/repDiaHid12m.ndjson.gz#repDiaHid12m:2022-09-20
2022-02-21,delsitanisagua,cota_masl,1488.67,ords:repDiaHid12m,,2026-09-22T01:12:42Z,celec_ords/2022/09/repDiaHid12m.ndjson.gz#repDiaHid12m:2022-09-20
2022-02-21,mazar,caudal_m3s,22,ords:repDiaHid12m,,2026-09-22T01:12:42Z,celec_ords/2022/09/repDiaHid12m.ndjson.gz#repDiaHid12m:2022-09-20
2022-02-21,mazar,cota_masl,2127.08,ords:repDiaHid12m,,2026-09-22T01:12:42Z,celec_ords/2022/09/repDiaHid12m.ndjson.gz#repDiaHid12m:2022-09-20
2022-02-21,minas_san_francisco,caudal_m3s,36,ords:repDiaHid12m,,2026-09-22T01:12:42Z,celec_ords/2022/09/repDiaHid12m.ndjson.gz#repDiaHid12m:2022-09-20
2022-02-21,minas_san_francisco,cota_masl,787.75,ords:repDiaHid12m,,2026-09-22T01:12:42Z,celec_ords/2022/09/repDiaHid12m.ndjson.gz#repDiaHid12m:2022-09-20
2022-02-22,amaluza,caudal_m3s,130,ords:repDiaHid12m,,2026-09-22T01:12:42Z,celec_ords/2022/09/repDiaHid12m.ndjson.gz#repDiaHid12m:2022-09-20
2022-02-22,amaluza,cota_masl,1982.98,ords:repDiaHid12m,,2026-09-22T01:12:42Z,celec_ords/2022/09/repDiaHid12m.ndjson.gz#repDiaHid12m:2022-09-20
2022-02-22,delsitanisagua,caudal_m3s,38,ords:repDiaHid12m,,2026-09-22T01:12:42Z,celec_ords/2022/09/repDiaHid12m.ndjson.gz#repDiaHid12m:2022-09-20
2022-02-22,delsitanisagua,cota_masl,1481,ords:repDiaHid12m,,2026-09-22T01:12:42Z,celec_ords/2022/09/repDiaHid12m.ndjson.gz#repDiaHid12m:2022-09-20
2022-02-22,mazar,caudal_m3s,14,ords:repDiaHid12m,,2026-09-22T01:12:42Z,celec_ords/2022/09/repDiaHid12m.ndjson.gz#repDiaHid12m:2022-09-20
2022-02-22,mazar,cota_masl,2126.04,ords:repDiaHid12m,,2026-09-22T01:12:42Z,celec_ords/2022/09/repDiaHid12m.ndjson.gz#repDiaHid12m:2022-09-20
2022-02-22,minas_san_francisco,caudal_m3s,38,ords:repDiaHid12m,,2026-09-22T01:12:42Z,celec_ords/2022/09/repDiaHid12m.ndjson.gz#repDiaHid12m:2022-09-20
2022-02-22,minas_san_francisco,cota_masl,785.15,ords:repDiaHid12m,,2026-09-22T01:12:42Z,celec_ords/2022/09/repDiaHid12m.ndjson.gz#repDiaHid12m:2022-09-20
2022-02-23,amaluza,caudal_m3s,10,ords:repDiaHid12m,,2026-09-22T01:12:42Z,celec_ords/2022/09/repDiaHid12m.ndjson.gz#repDiaHid12m:2022-09-20
2022-02-23,amaluza,cota_masl,1982.34,ords:repDiaHid12m,,2026-09-22T01:12:42Z,celec_ords/2022/09/repDiaHid12m.ndjson.gz#repDiaHid12m:2022-09-20
2022-02-23,delsitanisagua,caudal_m3s,31,ords:repDiaHid12m,,2026-09-22T01:12:42Z,celec_ords/2022/09/repDiaHid12m.ndjson.gz#repDiaHid12m:2022-09-20
2022-02-23,delsitanisagua,cota_masl,1483.94,ords:repDiaHid12m,,2026-09-22T01:12:42Z,celec_ords/2022/09/repDiaHid12m.ndjson.gz#repDiaHid12m:2022-09-20
2022-02-23,mazar,caudal_m3s,24,ords:repDiaHid12m,,2026-09-22T01:12:42Z,celec_ords/2022/09/repDiaHid12m.ndjson.gz#repDiaHid12m:2022-09-20
2022-02-23,mazar,cota_masl,2125.58,ords:repDiaHid12m,,2026-09-22T01:12:42Z,celec_ords/2022/09/repDiaHid12m.ndjson.gz#repDiaHid12m:2022-09-20
2022-02-23,minas_san_francisco,caudal_m3s,40,ords:repDiaHid12m,,2026-09-22T01:12:42Z,celec_ords/2022/09/repDiaHid12m.ndjson.gz#repDiaHid12m:2022-09-20
2022-02-23,minas_san_francisco,cota_masl,786.3,ords:repDiaHid12m,,2026-09-22T01:12:42Z,celec_ords/2022/09/repDiaHid12m.ndjson.gz#repDiaHid12m:2022-09-20
2022-02-24,amaluza,caudal_m3s,28,ords:repDiaHid12m,,2026-09-22T01:12:42Z,celec_ords/2022/09/repDiaHid12m.ndjson.gz#repDiaHid12m:2022-09-20
2022-02-24,amaluza,cota_masl,1981.88,ords:repDiaHid12m,,2026-09-22T01:12:42Z,celec_ords/2022/09/repDiaHid12m.ndjson.gz#repDiaHid12m:2022-09-20
2022-02-24,delsitanisagua,caudal_m3s,44,ords:repDiaHid12m,,2026-09-22T01:12:42Z,celec_ords/2022/09/repDiaHid12m.ndjson.gz#repDiaHid12m:2022-09-20
2022-02-24,delsitanisagua,cota_masl,1490.76,ords:repDiaHid12m,,2026-09-22T01:12:42Z,celec_ords/2022/09/repDiaHid12m.ndjson.gz#repDiaHid12m:2022-09-20
2022-02-24,mazar,caudal_m3s,49,ords:repDiaHid12m,,2026-09-22T01:12:42Z,celec_ords/2022/09/repDiaHid12m.ndjson.gz#repDiaHid12m:2022-09-20
2022-02-24,mazar,cota_masl,2125.52,ords:repDiaHid12m,,2026-09-22T01:12:42Z,celec_ords/2022/09/repDiaHid12m.ndjson.gz#repDiaHid12m:2022-09-20
2022-02-24,minas_san_francisco,caudal_m3s,89,ords:repDiaHid12m,,2026-09-22T01:12:42Z,celec_ords/2022/09/repDiaHid12m.ndjson.gz#repDiaHid12m:2022-09-20
2022-02-24,minas_san_francisco,cota_masl,790.67,ords:repDiaHid12m,,2026-09-22T01:12:42Z,celec_ords/2022/09/repDiaHid12m.ndjson.gz#repDiaHid12m:2022-09-20
2022-02-25,amaluza,caudal_m3s,9,ords:repDiaHid12m,,2026-09-22T01:12:42Z,celec_ords/2022/09/repDiaHid12m.ndjson.gz#repDiaHid12m:2022-09-20
2022-02-25,amaluza,cota_masl,1981.45,ords:repDiaHid12m,,2026-09-22T01:12:42Z,celec_ords/2022/09/repDiaHid12m.ndjson.gz#repDiaHid12m:2022-09-20
2022-02-25,delsitanisagua,caudal_m3s,44,ords:repDiaHid12m,,2026-09-22T01:12:42Z,celec_ords/2022/09/repDiaHid12m.ndjson.gz#repDiaHid12m:2022-09-20
2022-02-25,delsitanisagua,cota_masl,1490.9,ords:repDiaHid12m,,2026-09-22T01:12:42Z,celec_ords/2022/09/repDiaHid12m.ndjson.gz#repDiaHid12m:2022-09-20
2022-02-25,mazar,caudal_m3s,59,ords:repDiaHid12m,,2026-09-22T01:12:42Z,celec_ords/2022/09/repDiaHid12m.ndjson.gz#repDiaHid12m:2022-09-20
2022-02-25,mazar,cota_masl,2125.73,ords:repDiaHid12m,,2026-09-22T01:12:42Z,celec_ords/2022/09/repDiaHid12m.ndjson.gz#repDiaHid12m:2022-09-20
2022-02-25,minas_san_francisco,caudal_m3s,103,ords:repDiaHid12m,,2026-09-22T01:12:42Z,celec_ords/2022/09/repDiaHid12m.ndjson.gz#repDiaHid12m:2022-09-20
2022-02-25,minas_san_francisco,cota_masl,792.49,ords:repDiaHid12m,,2026-09-22T01:12:42Z,celec_ords/2022/09/repDiaHid12m.ndjson.gz#repDiaHid12m:2022-09-20
2022-02-26,amaluza,caudal_m3s,53,ords:repDiaHid12m,,2026-09-22T01:12:42Z,celec_ords/2022/09/repDiaHid12m.ndjson.gz#repDiaHid12m:2022-09-20
2022-02-26,amaluza,cota_masl,1981.08,ords:repDiaHid12m,,2026-09-22T01:12:42Z,celec_ords/2022/09/repDiaHid12m.ndjson.gz#repDiaHid12m:2022-09-20
2022-02-26,delsitanisagua,caudal_m3s,66,ords:repDiaHid12m,,2026-09-22T01:12:42Z,celec_ords/2022/09/repDiaHid12m.ndjson.gz#repDiaHid12m:2022-09-20
2022-02-26,delsitanisagua,cota_masl,1491.05,ords:repDiaHid12m,,2026-09-22T01:12:42Z,celec_ords/2022/09/repDiaHid12m.ndjson.gz#repDiaHid12m:2022-09-20
2022-02-26,mazar,caudal_m3s,88,ords:repDiaHid12m,,2026-09-22T01:12:42Z,celec_ords/2022/09/repDiaHid12m.ndjson.gz#repDiaHid12m:2022-09-20
2022-02-26,mazar,cota_masl,2126.54,ords:repDiaHid12m,,2026-09-22T01:12:42Z,celec_ords/2022/09/repDiaHid12m.ndjson.gz#repDiaHid12m:2022-09-20
2022-02-26,minas_san_francisco,caudal_m3s,161,ords:repDiaHid12m,,2026-09-22T01:12:42Z,celec_ords/2022/09/repDiaHid12m.ndjson.gz#repDiaHid12m:2022-09-20
2022-02-26,minas_san_francisco,cota_masl,792.43,ords:repDiaHid12m,,2026-09-22T01:12:42Z,celec_ords/2022/09/repDiaHid12m.ndjson.gz#repDiaHid12m:2022-09-20
2022-02-27,amaluza,caudal_m3s,108,ords:repDiaHid12m,,2026-09-22T01:12:42Z,celec_ords/2022/09/repDiaHid12m.ndjson.gz#repDiaHid12m:2022-09-20
2022-02-27,amaluza,cota_masl,1982.78,ords:repDiaHid12m,,2026-09-22T01:12:42Z,celec_ords/2022/09/repDiaHid12m.ndjson.gz#repDiaHid12m:2022-09-20
2022-02-27,delsitanisagua,caudal_m3s,42,ords:repDiaHid12m,,2026-09-22T01:12:42Z,celec_ords/2022/09/repDiaHid12m.ndjson.gz#repDiaHid12m:2022-09-20
2022-02-27,delsitanisagua,cota_masl,1489.27,ords:repDiaHid12m,,2026-09-22T01:12:42Z,celec_ords/2022/09/repDiaHid12m.ndjson.gz#repDiaHid12m:2022-09-20
2022-02-27,mazar,caudal_m3s,90,ords:repDiaHid12m,,2026-09-22T01:12:42Z,celec_ords/2022/09/repDiaHid12m.ndjson.gz#repDiaHid12m:2022-09-20
2022-02-27,mazar,cota_masl,2126.87,ords:repDiaHid12m,,2026-09-22T01:12:42Z,celec_ords/2022/09/repDiaHid12m.ndjson.gz#repDiaHid12m:2022-09-20
2022-02-27,minas_san_francisco,caudal_m3s,89,ords:repDiaHid12m,,2026-09-22T01:12:42Z,celec_ords/2022/09/repDiaHid12m.ndjson.gz#repDiaHid12m:2022-09-20
2022-02-27,minas_san_francisco,cota_masl,792.36,ords:repDiaHid12m,,2026-09-22T01:12:42Z,celec_ords/2022/09/repDiaHid12m.ndjson.gz#repDiaHid12m:2022-09-20
2022-02-28,amaluza,caudal_m3s,117,ords:repDiaHid12m,,2026-09-22T01:12:42Z,celec_ords/2022/09/repDiaHid12m.ndjson.gz#repDiaHid12m:2022-09-20
2022-02-28,amaluza,cota_masl,1984.57,ords:repDiaHid12m,,2026-09-22T01:12:42Z,celec_ords/2022/09/repDiaHid12m.ndjson.gz#repDiaHid12m:2022-09-20
2022-02-28,delsitanisagua,caudal_m3s,43,ords:repDiaHid12m,,2026-09-22T01:12:42Z,celec_ords/2022/09/repDiaHid12m.ndjson.gz#repDiaHid12m:2022-09-20
2022-02-28,delsitanisagua,cota_masl,1489.46,ords:repDiaHid12m,,2026-09-22T01:12:42Z,celec_ords/2022/09/repDiaHid12m.ndjson.gz#repDiaHid12m:2022-09-20
2022-02-28,mazar,caudal_m3s,60,ords:repDiaHid12m,,2026-09-22T01:12:42Z,celec_ords/2022/09/repDiaHid12m.ndjson.gz#repDiaHid12m:2022-09-20
2022-02-28,mazar,cota_masl,2126.96,ords:repDiaHid12m,,2026-09-22T01:12:42Z,celec_ords/2022/09/repDiaHid12m.ndjson.gz#repDiaHid12m:2022-09-20
2022-02-28,minas_san_francisco,caudal_m3s,71,ords:repDiaHid12m,,2026-09-22T01:12:42Z,celec_ords/2022/09/repDiaHid12m.ndjson.gz#repDiaHid12m:2022-09-20
2022-02-28,minas_san_francisco,cota_masl,792.45,ords:repDiaHid12m,,2026-09-22T01:12:42Z,celec_ords/2022/09/repDiaHid12m.ndjson.gz#repDiaHid12m:2022-09-20
2022-03-01,amaluza,caudal_m3s,25,ords:repDiaHid12m,,2026-09-22T01:12:42Z,celec_ords/2022/09/repDiaHid12m.ndjson.gz#repDiaHid12m:2022-09-20
2022-03-01,amaluza,cota_masl,1985.13,ords:repDiaHid12m,,2026-09-22T01:12:42Z,celec_ords/2022/09/repDiaHid12m.ndjson.gz#repDiaHid12m:2022-09-20
2022-03-01,delsitanisagua,caudal_m3s,59,ords:repDiaHid12m,,2026-09-22T01:12:42Z,celec_ords/2022/09/repDiaHid12m.ndjson.gz#repDiaHid12m:2022-09-20
2022-03-01,delsitanisagua,cota_masl,1490.87,ords:repDiaHid12m,,2026-09-22T01:12:42Z,celec_ords/2022/09/repDiaHid12m.ndjson.gz#repDiaHid12m:2022-09-20
2022-03-01,mazar,caudal_m3s,128,ords:repDiaHid12m,,2026-09-22T01:12:42Z,celec_ords/2022/09/repDiaHid12m.ndjson.gz#repDiaHid12m:2022-09-20
2022-03-01,mazar,cota_masl,2128.12,ords:repDiaHid12m,,2026-09-22T01:12:42Z,celec_ords/2022/09/repDiaHid12m.ndjson.gz#repDiaHid12m:2022-09-20
2022-03-01,minas_san_francisco,caudal_m3s,192,ords:repDiaHid12m,,2026-09-22T01:12:42Z,celec_ords/2022/09/repDiaHid12m.ndjson.gz#repDiaHid12m:2022-09-20
2022-03-01,minas_san_francisco,cota_masl,792.78,ords:repDiaHid12m,,2026-09-22T01:12:42Z,celec_ords/2022/09/repDiaHid12m.ndjson.gz#repDiaHid12m:2022-09-20
2022-03-02,amaluza,caudal_m3s,52,ords:repDiaHid12m,,2026-09-22T01:12:42Z,celec_ords/2022/09/repDiaHid12m.ndjson.gz#repDiaHid12m:2022-09-20
2022-03-02,amaluza,cota_masl,1985.31,ords:repDiaHid12m,,2026-09-22T01:12:42Z,celec_ords/2022/09/repDiaHid12m.ndjson.gz#repDiaHid12m:2022-09-20
2022-03-02,delsitanisagua,caudal_m3s,86,ords:repDiaHid12m,,2026-09-22T01:12:42Z,celec_ords/2022/09/repDiaHid12m.ndjson.gz#repDiaHid12m:2022-09-20
2022-03-02,delsitanisagua,cota_masl,1490.1,ords:repDiaHid12m,,2026-09-22T01:12:42Z,celec_ords/2022/09/repDiaHid12m.ndjson.gz#repDiaHid12m:2022-09-20
2022-03-02,mazar,caudal_m3s,257,ords:repDiaHid12m,,2026-09-22T01:12:42Z,celec_ords/2022/09/repDiaHid12m.ndjson.gz#repDiaHid12m:2022-09-20
2022-03-02,mazar,cota_masl,2130.32,ords:repDiaHid12m,,2026-09-22T01:12:42Z,celec_ords/2022/09/repDiaHid12m.ndjson.gz#repDiaHid12m:2022-09-20
2022-03-02,minas_san_francisco,caudal_m3s,414,ords:repDiaHid12m,,2026-09-22T01:12:42Z,celec_ords/2022/09/repDiaHid12m.ndjson.gz#repDiaHid12m:2022-09-20
2022-03-02,minas_san_francisco,cota_masl,792.62,ords:repDiaHid12m,,2026-09-22T01:12:42Z,celec_ords/2022/09/repDiaHid12m.ndjson.gz#repDiaHid12m:2022-09-20
2022-03-03,amaluza,caudal_m3s,138,ords:repDiaHid12m,,2026-09-22T01:12:42Z,celec_ords/2022/09/repDiaHid12m.ndjson.gz#repDiaHid12m:2022-09-20
2022-03-03,amaluza,cota_masl,1984.56,ords:repDiaHid12m,,2026-09-22T01:12:42Z,celec_ords/2022/09/repDiaHid12m.ndjson.gz#repDiaHid12m:2022-09-20
2022-03-03,delsitanisagua,caudal_m3s,52,ords:repDiaHid12m,,2026-09-22T01:12:42Z,celec_ords/2022/09/repDiaHid12m.ndjson.gz#repDiaHid12m:2022-09-20
2022-03-03,delsitanisagua,cota_masl,1490.61,ords:repDiaHid12m,,2026-09-22T01:12:42Z,celec_ords/2022/09/repDiaHid12m.ndjson.gz#repDiaHid12m:2022-09-20
2022-03-03,mazar,caudal_m3s,107,ords:repDiaHid12m,,2026-09-22T01:12:42Z,celec_ords/2022/09/repDiaHid12m.ndjson.gz#repDiaHid12m:2022-09-20
2022-03-03,mazar,cota_masl,2131.86,ords:repDiaHid12m,,2026-09-22T01:12:42Z,celec_ords/2022/09/repDiaHid12m.ndjson.gz#repDiaHid12m:2022-09-20
2022-03-03,minas_san_francisco,caudal_m3s,259,ords:repDiaHid12m,,2026-09-22T01:12:42Z,celec_ords/2022/09/repDiaHid12m.ndjson.gz#repDiaHid12m:2022-09-20
2022-03-03,minas_san_francisco,cota_masl,792.61,ords:repDiaHid12m,,2026-09-22T01:12:42Z,celec_ords/2022/09/repDiaHid12m.ndjson.gz#repDiaHid12m:2022-09-20
2022-03-04,amaluza,caudal_m3s,96,ords:repDiaHid12m,,2026-09-22T01:12:42Z,celec_ords/2022/09/repDiaHid12m.ndjson.gz#repDiaHid12m:2022-09-20
2022-03-04,amaluza,cota_masl,1985.04,ords:repDiaHid12m,,2026-09-22T01:12:42Z,celec_ords/2022/09/repDiaHid12m.ndjson.gz#repDiaHid12m:2022-09-20
2022-03-04,delsitanisagua,caudal_m3s,52,ords:repDiaHid12m,,2026-09-22T01:12:42Z,celec_ords/2022/09/repDiaHid12m.ndjson.gz#repDiaHid12m:2022-09-20
2022-03-04,delsitanisagua,cota_masl,1490.86,ords:repDiaHid12m,,2026-09-22T01:12:42Z,celec_ords/2022/09/repDiaHid12m.ndjson.gz#repDiaHid12m:2022-09-20
2022-03-04,mazar,caudal_m3s,123,ords:repDiaHid12m,,2026-09-22T01:12:42Z,celec_ords/2022/09/repDiaHid12m.ndjson.gz#repDiaHid12m:2022-09-20
2022-03-04,mazar,cota_masl,2132.65,ords:repDiaHid12m,,2026-09-22T01:12:42Z,celec_ords/2022/09/repDiaHid12m.ndjson.gz#repDiaHid12m:2022-09-20
2022-03-04,minas_san_francisco,caudal_m3s,316,ords:repDiaHid12m,,2026-09-22T01:12:42Z,celec_ords/2022/09/repDiaHid12m.ndjson.gz#repDiaHid12m:2022-09-20
2022-03-04,minas_san_francisco,cota_masl,792.19,ords:repDiaHid12m,,2026-09-22T01:12:42Z,celec_ords/2022/09/repDiaHid12m.ndjson.gz#repDiaHid12m:2022-09-20
2022-03-05,amaluza,caudal_m3s,121,ords:repDiaHid12m,,2026-09-22T01:12:42Z,celec_ords/2022/09/repDiaHid12m.ndjson.gz#repDiaHid12m:2022-09-20
2022-03-05,amaluza,cota_masl,1985.46,ords:repDiaHid12m,,2026-09-22T01:12:42Z,celec_ords/2022/09/repDiaHid12m.ndjson.gz#repDiaHid12m:2022-09-20
2022-03-05,delsitanisagua,caudal_m3s,65,ords:repDiaHid12m,,2026-09-22T01:12:42Z,celec_ords/2022/09/repDiaHid12m.ndjson.gz#repDiaHid12m:2022-09-20
2022-03-05,delsitanisagua,cota_masl,1490.86,ords:repDiaHid12m,,2026-09-22T01:12:42Z,celec_ords/2022/09/repDiaHid12m.ndjson.gz#repDiaHid12m:2022-09-20
2022-03-05,mazar,caudal_m3s,136,ords:repDiaHid12m,,2026-09-22T01:12:42Z,celec_ords/2022/09/repDiaHid12m.ndjson.gz#repDiaHid12m:2022-09-20
2022-03-05,mazar,cota_masl,2133.25,ords:repDiaHid12m,,2026-09-22T01:12:42Z,celec_ords/2022/09/repDiaHid12m.ndjson.gz#repDiaHid12m:2022-09-20
2022-03-05,minas_san_francisco,caudal_m3s,485,ords:repDiaHid12m,,2026-09-22T01:12:42Z,celec_ords/2022/09/repDiaHid12m.ndjson.gz#repDiaHid12m:2022-09-20
2022-03-05,minas_san_francisco,cota_masl,791.8,ords:repDiaHid12m,,2026-09-22T01:12:42Z,celec_ords/2022/09/repDiaHid12m.ndjson.gz#repDiaHid12m:2022-09-20
2022-03-06,amaluza,caudal_m3s,102,ords:repDiaHid12m,,2026-09-22T01:12:42Z,celec_ords/2022/09/repDiaHid12m.ndjson.gz#repDiaHid12m:2022-09-20
2022-03-06,amaluza,cota_masl,1985.49,ords:repDiaHid12m,,2026-09-22T01:12:42Z,celec_ords/2022/09/repDiaHid12m.ndjson.gz#repDiaHid12m:2022-09-20
2022-03-06,delsitanisagua,caudal_m3s,44,ords:repDiaHid12m,,2026-09-22T01:12:42Z,celec_ords/2022/09/repDiaHid12m.ndjson.gz#repDiaHid12m:2022-09-20
2022-03-06,delsitanisagua,cota_masl,1490.83,ords:repDiaHid12m,,2026-09-22T01:12:42Z,celec_ords/2022/09/repDiaHid12m.ndjson.gz#repDiaHid12m:2022-09-20
2022-03-06,mazar,caudal_m3s,138,ords:repDiaHid12m,,2026-09-22T01:12:42Z,celec_ords/2022/09/repDiaHid12m.ndjson.gz#repDiaHid12m:2022-09-20
2022-03-06,mazar,cota_masl,2134.47,ords:repDiaHid12m,,2026-09-22T01:12:42Z,celec_ords/2022/09/repDiaHid12m.ndjson.gz#repDiaHid12m:2022-09-20
2022-03-06,minas_san_francisco,caudal_m3s,352,ords:repDiaHid12m,,2026-09-22T01:12:42Z,celec_ords/2022/09/repDiaHid12m.ndjson.gz#repDiaHid12m:2022-09-20
2022-03-06,minas_san_francisco,cota_masl,791.93,ords:repDiaHid12m,,2026-09-22T01:12:42Z,celec_ords/2022/09/repDiaHid12m.ndjson.gz#repDiaHid12m:2022-09-20
2022-03-07,amaluza,caudal_m3s,159,ords:repDiaHid12m,,2026-09-22T01:12:42Z,celec_ords/2022/09/repDiaHid12m.ndjson.gz#repDiaHid12m:2022-09-20
2022-03-07,amaluza,cota_masl,1985.73,ords:repDiaHid12m,,2026-09-22T01:12:42Z,celec_ords/2022/09/repDiaHid12m.ndjson.gz#repDiaHid12m:2022-09-20
2022-03-07,delsitanisagua,caudal_m3s,58,ords:repDiaHid12m,,2026-09-22T01:12:42Z,celec_ords/2022/09/repDiaHid12m.ndjson.gz#repDiaHid12m:2022-09-20
2022-03-07,delsitanisagua,cota_masl,1490.85,ords:repDiaHid12m,,2026-09-22T01:12:42Z,celec_ords/2022/09/repDiaHid12m.ndjson.gz#repDiaHid12m:2022-09-20
2022-03-07,mazar,caudal_m3s,94,ords:repDiaHid12m,,2026-09-22T01:12:42Z,celec_ords/2022/09/repDiaHid12m.ndjson.gz#repDiaHid12m:2022-09-20
2022-03-07,mazar,cota_masl,2134.47,ords:repDiaHid12m,,2026-09-22T01:12:42Z,celec_ords/2022/09/repDiaHid12m.ndjson.gz#repDiaHid12m:2022-09-20
2022-03-07,minas_san_francisco,caudal_m3s,319,ords:repDiaHid12m,,2026-09-22T01:12:42Z,celec_ords/2022/09/repDiaHid12m.ndjson.gz#repDiaHid12m:2022-09-20
2022-03-07,minas_san_francisco,cota_masl,791.81,ords:repDiaHid12m,,2026-09-22T01:12:42Z,celec_ords/2022/09/repDiaHid12m.ndjson.gz#repDiaHid12m:2022-09-20
2022-03-08,amaluza,caudal_m3s,146,ords:repDiaHid12m,,2026-09-22T01:12:42Z,celec_ords/2022/09/repDiaHid12m.ndjson.gz#repDiaHid12m:2022-09-20
2022-03-08,amaluza,cota_masl,1985.59,ords:repDiaHid12m,,2026-09-22T01:12:42Z,celec_ords/2022/09/repDiaHid12m.ndjson.gz#repDiaHid12m:2022-09-20
2022-03-08,delsitanisagua,caudal_m3s,44,ords:repDiaHid12m,,2026-09-22T01:12:42Z,celec_ords/2022/09/repDiaHid12m.ndjson.gz#repDiaHid12m:2022-09-20
2022-03-08,delsitanisagua,cota_masl,1490.85,ords:repDiaHid12m,,2026-09-22T01:12:42Z,celec_ords/2022/09/repDiaHid12m.ndjson.gz#repDiaHid12m:2022-09-20
2022-03-08,mazar,caudal_m3s,58,ords:repDiaHid12m,,2026-09-22T01:12:42Z,celec_ords/2022/09/repDiaHid12m.ndjson.gz#repDiaHid12m:2022-09-20
2022-03-08,mazar,cota_masl,2134.06,ords:repDiaHid12m,,2026-09-22T01:12:42Z,celec_ords/2022/09/repDiaHid12m.ndjson.gz#repDiaHid12m:2022-09-20
2022-03-08,minas_san_francisco,caudal_m3s,164,ords:repDiaHid12m,,2026-09-22T01:12:42Z,celec_ords/2022/09/repDiaHid12m.ndjson.gz#repDiaHid12m:2022-09-20
2022-03-08,minas_san_francisco,cota_masl,791.75,ords:repDiaHid12m,,2026-09-22T01:12:42Z,celec_ords/2022/09/repDiaHid12m.ndjson.gz#repDiaHid12m:2022-09-20
2022-03-09,amaluza,caudal_m3s,146,ords:repDiaHid12m,,2026-09-22T01:12:42Z,celec_ords/2022/09/repDiaHid12m.ndjson.gz#repDiaHid12m:2022-09-20
2022-03-09,amaluza,cota_masl,1984.59,ords:repDiaHid12m,,2026-09-22T01:12:42Z,celec_ords/2022/09/repDiaHid12m.ndjson.gz#repDiaHid12m:2022-09-20
2022-03-09,delsitanisagua,caudal_m3s,43,ords:repDiaHid12m,,2026-09-22T01:12:42Z,celec_ords/2022/09/repDiaHid12m.ndjson.gz#repDiaHid12m:2022-09-20
2022-03-09,delsitanisagua,cota_masl,1490.84,ords:repDiaHid12m,,2026-09-22T01:12:42Z,celec_ords/2022/09/repDiaHid12m.ndjson.gz#repDiaHid12m:2022-09-20
2022-03-09,mazar,caudal_m3s,44,ords:repDiaHid12m,,2026-09-22T01:12:42Z,celec_ords/2022/09/repDiaHid12m.ndjson.gz#repDiaHid12m:2022-09-20
2022-03-09,mazar,cota_masl,2133.4,ords:repDiaHid12m,,2026-09-22T01:12:42Z,celec_ords/2022/09/repDiaHid12m.ndjson.gz#repDiaHid12m:2022-09-20
2022-03-09,minas_san_francisco,caudal_m3s,117,ords:repDiaHid12m,,2026-09-22T01:12:42Z,celec_ords/2022/09/repDiaHid12m.ndjson.gz#repDiaHid12m:2022-09-20
2022-03-09,minas_san_francisco,cota_masl,791.66,ords:repDiaHid12m,,2026-09-22T01:12:42Z,celec_ords/2022/09/repDiaHid12m.ndjson.gz#repDiaHid12m:2022-09-20
2022-03-10,amaluza,caudal_m3s,148,ords:repDiaHid12m,,2026-09-22T01:12:42Z,celec_ords/2022/09/repDiaHid12m.ndjson.gz#repDiaHid12m:2022-09-20
2022-03-10,amaluza,cota_masl,1984.58,ords:repDiaHid12m,,2026-09-22T01:12:42Z,celec_ords/2022/09/repDiaHid12m.ndjson.gz#repDiaHid12m:2022-09-20
2022-03-10,delsitanisagua,caudal_m3s,38,ords:repDiaHid12m,,2026-09-22T01:12:42Z,celec_ords/2022/09/repDiaHid12m.ndjson.gz#repDiaHid12m:2022-09-20
2022-03-10,delsitanisagua,cota_masl,1490.83,ords:repDiaHid12m,,2026-09-22T01:12:42Z,celec_ords/2022/09/repDiaHid12m.ndjson.gz#repDiaHid12m:2022-09-20
2022-03-10,mazar,caudal_m3s,34,ords:repDiaHid12m,,2026-09-22T01:12:42Z,celec_ords/2022/09/repDiaHid12m.ndjson.gz#repDiaHid12m:2022-09-20
2022-03-10,mazar,cota_masl,2132.24,ords:repDiaHid12m,,2026-09-22T01:12:42Z,celec_ords/2022/09/repDiaHid12m.ndjson.gz#repDiaHid12m:2022-09-20
2022-03-10,minas_san_francisco,caudal_m3s,97,ords:repDiaHid12m,,2026-09-22T01:12:42Z,celec_ords/2022/09/repDiaHid12m.ndjson.gz#repDiaHid12m:2022-09-20
2022-03-10,minas_san_francisco,cota_masl,792.48,ords:repDiaHid12m,,2026-09-22T01:12:42Z,celec_ords/2022/09/repDiaHid12m.ndjson.gz#repDiaHid12m:2022-09-20
2022-03-11,amaluza,caudal_m3s,141,ords:repDiaHid12m,,2026-09-22T01:12:42Z,celec_ords/2022/09/repDiaHid12m.ndjson.gz#repDiaHid12m:2022-09-20
2022-03-11,amaluza,cota_masl,1984.93,ords:repDiaHid12m,,2026-09-22T01:12:42Z,celec_ords/2022/09/repDiaHid12m.ndjson.gz#repDiaHid12m:2022-09-20
2022-03-11,delsitanisagua,caudal_m3s,38,ords:repDiaHid12m,,2026-09-22T01:12:42Z,celec_ords/2022/09/repDiaHid12m.ndjson.gz#repDiaHid12m:2022-09-20
2022-03-11,delsitanisagua,cota_masl,1490.81,ords:repDiaHid12m,,2026-09-22T01:12:42Z,celec_ords/2022/09/repDiaHid12m.ndjson.gz#repDiaHid12m:2022-09-20
2022-03-11,mazar,caudal_m3s,27,ords:repDiaHid12m,,2026-09-22T01:12:42Z,celec_ords/2022/09/repDiaHid12m.ndjson.gz#repDiaHid12m:2022-09-20
2022-03-11,mazar,cota_masl,2130.92,ords:repDiaHid12m,,2026-09-22T01:12:42Z,celec_ords/2022/09/repDiaHid12m.ndjson.gz#repDiaHid12m:2022-09-20
2022-03-11,minas_san_francisco,caudal_m3s,98,ords:repDiaHid12m,,2026-09-22T01:12:42Z,celec_ords/2022/09/repDiaHid12m.ndjson.gz#repDiaHid12m:2022-09-20
2022-03-11,minas_san_francisco,cota_masl,792.54,ords:repDiaHid12m,,2026-09-22T01:12:42Z,celec_ords/2022/09/repDiaHid12m.ndjson.gz#repDiaHid12m:2022-09-20
2022-03-12,amaluza,caudal_m3s,131,ords:repDiaHid12m,,2026-09-22T01:12:42Z,celec_ords/2022/09/repDiaHid12m.ndjson.gz#repDiaHid12m:2022-09-20
2022-03-12,amaluza,cota_masl,1984.24,ords:repDiaHid12m,,2026-09-22T01:12:42Z,celec_ords/2022/09/repDiaHid12m.ndjson.gz#repDiaHid12m:2022-09-20
2022-03-12,delsitanisagua,caudal_m3s,42,ords:repDiaHid12m,,2026-09-22T01:12:42Z,celec_ords/2022/09/repDiaHid12m.ndjson.gz#repDiaHid12m:2022-09-20
2022-03-12,delsitanisagua,cota_masl,1489.76,ords:repDiaHid12m,,2026-09-22T01:12:42Z,celec_ords/2022/09/repDiaHid12m.ndjson.gz#repDiaHid12m:2022-09-20
2022-03-12,mazar,caudal_m3s,33,ords:repDiaHid12m,,2026-09-22T01:12:42Z,celec_ords/2022/09/repDiaHid12m.ndjson.gz#repDiaHid12m:2022-09-20
2022-03-12,mazar,cota_masl,2130.01,ords:repDiaHid12m,,2026-09-22T01:12:42Z,celec_ords/2022/09/repDiaHid12m.ndjson.gz#repDiaHid12m:2022-09-20
2022-03-12,minas_san_francisco,caudal_m3s,332,ords:repDiaHid12m,,2026-09-22T01:12:42Z,celec_ords/2022/09/repDiaHid12m.ndjson.gz#repDiaHid12m:2022-09-20
2022-03-12,minas_san_francisco,cota_masl,791.85,ords:repDiaHid12m,,2026-09-22T01:12:42Z,celec_ords/2022/09/repDiaHid12m.ndjson.gz#repDiaHid12m:2022-09-20
2022-03-13,amaluza,caudal_m3s,96,ords:repDiaHid12m,,2026-09-22T01:12:42Z,celec_ords/2022/09/repDiaHid12m.ndjson.gz#repDiaHid12m:2022-09-20
2022-03-13,amaluza,cota_masl,1983.23,ords:repDiaHid12m,,2026-09-22T01:12:42Z,celec_ords/2022/09/repDiaHid12m.ndjson.gz#repDiaHid12m:2022-09-20
2022-03-13,delsitanisagua,caudal_m3s,42,ords:repDiaHid12m,,2026-09-22T01:12:42Z,celec_ords/2022/09/repDiaHid12m.ndjson.gz#repDiaHid12m:2022-09-20
2022-03-13,delsitanisagua,cota_masl,1487.87,ords:repDiaHid12m,,2026-09-22T01:12:42Z,celec_ords/2022/09/repDiaHid12m.ndjson.gz#repDiaHid12m:2022-09-20
2022-03-13,mazar,caudal_m3s,41,ords:repDiaHid12m,,2026-09-22T01:12:42Z,celec_ords/2022/09/repDiaHid12m.ndjson.gz#repDiaHid12m:2022-09-20
2022-03-13,mazar,cota_masl,2129.56,ords:repDiaHid12m,,2026-09-22T01:12:42Z,celec_ords/2022/09/repDiaHid12m.ndjson.gz#repDiaHid12m:2022-09-20
2022-03-13,minas_san_francisco,caudal_m3s,109,ords:repDiaHid12m,,2026-09-22T01:12:42Z,celec_ords/2022/09/repDiaHid12m.ndjson.gz#repDiaHid12m:2022-09-20
2022-03-13,minas_san_francisco,cota_masl,792.58,ords:repDiaHid12m,,2026-09-22T01:12:42Z,celec_ords/2022/09/repDiaHid12m.ndjson.gz#repDiaHid12m:2022-09-20
2022-03-14,amaluza,caudal_m3s,113,ords:repDiaHid12m,,2026-09-22T01:12:42Z,celec_ords/2022/09/repDiaHid12m.ndjson.gz#repDiaHid12m:2022-09-20
2022-03-14,amaluza,cota_masl,1983.51,ords:repDiaHid12m,,2026-09-22T01:12:42Z,celec_ords/2022/09/repDiaHid12m.ndjson.gz#repDiaHid12m:2022-09-20
2022-03-14,delsitanisagua,caudal_m3s,48,ords:repDiaHid12m,,2026-09-22T01:12:42Z,celec_ords/2022/09/repDiaHid12m.ndjson.gz#repDiaHid12m:2022-09-20
2022-03-14,delsitanisagua,cota_masl,1488.34,ords:repDiaHid12m,,2026-09-22T01:12:42Z,celec_ords/2022/09/repDiaHid12m.ndjson.gz#repDiaHid12m:2022-09-20
2022-03-14,mazar,caudal_m3s,96,ords:repDiaHid12m,,2026-09-22T01:12:42Z,celec_ords/2022/09/repDiaHid12m.ndjson.gz#repDiaHid12m:2022-09-20
2022-03-14,mazar,cota_masl,2130.21,ords:repDiaHid12m,,2026-09-22T01:12:42Z,celec_ords/2022/09/repDiaHid12m.ndjson.gz#repDiaHid12m:2022-09-20
2022-03-14,minas_san_francisco,caudal_m3s,177,ords:repDiaHid12m,,2026-09-22T01:12:42Z,celec_ords/2022/09/repDiaHid12m.ndjson.gz#repDiaHid12m:2022-09-20
2022-03-14,minas_san_francisco,cota_masl,792.25,ords:repDiaHid12m,,2026-09-22T01:12:42Z,celec_ords/2022/09/repDiaHid12m.ndjson.gz#repDiaHid12m:2022-09-20
2022-03-15,amaluza,caudal_m3s,145,ords:repDiaHid12m,,2026-09-22T01:12:42Z,celec_ords/2022/09/repDiaHid12m.ndjson.gz#repDiaHid12m:2022-09-20
2022-03-15,amaluza,cota_masl,1983.69,ords:repDiaHid12m,,2026-09-22T01:12:42Z,celec_ords/2022/09/repDiaHid12m.ndjson.gz#repDiaHid12m:2022-09-20
2022-03-15,delsitanisagua,caudal_m3s,59,ords:repDiaHid12m,,2026-09-22T01:12:42Z,celec_ords/2022/09/repDiaHid12m.ndjson.gz#repDiaHid12m:2022-09-20
2022-03-15,delsitanisagua,cota_masl,1488.89,ords:repDiaHid12m,,2026-09-22T01:12:42Z,celec_ords/2022/09/repDiaHid12m.ndjson.gz#repDiaHid12m:2022-09-20
2022-03-15,mazar,caudal_m3s,49,ords:repDiaHid12m,,2026-09-22T01:12:42Z,celec_ords/2022/09/repDiaHid12m.ndjson.gz#repDiaHid12m:2022-09-20
2022-03-15,mazar,cota_masl,2129.91,ords:repDiaHid12m,,2026-09-22T01:12:42Z,celec_ords/2022/09/repDiaHid12m.ndjson.gz#repDiaHid12m:2022-09-20
2022-03-15,minas_san_francisco,caudal_m3s,91,ords:repDiaHid12m,,2026-09-22T01:12:42Z,celec_ords/2022/09/repDiaHid12m.ndjson.gz#repDiaHid12m:2022-09-20
2022-03-15,minas_san_francisco,cota_masl,792.38,ords:repDiaHid12m,,2026-09-22T01:12:42Z,celec_ords/2022/09/repDiaHid12m.ndjson.gz#repDiaHid12m:2022-09-20
2022-03-16,amaluza,caudal_m3s,144,ords:repDiaHid12m,,2026-09-22T01:12:42Z,celec_ords/2022/09/repDiaHid12m.ndjson.gz#repDiaHid12m:2022-09-20
2022-03-16,amaluza,cota_masl,1984.75,ords:repDiaHid12m,,2026-09-22T01:12:42Z,celec_ords/2022/09/repDiaHid12m.ndjson.gz#repDiaHid12m:2022-09-20
2022-03-16,delsitanisagua,caudal_m3s,95,ords:repDiaHid12m,,2026-09-22T01:12:42Z,celec_ords/2022/09/repDiaHid12m.ndjson.gz#repDiaHid12m:2022-09-20
2022-03-16,delsitanisagua,cota_masl,1488.48,ords:repDiaHid12m,,2026-09-22T01:12:42Z,celec_ords/2022/09/repDiaHid12m.ndjson.gz#repDiaHid12m:2022-09-20
2022-03-16,mazar,caudal_m3s,51,ords:repDiaHid12m,,2026-09-22T01:12:42Z,celec_ords/2022/09/repDiaHid12m.ndjson.gz#repDiaHid12m:2022-09-20
2022-03-16,mazar,cota_masl,2128.82,ords:repDiaHid12m,,2026-09-22T01:12:42Z,celec_ords/2022/09/repDiaHid12m.ndjson.gz#repDiaHid12m:2022-09-20
2022-03-16,minas_san_francisco,caudal_m3s,132,ords:repDiaHid12m,,2026-09-22T01:12:42Z,celec_ords/2022/09/repDiaHid12m.ndjson.gz#repDiaHid12m:2022-09-20
2022-03-16,minas_san_francisco,cota_masl,792.82,ords:repDiaHid12m,,2026-09-22T01:12:42Z,celec_ords/2022/09/repDiaHid12m.ndjson.gz#repDiaHid12m:2022-09-20
2022-03-17,amaluza,caudal_m3s,167,ords:repDiaHid12m,,2026-09-22T01:12:42Z,celec_ords/2022/09/repDiaHid12m.ndjson.gz#repDiaHid12m:2022-09-20
2022-03-17,amaluza,cota_masl,1985.64,ords:repDiaHid12m,,2026-09-22T01:12:42Z,celec_ords/2022/09/repDiaHid12m.ndjson.gz#repDiaHid12m:2022-09-20
2022-03-17,delsitanisagua,caudal_m3s,65,ords:repDiaHid12m,,2026-09-22T01:12:42Z,celec_ords/2022/09/repDiaHid12m.ndjson.gz#repDiaHid12m:2022-09-20
2022-03-17,delsitanisagua,cota_masl,1490.23,ords:repDiaHid12m,,2026-09-22T01:12:42Z,celec_ords/2022/09/repDiaHid12m.ndjson.gz#repDiaHid12m:2022-09-20
2022-03-17,mazar,caudal_m3s,124,ords:repDiaHid12m,,2026-09-22T01:12:42Z,celec_ords/2022/09/repDiaHid12m.ndjson.gz#repDiaHid12m:2022-09-20
2022-03-17,mazar,cota_masl,2129.92,ords:repDiaHid12m,,2026-09-22T01:12:42Z,celec_ords/2022/09/repDiaHid12m.ndjson.gz#repDiaHid12m:2022-09-20
2022-03-17,minas_san_francisco,caudal_m3s,201,ords:repDiaHid12m,,2026-09-22T01:12:42Z,celec_ords/2022/09/repDiaHid12m.ndjson.gz#repDiaHid12m:2022-09-20
2022-03-17,minas_san_francisco,cota_masl,789.99,ords:repDiaHid12m,,2026-09-22T01:12:42Z,celec_ords/2022/09/repDiaHid12m.ndjson.gz#repDiaHid12m:2022-09-20
2022-03-18,amaluza,caudal_m3s,134,ords:repDiaHid12m,,2026-09-22T01:12:42Z,celec_ords/2022/09/repDiaHid12m.ndjson.gz#repDiaHid12m:2022-09-20
2022-03-18,amaluza,cota_masl,1985.77,ords:repDiaHid12m,,2026-09-22T01:12:42Z,celec_ords/2022/09/repDiaHid12m.ndjson.gz#repDiaHid12m:2022-09-20
2022-03-18,delsitanisagua,caudal_m3s,41,ords:repDiaHid12m,,2026-09-22T01:12:42Z,celec_ords/2022/09/repDiaHid12m.ndjson.gz#repDiaHid12m:2022-09-20
2022-03-18,delsitanisagua,cota_masl,1490.08,ords:repDiaHid12m,,2026-09-22T01:12:42Z,celec_ords/2022/09/repDiaHid12m.ndjson.gz#repDiaHid12m:2022-09-20
2022-03-18,mazar,caudal_m3s,69,ords:repDiaHid12m,,2026-09-22T01:12:42Z,celec_ords/2022/09/repDiaHid12m.ndjson.gz#repDiaHid12m:2022-09-20
2022-03-18,mazar,cota_masl,2129.85,ords:repDiaHid12m,,2026-09-22T01:12:42Z,celec_ords/2022/09/repDiaHid12m.ndjson.gz#repDiaHid12m:2022-09-20
2022-03-18,minas_san_francisco,caudal_m3s,132,ords:repDiaHid12m,,2026-09-22T01:12:42Z,celec_ords/2022/09/repDiaHid12m.ndjson.gz#repDiaHid12m:2022-09-20
2022-03-18,minas_san_francisco,cota_masl,789.98,ords:repDiaHid12m,,2026-09-22T01:12:42Z,celec_ords/2022/09/repDiaHid12m.ndjson.gz#repDiaHid12m:2022-09-20
2022-03-19,amaluza,caudal_m3s,119,ords:repDiaHid12m,,2026-09-22T01:12:42Z,celec_ords/2022/09/repDiaHid12m.ndjson.gz#repDiaHid12m:2022-09-20
2022-03-19,amaluza,cota_masl,1986.63,ords:repDiaHid12m,,2026-09-22T01:12:42Z,celec_ords/2022/09/repDiaHid12m.ndjson.gz#repDiaHid12m:2022-09-20
2022-03-19,delsitanisagua,caudal_m3s,66,ords:repDiaHid12m,,2026-09-22T01:12:42Z,celec_ords/2022/09/repDiaHid12m.ndjson.gz#repDiaHid12m:2022-09-20
2022-03-19,delsitanisagua,cota_masl,1490.81,ords:repDiaHid12m,,2026-09-22T01:12:42Z,celec_ords/2022/09/repDiaHid12m.ndjson.gz#repDiaHid12m:2022-09-20
2022-03-19,mazar,caudal_m3s,85,ords:repDiaHid12m,,2026-09-22T01:12:42Z,celec_ords/2022/09/repDiaHid12m.ndjson.gz#repDiaHid12m:2022-09-20
2022-03-19,mazar,cota_masl,2129.37,ords:repDiaHid12m,,2026-09-22T01:12:42Z,celec_ords/2022/09/repDiaHid12m.ndjson.gz#repDiaHid12m:2022-09-20
2022-03-19,minas_san_francisco,caudal_m3s,333,ords:repDiaHid12m,,2026-09-22T01:12:42Z,celec_ords/2022/09/repDiaHid12m.ndjson.gz#repDiaHid12m:2022-09-20
2022-03-19,minas_san_francisco,cota_masl,792.31,ords:repDiaHid12m,,2026-09-22T01:12:42Z,celec_ords/2022/09/repDiaHid12m.ndjson.gz#repDiaHid12m:2022-09-20
2022-03-20,amaluza,caudal_m3s,76,ords:repDiaHid12m,,2026-09-22T01:12:42Z,celec_ords/2022/09/repDiaHid12m.ndjson.gz#repDiaHid12m:2022-09-20
2022-03-20,amaluza,cota_masl,1984.96,ords:repDiaHid12m,,2026-09-22T01:12:42Z,celec_ords/2022/09/repDiaHid12m.ndjson.gz#repDiaHid12m:2022-09-20
2022-03-20,delsitanisagua,caudal_m3s,41,ords:repDiaHid12m,,2026-09-22T01:12:42Z,celec_ords/2022/09/repDiaHid12m.ndjson.gz#repDiaHid12m:2022-09-20
2022-03-20,delsitanisagua,cota_masl,1490.52,ords:repDiaHid12m,,2026-09-22T01:12:42Z,celec_ords/2022/09/repDiaHid12m.ndjson.gz#repDiaHid12m:2022-09-20
2022-03-20,mazar,caudal_m3s,158,ords:repDiaHid12m,,2026-09-22T01:12:42Z,celec_ords/2022/09/repDiaHid12m.ndjson.gz#repDiaHid12m:2022-09-20
2022-03-20,mazar,cota_masl,2130.48,ords:repDiaHid12m,,2026-09-22T01:12:42Z,celec_ords/2022/09/repDiaHid12m.ndjson.gz#repDiaHid12m:2022-09-20
2022-03-20,minas_san_francisco,caudal_m3s,245,ords:repDiaHid12m,,2026-09-22T01:12:42Z,celec_ords/2022/09/repDiaHid12m.ndjson.gz#repDiaHid12m:2022-09-20
2022-03-20,minas_san_francisco,cota_masl,791.92,ords:repDiaHid12m,,2026-09-22T01:12:42Z,celec_ords/2022/09/repDiaHid12m.ndjson.gz#repDiaHid12m:2022-09-20
2022-03-21,amaluza,caudal_m3s,135,ords:repDiaHid12m,,2026-09-22T01:12:42Z,celec_ords/2022/09/repDiaHid12m.ndjson.gz#repDiaHid12m:2022-09-20
2022-03-21,amaluza,cota_masl,1983.69,ords:repDiaHid12m,,2026-09-22T01:12:42Z,celec_ords/2022/09/repDiaHid12m.ndjson.gz#repDiaHid12m:2022-09-20
2022-03-21,delsitanisagua,caudal_m3s,44,ords:repDiaHid12m,,2026-09-22T01:12:42Z,celec_ords/2022/09/repDiaHid12m.ndjson.gz#repDiaHid12m:2022-09-20
2022-03-21,delsitanisagua,cota_masl,1490.95,ords:repDiaHid12m,,2026-09-22T01:12:42Z,celec_ords/2022/09/repDiaHid12m.ndjson.gz#repDiaHid12m:2022-09-20
2022-03-21,mazar,caudal_m3s,79,ords:repDiaHid12m,,2026-09-22T01:12:42Z,celec_ords/2022/09/repDiaHid12m.ndjson.gz#repDiaHid12m:2022-09-20
2022-03-21,mazar,cota_masl,2131.12,ords:repDiaHid12m,,2026-09-22T01:12:42Z,celec_ords/2022/09/repDiaHid12m.ndjson.gz#repDiaHid12m:2022-09-20
2022-03-21,minas_san_francisco,caudal_m3s,155,ords:repDiaHid12m,,2026-09-22T01:12:42Z,celec_ords/2022/09/repDiaHid12m.ndjson.gz#repDiaHid12m:2022-09-20
2022-03-21,minas_san_francisco,cota_masl,792.41,ords:repDiaHid12m,,2026-09-22T01:12:42Z,celec_ords/2022/09/repDiaHid12m.ndjson.gz#repDiaHid12m:2022-09-20
2022-03-22,amaluza,caudal_m3s,135,ords:repDiaHid12m,,2026-09-22T01:12:42Z,celec_ords/2022/09/repDiaHid12m.ndjson.gz#repDiaHid12m:2022-09-20
2022-03-22,amaluza,cota_masl,1983.24,ords:repDiaHid12m,,2026-09-22T01:12:42Z,celec_ords/2022/09/repDiaHid12m.ndjson.gz#repDiaHid12m:2022-09-20
2022-03-22,delsitanisagua,caudal_m3s,40,ords:repDiaHid12m,,2026-09-22T01:12:42Z,celec_ords/2022/09/repDiaHid12m.ndjson.gz#repDiaHid12m:2022-09-20
2022-03-22,delsitanisagua,cota_masl,1490.7,ords:repDiaHid12m,,2026-09-22T01:12:42Z,celec_ords/2022/09/repDiaHid12m.ndjson.gz#repDiaHid12m:2022-09-20
2022-03-22,mazar,caudal_m3s,72,ords:repDiaHid12m,,2026-09-22T01:12:42Z,celec_ords/2022/09/repDiaHid12m.ndjson.gz#repDiaHid12m:2022-09-20
2022-03-22,mazar,cota_masl,2131.2,ords:repDiaHid12m,,2026-09-22T01:12:42Z,celec_ords/2022/09/repDiaHid12m.ndjson.gz#repDiaHid12m:2022-09-20
2022-03-22,minas_san_francisco,caudal_m3s,141,ords:repDiaHid12m,,2026-09-22T01:12:42Z,celec_ords/2022/09/repDiaHid12m.ndjson.gz#repDiaHid12m:2022-09-20
2022-03-22,minas_san_francisco,cota_masl,791.96,ords:repDiaHid12m,,2026-09-22T01:12:42Z,celec_ords/2022/09/repDiaHid12m.ndjson.gz#repDiaHid12m:2022-09-20
2022-03-23,amaluza,caudal_m3s,157,ords:repDiaHid12m,,2026-09-22T01:12:42Z,celec_ords/2022/09/repDiaHid12m.ndjson.gz#repDiaHid12m:2022-09-20
2022-03-23,amaluza,cota_masl,1983.3,ords:repDiaHid12m,,2026-09-22T01:12:42Z,celec_ords/2022/09/repDiaHid12m.ndjson.gz#repDiaHid12m:2022-09-20
2022-03-23,delsitanisagua,caudal_m3s,38,ords:repDiaHid12m,,2026-09-22T01:12:42Z,celec_ords/2022/09/repDiaHid12m.ndjson.gz#repDiaHid12m:2022-09-20
2022-03-23,delsitanisagua,cota_masl,1490.65,ords:repDiaHid12m,,2026-09-22T01:12:42Z,celec_ords/2022/09/repDiaHid12m.ndjson.gz#repDiaHid12m:2022-09-20
2022-03-23,mazar,caudal_m3s,62,ords:repDiaHid12m,,2026-09-22T01:12:42Z,celec_ords/2022/09/repDiaHid12m.ndjson.gz#repDiaHid12m:2022-09-20
2022-03-23,mazar,cota_masl,2130.69,ords:repDiaHid12m,,2026-09-22T01:12:42Z,celec_ords/2022/09/repDiaHid12m.ndjson.gz#repDiaHid12m:2022-09-20
2022-03-23,minas_san_francisco,caudal_m3s,104,ords:repDiaHid12m,,2026-09-22T01:12:42Z,celec_ords/2022/09/repDiaHid12m.ndjson.gz#repDiaHid12m:2022-09-20
2022-03-23,minas_san_francisco,cota_masl,792.04,ords:repDiaHid12m,,2026-09-22T01:12:42Z,celec_ords/2022/09/repDiaHid12m.ndjson.gz#repDiaHid12m:2022-09-20
2022-03-24,amaluza,caudal_m3s,137,ords:repDiaHid12m,,2026-09-22T01:12:42Z,celec_ords/2022/09/repDiaHid12m.ndjson.gz#repDiaHid12m:2022-09-20
2022-03-24,amaluza,cota_masl,1984.03,ords:repDiaHid12m,,2026-09-22T01:12:42Z,celec_ords/2022/09/repDiaHid12m.ndjson.gz#repDiaHid12m:2022-09-20
2022-03-24,delsitanisagua,caudal_m3s,65,ords:repDiaHid12m,,2026-09-22T01:12:42Z,celec_ords/2022/09/repDiaHid12m.ndjson.gz#repDiaHid12m:2022-09-20
2022-03-24,delsitanisagua,cota_masl,1489.95,ords:repDiaHid12m,,2026-09-22T01:12:42Z,celec_ords/2022/09/repDiaHid12m.ndjson.gz#repDiaHid12m:2022-09-20
2022-03-24,mazar,caudal_m3s,73,ords:repDiaHid12m,,2026-09-22T01:12:42Z,celec_ords/2022/09/repDiaHid12m.ndjson.gz#repDiaHid12m:2022-09-20
2022-03-24,mazar,cota_masl,2129.9,ords:repDiaHid12m,,2026-09-22T01:12:42Z,celec_ords/2022/09/repDiaHid12m.ndjson.gz#repDiaHid12m:2022-09-20
2022-03-24,minas_san_francisco,caudal_m3s,366,ords:repDiaHid12m,,2026-09-22T01:12:42Z,celec_ords/2022/09/repDiaHid12m.ndjson.gz#repDiaHid12m:2022-09-20
2022-03-24,minas_san_francisco,cota_masl,786.65,ords:repDiaHid12m,,2026-09-22T01:12:42Z,celec_ords/2022/09/repDiaHid12m.ndjson.gz#repDiaHid12m:2022-09-20
2022-03-25,amaluza,caudal_m3s,136,ords:repDiaHid12m,,2026-09-22T01:12:42Z,celec_ords/2022/09/repDiaHid12m.ndjson.gz#repDiaHid12m:2022-09-20
2022-03-25,amaluza,cota_masl,1983.85,ords:repDiaHid12m,,2026-09-22T01:12:42Z,celec_ords/2022/09/repDiaHid12m.ndjson.gz#repDiaHid12m:2022-09-20
2022-03-25,delsitanisagua,caudal_m3s,39,ords:repDiaHid12m,,2026-09-22T01:12:42Z,celec_ords/2022/09/repDiaHid12m.ndjson.gz#repDiaHid12m:2022-09-20
2022-03-25,delsitanisagua,cota_masl,1487.33,ords:repDiaHid12m,,2026-09-22T01:12:42Z,celec_ords/2022/09/repDiaHid12m.ndjson.gz#repDiaHid12m:2022-09-20
2022-03-25,mazar,caudal_m3s,53,ords:repDiaHid12m,,2026-09-22T01:12:42Z,celec_ords/2022/09/repDiaHid12m.ndjson.gz#repDiaHid12m:2022-09-20
2022-03-25,mazar,cota_masl,2129.92,ords:repDiaHid12m,,2026-09-22T01:12:42Z,celec_ords/2022/09/repDiaHid12m.ndjson.gz#repDiaHid12m:2022-09-20
2022-03-25,minas_san_francisco,caudal_m3s,97,ords:repDiaHid12m,,2026-09-22T01:12:42Z,celec_ords/2022/09/repDiaHid12m.ndjson.gz#repDiaHid12m:2022-09-20
2022-03-25,minas_san_francisco,cota_masl,778.32,ords:repDiaHid12m,,2026-09-22T01:12:42Z,celec_ords/2022/09/repDiaHid12m.ndjson.gz#repDiaHid12m:2022-09-20
2022-03-26,amaluza,caudal_m3s,190,ords:repDiaHid12m,,2026-09-22T01:12:42Z,celec_ords/2022/09/repDiaHid12m.ndjson.gz#repDiaHid12m:2022-09-20
2022-03-26,amaluza,cota_masl,1985.56,ords:repDiaHid12m,,2026-09-22T01:12:42Z,celec_ords/2022/09/repDiaHid12m.ndjson.gz#repDiaHid12m:2022-09-20
2022-03-26,delsitanisagua,caudal_m3s,45,ords:repDiaHid12m,,2026-09-22T01:12:42Z,celec_ords/2022/09/repDiaHid12m.ndjson.gz#repDiaHid12m:2022-09-20
2022-03-26,delsitanisagua,cota_masl,1479,ords:repDiaHid12m,,2026-09-22T01:12:42Z,celec_ords/2022/09/repDiaHid12m.ndjson.gz#repDiaHid12m:2022-09-20
2022-03-26,mazar,caudal_m3s,58,ords:repDiaHid12m,,2026-09-22T01:12:42Z,celec_ords/2022/09/repDiaHid12m.ndjson.gz#repDiaHid12m:2022-09-20
2022-03-26,mazar,cota_masl,2128.93,ords:repDiaHid12m,,2026-09-22T01:12:42Z,celec_ords/2022/09/repDiaHid12m.ndjson.gz#repDiaHid12m:2022-09-20
2022-03-26,minas_san_francisco,caudal_m3s,294,ords:repDiaHid12m,,2026-09-22T01:12:42Z,celec_ords/2022/09/repDiaHid12m.ndjson.gz#repDiaHid12m:2022-09-20
2022-03-26,minas_san_francisco,cota_masl,773.55,ords:repDiaHid12m,,2026-09-22T01:12:42Z,celec_ords/2022/09/repDiaHid12m.ndjson.gz#repDiaHid12m:2022-09-20
2022-03-27,amaluza,caudal_m3s,126,ords:repDiaHid12m,,2026-09-22T01:12:42Z,celec_ords/2022/09/repDiaHid12m.ndjson.gz#repDiaHid12m:2022-09-20
2022-03-27,amaluza,cota_masl,1984.57,ords:repDiaHid12m,,2026-09-22T01:12:42Z,celec_ords/2022/09/repDiaHid12m.ndjson.gz#repDiaHid12m:2022-09-20
2022-03-27,delsitanisagua,caudal_m3s,53,ords:repDiaHid12m,,2026-09-22T01:12:42Z,celec_ords/2022/09/repDiaHid12m.ndjson.gz#repDiaHid12m:2022-09-20
2022-03-27,delsitanisagua,cota_masl,1483.76,ords:repDiaHid12m,,2026-09-22T01:12:42Z,celec_ords/2022/09/repDiaHid12m.ndjson.gz#repDiaHid12m:2022-09-20
2022-03-27,mazar,caudal_m3s,135,ords:repDiaHid12m,,2026-09-22T01:12:42Z,celec_ords/2022/09/repDiaHid12m.ndjson.gz#repDiaHid12m:2022-09-20
2022-03-27,mazar,cota_masl,2129.88,ords:repDiaHid12m,,2026-09-22T01:12:42Z,celec_ords/2022/09/repDiaHid12m.ndjson.gz#repDiaHid12m:2022-09-20
2022-03-27,minas_san_francisco,caudal_m3s,234,ords:repDiaHid12m,,2026-09-22T01:12:42Z,celec_ords/2022/09/repDiaHid12m.ndjson.gz#repDiaHid12m:2022-09-20
2022-03-27,minas_san_francisco,cota_masl,769.98,ords:repDiaHid12m,,2026-09-22T01:12:42Z,celec_ords/2022/09/repDiaHid12m.ndjson.gz#repDiaHid12m:2022-09-20
2022-03-28,amaluza,caudal_m3s,145,ords:repDiaHid12m,,2026-09-22T01:12:42Z,celec_ords/2022/09/repDiaHid12m.ndjson.gz#repDiaHid12m:2022-09-20
2022-03-28,amaluza,cota_masl,1984.33,ords:repDiaHid12m,,2026-09-22T01:12:42Z,celec_ords/2022/09/repDiaHid12m.ndjson.gz#repDiaHid12m:2022-09-20
2022-03-28,delsitanisagua,caudal_m3s,46,ords:repDiaHid12m,,2026-09-22T01:12:42Z,celec_ords/2022/09/repDiaHid12m.ndjson.gz#repDiaHid12m:2022-09-20
2022-03-28,delsitanisagua,cota_masl,1490.98,ords:repDiaHid12m,,2026-09-22T01:12:42Z,celec_ords/2022/09/repDiaHid12m.ndjson.gz#repDiaHid12m:2022-09-20
2022-03-28,mazar,caudal_m3s,79,ords:repDiaHid12m,,2026-09-22T01:12:42Z,celec_ords/2022/09/repDiaHid12m.ndjson.gz#repDiaHid12m:2022-09-20
2022-03-28,mazar,cota_masl,2130.2,ords:repDiaHid12m,,2026-09-22T01:12:42Z,celec_ords/2022/09/repDiaHid12m.ndjson.gz#repDiaHid12m:2022-09-20
2022-03-28,minas_san_francisco,caudal_m3s,172,ords:repDiaHid12m,,2026-09-22T01:12:42Z,celec_ords/2022/09/repDiaHid12m.ndjson.gz#repDiaHid12m:2022-09-20
2022-03-28,minas_san_francisco,cota_masl,766.65,ords:repDiaHid12m,,2026-09-22T01:12:42Z,celec_ords/2022/09/repDiaHid12m.ndjson.gz#repDiaHid12m:2022-09-20
2022-03-29,amaluza,caudal_m3s,190,ords:repDiaHid12m,,2026-09-22T01:12:42Z,celec_ords/2022/09/repDiaHid12m.ndjson.gz#repDiaHid12m:2022-09-20
2022-03-29,amaluza,cota_masl,1985.67,ords:repDiaHid12m,,2026-09-22T01:12:42Z,celec_ords/2022/09/repDiaHid12m.ndjson.gz#repDiaHid12m:2022-09-20
2022-03-29,delsitanisagua,caudal_m3s,43,ords:repDiaHid12m,,2026-09-22T01:12:42Z,celec_ords/2022/09/repDiaHid12m.ndjson.gz#repDiaHid12m:2022-09-20
2022-03-29,delsitanisagua,cota_masl,1490.81,ords:repDiaHid12m,,2026-09-22T01:12:42Z,celec_ords/2022/09/repDiaHid12m.ndjson.gz#repDiaHid12m:2022-09-20
2022-03-29,mazar,caudal_m3s,138,ords:repDiaHid12m,,2026-09-22T01:12:42Z,celec_ords/2022/09/repDiaHid12m.ndjson.gz#repDiaHid12m:2022-09-20
2022-03-29,mazar,cota_masl,2129.86,ords:repDiaHid12m,,2026-09-22T01:12:42Z,celec_ords/2022/09/repDiaHid12m.ndjson.gz#repDiaHid12m:2022-09-20
2022-03-29,minas_san_francisco,caudal_m3s,205,ords:repDiaHid12m,,2026-09-22T01:12:42Z,celec_ords/2022/09/repDiaHid12m.ndjson.gz#repDiaHid12m:2022-09-20
2022-03-29,minas_san_francisco,cota_masl,765,ords:repDiaHid12m,,2026-09-22T01:12:42Z,celec_ords/2022/09/repDiaHid12m.ndjson.gz#repDiaHid12m:2022-09-20
2022-03-30,amaluza,caudal_m3s,140,ords:repDiaHid12m,,2026-09-22T01:12:42Z,celec_ords/2022/09/repDiaHid12m.ndjson.gz#repDiaHid12m:2022-09-20
2022-03-30,amaluza,cota_masl,1986.75,ords:repDiaHid12m,,2026-09-22T01:12:42Z,celec_ords/2022/09/repDiaHid12m.ndjson.gz#repDiaHid12m:2022-09-20
2022-03-30,delsitanisagua,caudal_m3s,47,ords:repDiaHid12m,,2026-09-22T01:12:42Z,celec_ords/2022/09/repDiaHid12m.ndjson.gz#repDiaHid12m:2022-09-20
2022-03-30,delsitanisagua,cota_masl,1490.77,ords:repDiaHid12m,,2026-09-22T01:12:42Z,celec_ords/2022/09/repDiaHid12m.ndjson.gz#repDiaHid12m:2022-09-20
2022-03-30,mazar,caudal_m3s,101,ords:repDiaHid12m,,2026-09-22T01:12:42Z,celec_ords/2022/09/repDiaHid12m.ndjson.gz#repDiaHid12m:2022-09-20
2022-03-30,mazar,cota_masl,2129.93,ords:repDiaHid12m,,2026-09-22T01:12:42Z,celec_ords/2022/09/repDiaHid12m.ndjson.gz#repDiaHid12m:2022-09-20
2022-03-30,minas_san_francisco,caudal_m3s,189,ords:repDiaHid12m,,2026-09-22T01:12:42Z,celec_ords/2022/09/repDiaHid12m.ndjson.gz#repDiaHid12m:2022-09-20
2022-03-30,minas_san_francisco,cota_masl,765.14,ords:repDiaHid12m,,2026-09-22T01:12:42Z,celec_ords/2022/09/repDiaHid12m.ndjson.gz#repDiaHid12m:2022-09-20
2022-03-31,amaluza,caudal_m3s,63,ords:repDiaHid12m,,2026-09-22T01:12:42Z,celec_ords/2022/09/repDiaHid12m.ndjson.gz#repDiaHid12m:2022-09-20
2022-03-31,amaluza,cota_masl,1987.36,ords:repDiaHid12m,,2026-09-22T01:12:42Z,celec_ords/2022/09/repDiaHid12m.ndjson.gz#repDiaHid12m:2022-09-20
2022-03-31,delsitanisagua,caudal_m3s,91,ords:repDiaHid12m,,2026-09-22T01:12:42Z,celec_ords/2022/09/repDiaHid12m.ndjson.gz#repDiaHid12m:2022-09-20
2022-03-31,delsitanisagua,cota_masl,1490.81,ords:repDiaHid12m,,2026-09-22T01:12:42Z,celec_ords/2022/09/repDiaHid12m.ndjson.gz#repDiaHid12m:2022-09-20
2022-03-31,mazar,caudal_m3s,109,ords:repDiaHid12m,,2026-09-22T01:12:42Z,celec_ords/2022/09/repDiaHid12m.ndjson.gz#repDiaHid12m:2022-09-20
2022-03-31,mazar,cota_masl,2129.86,ords:repDiaHid12m,,2026-09-22T01:12:42Z,celec_ords/2022/09/repDiaHid12m.ndjson.gz#repDiaHid12m:2022-09-20
2022-03-31,minas_san_francisco,caudal_m3s,298,ords:repDiaHid12m,,2026-09-22T01:12:42Z,celec_ords/2022/09/repDiaHid12m.ndjson.gz#repDiaHid12m:2022-09-20
2022-03-31,minas_san_francisco,cota_masl,762.59,ords:repDiaHid12m,,2026-09-22T01:12:42Z,celec_ords/2022/09/repDiaHid12m.ndjson.gz#repDiaHid12m:2022-09-20
2022-04-01,amaluza,caudal_m3s,162,ords:repDiaHid12m,,2026-09-22T01:12:42Z,celec_ords/2022/09/repDiaHid12m.ndjson.gz#repDiaHid12m:2022-09-20
2022-04-01,amaluza,cota_masl,1985.13,ords:repDiaHid12m,,2026-09-22T01:12:42Z,celec_ords/2022/09/repDiaHid12m.ndjson.gz#repDiaHid12m:2022-09-20
2022-04-01,delsitanisagua,caudal_m3s,48,ords:repDiaHid12m,,2026-09-22T01:12:42Z,celec_ords/2022/09/repDiaHid12m.ndjson.gz#repDiaHid12m:2022-09-20
2022-04-01,delsitanisagua,cota_masl,1490.18,ords:repDiaHid12m,,2026-09-22T01:12:42Z,celec_ords/2022/09/repDiaHid12m.ndjson.gz#repDiaHid12m:2022-09-20
2022-04-01,mazar,caudal_m3s,196,ords:repDiaHid12m,,2026-09-22T01:12:42Z,celec_ords/2022/09/repDiaHid12m.ndjson.gz#repDiaHid12m:2022-09-20
2022-04-01,mazar,cota_masl,2131.19,ords:repDiaHid12m,,2026-09-22T01:12:42Z,celec_ords/2022/09/repDiaHid12m.ndjson.gz#repDiaHid12m:2022-09-20
2022-04-01,minas_san_francisco,caudal_m3s,305,ords:repDiaHid12m,,2026-09-22T01:12:42Z,celec_ords/2022/09/repDiaHid12m.ndjson.gz#repDiaHid12m:2022-09-20
2022-04-01,minas_san_francisco,cota_masl,760.01,ords:repDiaHid12m,,2026-09-22T01:12:42Z,celec_ords/2022/09/repDiaHid12m.ndjson.gz#repDiaHid12m:2022-09-20
2022-04-02,amaluza,caudal_m3s,159,ords:repDiaHid12m,,2026-09-22T01:12:42Z,celec_ords/2022/09/repDiaHid12m.ndjson.gz#repDiaHid12m:2022-09-20
2022-04-02,amaluza,cota_masl,1987.38,ords:repDiaHid12m,,2026-09-22T01:12:42Z,celec_ords/2022/09/repDiaHid12m.ndjson.gz#repDiaHid12m:2022-09-20
2022-04-02,delsitanisagua,caudal_m3s,48,ords:repDiaHid12m,,2026-09-22T01:12:42Z,celec_ords/2022/09/repDiaHid12m.ndjson.gz#repDiaHid12m:2022-09-20
2022-04-02,delsitanisagua,cota_masl,1490.93,ords:repDiaHid12m,,2026-09-22T01:12:42Z,celec_ords/2022/09/repDiaHid12m.ndjson.gz#repDiaHid12m:2022-09-20
2022-04-02,mazar,caudal_m3s,99,ords:repDiaHid12m,,2026-09-22T01:12:42Z,celec_ords/2022/09/repDiaHid12m.ndjson.gz#repDiaHid12m:2022-09-20
2022-04-02,mazar,cota_masl,2131.36,ords:repDiaHid12m,,2026-09-22T01:12:42Z,celec_ords/2022/09/repDiaHid12m.ndjson.gz#repDiaHid12m:2022-09-20
2022-04-02,minas_san_francisco,caudal_m3s,181,ords:repDiaHid12m,,2026-09-22T01:12:42Z,celec_ords/2022/09/repDiaHid12m.ndjson.gz#repDiaHid12m:2022-09-20
2022-04-02,minas_san_francisco,cota_masl,759.4,ords:repDiaHid12m,,2026-09-22T01:12:42Z,celec_ords/2022/09/repDiaHid12m.ndjson.gz#repDiaHid12m:2022-09-20
2022-04-03,amaluza,caudal_m3s,91,ords:repDiaHid12m,,2026-09-22T01:12:42Z,celec_ords/2022/09/repDiaHid12m.ndjson.gz#repDiaHid12m:2022-09-20
2022-04-03,amaluza,cota_masl,1989.28,ords:repDiaHid12m,,2026-09-22T01:12:42Z,celec_ords/2022/09/repDiaHid12m.ndjson.gz#repDiaHid12m:2022-09-20
2022-04-03,delsitanisagua,caudal_m3s,42,ords:repDiaHid12m,,2026-09-22T01:12:42Z,celec_ords/2022/09/repDiaHid12m.ndjson.gz#repDiaHid12m:2022-09-20
2022-04-03,delsitanisagua,cota_masl,1490.91,ords:repDiaHid12m,,2026-09-22T01:12:42Z,celec_ords/2022/09/repDiaHid12m.ndjson.gz#repDiaHid12m:2022-09-20
2022-04-03,mazar,caudal_m3s,72,ords:repDiaHid12m,,2026-09-22T01:12:42Z,celec_ords/2022/09/repDiaHid12m.ndjson.gz#repDiaHid12m:2022-09-20
2022-04-03,mazar,cota_masl,2130.93,ords:repDiaHid12m,,2026-09-22T01:12:42Z,celec_ords/2022/09/repDiaHid12m.ndjson.gz#repDiaHid12m:2022-09-20
2022-04-03,minas_san_francisco,caudal_m3s,147,ords:repDiaHid12m,,2026-09-22T01:12:42Z,celec_ords/2022/09/repDiaHid12m.ndjson.gz#repDiaHid12m:2022-09-20
2022-04-03,minas_san_francisco,cota_masl,756.45,ords:repDiaHid12m,,2026-09-22T01:12:42Z,celec_ords/2022/09/repDiaHid12m.ndjson.gz#repDiaHid12m:2022-09-20
2022-04-04,amaluza,caudal_m3s,82,ords:repDiaHid12m,,2026-09-22T01:12:42Z,celec_ords/2022/09/repDiaHid12m.ndjson.gz#repDiaHid12m:2022-09-20
2022-04-04,amaluza,cota_masl,1988.35,ords:repDiaHid12m,,2026-09-22T01:12:42Z,celec_ords/2022/09/repDiaHid12m.ndjson.gz#repDiaHid12m:2022-09-20
2022-04-04,delsitanisagua,caudal_m3s,39,ords:repDiaHid12m,,2026-09-22T01:12:42Z,celec_ords/2022/09/repDiaHid12m.ndjson.gz#repDiaHid12m:2022-09-20
2022-04-04,delsitanisagua,cota_masl,1490.87,ords:repDiaHid12m,,2026-09-22T01:12:42Z,celec_ords/2022/09/repDiaHid12m.ndjson.gz#repDiaHid12m:2022-09-20
2022-04-04,mazar,caudal_m3s,63,ords:repDiaHid12m,,2026-09-22T01:12:42Z,celec_ords/2022/09/repDiaHid12m.ndjson.gz#repDiaHid12m:2022-09-20
2022-04-04,mazar,cota_masl,2130.96,ords:repDiaHid12m,,2026-09-22T01:12:42Z,celec_ords/2022/09/repDiaHid12m.ndjson.gz#repDiaHid12m:2022-09-20
2022-04-04,minas_san_francisco,caudal_m3s,117,ords:repDiaHid12m,,2026-09-22T01:12:42Z,celec_ords/2022/09/repDiaHid12m.ndjson.gz#repDiaHid12m:2022-09-20
2022-04-04,minas_san_francisco,cota_masl,756.03,ords:repDiaHid12m,,2026-09-22T01:12:42Z,celec_ords/2022/09/repDiaHid12m.ndjson.gz#repDiaHid12m:2022-09-20
2022-04-05,amaluza,caudal_m3s,70,ords:repDiaHid12m,,2026-09-22T01:12:42Z,celec_ords/2022/09/repDiaHid12m.ndjson.gz#repDiaHid12m:2022-09-20
2022-04-05,amaluza,cota_masl,1986.91,ords:repDiaHid12m,,2026-09-22T01:12:42Z,celec_ords/2022/09/repDiaHid12m.ndjson.gz#repDiaHid12m:2022-09-20
2022-04-05,delsitanisagua,caudal_m3s,39,ords:repDiaHid12m,,2026-09-22T01:12:42Z,celec_ords/2022/09/repDiaHid12m.ndjson.gz#repDiaHid12m:2022-09-20
2022-04-05,delsitanisagua,cota_masl,1490.79,ords:repDiaHid12m,,2026-09-22T01:12:42Z,celec_ords/2022/09/repDiaHid12m.ndjson.gz#repDiaHid12m:2022-09-20
2022-04-05,mazar,caudal_m3s,57,ords:repDiaHid12m,,2026-09-22T01:12:42Z,celec_ords/2022/09/repDiaHid12m.ndjson.gz#repDiaHid12m:2022-09-20
2022-04-05,mazar,cota_masl,2130.83,ords:repDiaHid12m,,2026-09-22T01:12:42Z,celec_ords/2022/09/repDiaHid12m.ndjson.gz#repDiaHid12m:2022-09-20
2022-04-05,minas_san_francisco,caudal_m3s,93,ords:repDiaHid12m,,2026-09-22T01:12:42Z,celec_ords/2022/09/repDiaHid12m.ndjson.gz#repDiaHid12m:2022-09-20
2022-04-05,minas_san_francisco,cota_masl,760.92,ords:repDiaHid12m,,2026-09-22T01:12:42Z,celec_ords/2022/09/repDiaHid12m.ndjson.gz#repDiaHid12m:2022-09-20
2022-04-06,amaluza,caudal_m3s,76,ords:repDiaHid12m,,2026-09-22T01:12:42Z,celec_ords/2022/09/repDiaHid12m.ndjson.gz#repDiaHid12m:2022-09-20
2022-04-06,amaluza,cota_masl,1986.02,ords:repDiaHid12m,,2026-09-22T01:12:42Z,celec_ords/2022/09/repDiaHid12m.ndjson.gz#repDiaHid12m:2022-09-20
2022-04-06,delsitanisagua,caudal_m3s,57,ords:repDiaHid12m,,2026-09-22T01:12:42Z,celec_ords/2022/09/repDiaHid12m.ndjson.gz#repDiaHid12m:2022-09-20
2022-04-06,delsitanisagua,cota_masl,1490.84,ords:repDiaHid12m,,2026-09-22T01:12:42Z,celec_ords/2022/09/repDiaHid12m.ndjson.gz#repDiaHid12m:2022-09-20
2022-04-06,mazar,caudal_m3s,85,ords:repDiaHid12m,,2026-09-22T01:12:42Z,celec_ords/2022/09/repDiaHid12m.ndjson.gz#repDiaHid12m:2022-09-20
2022-04-06,mazar,cota_masl,2130.76,ords:repDiaHid12m,,2026-09-22T01:12:42Z,celec_ords/2022/09/repDiaHid12m.ndjson.gz#repDiaHid12m:2022-09-20
2022-04-06,minas_san_francisco,caudal_m3s,110,ords:repDiaHid12m,,2026-09-22T01:12:42Z,celec_ords/2022/09/repDiaHid12m.ndjson.gz#repDiaHid12m:2022-09-20
2022-04-06,minas_san_francisco,cota_masl,772.43,ords:repDiaHid12m,,2026-09-22T01:12:42Z,celec_ords/2022/09/repDiaHid12m.ndjson.gz#repDiaHid12m:2022-09-20
2022-04-07,amaluza,caudal_m3s,83,ords:repDiaHid12m,,2026-09-22T01:12:42Z,celec_ords/2022/09/repDiaHid12m.ndjson.gz#repDiaHid12m:2022-09-20
2022-04-07,amaluza,cota_masl,1984.52,ords:repDiaHid12m,,2026-09-22T01:12:42Z,celec_ords/2022/09/repDiaHid12m.ndjson.gz#repDiaHid12m:2022-09-20
2022-04-07,delsitanisagua,caudal_m3s,45,ords:repDiaHid12m,,2026-09-22T01:12:42Z,celec_ords/2022/09/repDiaHid12m.ndjson.gz#repDiaHid12m:2022-09-20
2022-04-07,delsitanisagua,cota_masl,1490.86,ords:repDiaHid12m,,2026-09-22T01:12:42Z,celec_ords/2022/09/repDiaHid12m.ndjson.gz#repDiaHid12m:2022-09-20
2022-04-07,mazar,caudal_m3s,57,ords:repDiaHid12m,,2026-09-22T01:12:42Z,celec_ords/2022/09/repDiaHid12m.ndjson.gz#repDiaHid12m:2022-09-20
2022-04-07,mazar,cota_masl,2130.77,ords:repDiaHid12m,,2026-09-22T01:12:42Z,celec_ords/2022/09/repDiaHid12m.ndjson.gz#repDiaHid12m:2022-09-20
2022-04-07,minas_san_francisco,caudal_m3s,89,ords:repDiaHid12m,,2026-09-22T01:12:42Z,celec_ords/2022/09/repDiaHid12m.ndjson.gz#repDiaHid12m:2022-09-20
2022-04-07,minas_san_francisco,cota_masl,781.28,ords:repDiaHid12m,,2026-09-22T01:12:42Z,celec_ords/2022/09/repDiaHid12m.ndjson.gz#repDiaHid12m:2022-09-20
2022-04-08,amaluza,caudal_m3s,88,ords:repDiaHid12m,,2026-09-22T01:12:42Z,celec_ords/2022/09/repDiaHid12m.ndjson.gz#repDiaHid12m:2022-09-20
2022-04-08,amaluza,cota_masl,1988.79,ords:repDiaHid12m,,2026-09-22T01:12:42Z,celec_ords/2022/09/repDiaHid12m.ndjson.gz#repDiaHid12m:2022-09-20
2022-04-08,delsitanisagua,caudal_m3s,40,ords:repDiaHid12m,,2026-09-22T01:12:42Z,celec_ords/2022/09/repDiaHid12m.ndjson.gz#repDiaHid12m:2022-09-20
2022-04-08,delsitanisagua,cota_masl,1490.85,ords:repDiaHid12m,,2026-09-22T01:12:42Z,celec_ords/2022/09/repDiaHid12m.ndjson.gz#repDiaHid12m:2022-09-20
2022-04-08,mazar,caudal_m3s,60,ords:repDiaHid12m,,2026-09-22T01:12:42Z,celec_ords/2022/09/repDiaHid12m.ndjson.gz#repDiaHid12m:2022-09-20
2022-04-08,mazar,cota_masl,2127.93,ords:repDiaHid12m,,2026-09-22T01:12:42Z,celec_ords/2022/09/repDiaHid12m.ndjson.gz#repDiaHid12m:2022-09-20
2022-04-08,minas_san_francisco,caudal_m3s,96,ords:repDiaHid12m,,2026-09-22T01:12:42Z,celec_ords/2022/09/repDiaHid12m.ndjson.gz#repDiaHid12m:2022-09-20
2022-04-08,minas_san_francisco,cota_masl,790.07,ords:repDiaHid12m,,2026-09-22T01:12:42Z,celec_ords/2022/09/repDiaHid12m.ndjson.gz#repDiaHid12m:2022-09-20
2022-04-09,amaluza,caudal_m3s,40,ords:repDiaHid12m,,2026-09-22T01:12:42Z,celec_ords/2022/09/repDiaHid12m.ndjson.gz#repDiaHid12m:2022-09-20
2022-04-09,amaluza,cota_masl,1986.36,ords:repDiaHid12m,,2026-09-22T01:12:42Z,celec_ords/2022/09/repDiaHid12m.ndjson.gz#repDiaHid12m:2022-09-20
2022-04-09,delsitanisagua,caudal_m3s,56,ords:repDiaHid12m,,2026-09-22T01:12:42Z,celec_ords/2022/09/repDiaHid12m.ndjson.gz#repDiaHid12m:2022-09-20
2022-04-09,delsitanisagua,cota_masl,1490.83,ords:repDiaHid12m,,2026-09-22T01:12:42Z,celec_ords/2022/09/repDiaHid12m.ndjson.gz#repDiaHid12m:2022-09-20
2022-04-09,mazar,caudal_m3s,318,ords:repDiaHid12m,,2026-09-22T01:12:42Z,celec_ords/2022/09/repDiaHid12m.ndjson.gz#repDiaHid12m:2022-09-20
2022-04-09,mazar,cota_masl,2131.53,ords:repDiaHid12m,,2026-09-22T01:12:42Z,celec_ords/2022/09/repDiaHid12m.ndjson.gz#repDiaHid12m:2022-09-20
2022-04-09,minas_san_francisco,caudal_m3s,219,ords:repDiaHid12m,,2026-09-22T01:12:42Z,celec_ords/2022/09/repDiaHid12m.ndjson.gz#repDiaHid12m:2022-09-20
2022-04-09,minas_san_francisco,cota_masl,790.22,ords:repDiaHid12m,,2026-09-22T01:12:42Z,celec_ords/2022/09/repDiaHid12m.ndjson.gz#repDiaHid12m:2022-09-20
2022-04-10,amaluza,caudal_m3s,95,ords:repDiaHid12m,,2026-09-22T01:12:42Z,celec_ords/2022/09/repDiaHid12m.ndjson.gz#repDiaHid12m:2022-09-20
2022-04-10,amaluza,cota_masl,1984.85,ords:repDiaHid12m,,2026-09-22T01:12:42Z,celec_ords/2022/09/repDiaHid12m.ndjson.gz#repDiaHid12m:2022-09-20
2022-04-10,delsitanisagua,caudal_m3s,40,ords:repDiaHid12m,,2026-09-22T01:12:42Z,celec_ords/2022/09/repDiaHid12m.ndjson.gz#repDiaHid12m:2022-09-20
2022-04-10,delsitanisagua,cota_masl,1490.82,ords:repDiaHid12m,,2026-09-22T01:12:42Z,celec_ords/2022/09/repDiaHid12m.ndjson.gz#repDiaHid12m:2022-09-20
2022-04-10,mazar,caudal_m3s,73,ords:repDiaHid12m,,2026-09-22T01:12:42Z,celec_ords/2022/09/repDiaHid12m.ndjson.gz#repDiaHid12m:2022-09-20
2022-04-10,mazar,cota_masl,2132.99,ords:repDiaHid12m,,2026-09-22T01:12:42Z,celec_ords/2022/09/repDiaHid12m.ndjson.gz#repDiaHid12m:2022-09-20
2022-04-10,minas_san_francisco,caudal_m3s,112,ords:repDiaHid12m,,2026-09-22T01:12:42Z,celec_ords/2022/09/repDiaHid12m.ndjson.gz#repDiaHid12m:2022-09-20
2022-04-10,minas_san_francisco,cota_masl,789.9,ords:repDiaHid12m,,2026-09-22T01:12:42Z,celec_ords/2022/09/repDiaHid12m.ndjson.gz#repDiaHid12m:2022-09-20
2022-04-11,amaluza,caudal_m3s,79,ords:repDiaHid12m,,2026-09-22T01:12:42Z,celec_ords/2022/09/repDiaHid12m.ndjson.gz#repDiaHid12m:2022-09-20
2022-04-11,amaluza,cota_masl,1984.32,ords:repDiaHid12m,,2026-09-22T01:12:42Z,celec_ords/2022/09/repDiaHid12m.ndjson.gz#repDiaHid12m:2022-09-20
2022-04-11,delsitanisagua,caudal_m3s,39,ords:repDiaHid12m,,2026-09-22T01:12:42Z,celec_ords/2022/09/repDiaHid12m.ndjson.gz#repDiaHid12m:2022-09-20
2022-04-11,delsitanisagua,cota_masl,1490.97,ords:repDiaHid12m,,2026-09-22T01:12:42Z,celec_ords/2022/09/repDiaHid12m.ndjson.gz#repDiaHid12m:2022-09-20
2022-04-11,mazar,caudal_m3s,44,ords:repDiaHid12m,,2026-09-22T01:12:42Z,celec_ords/2022/09/repDiaHid12m.ndjson.gz#repDiaHid12m:2022-09-20
2022-04-11,mazar,cota_masl,2133.04,ords:repDiaHid12m,,2026-09-22T01:12:42Z,celec_ords/2022/09/repDiaHid12m.ndjson.gz#repDiaHid12m:2022-09-20
2022-04-11,minas_san_francisco,caudal_m3s,99,ords:repDiaHid12m,,2026-09-22T01:12:42Z,celec_ords/2022/09/repDiaHid12m.ndjson.gz#repDiaHid12m:2022-09-20
2022-04-11,minas_san_francisco,cota_masl,790.13,ords:repDiaHid12m,,2026-09-22T01:12:42Z,celec_ords/2022/09/repDiaHid12m.ndjson.gz#repDiaHid12m:2022-09-20
2022-04-12,amaluza,caudal_m3s,85,ords:repDiaHid12m,,2026-09-22T01:12:42Z,celec_ords/2022/09/repDiaHid12m.ndjson.gz#repDiaHid12m:2022-09-20
2022-04-12,amaluza,cota_masl,1983.75,ords:repDiaHid12m,,2026-09-22T01:12:42Z,celec_ords/2022/09/repDiaHid12m.ndjson.gz#repDiaHid12m:2022-09-20
2022-04-12,delsitanisagua,caudal_m3s,40,ords:repDiaHid12m,,2026-09-22T01:12:42Z,celec_ords/2022/09/repDiaHid12m.ndjson.gz#repDiaHid12m:2022-09-20
2022-04-12,delsitanisagua,cota_masl,1490.52,ords:repDiaHid12m,,2026-09-22T01:12:42Z,celec_ords/2022/09/repDiaHid12m.ndjson.gz#repDiaHid12m:2022-09-20
2022-04-12,mazar,caudal_m3s,47,ords:repDiaHid12m,,2026-09-22T01:12:42Z,celec_ords/2022/09/repDiaHid12m.ndjson.gz#repDiaHid12m:2022-09-20
2022-04-12,mazar,cota_masl,2132.86,ords:repDiaHid12m,,2026-09-22T01:12:42Z,celec_ords/2022/09/repDiaHid12m.ndjson.gz#repDiaHid12m:2022-09-20
2022-04-12,minas_san_francisco,caudal_m3s,100,ords:repDiaHid12m,,2026-09-22T01:12:42Z,celec_ords/2022/09/repDiaHid12m.ndjson.gz#repDiaHid12m:2022-09-20
2022-04-12,minas_san_francisco,cota_masl,790.05,ords:repDiaHid12m,,2026-09-22T01:12:42Z,celec_ords/2022/09/repDiaHid12m.ndjson.gz#repDiaHid12m:2022-09-20
2022-04-13,amaluza,caudal_m3s,101,ords:repDiaHid12m,,2026-09-22T01:12:42Z,celec_ords/2022/09/repDiaHid12m.ndjson.gz#repDiaHid12m:2022-09-20
2022-04-13,amaluza,cota_masl,1989.72,ords:repDiaHid12m,,2026-09-22T01:12:42Z,celec_ords/2022/09/repDiaHid12m.ndjson.gz#repDiaHid12m:2022-09-20
2022-04-13,delsitanisagua,caudal_m3s,44,ords:repDiaHid12m,,2026-09-22T01:12:42Z,celec_ords/2022/09/repDiaHid12m.ndjson.gz#repDiaHid12m:2022-09-20
2022-04-13,delsitanisagua,cota_masl,1490.65,ords:repDiaHid12m,,2026-09-22T01:12:42Z,celec_ords/2022/09/repDiaHid12m.ndjson.gz#repDiaHid12m:2022-09-20
2022-04-13,mazar,caudal_m3s,47,ords:repDiaHid12m,,2026-09-22T01:12:42Z,celec_ords/2022/09/repDiaHid12m.ndjson.gz#repDiaHid12m:2022-09-20
2022-04-13,mazar,cota_masl,2130.11,ords:repDiaHid12m,,2026-09-22T01:12:42Z,celec_ords/2022/09/repDiaHid12m.ndjson.gz#repDiaHid12m:2022-09-20
2022-04-13,minas_san_francisco,caudal_m3s,91,ords:repDiaHid12m,,2026-09-22T01:12:42Z,celec_ords/2022/09/repDiaHid12m.ndjson.gz#repDiaHid12m:2022-09-20
2022-04-13,minas_san_francisco,cota_masl,789.9,ords:repDiaHid12m,,2026-09-22T01:12:42Z,celec_ords/2022/09/repDiaHid12m.ndjson.gz#repDiaHid12m:2022-09-20
2022-04-14,amaluza,caudal_m3s,79,ords:repDiaHid12m,,2026-09-22T01:12:42Z,celec_ords/2022/09/repDiaHid12m.ndjson.gz#repDiaHid12m:2022-09-20
2022-04-14,amaluza,cota_masl,1989.89,ords:repDiaHid12m,,2026-09-22T01:12:42Z,celec_ords/2022/09/repDiaHid12m.ndjson.gz#repDiaHid12m:2022-09-20
2022-04-14,delsitanisagua,caudal_m3s,40,ords:repDiaHid12m,,2026-09-22T01:12:42Z,celec_ords/2022/09/repDiaHid12m.ndjson.gz#repDiaHid12m:2022-09-20
2022-04-14,delsitanisagua,cota_masl,1490.84,ords:repDiaHid12m,,2026-09-22T01:12:42Z,celec_ords/2022/09/repDiaHid12m.ndjson.gz#repDiaHid12m:2022-09-20
2022-04-14,mazar,caudal_m3s,65,ords:repDiaHid12m,,2026-09-22T01:12:42Z,celec_ords/2022/09/repDiaHid12m.ndjson.gz#repDiaHid12m:2022-09-20
2022-04-14,mazar,cota_masl,2130.28,ords:repDiaHid12m,,2026-09-22T01:12:42Z,celec_ords/2022/09/repDiaHid12m.ndjson.gz#repDiaHid12m:2022-09-20
2022-04-14,minas_san_francisco,caudal_m3s,91,ords:repDiaHid12m,,2026-09-22T01:12:42Z,celec_ords/2022/09/repDiaHid12m.ndjson.gz#repDiaHid12m:2022-09-20
2022-04-14,minas_san_francisco,cota_masl,789.74,ords:repDiaHid12m,,2026-09-22T01:12:42Z,celec_ords/2022/09/repDiaHid12m.ndjson.gz#repDiaHid12m:2022-09-20
2022-04-15,amaluza,caudal_m3s,109,ords:repDiaHid12m,,2026-09-22T01:12:42Z,celec_ords/2022/09/repDiaHid12m.ndjson.gz#repDiaHid12m:2022-09-20
2022-04-15,amaluza,cota_masl,1989.7,ords:repDiaHid12m,,2026-09-22T01:12:42Z,celec_ords/2022/09/repDiaHid12m.ndjson.gz#repDiaHid12m:2022-09-20
2022-04-15,delsitanisagua,caudal_m3s,74,ords:repDiaHid12m,,2026-09-22T01:12:42Z,celec_ords/2022/09/repDiaHid12m.ndjson.gz#repDiaHid12m:2022-09-20
2022-04-15,delsitanisagua,cota_masl,1489.92,ords:repDiaHid12m,,2026-09-22T01:12:42Z,celec_ords/2022/09/repDiaHid12m.ndjson.gz#repDiaHid12m:2022-09-20
2022-04-15,mazar,caudal_m3s,111,ords:repDiaHid12m,,2026-09-22T01:12:42Z,celec_ords/2022/09/repDiaHid12m.ndjson.gz#repDiaHid12m:2022-09-20
2022-04-15,mazar,cota_masl,2131.13,ords:repDiaHid12m,,2026-09-22T01:12:42Z,celec_ords/2022/09/repDiaHid12m.ndjson.gz#repDiaHid12m:2022-09-20
2022-04-15,minas_san_francisco,caudal_m3s,68,ords:repDiaHid12m,,2026-09-22T01:12:42Z,celec_ords/2022/09/repDiaHid12m.ndjson.gz#repDiaHid12m:2022-09-20
2022-04-15,minas_san_francisco,cota_masl,790.91,ords:repDiaHid12m,,2026-09-22T01:12:42Z,celec_ords/2022/09/repDiaHid12m.ndjson.gz#repDiaHid12m:2022-09-20
2022-04-16,amaluza,caudal_m3s,87,ords:repDiaHid12m,,2026-09-22T01:12:42Z,celec_ords/2022/09/repDiaHid12m.ndjson.gz#repDiaHid12m:2022-09-20
2022-04-16,amaluza,cota_masl,1989.55,ords:repDiaHid12m,,2026-09-22T01:12:42Z,celec_ords/2022/09/repDiaHid12m.ndjson.gz#repDiaHid12m:2022-09-20
2022-04-16,delsitanisagua,caudal_m3s,46,ords:repDiaHid12m,,2026-09-22T01:12:42Z,celec_ords/2022/09/repDiaHid12m.ndjson.gz#repDiaHid12m:2022-09-20
2022-04-16,delsitanisagua,cota_masl,1490.73,ords:repDiaHid12m,,2026-09-22T01:12:42Z,celec_ords/2022/09/repDiaHid12m.ndjson.gz#repDiaHid12m:2022-09-20
2022-04-16,mazar,caudal_m3s,55,ords:repDiaHid12m,,2026-09-22T01:12:42Z,celec_ords/2022/09/repDiaHid12m.ndjson.gz#repDiaHid12m:2022-09-20
2022-04-16,mazar,cota_masl,2131.28,ords:repDiaHid12m,,2026-09-22T01:12:42Z,celec_ords/2022/09/repDiaHid12m.ndjson.gz#repDiaHid12m:2022-09-20
2022-04-16,minas_san_francisco,caudal_m3s,77,ords:repDiaHid12m,,2026-09-22T01:12:42Z,celec_ords/2022/09/repDiaHid12m.ndjson.gz#repDiaHid12m:2022-09-20
2022-04-16,minas_san_francisco,cota_masl,792.4,ords:repDiaHid12m,,2026-09-22T01:12:42Z,celec_ords/2022/09/repDiaHid12m.ndjson.gz#repDiaHid12m:2022-09-20
2022-04-17,amaluza,caudal_m3s,95,ords:repDiaHid12m,,2026-09-22T01:12:42Z,celec_ords/2022/09/repDiaHid12m.ndjson.gz#repDiaHid12m:2022-09-20
2022-04-17,amaluza,cota_masl,1989.88,ords:repDiaHid12m,,2026-09-22T01:12:42Z,celec_ords/2022/09/repDiaHid12m.ndjson.gz#repDiaHid12m:2022-09-20
2022-04-17,delsitanisagua,caudal_m3s,61,ords:repDiaHid12m,,2026-09-22T01:12:42Z,celec_ords/2022/09/repDiaHid12m.ndjson.gz#repDiaHid12m:2022-09-20
2022-04-17,delsitanisagua,cota_masl,1490.77,ords:repDiaHid12m,,2026-09-22T01:12:42Z,celec_ords/2022/09/repDiaHid12m.ndjson.gz#repDiaHid12m:2022-09-20
2022-04-17,mazar,caudal_m3s,62,ords:repDiaHid12m,,2026-09-22T01:12:42Z,celec_ords/2022/09/repDiaHid12m.ndjson.gz#repDiaHid12m:2022-09-20
2022-04-17,mazar,cota_masl,2131.24,ords:repDiaHid12m,,2026-09-22T01:12:42Z,celec_ords/2022/09/repDiaHid12m.ndjson.gz#repDiaHid12m:2022-09-20
2022-04-17,minas_san_francisco,caudal_m3s,78,ords:repDiaHid12m,,2026-09-22T01:12:42Z,celec_ords/2022/09/repDiaHid12m.ndjson.gz#repDiaHid12m:2022-09-20
2022-04-17,minas_san_francisco,cota_masl,792.33,ords:repDiaHid12m,,2026-09-22T01:12:42Z,celec_ords/2022/09/repDiaHid12m.ndjson.gz#repDiaHid12m:2022-09-20
2022-04-18,amaluza,caudal_m3s,175,ords:repDiaHid12m,,2026-09-22T01:12:42Z,celec_ords/2022/09/repDiaHid12m.ndjson.gz#repDiaHid12m:2022-09-20
2022-04-18,amaluza,cota_masl,1989.8,ords:repDiaHid12m,,2026-09-22T01:12:42Z,celec_ords/2022/09/repDiaHid12m.ndjson.gz#repDiaHid12m:2022-09-20
2022-04-18,delsitanisagua,caudal_m3s,65,ords:repDiaHid12m,,2026-09-22T01:12:42Z,celec_ords/2022/09/repDiaHid12m.ndjson.gz#repDiaHid12m:2022-09-20
2022-04-18,delsitanisagua,cota_masl,1490.24,ords:repDiaHid12m,,2026-09-22T01:12:42Z,celec_ords/2022/09/repDiaHid12m.ndjson.gz#repDiaHid12m:2022-09-20
2022-04-18,mazar,caudal_m3s,172,ords:repDiaHid12m,,2026-09-22T01:12:42Z,celec_ords/2022/09/repDiaHid12m.ndjson.gz#repDiaHid12m:2022-09-20
2022-04-18,mazar,cota_masl,2131.61,ords:repDiaHid12m,,2026-09-22T01:12:42Z,celec_ords/2022/09/repDiaHid12m.ndjson.gz#repDiaHid12m:2022-09-20
2022-04-18,minas_san_francisco,caudal_m3s,280,ords:repDiaHid12m,,2026-09-22T01:12:42Z,celec_ords/2022/09/repDiaHid12m.ndjson.gz#repDiaHid12m:2022-09-20
2022-04-18,minas_san_francisco,cota_masl,791.92,ords:repDiaHid12m,,2026-09-22T01:12:42Z,celec_ords/2022/09/repDiaHid12m.ndjson.gz#repDiaHid12m:2022-09-20
2022-04-19,amaluza,caudal_m3s,69,ords:repDiaHid12m,,2026-09-22T01:12:42Z,celec_ords/2022/09/repDiaHid12m.ndjson.gz#repDiaHid12m:2022-09-20
2022-04-19,amaluza,cota_masl,1989.61,ords:repDiaHid12m,,2026-09-22T01:12:42Z,celec_ords/2022/09/repDiaHid12m.ndjson.gz#repDiaHid12m:2022-09-20
2022-04-19,delsitanisagua,caudal_m3s,51,ords:repDiaHid12m,,2026-09-22T01:12:42Z,celec_ords/2022/09/repDiaHid12m.ndjson.gz#repDiaHid12m:2022-09-20
2022-04-19,delsitanisagua,cota_masl,1490.84,ords:repDiaHid12m,,2026-09-22T01:12:42Z,celec_ords/2022/09/repDiaHid12m.ndjson.gz#repDiaHid12m:2022-09-20
2022-04-19,mazar,caudal_m3s,161,ords:repDiaHid12m,,2026-09-22T01:12:42Z,celec_ords/2022/09/repDiaHid12m.ndjson.gz#repDiaHid12m:2022-09-20
2022-04-19,mazar,cota_masl,2133.85,ords:repDiaHid12m,,2026-09-22T01:12:42Z,celec_ords/2022/09/repDiaHid12m.ndjson.gz#repDiaHid12m:2022-09-20
2022-04-19,minas_san_francisco,caudal_m3s,159,ords:repDiaHid12m,,2026-09-22T01:12:42Z,celec_ords/2022/09/repDiaHid12m.ndjson.gz#repDiaHid12m:2022-09-20
2022-04-19,minas_san_francisco,cota_masl,792.46,ords:repDiaHid12m,,2026-09-22T01:12:42Z,celec_ords/2022/09/repDiaHid12m.ndjson.gz#repDiaHid12m:2022-09-20
2022-04-20,amaluza,caudal_m3s,174,ords:repDiaHid12m,,2026-09-22T01:12:42Z,celec_ords/2022/09/repDiaHid12m.ndjson.gz#repDiaHid12m:2022-09-20
2022-04-20,amaluza,cota_masl,1988.61,ords:repDiaHid12m,,2026-09-22T01:12:42Z,celec_ords/2022/09/repDiaHid12m.ndjson.gz#repDiaHid12m:2022-09-20
2022-04-20,delsitanisagua,caudal_m3s,48,ords:repDiaHid12m,,2026-09-22T01:12:42Z,celec_ords/2022/09/repDiaHid12m.ndjson.gz#repDiaHid12m:2022-09-20
2022-04-20,delsitanisagua,cota_masl,1490.88,ords:repDiaHid12m,,2026-09-22T01:12:42Z,celec_ords/2022/09/repDiaHid12m.ndjson.gz#repDiaHid12m:2022-09-20
2022-04-20,mazar,caudal_m3s,489,ords:repDiaHid12m,,2026-09-22T01:12:42Z,celec_ords/2022/09/repDiaHid12m.ndjson.gz#repDiaHid12m:2022-09-20
2022-04-20,mazar,cota_masl,2136.46,ords:repDiaHid12m,,2026-09-22T01:12:42Z,celec_ords/2022/09/repDiaHid12m.ndjson.gz#repDiaHid12m:2022-09-20
2022-04-20,minas_san_francisco,caudal_m3s,182,ords:repDiaHid12m,,2026-09-22T01:12:42Z,celec_ords/2022/09/repDiaHid12m.ndjson.gz#repDiaHid12m:2022-09-20
2022-04-20,minas_san_francisco,cota_masl,792.8,ords:repDiaHid12m,,2026-09-22T01:12:42Z,celec_ords/2022/09/repDiaHid12m.ndjson.gz#repDiaHid12m:2022-09-20
2022-04-21,amaluza,caudal_m3s,75,ords:repDiaHid12m,,2026-09-22T01:12:42Z,celec_ords/2022/09/repDiaHid12m.ndjson.gz#repDiaHid12m:2022-09-20
2022-04-21,amaluza,cota_masl,1988.02,ords:repDiaHid12m,,2026-09-22T01:12:42Z,celec_ords/2022/09/repDiaHid12m.ndjson.gz#repDiaHid12m:2022-09-20
2022-04-21,delsitanisagua,caudal_m3s,65,ords:repDiaHid12m,,2026-09-22T01:12:42Z,celec_ords/2022/09/repDiaHid12m.ndjson.gz#repDiaHid12m:2022-09-20
2022-04-21,delsitanisagua,cota_masl,1491.11,ords:repDiaHid12m,,2026-09-22T01:12:42Z,celec_ords/2022/09/repDiaHid12m.ndjson.gz#repDiaHid12m:2022-09-20
2022-04-21,mazar,caudal_m3s,261,ords:repDiaHid12m,,2026-09-22T01:12:42Z,celec_ords/2022/09/repDiaHid12m.ndjson.gz#repDiaHid12m:2022-09-20
2022-04-21,mazar,cota_masl,2141.09,ords:repDiaHid12m,,2026-09-22T01:12:42Z,celec_ords/2022/09/repDiaHid12m.ndjson.gz#repDiaHid12m:2022-09-20
2022-04-21,minas_san_francisco,caudal_m3s,434,ords:repDiaHid12m,,2026-09-22T01:12:42Z,celec_ords/2022/09/repDiaHid12m.ndjson.gz#repDiaHid12m:2022-09-20
2022-04-21,minas_san_francisco,cota_masl,791.92,ords:repDiaHid12m,,2026-09-22T01:12:42Z,celec_ords/2022/09/repDiaHid12m.ndjson.gz#repDiaHid12m:2022-09-20
2022-04-22,amaluza,caudal_m3s,11,ords:repDiaHid12m,,2026-09-22T01:12:42Z,celec_ords/2022/09/repDiaHid12m.ndjson.gz#repDiaHid12m:2022-09-20
2022-04-22,amaluza,cota_masl,1985.13,ords:repDiaHid12m,,2026-09-22T01:12:42Z,celec_ords/2022/09/repDiaHid12m.ndjson.gz#repDiaHid12m:2022-09-20
2022-04-22,delsitanisagua,caudal_m3s,62,ords:repDiaHid12m,,2026-09-22T01:12:42Z,celec_ords/2022/09/repDiaHid12m.ndjson.gz#repDiaHid12m:2022-09-20
2022-04-22,delsitanisagua,cota_masl,1481.91,ords:repDiaHid12m,,2026-09-22T01:12:42Z,celec_ords/2022/09/repDiaHid12m.ndjson.gz#repDiaHid12m:2022-09-20
2022-04-22,mazar,caudal_m3s,150,ords:repDiaHid12m,,2026-09-22T01:12:42Z,celec_ords/2022/09/repDiaHid12m.ndjson.gz#repDiaHid12m:2022-09-20
2022-04-22,mazar,cota_masl,2143.18,ords:repDiaHid12m,,2026-09-22T01:12:42Z,celec_ords/2022/09/repDiaHid12m.ndjson.gz#repDiaHid12m:2022-09-20
2022-04-22,minas_san_francisco,caudal_m3s,211,ords:repDiaHid12m,,2026-09-22T01:12:42Z,celec_ords/2022/09/repDiaHid12m.ndjson.gz#repDiaHid12m:2022-09-20
2022-04-22,minas_san_francisco,cota_masl,792.56,ords:repDiaHid12m,,2026-09-22T01:12:42Z,celec_ords/2022/09/repDiaHid12m.ndjson.gz#repDiaHid12m:2022-09-20
2022-04-23,amaluza,caudal_m3s,91,ords:repDiaHid12m,,2026-09-22T01:12:42Z,celec_ords/2022/09/repDiaHid12m.ndjson.gz#repDiaHid12m:2022-09-20
2022-04-23,amaluza,cota_masl,1982.97,ords:repDiaHid12m,,2026-09-22T01:12:42Z,celec_ords/2022/09/repDiaHid12m.ndjson.gz#repDiaHid12m:2022-09-20
2022-04-23,delsitanisagua,caudal_m3s,43,ords:repDiaHid12m,,2026-09-22T01:12:42Z,celec_ords/2022/09/repDiaHid12m.ndjson.gz#repDiaHid12m:2022-09-20
2022-04-23,delsitanisagua,cota_masl,1483.38,ords:repDiaHid12m,,2026-09-22T01:12:42Z,celec_ords/2022/09/repDiaHid12m.ndjson.gz#repDiaHid12m:2022-09-20
2022-04-23,mazar,caudal_m3s,166,ords:repDiaHid12m,,2026-09-22T01:12:42Z,celec_ords/2022/09/repDiaHid12m.ndjson.gz#repDiaHid12m:2022-09-20
2022-04-23,mazar,cota_masl,2144.59,ords:repDiaHid12m,,2026-09-22T01:12:42Z,celec_ords/2022/09/repDiaHid12m.ndjson.gz#repDiaHid12m:2022-09-20
2022-04-23,minas_san_francisco,caudal_m3s,146,ords:repDiaHid12m,,2026-09-22T01:12:42Z,celec_ords/2022/09/repDiaHid12m.ndjson.gz#repDiaHid12m:2022-09-20
2022-04-23,minas_san_francisco,cota_masl,792.34,ords:repDiaHid12m,,2026-09-22T01:12:42Z,celec_ords/2022/09/repDiaHid12m.ndjson.gz#repDiaHid12m:2022-09-20
2022-04-24,amaluza,caudal_m3s,117,ords:repDiaHid12m,,2026-09-22T01:12:42Z,celec_ords/2022/09/repDiaHid12m.ndjson.gz#repDiaHid12m:2022-09-20
2022-04-24,amaluza,cota_masl,1981.86,ords:repDiaHid12m,,2026-09-22T01:12:42Z,celec_ords/2022/09/repDiaHid12m.ndjson.gz#repDiaHid12m:2022-09-20
2022-04-24,delsitanisagua,caudal_m3s,74,ords:repDiaHid12m,,2026-09-22T01:12:42Z,celec_ords/2022/09/repDiaHid12m.ndjson.gz#repDiaHid12m:2022-09-20
2022-04-24,delsitanisagua,cota_masl,1490.27,ords:repDiaHid12m,,2026-09-22T01:12:42Z,celec_ords/2022/09/repDiaHid12m.ndjson.gz#repDiaHid12m:2022-09-20
2022-04-24,mazar,caudal_m3s,99,ords:repDiaHid12m,,2026-09-22T01:12:42Z,celec_ords/2022/09/repDiaHid12m.ndjson.gz#repDiaHid12m:2022-09-20
2022-04-24,mazar,cota_masl,2145.76,ords:repDiaHid12m,,2026-09-22T01:12:42Z,celec_ords/2022/09/repDiaHid12m.ndjson.gz#repDiaHid12m:2022-09-20
2022-04-24,minas_san_francisco,caudal_m3s,197,ords:repDiaHid12m,,2026-09-22T01:12:42Z,celec_ords/2022/09/repDiaHid12m.ndjson.gz#repDiaHid12m:2022-09-20
2022-04-24,minas_san_francisco,cota_masl,792.43,ords:repDiaHid12m,,2026-09-22T01:12:42Z,celec_ords/2022/09/repDiaHid12m.ndjson.gz#repDiaHid12m:2022-09-20
2022-04-25,amaluza,caudal_m3s,162,ords:repDiaHid12m,,2026-09-22T01:12:42Z,celec_ords/2022/09/repDiaHid12m.ndjson.gz#repDiaHid12m:2022-09-20
2022-04-25,amaluza,cota_masl,1983.05,ords:repDiaHid12m,,2026-09-22T01:12:42Z,celec_ords/2022/09/repDiaHid12m.ndjson.gz#repDiaHid12m:2022-09-20
2022-04-25,delsitanisagua,caudal_m3s,42,ords:repDiaHid12m,,2026-09-22T01:12:42Z,celec_ords/2022/09/repDiaHid12m.ndjson.gz#repDiaHid12m:2022-09-20
2022-04-25,delsitanisagua,cota_masl,1490.36,ords:repDiaHid12m,,2026-09-22T01:12:42Z,celec_ords/2022/09/repDiaHid12m.ndjson.gz#repDiaHid12m:2022-09-20
2022-04-25,mazar,caudal_m3s,69,ords:repDiaHid12m,,2026-09-22T01:12:42Z,celec_ords/2022/09/repDiaHid12m.ndjson.gz#repDiaHid12m:2022-09-20
2022-04-25,mazar,cota_masl,2145.91,ords:repDiaHid12m,,2026-09-22T01:12:42Z,celec_ords/2022/09/repDiaHid12m.ndjson.gz#repDiaHid12m:2022-09-20
2022-04-25,minas_san_francisco,caudal_m3s,126,ords:repDiaHid12m,,2026-09-22T01:12:42Z,celec_ords/2022/09/repDiaHid12m.ndjson.gz#repDiaHid12m:2022-09-20
2022-04-25,minas_san_francisco,cota_masl,792.22,ords:repDiaHid12m,,2026-09-22T01:12:42Z,celec_ords/2022/09/repDiaHid12m.ndjson.gz#repDiaHid12m:2022-09-20
2022-04-26,amaluza,caudal_m3s,119,ords:repDiaHid12m,,2026-09-22T01:12:42Z,celec_ords/2022/09/repDiaHid12m.ndjson.gz#repDiaHid12m:2022-09-20
2022-04-26,amaluza,cota_masl,1985.77,ords:repDiaHid12m,,2026-09-22T01:12:42Z,celec_ords/2022/09/repDiaHid12m.ndjson.gz#repDiaHid12m:2022-09-20
2022-04-26,delsitanisagua,caudal_m3s,39,ords:repDiaHid12m,,2026-09-22T01:12:42Z,celec_ords/2022/09/repDiaHid12m.ndjson.gz#repDiaHid12m:2022-09-20
2022-04-26,delsitanisagua,cota_masl,1490.95,ords:repDiaHid12m,,2026-09-22T01:12:42Z,celec_ords/2022/09/repDiaHid12m.ndjson.gz#repDiaHid12m:2022-09-20
2022-04-26,mazar,caudal_m3s,81,ords:repDiaHid12m,,2026-09-22T01:12:42Z,celec_ords/2022/09/repDiaHid12m.ndjson.gz#repDiaHid12m:2022-09-20
2022-04-26,mazar,cota_masl,2145.4,ords:repDiaHid12m,,2026-09-22T01:12:42Z,celec_ords/2022/09/repDiaHid12m.ndjson.gz#repDiaHid12m:2022-09-20
2022-04-26,minas_san_francisco,caudal_m3s,94,ords:repDiaHid12m,,2026-09-22T01:12:42Z,celec_ords/2022/09/repDiaHid12m.ndjson.gz#repDiaHid12m:2022-09-20
2022-04-26,minas_san_francisco,cota_masl,792.35,ords:repDiaHid12m,,2026-09-22T01:12:42Z,celec_ords/2022/09/repDiaHid12m.ndjson.gz#repDiaHid12m:2022-09-20
2022-04-27,amaluza,caudal_m3s,183,ords:repDiaHid12m,,2026-09-22T01:12:42Z,celec_ords/2022/09/repDiaHid12m.ndjson.gz#repDiaHid12m:2022-09-20
2022-04-27,amaluza,cota_masl,1985.91,ords:repDiaHid12m,,2026-09-22T01:12:42Z,celec_ords/2022/09/repDiaHid12m.ndjson.gz#repDiaHid12m:2022-09-20
2022-04-27,delsitanisagua,caudal_m3s,38,ords:repDiaHid12m,,2026-09-22T01:12:42Z,celec_ords/2022/09/repDiaHid12m.ndjson.gz#repDiaHid12m:2022-09-20
2022-04-27,delsitanisagua,cota_masl,1490.81,ords:repDiaHid12m,,2026-09-22T01:12:42Z,celec_ords/2022/09/repDiaHid12m.ndjson.gz#repDiaHid12m:2022-09-20
2022-04-27,mazar,caudal_m3s,49,ords:repDiaHid12m,,2026-09-22T01:12:42Z,celec_ords/2022/09/repDiaHid12m.ndjson.gz#repDiaHid12m:2022-09-20
2022-04-27,mazar,cota_masl,2145.15,ords:repDiaHid12m,,2026-09-22T01:12:42Z,celec_ords/2022/09/repDiaHid12m.ndjson.gz#repDiaHid12m:2022-09-20
2022-04-27,minas_san_francisco,caudal_m3s,85,ords:repDiaHid12m,,2026-09-22T01:12:42Z,celec_ords/2022/09/repDiaHid12m.ndjson.gz#repDiaHid12m:2022-09-20
2022-04-27,minas_san_francisco,cota_masl,792.28,ords:repDiaHid12m,,2026-09-22T01:12:42Z,celec_ords/2022/09/repDiaHid12m.ndjson.gz#repDiaHid12m:2022-09-20
2022-04-28,amaluza,caudal_m3s,44,ords:repDiaHid12m,,2026-09-22T01:12:42Z,celec_ords/2022/09/repDiaHid12m.ndjson.gz#repDiaHid12m:2022-09-20
2022-04-28,amaluza,cota_masl,1986.11,ords:repDiaHid12m,,2026-09-22T01:12:42Z,celec_ords/2022/09/repDiaHid12m.ndjson.gz#repDiaHid12m:2022-09-20
2022-04-28,delsitanisagua,caudal_m3s,40,ords:repDiaHid12m,,2026-09-22T01:12:42Z,celec_ords/2022/09/repDiaHid12m.ndjson.gz#repDiaHid12m:2022-09-20
2022-04-28,delsitanisagua,cota_masl,1490.94,ords:repDiaHid12m,,2026-09-22T01:12:42Z,celec_ords/2022/09/repDiaHid12m.ndjson.gz#repDiaHid12m:2022-09-20
2022-04-28,mazar,caudal_m3s,149,ords:repDiaHid12m,,2026-09-22T01:12:42Z,celec_ords/2022/09/repDiaHid12m.ndjson.gz#repDiaHid12m:2022-09-20
2022-04-28,mazar,cota_masl,2145.24,ords:repDiaHid12m,,2026-09-22T01:12:42Z,celec_ords/2022/09/repDiaHid12m.ndjson.gz#repDiaHid12m:2022-09-20
2022-04-28,minas_san_francisco,caudal_m3s,80,ords:repDiaHid12m,,2026-09-22T01:12:42Z,celec_ords/2022/09/repDiaHid12m.ndjson.gz#repDiaHid12m:2022-09-20
2022-04-28,minas_san_francisco,cota_masl,792.18,ords:repDiaHid12m,,2026-09-22T01:12:42Z,celec_ords/2022/09/repDiaHid12m.ndjson.gz#repDiaHid12m:2022-09-20
2022-04-29,amaluza,caudal_m3s,210,ords:repDiaHid12m,,2026-09-22T01:12:42Z,celec_ords/2022/09/repDiaHid12m.ndjson.gz#repDiaHid12m:2022-09-20
2022-04-29,amaluza,cota_masl,1985.65,ords:repDiaHid12m,,2026-09-22T01:12:42Z,celec_ords/2022/09/repDiaHid12m.ndjson.gz#repDiaHid12m:2022-09-20
2022-04-29,delsitanisagua,caudal_m3s,74,ords:repDiaHid12m,,2026-09-22T01:12:42Z,celec_ords/2022/09/repDiaHid12m.ndjson.gz#repDiaHid12m:2022-09-20
2022-04-29,delsitanisagua,cota_masl,1490.76,ords:repDiaHid12m,,2026-09-22T01:12:42Z,celec_ords/2022/09/repDiaHid12m.ndjson.gz#repDiaHid12m:2022-09-20
2022-04-29,mazar,caudal_m3s,234,ords:repDiaHid12m,,2026-09-22T01:12:42Z,celec_ords/2022/09/repDiaHid12m.ndjson.gz#repDiaHid12m:2022-09-20
2022-04-29,mazar,cota_masl,2146.32,ords:repDiaHid12m,,2026-09-22T01:12:42Z,celec_ords/2022/09/repDiaHid12m.ndjson.gz#repDiaHid12m:2022-09-20
2022-04-29,minas_san_francisco,caudal_m3s,84,ords:repDiaHid12m,,2026-09-22T01:12:42Z,celec_ords/2022/09/repDiaHid12m.ndjson.gz#repDiaHid12m:2022-09-20
2022-04-29,minas_san_francisco,cota_masl,792.44,ords:repDiaHid12m,,2026-09-22T01:12:42Z,celec_ords/2022/09/repDiaHid12m.ndjson.gz#repDiaHid12m:2022-09-20
2022-04-30,amaluza,caudal_m3s,209,ords:repDiaHid12m,,2026-09-22T01:12:42Z,celec_ords/2022/09/repDiaHid12m.ndjson.gz#repDiaHid12m:2022-09-20
2022-04-30,amaluza,cota_masl,1987.35,ords:repDiaHid12m,,2026-09-22T01:12:42Z,celec_ords/2022/09/repDiaHid12m.ndjson.gz#repDiaHid12m:2022-09-20
2022-04-30,delsitanisagua,caudal_m3s,91,ords:repDiaHid12m,,2026-09-22T01:12:42Z,celec_ords/2022/09/repDiaHid12m.ndjson.gz#repDiaHid12m:2022-09-20
2022-04-30,delsitanisagua,cota_masl,1490.12,ords:repDiaHid12m,,2026-09-22T01:12:42Z,celec_ords/2022/09/repDiaHid12m.ndjson.gz#repDiaHid12m:2022-09-20
2022-04-30,mazar,caudal_m3s,294,ords:repDiaHid12m,,2026-09-22T01:12:42Z,celec_ords/2022/09/repDiaHid12m.ndjson.gz#repDiaHid12m:2022-09-20
2022-04-30,mazar,cota_masl,2147.33,ords:repDiaHid12m,,2026-09-22T01:12:42Z,celec_ords/2022/09/repDiaHid12m.ndjson.gz#repDiaHid12m:2022-09-20
2022-04-30,minas_san_francisco,caudal_m3s,149,ords:repDiaHid12m,,2026-09-22T01:12:42Z,celec_ords/2022/09/repDiaHid12m.ndjson.gz#repDiaHid12m:2022-09-20
2022-04-30,minas_san_francisco,cota_masl,792.47,ords:repDiaHid12m,,2026-09-22T01:12:42Z,celec_ords/2022/09/repDiaHid12m.ndjson.gz#repDiaHid12m:2022-09-20
2022-05-01,amaluza,caudal_m3s,36,ords:repDiaHid12m,,2026-09-22T01:12:42Z,celec_ords/2022/09/repDiaHid12m.ndjson.gz#repDiaHid12m:2022-09-20
2022-05-01,amaluza,cota_masl,1985.03,ords:repDiaHid12m,,2026-09-22T01:12:42Z,celec_ords/2022/09/repDiaHid12m.ndjson.gz#repDiaHid12m:2022-09-20
2022-05-01,delsitanisagua,caudal_m3s,44,ords:repDiaHid12m,,2026-09-22T01:12:42Z,celec_ords/2022/09/repDiaHid12m.ndjson.gz#repDiaHid12m:2022-09-20
2022-05-01,delsitanisagua,cota_masl,1490.82,ords:repDiaHid12m,,2026-09-22T01:12:42Z,celec_ords/2022/09/repDiaHid12m.ndjson.gz#repDiaHid12m:2022-09-20
2022-05-01,mazar,caudal_m3s,100,ords:repDiaHid12m,,2026-09-22T01:12:42Z,celec_ords/2022/09/repDiaHid12m.ndjson.gz#repDiaHid12m:2022-09-20
2022-05-01,mazar,cota_masl,2148.6,ords:repDiaHid12m,,2026-09-22T01:12:42Z,celec_ords/2022/09/repDiaHid12m.ndjson.gz#repDiaHid12m:2022-09-20
2022-05-01,minas_san_francisco,caudal_m3s,66,ords:repDiaHid12m,,2026-09-22T01:12:42Z,celec_ords/2022/09/repDiaHid12m.ndjson.gz#repDiaHid12m:2022-09-20
2022-05-01,minas_san_francisco,cota_masl,792.4,ords:repDiaHid12m,,2026-09-22T01:12:42Z,celec_ords/2022/09/repDiaHid12m.ndjson.gz#repDiaHid12m:2022-09-20
2022-05-02,amaluza,caudal_m3s,159,ords:repDiaHid12m,,2026-09-22T01:12:42Z,celec_ords/2022/09/repDiaHid12m.ndjson.gz#repDiaHid12m:2022-09-20
2022-05-02,amaluza,cota_masl,1984.76,ords:repDiaHid12m,,2026-09-22T01:12:42Z,celec_ords/2022/09/repDiaHid12m.ndjson.gz#repDiaHid12m:2022-09-20
2022-05-02,delsitanisagua,caudal_m3s,40,ords:repDiaHid12m,,2026-09-22T01:12:42Z,celec_ords/2022/09/repDiaHid12m.ndjson.gz#repDiaHid12m:2022-09-20
2022-05-02,delsitanisagua,cota_masl,1490.86,ords:repDiaHid12m,,2026-09-22T01:12:42Z,celec_ords/2022/09/repDiaHid12m.ndjson.gz#repDiaHid12m:2022-09-20
2022-05-02,mazar,caudal_m3s,63,ords:repDiaHid12m,,2026-09-22T01:12:42Z,celec_ords/2022/09/repDiaHid12m.ndjson.gz#repDiaHid12m:2022-09-20
2022-05-02,mazar,cota_masl,2148.9,ords:repDiaHid12m,,2026-09-22T01:12:42Z,celec_ords/2022/09/repDiaHid12m.ndjson.gz#repDiaHid12m:2022-09-20
2022-05-02,minas_san_francisco,caudal_m3s,68,ords:repDiaHid12m,,2026-09-22T01:12:42Z,celec_ords/2022/09/repDiaHid12m.ndjson.gz#repDiaHid12m:2022-09-20
2022-05-02,minas_san_francisco,cota_masl,792.23,ords:repDiaHid12m,,2026-09-22T01:12:42Z,celec_ords/2022/09/repDiaHid12m.ndjson.gz#repDiaHid12m:2022-09-20
2022-05-03,amaluza,caudal_m3s,167,ords:repDiaHid12m,,2026-09-22T01:12:42Z,celec_ords/2022/09/repDiaHid12m.ndjson.gz#repDiaHid12m:2022-09-20
2022-05-03,amaluza,cota_masl,1986.65,ords:repDiaHid12m,,2026-09-22T01:12:42Z,celec_ords/2022/09/repDiaHid12m.ndjson.gz#repDiaHid12m:2022-09-20
2022-05-03,delsitanisagua,caudal_m3s,43,ords:repDiaHid12m,,2026-09-22T01:12:42Z,celec_ords/2022/09/repDiaHid12m.ndjson.gz#repDiaHid12m:2022-09-20
2022-05-03,delsitanisagua,cota_masl,1490.84,ords:repDiaHid12m,,2026-09-22T01:12:42Z,celec_ords/2022/09/repDiaHid12m.ndjson.gz#repDiaHid12m:2022-09-20
2022-05-03,mazar,caudal_m3s,57,ords:repDiaHid12m,,2026-09-22T01:12:42Z,celec_ords/2022/09/repDiaHid12m.ndjson.gz#repDiaHid12m:2022-09-20
2022-05-03,mazar,cota_masl,2148.28,ords:repDiaHid12m,,2026-09-22T01:12:42Z,celec_ords/2022/09/repDiaHid12m.ndjson.gz#repDiaHid12m:2022-09-20
2022-05-03,minas_san_francisco,caudal_m3s,52,ords:repDiaHid12m,,2026-09-22T01:12:42Z,celec_ords/2022/09/repDiaHid12m.ndjson.gz#repDiaHid12m:2022-09-20
2022-05-03,minas_san_francisco,cota_masl,791.73,ords:repDiaHid12m,,2026-09-22T01:12:42Z,celec_ords/2022/09/repDiaHid12m.ndjson.gz#repDiaHid12m:2022-09-20
2022-05-04,amaluza,caudal_m3s,135,ords:repDiaHid12m,,2026-09-22T01:12:42Z,celec_ords/2022/09/repDiaHid12m.ndjson.gz#repDiaHid12m:2022-09-20
2022-05-04,amaluza,cota_masl,1986.57,ords:repDiaHid12m,,2026-09-22T01:12:42Z,celec_ords/2022/09/repDiaHid12m.ndjson.gz#repDiaHid12m:2022-09-20
2022-05-04,delsitanisagua,caudal_m3s,77,ords:repDiaHid12m,,2026-09-22T01:12:42Z,celec_ords/2022/09/repDiaHid12m.ndjson.gz#repDiaHid12m:2022-09-20
2022-05-04,delsitanisagua,cota_masl,1490.79,ords:repDiaHid12m,,2026-09-22T01:12:42Z,celec_ords/2022/09/repDiaHid12m.ndjson.gz#repDiaHid12m:2022-09-20
2022-05-04,mazar,caudal_m3s,61,ords:repDiaHid12m,,2026-09-22T01:12:42Z,celec_ords/2022/09/repDiaHid12m.ndjson.gz#repDiaHid12m:2022-09-20
2022-05-04,mazar,cota_masl,2148.22,ords:repDiaHid12m,,2026-09-22T01:12:42Z,celec_ords/2022/09/repDiaHid12m.ndjson.gz#repDiaHid12m:2022-09-20
2022-05-04,minas_san_francisco,caudal_m3s,56,ords:repDiaHid12m,,2026-09-22T01:12:42Z,celec_ords/2022/09/repDiaHid12m.ndjson.gz#repDiaHid12m:2022-09-20
2022-05-04,minas_san_francisco,cota_masl,792.63,ords:repDiaHid12m,,2026-09-22T01:12:42Z,celec_ords/2022/09/repDiaHid12m.ndjson.gz#repDiaHid12m:2022-09-20
2022-05-05,amaluza,caudal_m3s,134,ords:repDiaHid12m,,2026-09-22T01:12:42Z,celec_ords/2022/09/repDiaHid12m.ndjson.gz#repDiaHid12m:2022-09-20
2022-05-05,amaluza,cota_masl,1986.11,ords:repDiaHid12m,,2026-09-22T01:12:42Z,celec_ords/2022/09/repDiaHid12m.ndjson.gz#repDiaHid12m:2022-09-20
2022-05-05,delsitanisagua,caudal_m3s,76,ords:repDiaHid12m,,2026-09-22T01:12:42Z,celec_ords/2022/09/repDiaHid12m.ndjson.gz#repDiaHid12m:2022-09-20
2022-05-05,delsitanisagua,cota_masl,1490.88,ords:repDiaHid12m,,2026-09-22T01:12:42Z,celec_ords/2022/09/repDiaHid12m.ndjson.gz#repDiaHid12m:2022-09-20
2022-05-05,mazar,caudal_m3s,151,ords:repDiaHid12m,,2026-09-22T01:12:42Z,celec_ords/2022/09/repDiaHid12m.ndjson.gz#repDiaHid12m:2022-09-20
2022-05-05,mazar,cota_masl,2148.62,ords:repDiaHid12m,,2026-09-22T01:12:42Z,celec_ords/2022/09/repDiaHid12m.ndjson.gz#repDiaHid12m:2022-09-20
2022-05-05,minas_san_francisco,caudal_m3s,168,ords:repDiaHid12m,,2026-09-22T01:12:42Z,celec_ords/2022/09/repDiaHid12m.ndjson.gz#repDiaHid12m:2022-09-20
2022-05-05,minas_san_francisco,cota_masl,792.33,ords:repDiaHid12m,,2026-09-22T01:12:42Z,celec_ords/2022/09/repDiaHid12m.ndjson.gz#repDiaHid12m:2022-09-20
2022-05-06,amaluza,caudal_m3s,88,ords:repDiaHid12m,,2026-09-22T01:12:42Z,celec_ords/2022/09/repDiaHid12m.ndjson.gz#repDiaHid12m:2022-09-20
2022-05-06,amaluza,cota_masl,1985.92,ords:repDiaHid12m,,2026-09-22T01:12:42Z,celec_ords/2022/09/repDiaHid12m.ndjson.gz#repDiaHid12m:2022-09-20
2022-05-06,delsitanisagua,caudal_m3s,46,ords:repDiaHid12m,,2026-09-22T01:12:42Z,celec_ords/2022/09/repDiaHid12m.ndjson.gz#repDiaHid12m:2022-09-20
2022-05-06,delsitanisagua,cota_masl,1490.79,ords:repDiaHid12m,,2026-09-22T01:12:42Z,celec_ords/2022/09/repDiaHid12m.ndjson.gz#repDiaHid12m:2022-09-20
2022-05-06,mazar,caudal_m3s,88,ords:repDiaHid12m,,2026-09-22T01:12:42Z,celec_ords/2022/09/repDiaHid12m.ndjson.gz#repDiaHid12m:2022-09-20
2022-05-06,mazar,cota_masl,2149.13,ords:repDiaHid12m,,2026-09-22T01:12:42Z,celec_ords/2022/09/repDiaHid12m.ndjson.gz#repDiaHid12m:2022-09-20
2022-05-06,minas_san_francisco,caudal_m3s,72,ords:repDiaHid12m,,2026-09-22T01:12:42Z,celec_ords/2022/09/repDiaHid12m.ndjson.gz#repDiaHid12m:2022-09-20
2022-05-06,minas_san_francisco,cota_masl,792.46,ords:repDiaHid12m,,2026-09-22T01:12:42Z,celec_ords/2022/09/repDiaHid12m.ndjson.gz#repDiaHid12m:2022-09-20
2022-05-07,amaluza,caudal_m3s,116,ords:repDiaHid12m,,2026-09-22T01:12:42Z,celec_ords/2022/09/repDiaHid12m.ndjson.gz#repDiaHid12m:2022-09-20
2022-05-07,amaluza,cota_masl,1984.94,ords:repDiaHid12m,,2026-09-22T01:12:42Z,celec_ords/2022/09/repDiaHid12m.ndjson.gz#repDiaHid12m:2022-09-20
2022-05-07,delsitanisagua,caudal_m3s,49,ords:repDiaHid12m,,2026-09-22T01:12:42Z,celec_ords/2022/09/repDiaHid12m.ndjson.gz#repDiaHid12m:2022-09-20
2022-05-07,delsitanisagua,cota_masl,1490.95,ords:repDiaHid12m,,2026-09-22T01:12:42Z,celec_ords/2022/09/repDiaHid12m.ndjson.gz#repDiaHid12m:2022-09-20
2022-05-07,mazar,caudal_m3s,55,ords:repDiaHid12m,,2026-09-22T01:12:42Z,celec_ords/2022/09/repDiaHid12m.ndjson.gz#repDiaHid12m:2022-09-20
2022-05-07,mazar,cota_masl,2149.88,ords:repDiaHid12m,,2026-09-22T01:12:42Z,celec_ords/2022/09/repDiaHid12m.ndjson.gz#repDiaHid12m:2022-09-20
2022-05-07,minas_san_francisco,caudal_m3s,56,ords:repDiaHid12m,,2026-09-22T01:12:42Z,celec_ords/2022/09/repDiaHid12m.ndjson.gz#repDiaHid12m:2022-09-20
2022-05-07,minas_san_francisco,cota_masl,792.18,ords:repDiaHid12m,,2026-09-22T01:12:42Z,celec_ords/2022/09/repDiaHid12m.ndjson.gz#repDiaHid12m:2022-09-20
2022-05-08,amaluza,caudal_m3s,170,ords:repDiaHid12m,,2026-09-22T01:12:42Z,celec_ords/2022/09/repDiaHid12m.ndjson.gz#repDiaHid12m:2022-09-20
2022-05-08,amaluza,cota_masl,1984.84,ords:repDiaHid12m,,2026-09-22T01:12:42Z,celec_ords/2022/09/repDiaHid12m.ndjson.gz#repDiaHid12m:2022-09-20
2022-05-08,delsitanisagua,caudal_m3s,50,ords:repDiaHid12m,,2026-09-22T01:12:42Z,celec_ords/2022/09/repDiaHid12m.ndjson.gz#repDiaHid12m:2022-09-20
2022-05-08,delsitanisagua,cota_masl,1490.97,ords:repDiaHid12m,,2026-09-22T01:12:42Z,celec_ords/2022/09/repDiaHid12m.ndjson.gz#repDiaHid12m:2022-09-20
2022-05-08,mazar,caudal_m3s,79,ords:repDiaHid12m,,2026-09-22T01:12:42Z,celec_ords/2022/09/repDiaHid12m.ndjson.gz#repDiaHid12m:2022-09-20
2022-05-08,mazar,cota_masl,2150.51,ords:repDiaHid12m,,2026-09-22T01:12:42Z,celec_ords/2022/09/repDiaHid12m.ndjson.gz#repDiaHid12m:2022-09-20
2022-05-08,minas_san_francisco,caudal_m3s,59,ords:repDiaHid12m,,2026-09-22T01:12:42Z,celec_ords/2022/09/repDiaHid12m.ndjson.gz#repDiaHid12m:2022-09-20
2022-05-08,minas_san_francisco,cota_masl,792.57,ords:repDiaHid12m,,2026-09-22T01:12:42Z,celec_ords/2022/09/repDiaHid12m.ndjson.gz#repDiaHid12m:2022-09-20
2022-05-09,amaluza,caudal_m3s,185,ords:repDiaHid12m,,2026-09-22T01:12:42Z,celec_ords/2022/09/repDiaHid12m.ndjson.gz#repDiaHid12m:2022-09-20
2022-05-09,amaluza,cota_masl,1985.3,ords:repDiaHid12m,,2026-09-22T01:12:42Z,celec_ords/2022/09/repDiaHid12m.ndjson.gz#repDiaHid12m:2022-09-20
2022-05-09,delsitanisagua,caudal_m3s,45,ords:repDiaHid12m,,2026-09-22T01:12:42Z,celec_ords/2022/09/repDiaHid12m.ndjson.gz#repDiaHid12m:2022-09-20
2022-05-09,delsitanisagua,cota_masl,1490.96,ords:repDiaHid12m,,2026-09-22T01:12:42Z,celec_ords/2022/09/repDiaHid12m.ndjson.gz#repDiaHid12m:2022-09-20
2022-05-09,mazar,caudal_m3s,58,ords:repDiaHid12m,,2026-09-22T01:12:42Z,celec_ords/2022/09/repDiaHid12m.ndjson.gz#repDiaHid12m:2022-09-20
2022-05-09,mazar,cota_masl,2150.5,ords:repDiaHid12m,,2026-09-22T01:12:42Z,celec_ords/2022/09/repDiaHid12m.ndjson.gz#repDiaHid12m:2022-09-20
2022-05-09,minas_san_francisco,caudal_m3s,49,ords:repDiaHid12m,,2026-09-22T01:12:42Z,celec_ords/2022/09/repDiaHid12m.ndjson.gz#repDiaHid12m:2022-09-20
2022-05-09,minas_san_francisco,cota_masl,791.72,ords:repDiaHid12m,,2026-09-22T01:12:42Z,celec_ords/2022/09/repDiaHid12m.ndjson.gz#repDiaHid12m:2022-09-20
2022-05-10,amaluza,caudal_m3s,194,ords:repDiaHid12m,,2026-09-22T01:12:42Z,celec_ords/2022/09/repDiaHid12m.ndjson.gz#repDiaHid12m:2022-09-20
2022-05-10,amaluza,cota_masl,1985.84,ords:repDiaHid12m,,2026-09-22T01:12:42Z,celec_ords/2022/09/repDiaHid12m.ndjson.gz#repDiaHid12m:2022-09-20
2022-05-10,delsitanisagua,caudal_m3s,65,ords:repDiaHid12m,,2026-09-22T01:12:42Z,celec_ords/2022/09/repDiaHid12m.ndjson.gz#repDiaHid12m:2022-09-20
2022-05-10,delsitanisagua,cota_masl,1490.82,ords:repDiaHid12m,,2026-09-22T01:12:42Z,celec_ords/2022/09/repDiaHid12m.ndjson.gz#repDiaHid12m:2022-09-20
2022-05-10,mazar,caudal_m3s,174,ords:repDiaHid12m,,2026-09-22T01:12:42Z,celec_ords/2022/09/repDiaHid12m.ndjson.gz#repDiaHid12m:2022-09-20
2022-05-10,mazar,cota_masl,2150.77,ords:repDiaHid12m,,2026-09-22T01:12:42Z,celec_ords/2022/09/repDiaHid12m.ndjson.gz#repDiaHid12m:2022-09-20
2022-05-10,minas_san_francisco,caudal_m3s,117,ords:repDiaHid12m,,2026-09-22T01:12:42Z,celec_ords/2022/09/repDiaHid12m.ndjson.gz#repDiaHid12m:2022-09-20
2022-05-10,minas_san_francisco,cota_masl,792.43,ords:repDiaHid12m,,2026-09-22T01:12:42Z,celec_ords/2022/09/repDiaHid12m.ndjson.gz#repDiaHid12m:2022-09-20
2022-05-11,amaluza,caudal_m3s,185,ords:repDiaHid12m,,2026-09-22T01:12:42Z,celec_ords/2022/09/repDiaHid12m.ndjson.gz#repDiaHid12m:2022-09-20
2022-05-11,amaluza,cota_masl,1987,ords:repDiaHid12m,,2026-09-22T01:12:42Z,celec_ords/2022/09/repDiaHid12m.ndjson.gz#repDiaHid12m:2022-09-20
2022-05-11,delsitanisagua,caudal_m3s,46,ords:repDiaHid12m,,2026-09-22T01:12:42Z,celec_ords/2022/09/repDiaHid12m.ndjson.gz#repDiaHid12m:2022-09-20
2022-05-11,delsitanisagua,cota_masl,1490.89,ords:repDiaHid12m,,2026-09-22T01:12:42Z,celec_ords/2022/09/repDiaHid12m.ndjson.gz#repDiaHid12m:2022-09-20
2022-05-11,mazar,caudal_m3s,67,ords:repDiaHid12m,,2026-09-22T01:12:42Z,celec_ords/2022/09/repDiaHid12m.ndjson.gz#repDiaHid12m:2022-09-20
2022-05-11,mazar,cota_masl,2150.99,ords:repDiaHid12m,,2026-09-22T01:12:42Z,celec_ords/2022/09/repDiaHid12m.ndjson.gz#repDiaHid12m:2022-09-20
2022-05-11,minas_san_francisco,caudal_m3s,61,ords:repDiaHid12m,,2026-09-22T01:12:42Z,celec_ords/2022/09/repDiaHid12m.ndjson.gz#repDiaHid12m:2022-09-20
2022-05-11,minas_san_francisco,cota_masl,792.4,ords:repDiaHid12m,,2026-09-22T01:12:42Z,celec_ords/2022/09/repDiaHid12m.ndjson.gz#repDiaHid12m:2022-09-20
2022-05-12,amaluza,caudal_m3s,183,ords:repDiaHid12m,,2026-09-22T01:12:42Z,celec_ords/2022/09/repDiaHid12m.ndjson.gz#repDiaHid12m:2022-09-20
2022-05-12,amaluza,cota_masl,1987.26,ords:repDiaHid12m,,2026-09-22T01:12:42Z,celec_ords/2022/09/repDiaHid12m.ndjson.gz#repDiaHid12m:2022-09-20
2022-05-12,delsitanisagua,caudal_m3s,63,ords:repDiaHid12m,,2026-09-22T01:12:42Z,celec_ords/2022/09/repDiaHid12m.ndjson.gz#repDiaHid12m:2022-09-20
2022-05-12,delsitanisagua,cota_masl,1490.96,ords:repDiaHid12m,,2026-09-22T01:12:42Z,celec_ords/2022/09/repDiaHid12m.ndjson.gz#repDiaHid12m:2022-09-20
2022-05-12,mazar,caudal_m3s,135,ords:repDiaHid12m,,2026-09-22T01:12:42Z,celec_ords/2022/09/repDiaHid12m.ndjson.gz#repDiaHid12m:2022-09-20
2022-05-12,mazar,cota_masl,2151.32,ords:repDiaHid12m,,2026-09-22T01:12:42Z,celec_ords/2022/09/repDiaHid12m.ndjson.gz#repDiaHid12m:2022-09-20
2022-05-12,minas_san_francisco,caudal_m3s,78,ords:repDiaHid12m,,2026-09-22T01:12:42Z,celec_ords/2022/09/repDiaHid12m.ndjson.gz#repDiaHid12m:2022-09-20
2022-05-12,minas_san_francisco,cota_masl,792.57,ords:repDiaHid12m,,2026-09-22T01:12:42Z,celec_ords/2022/09/repDiaHid12m.ndjson.gz#repDiaHid12m:2022-09-20
2022-05-13,amaluza,caudal_m3s,134,ords:repDiaHid12m,,2026-09-22T01:12:42Z,celec_ords/2022/09/repDiaHid12m.ndjson.gz#repDiaHid12m:2022-09-20
2022-05-13,amaluza,cota_masl,1986.73,ords:repDiaHid12m,,2026-09-22T01:12:42Z,celec_ords/2022/09/repDiaHid12m.ndjson.gz#repDiaHid12m:2022-09-20
2022-05-13,delsitanisagua,caudal_m3s,58,ords:repDiaHid12m,,2026-09-22T01:12:42Z,celec_ords/2022/09/repDiaHid12m.ndjson.gz#repDiaHid12m:2022-09-20
2022-05-13,delsitanisagua,cota_masl,1490.84,ords:repDiaHid12m,,2026-09-22T01:12:42Z,celec_ords/2022/09/repDiaHid12m.ndjson.gz#repDiaHid12m:2022-09-20
2022-05-13,mazar,caudal_m3s,92,ords:repDiaHid12m,,2026-09-22T01:12:42Z,celec_ords/2022/09/repDiaHid12m.ndjson.gz#repDiaHid12m:2022-09-20
2022-05-13,mazar,cota_masl,2152.18,ords:repDiaHid12m,,2026-09-22T01:12:42Z,celec_ords/2022/09/repDiaHid12m.ndjson.gz#repDiaHid12m:2022-09-20
2022-05-13,minas_san_francisco,caudal_m3s,88,ords:repDiaHid12m,,2026-09-22T01:12:42Z,celec_ords/2022/09/repDiaHid12m.ndjson.gz#repDiaHid12m:2022-09-20
2022-05-13,minas_san_francisco,cota_masl,791.65,ords:repDiaHid12m,,2026-09-22T01:12:42Z,celec_ords/2022/09/repDiaHid12m.ndjson.gz#repDiaHid12m:2022-09-20
2022-05-14,amaluza,caudal_m3s,222,ords:repDiaHid12m,,2026-09-22T01:12:42Z,celec_ords/2022/09/repDiaHid12m.ndjson.gz#repDiaHid12m:2022-09-20
2022-05-14,amaluza,cota_masl,1987.36,ords:repDiaHid12m,,2026-09-22T01:12:42Z,celec_ords/2022/09/repDiaHid12m.ndjson.gz#repDiaHid12m:2022-09-20
2022-05-14,delsitanisagua,caudal_m3s,71,ords:repDiaHid12m,,2026-09-22T01:12:42Z,celec_ords/2022/09/repDiaHid12m.ndjson.gz#repDiaHid12m:2022-09-20
2022-05-14,delsitanisagua,cota_masl,1490.9,ords:repDiaHid12m,,2026-09-22T01:12:42Z,celec_ords/2022/09/repDiaHid12m.ndjson.gz#repDiaHid12m:2022-09-20
2022-05-14,mazar,caudal_m3s,240,ords:repDiaHid12m,,2026-09-22T01:12:42Z,celec_ords/2022/09/repDiaHid12m.ndjson.gz#repDiaHid12m:2022-09-20
2022-05-14,mazar,cota_masl,2152.99,ords:repDiaHid12m,,2026-09-22T01:12:42Z,celec_ords/2022/09/repDiaHid12m.ndjson.gz#repDiaHid12m:2022-09-20
2022-05-14,minas_san_francisco,caudal_m3s,109,ords:repDiaHid12m,,2026-09-22T01:12:42Z,celec_ords/2022/09/repDiaHid12m.ndjson.gz#repDiaHid12m:2022-09-20
2022-05-14,minas_san_francisco,cota_masl,790.97,ords:repDiaHid12m,,2026-09-22T01:12:42Z,celec_ords/2022/09/repDiaHid12m.ndjson.gz#repDiaHid12m:2022-09-20
2022-05-15,amaluza,caudal_m3s,157,ords:repDiaHid12m,,2026-09-22T01:12:42Z,celec_ords/2022/09/repDiaHid12m.ndjson.gz#repDiaHid12m:2022-09-20
2022-05-15,amaluza,cota_masl,1988.63,ords:repDiaHid12m,,2026-09-22T01:12:42Z,celec_ords/2022/09/repDiaHid12m.ndjson.gz#repDiaHid12m:2022-09-20
2022-05-15,delsitanisagua,caudal_m3s,58,ords:repDiaHid12m,,2026-09-22T01:12:42Z,celec_ords/2022/09/repDiaHid12m.ndjson.gz#repDiaHid12m:2022-09-20
2022-05-15,delsitanisagua,cota_masl,1490.74,ords:repDiaHid12m,,2026-09-22T01:12:42Z,celec_ords/2022/09/repDiaHid12m.ndjson.gz#repDiaHid12m:2022-09-20
2022-05-15,mazar,caudal_m3s,126,ords:repDiaHid12m,,2026-09-22T01:12:42Z,celec_ords/2022/09/repDiaHid12m.ndjson.gz#repDiaHid12m:2022-09-20
2022-05-15,mazar,cota_masl,2153.68,ords:repDiaHid12m,,2026-09-22T01:12:42Z,celec_ords/2022/09/repDiaHid12m.ndjson.gz#repDiaHid12m:2022-09-20
2022-05-15,minas_san_francisco,caudal_m3s,65,ords:repDiaHid12m,,2026-09-22T01:12:42Z,celec_ords/2022/09/repDiaHid12m.ndjson.gz#repDiaHid12m:2022-09-20
2022-05-15,minas_san_francisco,cota_masl,792.65,ords:repDiaHid12m,,2026-09-22T01:12:42Z,celec_ords/2022/09/repDiaHid12m.ndjson.gz#repDiaHid12m:2022-09-20
2022-05-16,amaluza,caudal_m3s,196,ords:repDiaHid12m,,2026-09-22T01:12:42Z,celec_ords/2022/09/repDiaHid12m.ndjson.gz#repDiaHid12m:2022-09-20
2022-05-16,amaluza,cota_masl,1990.8,ords:repDiaHid12m,,2026-09-22T01:12:42Z,celec_ords/2022/09/repDiaHid12m.ndjson.gz#repDiaHid12m:2022-09-20
2022-05-16,delsitanisagua,caudal_m3s,74,ords:repDiaHid12m,,2026-09-22T01:12:42Z,celec_ords/2022/09/repDiaHid12m.ndjson.gz#repDiaHid12m:2022-09-20
2022-05-16,delsitanisagua,cota_masl,1490.83,ords:repDiaHid12m,,2026-09-22T01:12:42Z,celec_ords/2022/09/repDiaHid12m.ndjson.gz#repDiaHid12m:2022-09-20
2022-05-16,mazar,caudal_m3s,176,ords:repDiaHid12m,,2026-09-22T01:12:42Z,celec_ords/2022/09/repDiaHid12m.ndjson.gz#repDiaHid12m:2022-09-20
2022-05-16,mazar,cota_masl,2153.64,ords:repDiaHid12m,,2026-09-22T01:12:42Z,celec_ords/2022/09/repDiaHid12m.ndjson.gz#repDiaHid12m:2022-09-20
2022-05-16,minas_san_francisco,caudal_m3s,141,ords:repDiaHid12m,,2026-09-22T01:12:42Z,celec_ords/2022/09/repDiaHid12m.ndjson.gz#repDiaHid12m:2022-09-20
2022-05-16,minas_san_francisco,cota_masl,792.41,ords:repDiaHid12m,,2026-09-22T01:12:42Z,celec_ords/2022/09/repDiaHid12m.ndjson.gz#repDiaHid12m:2022-09-20
2022-05-17,amaluza,caudal_m3s,478,ords:repDiaHid12m,,2026-09-22T01:12:42Z,celec_ords/2022/09/repDiaHid12m.ndjson.gz#repDiaHid12m:2022-09-20
2022-05-17,amaluza,cota_masl,1990.9,ords:repDiaHid12m,,2026-09-22T01:12:42Z,celec_ords/2022/09/repDiaHid12m.ndjson.gz#repDiaHid12m:2022-09-20
2022-05-17,delsitanisagua,caudal_m3s,67,ords:repDiaHid12m,,2026-09-22T01:12:42Z,celec_ords/2022/09/repDiaHid12m.ndjson.gz#repDiaHid12m:2022-09-20
2022-05-17,delsitanisagua,cota_masl,1490.87,ords:repDiaHid12m,,2026-09-22T01:12:42Z,celec_ords/2022/09/repDiaHid12m.ndjson.gz#repDiaHid12m:2022-09-20
2022-05-17,mazar,caudal_m3s,520,ords:repDiaHid12m,,2026-09-22T01:12:42Z,celec_ords/2022/09/repDiaHid12m.ndjson.gz#repDiaHid12m:2022-09-20
2022-05-17,mazar,cota_masl,2154.15,ords:repDiaHid12m,,2026-09-22T01:12:42Z,celec_ords/2022/09/repDiaHid12m.ndjson.gz#repDiaHid12m:2022-09-20
2022-05-17,minas_san_francisco,caudal_m3s,88,ords:repDiaHid12m,,2026-09-22T01:12:42Z,celec_ords/2022/09/repDiaHid12m.ndjson.gz#repDiaHid12m:2022-09-20
2022-05-17,minas_san_francisco,cota_masl,792.45,ords:repDiaHid12m,,2026-09-22T01:12:42Z,celec_ords/2022/09/repDiaHid12m.ndjson.gz#repDiaHid12m:2022-09-20
2022-05-18,amaluza,caudal_m3s,423,ords:repDiaHid12m,,2026-09-22T01:12:42Z,celec_ords/2022/09/repDiaHid12m.ndjson.gz#repDiaHid12m:2022-09-20
2022-05-18,amaluza,cota_masl,1990.5,ords:repDiaHid12m,,2026-09-22T01:12:42Z,celec_ords/2022/09/repDiaHid12m.ndjson.gz#repDiaHid12m:2022-09-20
2022-05-18,delsitanisagua,caudal_m3s,52,ords:repDiaHid12m,,2026-09-22T01:12:42Z,celec_ords/2022/09/repDiaHid12m.ndjson.gz#repDiaHid12m:2022-09-20
2022-05-18,delsitanisagua,cota_masl,1490.87,ords:repDiaHid12m,,2026-09-22T01:12:42Z,celec_ords/2022/09/repDiaHid12m.ndjson.gz#repDiaHid12m:2022-09-20
2022-05-18,mazar,caudal_m3s,178,ords:repDiaHid12m,,2026-09-22T01:12:42Z,celec_ords/2022/09/repDiaHid12m.ndjson.gz#repDiaHid12m:2022-09-20
2022-05-18,mazar,cota_masl,2154,ords:repDiaHid12m,,2026-09-22T01:12:42Z,celec_ords/2022/09/repDiaHid12m.ndjson.gz#repDiaHid12m:2022-09-20
2022-05-18,minas_san_francisco,caudal_m3s,77,ords:repDiaHid12m,,2026-09-22T01:12:42Z,celec_ords/2022/09/repDiaHid12m.ndjson.gz#repDiaHid12m:2022-09-20
2022-05-18,minas_san_francisco,cota_masl,792.51,ords:repDiaHid12m,,2026-09-22T01:12:42Z,celec_ords/2022/09/repDiaHid12m.ndjson.gz#repDiaHid12m:2022-09-20
2022-05-19,amaluza,caudal_m3s,267,ords:repDiaHid12m,,2026-09-22T01:12:42Z,celec_ords/2022/09/repDiaHid12m.ndjson.gz#repDiaHid12m:2022-09-20
2022-05-19,amaluza,cota_masl,1990.68,ords:repDiaHid12m,,2026-09-22T01:12:42Z,celec_ords/2022/09/repDiaHid12m.ndjson.gz#repDiaHid12m:2022-09-20
2022-05-19,delsitanisagua,caudal_m3s,52,ords:repDiaHid12m,,2026-09-22T01:12:42Z,celec_ords/2022/09/repDiaHid12m.ndjson.gz#repDiaHid12m:2022-09-20
2022-05-19,delsitanisagua,cota_masl,1490.9,ords:repDiaHid12m,,2026-09-22T01:12:42Z,celec_ords/2022/09/repDiaHid12m.ndjson.gz#repDiaHid12m:2022-09-20
2022-05-19,mazar,caudal_m3s,151,ords:repDiaHid12m,,2026-09-22T01:12:42Z,celec_ords/2022/09/repDiaHid12m.ndjson.gz#repDiaHid12m:2022-09-20
2022-05-19,mazar,cota_masl,2153.63,ords:repDiaHid12m,,2026-09-22T01:12:42Z,celec_ords/2022/09/repDiaHid12m.ndjson.gz#repDiaHid12m:2022-09-20
2022-05-19,minas_san_francisco,caudal_m3s,86,ords:repDiaHid12m,,2026-09-22T01:12:42Z,celec_ords/2022/09/repDiaHid12m.ndjson.gz#repDiaHid12m:2022-09-20
2022-05-19,minas_san_francisco,cota_masl,792.39,ords:repDiaHid12m,,2026-09-22T01:12:42Z,celec_ords/2022/09/repDiaHid12m.ndjson.gz#repDiaHid12m:2022-09-20
2022-05-20,amaluza,caudal_m3s,214,ords:repDiaHid12m,,2026-09-22T01:12:42Z,celec_ords/2022/09/repDiaHid12m.ndjson.gz#repDiaHid12m:2022-09-20
2022-05-20,amaluza,cota_masl,1990.6,ords:repDiaHid12m,,2026-09-22T01:12:42Z,celec_ords/2022/09/repDiaHid12m.ndjson.gz#repDiaHid12m:2022-09-20
2022-05-20,delsitanisagua,caudal_m3s,48,ords:repDiaHid12m,,2026-09-22T01:12:42Z,celec_ords/2022/09/repDiaHid12m.ndjson.gz#repDiaHid12m:2022-09-20
2022-05-20,delsitanisagua,cota_masl,1490.87,ords:repDiaHid12m,,2026-09-22T01:12:42Z,celec_ords/2022/09/repDiaHid12m.ndjson.gz#repDiaHid12m:2022-09-20
2022-05-20,mazar,caudal_m3s,104,ords:repDiaHid12m,,2026-09-22T01:12:42Z,celec_ords/2022/09/repDiaHid12m.ndjson.gz#repDiaHid12m:2022-09-20
2022-05-20,mazar,cota_masl,2153.28,ords:repDiaHid12m,,2026-09-22T01:12:42Z,celec_ords/2022/09/repDiaHid12m.ndjson.gz#repDiaHid12m:2022-09-20
2022-05-20,minas_san_francisco,caudal_m3s,68,ords:repDiaHid12m,,2026-09-22T01:12:42Z,celec_ords/2022/09/repDiaHid12m.ndjson.gz#repDiaHid12m:2022-09-20
2022-05-20,minas_san_francisco,cota_masl,792.42,ords:repDiaHid12m,,2026-09-22T01:12:42Z,celec_ords/2022/09/repDiaHid12m.ndjson.gz#repDiaHid12m:2022-09-20
2022-05-21,amaluza,caudal_m3s,89,ords:repDiaHid12m,,2026-09-22T01:12:42Z,celec_ords/2022/09/repDiaHid12m.ndjson.gz#repDiaHid12m:2022-09-20
2022-05-21,amaluza,cota_masl,1990.62,ords:repDiaHid12m,,2026-09-22T01:12:42Z,celec_ords/2022/09/repDiaHid12m.ndjson.gz#repDiaHid12m:2022-09-20
2022-05-21,delsitanisagua,caudal_m3s,45,ords:repDiaHid12m,,2026-09-22T01:12:42Z,celec_ords/2022/09/repDiaHid12m.ndjson.gz#repDiaHid12m:2022-09-20
2022-05-21,delsitanisagua,cota_masl,1490.93,ords:repDiaHid12m,,2026-09-22T01:12:42Z,celec_ords/2022/09/repDiaHid12m.ndjson.gz#repDiaHid12m:2022-09-20
2022-05-21,mazar,caudal_m3s,88,ords:repDiaHid12m,,2026-09-22T01:12:42Z,celec_ords/2022/09/repDiaHid12m.ndjson.gz#repDiaHid12m:2022-09-20
2022-05-21,mazar,cota_masl,2153.33,ords:repDiaHid12m,,2026-09-22T01:12:42Z,celec_ords/2022/09/repDiaHid12m.ndjson.gz#repDiaHid12m:2022-09-20
2022-05-21,minas_san_francisco,caudal_m3s,46,ords:repDiaHid12m,,2026-09-22T01:12:42Z,celec_ords/2022/09/repDiaHid12m.ndjson.gz#repDiaHid12m:2022-09-20
2022-05-21,minas_san_francisco,cota_masl,790.63,ords:repDiaHid12m,,2026-09-22T01:12:42Z,celec_ords/2022/09/repDiaHid12m.ndjson.gz#repDiaHid12m:2022-09-20
2022-05-22,amaluza,caudal_m3s,104,ords:repDiaHid12m,,2026-09-22T01:12:42Z,celec_ords/2022/09/repDiaHid12m.ndjson.gz#repDiaHid12m:2022-09-20
2022-05-22,amaluza,cota_masl,1989.77,ords:repDiaHid12m,,2026-09-22T01:12:42Z,celec_ords/2022/09/repDiaHid12m.ndjson.gz#repDiaHid12m:2022-09-20
2022-05-22,delsitanisagua,caudal_m3s,48,ords:repDiaHid12m,,2026-09-22T01:12:42Z,celec_ords/2022/09/repDiaHid12m.ndjson.gz#repDiaHid12m:2022-09-20
2022-05-22,delsitanisagua,cota_masl,1490.79,ords:repDiaHid12m,,2026-09-22T01:12:42Z,celec_ords/2022/09/repDiaHid12m.ndjson.gz#repDiaHid12m:2022-09-20
2022-05-22,mazar,caudal_m3s,71,ords:repDiaHid12m,,2026-09-22T01:12:42Z,celec_ords/2022/09/repDiaHid12m.ndjson.gz#repDiaHid12m:2022-09-20
2022-05-22,mazar,cota_masl,2153.44,ords:repDiaHid12m,,2026-09-22T01:12:42Z,celec_ords/2022/09/repDiaHid12m.ndjson.gz#repDiaHid12m:2022-09-20
2022-05-22,minas_san_francisco,caudal_m3s,44,ords:repDiaHid12m,,2026-09-22T01:12:42Z,celec_ords/2022/09/repDiaHid12m.ndjson.gz#repDiaHid12m:2022-09-20
2022-05-22,minas_san_francisco,cota_masl,790.84,ords:repDiaHid12m,,2026-09-22T01:12:42Z,celec_ords/2022/09/repDiaHid12m.ndjson.gz#repDiaHid12m:2022-09-20
2022-05-23,amaluza,caudal_m3s,163,ords:repDiaHid12m,,2026-09-22T01:12:42Z,celec_ords/2022/09/repDiaHid12m.ndjson.gz#repDiaHid12m:2022-09-20
2022-05-23,amaluza,cota_masl,1989.35,ords:repDiaHid12m,,2026-09-22T01:12:42Z,celec_ords/2022/09/repDiaHid12m.ndjson.gz#repDiaHid12m:2022-09-20
2022-05-23,delsitanisagua,caudal_m3s,43,ords:repDiaHid12m,,2026-09-22T01:12:42Z,celec_ords/2022/09/repDiaHid12m.ndjson.gz#repDiaHid12m:2022-09-20
2022-05-23,delsitanisagua,cota_masl,1490.86,ords:repDiaHid12m,,2026-09-22T01:12:42Z,celec_ords/2022/09/repDiaHid12m.ndjson.gz#repDiaHid12m:2022-09-20
2022-05-23,mazar,caudal_m3s,95,ords:repDiaHid12m,,2026-09-22T01:12:42Z,celec_ords/2022/09/repDiaHid12m.ndjson.gz#repDiaHid12m:2022-09-20
2022-05-23,mazar,cota_masl,2153.45,ords:repDiaHid12m,,2026-09-22T01:12:42Z,celec_ords/2022/09/repDiaHid12m.ndjson.gz#repDiaHid12m:2022-09-20
2022-05-23,minas_san_francisco,caudal_m3s,42,ords:repDiaHid12m,,2026-09-22T01:12:42Z,celec_ords/2022/09/repDiaHid12m.ndjson.gz#repDiaHid12m:2022-09-20
2022-05-23,minas_san_francisco,cota_masl,791.78,ords:repDiaHid12m,,2026-09-22T01:12:42Z,celec_ords/2022/09/repDiaHid12m.ndjson.gz#repDiaHid12m:2022-09-20
2022-05-24,amaluza,caudal_m3s,128,ords:repDiaHid12m,,2026-09-22T01:12:42Z,celec_ords/2022/09/repDiaHid12m.ndjson.gz#repDiaHid12m:2022-09-20
2022-05-24,amaluza,cota_masl,1989,ords:repDiaHid12m,,2026-09-22T01:12:42Z,celec_ords/2022/09/repDiaHid12m.ndjson.gz#repDiaHid12m:2022-09-20
2022-05-24,delsitanisagua,caudal_m3s,56,ords:repDiaHid12m,,2026-09-22T01:12:42Z,celec_ords/2022/09/repDiaHid12m.ndjson.gz#repDiaHid12m:2022-09-20
2022-05-24,delsitanisagua,cota_masl,1490.84,ords:repDiaHid12m,,2026-09-22T01:12:42Z,celec_ords/2022/09/repDiaHid12m.ndjson.gz#repDiaHid12m:2022-09-20
2022-05-24,mazar,caudal_m3s,80,ords:repDiaHid12m,,2026-09-22T01:12:42Z,celec_ords/2022/09/repDiaHid12m.ndjson.gz#repDiaHid12m:2022-09-20
2022-05-24,mazar,cota_masl,2153.55,ords:repDiaHid12m,,2026-09-22T01:12:42Z,celec_ords/2022/09/repDiaHid12m.ndjson.gz#repDiaHid12m:2022-09-20
2022-05-24,minas_san_francisco,caudal_m3s,40,ords:repDiaHid12m,,2026-09-22T01:12:42Z,celec_ords/2022/09/repDiaHid12m.ndjson.gz#repDiaHid12m:2022-09-20
2022-05-24,minas_san_francisco,cota_masl,790.49,ords:repDiaHid12m,,2026-09-22T01:12:42Z,celec_ords/2022/09/repDiaHid12m.ndjson.gz#repDiaHid12m:2022-09-20
2022-05-25,amaluza,caudal_m3s,137,ords:repDiaHid12m,,2026-09-22T01:12:42Z,celec_ords/2022/09/repDiaHid12m.ndjson.gz#repDiaHid12m:2022-09-20
2022-05-25,amaluza,cota_masl,1989.43,ords:repDiaHid12m,,2026-09-22T01:12:42Z,celec_ords/2022/09/repDiaHid12m.ndjson.gz#repDiaHid12m:2022-09-20
2022-05-25,delsitanisagua,caudal_m3s,63,ords:repDiaHid12m,,2026-09-22T01:12:42Z,celec_ords/2022/09/repDiaHid12m.ndjson.gz#repDiaHid12m:2022-09-20
2022-05-25,delsitanisagua,cota_masl,1490.87,ords:repDiaHid12m,,2026-09-22T01:12:42Z,celec_ords/2022/09/repDiaHid12m.ndjson.gz#repDiaHid12m:2022-09-20
2022-05-25,mazar,caudal_m3s,122,ords:repDiaHid12m,,2026-09-22T01:12:42Z,celec_ords/2022/09/repDiaHid12m.ndjson.gz#repDiaHid12m:2022-09-20
2022-05-25,mazar,cota_masl,2153.64,ords:repDiaHid12m,,2026-09-22T01:12:42Z,celec_ords/2022/09/repDiaHid12m.ndjson.gz#repDiaHid12m:2022-09-20
2022-05-25,minas_san_francisco,caudal_m3s,45,ords:repDiaHid12m,,2026-09-22T01:12:42Z,celec_ords/2022/09/repDiaHid12m.ndjson.gz#repDiaHid12m:2022-09-20
2022-05-25,minas_san_francisco,cota_masl,791.66,ords:repDiaHid12m,,2026-09-22T01:12:42Z,celec_ords/2022/09/repDiaHid12m.ndjson.gz#repDiaHid12m:2022-09-20
2022-05-26,amaluza,caudal_m3s,145,ords:repDiaHid12m,,2026-09-22T01:12:42Z,celec_ords/2022/09/repDiaHid12m.ndjson.gz#repDiaHid12m:2022-09-20
2022-05-26,amaluza,cota_masl,1990.15,ords:repDiaHid12m,,2026-09-22T01:12:42Z,celec_ords/2022/09/repDiaHid12m.ndjson.gz#repDiaHid12m:2022-09-20
2022-05-26,delsitanisagua,caudal_m3s,90,ords:repDiaHid12m,,2026-09-22T01:12:42Z,celec_ords/2022/09/repDiaHid12m.ndjson.gz#repDiaHid12m:2022-09-20
2022-05-26,delsitanisagua,cota_masl,1490.96,ords:repDiaHid12m,,2026-09-22T01:12:42Z,celec_ords/2022/09/repDiaHid12m.ndjson.gz#repDiaHid12m:2022-09-20
2022-05-26,mazar,caudal_m3s,134,ords:repDiaHid12m,,2026-09-22T01:12:42Z,celec_ords/2022/09/repDiaHid12m.ndjson.gz#repDiaHid12m:2022-09-20
2022-05-26,mazar,cota_masl,2153.75,ords:repDiaHid12m,,2026-09-22T01:12:42Z,celec_ords/2022/09/repDiaHid12m.ndjson.gz#repDiaHid12m:2022-09-20
2022-05-26,minas_san_francisco,caudal_m3s,60,ords:repDiaHid12m,,2026-09-22T01:12:42Z,celec_ords/2022/09/repDiaHid12m.ndjson.gz#repDiaHid12m:2022-09-20
2022-05-26,minas_san_francisco,cota_masl,791.74,ords:repDiaHid12m,,2026-09-22T01:12:42Z,celec_ords/2022/09/repDiaHid12m.ndjson.gz#repDiaHid12m:2022-09-20
2022-05-27,amaluza,caudal_m3s,218,ords:repDiaHid12m,,2026-09-22T01:12:42Z,celec_ords/2022/09/repDiaHid12m.ndjson.gz#repDiaHid12m:2022-09-20
2022-05-27,amaluza,cota_masl,1991.04,ords:repDiaHid12m,,2026-09-22T01:12:42Z,celec_ords/2022/09/repDiaHid12m.ndjson.gz#repDiaHid12m:2022-09-20
2022-05-27,delsitanisagua,caudal_m3s,84,ords:repDiaHid12m,,2026-09-22T01:12:42Z,celec_ords/2022/09/repDiaHid12m.ndjson.gz#repDiaHid12m:2022-09-20
2022-05-27,delsitanisagua,cota_masl,1490.87,ords:repDiaHid12m,,2026-09-22T01:12:42Z,celec_ords/2022/09/repDiaHid12m.ndjson.gz#repDiaHid12m:2022-09-20
2022-05-27,mazar,caudal_m3s,94,ords:repDiaHid12m,,2026-09-22T01:12:42Z,celec_ords/2022/09/repDiaHid12m.ndjson.gz#repDiaHid12m:2022-09-20
2022-05-27,mazar,cota_masl,2153.57,ords:repDiaHid12m,,2026-09-22T01:12:42Z,celec_ords/2022/09/repDiaHid12m.ndjson.gz#repDiaHid12m:2022-09-20
2022-05-27,minas_san_francisco,caudal_m3s,50,ords:repDiaHid12m,,2026-09-22T01:12:42Z,celec_ords/2022/09/repDiaHid12m.ndjson.gz#repDiaHid12m:2022-09-20
2022-05-27,minas_san_francisco,cota_masl,791.28,ords:repDiaHid12m,,2026-09-22T01:12:42Z,celec_ords/2022/09/repDiaHid12m.ndjson.gz#repDiaHid12m:2022-09-20
2022-05-28,amaluza,caudal_m3s,101,ords:repDiaHid12m,,2026-09-22T01:12:42Z,celec_ords/2022/09/repDiaHid12m.ndjson.gz#repDiaHid12m:2022-09-20
2022-05-28,amaluza,cota_masl,1990.8,ords:repDiaHid12m,,2026-09-22T01:12:42Z,celec_ords/2022/09/repDiaHid12m.ndjson.gz#repDiaHid12m:2022-09-20
2022-05-28,delsitanisagua,caudal_m3s,58,ords:repDiaHid12m,,2026-09-22T01:12:42Z,celec_ords/2022/09/repDiaHid12m.ndjson.gz#repDiaHid12m:2022-09-20
2022-05-28,delsitanisagua,cota_masl,1490.85,ords:repDiaHid12m,,2026-09-22T01:12:42Z,celec_ords/2022/09/repDiaHid12m.ndjson.gz#repDiaHid12m:2022-09-20
2022-05-28,mazar,caudal_m3s,90,ords:repDiaHid12m,,2026-09-22T01:12:42Z,celec_ords/2022/09/repDiaHid12m.ndjson.gz#repDiaHid12m:2022-09-20
2022-05-28,mazar,cota_masl,2153.62,ords:repDiaHid12m,,2026-09-22T01:12:42Z,celec_ords/2022/09/repDiaHid12m.ndjson.gz#repDiaHid12m:2022-09-20
2022-05-28,minas_san_francisco,caudal_m3s,42,ords:repDiaHid12m,,2026-09-22T01:12:42Z,celec_ords/2022/09/repDiaHid12m.ndjson.gz#repDiaHid12m:2022-09-20
2022-05-28,minas_san_francisco,cota_masl,791.53,ords:repDiaHid12m,,2026-09-22T01:12:42Z,celec_ords/2022/09/repDiaHid12m.ndjson.gz#repDiaHid12m:2022-09-20
2022-05-29,amaluza,caudal_m3s,110,ords:repDiaHid12m,,2026-09-22T01:12:42Z,celec_ords/2022/09/repDiaHid12m.ndjson.gz#repDiaHid12m:2022-09-20
2022-05-29,amaluza,cota_masl,1990.72,ords:repDiaHid12m,,2026-09-22T01:12:42Z,celec_ords/2022/09/repDiaHid12m.ndjson.gz#repDiaHid12m:2022-09-20
2022-05-29,delsitanisagua,caudal_m3s,48,ords:repDiaHid12m,,2026-09-22T01:12:42Z,celec_ords/2022/09/repDiaHid12m.ndjson.gz#repDiaHid12m:2022-09-20
2022-05-29,delsitanisagua,cota_masl,1490.83,ords:repDiaHid12m,,2026-09-22T01:12:42Z,celec_ords/2022/09/repDiaHid12m.ndjson.gz#repDiaHid12m:2022-09-20
2022-05-29,mazar,caudal_m3s,69,ords:repDiaHid12m,,2026-09-22T01:12:42Z,celec_ords/2022/09/repDiaHid12m.ndjson.gz#repDiaHid12m:2022-09-20
2022-05-29,mazar,cota_masl,2153.56,ords:repDiaHid12m,,2026-09-22T01:12:42Z,celec_ords/2022/09/repDiaHid12m.ndjson.gz#repDiaHid12m:2022-09-20
2022-05-29,minas_san_francisco,caudal_m3s,38,ords:repDiaHid12m,,2026-09-22T01:12:42Z,celec_ords/2022/09/repDiaHid12m.ndjson.gz#repDiaHid12m:2022-09-20
2022-05-29,minas_san_francisco,cota_masl,791.05,ords:repDiaHid12m,,2026-09-22T01:12:42Z,celec_ords/2022/09/repDiaHid12m.ndjson.gz#repDiaHid12m:2022-09-20
2022-05-30,amaluza,caudal_m3s,82,ords:repDiaHid12m,,2026-09-22T01:12:42Z,celec_ords/2022/09/repDiaHid12m.ndjson.gz#repDiaHid12m:2022-09-20
2022-05-30,amaluza,cota_masl,1990.63,ords:repDiaHid12m,,2026-09-22T01:12:42Z,celec_ords/2022/09/repDiaHid12m.ndjson.gz#repDiaHid12m:2022-09-20
2022-05-30,delsitanisagua,caudal_m3s,45,ords:repDiaHid12m,,2026-09-22T01:12:42Z,celec_ords/2022/09/repDiaHid12m.ndjson.gz#repDiaHid12m:2022-09-20
2022-05-30,delsitanisagua,cota_masl,1490.95,ords:repDiaHid12m,,2026-09-22T01:12:42Z,celec_ords/2022/09/repDiaHid12m.ndjson.gz#repDiaHid12m:2022-09-20
2022-05-30,mazar,caudal_m3s,79,ords:repDiaHid12m,,2026-09-22T01:12:42Z,celec_ords/2022/09/repDiaHid12m.ndjson.gz#repDiaHid12m:2022-09-20
2022-05-30,mazar,cota_masl,2153.37,ords:repDiaHid12m,,2026-09-22T01:12:42Z,celec_ords/2022/09/repDiaHid12m.ndjson.gz#repDiaHid12m:2022-09-20
2022-05-30,minas_san_francisco,caudal_m3s,36,ords:repDiaHid12m,,2026-09-22T01:12:42Z,celec_ords/2022/09/repDiaHid12m.ndjson.gz#repDiaHid12m:2022-09-20
2022-05-30,minas_san_francisco,cota_masl,791.77,ords:repDiaHid12m,,2026-09-22T01:12:42Z,celec_ords/2022/09/repDiaHid12m.ndjson.gz#repDiaHid12m:2022-09-20
2022-05-31,amaluza,caudal_m3s,110,ords:repDiaHid12m,,2026-09-22T01:12:42Z,celec_ords/2022/09/repDiaHid12m.ndjson.gz#repDiaHid12m:2022-09-20
2022-05-31,amaluza,cota_masl,1989.71,ords:repDiaHid12m,,2026-09-22T01:12:42Z,celec_ords/2022/09/repDiaHid12m.ndjson.gz#repDiaHid12m:2022-09-20
2022-05-31,delsitanisagua,caudal_m3s,45,ords:repDiaHid12m,,2026-09-22T01:12:42Z,celec_ords/2022/09/repDiaHid12m.ndjson.gz#repDiaHid12m:2022-09-20
2022-05-31,delsitanisagua,cota_masl,1490.84,ords:repDiaHid12m,,2026-09-22T01:12:42Z,celec_ords/2022/09/repDiaHid12m.ndjson.gz#repDiaHid12m:2022-09-20
2022-05-31,mazar,caudal_m3s,60,ords:repDiaHid12m,,2026-09-22T01:12:42Z,celec_ords/2022/09/repDiaHid12m.ndjson.gz#repDiaHid12m:2022-09-20
2022-05-31,mazar,cota_masl,2153.3,ords:repDiaHid12m,,2026-09-22T01:12:42Z,celec_ords/2022/09/repDiaHid12m.ndjson.gz#repDiaHid12m:2022-09-20
2022-05-31,minas_san_francisco,caudal_m3s,35,ords:repDiaHid12m,,2026-09-22T01:12:42Z,celec_ords/2022/09/repDiaHid12m.ndjson.gz#repDiaHid12m:2022-09-20
2022-05-31,minas_san_francisco,cota_masl,790.35,ords:repDiaHid12m,,2026-09-22T01:12:42Z,celec_ords/2022/09/repDiaHid12m.ndjson.gz#repDiaHid12m:2022-09-20
2022-06-01,amaluza,caudal_m3s,97,ords:repDiaHid12m,,2026-09-22T01:12:42Z,celec_ords/2022/09/repDiaHid12m.ndjson.gz#repDiaHid12m:2022-09-20
2022-06-01,amaluza,cota_masl,1988.52,ords:repDiaHid12m,,2026-09-22T01:12:42Z,celec_ords/2022/09/repDiaHid12m.ndjson.gz#repDiaHid12m:2022-09-20
2022-06-01,delsitanisagua,caudal_m3s,43,ords:repDiaHid12m,,2026-09-22T01:12:42Z,celec_ords/2022/09/repDiaHid12m.ndjson.gz#repDiaHid12m:2022-09-20
2022-06-01,delsitanisagua,cota_masl,1490.82,ords:repDiaHid12m,,2026-09-22T01:12:42Z,celec_ords/2022/09/repDiaHid12m.ndjson.gz#repDiaHid12m:2022-09-20
2022-06-01,mazar,caudal_m3s,45,ords:repDiaHid12m,,2026-09-22T01:12:42Z,celec_ords/2022/09/repDiaHid12m.ndjson.gz#repDiaHid12m:2022-09-20
2022-06-01,mazar,cota_masl,2153.19,ords:repDiaHid12m,,2026-09-22T01:12:42Z,celec_ords/2022/09/repDiaHid12m.ndjson.gz#repDiaHid12m:2022-09-20
2022-06-01,minas_san_francisco,caudal_m3s,36,ords:repDiaHid12m,,2026-09-22T01:12:42Z,celec_ords/2022/09/repDiaHid12m.ndjson.gz#repDiaHid12m:2022-09-20
2022-06-01,minas_san_francisco,cota_masl,790.08,ords:repDiaHid12m,,2026-09-22T01:12:42Z,celec_ords/2022/09/repDiaHid12m.ndjson.gz#repDiaHid12m:2022-09-20
2022-06-02,amaluza,caudal_m3s,127,ords:repDiaHid12m,,2026-09-22T01:12:42Z,celec_ords/2022/09/repDiaHid12m.ndjson.gz#repDiaHid12m:2022-09-20
2022-06-02,amaluza,cota_masl,1988.91,ords:repDiaHid12m,,2026-09-22T01:12:42Z,celec_ords/2022/09/repDiaHid12m.ndjson.gz#repDiaHid12m:2022-09-20
2022-06-02,delsitanisagua,caudal_m3s,41,ords:repDiaHid12m,,2026-09-22T01:12:42Z,celec_ords/2022/09/repDiaHid12m.ndjson.gz#repDiaHid12m:2022-09-20
2022-06-02,delsitanisagua,cota_masl,1490.93,ords:repDiaHid12m,,2026-09-22T01:12:42Z,celec_ords/2022/09/repDiaHid12m.ndjson.gz#repDiaHid12m:2022-09-20
2022-06-02,mazar,caudal_m3s,32,ords:repDiaHid12m,,2026-09-22T01:12:42Z,celec_ords/2022/09/repDiaHid12m.ndjson.gz#repDiaHid12m:2022-09-20
2022-06-02,mazar,cota_masl,2152.68,ords:repDiaHid12m,,2026-09-22T01:12:42Z,celec_ords/2022/09/repDiaHid12m.ndjson.gz#repDiaHid12m:2022-09-20
2022-06-02,minas_san_francisco,caudal_m3s,37,ords:repDiaHid12m,,2026-09-22T01:12:42Z,celec_ords/2022/09/repDiaHid12m.ndjson.gz#repDiaHid12m:2022-09-20
2022-06-02,minas_san_francisco,cota_masl,790.99,ords:repDiaHid12m,,2026-09-22T01:12:42Z,celec_ords/2022/09/repDiaHid12m.ndjson.gz#repDiaHid12m:2022-09-20
2022-06-03,amaluza,caudal_m3s,110,ords:repDiaHid12m,,2026-09-22T01:12:42Z,celec_ords/2022/09/repDiaHid12m.ndjson.gz#repDiaHid12m:2022-09-20
2022-06-03,amaluza,cota_masl,1989.46,ords:repDiaHid12m,,2026-09-22T01:12:42Z,celec_ords/2022/09/repDiaHid12m.ndjson.gz#repDiaHid12m:2022-09-20
2022-06-03,delsitanisagua,caudal_m3s,51,ords:repDiaHid12m,,2026-09-22T01:12:42Z,celec_ords/2022/09/repDiaHid12m.ndjson.gz#repDiaHid12m:2022-09-20
2022-06-03,delsitanisagua,cota_masl,1490.88,ords:repDiaHid12m,,2026-09-22T01:12:42Z,celec_ords/2022/09/repDiaHid12m.ndjson.gz#repDiaHid12m:2022-09-20
2022-06-03,mazar,caudal_m3s,87,ords:repDiaHid12m,,2026-09-22T01:12:42Z,celec_ords/2022/09/repDiaHid12m.ndjson.gz#repDiaHid12m:2022-09-20
2022-06-03,mazar,cota_masl,2152.33,ords:repDiaHid12m,,2026-09-22T01:12:42Z,celec_ords/2022/09/repDiaHid12m.ndjson.gz#repDiaHid12m:2022-09-20
2022-06-03,minas_san_francisco,caudal_m3s,35,ords:repDiaHid12m,,2026-09-22T01:12:42Z,celec_ords/2022/09/repDiaHid12m.ndjson.gz#repDiaHid12m:2022-09-20
2022-06-03,minas_san_francisco,cota_masl,792.03,ords:repDiaHid12m,,2026-09-22T01:12:42Z,celec_ords/2022/09/repDiaHid12m.ndjson.gz#repDiaHid12m:2022-09-20
2022-06-04,amaluza,caudal_m3s,32,ords:repDiaHid12m,,2026-09-22T01:12:42Z,celec_ords/2022/09/repDiaHid12m.ndjson.gz#repDiaHid12m:2022-09-20
2022-06-04,amaluza,cota_masl,1988.73,ords:repDiaHid12m,,2026-09-22T01:12:42Z,celec_ords/2022/09/repDiaHid12m.ndjson.gz#repDiaHid12m:2022-09-20
2022-06-04,delsitanisagua,caudal_m3s,40,ords:repDiaHid12m,,2026-09-22T01:12:42Z,celec_ords/2022/09/repDiaHid12m.ndjson.gz#repDiaHid12m:2022-09-20
2022-06-04,delsitanisagua,cota_masl,1490.87,ords:repDiaHid12m,,2026-09-22T01:12:42Z,celec_ords/2022/09/repDiaHid12m.ndjson.gz#repDiaHid12m:2022-09-20
2022-06-04,mazar,caudal_m3s,60,ords:repDiaHid12m,,2026-09-22T01:12:42Z,celec_ords/2022/09/repDiaHid12m.ndjson.gz#repDiaHid12m:2022-09-20
2022-06-04,mazar,cota_masl,2152.73,ords:repDiaHid12m,,2026-09-22T01:12:42Z,celec_ords/2022/09/repDiaHid12m.ndjson.gz#repDiaHid12m:2022-09-20
2022-06-04,minas_san_francisco,caudal_m3s,43,ords:repDiaHid12m,,2026-09-22T01:12:42Z,celec_ords/2022/09/repDiaHid12m.ndjson.gz#repDiaHid12m:2022-09-20
2022-06-04,minas_san_francisco,cota_masl,791.34,ords:repDiaHid12m,,2026-09-22T01:12:42Z,celec_ords/2022/09/repDiaHid12m.ndjson.gz#repDiaHid12m:2022-09-20
2022-06-05,amaluza,caudal_m3s,73,ords:repDiaHid12m,,2026-09-22T01:12:42Z,celec_ords/2022/09/repDiaHid12m.ndjson.gz#repDiaHid12m:2022-09-20
2022-06-05,amaluza,cota_masl,1988.02,ords:repDiaHid12m,,2026-09-22T01:12:42Z,celec_ords/2022/09/repDiaHid12m.ndjson.gz#repDiaHid12m:2022-09-20
2022-06-05,delsitanisagua,caudal_m3s,39,ords:repDiaHid12m,,2026-09-22T01:12:42Z,celec_ords/2022/09/repDiaHid12m.ndjson.gz#repDiaHid12m:2022-09-20
2022-06-05,delsitanisagua,cota_masl,1490.97,ords:repDiaHid12m,,2026-09-22T01:12:42Z,celec_ords/2022/09/repDiaHid12m.ndjson.gz#repDiaHid12m:2022-09-20
2022-06-05,mazar,caudal_m3s,60,ords:repDiaHid12m,,2026-09-22T01:12:42Z,celec_ords/2022/09/repDiaHid12m.ndjson.gz#repDiaHid12m:2022-09-20
2022-06-05,mazar,cota_masl,2152.77,ords:repDiaHid12m,,2026-09-22T01:12:42Z,celec_ords/2022/09/repDiaHid12m.ndjson.gz#repDiaHid12m:2022-09-20
2022-06-05,minas_san_francisco,caudal_m3s,35,ords:repDiaHid12m,,2026-09-22T01:12:42Z,celec_ords/2022/09/repDiaHid12m.ndjson.gz#repDiaHid12m:2022-09-20
2022-06-05,minas_san_francisco,cota_masl,790.52,ords:repDiaHid12m,,2026-09-22T01:12:42Z,celec_ords/2022/09/repDiaHid12m.ndjson.gz#repDiaHid12m:2022-09-20
2022-06-06,amaluza,caudal_m3s,66,ords:repDiaHid12m,,2026-09-22T01:12:42Z,celec_ords/2022/09/repDiaHid12m.ndjson.gz#repDiaHid12m:2022-09-20
2022-06-06,amaluza,cota_masl,1986.92,ords:repDiaHid12m,,2026-09-22T01:12:42Z,celec_ords/2022/09/repDiaHid12m.ndjson.gz#repDiaHid12m:2022-09-20
2022-06-06,delsitanisagua,caudal_m3s,35,ords:repDiaHid12m,,2026-09-22T01:12:42Z,celec_ords/2022/09/repDiaHid12m.ndjson.gz#repDiaHid12m:2022-09-20
2022-06-06,delsitanisagua,cota_masl,1490.91,ords:repDiaHid12m,,2026-09-22T01:12:42Z,celec_ords/2022/09/repDiaHid12m.ndjson.gz#repDiaHid12m:2022-09-20
2022-06-06,mazar,caudal_m3s,61,ords:repDiaHid12m,,2026-09-22T01:12:42Z,celec_ords/2022/09/repDiaHid12m.ndjson.gz#repDiaHid12m:2022-09-20
2022-06-06,mazar,cota_masl,2152.77,ords:repDiaHid12m,,2026-09-22T01:12:42Z,celec_ords/2022/09/repDiaHid12m.ndjson.gz#repDiaHid12m:2022-09-20
2022-06-06,minas_san_francisco,caudal_m3s,31,ords:repDiaHid12m,,2026-09-22T01:12:42Z,celec_ords/2022/09/repDiaHid12m.ndjson.gz#repDiaHid12m:2022-09-20
2022-06-06,minas_san_francisco,cota_masl,790.41,ords:repDiaHid12m,,2026-09-22T01:12:42Z,celec_ords/2022/09/repDiaHid12m.ndjson.gz#repDiaHid12m:2022-09-20
2022-06-07,amaluza,caudal_m3s,83,ords:repDiaHid12m,,2026-09-22T01:12:42Z,celec_ords/2022/09/repDiaHid12m.ndjson.gz#repDiaHid12m:2022-09-20
2022-06-07,amaluza,cota_masl,1986.48,ords:repDiaHid12m,,2026-09-22T01:12:42Z,celec_ords/2022/09/repDiaHid12m.ndjson.gz#repDiaHid12m:2022-09-20
2022-06-07,delsitanisagua,caudal_m3s,51,ords:repDiaHid12m,,2026-09-22T01:12:42Z,celec_ords/2022/09/repDiaHid12m.ndjson.gz#repDiaHid12m:2022-09-20
2022-06-07,delsitanisagua,cota_masl,1490.98,ords:repDiaHid12m,,2026-09-22T01:12:42Z,celec_ords/2022/09/repDiaHid12m.ndjson.gz#repDiaHid12m:2022-09-20
2022-06-07,mazar,caudal_m3s,54,ords:repDiaHid12m,,2026-09-22T01:12:42Z,celec_ords/2022/09/repDiaHid12m.ndjson.gz#repDiaHid12m:2022-09-20
2022-06-07,mazar,cota_masl,2152.49,ords:repDiaHid12m,,2026-09-22T01:12:42Z,celec_ords/2022/09/repDiaHid12m.ndjson.gz#repDiaHid12m:2022-09-20
2022-06-07,minas_san_francisco,caudal_m3s,30,ords:repDiaHid12m,,2026-09-22T01:12:42Z,celec_ords/2022/09/repDiaHid12m.ndjson.gz#repDiaHid12m:2022-09-20
2022-06-07,minas_san_francisco,cota_masl,790.7,ords:repDiaHid12m,,2026-09-22T01:12:42Z,celec_ords/2022/09/repDiaHid12m.ndjson.gz#repDiaHid12m:2022-09-20
2022-06-08,amaluza,caudal_m3s,137,ords:repDiaHid12m,,2026-09-22T01:12:42Z,celec_ords/2022/09/repDiaHid12m.ndjson.gz#repDiaHid12m:2022-09-20
2022-06-08,amaluza,cota_masl,1986.54,ords:repDiaHid12m,,2026-09-22T01:12:42Z,celec_ords/2022/09/repDiaHid12m.ndjson.gz#repDiaHid12m:2022-09-20
2022-06-08,delsitanisagua,caudal_m3s,53,ords:repDiaHid12m,,2026-09-22T01:12:42Z,celec_ords/2022/09/repDiaHid12m.ndjson.gz#repDiaHid12m:2022-09-20
2022-06-08,delsitanisagua,cota_masl,1490.92,ords:repDiaHid12m,,2026-09-22T01:12:42Z,celec_ords/2022/09/repDiaHid12m.ndjson.gz#repDiaHid12m:2022-09-20
2022-06-08,mazar,caudal_m3s,89,ords:repDiaHid12m,,2026-09-22T01:12:42Z,celec_ords/2022/09/repDiaHid12m.ndjson.gz#repDiaHid12m:2022-09-20
2022-06-08,mazar,cota_masl,2152.58,ords:repDiaHid12m,,2026-09-22T01:12:42Z,celec_ords/2022/09/repDiaHid12m.ndjson.gz#repDiaHid12m:2022-09-20
2022-06-08,minas_san_francisco,caudal_m3s,39,ords:repDiaHid12m,,2026-09-22T01:12:42Z,celec_ords/2022/09/repDiaHid12m.ndjson.gz#repDiaHid12m:2022-09-20
2022-06-08,minas_san_francisco,cota_masl,791.17,ords:repDiaHid12m,,2026-09-22T01:12:42Z,celec_ords/2022/09/repDiaHid12m.ndjson.gz#repDiaHid12m:2022-09-20
2022-06-09,amaluza,caudal_m3s,88,ords:repDiaHid12m,,2026-09-22T01:12:42Z,celec_ords/2022/09/repDiaHid12m.ndjson.gz#repDiaHid12m:2022-09-20
2022-06-09,amaluza,cota_masl,1985.94,ords:repDiaHid12m,,2026-09-22T01:12:42Z,celec_ords/2022/09/repDiaHid12m.ndjson.gz#repDiaHid12m:2022-09-20
2022-06-09,delsitanisagua,caudal_m3s,51,ords:repDiaHid12m,,2026-09-22T01:12:42Z,celec_ords/2022/09/repDiaHid12m.ndjson.gz#repDiaHid12m:2022-09-20
2022-06-09,delsitanisagua,cota_masl,1490.79,ords:repDiaHid12m,,2026-09-22T01:12:42Z,celec_ords/2022/09/repDiaHid12m.ndjson.gz#repDiaHid12m:2022-09-20
2022-06-09,mazar,caudal_m3s,90,ords:repDiaHid12m,,2026-09-22T01:12:42Z,celec_ords/2022/09/repDiaHid12m.ndjson.gz#repDiaHid12m:2022-09-20
2022-06-09,mazar,cota_masl,2152.8,ords:repDiaHid12m,,2026-09-22T01:12:42Z,celec_ords/2022/09/repDiaHid12m.ndjson.gz#repDiaHid12m:2022-09-20
2022-06-09,minas_san_francisco,caudal_m3s,39,ords:repDiaHid12m,,2026-09-22T01:12:42Z,celec_ords/2022/09/repDiaHid12m.ndjson.gz#repDiaHid12m:2022-09-20
2022-06-09,minas_san_francisco,cota_masl,789.52,ords:repDiaHid12m,,2026-09-22T01:12:42Z,celec_ords/2022/09/repDiaHid12m.ndjson.gz#repDiaHid12m:2022-09-20
2022-06-10,amaluza,caudal_m3s,92,ords:repDiaHid12m,,2026-09-22T01:12:42Z,celec_ords/2022/09/repDiaHid12m.ndjson.gz#repDiaHid12m:2022-09-20
2022-06-10,amaluza,cota_masl,1985.41,ords:repDiaHid12m,,2026-09-22T01:12:42Z,celec_ords/2022/09/repDiaHid12m.ndjson.gz#repDiaHid12m:2022-09-20
2022-06-10,delsitanisagua,caudal_m3s,42,ords:repDiaHid12m,,2026-09-22T01:12:42Z,celec_ords/2022/09/repDiaHid12m.ndjson.gz#repDiaHid12m:2022-09-20
2022-06-10,delsitanisagua,cota_masl,1490.97,ords:repDiaHid12m,,2026-09-22T01:12:42Z,celec_ords/2022/09/repDiaHid12m.ndjson.gz#repDiaHid12m:2022-09-20
2022-06-10,mazar,caudal_m3s,75,ords:repDiaHid12m,,2026-09-22T01:12:42Z,celec_ords/2022/09/repDiaHid12m.ndjson.gz#repDiaHid12m:2022-09-20
2022-06-10,mazar,cota_masl,2152.94,ords:repDiaHid12m,,2026-09-22T01:12:42Z,celec_ords/2022/09/repDiaHid12m.ndjson.gz#repDiaHid12m:2022-09-20
2022-06-10,minas_san_francisco,caudal_m3s,59,ords:repDiaHid12m,,2026-09-22T01:12:42Z,celec_ords/2022/09/repDiaHid12m.ndjson.gz#repDiaHid12m:2022-09-20
2022-06-10,minas_san_francisco,cota_masl,788.58,ords:repDiaHid12m,,2026-09-22T01:12:42Z,celec_ords/2022/09/repDiaHid12m.ndjson.gz#repDiaHid12m:2022-09-20
2022-06-11,amaluza,caudal_m3s,106,ords:repDiaHid12m,,2026-09-22T01:12:42Z,celec_ords/2022/09/repDiaHid12m.ndjson.gz#repDiaHid12m:2022-09-20
2022-06-11,amaluza,cota_masl,1985.38,ords:repDiaHid12m,,2026-09-22T01:12:42Z,celec_ords/2022/09/repDiaHid12m.ndjson.gz#repDiaHid12m:2022-09-20
2022-06-11,delsitanisagua,caudal_m3s,49,ords:repDiaHid12m,,2026-09-22T01:12:42Z,celec_ords/2022/09/repDiaHid12m.ndjson.gz#repDiaHid12m:2022-09-20
2022-06-11,delsitanisagua,cota_masl,1490.96,ords:repDiaHid12m,,2026-09-22T01:12:42Z,celec_ords/2022/09/repDiaHid12m.ndjson.gz#repDiaHid12m:2022-09-20
2022-06-11,mazar,caudal_m3s,95,ords:repDiaHid12m,,2026-09-22T01:12:42Z,celec_ords/2022/09/repDiaHid12m.ndjson.gz#repDiaHid12m:2022-09-20
2022-06-11,mazar,cota_masl,2153.16,ords:repDiaHid12m,,2026-09-22T01:12:42Z,celec_ords/2022/09/repDiaHid12m.ndjson.gz#repDiaHid12m:2022-09-20
2022-06-11,minas_san_francisco,caudal_m3s,48,ords:repDiaHid12m,,2026-09-22T01:12:42Z,celec_ords/2022/09/repDiaHid12m.ndjson.gz#repDiaHid12m:2022-09-20
2022-06-11,minas_san_francisco,cota_masl,790.36,ords:repDiaHid12m,,2026-09-22T01:12:42Z,celec_ords/2022/09/repDiaHid12m.ndjson.gz#repDiaHid12m:2022-09-20
2022-06-12,amaluza,caudal_m3s,120,ords:repDiaHid12m,,2026-09-22T01:12:42Z,celec_ords/2022/09/repDiaHid12m.ndjson.gz#repDiaHid12m:2022-09-20
2022-06-12,amaluza,cota_masl,1986.13,ords:repDiaHid12m,,2026-09-22T01:12:42Z,celec_ords/2022/09/repDiaHid12m.ndjson.gz#repDiaHid12m:2022-09-20
2022-06-12,delsitanisagua,caudal_m3s,40,ords:repDiaHid12m,,2026-09-22T01:12:42Z,celec_ords/2022/09/repDiaHid12m.ndjson.gz#repDiaHid12m:2022-09-20
2022-06-12,delsitanisagua,cota_masl,1490.86,ords:repDiaHid12m,,2026-09-22T01:12:42Z,celec_ords/2022/09/repDiaHid12m.ndjson.gz#repDiaHid12m:2022-09-20
2022-06-12,mazar,caudal_m3s,96,ords:repDiaHid12m,,2026-09-22T01:12:42Z,celec_ords/2022/09/repDiaHid12m.ndjson.gz#repDiaHid12m:2022-09-20
2022-06-12,mazar,cota_masl,2153.29,ords:repDiaHid12m,,2026-09-22T01:12:42Z,celec_ords/2022/09/repDiaHid12m.ndjson.gz#repDiaHid12m:2022-09-20
2022-06-12,minas_san_francisco,caudal_m3s,54,ords:repDiaHid12m,,2026-09-22T01:12:42Z,celec_ords/2022/09/repDiaHid12m.ndjson.gz#repDiaHid12m:2022-09-20
2022-06-12,minas_san_francisco,cota_masl,790.53,ords:repDiaHid12m,,2026-09-22T01:12:42Z,celec_ords/2022/09/repDiaHid12m.ndjson.gz#repDiaHid12m:2022-09-20
2022-06-13,amaluza,caudal_m3s,99,ords:repDiaHid12m,,2026-09-22T01:12:42Z,celec_ords/2022/09/repDiaHid12m.ndjson.gz#repDiaHid12m:2022-09-20
2022-06-13,amaluza,cota_masl,1984.95,ords:repDiaHid12m,,2026-09-22T01:12:42Z,celec_ords/2022/09/repDiaHid12m.ndjson.gz#repDiaHid12m:2022-09-20
2022-06-13,delsitanisagua,caudal_m3s,34,ords:repDiaHid12m,,2026-09-22T01:12:42Z,celec_ords/2022/09/repDiaHid12m.ndjson.gz#repDiaHid12m:2022-09-20
2022-06-13,delsitanisagua,cota_masl,1490.88,ords:repDiaHid12m,,2026-09-22T01:12:42Z,celec_ords/2022/09/repDiaHid12m.ndjson.gz#repDiaHid12m:2022-09-20
2022-06-13,mazar,caudal_m3s,71,ords:repDiaHid12m,,2026-09-22T01:12:42Z,celec_ords/2022/09/repDiaHid12m.ndjson.gz#repDiaHid12m:2022-09-20
2022-06-13,mazar,cota_masl,2153.44,ords:repDiaHid12m,,2026-09-22T01:12:42Z,celec_ords/2022/09/repDiaHid12m.ndjson.gz#repDiaHid12m:2022-09-20
2022-06-13,minas_san_francisco,caudal_m3s,34,ords:repDiaHid12m,,2026-09-22T01:12:42Z,celec_ords/2022/09/repDiaHid12m.ndjson.gz#repDiaHid12m:2022-09-20
2022-06-13,minas_san_francisco,cota_masl,789.65,ords:repDiaHid12m,,2026-09-22T01:12:42Z,celec_ords/2022/09/repDiaHid12m.ndjson.gz#repDiaHid12m:2022-09-20
2022-06-14,amaluza,caudal_m3s,89,ords:repDiaHid12m,,2026-09-22T01:12:42Z,celec_ords/2022/09/repDiaHid12m.ndjson.gz#repDiaHid12m:2022-09-20
2022-06-14,amaluza,cota_masl,1984.95,ords:repDiaHid12m,,2026-09-22T01:12:42Z,celec_ords/2022/09/repDiaHid12m.ndjson.gz#repDiaHid12m:2022-09-20
2022-06-14,delsitanisagua,caudal_m3s,32,ords:repDiaHid12m,,2026-09-22T01:12:42Z,celec_ords/2022/09/repDiaHid12m.ndjson.gz#repDiaHid12m:2022-09-20
2022-06-14,delsitanisagua,cota_masl,1490.88,ords:repDiaHid12m,,2026-09-22T01:12:42Z,celec_ords/2022/09/repDiaHid12m.ndjson.gz#repDiaHid12m:2022-09-20
2022-06-14,mazar,caudal_m3s,46,ords:repDiaHid12m,,2026-09-22T01:12:42Z,celec_ords/2022/09/repDiaHid12m.ndjson.gz#repDiaHid12m:2022-09-20
2022-06-14,mazar,cota_masl,2153.15,ords:repDiaHid12m,,2026-09-22T01:12:42Z,celec_ords/2022/09/repDiaHid12m.ndjson.gz#repDiaHid12m:2022-09-20
2022-06-14,minas_san_francisco,caudal_m3s,30,ords:repDiaHid12m,,2026-09-22T01:12:42Z,celec_ords/2022/09/repDiaHid12m.ndjson.gz#repDiaHid12m:2022-09-20
2022-06-14,minas_san_francisco,cota_masl,790.38,ords:repDiaHid12m,,2026-09-22T01:12:42Z,celec_ords/2022/09/repDiaHid12m.ndjson.gz#repDiaHid12m:2022-09-20
2022-06-15,amaluza,caudal_m3s,139,ords:repDiaHid12m,,2026-09-22T01:12:42Z,celec_ords/2022/09/repDiaHid12m.ndjson.gz#repDiaHid12m:2022-09-20
2022-06-15,amaluza,cota_masl,1984.92,ords:repDiaHid12m,,2026-09-22T01:12:42Z,celec_ords/2022/09/repDiaHid12m.ndjson.gz#repDiaHid12m:2022-09-20
2022-06-15,delsitanisagua,caudal_m3s,32,ords:repDiaHid12m,,2026-09-22T01:12:42Z,celec_ords/2022/09/repDiaHid12m.ndjson.gz#repDiaHid12m:2022-09-20
2022-06-15,delsitanisagua,cota_masl,1490.86,ords:repDiaHid12m,,2026-09-22T01:12:42Z,celec_ords/2022/09/repDiaHid12m.ndjson.gz#repDiaHid12m:2022-09-20
2022-06-15,mazar,caudal_m3s,46,ords:repDiaHid12m,,2026-09-22T01:12:42Z,celec_ords/2022/09/repDiaHid12m.ndjson.gz#repDiaHid12m:2022-09-20
2022-06-15,mazar,cota_masl,2152.74,ords:repDiaHid12m,,2026-09-22T01:12:42Z,celec_ords/2022/09/repDiaHid12m.ndjson.gz#repDiaHid12m:2022-09-20
2022-06-15,minas_san_francisco,caudal_m3s,26,ords:repDiaHid12m,,2026-09-22T01:12:42Z,celec_ords/2022/09/repDiaHid12m.ndjson.gz#repDiaHid12m:2022-09-20
2022-06-15,minas_san_francisco,cota_masl,789.11,ords:repDiaHid12m,,2026-09-22T01:12:42Z,celec_ords/2022/09/repDiaHid12m.ndjson.gz#repDiaHid12m:2022-09-20
2022-06-16,amaluza,caudal_m3s,115,ords:repDiaHid12m,,2026-09-22T01:12:42Z,celec_ords/2022/09/repDiaHid12m.ndjson.gz#repDiaHid12m:2022-09-20
2022-06-16,amaluza,cota_masl,1984.94,ords:repDiaHid12m,,2026-09-22T01:12:42Z,celec_ords/2022/09/repDiaHid12m.ndjson.gz#repDiaHid12m:2022-09-20
2022-06-16,delsitanisagua,caudal_m3s,31,ords:repDiaHid12m,,2026-09-22T01:12:42Z,celec_ords/2022/09/repDiaHid12m.ndjson.gz#repDiaHid12m:2022-09-20
2022-06-16,delsitanisagua,cota_masl,1490.8,ords:repDiaHid12m,,2026-09-22T01:12:42Z,celec_ords/2022/09/repDiaHid12m.ndjson.gz#repDiaHid12m:2022-09-20
2022-06-16,mazar,caudal_m3s,48,ords:repDiaHid12m,,2026-09-22T01:12:42Z,celec_ords/2022/09/repDiaHid12m.ndjson.gz#repDiaHid12m:2022-09-20
2022-06-16,mazar,cota_masl,2152.1,ords:repDiaHid12m,,2026-09-22T01:12:42Z,celec_ords/2022/09/repDiaHid12m.ndjson.gz#repDiaHid12m:2022-09-20
2022-06-16,minas_san_francisco,caudal_m3s,24,ords:repDiaHid12m,,2026-09-22T01:12:42Z,celec_ords/2022/09/repDiaHid12m.ndjson.gz#repDiaHid12m:2022-09-20
2022-06-16,minas_san_francisco,cota_masl,789.63,ords:repDiaHid12m,,2026-09-22T01:12:42Z,celec_ords/2022/09/repDiaHid12m.ndjson.gz#repDiaHid12m:2022-09-20
2022-06-17,amaluza,caudal_m3s,165,ords:repDiaHid12m,,2026-09-22T01:12:42Z,celec_ords/2022/09/repDiaHid12m.ndjson.gz#repDiaHid12m:2022-09-20
2022-06-17,amaluza,cota_masl,1985.22,ords:repDiaHid12m,,2026-09-22T01:12:42Z,celec_ords/2022/09/repDiaHid12m.ndjson.gz#repDiaHid12m:2022-09-20
2022-06-17,delsitanisagua,caudal_m3s,28,ords:repDiaHid12m,,2026-09-22T01:12:42Z,celec_ords/2022/09/repDiaHid12m.ndjson.gz#repDiaHid12m:2022-09-20
2022-06-17,delsitanisagua,cota_masl,1490.73,ords:repDiaHid12m,,2026-09-22T01:12:42Z,celec_ords/2022/09/repDiaHid12m.ndjson.gz#repDiaHid12m:2022-09-20
2022-06-17,mazar,caudal_m3s,37,ords:repDiaHid12m,,2026-09-22T01:12:42Z,celec_ords/2022/09/repDiaHid12m.ndjson.gz#repDiaHid12m:2022-09-20
2022-06-17,mazar,cota_masl,2151.33,ords:repDiaHid12m,,2026-09-22T01:12:42Z,celec_ords/2022/09/repDiaHid12m.ndjson.gz#repDiaHid12m:2022-09-20
2022-06-17,minas_san_francisco,caudal_m3s,24,ords:repDiaHid12m,,2026-09-22T01:12:42Z,celec_ords/2022/09/repDiaHid12m.ndjson.gz#repDiaHid12m:2022-09-20
2022-06-17,minas_san_francisco,cota_masl,789.41,ords:repDiaHid12m,,2026-09-22T01:12:42Z,celec_ords/2022/09/repDiaHid12m.ndjson.gz#repDiaHid12m:2022-09-20
2022-06-18,amaluza,caudal_m3s,39,ords:repDiaHid12m,,2026-09-22T01:12:42Z,celec_ords/2022/09/repDiaHid12m.ndjson.gz#repDiaHid12m:2022-09-20
2022-06-18,amaluza,cota_masl,1985.3,ords:repDiaHid12m,,2026-09-22T01:12:42Z,celec_ords/2022/09/repDiaHid12m.ndjson.gz#repDiaHid12m:2022-09-20
2022-06-18,delsitanisagua,caudal_m3s,33,ords:repDiaHid12m,,2026-09-22T01:12:42Z,celec_ords/2022/09/repDiaHid12m.ndjson.gz#repDiaHid12m:2022-09-20
2022-06-18,delsitanisagua,cota_masl,1490.9,ords:repDiaHid12m,,2026-09-22T01:12:42Z,celec_ords/2022/09/repDiaHid12m.ndjson.gz#repDiaHid12m:2022-09-20
2022-06-18,mazar,caudal_m3s,42,ords:repDiaHid12m,,2026-09-22T01:12:42Z,celec_ords/2022/09/repDiaHid12m.ndjson.gz#repDiaHid12m:2022-09-20
2022-06-18,mazar,cota_masl,2150.88,ords:repDiaHid12m,,2026-09-22T01:12:42Z,celec_ords/2022/09/repDiaHid12m.ndjson.gz#repDiaHid12m:2022-09-20
2022-06-18,minas_san_francisco,caudal_m3s,25,ords:repDiaHid12m,,2026-09-22T01:12:42Z,celec_ords/2022/09/repDiaHid12m.ndjson.gz#repDiaHid12m:2022-09-20
2022-06-18,minas_san_francisco,cota_masl,789.81,ords:repDiaHid12m,,2026-09-22T01:12:42Z,celec_ords/2022/09/repDiaHid12m.ndjson.gz#repDiaHid12m:2022-09-20
2022-06-19,amaluza,caudal_m3s,152,ords:repDiaHid12m,,2026-09-22T01:12:42Z,celec_ords/2022/09/repDiaHid12m.ndjson.gz#repDiaHid12m:2022-09-20
2022-06-19,amaluza,cota_masl,1983.57,ords:repDiaHid12m,,2026-09-22T01:12:42Z,celec_ords/2022/09/repDiaHid12m.ndjson.gz#repDiaHid12m:2022-09-20
2022-06-19,delsitanisagua,caudal_m3s,47,ords:repDiaHid12m,,2026-09-22T01:12:42Z,celec_ords/2022/09/repDiaHid12m.ndjson.gz#repDiaHid12m:2022-09-20
2022-06-19,delsitanisagua,cota_masl,1490.76,ords:repDiaHid12m,,2026-09-22T01:12:42Z,celec_ords/2022/09/repDiaHid12m.ndjson.gz#repDiaHid12m:2022-09-20
2022-06-19,mazar,caudal_m3s,53,ords:repDiaHid12m,,2026-09-22T01:12:42Z,celec_ords/2022/09/repDiaHid12m.ndjson.gz#repDiaHid12m:2022-09-20
2022-06-19,mazar,cota_masl,2151.08,ords:repDiaHid12m,,2026-09-22T01:12:42Z,celec_ords/2022/09/repDiaHid12m.ndjson.gz#repDiaHid12m:2022-09-20
2022-06-19,minas_san_francisco,caudal_m3s,40,ords:repDiaHid12m,,2026-09-22T01:12:42Z,celec_ords/2022/09/repDiaHid12m.ndjson.gz#repDiaHid12m:2022-09-20
2022-06-19,minas_san_francisco,cota_masl,791.26,ords:repDiaHid12m,,2026-09-22T01:12:42Z,celec_ords/2022/09/repDiaHid12m.ndjson.gz#repDiaHid12m:2022-09-20
2022-06-20,amaluza,caudal_m3s,112,ords:repDiaHid12m,,2026-09-22T01:12:42Z,celec_ords/2022/09/repDiaHid12m.ndjson.gz#repDiaHid12m:2022-09-20
2022-06-20,amaluza,cota_masl,1985.12,ords:repDiaHid12m,,2026-09-22T01:12:42Z,celec_ords/2022/09/repDiaHid12m.ndjson.gz#repDiaHid12m:2022-09-20
2022-06-20,delsitanisagua,caudal_m3s,33,ords:repDiaHid12m,,2026-09-22T01:12:42Z,celec_ords/2022/09/repDiaHid12m.ndjson.gz#repDiaHid12m:2022-09-20
2022-06-20,delsitanisagua,cota_masl,1490.86,ords:repDiaHid12m,,2026-09-22T01:12:42Z,celec_ords/2022/09/repDiaHid12m.ndjson.gz#repDiaHid12m:2022-09-20
2022-06-20,mazar,caudal_m3s,45,ords:repDiaHid12m,,2026-09-22T01:12:42Z,celec_ords/2022/09/repDiaHid12m.ndjson.gz#repDiaHid12m:2022-09-20
2022-06-20,mazar,cota_masl,2150.4,ords:repDiaHid12m,,2026-09-22T01:12:42Z,celec_ords/2022/09/repDiaHid12m.ndjson.gz#repDiaHid12m:2022-09-20
2022-06-20,minas_san_francisco,caudal_m3s,29,ords:repDiaHid12m,,2026-09-22T01:12:42Z,celec_ords/2022/09/repDiaHid12m.ndjson.gz#repDiaHid12m:2022-09-20
2022-06-20,minas_san_francisco,cota_masl,790.64,ords:repDiaHid12m,,2026-09-22T01:12:42Z,celec_ords/2022/09/repDiaHid12m.ndjson.gz#repDiaHid12m:2022-09-20
2022-06-21,amaluza,caudal_m3s,127,ords:repDiaHid12m,,2026-09-22T01:12:42Z,celec_ords/2022/09/repDiaHid12m.ndjson.gz#repDiaHid12m:2022-09-20
2022-06-21,amaluza,cota_masl,1985.74,ords:repDiaHid12m,,2026-09-22T01:12:42Z,celec_ords/2022/09/repDiaHid12m.ndjson.gz#repDiaHid12m:2022-09-20
2022-06-21,delsitanisagua,caudal_m3s,32,ords:repDiaHid12m,,2026-09-22T01:12:42Z,celec_ords/2022/09/repDiaHid12m.ndjson.gz#repDiaHid12m:2022-09-20
2022-06-21,delsitanisagua,cota_masl,1490.84,ords:repDiaHid12m,,2026-09-22T01:12:42Z,celec_ords/2022/09/repDiaHid12m.ndjson.gz#repDiaHid12m:2022-09-20
2022-06-21,mazar,caudal_m3s,49,ords:repDiaHid12m,,2026-09-22T01:12:42Z,celec_ords/2022/09/repDiaHid12m.ndjson.gz#repDiaHid12m:2022-09-20
2022-06-21,mazar,cota_masl,2149.88,ords:repDiaHid12m,,2026-09-22T01:12:42Z,celec_ords/2022/09/repDiaHid12m.ndjson.gz#repDiaHid12m:2022-09-20
2022-06-21,minas_san_francisco,caudal_m3s,24,ords:repDiaHid12m,,2026-09-22T01:12:42Z,celec_ords/2022/09/repDiaHid12m.ndjson.gz#repDiaHid12m:2022-09-20
2022-06-21,minas_san_francisco,cota_masl,790.28,ords:repDiaHid12m,,2026-09-22T01:12:42Z,celec_ords/2022/09/repDiaHid12m.ndjson.gz#repDiaHid12m:2022-09-20
2022-06-22,amaluza,caudal_m3s,83,ords:repDiaHid12m,,2026-09-22T01:12:42Z,celec_ords/2022/09/repDiaHid12m.ndjson.gz#repDiaHid12m:2022-09-20
2022-06-22,amaluza,cota_masl,1985.87,ords:repDiaHid12m,,2026-09-22T01:12:42Z,celec_ords/2022/09/repDiaHid12m.ndjson.gz#repDiaHid12m:2022-09-20
2022-06-22,delsitanisagua,caudal_m3s,45,ords:repDiaHid12m,,2026-09-22T01:12:42Z,celec_ords/2022/09/repDiaHid12m.ndjson.gz#repDiaHid12m:2022-09-20
2022-06-22,delsitanisagua,cota_masl,1490.85,ords:repDiaHid12m,,2026-09-22T01:12:42Z,celec_ords/2022/09/repDiaHid12m.ndjson.gz#repDiaHid12m:2022-09-20
2022-06-22,mazar,caudal_m3s,141,ords:repDiaHid12m,,2026-09-22T01:12:42Z,celec_ords/2022/09/repDiaHid12m.ndjson.gz#repDiaHid12m:2022-09-20
2022-06-22,mazar,cota_masl,2149.84,ords:repDiaHid12m,,2026-09-22T01:12:42Z,celec_ords/2022/09/repDiaHid12m.ndjson.gz#repDiaHid12m:2022-09-20
2022-06-22,minas_san_francisco,caudal_m3s,39,ords:repDiaHid12m,,2026-09-22T01:12:42Z,celec_ords/2022/09/repDiaHid12m.ndjson.gz#repDiaHid12m:2022-09-20
2022-06-22,minas_san_francisco,cota_masl,790.64,ords:repDiaHid12m,,2026-09-22T01:12:42Z,celec_ords/2022/09/repDiaHid12m.ndjson.gz#repDiaHid12m:2022-09-20
2022-06-23,amaluza,caudal_m3s,118,ords:repDiaHid12m,,2026-09-22T01:12:42Z,celec_ords/2022/09/repDiaHid12m.ndjson.gz#repDiaHid12m:2022-09-20
2022-06-23,amaluza,cota_masl,1985.76,ords:repDiaHid12m,,2026-09-22T01:12:42Z,celec_ords/2022/09/repDiaHid12m.ndjson.gz#repDiaHid12m:2022-09-20
2022-06-23,delsitanisagua,caudal_m3s,82,ords:repDiaHid12m,,2026-09-22T01:12:42Z,celec_ords/2022/09/repDiaHid12m.ndjson.gz#repDiaHid12m:2022-09-20
2022-06-23,delsitanisagua,cota_masl,1490.37,ords:repDiaHid12m,,2026-09-22T01:12:42Z,celec_ords/2022/09/repDiaHid12m.ndjson.gz#repDiaHid12m:2022-09-20
2022-06-23,mazar,caudal_m3s,118,ords:repDiaHid12m,,2026-09-22T01:12:42Z,celec_ords/2022/09/repDiaHid12m.ndjson.gz#repDiaHid12m:2022-09-20
2022-06-23,mazar,cota_masl,2150.43,ords:repDiaHid12m,,2026-09-22T01:12:42Z,celec_ords/2022/09/repDiaHid12m.ndjson.gz#repDiaHid12m:2022-09-20
2022-06-23,minas_san_francisco,caudal_m3s,87,ords:repDiaHid12m,,2026-09-22T01:12:42Z,celec_ords/2022/09/repDiaHid12m.ndjson.gz#repDiaHid12m:2022-09-20
2022-06-23,minas_san_francisco,cota_masl,792.01,ords:repDiaHid12m,,2026-09-22T01:12:42Z,celec_ords/2022/09/repDiaHid12m.ndjson.gz#repDiaHid12m:2022-09-20
2022-06-24,amaluza,caudal_m3s,164,ords:repDiaHid12m,,2026-09-22T01:12:42Z,celec_ords/2022/09/repDiaHid12m.ndjson.gz#repDiaHid12m:2022-09-20
2022-06-24,amaluza,cota_masl,1990.52,ords:repDiaHid12m,,2026-09-22T01:12:42Z,celec_ords/2022/09/repDiaHid12m.ndjson.gz#repDiaHid12m:2022-09-20
2022-06-24,delsitanisagua,caudal_m3s,89,ords:repDiaHid12m,,2026-09-22T01:12:42Z,celec_ords/2022/09/repDiaHid12m.ndjson.gz#repDiaHid12m:2022-09-20
2022-06-24,delsitanisagua,cota_masl,1489.4,ords:repDiaHid12m,,2026-09-22T01:12:42Z,celec_ords/2022/09/repDiaHid12m.ndjson.gz#repDiaHid12m:2022-09-20
2022-06-24,mazar,caudal_m3s,311,ords:repDiaHid12m,,2026-09-22T01:12:42Z,celec_ords/2022/09/repDiaHid12m.ndjson.gz#repDiaHid12m:2022-09-20
2022-06-24,mazar,cota_masl,2152.56,ords:repDiaHid12m,,2026-09-22T01:12:42Z,celec_ords/2022/09/repDiaHid12m.ndjson.gz#repDiaHid12m:2022-09-20
2022-06-24,minas_san_francisco,caudal_m3s,287,ords:repDiaHid12m,,2026-09-22T01:12:42Z,celec_ords/2022/09/repDiaHid12m.ndjson.gz#repDiaHid12m:2022-09-20
2022-06-24,minas_san_francisco,cota_masl,791.8,ords:repDiaHid12m,,2026-09-22T01:12:42Z,celec_ords/2022/09/repDiaHid12m.ndjson.gz#repDiaHid12m:2022-09-20
2022-06-25,amaluza,caudal_m3s,641,ords:repDiaHid12m,,2026-09-22T01:12:42Z,celec_ords/2022/09/repDiaHid12m.ndjson.gz#repDiaHid12m:2022-09-20
2022-06-25,amaluza,cota_masl,1990.97,ords:repDiaHid12m,,2026-09-22T01:12:42Z,celec_ords/2022/09/repDiaHid12m.ndjson.gz#repDiaHid12m:2022-09-20
2022-06-25,delsitanisagua,caudal_m3s,115,ords:repDiaHid12m,,2026-09-22T01:12:42Z,celec_ords/2022/09/repDiaHid12m.ndjson.gz#repDiaHid12m:2022-09-20
2022-06-25,delsitanisagua,cota_masl,1481.87,ords:repDiaHid12m,,2026-09-22T01:12:42Z,celec_ords/2022/09/repDiaHid12m.ndjson.gz#repDiaHid12m:2022-09-20
2022-06-25,mazar,caudal_m3s,515,ords:repDiaHid12m,,2026-09-22T01:12:42Z,celec_ords/2022/09/repDiaHid12m.ndjson.gz#repDiaHid12m:2022-09-20
2022-06-25,mazar,cota_masl,2155.02,ords:repDiaHid12m,,2026-09-22T01:12:42Z,celec_ords/2022/09/repDiaHid12m.ndjson.gz#repDiaHid12m:2022-09-20
2022-06-25,minas_san_francisco,caudal_m3s,257,ords:repDiaHid12m,,2026-09-22T01:12:42Z,celec_ords/2022/09/repDiaHid12m.ndjson.gz#repDiaHid12m:2022-09-20
2022-06-25,minas_san_francisco,cota_masl,792.32,ords:repDiaHid12m,,2026-09-22T01:12:42Z,celec_ords/2022/09/repDiaHid12m.ndjson.gz#repDiaHid12m:2022-09-20
2022-06-26,amaluza,caudal_m3s,393,ords:repDiaHid12m,,2026-09-22T01:12:42Z,celec_ords/2022/09/repDiaHid12m.ndjson.gz#repDiaHid12m:2022-09-20
2022-06-26,amaluza,cota_masl,1990.77,ords:repDiaHid12m,,2026-09-22T01:12:42Z,celec_ords/2022/09/repDiaHid12m.ndjson.gz#repDiaHid12m:2022-09-20
2022-06-26,delsitanisagua,caudal_m3s,78,ords:repDiaHid12m,,2026-09-22T01:12:42Z,celec_ords/2022/09/repDiaHid12m.ndjson.gz#repDiaHid12m:2022-09-20
2022-06-26,delsitanisagua,cota_masl,1482.8,ords:repDiaHid12m,,2026-09-22T01:12:42Z,celec_ords/2022/09/repDiaHid12m.ndjson.gz#repDiaHid12m:2022-09-20
2022-06-26,mazar,caudal_m3s,203,ords:repDiaHid12m,,2026-09-22T01:12:42Z,celec_ords/2022/09/repDiaHid12m.ndjson.gz#repDiaHid12m:2022-09-20
2022-06-26,mazar,cota_masl,2154.28,ords:repDiaHid12m,,2026-09-22T01:12:42Z,celec_ords/2022/09/repDiaHid12m.ndjson.gz#repDiaHid12m:2022-09-20
2022-06-26,minas_san_francisco,caudal_m3s,66,ords:repDiaHid12m,,2026-09-22T01:12:42Z,celec_ords/2022/09/repDiaHid12m.ndjson.gz#repDiaHid12m:2022-09-20
2022-06-26,minas_san_francisco,cota_masl,791.77,ords:repDiaHid12m,,2026-09-22T01:12:42Z,celec_ords/2022/09/repDiaHid12m.ndjson.gz#repDiaHid12m:2022-09-20
2022-06-27,amaluza,caudal_m3s,229,ords:repDiaHid12m,,2026-09-22T01:12:42Z,celec_ords/2022/09/repDiaHid12m.ndjson.gz#repDiaHid12m:2022-09-20
2022-06-27,amaluza,cota_masl,1990.68,ords:repDiaHid12m,,2026-09-22T01:12:42Z,celec_ords/2022/09/repDiaHid12m.ndjson.gz#repDiaHid12m:2022-09-20
2022-06-27,delsitanisagua,caudal_m3s,53,ords:repDiaHid12m,,2026-09-22T01:12:42Z,celec_ords/2022/09/repDiaHid12m.ndjson.gz#repDiaHid12m:2022-09-20
2022-06-27,delsitanisagua,cota_masl,1490.9,ords:repDiaHid12m,,2026-09-22T01:12:42Z,celec_ords/2022/09/repDiaHid12m.ndjson.gz#repDiaHid12m:2022-09-20
2022-06-27,mazar,caudal_m3s,119,ords:repDiaHid12m,,2026-09-22T01:12:42Z,celec_ords/2022/09/repDiaHid12m.ndjson.gz#repDiaHid12m:2022-09-20
2022-06-27,mazar,cota_masl,2153.71,ords:repDiaHid12m,,2026-09-22T01:12:42Z,celec_ords/2022/09/repDiaHid12m.ndjson.gz#repDiaHid12m:2022-09-20
2022-06-27,minas_san_francisco,caudal_m3s,42,ords:repDiaHid12m,,2026-09-22T01:12:42Z,celec_ords/2022/09/repDiaHid12m.ndjson.gz#repDiaHid12m:2022-09-20
2022-06-27,minas_san_francisco,cota_masl,789.26,ords:repDiaHid12m,,2026-09-22T01:12:42Z,celec_ords/2022/09/repDiaHid12m.ndjson.gz#repDiaHid12m:2022-09-20
2022-06-28,amaluza,caudal_m3s,116,ords:repDiaHid12m,,2026-09-22T01:12:42Z,celec_ords/2022/09/repDiaHid12m.ndjson.gz#repDiaHid12m:2022-09-20
2022-06-28,amaluza,cota_masl,1990.5,ords:repDiaHid12m,,2026-09-22T01:12:42Z,celec_ords/2022/09/repDiaHid12m.ndjson.gz#repDiaHid12m:2022-09-20
2022-06-28,delsitanisagua,caudal_m3s,49,ords:repDiaHid12m,,2026-09-22T01:12:42Z,celec_ords/2022/09/repDiaHid12m.ndjson.gz#repDiaHid12m:2022-09-20
2022-06-28,delsitanisagua,cota_masl,1490.87,ords:repDiaHid12m,,2026-09-22T01:12:42Z,celec_ords/2022/09/repDiaHid12m.ndjson.gz#repDiaHid12m:2022-09-20
2022-06-28,mazar,caudal_m3s,98,ords:repDiaHid12m,,2026-09-22T01:12:42Z,celec_ords/2022/09/repDiaHid12m.ndjson.gz#repDiaHid12m:2022-09-20
2022-06-28,mazar,cota_masl,2153.28,ords:repDiaHid12m,,2026-09-22T01:12:42Z,celec_ords/2022/09/repDiaHid12m.ndjson.gz#repDiaHid12m:2022-09-20
2022-06-28,minas_san_francisco,caudal_m3s,33,ords:repDiaHid12m,,2026-09-22T01:12:42Z,celec_ords/2022/09/repDiaHid12m.ndjson.gz#repDiaHid12m:2022-09-20
2022-06-28,minas_san_francisco,cota_masl,789.86,ords:repDiaHid12m,,2026-09-22T01:12:42Z,celec_ords/2022/09/repDiaHid12m.ndjson.gz#repDiaHid12m:2022-09-20
2022-06-29,amaluza,caudal_m3s,111,ords:repDiaHid12m,,2026-09-22T01:12:42Z,celec_ords/2022/09/repDiaHid12m.ndjson.gz#repDiaHid12m:2022-09-20
2022-06-29,amaluza,cota_masl,1990.79,ords:repDiaHid12m,,2026-09-22T01:12:42Z,celec_ords/2022/09/repDiaHid12m.ndjson.gz#repDiaHid12m:2022-09-20
2022-06-29,delsitanisagua,caudal_m3s,45,ords:repDiaHid12m,,2026-09-22T01:12:42Z,celec_ords/2022/09/repDiaHid12m.ndjson.gz#repDiaHid12m:2022-09-20
2022-06-29,delsitanisagua,cota_masl,1490.81,ords:repDiaHid12m,,2026-09-22T01:12:42Z,celec_ords/2022/09/repDiaHid12m.ndjson.gz#repDiaHid12m:2022-09-20
2022-06-29,mazar,caudal_m3s,85,ords:repDiaHid12m,,2026-09-22T01:12:42Z,celec_ords/2022/09/repDiaHid12m.ndjson.gz#repDiaHid12m:2022-09-20
2022-06-29,mazar,cota_masl,2153.15,ords:repDiaHid12m,,2026-09-22T01:12:42Z,celec_ords/2022/09/repDiaHid12m.ndjson.gz#repDiaHid12m:2022-09-20
2022-06-29,minas_san_francisco,caudal_m3s,29,ords:repDiaHid12m,,2026-09-22T01:12:42Z,celec_ords/2022/09/repDiaHid12m.ndjson.gz#repDiaHid12m:2022-09-20
2022-06-29,minas_san_francisco,cota_masl,788.91,ords:repDiaHid12m,,2026-09-22T01:12:42Z,celec_ords/2022/09/repDiaHid12m.ndjson.gz#repDiaHid12m:2022-09-20
2022-06-30,amaluza,caudal_m3s,95,ords:repDiaHid12m,,2026-09-22T01:12:42Z,celec_ords/2022/09/repDiaHid12m.ndjson.gz#repDiaHid12m:2022-09-20
2022-06-30,amaluza,cota_masl,1989.55,ords:repDiaHid12m,,2026-09-22T01:12:42Z,celec_ords/2022/09/repDiaHid12m.ndjson.gz#repDiaHid12m:2022-09-20
2022-06-30,delsitanisagua,caudal_m3s,44,ords:repDiaHid12m,,2026-09-22T01:12:42Z,celec_ords/2022/09/repDiaHid12m.ndjson.gz#repDiaHid12m:2022-09-20
2022-06-30,delsitanisagua,cota_masl,1490.84,ords:repDiaHid12m,,2026-09-22T01:12:42Z,celec_ords/2022/09/repDiaHid12m.ndjson.gz#repDiaHid12m:2022-09-20
2022-06-30,mazar,caudal_m3s,104,ords:repDiaHid12m,,2026-09-22T01:12:42Z,celec_ords/2022/09/repDiaHid12m.ndjson.gz#repDiaHid12m:2022-09-20
2022-06-30,mazar,cota_masl,2153.61,ords:repDiaHid12m,,2026-09-22T01:12:42Z,celec_ords/2022/09/repDiaHid12m.ndjson.gz#repDiaHid12m:2022-09-20
2022-06-30,minas_san_francisco,caudal_m3s,38,ords:repDiaHid12m,,2026-09-22T01:12:42Z,celec_ords/2022/09/repDiaHid12m.ndjson.gz#repDiaHid12m:2022-09-20
2022-06-30,minas_san_francisco,cota_masl,789.14,ords:repDiaHid12m,,2026-09-22T01:12:42Z,celec_ords/2022/09/repDiaHid12m.ndjson.gz#repDiaHid12m:2022-09-20
2022-07-01,amaluza,caudal_m3s,125,ords:repDiaHid12m,,2026-09-22T01:12:42Z,celec_ords/2022/09/repDiaHid12m.ndjson.gz#repDiaHid12m:2022-09-20
2022-07-01,amaluza,cota_masl,1990.07,ords:repDiaHid12m,,2026-09-22T01:12:42Z,celec_ords/2022/09/repDiaHid12m.ndjson.gz#repDiaHid12m:2022-09-20
2022-07-01,delsitanisagua,caudal_m3s,41,ords:repDiaHid12m,,2026-09-22T01:12:42Z,celec_ords/2022/09/repDiaHid12m.ndjson.gz#repDiaHid12m:2022-09-20
2022-07-01,delsitanisagua,cota_masl,1490.91,ords:repDiaHid12m,,2026-09-22T01:12:42Z,celec_ords/2022/09/repDiaHid12m.ndjson.gz#repDiaHid12m:2022-09-20
2022-07-01,mazar,caudal_m3s,69,ords:repDiaHid12m,,2026-09-22T01:12:42Z,celec_ords/2022/09/repDiaHid12m.ndjson.gz#repDiaHid12m:2022-09-20
2022-07-01,mazar,cota_masl,2153.37,ords:repDiaHid12m,,2026-09-22T01:12:42Z,celec_ords/2022/09/repDiaHid12m.ndjson.gz#repDiaHid12m:2022-09-20
2022-07-01,minas_san_francisco,caudal_m3s,30,ords:repDiaHid12m,,2026-09-22T01:12:42Z,celec_ords/2022/09/repDiaHid12m.ndjson.gz#repDiaHid12m:2022-09-20
2022-07-01,minas_san_francisco,cota_masl,790.01,ords:repDiaHid12m,,2026-09-22T01:12:42Z,celec_ords/2022/09/repDiaHid12m.ndjson.gz#repDiaHid12m:2022-09-20
2022-07-02,amaluza,caudal_m3s,107,ords:repDiaHid12m,,2026-09-22T01:12:42Z,celec_ords/2022/09/repDiaHid12m.ndjson.gz#repDiaHid12m:2022-09-20
2022-07-02,amaluza,cota_masl,1989.27,ords:repDiaHid12m,,2026-09-22T01:12:42Z,celec_ords/2022/09/repDiaHid12m.ndjson.gz#repDiaHid12m:2022-09-20
2022-07-02,delsitanisagua,caudal_m3s,56,ords:repDiaHid12m,,2026-09-22T01:12:42Z,celec_ords/2022/09/repDiaHid12m.ndjson.gz#repDiaHid12m:2022-09-20
2022-07-02,delsitanisagua,cota_masl,1490.98,ords:repDiaHid12m,,2026-09-22T01:12:42Z,celec_ords/2022/09/repDiaHid12m.ndjson.gz#repDiaHid12m:2022-09-20
2022-07-02,mazar,caudal_m3s,96,ords:repDiaHid12m,,2026-09-22T01:12:42Z,celec_ords/2022/09/repDiaHid12m.ndjson.gz#repDiaHid12m:2022-09-20
2022-07-02,mazar,cota_masl,2153.57,ords:repDiaHid12m,,2026-09-22T01:12:42Z,celec_ords/2022/09/repDiaHid12m.ndjson.gz#repDiaHid12m:2022-09-20
2022-07-02,minas_san_francisco,caudal_m3s,28,ords:repDiaHid12m,,2026-09-22T01:12:42Z,celec_ords/2022/09/repDiaHid12m.ndjson.gz#repDiaHid12m:2022-09-20
2022-07-02,minas_san_francisco,cota_masl,789.53,ords:repDiaHid12m,,2026-09-22T01:12:42Z,celec_ords/2022/09/repDiaHid12m.ndjson.gz#repDiaHid12m:2022-09-20
2022-07-03,amaluza,caudal_m3s,1133,ords:repDiaHid12m,,2026-09-22T01:12:42Z,celec_ords/2022/09/repDiaHid12m.ndjson.gz#repDiaHid12m:2022-09-20
2022-07-03,amaluza,cota_masl,1991.67,ords:repDiaHid12m,,2026-09-22T01:12:42Z,celec_ords/2022/09/repDiaHid12m.ndjson.gz#repDiaHid12m:2022-09-20
2022-07-03,delsitanisagua,caudal_m3s,249,ords:repDiaHid12m,,2026-09-22T01:12:42Z,celec_ords/2022/09/repDiaHid12m.ndjson.gz#repDiaHid12m:2022-09-20
2022-07-03,delsitanisagua,cota_masl,1488.75,ords:repDiaHid12m,,2026-09-22T01:12:42Z,celec_ords/2022/09/repDiaHid12m.ndjson.gz#repDiaHid12m:2022-09-20
2022-07-03,mazar,caudal_m3s,867,ords:repDiaHid12m,,2026-09-22T01:12:42Z,celec_ords/2022/09/repDiaHid12m.ndjson.gz#repDiaHid12m:2022-09-20
2022-07-03,mazar,cota_masl,2155.51,ords:repDiaHid12m,,2026-09-22T01:12:42Z,celec_ords/2022/09/repDiaHid12m.ndjson.gz#repDiaHid12m:2022-09-20
2022-07-03,minas_san_francisco,caudal_m3s,485,ords:repDiaHid12m,,2026-09-22T01:12:42Z,celec_ords/2022/09/repDiaHid12m.ndjson.gz#repDiaHid12m:2022-09-20
2022-07-03,minas_san_francisco,cota_masl,792.12,ords:repDiaHid12m,,2026-09-22T01:12:42Z,celec_ords/2022/09/repDiaHid12m.ndjson.gz#repDiaHid12m:2022-09-20
2022-07-04,amaluza,caudal_m3s,1049,ords:repDiaHid12m,,2026-09-22T01:12:42Z,celec_ords/2022/09/repDiaHid12m.ndjson.gz#repDiaHid12m:2022-09-20
2022-07-04,amaluza,cota_masl,1991.05,ords:repDiaHid12m,,2026-09-22T01:12:42Z,celec_ords/2022/09/repDiaHid12m.ndjson.gz#repDiaHid12m:2022-09-20
2022-07-04,delsitanisagua,caudal_m3s,196,ords:repDiaHid12m,,2026-09-22T01:12:42Z,celec_ords/2022/09/repDiaHid12m.ndjson.gz#repDiaHid12m:2022-09-20
2022-07-04,delsitanisagua,cota_masl,1488.85,ords:repDiaHid12m,,2026-09-22T01:12:42Z,celec_ords/2022/09/repDiaHid12m.ndjson.gz#repDiaHid12m:2022-09-20
2022-07-04,mazar,caudal_m3s,665,ords:repDiaHid12m,,2026-09-22T01:12:42Z,celec_ords/2022/09/repDiaHid12m.ndjson.gz#repDiaHid12m:2022-09-20
2022-07-04,mazar,cota_masl,2155.49,ords:repDiaHid12m,,2026-09-22T01:12:42Z,celec_ords/2022/09/repDiaHid12m.ndjson.gz#repDiaHid12m:2022-09-20
2022-07-04,minas_san_francisco,caudal_m3s,382,ords:repDiaHid12m,,2026-09-22T01:12:42Z,celec_ords/2022/09/repDiaHid12m.ndjson.gz#repDiaHid12m:2022-09-20
2022-07-04,minas_san_francisco,cota_masl,791.52,ords:repDiaHid12m,,2026-09-22T01:12:42Z,celec_ords/2022/09/repDiaHid12m.ndjson.gz#repDiaHid12m:2022-09-20
2022-07-05,amaluza,caudal_m3s,729,ords:repDiaHid12m,,2026-09-22T01:12:42Z,celec_ords/2022/09/repDiaHid12m.ndjson.gz#repDiaHid12m:2022-09-20
2022-07-05,amaluza,cota_masl,1990.8,ords:repDiaHid12m,,2026-09-22T01:12:42Z,celec_ords/2022/09/repDiaHid12m.ndjson.gz#repDiaHid12m:2022-09-20
2022-07-05,delsitanisagua,caudal_m3s,93,ords:repDiaHid12m,,2026-09-22T01:12:42Z,celec_ords/2022/09/repDiaHid12m.ndjson.gz#repDiaHid12m:2022-09-20
2022-07-05,delsitanisagua,cota_masl,1490.34,ords:repDiaHid12m,,2026-09-22T01:12:42Z,celec_ords/2022/09/repDiaHid12m.ndjson.gz#repDiaHid12m:2022-09-20
2022-07-05,mazar,caudal_m3s,468,ords:repDiaHid12m,,2026-09-22T01:12:42Z,celec_ords/2022/09/repDiaHid12m.ndjson.gz#repDiaHid12m:2022-09-20
2022-07-05,mazar,cota_masl,2154.89,ords:repDiaHid12m,,2026-09-22T01:12:42Z,celec_ords/2022/09/repDiaHid12m.ndjson.gz#repDiaHid12m:2022-09-20
2022-07-05,minas_san_francisco,caudal_m3s,130,ords:repDiaHid12m,,2026-09-22T01:12:42Z,celec_ords/2022/09/repDiaHid12m.ndjson.gz#repDiaHid12m:2022-09-20
2022-07-05,minas_san_francisco,cota_masl,792.28,ords:repDiaHid12m,,2026-09-22T01:12:42Z,celec_ords/2022/09/repDiaHid12m.ndjson.gz#repDiaHid12m:2022-09-20
2022-07-06,amaluza,caudal_m3s,734,ords:repDiaHid12m,,2026-09-22T01:12:42Z,celec_ords/2022/09/repDiaHid12m.ndjson.gz#repDiaHid12m:2022-09-20
2022-07-06,amaluza,cota_masl,1991.36,ords:repDiaHid12m,,2026-09-22T01:12:42Z,celec_ords/2022/09/repDiaHid12m.ndjson.gz#repDiaHid12m:2022-09-20
2022-07-06,delsitanisagua,caudal_m3s,99,ords:repDiaHid12m,,2026-09-22T01:12:42Z,celec_ords/2022/09/repDiaHid12m.ndjson.gz#repDiaHid12m:2022-09-20
2022-07-06,delsitanisagua,cota_masl,1486.66,ords:repDiaHid12m,,2026-09-22T01:12:42Z,celec_ords/2022/09/repDiaHid12m.ndjson.gz#repDiaHid12m:2022-09-20
2022-07-06,mazar,caudal_m3s,508,ords:repDiaHid12m,,2026-09-22T01:12:42Z,celec_ords/2022/09/repDiaHid12m.ndjson.gz#repDiaHid12m:2022-09-20
2022-07-06,mazar,cota_masl,2154.78,ords:repDiaHid12m,,2026-09-22T01:12:42Z,celec_ords/2022/09/repDiaHid12m.ndjson.gz#repDiaHid12m:2022-09-20
2022-07-06,minas_san_francisco,caudal_m3s,146,ords:repDiaHid12m,,2026-09-22T01:12:42Z,celec_ords/2022/09/repDiaHid12m.ndjson.gz#repDiaHid12m:2022-09-20
2022-07-06,minas_san_francisco,cota_masl,792.65,ords:repDiaHid12m,,2026-09-22T01:12:42Z,celec_ords/2022/09/repDiaHid12m.ndjson.gz#repDiaHid12m:2022-09-20
2022-07-07,amaluza,caudal_m3s,440,ords:repDiaHid12m,,2026-09-22T01:12:42Z,celec_ords/2022/09/repDiaHid12m.ndjson.gz#repDiaHid12m:2022-09-20
2022-07-07,amaluza,cota_masl,1991.04,ords:repDiaHid12m,,2026-09-22T01:12:42Z,celec_ords/2022/09/repDiaHid12m.ndjson.gz#repDiaHid12m:2022-09-20
2022-07-07,delsitanisagua,caudal_m3s,84,ords:repDiaHid12m,,2026-09-22T01:12:42Z,celec_ords/2022/09/repDiaHid12m.ndjson.gz#repDiaHid12m:2022-09-20
2022-07-07,delsitanisagua,cota_masl,1475,ords:repDiaHid12m,,2026-09-22T01:12:42Z,celec_ords/2022/09/repDiaHid12m.ndjson.gz#repDiaHid12m:2022-09-20
2022-07-07,mazar,caudal_m3s,216,ords:repDiaHid12m,,2026-09-22T01:12:42Z,celec_ords/2022/09/repDiaHid12m.ndjson.gz#repDiaHid12m:2022-09-20
2022-07-07,mazar,cota_masl,2154,ords:repDiaHid12m,,2026-09-22T01:12:42Z,celec_ords/2022/09/repDiaHid12m.ndjson.gz#repDiaHid12m:2022-09-20
2022-07-07,minas_san_francisco,caudal_m3s,112,ords:repDiaHid12m,,2026-09-22T01:12:42Z,celec_ords/2022/09/repDiaHid12m.ndjson.gz#repDiaHid12m:2022-09-20
2022-07-07,minas_san_francisco,cota_masl,792.3,ords:repDiaHid12m,,2026-09-22T01:12:42Z,celec_ords/2022/09/repDiaHid12m.ndjson.gz#repDiaHid12m:2022-09-20
2022-07-08,amaluza,caudal_m3s,288,ords:repDiaHid12m,,2026-09-22T01:12:42Z,celec_ords/2022/09/repDiaHid12m.ndjson.gz#repDiaHid12m:2022-09-20
2022-07-08,amaluza,cota_masl,1990.56,ords:repDiaHid12m,,2026-09-22T01:12:42Z,celec_ords/2022/09/repDiaHid12m.ndjson.gz#repDiaHid12m:2022-09-20
2022-07-08,delsitanisagua,caudal_m3s,74,ords:repDiaHid12m,,2026-09-22T01:12:42Z,celec_ords/2022/09/repDiaHid12m.ndjson.gz#repDiaHid12m:2022-09-20
2022-07-08,delsitanisagua,cota_masl,1484.6,ords:repDiaHid12m,,2026-09-22T01:12:42Z,celec_ords/2022/09/repDiaHid12m.ndjson.gz#repDiaHid12m:2022-09-20
2022-07-08,mazar,caudal_m3s,167,ords:repDiaHid12m,,2026-09-22T01:12:42Z,celec_ords/2022/09/repDiaHid12m.ndjson.gz#repDiaHid12m:2022-09-20
2022-07-08,mazar,cota_masl,2153.59,ords:repDiaHid12m,,2026-09-22T01:12:42Z,celec_ords/2022/09/repDiaHid12m.ndjson.gz#repDiaHid12m:2022-09-20
2022-07-08,minas_san_francisco,caudal_m3s,49,ords:repDiaHid12m,,2026-09-22T01:12:42Z,celec_ords/2022/09/repDiaHid12m.ndjson.gz#repDiaHid12m:2022-09-20
2022-07-08,minas_san_francisco,cota_masl,790.64,ords:repDiaHid12m,,2026-09-22T01:12:42Z,celec_ords/2022/09/repDiaHid12m.ndjson.gz#repDiaHid12m:2022-09-20
2022-07-09,amaluza,caudal_m3s,500,ords:repDiaHid12m,,2026-09-22T01:12:42Z,celec_ords/2022/09/repDiaHid12m.ndjson.gz#repDiaHid12m:2022-09-20
2022-07-09,amaluza,cota_masl,1990.95,ords:repDiaHid12m,,2026-09-22T01:12:42Z,celec_ords/2022/09/repDiaHid12m.ndjson.gz#repDiaHid12m:2022-09-20
2022-07-09,delsitanisagua,caudal_m3s,98,ords:repDiaHid12m,,2026-09-22T01:12:42Z,celec_ords/2022/09/repDiaHid12m.ndjson.gz#repDiaHid12m:2022-09-20
2022-07-09,delsitanisagua,cota_masl,1490.06,ords:repDiaHid12m,,2026-09-22T01:12:42Z,celec_ords/2022/09/repDiaHid12m.ndjson.gz#repDiaHid12m:2022-09-20
2022-07-09,mazar,caudal_m3s,324,ords:repDiaHid12m,,2026-09-22T01:12:42Z,celec_ords/2022/09/repDiaHid12m.ndjson.gz#repDiaHid12m:2022-09-20
2022-07-09,mazar,cota_masl,2154.62,ords:repDiaHid12m,,2026-09-22T01:12:42Z,celec_ords/2022/09/repDiaHid12m.ndjson.gz#repDiaHid12m:2022-09-20
2022-07-09,minas_san_francisco,caudal_m3s,116,ords:repDiaHid12m,,2026-09-22T01:12:42Z,celec_ords/2022/09/repDiaHid12m.ndjson.gz#repDiaHid12m:2022-09-20
2022-07-09,minas_san_francisco,cota_masl,792.44,ords:repDiaHid12m,,2026-09-22T01:12:42Z,celec_ords/2022/09/repDiaHid12m.ndjson.gz#repDiaHid12m:2022-09-20
2022-07-10,amaluza,caudal_m3s,249,ords:repDiaHid12m,,2026-09-22T01:12:42Z,celec_ords/2022/09/repDiaHid12m.ndjson.gz#repDiaHid12m:2022-09-20
2022-07-10,amaluza,cota_masl,1990.71,ords:repDiaHid12m,,2026-09-22T01:12:42Z,celec_ords/2022/09/repDiaHid12m.ndjson.gz#repDiaHid12m:2022-09-20
2022-07-10,delsitanisagua,caudal_m3s,71,ords:repDiaHid12m,,2026-09-22T01:12:42Z,celec_ords/2022/09/repDiaHid12m.ndjson.gz#repDiaHid12m:2022-09-20
2022-07-10,delsitanisagua,cota_masl,1490.11,ords:repDiaHid12m,,2026-09-22T01:12:42Z,celec_ords/2022/09/repDiaHid12m.ndjson.gz#repDiaHid12m:2022-09-20
2022-07-10,mazar,caudal_m3s,174,ords:repDiaHid12m,,2026-09-22T01:12:42Z,celec_ords/2022/09/repDiaHid12m.ndjson.gz#repDiaHid12m:2022-09-20
2022-07-10,mazar,cota_masl,2154,ords:repDiaHid12m,,2026-09-22T01:12:42Z,celec_ords/2022/09/repDiaHid12m.ndjson.gz#repDiaHid12m:2022-09-20
2022-07-10,minas_san_francisco,caudal_m3s,55,ords:repDiaHid12m,,2026-09-22T01:12:42Z,celec_ords/2022/09/repDiaHid12m.ndjson.gz#repDiaHid12m:2022-09-20
2022-07-10,minas_san_francisco,cota_masl,791.55,ords:repDiaHid12m,,2026-09-22T01:12:42Z,celec_ords/2022/09/repDiaHid12m.ndjson.gz#repDiaHid12m:2022-09-20
2022-07-11,amaluza,caudal_m3s,239,ords:repDiaHid12m,,2026-09-22T01:12:42Z,celec_ords/2022/09/repDiaHid12m.ndjson.gz#repDiaHid12m:2022-09-20
2022-07-11,amaluza,cota_masl,1990.71,ords:repDiaHid12m,,2026-09-22T01:12:42Z,celec_ords/2022/09/repDiaHid12m.ndjson.gz#repDiaHid12m:2022-09-20
2022-07-11,delsitanisagua,caudal_m3s,58,ords:repDiaHid12m,,2026-09-22T01:12:42Z,celec_ords/2022/09/repDiaHid12m.ndjson.gz#repDiaHid12m:2022-09-20
2022-07-11,delsitanisagua,cota_masl,1490.11,ords:repDiaHid12m,,2026-09-22T01:12:42Z,celec_ords/2022/09/repDiaHid12m.ndjson.gz#repDiaHid12m:2022-09-20
2022-07-11,mazar,caudal_m3s,113,ords:repDiaHid12m,,2026-09-22T01:12:42Z,celec_ords/2022/09/repDiaHid12m.ndjson.gz#repDiaHid12m:2022-09-20
2022-07-11,mazar,cota_masl,2153.49,ords:repDiaHid12m,,2026-09-22T01:12:42Z,celec_ords/2022/09/repDiaHid12m.ndjson.gz#repDiaHid12m:2022-09-20
2022-07-11,minas_san_francisco,caudal_m3s,40,ords:repDiaHid12m,,2026-09-22T01:12:42Z,celec_ords/2022/09/repDiaHid12m.ndjson.gz#repDiaHid12m:2022-09-20
2022-07-11,minas_san_francisco,cota_masl,790.62,ords:repDiaHid12m,,2026-09-22T01:12:42Z,celec_ords/2022/09/repDiaHid12m.ndjson.gz#repDiaHid12m:2022-09-20
2022-07-12,amaluza,caudal_m3s,214,ords:repDiaHid12m,,2026-09-22T01:12:42Z,celec_ords/2022/09/repDiaHid12m.ndjson.gz#repDiaHid12m:2022-09-20
2022-07-12,amaluza,cota_masl,1990.97,ords:repDiaHid12m,,2026-09-22T01:12:42Z,celec_ords/2022/09/repDiaHid12m.ndjson.gz#repDiaHid12m:2022-09-20
2022-07-12,delsitanisagua,caudal_m3s,89,ords:repDiaHid12m,,2026-09-22T01:12:42Z,celec_ords/2022/09/repDiaHid12m.ndjson.gz#repDiaHid12m:2022-09-20
2022-07-12,delsitanisagua,cota_masl,1490.16,ords:repDiaHid12m,,2026-09-22T01:12:42Z,celec_ords/2022/09/repDiaHid12m.ndjson.gz#repDiaHid12m:2022-09-20
2022-07-12,mazar,caudal_m3s,114,ords:repDiaHid12m,,2026-09-22T01:12:42Z,celec_ords/2022/09/repDiaHid12m.ndjson.gz#repDiaHid12m:2022-09-20
2022-07-12,mazar,cota_masl,2153.39,ords:repDiaHid12m,,2026-09-22T01:12:42Z,celec_ords/2022/09/repDiaHid12m.ndjson.gz#repDiaHid12m:2022-09-20
2022-07-12,minas_san_francisco,caudal_m3s,49,ords:repDiaHid12m,,2026-09-22T01:12:42Z,celec_ords/2022/09/repDiaHid12m.ndjson.gz#repDiaHid12m:2022-09-20
2022-07-12,minas_san_francisco,cota_masl,789.73,ords:repDiaHid12m,,2026-09-22T01:12:42Z,celec_ords/2022/09/repDiaHid12m.ndjson.gz#repDiaHid12m:2022-09-20
2022-07-13,amaluza,caudal_m3s,196,ords:repDiaHid12m,,2026-09-22T01:12:42Z,celec_ords/2022/09/repDiaHid12m.ndjson.gz#repDiaHid12m:2022-09-20
2022-07-13,amaluza,cota_masl,1990.95,ords:repDiaHid12m,,2026-09-22T01:12:42Z,celec_ords/2022/09/repDiaHid12m.ndjson.gz#repDiaHid12m:2022-09-20
2022-07-13,delsitanisagua,caudal_m3s,64,ords:repDiaHid12m,,2026-09-22T01:12:42Z,celec_ords/2022/09/repDiaHid12m.ndjson.gz#repDiaHid12m:2022-09-20
2022-07-13,delsitanisagua,cota_masl,1490.05,ords:repDiaHid12m,,2026-09-22T01:12:42Z,celec_ords/2022/09/repDiaHid12m.ndjson.gz#repDiaHid12m:2022-09-20
2022-07-13,mazar,caudal_m3s,120,ords:repDiaHid12m,,2026-09-22T01:12:42Z,celec_ords/2022/09/repDiaHid12m.ndjson.gz#repDiaHid12m:2022-09-20
2022-07-13,mazar,cota_masl,2153.41,ords:repDiaHid12m,,2026-09-22T01:12:42Z,celec_ords/2022/09/repDiaHid12m.ndjson.gz#repDiaHid12m:2022-09-20
2022-07-13,minas_san_francisco,caudal_m3s,49,ords:repDiaHid12m,,2026-09-22T01:12:42Z,celec_ords/2022/09/repDiaHid12m.ndjson.gz#repDiaHid12m:2022-09-20
2022-07-13,minas_san_francisco,cota_masl,792.13,ords:repDiaHid12m,,2026-09-22T01:12:42Z,celec_ords/2022/09/repDiaHid12m.ndjson.gz#repDiaHid12m:2022-09-20
2022-07-14,amaluza,caudal_m3s,191,ords:repDiaHid12m,,2026-09-22T01:12:42Z,celec_ords/2022/09/repDiaHid12m.ndjson.gz#repDiaHid12m:2022-09-20
2022-07-14,amaluza,cota_masl,1990.87,ords:repDiaHid12m,,2026-09-22T01:12:42Z,celec_ords/2022/09/repDiaHid12m.ndjson.gz#repDiaHid12m:2022-09-20
2022-07-14,delsitanisagua,caudal_m3s,51,ords:repDiaHid12m,,2026-09-22T01:12:42Z,celec_ords/2022/09/repDiaHid12m.ndjson.gz#repDiaHid12m:2022-09-20
2022-07-14,delsitanisagua,cota_masl,1489.89,ords:repDiaHid12m,,2026-09-22T01:12:42Z,celec_ords/2022/09/repDiaHid12m.ndjson.gz#repDiaHid12m:2022-09-20
2022-07-14,mazar,caudal_m3s,87,ords:repDiaHid12m,,2026-09-22T01:12:42Z,celec_ords/2022/09/repDiaHid12m.ndjson.gz#repDiaHid12m:2022-09-20
2022-07-14,mazar,cota_masl,2153.19,ords:repDiaHid12m,,2026-09-22T01:12:42Z,celec_ords/2022/09/repDiaHid12m.ndjson.gz#repDiaHid12m:2022-09-20
2022-07-14,minas_san_francisco,caudal_m3s,33,ords:repDiaHid12m,,2026-09-22T01:12:42Z,celec_ords/2022/09/repDiaHid12m.ndjson.gz#repDiaHid12m:2022-09-20
2022-07-14,minas_san_francisco,cota_masl,789.03,ords:repDiaHid12m,,2026-09-22T01:12:42Z,celec_ords/2022/09/repDiaHid12m.ndjson.gz#repDiaHid12m:2022-09-20
2022-07-15,amaluza,caudal_m3s,139,ords:repDiaHid12m,,2026-09-22T01:12:42Z,celec_ords/2022/09/repDiaHid12m.ndjson.gz#repDiaHid12m:2022-09-20
2022-07-15,amaluza,cota_masl,1990.86,ords:repDiaHid12m,,2026-09-22T01:12:42Z,celec_ords/2022/09/repDiaHid12m.ndjson.gz#repDiaHid12m:2022-09-20
2022-07-15,delsitanisagua,caudal_m3s,49,ords:repDiaHid12m,,2026-09-22T01:12:42Z,celec_ords/2022/09/repDiaHid12m.ndjson.gz#repDiaHid12m:2022-09-20
2022-07-15,delsitanisagua,cota_masl,1489.82,ords:repDiaHid12m,,2026-09-22T01:12:42Z,celec_ords/2022/09/repDiaHid12m.ndjson.gz#repDiaHid12m:2022-09-20
2022-07-15,mazar,caudal_m3s,85,ords:repDiaHid12m,,2026-09-22T01:12:42Z,celec_ords/2022/09/repDiaHid12m.ndjson.gz#repDiaHid12m:2022-09-20
2022-07-15,mazar,cota_masl,2152.82,ords:repDiaHid12m,,2026-09-22T01:12:42Z,celec_ords/2022/09/repDiaHid12m.ndjson.gz#repDiaHid12m:2022-09-20
2022-07-15,minas_san_francisco,caudal_m3s,32,ords:repDiaHid12m,,2026-09-22T01:12:42Z,celec_ords/2022/09/repDiaHid12m.ndjson.gz#repDiaHid12m:2022-09-20
2022-07-15,minas_san_francisco,cota_masl,787.37,ords:repDiaHid12m,,2026-09-22T01:12:42Z,celec_ords/2022/09/repDiaHid12m.ndjson.gz#repDiaHid12m:2022-09-20
2022-07-16,amaluza,caudal_m3s,174,ords:repDiaHid12m,,2026-09-22T01:12:42Z,celec_ords/2022/09/repDiaHid12m.ndjson.gz#repDiaHid12m:2022-09-20
2022-07-16,amaluza,cota_masl,1989.96,ords:repDiaHid12m,,2026-09-22T01:12:42Z,celec_ords/2022/09/repDiaHid12m.ndjson.gz#repDiaHid12m:2022-09-20
2022-07-16,delsitanisagua,caudal_m3s,47,ords:repDiaHid12m,,2026-09-22T01:12:42Z,celec_ords/2022/09/repDiaHid12m.ndjson.gz#repDiaHid12m:2022-09-20
2022-07-16,delsitanisagua,cota_masl,1489.81,ords:repDiaHid12m,,2026-09-22T01:12:42Z,celec_ords/2022/09/repDiaHid12m.ndjson.gz#repDiaHid12m:2022-09-20
2022-07-16,mazar,caudal_m3s,72,ords:repDiaHid12m,,2026-09-22T01:12:42Z,celec_ords/2022/09/repDiaHid12m.ndjson.gz#repDiaHid12m:2022-09-20
2022-07-16,mazar,cota_masl,2153.06,ords:repDiaHid12m,,2026-09-22T01:12:42Z,celec_ords/2022/09/repDiaHid12m.ndjson.gz#repDiaHid12m:2022-09-20
2022-07-16,minas_san_francisco,caudal_m3s,28,ords:repDiaHid12m,,2026-09-22T01:12:42Z,celec_ords/2022/09/repDiaHid12m.ndjson.gz#repDiaHid12m:2022-09-20
2022-07-16,minas_san_francisco,cota_masl,789.63,ords:repDiaHid12m,,2026-09-22T01:12:42Z,celec_ords/2022/09/repDiaHid12m.ndjson.gz#repDiaHid12m:2022-09-20
2022-07-17,amaluza,caudal_m3s,120,ords:repDiaHid12m,,2026-09-22T01:12:42Z,celec_ords/2022/09/repDiaHid12m.ndjson.gz#repDiaHid12m:2022-09-20
2022-07-17,amaluza,cota_masl,1989.46,ords:repDiaHid12m,,2026-09-22T01:12:42Z,celec_ords/2022/09/repDiaHid12m.ndjson.gz#repDiaHid12m:2022-09-20
2022-07-17,delsitanisagua,caudal_m3s,54,ords:repDiaHid12m,,2026-09-22T01:12:42Z,celec_ords/2022/09/repDiaHid12m.ndjson.gz#repDiaHid12m:2022-09-20
2022-07-17,delsitanisagua,cota_masl,1489.84,ords:repDiaHid12m,,2026-09-22T01:12:42Z,celec_ords/2022/09/repDiaHid12m.ndjson.gz#repDiaHid12m:2022-09-20
2022-07-17,mazar,caudal_m3s,76,ords:repDiaHid12m,,2026-09-22T01:12:42Z,celec_ords/2022/09/repDiaHid12m.ndjson.gz#repDiaHid12m:2022-09-20
2022-07-17,mazar,cota_masl,2153.32,ords:repDiaHid12m,,2026-09-22T01:12:42Z,celec_ords/2022/09/repDiaHid12m.ndjson.gz#repDiaHid12m:2022-09-20
2022-07-17,minas_san_francisco,caudal_m3s,29,ords:repDiaHid12m,,2026-09-22T01:12:42Z,celec_ords/2022/09/repDiaHid12m.ndjson.gz#repDiaHid12m:2022-09-20
2022-07-17,minas_san_francisco,cota_masl,791.09,ords:repDiaHid12m,,2026-09-22T01:12:42Z,celec_ords/2022/09/repDiaHid12m.ndjson.gz#repDiaHid12m:2022-09-20
2022-07-18,amaluza,caudal_m3s,121,ords:repDiaHid12m,,2026-09-22T01:12:42Z,celec_ords/2022/09/repDiaHid12m.ndjson.gz#repDiaHid12m:2022-09-20
2022-07-18,amaluza,cota_masl,1990.43,ords:repDiaHid12m,,2026-09-22T01:12:42Z,celec_ords/2022/09/repDiaHid12m.ndjson.gz#repDiaHid12m:2022-09-20
2022-07-18,delsitanisagua,caudal_m3s,67,ords:repDiaHid12m,,2026-09-22T01:12:42Z,celec_ords/2022/09/repDiaHid12m.ndjson.gz#repDiaHid12m:2022-09-20
2022-07-18,delsitanisagua,cota_masl,1489.88,ords:repDiaHid12m,,2026-09-22T01:12:42Z,celec_ords/2022/09/repDiaHid12m.ndjson.gz#repDiaHid12m:2022-09-20
2022-07-18,mazar,caudal_m3s,104,ords:repDiaHid12m,,2026-09-22T01:12:42Z,celec_ords/2022/09/repDiaHid12m.ndjson.gz#repDiaHid12m:2022-09-20
2022-07-18,mazar,cota_masl,2153.33,ords:repDiaHid12m,,2026-09-22T01:12:42Z,celec_ords/2022/09/repDiaHid12m.ndjson.gz#repDiaHid12m:2022-09-20
2022-07-18,minas_san_francisco,caudal_m3s,65,ords:repDiaHid12m,,2026-09-22T01:12:42Z,celec_ords/2022/09/repDiaHid12m.ndjson.gz#repDiaHid12m:2022-09-20
2022-07-18,minas_san_francisco,cota_masl,791.75,ords:repDiaHid12m,,2026-09-22T01:12:42Z,celec_ords/2022/09/repDiaHid12m.ndjson.gz#repDiaHid12m:2022-09-20
2022-07-19,amaluza,caudal_m3s,128,ords:repDiaHid12m,,2026-09-22T01:12:42Z,celec_ords/2022/09/repDiaHid12m.ndjson.gz#repDiaHid12m:2022-09-20
2022-07-19,amaluza,cota_masl,1989.8,ords:repDiaHid12m,,2026-09-22T01:12:42Z,celec_ords/2022/09/repDiaHid12m.ndjson.gz#repDiaHid12m:2022-09-20
2022-07-19,delsitanisagua,caudal_m3s,99,ords:repDiaHid12m,,2026-09-22T01:12:42Z,celec_ords/2022/09/repDiaHid12m.ndjson.gz#repDiaHid12m:2022-09-20
2022-07-19,delsitanisagua,cota_masl,1488.88,ords:repDiaHid12m,,2026-09-22T01:12:42Z,celec_ords/2022/09/repDiaHid12m.ndjson.gz#repDiaHid12m:2022-09-20
2022-07-19,mazar,caudal_m3s,112,ords:repDiaHid12m,,2026-09-22T01:12:42Z,celec_ords/2022/09/repDiaHid12m.ndjson.gz#repDiaHid12m:2022-09-20
2022-07-19,mazar,cota_masl,2153.58,ords:repDiaHid12m,,2026-09-22T01:12:42Z,celec_ords/2022/09/repDiaHid12m.ndjson.gz#repDiaHid12m:2022-09-20
2022-07-19,minas_san_francisco,caudal_m3s,32,ords:repDiaHid12m,,2026-09-22T01:12:42Z,celec_ords/2022/09/repDiaHid12m.ndjson.gz#repDiaHid12m:2022-09-20
2022-07-19,minas_san_francisco,cota_masl,789.88,ords:repDiaHid12m,,2026-09-22T01:12:42Z,celec_ords/2022/09/repDiaHid12m.ndjson.gz#repDiaHid12m:2022-09-20
2022-07-20,amaluza,caudal_m3s,151,ords:repDiaHid12m,,2026-09-22T01:12:42Z,celec_ords/2022/09/repDiaHid12m.ndjson.gz#repDiaHid12m:2022-09-20
2022-07-20,amaluza,cota_masl,1990.24,ords:repDiaHid12m,,2026-09-22T01:12:42Z,celec_ords/2022/09/repDiaHid12m.ndjson.gz#repDiaHid12m:2022-09-20
2022-07-20,delsitanisagua,caudal_m3s,69,ords:repDiaHid12m,,2026-09-22T01:12:42Z,celec_ords/2022/09/repDiaHid12m.ndjson.gz#repDiaHid12m:2022-09-20
2022-07-20,delsitanisagua,cota_masl,1489.87,ords:repDiaHid12m,,2026-09-22T01:12:42Z,celec_ords/2022/09/repDiaHid12m.ndjson.gz#repDiaHid12m:2022-09-20
2022-07-20,mazar,caudal_m3s,104,ords:repDiaHid12m,,2026-09-22T01:12:42Z,celec_ords/2022/09/repDiaHid12m.ndjson.gz#repDiaHid12m:2022-09-20
2022-07-20,mazar,cota_masl,2153.69,ords:repDiaHid12m,,2026-09-22T01:12:42Z,celec_ords/2022/09/repDiaHid12m.ndjson.gz#repDiaHid12m:2022-09-20
2022-07-20,minas_san_francisco,caudal_m3s,31,ords:repDiaHid12m,,2026-09-22T01:12:42Z,celec_ords/2022/09/repDiaHid12m.ndjson.gz#repDiaHid12m:2022-09-20
2022-07-20,minas_san_francisco,cota_masl,789.2,ords:repDiaHid12m,,2026-09-22T01:12:42Z,celec_ords/2022/09/repDiaHid12m.ndjson.gz#repDiaHid12m:2022-09-20
2022-07-21,amaluza,caudal_m3s,104,ords:repDiaHid12m,,2026-09-22T01:12:42Z,celec_ords/2022/09/repDiaHid12m.ndjson.gz#repDiaHid12m:2022-09-20
2022-07-21,amaluza,cota_masl,1990.43,ords:repDiaHid12m,,2026-09-22T01:12:42Z,celec_ords/2022/09/repDiaHid12m.ndjson.gz#repDiaHid12m:2022-09-20
2022-07-21,delsitanisagua,caudal_m3s,74,ords:repDiaHid12m,,2026-09-22T01:12:42Z,celec_ords/2022/09/repDiaHid12m.ndjson.gz#repDiaHid12m:2022-09-20
2022-07-21,delsitanisagua,cota_masl,1489.88,ords:repDiaHid12m,,2026-09-22T01:12:42Z,celec_ords/2022/09/repDiaHid12m.ndjson.gz#repDiaHid12m:2022-09-20
2022-07-21,mazar,caudal_m3s,89,ords:repDiaHid12m,,2026-09-22T01:12:42Z,celec_ords/2022/09/repDiaHid12m.ndjson.gz#repDiaHid12m:2022-09-20
2022-07-21,mazar,cota_masl,2153.53,ords:repDiaHid12m,,2026-09-22T01:12:42Z,celec_ords/2022/09/repDiaHid12m.ndjson.gz#repDiaHid12m:2022-09-20
2022-07-21,minas_san_francisco,caudal_m3s,44,ords:repDiaHid12m,,2026-09-22T01:12:42Z,celec_ords/2022/09/repDiaHid12m.ndjson.gz#repDiaHid12m:2022-09-20
2022-07-21,minas_san_francisco,cota_masl,790.8,ords:repDiaHid12m,,2026-09-22T01:12:42Z,celec_ords/2022/09/repDiaHid12m.ndjson.gz#repDiaHid12m:2022-09-20
2022-07-22,amaluza,caudal_m3s,107,ords:repDiaHid12m,,2026-09-22T01:12:42Z,celec_ords/2022/09/repDiaHid12m.ndjson.gz#repDiaHid12m:2022-09-20
2022-07-22,amaluza,cota_masl,1989.8,ords:repDiaHid12m,,2026-09-22T01:12:42Z,celec_ords/2022/09/repDiaHid12m.ndjson.gz#repDiaHid12m:2022-09-20
2022-07-22,delsitanisagua,caudal_m3s,49,ords:repDiaHid12m,,2026-09-22T01:12:42Z,celec_ords/2022/09/repDiaHid12m.ndjson.gz#repDiaHid12m:2022-09-20
2022-07-22,delsitanisagua,cota_masl,1489.99,ords:repDiaHid12m,,2026-09-22T01:12:42Z,celec_ords/2022/09/repDiaHid12m.ndjson.gz#repDiaHid12m:2022-09-20
2022-07-22,mazar,caudal_m3s,85,ords:repDiaHid12m,,2026-09-22T01:12:42Z,celec_ords/2022/09/repDiaHid12m.ndjson.gz#repDiaHid12m:2022-09-20
2022-07-22,mazar,cota_masl,2153.58,ords:repDiaHid12m,,2026-09-22T01:12:42Z,celec_ords/2022/09/repDiaHid12m.ndjson.gz#repDiaHid12m:2022-09-20
2022-07-22,minas_san_francisco,caudal_m3s,30,ords:repDiaHid12m,,2026-09-22T01:12:42Z,celec_ords/2022/09/repDiaHid12m.ndjson.gz#repDiaHid12m:2022-09-20
2022-07-22,minas_san_francisco,cota_masl,790.47,ords:repDiaHid12m,,2026-09-22T01:12:42Z,celec_ords/2022/09/repDiaHid12m.ndjson.gz#repDiaHid12m:2022-09-20
2022-07-23,amaluza,caudal_m3s,105,ords:repDiaHid12m,,2026-09-22T01:12:42Z,celec_ords/2022/09/repDiaHid12m.ndjson.gz#repDiaHid12m:2022-09-20
2022-07-23,amaluza,cota_masl,1989.5,ords:repDiaHid12m,,2026-09-22T01:12:42Z,celec_ords/2022/09/repDiaHid12m.ndjson.gz#repDiaHid12m:2022-09-20
2022-07-23,delsitanisagua,caudal_m3s,45,ords:repDiaHid12m,,2026-09-22T01:12:42Z,celec_ords/2022/09/repDiaHid12m.ndjson.gz#repDiaHid12m:2022-09-20
2022-07-23,delsitanisagua,cota_masl,1489.87,ords:repDiaHid12m,,2026-09-22T01:12:42Z,celec_ords/2022/09/repDiaHid12m.ndjson.gz#repDiaHid12m:2022-09-20
2022-07-23,mazar,caudal_m3s,79,ords:repDiaHid12m,,2026-09-22T01:12:42Z,celec_ords/2022/09/repDiaHid12m.ndjson.gz#repDiaHid12m:2022-09-20
2022-07-23,mazar,cota_masl,2153.6,ords:repDiaHid12m,,2026-09-22T01:12:42Z,celec_ords/2022/09/repDiaHid12m.ndjson.gz#repDiaHid12m:2022-09-20
2022-07-23,minas_san_francisco,caudal_m3s,26,ords:repDiaHid12m,,2026-09-22T01:12:42Z,celec_ords/2022/09/repDiaHid12m.ndjson.gz#repDiaHid12m:2022-09-20
2022-07-23,minas_san_francisco,cota_masl,790.87,ords:repDiaHid12m,,2026-09-22T01:12:42Z,celec_ords/2022/09/repDiaHid12m.ndjson.gz#repDiaHid12m:2022-09-20
2022-07-24,amaluza,caudal_m3s,115,ords:repDiaHid12m,,2026-09-22T01:12:42Z,celec_ords/2022/09/repDiaHid12m.ndjson.gz#repDiaHid12m:2022-09-20
2022-07-24,amaluza,cota_masl,1989.51,ords:repDiaHid12m,,2026-09-22T01:12:42Z,celec_ords/2022/09/repDiaHid12m.ndjson.gz#repDiaHid12m:2022-09-20
2022-07-24,delsitanisagua,caudal_m3s,44,ords:repDiaHid12m,,2026-09-22T01:12:42Z,celec_ords/2022/09/repDiaHid12m.ndjson.gz#repDiaHid12m:2022-09-20
2022-07-24,delsitanisagua,cota_masl,1489.84,ords:repDiaHid12m,,2026-09-22T01:12:42Z,celec_ords/2022/09/repDiaHid12m.ndjson.gz#repDiaHid12m:2022-09-20
2022-07-24,mazar,caudal_m3s,85,ords:repDiaHid12m,,2026-09-22T01:12:42Z,celec_ords/2022/09/repDiaHid12m.ndjson.gz#repDiaHid12m:2022-09-20
2022-07-24,mazar,cota_masl,2153.63,ords:repDiaHid12m,,2026-09-22T01:12:42Z,celec_ords/2022/09/repDiaHid12m.ndjson.gz#repDiaHid12m:2022-09-20
2022-07-24,minas_san_francisco,caudal_m3s,26,ords:repDiaHid12m,,2026-09-22T01:12:42Z,celec_ords/2022/09/repDiaHid12m.ndjson.gz#repDiaHid12m:2022-09-20
2022-07-24,minas_san_francisco,cota_masl,792.14,ords:repDiaHid12m,,2026-09-22T01:12:42Z,celec_ords/2022/09/repDiaHid12m.ndjson.gz#repDiaHid12m:2022-09-20
2022-07-25,amaluza,caudal_m3s,120,ords:repDiaHid12m,,2026-09-22T01:12:42Z,celec_ords/2022/09/repDiaHid12m.ndjson.gz#repDiaHid12m:2022-09-20
2022-07-25,amaluza,cota_masl,1989.51,ords:repDiaHid12m,,2026-09-22T01:12:42Z,celec_ords/2022/09/repDiaHid12m.ndjson.gz#repDiaHid12m:2022-09-20
2022-07-25,delsitanisagua,caudal_m3s,44,ords:repDiaHid12m,,2026-09-22T01:12:42Z,celec_ords/2022/09/repDiaHid12m.ndjson.gz#repDiaHid12m:2022-09-20
2022-07-25,delsitanisagua,cota_masl,1489.8,ords:repDiaHid12m,,2026-09-22T01:12:42Z,celec_ords/2022/09/repDiaHid12m.ndjson.gz#repDiaHid12m:2022-09-20
2022-07-25,mazar,caudal_m3s,88,ords:repDiaHid12m,,2026-09-22T01:12:42Z,celec_ords/2022/09/repDiaHid12m.ndjson.gz#repDiaHid12m:2022-09-20
2022-07-25,mazar,cota_masl,2153.58,ords:repDiaHid12m,,2026-09-22T01:12:42Z,celec_ords/2022/09/repDiaHid12m.ndjson.gz#repDiaHid12m:2022-09-20
2022-07-25,minas_san_francisco,caudal_m3s,29,ords:repDiaHid12m,,2026-09-22T01:12:42Z,celec_ords/2022/09/repDiaHid12m.ndjson.gz#repDiaHid12m:2022-09-20
2022-07-25,minas_san_francisco,cota_masl,790.9,ords:repDiaHid12m,,2026-09-22T01:12:42Z,celec_ords/2022/09/repDiaHid12m.ndjson.gz#repDiaHid12m:2022-09-20
2022-07-26,amaluza,caudal_m3s,207,ords:repDiaHid12m,,2026-09-22T01:12:42Z,celec_ords/2022/09/repDiaHid12m.ndjson.gz#repDiaHid12m:2022-09-20
2022-07-26,amaluza,cota_masl,1990.6,ords:repDiaHid12m,,2026-09-22T01:12:42Z,celec_ords/2022/09/repDiaHid12m.ndjson.gz#repDiaHid12m:2022-09-20
2022-07-26,delsitanisagua,caudal_m3s,79,ords:repDiaHid12m,,2026-09-22T01:12:42Z,celec_ords/2022/09/repDiaHid12m.ndjson.gz#repDiaHid12m:2022-09-20
2022-07-26,delsitanisagua,cota_masl,1489.96,ords:repDiaHid12m,,2026-09-22T01:12:42Z,celec_ords/2022/09/repDiaHid12m.ndjson.gz#repDiaHid12m:2022-09-20
2022-07-26,mazar,caudal_m3s,314,ords:repDiaHid12m,,2026-09-22T01:12:42Z,celec_ords/2022/09/repDiaHid12m.ndjson.gz#repDiaHid12m:2022-09-20
2022-07-26,mazar,cota_masl,2154.07,ords:repDiaHid12m,,2026-09-22T01:12:42Z,celec_ords/2022/09/repDiaHid12m.ndjson.gz#repDiaHid12m:2022-09-20
2022-07-26,minas_san_francisco,caudal_m3s,57,ords:repDiaHid12m,,2026-09-22T01:12:42Z,celec_ords/2022/09/repDiaHid12m.ndjson.gz#repDiaHid12m:2022-09-20
2022-07-26,minas_san_francisco,cota_masl,791.47,ords:repDiaHid12m,,2026-09-22T01:12:42Z,celec_ords/2022/09/repDiaHid12m.ndjson.gz#repDiaHid12m:2022-09-20
2022-07-27,amaluza,caudal_m3s,186,ords:repDiaHid12m,,2026-09-22T01:12:42Z,celec_ords/2022/09/repDiaHid12m.ndjson.gz#repDiaHid12m:2022-09-20
2022-07-27,amaluza,cota_masl,1990.81,ords:repDiaHid12m,,2026-09-22T01:12:42Z,celec_ords/2022/09/repDiaHid12m.ndjson.gz#repDiaHid12m:2022-09-20
2022-07-27,delsitanisagua,caudal_m3s,54,ords:repDiaHid12m,,2026-09-22T01:12:42Z,celec_ords/2022/09/repDiaHid12m.ndjson.gz#repDiaHid12m:2022-09-20
2022-07-27,delsitanisagua,cota_masl,1489.85,ords:repDiaHid12m,,2026-09-22T01:12:42Z,celec_ords/2022/09/repDiaHid12m.ndjson.gz#repDiaHid12m:2022-09-20
2022-07-27,mazar,caudal_m3s,135,ords:repDiaHid12m,,2026-09-22T01:12:42Z,celec_ords/2022/09/repDiaHid12m.ndjson.gz#repDiaHid12m:2022-09-20
2022-07-27,mazar,cota_masl,2153.88,ords:repDiaHid12m,,2026-09-22T01:12:42Z,celec_ords/2022/09/repDiaHid12m.ndjson.gz#repDiaHid12m:2022-09-20
2022-07-27,minas_san_francisco,caudal_m3s,43,ords:repDiaHid12m,,2026-09-22T01:12:42Z,celec_ords/2022/09/repDiaHid12m.ndjson.gz#repDiaHid12m:2022-09-20
2022-07-27,minas_san_francisco,cota_masl,791.39,ords:repDiaHid12m,,2026-09-22T01:12:42Z,celec_ords/2022/09/repDiaHid12m.ndjson.gz#repDiaHid12m:2022-09-20
2022-07-28,amaluza,caudal_m3s,151,ords:repDiaHid12m,,2026-09-22T01:12:42Z,celec_ords/2022/09/repDiaHid12m.ndjson.gz#repDiaHid12m:2022-09-20
2022-07-28,amaluza,cota_masl,1990.78,ords:repDiaHid12m,,2026-09-22T01:12:42Z,celec_ords/2022/09/repDiaHid12m.ndjson.gz#repDiaHid12m:2022-09-20
2022-07-28,delsitanisagua,caudal_m3s,42,ords:repDiaHid12m,,2026-09-22T01:12:42Z,celec_ords/2022/09/repDiaHid12m.ndjson.gz#repDiaHid12m:2022-09-20
2022-07-28,delsitanisagua,cota_masl,1489.85,ords:repDiaHid12m,,2026-09-22T01:12:42Z,celec_ords/2022/09/repDiaHid12m.ndjson.gz#repDiaHid12m:2022-09-20
2022-07-28,mazar,caudal_m3s,102,ords:repDiaHid12m,,2026-09-22T01:12:42Z,celec_ords/2022/09/repDiaHid12m.ndjson.gz#repDiaHid12m:2022-09-20
2022-07-28,mazar,cota_masl,2153.69,ords:repDiaHid12m,,2026-09-22T01:12:42Z,celec_ords/2022/09/repDiaHid12m.ndjson.gz#repDiaHid12m:2022-09-20
2022-07-28,minas_san_francisco,caudal_m3s,37,ords:repDiaHid12m,,2026-09-22T01:12:42Z,celec_ords/2022/09/repDiaHid12m.ndjson.gz#repDiaHid12m:2022-09-20
2022-07-28,minas_san_francisco,cota_masl,790.71,ords:repDiaHid12m,,2026-09-22T01:12:42Z,celec_ords/2022/09/repDiaHid12m.ndjson.gz#repDiaHid12m:2022-09-20
2022-07-29,amaluza,caudal_m3s,115,ords:repDiaHid12m,,2026-09-22T01:12:42Z,celec_ords/2022/09/repDiaHid12m.ndjson.gz#repDiaHid12m:2022-09-20
2022-07-29,amaluza,cota_masl,1990.71,ords:repDiaHid12m,,2026-09-22T01:12:42Z,celec_ords/2022/09/repDiaHid12m.ndjson.gz#repDiaHid12m:2022-09-20
2022-07-29,delsitanisagua,caudal_m3s,40,ords:repDiaHid12m,,2026-09-22T01:12:42Z,celec_ords/2022/09/repDiaHid12m.ndjson.gz#repDiaHid12m:2022-09-20
2022-07-29,delsitanisagua,cota_masl,1489.83,ords:repDiaHid12m,,2026-09-22T01:12:42Z,celec_ords/2022/09/repDiaHid12m.ndjson.gz#repDiaHid12m:2022-09-20
2022-07-29,mazar,caudal_m3s,71,ords:repDiaHid12m,,2026-09-22T01:12:42Z,celec_ords/2022/09/repDiaHid12m.ndjson.gz#repDiaHid12m:2022-09-20
2022-07-29,mazar,cota_masl,2153.54,ords:repDiaHid12m,,2026-09-22T01:12:42Z,celec_ords/2022/09/repDiaHid12m.ndjson.gz#repDiaHid12m:2022-09-20
2022-07-29,minas_san_francisco,caudal_m3s,29,ords:repDiaHid12m,,2026-09-22T01:12:42Z,celec_ords/2022/09/repDiaHid12m.ndjson.gz#repDiaHid12m:2022-09-20
2022-07-29,minas_san_francisco,cota_masl,790.34,ords:repDiaHid12m,,2026-09-22T01:12:42Z,celec_ords/2022/09/repDiaHid12m.ndjson.gz#repDiaHid12m:2022-09-20
2022-07-30,amaluza,caudal_m3s,93,ords:repDiaHid12m,,2026-09-22T01:12:42Z,celec_ords/2022/09/repDiaHid12m.ndjson.gz#repDiaHid12m:2022-09-20
2022-07-30,amaluza,cota_masl,1990.06,ords:repDiaHid12m,,2026-09-22T01:12:42Z,celec_ords/2022/09/repDiaHid12m.ndjson.gz#repDiaHid12m:2022-09-20
2022-07-30,delsitanisagua,caudal_m3s,39,ords:repDiaHid12m,,2026-09-22T01:12:42Z,celec_ords/2022/09/repDiaHid12m.ndjson.gz#repDiaHid12m:2022-09-20
2022-07-30,delsitanisagua,cota_masl,1489.92,ords:repDiaHid12m,,2026-09-22T01:12:42Z,celec_ords/2022/09/repDiaHid12m.ndjson.gz#repDiaHid12m:2022-09-20
2022-07-30,mazar,caudal_m3s,73,ords:repDiaHid12m,,2026-09-22T01:12:42Z,celec_ords/2022/09/repDiaHid12m.ndjson.gz#repDiaHid12m:2022-09-20
2022-07-30,mazar,cota_masl,2153.52,ords:repDiaHid12m,,2026-09-22T01:12:42Z,celec_ords/2022/09/repDiaHid12m.ndjson.gz#repDiaHid12m:2022-09-20
2022-07-30,minas_san_francisco,caudal_m3s,25,ords:repDiaHid12m,,2026-09-22T01:12:42Z,celec_ords/2022/09/repDiaHid12m.ndjson.gz#repDiaHid12m:2022-09-20
2022-07-30,minas_san_francisco,cota_masl,790.73,ords:repDiaHid12m,,2026-09-22T01:12:42Z,celec_ords/2022/09/repDiaHid12m.ndjson.gz#repDiaHid12m:2022-09-20
2022-07-31,amaluza,caudal_m3s,132,ords:repDiaHid12m,,2026-09-22T01:12:42Z,celec_ords/2022/09/repDiaHid12m.ndjson.gz#repDiaHid12m:2022-09-20
2022-07-31,amaluza,cota_masl,1989.69,ords:repDiaHid12m,,2026-09-22T01:12:42Z,celec_ords/2022/09/repDiaHid12m.ndjson.gz#repDiaHid12m:2022-09-20
2022-07-31,delsitanisagua,caudal_m3s,38,ords:repDiaHid12m,,2026-09-22T01:12:42Z,celec_ords/2022/09/repDiaHid12m.ndjson.gz#repDiaHid12m:2022-09-20
2022-07-31,delsitanisagua,cota_masl,1490,ords:repDiaHid12m,,2026-09-22T01:12:42Z,celec_ords/2022/09/repDiaHid12m.ndjson.gz#repDiaHid12m:2022-09-20
2022-07-31,mazar,caudal_m3s,57,ords:repDiaHid12m,,2026-09-22T01:12:42Z,celec_ords/2022/09/repDiaHid12m.ndjson.gz#repDiaHid12m:2022-09-20
2022-07-31,mazar,cota_masl,2153.41,ords:repDiaHid12m,,2026-09-22T01:12:42Z,celec_ords/2022/09/repDiaHid12m.ndjson.gz#repDiaHid12m:2022-09-20
2022-07-31,minas_san_francisco,caudal_m3s,25,ords:repDiaHid12m,,2026-09-22T01:12:42Z,celec_ords/2022/09/repDiaHid12m.ndjson.gz#repDiaHid12m:2022-09-20
2022-07-31,minas_san_francisco,cota_masl,791.51,ords:repDiaHid12m,,2026-09-22T01:12:42Z,celec_ords/2022/09/repDiaHid12m.ndjson.gz#repDiaHid12m:2022-09-20
2022-08-01,amaluza,caudal_m3s,68,ords:repDiaHid12m,,2026-09-22T01:12:42Z,celec_ords/2022/09/repDiaHid12m.ndjson.gz#repDiaHid12m:2022-09-20
2022-08-01,amaluza,cota_masl,1989.07,ords:repDiaHid12m,,2026-09-22T01:12:42Z,celec_ords/2022/09/repDiaHid12m.ndjson.gz#repDiaHid12m:2022-09-20
2022-08-01,delsitanisagua,caudal_m3s,38,ords:repDiaHid12m,,2026-09-22T01:12:42Z,celec_ords/2022/09/repDiaHid12m.ndjson.gz#repDiaHid12m:2022-09-20
2022-08-01,delsitanisagua,cota_masl,1489.91,ords:repDiaHid12m,,2026-09-22T01:12:42Z,celec_ords/2022/09/repDiaHid12m.ndjson.gz#repDiaHid12m:2022-09-20
2022-08-01,mazar,caudal_m3s,64,ords:repDiaHid12m,,2026-09-22T01:12:42Z,celec_ords/2022/09/repDiaHid12m.ndjson.gz#repDiaHid12m:2022-09-20
2022-08-01,mazar,cota_masl,2153.32,ords:repDiaHid12m,,2026-09-22T01:12:42Z,celec_ords/2022/09/repDiaHid12m.ndjson.gz#repDiaHid12m:2022-09-20
2022-08-01,minas_san_francisco,caudal_m3s,22,ords:repDiaHid12m,,2026-09-22T01:12:42Z,celec_ords/2022/09/repDiaHid12m.ndjson.gz#repDiaHid12m:2022-09-20
2022-08-01,minas_san_francisco,cota_masl,790.86,ords:repDiaHid12m,,2026-09-22T01:12:42Z,celec_ords/2022/09/repDiaHid12m.ndjson.gz#repDiaHid12m:2022-09-20
2022-08-02,amaluza,caudal_m3s,76,ords:repDiaHid12m,,2026-09-22T01:12:42Z,celec_ords/2022/09/repDiaHid12m.ndjson.gz#repDiaHid12m:2022-09-20
2022-08-02,amaluza,cota_masl,1988.01,ords:repDiaHid12m,,2026-09-22T01:12:42Z,celec_ords/2022/09/repDiaHid12m.ndjson.gz#repDiaHid12m:2022-09-20
2022-08-02,delsitanisagua,caudal_m3s,42,ords:repDiaHid12m,,2026-09-22T01:12:42Z,celec_ords/2022/09/repDiaHid12m.ndjson.gz#repDiaHid12m:2022-09-20
2022-08-02,delsitanisagua,cota_masl,1489.87,ords:repDiaHid12m,,2026-09-22T01:12:42Z,celec_ords/2022/09/repDiaHid12m.ndjson.gz#repDiaHid12m:2022-09-20
2022-08-02,mazar,caudal_m3s,91,ords:repDiaHid12m,,2026-09-22T01:12:42Z,celec_ords/2022/09/repDiaHid12m.ndjson.gz#repDiaHid12m:2022-09-20
2022-08-02,mazar,cota_masl,2153.44,ords:repDiaHid12m,,2026-09-22T01:12:42Z,celec_ords/2022/09/repDiaHid12m.ndjson.gz#repDiaHid12m:2022-09-20
2022-08-02,minas_san_francisco,caudal_m3s,23,ords:repDiaHid12m,,2026-09-22T01:12:42Z,celec_ords/2022/09/repDiaHid12m.ndjson.gz#repDiaHid12m:2022-09-20
2022-08-02,minas_san_francisco,cota_masl,791.15,ords:repDiaHid12m,,2026-09-22T01:12:42Z,celec_ords/2022/09/repDiaHid12m.ndjson.gz#repDiaHid12m:2022-09-20
2022-08-03,amaluza,caudal_m3s,91,ords:repDiaHid12m,,2026-09-22T01:12:42Z,celec_ords/2022/09/repDiaHid12m.ndjson.gz#repDiaHid12m:2022-09-20
2022-08-03,amaluza,cota_masl,1987.36,ords:repDiaHid12m,,2026-09-22T01:12:42Z,celec_ords/2022/09/repDiaHid12m.ndjson.gz#repDiaHid12m:2022-09-20
2022-08-03,delsitanisagua,caudal_m3s,66,ords:repDiaHid12m,,2026-09-22T01:12:42Z,celec_ords/2022/09/repDiaHid12m.ndjson.gz#repDiaHid12m:2022-09-20
2022-08-03,delsitanisagua,cota_masl,1489.93,ords:repDiaHid12m,,2026-09-22T01:12:42Z,celec_ords/2022/09/repDiaHid12m.ndjson.gz#repDiaHid12m:2022-09-20
2022-08-03,mazar,caudal_m3s,114,ords:repDiaHid12m,,2026-09-22T01:12:42Z,celec_ords/2022/09/repDiaHid12m.ndjson.gz#repDiaHid12m:2022-09-20
2022-08-03,mazar,cota_masl,2153.54,ords:repDiaHid12m,,2026-09-22T01:12:42Z,celec_ords/2022/09/repDiaHid12m.ndjson.gz#repDiaHid12m:2022-09-20
2022-08-03,minas_san_francisco,caudal_m3s,43,ords:repDiaHid12m,,2026-09-22T01:12:42Z,celec_ords/2022/09/repDiaHid12m.ndjson.gz#repDiaHid12m:2022-09-20
2022-08-03,minas_san_francisco,cota_masl,791.3,ords:repDiaHid12m,,2026-09-22T01:12:42Z,celec_ords/2022/09/repDiaHid12m.ndjson.gz#repDiaHid12m:2022-09-20
2022-08-04,amaluza,caudal_m3s,139,ords:repDiaHid12m,,2026-09-22T01:12:42Z,celec_ords/2022/09/repDiaHid12m.ndjson.gz#repDiaHid12m:2022-09-20
2022-08-04,amaluza,cota_masl,1988.01,ords:repDiaHid12m,,2026-09-22T01:12:42Z,celec_ords/2022/09/repDiaHid12m.ndjson.gz#repDiaHid12m:2022-09-20
2022-08-04,delsitanisagua,caudal_m3s,61,ords:repDiaHid12m,,2026-09-22T01:12:42Z,celec_ords/2022/09/repDiaHid12m.ndjson.gz#repDiaHid12m:2022-09-20
2022-08-04,delsitanisagua,cota_masl,1489.91,ords:repDiaHid12m,,2026-09-22T01:12:42Z,celec_ords/2022/09/repDiaHid12m.ndjson.gz#repDiaHid12m:2022-09-20
2022-08-04,mazar,caudal_m3s,151,ords:repDiaHid12m,,2026-09-22T01:12:42Z,celec_ords/2022/09/repDiaHid12m.ndjson.gz#repDiaHid12m:2022-09-20
2022-08-04,mazar,cota_masl,2153.75,ords:repDiaHid12m,,2026-09-22T01:12:42Z,celec_ords/2022/09/repDiaHid12m.ndjson.gz#repDiaHid12m:2022-09-20
2022-08-04,minas_san_francisco,caudal_m3s,49,ords:repDiaHid12m,,2026-09-22T01:12:42Z,celec_ords/2022/09/repDiaHid12m.ndjson.gz#repDiaHid12m:2022-09-20
2022-08-04,minas_san_francisco,cota_masl,791.19,ords:repDiaHid12m,,2026-09-22T01:12:42Z,celec_ords/2022/09/repDiaHid12m.ndjson.gz#repDiaHid12m:2022-09-20
2022-08-05,amaluza,caudal_m3s,151,ords:repDiaHid12m,,2026-09-22T01:12:42Z,celec_ords/2022/09/repDiaHid12m.ndjson.gz#repDiaHid12m:2022-09-20
2022-08-05,amaluza,cota_masl,1989,ords:repDiaHid12m,,2026-09-22T01:12:42Z,celec_ords/2022/09/repDiaHid12m.ndjson.gz#repDiaHid12m:2022-09-20
2022-08-05,delsitanisagua,caudal_m3s,44,ords:repDiaHid12m,,2026-09-22T01:12:42Z,celec_ords/2022/09/repDiaHid12m.ndjson.gz#repDiaHid12m:2022-09-20
2022-08-05,delsitanisagua,cota_masl,1489.94,ords:repDiaHid12m,,2026-09-22T01:12:42Z,celec_ords/2022/09/repDiaHid12m.ndjson.gz#repDiaHid12m:2022-09-20
2022-08-05,mazar,caudal_m3s,148,ords:repDiaHid12m,,2026-09-22T01:12:42Z,celec_ords/2022/09/repDiaHid12m.ndjson.gz#repDiaHid12m:2022-09-20
2022-08-05,mazar,cota_masl,2153.75,ords:repDiaHid12m,,2026-09-22T01:12:42Z,celec_ords/2022/09/repDiaHid12m.ndjson.gz#repDiaHid12m:2022-09-20
2022-08-05,minas_san_francisco,caudal_m3s,29,ords:repDiaHid12m,,2026-09-22T01:12:42Z,celec_ords/2022/09/repDiaHid12m.ndjson.gz#repDiaHid12m:2022-09-20
2022-08-05,minas_san_francisco,cota_masl,790.99,ords:repDiaHid12m,,2026-09-22T01:12:42Z,celec_ords/2022/09/repDiaHid12m.ndjson.gz#repDiaHid12m:2022-09-20
2022-08-06,amaluza,caudal_m3s,142,ords:repDiaHid12m,,2026-09-22T01:12:42Z,celec_ords/2022/09/repDiaHid12m.ndjson.gz#repDiaHid12m:2022-09-20
2022-08-06,amaluza,cota_masl,1990.26,ords:repDiaHid12m,,2026-09-22T01:12:42Z,celec_ords/2022/09/repDiaHid12m.ndjson.gz#repDiaHid12m:2022-09-20
2022-08-06,delsitanisagua,caudal_m3s,46,ords:repDiaHid12m,,2026-09-22T01:12:42Z,celec_ords/2022/09/repDiaHid12m.ndjson.gz#repDiaHid12m:2022-09-20
2022-08-06,delsitanisagua,cota_masl,1490.02,ords:repDiaHid12m,,2026-09-22T01:12:42Z,celec_ords/2022/09/repDiaHid12m.ndjson.gz#repDiaHid12m:2022-09-20
2022-08-06,mazar,caudal_m3s,125,ords:repDiaHid12m,,2026-09-22T01:12:42Z,celec_ords/2022/09/repDiaHid12m.ndjson.gz#repDiaHid12m:2022-09-20
2022-08-06,mazar,cota_masl,2153.81,ords:repDiaHid12m,,2026-09-22T01:12:42Z,celec_ords/2022/09/repDiaHid12m.ndjson.gz#repDiaHid12m:2022-09-20
2022-08-06,minas_san_francisco,caudal_m3s,30,ords:repDiaHid12m,,2026-09-22T01:12:42Z,celec_ords/2022/09/repDiaHid12m.ndjson.gz#repDiaHid12m:2022-09-20
2022-08-06,minas_san_francisco,cota_masl,790.17,ords:repDiaHid12m,,2026-09-22T01:12:42Z,celec_ords/2022/09/repDiaHid12m.ndjson.gz#repDiaHid12m:2022-09-20
2022-08-07,amaluza,caudal_m3s,109,ords:repDiaHid12m,,2026-09-22T01:12:42Z,celec_ords/2022/09/repDiaHid12m.ndjson.gz#repDiaHid12m:2022-09-20
2022-08-07,amaluza,cota_masl,1990.64,ords:repDiaHid12m,,2026-09-22T01:12:42Z,celec_ords/2022/09/repDiaHid12m.ndjson.gz#repDiaHid12m:2022-09-20
2022-08-07,delsitanisagua,caudal_m3s,40,ords:repDiaHid12m,,2026-09-22T01:12:42Z,celec_ords/2022/09/repDiaHid12m.ndjson.gz#repDiaHid12m:2022-09-20
2022-08-07,delsitanisagua,cota_masl,1489.94,ords:repDiaHid12m,,2026-09-22T01:12:42Z,celec_ords/2022/09/repDiaHid12m.ndjson.gz#repDiaHid12m:2022-09-20
2022-08-07,mazar,caudal_m3s,88,ords:repDiaHid12m,,2026-09-22T01:12:42Z,celec_ords/2022/09/repDiaHid12m.ndjson.gz#repDiaHid12m:2022-09-20
2022-08-07,mazar,cota_masl,2153.64,ords:repDiaHid12m,,2026-09-22T01:12:42Z,celec_ords/2022/09/repDiaHid12m.ndjson.gz#repDiaHid12m:2022-09-20
2022-08-07,minas_san_francisco,caudal_m3s,29,ords:repDiaHid12m,,2026-09-22T01:12:42Z,celec_ords/2022/09/repDiaHid12m.ndjson.gz#repDiaHid12m:2022-09-20
2022-08-07,minas_san_francisco,cota_masl,790.82,ords:repDiaHid12m,,2026-09-22T01:12:42Z,celec_ords/2022/09/repDiaHid12m.ndjson.gz#repDiaHid12m:2022-09-20
2022-08-08,amaluza,caudal_m3s,103,ords:repDiaHid12m,,2026-09-22T01:12:42Z,celec_ords/2022/09/repDiaHid12m.ndjson.gz#repDiaHid12m:2022-09-20
2022-08-08,amaluza,cota_masl,1990.39,ords:repDiaHid12m,,2026-09-22T01:12:42Z,celec_ords/2022/09/repDiaHid12m.ndjson.gz#repDiaHid12m:2022-09-20
2022-08-08,delsitanisagua,caudal_m3s,39,ords:repDiaHid12m,,2026-09-22T01:12:42Z,celec_ords/2022/09/repDiaHid12m.ndjson.gz#repDiaHid12m:2022-09-20
2022-08-08,delsitanisagua,cota_masl,1490,ords:repDiaHid12m,,2026-09-22T01:12:42Z,celec_ords/2022/09/repDiaHid12m.ndjson.gz#repDiaHid12m:2022-09-20
2022-08-08,mazar,caudal_m3s,69,ords:repDiaHid12m,,2026-09-22T01:12:42Z,celec_ords/2022/09/repDiaHid12m.ndjson.gz#repDiaHid12m:2022-09-20
2022-08-08,mazar,cota_masl,2153.49,ords:repDiaHid12m,,2026-09-22T01:12:42Z,celec_ords/2022/09/repDiaHid12m.ndjson.gz#repDiaHid12m:2022-09-20
2022-08-08,minas_san_francisco,caudal_m3s,20,ords:repDiaHid12m,,2026-09-22T01:12:42Z,celec_ords/2022/09/repDiaHid12m.ndjson.gz#repDiaHid12m:2022-09-20
2022-08-08,minas_san_francisco,cota_masl,789.47,ords:repDiaHid12m,,2026-09-22T01:12:42Z,celec_ords/2022/09/repDiaHid12m.ndjson.gz#repDiaHid12m:2022-09-20
2022-08-09,amaluza,caudal_m3s,98,ords:repDiaHid12m,,2026-09-22T01:12:42Z,celec_ords/2022/09/repDiaHid12m.ndjson.gz#repDiaHid12m:2022-09-20
2022-08-09,amaluza,cota_masl,1989.89,ords:repDiaHid12m,,2026-09-22T01:12:42Z,celec_ords/2022/09/repDiaHid12m.ndjson.gz#repDiaHid12m:2022-09-20
2022-08-09,delsitanisagua,caudal_m3s,62,ords:repDiaHid12m,,2026-09-22T01:12:42Z,celec_ords/2022/09/repDiaHid12m.ndjson.gz#repDiaHid12m:2022-09-20
2022-08-09,delsitanisagua,cota_masl,1489.87,ords:repDiaHid12m,,2026-09-22T01:12:42Z,celec_ords/2022/09/repDiaHid12m.ndjson.gz#repDiaHid12m:2022-09-20
2022-08-09,mazar,caudal_m3s,95,ords:repDiaHid12m,,2026-09-22T01:12:42Z,celec_ords/2022/09/repDiaHid12m.ndjson.gz#repDiaHid12m:2022-09-20
2022-08-09,mazar,cota_masl,2153.48,ords:repDiaHid12m,,2026-09-22T01:12:42Z,celec_ords/2022/09/repDiaHid12m.ndjson.gz#repDiaHid12m:2022-09-20
2022-08-09,minas_san_francisco,caudal_m3s,28,ords:repDiaHid12m,,2026-09-22T01:12:42Z,celec_ords/2022/09/repDiaHid12m.ndjson.gz#repDiaHid12m:2022-09-20
2022-08-09,minas_san_francisco,cota_masl,790.6,ords:repDiaHid12m,,2026-09-22T01:12:42Z,celec_ords/2022/09/repDiaHid12m.ndjson.gz#repDiaHid12m:2022-09-20
2022-08-10,amaluza,caudal_m3s,308,ords:repDiaHid12m,,2026-09-22T01:12:42Z,celec_ords/2022/09/repDiaHid12m.ndjson.gz#repDiaHid12m:2022-09-20
2022-08-10,amaluza,cota_masl,1991.17,ords:repDiaHid12m,,2026-09-22T01:12:42Z,celec_ords/2022/09/repDiaHid12m.ndjson.gz#repDiaHid12m:2022-09-20
2022-08-10,delsitanisagua,caudal_m3s,98,ords:repDiaHid12m,,2026-09-22T01:12:42Z,celec_ords/2022/09/repDiaHid12m.ndjson.gz#repDiaHid12m:2022-09-20
2022-08-10,delsitanisagua,cota_masl,1489.89,ords:repDiaHid12m,,2026-09-22T01:12:42Z,celec_ords/2022/09/repDiaHid12m.ndjson.gz#repDiaHid12m:2022-09-20
2022-08-10,mazar,caudal_m3s,313,ords:repDiaHid12m,,2026-09-22T01:12:42Z,celec_ords/2022/09/repDiaHid12m.ndjson.gz#repDiaHid12m:2022-09-20
2022-08-10,mazar,cota_masl,2154.15,ords:repDiaHid12m,,2026-09-22T01:12:42Z,celec_ords/2022/09/repDiaHid12m.ndjson.gz#repDiaHid12m:2022-09-20
2022-08-10,minas_san_francisco,caudal_m3s,93,ords:repDiaHid12m,,2026-09-22T01:12:42Z,celec_ords/2022/09/repDiaHid12m.ndjson.gz#repDiaHid12m:2022-09-20
2022-08-10,minas_san_francisco,cota_masl,792.53,ords:repDiaHid12m,,2026-09-22T01:12:42Z,celec_ords/2022/09/repDiaHid12m.ndjson.gz#repDiaHid12m:2022-09-20
2022-08-11,amaluza,caudal_m3s,589,ords:repDiaHid12m,,2026-09-22T01:12:42Z,celec_ords/2022/09/repDiaHid12m.ndjson.gz#repDiaHid12m:2022-09-20
2022-08-11,amaluza,cota_masl,1991.24,ords:repDiaHid12m,,2026-09-22T01:12:42Z,celec_ords/2022/09/repDiaHid12m.ndjson.gz#repDiaHid12m:2022-09-20
2022-08-11,delsitanisagua,caudal_m3s,77,ords:repDiaHid12m,,2026-09-22T01:12:42Z,celec_ords/2022/09/repDiaHid12m.ndjson.gz#repDiaHid12m:2022-09-20
2022-08-11,delsitanisagua,cota_masl,1489.8,ords:repDiaHid12m,,2026-09-22T01:12:42Z,celec_ords/2022/09/repDiaHid12m.ndjson.gz#repDiaHid12m:2022-09-20
2022-08-11,mazar,caudal_m3s,314,ords:repDiaHid12m,,2026-09-22T01:12:42Z,celec_ords/2022/09/repDiaHid12m.ndjson.gz#repDiaHid12m:2022-09-20
2022-08-11,mazar,cota_masl,2154.55,ords:repDiaHid12m,,2026-09-22T01:12:42Z,celec_ords/2022/09/repDiaHid12m.ndjson.gz#repDiaHid12m:2022-09-20
2022-08-11,minas_san_francisco,caudal_m3s,202,ords:repDiaHid12m,,2026-09-22T01:12:42Z,celec_ords/2022/09/repDiaHid12m.ndjson.gz#repDiaHid12m:2022-09-20
2022-08-11,minas_san_francisco,cota_masl,792.15,ords:repDiaHid12m,,2026-09-22T01:12:42Z,celec_ords/2022/09/repDiaHid12m.ndjson.gz#repDiaHid12m:2022-09-20
2022-08-12,amaluza,caudal_m3s,245,ords:repDiaHid12m,,2026-09-22T01:12:42Z,celec_ords/2022/09/repDiaHid12m.ndjson.gz#repDiaHid12m:2022-09-20
2022-08-12,amaluza,cota_masl,1990.69,ords:repDiaHid12m,,2026-09-22T01:12:42Z,celec_ords/2022/09/repDiaHid12m.ndjson.gz#repDiaHid12m:2022-09-20
2022-08-12,delsitanisagua,caudal_m3s,49,ords:repDiaHid12m,,2026-09-22T01:12:42Z,celec_ords/2022/09/repDiaHid12m.ndjson.gz#repDiaHid12m:2022-09-20
2022-08-12,delsitanisagua,cota_masl,1489.89,ords:repDiaHid12m,,2026-09-22T01:12:42Z,celec_ords/2022/09/repDiaHid12m.ndjson.gz#repDiaHid12m:2022-09-20
2022-08-12,mazar,caudal_m3s,107,ords:repDiaHid12m,,2026-09-22T01:12:42Z,celec_ords/2022/09/repDiaHid12m.ndjson.gz#repDiaHid12m:2022-09-20
2022-08-12,mazar,cota_masl,2153.48,ords:repDiaHid12m,,2026-09-22T01:12:42Z,celec_ords/2022/09/repDiaHid12m.ndjson.gz#repDiaHid12m:2022-09-20
2022-08-12,minas_san_francisco,caudal_m3s,37,ords:repDiaHid12m,,2026-09-22T01:12:42Z,celec_ords/2022/09/repDiaHid12m.ndjson.gz#repDiaHid12m:2022-09-20
2022-08-12,minas_san_francisco,cota_masl,790.42,ords:repDiaHid12m,,2026-09-22T01:12:42Z,celec_ords/2022/09/repDiaHid12m.ndjson.gz#repDiaHid12m:2022-09-20
2022-08-13,amaluza,caudal_m3s,62,ords:repDiaHid12m,,2026-09-22T01:12:42Z,celec_ords/2022/09/repDiaHid12m.ndjson.gz#repDiaHid12m:2022-09-20
2022-08-13,amaluza,cota_masl,1990.36,ords:repDiaHid12m,,2026-09-22T01:12:42Z,celec_ords/2022/09/repDiaHid12m.ndjson.gz#repDiaHid12m:2022-09-20
2022-08-13,delsitanisagua,caudal_m3s,44,ords:repDiaHid12m,,2026-09-22T01:12:42Z,celec_ords/2022/09/repDiaHid12m.ndjson.gz#repDiaHid12m:2022-09-20
2022-08-13,delsitanisagua,cota_masl,1489.93,ords:repDiaHid12m,,2026-09-22T01:12:42Z,celec_ords/2022/09/repDiaHid12m.ndjson.gz#repDiaHid12m:2022-09-20
2022-08-13,mazar,caudal_m3s,88,ords:repDiaHid12m,,2026-09-22T01:12:42Z,celec_ords/2022/09/repDiaHid12m.ndjson.gz#repDiaHid12m:2022-09-20
2022-08-13,mazar,cota_masl,2153.17,ords:repDiaHid12m,,2026-09-22T01:12:42Z,celec_ords/2022/09/repDiaHid12m.ndjson.gz#repDiaHid12m:2022-09-20
2022-08-13,minas_san_francisco,caudal_m3s,28,ords:repDiaHid12m,,2026-09-22T01:12:42Z,celec_ords/2022/09/repDiaHid12m.ndjson.gz#repDiaHid12m:2022-09-20
2022-08-13,minas_san_francisco,cota_masl,791.63,ords:repDiaHid12m,,2026-09-22T01:12:42Z,celec_ords/2022/09/repDiaHid12m.ndjson.gz#repDiaHid12m:2022-09-20
2022-08-14,amaluza,caudal_m3s,93,ords:repDiaHid12m,,2026-09-22T01:12:42Z,celec_ords/2022/09/repDiaHid12m.ndjson.gz#repDiaHid12m:2022-09-20
2022-08-14,amaluza,cota_masl,1989.64,ords:repDiaHid12m,,2026-09-22T01:12:42Z,celec_ords/2022/09/repDiaHid12m.ndjson.gz#repDiaHid12m:2022-09-20
2022-08-14,delsitanisagua,caudal_m3s,40,ords:repDiaHid12m,,2026-09-22T01:12:42Z,celec_ords/2022/09/repDiaHid12m.ndjson.gz#repDiaHid12m:2022-09-20
2022-08-14,delsitanisagua,cota_masl,1489.99,ords:repDiaHid12m,,2026-09-22T01:12:42Z,celec_ords/2022/09/repDiaHid12m.ndjson.gz#repDiaHid12m:2022-09-20
2022-08-14,mazar,caudal_m3s,90,ords:repDiaHid12m,,2026-09-22T01:12:42Z,celec_ords/2022/09/repDiaHid12m.ndjson.gz#repDiaHid12m:2022-09-20
2022-08-14,mazar,cota_masl,2153.43,ords:repDiaHid12m,,2026-09-22T01:12:42Z,celec_ords/2022/09/repDiaHid12m.ndjson.gz#repDiaHid12m:2022-09-20
2022-08-14,minas_san_francisco,caudal_m3s,24,ords:repDiaHid12m,,2026-09-22T01:12:42Z,celec_ords/2022/09/repDiaHid12m.ndjson.gz#repDiaHid12m:2022-09-20
2022-08-14,minas_san_francisco,cota_masl,792.13,ords:repDiaHid12m,,2026-09-22T01:12:42Z,celec_ords/2022/09/repDiaHid12m.ndjson.gz#repDiaHid12m:2022-09-20
2022-08-15,amaluza,caudal_m3s,107,ords:repDiaHid12m,,2026-09-22T01:12:42Z,celec_ords/2022/09/repDiaHid12m.ndjson.gz#repDiaHid12m:2022-09-20
2022-08-15,amaluza,cota_masl,1989.62,ords:repDiaHid12m,,2026-09-22T01:12:42Z,celec_ords/2022/09/repDiaHid12m.ndjson.gz#repDiaHid12m:2022-09-20
2022-08-15,delsitanisagua,caudal_m3s,39,ords:repDiaHid12m,,2026-09-22T01:12:42Z,celec_ords/2022/09/repDiaHid12m.ndjson.gz#repDiaHid12m:2022-09-20
2022-08-15,delsitanisagua,cota_masl,1489.77,ords:repDiaHid12m,,2026-09-22T01:12:42Z,celec_ords/2022/09/repDiaHid12m.ndjson.gz#repDiaHid12m:2022-09-20
2022-08-15,mazar,caudal_m3s,56,ords:repDiaHid12m,,2026-09-22T01:12:42Z,celec_ords/2022/09/repDiaHid12m.ndjson.gz#repDiaHid12m:2022-09-20
2022-08-15,mazar,cota_masl,2153.27,ords:repDiaHid12m,,2026-09-22T01:12:42Z,celec_ords/2022/09/repDiaHid12m.ndjson.gz#repDiaHid12m:2022-09-20
2022-08-15,minas_san_francisco,caudal_m3s,21,ords:repDiaHid12m,,2026-09-22T01:12:42Z,celec_ords/2022/09/repDiaHid12m.ndjson.gz#repDiaHid12m:2022-09-20
2022-08-15,minas_san_francisco,cota_masl,790.86,ords:repDiaHid12m,,2026-09-22T01:12:42Z,celec_ords/2022/09/repDiaHid12m.ndjson.gz#repDiaHid12m:2022-09-20
2022-08-16,amaluza,caudal_m3s,102,ords:repDiaHid12m,,2026-09-22T01:12:42Z,celec_ords/2022/09/repDiaHid12m.ndjson.gz#repDiaHid12m:2022-09-20
2022-08-16,amaluza,cota_masl,1989.15,ords:repDiaHid12m,,2026-09-22T01:12:42Z,celec_ords/2022/09/repDiaHid12m.ndjson.gz#repDiaHid12m:2022-09-20
2022-08-16,delsitanisagua,caudal_m3s,37,ords:repDiaHid12m,,2026-09-22T01:12:42Z,celec_ords/2022/09/repDiaHid12m.ndjson.gz#repDiaHid12m:2022-09-20
2022-08-16,delsitanisagua,cota_masl,1489.94,ords:repDiaHid12m,,2026-09-22T01:12:42Z,celec_ords/2022/09/repDiaHid12m.ndjson.gz#repDiaHid12m:2022-09-20
2022-08-16,mazar,caudal_m3s,31,ords:repDiaHid12m,,2026-09-22T01:12:42Z,celec_ords/2022/09/repDiaHid12m.ndjson.gz#repDiaHid12m:2022-09-20
2022-08-16,mazar,cota_masl,2153.09,ords:repDiaHid12m,,2026-09-22T01:12:42Z,celec_ords/2022/09/repDiaHid12m.ndjson.gz#repDiaHid12m:2022-09-20
2022-08-16,minas_san_francisco,caudal_m3s,18,ords:repDiaHid12m,,2026-09-22T01:12:42Z,celec_ords/2022/09/repDiaHid12m.ndjson.gz#repDiaHid12m:2022-09-20
2022-08-16,minas_san_francisco,cota_masl,790.28,ords:repDiaHid12m,,2026-09-22T01:12:42Z,celec_ords/2022/09/repDiaHid12m.ndjson.gz#repDiaHid12m:2022-09-20
2022-08-17,amaluza,caudal_m3s,74,ords:repDiaHid12m,,2026-09-22T01:12:42Z,celec_ords/2022/09/repDiaHid12m.ndjson.gz#repDiaHid12m:2022-09-20
2022-08-17,amaluza,cota_masl,1988.72,ords:repDiaHid12m,,2026-09-22T01:12:42Z,celec_ords/2022/09/repDiaHid12m.ndjson.gz#repDiaHid12m:2022-09-20
2022-08-17,delsitanisagua,caudal_m3s,37,ords:repDiaHid12m,,2026-09-22T01:12:42Z,celec_ords/2022/09/repDiaHid12m.ndjson.gz#repDiaHid12m:2022-09-20
2022-08-17,delsitanisagua,cota_masl,1489.83,ords:repDiaHid12m,,2026-09-22T01:12:42Z,celec_ords/2022/09/repDiaHid12m.ndjson.gz#repDiaHid12m:2022-09-20
2022-08-17,mazar,caudal_m3s,51,ords:repDiaHid12m,,2026-09-22T01:12:42Z,celec_ords/2022/09/repDiaHid12m.ndjson.gz#repDiaHid12m:2022-09-20
2022-08-17,mazar,cota_masl,2152.91,ords:repDiaHid12m,,2026-09-22T01:12:42Z,celec_ords/2022/09/repDiaHid12m.ndjson.gz#repDiaHid12m:2022-09-20
2022-08-17,minas_san_francisco,caudal_m3s,19,ords:repDiaHid12m,,2026-09-22T01:12:42Z,celec_ords/2022/09/repDiaHid12m.ndjson.gz#repDiaHid12m:2022-09-20
2022-08-17,minas_san_francisco,cota_masl,790.75,ords:repDiaHid12m,,2026-09-22T01:12:42Z,celec_ords/2022/09/repDiaHid12m.ndjson.gz#repDiaHid12m:2022-09-20
2022-08-18,amaluza,caudal_m3s,68,ords:repDiaHid12m,,2026-09-22T01:12:42Z,celec_ords/2022/09/repDiaHid12m.ndjson.gz#repDiaHid12m:2022-09-20
2022-08-18,amaluza,cota_masl,1988.18,ords:repDiaHid12m,,2026-09-22T01:12:42Z,celec_ords/2022/09/repDiaHid12m.ndjson.gz#repDiaHid12m:2022-09-20
2022-08-18,delsitanisagua,caudal_m3s,35,ords:repDiaHid12m,,2026-09-22T01:12:42Z,celec_ords/2022/09/repDiaHid12m.ndjson.gz#repDiaHid12m:2022-09-20
2022-08-18,delsitanisagua,cota_masl,1490.03,ords:repDiaHid12m,,2026-09-22T01:12:42Z,celec_ords/2022/09/repDiaHid12m.ndjson.gz#repDiaHid12m:2022-09-20
2022-08-18,mazar,caudal_m3s,46,ords:repDiaHid12m,,2026-09-22T01:12:42Z,celec_ords/2022/09/repDiaHid12m.ndjson.gz#repDiaHid12m:2022-09-20
2022-08-18,mazar,cota_masl,2152.61,ords:repDiaHid12m,,2026-09-22T01:12:42Z,celec_ords/2022/09/repDiaHid12m.ndjson.gz#repDiaHid12m:2022-09-20
2022-08-18,minas_san_francisco,caudal_m3s,21,ords:repDiaHid12m,,2026-09-22T01:12:42Z,celec_ords/2022/09/repDiaHid12m.ndjson.gz#repDiaHid12m:2022-09-20
2022-08-18,minas_san_francisco,cota_masl,791.25,ords:repDiaHid12m,,2026-09-22T01:12:42Z,celec_ords/2022/09/repDiaHid12m.ndjson.gz#repDiaHid12m:2022-09-20
2022-08-19,amaluza,caudal_m3s,161,ords:repDiaHid12m,,2026-09-22T01:12:42Z,celec_ords/2022/09/repDiaHid12m.ndjson.gz#repDiaHid12m:2022-09-20
2022-08-19,amaluza,cota_masl,1987.47,ords:repDiaHid12m,,2026-09-22T01:12:42Z,celec_ords/2022/09/repDiaHid12m.ndjson.gz#repDiaHid12m:2022-09-20
2022-08-19,delsitanisagua,caudal_m3s,38,ords:repDiaHid12m,,2026-09-22T01:12:42Z,celec_ords/2022/09/repDiaHid12m.ndjson.gz#repDiaHid12m:2022-09-20
2022-08-19,delsitanisagua,cota_masl,1489.92,ords:repDiaHid12m,,2026-09-22T01:12:42Z,celec_ords/2022/09/repDiaHid12m.ndjson.gz#repDiaHid12m:2022-09-20
2022-08-19,mazar,caudal_m3s,57,ords:repDiaHid12m,,2026-09-22T01:12:42Z,celec_ords/2022/09/repDiaHid12m.ndjson.gz#repDiaHid12m:2022-09-20
2022-08-19,mazar,cota_masl,2152.23,ords:repDiaHid12m,,2026-09-22T01:12:42Z,celec_ords/2022/09/repDiaHid12m.ndjson.gz#repDiaHid12m:2022-09-20
2022-08-19,minas_san_francisco,caudal_m3s,16,ords:repDiaHid12m,,2026-09-22T01:12:42Z,celec_ords/2022/09/repDiaHid12m.ndjson.gz#repDiaHid12m:2022-09-20
2022-08-19,minas_san_francisco,cota_masl,789.35,ords:repDiaHid12m,,2026-09-22T01:12:42Z,celec_ords/2022/09/repDiaHid12m.ndjson.gz#repDiaHid12m:2022-09-20
2022-08-20,amaluza,caudal_m3s,74,ords:repDiaHid12m,,2026-09-22T01:12:42Z,celec_ords/2022/09/repDiaHid12m.ndjson.gz#repDiaHid12m:2022-09-20
2022-08-20,amaluza,cota_masl,1988.01,ords:repDiaHid12m,,2026-09-22T01:12:42Z,celec_ords/2022/09/repDiaHid12m.ndjson.gz#repDiaHid12m:2022-09-20
2022-08-20,delsitanisagua,caudal_m3s,57,ords:repDiaHid12m,,2026-09-22T01:12:42Z,celec_ords/2022/09/repDiaHid12m.ndjson.gz#repDiaHid12m:2022-09-20
2022-08-20,delsitanisagua,cota_masl,1489.89,ords:repDiaHid12m,,2026-09-22T01:12:42Z,celec_ords/2022/09/repDiaHid12m.ndjson.gz#repDiaHid12m:2022-09-20
2022-08-20,mazar,caudal_m3s,148,ords:repDiaHid12m,,2026-09-22T01:12:42Z,celec_ords/2022/09/repDiaHid12m.ndjson.gz#repDiaHid12m:2022-09-20
2022-08-20,mazar,cota_masl,2152.81,ords:repDiaHid12m,,2026-09-22T01:12:42Z,celec_ords/2022/09/repDiaHid12m.ndjson.gz#repDiaHid12m:2022-09-20
2022-08-20,minas_san_francisco,caudal_m3s,76,ords:repDiaHid12m,,2026-09-22T01:12:42Z,celec_ords/2022/09/repDiaHid12m.ndjson.gz#repDiaHid12m:2022-09-20
2022-08-20,minas_san_francisco,cota_masl,791.95,ords:repDiaHid12m,,2026-09-22T01:12:42Z,celec_ords/2022/09/repDiaHid12m.ndjson.gz#repDiaHid12m:2022-09-20
2022-08-21,amaluza,caudal_m3s,249,ords:repDiaHid12m,,2026-09-22T01:12:42Z,celec_ords/2022/09/repDiaHid12m.ndjson.gz#repDiaHid12m:2022-09-20
2022-08-21,amaluza,cota_masl,1989.81,ords:repDiaHid12m,,2026-09-22T01:12:42Z,celec_ords/2022/09/repDiaHid12m.ndjson.gz#repDiaHid12m:2022-09-20
2022-08-21,delsitanisagua,caudal_m3s,39,ords:repDiaHid12m,,2026-09-22T01:12:42Z,celec_ords/2022/09/repDiaHid12m.ndjson.gz#repDiaHid12m:2022-09-20
2022-08-21,delsitanisagua,cota_masl,1489.9,ords:repDiaHid12m,,2026-09-22T01:12:42Z,celec_ords/2022/09/repDiaHid12m.ndjson.gz#repDiaHid12m:2022-09-20
2022-08-21,mazar,caudal_m3s,157,ords:repDiaHid12m,,2026-09-22T01:12:42Z,celec_ords/2022/09/repDiaHid12m.ndjson.gz#repDiaHid12m:2022-09-20
2022-08-21,mazar,cota_masl,2153.83,ords:repDiaHid12m,,2026-09-22T01:12:42Z,celec_ords/2022/09/repDiaHid12m.ndjson.gz#repDiaHid12m:2022-09-20
2022-08-21,minas_san_francisco,caudal_m3s,40,ords:repDiaHid12m,,2026-09-22T01:12:42Z,celec_ords/2022/09/repDiaHid12m.ndjson.gz#repDiaHid12m:2022-09-20
2022-08-21,minas_san_francisco,cota_masl,790.88,ords:repDiaHid12m,,2026-09-22T01:12:42Z,celec_ords/2022/09/repDiaHid12m.ndjson.gz#repDiaHid12m:2022-09-20
2022-08-22,amaluza,caudal_m3s,132,ords:repDiaHid12m,,2026-09-22T01:12:42Z,celec_ords/2022/09/repDiaHid12m.ndjson.gz#repDiaHid12m:2022-09-20
2022-08-22,amaluza,cota_masl,1990.7,ords:repDiaHid12m,,2026-09-22T01:12:42Z,celec_ords/2022/09/repDiaHid12m.ndjson.gz#repDiaHid12m:2022-09-20
2022-08-22,delsitanisagua,caudal_m3s,36,ords:repDiaHid12m,,2026-09-22T01:12:42Z,celec_ords/2022/09/repDiaHid12m.ndjson.gz#repDiaHid12m:2022-09-20
2022-08-22,delsitanisagua,cota_masl,1489.92,ords:repDiaHid12m,,2026-09-22T01:12:42Z,celec_ords/2022/09/repDiaHid12m.ndjson.gz#repDiaHid12m:2022-09-20
2022-08-22,mazar,caudal_m3s,91,ords:repDiaHid12m,,2026-09-22T01:12:42Z,celec_ords/2022/09/repDiaHid12m.ndjson.gz#repDiaHid12m:2022-09-20
2022-08-22,mazar,cota_masl,2153.35,ords:repDiaHid12m,,2026-09-22T01:12:42Z,celec_ords/2022/09/repDiaHid12m.ndjson.gz#repDiaHid12m:2022-09-20
2022-08-22,minas_san_francisco,caudal_m3s,22,ords:repDiaHid12m,,2026-09-22T01:12:42Z,celec_ords/2022/09/repDiaHid12m.ndjson.gz#repDiaHid12m:2022-09-20
2022-08-22,minas_san_francisco,cota_masl,790.25,ords:repDiaHid12m,,2026-09-22T01:12:42Z,celec_ords/2022/09/repDiaHid12m.ndjson.gz#repDiaHid12m:2022-09-20
2022-08-23,amaluza,caudal_m3s,100,ords:repDiaHid12m,,2026-09-22T01:12:42Z,celec_ords/2022/09/repDiaHid12m.ndjson.gz#repDiaHid12m:2022-09-20
2022-08-23,amaluza,cota_masl,1989.99,ords:repDiaHid12m,,2026-09-22T01:12:42Z,celec_ords/2022/09/repDiaHid12m.ndjson.gz#repDiaHid12m:2022-09-20
2022-08-23,delsitanisagua,caudal_m3s,34,ords:repDiaHid12m,,2026-09-22T01:12:42Z,celec_ords/2022/09/repDiaHid12m.ndjson.gz#repDiaHid12m:2022-09-20
2022-08-23,delsitanisagua,cota_masl,1490.33,ords:repDiaHid12m,,2026-09-22T01:12:42Z,celec_ords/2022/09/repDiaHid12m.ndjson.gz#repDiaHid12m:2022-09-20
2022-08-23,mazar,caudal_m3s,61,ords:repDiaHid12m,,2026-09-22T01:12:42Z,celec_ords/2022/09/repDiaHid12m.ndjson.gz#repDiaHid12m:2022-09-20
2022-08-23,mazar,cota_masl,2153.12,ords:repDiaHid12m,,2026-09-22T01:12:42Z,celec_ords/2022/09/repDiaHid12m.ndjson.gz#repDiaHid12m:2022-09-20
2022-08-23,minas_san_francisco,caudal_m3s,19,ords:repDiaHid12m,,2026-09-22T01:12:42Z,celec_ords/2022/09/repDiaHid12m.ndjson.gz#repDiaHid12m:2022-09-20
2022-08-23,minas_san_francisco,cota_masl,790.85,ords:repDiaHid12m,,2026-09-22T01:12:42Z,celec_ords/2022/09/repDiaHid12m.ndjson.gz#repDiaHid12m:2022-09-20
2022-08-24,amaluza,caudal_m3s,112,ords:repDiaHid12m,,2026-09-22T01:12:42Z,celec_ords/2022/09/repDiaHid12m.ndjson.gz#repDiaHid12m:2022-09-20
2022-08-24,amaluza,cota_masl,1989.24,ords:repDiaHid12m,,2026-09-22T01:12:42Z,celec_ords/2022/09/repDiaHid12m.ndjson.gz#repDiaHid12m:2022-09-20
2022-08-24,delsitanisagua,caudal_m3s,32,ords:repDiaHid12m,,2026-09-22T01:12:42Z,celec_ords/2022/09/repDiaHid12m.ndjson.gz#repDiaHid12m:2022-09-20
2022-08-24,delsitanisagua,cota_masl,1489.85,ords:repDiaHid12m,,2026-09-22T01:12:42Z,celec_ords/2022/09/repDiaHid12m.ndjson.gz#repDiaHid12m:2022-09-20
2022-08-24,mazar,caudal_m3s,58,ords:repDiaHid12m,,2026-09-22T01:12:42Z,celec_ords/2022/09/repDiaHid12m.ndjson.gz#repDiaHid12m:2022-09-20
2022-08-24,mazar,cota_masl,2152.83,ords:repDiaHid12m,,2026-09-22T01:12:42Z,celec_ords/2022/09/repDiaHid12m.ndjson.gz#repDiaHid12m:2022-09-20
2022-08-24,minas_san_francisco,caudal_m3s,16,ords:repDiaHid12m,,2026-09-22T01:12:42Z,celec_ords/2022/09/repDiaHid12m.ndjson.gz#repDiaHid12m:2022-09-20
2022-08-24,minas_san_francisco,cota_masl,791.49,ords:repDiaHid12m,,2026-09-22T01:12:42Z,celec_ords/2022/09/repDiaHid12m.ndjson.gz#repDiaHid12m:2022-09-20
2022-08-25,amaluza,caudal_m3s,135,ords:repDiaHid12m,,2026-09-22T01:12:42Z,celec_ords/2022/09/repDiaHid12m.ndjson.gz#repDiaHid12m:2022-09-20
2022-08-25,amaluza,cota_masl,1988.2,ords:repDiaHid12m,,2026-09-22T01:12:42Z,celec_ords/2022/09/repDiaHid12m.ndjson.gz#repDiaHid12m:2022-09-20
2022-08-25,delsitanisagua,caudal_m3s,31,ords:repDiaHid12m,,2026-09-22T01:12:42Z,celec_ords/2022/09/repDiaHid12m.ndjson.gz#repDiaHid12m:2022-09-20
2022-08-25,delsitanisagua,cota_masl,1489.81,ords:repDiaHid12m,,2026-09-22T01:12:42Z,celec_ords/2022/09/repDiaHid12m.ndjson.gz#repDiaHid12m:2022-09-20
2022-08-25,mazar,caudal_m3s,50,ords:repDiaHid12m,,2026-09-22T01:12:42Z,celec_ords/2022/09/repDiaHid12m.ndjson.gz#repDiaHid12m:2022-09-20
2022-08-25,mazar,cota_masl,2152.47,ords:repDiaHid12m,,2026-09-22T01:12:42Z,celec_ords/2022/09/repDiaHid12m.ndjson.gz#repDiaHid12m:2022-09-20
2022-08-25,minas_san_francisco,caudal_m3s,12,ords:repDiaHid12m,,2026-09-22T01:12:42Z,celec_ords/2022/09/repDiaHid12m.ndjson.gz#repDiaHid12m:2022-09-20
2022-08-25,minas_san_francisco,cota_masl,790.02,ords:repDiaHid12m,,2026-09-22T01:12:42Z,celec_ords/2022/09/repDiaHid12m.ndjson.gz#repDiaHid12m:2022-09-20
2022-08-26,amaluza,caudal_m3s,154,ords:repDiaHid12m,,2026-09-22T01:12:42Z,celec_ords/2022/09/repDiaHid12m.ndjson.gz#repDiaHid12m:2022-09-20
2022-08-26,amaluza,cota_masl,1986.83,ords:repDiaHid12m,,2026-09-22T01:12:42Z,celec_ords/2022/09/repDiaHid12m.ndjson.gz#repDiaHid12m:2022-09-20
2022-08-26,delsitanisagua,caudal_m3s,30,ords:repDiaHid12m,,2026-09-22T01:12:42Z,celec_ords/2022/09/repDiaHid12m.ndjson.gz#repDiaHid12m:2022-09-20
2022-08-26,delsitanisagua,cota_masl,1489.9,ords:repDiaHid12m,,2026-09-22T01:12:42Z,celec_ords/2022/09/repDiaHid12m.ndjson.gz#repDiaHid12m:2022-09-20
2022-08-26,mazar,caudal_m3s,44,ords:repDiaHid12m,,2026-09-22T01:12:42Z,celec_ords/2022/09/repDiaHid12m.ndjson.gz#repDiaHid12m:2022-09-20
2022-08-26,mazar,cota_masl,2152.05,ords:repDiaHid12m,,2026-09-22T01:12:42Z,celec_ords/2022/09/repDiaHid12m.ndjson.gz#repDiaHid12m:2022-09-20
2022-08-26,minas_san_francisco,caudal_m3s,14,ords:repDiaHid12m,,2026-09-22T01:12:42Z,celec_ords/2022/09/repDiaHid12m.ndjson.gz#repDiaHid12m:2022-09-20
2022-08-26,minas_san_francisco,cota_masl,788.71,ords:repDiaHid12m,,2026-09-22T01:12:42Z,celec_ords/2022/09/repDiaHid12m.ndjson.gz#repDiaHid12m:2022-09-20
2022-08-27,amaluza,caudal_m3s,153,ords:repDiaHid12m,,2026-09-22T01:12:42Z,celec_ords/2022/09/repDiaHid12m.ndjson.gz#repDiaHid12m:2022-09-20
2022-08-27,amaluza,cota_masl,1986.82,ords:repDiaHid12m,,2026-09-22T01:12:42Z,celec_ords/2022/09/repDiaHid12m.ndjson.gz#repDiaHid12m:2022-09-20
2022-08-27,delsitanisagua,caudal_m3s,28,ords:repDiaHid12m,,2026-09-22T01:12:42Z,celec_ords/2022/09/repDiaHid12m.ndjson.gz#repDiaHid12m:2022-09-20
2022-08-27,delsitanisagua,cota_masl,1490.68,ords:repDiaHid12m,,2026-09-22T01:12:42Z,celec_ords/2022/09/repDiaHid12m.ndjson.gz#repDiaHid12m:2022-09-20
2022-08-27,mazar,caudal_m3s,37,ords:repDiaHid12m,,2026-09-22T01:12:42Z,celec_ords/2022/09/repDiaHid12m.ndjson.gz#repDiaHid12m:2022-09-20
2022-08-27,mazar,cota_masl,2151.21,ords:repDiaHid12m,,2026-09-22T01:12:42Z,celec_ords/2022/09/repDiaHid12m.ndjson.gz#repDiaHid12m:2022-09-20
2022-08-27,minas_san_francisco,caudal_m3s,11,ords:repDiaHid12m,,2026-09-22T01:12:42Z,celec_ords/2022/09/repDiaHid12m.ndjson.gz#repDiaHid12m:2022-09-20
2022-08-27,minas_san_francisco,cota_masl,788.16,ords:repDiaHid12m,,2026-09-22T01:12:42Z,celec_ords/2022/09/repDiaHid12m.ndjson.gz#repDiaHid12m:2022-09-20
2022-08-28,amaluza,caudal_m3s,76,ords:repDiaHid12m,,2026-09-22T01:12:42Z,celec_ords/2022/09/repDiaHid12m.ndjson.gz#repDiaHid12m:2022-09-20
2022-08-28,amaluza,cota_masl,1986.31,ords:repDiaHid12m,,2026-09-22T01:12:42Z,celec_ords/2022/09/repDiaHid12m.ndjson.gz#repDiaHid12m:2022-09-20
2022-08-28,delsitanisagua,caudal_m3s,30,ords:repDiaHid12m,,2026-09-22T01:12:42Z,celec_ords/2022/09/repDiaHid12m.ndjson.gz#repDiaHid12m:2022-09-20
2022-08-28,delsitanisagua,cota_masl,1490.19,ords:repDiaHid12m,,2026-09-22T01:12:42Z,celec_ords/2022/09/repDiaHid12m.ndjson.gz#repDiaHid12m:2022-09-20
2022-08-28,mazar,caudal_m3s,54,ords:repDiaHid12m,,2026-09-22T01:12:42Z,celec_ords/2022/09/repDiaHid12m.ndjson.gz#repDiaHid12m:2022-09-20
2022-08-28,mazar,cota_masl,2150.54,ords:repDiaHid12m,,2026-09-22T01:12:42Z,celec_ords/2022/09/repDiaHid12m.ndjson.gz#repDiaHid12m:2022-09-20
2022-08-28,minas_san_francisco,caudal_m3s,14,ords:repDiaHid12m,,2026-09-22T01:12:42Z,celec_ords/2022/09/repDiaHid12m.ndjson.gz#repDiaHid12m:2022-09-20
2022-08-28,minas_san_francisco,cota_masl,788.58,ords:repDiaHid12m,,2026-09-22T01:12:42Z,celec_ords/2022/09/repDiaHid12m.ndjson.gz#repDiaHid12m:2022-09-20
2022-08-29,amaluza,caudal_m3s,280,ords:repDiaHid12m,,2026-09-22T01:12:42Z,celec_ords/2022/09/repDiaHid12m.ndjson.gz#repDiaHid12m:2022-09-20
2022-08-29,amaluza,cota_masl,1987.12,ords:repDiaHid12m,,2026-09-22T01:12:42Z,celec_ords/2022/09/repDiaHid12m.ndjson.gz#repDiaHid12m:2022-09-20
2022-08-29,delsitanisagua,caudal_m3s,103,ords:repDiaHid12m,,2026-09-22T01:12:42Z,celec_ords/2022/09/repDiaHid12m.ndjson.gz#repDiaHid12m:2022-09-20
2022-08-29,delsitanisagua,cota_masl,1490.8,ords:repDiaHid12m,,2026-09-22T01:12:42Z,celec_ords/2022/09/repDiaHid12m.ndjson.gz#repDiaHid12m:2022-09-20
2022-08-29,mazar,caudal_m3s,330,ords:repDiaHid12m,,2026-09-22T01:12:42Z,celec_ords/2022/09/repDiaHid12m.ndjson.gz#repDiaHid12m:2022-09-20
2022-08-29,mazar,cota_masl,2151.08,ords:repDiaHid12m,,2026-09-22T01:12:42Z,celec_ords/2022/09/repDiaHid12m.ndjson.gz#repDiaHid12m:2022-09-20
2022-08-29,minas_san_francisco,caudal_m3s,13,ords:repDiaHid12m,,2026-09-22T01:12:42Z,celec_ords/2022/09/repDiaHid12m.ndjson.gz#repDiaHid12m:2022-09-20
2022-08-29,minas_san_francisco,cota_masl,788.71,ords:repDiaHid12m,,2026-09-22T01:12:42Z,celec_ords/2022/09/repDiaHid12m.ndjson.gz#repDiaHid12m:2022-09-20
2022-08-30,amaluza,caudal_m3s,210,ords:repDiaHid12m,,2026-09-22T01:12:42Z,celec_ords/2022/09/repDiaHid12m.ndjson.gz#repDiaHid12m:2022-09-20
2022-08-30,amaluza,cota_masl,1989.55,ords:repDiaHid12m,,2026-09-22T01:12:42Z,celec_ords/2022/09/repDiaHid12m.ndjson.gz#repDiaHid12m:2022-09-20
2022-08-30,delsitanisagua,caudal_m3s,65,ords:repDiaHid12m,,2026-09-22T01:12:42Z,celec_ords/2022/09/repDiaHid12m.ndjson.gz#repDiaHid12m:2022-09-20
2022-08-30,delsitanisagua,cota_masl,1490.83,ords:repDiaHid12m,,2026-09-22T01:12:42Z,celec_ords/2022/09/repDiaHid12m.ndjson.gz#repDiaHid12m:2022-09-20
2022-08-30,mazar,caudal_m3s,349,ords:repDiaHid12m,,2026-09-22T01:12:42Z,celec_ords/2022/09/repDiaHid12m.ndjson.gz#repDiaHid12m:2022-09-20
2022-08-30,mazar,cota_masl,2153.78,ords:repDiaHid12m,,2026-09-22T01:12:42Z,celec_ords/2022/09/repDiaHid12m.ndjson.gz#repDiaHid12m:2022-09-20
2022-08-30,minas_san_francisco,caudal_m3s,165,ords:repDiaHid12m,,2026-09-22T01:12:42Z,celec_ords/2022/09/repDiaHid12m.ndjson.gz#repDiaHid12m:2022-09-20
2022-08-30,minas_san_francisco,cota_masl,792.51,ords:repDiaHid12m,,2026-09-22T01:12:42Z,celec_ords/2022/09/repDiaHid12m.ndjson.gz#repDiaHid12m:2022-09-20
2022-08-31,amaluza,caudal_m3s,241,ords:repDiaHid12m,,2026-09-22T01:12:42Z,celec_ords/2022/09/repDiaHid12m.ndjson.gz#repDiaHid12m:2022-09-20
2022-08-31,amaluza,cota_masl,1990.44,ords:repDiaHid12m,,2026-09-22T01:12:42Z,celec_ords/2022/09/repDiaHid12m.ndjson.gz#repDiaHid12m:2022-09-20
2022-08-31,delsitanisagua,caudal_m3s,36,ords:repDiaHid12m,,2026-09-22T01:12:42Z,celec_ords/2022/09/repDiaHid12m.ndjson.gz#repDiaHid12m:2022-09-20
2022-08-31,delsitanisagua,cota_masl,1490.77,ords:repDiaHid12m,,2026-09-22T01:12:42Z,celec_ords/2022/09/repDiaHid12m.ndjson.gz#repDiaHid12m:2022-09-20
2022-08-31,mazar,caudal_m3s,119,ords:repDiaHid12m,,2026-09-22T01:12:42Z,celec_ords/2022/09/repDiaHid12m.ndjson.gz#repDiaHid12m:2022-09-20
2022-08-31,mazar,cota_masl,2153.63,ords:repDiaHid12m,,2026-09-22T01:12:42Z,celec_ords/2022/09/repDiaHid12m.ndjson.gz#repDiaHid12m:2022-09-20
2022-08-31,minas_san_francisco,caudal_m3s,37,ords:repDiaHid12m,,2026-09-22T01:12:42Z,celec_ords/2022/09/repDiaHid12m.ndjson.gz#repDiaHid12m:2022-09-20
2022-08-31,minas_san_francisco,cota_masl,790.79,ords:repDiaHid12m,,2026-09-22T01:12:42Z,celec_ords/2022/09/repDiaHid12m.ndjson.gz#repDiaHid12m:2022-09-20
2022-09-01,amaluza,caudal_m3s,166,ords:repDiaHid12m,,2026-09-22T01:12:42Z,celec_ords/2022/09/repDiaHid12m.ndjson.gz#repDiaHid12m:2022-09-20
2022-09-01,amaluza,cota_masl,1990.71,ords:repDiaHid12m,,2026-09-22T01:12:42Z,celec_ords/2022/09/repDiaHid12m.ndjson.gz#repDiaHid12m:2022-09-20
2022-09-01,delsitanisagua,caudal_m3s,33,ords:repDiaHid12m,,2026-09-22T01:12:42Z,celec_ords/2022/09/repDiaHid12m.ndjson.gz#repDiaHid12m:2022-09-20
2022-09-01,delsitanisagua,cota_masl,1490.85,ords:repDiaHid12m,,2026-09-22T01:12:42Z,celec_ords/2022/09/repDiaHid12m.ndjson.gz#repDiaHid12m:2022-09-20
2022-09-01,mazar,caudal_m3s,82,ords:repDiaHid12m,,2026-09-22T01:12:42Z,celec_ords/2022/09/repDiaHid12m.ndjson.gz#repDiaHid12m:2022-09-20
2022-09-01,mazar,cota_masl,2153.19,ords:repDiaHid12m,,2026-09-22T01:12:42Z,celec_ords/2022/09/repDiaHid12m.ndjson.gz#repDiaHid12m:2022-09-20
2022-09-01,minas_san_francisco,caudal_m3s,25,ords:repDiaHid12m,,2026-09-22T01:12:42Z,celec_ords/2022/09/repDiaHid12m.ndjson.gz#repDiaHid12m:2022-09-20
2022-09-01,minas_san_francisco,cota_masl,790.64,ords:repDiaHid12m,,2026-09-22T01:12:42Z,celec_ords/2022/09/repDiaHid12m.ndjson.gz#repDiaHid12m:2022-09-20
2022-09-02,amaluza,caudal_m3s,163,ords:repDiaHid12m,,2026-09-22T01:12:42Z,celec_ords/2022/09/repDiaHid12m.ndjson.gz#repDiaHid12m:2022-09-20
2022-09-02,amaluza,cota_masl,1990.5,ords:repDiaHid12m,,2026-09-22T01:12:42Z,celec_ords/2022/09/repDiaHid12m.ndjson.gz#repDiaHid12m:2022-09-20
2022-09-02,delsitanisagua,caudal_m3s,31,ords:repDiaHid12m,,2026-09-22T01:12:42Z,celec_ords/2022/09/repDiaHid12m.ndjson.gz#repDiaHid12m:2022-09-20
2022-09-02,delsitanisagua,cota_masl,1490.91,ords:repDiaHid12m,,2026-09-22T01:12:42Z,celec_ords/2022/09/repDiaHid12m.ndjson.gz#repDiaHid12m:2022-09-20
2022-09-02,mazar,caudal_m3s,74,ords:repDiaHid12m,,2026-09-22T01:12:42Z,celec_ords/2022/09/repDiaHid12m.ndjson.gz#repDiaHid12m:2022-09-20
2022-09-02,mazar,cota_masl,2152.79,ords:repDiaHid12m,,2026-09-22T01:12:42Z,celec_ords/2022/09/repDiaHid12m.ndjson.gz#repDiaHid12m:2022-09-20
2022-09-02,minas_san_francisco,caudal_m3s,19,ords:repDiaHid12m,,2026-09-22T01:12:42Z,celec_ords/2022/09/repDiaHid12m.ndjson.gz#repDiaHid12m:2022-09-20
2022-09-02,minas_san_francisco,cota_masl,790.73,ords:repDiaHid12m,,2026-09-22T01:12:42Z,celec_ords/2022/09/repDiaHid12m.ndjson.gz#repDiaHid12m:2022-09-20
2022-09-03,amaluza,caudal_m3s,158,ords:repDiaHid12m,,2026-09-22T01:12:42Z,celec_ords/2022/09/repDiaHid12m.ndjson.gz#repDiaHid12m:2022-09-20
2022-09-03,amaluza,cota_masl,1990.43,ords:repDiaHid12m,,2026-09-22T01:12:42Z,celec_ords/2022/09/repDiaHid12m.ndjson.gz#repDiaHid12m:2022-09-20
2022-09-03,delsitanisagua,caudal_m3s,34,ords:repDiaHid12m,,2026-09-22T01:12:42Z,celec_ords/2022/09/repDiaHid12m.ndjson.gz#repDiaHid12m:2022-09-20
2022-09-03,delsitanisagua,cota_masl,1490.9,ords:repDiaHid12m,,2026-09-22T01:12:42Z,celec_ords/2022/09/repDiaHid12m.ndjson.gz#repDiaHid12m:2022-09-20
2022-09-03,mazar,caudal_m3s,132,ords:repDiaHid12m,,2026-09-22T01:12:42Z,celec_ords/2022/09/repDiaHid12m.ndjson.gz#repDiaHid12m:2022-09-20
2022-09-03,mazar,cota_masl,2152.83,ords:repDiaHid12m,,2026-09-22T01:12:42Z,celec_ords/2022/09/repDiaHid12m.ndjson.gz#repDiaHid12m:2022-09-20
2022-09-03,minas_san_francisco,caudal_m3s,15,ords:repDiaHid12m,,2026-09-22T01:12:42Z,celec_ords/2022/09/repDiaHid12m.ndjson.gz#repDiaHid12m:2022-09-20
2022-09-03,minas_san_francisco,cota_masl,790.72,ords:repDiaHid12m,,2026-09-22T01:12:42Z,celec_ords/2022/09/repDiaHid12m.ndjson.gz#repDiaHid12m:2022-09-20
2022-09-04,amaluza,caudal_m3s,144,ords:repDiaHid12m,,2026-09-22T01:12:42Z,celec_ords/2022/09/repDiaHid12m.ndjson.gz#repDiaHid12m:2022-09-20
2022-09-04,amaluza,cota_masl,1989.81,ords:repDiaHid12m,,2026-09-22T01:12:42Z,celec_ords/2022/09/repDiaHid12m.ndjson.gz#repDiaHid12m:2022-09-20
2022-09-04,delsitanisagua,caudal_m3s,91,ords:repDiaHid12m,,2026-09-22T01:12:42Z,celec_ords/2022/09/repDiaHid12m.ndjson.gz#repDiaHid12m:2022-09-20
2022-09-04,delsitanisagua,cota_masl,1490.92,ords:repDiaHid12m,,2026-09-22T01:12:42Z,celec_ords/2022/09/repDiaHid12m.ndjson.gz#repDiaHid12m:2022-09-20
2022-09-04,mazar,caudal_m3s,89,ords:repDiaHid12m,,2026-09-22T01:12:42Z,celec_ords/2022/09/repDiaHid12m.ndjson.gz#repDiaHid12m:2022-09-20
2022-09-04,mazar,cota_masl,2153.15,ords:repDiaHid12m,,2026-09-22T01:12:42Z,celec_ords/2022/09/repDiaHid12m.ndjson.gz#repDiaHid12m:2022-09-20
2022-09-04,minas_san_francisco,caudal_m3s,19,ords:repDiaHid12m,,2026-09-22T01:12:42Z,celec_ords/2022/09/repDiaHid12m.ndjson.gz#repDiaHid12m:2022-09-20
2022-09-04,minas_san_francisco,cota_masl,790.7,ords:repDiaHid12m,,2026-09-22T01:12:42Z,celec_ords/2022/09/repDiaHid12m.ndjson.gz#repDiaHid12m:2022-09-20
2022-09-05,amaluza,caudal_m3s,133,ords:repDiaHid12m,,2026-09-22T01:12:42Z,celec_ords/2022/09/repDiaHid12m.ndjson.gz#repDiaHid12m:2022-09-20
2022-09-05,amaluza,cota_masl,1990.79,ords:repDiaHid12m,,2026-09-22T01:12:42Z,celec_ords/2022/09/repDiaHid12m.ndjson.gz#repDiaHid12m:2022-09-20
2022-09-05,delsitanisagua,caudal_m3s,54,ords:repDiaHid12m,,2026-09-22T01:12:42Z,celec_ords/2022/09/repDiaHid12m.ndjson.gz#repDiaHid12m:2022-09-20
2022-09-05,delsitanisagua,cota_masl,1490.93,ords:repDiaHid12m,,2026-09-22T01:12:42Z,celec_ords/2022/09/repDiaHid12m.ndjson.gz#repDiaHid12m:2022-09-20
2022-09-05,mazar,caudal_m3s,104,ords:repDiaHid12m,,2026-09-22T01:12:42Z,celec_ords/2022/09/repDiaHid12m.ndjson.gz#repDiaHid12m:2022-09-20
2022-09-05,mazar,cota_masl,2153.35,ords:repDiaHid12m,,2026-09-22T01:12:42Z,celec_ords/2022/09/repDiaHid12m.ndjson.gz#repDiaHid12m:2022-09-20
2022-09-05,minas_san_francisco,caudal_m3s,28,ords:repDiaHid12m,,2026-09-22T01:12:42Z,celec_ords/2022/09/repDiaHid12m.ndjson.gz#repDiaHid12m:2022-09-20
2022-09-05,minas_san_francisco,cota_masl,789.36,ords:repDiaHid12m,,2026-09-22T01:12:42Z,celec_ords/2022/09/repDiaHid12m.ndjson.gz#repDiaHid12m:2022-09-20
2022-09-06,amaluza,caudal_m3s,144,ords:repDiaHid12m,,2026-09-22T01:12:42Z,celec_ords/2022/09/repDiaHid12m.ndjson.gz#repDiaHid12m:2022-09-20
2022-09-06,amaluza,cota_masl,1990.89,ords:repDiaHid12m,,2026-09-22T01:12:42Z,celec_ords/2022/09/repDiaHid12m.ndjson.gz#repDiaHid12m:2022-09-20
2022-09-06,delsitanisagua,caudal_m3s,36,ords:repDiaHid12m,,2026-09-22T01:12:42Z,celec_ords/2022/09/repDiaHid12m.ndjson.gz#repDiaHid12m:2022-09-20
2022-09-06,delsitanisagua,cota_masl,1490.92,ords:repDiaHid12m,,2026-09-22T01:12:42Z,celec_ords/2022/09/repDiaHid12m.ndjson.gz#repDiaHid12m:2022-09-20
2022-09-06,mazar,caudal_m3s,66,ords:repDiaHid12m,,2026-09-22T01:12:42Z,celec_ords/2022/09/repDiaHid12m.ndjson.gz#repDiaHid12m:2022-09-20
2022-09-06,mazar,cota_masl,2153.16,ords:repDiaHid12m,,2026-09-22T01:12:42Z,celec_ords/2022/09/repDiaHid12m.ndjson.gz#repDiaHid12m:2022-09-20
2022-09-06,minas_san_francisco,caudal_m3s,15,ords:repDiaHid12m,,2026-09-22T01:12:42Z,celec_ords/2022/09/repDiaHid12m.ndjson.gz#repDiaHid12m:2022-09-20
2022-09-06,minas_san_francisco,cota_masl,788.6,ords:repDiaHid12m,,2026-09-22T01:12:42Z,celec_ords/2022/09/repDiaHid12m.ndjson.gz#repDiaHid12m:2022-09-20
2022-09-07,amaluza,caudal_m3s,137,ords:repDiaHid12m,,2026-09-22T01:12:42Z,celec_ords/2022/09/repDiaHid12m.ndjson.gz#repDiaHid12m:2022-09-20
2022-09-07,amaluza,cota_masl,1989.98,ords:repDiaHid12m,,2026-09-22T01:12:42Z,celec_ords/2022/09/repDiaHid12m.ndjson.gz#repDiaHid12m:2022-09-20
2022-09-07,delsitanisagua,caudal_m3s,32,ords:repDiaHid12m,,2026-09-22T01:12:42Z,celec_ords/2022/09/repDiaHid12m.ndjson.gz#repDiaHid12m:2022-09-20
2022-09-07,delsitanisagua,cota_masl,1490.03,ords:repDiaHid12m,,2026-09-22T01:12:42Z,celec_ords/2022/09/repDiaHid12m.ndjson.gz#repDiaHid12m:2022-09-20
2022-09-07,mazar,caudal_m3s,48,ords:repDiaHid12m,,2026-09-22T01:12:42Z,celec_ords/2022/09/repDiaHid12m.ndjson.gz#repDiaHid12m:2022-09-20
2022-09-07,mazar,cota_masl,2153.04,ords:repDiaHid12m,,2026-09-22T01:12:42Z,celec_ords/2022/09/repDiaHid12m.ndjson.gz#repDiaHid12m:2022-09-20
2022-09-07,minas_san_francisco,caudal_m3s,17,ords:repDiaHid12m,,2026-09-22T01:12:42Z,celec_ords/2022/09/repDiaHid12m.ndjson.gz#repDiaHid12m:2022-09-20
2022-09-07,minas_san_francisco,cota_masl,787.75,ords:repDiaHid12m,,2026-09-22T01:12:42Z,celec_ords/2022/09/repDiaHid12m.ndjson.gz#repDiaHid12m:2022-09-20
2022-09-08,amaluza,caudal_m3s,152,ords:repDiaHid12m,,2026-09-22T01:12:42Z,celec_ords/2022/09/repDiaHid12m.ndjson.gz#repDiaHid12m:2022-09-20
2022-09-08,amaluza,cota_masl,1989.45,ords:repDiaHid12m,,2026-09-22T01:12:42Z,celec_ords/2022/09/repDiaHid12m.ndjson.gz#repDiaHid12m:2022-09-20
2022-09-08,delsitanisagua,caudal_m3s,30,ords:repDiaHid12m,,2026-09-22T01:12:42Z,celec_ords/2022/09/repDiaHid12m.ndjson.gz#repDiaHid12m:2022-09-20
2022-09-08,delsitanisagua,cota_masl,1480.5,ords:repDiaHid12m,,2026-09-22T01:12:42Z,celec_ords/2022/09/repDiaHid12m.ndjson.gz#repDiaHid12m:2022-09-20
2022-09-08,mazar,caudal_m3s,44,ords:repDiaHid12m,,2026-09-22T01:12:42Z,celec_ords/2022/09/repDiaHid12m.ndjson.gz#repDiaHid12m:2022-09-20
2022-09-08,mazar,cota_masl,2152.62,ords:repDiaHid12m,,2026-09-22T01:12:42Z,celec_ords/2022/09/repDiaHid12m.ndjson.gz#repDiaHid12m:2022-09-20
2022-09-08,minas_san_francisco,caudal_m3s,11,ords:repDiaHid12m,,2026-09-22T01:12:42Z,celec_ords/2022/09/repDiaHid12m.ndjson.gz#repDiaHid12m:2022-09-20
2022-09-08,minas_san_francisco,cota_masl,786.07,ords:repDiaHid12m,,2026-09-22T01:12:42Z,celec_ords/2022/09/repDiaHid12m.ndjson.gz#repDiaHid12m:2022-09-20
2022-09-09,amaluza,caudal_m3s,150,ords:repDiaHid12m,,2026-09-22T01:12:42Z,celec_ords/2022/09/repDiaHid12m.ndjson.gz#repDiaHid12m:2022-09-20
2022-09-09,amaluza,cota_masl,1989.23,ords:repDiaHid12m,,2026-09-22T01:12:42Z,celec_ords/2022/09/repDiaHid12m.ndjson.gz#repDiaHid12m:2022-09-20
2022-09-09,delsitanisagua,caudal_m3s,29,ords:repDiaHid12m,,2026-09-22T01:12:42Z,celec_ords/2022/09/repDiaHid12m.ndjson.gz#repDiaHid12m:2022-09-20
2022-09-09,delsitanisagua,cota_masl,1480,ords:repDiaHid12m,,2026-09-22T01:12:42Z,celec_ords/2022/09/repDiaHid12m.ndjson.gz#repDiaHid12m:2022-09-20
2022-09-09,mazar,caudal_m3s,46,ords:repDiaHid12m,,2026-09-22T01:12:42Z,celec_ords/2022/09/repDiaHid12m.ndjson.gz#repDiaHid12m:2022-09-20
2022-09-09,mazar,cota_masl,2152.06,ords:repDiaHid12m,,2026-09-22T01:12:42Z,celec_ords/2022/09/repDiaHid12m.ndjson.gz#repDiaHid12m:2022-09-20
2022-09-09,minas_san_francisco,caudal_m3s,16,ords:repDiaHid12m,,2026-09-22T01:12:42Z,celec_ords/2022/09/repDiaHid12m.ndjson.gz#repDiaHid12m:2022-09-20
2022-09-09,minas_san_francisco,cota_masl,786.59,ords:repDiaHid12m,,2026-09-22T01:12:42Z,celec_ords/2022/09/repDiaHid12m.ndjson.gz#repDiaHid12m:2022-09-20
2022-09-10,amaluza,caudal_m3s,86,ords:repDiaHid12m,,2026-09-22T01:12:42Z,celec_ords/2022/09/repDiaHid12m.ndjson.gz#repDiaHid12m:2022-09-20
2022-09-10,amaluza,cota_masl,1987.72,ords:repDiaHid12m,,2026-09-22T01:12:42Z,celec_ords/2022/09/repDiaHid12m.ndjson.gz#repDiaHid12m:2022-09-20
2022-09-10,delsitanisagua,caudal_m3s,35,ords:repDiaHid12m,,2026-09-22T01:12:42Z,celec_ords/2022/09/repDiaHid12m.ndjson.gz#repDiaHid12m:2022-09-20
2022-09-10,delsitanisagua,cota_masl,1490.91,ords:repDiaHid12m,,2026-09-22T01:12:42Z,celec_ords/2022/09/repDiaHid12m.ndjson.gz#repDiaHid12m:2022-09-20
2022-09-10,mazar,caudal_m3s,83,ords:repDiaHid12m,,2026-09-22T01:12:42Z,celec_ords/2022/09/repDiaHid12m.ndjson.gz#repDiaHid12m:2022-09-20
2022-09-10,mazar,cota_masl,2152.27,ords:repDiaHid12m,,2026-09-22T01:12:42Z,celec_ords/2022/09/repDiaHid12m.ndjson.gz#repDiaHid12m:2022-09-20
2022-09-10,minas_san_francisco,caudal_m3s,15,ords:repDiaHid12m,,2026-09-22T01:12:42Z,celec_ords/2022/09/repDiaHid12m.ndjson.gz#repDiaHid12m:2022-09-20
2022-09-10,minas_san_francisco,cota_masl,787.76,ords:repDiaHid12m,,2026-09-22T01:12:42Z,celec_ords/2022/09/repDiaHid12m.ndjson.gz#repDiaHid12m:2022-09-20
2022-09-11,amaluza,caudal_m3s,26,ords:repDiaHid12m,,2026-09-22T01:12:42Z,celec_ords/2022/09/repDiaHid12m.ndjson.gz#repDiaHid12m:2022-09-20
2022-09-11,amaluza,cota_masl,1987.03,ords:repDiaHid12m,,2026-09-22T01:12:42Z,celec_ords/2022/09/repDiaHid12m.ndjson.gz#repDiaHid12m:2022-09-20
2022-09-11,delsitanisagua,caudal_m3s,31,ords:repDiaHid12m,,2026-09-22T01:12:42Z,celec_ords/2022/09/repDiaHid12m.ndjson.gz#repDiaHid12m:2022-09-20
2022-09-11,delsitanisagua,cota_masl,1490.87,ords:repDiaHid12m,,2026-09-22T01:12:42Z,celec_ords/2022/09/repDiaHid12m.ndjson.gz#repDiaHid12m:2022-09-20
2022-09-11,mazar,caudal_m3s,53,ords:repDiaHid12m,,2026-09-22T01:12:42Z,celec_ords/2022/09/repDiaHid12m.ndjson.gz#repDiaHid12m:2022-09-20
2022-09-11,mazar,cota_masl,2152.55,ords:repDiaHid12m,,2026-09-22T01:12:42Z,celec_ords/2022/09/repDiaHid12m.ndjson.gz#repDiaHid12m:2022-09-20
2022-09-11,minas_san_francisco,caudal_m3s,18,ords:repDiaHid12m,,2026-09-22T01:12:42Z,celec_ords/2022/09/repDiaHid12m.ndjson.gz#repDiaHid12m:2022-09-20
2022-09-11,minas_san_francisco,cota_masl,789.11,ords:repDiaHid12m,,2026-09-22T01:12:42Z,celec_ords/2022/09/repDiaHid12m.ndjson.gz#repDiaHid12m:2022-09-20
2022-09-12,amaluza,caudal_m3s,144,ords:repDiaHid12m,,2026-09-22T01:12:42Z,celec_ords/2022/09/repDiaHid12m.ndjson.gz#repDiaHid12m:2022-09-20
2022-09-12,amaluza,cota_masl,1986.11,ords:repDiaHid12m,,2026-09-22T01:12:42Z,celec_ords/2022/09/repDiaHid12m.ndjson.gz#repDiaHid12m:2022-09-20
2022-09-12,delsitanisagua,caudal_m3s,29,ords:repDiaHid12m,,2026-09-22T01:12:42Z,celec_ords/2022/09/repDiaHid12m.ndjson.gz#repDiaHid12m:2022-09-20
2022-09-12,delsitanisagua,cota_masl,1490.83,ords:repDiaHid12m,,2026-09-22T01:12:42Z,celec_ords/2022/09/repDiaHid12m.ndjson.gz#repDiaHid12m:2022-09-20
2022-09-12,mazar,caudal_m3s,39,ords:repDiaHid12m,,2026-09-22T01:12:42Z,celec_ords/2022/09/repDiaHid12m.ndjson.gz#repDiaHid12m:2022-09-20
2022-09-12,mazar,cota_masl,2152.41,ords:repDiaHid12m,,2026-09-22T01:12:42Z,celec_ords/2022/09/repDiaHid12m.ndjson.gz#repDiaHid12m:2022-09-20
2022-09-12,minas_san_francisco,caudal_m3s,17,ords:repDiaHid12m,,2026-09-22T01:12:42Z,celec_ords/2022/09/repDiaHid12m.ndjson.gz#repDiaHid12m:2022-09-20
2022-09-12,minas_san_francisco,cota_masl,789.88,ords:repDiaHid12m,,2026-09-22T01:12:42Z,celec_ords/2022/09/repDiaHid12m.ndjson.gz#repDiaHid12m:2022-09-20
2022-09-13,amaluza,caudal_m3s,148,ords:repDiaHid12m,,2026-09-22T01:12:42Z,celec_ords/2022/09/repDiaHid12m.ndjson.gz#repDiaHid12m:2022-09-20
2022-09-13,amaluza,cota_masl,1985.39,ords:repDiaHid12m,,2026-09-22T01:12:42Z,celec_ords/2022/09/repDiaHid12m.ndjson.gz#repDiaHid12m:2022-09-20
2022-09-13,delsitanisagua,caudal_m3s,27,ords:repDiaHid12m,,2026-09-22T01:12:42Z,celec_ords/2022/09/repDiaHid12m.ndjson.gz#repDiaHid12m:2022-09-20
2022-09-13,delsitanisagua,cota_masl,1490.84,ords:repDiaHid12m,,2026-09-22T01:12:42Z,celec_ords/2022/09/repDiaHid12m.ndjson.gz#repDiaHid12m:2022-09-20
2022-09-13,mazar,caudal_m3s,38,ords:repDiaHid12m,,2026-09-22T01:12:42Z,celec_ords/2022/09/repDiaHid12m.ndjson.gz#repDiaHid12m:2022-09-20
2022-09-13,mazar,cota_masl,2151.97,ords:repDiaHid12m,,2026-09-22T01:12:42Z,celec_ords/2022/09/repDiaHid12m.ndjson.gz#repDiaHid12m:2022-09-20
2022-09-13,minas_san_francisco,caudal_m3s,13,ords:repDiaHid12m,,2026-09-22T01:12:42Z,celec_ords/2022/09/repDiaHid12m.ndjson.gz#repDiaHid12m:2022-09-20
2022-09-13,minas_san_francisco,cota_masl,788.75,ords:repDiaHid12m,,2026-09-22T01:12:42Z,celec_ords/2022/09/repDiaHid12m.ndjson.gz#repDiaHid12m:2022-09-20
2022-09-14,amaluza,caudal_m3s,159,ords:repDiaHid12m,,2026-09-22T01:12:42Z,celec_ords/2022/09/repDiaHid12m.ndjson.gz#repDiaHid12m:2022-09-20
2022-09-14,amaluza,cota_masl,1985.85,ords:repDiaHid12m,,2026-09-22T01:12:42Z,celec_ords/2022/09/repDiaHid12m.ndjson.gz#repDiaHid12m:2022-09-20
2022-09-14,delsitanisagua,caudal_m3s,28,ords:repDiaHid12m,,2026-09-22T01:12:42Z,celec_ords/2022/09/repDiaHid12m.ndjson.gz#repDiaHid12m:2022-09-20
2022-09-14,delsitanisagua,cota_masl,1490.9,ords:repDiaHid12m,,2026-09-22T01:12:42Z,celec_ords/2022/09/repDiaHid12m.ndjson.gz#repDiaHid12m:2022-09-20
2022-09-14,mazar,caudal_m3s,37,ords:repDiaHid12m,,2026-09-22T01:12:42Z,celec_ords/2022/09/repDiaHid12m.ndjson.gz#repDiaHid12m:2022-09-20
2022-09-14,mazar,cota_masl,2151.21,ords:repDiaHid12m,,2026-09-22T01:12:42Z,celec_ords/2022/09/repDiaHid12m.ndjson.gz#repDiaHid12m:2022-09-20
2022-09-14,minas_san_francisco,caudal_m3s,11,ords:repDiaHid12m,,2026-09-22T01:12:42Z,celec_ords/2022/09/repDiaHid12m.ndjson.gz#repDiaHid12m:2022-09-20
2022-09-14,minas_san_francisco,cota_masl,789.24,ords:repDiaHid12m,,2026-09-22T01:12:42Z,celec_ords/2022/09/repDiaHid12m.ndjson.gz#repDiaHid12m:2022-09-20
2022-09-15,amaluza,caudal_m3s,129,ords:repDiaHid12m,,2026-09-22T01:12:42Z,celec_ords/2022/09/repDiaHid12m.ndjson.gz#repDiaHid12m:2022-09-20
2022-09-15,amaluza,cota_masl,1985.39,ords:repDiaHid12m,,2026-09-22T01:12:42Z,celec_ords/2022/09/repDiaHid12m.ndjson.gz#repDiaHid12m:2022-09-20
2022-09-15,delsitanisagua,caudal_m3s,31,ords:repDiaHid12m,,2026-09-22T01:12:42Z,celec_ords/2022/09/repDiaHid12m.ndjson.gz#repDiaHid12m:2022-09-20
2022-09-15,delsitanisagua,cota_masl,1490.8,ords:repDiaHid12m,,2026-09-22T01:12:42Z,celec_ords/2022/09/repDiaHid12m.ndjson.gz#repDiaHid12m:2022-09-20
2022-09-15,mazar,caudal_m3s,39,ords:repDiaHid12m,,2026-09-22T01:12:42Z,celec_ords/2022/09/repDiaHid12m.ndjson.gz#repDiaHid12m:2022-09-20
2022-09-15,mazar,cota_masl,2150.57,ords:repDiaHid12m,,2026-09-22T01:12:42Z,celec_ords/2022/09/repDiaHid12m.ndjson.gz#repDiaHid12m:2022-09-20
2022-09-15,minas_san_francisco,caudal_m3s,35,ords:repDiaHid12m,,2026-09-22T01:12:42Z,celec_ords/2022/09/repDiaHid12m.ndjson.gz#repDiaHid12m:2022-09-20
2022-09-15,minas_san_francisco,cota_masl,789.92,ords:repDiaHid12m,,2026-09-22T01:12:42Z,celec_ords/2022/09/repDiaHid12m.ndjson.gz#repDiaHid12m:2022-09-20
2022-09-16,amaluza,caudal_m3s,151,ords:repDiaHid12m,,2026-09-22T01:12:42Z,celec_ords/2022/09/repDiaHid12m.ndjson.gz#repDiaHid12m:2022-09-20
2022-09-16,amaluza,cota_masl,1985.39,ords:repDiaHid12m,,2026-09-22T01:12:42Z,celec_ords/2022/09/repDiaHid12m.ndjson.gz#repDiaHid12m:2022-09-20
2022-09-16,delsitanisagua,caudal_m3s,34,ords:repDiaHid12m,,2026-09-22T01:12:42Z,celec_ords/2022/09/repDiaHid12m.ndjson.gz#repDiaHid12m:2022-09-20
2022-09-16,delsitanisagua,cota_masl,1490.85,ords:repDiaHid12m,,2026-09-22T01:12:42Z,celec_ords/2022/09/repDiaHid12m.ndjson.gz#repDiaHid12m:2022-09-20
2022-09-16,mazar,caudal_m3s,71,ords:repDiaHid12m,,2026-09-22T01:12:42Z,celec_ords/2022/09/repDiaHid12m.ndjson.gz#repDiaHid12m:2022-09-20
2022-09-16,mazar,cota_masl,2150.76,ords:repDiaHid12m,,2026-09-22T01:12:42Z,celec_ords/2022/09/repDiaHid12m.ndjson.gz#repDiaHid12m:2022-09-20
2022-09-16,minas_san_francisco,caudal_m3s,33,ords:repDiaHid12m,,2026-09-22T01:12:42Z,celec_ords/2022/09/repDiaHid12m.ndjson.gz#repDiaHid12m:2022-09-20
2022-09-16,minas_san_francisco,cota_masl,791.22,ords:repDiaHid12m,,2026-09-22T01:12:42Z,celec_ords/2022/09/repDiaHid12m.ndjson.gz#repDiaHid12m:2022-09-20
2022-09-17,amaluza,caudal_m3s,84,ords:repDiaHid12m,,2026-09-22T01:12:42Z,celec_ords/2022/09/repDiaHid12m.ndjson.gz#repDiaHid12m:2022-09-20
2022-09-17,amaluza,cota_masl,1985.92,ords:repDiaHid12m,,2026-09-22T01:12:42Z,celec_ords/2022/09/repDiaHid12m.ndjson.gz#repDiaHid12m:2022-09-20
2022-09-17,delsitanisagua,caudal_m3s,28,ords:repDiaHid12m,,2026-09-22T01:12:42Z,celec_ords/2022/09/repDiaHid12m.ndjson.gz#repDiaHid12m:2022-09-20
2022-09-17,delsitanisagua,cota_masl,1490.81,ords:repDiaHid12m,,2026-09-22T01:12:42Z,celec_ords/2022/09/repDiaHid12m.ndjson.gz#repDiaHid12m:2022-09-20
2022-09-17,mazar,caudal_m3s,55,ords:repDiaHid12m,,2026-09-22T01:12:42Z,celec_ords/2022/09/repDiaHid12m.ndjson.gz#repDiaHid12m:2022-09-20
2022-09-17,mazar,cota_masl,2150.76,ords:repDiaHid12m,,2026-09-22T01:12:42Z,celec_ords/2022/09/repDiaHid12m.ndjson.gz#repDiaHid12m:2022-09-20
2022-09-17,minas_san_francisco,caudal_m3s,18,ords:repDiaHid12m,,2026-09-22T01:12:42Z,celec_ords/2022/09/repDiaHid12m.ndjson.gz#repDiaHid12m:2022-09-20
2022-09-17,minas_san_francisco,cota_masl,791.22,ords:repDiaHid12m,,2026-09-22T01:12:42Z,celec_ords/2022/09/repDiaHid12m.ndjson.gz#repDiaHid12m:2022-09-20
2022-09-18,amaluza,caudal_m3s,143,ords:repDiaHid12m,,2026-09-22T01:12:42Z,celec_ords/2022/09/repDiaHid12m.ndjson.gz#repDiaHid12m:2022-09-20
2022-09-18,amaluza,cota_masl,1986.21,ords:repDiaHid12m,,2026-09-22T01:12:42Z,celec_ords/2022/09/repDiaHid12m.ndjson.gz#repDiaHid12m:2022-09-20
2022-09-18,delsitanisagua,caudal_m3s,27,ords:repDiaHid12m,,2026-09-22T01:12:42Z,celec_ords/2022/09/repDiaHid12m.ndjson.gz#repDiaHid12m:2022-09-20
2022-09-18,delsitanisagua,cota_masl,1490.61,ords:repDiaHid12m,,2026-09-22T01:12:42Z,celec_ords/2022/09/repDiaHid12m.ndjson.gz#repDiaHid12m:2022-09-20
2022-09-18,mazar,caudal_m3s,44,ords:repDiaHid12m,,2026-09-22T01:12:42Z,celec_ords/2022/09/repDiaHid12m.ndjson.gz#repDiaHid12m:2022-09-20
2022-09-18,mazar,cota_masl,2150.76,ords:repDiaHid12m,,2026-09-22T01:12:42Z,celec_ords/2022/09/repDiaHid12m.ndjson.gz#repDiaHid12m:2022-09-20
2022-09-18,minas_san_francisco,caudal_m3s,14,ords:repDiaHid12m,,2026-09-22T01:12:42Z,celec_ords/2022/09/repDiaHid12m.ndjson.gz#repDiaHid12m:2022-09-20
2022-09-18,minas_san_francisco,cota_masl,791.21,ords:repDiaHid12m,,2026-09-22T01:12:42Z,celec_ords/2022/09/repDiaHid12m.ndjson.gz#repDiaHid12m:2022-09-20
2022-09-19,amaluza,caudal_m3s,140,ords:repDiaHid12m,,2026-09-22T01:12:42Z,celec_ords/2022/09/repDiaHid12m.ndjson.gz#repDiaHid12m:2022-09-20
2022-09-19,amaluza,cota_masl,1986.01,ords:repDiaHid12m,,2026-09-22T01:12:42Z,celec_ords/2022/09/repDiaHid12m.ndjson.gz#repDiaHid12m:2022-09-20
2022-09-19,delsitanisagua,caudal_m3s,25,ords:repDiaHid12m,,2026-09-22T01:12:42Z,celec_ords/2022/09/repDiaHid12m.ndjson.gz#repDiaHid12m:2022-09-20
2022-09-19,delsitanisagua,cota_masl,1489.71,ords:repDiaHid12m,,2026-09-22T01:12:42Z,celec_ords/2022/09/repDiaHid12m.ndjson.gz#repDiaHid12m:2022-09-20
2022-09-19,mazar,caudal_m3s,38,ords:repDiaHid12m,,2026-09-22T01:12:42Z,celec_ords/2022/09/repDiaHid12m.ndjson.gz#repDiaHid12m:2022-09-20
2022-09-19,mazar,cota_masl,2149.99,ords:repDiaHid12m,,2026-09-22T01:12:42Z,celec_ords/2022/09/repDiaHid12m.ndjson.gz#repDiaHid12m:2022-09-20
2022-09-19,minas_san_francisco,caudal_m3s,11,ords:repDiaHid12m,,2026-09-22T01:12:42Z,celec_ords/2022/09/repDiaHid12m.ndjson.gz#repDiaHid12m:2022-09-20
2022-09-19,minas_san_francisco,cota_masl,788.33,ords:repDiaHid12m,,2026-09-22T01:12:42Z,celec_ords/2022/09/repDiaHid12m.ndjson.gz#repDiaHid12m:2022-09-20
2022-09-20,amaluza,caudal_m3s,88,ords:repDiaHid12m,,2026-09-22T01:12:43Z,celec_ords/2023/09/repDiaHid12m.ndjson.gz#repDiaHid12m:2023-09-20
2022-09-20,amaluza,cota_masl,1985.75,ords:repDiaHid12m,,2026-09-22T01:12:43Z,celec_ords/2023/09/repDiaHid12m.ndjson.gz#repDiaHid12m:2023-09-20
2022-09-20,delsitanisagua,caudal_m3s,26,ords:repDiaHid12m,,2026-09-22T01:12:43Z,celec_ords/2023/09/repDiaHid12m.ndjson.gz#repDiaHid12m:2023-09-20
2022-09-20,delsitanisagua,cota_masl,1490.82,ords:repDiaHid12m,,2026-09-22T01:12:43Z,celec_ords/2023/09/repDiaHid12m.ndjson.gz#repDiaHid12m:2023-09-20
2022-09-20,mazar,caudal_m3s,31,ords:repDiaHid12m,,2026-09-22T01:12:43Z,celec_ords/2023/09/repDiaHid12m.ndjson.gz#repDiaHid12m:2023-09-20
2022-09-20,mazar,cota_masl,2149.29,ords:repDiaHid12m,,2026-09-22T01:12:43Z,celec_ords/2023/09/repDiaHid12m.ndjson.gz#repDiaHid12m:2023-09-20
2022-09-20,minas_san_francisco,caudal_m3s,12,ords:repDiaHid12m,,2026-09-22T01:12:43Z,celec_ords/2023/09/repDiaHid12m.ndjson.gz#repDiaHid12m:2023-09-20
2022-09-20,minas_san_francisco,cota_masl,787.95,ords:repDiaHid12m,,2026-09-22T01:12:43Z,celec_ords/2023/09/repDiaHid12m.ndjson.gz#repDiaHid12m:2023-09-20
2022-09-21,amaluza,caudal_m3s,65,ords:repDiaHid12m,,2026-09-22T01:12:43Z,celec_ords/2023/09/repDiaHid12m.ndjson.gz#repDiaHid12m:2023-09-20
2022-09-21,amaluza,cota_masl,1984.97,ords:repDiaHid12m,,2026-09-22T01:12:43Z,celec_ords/2023/09/repDiaHid12m.ndjson.gz#repDiaHid12m:2023-09-20
2022-09-21,delsitanisagua,caudal_m3s,25,ords:repDiaHid12m,,2026-09-22T01:12:43Z,celec_ords/2023/09/repDiaHid12m.ndjson.gz#repDiaHid12m:2023-09-20
2022-09-21,delsitanisagua,cota_masl,1490.81,ords:repDiaHid12m,,2026-09-22T01:12:43Z,celec_ords/2023/09/repDiaHid12m.ndjson.gz#repDiaHid12m:2023-09-20
2022-09-21,mazar,caudal_m3s,33,ords:repDiaHid12m,,2026-09-22T01:12:43Z,celec_ords/2023/09/repDiaHid12m.ndjson.gz#repDiaHid12m:2023-09-20
2022-09-21,mazar,cota_masl,2148.74,ords:repDiaHid12m,,2026-09-22T01:12:43Z,celec_ords/2023/09/repDiaHid12m.ndjson.gz#repDiaHid12m:2023-09-20
2022-09-21,minas_san_francisco,caudal_m3s,11,ords:repDiaHid12m,,2026-09-22T01:12:43Z,celec_ords/2023/09/repDiaHid12m.ndjson.gz#repDiaHid12m:2023-09-20
2022-09-21,minas_san_francisco,cota_masl,787.78,ords:repDiaHid12m,,2026-09-22T01:12:43Z,celec_ords/2023/09/repDiaHid12m.ndjson.gz#repDiaHid12m:2023-09-20
2022-09-22,amaluza,caudal_m3s,124,ords:repDiaHid12m,,2026-09-22T01:12:43Z,celec_ords/2023/09/repDiaHid12m.ndjson.gz#repDiaHid12m:2023-09-20
2022-09-22,amaluza,cota_masl,1983.67,ords:repDiaHid12m,,2026-09-22T01:12:43Z,celec_ords/2023/09/repDiaHid12m.ndjson.gz#repDiaHid12m:2023-09-20
2022-09-22,delsitanisagua,caudal_m3s,24,ords:repDiaHid12m,,2026-09-22T01:12:43Z,celec_ords/2023/09/repDiaHid12m.ndjson.gz#repDiaHid12m:2023-09-20
2022-09-22,delsitanisagua,cota_masl,1490.74,ords:repDiaHid12m,,2026-09-22T01:12:43Z,celec_ords/2023/09/repDiaHid12m.ndjson.gz#repDiaHid12m:2023-09-20
2022-09-22,mazar,caudal_m3s,29,ords:repDiaHid12m,,2026-09-22T01:12:43Z,celec_ords/2023/09/repDiaHid12m.ndjson.gz#repDiaHid12m:2023-09-20
2022-09-22,mazar,cota_masl,2148.23,ords:repDiaHid12m,,2026-09-22T01:12:43Z,celec_ords/2023/09/repDiaHid12m.ndjson.gz#repDiaHid12m:2023-09-20
2022-09-22,minas_san_francisco,caudal_m3s,13,ords:repDiaHid12m,,2026-09-22T01:12:43Z,celec_ords/2023/09/repDiaHid12m.ndjson.gz#repDiaHid12m:2023-09-20
2022-09-22,minas_san_francisco,cota_masl,787.81,ords:repDiaHid12m,,2026-09-22T01:12:43Z,celec_ords/2023/09/repDiaHid12m.ndjson.gz#repDiaHid12m:2023-09-20
2022-09-23,amaluza,caudal_m3s,108,ords:repDiaHid12m,,2026-09-22T01:12:43Z,celec_ords/2023/09/repDiaHid12m.ndjson.gz#repDiaHid12m:2023-09-20
2022-09-23,amaluza,cota_masl,1983.13,ords:repDiaHid12m,,2026-09-22T01:12:43Z,celec_ords/2023/09/repDiaHid12m.ndjson.gz#repDiaHid12m:2023-09-20
2022-09-23,delsitanisagua,caudal_m3s,24,ords:repDiaHid12m,,2026-09-22T01:12:43Z,celec_ords/2023/09/repDiaHid12m.ndjson.gz#repDiaHid12m:2023-09-20
2022-09-23,delsitanisagua,cota_masl,1490.8,ords:repDiaHid12m,,2026-09-22T01:12:43Z,celec_ords/2023/09/repDiaHid12m.ndjson.gz#repDiaHid12m:2023-09-20
2022-09-23,mazar,caudal_m3s,37,ords:repDiaHid12m,,2026-09-22T01:12:43Z,celec_ords/2023/09/repDiaHid12m.ndjson.gz#repDiaHid12m:2023-09-20
2022-09-23,mazar,cota_masl,2147.87,ords:repDiaHid12m,,2026-09-22T01:12:43Z,celec_ords/2023/09/repDiaHid12m.ndjson.gz#repDiaHid12m:2023-09-20
2022-09-23,minas_san_francisco,caudal_m3s,10,ords:repDiaHid12m,,2026-09-22T01:12:43Z,celec_ords/2023/09/repDiaHid12m.ndjson.gz#repDiaHid12m:2023-09-20
2022-09-23,minas_san_francisco,cota_masl,788.11,ords:repDiaHid12m,,2026-09-22T01:12:43Z,celec_ords/2023/09/repDiaHid12m.ndjson.gz#repDiaHid12m:2023-09-20
2022-09-24,amaluza,caudal_m3s,86,ords:repDiaHid12m,,2026-09-22T01:12:43Z,celec_ords/2023/09/repDiaHid12m.ndjson.gz#repDiaHid12m:2023-09-20
2022-09-24,amaluza,cota_masl,1984.6,ords:repDiaHid12m,,2026-09-22T01:12:43Z,celec_ords/2023/09/repDiaHid12m.ndjson.gz#repDiaHid12m:2023-09-20
2022-09-24,delsitanisagua,caudal_m3s,25,ords:repDiaHid12m,,2026-09-22T01:12:43Z,celec_ords/2023/09/repDiaHid12m.ndjson.gz#repDiaHid12m:2023-09-20
2022-09-24,delsitanisagua,cota_masl,1490.62,ords:repDiaHid12m,,2026-09-22T01:12:43Z,celec_ords/2023/09/repDiaHid12m.ndjson.gz#repDiaHid12m:2023-09-20
2022-09-24,mazar,caudal_m3s,38,ords:repDiaHid12m,,2026-09-22T01:12:43Z,celec_ords/2023/09/repDiaHid12m.ndjson.gz#repDiaHid12m:2023-09-20
2022-09-24,mazar,cota_masl,2147.38,ords:repDiaHid12m,,2026-09-22T01:12:43Z,celec_ords/2023/09/repDiaHid12m.ndjson.gz#repDiaHid12m:2023-09-20
2022-09-24,minas_san_francisco,caudal_m3s,11,ords:repDiaHid12m,,2026-09-22T01:12:43Z,celec_ords/2023/09/repDiaHid12m.ndjson.gz#repDiaHid12m:2023-09-20
2022-09-24,minas_san_francisco,cota_masl,788.62,ords:repDiaHid12m,,2026-09-22T01:12:43Z,celec_ords/2023/09/repDiaHid12m.ndjson.gz#repDiaHid12m:2023-09-20
2022-09-25,amaluza,caudal_m3s,145,ords:repDiaHid12m,,2026-09-22T01:12:43Z,celec_ords/2023/09/repDiaHid12m.ndjson.gz#repDiaHid12m:2023-09-20
2022-09-25,amaluza,cota_masl,1984.49,ords:repDiaHid12m,,2026-09-22T01:12:43Z,celec_ords/2023/09/repDiaHid12m.ndjson.gz#repDiaHid12m:2023-09-20
2022-09-25,delsitanisagua,caudal_m3s,26,ords:repDiaHid12m,,2026-09-22T01:12:43Z,celec_ords/2023/09/repDiaHid12m.ndjson.gz#repDiaHid12m:2023-09-20
2022-09-25,delsitanisagua,cota_masl,1490.43,ords:repDiaHid12m,,2026-09-22T01:12:43Z,celec_ords/2023/09/repDiaHid12m.ndjson.gz#repDiaHid12m:2023-09-20
2022-09-25,mazar,caudal_m3s,25,ords:repDiaHid12m,,2026-09-22T01:12:43Z,celec_ords/2023/09/repDiaHid12m.ndjson.gz#repDiaHid12m:2023-09-20
2022-09-25,mazar,cota_masl,2147.25,ords:repDiaHid12m,,2026-09-22T01:12:43Z,celec_ords/2023/09/repDiaHid12m.ndjson.gz#repDiaHid12m:2023-09-20
2022-09-25,minas_san_francisco,caudal_m3s,11,ords:repDiaHid12m,,2026-09-22T01:12:43Z,celec_ords/2023/09/repDiaHid12m.ndjson.gz#repDiaHid12m:2023-09-20
2022-09-25,minas_san_francisco,cota_masl,788.97,ords:repDiaHid12m,,2026-09-22T01:12:43Z,celec_ords/2023/09/repDiaHid12m.ndjson.gz#repDiaHid12m:2023-09-20
2022-09-26,amaluza,caudal_m3s,105,ords:repDiaHid12m,,2026-09-22T01:12:43Z,celec_ords/2023/09/repDiaHid12m.ndjson.gz#repDiaHid12m:2023-09-20
2022-09-26,amaluza,cota_masl,1984.29,ords:repDiaHid12m,,2026-09-22T01:12:43Z,celec_ords/2023/09/repDiaHid12m.ndjson.gz#repDiaHid12m:2023-09-20
2022-09-26,delsitanisagua,caudal_m3s,23,ords:repDiaHid12m,,2026-09-22T01:12:43Z,celec_ords/2023/09/repDiaHid12m.ndjson.gz#repDiaHid12m:2023-09-20
2022-09-26,delsitanisagua,cota_masl,1490.46,ords:repDiaHid12m,,2026-09-22T01:12:43Z,celec_ords/2023/09/repDiaHid12m.ndjson.gz#repDiaHid12m:2023-09-20
2022-09-26,mazar,caudal_m3s,27,ords:repDiaHid12m,,2026-09-22T01:12:43Z,celec_ords/2023/09/repDiaHid12m.ndjson.gz#repDiaHid12m:2023-09-20
2022-09-26,mazar,cota_masl,2146.98,ords:repDiaHid12m,,2026-09-22T01:12:43Z,celec_ords/2023/09/repDiaHid12m.ndjson.gz#repDiaHid12m:2023-09-20
2022-09-26,minas_san_francisco,caudal_m3s,9,ords:repDiaHid12m,,2026-09-22T01:12:43Z,celec_ords/2023/09/repDiaHid12m.ndjson.gz#repDiaHid12m:2023-09-20
2022-09-26,minas_san_francisco,cota_masl,789.04,ords:repDiaHid12m,,2026-09-22T01:12:43Z,celec_ords/2023/09/repDiaHid12m.ndjson.gz#repDiaHid12m:2023-09-20
2022-09-27,amaluza,caudal_m3s,74,ords:repDiaHid12m,,2026-09-22T01:12:43Z,celec_ords/2023/09/repDiaHid12m.ndjson.gz#repDiaHid12m:2023-09-20
2022-09-27,amaluza,cota_masl,1983.58,ords:repDiaHid12m,,2026-09-22T01:12:43Z,celec_ords/2023/09/repDiaHid12m.ndjson.gz#repDiaHid12m:2023-09-20
2022-09-27,delsitanisagua,caudal_m3s,22,ords:repDiaHid12m,,2026-09-22T01:12:43Z,celec_ords/2023/09/repDiaHid12m.ndjson.gz#repDiaHid12m:2023-09-20
2022-09-27,delsitanisagua,cota_masl,1490.33,ords:repDiaHid12m,,2026-09-22T01:12:43Z,celec_ords/2023/09/repDiaHid12m.ndjson.gz#repDiaHid12m:2023-09-20
2022-09-27,mazar,caudal_m3s,35,ords:repDiaHid12m,,2026-09-22T01:12:43Z,celec_ords/2023/09/repDiaHid12m.ndjson.gz#repDiaHid12m:2023-09-20
2022-09-27,mazar,cota_masl,2146.5,ords:repDiaHid12m,,2026-09-22T01:12:43Z,celec_ords/2023/09/repDiaHid12m.ndjson.gz#repDiaHid12m:2023-09-20
2022-09-27,minas_san_francisco,caudal_m3s,10,ords:repDiaHid12m,,2026-09-22T01:12:43Z,celec_ords/2023/09/repDiaHid12m.ndjson.gz#repDiaHid12m:2023-09-20
2022-09-27,minas_san_francisco,cota_masl,788.23,ords:repDiaHid12m,,2026-09-22T01:12:43Z,celec_ords/2023/09/repDiaHid12m.ndjson.gz#repDiaHid12m:2023-09-20
2022-09-28,amaluza,caudal_m3s,119,ords:repDiaHid12m,,2026-09-22T01:12:43Z,celec_ords/2023/09/repDiaHid12m.ndjson.gz#repDiaHid12m:2023-09-20
2022-09-28,amaluza,cota_masl,1982.7,ords:repDiaHid12m,,2026-09-22T01:12:43Z,celec_ords/2023/09/repDiaHid12m.ndjson.gz#repDiaHid12m:2023-09-20
2022-09-28,delsitanisagua,caudal_m3s,22,ords:repDiaHid12m,,2026-09-22T01:12:43Z,celec_ords/2023/09/repDiaHid12m.ndjson.gz#repDiaHid12m:2023-09-20
2022-09-28,delsitanisagua,cota_masl,1490.8,ords:repDiaHid12m,,2026-09-22T01:12:43Z,celec_ords/2023/09/repDiaHid12m.ndjson.gz#repDiaHid12m:2023-09-20
2022-09-28,mazar,caudal_m3s,30,ords:repDiaHid12m,,2026-09-22T01:12:43Z,celec_ords/2023/09/repDiaHid12m.ndjson.gz#repDiaHid12m:2023-09-20
2022-09-28,mazar,cota_masl,2146,ords:repDiaHid12m,,2026-09-22T01:12:43Z,celec_ords/2023/09/repDiaHid12m.ndjson.gz#repDiaHid12m:2023-09-20
2022-09-28,minas_san_francisco,caudal_m3s,9,ords:repDiaHid12m,,2026-09-22T01:12:43Z,celec_ords/2023/09/repDiaHid12m.ndjson.gz#repDiaHid12m:2023-09-20
2022-09-28,minas_san_francisco,cota_masl,788.17,ords:repDiaHid12m,,2026-09-22T01:12:43Z,celec_ords/2023/09/repDiaHid12m.ndjson.gz#repDiaHid12m:2023-09-20
2022-09-29,amaluza,caudal_m3s,93,ords:repDiaHid12m,,2026-09-22T01:12:43Z,celec_ords/2023/09/repDiaHid12m.ndjson.gz#repDiaHid12m:2023-09-20
2022-09-29,amaluza,cota_masl,1981.9,ords:repDiaHid12m,,2026-09-22T01:12:43Z,celec_ords/2023/09/repDiaHid12m.ndjson.gz#repDiaHid12m:2023-09-20
2022-09-29,delsitanisagua,caudal_m3s,22,ords:repDiaHid12m,,2026-09-22T01:12:43Z,celec_ords/2023/09/repDiaHid12m.ndjson.gz#repDiaHid12m:2023-09-20
2022-09-29,delsitanisagua,cota_masl,1489.99,ords:repDiaHid12m,,2026-09-22T01:12:43Z,celec_ords/2023/09/repDiaHid12m.ndjson.gz#repDiaHid12m:2023-09-20
2022-09-29,mazar,caudal_m3s,27,ords:repDiaHid12m,,2026-09-22T01:12:43Z,celec_ords/2023/09/repDiaHid12m.ndjson.gz#repDiaHid12m:2023-09-20
2022-09-29,mazar,cota_masl,2145.42,ords:repDiaHid12m,,2026-09-22T01:12:43Z,celec_ords/2023/09/repDiaHid12m.ndjson.gz#repDiaHid12m:2023-09-20
2022-09-29,minas_san_francisco,caudal_m3s,11,ords:repDiaHid12m,,2026-09-22T01:12:43Z,celec_ords/2023/09/repDiaHid12m.ndjson.gz#repDiaHid12m:2023-09-20
2022-09-29,minas_san_francisco,cota_masl,788.41,ords:repDiaHid12m,,2026-09-22T01:12:43Z,celec_ords/2023/09/repDiaHid12m.ndjson.gz#repDiaHid12m:2023-09-20
2022-09-30,amaluza,caudal_m3s,99,ords:repDiaHid12m,,2026-09-22T01:12:43Z,celec_ords/2023/09/repDiaHid12m.ndjson.gz#repDiaHid12m:2023-09-20
2022-09-30,amaluza,cota_masl,1980.81,ords:repDiaHid12m,,2026-09-22T01:12:43Z,celec_ords/2023/09/repDiaHid12m.ndjson.gz#repDiaHid12m:2023-09-20
2022-09-30,delsitanisagua,caudal_m3s,37,ords:repDiaHid12m,,2026-09-22T01:12:43Z,celec_ords/2023/09/repDiaHid12m.ndjson.gz#repDiaHid12m:2023-09-20
2022-09-30,delsitanisagua,cota_masl,1490.77,ords:repDiaHid12m,,2026-09-22T01:12:43Z,celec_ords/2023/09/repDiaHid12m.ndjson.gz#repDiaHid12m:2023-09-20
2022-09-30,mazar,caudal_m3s,32,ords:repDiaHid12m,,2026-09-22T01:12:43Z,celec_ords/2023/09/repDiaHid12m.ndjson.gz#repDiaHid12m:2023-09-20
2022-09-30,mazar,cota_masl,2144.94,ords:repDiaHid12m,,2026-09-22T01:12:43Z,celec_ords/2023/09/repDiaHid12m.ndjson.gz#repDiaHid12m:2023-09-20
2022-09-30,minas_san_francisco,caudal_m3s,10,ords:repDiaHid12m,,2026-09-22T01:12:43Z,celec_ords/2023/09/repDiaHid12m.ndjson.gz#repDiaHid12m:2023-09-20
2022-09-30,minas_san_francisco,cota_masl,788.14,ords:repDiaHid12m,,2026-09-22T01:12:43Z,celec_ords/2023/09/repDiaHid12m.ndjson.gz#repDiaHid12m:2023-09-20
2022-10-01,amaluza,caudal_m3s,79,ords:repDiaHid12m,,2026-09-22T01:12:43Z,celec_ords/2023/09/repDiaHid12m.ndjson.gz#repDiaHid12m:2023-09-20
2022-10-01,amaluza,cota_masl,1980.92,ords:repDiaHid12m,,2026-09-22T01:12:43Z,celec_ords/2023/09/repDiaHid12m.ndjson.gz#repDiaHid12m:2023-09-20
2022-10-01,delsitanisagua,caudal_m3s,24,ords:repDiaHid12m,,2026-09-22T01:12:43Z,celec_ords/2023/09/repDiaHid12m.ndjson.gz#repDiaHid12m:2023-09-20
2022-10-01,delsitanisagua,cota_masl,1490.87,ords:repDiaHid12m,,2026-09-22T01:12:43Z,celec_ords/2023/09/repDiaHid12m.ndjson.gz#repDiaHid12m:2023-09-20
2022-10-01,mazar,caudal_m3s,38,ords:repDiaHid12m,,2026-09-22T01:12:43Z,celec_ords/2023/09/repDiaHid12m.ndjson.gz#repDiaHid12m:2023-09-20
2022-10-01,mazar,cota_masl,2144.57,ords:repDiaHid12m,,2026-09-22T01:12:43Z,celec_ords/2023/09/repDiaHid12m.ndjson.gz#repDiaHid12m:2023-09-20
2022-10-01,minas_san_francisco,caudal_m3s,21,ords:repDiaHid12m,,2026-09-22T01:12:43Z,celec_ords/2023/09/repDiaHid12m.ndjson.gz#repDiaHid12m:2023-09-20
2022-10-01,minas_san_francisco,cota_masl,789.43,ords:repDiaHid12m,,2026-09-22T01:12:43Z,celec_ords/2023/09/repDiaHid12m.ndjson.gz#repDiaHid12m:2023-09-20
2022-10-02,amaluza,caudal_m3s,81,ords:repDiaHid12m,,2026-09-22T01:12:43Z,celec_ords/2023/09/repDiaHid12m.ndjson.gz#repDiaHid12m:2023-09-20
2022-10-02,amaluza,cota_masl,1980.71,ords:repDiaHid12m,,2026-09-22T01:12:43Z,celec_ords/2023/09/repDiaHid12m.ndjson.gz#repDiaHid12m:2023-09-20
2022-10-02,delsitanisagua,caudal_m3s,24,ords:repDiaHid12m,,2026-09-22T01:12:43Z,celec_ords/2023/09/repDiaHid12m.ndjson.gz#repDiaHid12m:2023-09-20
2022-10-02,delsitanisagua,cota_masl,1490.84,ords:repDiaHid12m,,2026-09-22T01:12:43Z,celec_ords/2023/09/repDiaHid12m.ndjson.gz#repDiaHid12m:2023-09-20
2022-10-02,mazar,caudal_m3s,30,ords:repDiaHid12m,,2026-09-22T01:12:43Z,celec_ords/2023/09/repDiaHid12m.ndjson.gz#repDiaHid12m:2023-09-20
2022-10-02,mazar,cota_masl,2144.64,ords:repDiaHid12m,,2026-09-22T01:12:43Z,celec_ords/2023/09/repDiaHid12m.ndjson.gz#repDiaHid12m:2023-09-20
2022-10-02,minas_san_francisco,caudal_m3s,17,ords:repDiaHid12m,,2026-09-22T01:12:43Z,celec_ords/2023/09/repDiaHid12m.ndjson.gz#repDiaHid12m:2023-09-20
2022-10-02,minas_san_francisco,cota_masl,790.53,ords:repDiaHid12m,,2026-09-22T01:12:43Z,celec_ords/2023/09/repDiaHid12m.ndjson.gz#repDiaHid12m:2023-09-20
2022-10-03,amaluza,caudal_m3s,88,ords:repDiaHid12m,,2026-09-22T01:12:43Z,celec_ords/2023/09/repDiaHid12m.ndjson.gz#repDiaHid12m:2023-09-20
2022-10-03,amaluza,cota_masl,1979.82,ords:repDiaHid12m,,2026-09-22T01:12:43Z,celec_ords/2023/09/repDiaHid12m.ndjson.gz#repDiaHid12m:2023-09-20
2022-10-03,delsitanisagua,caudal_m3s,22,ords:repDiaHid12m,,2026-09-22T01:12:43Z,celec_ords/2023/09/repDiaHid12m.ndjson.gz#repDiaHid12m:2023-09-20
2022-10-03,delsitanisagua,cota_masl,1490.43,ords:repDiaHid12m,,2026-09-22T01:12:43Z,celec_ords/2023/09/repDiaHid12m.ndjson.gz#repDiaHid12m:2023-09-20
2022-10-03,mazar,caudal_m3s,32,ords:repDiaHid12m,,2026-09-22T01:12:43Z,celec_ords/2023/09/repDiaHid12m.ndjson.gz#repDiaHid12m:2023-09-20
2022-10-03,mazar,cota_masl,2144.38,ords:repDiaHid12m,,2026-09-22T01:12:43Z,celec_ords/2023/09/repDiaHid12m.ndjson.gz#repDiaHid12m:2023-09-20
2022-10-03,minas_san_francisco,caudal_m3s,12,ords:repDiaHid12m,,2026-09-22T01:12:43Z,celec_ords/2023/09/repDiaHid12m.ndjson.gz#repDiaHid12m:2023-09-20
2022-10-03,minas_san_francisco,cota_masl,790.45,ords:repDiaHid12m,,2026-09-22T01:12:43Z,celec_ords/2023/09/repDiaHid12m.ndjson.gz#repDiaHid12m:2023-09-20
2022-10-04,amaluza,caudal_m3s,97,ords:repDiaHid12m,,2026-09-22T01:12:43Z,celec_ords/2023/09/repDiaHid12m.ndjson.gz#repDiaHid12m:2023-09-20
2022-10-04,amaluza,cota_masl,1979.82,ords:repDiaHid12m,,2026-09-22T01:12:43Z,celec_ords/2023/09/repDiaHid12m.ndjson.gz#repDiaHid12m:2023-09-20
2022-10-04,delsitanisagua,caudal_m3s,21,ords:repDiaHid12m,,2026-09-22T01:12:43Z,celec_ords/2023/09/repDiaHid12m.ndjson.gz#repDiaHid12m:2023-09-20
2022-10-04,delsitanisagua,cota_masl,1488.61,ords:repDiaHid12m,,2026-09-22T01:12:43Z,celec_ords/2023/09/repDiaHid12m.ndjson.gz#repDiaHid12m:2023-09-20
2022-10-04,mazar,caudal_m3s,26,ords:repDiaHid12m,,2026-09-22T01:12:43Z,celec_ords/2023/09/repDiaHid12m.ndjson.gz#repDiaHid12m:2023-09-20
2022-10-04,mazar,cota_masl,2143.7,ords:repDiaHid12m,,2026-09-22T01:12:43Z,celec_ords/2023/09/repDiaHid12m.ndjson.gz#repDiaHid12m:2023-09-20
2022-10-04,minas_san_francisco,caudal_m3s,10,ords:repDiaHid12m,,2026-09-22T01:12:43Z,celec_ords/2023/09/repDiaHid12m.ndjson.gz#repDiaHid12m:2023-09-20
2022-10-04,minas_san_francisco,cota_masl,790.25,ords:repDiaHid12m,,2026-09-22T01:12:43Z,celec_ords/2023/09/repDiaHid12m.ndjson.gz#repDiaHid12m:2023-09-20
2022-10-05,amaluza,caudal_m3s,86,ords:repDiaHid12m,,2026-09-22T01:12:43Z,celec_ords/2023/09/repDiaHid12m.ndjson.gz#repDiaHid12m:2023-09-20
2022-10-05,amaluza,cota_masl,1978.45,ords:repDiaHid12m,,2026-09-22T01:12:43Z,celec_ords/2023/09/repDiaHid12m.ndjson.gz#repDiaHid12m:2023-09-20
2022-10-05,delsitanisagua,caudal_m3s,21,ords:repDiaHid12m,,2026-09-22T01:12:43Z,celec_ords/2023/09/repDiaHid12m.ndjson.gz#repDiaHid12m:2023-09-20
2022-10-05,delsitanisagua,cota_masl,1489.57,ords:repDiaHid12m,,2026-09-22T01:12:43Z,celec_ords/2023/09/repDiaHid12m.ndjson.gz#repDiaHid12m:2023-09-20
2022-10-05,mazar,caudal_m3s,27,ords:repDiaHid12m,,2026-09-22T01:12:43Z,celec_ords/2023/09/repDiaHid12m.ndjson.gz#repDiaHid12m:2023-09-20
2022-10-05,mazar,cota_masl,2143.1,ords:repDiaHid12m,,2026-09-22T01:12:43Z,celec_ords/2023/09/repDiaHid12m.ndjson.gz#repDiaHid12m:2023-09-20
2022-10-05,minas_san_francisco,caudal_m3s,8,ords:repDiaHid12m,,2026-09-22T01:12:43Z,celec_ords/2023/09/repDiaHid12m.ndjson.gz#repDiaHid12m:2023-09-20
2022-10-05,minas_san_francisco,cota_masl,788.83,ords:repDiaHid12m,,2026-09-22T01:12:43Z,celec_ords/2023/09/repDiaHid12m.ndjson.gz#repDiaHid12m:2023-09-20
2022-10-06,amaluza,caudal_m3s,169,ords:repDiaHid12m,,2026-09-22T01:12:43Z,celec_ords/2023/09/repDiaHid12m.ndjson.gz#repDiaHid12m:2023-09-20
2022-10-06,amaluza,cota_masl,1979.29,ords:repDiaHid12m,,2026-09-22T01:12:43Z,celec_ords/2023/09/repDiaHid12m.ndjson.gz#repDiaHid12m:2023-09-20
2022-10-06,delsitanisagua,caudal_m3s,21,ords:repDiaHid12m,,2026-09-22T01:12:43Z,celec_ords/2023/09/repDiaHid12m.ndjson.gz#repDiaHid12m:2023-09-20
2022-10-06,delsitanisagua,cota_masl,1490.69,ords:repDiaHid12m,,2026-09-22T01:12:43Z,celec_ords/2023/09/repDiaHid12m.ndjson.gz#repDiaHid12m:2023-09-20
2022-10-06,mazar,caudal_m3s,37,ords:repDiaHid12m,,2026-09-22T01:12:43Z,celec_ords/2023/09/repDiaHid12m.ndjson.gz#repDiaHid12m:2023-09-20
2022-10-06,mazar,cota_masl,2142.4,ords:repDiaHid12m,,2026-09-22T01:12:43Z,celec_ords/2023/09/repDiaHid12m.ndjson.gz#repDiaHid12m:2023-09-20
2022-10-06,minas_san_francisco,caudal_m3s,10,ords:repDiaHid12m,,2026-09-22T01:12:43Z,celec_ords/2023/09/repDiaHid12m.ndjson.gz#repDiaHid12m:2023-09-20
2022-10-06,minas_san_francisco,cota_masl,787.84,ords:repDiaHid12m,,2026-09-22T01:12:43Z,celec_ords/2023/09/repDiaHid12m.ndjson.gz#repDiaHid12m:2023-09-20
2022-10-07,amaluza,caudal_m3s,165,ords:repDiaHid12m,,2026-09-22T01:12:43Z,celec_ords/2023/09/repDiaHid12m.ndjson.gz#repDiaHid12m:2023-09-20
2022-10-07,amaluza,cota_masl,1982.22,ords:repDiaHid12m,,2026-09-22T01:12:43Z,celec_ords/2023/09/repDiaHid12m.ndjson.gz#repDiaHid12m:2023-09-20
2022-10-07,delsitanisagua,caudal_m3s,23,ords:repDiaHid12m,,2026-09-22T01:12:43Z,celec_ords/2023/09/repDiaHid12m.ndjson.gz#repDiaHid12m:2023-09-20
2022-10-07,delsitanisagua,cota_masl,1490.88,ords:repDiaHid12m,,2026-09-22T01:12:43Z,celec_ords/2023/09/repDiaHid12m.ndjson.gz#repDiaHid12m:2023-09-20
2022-10-07,mazar,caudal_m3s,23,ords:repDiaHid12m,,2026-09-22T01:12:43Z,celec_ords/2023/09/repDiaHid12m.ndjson.gz#repDiaHid12m:2023-09-20
2022-10-07,mazar,cota_masl,2141.35,ords:repDiaHid12m,,2026-09-22T01:12:43Z,celec_ords/2023/09/repDiaHid12m.ndjson.gz#repDiaHid12m:2023-09-20
2022-10-07,minas_san_francisco,caudal_m3s,13,ords:repDiaHid12m,,2026-09-22T01:12:43Z,celec_ords/2023/09/repDiaHid12m.ndjson.gz#repDiaHid12m:2023-09-20
2022-10-07,minas_san_francisco,cota_masl,788.86,ords:repDiaHid12m,,2026-09-22T01:12:43Z,celec_ords/2023/09/repDiaHid12m.ndjson.gz#repDiaHid12m:2023-09-20
2022-10-08,amaluza,caudal_m3s,114,ords:repDiaHid12m,,2026-09-22T01:12:43Z,celec_ords/2023/09/repDiaHid12m.ndjson.gz#repDiaHid12m:2023-09-20
2022-10-08,amaluza,cota_masl,1984.33,ords:repDiaHid12m,,2026-09-22T01:12:43Z,celec_ords/2023/09/repDiaHid12m.ndjson.gz#repDiaHid12m:2023-09-20
2022-10-08,delsitanisagua,caudal_m3s,29,ords:repDiaHid12m,,2026-09-22T01:12:43Z,celec_ords/2023/09/repDiaHid12m.ndjson.gz#repDiaHid12m:2023-09-20
2022-10-08,delsitanisagua,cota_masl,1490.2,ords:repDiaHid12m,,2026-09-22T01:12:43Z,celec_ords/2023/09/repDiaHid12m.ndjson.gz#repDiaHid12m:2023-09-20
2022-10-08,mazar,caudal_m3s,33,ords:repDiaHid12m,,2026-09-22T01:12:43Z,celec_ords/2023/09/repDiaHid12m.ndjson.gz#repDiaHid12m:2023-09-20
2022-10-08,mazar,cota_masl,2140.7,ords:repDiaHid12m,,2026-09-22T01:12:43Z,celec_ords/2023/09/repDiaHid12m.ndjson.gz#repDiaHid12m:2023-09-20
2022-10-08,minas_san_francisco,caudal_m3s,12,ords:repDiaHid12m,,2026-09-22T01:12:43Z,celec_ords/2023/09/repDiaHid12m.ndjson.gz#repDiaHid12m:2023-09-20
2022-10-08,minas_san_francisco,cota_masl,789.41,ords:repDiaHid12m,,2026-09-22T01:12:43Z,celec_ords/2023/09/repDiaHid12m.ndjson.gz#repDiaHid12m:2023-09-20
2022-10-09,amaluza,caudal_m3s,81,ords:repDiaHid12m,,2026-09-22T01:12:43Z,celec_ords/2023/09/repDiaHid12m.ndjson.gz#repDiaHid12m:2023-09-20
2022-10-09,amaluza,cota_masl,1985.05,ords:repDiaHid12m,,2026-09-22T01:12:43Z,celec_ords/2023/09/repDiaHid12m.ndjson.gz#repDiaHid12m:2023-09-20
2022-10-09,delsitanisagua,caudal_m3s,22,ords:repDiaHid12m,,2026-09-22T01:12:43Z,celec_ords/2023/09/repDiaHid12m.ndjson.gz#repDiaHid12m:2023-09-20
2022-10-09,delsitanisagua,cota_masl,1490.74,ords:repDiaHid12m,,2026-09-22T01:12:43Z,celec_ords/2023/09/repDiaHid12m.ndjson.gz#repDiaHid12m:2023-09-20
2022-10-09,mazar,caudal_m3s,36,ords:repDiaHid12m,,2026-09-22T01:12:43Z,celec_ords/2023/09/repDiaHid12m.ndjson.gz#repDiaHid12m:2023-09-20
2022-10-09,mazar,cota_masl,2140.76,ords:repDiaHid12m,,2026-09-22T01:12:43Z,celec_ords/2023/09/repDiaHid12m.ndjson.gz#repDiaHid12m:2023-09-20
2022-10-09,minas_san_francisco,caudal_m3s,15,ords:repDiaHid12m,,2026-09-22T01:12:43Z,celec_ords/2023/09/repDiaHid12m.ndjson.gz#repDiaHid12m:2023-09-20
2022-10-09,minas_san_francisco,cota_masl,789.88,ords:repDiaHid12m,,2026-09-22T01:12:43Z,celec_ords/2023/09/repDiaHid12m.ndjson.gz#repDiaHid12m:2023-09-20
2022-10-10,amaluza,caudal_m3s,89,ords:repDiaHid12m,,2026-09-22T01:12:43Z,celec_ords/2023/09/repDiaHid12m.ndjson.gz#repDiaHid12m:2023-09-20
2022-10-10,amaluza,cota_masl,1984.75,ords:repDiaHid12m,,2026-09-22T01:12:43Z,celec_ords/2023/09/repDiaHid12m.ndjson.gz#repDiaHid12m:2023-09-20
2022-10-10,delsitanisagua,caudal_m3s,23,ords:repDiaHid12m,,2026-09-22T01:12:43Z,celec_ords/2023/09/repDiaHid12m.ndjson.gz#repDiaHid12m:2023-09-20
2022-10-10,delsitanisagua,cota_masl,1490.57,ords:repDiaHid12m,,2026-09-22T01:12:43Z,celec_ords/2023/09/repDiaHid12m.ndjson.gz#repDiaHid12m:2023-09-20
2022-10-10,mazar,caudal_m3s,28,ords:repDiaHid12m,,2026-09-22T01:12:43Z,celec_ords/2023/09/repDiaHid12m.ndjson.gz#repDiaHid12m:2023-09-20
2022-10-10,mazar,cota_masl,2140.64,ords:repDiaHid12m,,2026-09-22T01:12:43Z,celec_ords/2023/09/repDiaHid12m.ndjson.gz#repDiaHid12m:2023-09-20
2022-10-10,minas_san_francisco,caudal_m3s,10,ords:repDiaHid12m,,2026-09-22T01:12:43Z,celec_ords/2023/09/repDiaHid12m.ndjson.gz#repDiaHid12m:2023-09-20
2022-10-10,minas_san_francisco,cota_masl,789.72,ords:repDiaHid12m,,2026-09-22T01:12:43Z,celec_ords/2023/09/repDiaHid12m.ndjson.gz#repDiaHid12m:2023-09-20
2022-10-11,amaluza,caudal_m3s,89,ords:repDiaHid12m,,2026-09-22T01:12:43Z,celec_ords/2023/09/repDiaHid12m.ndjson.gz#repDiaHid12m:2023-09-20
2022-10-11,amaluza,cota_masl,1984.65,ords:repDiaHid12m,,2026-09-22T01:12:43Z,celec_ords/2023/09/repDiaHid12m.ndjson.gz#repDiaHid12m:2023-09-20
2022-10-11,delsitanisagua,caudal_m3s,21,ords:repDiaHid12m,,2026-09-22T01:12:43Z,celec_ords/2023/09/repDiaHid12m.ndjson.gz#repDiaHid12m:2023-09-20
2022-10-11,delsitanisagua,cota_masl,1490.8,ords:repDiaHid12m,,2026-09-22T01:12:43Z,celec_ords/2023/09/repDiaHid12m.ndjson.gz#repDiaHid12m:2023-09-20
2022-10-11,mazar,caudal_m3s,21,ords:repDiaHid12m,,2026-09-22T01:12:43Z,celec_ords/2023/09/repDiaHid12m.ndjson.gz#repDiaHid12m:2023-09-20
2022-10-11,mazar,cota_masl,2140.19,ords:repDiaHid12m,,2026-09-22T01:12:43Z,celec_ords/2023/09/repDiaHid12m.ndjson.gz#repDiaHid12m:2023-09-20
2022-10-11,minas_san_francisco,caudal_m3s,9,ords:repDiaHid12m,,2026-09-22T01:12:43Z,celec_ords/2023/09/repDiaHid12m.ndjson.gz#repDiaHid12m:2023-09-20
2022-10-11,minas_san_francisco,cota_masl,789.3,ords:repDiaHid12m,,2026-09-22T01:12:43Z,celec_ords/2023/09/repDiaHid12m.ndjson.gz#repDiaHid12m:2023-09-20
2022-10-12,amaluza,caudal_m3s,121,ords:repDiaHid12m,,2026-09-22T01:12:43Z,celec_ords/2023/09/repDiaHid12m.ndjson.gz#repDiaHid12m:2023-09-20
2022-10-12,amaluza,cota_masl,1985.47,ords:repDiaHid12m,,2026-09-22T01:12:43Z,celec_ords/2023/09/repDiaHid12m.ndjson.gz#repDiaHid12m:2023-09-20
2022-10-12,delsitanisagua,caudal_m3s,19,ords:repDiaHid12m,,2026-09-22T01:12:43Z,celec_ords/2023/09/repDiaHid12m.ndjson.gz#repDiaHid12m:2023-09-20
2022-10-12,delsitanisagua,cota_masl,1488.47,ords:repDiaHid12m,,2026-09-22T01:12:43Z,celec_ords/2023/09/repDiaHid12m.ndjson.gz#repDiaHid12m:2023-09-20
2022-10-12,mazar,caudal_m3s,30,ords:repDiaHid12m,,2026-09-22T01:12:43Z,celec_ords/2023/09/repDiaHid12m.ndjson.gz#repDiaHid12m:2023-09-20
2022-10-12,mazar,cota_masl,2139.48,ords:repDiaHid12m,,2026-09-22T01:12:43Z,celec_ords/2023/09/repDiaHid12m.ndjson.gz#repDiaHid12m:2023-09-20
2022-10-12,minas_san_francisco,caudal_m3s,13,ords:repDiaHid12m,,2026-09-22T01:12:43Z,celec_ords/2023/09/repDiaHid12m.ndjson.gz#repDiaHid12m:2023-09-20
2022-10-12,minas_san_francisco,cota_masl,789.27,ords:repDiaHid12m,,2026-09-22T01:12:43Z,celec_ords/2023/09/repDiaHid12m.ndjson.gz#repDiaHid12m:2023-09-20
2022-10-13,amaluza,caudal_m3s,118,ords:repDiaHid12m,,2026-09-22T01:12:43Z,celec_ords/2023/09/repDiaHid12m.ndjson.gz#repDiaHid12m:2023-09-20
2022-10-13,amaluza,cota_masl,1985.56,ords:repDiaHid12m,,2026-09-22T01:12:43Z,celec_ords/2023/09/repDiaHid12m.ndjson.gz#repDiaHid12m:2023-09-20
2022-10-13,delsitanisagua,caudal_m3s,26,ords:repDiaHid12m,,2026-09-22T01:12:43Z,celec_ords/2023/09/repDiaHid12m.ndjson.gz#repDiaHid12m:2023-09-20
2022-10-13,delsitanisagua,cota_masl,1489.25,ords:repDiaHid12m,,2026-09-22T01:12:43Z,celec_ords/2023/09/repDiaHid12m.ndjson.gz#repDiaHid12m:2023-09-20
2022-10-13,mazar,caudal_m3s,23,ords:repDiaHid12m,,2026-09-22T01:12:43Z,celec_ords/2023/09/repDiaHid12m.ndjson.gz#repDiaHid12m:2023-09-20
2022-10-13,mazar,cota_masl,2138.9,ords:repDiaHid12m,,2026-09-22T01:12:43Z,celec_ords/2023/09/repDiaHid12m.ndjson.gz#repDiaHid12m:2023-09-20
2022-10-13,minas_san_francisco,caudal_m3s,8,ords:repDiaHid12m,,2026-09-22T01:12:43Z,celec_ords/2023/09/repDiaHid12m.ndjson.gz#repDiaHid12m:2023-09-20
2022-10-13,minas_san_francisco,cota_masl,788.32,ords:repDiaHid12m,,2026-09-22T01:12:43Z,celec_ords/2023/09/repDiaHid12m.ndjson.gz#repDiaHid12m:2023-09-20
2022-10-14,amaluza,caudal_m3s,116,ords:repDiaHid12m,,2026-09-22T01:12:43Z,celec_ords/2023/09/repDiaHid12m.ndjson.gz#repDiaHid12m:2023-09-20
2022-10-14,amaluza,cota_masl,1984.31,ords:repDiaHid12m,,2026-09-22T01:12:43Z,celec_ords/2023/09/repDiaHid12m.ndjson.gz#repDiaHid12m:2023-09-20
2022-10-14,delsitanisagua,caudal_m3s,31,ords:repDiaHid12m,,2026-09-22T01:12:43Z,celec_ords/2023/09/repDiaHid12m.ndjson.gz#repDiaHid12m:2023-09-20
2022-10-14,delsitanisagua,cota_masl,1490.39,ords:repDiaHid12m,,2026-09-22T01:12:43Z,celec_ords/2023/09/repDiaHid12m.ndjson.gz#repDiaHid12m:2023-09-20
2022-10-14,mazar,caudal_m3s,38,ords:repDiaHid12m,,2026-09-22T01:12:43Z,celec_ords/2023/09/repDiaHid12m.ndjson.gz#repDiaHid12m:2023-09-20
2022-10-14,mazar,cota_masl,2138.72,ords:repDiaHid12m,,2026-09-22T01:12:43Z,celec_ords/2023/09/repDiaHid12m.ndjson.gz#repDiaHid12m:2023-09-20
2022-10-14,minas_san_francisco,caudal_m3s,12,ords:repDiaHid12m,,2026-09-22T01:12:43Z,celec_ords/2023/09/repDiaHid12m.ndjson.gz#repDiaHid12m:2023-09-20
2022-10-14,minas_san_francisco,cota_masl,787.59,ords:repDiaHid12m,,2026-09-22T01:12:43Z,celec_ords/2023/09/repDiaHid12m.ndjson.gz#repDiaHid12m:2023-09-20
2022-10-15,amaluza,caudal_m3s,50,ords:repDiaHid12m,,2026-09-22T01:12:43Z,celec_ords/2023/09/repDiaHid12m.ndjson.gz#repDiaHid12m:2023-09-20
2022-10-15,amaluza,cota_masl,1985.77,ords:repDiaHid12m,,2026-09-22T01:12:43Z,celec_ords/2023/09/repDiaHid12m.ndjson.gz#repDiaHid12m:2023-09-20
2022-10-15,delsitanisagua,caudal_m3s,41,ords:repDiaHid12m,,2026-09-22T01:12:43Z,celec_ords/2023/09/repDiaHid12m.ndjson.gz#repDiaHid12m:2023-09-20
2022-10-15,delsitanisagua,cota_masl,1490.88,ords:repDiaHid12m,,2026-09-22T01:12:43Z,celec_ords/2023/09/repDiaHid12m.ndjson.gz#repDiaHid12m:2023-09-20
2022-10-15,mazar,caudal_m3s,102,ords:repDiaHid12m,,2026-09-22T01:12:43Z,celec_ords/2023/09/repDiaHid12m.ndjson.gz#repDiaHid12m:2023-09-20
2022-10-15,mazar,cota_masl,2139.74,ords:repDiaHid12m,,2026-09-22T01:12:43Z,celec_ords/2023/09/repDiaHid12m.ndjson.gz#repDiaHid12m:2023-09-20
2022-10-15,minas_san_francisco,caudal_m3s,63,ords:repDiaHid12m,,2026-09-22T01:12:43Z,celec_ords/2023/09/repDiaHid12m.ndjson.gz#repDiaHid12m:2023-09-20
2022-10-15,minas_san_francisco,cota_masl,789.6,ords:repDiaHid12m,,2026-09-22T01:12:43Z,celec_ords/2023/09/repDiaHid12m.ndjson.gz#repDiaHid12m:2023-09-20
2022-10-16,amaluza,caudal_m3s,84,ords:repDiaHid12m,,2026-09-22T01:12:43Z,celec_ords/2023/09/repDiaHid12m.ndjson.gz#repDiaHid12m:2023-09-20
2022-10-16,amaluza,cota_masl,1985.32,ords:repDiaHid12m,,2026-09-22T01:12:43Z,celec_ords/2023/09/repDiaHid12m.ndjson.gz#repDiaHid12m:2023-09-20
2022-10-16,delsitanisagua,caudal_m3s,25,ords:repDiaHid12m,,2026-09-22T01:12:43Z,celec_ords/2023/09/repDiaHid12m.ndjson.gz#repDiaHid12m:2023-09-20
2022-10-16,delsitanisagua,cota_masl,1490.77,ords:repDiaHid12m,,2026-09-22T01:12:43Z,celec_ords/2023/09/repDiaHid12m.ndjson.gz#repDiaHid12m:2023-09-20
2022-10-16,mazar,caudal_m3s,56,ords:repDiaHid12m,,2026-09-22T01:12:43Z,celec_ords/2023/09/repDiaHid12m.ndjson.gz#repDiaHid12m:2023-09-20
2022-10-16,mazar,cota_masl,2140.43,ords:repDiaHid12m,,2026-09-22T01:12:43Z,celec_ords/2023/09/repDiaHid12m.ndjson.gz#repDiaHid12m:2023-09-20
2022-10-16,minas_san_francisco,caudal_m3s,20,ords:repDiaHid12m,,2026-09-22T01:12:43Z,celec_ords/2023/09/repDiaHid12m.ndjson.gz#repDiaHid12m:2023-09-20
2022-10-16,minas_san_francisco,cota_masl,789.97,ords:repDiaHid12m,,2026-09-22T01:12:43Z,celec_ords/2023/09/repDiaHid12m.ndjson.gz#repDiaHid12m:2023-09-20
2022-10-17,amaluza,caudal_m3s,23,ords:repDiaHid12m,,2026-09-22T01:12:43Z,celec_ords/2023/09/repDiaHid12m.ndjson.gz#repDiaHid12m:2023-09-20
2022-10-17,amaluza,cota_masl,1984.05,ords:repDiaHid12m,,2026-09-22T01:12:43Z,celec_ords/2023/09/repDiaHid12m.ndjson.gz#repDiaHid12m:2023-09-20
2022-10-17,delsitanisagua,caudal_m3s,22,ords:repDiaHid12m,,2026-09-22T01:12:43Z,celec_ords/2023/09/repDiaHid12m.ndjson.gz#repDiaHid12m:2023-09-20
2022-10-17,delsitanisagua,cota_masl,1489.99,ords:repDiaHid12m,,2026-09-22T01:12:43Z,celec_ords/2023/09/repDiaHid12m.ndjson.gz#repDiaHid12m:2023-09-20
2022-10-17,mazar,caudal_m3s,38,ords:repDiaHid12m,,2026-09-22T01:12:43Z,celec_ords/2023/09/repDiaHid12m.ndjson.gz#repDiaHid12m:2023-09-20
2022-10-17,mazar,cota_masl,2140.54,ords:repDiaHid12m,,2026-09-22T01:12:43Z,celec_ords/2023/09/repDiaHid12m.ndjson.gz#repDiaHid12m:2023-09-20
2022-10-17,minas_san_francisco,caudal_m3s,15,ords:repDiaHid12m,,2026-09-22T01:12:43Z,celec_ords/2023/09/repDiaHid12m.ndjson.gz#repDiaHid12m:2023-09-20
2022-10-17,minas_san_francisco,cota_masl,789.86,ords:repDiaHid12m,,2026-09-22T01:12:43Z,celec_ords/2023/09/repDiaHid12m.ndjson.gz#repDiaHid12m:2023-09-20
2022-10-18,amaluza,caudal_m3s,74,ords:repDiaHid12m,,2026-09-22T01:12:43Z,celec_ords/2023/09/repDiaHid12m.ndjson.gz#repDiaHid12m:2023-09-20
2022-10-18,amaluza,cota_masl,1983.96,ords:repDiaHid12m,,2026-09-22T01:12:43Z,celec_ords/2023/09/repDiaHid12m.ndjson.gz#repDiaHid12m:2023-09-20
2022-10-18,delsitanisagua,caudal_m3s,33,ords:repDiaHid12m,,2026-09-22T01:12:43Z,celec_ords/2023/09/repDiaHid12m.ndjson.gz#repDiaHid12m:2023-09-20
2022-10-18,delsitanisagua,cota_masl,1490.81,ords:repDiaHid12m,,2026-09-22T01:12:43Z,celec_ords/2023/09/repDiaHid12m.ndjson.gz#repDiaHid12m:2023-09-20
2022-10-18,mazar,caudal_m3s,54,ords:repDiaHid12m,,2026-09-22T01:12:43Z,celec_ords/2023/09/repDiaHid12m.ndjson.gz#repDiaHid12m:2023-09-20
2022-10-18,mazar,cota_masl,2140.35,ords:repDiaHid12m,,2026-09-22T01:12:43Z,celec_ords/2023/09/repDiaHid12m.ndjson.gz#repDiaHid12m:2023-09-20
2022-10-18,minas_san_francisco,caudal_m3s,16,ords:repDiaHid12m,,2026-09-22T01:12:43Z,celec_ords/2023/09/repDiaHid12m.ndjson.gz#repDiaHid12m:2023-09-20
2022-10-18,minas_san_francisco,cota_masl,790.2,ords:repDiaHid12m,,2026-09-22T01:12:43Z,celec_ords/2023/09/repDiaHid12m.ndjson.gz#repDiaHid12m:2023-09-20
2022-10-19,amaluza,caudal_m3s,70,ords:repDiaHid12m,,2026-09-22T01:12:43Z,celec_ords/2023/09/repDiaHid12m.ndjson.gz#repDiaHid12m:2023-09-20
2022-10-19,amaluza,cota_masl,1985.65,ords:repDiaHid12m,,2026-09-22T01:12:43Z,celec_ords/2023/09/repDiaHid12m.ndjson.gz#repDiaHid12m:2023-09-20
2022-10-19,delsitanisagua,caudal_m3s,31,ords:repDiaHid12m,,2026-09-22T01:12:43Z,celec_ords/2023/09/repDiaHid12m.ndjson.gz#repDiaHid12m:2023-09-20
2022-10-19,delsitanisagua,cota_masl,1490.89,ords:repDiaHid12m,,2026-09-22T01:12:43Z,celec_ords/2023/09/repDiaHid12m.ndjson.gz#repDiaHid12m:2023-09-20
2022-10-19,mazar,caudal_m3s,83,ords:repDiaHid12m,,2026-09-22T01:12:43Z,celec_ords/2023/09/repDiaHid12m.ndjson.gz#repDiaHid12m:2023-09-20
2022-10-19,mazar,cota_masl,2140.67,ords:repDiaHid12m,,2026-09-22T01:12:43Z,celec_ords/2023/09/repDiaHid12m.ndjson.gz#repDiaHid12m:2023-09-20
2022-10-19,minas_san_francisco,caudal_m3s,40,ords:repDiaHid12m,,2026-09-22T01:12:43Z,celec_ords/2023/09/repDiaHid12m.ndjson.gz#repDiaHid12m:2023-09-20
2022-10-19,minas_san_francisco,cota_masl,790.7,ords:repDiaHid12m,,2026-09-22T01:12:43Z,celec_ords/2023/09/repDiaHid12m.ndjson.gz#repDiaHid12m:2023-09-20
2022-10-20,amaluza,caudal_m3s,112,ords:repDiaHid12m,,2026-09-22T01:12:43Z,celec_ords/2023/09/repDiaHid12m.ndjson.gz#repDiaHid12m:2023-09-20
2022-10-20,amaluza,cota_masl,1987.54,ords:repDiaHid12m,,2026-09-22T01:12:43Z,celec_ords/2023/09/repDiaHid12m.ndjson.gz#repDiaHid12m:2023-09-20
2022-10-20,delsitanisagua,caudal_m3s,40,ords:repDiaHid12m,,2026-09-22T01:12:43Z,celec_ords/2023/09/repDiaHid12m.ndjson.gz#repDiaHid12m:2023-09-20
2022-10-20,delsitanisagua,cota_masl,1490.67,ords:repDiaHid12m,,2026-09-22T01:12:43Z,celec_ords/2023/09/repDiaHid12m.ndjson.gz#repDiaHid12m:2023-09-20
2022-10-20,mazar,caudal_m3s,134,ords:repDiaHid12m,,2026-09-22T01:12:43Z,celec_ords/2023/09/repDiaHid12m.ndjson.gz#repDiaHid12m:2023-09-20
2022-10-20,mazar,cota_masl,2141.27,ords:repDiaHid12m,,2026-09-22T01:12:43Z,celec_ords/2023/09/repDiaHid12m.ndjson.gz#repDiaHid12m:2023-09-20
2022-10-20,minas_san_francisco,caudal_m3s,38,ords:repDiaHid12m,,2026-09-22T01:12:43Z,celec_ords/2023/09/repDiaHid12m.ndjson.gz#repDiaHid12m:2023-09-20
2022-10-20,minas_san_francisco,cota_masl,791.04,ords:repDiaHid12m,,2026-09-22T01:12:43Z,celec_ords/2023/09/repDiaHid12m.ndjson.gz#repDiaHid12m:2023-09-20
2022-10-21,amaluza,caudal_m3s,34,ords:repDiaHid12m,,2026-09-22T01:12:43Z,celec_ords/2023/09/repDiaHid12m.ndjson.gz#repDiaHid12m:2023-09-20
2022-10-21,amaluza,cota_masl,1986.65,ords:repDiaHid12m,,2026-09-22T01:12:43Z,celec_ords/2023/09/repDiaHid12m.ndjson.gz#repDiaHid12m:2023-09-20
2022-10-21,delsitanisagua,caudal_m3s,37,ords:repDiaHid12m,,2026-09-22T01:12:43Z,celec_ords/2023/09/repDiaHid12m.ndjson.gz#repDiaHid12m:2023-09-20
2022-10-21,delsitanisagua,cota_masl,1490.88,ords:repDiaHid12m,,2026-09-22T01:12:43Z,celec_ords/2023/09/repDiaHid12m.ndjson.gz#repDiaHid12m:2023-09-20
2022-10-21,mazar,caudal_m3s,102,ords:repDiaHid12m,,2026-09-22T01:12:43Z,celec_ords/2023/09/repDiaHid12m.ndjson.gz#repDiaHid12m:2023-09-20
2022-10-21,mazar,cota_masl,2142.77,ords:repDiaHid12m,,2026-09-22T01:12:43Z,celec_ords/2023/09/repDiaHid12m.ndjson.gz#repDiaHid12m:2023-09-20
2022-10-21,minas_san_francisco,caudal_m3s,43,ords:repDiaHid12m,,2026-09-22T01:12:43Z,celec_ords/2023/09/repDiaHid12m.ndjson.gz#repDiaHid12m:2023-09-20
2022-10-21,minas_san_francisco,cota_masl,791.2,ords:repDiaHid12m,,2026-09-22T01:12:43Z,celec_ords/2023/09/repDiaHid12m.ndjson.gz#repDiaHid12m:2023-09-20
2022-10-22,amaluza,caudal_m3s,23,ords:repDiaHid12m,,2026-09-22T01:12:43Z,celec_ords/2023/09/repDiaHid12m.ndjson.gz#repDiaHid12m:2023-09-20
2022-10-22,amaluza,cota_masl,1985.49,ords:repDiaHid12m,,2026-09-22T01:12:43Z,celec_ords/2023/09/repDiaHid12m.ndjson.gz#repDiaHid12m:2023-09-20
2022-10-22,delsitanisagua,caudal_m3s,32,ords:repDiaHid12m,,2026-09-22T01:12:43Z,celec_ords/2023/09/repDiaHid12m.ndjson.gz#repDiaHid12m:2023-09-20
2022-10-22,delsitanisagua,cota_masl,1490.81,ords:repDiaHid12m,,2026-09-22T01:12:43Z,celec_ords/2023/09/repDiaHid12m.ndjson.gz#repDiaHid12m:2023-09-20
2022-10-22,mazar,caudal_m3s,104,ords:repDiaHid12m,,2026-09-22T01:12:43Z,celec_ords/2023/09/repDiaHid12m.ndjson.gz#repDiaHid12m:2023-09-20
2022-10-22,mazar,cota_masl,2143.87,ords:repDiaHid12m,,2026-09-22T01:12:43Z,celec_ords/2023/09/repDiaHid12m.ndjson.gz#repDiaHid12m:2023-09-20
2022-10-22,minas_san_francisco,caudal_m3s,42,ords:repDiaHid12m,,2026-09-22T01:12:43Z,celec_ords/2023/09/repDiaHid12m.ndjson.gz#repDiaHid12m:2023-09-20
2022-10-22,minas_san_francisco,cota_masl,789.91,ords:repDiaHid12m,,2026-09-22T01:12:43Z,celec_ords/2023/09/repDiaHid12m.ndjson.gz#repDiaHid12m:2023-09-20
2022-10-23,amaluza,caudal_m3s,23,ords:repDiaHid12m,,2026-09-22T01:12:43Z,celec_ords/2023/09/repDiaHid12m.ndjson.gz#repDiaHid12m:2023-09-20
2022-10-23,amaluza,cota_masl,1985.14,ords:repDiaHid12m,,2026-09-22T01:12:43Z,celec_ords/2023/09/repDiaHid12m.ndjson.gz#repDiaHid12m:2023-09-20
2022-10-23,delsitanisagua,caudal_m3s,74,ords:repDiaHid12m,,2026-09-22T01:12:43Z,celec_ords/2023/09/repDiaHid12m.ndjson.gz#repDiaHid12m:2023-09-20
2022-10-23,delsitanisagua,cota_masl,1490.55,ords:repDiaHid12m,,2026-09-22T01:12:43Z,celec_ords/2023/09/repDiaHid12m.ndjson.gz#repDiaHid12m:2023-09-20
2022-10-23,mazar,caudal_m3s,127,ords:repDiaHid12m,,2026-09-22T01:12:43Z,celec_ords/2023/09/repDiaHid12m.ndjson.gz#repDiaHid12m:2023-09-20
2022-10-23,mazar,cota_masl,2144.87,ords:repDiaHid12m,,2026-09-22T01:12:43Z,celec_ords/2023/09/repDiaHid12m.ndjson.gz#repDiaHid12m:2023-09-20
2022-10-23,minas_san_francisco,caudal_m3s,32,ords:repDiaHid12m,,2026-09-22T01:12:43Z,celec_ords/2023/09/repDiaHid12m.ndjson.gz#repDiaHid12m:2023-09-20
2022-10-23,minas_san_francisco,cota_masl,789.98,ords:repDiaHid12m,,2026-09-22T01:12:43Z,celec_ords/2023/09/repDiaHid12m.ndjson.gz#repDiaHid12m:2023-09-20
2022-10-24,amaluza,caudal_m3s,35,ords:repDiaHid12m,,2026-09-22T01:12:43Z,celec_ords/2023/09/repDiaHid12m.ndjson.gz#repDiaHid12m:2023-09-20
2022-10-24,amaluza,cota_masl,1985.11,ords:repDiaHid12m,,2026-09-22T01:12:43Z,celec_ords/2023/09/repDiaHid12m.ndjson.gz#repDiaHid12m:2023-09-20
2022-10-24,delsitanisagua,caudal_m3s,46,ords:repDiaHid12m,,2026-09-22T01:12:43Z,celec_ords/2023/09/repDiaHid12m.ndjson.gz#repDiaHid12m:2023-09-20
2022-10-24,delsitanisagua,cota_masl,1481,ords:repDiaHid12m,,2026-09-22T01:12:43Z,celec_ords/2023/09/repDiaHid12m.ndjson.gz#repDiaHid12m:2023-09-20
2022-10-24,mazar,caudal_m3s,79,ords:repDiaHid12m,,2026-09-22T01:12:43Z,celec_ords/2023/09/repDiaHid12m.ndjson.gz#repDiaHid12m:2023-09-20
2022-10-24,mazar,cota_masl,2145.79,ords:repDiaHid12m,,2026-09-22T01:12:43Z,celec_ords/2023/09/repDiaHid12m.ndjson.gz#repDiaHid12m:2023-09-20
2022-10-24,minas_san_francisco,caudal_m3s,48,ords:repDiaHid12m,,2026-09-22T01:12:43Z,celec_ords/2023/09/repDiaHid12m.ndjson.gz#repDiaHid12m:2023-09-20
2022-10-24,minas_san_francisco,cota_masl,791.12,ords:repDiaHid12m,,2026-09-22T01:12:43Z,celec_ords/2023/09/repDiaHid12m.ndjson.gz#repDiaHid12m:2023-09-20
2022-10-25,amaluza,caudal_m3s,126,ords:repDiaHid12m,,2026-09-22T01:12:43Z,celec_ords/2023/09/repDiaHid12m.ndjson.gz#repDiaHid12m:2023-09-20
2022-10-25,amaluza,cota_masl,1985.1,ords:repDiaHid12m,,2026-09-22T01:12:43Z,celec_ords/2023/09/repDiaHid12m.ndjson.gz#repDiaHid12m:2023-09-20
2022-10-25,delsitanisagua,caudal_m3s,41,ords:repDiaHid12m,,2026-09-22T01:12:43Z,celec_ords/2023/09/repDiaHid12m.ndjson.gz#repDiaHid12m:2023-09-20
2022-10-25,delsitanisagua,cota_masl,1480,ords:repDiaHid12m,,2026-09-22T01:12:43Z,celec_ords/2023/09/repDiaHid12m.ndjson.gz#repDiaHid12m:2023-09-20
2022-10-25,mazar,caudal_m3s,113,ords:repDiaHid12m,,2026-09-22T01:12:43Z,celec_ords/2023/09/repDiaHid12m.ndjson.gz#repDiaHid12m:2023-09-20
2022-10-25,mazar,cota_masl,2146.16,ords:repDiaHid12m,,2026-09-22T01:12:43Z,celec_ords/2023/09/repDiaHid12m.ndjson.gz#repDiaHid12m:2023-09-20
2022-10-25,minas_san_francisco,caudal_m3s,49,ords:repDiaHid12m,,2026-09-22T01:12:43Z,celec_ords/2023/09/repDiaHid12m.ndjson.gz#repDiaHid12m:2023-09-20
2022-10-25,minas_san_francisco,cota_masl,790.43,ords:repDiaHid12m,,2026-09-22T01:12:43Z,celec_ords/2023/09/repDiaHid12m.ndjson.gz#repDiaHid12m:2023-09-20
2022-10-26,amaluza,caudal_m3s,168,ords:repDiaHid12m,,2026-09-22T01:12:43Z,celec_ords/2023/09/repDiaHid12m.ndjson.gz#repDiaHid12m:2023-09-20
2022-10-26,amaluza,cota_masl,1985.32,ords:repDiaHid12m,,2026-09-22T01:12:43Z,celec_ords/2023/09/repDiaHid12m.ndjson.gz#repDiaHid12m:2023-09-20
2022-10-26,delsitanisagua,caudal_m3s,31,ords:repDiaHid12m,,2026-09-22T01:12:43Z,celec_ords/2023/09/repDiaHid12m.ndjson.gz#repDiaHid12m:2023-09-20
2022-10-26,delsitanisagua,cota_masl,1490.21,ords:repDiaHid12m,,2026-09-22T01:12:43Z,celec_ords/2023/09/repDiaHid12m.ndjson.gz#repDiaHid12m:2023-09-20
2022-10-26,mazar,caudal_m3s,99,ords:repDiaHid12m,,2026-09-22T01:12:43Z,celec_ords/2023/09/repDiaHid12m.ndjson.gz#repDiaHid12m:2023-09-20
2022-10-26,mazar,cota_masl,2146.32,ords:repDiaHid12m,,2026-09-22T01:12:43Z,celec_ords/2023/09/repDiaHid12m.ndjson.gz#repDiaHid12m:2023-09-20
2022-10-26,minas_san_francisco,caudal_m3s,30,ords:repDiaHid12m,,2026-09-22T01:12:43Z,celec_ords/2023/09/repDiaHid12m.ndjson.gz#repDiaHid12m:2023-09-20
2022-10-26,minas_san_francisco,cota_masl,789.15,ords:repDiaHid12m,,2026-09-22T01:12:43Z,celec_ords/2023/09/repDiaHid12m.ndjson.gz#repDiaHid12m:2023-09-20
2022-10-27,amaluza,caudal_m3s,174,ords:repDiaHid12m,,2026-09-22T01:12:43Z,celec_ords/2023/09/repDiaHid12m.ndjson.gz#repDiaHid12m:2023-09-20
2022-10-27,amaluza,cota_masl,1985.4,ords:repDiaHid12m,,2026-09-22T01:12:43Z,celec_ords/2023/09/repDiaHid12m.ndjson.gz#repDiaHid12m:2023-09-20
2022-10-27,delsitanisagua,caudal_m3s,27,ords:repDiaHid12m,,2026-09-22T01:12:43Z,celec_ords/2023/09/repDiaHid12m.ndjson.gz#repDiaHid12m:2023-09-20
2022-10-27,delsitanisagua,cota_masl,1488.78,ords:repDiaHid12m,,2026-09-22T01:12:43Z,celec_ords/2023/09/repDiaHid12m.ndjson.gz#repDiaHid12m:2023-09-20
2022-10-27,mazar,caudal_m3s,61,ords:repDiaHid12m,,2026-09-22T01:12:43Z,celec_ords/2023/09/repDiaHid12m.ndjson.gz#repDiaHid12m:2023-09-20
2022-10-27,mazar,cota_masl,2146.15,ords:repDiaHid12m,,2026-09-22T01:12:43Z,celec_ords/2023/09/repDiaHid12m.ndjson.gz#repDiaHid12m:2023-09-20
2022-10-27,minas_san_francisco,caudal_m3s,21,ords:repDiaHid12m,,2026-09-22T01:12:43Z,celec_ords/2023/09/repDiaHid12m.ndjson.gz#repDiaHid12m:2023-09-20
2022-10-27,minas_san_francisco,cota_masl,789.25,ords:repDiaHid12m,,2026-09-22T01:12:43Z,celec_ords/2023/09/repDiaHid12m.ndjson.gz#repDiaHid12m:2023-09-20
2022-10-28,amaluza,caudal_m3s,183,ords:repDiaHid12m,,2026-09-22T01:12:43Z,celec_ords/2023/09/repDiaHid12m.ndjson.gz#repDiaHid12m:2023-09-20
2022-10-28,amaluza,cota_masl,1985.73,ords:repDiaHid12m,,2026-09-22T01:12:43Z,celec_ords/2023/09/repDiaHid12m.ndjson.gz#repDiaHid12m:2023-09-20
2022-10-28,delsitanisagua,caudal_m3s,23,ords:repDiaHid12m,,2026-09-22T01:12:43Z,celec_ords/2023/09/repDiaHid12m.ndjson.gz#repDiaHid12m:2023-09-20
2022-10-28,delsitanisagua,cota_masl,1490.35,ords:repDiaHid12m,,2026-09-22T01:12:43Z,celec_ords/2023/09/repDiaHid12m.ndjson.gz#repDiaHid12m:2023-09-20
2022-10-28,mazar,caudal_m3s,42,ords:repDiaHid12m,,2026-09-22T01:12:43Z,celec_ords/2023/09/repDiaHid12m.ndjson.gz#repDiaHid12m:2023-09-20
2022-10-28,mazar,cota_masl,2145.61,ords:repDiaHid12m,,2026-09-22T01:12:43Z,celec_ords/2023/09/repDiaHid12m.ndjson.gz#repDiaHid12m:2023-09-20
2022-10-28,minas_san_francisco,caudal_m3s,14,ords:repDiaHid12m,,2026-09-22T01:12:43Z,celec_ords/2023/09/repDiaHid12m.ndjson.gz#repDiaHid12m:2023-09-20
2022-10-28,minas_san_francisco,cota_masl,787.9,ords:repDiaHid12m,,2026-09-22T01:12:43Z,celec_ords/2023/09/repDiaHid12m.ndjson.gz#repDiaHid12m:2023-09-20
2022-10-29,amaluza,caudal_m3s,156,ords:repDiaHid12m,,2026-09-22T01:12:43Z,celec_ords/2023/09/repDiaHid12m.ndjson.gz#repDiaHid12m:2023-09-20
2022-10-29,amaluza,cota_masl,1985.57,ords:repDiaHid12m,,2026-09-22T01:12:43Z,celec_ords/2023/09/repDiaHid12m.ndjson.gz#repDiaHid12m:2023-09-20
2022-10-29,delsitanisagua,caudal_m3s,23,ords:repDiaHid12m,,2026-09-22T01:12:43Z,celec_ords/2023/09/repDiaHid12m.ndjson.gz#repDiaHid12m:2023-09-20
2022-10-29,delsitanisagua,cota_masl,1488.77,ords:repDiaHid12m,,2026-09-22T01:12:43Z,celec_ords/2023/09/repDiaHid12m.ndjson.gz#repDiaHid12m:2023-09-20
2022-10-29,mazar,caudal_m3s,21,ords:repDiaHid12m,,2026-09-22T01:12:43Z,celec_ords/2023/09/repDiaHid12m.ndjson.gz#repDiaHid12m:2023-09-20
2022-10-29,mazar,cota_masl,2144.83,ords:repDiaHid12m,,2026-09-22T01:12:43Z,celec_ords/2023/09/repDiaHid12m.ndjson.gz#repDiaHid12m:2023-09-20
2022-10-29,minas_san_francisco,caudal_m3s,13,ords:repDiaHid12m,,2026-09-22T01:12:43Z,celec_ords/2023/09/repDiaHid12m.ndjson.gz#repDiaHid12m:2023-09-20
2022-10-29,minas_san_francisco,cota_masl,786.16,ords:repDiaHid12m,,2026-09-22T01:12:43Z,celec_ords/2023/09/repDiaHid12m.ndjson.gz#repDiaHid12m:2023-09-20
2022-10-30,amaluza,caudal_m3s,101,ords:repDiaHid12m,,2026-09-22T01:12:43Z,celec_ords/2023/09/repDiaHid12m.ndjson.gz#repDiaHid12m:2023-09-20
2022-10-30,amaluza,cota_masl,1985.48,ords:repDiaHid12m,,2026-09-22T01:12:43Z,celec_ords/2023/09/repDiaHid12m.ndjson.gz#repDiaHid12m:2023-09-20
2022-10-30,delsitanisagua,caudal_m3s,22,ords:repDiaHid12m,,2026-09-22T01:12:43Z,celec_ords/2023/09/repDiaHid12m.ndjson.gz#repDiaHid12m:2023-09-20
2022-10-30,delsitanisagua,cota_masl,1488.64,ords:repDiaHid12m,,2026-09-22T01:12:43Z,celec_ords/2023/09/repDiaHid12m.ndjson.gz#repDiaHid12m:2023-09-20
2022-10-30,mazar,caudal_m3s,35,ords:repDiaHid12m,,2026-09-22T01:12:43Z,celec_ords/2023/09/repDiaHid12m.ndjson.gz#repDiaHid12m:2023-09-20
2022-10-30,mazar,cota_masl,2144.69,ords:repDiaHid12m,,2026-09-22T01:12:43Z,celec_ords/2023/09/repDiaHid12m.ndjson.gz#repDiaHid12m:2023-09-20
2022-10-30,minas_san_francisco,caudal_m3s,14,ords:repDiaHid12m,,2026-09-22T01:12:43Z,celec_ords/2023/09/repDiaHid12m.ndjson.gz#repDiaHid12m:2023-09-20
2022-10-30,minas_san_francisco,cota_masl,787.16,ords:repDiaHid12m,,2026-09-22T01:12:43Z,celec_ords/2023/09/repDiaHid12m.ndjson.gz#repDiaHid12m:2023-09-20
2022-10-31,amaluza,caudal_m3s,53,ords:repDiaHid12m,,2026-09-22T01:12:43Z,celec_ords/2023/09/repDiaHid12m.ndjson.gz#repDiaHid12m:2023-09-20
2022-10-31,amaluza,cota_masl,1984.3,ords:repDiaHid12m,,2026-09-22T01:12:43Z,celec_ords/2023/09/repDiaHid12m.ndjson.gz#repDiaHid12m:2023-09-20
2022-10-31,delsitanisagua,caudal_m3s,21,ords:repDiaHid12m,,2026-09-22T01:12:43Z,celec_ords/2023/09/repDiaHid12m.ndjson.gz#repDiaHid12m:2023-09-20
2022-10-31,delsitanisagua,cota_masl,1488.67,ords:repDiaHid12m,,2026-09-22T01:12:43Z,celec_ords/2023/09/repDiaHid12m.ndjson.gz#repDiaHid12m:2023-09-20
2022-10-31,mazar,caudal_m3s,41,ords:repDiaHid12m,,2026-09-22T01:12:43Z,celec_ords/2023/09/repDiaHid12m.ndjson.gz#repDiaHid12m:2023-09-20
2022-10-31,mazar,cota_masl,2144.57,ords:repDiaHid12m,,2026-09-22T01:12:43Z,celec_ords/2023/09/repDiaHid12m.ndjson.gz#repDiaHid12m:2023-09-20
2022-10-31,minas_san_francisco,caudal_m3s,12,ords:repDiaHid12m,,2026-09-22T01:12:43Z,celec_ords/2023/09/repDiaHid12m.ndjson.gz#repDiaHid12m:2023-09-20
2022-10-31,minas_san_francisco,cota_masl,787.5,ords:repDiaHid12m,,2026-09-22T01:12:43Z,celec_ords/2023/09/repDiaHid12m.ndjson.gz#repDiaHid12m:2023-09-20
2022-11-01,amaluza,caudal_m3s,135,ords:repDiaHid12m,,2026-09-22T01:12:43Z,celec_ords/2023/09/repDiaHid12m.ndjson.gz#repDiaHid12m:2023-09-20
2022-11-01,amaluza,cota_masl,1984.14,ords:repDiaHid12m,,2026-09-22T01:12:43Z,celec_ords/2023/09/repDiaHid12m.ndjson.gz#repDiaHid12m:2023-09-20
2022-11-01,delsitanisagua,caudal_m3s,27,ords:repDiaHid12m,,2026-09-22T01:12:43Z,celec_ords/2023/09/repDiaHid12m.ndjson.gz#repDiaHid12m:2023-09-20
2022-11-01,delsitanisagua,cota_masl,1490.61,ords:repDiaHid12m,,2026-09-22T01:12:43Z,celec_ords/2023/09/repDiaHid12m.ndjson.gz#repDiaHid12m:2023-09-20
2022-11-01,mazar,caudal_m3s,20,ords:repDiaHid12m,,2026-09-22T01:12:43Z,celec_ords/2023/09/repDiaHid12m.ndjson.gz#repDiaHid12m:2023-09-20
2022-11-01,mazar,cota_masl,2144.06,ords:repDiaHid12m,,2026-09-22T01:12:43Z,celec_ords/2023/09/repDiaHid12m.ndjson.gz#repDiaHid12m:2023-09-20
2022-11-01,minas_san_francisco,caudal_m3s,12,ords:repDiaHid12m,,2026-09-22T01:12:43Z,celec_ords/2023/09/repDiaHid12m.ndjson.gz#repDiaHid12m:2023-09-20
2022-11-01,minas_san_francisco,cota_masl,787.98,ords:repDiaHid12m,,2026-09-22T01:12:43Z,celec_ords/2023/09/repDiaHid12m.ndjson.gz#repDiaHid12m:2023-09-20
2022-11-02,amaluza,caudal_m3s,24,ords:repDiaHid12m,,2026-09-22T01:12:43Z,celec_ords/2023/09/repDiaHid12m.ndjson.gz#repDiaHid12m:2023-09-20
2022-11-02,amaluza,cota_masl,1985.02,ords:repDiaHid12m,,2026-09-22T01:12:43Z,celec_ords/2023/09/repDiaHid12m.ndjson.gz#repDiaHid12m:2023-09-20
2022-11-02,delsitanisagua,caudal_m3s,40,ords:repDiaHid12m,,2026-09-22T01:12:43Z,celec_ords/2023/09/repDiaHid12m.ndjson.gz#repDiaHid12m:2023-09-20
2022-11-02,delsitanisagua,cota_masl,1490.25,ords:repDiaHid12m,,2026-09-22T01:12:43Z,celec_ords/2023/09/repDiaHid12m.ndjson.gz#repDiaHid12m:2023-09-20
2022-11-02,mazar,caudal_m3s,83,ords:repDiaHid12m,,2026-09-22T01:12:43Z,celec_ords/2023/09/repDiaHid12m.ndjson.gz#repDiaHid12m:2023-09-20
2022-11-02,mazar,cota_masl,2143.99,ords:repDiaHid12m,,2026-09-22T01:12:43Z,celec_ords/2023/09/repDiaHid12m.ndjson.gz#repDiaHid12m:2023-09-20
2022-11-02,minas_san_francisco,caudal_m3s,12,ords:repDiaHid12m,,2026-09-22T01:12:43Z,celec_ords/2023/09/repDiaHid12m.ndjson.gz#repDiaHid12m:2023-09-20
2022-11-02,minas_san_francisco,cota_masl,788.48,ords:repDiaHid12m,,2026-09-22T01:12:43Z,celec_ords/2023/09/repDiaHid12m.ndjson.gz#repDiaHid12m:2023-09-20
2022-11-03,amaluza,caudal_m3s,51,ords:repDiaHid12m,,2026-09-22T01:12:43Z,celec_ords/2023/09/repDiaHid12m.ndjson.gz#repDiaHid12m:2023-09-20
2022-11-03,amaluza,cota_masl,1984.07,ords:repDiaHid12m,,2026-09-22T01:12:43Z,celec_ords/2023/09/repDiaHid12m.ndjson.gz#repDiaHid12m:2023-09-20
2022-11-03,delsitanisagua,caudal_m3s,34,ords:repDiaHid12m,,2026-09-22T01:12:43Z,celec_ords/2023/09/repDiaHid12m.ndjson.gz#repDiaHid12m:2023-09-20
2022-11-03,delsitanisagua,cota_masl,1490.87,ords:repDiaHid12m,,2026-09-22T01:12:43Z,celec_ords/2023/09/repDiaHid12m.ndjson.gz#repDiaHid12m:2023-09-20
2022-11-03,mazar,caudal_m3s,45,ords:repDiaHid12m,,2026-09-22T01:12:43Z,celec_ords/2023/09/repDiaHid12m.ndjson.gz#repDiaHid12m:2023-09-20
2022-11-03,mazar,cota_masl,2144.46,ords:repDiaHid12m,,2026-09-22T01:12:43Z,celec_ords/2023/09/repDiaHid12m.ndjson.gz#repDiaHid12m:2023-09-20
2022-11-03,minas_san_francisco,caudal_m3s,16,ords:repDiaHid12m,,2026-09-22T01:12:43Z,celec_ords/2023/09/repDiaHid12m.ndjson.gz#repDiaHid12m:2023-09-20
2022-11-03,minas_san_francisco,cota_masl,789.98,ords:repDiaHid12m,,2026-09-22T01:12:43Z,celec_ords/2023/09/repDiaHid12m.ndjson.gz#repDiaHid12m:2023-09-20
2022-11-04,amaluza,caudal_m3s,101,ords:repDiaHid12m,,2026-09-22T01:12:43Z,celec_ords/2023/09/repDiaHid12m.ndjson.gz#repDiaHid12m:2023-09-20
2022-11-04,amaluza,cota_masl,1984.69,ords:repDiaHid12m,,2026-09-22T01:12:43Z,celec_ords/2023/09/repDiaHid12m.ndjson.gz#repDiaHid12m:2023-09-20
2022-11-04,delsitanisagua,caudal_m3s,22,ords:repDiaHid12m,,2026-09-22T01:12:43Z,celec_ords/2023/09/repDiaHid12m.ndjson.gz#repDiaHid12m:2023-09-20
2022-11-04,delsitanisagua,cota_masl,1488.74,ords:repDiaHid12m,,2026-09-22T01:12:43Z,celec_ords/2023/09/repDiaHid12m.ndjson.gz#repDiaHid12m:2023-09-20
2022-11-04,mazar,caudal_m3s,32,ords:repDiaHid12m,,2026-09-22T01:12:43Z,celec_ords/2023/09/repDiaHid12m.ndjson.gz#repDiaHid12m:2023-09-20
2022-11-04,mazar,cota_masl,2144.1,ords:repDiaHid12m,,2026-09-22T01:12:43Z,celec_ords/2023/09/repDiaHid12m.ndjson.gz#repDiaHid12m:2023-09-20
2022-11-04,minas_san_francisco,caudal_m3s,14,ords:repDiaHid12m,,2026-09-22T01:12:43Z,celec_ords/2023/09/repDiaHid12m.ndjson.gz#repDiaHid12m:2023-09-20
2022-11-04,minas_san_francisco,cota_masl,790.66,ords:repDiaHid12m,,2026-09-22T01:12:43Z,celec_ords/2023/09/repDiaHid12m.ndjson.gz#repDiaHid12m:2023-09-20
2022-11-05,amaluza,caudal_m3s,117,ords:repDiaHid12m,,2026-09-22T01:12:43Z,celec_ords/2023/09/repDiaHid12m.ndjson.gz#repDiaHid12m:2023-09-20
2022-11-05,amaluza,cota_masl,1985.05,ords:repDiaHid12m,,2026-09-22T01:12:43Z,celec_ords/2023/09/repDiaHid12m.ndjson.gz#repDiaHid12m:2023-09-20
2022-11-05,delsitanisagua,caudal_m3s,21,ords:repDiaHid12m,,2026-09-22T01:12:43Z,celec_ords/2023/09/repDiaHid12m.ndjson.gz#repDiaHid12m:2023-09-20
2022-11-05,delsitanisagua,cota_masl,1489.88,ords:repDiaHid12m,,2026-09-22T01:12:43Z,celec_ords/2023/09/repDiaHid12m.ndjson.gz#repDiaHid12m:2023-09-20
2022-11-05,mazar,caudal_m3s,31,ords:repDiaHid12m,,2026-09-22T01:12:43Z,celec_ords/2023/09/repDiaHid12m.ndjson.gz#repDiaHid12m:2023-09-20
2022-11-05,mazar,cota_masl,2143.64,ords:repDiaHid12m,,2026-09-22T01:12:43Z,celec_ords/2023/09/repDiaHid12m.ndjson.gz#repDiaHid12m:2023-09-20
2022-11-05,minas_san_francisco,caudal_m3s,11,ords:repDiaHid12m,,2026-09-22T01:12:43Z,celec_ords/2023/09/repDiaHid12m.ndjson.gz#repDiaHid12m:2023-09-20
2022-11-05,minas_san_francisco,cota_masl,790.23,ords:repDiaHid12m,,2026-09-22T01:12:43Z,celec_ords/2023/09/repDiaHid12m.ndjson.gz#repDiaHid12m:2023-09-20
2022-11-06,amaluza,caudal_m3s,184,ords:repDiaHid12m,,2026-09-22T01:12:43Z,celec_ords/2023/09/repDiaHid12m.ndjson.gz#repDiaHid12m:2023-09-20
2022-11-06,amaluza,cota_masl,1986.01,ords:repDiaHid12m,,2026-09-22T01:12:43Z,celec_ords/2023/09/repDiaHid12m.ndjson.gz#repDiaHid12m:2023-09-20
2022-11-06,delsitanisagua,caudal_m3s,25,ords:repDiaHid12m,,2026-09-22T01:12:43Z,celec_ords/2023/09/repDiaHid12m.ndjson.gz#repDiaHid12m:2023-09-20
2022-11-06,delsitanisagua,cota_masl,1488.95,ords:repDiaHid12m,,2026-09-22T01:12:43Z,celec_ords/2023/09/repDiaHid12m.ndjson.gz#repDiaHid12m:2023-09-20
2022-11-06,mazar,caudal_m3s,25,ords:repDiaHid12m,,2026-09-22T01:12:43Z,celec_ords/2023/09/repDiaHid12m.ndjson.gz#repDiaHid12m:2023-09-20
2022-11-06,mazar,cota_masl,2143,ords:repDiaHid12m,,2026-09-22T01:12:43Z,celec_ords/2023/09/repDiaHid12m.ndjson.gz#repDiaHid12m:2023-09-20
2022-11-06,minas_san_francisco,caudal_m3s,9,ords:repDiaHid12m,,2026-09-22T01:12:43Z,celec_ords/2023/09/repDiaHid12m.ndjson.gz#repDiaHid12m:2023-09-20
2022-11-06,minas_san_francisco,cota_masl,789.43,ords:repDiaHid12m,,2026-09-22T01:12:43Z,celec_ords/2023/09/repDiaHid12m.ndjson.gz#repDiaHid12m:2023-09-20
2022-11-07,amaluza,caudal_m3s,74,ords:repDiaHid12m,,2026-09-22T01:12:43Z,celec_ords/2023/09/repDiaHid12m.ndjson.gz#repDiaHid12m:2023-09-20
2022-11-07,amaluza,cota_masl,1985.59,ords:repDiaHid12m,,2026-09-22T01:12:43Z,celec_ords/2023/09/repDiaHid12m.ndjson.gz#repDiaHid12m:2023-09-20
2022-11-07,delsitanisagua,caudal_m3s,22,ords:repDiaHid12m,,2026-09-22T01:12:43Z,celec_ords/2023/09/repDiaHid12m.ndjson.gz#repDiaHid12m:2023-09-20
2022-11-07,delsitanisagua,cota_masl,1489.46,ords:repDiaHid12m,,2026-09-22T01:12:43Z,celec_ords/2023/09/repDiaHid12m.ndjson.gz#repDiaHid12m:2023-09-20
2022-11-07,mazar,caudal_m3s,28,ords:repDiaHid12m,,2026-09-22T01:12:43Z,celec_ords/2023/09/repDiaHid12m.ndjson.gz#repDiaHid12m:2023-09-20
2022-11-07,mazar,cota_masl,2142.55,ords:repDiaHid12m,,2026-09-22T01:12:43Z,celec_ords/2023/09/repDiaHid12m.ndjson.gz#repDiaHid12m:2023-09-20
2022-11-07,minas_san_francisco,caudal_m3s,8,ords:repDiaHid12m,,2026-09-22T01:12:43Z,celec_ords/2023/09/repDiaHid12m.ndjson.gz#repDiaHid12m:2023-09-20
2022-11-07,minas_san_francisco,cota_masl,788.25,ords:repDiaHid12m,,2026-09-22T01:12:43Z,celec_ords/2023/09/repDiaHid12m.ndjson.gz#repDiaHid12m:2023-09-20
2022-11-08,amaluza,caudal_m3s,87,ords:repDiaHid12m,,2026-09-22T01:12:43Z,celec_ords/2023/09/repDiaHid12m.ndjson.gz#repDiaHid12m:2023-09-20
2022-11-08,amaluza,cota_masl,1984.2,ords:repDiaHid12m,,2026-09-22T01:12:43Z,celec_ords/2023/09/repDiaHid12m.ndjson.gz#repDiaHid12m:2023-09-20
2022-11-08,delsitanisagua,caudal_m3s,52,ords:repDiaHid12m,,2026-09-22T01:12:43Z,celec_ords/2023/09/repDiaHid12m.ndjson.gz#repDiaHid12m:2023-09-20
2022-11-08,delsitanisagua,cota_masl,1490.77,ords:repDiaHid12m,,2026-09-22T01:12:43Z,celec_ords/2023/09/repDiaHid12m.ndjson.gz#repDiaHid12m:2023-09-20
2022-11-08,mazar,caudal_m3s,25,ords:repDiaHid12m,,2026-09-22T01:12:43Z,celec_ords/2023/09/repDiaHid12m.ndjson.gz#repDiaHid12m:2023-09-20
2022-11-08,mazar,cota_masl,2142.33,ords:repDiaHid12m,,2026-09-22T01:12:43Z,celec_ords/2023/09/repDiaHid12m.ndjson.gz#repDiaHid12m:2023-09-20
2022-11-08,minas_san_francisco,caudal_m3s,9,ords:repDiaHid12m,,2026-09-22T01:12:43Z,celec_ords/2023/09/repDiaHid12m.ndjson.gz#repDiaHid12m:2023-09-20
2022-11-08,minas_san_francisco,cota_masl,787.99,ords:repDiaHid12m,,2026-09-22T01:12:43Z,celec_ords/2023/09/repDiaHid12m.ndjson.gz#repDiaHid12m:2023-09-20
2022-11-09,amaluza,caudal_m3s,78,ords:repDiaHid12m,,2026-09-22T01:12:43Z,celec_ords/2023/09/repDiaHid12m.ndjson.gz#repDiaHid12m:2023-09-20
2022-11-09,amaluza,cota_masl,1983.77,ords:repDiaHid12m,,2026-09-22T01:12:43Z,celec_ords/2023/09/repDiaHid12m.ndjson.gz#repDiaHid12m:2023-09-20
2022-11-09,delsitanisagua,caudal_m3s,33,ords:repDiaHid12m,,2026-09-22T01:12:43Z,celec_ords/2023/09/repDiaHid12m.ndjson.gz#repDiaHid12m:2023-09-20
2022-11-09,delsitanisagua,cota_masl,1490.35,ords:repDiaHid12m,,2026-09-22T01:12:43Z,celec_ords/2023/09/repDiaHid12m.ndjson.gz#repDiaHid12m:2023-09-20
2022-11-09,mazar,caudal_m3s,33,ords:repDiaHid12m,,2026-09-22T01:12:43Z,celec_ords/2023/09/repDiaHid12m.ndjson.gz#repDiaHid12m:2023-09-20
2022-11-09,mazar,cota_masl,2141.88,ords:repDiaHid12m,,2026-09-22T01:12:43Z,celec_ords/2023/09/repDiaHid12m.ndjson.gz#repDiaHid12m:2023-09-20
2022-11-09,minas_san_francisco,caudal_m3s,8,ords:repDiaHid12m,,2026-09-22T01:12:43Z,celec_ords/2023/09/repDiaHid12m.ndjson.gz#repDiaHid12m:2023-09-20
2022-11-09,minas_san_francisco,cota_masl,787.69,ords:repDiaHid12m,,2026-09-22T01:12:43Z,celec_ords/2023/09/repDiaHid12m.ndjson.gz#repDiaHid12m:2023-09-20
2022-11-10,amaluza,caudal_m3s,141,ords:repDiaHid12m,,2026-09-22T01:12:43Z,celec_ords/2023/09/repDiaHid12m.ndjson.gz#repDiaHid12m:2023-09-20
2022-11-10,amaluza,cota_masl,1984.76,ords:repDiaHid12m,,2026-09-22T01:12:43Z,celec_ords/2023/09/repDiaHid12m.ndjson.gz#repDiaHid12m:2023-09-20
2022-11-10,delsitanisagua,caudal_m3s,22,ords:repDiaHid12m,,2026-09-22T01:12:43Z,celec_ords/2023/09/repDiaHid12m.ndjson.gz#repDiaHid12m:2023-09-20
2022-11-10,delsitanisagua,cota_masl,1490.47,ords:repDiaHid12m,,2026-09-22T01:12:43Z,celec_ords/2023/09/repDiaHid12m.ndjson.gz#repDiaHid12m:2023-09-20
2022-11-10,mazar,caudal_m3s,23,ords:repDiaHid12m,,2026-09-22T01:12:43Z,celec_ords/2023/09/repDiaHid12m.ndjson.gz#repDiaHid12m:2023-09-20
2022-11-10,mazar,cota_masl,2141.12,ords:repDiaHid12m,,2026-09-22T01:12:43Z,celec_ords/2023/09/repDiaHid12m.ndjson.gz#repDiaHid12m:2023-09-20
2022-11-10,minas_san_francisco,caudal_m3s,9,ords:repDiaHid12m,,2026-09-22T01:12:43Z,celec_ords/2023/09/repDiaHid12m.ndjson.gz#repDiaHid12m:2023-09-20
2022-11-10,minas_san_francisco,cota_masl,787.84,ords:repDiaHid12m,,2026-09-22T01:12:43Z,celec_ords/2023/09/repDiaHid12m.ndjson.gz#repDiaHid12m:2023-09-20
2022-11-11,amaluza,caudal_m3s,31,ords:repDiaHid12m,,2026-09-22T01:12:43Z,celec_ords/2023/09/repDiaHid12m.ndjson.gz#repDiaHid12m:2023-09-20
2022-11-11,amaluza,cota_masl,1985.85,ords:repDiaHid12m,,2026-09-22T01:12:43Z,celec_ords/2023/09/repDiaHid12m.ndjson.gz#repDiaHid12m:2023-09-20
2022-11-11,delsitanisagua,caudal_m3s,21,ords:repDiaHid12m,,2026-09-22T01:12:43Z,celec_ords/2023/09/repDiaHid12m.ndjson.gz#repDiaHid12m:2023-09-20
2022-11-11,delsitanisagua,cota_masl,1490.67,ords:repDiaHid12m,,2026-09-22T01:12:43Z,celec_ords/2023/09/repDiaHid12m.ndjson.gz#repDiaHid12m:2023-09-20
2022-11-11,mazar,caudal_m3s,39,ords:repDiaHid12m,,2026-09-22T01:12:43Z,celec_ords/2023/09/repDiaHid12m.ndjson.gz#repDiaHid12m:2023-09-20
2022-11-11,mazar,cota_masl,2140.53,ords:repDiaHid12m,,2026-09-22T01:12:43Z,celec_ords/2023/09/repDiaHid12m.ndjson.gz#repDiaHid12m:2023-09-20
2022-11-11,minas_san_francisco,caudal_m3s,8,ords:repDiaHid12m,,2026-09-22T01:12:43Z,celec_ords/2023/09/repDiaHid12m.ndjson.gz#repDiaHid12m:2023-09-20
2022-11-11,minas_san_francisco,cota_masl,787.87,ords:repDiaHid12m,,2026-09-22T01:12:43Z,celec_ords/2023/09/repDiaHid12m.ndjson.gz#repDiaHid12m:2023-09-20
2022-11-12,amaluza,caudal_m3s,85,ords:repDiaHid12m,,2026-09-22T01:12:43Z,celec_ords/2023/09/repDiaHid12m.ndjson.gz#repDiaHid12m:2023-09-20
2022-11-12,amaluza,cota_masl,1985.77,ords:repDiaHid12m,,2026-09-22T01:12:43Z,celec_ords/2023/09/repDiaHid12m.ndjson.gz#repDiaHid12m:2023-09-20
2022-11-12,delsitanisagua,caudal_m3s,19,ords:repDiaHid12m,,2026-09-22T01:12:43Z,celec_ords/2023/09/repDiaHid12m.ndjson.gz#repDiaHid12m:2023-09-20
2022-11-12,delsitanisagua,cota_masl,1488.64,ords:repDiaHid12m,,2026-09-22T01:12:43Z,celec_ords/2023/09/repDiaHid12m.ndjson.gz#repDiaHid12m:2023-09-20
2022-11-12,mazar,caudal_m3s,19,ords:repDiaHid12m,,2026-09-22T01:12:43Z,celec_ords/2023/09/repDiaHid12m.ndjson.gz#repDiaHid12m:2023-09-20
2022-11-12,mazar,cota_masl,2140.14,ords:repDiaHid12m,,2026-09-22T01:12:43Z,celec_ords/2023/09/repDiaHid12m.ndjson.gz#repDiaHid12m:2023-09-20
2022-11-12,minas_san_francisco,caudal_m3s,9,ords:repDiaHid12m,,2026-09-22T01:12:43Z,celec_ords/2023/09/repDiaHid12m.ndjson.gz#repDiaHid12m:2023-09-20
2022-11-12,minas_san_francisco,cota_masl,788.03,ords:repDiaHid12m,,2026-09-22T01:12:43Z,celec_ords/2023/09/repDiaHid12m.ndjson.gz#repDiaHid12m:2023-09-20
2022-11-13,amaluza,caudal_m3s,14,ords:repDiaHid12m,,2026-09-22T01:12:43Z,celec_ords/2023/09/repDiaHid12m.ndjson.gz#repDiaHid12m:2023-09-20
2022-11-13,amaluza,cota_masl,1984.75,ords:repDiaHid12m,,2026-09-22T01:12:43Z,celec_ords/2023/09/repDiaHid12m.ndjson.gz#repDiaHid12m:2023-09-20
2022-11-13,delsitanisagua,caudal_m3s,19,ords:repDiaHid12m,,2026-09-22T01:12:43Z,celec_ords/2023/09/repDiaHid12m.ndjson.gz#repDiaHid12m:2023-09-20
2022-11-13,delsitanisagua,cota_masl,1490.2,ords:repDiaHid12m,,2026-09-22T01:12:43Z,celec_ords/2023/09/repDiaHid12m.ndjson.gz#repDiaHid12m:2023-09-20
2022-11-13,mazar,caudal_m3s,19,ords:repDiaHid12m,,2026-09-22T01:12:43Z,celec_ords/2023/09/repDiaHid12m.ndjson.gz#repDiaHid12m:2023-09-20
2022-11-13,mazar,cota_masl,2140.22,ords:repDiaHid12m,,2026-09-22T01:12:43Z,celec_ords/2023/09/repDiaHid12m.ndjson.gz#repDiaHid12m:2023-09-20
2022-11-13,minas_san_francisco,caudal_m3s,8,ords:repDiaHid12m,,2026-09-22T01:12:43Z,celec_ords/2023/09/repDiaHid12m.ndjson.gz#repDiaHid12m:2023-09-20
2022-11-13,minas_san_francisco,cota_masl,788.05,ords:repDiaHid12m,,2026-09-22T01:12:43Z,celec_ords/2023/09/repDiaHid12m.ndjson.gz#repDiaHid12m:2023-09-20
2022-11-14,amaluza,caudal_m3s,19,ords:repDiaHid12m,,2026-09-22T01:12:43Z,celec_ords/2023/09/repDiaHid12m.ndjson.gz#repDiaHid12m:2023-09-20
2022-11-14,amaluza,cota_masl,1983.96,ords:repDiaHid12m,,2026-09-22T01:12:43Z,celec_ords/2023/09/repDiaHid12m.ndjson.gz#repDiaHid12m:2023-09-20
2022-11-14,delsitanisagua,caudal_m3s,20,ords:repDiaHid12m,,2026-09-22T01:12:43Z,celec_ords/2023/09/repDiaHid12m.ndjson.gz#repDiaHid12m:2023-09-20
2022-11-14,delsitanisagua,cota_masl,1490.6,ords:repDiaHid12m,,2026-09-22T01:12:43Z,celec_ords/2023/09/repDiaHid12m.ndjson.gz#repDiaHid12m:2023-09-20
2022-11-14,mazar,caudal_m3s,26,ords:repDiaHid12m,,2026-09-22T01:12:43Z,celec_ords/2023/09/repDiaHid12m.ndjson.gz#repDiaHid12m:2023-09-20
2022-11-14,mazar,cota_masl,2139.77,ords:repDiaHid12m,,2026-09-22T01:12:43Z,celec_ords/2023/09/repDiaHid12m.ndjson.gz#repDiaHid12m:2023-09-20
2022-11-14,minas_san_francisco,caudal_m3s,8,ords:repDiaHid12m,,2026-09-22T01:12:43Z,celec_ords/2023/09/repDiaHid12m.ndjson.gz#repDiaHid12m:2023-09-20
2022-11-14,minas_san_francisco,cota_masl,787.65,ords:repDiaHid12m,,2026-09-22T01:12:43Z,celec_ords/2023/09/repDiaHid12m.ndjson.gz#repDiaHid12m:2023-09-20
2022-11-15,amaluza,caudal_m3s,119,ords:repDiaHid12m,,2026-09-22T01:12:43Z,celec_ords/2023/09/repDiaHid12m.ndjson.gz#repDiaHid12m:2023-09-20
2022-11-15,amaluza,cota_masl,1984.03,ords:repDiaHid12m,,2026-09-22T01:12:43Z,celec_ords/2023/09/repDiaHid12m.ndjson.gz#repDiaHid12m:2023-09-20
2022-11-15,delsitanisagua,caudal_m3s,40,ords:repDiaHid12m,,2026-09-22T01:12:43Z,celec_ords/2023/09/repDiaHid12m.ndjson.gz#repDiaHid12m:2023-09-20
2022-11-15,delsitanisagua,cota_masl,1490.9,ords:repDiaHid12m,,2026-09-22T01:12:43Z,celec_ords/2023/09/repDiaHid12m.ndjson.gz#repDiaHid12m:2023-09-20
2022-11-15,mazar,caudal_m3s,94,ords:repDiaHid12m,,2026-09-22T01:12:43Z,celec_ords/2023/09/repDiaHid12m.ndjson.gz#repDiaHid12m:2023-09-20
2022-11-15,mazar,cota_masl,2140.05,ords:repDiaHid12m,,2026-09-22T01:12:43Z,celec_ords/2023/09/repDiaHid12m.ndjson.gz#repDiaHid12m:2023-09-20
2022-11-15,minas_san_francisco,caudal_m3s,21,ords:repDiaHid12m,,2026-09-22T01:12:43Z,celec_ords/2023/09/repDiaHid12m.ndjson.gz#repDiaHid12m:2023-09-20
2022-11-15,minas_san_francisco,cota_masl,787.92,ords:repDiaHid12m,,2026-09-22T01:12:43Z,celec_ords/2023/09/repDiaHid12m.ndjson.gz#repDiaHid12m:2023-09-20
2022-11-16,amaluza,caudal_m3s,115,ords:repDiaHid12m,,2026-09-22T01:12:43Z,celec_ords/2023/09/repDiaHid12m.ndjson.gz#repDiaHid12m:2023-09-20
2022-11-16,amaluza,cota_masl,1985.85,ords:repDiaHid12m,,2026-09-22T01:12:43Z,celec_ords/2023/09/repDiaHid12m.ndjson.gz#repDiaHid12m:2023-09-20
2022-11-16,delsitanisagua,caudal_m3s,120,ords:repDiaHid12m,,2026-09-22T01:12:43Z,celec_ords/2023/09/repDiaHid12m.ndjson.gz#repDiaHid12m:2023-09-20
2022-11-16,delsitanisagua,cota_masl,1490.81,ords:repDiaHid12m,,2026-09-22T01:12:43Z,celec_ords/2023/09/repDiaHid12m.ndjson.gz#repDiaHid12m:2023-09-20
2022-11-16,mazar,caudal_m3s,121,ords:repDiaHid12m,,2026-09-22T01:12:43Z,celec_ords/2023/09/repDiaHid12m.ndjson.gz#repDiaHid12m:2023-09-20
2022-11-16,mazar,cota_masl,2140.73,ords:repDiaHid12m,,2026-09-22T01:12:43Z,celec_ords/2023/09/repDiaHid12m.ndjson.gz#repDiaHid12m:2023-09-20
2022-11-16,minas_san_francisco,caudal_m3s,67,ords:repDiaHid12m,,2026-09-22T01:12:43Z,celec_ords/2023/09/repDiaHid12m.ndjson.gz#repDiaHid12m:2023-09-20
2022-11-16,minas_san_francisco,cota_masl,790.71,ords:repDiaHid12m,,2026-09-22T01:12:43Z,celec_ords/2023/09/repDiaHid12m.ndjson.gz#repDiaHid12m:2023-09-20
2022-11-17,amaluza,caudal_m3s,32,ords:repDiaHid12m,,2026-09-22T01:12:43Z,celec_ords/2023/09/repDiaHid12m.ndjson.gz#repDiaHid12m:2023-09-20
2022-11-17,amaluza,cota_masl,1985.86,ords:repDiaHid12m,,2026-09-22T01:12:43Z,celec_ords/2023/09/repDiaHid12m.ndjson.gz#repDiaHid12m:2023-09-20
2022-11-17,delsitanisagua,caudal_m3s,31,ords:repDiaHid12m,,2026-09-22T01:12:43Z,celec_ords/2023/09/repDiaHid12m.ndjson.gz#repDiaHid12m:2023-09-20
2022-11-17,delsitanisagua,cota_masl,1490.85,ords:repDiaHid12m,,2026-09-22T01:12:43Z,celec_ords/2023/09/repDiaHid12m.ndjson.gz#repDiaHid12m:2023-09-20
2022-11-17,mazar,caudal_m3s,67,ords:repDiaHid12m,,2026-09-22T01:12:43Z,celec_ords/2023/09/repDiaHid12m.ndjson.gz#repDiaHid12m:2023-09-20
2022-11-17,mazar,cota_masl,2142.17,ords:repDiaHid12m,,2026-09-22T01:12:43Z,celec_ords/2023/09/repDiaHid12m.ndjson.gz#repDiaHid12m:2023-09-20
2022-11-17,minas_san_francisco,caudal_m3s,29,ords:repDiaHid12m,,2026-09-22T01:12:43Z,celec_ords/2023/09/repDiaHid12m.ndjson.gz#repDiaHid12m:2023-09-20
2022-11-17,minas_san_francisco,cota_masl,788.98,ords:repDiaHid12m,,2026-09-22T01:12:43Z,celec_ords/2023/09/repDiaHid12m.ndjson.gz#repDiaHid12m:2023-09-20
2022-11-18,amaluza,caudal_m3s,167,ords:repDiaHid12m,,2026-09-22T01:12:43Z,celec_ords/2023/09/repDiaHid12m.ndjson.gz#repDiaHid12m:2023-09-20
2022-11-18,amaluza,cota_masl,1986.48,ords:repDiaHid12m,,2026-09-22T01:12:43Z,celec_ords/2023/09/repDiaHid12m.ndjson.gz#repDiaHid12m:2023-09-20
2022-11-18,delsitanisagua,caudal_m3s,25,ords:repDiaHid12m,,2026-09-22T01:12:43Z,celec_ords/2023/09/repDiaHid12m.ndjson.gz#repDiaHid12m:2023-09-20
2022-11-18,delsitanisagua,cota_masl,1490.75,ords:repDiaHid12m,,2026-09-22T01:12:43Z,celec_ords/2023/09/repDiaHid12m.ndjson.gz#repDiaHid12m:2023-09-20
2022-11-18,mazar,caudal_m3s,34,ords:repDiaHid12m,,2026-09-22T01:12:43Z,celec_ords/2023/09/repDiaHid12m.ndjson.gz#repDiaHid12m:2023-09-20
2022-11-18,mazar,cota_masl,2141.62,ords:repDiaHid12m,,2026-09-22T01:12:43Z,celec_ords/2023/09/repDiaHid12m.ndjson.gz#repDiaHid12m:2023-09-20
2022-11-18,minas_san_francisco,caudal_m3s,18,ords:repDiaHid12m,,2026-09-22T01:12:43Z,celec_ords/2023/09/repDiaHid12m.ndjson.gz#repDiaHid12m:2023-09-20
2022-11-18,minas_san_francisco,cota_masl,787.17,ords:repDiaHid12m,,2026-09-22T01:12:43Z,celec_ords/2023/09/repDiaHid12m.ndjson.gz#repDiaHid12m:2023-09-20
2022-11-19,amaluza,caudal_m3s,117,ords:repDiaHid12m,,2026-09-22T01:12:43Z,celec_ords/2023/09/repDiaHid12m.ndjson.gz#repDiaHid12m:2023-09-20
2022-11-19,amaluza,cota_masl,1986.4,ords:repDiaHid12m,,2026-09-22T01:12:43Z,celec_ords/2023/09/repDiaHid12m.ndjson.gz#repDiaHid12m:2023-09-20
2022-11-19,delsitanisagua,caudal_m3s,21,ords:repDiaHid12m,,2026-09-22T01:12:43Z,celec_ords/2023/09/repDiaHid12m.ndjson.gz#repDiaHid12m:2023-09-20
2022-11-19,delsitanisagua,cota_masl,1490.18,ords:repDiaHid12m,,2026-09-22T01:12:43Z,celec_ords/2023/09/repDiaHid12m.ndjson.gz#repDiaHid12m:2023-09-20
2022-11-19,mazar,caudal_m3s,33,ords:repDiaHid12m,,2026-09-22T01:12:43Z,celec_ords/2023/09/repDiaHid12m.ndjson.gz#repDiaHid12m:2023-09-20
2022-11-19,mazar,cota_masl,2141.27,ords:repDiaHid12m,,2026-09-22T01:12:43Z,celec_ords/2023/09/repDiaHid12m.ndjson.gz#repDiaHid12m:2023-09-20
2022-11-19,minas_san_francisco,caudal_m3s,13,ords:repDiaHid12m,,2026-09-22T01:12:43Z,celec_ords/2023/09/repDiaHid12m.ndjson.gz#repDiaHid12m:2023-09-20
2022-11-19,minas_san_francisco,cota_masl,787.25,ords:repDiaHid12m,,2026-09-22T01:12:43Z,celec_ords/2023/09/repDiaHid12m.ndjson.gz#repDiaHid12m:2023-09-20
2022-11-20,amaluza,caudal_m3s,142,ords:repDiaHid12m,,2026-09-22T01:12:43Z,celec_ords/2023/09/repDiaHid12m.ndjson.gz#repDiaHid12m:2023-09-20
2022-11-20,amaluza,cota_masl,1985.83,ords:repDiaHid12m,,2026-09-22T01:12:43Z,celec_ords/2023/09/repDiaHid12m.ndjson.gz#repDiaHid12m:2023-09-20
2022-11-20,delsitanisagua,caudal_m3s,25,ords:repDiaHid12m,,2026-09-22T01:12:43Z,celec_ords/2023/09/repDiaHid12m.ndjson.gz#repDiaHid12m:2023-09-20
2022-11-20,delsitanisagua,cota_masl,1490.51,ords:repDiaHid12m,,2026-09-22T01:12:43Z,celec_ords/2023/09/repDiaHid12m.ndjson.gz#repDiaHid12m:2023-09-20
2022-11-20,mazar,caudal_m3s,32,ords:repDiaHid12m,,2026-09-22T01:12:43Z,celec_ords/2023/09/repDiaHid12m.ndjson.gz#repDiaHid12m:2023-09-20
2022-11-20,mazar,cota_masl,2141.03,ords:repDiaHid12m,,2026-09-22T01:12:43Z,celec_ords/2023/09/repDiaHid12m.ndjson.gz#repDiaHid12m:2023-09-20
2022-11-20,minas_san_francisco,caudal_m3s,12,ords:repDiaHid12m,,2026-09-22T01:12:43Z,celec_ords/2023/09/repDiaHid12m.ndjson.gz#repDiaHid12m:2023-09-20
2022-11-20,minas_san_francisco,cota_masl,787.65,ords:repDiaHid12m,,2026-09-22T01:12:43Z,celec_ords/2023/09/repDiaHid12m.ndjson.gz#repDiaHid12m:2023-09-20
2022-11-21,amaluza,caudal_m3s,93,ords:repDiaHid12m,,2026-09-22T01:12:43Z,celec_ords/2023/09/repDiaHid12m.ndjson.gz#repDiaHid12m:2023-09-20
2022-11-21,amaluza,cota_masl,1985.49,ords:repDiaHid12m,,2026-09-22T01:12:43Z,celec_ords/2023/09/repDiaHid12m.ndjson.gz#repDiaHid12m:2023-09-20
2022-11-21,delsitanisagua,caudal_m3s,24,ords:repDiaHid12m,,2026-09-22T01:12:43Z,celec_ords/2023/09/repDiaHid12m.ndjson.gz#repDiaHid12m:2023-09-20
2022-11-21,delsitanisagua,cota_masl,1490.98,ords:repDiaHid12m,,2026-09-22T01:12:43Z,celec_ords/2023/09/repDiaHid12m.ndjson.gz#repDiaHid12m:2023-09-20
2022-11-21,mazar,caudal_m3s,46,ords:repDiaHid12m,,2026-09-22T01:12:43Z,celec_ords/2023/09/repDiaHid12m.ndjson.gz#repDiaHid12m:2023-09-20
2022-11-21,mazar,cota_masl,2141.08,ords:repDiaHid12m,,2026-09-22T01:12:43Z,celec_ords/2023/09/repDiaHid12m.ndjson.gz#repDiaHid12m:2023-09-20
2022-11-21,minas_san_francisco,caudal_m3s,11,ords:repDiaHid12m,,2026-09-22T01:12:43Z,celec_ords/2023/09/repDiaHid12m.ndjson.gz#repDiaHid12m:2023-09-20
2022-11-21,minas_san_francisco,cota_masl,787.92,ords:repDiaHid12m,,2026-09-22T01:12:43Z,celec_ords/2023/09/repDiaHid12m.ndjson.gz#repDiaHid12m:2023-09-20
2022-11-22,amaluza,caudal_m3s,84,ords:repDiaHid12m,,2026-09-22T01:12:43Z,celec_ords/2023/09/repDiaHid12m.ndjson.gz#repDiaHid12m:2023-09-20
2022-11-22,amaluza,cota_masl,1985.68,ords:repDiaHid12m,,2026-09-22T01:12:43Z,celec_ords/2023/09/repDiaHid12m.ndjson.gz#repDiaHid12m:2023-09-20
2022-11-22,delsitanisagua,caudal_m3s,24,ords:repDiaHid12m,,2026-09-22T01:12:43Z,celec_ords/2023/09/repDiaHid12m.ndjson.gz#repDiaHid12m:2023-09-20
2022-11-22,delsitanisagua,cota_masl,1490.94,ords:repDiaHid12m,,2026-09-22T01:12:43Z,celec_ords/2023/09/repDiaHid12m.ndjson.gz#repDiaHid12m:2023-09-20
2022-11-22,mazar,caudal_m3s,44,ords:repDiaHid12m,,2026-09-22T01:12:43Z,celec_ords/2023/09/repDiaHid12m.ndjson.gz#repDiaHid12m:2023-09-20
2022-11-22,mazar,cota_masl,2140.98,ords:repDiaHid12m,,2026-09-22T01:12:43Z,celec_ords/2023/09/repDiaHid12m.ndjson.gz#repDiaHid12m:2023-09-20
2022-11-22,minas_san_francisco,caudal_m3s,15,ords:repDiaHid12m,,2026-09-22T01:12:43Z,celec_ords/2023/09/repDiaHid12m.ndjson.gz#repDiaHid12m:2023-09-20
2022-11-22,minas_san_francisco,cota_masl,788.82,ords:repDiaHid12m,,2026-09-22T01:12:43Z,celec_ords/2023/09/repDiaHid12m.ndjson.gz#repDiaHid12m:2023-09-20
2022-11-23,amaluza,caudal_m3s,93,ords:repDiaHid12m,,2026-09-22T01:12:43Z,celec_ords/2023/09/repDiaHid12m.ndjson.gz#repDiaHid12m:2023-09-20
2022-11-23,amaluza,cota_masl,1985.94,ords:repDiaHid12m,,2026-09-22T01:12:43Z,celec_ords/2023/09/repDiaHid12m.ndjson.gz#repDiaHid12m:2023-09-20
2022-11-23,delsitanisagua,caudal_m3s,26,ords:repDiaHid12m,,2026-09-22T01:12:43Z,celec_ords/2023/09/repDiaHid12m.ndjson.gz#repDiaHid12m:2023-09-20
2022-11-23,delsitanisagua,cota_masl,1490.91,ords:repDiaHid12m,,2026-09-22T01:12:43Z,celec_ords/2023/09/repDiaHid12m.ndjson.gz#repDiaHid12m:2023-09-20
2022-11-23,mazar,caudal_m3s,36,ords:repDiaHid12m,,2026-09-22T01:12:43Z,celec_ords/2023/09/repDiaHid12m.ndjson.gz#repDiaHid12m:2023-09-20
2022-11-23,mazar,cota_masl,2140.47,ords:repDiaHid12m,,2026-09-22T01:12:43Z,celec_ords/2023/09/repDiaHid12m.ndjson.gz#repDiaHid12m:2023-09-20
2022-11-23,minas_san_francisco,caudal_m3s,11,ords:repDiaHid12m,,2026-09-22T01:12:43Z,celec_ords/2023/09/repDiaHid12m.ndjson.gz#repDiaHid12m:2023-09-20
2022-11-23,minas_san_francisco,cota_masl,788.65,ords:repDiaHid12m,,2026-09-22T01:12:43Z,celec_ords/2023/09/repDiaHid12m.ndjson.gz#repDiaHid12m:2023-09-20
2022-11-24,amaluza,caudal_m3s,146,ords:repDiaHid12m,,2026-09-22T01:12:43Z,celec_ords/2023/09/repDiaHid12m.ndjson.gz#repDiaHid12m:2023-09-20
2022-11-24,amaluza,cota_masl,1986.3,ords:repDiaHid12m,,2026-09-22T01:12:43Z,celec_ords/2023/09/repDiaHid12m.ndjson.gz#repDiaHid12m:2023-09-20
2022-11-24,delsitanisagua,caudal_m3s,22,ords:repDiaHid12m,,2026-09-22T01:12:43Z,celec_ords/2023/09/repDiaHid12m.ndjson.gz#repDiaHid12m:2023-09-20
2022-11-24,delsitanisagua,cota_masl,1490.52,ords:repDiaHid12m,,2026-09-22T01:12:43Z,celec_ords/2023/09/repDiaHid12m.ndjson.gz#repDiaHid12m:2023-09-20
2022-11-24,mazar,caudal_m3s,27,ords:repDiaHid12m,,2026-09-22T01:12:43Z,celec_ords/2023/09/repDiaHid12m.ndjson.gz#repDiaHid12m:2023-09-20
2022-11-24,mazar,cota_masl,2139.59,ords:repDiaHid12m,,2026-09-22T01:12:43Z,celec_ords/2023/09/repDiaHid12m.ndjson.gz#repDiaHid12m:2023-09-20
2022-11-24,minas_san_francisco,caudal_m3s,10,ords:repDiaHid12m,,2026-09-22T01:12:43Z,celec_ords/2023/09/repDiaHid12m.ndjson.gz#repDiaHid12m:2023-09-20
2022-11-24,minas_san_francisco,cota_masl,788.87,ords:repDiaHid12m,,2026-09-22T01:12:43Z,celec_ords/2023/09/repDiaHid12m.ndjson.gz#repDiaHid12m:2023-09-20
2022-11-25,amaluza,caudal_m3s,73,ords:repDiaHid12m,,2026-09-22T01:12:43Z,celec_ords/2023/09/repDiaHid12m.ndjson.gz#repDiaHid12m:2023-09-20
2022-11-25,amaluza,cota_masl,1985.93,ords:repDiaHid12m,,2026-09-22T01:12:43Z,celec_ords/2023/09/repDiaHid12m.ndjson.gz#repDiaHid12m:2023-09-20
2022-11-25,delsitanisagua,caudal_m3s,21,ords:repDiaHid12m,,2026-09-22T01:12:43Z,celec_ords/2023/09/repDiaHid12m.ndjson.gz#repDiaHid12m:2023-09-20
2022-11-25,delsitanisagua,cota_masl,1489.64,ords:repDiaHid12m,,2026-09-22T01:12:43Z,celec_ords/2023/09/repDiaHid12m.ndjson.gz#repDiaHid12m:2023-09-20
2022-11-25,mazar,caudal_m3s,48,ords:repDiaHid12m,,2026-09-22T01:12:43Z,celec_ords/2023/09/repDiaHid12m.ndjson.gz#repDiaHid12m:2023-09-20
2022-11-25,mazar,cota_masl,2139.22,ords:repDiaHid12m,,2026-09-22T01:12:43Z,celec_ords/2023/09/repDiaHid12m.ndjson.gz#repDiaHid12m:2023-09-20
2022-11-25,minas_san_francisco,caudal_m3s,11,ords:repDiaHid12m,,2026-09-22T01:12:43Z,celec_ords/2023/09/repDiaHid12m.ndjson.gz#repDiaHid12m:2023-09-20
2022-11-25,minas_san_francisco,cota_masl,789.01,ords:repDiaHid12m,,2026-09-22T01:12:43Z,celec_ords/2023/09/repDiaHid12m.ndjson.gz#repDiaHid12m:2023-09-20
2022-11-26,amaluza,caudal_m3s,37,ords:repDiaHid12m,,2026-09-22T01:12:43Z,celec_ords/2023/09/repDiaHid12m.ndjson.gz#repDiaHid12m:2023-09-20
2022-11-26,amaluza,cota_masl,1984.97,ords:repDiaHid12m,,2026-09-22T01:12:43Z,celec_ords/2023/09/repDiaHid12m.ndjson.gz#repDiaHid12m:2023-09-20
2022-11-26,delsitanisagua,caudal_m3s,22,ords:repDiaHid12m,,2026-09-22T01:12:43Z,celec_ords/2023/09/repDiaHid12m.ndjson.gz#repDiaHid12m:2023-09-20
2022-11-26,delsitanisagua,cota_masl,1490.1,ords:repDiaHid12m,,2026-09-22T01:12:43Z,celec_ords/2023/09/repDiaHid12m.ndjson.gz#repDiaHid12m:2023-09-20
2022-11-26,mazar,caudal_m3s,38,ords:repDiaHid12m,,2026-09-22T01:12:43Z,celec_ords/2023/09/repDiaHid12m.ndjson.gz#repDiaHid12m:2023-09-20
2022-11-26,mazar,cota_masl,2139.36,ords:repDiaHid12m,,2026-09-22T01:12:43Z,celec_ords/2023/09/repDiaHid12m.ndjson.gz#repDiaHid12m:2023-09-20
2022-11-26,minas_san_francisco,caudal_m3s,10,ords:repDiaHid12m,,2026-09-22T01:12:43Z,celec_ords/2023/09/repDiaHid12m.ndjson.gz#repDiaHid12m:2023-09-20
2022-11-26,minas_san_francisco,cota_masl,789.24,ords:repDiaHid12m,,2026-09-22T01:12:43Z,celec_ords/2023/09/repDiaHid12m.ndjson.gz#repDiaHid12m:2023-09-20
2022-11-27,amaluza,caudal_m3s,154,ords:repDiaHid12m,,2026-09-22T01:12:43Z,celec_ords/2023/09/repDiaHid12m.ndjson.gz#repDiaHid12m:2023-09-20
2022-11-27,amaluza,cota_masl,1984.75,ords:repDiaHid12m,,2026-09-22T01:12:43Z,celec_ords/2023/09/repDiaHid12m.ndjson.gz#repDiaHid12m:2023-09-20
2022-11-27,delsitanisagua,caudal_m3s,19,ords:repDiaHid12m,,2026-09-22T01:12:43Z,celec_ords/2023/09/repDiaHid12m.ndjson.gz#repDiaHid12m:2023-09-20
2022-11-27,delsitanisagua,cota_masl,1487.54,ords:repDiaHid12m,,2026-09-22T01:12:43Z,celec_ords/2023/09/repDiaHid12m.ndjson.gz#repDiaHid12m:2023-09-20
2022-11-27,mazar,caudal_m3s,41,ords:repDiaHid12m,,2026-09-22T01:12:43Z,celec_ords/2023/09/repDiaHid12m.ndjson.gz#repDiaHid12m:2023-09-20
2022-11-27,mazar,cota_masl,2139.2,ords:repDiaHid12m,,2026-09-22T01:12:43Z,celec_ords/2023/09/repDiaHid12m.ndjson.gz#repDiaHid12m:2023-09-20
2022-11-27,minas_san_francisco,caudal_m3s,8,ords:repDiaHid12m,,2026-09-22T01:12:43Z,celec_ords/2023/09/repDiaHid12m.ndjson.gz#repDiaHid12m:2023-09-20
2022-11-27,minas_san_francisco,cota_masl,788.96,ords:repDiaHid12m,,2026-09-22T01:12:43Z,celec_ords/2023/09/repDiaHid12m.ndjson.gz#repDiaHid12m:2023-09-20
2022-11-28,amaluza,caudal_m3s,144,ords:repDiaHid12m,,2026-09-22T01:12:43Z,celec_ords/2023/09/repDiaHid12m.ndjson.gz#repDiaHid12m:2023-09-20
2022-11-28,amaluza,cota_masl,1984.42,ords:repDiaHid12m,,2026-09-22T01:12:43Z,celec_ords/2023/09/repDiaHid12m.ndjson.gz#repDiaHid12m:2023-09-20
2022-11-28,delsitanisagua,caudal_m3s,18,ords:repDiaHid12m,,2026-09-22T01:12:43Z,celec_ords/2023/09/repDiaHid12m.ndjson.gz#repDiaHid12m:2023-09-20
2022-11-28,delsitanisagua,cota_masl,1488.77,ords:repDiaHid12m,,2026-09-22T01:12:43Z,celec_ords/2023/09/repDiaHid12m.ndjson.gz#repDiaHid12m:2023-09-20
2022-11-28,mazar,caudal_m3s,22,ords:repDiaHid12m,,2026-09-22T01:12:43Z,celec_ords/2023/09/repDiaHid12m.ndjson.gz#repDiaHid12m:2023-09-20
2022-11-28,mazar,cota_masl,2138.46,ords:repDiaHid12m,,2026-09-22T01:12:43Z,celec_ords/2023/09/repDiaHid12m.ndjson.gz#repDiaHid12m:2023-09-20
2022-11-28,minas_san_francisco,caudal_m3s,8,ords:repDiaHid12m,,2026-09-22T01:12:43Z,celec_ords/2023/09/repDiaHid12m.ndjson.gz#repDiaHid12m:2023-09-20
2022-11-28,minas_san_francisco,cota_masl,788.71,ords:repDiaHid12m,,2026-09-22T01:12:43Z,celec_ords/2023/09/repDiaHid12m.ndjson.gz#repDiaHid12m:2023-09-20
2022-11-29,amaluza,caudal_m3s,136,ords:repDiaHid12m,,2026-09-22T01:12:43Z,celec_ords/2023/09/repDiaHid12m.ndjson.gz#repDiaHid12m:2023-09-20
2022-11-29,amaluza,cota_masl,1985.02,ords:repDiaHid12m,,2026-09-22T01:12:43Z,celec_ords/2023/09/repDiaHid12m.ndjson.gz#repDiaHid12m:2023-09-20
2022-11-29,delsitanisagua,caudal_m3s,18,ords:repDiaHid12m,,2026-09-22T01:12:43Z,celec_ords/2023/09/repDiaHid12m.ndjson.gz#repDiaHid12m:2023-09-20
2022-11-29,delsitanisagua,cota_masl,1489.28,ords:repDiaHid12m,,2026-09-22T01:12:43Z,celec_ords/2023/09/repDiaHid12m.ndjson.gz#repDiaHid12m:2023-09-20
2022-11-29,mazar,caudal_m3s,20,ords:repDiaHid12m,,2026-09-22T01:12:43Z,celec_ords/2023/09/repDiaHid12m.ndjson.gz#repDiaHid12m:2023-09-20
2022-11-29,mazar,cota_masl,2137.39,ords:repDiaHid12m,,2026-09-22T01:12:43Z,celec_ords/2023/09/repDiaHid12m.ndjson.gz#repDiaHid12m:2023-09-20
2022-11-29,minas_san_francisco,caudal_m3s,6,ords:repDiaHid12m,,2026-09-22T01:12:43Z,celec_ords/2023/09/repDiaHid12m.ndjson.gz#repDiaHid12m:2023-09-20
2022-11-29,minas_san_francisco,cota_masl,788.13,ords:repDiaHid12m,,2026-09-22T01:12:43Z,celec_ords/2023/09/repDiaHid12m.ndjson.gz#repDiaHid12m:2023-09-20
2022-11-30,amaluza,caudal_m3s,145,ords:repDiaHid12m,,2026-09-22T01:12:43Z,celec_ords/2023/09/repDiaHid12m.ndjson.gz#repDiaHid12m:2023-09-20
2022-11-30,amaluza,cota_masl,1984.95,ords:repDiaHid12m,,2026-09-22T01:12:43Z,celec_ords/2023/09/repDiaHid12m.ndjson.gz#repDiaHid12m:2023-09-20
2022-11-30,delsitanisagua,caudal_m3s,17,ords:repDiaHid12m,,2026-09-22T01:12:43Z,celec_ords/2023/09/repDiaHid12m.ndjson.gz#repDiaHid12m:2023-09-20
2022-11-30,delsitanisagua,cota_masl,1489.12,ords:repDiaHid12m,,2026-09-22T01:12:43Z,celec_ords/2023/09/repDiaHid12m.ndjson.gz#repDiaHid12m:2023-09-20
2022-11-30,mazar,caudal_m3s,17,ords:repDiaHid12m,,2026-09-22T01:12:43Z,celec_ords/2023/09/repDiaHid12m.ndjson.gz#repDiaHid12m:2023-09-20
2022-11-30,mazar,cota_masl,2136.39,ords:repDiaHid12m,,2026-09-22T01:12:43Z,celec_ords/2023/09/repDiaHid12m.ndjson.gz#repDiaHid12m:2023-09-20
2022-11-30,minas_san_francisco,caudal_m3s,6,ords:repDiaHid12m,,2026-09-22T01:12:43Z,celec_ords/2023/09/repDiaHid12m.ndjson.gz#repDiaHid12m:2023-09-20
2022-11-30,minas_san_francisco,cota_masl,787.26,ords:repDiaHid12m,,2026-09-22T01:12:43Z,celec_ords/2023/09/repDiaHid12m.ndjson.gz#repDiaHid12m:2023-09-20
2022-12-01,amaluza,caudal_m3s,140,ords:repDiaHid12m,,2026-09-22T01:12:43Z,celec_ords/2023/09/repDiaHid12m.ndjson.gz#repDiaHid12m:2023-09-20
2022-12-01,amaluza,cota_masl,1984.84,ords:repDiaHid12m,,2026-09-22T01:12:43Z,celec_ords/2023/09/repDiaHid12m.ndjson.gz#repDiaHid12m:2023-09-20
2022-12-01,delsitanisagua,caudal_m3s,18,ords:repDiaHid12m,,2026-09-22T01:12:43Z,celec_ords/2023/09/repDiaHid12m.ndjson.gz#repDiaHid12m:2023-09-20
2022-12-01,delsitanisagua,cota_masl,1490.77,ords:repDiaHid12m,,2026-09-22T01:12:43Z,celec_ords/2023/09/repDiaHid12m.ndjson.gz#repDiaHid12m:2023-09-20
2022-12-01,mazar,caudal_m3s,19,ords:repDiaHid12m,,2026-09-22T01:12:43Z,celec_ords/2023/09/repDiaHid12m.ndjson.gz#repDiaHid12m:2023-09-20
2022-12-01,mazar,cota_masl,2135.48,ords:repDiaHid12m,,2026-09-22T01:12:43Z,celec_ords/2023/09/repDiaHid12m.ndjson.gz#repDiaHid12m:2023-09-20
2022-12-01,minas_san_francisco,caudal_m3s,7,ords:repDiaHid12m,,2026-09-22T01:12:43Z,celec_ords/2023/09/repDiaHid12m.ndjson.gz#repDiaHid12m:2023-09-20
2022-12-01,minas_san_francisco,cota_masl,786.43,ords:repDiaHid12m,,2026-09-22T01:12:43Z,celec_ords/2023/09/repDiaHid12m.ndjson.gz#repDiaHid12m:2023-09-20
2022-12-02,amaluza,caudal_m3s,137,ords:repDiaHid12m,,2026-09-22T01:12:43Z,celec_ords/2023/09/repDiaHid12m.ndjson.gz#repDiaHid12m:2023-09-20
2022-12-02,amaluza,cota_masl,1984.68,ords:repDiaHid12m,,2026-09-22T01:12:43Z,celec_ords/2023/09/repDiaHid12m.ndjson.gz#repDiaHid12m:2023-09-20
2022-12-02,delsitanisagua,caudal_m3s,17,ords:repDiaHid12m,,2026-09-22T01:12:43Z,celec_ords/2023/09/repDiaHid12m.ndjson.gz#repDiaHid12m:2023-09-20
2022-12-02,delsitanisagua,cota_masl,1490.81,ords:repDiaHid12m,,2026-09-22T01:12:43Z,celec_ords/2023/09/repDiaHid12m.ndjson.gz#repDiaHid12m:2023-09-20
2022-12-02,mazar,caudal_m3s,20,ords:repDiaHid12m,,2026-09-22T01:12:43Z,celec_ords/2023/09/repDiaHid12m.ndjson.gz#repDiaHid12m:2023-09-20
2022-12-02,mazar,cota_masl,2134.56,ords:repDiaHid12m,,2026-09-22T01:12:43Z,celec_ords/2023/09/repDiaHid12m.ndjson.gz#repDiaHid12m:2023-09-20
2022-12-02,minas_san_francisco,caudal_m3s,8,ords:repDiaHid12m,,2026-09-22T01:12:43Z,celec_ords/2023/09/repDiaHid12m.ndjson.gz#repDiaHid12m:2023-09-20
2022-12-02,minas_san_francisco,cota_masl,785.44,ords:repDiaHid12m,,2026-09-22T01:12:43Z,celec_ords/2023/09/repDiaHid12m.ndjson.gz#repDiaHid12m:2023-09-20
2022-12-03,amaluza,caudal_m3s,181,ords:repDiaHid12m,,2026-09-22T01:12:43Z,celec_ords/2023/09/repDiaHid12m.ndjson.gz#repDiaHid12m:2023-09-20
2022-12-03,amaluza,cota_masl,1985.55,ords:repDiaHid12m,,2026-09-22T01:12:43Z,celec_ords/2023/09/repDiaHid12m.ndjson.gz#repDiaHid12m:2023-09-20
2022-12-03,delsitanisagua,caudal_m3s,17,ords:repDiaHid12m,,2026-09-22T01:12:43Z,celec_ords/2023/09/repDiaHid12m.ndjson.gz#repDiaHid12m:2023-09-20
2022-12-03,delsitanisagua,cota_masl,1488.94,ords:repDiaHid12m,,2026-09-22T01:12:43Z,celec_ords/2023/09/repDiaHid12m.ndjson.gz#repDiaHid12m:2023-09-20
2022-12-03,mazar,caudal_m3s,21,ords:repDiaHid12m,,2026-09-22T01:12:43Z,celec_ords/2023/09/repDiaHid12m.ndjson.gz#repDiaHid12m:2023-09-20
2022-12-03,mazar,cota_masl,2133.83,ords:repDiaHid12m,,2026-09-22T01:12:43Z,celec_ords/2023/09/repDiaHid12m.ndjson.gz#repDiaHid12m:2023-09-20
2022-12-03,minas_san_francisco,caudal_m3s,6,ords:repDiaHid12m,,2026-09-22T01:12:43Z,celec_ords/2023/09/repDiaHid12m.ndjson.gz#repDiaHid12m:2023-09-20
2022-12-03,minas_san_francisco,cota_masl,785.02,ords:repDiaHid12m,,2026-09-22T01:12:43Z,celec_ords/2023/09/repDiaHid12m.ndjson.gz#repDiaHid12m:2023-09-20
2022-12-04,amaluza,caudal_m3s,78,ords:repDiaHid12m,,2026-09-22T01:12:43Z,celec_ords/2023/09/repDiaHid12m.ndjson.gz#repDiaHid12m:2023-09-20
2022-12-04,amaluza,cota_masl,1985.4,ords:repDiaHid12m,,2026-09-22T01:12:43Z,celec_ords/2023/09/repDiaHid12m.ndjson.gz#repDiaHid12m:2023-09-20
2022-12-04,delsitanisagua,caudal_m3s,17,ords:repDiaHid12m,,2026-09-22T01:12:43Z,celec_ords/2023/09/repDiaHid12m.ndjson.gz#repDiaHid12m:2023-09-20
2022-12-04,delsitanisagua,cota_masl,1488.77,ords:repDiaHid12m,,2026-09-22T01:12:43Z,celec_ords/2023/09/repDiaHid12m.ndjson.gz#repDiaHid12m:2023-09-20
2022-12-04,mazar,caudal_m3s,23,ords:repDiaHid12m,,2026-09-22T01:12:43Z,celec_ords/2023/09/repDiaHid12m.ndjson.gz#repDiaHid12m:2023-09-20
2022-12-04,mazar,cota_masl,2133.6,ords:repDiaHid12m,,2026-09-22T01:12:43Z,celec_ords/2023/09/repDiaHid12m.ndjson.gz#repDiaHid12m:2023-09-20
2022-12-04,minas_san_francisco,caudal_m3s,7,ords:repDiaHid12m,,2026-09-22T01:12:43Z,celec_ords/2023/09/repDiaHid12m.ndjson.gz#repDiaHid12m:2023-09-20
2022-12-04,minas_san_francisco,cota_masl,784.66,ords:repDiaHid12m,,2026-09-22T01:12:43Z,celec_ords/2023/09/repDiaHid12m.ndjson.gz#repDiaHid12m:2023-09-20
2022-12-05,amaluza,caudal_m3s,127,ords:repDiaHid12m,,2026-09-22T01:12:43Z,celec_ords/2023/09/repDiaHid12m.ndjson.gz#repDiaHid12m:2023-09-20
2022-12-05,amaluza,cota_masl,1985.39,ords:repDiaHid12m,,2026-09-22T01:12:43Z,celec_ords/2023/09/repDiaHid12m.ndjson.gz#repDiaHid12m:2023-09-20
2022-12-05,delsitanisagua,caudal_m3s,18,ords:repDiaHid12m,,2026-09-22T01:12:43Z,celec_ords/2023/09/repDiaHid12m.ndjson.gz#repDiaHid12m:2023-09-20
2022-12-05,delsitanisagua,cota_masl,1490.51,ords:repDiaHid12m,,2026-09-22T01:12:43Z,celec_ords/2023/09/repDiaHid12m.ndjson.gz#repDiaHid12m:2023-09-20
2022-12-05,mazar,caudal_m3s,9,ords:repDiaHid12m,,2026-09-22T01:12:43Z,celec_ords/2023/09/repDiaHid12m.ndjson.gz#repDiaHid12m:2023-09-20
2022-12-05,mazar,cota_masl,2132.88,ords:repDiaHid12m,,2026-09-22T01:12:43Z,celec_ords/2023/09/repDiaHid12m.ndjson.gz#repDiaHid12m:2023-09-20
2022-12-05,minas_san_francisco,caudal_m3s,7,ords:repDiaHid12m,,2026-09-22T01:12:43Z,celec_ords/2023/09/repDiaHid12m.ndjson.gz#repDiaHid12m:2023-09-20
2022-12-05,minas_san_francisco,cota_masl,784.41,ords:repDiaHid12m,,2026-09-22T01:12:43Z,celec_ords/2023/09/repDiaHid12m.ndjson.gz#repDiaHid12m:2023-09-20
2022-12-06,amaluza,caudal_m3s,102,ords:repDiaHid12m,,2026-09-22T01:12:43Z,celec_ords/2023/09/repDiaHid12m.ndjson.gz#repDiaHid12m:2023-09-20
2022-12-06,amaluza,cota_masl,1985.37,ords:repDiaHid12m,,2026-09-22T01:12:43Z,celec_ords/2023/09/repDiaHid12m.ndjson.gz#repDiaHid12m:2023-09-20
2022-12-06,delsitanisagua,caudal_m3s,16,ords:repDiaHid12m,,2026-09-22T01:12:43Z,celec_ords/2023/09/repDiaHid12m.ndjson.gz#repDiaHid12m:2023-09-20
2022-12-06,delsitanisagua,cota_masl,1489.43,ords:repDiaHid12m,,2026-09-22T01:12:43Z,celec_ords/2023/09/repDiaHid12m.ndjson.gz#repDiaHid12m:2023-09-20
2022-12-06,mazar,caudal_m3s,10,ords:repDiaHid12m,,2026-09-22T01:12:43Z,celec_ords/2023/09/repDiaHid12m.ndjson.gz#repDiaHid12m:2023-09-20
2022-12-06,mazar,cota_masl,2132.03,ords:repDiaHid12m,,2026-09-22T01:12:43Z,celec_ords/2023/09/repDiaHid12m.ndjson.gz#repDiaHid12m:2023-09-20
2022-12-06,minas_san_francisco,caudal_m3s,7,ords:repDiaHid12m,,2026-09-22T01:12:43Z,celec_ords/2023/09/repDiaHid12m.ndjson.gz#repDiaHid12m:2023-09-20
2022-12-06,minas_san_francisco,cota_masl,784.06,ords:repDiaHid12m,,2026-09-22T01:12:43Z,celec_ords/2023/09/repDiaHid12m.ndjson.gz#repDiaHid12m:2023-09-20
2022-12-07,amaluza,caudal_m3s,78,ords:repDiaHid12m,,2026-09-22T01:12:43Z,celec_ords/2023/09/repDiaHid12m.ndjson.gz#repDiaHid12m:2023-09-20
2022-12-07,amaluza,cota_masl,1984.74,ords:repDiaHid12m,,2026-09-22T01:12:43Z,celec_ords/2023/09/repDiaHid12m.ndjson.gz#repDiaHid12m:2023-09-20
2022-12-07,delsitanisagua,caudal_m3s,17,ords:repDiaHid12m,,2026-09-22T01:12:43Z,celec_ords/2023/09/repDiaHid12m.ndjson.gz#repDiaHid12m:2023-09-20
2022-12-07,delsitanisagua,cota_masl,1490.48,ords:repDiaHid12m,,2026-09-22T01:12:43Z,celec_ords/2023/09/repDiaHid12m.ndjson.gz#repDiaHid12m:2023-09-20
2022-12-07,mazar,caudal_m3s,18,ords:repDiaHid12m,,2026-09-22T01:12:43Z,celec_ords/2023/09/repDiaHid12m.ndjson.gz#repDiaHid12m:2023-09-20
2022-12-07,mazar,cota_masl,2131.39,ords:repDiaHid12m,,2026-09-22T01:12:43Z,celec_ords/2023/09/repDiaHid12m.ndjson.gz#repDiaHid12m:2023-09-20
2022-12-07,minas_san_francisco,caudal_m3s,6,ords:repDiaHid12m,,2026-09-22T01:12:43Z,celec_ords/2023/09/repDiaHid12m.ndjson.gz#repDiaHid12m:2023-09-20
2022-12-07,minas_san_francisco,cota_masl,783.65,ords:repDiaHid12m,,2026-09-22T01:12:43Z,celec_ords/2023/09/repDiaHid12m.ndjson.gz#repDiaHid12m:2023-09-20
2022-12-08,amaluza,caudal_m3s,82,ords:repDiaHid12m,,2026-09-22T01:12:43Z,celec_ords/2023/09/repDiaHid12m.ndjson.gz#repDiaHid12m:2023-09-20
2022-12-08,amaluza,cota_masl,1983.06,ords:repDiaHid12m,,2026-09-22T01:12:43Z,celec_ords/2023/09/repDiaHid12m.ndjson.gz#repDiaHid12m:2023-09-20
2022-12-08,delsitanisagua,caudal_m3s,15,ords:repDiaHid12m,,2026-09-22T01:12:43Z,celec_ords/2023/09/repDiaHid12m.ndjson.gz#repDiaHid12m:2023-09-20
2022-12-08,delsitanisagua,cota_masl,1490.28,ords:repDiaHid12m,,2026-09-22T01:12:43Z,celec_ords/2023/09/repDiaHid12m.ndjson.gz#repDiaHid12m:2023-09-20
2022-12-08,mazar,caudal_m3s,12,ords:repDiaHid12m,,2026-09-22T01:12:43Z,celec_ords/2023/09/repDiaHid12m.ndjson.gz#repDiaHid12m:2023-09-20
2022-12-08,mazar,cota_masl,2130.9,ords:repDiaHid12m,,2026-09-22T01:12:43Z,celec_ords/2023/09/repDiaHid12m.ndjson.gz#repDiaHid12m:2023-09-20
2022-12-08,minas_san_francisco,caudal_m3s,5,ords:repDiaHid12m,,2026-09-22T01:12:43Z,celec_ords/2023/09/repDiaHid12m.ndjson.gz#repDiaHid12m:2023-09-20
2022-12-08,minas_san_francisco,cota_masl,783.38,ords:repDiaHid12m,,2026-09-22T01:12:43Z,celec_ords/2023/09/repDiaHid12m.ndjson.gz#repDiaHid12m:2023-09-20
2022-12-09,amaluza,caudal_m3s,67,ords:repDiaHid12m,,2026-09-22T01:12:43Z,celec_ords/2023/09/repDiaHid12m.ndjson.gz#repDiaHid12m:2023-09-20
2022-12-09,amaluza,cota_masl,1981.9,ords:repDiaHid12m,,2026-09-22T01:12:43Z,celec_ords/2023/09/repDiaHid12m.ndjson.gz#repDiaHid12m:2023-09-20
2022-12-09,delsitanisagua,caudal_m3s,16,ords:repDiaHid12m,,2026-09-22T01:12:43Z,celec_ords/2023/09/repDiaHid12m.ndjson.gz#repDiaHid12m:2023-09-20
2022-12-09,delsitanisagua,cota_masl,1488.48,ords:repDiaHid12m,,2026-09-22T01:12:43Z,celec_ords/2023/09/repDiaHid12m.ndjson.gz#repDiaHid12m:2023-09-20
2022-12-09,mazar,caudal_m3s,23,ords:repDiaHid12m,,2026-09-22T01:12:43Z,celec_ords/2023/09/repDiaHid12m.ndjson.gz#repDiaHid12m:2023-09-20
2022-12-09,mazar,cota_masl,2130.16,ords:repDiaHid12m,,2026-09-22T01:12:43Z,celec_ords/2023/09/repDiaHid12m.ndjson.gz#repDiaHid12m:2023-09-20
2022-12-09,minas_san_francisco,caudal_m3s,7,ords:repDiaHid12m,,2026-09-22T01:12:43Z,celec_ords/2023/09/repDiaHid12m.ndjson.gz#repDiaHid12m:2023-09-20
2022-12-09,minas_san_francisco,cota_masl,783.4,ords:repDiaHid12m,,2026-09-22T01:12:43Z,celec_ords/2023/09/repDiaHid12m.ndjson.gz#repDiaHid12m:2023-09-20
2022-12-10,amaluza,caudal_m3s,14,ords:repDiaHid12m,,2026-09-22T01:12:43Z,celec_ords/2023/09/repDiaHid12m.ndjson.gz#repDiaHid12m:2023-09-20
2022-12-10,amaluza,cota_masl,1981.36,ords:repDiaHid12m,,2026-09-22T01:12:43Z,celec_ords/2023/09/repDiaHid12m.ndjson.gz#repDiaHid12m:2023-09-20
2022-12-10,delsitanisagua,caudal_m3s,48,ords:repDiaHid12m,,2026-09-22T01:12:43Z,celec_ords/2023/09/repDiaHid12m.ndjson.gz#repDiaHid12m:2023-09-20
2022-12-10,delsitanisagua,cota_masl,1490.92,ords:repDiaHid12m,,2026-09-22T01:12:43Z,celec_ords/2023/09/repDiaHid12m.ndjson.gz#repDiaHid12m:2023-09-20
2022-12-10,mazar,caudal_m3s,32,ords:repDiaHid12m,,2026-09-22T01:12:43Z,celec_ords/2023/09/repDiaHid12m.ndjson.gz#repDiaHid12m:2023-09-20
2022-12-10,mazar,cota_masl,2129.63,ords:repDiaHid12m,,2026-09-22T01:12:43Z,celec_ords/2023/09/repDiaHid12m.ndjson.gz#repDiaHid12m:2023-09-20
2022-12-10,minas_san_francisco,caudal_m3s,7,ords:repDiaHid12m,,2026-09-22T01:12:43Z,celec_ords/2023/09/repDiaHid12m.ndjson.gz#repDiaHid12m:2023-09-20
2022-12-10,minas_san_francisco,cota_masl,783.4,ords:repDiaHid12m,,2026-09-22T01:12:43Z,celec_ords/2023/09/repDiaHid12m.ndjson.gz#repDiaHid12m:2023-09-20
2022-12-11,amaluza,caudal_m3s,76,ords:repDiaHid12m,,2026-09-22T01:12:43Z,celec_ords/2023/09/repDiaHid12m.ndjson.gz#repDiaHid12m:2023-09-20
2022-12-11,amaluza,cota_masl,1980.7,ords:repDiaHid12m,,2026-09-22T01:12:43Z,celec_ords/2023/09/repDiaHid12m.ndjson.gz#repDiaHid12m:2023-09-20
2022-12-11,delsitanisagua,caudal_m3s,21,ords:repDiaHid12m,,2026-09-22T01:12:43Z,celec_ords/2023/09/repDiaHid12m.ndjson.gz#repDiaHid12m:2023-09-20
2022-12-11,delsitanisagua,cota_masl,1489.89,ords:repDiaHid12m,,2026-09-22T01:12:43Z,celec_ords/2023/09/repDiaHid12m.ndjson.gz#repDiaHid12m:2023-09-20
2022-12-11,mazar,caudal_m3s,50,ords:repDiaHid12m,,2026-09-22T01:12:43Z,celec_ords/2023/09/repDiaHid12m.ndjson.gz#repDiaHid12m:2023-09-20
2022-12-11,mazar,cota_masl,2130.27,ords:repDiaHid12m,,2026-09-22T01:12:43Z,celec_ords/2023/09/repDiaHid12m.ndjson.gz#repDiaHid12m:2023-09-20
2022-12-11,minas_san_francisco,caudal_m3s,26,ords:repDiaHid12m,,2026-09-22T01:12:43Z,celec_ords/2023/09/repDiaHid12m.ndjson.gz#repDiaHid12m:2023-09-20
2022-12-11,minas_san_francisco,cota_masl,785.39,ords:repDiaHid12m,,2026-09-22T01:12:43Z,celec_ords/2023/09/repDiaHid12m.ndjson.gz#repDiaHid12m:2023-09-20
2022-12-12,amaluza,caudal_m3s,122,ords:repDiaHid12m,,2026-09-22T01:12:43Z,celec_ords/2023/09/repDiaHid12m.ndjson.gz#repDiaHid12m:2023-09-20
2022-12-12,amaluza,cota_masl,1979.62,ords:repDiaHid12m,,2026-09-22T01:12:43Z,celec_ords/2023/09/repDiaHid12m.ndjson.gz#repDiaHid12m:2023-09-20
2022-12-12,delsitanisagua,caudal_m3s,17,ords:repDiaHid12m,,2026-09-22T01:12:43Z,celec_ords/2023/09/repDiaHid12m.ndjson.gz#repDiaHid12m:2023-09-20
2022-12-12,delsitanisagua,cota_masl,1488.62,ords:repDiaHid12m,,2026-09-22T01:12:43Z,celec_ords/2023/09/repDiaHid12m.ndjson.gz#repDiaHid12m:2023-09-20
2022-12-12,mazar,caudal_m3s,38,ords:repDiaHid12m,,2026-09-22T01:12:43Z,celec_ords/2023/09/repDiaHid12m.ndjson.gz#repDiaHid12m:2023-09-20
2022-12-12,mazar,cota_masl,2129.93,ords:repDiaHid12m,,2026-09-22T01:12:43Z,celec_ords/2023/09/repDiaHid12m.ndjson.gz#repDiaHid12m:2023-09-20
2022-12-12,minas_san_francisco,caudal_m3s,11,ords:repDiaHid12m,,2026-09-22T01:12:43Z,celec_ords/2023/09/repDiaHid12m.ndjson.gz#repDiaHid12m:2023-09-20
2022-12-12,minas_san_francisco,cota_masl,786.47,ords:repDiaHid12m,,2026-09-22T01:12:43Z,celec_ords/2023/09/repDiaHid12m.ndjson.gz#repDiaHid12m:2023-09-20
2022-12-13,amaluza,caudal_m3s,130,ords:repDiaHid12m,,2026-09-22T01:12:43Z,celec_ords/2023/09/repDiaHid12m.ndjson.gz#repDiaHid12m:2023-09-20
2022-12-13,amaluza,cota_masl,1979.54,ords:repDiaHid12m,,2026-09-22T01:12:43Z,celec_ords/2023/09/repDiaHid12m.ndjson.gz#repDiaHid12m:2023-09-20
2022-12-13,delsitanisagua,caudal_m3s,15,ords:repDiaHid12m,,2026-09-22T01:12:43Z,celec_ords/2023/09/repDiaHid12m.ndjson.gz#repDiaHid12m:2023-09-20
2022-12-13,delsitanisagua,cota_masl,1487.81,ords:repDiaHid12m,,2026-09-22T01:12:43Z,celec_ords/2023/09/repDiaHid12m.ndjson.gz#repDiaHid12m:2023-09-20
2022-12-13,mazar,caudal_m3s,11,ords:repDiaHid12m,,2026-09-22T01:12:43Z,celec_ords/2023/09/repDiaHid12m.ndjson.gz#repDiaHid12m:2023-09-20
2022-12-13,mazar,cota_masl,2128.85,ords:repDiaHid12m,,2026-09-22T01:12:43Z,celec_ords/2023/09/repDiaHid12m.ndjson.gz#repDiaHid12m:2023-09-20
2022-12-13,minas_san_francisco,caudal_m3s,9,ords:repDiaHid12m,,2026-09-22T01:12:43Z,celec_ords/2023/09/repDiaHid12m.ndjson.gz#repDiaHid12m:2023-09-20
2022-12-13,minas_san_francisco,cota_masl,786.28,ords:repDiaHid12m,,2026-09-22T01:12:43Z,celec_ords/2023/09/repDiaHid12m.ndjson.gz#repDiaHid12m:2023-09-20
2022-12-14,amaluza,caudal_m3s,121,ords:repDiaHid12m,,2026-09-22T01:12:43Z,celec_ords/2023/09/repDiaHid12m.ndjson.gz#repDiaHid12m:2023-09-20
2022-12-14,amaluza,cota_masl,1981.05,ords:repDiaHid12m,,2026-09-22T01:12:43Z,celec_ords/2023/09/repDiaHid12m.ndjson.gz#repDiaHid12m:2023-09-20
2022-12-14,delsitanisagua,caudal_m3s,28,ords:repDiaHid12m,,2026-09-22T01:12:43Z,celec_ords/2023/09/repDiaHid12m.ndjson.gz#repDiaHid12m:2023-09-20
2022-12-14,delsitanisagua,cota_masl,1490.47,ords:repDiaHid12m,,2026-09-22T01:12:43Z,celec_ords/2023/09/repDiaHid12m.ndjson.gz#repDiaHid12m:2023-09-20
2022-12-14,mazar,caudal_m3s,40,ords:repDiaHid12m,,2026-09-22T01:12:43Z,celec_ords/2023/09/repDiaHid12m.ndjson.gz#repDiaHid12m:2023-09-20
2022-12-14,mazar,cota_masl,2128.07,ords:repDiaHid12m,,2026-09-22T01:12:43Z,celec_ords/2023/09/repDiaHid12m.ndjson.gz#repDiaHid12m:2023-09-20
2022-12-14,minas_san_francisco,caudal_m3s,8,ords:repDiaHid12m,,2026-09-22T01:12:43Z,celec_ords/2023/09/repDiaHid12m.ndjson.gz#repDiaHid12m:2023-09-20
2022-12-14,minas_san_francisco,cota_masl,786.43,ords:repDiaHid12m,,2026-09-22T01:12:43Z,celec_ords/2023/09/repDiaHid12m.ndjson.gz#repDiaHid12m:2023-09-20
2022-12-15,amaluza,caudal_m3s,77,ords:repDiaHid12m,,2026-09-22T01:12:43Z,celec_ords/2023/09/repDiaHid12m.ndjson.gz#repDiaHid12m:2023-09-20
2022-12-15,amaluza,cota_masl,1980.18,ords:repDiaHid12m,,2026-09-22T01:12:43Z,celec_ords/2023/09/repDiaHid12m.ndjson.gz#repDiaHid12m:2023-09-20
2022-12-15,delsitanisagua,caudal_m3s,22,ords:repDiaHid12m,,2026-09-22T01:12:43Z,celec_ords/2023/09/repDiaHid12m.ndjson.gz#repDiaHid12m:2023-09-20
2022-12-15,delsitanisagua,cota_masl,1488.91,ords:repDiaHid12m,,2026-09-22T01:12:43Z,celec_ords/2023/09/repDiaHid12m.ndjson.gz#repDiaHid12m:2023-09-20
2022-12-15,mazar,caudal_m3s,31,ords:repDiaHid12m,,2026-09-22T01:12:43Z,celec_ords/2023/09/repDiaHid12m.ndjson.gz#repDiaHid12m:2023-09-20
2022-12-15,mazar,cota_masl,2128.06,ords:repDiaHid12m,,2026-09-22T01:12:43Z,celec_ords/2023/09/repDiaHid12m.ndjson.gz#repDiaHid12m:2023-09-20
2022-12-15,minas_san_francisco,caudal_m3s,14,ords:repDiaHid12m,,2026-09-22T01:12:43Z,celec_ords/2023/09/repDiaHid12m.ndjson.gz#repDiaHid12m:2023-09-20
2022-12-15,minas_san_francisco,cota_masl,787.22,ords:repDiaHid12m,,2026-09-22T01:12:43Z,celec_ords/2023/09/repDiaHid12m.ndjson.gz#repDiaHid12m:2023-09-20
2022-12-16,amaluza,caudal_m3s,92,ords:repDiaHid12m,,2026-09-22T01:12:43Z,celec_ords/2023/09/repDiaHid12m.ndjson.gz#repDiaHid12m:2023-09-20
2022-12-16,amaluza,cota_masl,1979.71,ords:repDiaHid12m,,2026-09-22T01:12:43Z,celec_ords/2023/09/repDiaHid12m.ndjson.gz#repDiaHid12m:2023-09-20
2022-12-16,delsitanisagua,caudal_m3s,25,ords:repDiaHid12m,,2026-09-22T01:12:43Z,celec_ords/2023/09/repDiaHid12m.ndjson.gz#repDiaHid12m:2023-09-20
2022-12-16,delsitanisagua,cota_masl,1490.56,ords:repDiaHid12m,,2026-09-22T01:12:43Z,celec_ords/2023/09/repDiaHid12m.ndjson.gz#repDiaHid12m:2023-09-20
2022-12-16,mazar,caudal_m3s,28,ords:repDiaHid12m,,2026-09-22T01:12:43Z,celec_ords/2023/09/repDiaHid12m.ndjson.gz#repDiaHid12m:2023-09-20
2022-12-16,mazar,cota_masl,2128.05,ords:repDiaHid12m,,2026-09-22T01:12:43Z,celec_ords/2023/09/repDiaHid12m.ndjson.gz#repDiaHid12m:2023-09-20
2022-12-16,minas_san_francisco,caudal_m3s,11,ords:repDiaHid12m,,2026-09-22T01:12:43Z,celec_ords/2023/09/repDiaHid12m.ndjson.gz#repDiaHid12m:2023-09-20
2022-12-16,minas_san_francisco,cota_masl,787.78,ords:repDiaHid12m,,2026-09-22T01:12:43Z,celec_ords/2023/09/repDiaHid12m.ndjson.gz#repDiaHid12m:2023-09-20
2022-12-17,amaluza,caudal_m3s,12,ords:repDiaHid12m,,2026-09-22T01:12:43Z,celec_ords/2023/09/repDiaHid12m.ndjson.gz#repDiaHid12m:2023-09-20
2022-12-17,amaluza,cota_masl,1980.37,ords:repDiaHid12m,,2026-09-22T01:12:43Z,celec_ords/2023/09/repDiaHid12m.ndjson.gz#repDiaHid12m:2023-09-20
2022-12-17,delsitanisagua,caudal_m3s,21,ords:repDiaHid12m,,2026-09-22T01:12:43Z,celec_ords/2023/09/repDiaHid12m.ndjson.gz#repDiaHid12m:2023-09-20
2022-12-17,delsitanisagua,cota_masl,1490.56,ords:repDiaHid12m,,2026-09-22T01:12:43Z,celec_ords/2023/09/repDiaHid12m.ndjson.gz#repDiaHid12m:2023-09-20
2022-12-17,mazar,caudal_m3s,36,ords:repDiaHid12m,,2026-09-22T01:12:43Z,celec_ords/2023/09/repDiaHid12m.ndjson.gz#repDiaHid12m:2023-09-20
2022-12-17,mazar,cota_masl,2127.94,ords:repDiaHid12m,,2026-09-22T01:12:43Z,celec_ords/2023/09/repDiaHid12m.ndjson.gz#repDiaHid12m:2023-09-20
2022-12-17,minas_san_francisco,caudal_m3s,26,ords:repDiaHid12m,,2026-09-22T01:12:43Z,celec_ords/2023/09/repDiaHid12m.ndjson.gz#repDiaHid12m:2023-09-20
2022-12-17,minas_san_francisco,cota_masl,789.53,ords:repDiaHid12m,,2026-09-22T01:12:43Z,celec_ords/2023/09/repDiaHid12m.ndjson.gz#repDiaHid12m:2023-09-20
2022-12-18,amaluza,caudal_m3s,188,ords:repDiaHid12m,,2026-09-22T01:12:43Z,celec_ords/2023/09/repDiaHid12m.ndjson.gz#repDiaHid12m:2023-09-20
2022-12-18,amaluza,cota_masl,1979.53,ords:repDiaHid12m,,2026-09-22T01:12:43Z,celec_ords/2023/09/repDiaHid12m.ndjson.gz#repDiaHid12m:2023-09-20
2022-12-18,delsitanisagua,caudal_m3s,20,ords:repDiaHid12m,,2026-09-22T01:12:43Z,celec_ords/2023/09/repDiaHid12m.ndjson.gz#repDiaHid12m:2023-09-20
2022-12-18,delsitanisagua,cota_masl,1487.08,ords:repDiaHid12m,,2026-09-22T01:12:43Z,celec_ords/2023/09/repDiaHid12m.ndjson.gz#repDiaHid12m:2023-09-20
2022-12-18,mazar,caudal_m3s,31,ords:repDiaHid12m,,2026-09-22T01:12:43Z,celec_ords/2023/09/repDiaHid12m.ndjson.gz#repDiaHid12m:2023-09-20
2022-12-18,mazar,cota_masl,2128.04,ords:repDiaHid12m,,2026-09-22T01:12:43Z,celec_ords/2023/09/repDiaHid12m.ndjson.gz#repDiaHid12m:2023-09-20
2022-12-18,minas_san_francisco,caudal_m3s,27,ords:repDiaHid12m,,2026-09-22T01:12:43Z,celec_ords/2023/09/repDiaHid12m.ndjson.gz#repDiaHid12m:2023-09-20
2022-12-18,minas_san_francisco,cota_masl,790.66,ords:repDiaHid12m,,2026-09-22T01:12:43Z,celec_ords/2023/09/repDiaHid12m.ndjson.gz#repDiaHid12m:2023-09-20
2022-12-19,amaluza,caudal_m3s,119,ords:repDiaHid12m,,2026-09-22T01:12:43Z,celec_ords/2023/09/repDiaHid12m.ndjson.gz#repDiaHid12m:2023-09-20
2022-12-19,amaluza,cota_masl,1980.11,ords:repDiaHid12m,,2026-09-22T01:12:43Z,celec_ords/2023/09/repDiaHid12m.ndjson.gz#repDiaHid12m:2023-09-20
2022-12-19,delsitanisagua,caudal_m3s,20,ords:repDiaHid12m,,2026-09-22T01:12:43Z,celec_ords/2023/09/repDiaHid12m.ndjson.gz#repDiaHid12m:2023-09-20
2022-12-19,delsitanisagua,cota_masl,1486.88,ords:repDiaHid12m,,2026-09-22T01:12:43Z,celec_ords/2023/09/repDiaHid12m.ndjson.gz#repDiaHid12m:2023-09-20
2022-12-19,mazar,caudal_m3s,23,ords:repDiaHid12m,,2026-09-22T01:12:43Z,celec_ords/2023/09/repDiaHid12m.ndjson.gz#repDiaHid12m:2023-09-20
2022-12-19,mazar,cota_masl,2127.72,ords:repDiaHid12m,,2026-09-22T01:12:43Z,celec_ords/2023/09/repDiaHid12m.ndjson.gz#repDiaHid12m:2023-09-20
2022-12-19,minas_san_francisco,caudal_m3s,20,ords:repDiaHid12m,,2026-09-22T01:12:43Z,celec_ords/2023/09/repDiaHid12m.ndjson.gz#repDiaHid12m:2023-09-20
2022-12-19,minas_san_francisco,cota_masl,789.19,ords:repDiaHid12m,,2026-09-22T01:12:43Z,celec_ords/2023/09/repDiaHid12m.ndjson.gz#repDiaHid12m:2023-09-20
2022-12-20,amaluza,caudal_m3s,164,ords:repDiaHid12m,,2026-09-22T01:12:43Z,celec_ords/2023/09/repDiaHid12m.ndjson.gz#repDiaHid12m:2023-09-20
2022-12-20,amaluza,cota_masl,1979.8,ords:repDiaHid12m,,2026-09-22T01:12:43Z,celec_ords/2023/09/repDiaHid12m.ndjson.gz#repDiaHid12m:2023-09-20
2022-12-20,delsitanisagua,caudal_m3s,19,ords:repDiaHid12m,,2026-09-22T01:12:43Z,celec_ords/2023/09/repDiaHid12m.ndjson.gz#repDiaHid12m:2023-09-20
2022-12-20,delsitanisagua,cota_masl,1486.99,ords:repDiaHid12m,,2026-09-22T01:12:43Z,celec_ords/2023/09/repDiaHid12m.ndjson.gz#repDiaHid12m:2023-09-20
2022-12-20,mazar,caudal_m3s,11,ords:repDiaHid12m,,2026-09-22T01:12:43Z,celec_ords/2023/09/repDiaHid12m.ndjson.gz#repDiaHid12m:2023-09-20
2022-12-20,mazar,cota_masl,2127.01,ords:repDiaHid12m,,2026-09-22T01:12:43Z,celec_ords/2023/09/repDiaHid12m.ndjson.gz#repDiaHid12m:2023-09-20
2022-12-20,minas_san_francisco,caudal_m3s,14,ords:repDiaHid12m,,2026-09-22T01:12:43Z,celec_ords/2023/09/repDiaHid12m.ndjson.gz#repDiaHid12m:2023-09-20
2022-12-20,minas_san_francisco,cota_masl,788.8,ords:repDiaHid12m,,2026-09-22T01:12:43Z,celec_ords/2023/09/repDiaHid12m.ndjson.gz#repDiaHid12m:2023-09-20
2022-12-21,amaluza,caudal_m3s,14,ords:repDiaHid12m,,2026-09-22T01:12:43Z,celec_ords/2023/09/repDiaHid12m.ndjson.gz#repDiaHid12m:2023-09-20
2022-12-21,amaluza,cota_masl,1978.99,ords:repDiaHid12m,,2026-09-22T01:12:43Z,celec_ords/2023/09/repDiaHid12m.ndjson.gz#repDiaHid12m:2023-09-20
2022-12-21,delsitanisagua,caudal_m3s,17,ords:repDiaHid12m,,2026-09-22T01:12:43Z,celec_ords/2023/09/repDiaHid12m.ndjson.gz#repDiaHid12m:2023-09-20
2022-12-21,delsitanisagua,cota_masl,1486.89,ords:repDiaHid12m,,2026-09-22T01:12:43Z,celec_ords/2023/09/repDiaHid12m.ndjson.gz#repDiaHid12m:2023-09-20
2022-12-21,mazar,caudal_m3s,12,ords:repDiaHid12m,,2026-09-22T01:12:43Z,celec_ords/2023/09/repDiaHid12m.ndjson.gz#repDiaHid12m:2023-09-20
2022-12-21,mazar,cota_masl,2126.1,ords:repDiaHid12m,,2026-09-22T01:12:43Z,celec_ords/2023/09/repDiaHid12m.ndjson.gz#repDiaHid12m:2023-09-20
2022-12-21,minas_san_francisco,caudal_m3s,11,ords:repDiaHid12m,,2026-09-22T01:12:43Z,celec_ords/2023/09/repDiaHid12m.ndjson.gz#repDiaHid12m:2023-09-20
2022-12-21,minas_san_francisco,cota_masl,788.44,ords:repDiaHid12m,,2026-09-22T01:12:43Z,celec_ords/2023/09/repDiaHid12m.ndjson.gz#repDiaHid12m:2023-09-20
2022-12-22,amaluza,caudal_m3s,74,ords:repDiaHid12m,,2026-09-22T01:12:43Z,celec_ords/2023/09/repDiaHid12m.ndjson.gz#repDiaHid12m:2023-09-20
2022-12-22,amaluza,cota_masl,1980.09,ords:repDiaHid12m,,2026-09-22T01:12:43Z,celec_ords/2023/09/repDiaHid12m.ndjson.gz#repDiaHid12m:2023-09-20
2022-12-22,delsitanisagua,caudal_m3s,18,ords:repDiaHid12m,,2026-09-22T01:12:43Z,celec_ords/2023/09/repDiaHid12m.ndjson.gz#repDiaHid12m:2023-09-20
2022-12-22,delsitanisagua,cota_masl,1488.86,ords:repDiaHid12m,,2026-09-22T01:12:43Z,celec_ords/2023/09/repDiaHid12m.ndjson.gz#repDiaHid12m:2023-09-20
2022-12-22,mazar,caudal_m3s,25,ords:repDiaHid12m,,2026-09-22T01:12:43Z,celec_ords/2023/09/repDiaHid12m.ndjson.gz#repDiaHid12m:2023-09-20
2022-12-22,mazar,cota_masl,2124.48,ords:repDiaHid12m,,2026-09-22T01:12:43Z,celec_ords/2023/09/repDiaHid12m.ndjson.gz#repDiaHid12m:2023-09-20
2022-12-22,minas_san_francisco,caudal_m3s,15,ords:repDiaHid12m,,2026-09-22T01:12:43Z,celec_ords/2023/09/repDiaHid12m.ndjson.gz#repDiaHid12m:2023-09-20
2022-12-22,minas_san_francisco,cota_masl,788.52,ords:repDiaHid12m,,2026-09-22T01:12:43Z,celec_ords/2023/09/repDiaHid12m.ndjson.gz#repDiaHid12m:2023-09-20
2022-12-23,amaluza,caudal_m3s,63,ords:repDiaHid12m,,2026-09-22T01:12:43Z,celec_ords/2023/09/repDiaHid12m.ndjson.gz#repDiaHid12m:2023-09-20
2022-12-23,amaluza,cota_masl,1979.53,ords:repDiaHid12m,,2026-09-22T01:12:43Z,celec_ords/2023/09/repDiaHid12m.ndjson.gz#repDiaHid12m:2023-09-20
2022-12-23,delsitanisagua,caudal_m3s,19,ords:repDiaHid12m,,2026-09-22T01:12:43Z,celec_ords/2023/09/repDiaHid12m.ndjson.gz#repDiaHid12m:2023-09-20
2022-12-23,delsitanisagua,cota_masl,1487.36,ords:repDiaHid12m,,2026-09-22T01:12:43Z,celec_ords/2023/09/repDiaHid12m.ndjson.gz#repDiaHid12m:2023-09-20
2022-12-23,mazar,caudal_m3s,35,ords:repDiaHid12m,,2026-09-22T01:12:43Z,celec_ords/2023/09/repDiaHid12m.ndjson.gz#repDiaHid12m:2023-09-20
2022-12-23,mazar,cota_masl,2123.57,ords:repDiaHid12m,,2026-09-22T01:12:43Z,celec_ords/2023/09/repDiaHid12m.ndjson.gz#repDiaHid12m:2023-09-20
2022-12-23,minas_san_francisco,caudal_m3s,19,ords:repDiaHid12m,,2026-09-22T01:12:43Z,celec_ords/2023/09/repDiaHid12m.ndjson.gz#repDiaHid12m:2023-09-20
2022-12-23,minas_san_francisco,cota_masl,788.16,ords:repDiaHid12m,,2026-09-22T01:12:43Z,celec_ords/2023/09/repDiaHid12m.ndjson.gz#repDiaHid12m:2023-09-20
2022-12-24,amaluza,caudal_m3s,9,ords:repDiaHid12m,,2026-09-22T01:12:43Z,celec_ords/2023/09/repDiaHid12m.ndjson.gz#repDiaHid12m:2023-09-20
2022-12-24,amaluza,cota_masl,1979.08,ords:repDiaHid12m,,2026-09-22T01:12:43Z,celec_ords/2023/09/repDiaHid12m.ndjson.gz#repDiaHid12m:2023-09-20
2022-12-24,delsitanisagua,caudal_m3s,17,ords:repDiaHid12m,,2026-09-22T01:12:43Z,celec_ords/2023/09/repDiaHid12m.ndjson.gz#repDiaHid12m:2023-09-20
2022-12-24,delsitanisagua,cota_masl,1486.31,ords:repDiaHid12m,,2026-09-22T01:12:43Z,celec_ords/2023/09/repDiaHid12m.ndjson.gz#repDiaHid12m:2023-09-20
2022-12-24,mazar,caudal_m3s,28,ords:repDiaHid12m,,2026-09-22T01:12:43Z,celec_ords/2023/09/repDiaHid12m.ndjson.gz#repDiaHid12m:2023-09-20
2022-12-24,mazar,cota_masl,2123.11,ords:repDiaHid12m,,2026-09-22T01:12:43Z,celec_ords/2023/09/repDiaHid12m.ndjson.gz#repDiaHid12m:2023-09-20
2022-12-24,minas_san_francisco,caudal_m3s,15,ords:repDiaHid12m,,2026-09-22T01:12:43Z,celec_ords/2023/09/repDiaHid12m.ndjson.gz#repDiaHid12m:2023-09-20
2022-12-24,minas_san_francisco,cota_masl,787.99,ords:repDiaHid12m,,2026-09-22T01:12:43Z,celec_ords/2023/09/repDiaHid12m.ndjson.gz#repDiaHid12m:2023-09-20
2022-12-25,amaluza,caudal_m3s,158,ords:repDiaHid12m,,2026-09-22T01:12:43Z,celec_ords/2023/09/repDiaHid12m.ndjson.gz#repDiaHid12m:2023-09-20
2022-12-25,amaluza,cota_masl,1980.79,ords:repDiaHid12m,,2026-09-22T01:12:43Z,celec_ords/2023/09/repDiaHid12m.ndjson.gz#repDiaHid12m:2023-09-20
2022-12-25,delsitanisagua,caudal_m3s,87,ords:repDiaHid12m,,2026-09-22T01:12:43Z,celec_ords/2023/09/repDiaHid12m.ndjson.gz#repDiaHid12m:2023-09-20
2022-12-25,delsitanisagua,cota_masl,1490.65,ords:repDiaHid12m,,2026-09-22T01:12:43Z,celec_ords/2023/09/repDiaHid12m.ndjson.gz#repDiaHid12m:2023-09-20
2022-12-25,mazar,caudal_m3s,9,ords:repDiaHid12m,,2026-09-22T01:12:43Z,celec_ords/2023/09/repDiaHid12m.ndjson.gz#repDiaHid12m:2023-09-20
2022-12-25,mazar,cota_masl,2122.29,ords:repDiaHid12m,,2026-09-22T01:12:43Z,celec_ords/2023/09/repDiaHid12m.ndjson.gz#repDiaHid12m:2023-09-20
2022-12-25,minas_san_francisco,caudal_m3s,14,ords:repDiaHid12m,,2026-09-22T01:12:43Z,celec_ords/2023/09/repDiaHid12m.ndjson.gz#repDiaHid12m:2023-09-20
2022-12-25,minas_san_francisco,cota_masl,788.56,ords:repDiaHid12m,,2026-09-22T01:12:43Z,celec_ords/2023/09/repDiaHid12m.ndjson.gz#repDiaHid12m:2023-09-20
2022-12-26,amaluza,caudal_m3s,16,ords:repDiaHid12m,,2026-09-22T01:12:43Z,celec_ords/2023/09/repDiaHid12m.ndjson.gz#repDiaHid12m:2023-09-20
2022-12-26,amaluza,cota_masl,1981.17,ords:repDiaHid12m,,2026-09-22T01:12:43Z,celec_ords/2023/09/repDiaHid12m.ndjson.gz#repDiaHid12m:2023-09-20
2022-12-26,delsitanisagua,caudal_m3s,27,ords:repDiaHid12m,,2026-09-22T01:12:43Z,celec_ords/2023/09/repDiaHid12m.ndjson.gz#repDiaHid12m:2023-09-20
2022-12-26,delsitanisagua,cota_masl,1488.63,ords:repDiaHid12m,,2026-09-22T01:12:43Z,celec_ords/2023/09/repDiaHid12m.ndjson.gz#repDiaHid12m:2023-09-20
2022-12-26,mazar,caudal_m3s,42,ords:repDiaHid12m,,2026-09-22T01:12:43Z,celec_ords/2023/09/repDiaHid12m.ndjson.gz#repDiaHid12m:2023-09-20
2022-12-26,mazar,cota_masl,2122.64,ords:repDiaHid12m,,2026-09-22T01:12:43Z,celec_ords/2023/09/repDiaHid12m.ndjson.gz#repDiaHid12m:2023-09-20
2022-12-26,minas_san_francisco,caudal_m3s,22,ords:repDiaHid12m,,2026-09-22T01:12:43Z,celec_ords/2023/09/repDiaHid12m.ndjson.gz#repDiaHid12m:2023-09-20
2022-12-26,minas_san_francisco,cota_masl,788.17,ords:repDiaHid12m,,2026-09-22T01:12:43Z,celec_ords/2023/09/repDiaHid12m.ndjson.gz#repDiaHid12m:2023-09-20
2022-12-27,amaluza,caudal_m3s,24,ords:repDiaHid12m,,2026-09-22T01:12:43Z,celec_ords/2023/09/repDiaHid12m.ndjson.gz#repDiaHid12m:2023-09-20
2022-12-27,amaluza,cota_masl,1980.01,ords:repDiaHid12m,,2026-09-22T01:12:43Z,celec_ords/2023/09/repDiaHid12m.ndjson.gz#repDiaHid12m:2023-09-20
2022-12-27,delsitanisagua,caudal_m3s,22,ords:repDiaHid12m,,2026-09-22T01:12:43Z,celec_ords/2023/09/repDiaHid12m.ndjson.gz#repDiaHid12m:2023-09-20
2022-12-27,delsitanisagua,cota_masl,1487.92,ords:repDiaHid12m,,2026-09-22T01:12:43Z,celec_ords/2023/09/repDiaHid12m.ndjson.gz#repDiaHid12m:2023-09-20
2022-12-27,mazar,caudal_m3s,23,ords:repDiaHid12m,,2026-09-22T01:12:43Z,celec_ords/2023/09/repDiaHid12m.ndjson.gz#repDiaHid12m:2023-09-20
2022-12-27,mazar,cota_masl,2122.52,ords:repDiaHid12m,,2026-09-22T01:12:43Z,celec_ords/2023/09/repDiaHid12m.ndjson.gz#repDiaHid12m:2023-09-20
2022-12-27,minas_san_francisco,caudal_m3s,14,ords:repDiaHid12m,,2026-09-22T01:12:43Z,celec_ords/2023/09/repDiaHid12m.ndjson.gz#repDiaHid12m:2023-09-20
2022-12-27,minas_san_francisco,cota_masl,788.48,ords:repDiaHid12m,,2026-09-22T01:12:43Z,celec_ords/2023/09/repDiaHid12m.ndjson.gz#repDiaHid12m:2023-09-20
2022-12-28,amaluza,caudal_m3s,66,ords:repDiaHid12m,,2026-09-22T01:12:43Z,celec_ords/2023/09/repDiaHid12m.ndjson.gz#repDiaHid12m:2023-09-20
2022-12-28,amaluza,cota_masl,1979.66,ords:repDiaHid12m,,2026-09-22T01:12:43Z,celec_ords/2023/09/repDiaHid12m.ndjson.gz#repDiaHid12m:2023-09-20
2022-12-28,delsitanisagua,caudal_m3s,17,ords:repDiaHid12m,,2026-09-22T01:12:43Z,celec_ords/2023/09/repDiaHid12m.ndjson.gz#repDiaHid12m:2023-09-20
2022-12-28,delsitanisagua,cota_masl,1487.38,ords:repDiaHid12m,,2026-09-22T01:12:43Z,celec_ords/2023/09/repDiaHid12m.ndjson.gz#repDiaHid12m:2023-09-20
2022-12-28,mazar,caudal_m3s,18,ords:repDiaHid12m,,2026-09-22T01:12:43Z,celec_ords/2023/09/repDiaHid12m.ndjson.gz#repDiaHid12m:2023-09-20
2022-12-28,mazar,cota_masl,2121.91,ords:repDiaHid12m,,2026-09-22T01:12:43Z,celec_ords/2023/09/repDiaHid12m.ndjson.gz#repDiaHid12m:2023-09-20
2022-12-28,minas_san_francisco,caudal_m3s,11,ords:repDiaHid12m,,2026-09-22T01:12:43Z,celec_ords/2023/09/repDiaHid12m.ndjson.gz#repDiaHid12m:2023-09-20
2022-12-28,minas_san_francisco,cota_masl,786.79,ords:repDiaHid12m,,2026-09-22T01:12:43Z,celec_ords/2023/09/repDiaHid12m.ndjson.gz#repDiaHid12m:2023-09-20
2022-12-29,amaluza,caudal_m3s,108,ords:repDiaHid12m,,2026-09-22T01:12:43Z,celec_ords/2023/09/repDiaHid12m.ndjson.gz#repDiaHid12m:2023-09-20
2022-12-29,amaluza,cota_masl,1978.27,ords:repDiaHid12m,,2026-09-22T01:12:43Z,celec_ords/2023/09/repDiaHid12m.ndjson.gz#repDiaHid12m:2023-09-20
2022-12-29,delsitanisagua,caudal_m3s,19,ords:repDiaHid12m,,2026-09-22T01:12:43Z,celec_ords/2023/09/repDiaHid12m.ndjson.gz#repDiaHid12m:2023-09-20
2022-12-29,delsitanisagua,cota_masl,1488.56,ords:repDiaHid12m,,2026-09-22T01:12:43Z,celec_ords/2023/09/repDiaHid12m.ndjson.gz#repDiaHid12m:2023-09-20
2022-12-29,mazar,caudal_m3s,10,ords:repDiaHid12m,,2026-09-22T01:12:43Z,celec_ords/2023/09/repDiaHid12m.ndjson.gz#repDiaHid12m:2023-09-20
2022-12-29,mazar,cota_masl,2121.34,ords:repDiaHid12m,,2026-09-22T01:12:43Z,celec_ords/2023/09/repDiaHid12m.ndjson.gz#repDiaHid12m:2023-09-20
2022-12-29,minas_san_francisco,caudal_m3s,12,ords:repDiaHid12m,,2026-09-22T01:12:43Z,celec_ords/2023/09/repDiaHid12m.ndjson.gz#repDiaHid12m:2023-09-20
2022-12-29,minas_san_francisco,cota_masl,787.47,ords:repDiaHid12m,,2026-09-22T01:12:43Z,celec_ords/2023/09/repDiaHid12m.ndjson.gz#repDiaHid12m:2023-09-20
2022-12-30,amaluza,caudal_m3s,69,ords:repDiaHid12m,,2026-09-22T01:12:43Z,celec_ords/2023/09/repDiaHid12m.ndjson.gz#repDiaHid12m:2023-09-20
2022-12-30,amaluza,cota_masl,1980.08,ords:repDiaHid12m,,2026-09-22T01:12:43Z,celec_ords/2023/09/repDiaHid12m.ndjson.gz#repDiaHid12m:2023-09-20
2022-12-30,delsitanisagua,caudal_m3s,19,ords:repDiaHid12m,,2026-09-22T01:12:43Z,celec_ords/2023/09/repDiaHid12m.ndjson.gz#repDiaHid12m:2023-09-20
2022-12-30,delsitanisagua,cota_masl,1490.38,ords:repDiaHid12m,,2026-09-22T01:12:43Z,celec_ords/2023/09/repDiaHid12m.ndjson.gz#repDiaHid12m:2023-09-20
2022-12-30,mazar,caudal_m3s,13,ords:repDiaHid12m,,2026-09-22T01:12:43Z,celec_ords/2023/09/repDiaHid12m.ndjson.gz#repDiaHid12m:2023-09-20
2022-12-30,mazar,cota_masl,2120.11,ords:repDiaHid12m,,2026-09-22T01:12:43Z,celec_ords/2023/09/repDiaHid12m.ndjson.gz#repDiaHid12m:2023-09-20
2022-12-30,minas_san_francisco,caudal_m3s,19,ords:repDiaHid12m,,2026-09-22T01:12:43Z,celec_ords/2023/09/repDiaHid12m.ndjson.gz#repDiaHid12m:2023-09-20
2022-12-30,minas_san_francisco,cota_masl,786.99,ords:repDiaHid12m,,2026-09-22T01:12:43Z,celec_ords/2023/09/repDiaHid12m.ndjson.gz#repDiaHid12m:2023-09-20
2022-12-31,amaluza,caudal_m3s,17,ords:repDiaHid12m,,2026-09-22T01:12:43Z,celec_ords/2023/09/repDiaHid12m.ndjson.gz#repDiaHid12m:2023-09-20
2022-12-31,amaluza,cota_masl,1981.15,ords:repDiaHid12m,,2026-09-22T01:12:43Z,celec_ords/2023/09/repDiaHid12m.ndjson.gz#repDiaHid12m:2023-09-20
2022-12-31,delsitanisagua,caudal_m3s,36,ords:repDiaHid12m,,2026-09-22T01:12:43Z,celec_ords/2023/09/repDiaHid12m.ndjson.gz#repDiaHid12m:2023-09-20
2022-12-31,delsitanisagua,cota_masl,1489.87,ords:repDiaHid12m,,2026-09-22T01:12:43Z,celec_ords/2023/09/repDiaHid12m.ndjson.gz#repDiaHid12m:2023-09-20
2022-12-31,mazar,caudal_m3s,27,ords:repDiaHid12m,,2026-09-22T01:12:43Z,celec_ords/2023/09/repDiaHid12m.ndjson.gz#repDiaHid12m:2023-09-20
2022-12-31,mazar,cota_masl,2120.26,ords:repDiaHid12m,,2026-09-22T01:12:43Z,celec_ords/2023/09/repDiaHid12m.ndjson.gz#repDiaHid12m:2023-09-20
2022-12-31,minas_san_francisco,caudal_m3s,23,ords:repDiaHid12m,,2026-09-22T01:12:43Z,celec_ords/2023/09/repDiaHid12m.ndjson.gz#repDiaHid12m:2023-09-20
2022-12-31,minas_san_francisco,cota_masl,788.63,ords:repDiaHid12m,,2026-09-22T01:12:43Z,celec_ords/2023/09/repDiaHid12m.ndjson.gz#repDiaHid12m:2023-09-20
