date,site,variable,value,source,mrid,fetched_at,raw_ref
2026-01-01,amaluza,caudal_m3s,23,ords:repDiaHid12m,,2026-09-22T01:12:47Z,celec_ords/2026/09/repDiaHid12m.ndjson.gz#repDiaHid12m:2026-09-20
2026-01-01,amaluza,cota_masl,1987.57,ords:repDiaHid12m,,2026-09-22T01:12:47Z,celec_ords/2026/09/repDiaHid12m.ndjson.gz#repDiaHid12m:2026-09-20
2026-01-01,delsitanisagua,caudal_m3s,57,ords:repDiaHid12m,,2026-09-22T01:12:47Z,celec_ords/2026/09/repDiaHid12m.ndjson.gz#repDiaHid12m:2026-09-20
2026-01-01,delsitanisagua,cota_masl,1490.84,ords:repDiaHid12m,,2026-09-22T01:12:47Z,celec_ords/2026/09/repDiaHid12m.ndjson.gz#repDiaHid12m:2026-09-20
2026-01-01,mazar,caudal_m3s,77,ords:repDiaHid12m,,2026-09-22T01:12:47Z,celec_ords/2026/09/repDiaHid12m.ndjson.gz#repDiaHid12m:2026-09-20
2026-01-01,mazar,cota_masl,2140.13,ords:repDiaHid12m,,2026-09-22T01:12:47Z,celec_ords/2026/09/repDiaHid12m.ndjson.gz#repDiaHid12m:2026-09-20
2026-01-01,minas_san_francisco,caudal_m3s,11,ords:repDiaHid12m,,2026-09-22T01:12:47Z,celec_ords/2026/09/repDiaHid12m.ndjson.gz#repDiaHid12m:2026-09-20
2026-01-01,minas_san_francisco,cota_masl,787.21,ords:repDiaHid12m,,2026-09-22T01:12:47Z,celec_ords/2026/09/repDiaHid12m.ndjson.gz#repDiaHid12m:2026-09-20
2026-01-02,amaluza,caudal_m3s,70,ords:repDiaHid12m,,2026-09-22T01:12:47Z,celec_ords/2026/09/repDiaHid12m.ndjson.gz#repDiaHid12m:2026-09-20
2026-01-02,amaluza,cota_masl,1987.73,ords:repDiaHid12m,,2026-09-22T01:12:47Z,celec_ords/2026/09/repDiaHid12m.ndjson.gz#repDiaHid12m:2026-09-20
2026-01-02,delsitanisagua,caudal_m3s,28,ords:repDiaHid12m,,2026-09-22T01:12:47Z,celec_ords/2026/09/repDiaHid12m.ndjson.gz#repDiaHid12m:2026-09-20
2026-01-02,delsitanisagua,cota_masl,1487.28,ords:repDiaHid12m,,2026-09-22T01:12:47Z,celec_ords/2026/09/repDiaHid12m.ndjson.gz#repDiaHid12m:2026-09-20
2026-01-02,mazar,caudal_m3s,25,ords:repDiaHid12m,,2026-09-22T01:12:47Z,celec_ords/2026/09/repDiaHid12m.ndjson.gz#repDiaHid12m:2026-09-20
2026-01-02,mazar,cota_masl,2140.48,ords:repDiaHid12m,,2026-09-22T01:12:47Z,celec_ords/2026/09/repDiaHid12m.ndjson.gz#repDiaHid12m:2026-09-20
2026-01-02,minas_san_francisco,caudal_m3s,18,ords:repDiaHid12m,,2026-09-22T01:12:47Z,celec_ords/2026/09/repDiaHid12m.ndjson.gz#repDiaHid12m:2026-09-20
2026-01-02,minas_san_francisco,cota_masl,788.31,ords:repDiaHid12m,,2026-09-22T01:12:47Z,celec_ords/2026/09/repDiaHid12m.ndjson.gz#repDiaHid12m:2026-09-20
2026-01-03,amaluza,caudal_m3s,118,ords:repDiaHid12m,,2026-09-22T01:12:47Z,celec_ords/2026/09/repDiaHid12m.ndjson.gz#repDiaHid12m:2026-09-20
2026-01-03,amaluza,cota_masl,1987.64,ords:repDiaHid12m,,2026-09-22T01:12:47Z,celec_ords/2026/09/repDiaHid12m.ndjson.gz#repDiaHid12m:2026-09-20
2026-01-03,delsitanisagua,caudal_m3s,27,ords:repDiaHid12m,,2026-09-22T01:12:47Z,celec_ords/2026/09/repDiaHid12m.ndjson.gz#repDiaHid12m:2026-09-20
2026-01-03,delsitanisagua,cota_masl,1487.96,ords:repDiaHid12m,,2026-09-22T01:12:47Z,celec_ords/2026/09/repDiaHid12m.ndjson.gz#repDiaHid12m:2026-09-20
2026-01-03,mazar,caudal_m3s,29,ords:repDiaHid12m,,2026-09-22T01:12:47Z,celec_ords/2026/09/repDiaHid12m.ndjson.gz#repDiaHid12m:2026-09-20
2026-01-03,mazar,cota_masl,2140.49,ords:repDiaHid12m,,2026-09-22T01:12:47Z,celec_ords/2026/09/repDiaHid12m.ndjson.gz#repDiaHid12m:2026-09-20
2026-01-03,minas_san_francisco,caudal_m3s,15,ords:repDiaHid12m,,2026-09-22T01:12:47Z,celec_ords/2026/09/repDiaHid12m.ndjson.gz#repDiaHid12m:2026-09-20
2026-01-03,minas_san_francisco,cota_masl,788.38,ords:repDiaHid12m,,2026-09-22T01:12:47Z,celec_ords/2026/09/repDiaHid12m.ndjson.gz#repDiaHid12m:2026-09-20
2026-01-04,amaluza,caudal_m3s,120,ords:repDiaHid12m,,2026-09-22T01:12:47Z,celec_ords/2026/09/repDiaHid12m.ndjson.gz#repDiaHid12m:2026-09-20
2026-01-04,amaluza,cota_masl,1988.65,ords:repDiaHid12m,,2026-09-22T01:12:47Z,celec_ords/2026/09/repDiaHid12m.ndjson.gz#repDiaHid12m:2026-09-20
2026-01-04,delsitanisagua,caudal_m3s,24,ords:repDiaHid12m,,2026-09-22T01:12:47Z,celec_ords/2026/09/repDiaHid12m.ndjson.gz#repDiaHid12m:2026-09-20
2026-01-04,delsitanisagua,cota_masl,1487.5,ords:repDiaHid12m,,2026-09-22T01:12:47Z,celec_ords/2026/09/repDiaHid12m.ndjson.gz#repDiaHid12m:2026-09-20
2026-01-04,mazar,caudal_m3s,14,ords:repDiaHid12m,,2026-09-22T01:12:47Z,celec_ords/2026/09/repDiaHid12m.ndjson.gz#repDiaHid12m:2026-09-20
2026-01-04,mazar,cota_masl,2140.18,ords:repDiaHid12m,,2026-09-22T01:12:47Z,celec_ords/2026/09/repDiaHid12m.ndjson.gz#repDiaHid12m:2026-09-20
2026-01-04,minas_san_francisco,caudal_m3s,12,ords:repDiaHid12m,,2026-09-22T01:12:47Z,celec_ords/2026/09/repDiaHid12m.ndjson.gz#repDiaHid12m:2026-09-20
2026-01-04,minas_san_francisco,cota_masl,787.49,ords:repDiaHid12m,,2026-09-22T01:12:47Z,celec_ords/2026/09/repDiaHid12m.ndjson.gz#repDiaHid12m:2026-09-20
2026-01-05,amaluza,caudal_m3s,121,ords:repDiaHid12m,,2026-09-22T01:12:47Z,celec_ords/2026/09/repDiaHid12m.ndjson.gz#repDiaHid12m:2026-09-20
2026-01-05,amaluza,cota_masl,1987.65,ords:repDiaHid12m,,2026-09-22T01:12:47Z,celec_ords/2026/09/repDiaHid12m.ndjson.gz#repDiaHid12m:2026-09-20
2026-01-05,delsitanisagua,caudal_m3s,24,ords:repDiaHid12m,,2026-09-22T01:12:47Z,celec_ords/2026/09/repDiaHid12m.ndjson.gz#repDiaHid12m:2026-09-20
2026-01-05,delsitanisagua,cota_masl,1487.68,ords:repDiaHid12m,,2026-09-22T01:12:47Z,celec_ords/2026/09/repDiaHid12m.ndjson.gz#repDiaHid12m:2026-09-20
2026-01-05,mazar,caudal_m3s,15,ords:repDiaHid12m,,2026-09-22T01:12:47Z,celec_ords/2026/09/repDiaHid12m.ndjson.gz#repDiaHid12m:2026-09-20
2026-01-05,mazar,cota_masl,2139.38,ords:repDiaHid12m,,2026-09-22T01:12:47Z,celec_ords/2026/09/repDiaHid12m.ndjson.gz#repDiaHid12m:2026-09-20
2026-01-05,minas_san_francisco,caudal_m3s,12,ords:repDiaHid12m,,2026-09-22T01:12:47Z,celec_ords/2026/09/repDiaHid12m.ndjson.gz#repDiaHid12m:2026-09-20
2026-01-05,minas_san_francisco,cota_masl,787.22,ords:repDiaHid12m,,2026-09-22T01:12:47Z,celec_ords/2026/09/repDiaHid12m.ndjson.gz#repDiaHid12m:2026-09-20
2026-01-06,amaluza,caudal_m3s,108,ords:repDiaHid12m,,2026-09-22T01:12:47Z,celec_ords/2026/09/repDiaHid12m.ndjson.gz#repDiaHid12m:2026-09-20
2026-01-06,amaluza,cota_masl,1987.84,ords:repDiaHid12m,,2026-09-22T01:12:47Z,celec_ords/2026/09/repDiaHid12m.ndjson.gz#repDiaHid12m:2026-09-20
2026-01-06,delsitanisagua,caudal_m3s,22,ords:repDiaHid12m,,2026-09-22T01:12:47Z,celec_ords/2026/09/repDiaHid12m.ndjson.gz#repDiaHid12m:2026-09-20
2026-01-06,delsitanisagua,cota_masl,1488.02,ords:repDiaHid12m,,2026-09-22T01:12:47Z,celec_ords/2026/09/repDiaHid12m.ndjson.gz#repDiaHid12m:2026-09-20
2026-01-06,mazar,caudal_m3s,23,ords:repDiaHid12m,,2026-09-22T01:12:47Z,celec_ords/2026/09/repDiaHid12m.ndjson.gz#repDiaHid12m:2026-09-20
2026-01-06,mazar,cota_masl,2138.63,ords:repDiaHid12m,,2026-09-22T01:12:47Z,celec_ords/2026/09/repDiaHid12m.ndjson.gz#repDiaHid12m:2026-09-20
2026-01-06,minas_san_francisco,caudal_m3s,14,ords:repDiaHid12m,,2026-09-22T01:12:47Z,celec_ords/2026/09/repDiaHid12m.ndjson.gz#repDiaHid12m:2026-09-20
2026-01-06,minas_san_francisco,cota_masl,788.14,ords:repDiaHid12m,,2026-09-22T01:12:47Z,celec_ords/2026/09/repDiaHid12m.ndjson.gz#repDiaHid12m:2026-09-20
2026-01-07,amaluza,caudal_m3s,121,ords:repDiaHid12m,,2026-09-22T01:12:47Z,celec_ords/2026/09/repDiaHid12m.ndjson.gz#repDiaHid12m:2026-09-20
2026-01-07,amaluza,cota_masl,1987.03,ords:repDiaHid12m,,2026-09-22T01:12:47Z,celec_ords/2026/09/repDiaHid12m.ndjson.gz#repDiaHid12m:2026-09-20
2026-01-07,delsitanisagua,caudal_m3s,21,ords:repDiaHid12m,,2026-09-22T01:12:47Z,celec_ords/2026/09/repDiaHid12m.ndjson.gz#repDiaHid12m:2026-09-20
2026-01-07,delsitanisagua,cota_masl,1489.38,ords:repDiaHid12m,,2026-09-22T01:12:47Z,celec_ords/2026/09/repDiaHid12m.ndjson.gz#repDiaHid12m:2026-09-20
2026-01-07,mazar,caudal_m3s,10,ords:repDiaHid12m,,2026-09-22T01:12:47Z,celec_ords/2026/09/repDiaHid12m.ndjson.gz#repDiaHid12m:2026-09-20
2026-01-07,mazar,cota_masl,2137.99,ords:repDiaHid12m,,2026-09-22T01:12:47Z,celec_ords/2026/09/repDiaHid12m.ndjson.gz#repDiaHid12m:2026-09-20
2026-01-07,minas_san_francisco,caudal_m3s,12,ords:repDiaHid12m,,2026-09-22T01:12:47Z,celec_ords/2026/09/repDiaHid12m.ndjson.gz#repDiaHid12m:2026-09-20
2026-01-07,minas_san_francisco,cota_masl,788.05,ords:repDiaHid12m,,2026-09-22T01:12:47Z,celec_ords/2026/09/repDiaHid12m.ndjson.gz#repDiaHid12m:2026-09-20
2026-01-08,amaluza,caudal_m3s,157,ords:repDiaHid12m,,2026-09-22T01:12:47Z,celec_ords/2026/09/repDiaHid12m.ndjson.gz#repDiaHid12m:2026-09-20
2026-01-08,amaluza,cota_masl,1987.85,ords:repDiaHid12m,,2026-09-22T01:12:47Z,celec_ords/2026/09/repDiaHid12m.ndjson.gz#repDiaHid12m:2026-09-20
2026-01-08,delsitanisagua,caudal_m3s,28,ords:repDiaHid12m,,2026-09-22T01:12:47Z,celec_ords/2026/09/repDiaHid12m.ndjson.gz#repDiaHid12m:2026-09-20
2026-01-08,delsitanisagua,cota_masl,1488.34,ords:repDiaHid12m,,2026-09-22T01:12:47Z,celec_ords/2026/09/repDiaHid12m.ndjson.gz#repDiaHid12m:2026-09-20
2026-01-08,mazar,caudal_m3s,7,ords:repDiaHid12m,,2026-09-22T01:12:47Z,celec_ords/2026/09/repDiaHid12m.ndjson.gz#repDiaHid12m:2026-09-20
2026-01-08,mazar,cota_masl,2136.77,ords:repDiaHid12m,,2026-09-22T01:12:47Z,celec_ords/2026/09/repDiaHid12m.ndjson.gz#repDiaHid12m:2026-09-20
2026-01-08,minas_san_francisco,caudal_m3s,15,ords:repDiaHid12m,,2026-09-22T01:12:47Z,celec_ords/2026/09/repDiaHid12m.ndjson.gz#repDiaHid12m:2026-09-20
2026-01-08,minas_san_francisco,cota_masl,788.01,ords:repDiaHid12m,,2026-09-22T01:12:47Z,celec_ords/2026/09/repDiaHid12m.ndjson.gz#repDiaHid12m:2026-09-20
2026-01-09,amaluza,caudal_m3s,16,ords:repDiaHid12m,,2026-09-22T01:12:47Z,celec_ords/2026/09/repDiaHid12m.ndjson.gz#repDiaHid12m:2026-09-20
2026-01-09,amaluza,cota_masl,1988.14,ords:repDiaHid12m,,2026-09-22T01:12:47Z,celec_ords/2026/09/repDiaHid12m.ndjson.gz#repDiaHid12m:2026-09-20
2026-01-09,delsitanisagua,caudal_m3s,31,ords:repDiaHid12m,,2026-09-22T01:12:47Z,celec_ords/2026/09/repDiaHid12m.ndjson.gz#repDiaHid12m:2026-09-20
2026-01-09,delsitanisagua,cota_masl,1489.54,ords:repDiaHid12m,,2026-09-22T01:12:47Z,celec_ords/2026/09/repDiaHid12m.ndjson.gz#repDiaHid12m:2026-09-20
2026-01-09,mazar,caudal_m3s,36,ords:repDiaHid12m,,2026-09-22T01:12:47Z,celec_ords/2026/09/repDiaHid12m.ndjson.gz#repDiaHid12m:2026-09-20
2026-01-09,mazar,cota_masl,2136.81,ords:repDiaHid12m,,2026-09-22T01:12:47Z,celec_ords/2026/09/repDiaHid12m.ndjson.gz#repDiaHid12m:2026-09-20
2026-01-09,minas_san_francisco,caudal_m3s,22,ords:repDiaHid12m,,2026-09-22T01:12:47Z,celec_ords/2026/09/repDiaHid12m.ndjson.gz#repDiaHid12m:2026-09-20
2026-01-09,minas_san_francisco,cota_masl,790.02,ords:repDiaHid12m,,2026-09-22T01:12:47Z,celec_ords/2026/09/repDiaHid12m.ndjson.gz#repDiaHid12m:2026-09-20
2026-01-10,amaluza,caudal_m3s,11,ords:repDiaHid12m,,2026-09-22T01:12:47Z,celec_ords/2026/09/repDiaHid12m.ndjson.gz#repDiaHid12m:2026-09-20
2026-01-10,amaluza,cota_masl,1987.8,ords:repDiaHid12m,,2026-09-22T01:12:47Z,celec_ords/2026/09/repDiaHid12m.ndjson.gz#repDiaHid12m:2026-09-20
2026-01-10,delsitanisagua,caudal_m3s,24,ords:repDiaHid12m,,2026-09-22T01:12:47Z,celec_ords/2026/09/repDiaHid12m.ndjson.gz#repDiaHid12m:2026-09-20
2026-01-10,delsitanisagua,cota_masl,1488.45,ords:repDiaHid12m,,2026-09-22T01:12:47Z,celec_ords/2026/09/repDiaHid12m.ndjson.gz#repDiaHid12m:2026-09-20
2026-01-10,mazar,caudal_m3s,18,ords:repDiaHid12m,,2026-09-22T01:12:47Z,celec_ords/2026/09/repDiaHid12m.ndjson.gz#repDiaHid12m:2026-09-20
2026-01-10,mazar,cota_masl,2137.14,ords:repDiaHid12m,,2026-09-22T01:12:47Z,celec_ords/2026/09/repDiaHid12m.ndjson.gz#repDiaHid12m:2026-09-20
2026-01-10,minas_san_francisco,caudal_m3s,22,ords:repDiaHid12m,,2026-09-22T01:12:47Z,celec_ords/2026/09/repDiaHid12m.ndjson.gz#repDiaHid12m:2026-09-20
2026-01-10,minas_san_francisco,cota_masl,791.1,ords:repDiaHid12m,,2026-09-22T01:12:47Z,celec_ords/2026/09/repDiaHid12m.ndjson.gz#repDiaHid12m:2026-09-20
2026-01-11,amaluza,caudal_m3s,12,ords:repDiaHid12m,,2026-09-22T01:12:47Z,celec_ords/2026/09/repDiaHid12m.ndjson.gz#repDiaHid12m:2026-09-20
2026-01-11,amaluza,cota_masl,1987.84,ords:repDiaHid12m,,2026-09-22T01:12:47Z,celec_ords/2026/09/repDiaHid12m.ndjson.gz#repDiaHid12m:2026-09-20
2026-01-11,delsitanisagua,caudal_m3s,26,ords:repDiaHid12m,,2026-09-22T01:12:47Z,celec_ords/2026/09/repDiaHid12m.ndjson.gz#repDiaHid12m:2026-09-20
2026-01-11,delsitanisagua,cota_masl,1488.58,ords:repDiaHid12m,,2026-09-22T01:12:47Z,celec_ords/2026/09/repDiaHid12m.ndjson.gz#repDiaHid12m:2026-09-20
2026-01-11,mazar,caudal_m3s,25,ords:repDiaHid12m,,2026-09-22T01:12:47Z,celec_ords/2026/09/repDiaHid12m.ndjson.gz#repDiaHid12m:2026-09-20
2026-01-11,mazar,cota_masl,2137.49,ords:repDiaHid12m,,2026-09-22T01:12:47Z,celec_ords/2026/09/repDiaHid12m.ndjson.gz#repDiaHid12m:2026-09-20
2026-01-11,minas_san_francisco,caudal_m3s,26,ords:repDiaHid12m,,2026-09-22T01:12:47Z,celec_ords/2026/09/repDiaHid12m.ndjson.gz#repDiaHid12m:2026-09-20
2026-01-11,minas_san_francisco,cota_masl,791.3,ords:repDiaHid12m,,2026-09-22T01:12:47Z,celec_ords/2026/09/repDiaHid12m.ndjson.gz#repDiaHid12m:2026-09-20
2026-01-12,amaluza,caudal_m3s,39,ords:repDiaHid12m,,2026-09-22T01:12:47Z,celec_ords/2026/09/repDiaHid12m.ndjson.gz#repDiaHid12m:2026-09-20
2026-01-12,amaluza,cota_masl,1987.93,ords:repDiaHid12m,,2026-09-22T01:12:47Z,celec_ords/2026/09/repDiaHid12m.ndjson.gz#repDiaHid12m:2026-09-20
2026-01-12,delsitanisagua,caudal_m3s,33,ords:repDiaHid12m,,2026-09-22T01:12:47Z,celec_ords/2026/09/repDiaHid12m.ndjson.gz#repDiaHid12m:2026-09-20
2026-01-12,delsitanisagua,cota_masl,1487.99,ords:repDiaHid12m,,2026-09-22T01:12:47Z,celec_ords/2026/09/repDiaHid12m.ndjson.gz#repDiaHid12m:2026-09-20
2026-01-12,mazar,caudal_m3s,66,ords:repDiaHid12m,,2026-09-22T01:12:47Z,celec_ords/2026/09/repDiaHid12m.ndjson.gz#repDiaHid12m:2026-09-20
2026-01-12,mazar,cota_masl,2138.14,ords:repDiaHid12m,,2026-09-22T01:12:47Z,celec_ords/2026/09/repDiaHid12m.ndjson.gz#repDiaHid12m:2026-09-20
2026-01-12,minas_san_francisco,caudal_m3s,43,ords:repDiaHid12m,,2026-09-22T01:12:47Z,celec_ords/2026/09/repDiaHid12m.ndjson.gz#repDiaHid12m:2026-09-20
2026-01-12,minas_san_francisco,cota_masl,790.8,ords:repDiaHid12m,,2026-09-22T01:12:47Z,celec_ords/2026/09/repDiaHid12m.ndjson.gz#repDiaHid12m:2026-09-20
2026-01-13,amaluza,caudal_m3s,119,ords:repDiaHid12m,,2026-09-22T01:12:47Z,celec_ords/2026/09/repDiaHid12m.ndjson.gz#repDiaHid12m:2026-09-20
2026-01-13,amaluza,cota_masl,1988.42,ords:repDiaHid12m,,2026-09-22T01:12:47Z,celec_ords/2026/09/repDiaHid12m.ndjson.gz#repDiaHid12m:2026-09-20
2026-01-13,delsitanisagua,caudal_m3s,27,ords:repDiaHid12m,,2026-09-22T01:12:47Z,celec_ords/2026/09/repDiaHid12m.ndjson.gz#repDiaHid12m:2026-09-20
2026-01-13,delsitanisagua,cota_masl,1487.2,ords:repDiaHid12m,,2026-09-22T01:12:47Z,celec_ords/2026/09/repDiaHid12m.ndjson.gz#repDiaHid12m:2026-09-20
2026-01-13,mazar,caudal_m3s,49,ords:repDiaHid12m,,2026-09-22T01:12:47Z,celec_ords/2026/09/repDiaHid12m.ndjson.gz#repDiaHid12m:2026-09-20
2026-01-13,mazar,cota_masl,2138.47,ords:repDiaHid12m,,2026-09-22T01:12:47Z,celec_ords/2026/09/repDiaHid12m.ndjson.gz#repDiaHid12m:2026-09-20
2026-01-13,minas_san_francisco,caudal_m3s,60,ords:repDiaHid12m,,2026-09-22T01:12:47Z,celec_ords/2026/09/repDiaHid12m.ndjson.gz#repDiaHid12m:2026-09-20
2026-01-13,minas_san_francisco,cota_masl,791.69,ords:repDiaHid12m,,2026-09-22T01:12:47Z,celec_ords/2026/09/repDiaHid12m.ndjson.gz#repDiaHid12m:2026-09-20
2026-01-14,amaluza,caudal_m3s,13,ords:repDiaHid12m,,2026-09-22T01:12:47Z,celec_ords/2026/09/repDiaHid12m.ndjson.gz#repDiaHid12m:2026-09-20
2026-01-14,amaluza,cota_masl,1988.5,ords:repDiaHid12m,,2026-09-22T01:12:47Z,celec_ords/2026/09/repDiaHid12m.ndjson.gz#repDiaHid12m:2026-09-20
2026-01-14,delsitanisagua,caudal_m3s,48,ords:repDiaHid12m,,2026-09-22T01:12:47Z,celec_ords/2026/09/repDiaHid12m.ndjson.gz#repDiaHid12m:2026-09-20
2026-01-14,delsitanisagua,cota_masl,1490.81,ords:repDiaHid12m,,2026-09-22T01:12:47Z,celec_ords/2026/09/repDiaHid12m.ndjson.gz#repDiaHid12m:2026-09-20
2026-01-14,mazar,caudal_m3s,70,ords:repDiaHid12m,,2026-09-22T01:12:47Z,celec_ords/2026/09/repDiaHid12m.ndjson.gz#repDiaHid12m:2026-09-20
2026-01-14,mazar,cota_masl,2139.47,ords:repDiaHid12m,,2026-09-22T01:12:47Z,celec_ords/2026/09/repDiaHid12m.ndjson.gz#repDiaHid12m:2026-09-20
2026-01-14,minas_san_francisco,caudal_m3s,77,ords:repDiaHid12m,,2026-09-22T01:12:47Z,celec_ords/2026/09/repDiaHid12m.ndjson.gz#repDiaHid12m:2026-09-20
2026-01-14,minas_san_francisco,cota_masl,792.62,ords:repDiaHid12m,,2026-09-22T01:12:47Z,celec_ords/2026/09/repDiaHid12m.ndjson.gz#repDiaHid12m:2026-09-20
2026-01-15,amaluza,caudal_m3s,21,ords:repDiaHid12m,,2026-09-22T01:12:47Z,celec_ords/2026/09/repDiaHid12m.ndjson.gz#repDiaHid12m:2026-09-20
2026-01-15,amaluza,cota_masl,1988.94,ords:repDiaHid12m,,2026-09-22T01:12:47Z,celec_ords/2026/09/repDiaHid12m.ndjson.gz#repDiaHid12m:2026-09-20
2026-01-15,delsitanisagua,caudal_m3s,48,ords:repDiaHid12m,,2026-09-22T01:12:47Z,celec_ords/2026/09/repDiaHid12m.ndjson.gz#repDiaHid12m:2026-09-20
2026-01-15,delsitanisagua,cota_masl,1490.84,ords:repDiaHid12m,,2026-09-22T01:12:47Z,celec_ords/2026/09/repDiaHid12m.ndjson.gz#repDiaHid12m:2026-09-20
2026-01-15,mazar,caudal_m3s,58,ords:repDiaHid12m,,2026-09-22T01:12:47Z,celec_ords/2026/09/repDiaHid12m.ndjson.gz#repDiaHid12m:2026-09-20
2026-01-15,mazar,cota_masl,2140.26,ords:repDiaHid12m,,2026-09-22T01:12:47Z,celec_ords/2026/09/repDiaHid12m.ndjson.gz#repDiaHid12m:2026-09-20
2026-01-15,minas_san_francisco,caudal_m3s,59,ords:repDiaHid12m,,2026-09-22T01:12:47Z,celec_ords/2026/09/repDiaHid12m.ndjson.gz#repDiaHid12m:2026-09-20
2026-01-15,minas_san_francisco,cota_masl,791.94,ords:repDiaHid12m,,2026-09-22T01:12:47Z,celec_ords/2026/09/repDiaHid12m.ndjson.gz#repDiaHid12m:2026-09-20
2026-01-16,amaluza,caudal_m3s,29,ords:repDiaHid12m,,2026-09-22T01:12:47Z,celec_ords/2026/09/repDiaHid12m.ndjson.gz#repDiaHid12m:2026-09-20
2026-01-16,amaluza,cota_masl,1989.14,ords:repDiaHid12m,,2026-09-22T01:12:47Z,celec_ords/2026/09/repDiaHid12m.ndjson.gz#repDiaHid12m:2026-09-20
2026-01-16,delsitanisagua,caudal_m3s,83,ords:repDiaHid12m,,2026-09-22T01:12:47Z,celec_ords/2026/09/repDiaHid12m.ndjson.gz#repDiaHid12m:2026-09-20
2026-01-16,delsitanisagua,cota_masl,1490.82,ords:repDiaHid12m,,2026-09-22T01:12:47Z,celec_ords/2026/09/repDiaHid12m.ndjson.gz#repDiaHid12m:2026-09-20
2026-01-16,mazar,caudal_m3s,59,ords:repDiaHid12m,,2026-09-22T01:12:47Z,celec_ords/2026/09/repDiaHid12m.ndjson.gz#repDiaHid12m:2026-09-20
2026-01-16,mazar,cota_masl,2140.96,ords:repDiaHid12m,,2026-09-22T01:12:47Z,celec_ords/2026/09/repDiaHid12m.ndjson.gz#repDiaHid12m:2026-09-20
2026-01-16,minas_san_francisco,caudal_m3s,56,ords:repDiaHid12m,,2026-09-22T01:12:47Z,celec_ords/2026/09/repDiaHid12m.ndjson.gz#repDiaHid12m:2026-09-20
2026-01-16,minas_san_francisco,cota_masl,791.2,ords:repDiaHid12m,,2026-09-22T01:12:47Z,celec_ords/2026/09/repDiaHid12m.ndjson.gz#repDiaHid12m:2026-09-20
2026-01-17,amaluza,caudal_m3s,28,ords:repDiaHid12m,,2026-09-22T01:12:47Z,celec_ords/2026/09/repDiaHid12m.ndjson.gz#repDiaHid12m:2026-09-20
2026-01-17,amaluza,cota_masl,1989.07,ords:repDiaHid12m,,2026-09-22T01:12:47Z,celec_ords/2026/09/repDiaHid12m.ndjson.gz#repDiaHid12m:2026-09-20
2026-01-17,delsitanisagua,caudal_m3s,80,ords:repDiaHid12m,,2026-09-22T01:12:47Z,celec_ords/2026/09/repDiaHid12m.ndjson.gz#repDiaHid12m:2026-09-20
2026-01-17,delsitanisagua,cota_masl,1490.56,ords:repDiaHid12m,,2026-09-22T01:12:47Z,celec_ords/2026/09/repDiaHid12m.ndjson.gz#repDiaHid12m:2026-09-20
2026-01-17,mazar,caudal_m3s,126,ords:repDiaHid12m,,2026-09-22T01:12:47Z,celec_ords/2026/09/repDiaHid12m.ndjson.gz#repDiaHid12m:2026-09-20
2026-01-17,mazar,cota_masl,2142.12,ords:repDiaHid12m,,2026-09-22T01:12:47Z,celec_ords/2026/09/repDiaHid12m.ndjson.gz#repDiaHid12m:2026-09-20
2026-01-17,minas_san_francisco,caudal_m3s,56,ords:repDiaHid12m,,2026-09-22T01:12:47Z,celec_ords/2026/09/repDiaHid12m.ndjson.gz#repDiaHid12m:2026-09-20
2026-01-17,minas_san_francisco,cota_masl,790.47,ords:repDiaHid12m,,2026-09-22T01:12:47Z,celec_ords/2026/09/repDiaHid12m.ndjson.gz#repDiaHid12m:2026-09-20
2026-01-18,amaluza,caudal_m3s,15,ords:repDiaHid12m,,2026-09-22T01:12:47Z,celec_ords/2026/09/repDiaHid12m.ndjson.gz#repDiaHid12m:2026-09-20
2026-01-18,amaluza,cota_masl,1988.43,ords:repDiaHid12m,,2026-09-22T01:12:47Z,celec_ords/2026/09/repDiaHid12m.ndjson.gz#repDiaHid12m:2026-09-20
2026-01-18,delsitanisagua,caudal_m3s,40,ords:repDiaHid12m,,2026-09-22T01:12:47Z,celec_ords/2026/09/repDiaHid12m.ndjson.gz#repDiaHid12m:2026-09-20
2026-01-18,delsitanisagua,cota_masl,1490.8,ords:repDiaHid12m,,2026-09-22T01:12:47Z,celec_ords/2026/09/repDiaHid12m.ndjson.gz#repDiaHid12m:2026-09-20
2026-01-18,mazar,caudal_m3s,54,ords:repDiaHid12m,,2026-09-22T01:12:47Z,celec_ords/2026/09/repDiaHid12m.ndjson.gz#repDiaHid12m:2026-09-20
2026-01-18,mazar,cota_masl,2143,ords:repDiaHid12m,,2026-09-22T01:12:47Z,celec_ords/2026/09/repDiaHid12m.ndjson.gz#repDiaHid12m:2026-09-20
2026-01-18,minas_san_francisco,caudal_m3s,38,ords:repDiaHid12m,,2026-09-22T01:12:47Z,celec_ords/2026/09/repDiaHid12m.ndjson.gz#repDiaHid12m:2026-09-20
2026-01-18,minas_san_francisco,cota_masl,789.18,ords:repDiaHid12m,,2026-09-22T01:12:47Z,celec_ords/2026/09/repDiaHid12m.ndjson.gz#repDiaHid12m:2026-09-20
2026-01-19,amaluza,caudal_m3s,10,ords:repDiaHid12m,,2026-09-22T01:12:47Z,celec_ords/2026/09/repDiaHid12m.ndjson.gz#repDiaHid12m:2026-09-20
2026-01-19,amaluza,cota_masl,1987.65,ords:repDiaHid12m,,2026-09-22T01:12:47Z,celec_ords/2026/09/repDiaHid12m.ndjson.gz#repDiaHid12m:2026-09-20
2026-01-19,delsitanisagua,caudal_m3s,38,ords:repDiaHid12m,,2026-09-22T01:12:47Z,celec_ords/2026/09/repDiaHid12m.ndjson.gz#repDiaHid12m:2026-09-20
2026-01-19,delsitanisagua,cota_masl,1489.7,ords:repDiaHid12m,,2026-09-22T01:12:47Z,celec_ords/2026/09/repDiaHid12m.ndjson.gz#repDiaHid12m:2026-09-20
2026-01-19,mazar,caudal_m3s,54,ords:repDiaHid12m,,2026-09-22T01:12:47Z,celec_ords/2026/09/repDiaHid12m.ndjson.gz#repDiaHid12m:2026-09-20
2026-01-19,mazar,cota_masl,2143.53,ords:repDiaHid12m,,2026-09-22T01:12:47Z,celec_ords/2026/09/repDiaHid12m.ndjson.gz#repDiaHid12m:2026-09-20
2026-01-19,minas_san_francisco,caudal_m3s,22,ords:repDiaHid12m,,2026-09-22T01:12:47Z,celec_ords/2026/09/repDiaHid12m.ndjson.gz#repDiaHid12m:2026-09-20
2026-01-19,minas_san_francisco,cota_masl,787.74,ords:repDiaHid12m,,2026-09-22T01:12:47Z,celec_ords/2026/09/repDiaHid12m.ndjson.gz#repDiaHid12m:2026-09-20
2026-01-20,amaluza,caudal_m3s,62,ords:repDiaHid12m,,2026-09-22T01:12:47Z,celec_ords/2026/09/repDiaHid12m.ndjson.gz#repDiaHid12m:2026-09-20
2026-01-20,amaluza,cota_masl,1987.11,ords:repDiaHid12m,,2026-09-22T01:12:47Z,celec_ords/2026/09/repDiaHid12m.ndjson.gz#repDiaHid12m:2026-09-20
2026-01-20,delsitanisagua,caudal_m3s,30,ords:repDiaHid12m,,2026-09-22T01:12:47Z,celec_ords/2026/09/repDiaHid12m.ndjson.gz#repDiaHid12m:2026-09-20
2026-01-20,delsitanisagua,cota_masl,1487.94,ords:repDiaHid12m,,2026-09-22T01:12:47Z,celec_ords/2026/09/repDiaHid12m.ndjson.gz#repDiaHid12m:2026-09-20
2026-01-20,mazar,caudal_m3s,49,ords:repDiaHid12m,,2026-09-22T01:12:47Z,celec_ords/2026/09/repDiaHid12m.ndjson.gz#repDiaHid12m:2026-09-20
2026-01-20,mazar,cota_masl,2143.66,ords:repDiaHid12m,,2026-09-22T01:12:47Z,celec_ords/2026/09/repDiaHid12m.ndjson.gz#repDiaHid12m:2026-09-20
2026-01-20,minas_san_francisco,caudal_m3s,24,ords:repDiaHid12m,,2026-09-22T01:12:47Z,celec_ords/2026/09/repDiaHid12m.ndjson.gz#repDiaHid12m:2026-09-20
2026-01-20,minas_san_francisco,cota_masl,787.55,ords:repDiaHid12m,,2026-09-22T01:12:47Z,celec_ords/2026/09/repDiaHid12m.ndjson.gz#repDiaHid12m:2026-09-20
2026-01-21,amaluza,caudal_m3s,70,ords:repDiaHid12m,,2026-09-22T01:12:47Z,celec_ords/2026/09/repDiaHid12m.ndjson.gz#repDiaHid12m:2026-09-20
2026-01-21,amaluza,cota_masl,1986.44,ords:repDiaHid12m,,2026-09-22T01:12:47Z,celec_ords/2026/09/repDiaHid12m.ndjson.gz#repDiaHid12m:2026-09-20
2026-01-21,delsitanisagua,caudal_m3s,35,ords:repDiaHid12m,,2026-09-22T01:12:47Z,celec_ords/2026/09/repDiaHid12m.ndjson.gz#repDiaHid12m:2026-09-20
2026-01-21,delsitanisagua,cota_masl,1488.2,ords:repDiaHid12m,,2026-09-22T01:12:47Z,celec_ords/2026/09/repDiaHid12m.ndjson.gz#repDiaHid12m:2026-09-20
2026-01-21,mazar,caudal_m3s,42,ords:repDiaHid12m,,2026-09-22T01:12:47Z,celec_ords/2026/09/repDiaHid12m.ndjson.gz#repDiaHid12m:2026-09-20
2026-01-21,mazar,cota_masl,2143.73,ords:repDiaHid12m,,2026-09-22T01:12:47Z,celec_ords/2026/09/repDiaHid12m.ndjson.gz#repDiaHid12m:2026-09-20
2026-01-21,minas_san_francisco,caudal_m3s,22,ords:repDiaHid12m,,2026-09-22T01:12:47Z,celec_ords/2026/09/repDiaHid12m.ndjson.gz#repDiaHid12m:2026-09-20
2026-01-21,minas_san_francisco,cota_masl,788.26,ords:repDiaHid12m,,2026-09-22T01:12:47Z,celec_ords/2026/09/repDiaHid12m.ndjson.gz#repDiaHid12m:2026-09-20
2026-01-22,amaluza,caudal_m3s,124,ords:repDiaHid12m,,2026-09-22T01:12:47Z,celec_ords/2026/09/repDiaHid12m.ndjson.gz#repDiaHid12m:2026-09-20
2026-01-22,amaluza,cota_masl,1987,ords:repDiaHid12m,,2026-09-22T01:12:47Z,celec_ords/2026/09/repDiaHid12m.ndjson.gz#repDiaHid12m:2026-09-20
2026-01-22,delsitanisagua,caudal_m3s,45,ords:repDiaHid12m,,2026-09-22T01:12:47Z,celec_ords/2026/09/repDiaHid12m.ndjson.gz#repDiaHid12m:2026-09-20
2026-01-22,delsitanisagua,cota_masl,1490.92,ords:repDiaHid12m,,2026-09-22T01:12:47Z,celec_ords/2026/09/repDiaHid12m.ndjson.gz#repDiaHid12m:2026-09-20
2026-01-22,mazar,caudal_m3s,93,ords:repDiaHid12m,,2026-09-22T01:12:47Z,celec_ords/2026/09/repDiaHid12m.ndjson.gz#repDiaHid12m:2026-09-20
2026-01-22,mazar,cota_masl,2143.96,ords:repDiaHid12m,,2026-09-22T01:12:47Z,celec_ords/2026/09/repDiaHid12m.ndjson.gz#repDiaHid12m:2026-09-20
2026-01-22,minas_san_francisco,caudal_m3s,37,ords:repDiaHid12m,,2026-09-22T01:12:47Z,celec_ords/2026/09/repDiaHid12m.ndjson.gz#repDiaHid12m:2026-09-20
2026-01-22,minas_san_francisco,cota_masl,788.35,ords:repDiaHid12m,,2026-09-22T01:12:47Z,celec_ords/2026/09/repDiaHid12m.ndjson.gz#repDiaHid12m:2026-09-20
2026-01-23,amaluza,caudal_m3s,13,ords:repDiaHid12m,,2026-09-22T01:12:47Z,celec_ords/2026/09/repDiaHid12m.ndjson.gz#repDiaHid12m:2026-09-20
2026-01-23,amaluza,cota_masl,1986.2,ords:repDiaHid12m,,2026-09-22T01:12:47Z,celec_ords/2026/09/repDiaHid12m.ndjson.gz#repDiaHid12m:2026-09-20
2026-01-23,delsitanisagua,caudal_m3s,74,ords:repDiaHid12m,,2026-09-22T01:12:47Z,celec_ords/2026/09/repDiaHid12m.ndjson.gz#repDiaHid12m:2026-09-20
2026-01-23,delsitanisagua,cota_masl,1490.9,ords:repDiaHid12m,,2026-09-22T01:12:47Z,celec_ords/2026/09/repDiaHid12m.ndjson.gz#repDiaHid12m:2026-09-20
2026-01-23,mazar,caudal_m3s,49,ords:repDiaHid12m,,2026-09-22T01:12:47Z,celec_ords/2026/09/repDiaHid12m.ndjson.gz#repDiaHid12m:2026-09-20
2026-01-23,mazar,cota_masl,2144.78,ords:repDiaHid12m,,2026-09-22T01:12:47Z,celec_ords/2026/09/repDiaHid12m.ndjson.gz#repDiaHid12m:2026-09-20
2026-01-23,minas_san_francisco,caudal_m3s,29,ords:repDiaHid12m,,2026-09-22T01:12:47Z,celec_ords/2026/09/repDiaHid12m.ndjson.gz#repDiaHid12m:2026-09-20
2026-01-23,minas_san_francisco,cota_masl,788.43,ords:repDiaHid12m,,2026-09-22T01:12:47Z,celec_ords/2026/09/repDiaHid12m.ndjson.gz#repDiaHid12m:2026-09-20
2026-01-24,amaluza,caudal_m3s,86,ords:repDiaHid12m,,2026-09-22T01:12:47Z,celec_ords/2026/09/repDiaHid12m.ndjson.gz#repDiaHid12m:2026-09-20
2026-01-24,amaluza,cota_masl,1986.09,ords:repDiaHid12m,,2026-09-22T01:12:47Z,celec_ords/2026/09/repDiaHid12m.ndjson.gz#repDiaHid12m:2026-09-20
2026-01-24,delsitanisagua,caudal_m3s,91,ords:repDiaHid12m,,2026-09-22T01:12:47Z,celec_ords/2026/09/repDiaHid12m.ndjson.gz#repDiaHid12m:2026-09-20
2026-01-24,delsitanisagua,cota_masl,1490.82,ords:repDiaHid12m,,2026-09-22T01:12:47Z,celec_ords/2026/09/repDiaHid12m.ndjson.gz#repDiaHid12m:2026-09-20
2026-01-24,mazar,caudal_m3s,92,ords:repDiaHid12m,,2026-09-22T01:12:47Z,celec_ords/2026/09/repDiaHid12m.ndjson.gz#repDiaHid12m:2026-09-20
2026-01-24,mazar,cota_masl,2145.2,ords:repDiaHid12m,,2026-09-22T01:12:47Z,celec_ords/2026/09/repDiaHid12m.ndjson.gz#repDiaHid12m:2026-09-20
2026-01-24,minas_san_francisco,caudal_m3s,43,ords:repDiaHid12m,,2026-09-22T01:12:47Z,celec_ords/2026/09/repDiaHid12m.ndjson.gz#repDiaHid12m:2026-09-20
2026-01-24,minas_san_francisco,cota_masl,788.8,ords:repDiaHid12m,,2026-09-22T01:12:47Z,celec_ords/2026/09/repDiaHid12m.ndjson.gz#repDiaHid12m:2026-09-20
2026-01-25,amaluza,caudal_m3s,115,ords:repDiaHid12m,,2026-09-22T01:12:47Z,celec_ords/2026/09/repDiaHid12m.ndjson.gz#repDiaHid12m:2026-09-20
2026-01-25,amaluza,cota_masl,1987.44,ords:repDiaHid12m,,2026-09-22T01:12:47Z,celec_ords/2026/09/repDiaHid12m.ndjson.gz#repDiaHid12m:2026-09-20
2026-01-25,delsitanisagua,caudal_m3s,42,ords:repDiaHid12m,,2026-09-22T01:12:47Z,celec_ords/2026/09/repDiaHid12m.ndjson.gz#repDiaHid12m:2026-09-20
2026-01-25,delsitanisagua,cota_masl,1490.76,ords:repDiaHid12m,,2026-09-22T01:12:47Z,celec_ords/2026/09/repDiaHid12m.ndjson.gz#repDiaHid12m:2026-09-20
2026-01-25,mazar,caudal_m3s,69,ords:repDiaHid12m,,2026-09-22T01:12:47Z,celec_ords/2026/09/repDiaHid12m.ndjson.gz#repDiaHid12m:2026-09-20
2026-01-25,mazar,cota_masl,2145.8,ords:repDiaHid12m,,2026-09-22T01:12:47Z,celec_ords/2026/09/repDiaHid12m.ndjson.gz#repDiaHid12m:2026-09-20
2026-01-25,minas_san_francisco,caudal_m3s,75,ords:repDiaHid12m,,2026-09-22T01:12:47Z,celec_ords/2026/09/repDiaHid12m.ndjson.gz#repDiaHid12m:2026-09-20
2026-01-25,minas_san_francisco,cota_masl,792.53,ords:repDiaHid12m,,2026-09-22T01:12:47Z,celec_ords/2026/09/repDiaHid12m.ndjson.gz#repDiaHid12m:2026-09-20
2026-01-26,amaluza,caudal_m3s,20,ords:repDiaHid12m,,2026-09-22T01:12:47Z,celec_ords/2026/09/repDiaHid12m.ndjson.gz#repDiaHid12m:2026-09-20
2026-01-26,amaluza,cota_masl,1986.94,ords:repDiaHid12m,,2026-09-22T01:12:47Z,celec_ords/2026/09/repDiaHid12m.ndjson.gz#repDiaHid12m:2026-09-20
2026-01-26,delsitanisagua,caudal_m3s,46,ords:repDiaHid12m,,2026-09-22T01:12:47Z,celec_ords/2026/09/repDiaHid12m.ndjson.gz#repDiaHid12m:2026-09-20
2026-01-26,delsitanisagua,cota_masl,1490.72,ords:repDiaHid12m,,2026-09-22T01:12:47Z,celec_ords/2026/09/repDiaHid12m.ndjson.gz#repDiaHid12m:2026-09-20
2026-01-26,mazar,caudal_m3s,107,ords:repDiaHid12m,,2026-09-22T01:12:47Z,celec_ords/2026/09/repDiaHid12m.ndjson.gz#repDiaHid12m:2026-09-20
2026-01-26,mazar,cota_masl,2146.58,ords:repDiaHid12m,,2026-09-22T01:12:47Z,celec_ords/2026/09/repDiaHid12m.ndjson.gz#repDiaHid12m:2026-09-20
2026-01-26,minas_san_francisco,caudal_m3s,48,ords:repDiaHid12m,,2026-09-22T01:12:47Z,celec_ords/2026/09/repDiaHid12m.ndjson.gz#repDiaHid12m:2026-09-20
2026-01-26,minas_san_francisco,cota_masl,791.08,ords:repDiaHid12m,,2026-09-22T01:12:47Z,celec_ords/2026/09/repDiaHid12m.ndjson.gz#repDiaHid12m:2026-09-20
2026-01-27,amaluza,caudal_m3s,34,ords:repDiaHid12m,,2026-09-22T01:12:47Z,celec_ords/2026/09/repDiaHid12m.ndjson.gz#repDiaHid12m:2026-09-20
2026-01-27,amaluza,cota_masl,1987.02,ords:repDiaHid12m,,2026-09-22T01:12:47Z,celec_ords/2026/09/repDiaHid12m.ndjson.gz#repDiaHid12m:2026-09-20
2026-01-27,delsitanisagua,caudal_m3s,36,ords:repDiaHid12m,,2026-09-22T01:12:47Z,celec_ords/2026/09/repDiaHid12m.ndjson.gz#repDiaHid12m:2026-09-20
2026-01-27,delsitanisagua,cota_masl,1489.3,ords:repDiaHid12m,,2026-09-22T01:12:47Z,celec_ords/2026/09/repDiaHid12m.ndjson.gz#repDiaHid12m:2026-09-20
2026-01-27,mazar,caudal_m3s,80,ords:repDiaHid12m,,2026-09-22T01:12:47Z,celec_ords/2026/09/repDiaHid12m.ndjson.gz#repDiaHid12m:2026-09-20
2026-01-27,mazar,cota_masl,2147.15,ords:repDiaHid12m,,2026-09-22T01:12:47Z,celec_ords/2026/09/repDiaHid12m.ndjson.gz#repDiaHid12m:2026-09-20
2026-01-27,minas_san_francisco,caudal_m3s,47,ords:repDiaHid12m,,2026-09-22T01:12:47Z,celec_ords/2026/09/repDiaHid12m.ndjson.gz#repDiaHid12m:2026-09-20
2026-01-27,minas_san_francisco,cota_masl,789.73,ords:repDiaHid12m,,2026-09-22T01:12:47Z,celec_ords/2026/09/repDiaHid12m.ndjson.gz#repDiaHid12m:2026-09-20
2026-01-28,amaluza,caudal_m3s,53,ords:repDiaHid12m,,2026-09-22T01:12:47Z,celec_ords/2026/09/repDiaHid12m.ndjson.gz#repDiaHid12m:2026-09-20
2026-01-28,amaluza,cota_masl,1986.31,ords:repDiaHid12m,,2026-09-22T01:12:47Z,celec_ords/2026/09/repDiaHid12m.ndjson.gz#repDiaHid12m:2026-09-20
2026-01-28,delsitanisagua,caudal_m3s,33,ords:repDiaHid12m,,2026-09-22T01:12:47Z,celec_ords/2026/09/repDiaHid12m.ndjson.gz#repDiaHid12m:2026-09-20
2026-01-28,delsitanisagua,cota_masl,1488.44,ords:repDiaHid12m,,2026-09-22T01:12:47Z,celec_ords/2026/09/repDiaHid12m.ndjson.gz#repDiaHid12m:2026-09-20
2026-01-28,mazar,caudal_m3s,157,ords:repDiaHid12m,,2026-09-22T01:12:47Z,celec_ords/2026/09/repDiaHid12m.ndjson.gz#repDiaHid12m:2026-09-20
2026-01-28,mazar,cota_masl,2149.33,ords:repDiaHid12m,,2026-09-22T01:12:47Z,celec_ords/2026/09/repDiaHid12m.ndjson.gz#repDiaHid12m:2026-09-20
2026-01-28,minas_san_francisco,caudal_m3s,61,ords:repDiaHid12m,,2026-09-22T01:12:47Z,celec_ords/2026/09/repDiaHid12m.ndjson.gz#repDiaHid12m:2026-09-20
2026-01-28,minas_san_francisco,cota_masl,791.03,ords:repDiaHid12m,,2026-09-22T01:12:47Z,celec_ords/2026/09/repDiaHid12m.ndjson.gz#repDiaHid12m:2026-09-20
2026-01-29,amaluza,caudal_m3s,21,ords:repDiaHid12m,,2026-09-22T01:12:47Z,celec_ords/2026/09/repDiaHid12m.ndjson.gz#repDiaHid12m:2026-09-20
2026-01-29,amaluza,cota_masl,1986.7,ords:repDiaHid12m,,2026-09-22T01:12:47Z,celec_ords/2026/09/repDiaHid12m.ndjson.gz#repDiaHid12m:2026-09-20
2026-01-29,delsitanisagua,caudal_m3s,54,ords:repDiaHid12m,,2026-09-22T01:12:47Z,celec_ords/2026/09/repDiaHid12m.ndjson.gz#repDiaHid12m:2026-09-20
2026-01-29,delsitanisagua,cota_masl,1490.85,ords:repDiaHid12m,,2026-09-22T01:12:47Z,celec_ords/2026/09/repDiaHid12m.ndjson.gz#repDiaHid12m:2026-09-20
2026-01-29,mazar,caudal_m3s,84,ords:repDiaHid12m,,2026-09-22T01:12:47Z,celec_ords/2026/09/repDiaHid12m.ndjson.gz#repDiaHid12m:2026-09-20
2026-01-29,mazar,cota_masl,2150.19,ords:repDiaHid12m,,2026-09-22T01:12:47Z,celec_ords/2026/09/repDiaHid12m.ndjson.gz#repDiaHid12m:2026-09-20
2026-01-29,minas_san_francisco,caudal_m3s,116,ords:repDiaHid12m,,2026-09-22T01:12:47Z,celec_ords/2026/09/repDiaHid12m.ndjson.gz#repDiaHid12m:2026-09-20
2026-01-29,minas_san_francisco,cota_masl,792.74,ords:repDiaHid12m,,2026-09-22T01:12:47Z,celec_ords/2026/09/repDiaHid12m.ndjson.gz#repDiaHid12m:2026-09-20
2026-01-30,amaluza,caudal_m3s,64,ords:repDiaHid12m,,2026-09-22T01:12:47Z,celec_ords/2026/09/repDiaHid12m.ndjson.gz#repDiaHid12m:2026-09-20
2026-01-30,amaluza,cota_masl,1986.53,ords:repDiaHid12m,,2026-09-22T01:12:47Z,celec_ords/2026/09/repDiaHid12m.ndjson.gz#repDiaHid12m:2026-09-20
2026-01-30,delsitanisagua,caudal_m3s,41,ords:repDiaHid12m,,2026-09-22T01:12:47Z,celec_ords/2026/09/repDiaHid12m.ndjson.gz#repDiaHid12m:2026-09-20
2026-01-30,delsitanisagua,cota_masl,1490.85,ords:repDiaHid12m,,2026-09-22T01:12:47Z,celec_ords/2026/09/repDiaHid12m.ndjson.gz#repDiaHid12m:2026-09-20
2026-01-30,mazar,caudal_m3s,63,ords:repDiaHid12m,,2026-09-22T01:12:47Z,celec_ords/2026/09/repDiaHid12m.ndjson.gz#repDiaHid12m:2026-09-20
2026-01-30,mazar,cota_masl,2150.85,ords:repDiaHid12m,,2026-09-22T01:12:47Z,celec_ords/2026/09/repDiaHid12m.ndjson.gz#repDiaHid12m:2026-09-20
2026-01-30,minas_san_francisco,caudal_m3s,62,ords:repDiaHid12m,,2026-09-22T01:12:47Z,celec_ords/2026/09/repDiaHid12m.ndjson.gz#repDiaHid12m:2026-09-20
2026-01-30,minas_san_francisco,cota_masl,792.61,ords:repDiaHid12m,,2026-09-22T01:12:47Z,celec_ords/2026/09/repDiaHid12m.ndjson.gz#repDiaHid12m:2026-09-20
2026-01-31,amaluza,caudal_m3s,24,ords:repDiaHid12m,,2026-09-22T01:12:47Z,celec_ords/2026/09/repDiaHid12m.ndjson.gz#repDiaHid12m:2026-09-20
2026-01-31,amaluza,cota_masl,1986.85,ords:repDiaHid12m,,2026-09-22T01:12:47Z,celec_ords/2026/09/repDiaHid12m.ndjson.gz#repDiaHid12m:2026-09-20
2026-01-31,delsitanisagua,caudal_m3s,41,ords:repDiaHid12m,,2026-09-22T01:12:47Z,celec_ords/2026/09/repDiaHid12m.ndjson.gz#repDiaHid12m:2026-09-20
2026-01-31,delsitanisagua,cota_masl,1490.82,ords:repDiaHid12m,,2026-09-22T01:12:47Z,celec_ords/2026/09/repDiaHid12m.ndjson.gz#repDiaHid12m:2026-09-20
2026-01-31,mazar,caudal_m3s,86,ords:repDiaHid12m,,2026-09-22T01:12:47Z,celec_ords/2026/09/repDiaHid12m.ndjson.gz#repDiaHid12m:2026-09-20
2026-01-31,mazar,cota_masl,2151.52,ords:repDiaHid12m,,2026-09-22T01:12:47Z,celec_ords/2026/09/repDiaHid12m.ndjson.gz#repDiaHid12m:2026-09-20
2026-01-31,minas_san_francisco,caudal_m3s,63,ords:repDiaHid12m,,2026-09-22T01:12:47Z,celec_ords/2026/09/repDiaHid12m.ndjson.gz#repDiaHid12m:2026-09-20
2026-01-31,minas_san_francisco,cota_masl,792.83,ords:repDiaHid12m,,2026-09-22T01:12:47Z,celec_ords/2026/09/repDiaHid12m.ndjson.gz#repDiaHid12m:2026-09-20
2026-02-01,amaluza,caudal_m3s,96,ords:repDiaHid12m,,2026-09-22T01:12:47Z,celec_ords/2026/09/repDiaHid12m.ndjson.gz#repDiaHid12m:2026-09-20
2026-02-01,amaluza,cota_masl,1987.95,ords:repDiaHid12m,,2026-09-22T01:12:47Z,celec_ords/2026/09/repDiaHid12m.ndjson.gz#repDiaHid12m:2026-09-20
2026-02-01,delsitanisagua,caudal_m3s,89,ords:repDiaHid12m,,2026-09-22T01:12:47Z,celec_ords/2026/09/repDiaHid12m.ndjson.gz#repDiaHid12m:2026-09-20
2026-02-01,delsitanisagua,cota_masl,1490.6,ords:repDiaHid12m,,2026-09-22T01:12:47Z,celec_ords/2026/09/repDiaHid12m.ndjson.gz#repDiaHid12m:2026-09-20
2026-02-01,mazar,caudal_m3s,172,ords:repDiaHid12m,,2026-09-22T01:12:47Z,celec_ords/2026/09/repDiaHid12m.ndjson.gz#repDiaHid12m:2026-09-20
2026-02-01,mazar,cota_masl,2152.29,ords:repDiaHid12m,,2026-09-22T01:12:47Z,celec_ords/2026/09/repDiaHid12m.ndjson.gz#repDiaHid12m:2026-09-20
2026-02-01,minas_san_francisco,caudal_m3s,247,ords:repDiaHid12m,,2026-09-22T01:12:47Z,celec_ords/2026/09/repDiaHid12m.ndjson.gz#repDiaHid12m:2026-09-20
2026-02-01,minas_san_francisco,cota_masl,792.79,ords:repDiaHid12m,,2026-09-22T01:12:47Z,celec_ords/2026/09/repDiaHid12m.ndjson.gz#repDiaHid12m:2026-09-20
2026-02-02,amaluza,caudal_m3s,251,ords:repDiaHid12m,,2026-09-22T01:12:47Z,celec_ords/2026/09/repDiaHid12m.ndjson.gz#repDiaHid12m:2026-09-20
2026-02-02,amaluza,cota_masl,1989.36,ords:repDiaHid12m,,2026-09-22T01:12:47Z,celec_ords/2026/09/repDiaHid12m.ndjson.gz#repDiaHid12m:2026-09-20
2026-02-02,delsitanisagua,caudal_m3s,62,ords:repDiaHid12m,,2026-09-22T01:12:47Z,celec_ords/2026/09/repDiaHid12m.ndjson.gz#repDiaHid12m:2026-09-20
2026-02-02,delsitanisagua,cota_masl,1490.52,ords:repDiaHid12m,,2026-09-22T01:12:47Z,celec_ords/2026/09/repDiaHid12m.ndjson.gz#repDiaHid12m:2026-09-20
2026-02-02,mazar,caudal_m3s,296,ords:repDiaHid12m,,2026-09-22T01:12:47Z,celec_ords/2026/09/repDiaHid12m.ndjson.gz#repDiaHid12m:2026-09-20
2026-02-02,mazar,cota_masl,2154.19,ords:repDiaHid12m,,2026-09-22T01:12:47Z,celec_ords/2026/09/repDiaHid12m.ndjson.gz#repDiaHid12m:2026-09-20
2026-02-02,minas_san_francisco,caudal_m3s,183,ords:repDiaHid12m,,2026-09-22T01:12:47Z,celec_ords/2026/09/repDiaHid12m.ndjson.gz#repDiaHid12m:2026-09-20
2026-02-02,minas_san_francisco,cota_masl,792.65,ords:repDiaHid12m,,2026-09-22T01:12:47Z,celec_ords/2026/09/repDiaHid12m.ndjson.gz#repDiaHid12m:2026-09-20
2026-02-03,amaluza,caudal_m3s,229,ords:repDiaHid12m,,2026-09-22T01:12:47Z,celec_ords/2026/09/repDiaHid12m.ndjson.gz#repDiaHid12m:2026-09-20
2026-02-03,amaluza,cota_masl,1990.84,ords:repDiaHid12m,,2026-09-22T01:12:47Z,celec_ords/2026/09/repDiaHid12m.ndjson.gz#repDiaHid12m:2026-09-20
2026-02-03,delsitanisagua,caudal_m3s,44,ords:repDiaHid12m,,2026-09-22T01:12:47Z,celec_ords/2026/09/repDiaHid12m.ndjson.gz#repDiaHid12m:2026-09-20
2026-02-03,delsitanisagua,cota_masl,1490.76,ords:repDiaHid12m,,2026-09-22T01:12:47Z,celec_ords/2026/09/repDiaHid12m.ndjson.gz#repDiaHid12m:2026-09-20
2026-02-03,mazar,caudal_m3s,168,ords:repDiaHid12m,,2026-09-22T01:12:47Z,celec_ords/2026/09/repDiaHid12m.ndjson.gz#repDiaHid12m:2026-09-20
2026-02-03,mazar,cota_masl,2154,ords:repDiaHid12m,,2026-09-22T01:12:47Z,celec_ords/2026/09/repDiaHid12m.ndjson.gz#repDiaHid12m:2026-09-20
2026-02-03,minas_san_francisco,caudal_m3s,137,ords:repDiaHid12m,,2026-09-22T01:12:47Z,celec_ords/2026/09/repDiaHid12m.ndjson.gz#repDiaHid12m:2026-09-20
2026-02-03,minas_san_francisco,cota_masl,792.67,ords:repDiaHid12m,,2026-09-22T01:12:47Z,celec_ords/2026/09/repDiaHid12m.ndjson.gz#repDiaHid12m:2026-09-20
2026-02-04,amaluza,caudal_m3s,183,ords:repDiaHid12m,,2026-09-22T01:12:47Z,celec_ords/2026/09/repDiaHid12m.ndjson.gz#repDiaHid12m:2026-09-20
2026-02-04,amaluza,cota_masl,1990.89,ords:repDiaHid12m,,2026-09-22T01:12:47Z,celec_ords/2026/09/repDiaHid12m.ndjson.gz#repDiaHid12m:2026-09-20
2026-02-04,delsitanisagua,caudal_m3s,35,ords:repDiaHid12m,,2026-09-22T01:12:47Z,celec_ords/2026/09/repDiaHid12m.ndjson.gz#repDiaHid12m:2026-09-20
2026-02-04,delsitanisagua,cota_masl,1490.32,ords:repDiaHid12m,,2026-09-22T01:12:47Z,celec_ords/2026/09/repDiaHid12m.ndjson.gz#repDiaHid12m:2026-09-20
2026-02-04,mazar,caudal_m3s,110,ords:repDiaHid12m,,2026-09-22T01:12:47Z,celec_ords/2026/09/repDiaHid12m.ndjson.gz#repDiaHid12m:2026-09-20
2026-02-04,mazar,cota_masl,2153.7,ords:repDiaHid12m,,2026-09-22T01:12:47Z,celec_ords/2026/09/repDiaHid12m.ndjson.gz#repDiaHid12m:2026-09-20
2026-02-04,minas_san_francisco,caudal_m3s,151,ords:repDiaHid12m,,2026-09-22T01:12:47Z,celec_ords/2026/09/repDiaHid12m.ndjson.gz#repDiaHid12m:2026-09-20
2026-02-04,minas_san_francisco,cota_masl,792.72,ords:repDiaHid12m,,2026-09-22T01:12:47Z,celec_ords/2026/09/repDiaHid12m.ndjson.gz#repDiaHid12m:2026-09-20
2026-02-05,amaluza,caudal_m3s,170,ords:repDiaHid12m,,2026-09-22T01:12:47Z,celec_ords/2026/09/repDiaHid12m.ndjson.gz#repDiaHid12m:2026-09-20
2026-02-05,amaluza,cota_masl,1990.62,ords:repDiaHid12m,,2026-09-22T01:12:47Z,celec_ords/2026/09/repDiaHid12m.ndjson.gz#repDiaHid12m:2026-09-20
2026-02-05,delsitanisagua,caudal_m3s,47,ords:repDiaHid12m,,2026-09-22T01:12:47Z,celec_ords/2026/09/repDiaHid12m.ndjson.gz#repDiaHid12m:2026-09-20
2026-02-05,delsitanisagua,cota_masl,1481.02,ords:repDiaHid12m,,2026-09-22T01:12:47Z,celec_ords/2026/09/repDiaHid12m.ndjson.gz#repDiaHid12m:2026-09-20
2026-02-05,mazar,caudal_m3s,75,ords:repDiaHid12m,,2026-09-22T01:12:47Z,celec_ords/2026/09/repDiaHid12m.ndjson.gz#repDiaHid12m:2026-09-20
2026-02-05,mazar,cota_masl,2153.34,ords:repDiaHid12m,,2026-09-22T01:12:47Z,celec_ords/2026/09/repDiaHid12m.ndjson.gz#repDiaHid12m:2026-09-20
2026-02-05,minas_san_francisco,caudal_m3s,102,ords:repDiaHid12m,,2026-09-22T01:12:47Z,celec_ords/2026/09/repDiaHid12m.ndjson.gz#repDiaHid12m:2026-09-20
2026-02-05,minas_san_francisco,cota_masl,792.3,ords:repDiaHid12m,,2026-09-22T01:12:47Z,celec_ords/2026/09/repDiaHid12m.ndjson.gz#repDiaHid12m:2026-09-20
2026-02-06,amaluza,caudal_m3s,148,ords:repDiaHid12m,,2026-09-22T01:12:47Z,celec_ords/2026/09/repDiaHid12m.ndjson.gz#repDiaHid12m:2026-09-20
2026-02-06,amaluza,cota_masl,1989.45,ords:repDiaHid12m,,2026-09-22T01:12:47Z,celec_ords/2026/09/repDiaHid12m.ndjson.gz#repDiaHid12m:2026-09-20
2026-02-06,delsitanisagua,caudal_m3s,33,ords:repDiaHid12m,,2026-09-22T01:12:47Z,celec_ords/2026/09/repDiaHid12m.ndjson.gz#repDiaHid12m:2026-09-20
2026-02-06,delsitanisagua,cota_masl,1471,ords:repDiaHid12m,,2026-09-22T01:12:47Z,celec_ords/2026/09/repDiaHid12m.ndjson.gz#repDiaHid12m:2026-09-20
2026-02-06,mazar,caudal_m3s,65,ords:repDiaHid12m,,2026-09-22T01:12:47Z,celec_ords/2026/09/repDiaHid12m.ndjson.gz#repDiaHid12m:2026-09-20
2026-02-06,mazar,cota_masl,2153.01,ords:repDiaHid12m,,2026-09-22T01:12:47Z,celec_ords/2026/09/repDiaHid12m.ndjson.gz#repDiaHid12m:2026-09-20
2026-02-06,minas_san_francisco,caudal_m3s,89,ords:repDiaHid12m,,2026-09-22T01:12:47Z,celec_ords/2026/09/repDiaHid12m.ndjson.gz#repDiaHid12m:2026-09-20
2026-02-06,minas_san_francisco,cota_masl,792.83,ords:repDiaHid12m,,2026-09-22T01:12:47Z,celec_ords/2026/09/repDiaHid12m.ndjson.gz#repDiaHid12m:2026-09-20
2026-02-07,amaluza,caudal_m3s,100,ords:repDiaHid12m,,2026-09-22T01:12:47Z,celec_ords/2026/09/repDiaHid12m.ndjson.gz#repDiaHid12m:2026-09-20
2026-02-07,amaluza,cota_masl,1987.94,ords:repDiaHid12m,,2026-09-22T01:12:47Z,celec_ords/2026/09/repDiaHid12m.ndjson.gz#repDiaHid12m:2026-09-20
2026-02-07,delsitanisagua,caudal_m3s,39,ords:repDiaHid12m,,2026-09-22T01:12:47Z,celec_ords/2026/09/repDiaHid12m.ndjson.gz#repDiaHid12m:2026-09-20
2026-02-07,delsitanisagua,cota_masl,1482.15,ords:repDiaHid12m,,2026-09-22T01:12:47Z,celec_ords/2026/09/repDiaHid12m.ndjson.gz#repDiaHid12m:2026-09-20
2026-02-07,mazar,caudal_m3s,95,ords:repDiaHid12m,,2026-09-22T01:12:47Z,celec_ords/2026/09/repDiaHid12m.ndjson.gz#repDiaHid12m:2026-09-20
2026-02-07,mazar,cota_masl,2153.32,ords:repDiaHid12m,,2026-09-22T01:12:47Z,celec_ords/2026/09/repDiaHid12m.ndjson.gz#repDiaHid12m:2026-09-20
2026-02-07,minas_san_francisco,caudal_m3s,162,ords:repDiaHid12m,,2026-09-22T01:12:47Z,celec_ords/2026/09/repDiaHid12m.ndjson.gz#repDiaHid12m:2026-09-20
2026-02-07,minas_san_francisco,cota_masl,792.69,ords:repDiaHid12m,,2026-09-22T01:12:47Z,celec_ords/2026/09/repDiaHid12m.ndjson.gz#repDiaHid12m:2026-09-20
2026-02-08,amaluza,caudal_m3s,127,ords:repDiaHid12m,,2026-09-22T01:12:47Z,celec_ords/2026/09/repDiaHid12m.ndjson.gz#repDiaHid12m:2026-09-20
2026-02-08,amaluza,cota_masl,1988,ords:repDiaHid12m,,2026-09-22T01:12:47Z,celec_ords/2026/09/repDiaHid12m.ndjson.gz#repDiaHid12m:2026-09-20
2026-02-08,delsitanisagua,caudal_m3s,30,ords:repDiaHid12m,,2026-09-22T01:12:47Z,celec_ords/2026/09/repDiaHid12m.ndjson.gz#repDiaHid12m:2026-09-20
2026-02-08,delsitanisagua,cota_masl,1490.9,ords:repDiaHid12m,,2026-09-22T01:12:47Z,celec_ords/2026/09/repDiaHid12m.ndjson.gz#repDiaHid12m:2026-09-20
2026-02-08,mazar,caudal_m3s,70,ords:repDiaHid12m,,2026-09-22T01:12:47Z,celec_ords/2026/09/repDiaHid12m.ndjson.gz#repDiaHid12m:2026-09-20
2026-02-08,mazar,cota_masl,2153.28,ords:repDiaHid12m,,2026-09-22T01:12:47Z,celec_ords/2026/09/repDiaHid12m.ndjson.gz#repDiaHid12m:2026-09-20
2026-02-08,minas_san_francisco,caudal_m3s,87,ords:repDiaHid12m,,2026-09-22T01:12:47Z,celec_ords/2026/09/repDiaHid12m.ndjson.gz#repDiaHid12m:2026-09-20
2026-02-08,minas_san_francisco,cota_masl,792.45,ords:repDiaHid12m,,2026-09-22T01:12:47Z,celec_ords/2026/09/repDiaHid12m.ndjson.gz#repDiaHid12m:2026-09-20
2026-02-09,amaluza,caudal_m3s,65,ords:repDiaHid12m,,2026-09-22T01:12:47Z,celec_ords/2026/09/repDiaHid12m.ndjson.gz#repDiaHid12m:2026-09-20
2026-02-09,amaluza,cota_masl,1987.2,ords:repDiaHid12m,,2026-09-22T01:12:47Z,celec_ords/2026/09/repDiaHid12m.ndjson.gz#repDiaHid12m:2026-09-20
2026-02-09,delsitanisagua,caudal_m3s,31,ords:repDiaHid12m,,2026-09-22T01:12:47Z,celec_ords/2026/09/repDiaHid12m.ndjson.gz#repDiaHid12m:2026-09-20
2026-02-09,delsitanisagua,cota_masl,1490.01,ords:repDiaHid12m,,2026-09-22T01:12:47Z,celec_ords/2026/09/repDiaHid12m.ndjson.gz#repDiaHid12m:2026-09-20
2026-02-09,mazar,caudal_m3s,49,ords:repDiaHid12m,,2026-09-22T01:12:47Z,celec_ords/2026/09/repDiaHid12m.ndjson.gz#repDiaHid12m:2026-09-20
2026-02-09,mazar,cota_masl,2152.96,ords:repDiaHid12m,,2026-09-22T01:12:47Z,celec_ords/2026/09/repDiaHid12m.ndjson.gz#repDiaHid12m:2026-09-20
2026-02-09,minas_san_francisco,caudal_m3s,66,ords:repDiaHid12m,,2026-09-22T01:12:47Z,celec_ords/2026/09/repDiaHid12m.ndjson.gz#repDiaHid12m:2026-09-20
2026-02-09,minas_san_francisco,cota_masl,792.06,ords:repDiaHid12m,,2026-09-22T01:12:47Z,celec_ords/2026/09/repDiaHid12m.ndjson.gz#repDiaHid12m:2026-09-20
2026-02-10,amaluza,caudal_m3s,69,ords:repDiaHid12m,,2026-09-22T01:12:47Z,celec_ords/2026/09/repDiaHid12m.ndjson.gz#repDiaHid12m:2026-09-20
2026-02-10,amaluza,cota_masl,1985.97,ords:repDiaHid12m,,2026-09-22T01:12:47Z,celec_ords/2026/09/repDiaHid12m.ndjson.gz#repDiaHid12m:2026-09-20
2026-02-10,delsitanisagua,caudal_m3s,35,ords:repDiaHid12m,,2026-09-22T01:12:47Z,celec_ords/2026/09/repDiaHid12m.ndjson.gz#repDiaHid12m:2026-09-20
2026-02-10,delsitanisagua,cota_masl,1488.64,ords:repDiaHid12m,,2026-09-22T01:12:47Z,celec_ords/2026/09/repDiaHid12m.ndjson.gz#repDiaHid12m:2026-09-20
2026-02-10,mazar,caudal_m3s,66,ords:repDiaHid12m,,2026-09-22T01:12:47Z,celec_ords/2026/09/repDiaHid12m.ndjson.gz#repDiaHid12m:2026-09-20
2026-02-10,mazar,cota_masl,2152.68,ords:repDiaHid12m,,2026-09-22T01:12:47Z,celec_ords/2026/09/repDiaHid12m.ndjson.gz#repDiaHid12m:2026-09-20
2026-02-10,minas_san_francisco,caudal_m3s,55,ords:repDiaHid12m,,2026-09-22T01:12:47Z,celec_ords/2026/09/repDiaHid12m.ndjson.gz#repDiaHid12m:2026-09-20
2026-02-10,minas_san_francisco,cota_masl,790.86,ords:repDiaHid12m,,2026-09-22T01:12:47Z,celec_ords/2026/09/repDiaHid12m.ndjson.gz#repDiaHid12m:2026-09-20
2026-02-11,amaluza,caudal_m3s,78,ords:repDiaHid12m,,2026-09-22T01:12:47Z,celec_ords/2026/09/repDiaHid12m.ndjson.gz#repDiaHid12m:2026-09-20
2026-02-11,amaluza,cota_masl,1984.2,ords:repDiaHid12m,,2026-09-22T01:12:47Z,celec_ords/2026/09/repDiaHid12m.ndjson.gz#repDiaHid12m:2026-09-20
2026-02-11,delsitanisagua,caudal_m3s,27,ords:repDiaHid12m,,2026-09-22T01:12:47Z,celec_ords/2026/09/repDiaHid12m.ndjson.gz#repDiaHid12m:2026-09-20
2026-02-11,delsitanisagua,cota_masl,1487.74,ords:repDiaHid12m,,2026-09-22T01:12:47Z,celec_ords/2026/09/repDiaHid12m.ndjson.gz#repDiaHid12m:2026-09-20
2026-02-11,mazar,caudal_m3s,56,ords:repDiaHid12m,,2026-09-22T01:12:47Z,celec_ords/2026/09/repDiaHid12m.ndjson.gz#repDiaHid12m:2026-09-20
2026-02-11,mazar,cota_masl,2152.8,ords:repDiaHid12m,,2026-09-22T01:12:47Z,celec_ords/2026/09/repDiaHid12m.ndjson.gz#repDiaHid12m:2026-09-20
2026-02-11,minas_san_francisco,caudal_m3s,49,ords:repDiaHid12m,,2026-09-22T01:12:47Z,celec_ords/2026/09/repDiaHid12m.ndjson.gz#repDiaHid12m:2026-09-20
2026-02-11,minas_san_francisco,cota_masl,790.59,ords:repDiaHid12m,,2026-09-22T01:12:47Z,celec_ords/2026/09/repDiaHid12m.ndjson.gz#repDiaHid12m:2026-09-20
2026-02-12,amaluza,caudal_m3s,124,ords:repDiaHid12m,,2026-09-22T01:12:47Z,celec_ords/2026/09/repDiaHid12m.ndjson.gz#repDiaHid12m:2026-09-20
2026-02-12,amaluza,cota_masl,1984.13,ords:repDiaHid12m,,2026-09-22T01:12:47Z,celec_ords/2026/09/repDiaHid12m.ndjson.gz#repDiaHid12m:2026-09-20
2026-02-12,delsitanisagua,caudal_m3s,28,ords:repDiaHid12m,,2026-09-22T01:12:47Z,celec_ords/2026/09/repDiaHid12m.ndjson.gz#repDiaHid12m:2026-09-20
2026-02-12,delsitanisagua,cota_masl,1487.8,ords:repDiaHid12m,,2026-09-22T01:12:47Z,celec_ords/2026/09/repDiaHid12m.ndjson.gz#repDiaHid12m:2026-09-20
2026-02-12,mazar,caudal_m3s,51,ords:repDiaHid12m,,2026-09-22T01:12:47Z,celec_ords/2026/09/repDiaHid12m.ndjson.gz#repDiaHid12m:2026-09-20
2026-02-12,mazar,cota_masl,2152.51,ords:repDiaHid12m,,2026-09-22T01:12:47Z,celec_ords/2026/09/repDiaHid12m.ndjson.gz#repDiaHid12m:2026-09-20
2026-02-12,minas_san_francisco,caudal_m3s,44,ords:repDiaHid12m,,2026-09-22T01:12:47Z,celec_ords/2026/09/repDiaHid12m.ndjson.gz#repDiaHid12m:2026-09-20
2026-02-12,minas_san_francisco,cota_masl,789.1,ords:repDiaHid12m,,2026-09-22T01:12:47Z,celec_ords/2026/09/repDiaHid12m.ndjson.gz#repDiaHid12m:2026-09-20
2026-02-13,amaluza,caudal_m3s,86,ords:repDiaHid12m,,2026-09-22T01:12:47Z,celec_ords/2026/09/repDiaHid12m.ndjson.gz#repDiaHid12m:2026-09-20
2026-02-13,amaluza,cota_masl,1983.97,ords:repDiaHid12m,,2026-09-22T01:12:47Z,celec_ords/2026/09/repDiaHid12m.ndjson.gz#repDiaHid12m:2026-09-20
2026-02-13,delsitanisagua,caudal_m3s,35,ords:repDiaHid12m,,2026-09-22T01:12:47Z,celec_ords/2026/09/repDiaHid12m.ndjson.gz#repDiaHid12m:2026-09-20
2026-02-13,delsitanisagua,cota_masl,1490.34,ords:repDiaHid12m,,2026-09-22T01:12:47Z,celec_ords/2026/09/repDiaHid12m.ndjson.gz#repDiaHid12m:2026-09-20
2026-02-13,mazar,caudal_m3s,77,ords:repDiaHid12m,,2026-09-22T01:12:47Z,celec_ords/2026/09/repDiaHid12m.ndjson.gz#repDiaHid12m:2026-09-20
2026-02-13,mazar,cota_masl,2153,ords:repDiaHid12m,,2026-09-22T01:12:47Z,celec_ords/2026/09/repDiaHid12m.ndjson.gz#repDiaHid12m:2026-09-20
2026-02-13,minas_san_francisco,caudal_m3s,131,ords:repDiaHid12m,,2026-09-22T01:12:47Z,celec_ords/2026/09/repDiaHid12m.ndjson.gz#repDiaHid12m:2026-09-20
2026-02-13,minas_san_francisco,cota_masl,792.73,ords:repDiaHid12m,,2026-09-22T01:12:47Z,celec_ords/2026/09/repDiaHid12m.ndjson.gz#repDiaHid12m:2026-09-20
2026-02-14,amaluza,caudal_m3s,128,ords:repDiaHid12m,,2026-09-22T01:12:47Z,celec_ords/2026/09/repDiaHid12m.ndjson.gz#repDiaHid12m:2026-09-20
2026-02-14,amaluza,cota_masl,1984.75,ords:repDiaHid12m,,2026-09-22T01:12:47Z,celec_ords/2026/09/repDiaHid12m.ndjson.gz#repDiaHid12m:2026-09-20
2026-02-14,delsitanisagua,caudal_m3s,30,ords:repDiaHid12m,,2026-09-22T01:12:47Z,celec_ords/2026/09/repDiaHid12m.ndjson.gz#repDiaHid12m:2026-09-20
2026-02-14,delsitanisagua,cota_masl,1489.46,ords:repDiaHid12m,,2026-09-22T01:12:47Z,celec_ords/2026/09/repDiaHid12m.ndjson.gz#repDiaHid12m:2026-09-20
2026-02-14,mazar,caudal_m3s,125,ords:repDiaHid12m,,2026-09-22T01:12:47Z,celec_ords/2026/09/repDiaHid12m.ndjson.gz#repDiaHid12m:2026-09-20
2026-02-14,mazar,cota_masl,2152.97,ords:repDiaHid12m,,2026-09-22T01:12:47Z,celec_ords/2026/09/repDiaHid12m.ndjson.gz#repDiaHid12m:2026-09-20
2026-02-14,minas_san_francisco,caudal_m3s,133,ords:repDiaHid12m,,2026-09-22T01:12:47Z,celec_ords/2026/09/repDiaHid12m.ndjson.gz#repDiaHid12m:2026-09-20
2026-02-14,minas_san_francisco,cota_masl,792.76,ords:repDiaHid12m,,2026-09-22T01:12:47Z,celec_ords/2026/09/repDiaHid12m.ndjson.gz#repDiaHid12m:2026-09-20
2026-02-15,amaluza,caudal_m3s,161,ords:repDiaHid12m,,2026-09-22T01:12:47Z,celec_ords/2026/09/repDiaHid12m.ndjson.gz#repDiaHid12m:2026-09-20
2026-02-15,amaluza,cota_masl,1985.44,ords:repDiaHid12m,,2026-09-22T01:12:47Z,celec_ords/2026/09/repDiaHid12m.ndjson.gz#repDiaHid12m:2026-09-20
2026-02-15,delsitanisagua,caudal_m3s,35,ords:repDiaHid12m,,2026-09-22T01:12:47Z,celec_ords/2026/09/repDiaHid12m.ndjson.gz#repDiaHid12m:2026-09-20
2026-02-15,delsitanisagua,cota_masl,1488.88,ords:repDiaHid12m,,2026-09-22T01:12:47Z,celec_ords/2026/09/repDiaHid12m.ndjson.gz#repDiaHid12m:2026-09-20
2026-02-15,mazar,caudal_m3s,126,ords:repDiaHid12m,,2026-09-22T01:12:47Z,celec_ords/2026/09/repDiaHid12m.ndjson.gz#repDiaHid12m:2026-09-20
2026-02-15,mazar,cota_masl,2153.1,ords:repDiaHid12m,,2026-09-22T01:12:47Z,celec_ords/2026/09/repDiaHid12m.ndjson.gz#repDiaHid12m:2026-09-20
2026-02-15,minas_san_francisco,caudal_m3s,122,ords:repDiaHid12m,,2026-09-22T01:12:47Z,celec_ords/2026/09/repDiaHid12m.ndjson.gz#repDiaHid12m:2026-09-20
2026-02-15,minas_san_francisco,cota_masl,792.3,ords:repDiaHid12m,,2026-09-22T01:12:47Z,celec_ords/2026/09/repDiaHid12m.ndjson.gz#repDiaHid12m:2026-09-20
2026-02-16,amaluza,caudal_m3s,114,ords:repDiaHid12m,,2026-09-22T01:12:47Z,celec_ords/2026/09/repDiaHid12m.ndjson.gz#repDiaHid12m:2026-09-20
2026-02-16,amaluza,cota_masl,1986.89,ords:repDiaHid12m,,2026-09-22T01:12:47Z,celec_ords/2026/09/repDiaHid12m.ndjson.gz#repDiaHid12m:2026-09-20
2026-02-16,delsitanisagua,caudal_m3s,51,ords:repDiaHid12m,,2026-09-22T01:12:47Z,celec_ords/2026/09/repDiaHid12m.ndjson.gz#repDiaHid12m:2026-09-20
2026-02-16,delsitanisagua,cota_masl,1488.7,ords:repDiaHid12m,,2026-09-22T01:12:47Z,celec_ords/2026/09/repDiaHid12m.ndjson.gz#repDiaHid12m:2026-09-20
2026-02-16,mazar,caudal_m3s,76,ords:repDiaHid12m,,2026-09-22T01:12:47Z,celec_ords/2026/09/repDiaHid12m.ndjson.gz#repDiaHid12m:2026-09-20
2026-02-16,mazar,cota_masl,2152.9,ords:repDiaHid12m,,2026-09-22T01:12:47Z,celec_ords/2026/09/repDiaHid12m.ndjson.gz#repDiaHid12m:2026-09-20
2026-02-16,minas_san_francisco,caudal_m3s,119,ords:repDiaHid12m,,2026-09-22T01:12:47Z,celec_ords/2026/09/repDiaHid12m.ndjson.gz#repDiaHid12m:2026-09-20
2026-02-16,minas_san_francisco,cota_masl,792.68,ords:repDiaHid12m,,2026-09-22T01:12:47Z,celec_ords/2026/09/repDiaHid12m.ndjson.gz#repDiaHid12m:2026-09-20
2026-02-17,amaluza,caudal_m3s,39,ords:repDiaHid12m,,2026-09-22T01:12:47Z,celec_ords/2026/09/repDiaHid12m.ndjson.gz#repDiaHid12m:2026-09-20
2026-02-17,amaluza,cota_masl,1987.44,ords:repDiaHid12m,,2026-09-22T01:12:47Z,celec_ords/2026/09/repDiaHid12m.ndjson.gz#repDiaHid12m:2026-09-20
2026-02-17,delsitanisagua,caudal_m3s,50,ords:repDiaHid12m,,2026-09-22T01:12:47Z,celec_ords/2026/09/repDiaHid12m.ndjson.gz#repDiaHid12m:2026-09-20
2026-02-17,delsitanisagua,cota_masl,1490.87,ords:repDiaHid12m,,2026-09-22T01:12:47Z,celec_ords/2026/09/repDiaHid12m.ndjson.gz#repDiaHid12m:2026-09-20
2026-02-17,mazar,caudal_m3s,121,ords:repDiaHid12m,,2026-09-22T01:12:47Z,celec_ords/2026/09/repDiaHid12m.ndjson.gz#repDiaHid12m:2026-09-20
2026-02-17,mazar,cota_masl,2153.38,ords:repDiaHid12m,,2026-09-22T01:12:47Z,celec_ords/2026/09/repDiaHid12m.ndjson.gz#repDiaHid12m:2026-09-20
2026-02-17,minas_san_francisco,caudal_m3s,124,ords:repDiaHid12m,,2026-09-22T01:12:47Z,celec_ords/2026/09/repDiaHid12m.ndjson.gz#repDiaHid12m:2026-09-20
2026-02-17,minas_san_francisco,cota_masl,792.66,ords:repDiaHid12m,,2026-09-22T01:12:47Z,celec_ords/2026/09/repDiaHid12m.ndjson.gz#repDiaHid12m:2026-09-20
2026-02-18,amaluza,caudal_m3s,162,ords:repDiaHid12m,,2026-09-22T01:12:47Z,celec_ords/2026/09/repDiaHid12m.ndjson.gz#repDiaHid12m:2026-09-20
2026-02-18,amaluza,cota_masl,1987.35,ords:repDiaHid12m,,2026-09-22T01:12:47Z,celec_ords/2026/09/repDiaHid12m.ndjson.gz#repDiaHid12m:2026-09-20
2026-02-18,delsitanisagua,caudal_m3s,32,ords:repDiaHid12m,,2026-09-22T01:12:47Z,celec_ords/2026/09/repDiaHid12m.ndjson.gz#repDiaHid12m:2026-09-20
2026-02-18,delsitanisagua,cota_masl,1488.52,ords:repDiaHid12m,,2026-09-22T01:12:47Z,celec_ords/2026/09/repDiaHid12m.ndjson.gz#repDiaHid12m:2026-09-20
2026-02-18,mazar,caudal_m3s,81,ords:repDiaHid12m,,2026-09-22T01:12:47Z,celec_ords/2026/09/repDiaHid12m.ndjson.gz#repDiaHid12m:2026-09-20
2026-02-18,mazar,cota_masl,2153.2,ords:repDiaHid12m,,2026-09-22T01:12:47Z,celec_ords/2026/09/repDiaHid12m.ndjson.gz#repDiaHid12m:2026-09-20
2026-02-18,minas_san_francisco,caudal_m3s,96,ords:repDiaHid12m,,2026-09-22T01:12:47Z,celec_ords/2026/09/repDiaHid12m.ndjson.gz#repDiaHid12m:2026-09-20
2026-02-18,minas_san_francisco,cota_masl,792.79,ords:repDiaHid12m,,2026-09-22T01:12:47Z,celec_ords/2026/09/repDiaHid12m.ndjson.gz#repDiaHid12m:2026-09-20
2026-02-19,amaluza,caudal_m3s,129,ords:repDiaHid12m,,2026-09-22T01:12:47Z,celec_ords/2026/09/repDiaHid12m.ndjson.gz#repDiaHid12m:2026-09-20
2026-02-19,amaluza,cota_masl,1987.46,ords:repDiaHid12m,,2026-09-22T01:12:47Z,celec_ords/2026/09/repDiaHid12m.ndjson.gz#repDiaHid12m:2026-09-20
2026-02-19,delsitanisagua,caudal_m3s,45,ords:repDiaHid12m,,2026-09-22T01:12:47Z,celec_ords/2026/09/repDiaHid12m.ndjson.gz#repDiaHid12m:2026-09-20
2026-02-19,delsitanisagua,cota_masl,1490.8,ords:repDiaHid12m,,2026-09-22T01:12:47Z,celec_ords/2026/09/repDiaHid12m.ndjson.gz#repDiaHid12m:2026-09-20
2026-02-19,mazar,caudal_m3s,88,ords:repDiaHid12m,,2026-09-22T01:12:47Z,celec_ords/2026/09/repDiaHid12m.ndjson.gz#repDiaHid12m:2026-09-20
2026-02-19,mazar,cota_masl,2153.05,ords:repDiaHid12m,,2026-09-22T01:12:47Z,celec_ords/2026/09/repDiaHid12m.ndjson.gz#repDiaHid12m:2026-09-20
2026-02-19,minas_san_francisco,caudal_m3s,85,ords:repDiaHid12m,,2026-09-22T01:12:47Z,celec_ords/2026/09/repDiaHid12m.ndjson.gz#repDiaHid12m:2026-09-20
2026-02-19,minas_san_francisco,cota_masl,792.82,ords:repDiaHid12m,,2026-09-22T01:12:47Z,celec_ords/2026/09/repDiaHid12m.ndjson.gz#repDiaHid12m:2026-09-20
2026-02-20,amaluza,caudal_m3s,136,ords:repDiaHid12m,,2026-09-22T01:12:47Z,celec_ords/2026/09/repDiaHid12m.ndjson.gz#repDiaHid12m:2026-09-20
2026-02-20,amaluza,cota_masl,1986.21,ords:repDiaHid12m,,2026-09-22T01:12:47Z,celec_ords/2026/09/repDiaHid12m.ndjson.gz#repDiaHid12m:2026-09-20
2026-02-20,delsitanisagua,caudal_m3s,39,ords:repDiaHid12m,,2026-09-22T01:12:47Z,celec_ords/2026/09/repDiaHid12m.ndjson.gz#repDiaHid12m:2026-09-20
2026-02-20,delsitanisagua,cota_masl,1490.94,ords:repDiaHid12m,,2026-09-22T01:12:47Z,celec_ords/2026/09/repDiaHid12m.ndjson.gz#repDiaHid12m:2026-09-20
2026-02-20,mazar,caudal_m3s,75,ords:repDiaHid12m,,2026-09-22T01:12:47Z,celec_ords/2026/09/repDiaHid12m.ndjson.gz#repDiaHid12m:2026-09-20
2026-02-20,mazar,cota_masl,2153.14,ords:repDiaHid12m,,2026-09-22T01:12:47Z,celec_ords/2026/09/repDiaHid12m.ndjson.gz#repDiaHid12m:2026-09-20
2026-02-20,minas_san_francisco,caudal_m3s,81,ords:repDiaHid12m,,2026-09-22T01:12:47Z,celec_ords/2026/09/repDiaHid12m.ndjson.gz#repDiaHid12m:2026-09-20
2026-02-20,minas_san_francisco,cota_masl,792.36,ords:repDiaHid12m,,2026-09-22T01:12:47Z,celec_ords/2026/09/repDiaHid12m.ndjson.gz#repDiaHid12m:2026-09-20
2026-02-21,amaluza,caudal_m3s,85,ords:repDiaHid12m,,2026-09-22T01:12:47Z,celec_ords/2026/09/repDiaHid12m.ndjson.gz#repDiaHid12m:2026-09-20
2026-02-21,amaluza,cota_masl,1985.48,ords:repDiaHid12m,,2026-09-22T01:12:47Z,celec_ords/2026/09/repDiaHid12m.ndjson.gz#repDiaHid12m:2026-09-20
2026-02-21,delsitanisagua,caudal_m3s,32,ords:repDiaHid12m,,2026-09-22T01:12:47Z,celec_ords/2026/09/repDiaHid12m.ndjson.gz#repDiaHid12m:2026-09-20
2026-02-21,delsitanisagua,cota_masl,1488.25,ords:repDiaHid12m,,2026-09-22T01:12:47Z,celec_ords/2026/09/repDiaHid12m.ndjson.gz#repDiaHid12m:2026-09-20
2026-02-21,mazar,caudal_m3s,60,ords:repDiaHid12m,,2026-09-22T01:12:47Z,celec_ords/2026/09/repDiaHid12m.ndjson.gz#repDiaHid12m:2026-09-20
2026-02-21,mazar,cota_masl,2152.97,ords:repDiaHid12m,,2026-09-22T01:12:47Z,celec_ords/2026/09/repDiaHid12m.ndjson.gz#repDiaHid12m:2026-09-20
2026-02-21,minas_san_francisco,caudal_m3s,70,ords:repDiaHid12m,,2026-09-22T01:12:47Z,celec_ords/2026/09/repDiaHid12m.ndjson.gz#repDiaHid12m:2026-09-20
2026-02-21,minas_san_francisco,cota_masl,791.51,ords:repDiaHid12m,,2026-09-22T01:12:47Z,celec_ords/2026/09/repDiaHid12m.ndjson.gz#repDiaHid12m:2026-09-20
2026-02-22,amaluza,caudal_m3s,64,ords:repDiaHid12m,,2026-09-22T01:12:47Z,celec_ords/2026/09/repDiaHid12m.ndjson.gz#repDiaHid12m:2026-09-20
2026-02-22,amaluza,cota_masl,1984.69,ords:repDiaHid12m,,2026-09-22T01:12:47Z,celec_ords/2026/09/repDiaHid12m.ndjson.gz#repDiaHid12m:2026-09-20
2026-02-22,delsitanisagua,caudal_m3s,28,ords:repDiaHid12m,,2026-09-22T01:12:47Z,celec_ords/2026/09/repDiaHid12m.ndjson.gz#repDiaHid12m:2026-09-20
2026-02-22,delsitanisagua,cota_masl,1487.75,ords:repDiaHid12m,,2026-09-22T01:12:47Z,celec_ords/2026/09/repDiaHid12m.ndjson.gz#repDiaHid12m:2026-09-20
2026-02-22,mazar,caudal_m3s,52,ords:repDiaHid12m,,2026-09-22T01:12:47Z,celec_ords/2026/09/repDiaHid12m.ndjson.gz#repDiaHid12m:2026-09-20
2026-02-22,mazar,cota_masl,2152.92,ords:repDiaHid12m,,2026-09-22T01:12:47Z,celec_ords/2026/09/repDiaHid12m.ndjson.gz#repDiaHid12m:2026-09-20
2026-02-22,minas_san_francisco,caudal_m3s,58,ords:repDiaHid12m,,2026-09-22T01:12:47Z,celec_ords/2026/09/repDiaHid12m.ndjson.gz#repDiaHid12m:2026-09-20
2026-02-22,minas_san_francisco,cota_masl,791.35,ords:repDiaHid12m,,2026-09-22T01:12:47Z,celec_ords/2026/09/repDiaHid12m.ndjson.gz#repDiaHid12m:2026-09-20
2026-02-23,amaluza,caudal_m3s,138,ords:repDiaHid12m,,2026-09-22T01:12:47Z,celec_ords/2026/09/repDiaHid12m.ndjson.gz#repDiaHid12m:2026-09-20
2026-02-23,amaluza,cota_masl,1984.99,ords:repDiaHid12m,,2026-09-22T01:12:47Z,celec_ords/2026/09/repDiaHid12m.ndjson.gz#repDiaHid12m:2026-09-20
2026-02-23,delsitanisagua,caudal_m3s,50,ords:repDiaHid12m,,2026-09-22T01:12:47Z,celec_ords/2026/09/repDiaHid12m.ndjson.gz#repDiaHid12m:2026-09-20
2026-02-23,delsitanisagua,cota_masl,1490.4,ords:repDiaHid12m,,2026-09-22T01:12:47Z,celec_ords/2026/09/repDiaHid12m.ndjson.gz#repDiaHid12m:2026-09-20
2026-02-23,mazar,caudal_m3s,93,ords:repDiaHid12m,,2026-09-22T01:12:47Z,celec_ords/2026/09/repDiaHid12m.ndjson.gz#repDiaHid12m:2026-09-20
2026-02-23,mazar,cota_masl,2152.69,ords:repDiaHid12m,,2026-09-22T01:12:47Z,celec_ords/2026/09/repDiaHid12m.ndjson.gz#repDiaHid12m:2026-09-20
2026-02-23,minas_san_francisco,caudal_m3s,280,ords:repDiaHid12m,,2026-09-22T01:12:47Z,celec_ords/2026/09/repDiaHid12m.ndjson.gz#repDiaHid12m:2026-09-20
2026-02-23,minas_san_francisco,cota_masl,792.31,ords:repDiaHid12m,,2026-09-22T01:12:47Z,celec_ords/2026/09/repDiaHid12m.ndjson.gz#repDiaHid12m:2026-09-20
2026-02-24,amaluza,caudal_m3s,131,ords:repDiaHid12m,,2026-09-22T01:12:47Z,celec_ords/2026/09/repDiaHid12m.ndjson.gz#repDiaHid12m:2026-09-20
2026-02-24,amaluza,cota_masl,1984.48,ords:repDiaHid12m,,2026-09-22T01:12:47Z,celec_ords/2026/09/repDiaHid12m.ndjson.gz#repDiaHid12m:2026-09-20
2026-02-24,delsitanisagua,caudal_m3s,42,ords:repDiaHid12m,,2026-09-22T01:12:47Z,celec_ords/2026/09/repDiaHid12m.ndjson.gz#repDiaHid12m:2026-09-20
2026-02-24,delsitanisagua,cota_masl,1490.29,ords:repDiaHid12m,,2026-09-22T01:12:47Z,celec_ords/2026/09/repDiaHid12m.ndjson.gz#repDiaHid12m:2026-09-20
2026-02-24,mazar,caudal_m3s,103,ords:repDiaHid12m,,2026-09-22T01:12:47Z,celec_ords/2026/09/repDiaHid12m.ndjson.gz#repDiaHid12m:2026-09-20
2026-02-24,mazar,cota_masl,2153.09,ords:repDiaHid12m,,2026-09-22T01:12:47Z,celec_ords/2026/09/repDiaHid12m.ndjson.gz#repDiaHid12m:2026-09-20
2026-02-24,minas_san_francisco,caudal_m3s,162,ords:repDiaHid12m,,2026-09-22T01:12:47Z,celec_ords/2026/09/repDiaHid12m.ndjson.gz#repDiaHid12m:2026-09-20
2026-02-24,minas_san_francisco,cota_masl,792.58,ords:repDiaHid12m,,2026-09-22T01:12:47Z,celec_ords/2026/09/repDiaHid12m.ndjson.gz#repDiaHid12m:2026-09-20
2026-02-25,amaluza,caudal_m3s,157,ords:repDiaHid12m,,2026-09-22T01:12:47Z,celec_ords/2026/09/repDiaHid12m.ndjson.gz#repDiaHid12m:2026-09-20
2026-02-25,amaluza,cota_masl,1985.93,ords:repDiaHid12m,,2026-09-22T01:12:47Z,celec_ords/2026/09/repDiaHid12m.ndjson.gz#repDiaHid12m:2026-09-20
2026-02-25,delsitanisagua,caudal_m3s,33,ords:repDiaHid12m,,2026-09-22T01:12:47Z,celec_ords/2026/09/repDiaHid12m.ndjson.gz#repDiaHid12m:2026-09-20
2026-02-25,delsitanisagua,cota_masl,1487.53,ords:repDiaHid12m,,2026-09-22T01:12:47Z,celec_ords/2026/09/repDiaHid12m.ndjson.gz#repDiaHid12m:2026-09-20
2026-02-25,mazar,caudal_m3s,141,ords:repDiaHid12m,,2026-09-22T01:12:47Z,celec_ords/2026/09/repDiaHid12m.ndjson.gz#repDiaHid12m:2026-09-20
2026-02-25,mazar,cota_masl,2153.26,ords:repDiaHid12m,,2026-09-22T01:12:47Z,celec_ords/2026/09/repDiaHid12m.ndjson.gz#repDiaHid12m:2026-09-20
2026-02-25,minas_san_francisco,caudal_m3s,207,ords:repDiaHid12m,,2026-09-22T01:12:47Z,celec_ords/2026/09/repDiaHid12m.ndjson.gz#repDiaHid12m:2026-09-20
2026-02-25,minas_san_francisco,cota_masl,792.39,ords:repDiaHid12m,,2026-09-22T01:12:47Z,celec_ords/2026/09/repDiaHid12m.ndjson.gz#repDiaHid12m:2026-09-20
2026-02-26,amaluza,caudal_m3s,130,ords:repDiaHid12m,,2026-09-22T01:12:47Z,celec_ords/2026/09/repDiaHid12m.ndjson.gz#repDiaHid12m:2026-09-20
2026-02-26,amaluza,cota_masl,1986.68,ords:repDiaHid12m,,2026-09-22T01:12:47Z,celec_ords/2026/09/repDiaHid12m.ndjson.gz#repDiaHid12m:2026-09-20
2026-02-26,delsitanisagua,caudal_m3s,30,ords:repDiaHid12m,,2026-09-22T01:12:47Z,celec_ords/2026/09/repDiaHid12m.ndjson.gz#repDiaHid12m:2026-09-20
2026-02-26,delsitanisagua,cota_masl,1487.13,ords:repDiaHid12m,,2026-09-22T01:12:47Z,celec_ords/2026/09/repDiaHid12m.ndjson.gz#repDiaHid12m:2026-09-20
2026-02-26,mazar,caudal_m3s,91,ords:repDiaHid12m,,2026-09-22T01:12:47Z,celec_ords/2026/09/repDiaHid12m.ndjson.gz#repDiaHid12m:2026-09-20
2026-02-26,mazar,cota_masl,2153.2,ords:repDiaHid12m,,2026-09-22T01:12:47Z,celec_ords/2026/09/repDiaHid12m.ndjson.gz#repDiaHid12m:2026-09-20
2026-02-26,minas_san_francisco,caudal_m3s,91,ords:repDiaHid12m,,2026-09-22T01:12:47Z,celec_ords/2026/09/repDiaHid12m.ndjson.gz#repDiaHid12m:2026-09-20
2026-02-26,minas_san_francisco,cota_masl,792.67,ords:repDiaHid12m,,2026-09-22T01:12:47Z,celec_ords/2026/09/repDiaHid12m.ndjson.gz#repDiaHid12m:2026-09-20
2026-02-27,amaluza,caudal_m3s,127,ords:repDiaHid12m,,2026-09-22T01:12:47Z,celec_ords/2026/09/repDiaHid12m.ndjson.gz#repDiaHid12m:2026-09-20
2026-02-27,amaluza,cota_masl,1986.5,ords:repDiaHid12m,,2026-09-22T01:12:47Z,celec_ords/2026/09/repDiaHid12m.ndjson.gz#repDiaHid12m:2026-09-20
2026-02-27,delsitanisagua,caudal_m3s,27,ords:repDiaHid12m,,2026-09-22T01:12:47Z,celec_ords/2026/09/repDiaHid12m.ndjson.gz#repDiaHid12m:2026-09-20
2026-02-27,delsitanisagua,cota_masl,1486.77,ords:repDiaHid12m,,2026-09-22T01:12:47Z,celec_ords/2026/09/repDiaHid12m.ndjson.gz#repDiaHid12m:2026-09-20
2026-02-27,mazar,caudal_m3s,57,ords:repDiaHid12m,,2026-09-22T01:12:47Z,celec_ords/2026/09/repDiaHid12m.ndjson.gz#repDiaHid12m:2026-09-20
2026-02-27,mazar,cota_masl,2152.76,ords:repDiaHid12m,,2026-09-22T01:12:47Z,celec_ords/2026/09/repDiaHid12m.ndjson.gz#repDiaHid12m:2026-09-20
2026-02-27,minas_san_francisco,caudal_m3s,67,ords:repDiaHid12m,,2026-09-22T01:12:47Z,celec_ords/2026/09/repDiaHid12m.ndjson.gz#repDiaHid12m:2026-09-20
2026-02-27,minas_san_francisco,cota_masl,792.38,ords:repDiaHid12m,,2026-09-22T01:12:47Z,celec_ords/2026/09/repDiaHid12m.ndjson.gz#repDiaHid12m:2026-09-20
2026-02-28,amaluza,caudal_m3s,87,ords:repDiaHid12m,,2026-09-22T01:12:47Z,celec_ords/2026/09/repDiaHid12m.ndjson.gz#repDiaHid12m:2026-09-20
2026-02-28,amaluza,cota_masl,1985.7,ords:repDiaHid12m,,2026-09-22T01:12:47Z,celec_ords/2026/09/repDiaHid12m.ndjson.gz#repDiaHid12m:2026-09-20
2026-02-28,delsitanisagua,caudal_m3s,26,ords:repDiaHid12m,,2026-09-22T01:12:47Z,celec_ords/2026/09/repDiaHid12m.ndjson.gz#repDiaHid12m:2026-09-20
2026-02-28,delsitanisagua,cota_masl,1488.33,ords:repDiaHid12m,,2026-09-22T01:12:47Z,celec_ords/2026/09/repDiaHid12m.ndjson.gz#repDiaHid12m:2026-09-20
2026-02-28,mazar,caudal_m3s,44,ords:repDiaHid12m,,2026-09-22T01:12:47Z,celec_ords/2026/09/repDiaHid12m.ndjson.gz#repDiaHid12m:2026-09-20
2026-02-28,mazar,cota_masl,2152.64,ords:repDiaHid12m,,2026-09-22T01:12:47Z,celec_ords/2026/09/repDiaHid12m.ndjson.gz#repDiaHid12m:2026-09-20
2026-02-28,minas_san_francisco,caudal_m3s,57,ords:repDiaHid12m,,2026-09-22T01:12:47Z,celec_ords/2026/09/repDiaHid12m.ndjson.gz#repDiaHid12m:2026-09-20
2026-02-28,minas_san_francisco,cota_masl,791.44,ords:repDiaHid12m,,2026-09-22T01:12:47Z,celec_ords/2026/09/repDiaHid12m.ndjson.gz#repDiaHid12m:2026-09-20
2026-03-01,amaluza,caudal_m3s,82,ords:repDiaHid12m,,2026-09-22T01:12:47Z,celec_ords/2026/09/repDiaHid12m.ndjson.gz#repDiaHid12m:2026-09-20
2026-03-01,amaluza,cota_masl,1985.24,ords:repDiaHid12m,,2026-09-22T01:12:47Z,celec_ords/2026/09/repDiaHid12m.ndjson.gz#repDiaHid12m:2026-09-20
2026-03-01,delsitanisagua,caudal_m3s,31,ords:repDiaHid12m,,2026-09-22T01:12:47Z,celec_ords/2026/09/repDiaHid12m.ndjson.gz#repDiaHid12m:2026-09-20
2026-03-01,delsitanisagua,cota_masl,1486.84,ords:repDiaHid12m,,2026-09-22T01:12:47Z,celec_ords/2026/09/repDiaHid12m.ndjson.gz#repDiaHid12m:2026-09-20
2026-03-01,mazar,caudal_m3s,48,ords:repDiaHid12m,,2026-09-22T01:12:47Z,celec_ords/2026/09/repDiaHid12m.ndjson.gz#repDiaHid12m:2026-09-20
2026-03-01,mazar,cota_masl,2152.76,ords:repDiaHid12m,,2026-09-22T01:12:47Z,celec_ords/2026/09/repDiaHid12m.ndjson.gz#repDiaHid12m:2026-09-20
2026-03-01,minas_san_francisco,caudal_m3s,58,ords:repDiaHid12m,,2026-09-22T01:12:47Z,celec_ords/2026/09/repDiaHid12m.ndjson.gz#repDiaHid12m:2026-09-20
2026-03-01,minas_san_francisco,cota_masl,791.31,ords:repDiaHid12m,,2026-09-22T01:12:47Z,celec_ords/2026/09/repDiaHid12m.ndjson.gz#repDiaHid12m:2026-09-20
2026-03-02,amaluza,caudal_m3s,151,ords:repDiaHid12m,,2026-09-22T01:12:47Z,celec_ords/2026/09/repDiaHid12m.ndjson.gz#repDiaHid12m:2026-09-20
2026-03-02,amaluza,cota_masl,1984.12,ords:repDiaHid12m,,2026-09-22T01:12:47Z,celec_ords/2026/09/repDiaHid12m.ndjson.gz#repDiaHid12m:2026-09-20
2026-03-02,delsitanisagua,caudal_m3s,31,ords:repDiaHid12m,,2026-09-22T01:12:47Z,celec_ords/2026/09/repDiaHid12m.ndjson.gz#repDiaHid12m:2026-09-20
2026-03-02,delsitanisagua,cota_masl,1488.25,ords:repDiaHid12m,,2026-09-22T01:12:47Z,celec_ords/2026/09/repDiaHid12m.ndjson.gz#repDiaHid12m:2026-09-20
2026-03-02,mazar,caudal_m3s,44,ords:repDiaHid12m,,2026-09-22T01:12:47Z,celec_ords/2026/09/repDiaHid12m.ndjson.gz#repDiaHid12m:2026-09-20
2026-03-02,mazar,cota_masl,2152.49,ords:repDiaHid12m,,2026-09-22T01:12:47Z,celec_ords/2026/09/repDiaHid12m.ndjson.gz#repDiaHid12m:2026-09-20
2026-03-02,minas_san_francisco,caudal_m3s,57,ords:repDiaHid12m,,2026-09-22T01:12:47Z,celec_ords/2026/09/repDiaHid12m.ndjson.gz#repDiaHid12m:2026-09-20
2026-03-02,minas_san_francisco,cota_masl,791.97,ords:repDiaHid12m,,2026-09-22T01:12:47Z,celec_ords/2026/09/repDiaHid12m.ndjson.gz#repDiaHid12m:2026-09-20
2026-03-03,amaluza,caudal_m3s,147,ords:repDiaHid12m,,2026-09-22T01:12:47Z,celec_ords/2026/09/repDiaHid12m.ndjson.gz#repDiaHid12m:2026-09-20
2026-03-03,amaluza,cota_masl,1983.46,ords:repDiaHid12m,,2026-09-22T01:12:47Z,celec_ords/2026/09/repDiaHid12m.ndjson.gz#repDiaHid12m:2026-09-20
2026-03-03,delsitanisagua,caudal_m3s,26,ords:repDiaHid12m,,2026-09-22T01:12:47Z,celec_ords/2026/09/repDiaHid12m.ndjson.gz#repDiaHid12m:2026-09-20
2026-03-03,delsitanisagua,cota_masl,1488.45,ords:repDiaHid12m,,2026-09-22T01:12:47Z,celec_ords/2026/09/repDiaHid12m.ndjson.gz#repDiaHid12m:2026-09-20
2026-03-03,mazar,caudal_m3s,33,ords:repDiaHid12m,,2026-09-22T01:12:47Z,celec_ords/2026/09/repDiaHid12m.ndjson.gz#repDiaHid12m:2026-09-20
2026-03-03,mazar,cota_masl,2152.16,ords:repDiaHid12m,,2026-09-22T01:12:47Z,celec_ords/2026/09/repDiaHid12m.ndjson.gz#repDiaHid12m:2026-09-20
2026-03-03,minas_san_francisco,caudal_m3s,47,ords:repDiaHid12m,,2026-09-22T01:12:47Z,celec_ords/2026/09/repDiaHid12m.ndjson.gz#repDiaHid12m:2026-09-20
2026-03-03,minas_san_francisco,cota_masl,789.85,ords:repDiaHid12m,,2026-09-22T01:12:47Z,celec_ords/2026/09/repDiaHid12m.ndjson.gz#repDiaHid12m:2026-09-20
2026-03-04,amaluza,caudal_m3s,130,ords:repDiaHid12m,,2026-09-22T01:12:47Z,celec_ords/2026/09/repDiaHid12m.ndjson.gz#repDiaHid12m:2026-09-20
2026-03-04,amaluza,cota_masl,1984.47,ords:repDiaHid12m,,2026-09-22T01:12:47Z,celec_ords/2026/09/repDiaHid12m.ndjson.gz#repDiaHid12m:2026-09-20
2026-03-04,delsitanisagua,caudal_m3s,28,ords:repDiaHid12m,,2026-09-22T01:12:47Z,celec_ords/2026/09/repDiaHid12m.ndjson.gz#repDiaHid12m:2026-09-20
2026-03-04,delsitanisagua,cota_masl,1487.96,ords:repDiaHid12m,,2026-09-22T01:12:47Z,celec_ords/2026/09/repDiaHid12m.ndjson.gz#repDiaHid12m:2026-09-20
2026-03-04,mazar,caudal_m3s,37,ords:repDiaHid12m,,2026-09-22T01:12:47Z,celec_ords/2026/09/repDiaHid12m.ndjson.gz#repDiaHid12m:2026-09-20
2026-03-04,mazar,cota_masl,2151.56,ords:repDiaHid12m,,2026-09-22T01:12:47Z,celec_ords/2026/09/repDiaHid12m.ndjson.gz#repDiaHid12m:2026-09-20
2026-03-04,minas_san_francisco,caudal_m3s,84,ords:repDiaHid12m,,2026-09-22T01:12:47Z,celec_ords/2026/09/repDiaHid12m.ndjson.gz#repDiaHid12m:2026-09-20
2026-03-04,minas_san_francisco,cota_masl,790.15,ords:repDiaHid12m,,2026-09-22T01:12:47Z,celec_ords/2026/09/repDiaHid12m.ndjson.gz#repDiaHid12m:2026-09-20
2026-03-05,amaluza,caudal_m3s,59,ords:repDiaHid12m,,2026-09-22T01:12:47Z,celec_ords/2026/09/repDiaHid12m.ndjson.gz#repDiaHid12m:2026-09-20
2026-03-05,amaluza,cota_masl,1985.6,ords:repDiaHid12m,,2026-09-22T01:12:47Z,celec_ords/2026/09/repDiaHid12m.ndjson.gz#repDiaHid12m:2026-09-20
2026-03-05,delsitanisagua,caudal_m3s,36,ords:repDiaHid12m,,2026-09-22T01:12:47Z,celec_ords/2026/09/repDiaHid12m.ndjson.gz#repDiaHid12m:2026-09-20
2026-03-05,delsitanisagua,cota_masl,1487.87,ords:repDiaHid12m,,2026-09-22T01:12:47Z,celec_ords/2026/09/repDiaHid12m.ndjson.gz#repDiaHid12m:2026-09-20
2026-03-05,mazar,caudal_m3s,65,ords:repDiaHid12m,,2026-09-22T01:12:47Z,celec_ords/2026/09/repDiaHid12m.ndjson.gz#repDiaHid12m:2026-09-20
2026-03-05,mazar,cota_masl,2151.28,ords:repDiaHid12m,,2026-09-22T01:12:47Z,celec_ords/2026/09/repDiaHid12m.ndjson.gz#repDiaHid12m:2026-09-20
2026-03-05,minas_san_francisco,caudal_m3s,77,ords:repDiaHid12m,,2026-09-22T01:12:47Z,celec_ords/2026/09/repDiaHid12m.ndjson.gz#repDiaHid12m:2026-09-20
2026-03-05,minas_san_francisco,cota_masl,792.66,ords:repDiaHid12m,,2026-09-22T01:12:47Z,celec_ords/2026/09/repDiaHid12m.ndjson.gz#repDiaHid12m:2026-09-20
2026-03-06,amaluza,caudal_m3s,82,ords:repDiaHid12m,,2026-09-22T01:12:47Z,celec_ords/2026/09/repDiaHid12m.ndjson.gz#repDiaHid12m:2026-09-20
2026-03-06,amaluza,cota_masl,1984.9,ords:repDiaHid12m,,2026-09-22T01:12:47Z,celec_ords/2026/09/repDiaHid12m.ndjson.gz#repDiaHid12m:2026-09-20
2026-03-06,delsitanisagua,caudal_m3s,34,ords:repDiaHid12m,,2026-09-22T01:12:47Z,celec_ords/2026/09/repDiaHid12m.ndjson.gz#repDiaHid12m:2026-09-20
2026-03-06,delsitanisagua,cota_masl,1488.3,ords:repDiaHid12m,,2026-09-22T01:12:47Z,celec_ords/2026/09/repDiaHid12m.ndjson.gz#repDiaHid12m:2026-09-20
2026-03-06,mazar,caudal_m3s,66,ords:repDiaHid12m,,2026-09-22T01:12:47Z,celec_ords/2026/09/repDiaHid12m.ndjson.gz#repDiaHid12m:2026-09-20
2026-03-06,mazar,cota_masl,2151.41,ords:repDiaHid12m,,2026-09-22T01:12:47Z,celec_ords/2026/09/repDiaHid12m.ndjson.gz#repDiaHid12m:2026-09-20
2026-03-06,minas_san_francisco,caudal_m3s,116,ords:repDiaHid12m,,2026-09-22T01:12:47Z,celec_ords/2026/09/repDiaHid12m.ndjson.gz#repDiaHid12m:2026-09-20
2026-03-06,minas_san_francisco,cota_masl,792.68,ords:repDiaHid12m,,2026-09-22T01:12:47Z,celec_ords/2026/09/repDiaHid12m.ndjson.gz#repDiaHid12m:2026-09-20
2026-03-07,amaluza,caudal_m3s,107,ords:repDiaHid12m,,2026-09-22T01:12:47Z,celec_ords/2026/09/repDiaHid12m.ndjson.gz#repDiaHid12m:2026-09-20
2026-03-07,amaluza,cota_masl,1984.38,ords:repDiaHid12m,,2026-09-22T01:12:47Z,celec_ords/2026/09/repDiaHid12m.ndjson.gz#repDiaHid12m:2026-09-20
2026-03-07,delsitanisagua,caudal_m3s,33,ords:repDiaHid12m,,2026-09-22T01:12:47Z,celec_ords/2026/09/repDiaHid12m.ndjson.gz#repDiaHid12m:2026-09-20
2026-03-07,delsitanisagua,cota_masl,1487.74,ords:repDiaHid12m,,2026-09-22T01:12:47Z,celec_ords/2026/09/repDiaHid12m.ndjson.gz#repDiaHid12m:2026-09-20
2026-03-07,mazar,caudal_m3s,38,ords:repDiaHid12m,,2026-09-22T01:12:47Z,celec_ords/2026/09/repDiaHid12m.ndjson.gz#repDiaHid12m:2026-09-20
2026-03-07,mazar,cota_masl,2151.63,ords:repDiaHid12m,,2026-09-22T01:12:47Z,celec_ords/2026/09/repDiaHid12m.ndjson.gz#repDiaHid12m:2026-09-20
2026-03-07,minas_san_francisco,caudal_m3s,118,ords:repDiaHid12m,,2026-09-22T01:12:47Z,celec_ords/2026/09/repDiaHid12m.ndjson.gz#repDiaHid12m:2026-09-20
2026-03-07,minas_san_francisco,cota_masl,792.79,ords:repDiaHid12m,,2026-09-22T01:12:47Z,celec_ords/2026/09/repDiaHid12m.ndjson.gz#repDiaHid12m:2026-09-20
2026-03-08,amaluza,caudal_m3s,115,ords:repDiaHid12m,,2026-09-22T01:12:47Z,celec_ords/2026/09/repDiaHid12m.ndjson.gz#repDiaHid12m:2026-09-20
2026-03-08,amaluza,cota_masl,1984.31,ords:repDiaHid12m,,2026-09-22T01:12:47Z,celec_ords/2026/09/repDiaHid12m.ndjson.gz#repDiaHid12m:2026-09-20
2026-03-08,delsitanisagua,caudal_m3s,36,ords:repDiaHid12m,,2026-09-22T01:12:47Z,celec_ords/2026/09/repDiaHid12m.ndjson.gz#repDiaHid12m:2026-09-20
2026-03-08,delsitanisagua,cota_masl,1488.16,ords:repDiaHid12m,,2026-09-22T01:12:47Z,celec_ords/2026/09/repDiaHid12m.ndjson.gz#repDiaHid12m:2026-09-20
2026-03-08,mazar,caudal_m3s,40,ords:repDiaHid12m,,2026-09-22T01:12:47Z,celec_ords/2026/09/repDiaHid12m.ndjson.gz#repDiaHid12m:2026-09-20
2026-03-08,mazar,cota_masl,2151.67,ords:repDiaHid12m,,2026-09-22T01:12:47Z,celec_ords/2026/09/repDiaHid12m.ndjson.gz#repDiaHid12m:2026-09-20
2026-03-08,minas_san_francisco,caudal_m3s,143,ords:repDiaHid12m,,2026-09-22T01:12:47Z,celec_ords/2026/09/repDiaHid12m.ndjson.gz#repDiaHid12m:2026-09-20
2026-03-08,minas_san_francisco,cota_masl,792.66,ords:repDiaHid12m,,2026-09-22T01:12:47Z,celec_ords/2026/09/repDiaHid12m.ndjson.gz#repDiaHid12m:2026-09-20
2026-03-09,amaluza,caudal_m3s,118,ords:repDiaHid12m,,2026-09-22T01:12:47Z,celec_ords/2026/09/repDiaHid12m.ndjson.gz#repDiaHid12m:2026-09-20
2026-03-09,amaluza,cota_masl,1984.64,ords:repDiaHid12m,,2026-09-22T01:12:47Z,celec_ords/2026/09/repDiaHid12m.ndjson.gz#repDiaHid12m:2026-09-20
2026-03-09,delsitanisagua,caudal_m3s,28,ords:repDiaHid12m,,2026-09-22T01:12:47Z,celec_ords/2026/09/repDiaHid12m.ndjson.gz#repDiaHid12m:2026-09-20
2026-03-09,delsitanisagua,cota_masl,1488.05,ords:repDiaHid12m,,2026-09-22T01:12:47Z,celec_ords/2026/09/repDiaHid12m.ndjson.gz#repDiaHid12m:2026-09-20
2026-03-09,mazar,caudal_m3s,83,ords:repDiaHid12m,,2026-09-22T01:12:47Z,celec_ords/2026/09/repDiaHid12m.ndjson.gz#repDiaHid12m:2026-09-20
2026-03-09,mazar,cota_masl,2151.79,ords:repDiaHid12m,,2026-09-22T01:12:47Z,celec_ords/2026/09/repDiaHid12m.ndjson.gz#repDiaHid12m:2026-09-20
2026-03-09,minas_san_francisco,caudal_m3s,258,ords:repDiaHid12m,,2026-09-22T01:12:47Z,celec_ords/2026/09/repDiaHid12m.ndjson.gz#repDiaHid12m:2026-09-20
2026-03-09,minas_san_francisco,cota_masl,792.54,ords:repDiaHid12m,,2026-09-22T01:12:47Z,celec_ords/2026/09/repDiaHid12m.ndjson.gz#repDiaHid12m:2026-09-20
2026-03-10,amaluza,caudal_m3s,167,ords:repDiaHid12m,,2026-09-22T01:12:47Z,celec_ords/2026/09/repDiaHid12m.ndjson.gz#repDiaHid12m:2026-09-20
2026-03-10,amaluza,cota_masl,1984.2,ords:repDiaHid12m,,2026-09-22T01:12:47Z,celec_ords/2026/09/repDiaHid12m.ndjson.gz#repDiaHid12m:2026-09-20
2026-03-10,delsitanisagua,caudal_m3s,31,ords:repDiaHid12m,,2026-09-22T01:12:47Z,celec_ords/2026/09/repDiaHid12m.ndjson.gz#repDiaHid12m:2026-09-20
2026-03-10,delsitanisagua,cota_masl,1488.11,ords:repDiaHid12m,,2026-09-22T01:12:47Z,celec_ords/2026/09/repDiaHid12m.ndjson.gz#repDiaHid12m:2026-09-20
2026-03-10,mazar,caudal_m3s,80,ords:repDiaHid12m,,2026-09-22T01:12:47Z,celec_ords/2026/09/repDiaHid12m.ndjson.gz#repDiaHid12m:2026-09-20
2026-03-10,mazar,cota_masl,2151.91,ords:repDiaHid12m,,2026-09-22T01:12:47Z,celec_ords/2026/09/repDiaHid12m.ndjson.gz#repDiaHid12m:2026-09-20
2026-03-10,minas_san_francisco,caudal_m3s,341,ords:repDiaHid12m,,2026-09-22T01:12:47Z,celec_ords/2026/09/repDiaHid12m.ndjson.gz#repDiaHid12m:2026-09-20
2026-03-10,minas_san_francisco,cota_masl,792.53,ords:repDiaHid12m,,2026-09-22T01:12:47Z,celec_ords/2026/09/repDiaHid12m.ndjson.gz#repDiaHid12m:2026-09-20
2026-03-11,amaluza,caudal_m3s,101,ords:repDiaHid12m,,2026-09-22T01:12:47Z,celec_ords/2026/09/repDiaHid12m.ndjson.gz#repDiaHid12m:2026-09-20
2026-03-11,amaluza,cota_masl,1984.37,ords:repDiaHid12m,,2026-09-22T01:12:47Z,celec_ords/2026/09/repDiaHid12m.ndjson.gz#repDiaHid12m:2026-09-20
2026-03-11,delsitanisagua,caudal_m3s,31,ords:repDiaHid12m,,2026-09-22T01:12:47Z,celec_ords/2026/09/repDiaHid12m.ndjson.gz#repDiaHid12m:2026-09-20
2026-03-11,delsitanisagua,cota_masl,1487.78,ords:repDiaHid12m,,2026-09-22T01:12:47Z,celec_ords/2026/09/repDiaHid12m.ndjson.gz#repDiaHid12m:2026-09-20
2026-03-11,mazar,caudal_m3s,126,ords:repDiaHid12m,,2026-09-22T01:12:47Z,celec_ords/2026/09/repDiaHid12m.ndjson.gz#repDiaHid12m:2026-09-20
2026-03-11,mazar,cota_masl,2152.88,ords:repDiaHid12m,,2026-09-22T01:12:47Z,celec_ords/2026/09/repDiaHid12m.ndjson.gz#repDiaHid12m:2026-09-20
2026-03-11,minas_san_francisco,caudal_m3s,295,ords:repDiaHid12m,,2026-09-22T01:12:47Z,celec_ords/2026/09/repDiaHid12m.ndjson.gz#repDiaHid12m:2026-09-20
2026-03-11,minas_san_francisco,cota_masl,792.11,ords:repDiaHid12m,,2026-09-22T01:12:47Z,celec_ords/2026/09/repDiaHid12m.ndjson.gz#repDiaHid12m:2026-09-20
2026-03-12,amaluza,caudal_m3s,250,ords:repDiaHid12m,,2026-09-22T01:12:47Z,celec_ords/2026/09/repDiaHid12m.ndjson.gz#repDiaHid12m:2026-09-20
2026-03-12,amaluza,cota_masl,1985.2,ords:repDiaHid12m,,2026-09-22T01:12:47Z,celec_ords/2026/09/repDiaHid12m.ndjson.gz#repDiaHid12m:2026-09-20
2026-03-12,delsitanisagua,caudal_m3s,42,ords:repDiaHid12m,,2026-09-22T01:12:47Z,celec_ords/2026/09/repDiaHid12m.ndjson.gz#repDiaHid12m:2026-09-20
2026-03-12,delsitanisagua,cota_masl,1490.45,ords:repDiaHid12m,,2026-09-22T01:12:47Z,celec_ords/2026/09/repDiaHid12m.ndjson.gz#repDiaHid12m:2026-09-20
2026-03-12,mazar,caudal_m3s,255,ords:repDiaHid12m,,2026-09-22T01:12:47Z,celec_ords/2026/09/repDiaHid12m.ndjson.gz#repDiaHid12m:2026-09-20
2026-03-12,mazar,cota_masl,2154.03,ords:repDiaHid12m,,2026-09-22T01:12:47Z,celec_ords/2026/09/repDiaHid12m.ndjson.gz#repDiaHid12m:2026-09-20
2026-03-12,minas_san_francisco,caudal_m3s,556,ords:repDiaHid12m,,2026-09-22T01:12:47Z,celec_ords/2026/09/repDiaHid12m.ndjson.gz#repDiaHid12m:2026-09-20
2026-03-12,minas_san_francisco,cota_masl,791.83,ords:repDiaHid12m,,2026-09-22T01:12:47Z,celec_ords/2026/09/repDiaHid12m.ndjson.gz#repDiaHid12m:2026-09-20
2026-03-13,amaluza,caudal_m3s,251,ords:repDiaHid12m,,2026-09-22T01:12:47Z,celec_ords/2026/09/repDiaHid12m.ndjson.gz#repDiaHid12m:2026-09-20
2026-03-13,amaluza,cota_masl,1989.55,ords:repDiaHid12m,,2026-09-22T01:12:47Z,celec_ords/2026/09/repDiaHid12m.ndjson.gz#repDiaHid12m:2026-09-20
2026-03-13,delsitanisagua,caudal_m3s,35,ords:repDiaHid12m,,2026-09-22T01:12:47Z,celec_ords/2026/09/repDiaHid12m.ndjson.gz#repDiaHid12m:2026-09-20
2026-03-13,delsitanisagua,cota_masl,1490.9,ords:repDiaHid12m,,2026-09-22T01:12:47Z,celec_ords/2026/09/repDiaHid12m.ndjson.gz#repDiaHid12m:2026-09-20
2026-03-13,mazar,caudal_m3s,168,ords:repDiaHid12m,,2026-09-22T01:12:47Z,celec_ords/2026/09/repDiaHid12m.ndjson.gz#repDiaHid12m:2026-09-20
2026-03-13,mazar,cota_masl,2153.75,ords:repDiaHid12m,,2026-09-22T01:12:47Z,celec_ords/2026/09/repDiaHid12m.ndjson.gz#repDiaHid12m:2026-09-20
2026-03-13,minas_san_francisco,caudal_m3s,294,ords:repDiaHid12m,,2026-09-22T01:12:47Z,celec_ords/2026/09/repDiaHid12m.ndjson.gz#repDiaHid12m:2026-09-20
2026-03-13,minas_san_francisco,cota_masl,792.33,ords:repDiaHid12m,,2026-09-22T01:12:47Z,celec_ords/2026/09/repDiaHid12m.ndjson.gz#repDiaHid12m:2026-09-20
2026-03-14,amaluza,caudal_m3s,169,ords:repDiaHid12m,,2026-09-22T01:12:47Z,celec_ords/2026/09/repDiaHid12m.ndjson.gz#repDiaHid12m:2026-09-20
2026-03-14,amaluza,cota_masl,1989.61,ords:repDiaHid12m,,2026-09-22T01:12:47Z,celec_ords/2026/09/repDiaHid12m.ndjson.gz#repDiaHid12m:2026-09-20
2026-03-14,delsitanisagua,caudal_m3s,42,ords:repDiaHid12m,,2026-09-22T01:12:47Z,celec_ords/2026/09/repDiaHid12m.ndjson.gz#repDiaHid12m:2026-09-20
2026-03-14,delsitanisagua,cota_masl,1490.84,ords:repDiaHid12m,,2026-09-22T01:12:47Z,celec_ords/2026/09/repDiaHid12m.ndjson.gz#repDiaHid12m:2026-09-20
2026-03-14,mazar,caudal_m3s,121,ords:repDiaHid12m,,2026-09-22T01:12:47Z,celec_ords/2026/09/repDiaHid12m.ndjson.gz#repDiaHid12m:2026-09-20
2026-03-14,mazar,cota_masl,2153.44,ords:repDiaHid12m,,2026-09-22T01:12:47Z,celec_ords/2026/09/repDiaHid12m.ndjson.gz#repDiaHid12m:2026-09-20
2026-03-14,minas_san_francisco,caudal_m3s,220,ords:repDiaHid12m,,2026-09-22T01:12:47Z,celec_ords/2026/09/repDiaHid12m.ndjson.gz#repDiaHid12m:2026-09-20
2026-03-14,minas_san_francisco,cota_masl,792.42,ords:repDiaHid12m,,2026-09-22T01:12:47Z,celec_ords/2026/09/repDiaHid12m.ndjson.gz#repDiaHid12m:2026-09-20
2026-03-15,amaluza,caudal_m3s,146,ords:repDiaHid12m,,2026-09-22T01:12:47Z,celec_ords/2026/09/repDiaHid12m.ndjson.gz#repDiaHid12m:2026-09-20
2026-03-15,amaluza,cota_masl,1988.91,ords:repDiaHid12m,,2026-09-22T01:12:47Z,celec_ords/2026/09/repDiaHid12m.ndjson.gz#repDiaHid12m:2026-09-20
2026-03-15,delsitanisagua,caudal_m3s,31,ords:repDiaHid12m,,2026-09-22T01:12:47Z,celec_ords/2026/09/repDiaHid12m.ndjson.gz#repDiaHid12m:2026-09-20
2026-03-15,delsitanisagua,cota_masl,1490.83,ords:repDiaHid12m,,2026-09-22T01:12:47Z,celec_ords/2026/09/repDiaHid12m.ndjson.gz#repDiaHid12m:2026-09-20
2026-03-15,mazar,caudal_m3s,83,ords:repDiaHid12m,,2026-09-22T01:12:47Z,celec_ords/2026/09/repDiaHid12m.ndjson.gz#repDiaHid12m:2026-09-20
2026-03-15,mazar,cota_masl,2153.13,ords:repDiaHid12m,,2026-09-22T01:12:47Z,celec_ords/2026/09/repDiaHid12m.ndjson.gz#repDiaHid12m:2026-09-20
2026-03-15,minas_san_francisco,caudal_m3s,138,ords:repDiaHid12m,,2026-09-22T01:12:47Z,celec_ords/2026/09/repDiaHid12m.ndjson.gz#repDiaHid12m:2026-09-20
2026-03-15,minas_san_francisco,cota_masl,792.44,ords:repDiaHid12m,,2026-09-22T01:12:47Z,celec_ords/2026/09/repDiaHid12m.ndjson.gz#repDiaHid12m:2026-09-20
2026-03-16,amaluza,caudal_m3s,147,ords:repDiaHid12m,,2026-09-22T01:12:47Z,celec_ords/2026/09/repDiaHid12m.ndjson.gz#repDiaHid12m:2026-09-20
2026-03-16,amaluza,cota_masl,1987.28,ords:repDiaHid12m,,2026-09-22T01:12:47Z,celec_ords/2026/09/repDiaHid12m.ndjson.gz#repDiaHid12m:2026-09-20
2026-03-16,delsitanisagua,caudal_m3s,25,ords:repDiaHid12m,,2026-09-22T01:12:47Z,celec_ords/2026/09/repDiaHid12m.ndjson.gz#repDiaHid12m:2026-09-20
2026-03-16,delsitanisagua,cota_masl,1488.36,ords:repDiaHid12m,,2026-09-22T01:12:47Z,celec_ords/2026/09/repDiaHid12m.ndjson.gz#repDiaHid12m:2026-09-20
2026-03-16,mazar,caudal_m3s,104,ords:repDiaHid12m,,2026-09-22T01:12:47Z,celec_ords/2026/09/repDiaHid12m.ndjson.gz#repDiaHid12m:2026-09-20
2026-03-16,mazar,cota_masl,2152.88,ords:repDiaHid12m,,2026-09-22T01:12:47Z,celec_ords/2026/09/repDiaHid12m.ndjson.gz#repDiaHid12m:2026-09-20
2026-03-16,minas_san_francisco,caudal_m3s,106,ords:repDiaHid12m,,2026-09-22T01:12:47Z,celec_ords/2026/09/repDiaHid12m.ndjson.gz#repDiaHid12m:2026-09-20
2026-03-16,minas_san_francisco,cota_masl,792.8,ords:repDiaHid12m,,2026-09-22T01:12:47Z,celec_ords/2026/09/repDiaHid12m.ndjson.gz#repDiaHid12m:2026-09-20
2026-03-17,amaluza,caudal_m3s,99,ords:repDiaHid12m,,2026-09-22T01:12:47Z,celec_ords/2026/09/repDiaHid12m.ndjson.gz#repDiaHid12m:2026-09-20
2026-03-17,amaluza,cota_masl,1986.37,ords:repDiaHid12m,,2026-09-22T01:12:47Z,celec_ords/2026/09/repDiaHid12m.ndjson.gz#repDiaHid12m:2026-09-20
2026-03-17,delsitanisagua,caudal_m3s,30,ords:repDiaHid12m,,2026-09-22T01:12:47Z,celec_ords/2026/09/repDiaHid12m.ndjson.gz#repDiaHid12m:2026-09-20
2026-03-17,delsitanisagua,cota_masl,1488.66,ords:repDiaHid12m,,2026-09-22T01:12:47Z,celec_ords/2026/09/repDiaHid12m.ndjson.gz#repDiaHid12m:2026-09-20
2026-03-17,mazar,caudal_m3s,54,ords:repDiaHid12m,,2026-09-22T01:12:47Z,celec_ords/2026/09/repDiaHid12m.ndjson.gz#repDiaHid12m:2026-09-20
2026-03-17,mazar,cota_masl,2152.59,ords:repDiaHid12m,,2026-09-22T01:12:47Z,celec_ords/2026/09/repDiaHid12m.ndjson.gz#repDiaHid12m:2026-09-20
2026-03-17,minas_san_francisco,caudal_m3s,96,ords:repDiaHid12m,,2026-09-22T01:12:47Z,celec_ords/2026/09/repDiaHid12m.ndjson.gz#repDiaHid12m:2026-09-20
2026-03-17,minas_san_francisco,cota_masl,792.78,ords:repDiaHid12m,,2026-09-22T01:12:47Z,celec_ords/2026/09/repDiaHid12m.ndjson.gz#repDiaHid12m:2026-09-20
2026-03-18,amaluza,caudal_m3s,136,ords:repDiaHid12m,,2026-09-22T01:12:47Z,celec_ords/2026/09/repDiaHid12m.ndjson.gz#repDiaHid12m:2026-09-20
2026-03-18,amaluza,cota_masl,1986.05,ords:repDiaHid12m,,2026-09-22T01:12:47Z,celec_ords/2026/09/repDiaHid12m.ndjson.gz#repDiaHid12m:2026-09-20
2026-03-18,delsitanisagua,caudal_m3s,25,ords:repDiaHid12m,,2026-09-22T01:12:47Z,celec_ords/2026/09/repDiaHid12m.ndjson.gz#repDiaHid12m:2026-09-20
2026-03-18,delsitanisagua,cota_masl,1486.66,ords:repDiaHid12m,,2026-09-22T01:12:47Z,celec_ords/2026/09/repDiaHid12m.ndjson.gz#repDiaHid12m:2026-09-20
2026-03-18,mazar,caudal_m3s,35,ords:repDiaHid12m,,2026-09-22T01:12:47Z,celec_ords/2026/09/repDiaHid12m.ndjson.gz#repDiaHid12m:2026-09-20
2026-03-18,mazar,cota_masl,2151.92,ords:repDiaHid12m,,2026-09-22T01:12:47Z,celec_ords/2026/09/repDiaHid12m.ndjson.gz#repDiaHid12m:2026-09-20
2026-03-18,minas_san_francisco,caudal_m3s,78,ords:repDiaHid12m,,2026-09-22T01:12:47Z,celec_ords/2026/09/repDiaHid12m.ndjson.gz#repDiaHid12m:2026-09-20
2026-03-18,minas_san_francisco,cota_masl,792.83,ords:repDiaHid12m,,2026-09-22T01:12:47Z,celec_ords/2026/09/repDiaHid12m.ndjson.gz#repDiaHid12m:2026-09-20
2026-03-19,amaluza,caudal_m3s,133,ords:repDiaHid12m,,2026-09-22T01:12:47Z,celec_ords/2026/09/repDiaHid12m.ndjson.gz#repDiaHid12m:2026-09-20
2026-03-19,amaluza,cota_masl,1984.82,ords:repDiaHid12m,,2026-09-22T01:12:47Z,celec_ords/2026/09/repDiaHid12m.ndjson.gz#repDiaHid12m:2026-09-20
2026-03-19,delsitanisagua,caudal_m3s,23,ords:repDiaHid12m,,2026-09-22T01:12:47Z,celec_ords/2026/09/repDiaHid12m.ndjson.gz#repDiaHid12m:2026-09-20
2026-03-19,delsitanisagua,cota_masl,1487.22,ords:repDiaHid12m,,2026-09-22T01:12:47Z,celec_ords/2026/09/repDiaHid12m.ndjson.gz#repDiaHid12m:2026-09-20
2026-03-19,mazar,caudal_m3s,31,ords:repDiaHid12m,,2026-09-22T01:12:47Z,celec_ords/2026/09/repDiaHid12m.ndjson.gz#repDiaHid12m:2026-09-20
2026-03-19,mazar,cota_masl,2151.48,ords:repDiaHid12m,,2026-09-22T01:12:47Z,celec_ords/2026/09/repDiaHid12m.ndjson.gz#repDiaHid12m:2026-09-20
2026-03-19,minas_san_francisco,caudal_m3s,71,ords:repDiaHid12m,,2026-09-22T01:12:47Z,celec_ords/2026/09/repDiaHid12m.ndjson.gz#repDiaHid12m:2026-09-20
2026-03-19,minas_san_francisco,cota_masl,792.63,ords:repDiaHid12m,,2026-09-22T01:12:47Z,celec_ords/2026/09/repDiaHid12m.ndjson.gz#repDiaHid12m:2026-09-20
2026-03-20,amaluza,caudal_m3s,138,ords:repDiaHid12m,,2026-09-22T01:12:47Z,celec_ords/2026/09/repDiaHid12m.ndjson.gz#repDiaHid12m:2026-09-20
2026-03-20,amaluza,cota_masl,1983.5,ords:repDiaHid12m,,2026-09-22T01:12:47Z,celec_ords/2026/09/repDiaHid12m.ndjson.gz#repDiaHid12m:2026-09-20
2026-03-20,delsitanisagua,caudal_m3s,24,ords:repDiaHid12m,,2026-09-22T01:12:47Z,celec_ords/2026/09/repDiaHid12m.ndjson.gz#repDiaHid12m:2026-09-20
2026-03-20,delsitanisagua,cota_masl,1487.88,ords:repDiaHid12m,,2026-09-22T01:12:47Z,celec_ords/2026/09/repDiaHid12m.ndjson.gz#repDiaHid12m:2026-09-20
2026-03-20,mazar,caudal_m3s,33,ords:repDiaHid12m,,2026-09-22T01:12:47Z,celec_ords/2026/09/repDiaHid12m.ndjson.gz#repDiaHid12m:2026-09-20
2026-03-20,mazar,cota_masl,2150.96,ords:repDiaHid12m,,2026-09-22T01:12:47Z,celec_ords/2026/09/repDiaHid12m.ndjson.gz#repDiaHid12m:2026-09-20
2026-03-20,minas_san_francisco,caudal_m3s,58,ords:repDiaHid12m,,2026-09-22T01:12:47Z,celec_ords/2026/09/repDiaHid12m.ndjson.gz#repDiaHid12m:2026-09-20
2026-03-20,minas_san_francisco,cota_masl,791.8,ords:repDiaHid12m,,2026-09-22T01:12:47Z,celec_ords/2026/09/repDiaHid12m.ndjson.gz#repDiaHid12m:2026-09-20
2026-03-21,amaluza,caudal_m3s,138,ords:repDiaHid12m,,2026-09-22T01:12:47Z,celec_ords/2026/09/repDiaHid12m.ndjson.gz#repDiaHid12m:2026-09-20
2026-03-21,amaluza,cota_masl,1982.68,ords:repDiaHid12m,,2026-09-22T01:12:47Z,celec_ords/2026/09/repDiaHid12m.ndjson.gz#repDiaHid12m:2026-09-20
2026-03-21,delsitanisagua,caudal_m3s,29,ords:repDiaHid12m,,2026-09-22T01:12:47Z,celec_ords/2026/09/repDiaHid12m.ndjson.gz#repDiaHid12m:2026-09-20
2026-03-21,delsitanisagua,cota_masl,1487.8,ords:repDiaHid12m,,2026-09-22T01:12:47Z,celec_ords/2026/09/repDiaHid12m.ndjson.gz#repDiaHid12m:2026-09-20
2026-03-21,mazar,caudal_m3s,46,ords:repDiaHid12m,,2026-09-22T01:12:47Z,celec_ords/2026/09/repDiaHid12m.ndjson.gz#repDiaHid12m:2026-09-20
2026-03-21,mazar,cota_masl,2150.45,ords:repDiaHid12m,,2026-09-22T01:12:47Z,celec_ords/2026/09/repDiaHid12m.ndjson.gz#repDiaHid12m:2026-09-20
2026-03-21,minas_san_francisco,caudal_m3s,48,ords:repDiaHid12m,,2026-09-22T01:12:47Z,celec_ords/2026/09/repDiaHid12m.ndjson.gz#repDiaHid12m:2026-09-20
2026-03-21,minas_san_francisco,cota_masl,789.73,ords:repDiaHid12m,,2026-09-22T01:12:47Z,celec_ords/2026/09/repDiaHid12m.ndjson.gz#repDiaHid12m:2026-09-20
2026-03-22,amaluza,caudal_m3s,149,ords:repDiaHid12m,,2026-09-22T01:12:47Z,celec_ords/2026/09/repDiaHid12m.ndjson.gz#repDiaHid12m:2026-09-20
2026-03-22,amaluza,cota_masl,1982.77,ords:repDiaHid12m,,2026-09-22T01:12:47Z,celec_ords/2026/09/repDiaHid12m.ndjson.gz#repDiaHid12m:2026-09-20
2026-03-22,delsitanisagua,caudal_m3s,27,ords:repDiaHid12m,,2026-09-22T01:12:47Z,celec_ords/2026/09/repDiaHid12m.ndjson.gz#repDiaHid12m:2026-09-20
2026-03-22,delsitanisagua,cota_masl,1487.42,ords:repDiaHid12m,,2026-09-22T01:12:47Z,celec_ords/2026/09/repDiaHid12m.ndjson.gz#repDiaHid12m:2026-09-20
2026-03-22,mazar,caudal_m3s,24,ords:repDiaHid12m,,2026-09-22T01:12:47Z,celec_ords/2026/09/repDiaHid12m.ndjson.gz#repDiaHid12m:2026-09-20
2026-03-22,mazar,cota_masl,2149.87,ords:repDiaHid12m,,2026-09-22T01:12:47Z,celec_ords/2026/09/repDiaHid12m.ndjson.gz#repDiaHid12m:2026-09-20
2026-03-22,minas_san_francisco,caudal_m3s,39,ords:repDiaHid12m,,2026-09-22T01:12:47Z,celec_ords/2026/09/repDiaHid12m.ndjson.gz#repDiaHid12m:2026-09-20
2026-03-22,minas_san_francisco,cota_masl,788.75,ords:repDiaHid12m,,2026-09-22T01:12:47Z,celec_ords/2026/09/repDiaHid12m.ndjson.gz#repDiaHid12m:2026-09-20
2026-03-23,amaluza,caudal_m3s,153,ords:repDiaHid12m,,2026-09-22T01:12:47Z,celec_ords/2026/09/repDiaHid12m.ndjson.gz#repDiaHid12m:2026-09-20
2026-03-23,amaluza,cota_masl,1983.57,ords:repDiaHid12m,,2026-09-22T01:12:47Z,celec_ords/2026/09/repDiaHid12m.ndjson.gz#repDiaHid12m:2026-09-20
2026-03-23,delsitanisagua,caudal_m3s,27,ords:repDiaHid12m,,2026-09-22T01:12:47Z,celec_ords/2026/09/repDiaHid12m.ndjson.gz#repDiaHid12m:2026-09-20
2026-03-23,delsitanisagua,cota_masl,1488.82,ords:repDiaHid12m,,2026-09-22T01:12:47Z,celec_ords/2026/09/repDiaHid12m.ndjson.gz#repDiaHid12m:2026-09-20
2026-03-23,mazar,caudal_m3s,27,ords:repDiaHid12m,,2026-09-22T01:12:47Z,celec_ords/2026/09/repDiaHid12m.ndjson.gz#repDiaHid12m:2026-09-20
2026-03-23,mazar,cota_masl,2148.89,ords:repDiaHid12m,,2026-09-22T01:12:47Z,celec_ords/2026/09/repDiaHid12m.ndjson.gz#repDiaHid12m:2026-09-20
2026-03-23,minas_san_francisco,caudal_m3s,51,ords:repDiaHid12m,,2026-09-22T01:12:47Z,celec_ords/2026/09/repDiaHid12m.ndjson.gz#repDiaHid12m:2026-09-20
2026-03-23,minas_san_francisco,cota_masl,790.04,ords:repDiaHid12m,,2026-09-22T01:12:47Z,celec_ords/2026/09/repDiaHid12m.ndjson.gz#repDiaHid12m:2026-09-20
2026-03-24,amaluza,caudal_m3s,138,ords:repDiaHid12m,,2026-09-22T01:12:47Z,celec_ords/2026/09/repDiaHid12m.ndjson.gz#repDiaHid12m:2026-09-20
2026-03-24,amaluza,cota_masl,1983.15,ords:repDiaHid12m,,2026-09-22T01:12:47Z,celec_ords/2026/09/repDiaHid12m.ndjson.gz#repDiaHid12m:2026-09-20
2026-03-24,delsitanisagua,caudal_m3s,20,ords:repDiaHid12m,,2026-09-22T01:12:47Z,celec_ords/2026/09/repDiaHid12m.ndjson.gz#repDiaHid12m:2026-09-20
2026-03-24,delsitanisagua,cota_masl,1487.09,ords:repDiaHid12m,,2026-09-22T01:12:47Z,celec_ords/2026/09/repDiaHid12m.ndjson.gz#repDiaHid12m:2026-09-20
2026-03-24,mazar,caudal_m3s,37,ords:repDiaHid12m,,2026-09-22T01:12:47Z,celec_ords/2026/09/repDiaHid12m.ndjson.gz#repDiaHid12m:2026-09-20
2026-03-24,mazar,cota_masl,2148.02,ords:repDiaHid12m,,2026-09-22T01:12:47Z,celec_ords/2026/09/repDiaHid12m.ndjson.gz#repDiaHid12m:2026-09-20
2026-03-24,minas_san_francisco,caudal_m3s,31,ords:repDiaHid12m,,2026-09-22T01:12:47Z,celec_ords/2026/09/repDiaHid12m.ndjson.gz#repDiaHid12m:2026-09-20
2026-03-24,minas_san_francisco,cota_masl,787.77,ords:repDiaHid12m,,2026-09-22T01:12:47Z,celec_ords/2026/09/repDiaHid12m.ndjson.gz#repDiaHid12m:2026-09-20
2026-03-25,amaluza,caudal_m3s,147,ords:repDiaHid12m,,2026-09-22T01:12:47Z,celec_ords/2026/09/repDiaHid12m.ndjson.gz#repDiaHid12m:2026-09-20
2026-03-25,amaluza,cota_masl,1983.42,ords:repDiaHid12m,,2026-09-22T01:12:47Z,celec_ords/2026/09/repDiaHid12m.ndjson.gz#repDiaHid12m:2026-09-20
2026-03-25,delsitanisagua,caudal_m3s,24,ords:repDiaHid12m,,2026-09-22T01:12:47Z,celec_ords/2026/09/repDiaHid12m.ndjson.gz#repDiaHid12m:2026-09-20
2026-03-25,delsitanisagua,cota_masl,1488.35,ords:repDiaHid12m,,2026-09-22T01:12:47Z,celec_ords/2026/09/repDiaHid12m.ndjson.gz#repDiaHid12m:2026-09-20
2026-03-25,mazar,caudal_m3s,14,ords:repDiaHid12m,,2026-09-22T01:12:47Z,celec_ords/2026/09/repDiaHid12m.ndjson.gz#repDiaHid12m:2026-09-20
2026-03-25,mazar,cota_masl,2146.96,ords:repDiaHid12m,,2026-09-22T01:12:47Z,celec_ords/2026/09/repDiaHid12m.ndjson.gz#repDiaHid12m:2026-09-20
2026-03-25,minas_san_francisco,caudal_m3s,25,ords:repDiaHid12m,,2026-09-22T01:12:47Z,celec_ords/2026/09/repDiaHid12m.ndjson.gz#repDiaHid12m:2026-09-20
2026-03-25,minas_san_francisco,cota_masl,787.01,ords:repDiaHid12m,,2026-09-22T01:12:47Z,celec_ords/2026/09/repDiaHid12m.ndjson.gz#repDiaHid12m:2026-09-20
2026-03-26,amaluza,caudal_m3s,145,ords:repDiaHid12m,,2026-09-22T01:12:47Z,celec_ords/2026/09/repDiaHid12m.ndjson.gz#repDiaHid12m:2026-09-20
2026-03-26,amaluza,cota_masl,1983.94,ords:repDiaHid12m,,2026-09-22T01:12:47Z,celec_ords/2026/09/repDiaHid12m.ndjson.gz#repDiaHid12m:2026-09-20
2026-03-26,delsitanisagua,caudal_m3s,37,ords:repDiaHid12m,,2026-09-22T01:12:47Z,celec_ords/2026/09/repDiaHid12m.ndjson.gz#repDiaHid12m:2026-09-20
2026-03-26,delsitanisagua,cota_masl,1487.35,ords:repDiaHid12m,,2026-09-22T01:12:47Z,celec_ords/2026/09/repDiaHid12m.ndjson.gz#repDiaHid12m:2026-09-20
2026-03-26,mazar,caudal_m3s,21,ords:repDiaHid12m,,2026-09-22T01:12:47Z,celec_ords/2026/09/repDiaHid12m.ndjson.gz#repDiaHid12m:2026-09-20
2026-03-26,mazar,cota_masl,2145.85,ords:repDiaHid12m,,2026-09-22T01:12:47Z,celec_ords/2026/09/repDiaHid12m.ndjson.gz#repDiaHid12m:2026-09-20
2026-03-26,minas_san_francisco,caudal_m3s,29,ords:repDiaHid12m,,2026-09-22T01:12:47Z,celec_ords/2026/09/repDiaHid12m.ndjson.gz#repDiaHid12m:2026-09-20
2026-03-26,minas_san_francisco,cota_masl,786.46,ords:repDiaHid12m,,2026-09-22T01:12:47Z,celec_ords/2026/09/repDiaHid12m.ndjson.gz#repDiaHid12m:2026-09-20
2026-03-27,amaluza,caudal_m3s,137,ords:repDiaHid12m,,2026-09-22T01:12:47Z,celec_ords/2026/09/repDiaHid12m.ndjson.gz#repDiaHid12m:2026-09-20
2026-03-27,amaluza,cota_masl,1983.04,ords:repDiaHid12m,,2026-09-22T01:12:47Z,celec_ords/2026/09/repDiaHid12m.ndjson.gz#repDiaHid12m:2026-09-20
2026-03-27,delsitanisagua,caudal_m3s,22,ords:repDiaHid12m,,2026-09-22T01:12:47Z,celec_ords/2026/09/repDiaHid12m.ndjson.gz#repDiaHid12m:2026-09-20
2026-03-27,delsitanisagua,cota_masl,1487.18,ords:repDiaHid12m,,2026-09-22T01:12:47Z,celec_ords/2026/09/repDiaHid12m.ndjson.gz#repDiaHid12m:2026-09-20
2026-03-27,mazar,caudal_m3s,24,ords:repDiaHid12m,,2026-09-22T01:12:47Z,celec_ords/2026/09/repDiaHid12m.ndjson.gz#repDiaHid12m:2026-09-20
2026-03-27,mazar,cota_masl,2144.86,ords:repDiaHid12m,,2026-09-22T01:12:47Z,celec_ords/2026/09/repDiaHid12m.ndjson.gz#repDiaHid12m:2026-09-20
2026-03-27,minas_san_francisco,caudal_m3s,25,ords:repDiaHid12m,,2026-09-22T01:12:47Z,celec_ords/2026/09/repDiaHid12m.ndjson.gz#repDiaHid12m:2026-09-20
2026-03-27,minas_san_francisco,cota_masl,786.29,ords:repDiaHid12m,,2026-09-22T01:12:47Z,celec_ords/2026/09/repDiaHid12m.ndjson.gz#repDiaHid12m:2026-09-20
2026-03-28,amaluza,caudal_m3s,156,ords:repDiaHid12m,,2026-09-22T01:12:47Z,celec_ords/2026/09/repDiaHid12m.ndjson.gz#repDiaHid12m:2026-09-20
2026-03-28,amaluza,cota_masl,1983.09,ords:repDiaHid12m,,2026-09-22T01:12:47Z,celec_ords/2026/09/repDiaHid12m.ndjson.gz#repDiaHid12m:2026-09-20
2026-03-28,delsitanisagua,caudal_m3s,21,ords:repDiaHid12m,,2026-09-22T01:12:47Z,celec_ords/2026/09/repDiaHid12m.ndjson.gz#repDiaHid12m:2026-09-20
2026-03-28,delsitanisagua,cota_masl,1488,ords:repDiaHid12m,,2026-09-22T01:12:47Z,celec_ords/2026/09/repDiaHid12m.ndjson.gz#repDiaHid12m:2026-09-20
2026-03-28,mazar,caudal_m3s,48,ords:repDiaHid12m,,2026-09-22T01:12:47Z,celec_ords/2026/09/repDiaHid12m.ndjson.gz#repDiaHid12m:2026-09-20
2026-03-28,mazar,cota_masl,2144.02,ords:repDiaHid12m,,2026-09-22T01:12:47Z,celec_ords/2026/09/repDiaHid12m.ndjson.gz#repDiaHid12m:2026-09-20
2026-03-28,minas_san_francisco,caudal_m3s,40,ords:repDiaHid12m,,2026-09-22T01:12:47Z,celec_ords/2026/09/repDiaHid12m.ndjson.gz#repDiaHid12m:2026-09-20
2026-03-28,minas_san_francisco,cota_masl,787.38,ords:repDiaHid12m,,2026-09-22T01:12:47Z,celec_ords/2026/09/repDiaHid12m.ndjson.gz#repDiaHid12m:2026-09-20
2026-03-29,amaluza,caudal_m3s,99,ords:repDiaHid12m,,2026-09-22T01:12:47Z,celec_ords/2026/09/repDiaHid12m.ndjson.gz#repDiaHid12m:2026-09-20
2026-03-29,amaluza,cota_masl,1983.39,ords:repDiaHid12m,,2026-09-22T01:12:47Z,celec_ords/2026/09/repDiaHid12m.ndjson.gz#repDiaHid12m:2026-09-20
2026-03-29,delsitanisagua,caudal_m3s,20,ords:repDiaHid12m,,2026-09-22T01:12:47Z,celec_ords/2026/09/repDiaHid12m.ndjson.gz#repDiaHid12m:2026-09-20
2026-03-29,delsitanisagua,cota_masl,1487.37,ords:repDiaHid12m,,2026-09-22T01:12:47Z,celec_ords/2026/09/repDiaHid12m.ndjson.gz#repDiaHid12m:2026-09-20
2026-03-29,mazar,caudal_m3s,43,ords:repDiaHid12m,,2026-09-22T01:12:47Z,celec_ords/2026/09/repDiaHid12m.ndjson.gz#repDiaHid12m:2026-09-20
2026-03-29,mazar,cota_masl,2143.34,ords:repDiaHid12m,,2026-09-22T01:12:47Z,celec_ords/2026/09/repDiaHid12m.ndjson.gz#repDiaHid12m:2026-09-20
2026-03-29,minas_san_francisco,caudal_m3s,21,ords:repDiaHid12m,,2026-09-22T01:12:47Z,celec_ords/2026/09/repDiaHid12m.ndjson.gz#repDiaHid12m:2026-09-20
2026-03-29,minas_san_francisco,cota_masl,788.36,ords:repDiaHid12m,,2026-09-22T01:12:47Z,celec_ords/2026/09/repDiaHid12m.ndjson.gz#repDiaHid12m:2026-09-20
2026-03-30,amaluza,caudal_m3s,146,ords:repDiaHid12m,,2026-09-22T01:12:47Z,celec_ords/2026/09/repDiaHid12m.ndjson.gz#repDiaHid12m:2026-09-20
2026-03-30,amaluza,cota_masl,1983.95,ords:repDiaHid12m,,2026-09-22T01:12:47Z,celec_ords/2026/09/repDiaHid12m.ndjson.gz#repDiaHid12m:2026-09-20
2026-03-30,delsitanisagua,caudal_m3s,21,ords:repDiaHid12m,,2026-09-22T01:12:47Z,celec_ords/2026/09/repDiaHid12m.ndjson.gz#repDiaHid12m:2026-09-20
2026-03-30,delsitanisagua,cota_masl,1489,ords:repDiaHid12m,,2026-09-22T01:12:47Z,celec_ords/2026/09/repDiaHid12m.ndjson.gz#repDiaHid12m:2026-09-20
2026-03-30,mazar,caudal_m3s,38,ords:repDiaHid12m,,2026-09-22T01:12:47Z,celec_ords/2026/09/repDiaHid12m.ndjson.gz#repDiaHid12m:2026-09-20
2026-03-30,mazar,cota_masl,2142.17,ords:repDiaHid12m,,2026-09-22T01:12:47Z,celec_ords/2026/09/repDiaHid12m.ndjson.gz#repDiaHid12m:2026-09-20
2026-03-30,minas_san_francisco,caudal_m3s,36,ords:repDiaHid12m,,2026-09-22T01:12:47Z,celec_ords/2026/09/repDiaHid12m.ndjson.gz#repDiaHid12m:2026-09-20
2026-03-30,minas_san_francisco,cota_masl,788.44,ords:repDiaHid12m,,2026-09-22T01:12:47Z,celec_ords/2026/09/repDiaHid12m.ndjson.gz#repDiaHid12m:2026-09-20
2026-03-31,amaluza,caudal_m3s,152,ords:repDiaHid12m,,2026-09-22T01:12:47Z,celec_ords/2026/09/repDiaHid12m.ndjson.gz#repDiaHid12m:2026-09-20
2026-03-31,amaluza,cota_masl,1983.3,ords:repDiaHid12m,,2026-09-22T01:12:47Z,celec_ords/2026/09/repDiaHid12m.ndjson.gz#repDiaHid12m:2026-09-20
2026-03-31,delsitanisagua,caudal_m3s,23,ords:repDiaHid12m,,2026-09-22T01:12:47Z,celec_ords/2026/09/repDiaHid12m.ndjson.gz#repDiaHid12m:2026-09-20
2026-03-31,delsitanisagua,cota_masl,1486.1,ords:repDiaHid12m,,2026-09-22T01:12:47Z,celec_ords/2026/09/repDiaHid12m.ndjson.gz#repDiaHid12m:2026-09-20
2026-03-31,mazar,caudal_m3s,36,ords:repDiaHid12m,,2026-09-22T01:12:47Z,celec_ords/2026/09/repDiaHid12m.ndjson.gz#repDiaHid12m:2026-09-20
2026-03-31,mazar,cota_masl,2140.98,ords:repDiaHid12m,,2026-09-22T01:12:47Z,celec_ords/2026/09/repDiaHid12m.ndjson.gz#repDiaHid12m:2026-09-20
2026-03-31,minas_san_francisco,caudal_m3s,9,ords:repDiaHid12m,,2026-09-22T01:12:47Z,celec_ords/2026/09/repDiaHid12m.ndjson.gz#repDiaHid12m:2026-09-20
2026-03-31,minas_san_francisco,cota_masl,786.38,ords:repDiaHid12m,,2026-09-22T01:12:47Z,celec_ords/2026/09/repDiaHid12m.ndjson.gz#repDiaHid12m:2026-09-20
2026-04-01,amaluza,caudal_m3s,148,ords:repDiaHid12m,,2026-09-22T01:12:47Z,celec_ords/2026/09/repDiaHid12m.ndjson.gz#repDiaHid12m:2026-09-20
2026-04-01,amaluza,cota_masl,1982.95,ords:repDiaHid12m,,2026-09-22T01:12:47Z,celec_ords/2026/09/repDiaHid12m.ndjson.gz#repDiaHid12m:2026-09-20
2026-04-01,delsitanisagua,caudal_m3s,20,ords:repDiaHid12m,,2026-09-22T01:12:47Z,celec_ords/2026/09/repDiaHid12m.ndjson.gz#repDiaHid12m:2026-09-20
2026-04-01,delsitanisagua,cota_masl,1486.6,ords:repDiaHid12m,,2026-09-22T01:12:47Z,celec_ords/2026/09/repDiaHid12m.ndjson.gz#repDiaHid12m:2026-09-20
2026-04-01,mazar,caudal_m3s,17,ords:repDiaHid12m,,2026-09-22T01:12:47Z,celec_ords/2026/09/repDiaHid12m.ndjson.gz#repDiaHid12m:2026-09-20
2026-04-01,mazar,cota_masl,2139.71,ords:repDiaHid12m,,2026-09-22T01:12:47Z,celec_ords/2026/09/repDiaHid12m.ndjson.gz#repDiaHid12m:2026-09-20
2026-04-01,minas_san_francisco,caudal_m3s,16,ords:repDiaHid12m,,2026-09-22T01:12:47Z,celec_ords/2026/09/repDiaHid12m.ndjson.gz#repDiaHid12m:2026-09-20
2026-04-01,minas_san_francisco,cota_masl,784.53,ords:repDiaHid12m,,2026-09-22T01:12:47Z,celec_ords/2026/09/repDiaHid12m.ndjson.gz#repDiaHid12m:2026-09-20
2026-04-02,amaluza,caudal_m3s,147,ords:repDiaHid12m,,2026-09-22T01:12:47Z,celec_ords/2026/09/repDiaHid12m.ndjson.gz#repDiaHid12m:2026-09-20
2026-04-02,amaluza,cota_masl,1982.49,ords:repDiaHid12m,,2026-09-22T01:12:47Z,celec_ords/2026/09/repDiaHid12m.ndjson.gz#repDiaHid12m:2026-09-20
2026-04-02,delsitanisagua,caudal_m3s,21,ords:repDiaHid12m,,2026-09-22T01:12:47Z,celec_ords/2026/09/repDiaHid12m.ndjson.gz#repDiaHid12m:2026-09-20
2026-04-02,delsitanisagua,cota_masl,1486.5,ords:repDiaHid12m,,2026-09-22T01:12:47Z,celec_ords/2026/09/repDiaHid12m.ndjson.gz#repDiaHid12m:2026-09-20
2026-04-02,mazar,caudal_m3s,9,ords:repDiaHid12m,,2026-09-22T01:12:47Z,celec_ords/2026/09/repDiaHid12m.ndjson.gz#repDiaHid12m:2026-09-20
2026-04-02,mazar,cota_masl,2138.26,ords:repDiaHid12m,,2026-09-22T01:12:47Z,celec_ords/2026/09/repDiaHid12m.ndjson.gz#repDiaHid12m:2026-09-20
2026-04-02,minas_san_francisco,caudal_m3s,14,ords:repDiaHid12m,,2026-09-22T01:12:47Z,celec_ords/2026/09/repDiaHid12m.ndjson.gz#repDiaHid12m:2026-09-20
2026-04-02,minas_san_francisco,cota_masl,783.89,ords:repDiaHid12m,,2026-09-22T01:12:47Z,celec_ords/2026/09/repDiaHid12m.ndjson.gz#repDiaHid12m:2026-09-20
2026-04-03,amaluza,caudal_m3s,59,ords:repDiaHid12m,,2026-09-22T01:12:47Z,celec_ords/2026/09/repDiaHid12m.ndjson.gz#repDiaHid12m:2026-09-20
2026-04-03,amaluza,cota_masl,1982.6,ords:repDiaHid12m,,2026-09-22T01:12:47Z,celec_ords/2026/09/repDiaHid12m.ndjson.gz#repDiaHid12m:2026-09-20
2026-04-03,delsitanisagua,caudal_m3s,25,ords:repDiaHid12m,,2026-09-22T01:12:47Z,celec_ords/2026/09/repDiaHid12m.ndjson.gz#repDiaHid12m:2026-09-20
2026-04-03,delsitanisagua,cota_masl,1487.56,ords:repDiaHid12m,,2026-09-22T01:12:47Z,celec_ords/2026/09/repDiaHid12m.ndjson.gz#repDiaHid12m:2026-09-20
2026-04-03,mazar,caudal_m3s,21,ords:repDiaHid12m,,2026-09-22T01:12:47Z,celec_ords/2026/09/repDiaHid12m.ndjson.gz#repDiaHid12m:2026-09-20
2026-04-03,mazar,cota_masl,2137.37,ords:repDiaHid12m,,2026-09-22T01:12:47Z,celec_ords/2026/09/repDiaHid12m.ndjson.gz#repDiaHid12m:2026-09-20
2026-04-03,minas_san_francisco,caudal_m3s,13,ords:repDiaHid12m,,2026-09-22T01:12:47Z,celec_ords/2026/09/repDiaHid12m.ndjson.gz#repDiaHid12m:2026-09-20
2026-04-03,minas_san_francisco,cota_masl,787.5,ords:repDiaHid12m,,2026-09-22T01:12:47Z,celec_ords/2026/09/repDiaHid12m.ndjson.gz#repDiaHid12m:2026-09-20
2026-04-04,amaluza,caudal_m3s,88,ords:repDiaHid12m,,2026-09-22T01:12:47Z,celec_ords/2026/09/repDiaHid12m.ndjson.gz#repDiaHid12m:2026-09-20
2026-04-04,amaluza,cota_masl,1980.98,ords:repDiaHid12m,,2026-09-22T01:12:47Z,celec_ords/2026/09/repDiaHid12m.ndjson.gz#repDiaHid12m:2026-09-20
2026-04-04,delsitanisagua,caudal_m3s,28,ords:repDiaHid12m,,2026-09-22T01:12:47Z,celec_ords/2026/09/repDiaHid12m.ndjson.gz#repDiaHid12m:2026-09-20
2026-04-04,delsitanisagua,cota_masl,1487.64,ords:repDiaHid12m,,2026-09-22T01:12:47Z,celec_ords/2026/09/repDiaHid12m.ndjson.gz#repDiaHid12m:2026-09-20
2026-04-04,mazar,caudal_m3s,32,ords:repDiaHid12m,,2026-09-22T01:12:47Z,celec_ords/2026/09/repDiaHid12m.ndjson.gz#repDiaHid12m:2026-09-20
2026-04-04,mazar,cota_masl,2136.82,ords:repDiaHid12m,,2026-09-22T01:12:47Z,celec_ords/2026/09/repDiaHid12m.ndjson.gz#repDiaHid12m:2026-09-20
2026-04-04,minas_san_francisco,caudal_m3s,26,ords:repDiaHid12m,,2026-09-22T01:12:47Z,celec_ords/2026/09/repDiaHid12m.ndjson.gz#repDiaHid12m:2026-09-20
2026-04-04,minas_san_francisco,cota_masl,789.79,ords:repDiaHid12m,,2026-09-22T01:12:47Z,celec_ords/2026/09/repDiaHid12m.ndjson.gz#repDiaHid12m:2026-09-20
2026-04-05,amaluza,caudal_m3s,42,ords:repDiaHid12m,,2026-09-22T01:12:47Z,celec_ords/2026/09/repDiaHid12m.ndjson.gz#repDiaHid12m:2026-09-20
2026-04-05,amaluza,cota_masl,1981.33,ords:repDiaHid12m,,2026-09-22T01:12:47Z,celec_ords/2026/09/repDiaHid12m.ndjson.gz#repDiaHid12m:2026-09-20
2026-04-05,delsitanisagua,caudal_m3s,38,ords:repDiaHid12m,,2026-09-22T01:12:47Z,celec_ords/2026/09/repDiaHid12m.ndjson.gz#repDiaHid12m:2026-09-20
2026-04-05,delsitanisagua,cota_masl,1488.09,ords:repDiaHid12m,,2026-09-22T01:12:47Z,celec_ords/2026/09/repDiaHid12m.ndjson.gz#repDiaHid12m:2026-09-20
2026-04-05,mazar,caudal_m3s,116,ords:repDiaHid12m,,2026-09-22T01:12:47Z,celec_ords/2026/09/repDiaHid12m.ndjson.gz#repDiaHid12m:2026-09-20
2026-04-05,mazar,cota_masl,2136.75,ords:repDiaHid12m,,2026-09-22T01:12:47Z,celec_ords/2026/09/repDiaHid12m.ndjson.gz#repDiaHid12m:2026-09-20
2026-04-05,minas_san_francisco,caudal_m3s,32,ords:repDiaHid12m,,2026-09-22T01:12:47Z,celec_ords/2026/09/repDiaHid12m.ndjson.gz#repDiaHid12m:2026-09-20
2026-04-05,minas_san_francisco,cota_masl,790.62,ords:repDiaHid12m,,2026-09-22T01:12:47Z,celec_ords/2026/09/repDiaHid12m.ndjson.gz#repDiaHid12m:2026-09-20
2026-04-06,amaluza,caudal_m3s,130,ords:repDiaHid12m,,2026-09-22T01:12:47Z,celec_ords/2026/09/repDiaHid12m.ndjson.gz#repDiaHid12m:2026-09-20
2026-04-06,amaluza,cota_masl,1981.52,ords:repDiaHid12m,,2026-09-22T01:12:47Z,celec_ords/2026/09/repDiaHid12m.ndjson.gz#repDiaHid12m:2026-09-20
2026-04-06,delsitanisagua,caudal_m3s,36,ords:repDiaHid12m,,2026-09-22T01:12:47Z,celec_ords/2026/09/repDiaHid12m.ndjson.gz#repDiaHid12m:2026-09-20
2026-04-06,delsitanisagua,cota_masl,1489.85,ords:repDiaHid12m,,2026-09-22T01:12:47Z,celec_ords/2026/09/repDiaHid12m.ndjson.gz#repDiaHid12m:2026-09-20
2026-04-06,mazar,caudal_m3s,49,ords:repDiaHid12m,,2026-09-22T01:12:47Z,celec_ords/2026/09/repDiaHid12m.ndjson.gz#repDiaHid12m:2026-09-20
2026-04-06,mazar,cota_masl,2136.52,ords:repDiaHid12m,,2026-09-22T01:12:47Z,celec_ords/2026/09/repDiaHid12m.ndjson.gz#repDiaHid12m:2026-09-20
2026-04-06,minas_san_francisco,caudal_m3s,69,ords:repDiaHid12m,,2026-09-22T01:12:47Z,celec_ords/2026/09/repDiaHid12m.ndjson.gz#repDiaHid12m:2026-09-20
2026-04-06,minas_san_francisco,cota_masl,792.52,ords:repDiaHid12m,,2026-09-22T01:12:47Z,celec_ords/2026/09/repDiaHid12m.ndjson.gz#repDiaHid12m:2026-09-20
2026-04-07,amaluza,caudal_m3s,168,ords:repDiaHid12m,,2026-09-22T01:12:47Z,celec_ords/2026/09/repDiaHid12m.ndjson.gz#repDiaHid12m:2026-09-20
2026-04-07,amaluza,cota_masl,1981.89,ords:repDiaHid12m,,2026-09-22T01:12:47Z,celec_ords/2026/09/repDiaHid12m.ndjson.gz#repDiaHid12m:2026-09-20
2026-04-07,delsitanisagua,caudal_m3s,25,ords:repDiaHid12m,,2026-09-22T01:12:47Z,celec_ords/2026/09/repDiaHid12m.ndjson.gz#repDiaHid12m:2026-09-20
2026-04-07,delsitanisagua,cota_masl,1488.55,ords:repDiaHid12m,,2026-09-22T01:12:47Z,celec_ords/2026/09/repDiaHid12m.ndjson.gz#repDiaHid12m:2026-09-20
2026-04-07,mazar,caudal_m3s,63,ords:repDiaHid12m,,2026-09-22T01:12:47Z,celec_ords/2026/09/repDiaHid12m.ndjson.gz#repDiaHid12m:2026-09-20
2026-04-07,mazar,cota_masl,2136.16,ords:repDiaHid12m,,2026-09-22T01:12:47Z,celec_ords/2026/09/repDiaHid12m.ndjson.gz#repDiaHid12m:2026-09-20
2026-04-07,minas_san_francisco,caudal_m3s,30,ords:repDiaHid12m,,2026-09-22T01:12:47Z,celec_ords/2026/09/repDiaHid12m.ndjson.gz#repDiaHid12m:2026-09-20
2026-04-07,minas_san_francisco,cota_masl,789.52,ords:repDiaHid12m,,2026-09-22T01:12:47Z,celec_ords/2026/09/repDiaHid12m.ndjson.gz#repDiaHid12m:2026-09-20
2026-04-08,amaluza,caudal_m3s,49,ords:repDiaHid12m,,2026-09-22T01:12:47Z,celec_ords/2026/09/repDiaHid12m.ndjson.gz#repDiaHid12m:2026-09-20
2026-04-08,amaluza,cota_masl,1982.48,ords:repDiaHid12m,,2026-09-22T01:12:47Z,celec_ords/2026/09/repDiaHid12m.ndjson.gz#repDiaHid12m:2026-09-20
2026-04-08,delsitanisagua,caudal_m3s,36,ords:repDiaHid12m,,2026-09-22T01:12:47Z,celec_ords/2026/09/repDiaHid12m.ndjson.gz#repDiaHid12m:2026-09-20
2026-04-08,delsitanisagua,cota_masl,1490.23,ords:repDiaHid12m,,2026-09-22T01:12:47Z,celec_ords/2026/09/repDiaHid12m.ndjson.gz#repDiaHid12m:2026-09-20
2026-04-08,mazar,caudal_m3s,91,ords:repDiaHid12m,,2026-09-22T01:12:47Z,celec_ords/2026/09/repDiaHid12m.ndjson.gz#repDiaHid12m:2026-09-20
2026-04-08,mazar,cota_masl,2137.04,ords:repDiaHid12m,,2026-09-22T01:12:47Z,celec_ords/2026/09/repDiaHid12m.ndjson.gz#repDiaHid12m:2026-09-20
2026-04-08,minas_san_francisco,caudal_m3s,59,ords:repDiaHid12m,,2026-09-22T01:12:47Z,celec_ords/2026/09/repDiaHid12m.ndjson.gz#repDiaHid12m:2026-09-20
2026-04-08,minas_san_francisco,cota_masl,790.47,ords:repDiaHid12m,,2026-09-22T01:12:47Z,celec_ords/2026/09/repDiaHid12m.ndjson.gz#repDiaHid12m:2026-09-20
2026-04-09,amaluza,caudal_m3s,91,ords:repDiaHid12m,,2026-09-22T01:12:47Z,celec_ords/2026/09/repDiaHid12m.ndjson.gz#repDiaHid12m:2026-09-20
2026-04-09,amaluza,cota_masl,1982.5,ords:repDiaHid12m,,2026-09-22T01:12:47Z,celec_ords/2026/09/repDiaHid12m.ndjson.gz#repDiaHid12m:2026-09-20
2026-04-09,delsitanisagua,caudal_m3s,29,ords:repDiaHid12m,,2026-09-22T01:12:47Z,celec_ords/2026/09/repDiaHid12m.ndjson.gz#repDiaHid12m:2026-09-20
2026-04-09,delsitanisagua,cota_masl,1490.64,ords:repDiaHid12m,,2026-09-22T01:12:47Z,celec_ords/2026/09/repDiaHid12m.ndjson.gz#repDiaHid12m:2026-09-20
2026-04-09,mazar,caudal_m3s,70,ords:repDiaHid12m,,2026-09-22T01:12:47Z,celec_ords/2026/09/repDiaHid12m.ndjson.gz#repDiaHid12m:2026-09-20
2026-04-09,mazar,cota_masl,2137.73,ords:repDiaHid12m,,2026-09-22T01:12:47Z,celec_ords/2026/09/repDiaHid12m.ndjson.gz#repDiaHid12m:2026-09-20
2026-04-09,minas_san_francisco,caudal_m3s,46,ords:repDiaHid12m,,2026-09-22T01:12:47Z,celec_ords/2026/09/repDiaHid12m.ndjson.gz#repDiaHid12m:2026-09-20
2026-04-09,minas_san_francisco,cota_masl,791.33,ords:repDiaHid12m,,2026-09-22T01:12:47Z,celec_ords/2026/09/repDiaHid12m.ndjson.gz#repDiaHid12m:2026-09-20
2026-04-10,amaluza,caudal_m3s,76,ords:repDiaHid12m,,2026-09-22T01:12:47Z,celec_ords/2026/09/repDiaHid12m.ndjson.gz#repDiaHid12m:2026-09-20
2026-04-10,amaluza,cota_masl,1981.68,ords:repDiaHid12m,,2026-09-22T01:12:47Z,celec_ords/2026/09/repDiaHid12m.ndjson.gz#repDiaHid12m:2026-09-20
2026-04-10,delsitanisagua,caudal_m3s,39,ords:repDiaHid12m,,2026-09-22T01:12:47Z,celec_ords/2026/09/repDiaHid12m.ndjson.gz#repDiaHid12m:2026-09-20
2026-04-10,delsitanisagua,cota_masl,1490.45,ords:repDiaHid12m,,2026-09-22T01:12:47Z,celec_ords/2026/09/repDiaHid12m.ndjson.gz#repDiaHid12m:2026-09-20
2026-04-10,mazar,caudal_m3s,47,ords:repDiaHid12m,,2026-09-22T01:12:47Z,celec_ords/2026/09/repDiaHid12m.ndjson.gz#repDiaHid12m:2026-09-20
2026-04-10,mazar,cota_masl,2137.89,ords:repDiaHid12m,,2026-09-22T01:12:47Z,celec_ords/2026/09/repDiaHid12m.ndjson.gz#repDiaHid12m:2026-09-20
2026-04-10,minas_san_francisco,caudal_m3s,18,ords:repDiaHid12m,,2026-09-22T01:12:47Z,celec_ords/2026/09/repDiaHid12m.ndjson.gz#repDiaHid12m:2026-09-20
2026-04-10,minas_san_francisco,cota_masl,789.12,ords:repDiaHid12m,,2026-09-22T01:12:47Z,celec_ords/2026/09/repDiaHid12m.ndjson.gz#repDiaHid12m:2026-09-20
2026-04-11,amaluza,caudal_m3s,127,ords:repDiaHid12m,,2026-09-22T01:12:47Z,celec_ords/2026/09/repDiaHid12m.ndjson.gz#repDiaHid12m:2026-09-20
2026-04-11,amaluza,cota_masl,1980.81,ords:repDiaHid12m,,2026-09-22T01:12:47Z,celec_ords/2026/09/repDiaHid12m.ndjson.gz#repDiaHid12m:2026-09-20
2026-04-11,delsitanisagua,caudal_m3s,32,ords:repDiaHid12m,,2026-09-22T01:12:47Z,celec_ords/2026/09/repDiaHid12m.ndjson.gz#repDiaHid12m:2026-09-20
2026-04-11,delsitanisagua,cota_masl,1488.26,ords:repDiaHid12m,,2026-09-22T01:12:47Z,celec_ords/2026/09/repDiaHid12m.ndjson.gz#repDiaHid12m:2026-09-20
2026-04-11,mazar,caudal_m3s,35,ords:repDiaHid12m,,2026-09-22T01:12:47Z,celec_ords/2026/09/repDiaHid12m.ndjson.gz#repDiaHid12m:2026-09-20
2026-04-11,mazar,cota_masl,2138.59,ords:repDiaHid12m,,2026-09-22T01:12:47Z,celec_ords/2026/09/repDiaHid12m.ndjson.gz#repDiaHid12m:2026-09-20
2026-04-11,minas_san_francisco,caudal_m3s,22,ords:repDiaHid12m,,2026-09-22T01:12:47Z,celec_ords/2026/09/repDiaHid12m.ndjson.gz#repDiaHid12m:2026-09-20
2026-04-11,minas_san_francisco,cota_masl,787.56,ords:repDiaHid12m,,2026-09-22T01:12:47Z,celec_ords/2026/09/repDiaHid12m.ndjson.gz#repDiaHid12m:2026-09-20
2026-04-12,amaluza,caudal_m3s,21,ords:repDiaHid12m,,2026-09-22T01:12:47Z,celec_ords/2026/09/repDiaHid12m.ndjson.gz#repDiaHid12m:2026-09-20
2026-04-12,amaluza,cota_masl,1980.16,ords:repDiaHid12m,,2026-09-22T01:12:47Z,celec_ords/2026/09/repDiaHid12m.ndjson.gz#repDiaHid12m:2026-09-20
2026-04-12,delsitanisagua,caudal_m3s,36,ords:repDiaHid12m,,2026-09-22T01:12:47Z,celec_ords/2026/09/repDiaHid12m.ndjson.gz#repDiaHid12m:2026-09-20
2026-04-12,delsitanisagua,cota_masl,1490.3,ords:repDiaHid12m,,2026-09-22T01:12:47Z,celec_ords/2026/09/repDiaHid12m.ndjson.gz#repDiaHid12m:2026-09-20
2026-04-12,mazar,caudal_m3s,57,ords:repDiaHid12m,,2026-09-22T01:12:47Z,celec_ords/2026/09/repDiaHid12m.ndjson.gz#repDiaHid12m:2026-09-20
2026-04-12,mazar,cota_masl,2139.07,ords:repDiaHid12m,,2026-09-22T01:12:47Z,celec_ords/2026/09/repDiaHid12m.ndjson.gz#repDiaHid12m:2026-09-20
2026-04-12,minas_san_francisco,caudal_m3s,15,ords:repDiaHid12m,,2026-09-22T01:12:47Z,celec_ords/2026/09/repDiaHid12m.ndjson.gz#repDiaHid12m:2026-09-20
2026-04-12,minas_san_francisco,cota_masl,788.07,ords:repDiaHid12m,,2026-09-22T01:12:47Z,celec_ords/2026/09/repDiaHid12m.ndjson.gz#repDiaHid12m:2026-09-20
2026-04-13,amaluza,caudal_m3s,152,ords:repDiaHid12m,,2026-09-22T01:12:47Z,celec_ords/2026/09/repDiaHid12m.ndjson.gz#repDiaHid12m:2026-09-20
2026-04-13,amaluza,cota_masl,1979.79,ords:repDiaHid12m,,2026-09-22T01:12:47Z,celec_ords/2026/09/repDiaHid12m.ndjson.gz#repDiaHid12m:2026-09-20
2026-04-13,delsitanisagua,caudal_m3s,30,ords:repDiaHid12m,,2026-09-22T01:12:47Z,celec_ords/2026/09/repDiaHid12m.ndjson.gz#repDiaHid12m:2026-09-20
2026-04-13,delsitanisagua,cota_masl,1487.5,ords:repDiaHid12m,,2026-09-22T01:12:47Z,celec_ords/2026/09/repDiaHid12m.ndjson.gz#repDiaHid12m:2026-09-20
2026-04-13,mazar,caudal_m3s,27,ords:repDiaHid12m,,2026-09-22T01:12:47Z,celec_ords/2026/09/repDiaHid12m.ndjson.gz#repDiaHid12m:2026-09-20
2026-04-13,mazar,cota_masl,2138.57,ords:repDiaHid12m,,2026-09-22T01:12:47Z,celec_ords/2026/09/repDiaHid12m.ndjson.gz#repDiaHid12m:2026-09-20
2026-04-13,minas_san_francisco,caudal_m3s,18,ords:repDiaHid12m,,2026-09-22T01:12:47Z,celec_ords/2026/09/repDiaHid12m.ndjson.gz#repDiaHid12m:2026-09-20
2026-04-13,minas_san_francisco,cota_masl,786.9,ords:repDiaHid12m,,2026-09-22T01:12:47Z,celec_ords/2026/09/repDiaHid12m.ndjson.gz#repDiaHid12m:2026-09-20
2026-04-14,amaluza,caudal_m3s,165,ords:repDiaHid12m,,2026-09-22T01:12:47Z,celec_ords/2026/09/repDiaHid12m.ndjson.gz#repDiaHid12m:2026-09-20
2026-04-14,amaluza,cota_masl,1979.35,ords:repDiaHid12m,,2026-09-22T01:12:47Z,celec_ords/2026/09/repDiaHid12m.ndjson.gz#repDiaHid12m:2026-09-20
2026-04-14,delsitanisagua,caudal_m3s,26,ords:repDiaHid12m,,2026-09-22T01:12:47Z,celec_ords/2026/09/repDiaHid12m.ndjson.gz#repDiaHid12m:2026-09-20
2026-04-14,delsitanisagua,cota_masl,1487.43,ords:repDiaHid12m,,2026-09-22T01:12:47Z,celec_ords/2026/09/repDiaHid12m.ndjson.gz#repDiaHid12m:2026-09-20
2026-04-14,mazar,caudal_m3s,29,ords:repDiaHid12m,,2026-09-22T01:12:47Z,celec_ords/2026/09/repDiaHid12m.ndjson.gz#repDiaHid12m:2026-09-20
2026-04-14,mazar,cota_masl,2137.73,ords:repDiaHid12m,,2026-09-22T01:12:47Z,celec_ords/2026/09/repDiaHid12m.ndjson.gz#repDiaHid12m:2026-09-20
2026-04-14,minas_san_francisco,caudal_m3s,30,ords:repDiaHid12m,,2026-09-22T01:12:47Z,celec_ords/2026/09/repDiaHid12m.ndjson.gz#repDiaHid12m:2026-09-20
2026-04-14,minas_san_francisco,cota_masl,785.4,ords:repDiaHid12m,,2026-09-22T01:12:47Z,celec_ords/2026/09/repDiaHid12m.ndjson.gz#repDiaHid12m:2026-09-20
2026-04-15,amaluza,caudal_m3s,145,ords:repDiaHid12m,,2026-09-22T01:12:47Z,celec_ords/2026/09/repDiaHid12m.ndjson.gz#repDiaHid12m:2026-09-20
2026-04-15,amaluza,cota_masl,1980.52,ords:repDiaHid12m,,2026-09-22T01:12:47Z,celec_ords/2026/09/repDiaHid12m.ndjson.gz#repDiaHid12m:2026-09-20
2026-04-15,delsitanisagua,caudal_m3s,43,ords:repDiaHid12m,,2026-09-22T01:12:47Z,celec_ords/2026/09/repDiaHid12m.ndjson.gz#repDiaHid12m:2026-09-20
2026-04-15,delsitanisagua,cota_masl,1490.58,ords:repDiaHid12m,,2026-09-22T01:12:47Z,celec_ords/2026/09/repDiaHid12m.ndjson.gz#repDiaHid12m:2026-09-20
2026-04-15,mazar,caudal_m3s,65,ords:repDiaHid12m,,2026-09-22T01:12:47Z,celec_ords/2026/09/repDiaHid12m.ndjson.gz#repDiaHid12m:2026-09-20
2026-04-15,mazar,cota_masl,2136.89,ords:repDiaHid12m,,2026-09-22T01:12:47Z,celec_ords/2026/09/repDiaHid12m.ndjson.gz#repDiaHid12m:2026-09-20
2026-04-15,minas_san_francisco,caudal_m3s,98,ords:repDiaHid12m,,2026-09-22T01:12:47Z,celec_ords/2026/09/repDiaHid12m.ndjson.gz#repDiaHid12m:2026-09-20
2026-04-15,minas_san_francisco,cota_masl,790.39,ords:repDiaHid12m,,2026-09-22T01:12:47Z,celec_ords/2026/09/repDiaHid12m.ndjson.gz#repDiaHid12m:2026-09-20
2026-04-16,amaluza,caudal_m3s,161,ords:repDiaHid12m,,2026-09-22T01:12:47Z,celec_ords/2026/09/repDiaHid12m.ndjson.gz#repDiaHid12m:2026-09-20
2026-04-16,amaluza,cota_masl,1981.5,ords:repDiaHid12m,,2026-09-22T01:12:47Z,celec_ords/2026/09/repDiaHid12m.ndjson.gz#repDiaHid12m:2026-09-20
2026-04-16,delsitanisagua,caudal_m3s,32,ords:repDiaHid12m,,2026-09-22T01:12:47Z,celec_ords/2026/09/repDiaHid12m.ndjson.gz#repDiaHid12m:2026-09-20
2026-04-16,delsitanisagua,cota_masl,1488,ords:repDiaHid12m,,2026-09-22T01:12:47Z,celec_ords/2026/09/repDiaHid12m.ndjson.gz#repDiaHid12m:2026-09-20
2026-04-16,mazar,caudal_m3s,81,ords:repDiaHid12m,,2026-09-22T01:12:47Z,celec_ords/2026/09/repDiaHid12m.ndjson.gz#repDiaHid12m:2026-09-20
2026-04-16,mazar,cota_masl,2137.09,ords:repDiaHid12m,,2026-09-22T01:12:47Z,celec_ords/2026/09/repDiaHid12m.ndjson.gz#repDiaHid12m:2026-09-20
2026-04-16,minas_san_francisco,caudal_m3s,93,ords:repDiaHid12m,,2026-09-22T01:12:47Z,celec_ords/2026/09/repDiaHid12m.ndjson.gz#repDiaHid12m:2026-09-20
2026-04-16,minas_san_francisco,cota_masl,791.68,ords:repDiaHid12m,,2026-09-22T01:12:47Z,celec_ords/2026/09/repDiaHid12m.ndjson.gz#repDiaHid12m:2026-09-20
2026-04-17,amaluza,caudal_m3s,108,ords:repDiaHid12m,,2026-09-22T01:12:47Z,celec_ords/2026/09/repDiaHid12m.ndjson.gz#repDiaHid12m:2026-09-20
2026-04-17,amaluza,cota_masl,1981.62,ords:repDiaHid12m,,2026-09-22T01:12:47Z,celec_ords/2026/09/repDiaHid12m.ndjson.gz#repDiaHid12m:2026-09-20
2026-04-17,delsitanisagua,caudal_m3s,39,ords:repDiaHid12m,,2026-09-22T01:12:47Z,celec_ords/2026/09/repDiaHid12m.ndjson.gz#repDiaHid12m:2026-09-20
2026-04-17,delsitanisagua,cota_masl,1488.56,ords:repDiaHid12m,,2026-09-22T01:12:47Z,celec_ords/2026/09/repDiaHid12m.ndjson.gz#repDiaHid12m:2026-09-20
2026-04-17,mazar,caudal_m3s,69,ords:repDiaHid12m,,2026-09-22T01:12:47Z,celec_ords/2026/09/repDiaHid12m.ndjson.gz#repDiaHid12m:2026-09-20
2026-04-17,mazar,cota_masl,2137.76,ords:repDiaHid12m,,2026-09-22T01:12:47Z,celec_ords/2026/09/repDiaHid12m.ndjson.gz#repDiaHid12m:2026-09-20
2026-04-17,minas_san_francisco,caudal_m3s,61,ords:repDiaHid12m,,2026-09-22T01:12:47Z,celec_ords/2026/09/repDiaHid12m.ndjson.gz#repDiaHid12m:2026-09-20
2026-04-17,minas_san_francisco,cota_masl,792.54,ords:repDiaHid12m,,2026-09-22T01:12:47Z,celec_ords/2026/09/repDiaHid12m.ndjson.gz#repDiaHid12m:2026-09-20
2026-04-18,amaluza,caudal_m3s,145,ords:repDiaHid12m,,2026-09-22T01:12:47Z,celec_ords/2026/09/repDiaHid12m.ndjson.gz#repDiaHid12m:2026-09-20
2026-04-18,amaluza,cota_masl,1981.77,ords:repDiaHid12m,,2026-09-22T01:12:47Z,celec_ords/2026/09/repDiaHid12m.ndjson.gz#repDiaHid12m:2026-09-20
2026-04-18,delsitanisagua,caudal_m3s,27,ords:repDiaHid12m,,2026-09-22T01:12:47Z,celec_ords/2026/09/repDiaHid12m.ndjson.gz#repDiaHid12m:2026-09-20
2026-04-18,delsitanisagua,cota_masl,1489.57,ords:repDiaHid12m,,2026-09-22T01:12:47Z,celec_ords/2026/09/repDiaHid12m.ndjson.gz#repDiaHid12m:2026-09-20
2026-04-18,mazar,caudal_m3s,67,ords:repDiaHid12m,,2026-09-22T01:12:47Z,celec_ords/2026/09/repDiaHid12m.ndjson.gz#repDiaHid12m:2026-09-20
2026-04-18,mazar,cota_masl,2137.96,ords:repDiaHid12m,,2026-09-22T01:12:47Z,celec_ords/2026/09/repDiaHid12m.ndjson.gz#repDiaHid12m:2026-09-20
2026-04-18,minas_san_francisco,caudal_m3s,51,ords:repDiaHid12m,,2026-09-22T01:12:47Z,celec_ords/2026/09/repDiaHid12m.ndjson.gz#repDiaHid12m:2026-09-20
2026-04-18,minas_san_francisco,cota_masl,791.22,ords:repDiaHid12m,,2026-09-22T01:12:47Z,celec_ords/2026/09/repDiaHid12m.ndjson.gz#repDiaHid12m:2026-09-20
2026-04-19,amaluza,caudal_m3s,26,ords:repDiaHid12m,,2026-09-22T01:12:47Z,celec_ords/2026/09/repDiaHid12m.ndjson.gz#repDiaHid12m:2026-09-20
2026-04-19,amaluza,cota_masl,1981.81,ords:repDiaHid12m,,2026-09-22T01:12:47Z,celec_ords/2026/09/repDiaHid12m.ndjson.gz#repDiaHid12m:2026-09-20
2026-04-19,delsitanisagua,caudal_m3s,28,ords:repDiaHid12m,,2026-09-22T01:12:47Z,celec_ords/2026/09/repDiaHid12m.ndjson.gz#repDiaHid12m:2026-09-20
2026-04-19,delsitanisagua,cota_masl,1487.2,ords:repDiaHid12m,,2026-09-22T01:12:47Z,celec_ords/2026/09/repDiaHid12m.ndjson.gz#repDiaHid12m:2026-09-20
2026-04-19,mazar,caudal_m3s,56,ords:repDiaHid12m,,2026-09-22T01:12:47Z,celec_ords/2026/09/repDiaHid12m.ndjson.gz#repDiaHid12m:2026-09-20
2026-04-19,mazar,cota_masl,2138.29,ords:repDiaHid12m,,2026-09-22T01:12:47Z,celec_ords/2026/09/repDiaHid12m.ndjson.gz#repDiaHid12m:2026-09-20
2026-04-19,minas_san_francisco,caudal_m3s,77,ords:repDiaHid12m,,2026-09-22T01:12:47Z,celec_ords/2026/09/repDiaHid12m.ndjson.gz#repDiaHid12m:2026-09-20
2026-04-19,minas_san_francisco,cota_masl,791.65,ords:repDiaHid12m,,2026-09-22T01:12:47Z,celec_ords/2026/09/repDiaHid12m.ndjson.gz#repDiaHid12m:2026-09-20
2026-04-20,amaluza,caudal_m3s,143,ords:repDiaHid12m,,2026-09-22T01:12:47Z,celec_ords/2026/09/repDiaHid12m.ndjson.gz#repDiaHid12m:2026-09-20
2026-04-20,amaluza,cota_masl,1981.25,ords:repDiaHid12m,,2026-09-22T01:12:47Z,celec_ords/2026/09/repDiaHid12m.ndjson.gz#repDiaHid12m:2026-09-20
2026-04-20,delsitanisagua,caudal_m3s,25,ords:repDiaHid12m,,2026-09-22T01:12:47Z,celec_ords/2026/09/repDiaHid12m.ndjson.gz#repDiaHid12m:2026-09-20
2026-04-20,delsitanisagua,cota_masl,1487.25,ords:repDiaHid12m,,2026-09-22T01:12:47Z,celec_ords/2026/09/repDiaHid12m.ndjson.gz#repDiaHid12m:2026-09-20
2026-04-20,mazar,caudal_m3s,37,ords:repDiaHid12m,,2026-09-22T01:12:47Z,celec_ords/2026/09/repDiaHid12m.ndjson.gz#repDiaHid12m:2026-09-20
2026-04-20,mazar,cota_masl,2137.91,ords:repDiaHid12m,,2026-09-22T01:12:47Z,celec_ords/2026/09/repDiaHid12m.ndjson.gz#repDiaHid12m:2026-09-20
2026-04-20,minas_san_francisco,caudal_m3s,42,ords:repDiaHid12m,,2026-09-22T01:12:47Z,celec_ords/2026/09/repDiaHid12m.ndjson.gz#repDiaHid12m:2026-09-20
2026-04-20,minas_san_francisco,cota_masl,790.55,ords:repDiaHid12m,,2026-09-22T01:12:47Z,celec_ords/2026/09/repDiaHid12m.ndjson.gz#repDiaHid12m:2026-09-20
2026-04-21,amaluza,caudal_m3s,155,ords:repDiaHid12m,,2026-09-22T01:12:47Z,celec_ords/2026/09/repDiaHid12m.ndjson.gz#repDiaHid12m:2026-09-20
2026-04-21,amaluza,cota_masl,1980.35,ords:repDiaHid12m,,2026-09-22T01:12:47Z,celec_ords/2026/09/repDiaHid12m.ndjson.gz#repDiaHid12m:2026-09-20
2026-04-21,delsitanisagua,caudal_m3s,27,ords:repDiaHid12m,,2026-09-22T01:12:47Z,celec_ords/2026/09/repDiaHid12m.ndjson.gz#repDiaHid12m:2026-09-20
2026-04-21,delsitanisagua,cota_masl,1487.9,ords:repDiaHid12m,,2026-09-22T01:12:47Z,celec_ords/2026/09/repDiaHid12m.ndjson.gz#repDiaHid12m:2026-09-20
2026-04-21,mazar,caudal_m3s,25,ords:repDiaHid12m,,2026-09-22T01:12:47Z,celec_ords/2026/09/repDiaHid12m.ndjson.gz#repDiaHid12m:2026-09-20
2026-04-21,mazar,cota_masl,2136.94,ords:repDiaHid12m,,2026-09-22T01:12:47Z,celec_ords/2026/09/repDiaHid12m.ndjson.gz#repDiaHid12m:2026-09-20
2026-04-21,minas_san_francisco,caudal_m3s,28,ords:repDiaHid12m,,2026-09-22T01:12:47Z,celec_ords/2026/09/repDiaHid12m.ndjson.gz#repDiaHid12m:2026-09-20
2026-04-21,minas_san_francisco,cota_masl,789.43,ords:repDiaHid12m,,2026-09-22T01:12:47Z,celec_ords/2026/09/repDiaHid12m.ndjson.gz#repDiaHid12m:2026-09-20
2026-04-22,amaluza,caudal_m3s,165,ords:repDiaHid12m,,2026-09-22T01:12:47Z,celec_ords/2026/09/repDiaHid12m.ndjson.gz#repDiaHid12m:2026-09-20
2026-04-22,amaluza,cota_masl,1979.7,ords:repDiaHid12m,,2026-09-22T01:12:47Z,celec_ords/2026/09/repDiaHid12m.ndjson.gz#repDiaHid12m:2026-09-20
2026-04-22,delsitanisagua,caudal_m3s,24,ords:repDiaHid12m,,2026-09-22T01:12:47Z,celec_ords/2026/09/repDiaHid12m.ndjson.gz#repDiaHid12m:2026-09-20
2026-04-22,delsitanisagua,cota_masl,1486.44,ords:repDiaHid12m,,2026-09-22T01:12:47Z,celec_ords/2026/09/repDiaHid12m.ndjson.gz#repDiaHid12m:2026-09-20
2026-04-22,mazar,caudal_m3s,32,ords:repDiaHid12m,,2026-09-22T01:12:47Z,celec_ords/2026/09/repDiaHid12m.ndjson.gz#repDiaHid12m:2026-09-20
2026-04-22,mazar,cota_masl,2135.96,ords:repDiaHid12m,,2026-09-22T01:12:47Z,celec_ords/2026/09/repDiaHid12m.ndjson.gz#repDiaHid12m:2026-09-20
2026-04-22,minas_san_francisco,caudal_m3s,28,ords:repDiaHid12m,,2026-09-22T01:12:47Z,celec_ords/2026/09/repDiaHid12m.ndjson.gz#repDiaHid12m:2026-09-20
2026-04-22,minas_san_francisco,cota_masl,787.79,ords:repDiaHid12m,,2026-09-22T01:12:47Z,celec_ords/2026/09/repDiaHid12m.ndjson.gz#repDiaHid12m:2026-09-20
2026-04-23,amaluza,caudal_m3s,165,ords:repDiaHid12m,,2026-09-22T01:12:47Z,celec_ords/2026/09/repDiaHid12m.ndjson.gz#repDiaHid12m:2026-09-20
2026-04-23,amaluza,cota_masl,1979.1,ords:repDiaHid12m,,2026-09-22T01:12:47Z,celec_ords/2026/09/repDiaHid12m.ndjson.gz#repDiaHid12m:2026-09-20
2026-04-23,delsitanisagua,caudal_m3s,25,ords:repDiaHid12m,,2026-09-22T01:12:47Z,celec_ords/2026/09/repDiaHid12m.ndjson.gz#repDiaHid12m:2026-09-20
2026-04-23,delsitanisagua,cota_masl,1487.51,ords:repDiaHid12m,,2026-09-22T01:12:47Z,celec_ords/2026/09/repDiaHid12m.ndjson.gz#repDiaHid12m:2026-09-20
2026-04-23,mazar,caudal_m3s,29,ords:repDiaHid12m,,2026-09-22T01:12:47Z,celec_ords/2026/09/repDiaHid12m.ndjson.gz#repDiaHid12m:2026-09-20
2026-04-23,mazar,cota_masl,2135.1,ords:repDiaHid12m,,2026-09-22T01:12:47Z,celec_ords/2026/09/repDiaHid12m.ndjson.gz#repDiaHid12m:2026-09-20
2026-04-23,minas_san_francisco,caudal_m3s,15,ords:repDiaHid12m,,2026-09-22T01:12:47Z,celec_ords/2026/09/repDiaHid12m.ndjson.gz#repDiaHid12m:2026-09-20
2026-04-23,minas_san_francisco,cota_masl,786.93,ords:repDiaHid12m,,2026-09-22T01:12:47Z,celec_ords/2026/09/repDiaHid12m.ndjson.gz#repDiaHid12m:2026-09-20
2026-04-24,amaluza,caudal_m3s,153,ords:repDiaHid12m,,2026-09-22T01:12:47Z,celec_ords/2026/09/repDiaHid12m.ndjson.gz#repDiaHid12m:2026-09-20
2026-04-24,amaluza,cota_masl,1978.75,ords:repDiaHid12m,,2026-09-22T01:12:47Z,celec_ords/2026/09/repDiaHid12m.ndjson.gz#repDiaHid12m:2026-09-20
2026-04-24,delsitanisagua,caudal_m3s,23,ords:repDiaHid12m,,2026-09-22T01:12:47Z,celec_ords/2026/09/repDiaHid12m.ndjson.gz#repDiaHid12m:2026-09-20
2026-04-24,delsitanisagua,cota_masl,1487.16,ords:repDiaHid12m,,2026-09-22T01:12:47Z,celec_ords/2026/09/repDiaHid12m.ndjson.gz#repDiaHid12m:2026-09-20
2026-04-24,mazar,caudal_m3s,23,ords:repDiaHid12m,,2026-09-22T01:12:47Z,celec_ords/2026/09/repDiaHid12m.ndjson.gz#repDiaHid12m:2026-09-20
2026-04-24,mazar,cota_masl,2133.86,ords:repDiaHid12m,,2026-09-22T01:12:47Z,celec_ords/2026/09/repDiaHid12m.ndjson.gz#repDiaHid12m:2026-09-20
2026-04-24,minas_san_francisco,caudal_m3s,37,ords:repDiaHid12m,,2026-09-22T01:12:47Z,celec_ords/2026/09/repDiaHid12m.ndjson.gz#repDiaHid12m:2026-09-20
2026-04-24,minas_san_francisco,cota_masl,786.91,ords:repDiaHid12m,,2026-09-22T01:12:47Z,celec_ords/2026/09/repDiaHid12m.ndjson.gz#repDiaHid12m:2026-09-20
2026-04-25,amaluza,caudal_m3s,78,ords:repDiaHid12m,,2026-09-22T01:12:47Z,celec_ords/2026/09/repDiaHid12m.ndjson.gz#repDiaHid12m:2026-09-20
2026-04-25,amaluza,cota_masl,1978.65,ords:repDiaHid12m,,2026-09-22T01:12:47Z,celec_ords/2026/09/repDiaHid12m.ndjson.gz#repDiaHid12m:2026-09-20
2026-04-25,delsitanisagua,caudal_m3s,23,ords:repDiaHid12m,,2026-09-22T01:12:47Z,celec_ords/2026/09/repDiaHid12m.ndjson.gz#repDiaHid12m:2026-09-20
2026-04-25,delsitanisagua,cota_masl,1487.2,ords:repDiaHid12m,,2026-09-22T01:12:47Z,celec_ords/2026/09/repDiaHid12m.ndjson.gz#repDiaHid12m:2026-09-20
2026-04-25,mazar,caudal_m3s,20,ords:repDiaHid12m,,2026-09-22T01:12:47Z,celec_ords/2026/09/repDiaHid12m.ndjson.gz#repDiaHid12m:2026-09-20
2026-04-25,mazar,cota_masl,2133.05,ords:repDiaHid12m,,2026-09-22T01:12:47Z,celec_ords/2026/09/repDiaHid12m.ndjson.gz#repDiaHid12m:2026-09-20
2026-04-25,minas_san_francisco,caudal_m3s,17,ords:repDiaHid12m,,2026-09-22T01:12:47Z,celec_ords/2026/09/repDiaHid12m.ndjson.gz#repDiaHid12m:2026-09-20
2026-04-25,minas_san_francisco,cota_masl,788.43,ords:repDiaHid12m,,2026-09-22T01:12:47Z,celec_ords/2026/09/repDiaHid12m.ndjson.gz#repDiaHid12m:2026-09-20
2026-04-26,amaluza,caudal_m3s,70,ords:repDiaHid12m,,2026-09-22T01:12:47Z,celec_ords/2026/09/repDiaHid12m.ndjson.gz#repDiaHid12m:2026-09-20
2026-04-26,amaluza,cota_masl,1978.93,ords:repDiaHid12m,,2026-09-22T01:12:47Z,celec_ords/2026/09/repDiaHid12m.ndjson.gz#repDiaHid12m:2026-09-20
2026-04-26,delsitanisagua,caudal_m3s,24,ords:repDiaHid12m,,2026-09-22T01:12:47Z,celec_ords/2026/09/repDiaHid12m.ndjson.gz#repDiaHid12m:2026-09-20
2026-04-26,delsitanisagua,cota_masl,1487.24,ords:repDiaHid12m,,2026-09-22T01:12:47Z,celec_ords/2026/09/repDiaHid12m.ndjson.gz#repDiaHid12m:2026-09-20
2026-04-26,mazar,caudal_m3s,26,ords:repDiaHid12m,,2026-09-22T01:12:47Z,celec_ords/2026/09/repDiaHid12m.ndjson.gz#repDiaHid12m:2026-09-20
2026-04-26,mazar,cota_masl,2132.71,ords:repDiaHid12m,,2026-09-22T01:12:47Z,celec_ords/2026/09/repDiaHid12m.ndjson.gz#repDiaHid12m:2026-09-20
2026-04-26,minas_san_francisco,caudal_m3s,8,ords:repDiaHid12m,,2026-09-22T01:12:47Z,celec_ords/2026/09/repDiaHid12m.ndjson.gz#repDiaHid12m:2026-09-20
2026-04-26,minas_san_francisco,cota_masl,786.87,ords:repDiaHid12m,,2026-09-22T01:12:47Z,celec_ords/2026/09/repDiaHid12m.ndjson.gz#repDiaHid12m:2026-09-20
2026-04-27,amaluza,caudal_m3s,160,ords:repDiaHid12m,,2026-09-22T01:12:47Z,celec_ords/2026/09/repDiaHid12m.ndjson.gz#repDiaHid12m:2026-09-20
2026-04-27,amaluza,cota_masl,1981.23,ords:repDiaHid12m,,2026-09-22T01:12:47Z,celec_ords/2026/09/repDiaHid12m.ndjson.gz#repDiaHid12m:2026-09-20
2026-04-27,delsitanisagua,caudal_m3s,24,ords:repDiaHid12m,,2026-09-22T01:12:47Z,celec_ords/2026/09/repDiaHid12m.ndjson.gz#repDiaHid12m:2026-09-20
2026-04-27,delsitanisagua,cota_masl,1487.98,ords:repDiaHid12m,,2026-09-22T01:12:47Z,celec_ords/2026/09/repDiaHid12m.ndjson.gz#repDiaHid12m:2026-09-20
2026-04-27,mazar,caudal_m3s,70,ords:repDiaHid12m,,2026-09-22T01:12:47Z,celec_ords/2026/09/repDiaHid12m.ndjson.gz#repDiaHid12m:2026-09-20
2026-04-27,mazar,cota_masl,2132.08,ords:repDiaHid12m,,2026-09-22T01:12:47Z,celec_ords/2026/09/repDiaHid12m.ndjson.gz#repDiaHid12m:2026-09-20
2026-04-27,minas_san_francisco,caudal_m3s,42,ords:repDiaHid12m,,2026-09-22T01:12:47Z,celec_ords/2026/09/repDiaHid12m.ndjson.gz#repDiaHid12m:2026-09-20
2026-04-27,minas_san_francisco,cota_masl,787.59,ords:repDiaHid12m,,2026-09-22T01:12:47Z,celec_ords/2026/09/repDiaHid12m.ndjson.gz#repDiaHid12m:2026-09-20
2026-04-28,amaluza,caudal_m3s,141,ords:repDiaHid12m,,2026-09-22T01:12:47Z,celec_ords/2026/09/repDiaHid12m.ndjson.gz#repDiaHid12m:2026-09-20
2026-04-28,amaluza,cota_masl,1981.79,ords:repDiaHid12m,,2026-09-22T01:12:47Z,celec_ords/2026/09/repDiaHid12m.ndjson.gz#repDiaHid12m:2026-09-20
2026-04-28,delsitanisagua,caudal_m3s,25,ords:repDiaHid12m,,2026-09-22T01:12:47Z,celec_ords/2026/09/repDiaHid12m.ndjson.gz#repDiaHid12m:2026-09-20
2026-04-28,delsitanisagua,cota_masl,1488.98,ords:repDiaHid12m,,2026-09-22T01:12:47Z,celec_ords/2026/09/repDiaHid12m.ndjson.gz#repDiaHid12m:2026-09-20
2026-04-28,mazar,caudal_m3s,43,ords:repDiaHid12m,,2026-09-22T01:12:47Z,celec_ords/2026/09/repDiaHid12m.ndjson.gz#repDiaHid12m:2026-09-20
2026-04-28,mazar,cota_masl,2131.77,ords:repDiaHid12m,,2026-09-22T01:12:47Z,celec_ords/2026/09/repDiaHid12m.ndjson.gz#repDiaHid12m:2026-09-20
2026-04-28,minas_san_francisco,caudal_m3s,26,ords:repDiaHid12m,,2026-09-22T01:12:47Z,celec_ords/2026/09/repDiaHid12m.ndjson.gz#repDiaHid12m:2026-09-20
2026-04-28,minas_san_francisco,cota_masl,786.71,ords:repDiaHid12m,,2026-09-22T01:12:47Z,celec_ords/2026/09/repDiaHid12m.ndjson.gz#repDiaHid12m:2026-09-20
2026-04-29,amaluza,caudal_m3s,73,ords:repDiaHid12m,,2026-09-22T01:12:47Z,celec_ords/2026/09/repDiaHid12m.ndjson.gz#repDiaHid12m:2026-09-20
2026-04-29,amaluza,cota_masl,1980.99,ords:repDiaHid12m,,2026-09-22T01:12:47Z,celec_ords/2026/09/repDiaHid12m.ndjson.gz#repDiaHid12m:2026-09-20
2026-04-29,delsitanisagua,caudal_m3s,25,ords:repDiaHid12m,,2026-09-22T01:12:47Z,celec_ords/2026/09/repDiaHid12m.ndjson.gz#repDiaHid12m:2026-09-20
2026-04-29,delsitanisagua,cota_masl,1488.5,ords:repDiaHid12m,,2026-09-22T01:12:47Z,celec_ords/2026/09/repDiaHid12m.ndjson.gz#repDiaHid12m:2026-09-20
2026-04-29,mazar,caudal_m3s,38,ords:repDiaHid12m,,2026-09-22T01:12:47Z,celec_ords/2026/09/repDiaHid12m.ndjson.gz#repDiaHid12m:2026-09-20
2026-04-29,mazar,cota_masl,2131.47,ords:repDiaHid12m,,2026-09-22T01:12:47Z,celec_ords/2026/09/repDiaHid12m.ndjson.gz#repDiaHid12m:2026-09-20
2026-04-29,minas_san_francisco,caudal_m3s,28,ords:repDiaHid12m,,2026-09-22T01:12:47Z,celec_ords/2026/09/repDiaHid12m.ndjson.gz#repDiaHid12m:2026-09-20
2026-04-29,minas_san_francisco,cota_masl,786.11,ords:repDiaHid12m,,2026-09-22T01:12:47Z,celec_ords/2026/09/repDiaHid12m.ndjson.gz#repDiaHid12m:2026-09-20
2026-04-30,amaluza,caudal_m3s,71,ords:repDiaHid12m,,2026-09-22T01:12:47Z,celec_ords/2026/09/repDiaHid12m.ndjson.gz#repDiaHid12m:2026-09-20
2026-04-30,amaluza,cota_masl,1980.81,ords:repDiaHid12m,,2026-09-22T01:12:47Z,celec_ords/2026/09/repDiaHid12m.ndjson.gz#repDiaHid12m:2026-09-20
2026-04-30,delsitanisagua,caudal_m3s,42,ords:repDiaHid12m,,2026-09-22T01:12:47Z,celec_ords/2026/09/repDiaHid12m.ndjson.gz#repDiaHid12m:2026-09-20
2026-04-30,delsitanisagua,cota_masl,1489.8,ords:repDiaHid12m,,2026-09-22T01:12:47Z,celec_ords/2026/09/repDiaHid12m.ndjson.gz#repDiaHid12m:2026-09-20
2026-04-30,mazar,caudal_m3s,43,ords:repDiaHid12m,,2026-09-22T01:12:47Z,celec_ords/2026/09/repDiaHid12m.ndjson.gz#repDiaHid12m:2026-09-20
2026-04-30,mazar,cota_masl,2131.12,ords:repDiaHid12m,,2026-09-22T01:12:47Z,celec_ords/2026/09/repDiaHid12m.ndjson.gz#repDiaHid12m:2026-09-20
2026-04-30,minas_san_francisco,caudal_m3s,19,ords:repDiaHid12m,,2026-09-22T01:12:47Z,celec_ords/2026/09/repDiaHid12m.ndjson.gz#repDiaHid12m:2026-09-20
2026-04-30,minas_san_francisco,cota_masl,787.28,ords:repDiaHid12m,,2026-09-22T01:12:47Z,celec_ords/2026/09/repDiaHid12m.ndjson.gz#repDiaHid12m:2026-09-20
2026-05-01,amaluza,caudal_m3s,117,ords:repDiaHid12m,,2026-09-22T01:12:47Z,celec_ords/2026/09/repDiaHid12m.ndjson.gz#repDiaHid12m:2026-09-20
2026-05-01,amaluza,cota_masl,1981.8,ords:repDiaHid12m,,2026-09-22T01:12:47Z,celec_ords/2026/09/repDiaHid12m.ndjson.gz#repDiaHid12m:2026-09-20
2026-05-01,delsitanisagua,caudal_m3s,100,ords:repDiaHid12m,,2026-09-22T01:12:47Z,celec_ords/2026/09/repDiaHid12m.ndjson.gz#repDiaHid12m:2026-09-20
2026-05-01,delsitanisagua,cota_masl,1490.37,ords:repDiaHid12m,,2026-09-22T01:12:47Z,celec_ords/2026/09/repDiaHid12m.ndjson.gz#repDiaHid12m:2026-09-20
2026-05-01,mazar,caudal_m3s,139,ords:repDiaHid12m,,2026-09-22T01:12:47Z,celec_ords/2026/09/repDiaHid12m.ndjson.gz#repDiaHid12m:2026-09-20
2026-05-01,mazar,cota_masl,2132,ords:repDiaHid12m,,2026-09-22T01:12:47Z,celec_ords/2026/09/repDiaHid12m.ndjson.gz#repDiaHid12m:2026-09-20
2026-05-01,minas_san_francisco,caudal_m3s,24,ords:repDiaHid12m,,2026-09-22T01:12:47Z,celec_ords/2026/09/repDiaHid12m.ndjson.gz#repDiaHid12m:2026-09-20
2026-05-01,minas_san_francisco,cota_masl,788.9,ords:repDiaHid12m,,2026-09-22T01:12:47Z,celec_ords/2026/09/repDiaHid12m.ndjson.gz#repDiaHid12m:2026-09-20
2026-05-02,amaluza,caudal_m3s,109,ords:repDiaHid12m,,2026-09-22T01:12:47Z,celec_ords/2026/09/repDiaHid12m.ndjson.gz#repDiaHid12m:2026-09-20
2026-05-02,amaluza,cota_masl,1984.23,ords:repDiaHid12m,,2026-09-22T01:12:47Z,celec_ords/2026/09/repDiaHid12m.ndjson.gz#repDiaHid12m:2026-09-20
2026-05-02,delsitanisagua,caudal_m3s,89,ords:repDiaHid12m,,2026-09-22T01:12:47Z,celec_ords/2026/09/repDiaHid12m.ndjson.gz#repDiaHid12m:2026-09-20
2026-05-02,delsitanisagua,cota_masl,1490.39,ords:repDiaHid12m,,2026-09-22T01:12:47Z,celec_ords/2026/09/repDiaHid12m.ndjson.gz#repDiaHid12m:2026-09-20
2026-05-02,mazar,caudal_m3s,196,ords:repDiaHid12m,,2026-09-22T01:12:47Z,celec_ords/2026/09/repDiaHid12m.ndjson.gz#repDiaHid12m:2026-09-20
2026-05-02,mazar,cota_masl,2133.76,ords:repDiaHid12m,,2026-09-22T01:12:47Z,celec_ords/2026/09/repDiaHid12m.ndjson.gz#repDiaHid12m:2026-09-20
2026-05-02,minas_san_francisco,caudal_m3s,52,ords:repDiaHid12m,,2026-09-22T01:12:47Z,celec_ords/2026/09/repDiaHid12m.ndjson.gz#repDiaHid12m:2026-09-20
2026-05-02,minas_san_francisco,cota_masl,791.08,ords:repDiaHid12m,,2026-09-22T01:12:47Z,celec_ords/2026/09/repDiaHid12m.ndjson.gz#repDiaHid12m:2026-09-20
2026-05-03,amaluza,caudal_m3s,95,ords:repDiaHid12m,,2026-09-22T01:12:47Z,celec_ords/2026/09/repDiaHid12m.ndjson.gz#repDiaHid12m:2026-09-20
2026-05-03,amaluza,cota_masl,1985.97,ords:repDiaHid12m,,2026-09-22T01:12:47Z,celec_ords/2026/09/repDiaHid12m.ndjson.gz#repDiaHid12m:2026-09-20
2026-05-03,delsitanisagua,caudal_m3s,124,ords:repDiaHid12m,,2026-09-22T01:12:47Z,celec_ords/2026/09/repDiaHid12m.ndjson.gz#repDiaHid12m:2026-09-20
2026-05-03,delsitanisagua,cota_masl,1490.37,ords:repDiaHid12m,,2026-09-22T01:12:47Z,celec_ords/2026/09/repDiaHid12m.ndjson.gz#repDiaHid12m:2026-09-20
2026-05-03,mazar,caudal_m3s,270,ords:repDiaHid12m,,2026-09-22T01:12:47Z,celec_ords/2026/09/repDiaHid12m.ndjson.gz#repDiaHid12m:2026-09-20
2026-05-03,mazar,cota_masl,2137.62,ords:repDiaHid12m,,2026-09-22T01:12:47Z,celec_ords/2026/09/repDiaHid12m.ndjson.gz#repDiaHid12m:2026-09-20
2026-05-03,minas_san_francisco,caudal_m3s,296,ords:repDiaHid12m,,2026-09-22T01:12:47Z,celec_ords/2026/09/repDiaHid12m.ndjson.gz#repDiaHid12m:2026-09-20
2026-05-03,minas_san_francisco,cota_masl,792.62,ords:repDiaHid12m,,2026-09-22T01:12:47Z,celec_ords/2026/09/repDiaHid12m.ndjson.gz#repDiaHid12m:2026-09-20
2026-05-04,amaluza,caudal_m3s,66,ords:repDiaHid12m,,2026-09-22T01:12:47Z,celec_ords/2026/09/repDiaHid12m.ndjson.gz#repDiaHid12m:2026-09-20
2026-05-04,amaluza,cota_masl,1986.72,ords:repDiaHid12m,,2026-09-22T01:12:47Z,celec_ords/2026/09/repDiaHid12m.ndjson.gz#repDiaHid12m:2026-09-20
2026-05-04,delsitanisagua,caudal_m3s,91,ords:repDiaHid12m,,2026-09-22T01:12:47Z,celec_ords/2026/09/repDiaHid12m.ndjson.gz#repDiaHid12m:2026-09-20
2026-05-04,delsitanisagua,cota_masl,1490.3,ords:repDiaHid12m,,2026-09-22T01:12:47Z,celec_ords/2026/09/repDiaHid12m.ndjson.gz#repDiaHid12m:2026-09-20
2026-05-04,mazar,caudal_m3s,267,ords:repDiaHid12m,,2026-09-22T01:12:47Z,celec_ords/2026/09/repDiaHid12m.ndjson.gz#repDiaHid12m:2026-09-20
2026-05-04,mazar,cota_masl,2141.26,ords:repDiaHid12m,,2026-09-22T01:12:47Z,celec_ords/2026/09/repDiaHid12m.ndjson.gz#repDiaHid12m:2026-09-20
2026-05-04,minas_san_francisco,caudal_m3s,236,ords:repDiaHid12m,,2026-09-22T01:12:47Z,celec_ords/2026/09/repDiaHid12m.ndjson.gz#repDiaHid12m:2026-09-20
2026-05-04,minas_san_francisco,cota_masl,790.78,ords:repDiaHid12m,,2026-09-22T01:12:47Z,celec_ords/2026/09/repDiaHid12m.ndjson.gz#repDiaHid12m:2026-09-20
2026-05-05,amaluza,caudal_m3s,126,ords:repDiaHid12m,,2026-09-22T01:12:47Z,celec_ords/2026/09/repDiaHid12m.ndjson.gz#repDiaHid12m:2026-09-20
2026-05-05,amaluza,cota_masl,1986.94,ords:repDiaHid12m,,2026-09-22T01:12:47Z,celec_ords/2026/09/repDiaHid12m.ndjson.gz#repDiaHid12m:2026-09-20
2026-05-05,delsitanisagua,caudal_m3s,48,ords:repDiaHid12m,,2026-09-22T01:12:47Z,celec_ords/2026/09/repDiaHid12m.ndjson.gz#repDiaHid12m:2026-09-20
2026-05-05,delsitanisagua,cota_masl,1490.64,ords:repDiaHid12m,,2026-09-22T01:12:47Z,celec_ords/2026/09/repDiaHid12m.ndjson.gz#repDiaHid12m:2026-09-20
2026-05-05,mazar,caudal_m3s,121,ords:repDiaHid12m,,2026-09-22T01:12:47Z,celec_ords/2026/09/repDiaHid12m.ndjson.gz#repDiaHid12m:2026-09-20
2026-05-05,mazar,cota_masl,2142.85,ords:repDiaHid12m,,2026-09-22T01:12:47Z,celec_ords/2026/09/repDiaHid12m.ndjson.gz#repDiaHid12m:2026-09-20
2026-05-05,minas_san_francisco,caudal_m3s,86,ords:repDiaHid12m,,2026-09-22T01:12:47Z,celec_ords/2026/09/repDiaHid12m.ndjson.gz#repDiaHid12m:2026-09-20
2026-05-05,minas_san_francisco,cota_masl,779.05,ords:repDiaHid12m,,2026-09-22T01:12:47Z,celec_ords/2026/09/repDiaHid12m.ndjson.gz#repDiaHid12m:2026-09-20
2026-05-06,amaluza,caudal_m3s,150,ords:repDiaHid12m,,2026-09-22T01:12:47Z,celec_ords/2026/09/repDiaHid12m.ndjson.gz#repDiaHid12m:2026-09-20
2026-05-06,amaluza,cota_masl,1987.24,ords:repDiaHid12m,,2026-09-22T01:12:47Z,celec_ords/2026/09/repDiaHid12m.ndjson.gz#repDiaHid12m:2026-09-20
2026-05-06,delsitanisagua,caudal_m3s,47,ords:repDiaHid12m,,2026-09-22T01:12:47Z,celec_ords/2026/09/repDiaHid12m.ndjson.gz#repDiaHid12m:2026-09-20
2026-05-06,delsitanisagua,cota_masl,1490.9,ords:repDiaHid12m,,2026-09-22T01:12:47Z,celec_ords/2026/09/repDiaHid12m.ndjson.gz#repDiaHid12m:2026-09-20
2026-05-06,mazar,caudal_m3s,221,ords:repDiaHid12m,,2026-09-22T01:12:47Z,celec_ords/2026/09/repDiaHid12m.ndjson.gz#repDiaHid12m:2026-09-20
2026-05-06,mazar,cota_masl,2144.23,ords:repDiaHid12m,,2026-09-22T01:12:47Z,celec_ords/2026/09/repDiaHid12m.ndjson.gz#repDiaHid12m:2026-09-20
2026-05-06,minas_san_francisco,caudal_m3s,76,ords:repDiaHid12m,,2026-09-22T01:12:47Z,celec_ords/2026/09/repDiaHid12m.ndjson.gz#repDiaHid12m:2026-09-20
2026-05-06,minas_san_francisco,cota_masl,776.83,ords:repDiaHid12m,,2026-09-22T01:12:47Z,celec_ords/2026/09/repDiaHid12m.ndjson.gz#repDiaHid12m:2026-09-20
2026-05-07,amaluza,caudal_m3s,101,ords:repDiaHid12m,,2026-09-22T01:12:47Z,celec_ords/2026/09/repDiaHid12m.ndjson.gz#repDiaHid12m:2026-09-20
2026-05-07,amaluza,cota_masl,1987.84,ords:repDiaHid12m,,2026-09-22T01:12:47Z,celec_ords/2026/09/repDiaHid12m.ndjson.gz#repDiaHid12m:2026-09-20
2026-05-07,delsitanisagua,caudal_m3s,40,ords:repDiaHid12m,,2026-09-22T01:12:47Z,celec_ords/2026/09/repDiaHid12m.ndjson.gz#repDiaHid12m:2026-09-20
2026-05-07,delsitanisagua,cota_masl,1490.94,ords:repDiaHid12m,,2026-09-22T01:12:47Z,celec_ords/2026/09/repDiaHid12m.ndjson.gz#repDiaHid12m:2026-09-20
2026-05-07,mazar,caudal_m3s,88,ords:repDiaHid12m,,2026-09-22T01:12:47Z,celec_ords/2026/09/repDiaHid12m.ndjson.gz#repDiaHid12m:2026-09-20
2026-05-07,mazar,cota_masl,2145.41,ords:repDiaHid12m,,2026-09-22T01:12:47Z,celec_ords/2026/09/repDiaHid12m.ndjson.gz#repDiaHid12m:2026-09-20
2026-05-07,minas_san_francisco,caudal_m3s,54,ords:repDiaHid12m,,2026-09-22T01:12:47Z,celec_ords/2026/09/repDiaHid12m.ndjson.gz#repDiaHid12m:2026-09-20
2026-05-07,minas_san_francisco,cota_masl,778,ords:repDiaHid12m,,2026-09-22T01:12:47Z,celec_ords/2026/09/repDiaHid12m.ndjson.gz#repDiaHid12m:2026-09-20
2026-05-08,amaluza,caudal_m3s,114,ords:repDiaHid12m,,2026-09-22T01:12:47Z,celec_ords/2026/09/repDiaHid12m.ndjson.gz#repDiaHid12m:2026-09-20
2026-05-08,amaluza,cota_masl,1986.84,ords:repDiaHid12m,,2026-09-22T01:12:47Z,celec_ords/2026/09/repDiaHid12m.ndjson.gz#repDiaHid12m:2026-09-20
2026-05-08,delsitanisagua,caudal_m3s,36,ords:repDiaHid12m,,2026-09-22T01:12:47Z,celec_ords/2026/09/repDiaHid12m.ndjson.gz#repDiaHid12m:2026-09-20
2026-05-08,delsitanisagua,cota_masl,1489.55,ords:repDiaHid12m,,2026-09-22T01:12:47Z,celec_ords/2026/09/repDiaHid12m.ndjson.gz#repDiaHid12m:2026-09-20
2026-05-08,mazar,caudal_m3s,84,ords:repDiaHid12m,,2026-09-22T01:12:47Z,celec_ords/2026/09/repDiaHid12m.ndjson.gz#repDiaHid12m:2026-09-20
2026-05-08,mazar,cota_masl,2145.84,ords:repDiaHid12m,,2026-09-22T01:12:47Z,celec_ords/2026/09/repDiaHid12m.ndjson.gz#repDiaHid12m:2026-09-20
2026-05-08,minas_san_francisco,caudal_m3s,69,ords:repDiaHid12m,,2026-09-22T01:12:47Z,celec_ords/2026/09/repDiaHid12m.ndjson.gz#repDiaHid12m:2026-09-20
2026-05-08,minas_san_francisco,cota_masl,767.48,ords:repDiaHid12m,,2026-09-22T01:12:47Z,celec_ords/2026/09/repDiaHid12m.ndjson.gz#repDiaHid12m:2026-09-20
2026-05-09,amaluza,caudal_m3s,83,ords:repDiaHid12m,,2026-09-22T01:12:47Z,celec_ords/2026/09/repDiaHid12m.ndjson.gz#repDiaHid12m:2026-09-20
2026-05-09,amaluza,cota_masl,1985.07,ords:repDiaHid12m,,2026-09-22T01:12:47Z,celec_ords/2026/09/repDiaHid12m.ndjson.gz#repDiaHid12m:2026-09-20
2026-05-09,delsitanisagua,caudal_m3s,38,ords:repDiaHid12m,,2026-09-22T01:12:47Z,celec_ords/2026/09/repDiaHid12m.ndjson.gz#repDiaHid12m:2026-09-20
2026-05-09,delsitanisagua,cota_masl,1490.83,ords:repDiaHid12m,,2026-09-22T01:12:47Z,celec_ords/2026/09/repDiaHid12m.ndjson.gz#repDiaHid12m:2026-09-20
2026-05-09,mazar,caudal_m3s,70,ords:repDiaHid12m,,2026-09-22T01:12:47Z,celec_ords/2026/09/repDiaHid12m.ndjson.gz#repDiaHid12m:2026-09-20
2026-05-09,mazar,cota_masl,2146.47,ords:repDiaHid12m,,2026-09-22T01:12:47Z,celec_ords/2026/09/repDiaHid12m.ndjson.gz#repDiaHid12m:2026-09-20
2026-05-09,minas_san_francisco,caudal_m3s,14,ords:repDiaHid12m,,2026-09-22T01:12:47Z,celec_ords/2026/09/repDiaHid12m.ndjson.gz#repDiaHid12m:2026-09-20
2026-05-09,minas_san_francisco,cota_masl,766.5,ords:repDiaHid12m,,2026-09-22T01:12:47Z,celec_ords/2026/09/repDiaHid12m.ndjson.gz#repDiaHid12m:2026-09-20
2026-05-10,amaluza,caudal_m3s,39,ords:repDiaHid12m,,2026-09-22T01:12:47Z,celec_ords/2026/09/repDiaHid12m.ndjson.gz#repDiaHid12m:2026-09-20
2026-05-10,amaluza,cota_masl,1985.41,ords:repDiaHid12m,,2026-09-22T01:12:47Z,celec_ords/2026/09/repDiaHid12m.ndjson.gz#repDiaHid12m:2026-09-20
2026-05-10,delsitanisagua,caudal_m3s,49,ords:repDiaHid12m,,2026-09-22T01:12:47Z,celec_ords/2026/09/repDiaHid12m.ndjson.gz#repDiaHid12m:2026-09-20
2026-05-10,delsitanisagua,cota_masl,1490.79,ords:repDiaHid12m,,2026-09-22T01:12:47Z,celec_ords/2026/09/repDiaHid12m.ndjson.gz#repDiaHid12m:2026-09-20
2026-05-10,mazar,caudal_m3s,87,ords:repDiaHid12m,,2026-09-22T01:12:47Z,celec_ords/2026/09/repDiaHid12m.ndjson.gz#repDiaHid12m:2026-09-20
2026-05-10,mazar,cota_masl,2147.12,ords:repDiaHid12m,,2026-09-22T01:12:47Z,celec_ords/2026/09/repDiaHid12m.ndjson.gz#repDiaHid12m:2026-09-20
2026-05-10,minas_san_francisco,caudal_m3s,21,ords:repDiaHid12m,,2026-09-22T01:12:47Z,celec_ords/2026/09/repDiaHid12m.ndjson.gz#repDiaHid12m:2026-09-20
2026-05-10,minas_san_francisco,cota_masl,767.59,ords:repDiaHid12m,,2026-09-22T01:12:47Z,celec_ords/2026/09/repDiaHid12m.ndjson.gz#repDiaHid12m:2026-09-20
2026-05-11,amaluza,caudal_m3s,200,ords:repDiaHid12m,,2026-09-22T01:12:47Z,celec_ords/2026/09/repDiaHid12m.ndjson.gz#repDiaHid12m:2026-09-20
2026-05-11,amaluza,cota_masl,1986.1,ords:repDiaHid12m,,2026-09-22T01:12:47Z,celec_ords/2026/09/repDiaHid12m.ndjson.gz#repDiaHid12m:2026-09-20
2026-05-11,delsitanisagua,caudal_m3s,113,ords:repDiaHid12m,,2026-09-22T01:12:47Z,celec_ords/2026/09/repDiaHid12m.ndjson.gz#repDiaHid12m:2026-09-20
2026-05-11,delsitanisagua,cota_masl,1490.95,ords:repDiaHid12m,,2026-09-22T01:12:47Z,celec_ords/2026/09/repDiaHid12m.ndjson.gz#repDiaHid12m:2026-09-20
2026-05-11,mazar,caudal_m3s,334,ords:repDiaHid12m,,2026-09-22T01:12:47Z,celec_ords/2026/09/repDiaHid12m.ndjson.gz#repDiaHid12m:2026-09-20
2026-05-11,mazar,cota_masl,2148.21,ords:repDiaHid12m,,2026-09-22T01:12:47Z,celec_ords/2026/09/repDiaHid12m.ndjson.gz#repDiaHid12m:2026-09-20
2026-05-11,minas_san_francisco,caudal_m3s,44,ords:repDiaHid12m,,2026-09-22T01:12:47Z,celec_ords/2026/09/repDiaHid12m.ndjson.gz#repDiaHid12m:2026-09-20
2026-05-11,minas_san_francisco,cota_masl,777.3,ords:repDiaHid12m,,2026-09-22T01:12:47Z,celec_ords/2026/09/repDiaHid12m.ndjson.gz#repDiaHid12m:2026-09-20
2026-05-12,amaluza,caudal_m3s,188,ords:repDiaHid12m,,2026-09-22T01:12:47Z,celec_ords/2026/09/repDiaHid12m.ndjson.gz#repDiaHid12m:2026-09-20
2026-05-12,amaluza,cota_masl,1987.31,ords:repDiaHid12m,,2026-09-22T01:12:47Z,celec_ords/2026/09/repDiaHid12m.ndjson.gz#repDiaHid12m:2026-09-20
2026-05-12,delsitanisagua,caudal_m3s,50,ords:repDiaHid12m,,2026-09-22T01:12:47Z,celec_ords/2026/09/repDiaHid12m.ndjson.gz#repDiaHid12m:2026-09-20
2026-05-12,delsitanisagua,cota_masl,1490.76,ords:repDiaHid12m,,2026-09-22T01:12:47Z,celec_ords/2026/09/repDiaHid12m.ndjson.gz#repDiaHid12m:2026-09-20
2026-05-12,mazar,caudal_m3s,193,ords:repDiaHid12m,,2026-09-22T01:12:47Z,celec_ords/2026/09/repDiaHid12m.ndjson.gz#repDiaHid12m:2026-09-20
2026-05-12,mazar,cota_masl,2150.68,ords:repDiaHid12m,,2026-09-22T01:12:47Z,celec_ords/2026/09/repDiaHid12m.ndjson.gz#repDiaHid12m:2026-09-20
2026-05-12,minas_san_francisco,caudal_m3s,112,ords:repDiaHid12m,,2026-09-22T01:12:47Z,celec_ords/2026/09/repDiaHid12m.ndjson.gz#repDiaHid12m:2026-09-20
2026-05-12,minas_san_francisco,cota_masl,781.72,ords:repDiaHid12m,,2026-09-22T01:12:47Z,celec_ords/2026/09/repDiaHid12m.ndjson.gz#repDiaHid12m:2026-09-20
2026-05-13,amaluza,caudal_m3s,100,ords:repDiaHid12m,,2026-09-22T01:12:47Z,celec_ords/2026/09/repDiaHid12m.ndjson.gz#repDiaHid12m:2026-09-20
2026-05-13,amaluza,cota_masl,1986.78,ords:repDiaHid12m,,2026-09-22T01:12:47Z,celec_ords/2026/09/repDiaHid12m.ndjson.gz#repDiaHid12m:2026-09-20
2026-05-13,delsitanisagua,caudal_m3s,40,ords:repDiaHid12m,,2026-09-22T01:12:47Z,celec_ords/2026/09/repDiaHid12m.ndjson.gz#repDiaHid12m:2026-09-20
2026-05-13,delsitanisagua,cota_masl,1490.88,ords:repDiaHid12m,,2026-09-22T01:12:47Z,celec_ords/2026/09/repDiaHid12m.ndjson.gz#repDiaHid12m:2026-09-20
2026-05-13,mazar,caudal_m3s,88,ords:repDiaHid12m,,2026-09-22T01:12:47Z,celec_ords/2026/09/repDiaHid12m.ndjson.gz#repDiaHid12m:2026-09-20
2026-05-13,mazar,cota_masl,2151.32,ords:repDiaHid12m,,2026-09-22T01:12:47Z,celec_ords/2026/09/repDiaHid12m.ndjson.gz#repDiaHid12m:2026-09-20
2026-05-13,minas_san_francisco,caudal_m3s,88,ords:repDiaHid12m,,2026-09-22T01:12:47Z,celec_ords/2026/09/repDiaHid12m.ndjson.gz#repDiaHid12m:2026-09-20
2026-05-13,minas_san_francisco,cota_masl,779.9,ords:repDiaHid12m,,2026-09-22T01:12:47Z,celec_ords/2026/09/repDiaHid12m.ndjson.gz#repDiaHid12m:2026-09-20
2026-05-14,amaluza,caudal_m3s,139,ords:repDiaHid12m,,2026-09-22T01:12:47Z,celec_ords/2026/09/repDiaHid12m.ndjson.gz#repDiaHid12m:2026-09-20
2026-05-14,amaluza,cota_masl,1986.15,ords:repDiaHid12m,,2026-09-22T01:12:47Z,celec_ords/2026/09/repDiaHid12m.ndjson.gz#repDiaHid12m:2026-09-20
2026-05-14,delsitanisagua,caudal_m3s,36,ords:repDiaHid12m,,2026-09-22T01:12:47Z,celec_ords/2026/09/repDiaHid12m.ndjson.gz#repDiaHid12m:2026-09-20
2026-05-14,delsitanisagua,cota_masl,1490.52,ords:repDiaHid12m,,2026-09-22T01:12:47Z,celec_ords/2026/09/repDiaHid12m.ndjson.gz#repDiaHid12m:2026-09-20
2026-05-14,mazar,caudal_m3s,63,ords:repDiaHid12m,,2026-09-22T01:12:47Z,celec_ords/2026/09/repDiaHid12m.ndjson.gz#repDiaHid12m:2026-09-20
2026-05-14,mazar,cota_masl,2151.41,ords:repDiaHid12m,,2026-09-22T01:12:47Z,celec_ords/2026/09/repDiaHid12m.ndjson.gz#repDiaHid12m:2026-09-20
2026-05-14,minas_san_francisco,caudal_m3s,55,ords:repDiaHid12m,,2026-09-22T01:12:47Z,celec_ords/2026/09/repDiaHid12m.ndjson.gz#repDiaHid12m:2026-09-20
2026-05-14,minas_san_francisco,cota_masl,775.45,ords:repDiaHid12m,,2026-09-22T01:12:47Z,celec_ords/2026/09/repDiaHid12m.ndjson.gz#repDiaHid12m:2026-09-20
2026-05-15,amaluza,caudal_m3s,112,ords:repDiaHid12m,,2026-09-22T01:12:47Z,celec_ords/2026/09/repDiaHid12m.ndjson.gz#repDiaHid12m:2026-09-20
2026-05-15,amaluza,cota_masl,1985.49,ords:repDiaHid12m,,2026-09-22T01:12:47Z,celec_ords/2026/09/repDiaHid12m.ndjson.gz#repDiaHid12m:2026-09-20
2026-05-15,delsitanisagua,caudal_m3s,35,ords:repDiaHid12m,,2026-09-22T01:12:47Z,celec_ords/2026/09/repDiaHid12m.ndjson.gz#repDiaHid12m:2026-09-20
2026-05-15,delsitanisagua,cota_masl,1481.01,ords:repDiaHid12m,,2026-09-22T01:12:47Z,celec_ords/2026/09/repDiaHid12m.ndjson.gz#repDiaHid12m:2026-09-20
2026-05-15,mazar,caudal_m3s,65,ords:repDiaHid12m,,2026-09-22T01:12:47Z,celec_ords/2026/09/repDiaHid12m.ndjson.gz#repDiaHid12m:2026-09-20
2026-05-15,mazar,cota_masl,2151.26,ords:repDiaHid12m,,2026-09-22T01:12:47Z,celec_ords/2026/09/repDiaHid12m.ndjson.gz#repDiaHid12m:2026-09-20
2026-05-15,minas_san_francisco,caudal_m3s,45,ords:repDiaHid12m,,2026-09-22T01:12:47Z,celec_ords/2026/09/repDiaHid12m.ndjson.gz#repDiaHid12m:2026-09-20
2026-05-15,minas_san_francisco,cota_masl,774.53,ords:repDiaHid12m,,2026-09-22T01:12:47Z,celec_ords/2026/09/repDiaHid12m.ndjson.gz#repDiaHid12m:2026-09-20
2026-05-16,amaluza,caudal_m3s,113,ords:repDiaHid12m,,2026-09-22T01:12:47Z,celec_ords/2026/09/repDiaHid12m.ndjson.gz#repDiaHid12m:2026-09-20
2026-05-16,amaluza,cota_masl,1983.58,ords:repDiaHid12m,,2026-09-22T01:12:47Z,celec_ords/2026/09/repDiaHid12m.ndjson.gz#repDiaHid12m:2026-09-20
2026-05-16,delsitanisagua,caudal_m3s,36,ords:repDiaHid12m,,2026-09-22T01:12:47Z,celec_ords/2026/09/repDiaHid12m.ndjson.gz#repDiaHid12m:2026-09-20
2026-05-16,delsitanisagua,cota_masl,1471,ords:repDiaHid12m,,2026-09-22T01:12:47Z,celec_ords/2026/09/repDiaHid12m.ndjson.gz#repDiaHid12m:2026-09-20
2026-05-16,mazar,caudal_m3s,60,ords:repDiaHid12m,,2026-09-22T01:12:47Z,celec_ords/2026/09/repDiaHid12m.ndjson.gz#repDiaHid12m:2026-09-20
2026-05-16,mazar,cota_masl,2151.31,ords:repDiaHid12m,,2026-09-22T01:12:47Z,celec_ords/2026/09/repDiaHid12m.ndjson.gz#repDiaHid12m:2026-09-20
2026-05-16,minas_san_francisco,caudal_m3s,47,ords:repDiaHid12m,,2026-09-22T01:12:47Z,celec_ords/2026/09/repDiaHid12m.ndjson.gz#repDiaHid12m:2026-09-20
2026-05-16,minas_san_francisco,cota_masl,774.5,ords:repDiaHid12m,,2026-09-22T01:12:47Z,celec_ords/2026/09/repDiaHid12m.ndjson.gz#repDiaHid12m:2026-09-20
2026-05-17,amaluza,caudal_m3s,162,ords:repDiaHid12m,,2026-09-22T01:12:47Z,celec_ords/2026/09/repDiaHid12m.ndjson.gz#repDiaHid12m:2026-09-20
2026-05-17,amaluza,cota_masl,1984,ords:repDiaHid12m,,2026-09-22T01:12:47Z,celec_ords/2026/09/repDiaHid12m.ndjson.gz#repDiaHid12m:2026-09-20
2026-05-17,delsitanisagua,caudal_m3s,35,ords:repDiaHid12m,,2026-09-22T01:12:47Z,celec_ords/2026/09/repDiaHid12m.ndjson.gz#repDiaHid12m:2026-09-20
2026-05-17,delsitanisagua,cota_masl,1482.56,ords:repDiaHid12m,,2026-09-22T01:12:47Z,celec_ords/2026/09/repDiaHid12m.ndjson.gz#repDiaHid12m:2026-09-20
2026-05-17,mazar,caudal_m3s,53,ords:repDiaHid12m,,2026-09-22T01:12:47Z,celec_ords/2026/09/repDiaHid12m.ndjson.gz#repDiaHid12m:2026-09-20
2026-05-17,mazar,cota_masl,2151.03,ords:repDiaHid12m,,2026-09-22T01:12:47Z,celec_ords/2026/09/repDiaHid12m.ndjson.gz#repDiaHid12m:2026-09-20
2026-05-17,minas_san_francisco,caudal_m3s,45,ords:repDiaHid12m,,2026-09-22T01:12:47Z,celec_ords/2026/09/repDiaHid12m.ndjson.gz#repDiaHid12m:2026-09-20
2026-05-17,minas_san_francisco,cota_masl,774.5,ords:repDiaHid12m,,2026-09-22T01:12:47Z,celec_ords/2026/09/repDiaHid12m.ndjson.gz#repDiaHid12m:2026-09-20
2026-05-18,amaluza,caudal_m3s,191,ords:repDiaHid12m,,2026-09-22T01:12:47Z,celec_ords/2026/09/repDiaHid12m.ndjson.gz#repDiaHid12m:2026-09-20
2026-05-18,amaluza,cota_masl,1983.81,ords:repDiaHid12m,,2026-09-22T01:12:47Z,celec_ords/2026/09/repDiaHid12m.ndjson.gz#repDiaHid12m:2026-09-20
2026-05-18,delsitanisagua,caudal_m3s,44,ords:repDiaHid12m,,2026-09-22T01:12:47Z,celec_ords/2026/09/repDiaHid12m.ndjson.gz#repDiaHid12m:2026-09-20
2026-05-18,delsitanisagua,cota_masl,1490.98,ords:repDiaHid12m,,2026-09-22T01:12:47Z,celec_ords/2026/09/repDiaHid12m.ndjson.gz#repDiaHid12m:2026-09-20
2026-05-18,mazar,caudal_m3s,69,ords:repDiaHid12m,,2026-09-22T01:12:47Z,celec_ords/2026/09/repDiaHid12m.ndjson.gz#repDiaHid12m:2026-09-20
2026-05-18,mazar,cota_masl,2150.64,ords:repDiaHid12m,,2026-09-22T01:12:47Z,celec_ords/2026/09/repDiaHid12m.ndjson.gz#repDiaHid12m:2026-09-20
2026-05-18,minas_san_francisco,caudal_m3s,48,ords:repDiaHid12m,,2026-09-22T01:12:47Z,celec_ords/2026/09/repDiaHid12m.ndjson.gz#repDiaHid12m:2026-09-20
2026-05-18,minas_san_francisco,cota_masl,774.55,ords:repDiaHid12m,,2026-09-22T01:12:47Z,celec_ords/2026/09/repDiaHid12m.ndjson.gz#repDiaHid12m:2026-09-20
2026-05-19,amaluza,caudal_m3s,171,ords:repDiaHid12m,,2026-09-22T01:12:47Z,celec_ords/2026/09/repDiaHid12m.ndjson.gz#repDiaHid12m:2026-09-20
2026-05-19,amaluza,cota_masl,1984.32,ords:repDiaHid12m,,2026-09-22T01:12:47Z,celec_ords/2026/09/repDiaHid12m.ndjson.gz#repDiaHid12m:2026-09-20
2026-05-19,delsitanisagua,caudal_m3s,107,ords:repDiaHid12m,,2026-09-22T01:12:47Z,celec_ords/2026/09/repDiaHid12m.ndjson.gz#repDiaHid12m:2026-09-20
2026-05-19,delsitanisagua,cota_masl,1490.81,ords:repDiaHid12m,,2026-09-22T01:12:47Z,celec_ords/2026/09/repDiaHid12m.ndjson.gz#repDiaHid12m:2026-09-20
2026-05-19,mazar,caudal_m3s,61,ords:repDiaHid12m,,2026-09-22T01:12:47Z,celec_ords/2026/09/repDiaHid12m.ndjson.gz#repDiaHid12m:2026-09-20
2026-05-19,mazar,cota_masl,2150.69,ords:repDiaHid12m,,2026-09-22T01:12:47Z,celec_ords/2026/09/repDiaHid12m.ndjson.gz#repDiaHid12m:2026-09-20
2026-05-19,minas_san_francisco,caudal_m3s,49,ords:repDiaHid12m,,2026-09-22T01:12:47Z,celec_ords/2026/09/repDiaHid12m.ndjson.gz#repDiaHid12m:2026-09-20
2026-05-19,minas_san_francisco,cota_masl,784.38,ords:repDiaHid12m,,2026-09-22T01:12:47Z,celec_ords/2026/09/repDiaHid12m.ndjson.gz#repDiaHid12m:2026-09-20
2026-05-20,amaluza,caudal_m3s,166,ords:repDiaHid12m,,2026-09-22T01:12:47Z,celec_ords/2026/09/repDiaHid12m.ndjson.gz#repDiaHid12m:2026-09-20
2026-05-20,amaluza,cota_masl,1984.36,ords:repDiaHid12m,,2026-09-22T01:12:47Z,celec_ords/2026/09/repDiaHid12m.ndjson.gz#repDiaHid12m:2026-09-20
2026-05-20,delsitanisagua,caudal_m3s,67,ords:repDiaHid12m,,2026-09-22T01:12:47Z,celec_ords/2026/09/repDiaHid12m.ndjson.gz#repDiaHid12m:2026-09-20
2026-05-20,delsitanisagua,cota_masl,1490.89,ords:repDiaHid12m,,2026-09-22T01:12:47Z,celec_ords/2026/09/repDiaHid12m.ndjson.gz#repDiaHid12m:2026-09-20
2026-05-20,mazar,caudal_m3s,66,ords:repDiaHid12m,,2026-09-22T01:12:47Z,celec_ords/2026/09/repDiaHid12m.ndjson.gz#repDiaHid12m:2026-09-20
2026-05-20,mazar,cota_masl,2150.59,ords:repDiaHid12m,,2026-09-22T01:12:47Z,celec_ords/2026/09/repDiaHid12m.ndjson.gz#repDiaHid12m:2026-09-20
2026-05-20,minas_san_francisco,caudal_m3s,60,ords:repDiaHid12m,,2026-09-22T01:12:47Z,celec_ords/2026/09/repDiaHid12m.ndjson.gz#repDiaHid12m:2026-09-20
2026-05-20,minas_san_francisco,cota_masl,790.84,ords:repDiaHid12m,,2026-09-22T01:12:47Z,celec_ords/2026/09/repDiaHid12m.ndjson.gz#repDiaHid12m:2026-09-20
2026-05-21,amaluza,caudal_m3s,214,ords:repDiaHid12m,,2026-09-22T01:12:47Z,celec_ords/2026/09/repDiaHid12m.ndjson.gz#repDiaHid12m:2026-09-20
2026-05-21,amaluza,cota_masl,1985.14,ords:repDiaHid12m,,2026-09-22T01:12:47Z,celec_ords/2026/09/repDiaHid12m.ndjson.gz#repDiaHid12m:2026-09-20
2026-05-21,delsitanisagua,caudal_m3s,79,ords:repDiaHid12m,,2026-09-22T01:12:47Z,celec_ords/2026/09/repDiaHid12m.ndjson.gz#repDiaHid12m:2026-09-20
2026-05-21,delsitanisagua,cota_masl,1490.95,ords:repDiaHid12m,,2026-09-22T01:12:47Z,celec_ords/2026/09/repDiaHid12m.ndjson.gz#repDiaHid12m:2026-09-20
2026-05-21,mazar,caudal_m3s,178,ords:repDiaHid12m,,2026-09-22T01:12:47Z,celec_ords/2026/09/repDiaHid12m.ndjson.gz#repDiaHid12m:2026-09-20
2026-05-21,mazar,cota_masl,2151,ords:repDiaHid12m,,2026-09-22T01:12:47Z,celec_ords/2026/09/repDiaHid12m.ndjson.gz#repDiaHid12m:2026-09-20
2026-05-21,minas_san_francisco,caudal_m3s,51,ords:repDiaHid12m,,2026-09-22T01:12:47Z,celec_ords/2026/09/repDiaHid12m.ndjson.gz#repDiaHid12m:2026-09-20
2026-05-21,minas_san_francisco,cota_masl,792.83,ords:repDiaHid12m,,2026-09-22T01:12:47Z,celec_ords/2026/09/repDiaHid12m.ndjson.gz#repDiaHid12m:2026-09-20
2026-05-22,amaluza,caudal_m3s,102,ords:repDiaHid12m,,2026-09-22T01:12:47Z,celec_ords/2026/09/repDiaHid12m.ndjson.gz#repDiaHid12m:2026-09-20
2026-05-22,amaluza,cota_masl,1985.7,ords:repDiaHid12m,,2026-09-22T01:12:47Z,celec_ords/2026/09/repDiaHid12m.ndjson.gz#repDiaHid12m:2026-09-20
2026-05-22,delsitanisagua,caudal_m3s,70,ords:repDiaHid12m,,2026-09-22T01:12:47Z,celec_ords/2026/09/repDiaHid12m.ndjson.gz#repDiaHid12m:2026-09-20
2026-05-22,delsitanisagua,cota_masl,1491,ords:repDiaHid12m,,2026-09-22T01:12:47Z,celec_ords/2026/09/repDiaHid12m.ndjson.gz#repDiaHid12m:2026-09-20
2026-05-22,mazar,caudal_m3s,119,ords:repDiaHid12m,,2026-09-22T01:12:47Z,celec_ords/2026/09/repDiaHid12m.ndjson.gz#repDiaHid12m:2026-09-20
2026-05-22,mazar,cota_masl,2151.53,ords:repDiaHid12m,,2026-09-22T01:12:47Z,celec_ords/2026/09/repDiaHid12m.ndjson.gz#repDiaHid12m:2026-09-20
2026-05-22,minas_san_francisco,caudal_m3s,50,ords:repDiaHid12m,,2026-09-22T01:12:47Z,celec_ords/2026/09/repDiaHid12m.ndjson.gz#repDiaHid12m:2026-09-20
2026-05-22,minas_san_francisco,cota_masl,792.61,ords:repDiaHid12m,,2026-09-22T01:12:47Z,celec_ords/2026/09/repDiaHid12m.ndjson.gz#repDiaHid12m:2026-09-20
2026-05-23,amaluza,caudal_m3s,89,ords:repDiaHid12m,,2026-09-22T01:12:47Z,celec_ords/2026/09/repDiaHid12m.ndjson.gz#repDiaHid12m:2026-09-20
2026-05-23,amaluza,cota_masl,1985.38,ords:repDiaHid12m,,2026-09-22T01:12:47Z,celec_ords/2026/09/repDiaHid12m.ndjson.gz#repDiaHid12m:2026-09-20
2026-05-23,delsitanisagua,caudal_m3s,54,ords:repDiaHid12m,,2026-09-22T01:12:47Z,celec_ords/2026/09/repDiaHid12m.ndjson.gz#repDiaHid12m:2026-09-20
2026-05-23,delsitanisagua,cota_masl,1490.95,ords:repDiaHid12m,,2026-09-22T01:12:47Z,celec_ords/2026/09/repDiaHid12m.ndjson.gz#repDiaHid12m:2026-09-20
2026-05-23,mazar,caudal_m3s,126,ords:repDiaHid12m,,2026-09-22T01:12:47Z,celec_ords/2026/09/repDiaHid12m.ndjson.gz#repDiaHid12m:2026-09-20
2026-05-23,mazar,cota_masl,2152.04,ords:repDiaHid12m,,2026-09-22T01:12:47Z,celec_ords/2026/09/repDiaHid12m.ndjson.gz#repDiaHid12m:2026-09-20
2026-05-23,minas_san_francisco,caudal_m3s,37,ords:repDiaHid12m,,2026-09-22T01:12:47Z,celec_ords/2026/09/repDiaHid12m.ndjson.gz#repDiaHid12m:2026-09-20
2026-05-23,minas_san_francisco,cota_masl,792.08,ords:repDiaHid12m,,2026-09-22T01:12:47Z,celec_ords/2026/09/repDiaHid12m.ndjson.gz#repDiaHid12m:2026-09-20
2026-05-24,amaluza,caudal_m3s,43,ords:repDiaHid12m,,2026-09-22T01:12:47Z,celec_ords/2026/09/repDiaHid12m.ndjson.gz#repDiaHid12m:2026-09-20
2026-05-24,amaluza,cota_masl,1983.58,ords:repDiaHid12m,,2026-09-22T01:12:47Z,celec_ords/2026/09/repDiaHid12m.ndjson.gz#repDiaHid12m:2026-09-20
2026-05-24,delsitanisagua,caudal_m3s,73,ords:repDiaHid12m,,2026-09-22T01:12:47Z,celec_ords/2026/09/repDiaHid12m.ndjson.gz#repDiaHid12m:2026-09-20
2026-05-24,delsitanisagua,cota_masl,1490.92,ords:repDiaHid12m,,2026-09-22T01:12:47Z,celec_ords/2026/09/repDiaHid12m.ndjson.gz#repDiaHid12m:2026-09-20
2026-05-24,mazar,caudal_m3s,56,ords:repDiaHid12m,,2026-09-22T01:12:47Z,celec_ords/2026/09/repDiaHid12m.ndjson.gz#repDiaHid12m:2026-09-20
2026-05-24,mazar,cota_masl,2152.8,ords:repDiaHid12m,,2026-09-22T01:12:47Z,celec_ords/2026/09/repDiaHid12m.ndjson.gz#repDiaHid12m:2026-09-20
2026-05-24,minas_san_francisco,caudal_m3s,33,ords:repDiaHid12m,,2026-09-22T01:12:47Z,celec_ords/2026/09/repDiaHid12m.ndjson.gz#repDiaHid12m:2026-09-20
2026-05-24,minas_san_francisco,cota_masl,790.82,ords:repDiaHid12m,,2026-09-22T01:12:47Z,celec_ords/2026/09/repDiaHid12m.ndjson.gz#repDiaHid12m:2026-09-20
2026-05-25,amaluza,caudal_m3s,106,ords:repDiaHid12m,,2026-09-22T01:12:47Z,celec_ords/2026/09/repDiaHid12m.ndjson.gz#repDiaHid12m:2026-09-20
2026-05-25,amaluza,cota_masl,1983.2,ords:repDiaHid12m,,2026-09-22T01:12:47Z,celec_ords/2026/09/repDiaHid12m.ndjson.gz#repDiaHid12m:2026-09-20
2026-05-25,delsitanisagua,caudal_m3s,49,ords:repDiaHid12m,,2026-09-22T01:12:47Z,celec_ords/2026/09/repDiaHid12m.ndjson.gz#repDiaHid12m:2026-09-20
2026-05-25,delsitanisagua,cota_masl,1490.9,ords:repDiaHid12m,,2026-09-22T01:12:47Z,celec_ords/2026/09/repDiaHid12m.ndjson.gz#repDiaHid12m:2026-09-20
2026-05-25,mazar,caudal_m3s,64,ords:repDiaHid12m,,2026-09-22T01:12:47Z,celec_ords/2026/09/repDiaHid12m.ndjson.gz#repDiaHid12m:2026-09-20
2026-05-25,mazar,cota_masl,2152.72,ords:repDiaHid12m,,2026-09-22T01:12:47Z,celec_ords/2026/09/repDiaHid12m.ndjson.gz#repDiaHid12m:2026-09-20
2026-05-25,minas_san_francisco,caudal_m3s,29,ords:repDiaHid12m,,2026-09-22T01:12:47Z,celec_ords/2026/09/repDiaHid12m.ndjson.gz#repDiaHid12m:2026-09-20
2026-05-25,minas_san_francisco,cota_masl,790.82,ords:repDiaHid12m,,2026-09-22T01:12:47Z,celec_ords/2026/09/repDiaHid12m.ndjson.gz#repDiaHid12m:2026-09-20
2026-05-26,amaluza,caudal_m3s,150,ords:repDiaHid12m,,2026-09-22T01:12:47Z,celec_ords/2026/09/repDiaHid12m.ndjson.gz#repDiaHid12m:2026-09-20
2026-05-26,amaluza,cota_masl,1982.97,ords:repDiaHid12m,,2026-09-22T01:12:47Z,celec_ords/2026/09/repDiaHid12m.ndjson.gz#repDiaHid12m:2026-09-20
2026-05-26,delsitanisagua,caudal_m3s,40,ords:repDiaHid12m,,2026-09-22T01:12:47Z,celec_ords/2026/09/repDiaHid12m.ndjson.gz#repDiaHid12m:2026-09-20
2026-05-26,delsitanisagua,cota_masl,1490.81,ords:repDiaHid12m,,2026-09-22T01:12:47Z,celec_ords/2026/09/repDiaHid12m.ndjson.gz#repDiaHid12m:2026-09-20
2026-05-26,mazar,caudal_m3s,66,ords:repDiaHid12m,,2026-09-22T01:12:47Z,celec_ords/2026/09/repDiaHid12m.ndjson.gz#repDiaHid12m:2026-09-20
2026-05-26,mazar,cota_masl,2152.68,ords:repDiaHid12m,,2026-09-22T01:12:47Z,celec_ords/2026/09/repDiaHid12m.ndjson.gz#repDiaHid12m:2026-09-20
2026-05-26,minas_san_francisco,caudal_m3s,31,ords:repDiaHid12m,,2026-09-22T01:12:47Z,celec_ords/2026/09/repDiaHid12m.ndjson.gz#repDiaHid12m:2026-09-20
2026-05-26,minas_san_francisco,cota_masl,791.26,ords:repDiaHid12m,,2026-09-22T01:12:47Z,celec_ords/2026/09/repDiaHid12m.ndjson.gz#repDiaHid12m:2026-09-20
2026-05-27,amaluza,caudal_m3s,162,ords:repDiaHid12m,,2026-09-22T01:12:47Z,celec_ords/2026/09/repDiaHid12m.ndjson.gz#repDiaHid12m:2026-09-20
2026-05-27,amaluza,cota_masl,1982.88,ords:repDiaHid12m,,2026-09-22T01:12:47Z,celec_ords/2026/09/repDiaHid12m.ndjson.gz#repDiaHid12m:2026-09-20
2026-05-27,delsitanisagua,caudal_m3s,37,ords:repDiaHid12m,,2026-09-22T01:12:47Z,celec_ords/2026/09/repDiaHid12m.ndjson.gz#repDiaHid12m:2026-09-20
2026-05-27,delsitanisagua,cota_masl,1490.97,ords:repDiaHid12m,,2026-09-22T01:12:47Z,celec_ords/2026/09/repDiaHid12m.ndjson.gz#repDiaHid12m:2026-09-20
2026-05-27,mazar,caudal_m3s,50,ords:repDiaHid12m,,2026-09-22T01:12:47Z,celec_ords/2026/09/repDiaHid12m.ndjson.gz#repDiaHid12m:2026-09-20
2026-05-27,mazar,cota_masl,2152.24,ords:repDiaHid12m,,2026-09-22T01:12:47Z,celec_ords/2026/09/repDiaHid12m.ndjson.gz#repDiaHid12m:2026-09-20
2026-05-27,minas_san_francisco,caudal_m3s,26,ords:repDiaHid12m,,2026-09-22T01:12:47Z,celec_ords/2026/09/repDiaHid12m.ndjson.gz#repDiaHid12m:2026-09-20
2026-05-27,minas_san_francisco,cota_masl,790.11,ords:repDiaHid12m,,2026-09-22T01:12:47Z,celec_ords/2026/09/repDiaHid12m.ndjson.gz#repDiaHid12m:2026-09-20
2026-05-28,amaluza,caudal_m3s,165,ords:repDiaHid12m,,2026-09-22T01:12:47Z,celec_ords/2026/09/repDiaHid12m.ndjson.gz#repDiaHid12m:2026-09-20
2026-05-28,amaluza,cota_masl,1983.76,ords:repDiaHid12m,,2026-09-22T01:12:47Z,celec_ords/2026/09/repDiaHid12m.ndjson.gz#repDiaHid12m:2026-09-20
2026-05-28,delsitanisagua,caudal_m3s,35,ords:repDiaHid12m,,2026-09-22T01:12:47Z,celec_ords/2026/09/repDiaHid12m.ndjson.gz#repDiaHid12m:2026-09-20
2026-05-28,delsitanisagua,cota_masl,1489.9,ords:repDiaHid12m,,2026-09-22T01:12:47Z,celec_ords/2026/09/repDiaHid12m.ndjson.gz#repDiaHid12m:2026-09-20
2026-05-28,mazar,caudal_m3s,51,ords:repDiaHid12m,,2026-09-22T01:12:47Z,celec_ords/2026/09/repDiaHid12m.ndjson.gz#repDiaHid12m:2026-09-20
2026-05-28,mazar,cota_masl,2151.54,ords:repDiaHid12m,,2026-09-22T01:12:47Z,celec_ords/2026/09/repDiaHid12m.ndjson.gz#repDiaHid12m:2026-09-20
2026-05-28,minas_san_francisco,caudal_m3s,24,ords:repDiaHid12m,,2026-09-22T01:12:47Z,celec_ords/2026/09/repDiaHid12m.ndjson.gz#repDiaHid12m:2026-09-20
2026-05-28,minas_san_francisco,cota_masl,788.87,ords:repDiaHid12m,,2026-09-22T01:12:47Z,celec_ords/2026/09/repDiaHid12m.ndjson.gz#repDiaHid12m:2026-09-20
2026-05-29,amaluza,caudal_m3s,165,ords:repDiaHid12m,,2026-09-22T01:12:47Z,celec_ords/2026/09/repDiaHid12m.ndjson.gz#repDiaHid12m:2026-09-20
2026-05-29,amaluza,cota_masl,1983.93,ords:repDiaHid12m,,2026-09-22T01:12:47Z,celec_ords/2026/09/repDiaHid12m.ndjson.gz#repDiaHid12m:2026-09-20
2026-05-29,delsitanisagua,caudal_m3s,33,ords:repDiaHid12m,,2026-09-22T01:12:47Z,celec_ords/2026/09/repDiaHid12m.ndjson.gz#repDiaHid12m:2026-09-20
2026-05-29,delsitanisagua,cota_masl,1488.94,ords:repDiaHid12m,,2026-09-22T01:12:47Z,celec_ords/2026/09/repDiaHid12m.ndjson.gz#repDiaHid12m:2026-09-20
2026-05-29,mazar,caudal_m3s,47,ords:repDiaHid12m,,2026-09-22T01:12:47Z,celec_ords/2026/09/repDiaHid12m.ndjson.gz#repDiaHid12m:2026-09-20
2026-05-29,mazar,cota_masl,2150.86,ords:repDiaHid12m,,2026-09-22T01:12:47Z,celec_ords/2026/09/repDiaHid12m.ndjson.gz#repDiaHid12m:2026-09-20
2026-05-29,minas_san_francisco,caudal_m3s,22,ords:repDiaHid12m,,2026-09-22T01:12:47Z,celec_ords/2026/09/repDiaHid12m.ndjson.gz#repDiaHid12m:2026-09-20
2026-05-29,minas_san_francisco,cota_masl,788.35,ords:repDiaHid12m,,2026-09-22T01:12:47Z,celec_ords/2026/09/repDiaHid12m.ndjson.gz#repDiaHid12m:2026-09-20
2026-05-30,amaluza,caudal_m3s,144,ords:repDiaHid12m,,2026-09-22T01:12:47Z,celec_ords/2026/09/repDiaHid12m.ndjson.gz#repDiaHid12m:2026-09-20
2026-05-30,amaluza,cota_masl,1984.59,ords:repDiaHid12m,,2026-09-22T01:12:47Z,celec_ords/2026/09/repDiaHid12m.ndjson.gz#repDiaHid12m:2026-09-20
2026-05-30,delsitanisagua,caudal_m3s,53,ords:repDiaHid12m,,2026-09-22T01:12:47Z,celec_ords/2026/09/repDiaHid12m.ndjson.gz#repDiaHid12m:2026-09-20
2026-05-30,delsitanisagua,cota_masl,1490.96,ords:repDiaHid12m,,2026-09-22T01:12:47Z,celec_ords/2026/09/repDiaHid12m.ndjson.gz#repDiaHid12m:2026-09-20
2026-05-30,mazar,caudal_m3s,97,ords:repDiaHid12m,,2026-09-22T01:12:47Z,celec_ords/2026/09/repDiaHid12m.ndjson.gz#repDiaHid12m:2026-09-20
2026-05-30,mazar,cota_masl,2150.55,ords:repDiaHid12m,,2026-09-22T01:12:47Z,celec_ords/2026/09/repDiaHid12m.ndjson.gz#repDiaHid12m:2026-09-20
2026-05-30,minas_san_francisco,caudal_m3s,20,ords:repDiaHid12m,,2026-09-22T01:12:47Z,celec_ords/2026/09/repDiaHid12m.ndjson.gz#repDiaHid12m:2026-09-20
2026-05-30,minas_san_francisco,cota_masl,788.56,ords:repDiaHid12m,,2026-09-22T01:12:47Z,celec_ords/2026/09/repDiaHid12m.ndjson.gz#repDiaHid12m:2026-09-20
2026-05-31,amaluza,caudal_m3s,195,ords:repDiaHid12m,,2026-09-22T01:12:47Z,celec_ords/2026/09/repDiaHid12m.ndjson.gz#repDiaHid12m:2026-09-20
2026-05-31,amaluza,cota_masl,1986.28,ords:repDiaHid12m,,2026-09-22T01:12:47Z,celec_ords/2026/09/repDiaHid12m.ndjson.gz#repDiaHid12m:2026-09-20
2026-05-31,delsitanisagua,caudal_m3s,78,ords:repDiaHid12m,,2026-09-22T01:12:47Z,celec_ords/2026/09/repDiaHid12m.ndjson.gz#repDiaHid12m:2026-09-20
2026-05-31,delsitanisagua,cota_masl,1490.86,ords:repDiaHid12m,,2026-09-22T01:12:47Z,celec_ords/2026/09/repDiaHid12m.ndjson.gz#repDiaHid12m:2026-09-20
2026-05-31,mazar,caudal_m3s,178,ords:repDiaHid12m,,2026-09-22T01:12:47Z,celec_ords/2026/09/repDiaHid12m.ndjson.gz#repDiaHid12m:2026-09-20
2026-05-31,mazar,cota_masl,2151.71,ords:repDiaHid12m,,2026-09-22T01:12:47Z,celec_ords/2026/09/repDiaHid12m.ndjson.gz#repDiaHid12m:2026-09-20
2026-05-31,minas_san_francisco,caudal_m3s,74,ords:repDiaHid12m,,2026-09-22T01:12:47Z,celec_ords/2026/09/repDiaHid12m.ndjson.gz#repDiaHid12m:2026-09-20
2026-05-31,minas_san_francisco,cota_masl,792.13,ords:repDiaHid12m,,2026-09-22T01:12:47Z,celec_ords/2026/09/repDiaHid12m.ndjson.gz#repDiaHid12m:2026-09-20
2026-06-01,amaluza,caudal_m3s,148,ords:repDiaHid12m,,2026-09-22T01:12:47Z,celec_ords/2026/09/repDiaHid12m.ndjson.gz#repDiaHid12m:2026-09-20
2026-06-01,amaluza,cota_masl,1986.45,ords:repDiaHid12m,,2026-09-22T01:12:47Z,celec_ords/2026/09/repDiaHid12m.ndjson.gz#repDiaHid12m:2026-09-20
2026-06-01,delsitanisagua,caudal_m3s,85,ords:repDiaHid12m,,2026-09-22T01:12:47Z,celec_ords/2026/09/repDiaHid12m.ndjson.gz#repDiaHid12m:2026-09-20
2026-06-01,delsitanisagua,cota_masl,1490.86,ords:repDiaHid12m,,2026-09-22T01:12:47Z,celec_ords/2026/09/repDiaHid12m.ndjson.gz#repDiaHid12m:2026-09-20
2026-06-01,mazar,caudal_m3s,166,ords:repDiaHid12m,,2026-09-22T01:12:47Z,celec_ords/2026/09/repDiaHid12m.ndjson.gz#repDiaHid12m:2026-09-20
2026-06-01,mazar,cota_masl,2152.58,ords:repDiaHid12m,,2026-09-22T01:12:47Z,celec_ords/2026/09/repDiaHid12m.ndjson.gz#repDiaHid12m:2026-09-20
2026-06-01,minas_san_francisco,caudal_m3s,51,ords:repDiaHid12m,,2026-09-22T01:12:47Z,celec_ords/2026/09/repDiaHid12m.ndjson.gz#repDiaHid12m:2026-09-20
2026-06-01,minas_san_francisco,cota_masl,790.94,ords:repDiaHid12m,,2026-09-22T01:12:47Z,celec_ords/2026/09/repDiaHid12m.ndjson.gz#repDiaHid12m:2026-09-20
2026-06-02,amaluza,caudal_m3s,221,ords:repDiaHid12m,,2026-09-22T01:12:47Z,celec_ords/2026/09/repDiaHid12m.ndjson.gz#repDiaHid12m:2026-09-20
2026-06-02,amaluza,cota_masl,1987.07,ords:repDiaHid12m,,2026-09-22T01:12:47Z,celec_ords/2026/09/repDiaHid12m.ndjson.gz#repDiaHid12m:2026-09-20
2026-06-02,delsitanisagua,caudal_m3s,73,ords:repDiaHid12m,,2026-09-22T01:12:47Z,celec_ords/2026/09/repDiaHid12m.ndjson.gz#repDiaHid12m:2026-09-20
2026-06-02,delsitanisagua,cota_masl,1490.89,ords:repDiaHid12m,,2026-09-22T01:12:47Z,celec_ords/2026/09/repDiaHid12m.ndjson.gz#repDiaHid12m:2026-09-20
2026-06-02,mazar,caudal_m3s,189,ords:repDiaHid12m,,2026-09-22T01:12:47Z,celec_ords/2026/09/repDiaHid12m.ndjson.gz#repDiaHid12m:2026-09-20
2026-06-02,mazar,cota_masl,2153.42,ords:repDiaHid12m,,2026-09-22T01:12:47Z,celec_ords/2026/09/repDiaHid12m.ndjson.gz#repDiaHid12m:2026-09-20
2026-06-02,minas_san_francisco,caudal_m3s,71,ords:repDiaHid12m,,2026-09-22T01:12:47Z,celec_ords/2026/09/repDiaHid12m.ndjson.gz#repDiaHid12m:2026-09-20
2026-06-02,minas_san_francisco,cota_masl,791.03,ords:repDiaHid12m,,2026-09-22T01:12:47Z,celec_ords/2026/09/repDiaHid12m.ndjson.gz#repDiaHid12m:2026-09-20
2026-06-03,amaluza,caudal_m3s,212,ords:repDiaHid12m,,2026-09-22T01:12:47Z,celec_ords/2026/09/repDiaHid12m.ndjson.gz#repDiaHid12m:2026-09-20
2026-06-03,amaluza,cota_masl,1988.9,ords:repDiaHid12m,,2026-09-22T01:12:47Z,celec_ords/2026/09/repDiaHid12m.ndjson.gz#repDiaHid12m:2026-09-20
2026-06-03,delsitanisagua,caudal_m3s,57,ords:repDiaHid12m,,2026-09-22T01:12:47Z,celec_ords/2026/09/repDiaHid12m.ndjson.gz#repDiaHid12m:2026-09-20
2026-06-03,delsitanisagua,cota_masl,1490.86,ords:repDiaHid12m,,2026-09-22T01:12:47Z,celec_ords/2026/09/repDiaHid12m.ndjson.gz#repDiaHid12m:2026-09-20
2026-06-03,mazar,caudal_m3s,200,ords:repDiaHid12m,,2026-09-22T01:12:47Z,celec_ords/2026/09/repDiaHid12m.ndjson.gz#repDiaHid12m:2026-09-20
2026-06-03,mazar,cota_masl,2153.83,ords:repDiaHid12m,,2026-09-22T01:12:47Z,celec_ords/2026/09/repDiaHid12m.ndjson.gz#repDiaHid12m:2026-09-20
2026-06-03,minas_san_francisco,caudal_m3s,33,ords:repDiaHid12m,,2026-09-22T01:12:47Z,celec_ords/2026/09/repDiaHid12m.ndjson.gz#repDiaHid12m:2026-09-20
2026-06-03,minas_san_francisco,cota_masl,791.03,ords:repDiaHid12m,,2026-09-22T01:12:47Z,celec_ords/2026/09/repDiaHid12m.ndjson.gz#repDiaHid12m:2026-09-20
2026-06-04,amaluza,caudal_m3s,234,ords:repDiaHid12m,,2026-09-22T01:12:47Z,celec_ords/2026/09/repDiaHid12m.ndjson.gz#repDiaHid12m:2026-09-20
2026-06-04,amaluza,cota_masl,1990.92,ords:repDiaHid12m,,2026-09-22T01:12:47Z,celec_ords/2026/09/repDiaHid12m.ndjson.gz#repDiaHid12m:2026-09-20
2026-06-04,delsitanisagua,caudal_m3s,63,ords:repDiaHid12m,,2026-09-22T01:12:47Z,celec_ords/2026/09/repDiaHid12m.ndjson.gz#repDiaHid12m:2026-09-20
2026-06-04,delsitanisagua,cota_masl,1490.93,ords:repDiaHid12m,,2026-09-22T01:12:47Z,celec_ords/2026/09/repDiaHid12m.ndjson.gz#repDiaHid12m:2026-09-20
2026-06-04,mazar,caudal_m3s,159,ords:repDiaHid12m,,2026-09-22T01:12:47Z,celec_ords/2026/09/repDiaHid12m.ndjson.gz#repDiaHid12m:2026-09-20
2026-06-04,mazar,cota_masl,2153.64,ords:repDiaHid12m,,2026-09-22T01:12:47Z,celec_ords/2026/09/repDiaHid12m.ndjson.gz#repDiaHid12m:2026-09-20
2026-06-04,minas_san_francisco,caudal_m3s,39,ords:repDiaHid12m,,2026-09-22T01:12:47Z,celec_ords/2026/09/repDiaHid12m.ndjson.gz#repDiaHid12m:2026-09-20
2026-06-04,minas_san_francisco,cota_masl,791.8,ords:repDiaHid12m,,2026-09-22T01:12:47Z,celec_ords/2026/09/repDiaHid12m.ndjson.gz#repDiaHid12m:2026-09-20
2026-06-05,amaluza,caudal_m3s,249,ords:repDiaHid12m,,2026-09-22T01:12:47Z,celec_ords/2026/09/repDiaHid12m.ndjson.gz#repDiaHid12m:2026-09-20
2026-06-05,amaluza,cota_masl,1990.9,ords:repDiaHid12m,,2026-09-22T01:12:47Z,celec_ords/2026/09/repDiaHid12m.ndjson.gz#repDiaHid12m:2026-09-20
2026-06-05,delsitanisagua,caudal_m3s,81,ords:repDiaHid12m,,2026-09-22T01:12:47Z,celec_ords/2026/09/repDiaHid12m.ndjson.gz#repDiaHid12m:2026-09-20
2026-06-05,delsitanisagua,cota_masl,1490.8,ords:repDiaHid12m,,2026-09-22T01:12:47Z,celec_ords/2026/09/repDiaHid12m.ndjson.gz#repDiaHid12m:2026-09-20
2026-06-05,mazar,caudal_m3s,164,ords:repDiaHid12m,,2026-09-22T01:12:47Z,celec_ords/2026/09/repDiaHid12m.ndjson.gz#repDiaHid12m:2026-09-20
2026-06-05,mazar,cota_masl,2153.61,ords:repDiaHid12m,,2026-09-22T01:12:47Z,celec_ords/2026/09/repDiaHid12m.ndjson.gz#repDiaHid12m:2026-09-20
2026-06-05,minas_san_francisco,caudal_m3s,37,ords:repDiaHid12m,,2026-09-22T01:12:47Z,celec_ords/2026/09/repDiaHid12m.ndjson.gz#repDiaHid12m:2026-09-20
2026-06-05,minas_san_francisco,cota_masl,790.96,ords:repDiaHid12m,,2026-09-22T01:12:47Z,celec_ords/2026/09/repDiaHid12m.ndjson.gz#repDiaHid12m:2026-09-20
2026-06-06,amaluza,caudal_m3s,199,ords:repDiaHid12m,,2026-09-22T01:12:47Z,celec_ords/2026/09/repDiaHid12m.ndjson.gz#repDiaHid12m:2026-09-20
2026-06-06,amaluza,cota_masl,1990.7,ords:repDiaHid12m,,2026-09-22T01:12:47Z,celec_ords/2026/09/repDiaHid12m.ndjson.gz#repDiaHid12m:2026-09-20
2026-06-06,delsitanisagua,caudal_m3s,48,ords:repDiaHid12m,,2026-09-22T01:12:47Z,celec_ords/2026/09/repDiaHid12m.ndjson.gz#repDiaHid12m:2026-09-20
2026-06-06,delsitanisagua,cota_masl,1490.9,ords:repDiaHid12m,,2026-09-22T01:12:47Z,celec_ords/2026/09/repDiaHid12m.ndjson.gz#repDiaHid12m:2026-09-20
2026-06-06,mazar,caudal_m3s,106,ords:repDiaHid12m,,2026-09-22T01:12:47Z,celec_ords/2026/09/repDiaHid12m.ndjson.gz#repDiaHid12m:2026-09-20
2026-06-06,mazar,cota_masl,2153.47,ords:repDiaHid12m,,2026-09-22T01:12:47Z,celec_ords/2026/09/repDiaHid12m.ndjson.gz#repDiaHid12m:2026-09-20
2026-06-06,minas_san_francisco,caudal_m3s,34,ords:repDiaHid12m,,2026-09-22T01:12:47Z,celec_ords/2026/09/repDiaHid12m.ndjson.gz#repDiaHid12m:2026-09-20
2026-06-06,minas_san_francisco,cota_masl,791.66,ords:repDiaHid12m,,2026-09-22T01:12:47Z,celec_ords/2026/09/repDiaHid12m.ndjson.gz#repDiaHid12m:2026-09-20
2026-06-07,amaluza,caudal_m3s,128,ords:repDiaHid12m,,2026-09-22T01:12:47Z,celec_ords/2026/09/repDiaHid12m.ndjson.gz#repDiaHid12m:2026-09-20
2026-06-07,amaluza,cota_masl,1990.43,ords:repDiaHid12m,,2026-09-22T01:12:47Z,celec_ords/2026/09/repDiaHid12m.ndjson.gz#repDiaHid12m:2026-09-20
2026-06-07,delsitanisagua,caudal_m3s,43,ords:repDiaHid12m,,2026-09-22T01:12:47Z,celec_ords/2026/09/repDiaHid12m.ndjson.gz#repDiaHid12m:2026-09-20
2026-06-07,delsitanisagua,cota_masl,1491,ords:repDiaHid12m,,2026-09-22T01:12:47Z,celec_ords/2026/09/repDiaHid12m.ndjson.gz#repDiaHid12m:2026-09-20
2026-06-07,mazar,caudal_m3s,86,ords:repDiaHid12m,,2026-09-22T01:12:47Z,celec_ords/2026/09/repDiaHid12m.ndjson.gz#repDiaHid12m:2026-09-20
2026-06-07,mazar,cota_masl,2153.45,ords:repDiaHid12m,,2026-09-22T01:12:47Z,celec_ords/2026/09/repDiaHid12m.ndjson.gz#repDiaHid12m:2026-09-20
2026-06-07,minas_san_francisco,caudal_m3s,24,ords:repDiaHid12m,,2026-09-22T01:12:47Z,celec_ords/2026/09/repDiaHid12m.ndjson.gz#repDiaHid12m:2026-09-20
2026-06-07,minas_san_francisco,cota_masl,791.08,ords:repDiaHid12m,,2026-09-22T01:12:47Z,celec_ords/2026/09/repDiaHid12m.ndjson.gz#repDiaHid12m:2026-09-20
2026-06-08,amaluza,caudal_m3s,161,ords:repDiaHid12m,,2026-09-22T01:12:47Z,celec_ords/2026/09/repDiaHid12m.ndjson.gz#repDiaHid12m:2026-09-20
2026-06-08,amaluza,cota_masl,1989.37,ords:repDiaHid12m,,2026-09-22T01:12:47Z,celec_ords/2026/09/repDiaHid12m.ndjson.gz#repDiaHid12m:2026-09-20
2026-06-08,delsitanisagua,caudal_m3s,44,ords:repDiaHid12m,,2026-09-22T01:12:47Z,celec_ords/2026/09/repDiaHid12m.ndjson.gz#repDiaHid12m:2026-09-20
2026-06-08,delsitanisagua,cota_masl,1490.9,ords:repDiaHid12m,,2026-09-22T01:12:47Z,celec_ords/2026/09/repDiaHid12m.ndjson.gz#repDiaHid12m:2026-09-20
2026-06-08,mazar,caudal_m3s,78,ords:repDiaHid12m,,2026-09-22T01:12:47Z,celec_ords/2026/09/repDiaHid12m.ndjson.gz#repDiaHid12m:2026-09-20
2026-06-08,mazar,cota_masl,2153.1,ords:repDiaHid12m,,2026-09-22T01:12:47Z,celec_ords/2026/09/repDiaHid12m.ndjson.gz#repDiaHid12m:2026-09-20
2026-06-08,minas_san_francisco,caudal_m3s,23,ords:repDiaHid12m,,2026-09-22T01:12:47Z,celec_ords/2026/09/repDiaHid12m.ndjson.gz#repDiaHid12m:2026-09-20
2026-06-08,minas_san_francisco,cota_masl,791.12,ords:repDiaHid12m,,2026-09-22T01:12:47Z,celec_ords/2026/09/repDiaHid12m.ndjson.gz#repDiaHid12m:2026-09-20
2026-06-09,amaluza,caudal_m3s,179,ords:repDiaHid12m,,2026-09-22T01:12:47Z,celec_ords/2026/09/repDiaHid12m.ndjson.gz#repDiaHid12m:2026-09-20
2026-06-09,amaluza,cota_masl,1987.83,ords:repDiaHid12m,,2026-09-22T01:12:47Z,celec_ords/2026/09/repDiaHid12m.ndjson.gz#repDiaHid12m:2026-09-20
2026-06-09,delsitanisagua,caudal_m3s,48,ords:repDiaHid12m,,2026-09-22T01:12:47Z,celec_ords/2026/09/repDiaHid12m.ndjson.gz#repDiaHid12m:2026-09-20
2026-06-09,delsitanisagua,cota_masl,1490.8,ords:repDiaHid12m,,2026-09-22T01:12:47Z,celec_ords/2026/09/repDiaHid12m.ndjson.gz#repDiaHid12m:2026-09-20
2026-06-09,mazar,caudal_m3s,172,ords:repDiaHid12m,,2026-09-22T01:12:47Z,celec_ords/2026/09/repDiaHid12m.ndjson.gz#repDiaHid12m:2026-09-20
2026-06-09,mazar,cota_masl,2153.43,ords:repDiaHid12m,,2026-09-22T01:12:47Z,celec_ords/2026/09/repDiaHid12m.ndjson.gz#repDiaHid12m:2026-09-20
2026-06-09,minas_san_francisco,caudal_m3s,70,ords:repDiaHid12m,,2026-09-22T01:12:47Z,celec_ords/2026/09/repDiaHid12m.ndjson.gz#repDiaHid12m:2026-09-20
2026-06-09,minas_san_francisco,cota_masl,789.8,ords:repDiaHid12m,,2026-09-22T01:12:47Z,celec_ords/2026/09/repDiaHid12m.ndjson.gz#repDiaHid12m:2026-09-20
2026-06-10,amaluza,caudal_m3s,144,ords:repDiaHid12m,,2026-09-22T01:12:47Z,celec_ords/2026/09/repDiaHid12m.ndjson.gz#repDiaHid12m:2026-09-20
2026-06-10,amaluza,cota_masl,1988.59,ords:repDiaHid12m,,2026-09-22T01:12:47Z,celec_ords/2026/09/repDiaHid12m.ndjson.gz#repDiaHid12m:2026-09-20
2026-06-10,delsitanisagua,caudal_m3s,39,ords:repDiaHid12m,,2026-09-22T01:12:47Z,celec_ords/2026/09/repDiaHid12m.ndjson.gz#repDiaHid12m:2026-09-20
2026-06-10,delsitanisagua,cota_masl,1490.86,ords:repDiaHid12m,,2026-09-22T01:12:47Z,celec_ords/2026/09/repDiaHid12m.ndjson.gz#repDiaHid12m:2026-09-20
2026-06-10,mazar,caudal_m3s,97,ords:repDiaHid12m,,2026-09-22T01:12:47Z,celec_ords/2026/09/repDiaHid12m.ndjson.gz#repDiaHid12m:2026-09-20
2026-06-10,mazar,cota_masl,2153.41,ords:repDiaHid12m,,2026-09-22T01:12:47Z,celec_ords/2026/09/repDiaHid12m.ndjson.gz#repDiaHid12m:2026-09-20
2026-06-10,minas_san_francisco,caudal_m3s,29,ords:repDiaHid12m,,2026-09-22T01:12:47Z,celec_ords/2026/09/repDiaHid12m.ndjson.gz#repDiaHid12m:2026-09-20
2026-06-10,minas_san_francisco,cota_masl,788.31,ords:repDiaHid12m,,2026-09-22T01:12:47Z,celec_ords/2026/09/repDiaHid12m.ndjson.gz#repDiaHid12m:2026-09-20
2026-06-11,amaluza,caudal_m3s,160,ords:repDiaHid12m,,2026-09-22T01:12:47Z,celec_ords/2026/09/repDiaHid12m.ndjson.gz#repDiaHid12m:2026-09-20
2026-06-11,amaluza,cota_masl,1988.29,ords:repDiaHid12m,,2026-09-22T01:12:47Z,celec_ords/2026/09/repDiaHid12m.ndjson.gz#repDiaHid12m:2026-09-20
2026-06-11,delsitanisagua,caudal_m3s,36,ords:repDiaHid12m,,2026-09-22T01:12:47Z,celec_ords/2026/09/repDiaHid12m.ndjson.gz#repDiaHid12m:2026-09-20
2026-06-11,delsitanisagua,cota_masl,1490.5,ords:repDiaHid12m,,2026-09-22T01:12:47Z,celec_ords/2026/09/repDiaHid12m.ndjson.gz#repDiaHid12m:2026-09-20
2026-06-11,mazar,caudal_m3s,49,ords:repDiaHid12m,,2026-09-22T01:12:47Z,celec_ords/2026/09/repDiaHid12m.ndjson.gz#repDiaHid12m:2026-09-20
2026-06-11,mazar,cota_masl,2152.97,ords:repDiaHid12m,,2026-09-22T01:12:47Z,celec_ords/2026/09/repDiaHid12m.ndjson.gz#repDiaHid12m:2026-09-20
2026-06-11,minas_san_francisco,caudal_m3s,23,ords:repDiaHid12m,,2026-09-22T01:12:47Z,celec_ords/2026/09/repDiaHid12m.ndjson.gz#repDiaHid12m:2026-09-20
2026-06-11,minas_san_francisco,cota_masl,786.41,ords:repDiaHid12m,,2026-09-22T01:12:47Z,celec_ords/2026/09/repDiaHid12m.ndjson.gz#repDiaHid12m:2026-09-20
2026-06-12,amaluza,caudal_m3s,109,ords:repDiaHid12m,,2026-09-22T01:12:47Z,celec_ords/2026/09/repDiaHid12m.ndjson.gz#repDiaHid12m:2026-09-20
2026-06-12,amaluza,cota_masl,1988.28,ords:repDiaHid12m,,2026-09-22T01:12:47Z,celec_ords/2026/09/repDiaHid12m.ndjson.gz#repDiaHid12m:2026-09-20
2026-06-12,delsitanisagua,caudal_m3s,63,ords:repDiaHid12m,,2026-09-22T01:12:47Z,celec_ords/2026/09/repDiaHid12m.ndjson.gz#repDiaHid12m:2026-09-20
2026-06-12,delsitanisagua,cota_masl,1490.75,ords:repDiaHid12m,,2026-09-22T01:12:47Z,celec_ords/2026/09/repDiaHid12m.ndjson.gz#repDiaHid12m:2026-09-20
2026-06-12,mazar,caudal_m3s,66,ords:repDiaHid12m,,2026-09-22T01:12:47Z,celec_ords/2026/09/repDiaHid12m.ndjson.gz#repDiaHid12m:2026-09-20
2026-06-12,mazar,cota_masl,2152.4,ords:repDiaHid12m,,2026-09-22T01:12:47Z,celec_ords/2026/09/repDiaHid12m.ndjson.gz#repDiaHid12m:2026-09-20
2026-06-12,minas_san_francisco,caudal_m3s,25,ords:repDiaHid12m,,2026-09-22T01:12:47Z,celec_ords/2026/09/repDiaHid12m.ndjson.gz#repDiaHid12m:2026-09-20
2026-06-12,minas_san_francisco,cota_masl,787.64,ords:repDiaHid12m,,2026-09-22T01:12:47Z,celec_ords/2026/09/repDiaHid12m.ndjson.gz#repDiaHid12m:2026-09-20
2026-06-13,amaluza,caudal_m3s,164,ords:repDiaHid12m,,2026-09-22T01:12:47Z,celec_ords/2026/09/repDiaHid12m.ndjson.gz#repDiaHid12m:2026-09-20
2026-06-13,amaluza,cota_masl,1988,ords:repDiaHid12m,,2026-09-22T01:12:47Z,celec_ords/2026/09/repDiaHid12m.ndjson.gz#repDiaHid12m:2026-09-20
2026-06-13,delsitanisagua,caudal_m3s,70,ords:repDiaHid12m,,2026-09-22T01:12:47Z,celec_ords/2026/09/repDiaHid12m.ndjson.gz#repDiaHid12m:2026-09-20
2026-06-13,delsitanisagua,cota_masl,1490.79,ords:repDiaHid12m,,2026-09-22T01:12:47Z,celec_ords/2026/09/repDiaHid12m.ndjson.gz#repDiaHid12m:2026-09-20
2026-06-13,mazar,caudal_m3s,105,ords:repDiaHid12m,,2026-09-22T01:12:47Z,celec_ords/2026/09/repDiaHid12m.ndjson.gz#repDiaHid12m:2026-09-20
2026-06-13,mazar,cota_masl,2152.3,ords:repDiaHid12m,,2026-09-22T01:12:47Z,celec_ords/2026/09/repDiaHid12m.ndjson.gz#repDiaHid12m:2026-09-20
2026-06-13,minas_san_francisco,caudal_m3s,24,ords:repDiaHid12m,,2026-09-22T01:12:47Z,celec_ords/2026/09/repDiaHid12m.ndjson.gz#repDiaHid12m:2026-09-20
2026-06-13,minas_san_francisco,cota_masl,787.38,ords:repDiaHid12m,,2026-09-22T01:12:47Z,celec_ords/2026/09/repDiaHid12m.ndjson.gz#repDiaHid12m:2026-09-20
2026-06-14,amaluza,caudal_m3s,145,ords:repDiaHid12m,,2026-09-22T01:12:47Z,celec_ords/2026/09/repDiaHid12m.ndjson.gz#repDiaHid12m:2026-09-20
2026-06-14,amaluza,cota_masl,1988.45,ords:repDiaHid12m,,2026-09-22T01:12:47Z,celec_ords/2026/09/repDiaHid12m.ndjson.gz#repDiaHid12m:2026-09-20
2026-06-14,delsitanisagua,caudal_m3s,48,ords:repDiaHid12m,,2026-09-22T01:12:47Z,celec_ords/2026/09/repDiaHid12m.ndjson.gz#repDiaHid12m:2026-09-20
2026-06-14,delsitanisagua,cota_masl,1490.92,ords:repDiaHid12m,,2026-09-22T01:12:47Z,celec_ords/2026/09/repDiaHid12m.ndjson.gz#repDiaHid12m:2026-09-20
2026-06-14,mazar,caudal_m3s,66,ords:repDiaHid12m,,2026-09-22T01:12:47Z,celec_ords/2026/09/repDiaHid12m.ndjson.gz#repDiaHid12m:2026-09-20
2026-06-14,mazar,cota_masl,2152.16,ords:repDiaHid12m,,2026-09-22T01:12:47Z,celec_ords/2026/09/repDiaHid12m.ndjson.gz#repDiaHid12m:2026-09-20
2026-06-14,minas_san_francisco,caudal_m3s,28,ords:repDiaHid12m,,2026-09-22T01:12:47Z,celec_ords/2026/09/repDiaHid12m.ndjson.gz#repDiaHid12m:2026-09-20
2026-06-14,minas_san_francisco,cota_masl,789.58,ords:repDiaHid12m,,2026-09-22T01:12:47Z,celec_ords/2026/09/repDiaHid12m.ndjson.gz#repDiaHid12m:2026-09-20
2026-06-15,amaluza,caudal_m3s,102,ords:repDiaHid12m,,2026-09-22T01:12:47Z,celec_ords/2026/09/repDiaHid12m.ndjson.gz#repDiaHid12m:2026-09-20
2026-06-15,amaluza,cota_masl,1987.44,ords:repDiaHid12m,,2026-09-22T01:12:47Z,celec_ords/2026/09/repDiaHid12m.ndjson.gz#repDiaHid12m:2026-09-20
2026-06-15,delsitanisagua,caudal_m3s,65,ords:repDiaHid12m,,2026-09-22T01:12:47Z,celec_ords/2026/09/repDiaHid12m.ndjson.gz#repDiaHid12m:2026-09-20
2026-06-15,delsitanisagua,cota_masl,1490.95,ords:repDiaHid12m,,2026-09-22T01:12:47Z,celec_ords/2026/09/repDiaHid12m.ndjson.gz#repDiaHid12m:2026-09-20
2026-06-15,mazar,caudal_m3s,58,ords:repDiaHid12m,,2026-09-22T01:12:47Z,celec_ords/2026/09/repDiaHid12m.ndjson.gz#repDiaHid12m:2026-09-20
2026-06-15,mazar,cota_masl,2152.29,ords:repDiaHid12m,,2026-09-22T01:12:47Z,celec_ords/2026/09/repDiaHid12m.ndjson.gz#repDiaHid12m:2026-09-20
2026-06-15,minas_san_francisco,caudal_m3s,33,ords:repDiaHid12m,,2026-09-22T01:12:47Z,celec_ords/2026/09/repDiaHid12m.ndjson.gz#repDiaHid12m:2026-09-20
2026-06-15,minas_san_francisco,cota_masl,788.72,ords:repDiaHid12m,,2026-09-22T01:12:47Z,celec_ords/2026/09/repDiaHid12m.ndjson.gz#repDiaHid12m:2026-09-20
2026-06-16,amaluza,caudal_m3s,160,ords:repDiaHid12m,,2026-09-22T01:12:47Z,celec_ords/2026/09/repDiaHid12m.ndjson.gz#repDiaHid12m:2026-09-20
2026-06-16,amaluza,cota_masl,1986.97,ords:repDiaHid12m,,2026-09-22T01:12:47Z,celec_ords/2026/09/repDiaHid12m.ndjson.gz#repDiaHid12m:2026-09-20
2026-06-16,delsitanisagua,caudal_m3s,46,ords:repDiaHid12m,,2026-09-22T01:12:47Z,celec_ords/2026/09/repDiaHid12m.ndjson.gz#repDiaHid12m:2026-09-20
2026-06-16,delsitanisagua,cota_masl,1490.6,ords:repDiaHid12m,,2026-09-22T01:12:47Z,celec_ords/2026/09/repDiaHid12m.ndjson.gz#repDiaHid12m:2026-09-20
2026-06-16,mazar,caudal_m3s,51,ords:repDiaHid12m,,2026-09-22T01:12:47Z,celec_ords/2026/09/repDiaHid12m.ndjson.gz#repDiaHid12m:2026-09-20
2026-06-16,mazar,cota_masl,2151.84,ords:repDiaHid12m,,2026-09-22T01:12:47Z,celec_ords/2026/09/repDiaHid12m.ndjson.gz#repDiaHid12m:2026-09-20
2026-06-16,minas_san_francisco,caudal_m3s,21,ords:repDiaHid12m,,2026-09-22T01:12:47Z,celec_ords/2026/09/repDiaHid12m.ndjson.gz#repDiaHid12m:2026-09-20
2026-06-16,minas_san_francisco,cota_masl,789.23,ords:repDiaHid12m,,2026-09-22T01:12:47Z,celec_ords/2026/09/repDiaHid12m.ndjson.gz#repDiaHid12m:2026-09-20
2026-06-17,amaluza,caudal_m3s,113,ords:repDiaHid12m,,2026-09-22T01:12:47Z,celec_ords/2026/09/repDiaHid12m.ndjson.gz#repDiaHid12m:2026-09-20
2026-06-17,amaluza,cota_masl,1986.08,ords:repDiaHid12m,,2026-09-22T01:12:47Z,celec_ords/2026/09/repDiaHid12m.ndjson.gz#repDiaHid12m:2026-09-20
2026-06-17,delsitanisagua,caudal_m3s,45,ords:repDiaHid12m,,2026-09-22T01:12:47Z,celec_ords/2026/09/repDiaHid12m.ndjson.gz#repDiaHid12m:2026-09-20
2026-06-17,delsitanisagua,cota_masl,1490.45,ords:repDiaHid12m,,2026-09-22T01:12:47Z,celec_ords/2026/09/repDiaHid12m.ndjson.gz#repDiaHid12m:2026-09-20
2026-06-17,mazar,caudal_m3s,73,ords:repDiaHid12m,,2026-09-22T01:12:47Z,celec_ords/2026/09/repDiaHid12m.ndjson.gz#repDiaHid12m:2026-09-20
2026-06-17,mazar,cota_masl,2151.43,ords:repDiaHid12m,,2026-09-22T01:12:47Z,celec_ords/2026/09/repDiaHid12m.ndjson.gz#repDiaHid12m:2026-09-20
2026-06-17,minas_san_francisco,caudal_m3s,20,ords:repDiaHid12m,,2026-09-22T01:12:47Z,celec_ords/2026/09/repDiaHid12m.ndjson.gz#repDiaHid12m:2026-09-20
2026-06-17,minas_san_francisco,cota_masl,789.27,ords:repDiaHid12m,,2026-09-22T01:12:47Z,celec_ords/2026/09/repDiaHid12m.ndjson.gz#repDiaHid12m:2026-09-20
2026-06-18,amaluza,caudal_m3s,166,ords:repDiaHid12m,,2026-09-22T01:12:47Z,celec_ords/2026/09/repDiaHid12m.ndjson.gz#repDiaHid12m:2026-09-20
2026-06-18,amaluza,cota_masl,1985.26,ords:repDiaHid12m,,2026-09-22T01:12:47Z,celec_ords/2026/09/repDiaHid12m.ndjson.gz#repDiaHid12m:2026-09-20
2026-06-18,delsitanisagua,caudal_m3s,52,ords:repDiaHid12m,,2026-09-22T01:12:47Z,celec_ords/2026/09/repDiaHid12m.ndjson.gz#repDiaHid12m:2026-09-20
2026-06-18,delsitanisagua,cota_masl,1490.94,ords:repDiaHid12m,,2026-09-22T01:12:47Z,celec_ords/2026/09/repDiaHid12m.ndjson.gz#repDiaHid12m:2026-09-20
2026-06-18,mazar,caudal_m3s,68,ords:repDiaHid12m,,2026-09-22T01:12:47Z,celec_ords/2026/09/repDiaHid12m.ndjson.gz#repDiaHid12m:2026-09-20
2026-06-18,mazar,cota_masl,2151.1,ords:repDiaHid12m,,2026-09-22T01:12:47Z,celec_ords/2026/09/repDiaHid12m.ndjson.gz#repDiaHid12m:2026-09-20
2026-06-18,minas_san_francisco,caudal_m3s,25,ords:repDiaHid12m,,2026-09-22T01:12:47Z,celec_ords/2026/09/repDiaHid12m.ndjson.gz#repDiaHid12m:2026-09-20
2026-06-18,minas_san_francisco,cota_masl,789.78,ords:repDiaHid12m,,2026-09-22T01:12:47Z,celec_ords/2026/09/repDiaHid12m.ndjson.gz#repDiaHid12m:2026-09-20
2026-06-19,amaluza,caudal_m3s,157,ords:repDiaHid12m,,2026-09-22T01:12:47Z,celec_ords/2026/09/repDiaHid12m.ndjson.gz#repDiaHid12m:2026-09-20
2026-06-19,amaluza,cota_masl,1984.93,ords:repDiaHid12m,,2026-09-22T01:12:47Z,celec_ords/2026/09/repDiaHid12m.ndjson.gz#repDiaHid12m:2026-09-20
2026-06-19,delsitanisagua,caudal_m3s,46,ords:repDiaHid12m,,2026-09-22T01:12:47Z,celec_ords/2026/09/repDiaHid12m.ndjson.gz#repDiaHid12m:2026-09-20
2026-06-19,delsitanisagua,cota_masl,1490.8,ords:repDiaHid12m,,2026-09-22T01:12:47Z,celec_ords/2026/09/repDiaHid12m.ndjson.gz#repDiaHid12m:2026-09-20
2026-06-19,mazar,caudal_m3s,46,ords:repDiaHid12m,,2026-09-22T01:12:47Z,celec_ords/2026/09/repDiaHid12m.ndjson.gz#repDiaHid12m:2026-09-20
2026-06-19,mazar,cota_masl,2150.51,ords:repDiaHid12m,,2026-09-22T01:12:47Z,celec_ords/2026/09/repDiaHid12m.ndjson.gz#repDiaHid12m:2026-09-20
2026-06-19,minas_san_francisco,caudal_m3s,21,ords:repDiaHid12m,,2026-09-22T01:12:47Z,celec_ords/2026/09/repDiaHid12m.ndjson.gz#repDiaHid12m:2026-09-20
2026-06-19,minas_san_francisco,cota_masl,788.73,ords:repDiaHid12m,,2026-09-22T01:12:47Z,celec_ords/2026/09/repDiaHid12m.ndjson.gz#repDiaHid12m:2026-09-20
2026-06-20,amaluza,caudal_m3s,146,ords:repDiaHid12m,,2026-09-22T01:12:47Z,celec_ords/2026/09/repDiaHid12m.ndjson.gz#repDiaHid12m:2026-09-20
2026-06-20,amaluza,cota_masl,1984.29,ords:repDiaHid12m,,2026-09-22T01:12:47Z,celec_ords/2026/09/repDiaHid12m.ndjson.gz#repDiaHid12m:2026-09-20
2026-06-20,delsitanisagua,caudal_m3s,72,ords:repDiaHid12m,,2026-09-22T01:12:47Z,celec_ords/2026/09/repDiaHid12m.ndjson.gz#repDiaHid12m:2026-09-20
2026-06-20,delsitanisagua,cota_masl,1490.84,ords:repDiaHid12m,,2026-09-22T01:12:47Z,celec_ords/2026/09/repDiaHid12m.ndjson.gz#repDiaHid12m:2026-09-20
2026-06-20,mazar,caudal_m3s,95,ords:repDiaHid12m,,2026-09-22T01:12:47Z,celec_ords/2026/09/repDiaHid12m.ndjson.gz#repDiaHid12m:2026-09-20
2026-06-20,mazar,cota_masl,2150.42,ords:repDiaHid12m,,2026-09-22T01:12:47Z,celec_ords/2026/09/repDiaHid12m.ndjson.gz#repDiaHid12m:2026-09-20
2026-06-20,minas_san_francisco,caudal_m3s,88,ords:repDiaHid12m,,2026-09-22T01:12:47Z,celec_ords/2026/09/repDiaHid12m.ndjson.gz#repDiaHid12m:2026-09-20
2026-06-20,minas_san_francisco,cota_masl,790.45,ords:repDiaHid12m,,2026-09-22T01:12:47Z,celec_ords/2026/09/repDiaHid12m.ndjson.gz#repDiaHid12m:2026-09-20
2026-06-21,amaluza,caudal_m3s,60,ords:repDiaHid12m,,2026-09-22T01:12:47Z,celec_ords/2026/09/repDiaHid12m.ndjson.gz#repDiaHid12m:2026-09-20
2026-06-21,amaluza,cota_masl,1984.06,ords:repDiaHid12m,,2026-09-22T01:12:47Z,celec_ords/2026/09/repDiaHid12m.ndjson.gz#repDiaHid12m:2026-09-20
2026-06-21,delsitanisagua,caudal_m3s,70,ords:repDiaHid12m,,2026-09-22T01:12:47Z,celec_ords/2026/09/repDiaHid12m.ndjson.gz#repDiaHid12m:2026-09-20
2026-06-21,delsitanisagua,cota_masl,1490.88,ords:repDiaHid12m,,2026-09-22T01:12:47Z,celec_ords/2026/09/repDiaHid12m.ndjson.gz#repDiaHid12m:2026-09-20
2026-06-21,mazar,caudal_m3s,97,ords:repDiaHid12m,,2026-09-22T01:12:47Z,celec_ords/2026/09/repDiaHid12m.ndjson.gz#repDiaHid12m:2026-09-20
2026-06-21,mazar,cota_masl,2150.91,ords:repDiaHid12m,,2026-09-22T01:12:47Z,celec_ords/2026/09/repDiaHid12m.ndjson.gz#repDiaHid12m:2026-09-20
2026-06-21,minas_san_francisco,caudal_m3s,56,ords:repDiaHid12m,,2026-09-22T01:12:47Z,celec_ords/2026/09/repDiaHid12m.ndjson.gz#repDiaHid12m:2026-09-20
2026-06-21,minas_san_francisco,cota_masl,792.39,ords:repDiaHid12m,,2026-09-22T01:12:47Z,celec_ords/2026/09/repDiaHid12m.ndjson.gz#repDiaHid12m:2026-09-20
2026-06-22,amaluza,caudal_m3s,171,ords:repDiaHid12m,,2026-09-22T01:12:47Z,celec_ords/2026/09/repDiaHid12m.ndjson.gz#repDiaHid12m:2026-09-20
2026-06-22,amaluza,cota_masl,1983.75,ords:repDiaHid12m,,2026-09-22T01:12:47Z,celec_ords/2026/09/repDiaHid12m.ndjson.gz#repDiaHid12m:2026-09-20
2026-06-22,delsitanisagua,caudal_m3s,49,ords:repDiaHid12m,,2026-09-22T01:12:47Z,celec_ords/2026/09/repDiaHid12m.ndjson.gz#repDiaHid12m:2026-09-20
2026-06-22,delsitanisagua,cota_masl,1490.87,ords:repDiaHid12m,,2026-09-22T01:12:47Z,celec_ords/2026/09/repDiaHid12m.ndjson.gz#repDiaHid12m:2026-09-20
2026-06-22,mazar,caudal_m3s,53,ords:repDiaHid12m,,2026-09-22T01:12:47Z,celec_ords/2026/09/repDiaHid12m.ndjson.gz#repDiaHid12m:2026-09-20
2026-06-22,mazar,cota_masl,2150.71,ords:repDiaHid12m,,2026-09-22T01:12:47Z,celec_ords/2026/09/repDiaHid12m.ndjson.gz#repDiaHid12m:2026-09-20
2026-06-22,minas_san_francisco,caudal_m3s,24,ords:repDiaHid12m,,2026-09-22T01:12:47Z,celec_ords/2026/09/repDiaHid12m.ndjson.gz#repDiaHid12m:2026-09-20
2026-06-22,minas_san_francisco,cota_masl,789.32,ords:repDiaHid12m,,2026-09-22T01:12:47Z,celec_ords/2026/09/repDiaHid12m.ndjson.gz#repDiaHid12m:2026-09-20
2026-06-23,amaluza,caudal_m3s,151,ords:repDiaHid12m,,2026-09-22T01:12:47Z,celec_ords/2026/09/repDiaHid12m.ndjson.gz#repDiaHid12m:2026-09-20
2026-06-23,amaluza,cota_masl,1983.52,ords:repDiaHid12m,,2026-09-22T01:12:47Z,celec_ords/2026/09/repDiaHid12m.ndjson.gz#repDiaHid12m:2026-09-20
2026-06-23,delsitanisagua,caudal_m3s,44,ords:repDiaHid12m,,2026-09-22T01:12:47Z,celec_ords/2026/09/repDiaHid12m.ndjson.gz#repDiaHid12m:2026-09-20
2026-06-23,delsitanisagua,cota_masl,1489.84,ords:repDiaHid12m,,2026-09-22T01:12:47Z,celec_ords/2026/09/repDiaHid12m.ndjson.gz#repDiaHid12m:2026-09-20
2026-06-23,mazar,caudal_m3s,39,ords:repDiaHid12m,,2026-09-22T01:12:47Z,celec_ords/2026/09/repDiaHid12m.ndjson.gz#repDiaHid12m:2026-09-20
2026-06-23,mazar,cota_masl,2150.07,ords:repDiaHid12m,,2026-09-22T01:12:47Z,celec_ords/2026/09/repDiaHid12m.ndjson.gz#repDiaHid12m:2026-09-20
2026-06-23,minas_san_francisco,caudal_m3s,19,ords:repDiaHid12m,,2026-09-22T01:12:47Z,celec_ords/2026/09/repDiaHid12m.ndjson.gz#repDiaHid12m:2026-09-20
2026-06-23,minas_san_francisco,cota_masl,787.32,ords:repDiaHid12m,,2026-09-22T01:12:47Z,celec_ords/2026/09/repDiaHid12m.ndjson.gz#repDiaHid12m:2026-09-20
2026-06-24,amaluza,caudal_m3s,161,ords:repDiaHid12m,,2026-09-22T01:12:47Z,celec_ords/2026/09/repDiaHid12m.ndjson.gz#repDiaHid12m:2026-09-20
2026-06-24,amaluza,cota_masl,1982.44,ords:repDiaHid12m,,2026-09-22T01:12:47Z,celec_ords/2026/09/repDiaHid12m.ndjson.gz#repDiaHid12m:2026-09-20
2026-06-24,delsitanisagua,caudal_m3s,36,ords:repDiaHid12m,,2026-09-22T01:12:47Z,celec_ords/2026/09/repDiaHid12m.ndjson.gz#repDiaHid12m:2026-09-20
2026-06-24,delsitanisagua,cota_masl,1488.97,ords:repDiaHid12m,,2026-09-22T01:12:47Z,celec_ords/2026/09/repDiaHid12m.ndjson.gz#repDiaHid12m:2026-09-20
2026-06-24,mazar,caudal_m3s,41,ords:repDiaHid12m,,2026-09-22T01:12:47Z,celec_ords/2026/09/repDiaHid12m.ndjson.gz#repDiaHid12m:2026-09-20
2026-06-24,mazar,cota_masl,2149.54,ords:repDiaHid12m,,2026-09-22T01:12:47Z,celec_ords/2026/09/repDiaHid12m.ndjson.gz#repDiaHid12m:2026-09-20
2026-06-24,minas_san_francisco,caudal_m3s,17,ords:repDiaHid12m,,2026-09-22T01:12:47Z,celec_ords/2026/09/repDiaHid12m.ndjson.gz#repDiaHid12m:2026-09-20
2026-06-24,minas_san_francisco,cota_masl,787.71,ords:repDiaHid12m,,2026-09-22T01:12:47Z,celec_ords/2026/09/repDiaHid12m.ndjson.gz#repDiaHid12m:2026-09-20
2026-06-25,amaluza,caudal_m3s,165,ords:repDiaHid12m,,2026-09-22T01:12:47Z,celec_ords/2026/09/repDiaHid12m.ndjson.gz#repDiaHid12m:2026-09-20
2026-06-25,amaluza,cota_masl,1983.14,ords:repDiaHid12m,,2026-09-22T01:12:47Z,celec_ords/2026/09/repDiaHid12m.ndjson.gz#repDiaHid12m:2026-09-20
2026-06-25,delsitanisagua,caudal_m3s,42,ords:repDiaHid12m,,2026-09-22T01:12:47Z,celec_ords/2026/09/repDiaHid12m.ndjson.gz#repDiaHid12m:2026-09-20
2026-06-25,delsitanisagua,cota_masl,1489.74,ords:repDiaHid12m,,2026-09-22T01:12:47Z,celec_ords/2026/09/repDiaHid12m.ndjson.gz#repDiaHid12m:2026-09-20
2026-06-25,mazar,caudal_m3s,35,ords:repDiaHid12m,,2026-09-22T01:12:47Z,celec_ords/2026/09/repDiaHid12m.ndjson.gz#repDiaHid12m:2026-09-20
2026-06-25,mazar,cota_masl,2148.65,ords:repDiaHid12m,,2026-09-22T01:12:47Z,celec_ords/2026/09/repDiaHid12m.ndjson.gz#repDiaHid12m:2026-09-20
2026-06-25,minas_san_francisco,caudal_m3s,16,ords:repDiaHid12m,,2026-09-22T01:12:47Z,celec_ords/2026/09/repDiaHid12m.ndjson.gz#repDiaHid12m:2026-09-20
2026-06-25,minas_san_francisco,cota_masl,787.57,ords:repDiaHid12m,,2026-09-22T01:12:47Z,celec_ords/2026/09/repDiaHid12m.ndjson.gz#repDiaHid12m:2026-09-20
2026-06-26,amaluza,caudal_m3s,178,ords:repDiaHid12m,,2026-09-22T01:12:47Z,celec_ords/2026/09/repDiaHid12m.ndjson.gz#repDiaHid12m:2026-09-20
2026-06-26,amaluza,cota_masl,1984.75,ords:repDiaHid12m,,2026-09-22T01:12:47Z,celec_ords/2026/09/repDiaHid12m.ndjson.gz#repDiaHid12m:2026-09-20
2026-06-26,delsitanisagua,caudal_m3s,60,ords:repDiaHid12m,,2026-09-22T01:12:47Z,celec_ords/2026/09/repDiaHid12m.ndjson.gz#repDiaHid12m:2026-09-20
2026-06-26,delsitanisagua,cota_masl,1491,ords:repDiaHid12m,,2026-09-22T01:12:47Z,celec_ords/2026/09/repDiaHid12m.ndjson.gz#repDiaHid12m:2026-09-20
2026-06-26,mazar,caudal_m3s,66,ords:repDiaHid12m,,2026-09-22T01:12:47Z,celec_ords/2026/09/repDiaHid12m.ndjson.gz#repDiaHid12m:2026-09-20
2026-06-26,mazar,cota_masl,2148.34,ords:repDiaHid12m,,2026-09-22T01:12:47Z,celec_ords/2026/09/repDiaHid12m.ndjson.gz#repDiaHid12m:2026-09-20
2026-06-26,minas_san_francisco,caudal_m3s,48,ords:repDiaHid12m,,2026-09-22T01:12:47Z,celec_ords/2026/09/repDiaHid12m.ndjson.gz#repDiaHid12m:2026-09-20
2026-06-26,minas_san_francisco,cota_masl,789.49,ords:repDiaHid12m,,2026-09-22T01:12:47Z,celec_ords/2026/09/repDiaHid12m.ndjson.gz#repDiaHid12m:2026-09-20
2026-06-27,amaluza,caudal_m3s,257,ords:repDiaHid12m,,2026-09-22T01:12:47Z,celec_ords/2026/09/repDiaHid12m.ndjson.gz#repDiaHid12m:2026-09-20
2026-06-27,amaluza,cota_masl,1986.83,ords:repDiaHid12m,,2026-09-22T01:12:47Z,celec_ords/2026/09/repDiaHid12m.ndjson.gz#repDiaHid12m:2026-09-20
2026-06-27,delsitanisagua,caudal_m3s,159,ords:repDiaHid12m,,2026-09-22T01:12:47Z,celec_ords/2026/09/repDiaHid12m.ndjson.gz#repDiaHid12m:2026-09-20
2026-06-27,delsitanisagua,cota_masl,1490.87,ords:repDiaHid12m,,2026-09-22T01:12:47Z,celec_ords/2026/09/repDiaHid12m.ndjson.gz#repDiaHid12m:2026-09-20
2026-06-27,mazar,caudal_m3s,345,ords:repDiaHid12m,,2026-09-22T01:12:47Z,celec_ords/2026/09/repDiaHid12m.ndjson.gz#repDiaHid12m:2026-09-20
2026-06-27,mazar,cota_masl,2149.37,ords:repDiaHid12m,,2026-09-22T01:12:47Z,celec_ords/2026/09/repDiaHid12m.ndjson.gz#repDiaHid12m:2026-09-20
2026-06-27,minas_san_francisco,caudal_m3s,128,ords:repDiaHid12m,,2026-09-22T01:12:47Z,celec_ords/2026/09/repDiaHid12m.ndjson.gz#repDiaHid12m:2026-09-20
2026-06-27,minas_san_francisco,cota_masl,791.79,ords:repDiaHid12m,,2026-09-22T01:12:47Z,celec_ords/2026/09/repDiaHid12m.ndjson.gz#repDiaHid12m:2026-09-20
2026-06-28,amaluza,caudal_m3s,36,ords:repDiaHid12m,,2026-09-22T01:12:47Z,celec_ords/2026/09/repDiaHid12m.ndjson.gz#repDiaHid12m:2026-09-20
2026-06-28,amaluza,cota_masl,1985.93,ords:repDiaHid12m,,2026-09-22T01:12:47Z,celec_ords/2026/09/repDiaHid12m.ndjson.gz#repDiaHid12m:2026-09-20
2026-06-28,delsitanisagua,caudal_m3s,61,ords:repDiaHid12m,,2026-09-22T01:12:47Z,celec_ords/2026/09/repDiaHid12m.ndjson.gz#repDiaHid12m:2026-09-20
2026-06-28,delsitanisagua,cota_masl,1490.88,ords:repDiaHid12m,,2026-09-22T01:12:47Z,celec_ords/2026/09/repDiaHid12m.ndjson.gz#repDiaHid12m:2026-09-20
2026-06-28,mazar,caudal_m3s,77,ords:repDiaHid12m,,2026-09-22T01:12:47Z,celec_ords/2026/09/repDiaHid12m.ndjson.gz#repDiaHid12m:2026-09-20
2026-06-28,mazar,cota_masl,2151.04,ords:repDiaHid12m,,2026-09-22T01:12:47Z,celec_ords/2026/09/repDiaHid12m.ndjson.gz#repDiaHid12m:2026-09-20
2026-06-28,minas_san_francisco,caudal_m3s,34,ords:repDiaHid12m,,2026-09-22T01:12:47Z,celec_ords/2026/09/repDiaHid12m.ndjson.gz#repDiaHid12m:2026-09-20
2026-06-28,minas_san_francisco,cota_masl,790.45,ords:repDiaHid12m,,2026-09-22T01:12:47Z,celec_ords/2026/09/repDiaHid12m.ndjson.gz#repDiaHid12m:2026-09-20
2026-06-29,amaluza,caudal_m3s,141,ords:repDiaHid12m,,2026-09-22T01:12:47Z,celec_ords/2026/09/repDiaHid12m.ndjson.gz#repDiaHid12m:2026-09-20
2026-06-29,amaluza,cota_masl,1985.5,ords:repDiaHid12m,,2026-09-22T01:12:47Z,celec_ords/2026/09/repDiaHid12m.ndjson.gz#repDiaHid12m:2026-09-20
2026-06-29,delsitanisagua,caudal_m3s,49,ords:repDiaHid12m,,2026-09-22T01:12:47Z,celec_ords/2026/09/repDiaHid12m.ndjson.gz#repDiaHid12m:2026-09-20
2026-06-29,delsitanisagua,cota_masl,1490.98,ords:repDiaHid12m,,2026-09-22T01:12:47Z,celec_ords/2026/09/repDiaHid12m.ndjson.gz#repDiaHid12m:2026-09-20
2026-06-29,mazar,caudal_m3s,49,ords:repDiaHid12m,,2026-09-22T01:12:47Z,celec_ords/2026/09/repDiaHid12m.ndjson.gz#repDiaHid12m:2026-09-20
2026-06-29,mazar,cota_masl,2150.67,ords:repDiaHid12m,,2026-09-22T01:12:47Z,celec_ords/2026/09/repDiaHid12m.ndjson.gz#repDiaHid12m:2026-09-20
2026-06-29,minas_san_francisco,caudal_m3s,24,ords:repDiaHid12m,,2026-09-22T01:12:47Z,celec_ords/2026/09/repDiaHid12m.ndjson.gz#repDiaHid12m:2026-09-20
2026-06-29,minas_san_francisco,cota_masl,788.93,ords:repDiaHid12m,,2026-09-22T01:12:47Z,celec_ords/2026/09/repDiaHid12m.ndjson.gz#repDiaHid12m:2026-09-20
2026-06-30,amaluza,caudal_m3s,123,ords:repDiaHid12m,,2026-09-22T01:12:47Z,celec_ords/2026/09/repDiaHid12m.ndjson.gz#repDiaHid12m:2026-09-20
2026-06-30,amaluza,cota_masl,1986.48,ords:repDiaHid12m,,2026-09-22T01:12:47Z,celec_ords/2026/09/repDiaHid12m.ndjson.gz#repDiaHid12m:2026-09-20
2026-06-30,delsitanisagua,caudal_m3s,64,ords:repDiaHid12m,,2026-09-22T01:12:47Z,celec_ords/2026/09/repDiaHid12m.ndjson.gz#repDiaHid12m:2026-09-20
2026-06-30,delsitanisagua,cota_masl,1490.89,ords:repDiaHid12m,,2026-09-22T01:12:47Z,celec_ords/2026/09/repDiaHid12m.ndjson.gz#repDiaHid12m:2026-09-20
2026-06-30,mazar,caudal_m3s,50,ords:repDiaHid12m,,2026-09-22T01:12:47Z,celec_ords/2026/09/repDiaHid12m.ndjson.gz#repDiaHid12m:2026-09-20
2026-06-30,mazar,cota_masl,2150.13,ords:repDiaHid12m,,2026-09-22T01:12:47Z,celec_ords/2026/09/repDiaHid12m.ndjson.gz#repDiaHid12m:2026-09-20
2026-06-30,minas_san_francisco,caudal_m3s,27,ords:repDiaHid12m,,2026-09-22T01:12:47Z,celec_ords/2026/09/repDiaHid12m.ndjson.gz#repDiaHid12m:2026-09-20
2026-06-30,minas_san_francisco,cota_masl,786.43,ords:repDiaHid12m,,2026-09-22T01:12:47Z,celec_ords/2026/09/repDiaHid12m.ndjson.gz#repDiaHid12m:2026-09-20
2026-07-01,amaluza,caudal_m3s,201,ords:repDiaHid12m,,2026-09-22T01:12:47Z,celec_ords/2026/09/repDiaHid12m.ndjson.gz#repDiaHid12m:2026-09-20
2026-07-01,amaluza,cota_masl,1986.83,ords:repDiaHid12m,,2026-09-22T01:12:47Z,celec_ords/2026/09/repDiaHid12m.ndjson.gz#repDiaHid12m:2026-09-20
2026-07-01,delsitanisagua,caudal_m3s,97,ords:repDiaHid12m,,2026-09-22T01:12:47Z,celec_ords/2026/09/repDiaHid12m.ndjson.gz#repDiaHid12m:2026-09-20
2026-07-01,delsitanisagua,cota_masl,1490.78,ords:repDiaHid12m,,2026-09-22T01:12:47Z,celec_ords/2026/09/repDiaHid12m.ndjson.gz#repDiaHid12m:2026-09-20
2026-07-01,mazar,caudal_m3s,180,ords:repDiaHid12m,,2026-09-22T01:12:47Z,celec_ords/2026/09/repDiaHid12m.ndjson.gz#repDiaHid12m:2026-09-20
2026-07-01,mazar,cota_masl,2150.91,ords:repDiaHid12m,,2026-09-22T01:12:47Z,celec_ords/2026/09/repDiaHid12m.ndjson.gz#repDiaHid12m:2026-09-20
2026-07-01,minas_san_francisco,caudal_m3s,107,ords:repDiaHid12m,,2026-09-22T01:12:47Z,celec_ords/2026/09/repDiaHid12m.ndjson.gz#repDiaHid12m:2026-09-20
2026-07-01,minas_san_francisco,cota_masl,792.62,ords:repDiaHid12m,,2026-09-22T01:12:47Z,celec_ords/2026/09/repDiaHid12m.ndjson.gz#repDiaHid12m:2026-09-20
2026-07-02,amaluza,caudal_m3s,174,ords:repDiaHid12m,,2026-09-22T01:12:47Z,celec_ords/2026/09/repDiaHid12m.ndjson.gz#repDiaHid12m:2026-09-20
2026-07-02,amaluza,cota_masl,1986.93,ords:repDiaHid12m,,2026-09-22T01:12:47Z,celec_ords/2026/09/repDiaHid12m.ndjson.gz#repDiaHid12m:2026-09-20
2026-07-02,delsitanisagua,caudal_m3s,168,ords:repDiaHid12m,,2026-09-22T01:12:47Z,celec_ords/2026/09/repDiaHid12m.ndjson.gz#repDiaHid12m:2026-09-20
2026-07-02,delsitanisagua,cota_masl,1490.48,ords:repDiaHid12m,,2026-09-22T01:12:47Z,celec_ords/2026/09/repDiaHid12m.ndjson.gz#repDiaHid12m:2026-09-20
2026-07-02,mazar,caudal_m3s,249,ords:repDiaHid12m,,2026-09-22T01:12:47Z,celec_ords/2026/09/repDiaHid12m.ndjson.gz#repDiaHid12m:2026-09-20
2026-07-02,mazar,cota_masl,2152.29,ords:repDiaHid12m,,2026-09-22T01:12:47Z,celec_ords/2026/09/repDiaHid12m.ndjson.gz#repDiaHid12m:2026-09-20
2026-07-02,minas_san_francisco,caudal_m3s,88,ords:repDiaHid12m,,2026-09-22T01:12:47Z,celec_ords/2026/09/repDiaHid12m.ndjson.gz#repDiaHid12m:2026-09-20
2026-07-02,minas_san_francisco,cota_masl,792.02,ords:repDiaHid12m,,2026-09-22T01:12:47Z,celec_ords/2026/09/repDiaHid12m.ndjson.gz#repDiaHid12m:2026-09-20
2026-07-03,amaluza,caudal_m3s,235,ords:repDiaHid12m,,2026-09-22T01:12:47Z,celec_ords/2026/09/repDiaHid12m.ndjson.gz#repDiaHid12m:2026-09-20
2026-07-03,amaluza,cota_masl,1986.73,ords:repDiaHid12m,,2026-09-22T01:12:47Z,celec_ords/2026/09/repDiaHid12m.ndjson.gz#repDiaHid12m:2026-09-20
2026-07-03,delsitanisagua,caudal_m3s,267,ords:repDiaHid12m,,2026-09-22T01:12:47Z,celec_ords/2026/09/repDiaHid12m.ndjson.gz#repDiaHid12m:2026-09-20
2026-07-03,delsitanisagua,cota_masl,1485.05,ords:repDiaHid12m,,2026-09-22T01:12:47Z,celec_ords/2026/09/repDiaHid12m.ndjson.gz#repDiaHid12m:2026-09-20
2026-07-03,mazar,caudal_m3s,238,ords:repDiaHid12m,,2026-09-22T01:12:47Z,celec_ords/2026/09/repDiaHid12m.ndjson.gz#repDiaHid12m:2026-09-20
2026-07-03,mazar,cota_masl,2153.56,ords:repDiaHid12m,,2026-09-22T01:12:47Z,celec_ords/2026/09/repDiaHid12m.ndjson.gz#repDiaHid12m:2026-09-20
2026-07-03,minas_san_francisco,caudal_m3s,215,ords:repDiaHid12m,,2026-09-22T01:12:47Z,celec_ords/2026/09/repDiaHid12m.ndjson.gz#repDiaHid12m:2026-09-20
2026-07-03,minas_san_francisco,cota_masl,792.48,ords:repDiaHid12m,,2026-09-22T01:12:47Z,celec_ords/2026/09/repDiaHid12m.ndjson.gz#repDiaHid12m:2026-09-20
2026-07-04,amaluza,caudal_m3s,332,ords:repDiaHid12m,,2026-09-22T01:12:47Z,celec_ords/2026/09/repDiaHid12m.ndjson.gz#repDiaHid12m:2026-09-20
2026-07-04,amaluza,cota_masl,1989.79,ords:repDiaHid12m,,2026-09-22T01:12:47Z,celec_ords/2026/09/repDiaHid12m.ndjson.gz#repDiaHid12m:2026-09-20
2026-07-04,delsitanisagua,caudal_m3s,130,ords:repDiaHid12m,,2026-09-22T01:12:47Z,celec_ords/2026/09/repDiaHid12m.ndjson.gz#repDiaHid12m:2026-09-20
2026-07-04,delsitanisagua,cota_masl,1477.54,ords:repDiaHid12m,,2026-09-22T01:12:47Z,celec_ords/2026/09/repDiaHid12m.ndjson.gz#repDiaHid12m:2026-09-20
2026-07-04,mazar,caudal_m3s,237,ords:repDiaHid12m,,2026-09-22T01:12:47Z,celec_ords/2026/09/repDiaHid12m.ndjson.gz#repDiaHid12m:2026-09-20
2026-07-04,mazar,cota_masl,2153.96,ords:repDiaHid12m,,2026-09-22T01:12:47Z,celec_ords/2026/09/repDiaHid12m.ndjson.gz#repDiaHid12m:2026-09-20
2026-07-04,minas_san_francisco,caudal_m3s,154,ords:repDiaHid12m,,2026-09-22T01:12:47Z,celec_ords/2026/09/repDiaHid12m.ndjson.gz#repDiaHid12m:2026-09-20
2026-07-04,minas_san_francisco,cota_masl,792.49,ords:repDiaHid12m,,2026-09-22T01:12:47Z,celec_ords/2026/09/repDiaHid12m.ndjson.gz#repDiaHid12m:2026-09-20
2026-07-05,amaluza,caudal_m3s,267,ords:repDiaHid12m,,2026-09-22T01:12:47Z,celec_ords/2026/09/repDiaHid12m.ndjson.gz#repDiaHid12m:2026-09-20
2026-07-05,amaluza,cota_masl,1990.88,ords:repDiaHid12m,,2026-09-22T01:12:47Z,celec_ords/2026/09/repDiaHid12m.ndjson.gz#repDiaHid12m:2026-09-20
2026-07-05,delsitanisagua,caudal_m3s,80,ords:repDiaHid12m,,2026-09-22T01:12:47Z,celec_ords/2026/09/repDiaHid12m.ndjson.gz#repDiaHid12m:2026-09-20
2026-07-05,delsitanisagua,cota_masl,1471,ords:repDiaHid12m,,2026-09-22T01:12:47Z,celec_ords/2026/09/repDiaHid12m.ndjson.gz#repDiaHid12m:2026-09-20
2026-07-05,mazar,caudal_m3s,126,ords:repDiaHid12m,,2026-09-22T01:12:47Z,celec_ords/2026/09/repDiaHid12m.ndjson.gz#repDiaHid12m:2026-09-20
2026-07-05,mazar,cota_masl,2153.72,ords:repDiaHid12m,,2026-09-22T01:12:47Z,celec_ords/2026/09/repDiaHid12m.ndjson.gz#repDiaHid12m:2026-09-20
2026-07-05,minas_san_francisco,caudal_m3s,44,ords:repDiaHid12m,,2026-09-22T01:12:47Z,celec_ords/2026/09/repDiaHid12m.ndjson.gz#repDiaHid12m:2026-09-20
2026-07-05,minas_san_francisco,cota_masl,791.81,ords:repDiaHid12m,,2026-09-22T01:12:47Z,celec_ords/2026/09/repDiaHid12m.ndjson.gz#repDiaHid12m:2026-09-20
2026-07-06,amaluza,caudal_m3s,165,ords:repDiaHid12m,,2026-09-22T01:12:47Z,celec_ords/2026/09/repDiaHid12m.ndjson.gz#repDiaHid12m:2026-09-20
2026-07-06,amaluza,cota_masl,1990.78,ords:repDiaHid12m,,2026-09-22T01:12:47Z,celec_ords/2026/09/repDiaHid12m.ndjson.gz#repDiaHid12m:2026-09-20
2026-07-06,delsitanisagua,caudal_m3s,67,ords:repDiaHid12m,,2026-09-22T01:12:47Z,celec_ords/2026/09/repDiaHid12m.ndjson.gz#repDiaHid12m:2026-09-20
2026-07-06,delsitanisagua,cota_masl,1484.62,ords:repDiaHid12m,,2026-09-22T01:12:47Z,celec_ords/2026/09/repDiaHid12m.ndjson.gz#repDiaHid12m:2026-09-20
2026-07-06,mazar,caudal_m3s,70,ords:repDiaHid12m,,2026-09-22T01:12:47Z,celec_ords/2026/09/repDiaHid12m.ndjson.gz#repDiaHid12m:2026-09-20
2026-07-06,mazar,cota_masl,2153.09,ords:repDiaHid12m,,2026-09-22T01:12:47Z,celec_ords/2026/09/repDiaHid12m.ndjson.gz#repDiaHid12m:2026-09-20
2026-07-06,minas_san_francisco,caudal_m3s,27,ords:repDiaHid12m,,2026-09-22T01:12:47Z,celec_ords/2026/09/repDiaHid12m.ndjson.gz#repDiaHid12m:2026-09-20
2026-07-06,minas_san_francisco,cota_masl,789.89,ords:repDiaHid12m,,2026-09-22T01:12:47Z,celec_ords/2026/09/repDiaHid12m.ndjson.gz#repDiaHid12m:2026-09-20
2026-07-07,amaluza,caudal_m3s,139,ords:repDiaHid12m,,2026-09-22T01:12:47Z,celec_ords/2026/09/repDiaHid12m.ndjson.gz#repDiaHid12m:2026-09-20
2026-07-07,amaluza,cota_masl,1990.06,ords:repDiaHid12m,,2026-09-22T01:12:47Z,celec_ords/2026/09/repDiaHid12m.ndjson.gz#repDiaHid12m:2026-09-20
2026-07-07,delsitanisagua,caudal_m3s,81,ords:repDiaHid12m,,2026-09-22T01:12:47Z,celec_ords/2026/09/repDiaHid12m.ndjson.gz#repDiaHid12m:2026-09-20
2026-07-07,delsitanisagua,cota_masl,1490.7,ords:repDiaHid12m,,2026-09-22T01:12:47Z,celec_ords/2026/09/repDiaHid12m.ndjson.gz#repDiaHid12m:2026-09-20
2026-07-07,mazar,caudal_m3s,191,ords:repDiaHid12m,,2026-09-22T01:12:47Z,celec_ords/2026/09/repDiaHid12m.ndjson.gz#repDiaHid12m:2026-09-20
2026-07-07,mazar,cota_masl,2153.26,ords:repDiaHid12m,,2026-09-22T01:12:47Z,celec_ords/2026/09/repDiaHid12m.ndjson.gz#repDiaHid12m:2026-09-20
2026-07-07,minas_san_francisco,caudal_m3s,35,ords:repDiaHid12m,,2026-09-22T01:12:47Z,celec_ords/2026/09/repDiaHid12m.ndjson.gz#repDiaHid12m:2026-09-20
2026-07-07,minas_san_francisco,cota_masl,789.82,ords:repDiaHid12m,,2026-09-22T01:12:47Z,celec_ords/2026/09/repDiaHid12m.ndjson.gz#repDiaHid12m:2026-09-20
2026-07-08,amaluza,caudal_m3s,181,ords:repDiaHid12m,,2026-09-22T01:12:47Z,celec_ords/2026/09/repDiaHid12m.ndjson.gz#repDiaHid12m:2026-09-20
2026-07-08,amaluza,cota_masl,1990.31,ords:repDiaHid12m,,2026-09-22T01:12:47Z,celec_ords/2026/09/repDiaHid12m.ndjson.gz#repDiaHid12m:2026-09-20
2026-07-08,delsitanisagua,caudal_m3s,70,ords:repDiaHid12m,,2026-09-22T01:12:47Z,celec_ords/2026/09/repDiaHid12m.ndjson.gz#repDiaHid12m:2026-09-20
2026-07-08,delsitanisagua,cota_masl,1490.84,ords:repDiaHid12m,,2026-09-22T01:12:47Z,celec_ords/2026/09/repDiaHid12m.ndjson.gz#repDiaHid12m:2026-09-20
2026-07-08,mazar,caudal_m3s,74,ords:repDiaHid12m,,2026-09-22T01:12:47Z,celec_ords/2026/09/repDiaHid12m.ndjson.gz#repDiaHid12m:2026-09-20
2026-07-08,mazar,cota_masl,2153.18,ords:repDiaHid12m,,2026-09-22T01:12:47Z,celec_ords/2026/09/repDiaHid12m.ndjson.gz#repDiaHid12m:2026-09-20
2026-07-08,minas_san_francisco,caudal_m3s,27,ords:repDiaHid12m,,2026-09-22T01:12:47Z,celec_ords/2026/09/repDiaHid12m.ndjson.gz#repDiaHid12m:2026-09-20
2026-07-08,minas_san_francisco,cota_masl,790.82,ords:repDiaHid12m,,2026-09-22T01:12:47Z,celec_ords/2026/09/repDiaHid12m.ndjson.gz#repDiaHid12m:2026-09-20
2026-07-09,amaluza,caudal_m3s,138,ords:repDiaHid12m,,2026-09-22T01:12:47Z,celec_ords/2026/09/repDiaHid12m.ndjson.gz#repDiaHid12m:2026-09-20
2026-07-09,amaluza,cota_masl,1990.32,ords:repDiaHid12m,,2026-09-22T01:12:47Z,celec_ords/2026/09/repDiaHid12m.ndjson.gz#repDiaHid12m:2026-09-20
2026-07-09,delsitanisagua,caudal_m3s,53,ords:repDiaHid12m,,2026-09-22T01:12:47Z,celec_ords/2026/09/repDiaHid12m.ndjson.gz#repDiaHid12m:2026-09-20
2026-07-09,delsitanisagua,cota_masl,1490.9,ords:repDiaHid12m,,2026-09-22T01:12:47Z,celec_ords/2026/09/repDiaHid12m.ndjson.gz#repDiaHid12m:2026-09-20
2026-07-09,mazar,caudal_m3s,75,ords:repDiaHid12m,,2026-09-22T01:12:47Z,celec_ords/2026/09/repDiaHid12m.ndjson.gz#repDiaHid12m:2026-09-20
2026-07-09,mazar,cota_masl,2152.79,ords:repDiaHid12m,,2026-09-22T01:12:47Z,celec_ords/2026/09/repDiaHid12m.ndjson.gz#repDiaHid12m:2026-09-20
2026-07-09,minas_san_francisco,caudal_m3s,30,ords:repDiaHid12m,,2026-09-22T01:12:47Z,celec_ords/2026/09/repDiaHid12m.ndjson.gz#repDiaHid12m:2026-09-20
2026-07-09,minas_san_francisco,cota_masl,790.77,ords:repDiaHid12m,,2026-09-22T01:12:47Z,celec_ords/2026/09/repDiaHid12m.ndjson.gz#repDiaHid12m:2026-09-20
2026-07-10,amaluza,caudal_m3s,177,ords:repDiaHid12m,,2026-09-22T01:12:47Z,celec_ords/2026/09/repDiaHid12m.ndjson.gz#repDiaHid12m:2026-09-20
2026-07-10,amaluza,cota_masl,1990.4,ords:repDiaHid12m,,2026-09-22T01:12:47Z,celec_ords/2026/09/repDiaHid12m.ndjson.gz#repDiaHid12m:2026-09-20
2026-07-10,delsitanisagua,caudal_m3s,55,ords:repDiaHid12m,,2026-09-22T01:12:47Z,celec_ords/2026/09/repDiaHid12m.ndjson.gz#repDiaHid12m:2026-09-20
2026-07-10,delsitanisagua,cota_masl,1490.87,ords:repDiaHid12m,,2026-09-22T01:12:47Z,celec_ords/2026/09/repDiaHid12m.ndjson.gz#repDiaHid12m:2026-09-20
2026-07-10,mazar,caudal_m3s,89,ords:repDiaHid12m,,2026-09-22T01:12:47Z,celec_ords/2026/09/repDiaHid12m.ndjson.gz#repDiaHid12m:2026-09-20
2026-07-10,mazar,cota_masl,2152.59,ords:repDiaHid12m,,2026-09-22T01:12:47Z,celec_ords/2026/09/repDiaHid12m.ndjson.gz#repDiaHid12m:2026-09-20
2026-07-10,minas_san_francisco,caudal_m3s,22,ords:repDiaHid12m,,2026-09-22T01:12:47Z,celec_ords/2026/09/repDiaHid12m.ndjson.gz#repDiaHid12m:2026-09-20
2026-07-10,minas_san_francisco,cota_masl,789.81,ords:repDiaHid12m,,2026-09-22T01:12:47Z,celec_ords/2026/09/repDiaHid12m.ndjson.gz#repDiaHid12m:2026-09-20
2026-07-11,amaluza,caudal_m3s,149,ords:repDiaHid12m,,2026-09-22T01:12:47Z,celec_ords/2026/09/repDiaHid12m.ndjson.gz#repDiaHid12m:2026-09-20
2026-07-11,amaluza,cota_masl,1988.79,ords:repDiaHid12m,,2026-09-22T01:12:47Z,celec_ords/2026/09/repDiaHid12m.ndjson.gz#repDiaHid12m:2026-09-20
2026-07-11,delsitanisagua,caudal_m3s,51,ords:repDiaHid12m,,2026-09-22T01:12:47Z,celec_ords/2026/09/repDiaHid12m.ndjson.gz#repDiaHid12m:2026-09-20
2026-07-11,delsitanisagua,cota_masl,1490.86,ords:repDiaHid12m,,2026-09-22T01:12:47Z,celec_ords/2026/09/repDiaHid12m.ndjson.gz#repDiaHid12m:2026-09-20
2026-07-11,mazar,caudal_m3s,69,ords:repDiaHid12m,,2026-09-22T01:12:47Z,celec_ords/2026/09/repDiaHid12m.ndjson.gz#repDiaHid12m:2026-09-20
2026-07-11,mazar,cota_masl,2152.79,ords:repDiaHid12m,,2026-09-22T01:12:47Z,celec_ords/2026/09/repDiaHid12m.ndjson.gz#repDiaHid12m:2026-09-20
2026-07-11,minas_san_francisco,caudal_m3s,26,ords:repDiaHid12m,,2026-09-22T01:12:47Z,celec_ords/2026/09/repDiaHid12m.ndjson.gz#repDiaHid12m:2026-09-20
2026-07-11,minas_san_francisco,cota_masl,789.99,ords:repDiaHid12m,,2026-09-22T01:12:47Z,celec_ords/2026/09/repDiaHid12m.ndjson.gz#repDiaHid12m:2026-09-20
2026-07-12,amaluza,caudal_m3s,160,ords:repDiaHid12m,,2026-09-22T01:12:47Z,celec_ords/2026/09/repDiaHid12m.ndjson.gz#repDiaHid12m:2026-09-20
2026-07-12,amaluza,cota_masl,1987.92,ords:repDiaHid12m,,2026-09-22T01:12:47Z,celec_ords/2026/09/repDiaHid12m.ndjson.gz#repDiaHid12m:2026-09-20
2026-07-12,delsitanisagua,caudal_m3s,48,ords:repDiaHid12m,,2026-09-22T01:12:47Z,celec_ords/2026/09/repDiaHid12m.ndjson.gz#repDiaHid12m:2026-09-20
2026-07-12,delsitanisagua,cota_masl,1490.9,ords:repDiaHid12m,,2026-09-22T01:12:47Z,celec_ords/2026/09/repDiaHid12m.ndjson.gz#repDiaHid12m:2026-09-20
2026-07-12,mazar,caudal_m3s,58,ords:repDiaHid12m,,2026-09-22T01:12:47Z,celec_ords/2026/09/repDiaHid12m.ndjson.gz#repDiaHid12m:2026-09-20
2026-07-12,mazar,cota_masl,2152.77,ords:repDiaHid12m,,2026-09-22T01:12:47Z,celec_ords/2026/09/repDiaHid12m.ndjson.gz#repDiaHid12m:2026-09-20
2026-07-12,minas_san_francisco,caudal_m3s,24,ords:repDiaHid12m,,2026-09-22T01:12:47Z,celec_ords/2026/09/repDiaHid12m.ndjson.gz#repDiaHid12m:2026-09-20
2026-07-12,minas_san_francisco,cota_masl,791.23,ords:repDiaHid12m,,2026-09-22T01:12:47Z,celec_ords/2026/09/repDiaHid12m.ndjson.gz#repDiaHid12m:2026-09-20
2026-07-13,amaluza,caudal_m3s,175,ords:repDiaHid12m,,2026-09-22T01:12:47Z,celec_ords/2026/09/repDiaHid12m.ndjson.gz#repDiaHid12m:2026-09-20
2026-07-13,amaluza,cota_masl,1988.34,ords:repDiaHid12m,,2026-09-22T01:12:47Z,celec_ords/2026/09/repDiaHid12m.ndjson.gz#repDiaHid12m:2026-09-20
2026-07-13,delsitanisagua,caudal_m3s,53,ords:repDiaHid12m,,2026-09-22T01:12:47Z,celec_ords/2026/09/repDiaHid12m.ndjson.gz#repDiaHid12m:2026-09-20
2026-07-13,delsitanisagua,cota_masl,1490.83,ords:repDiaHid12m,,2026-09-22T01:12:47Z,celec_ords/2026/09/repDiaHid12m.ndjson.gz#repDiaHid12m:2026-09-20
2026-07-13,mazar,caudal_m3s,81,ords:repDiaHid12m,,2026-09-22T01:12:47Z,celec_ords/2026/09/repDiaHid12m.ndjson.gz#repDiaHid12m:2026-09-20
2026-07-13,mazar,cota_masl,2152.36,ords:repDiaHid12m,,2026-09-22T01:12:47Z,celec_ords/2026/09/repDiaHid12m.ndjson.gz#repDiaHid12m:2026-09-20
2026-07-13,minas_san_francisco,caudal_m3s,23,ords:repDiaHid12m,,2026-09-22T01:12:47Z,celec_ords/2026/09/repDiaHid12m.ndjson.gz#repDiaHid12m:2026-09-20
2026-07-13,minas_san_francisco,cota_masl,790.12,ords:repDiaHid12m,,2026-09-22T01:12:47Z,celec_ords/2026/09/repDiaHid12m.ndjson.gz#repDiaHid12m:2026-09-20
2026-07-14,amaluza,caudal_m3s,108,ords:repDiaHid12m,,2026-09-22T01:12:47Z,celec_ords/2026/09/repDiaHid12m.ndjson.gz#repDiaHid12m:2026-09-20
2026-07-14,amaluza,cota_masl,1988.73,ords:repDiaHid12m,,2026-09-22T01:12:47Z,celec_ords/2026/09/repDiaHid12m.ndjson.gz#repDiaHid12m:2026-09-20
2026-07-14,delsitanisagua,caudal_m3s,68,ords:repDiaHid12m,,2026-09-22T01:12:47Z,celec_ords/2026/09/repDiaHid12m.ndjson.gz#repDiaHid12m:2026-09-20
2026-07-14,delsitanisagua,cota_masl,1490.95,ords:repDiaHid12m,,2026-09-22T01:12:47Z,celec_ords/2026/09/repDiaHid12m.ndjson.gz#repDiaHid12m:2026-09-20
2026-07-14,mazar,caudal_m3s,80,ords:repDiaHid12m,,2026-09-22T01:12:47Z,celec_ords/2026/09/repDiaHid12m.ndjson.gz#repDiaHid12m:2026-09-20
2026-07-14,mazar,cota_masl,2152.42,ords:repDiaHid12m,,2026-09-22T01:12:47Z,celec_ords/2026/09/repDiaHid12m.ndjson.gz#repDiaHid12m:2026-09-20
2026-07-14,minas_san_francisco,caudal_m3s,30,ords:repDiaHid12m,,2026-09-22T01:12:47Z,celec_ords/2026/09/repDiaHid12m.ndjson.gz#repDiaHid12m:2026-09-20
2026-07-14,minas_san_francisco,cota_masl,790.39,ords:repDiaHid12m,,2026-09-22T01:12:47Z,celec_ords/2026/09/repDiaHid12m.ndjson.gz#repDiaHid12m:2026-09-20
2026-07-15,amaluza,caudal_m3s,96,ords:repDiaHid12m,,2026-09-22T01:12:47Z,celec_ords/2026/09/repDiaHid12m.ndjson.gz#repDiaHid12m:2026-09-20
2026-07-15,amaluza,cota_masl,1988.01,ords:repDiaHid12m,,2026-09-22T01:12:47Z,celec_ords/2026/09/repDiaHid12m.ndjson.gz#repDiaHid12m:2026-09-20
2026-07-15,delsitanisagua,caudal_m3s,52,ords:repDiaHid12m,,2026-09-22T01:12:47Z,celec_ords/2026/09/repDiaHid12m.ndjson.gz#repDiaHid12m:2026-09-20
2026-07-15,delsitanisagua,cota_masl,1490.9,ords:repDiaHid12m,,2026-09-22T01:12:47Z,celec_ords/2026/09/repDiaHid12m.ndjson.gz#repDiaHid12m:2026-09-20
2026-07-15,mazar,caudal_m3s,84,ords:repDiaHid12m,,2026-09-22T01:12:47Z,celec_ords/2026/09/repDiaHid12m.ndjson.gz#repDiaHid12m:2026-09-20
2026-07-15,mazar,cota_masl,2152.61,ords:repDiaHid12m,,2026-09-22T01:12:47Z,celec_ords/2026/09/repDiaHid12m.ndjson.gz#repDiaHid12m:2026-09-20
2026-07-15,minas_san_francisco,caudal_m3s,27,ords:repDiaHid12m,,2026-09-22T01:12:47Z,celec_ords/2026/09/repDiaHid12m.ndjson.gz#repDiaHid12m:2026-09-20
2026-07-15,minas_san_francisco,cota_masl,790.36,ords:repDiaHid12m,,2026-09-22T01:12:47Z,celec_ords/2026/09/repDiaHid12m.ndjson.gz#repDiaHid12m:2026-09-20
2026-07-16,amaluza,caudal_m3s,104,ords:repDiaHid12m,,2026-09-22T01:12:47Z,celec_ords/2026/09/repDiaHid12m.ndjson.gz#repDiaHid12m:2026-09-20
2026-07-16,amaluza,cota_masl,1987.31,ords:repDiaHid12m,,2026-09-22T01:12:47Z,celec_ords/2026/09/repDiaHid12m.ndjson.gz#repDiaHid12m:2026-09-20
2026-07-16,delsitanisagua,caudal_m3s,56,ords:repDiaHid12m,,2026-09-22T01:12:47Z,celec_ords/2026/09/repDiaHid12m.ndjson.gz#repDiaHid12m:2026-09-20
2026-07-16,delsitanisagua,cota_masl,1490.98,ords:repDiaHid12m,,2026-09-22T01:12:47Z,celec_ords/2026/09/repDiaHid12m.ndjson.gz#repDiaHid12m:2026-09-20
2026-07-16,mazar,caudal_m3s,100,ords:repDiaHid12m,,2026-09-22T01:12:47Z,celec_ords/2026/09/repDiaHid12m.ndjson.gz#repDiaHid12m:2026-09-20
2026-07-16,mazar,cota_masl,2152.83,ords:repDiaHid12m,,2026-09-22T01:12:47Z,celec_ords/2026/09/repDiaHid12m.ndjson.gz#repDiaHid12m:2026-09-20
2026-07-16,minas_san_francisco,caudal_m3s,38,ords:repDiaHid12m,,2026-09-22T01:12:47Z,celec_ords/2026/09/repDiaHid12m.ndjson.gz#repDiaHid12m:2026-09-20
2026-07-16,minas_san_francisco,cota_masl,791.26,ords:repDiaHid12m,,2026-09-22T01:12:47Z,celec_ords/2026/09/repDiaHid12m.ndjson.gz#repDiaHid12m:2026-09-20
2026-07-17,amaluza,caudal_m3s,317,ords:repDiaHid12m,,2026-09-22T01:12:47Z,celec_ords/2026/09/repDiaHid12m.ndjson.gz#repDiaHid12m:2026-09-20
2026-07-17,amaluza,cota_masl,1990.7,ords:repDiaHid12m,,2026-09-22T01:12:47Z,celec_ords/2026/09/repDiaHid12m.ndjson.gz#repDiaHid12m:2026-09-20
2026-07-17,delsitanisagua,caudal_m3s,76,ords:repDiaHid12m,,2026-09-22T01:12:47Z,celec_ords/2026/09/repDiaHid12m.ndjson.gz#repDiaHid12m:2026-09-20
2026-07-17,delsitanisagua,cota_masl,1490.7,ords:repDiaHid12m,,2026-09-22T01:12:47Z,celec_ords/2026/09/repDiaHid12m.ndjson.gz#repDiaHid12m:2026-09-20
2026-07-17,mazar,caudal_m3s,218,ords:repDiaHid12m,,2026-09-22T01:12:47Z,celec_ords/2026/09/repDiaHid12m.ndjson.gz#repDiaHid12m:2026-09-20
2026-07-17,mazar,cota_masl,2154.05,ords:repDiaHid12m,,2026-09-22T01:12:47Z,celec_ords/2026/09/repDiaHid12m.ndjson.gz#repDiaHid12m:2026-09-20
2026-07-17,minas_san_francisco,caudal_m3s,154,ords:repDiaHid12m,,2026-09-22T01:12:47Z,celec_ords/2026/09/repDiaHid12m.ndjson.gz#repDiaHid12m:2026-09-20
2026-07-17,minas_san_francisco,cota_masl,792.59,ords:repDiaHid12m,,2026-09-22T01:12:47Z,celec_ords/2026/09/repDiaHid12m.ndjson.gz#repDiaHid12m:2026-09-20
2026-07-18,amaluza,caudal_m3s,196,ords:repDiaHid12m,,2026-09-22T01:12:47Z,celec_ords/2026/09/repDiaHid12m.ndjson.gz#repDiaHid12m:2026-09-20
2026-07-18,amaluza,cota_masl,1990.95,ords:repDiaHid12m,,2026-09-22T01:12:47Z,celec_ords/2026/09/repDiaHid12m.ndjson.gz#repDiaHid12m:2026-09-20
2026-07-18,delsitanisagua,caudal_m3s,50,ords:repDiaHid12m,,2026-09-22T01:12:47Z,celec_ords/2026/09/repDiaHid12m.ndjson.gz#repDiaHid12m:2026-09-20
2026-07-18,delsitanisagua,cota_masl,1490.9,ords:repDiaHid12m,,2026-09-22T01:12:47Z,celec_ords/2026/09/repDiaHid12m.ndjson.gz#repDiaHid12m:2026-09-20
2026-07-18,mazar,caudal_m3s,129,ords:repDiaHid12m,,2026-09-22T01:12:47Z,celec_ords/2026/09/repDiaHid12m.ndjson.gz#repDiaHid12m:2026-09-20
2026-07-18,mazar,cota_masl,2153.91,ords:repDiaHid12m,,2026-09-22T01:12:47Z,celec_ords/2026/09/repDiaHid12m.ndjson.gz#repDiaHid12m:2026-09-20
2026-07-18,minas_san_francisco,caudal_m3s,36,ords:repDiaHid12m,,2026-09-22T01:12:47Z,celec_ords/2026/09/repDiaHid12m.ndjson.gz#repDiaHid12m:2026-09-20
2026-07-18,minas_san_francisco,cota_masl,792.13,ords:repDiaHid12m,,2026-09-22T01:12:47Z,celec_ords/2026/09/repDiaHid12m.ndjson.gz#repDiaHid12m:2026-09-20
2026-07-19,amaluza,caudal_m3s,130,ords:repDiaHid12m,,2026-09-22T01:12:47Z,celec_ords/2026/09/repDiaHid12m.ndjson.gz#repDiaHid12m:2026-09-20
2026-07-19,amaluza,cota_masl,1990.71,ords:repDiaHid12m,,2026-09-22T01:12:47Z,celec_ords/2026/09/repDiaHid12m.ndjson.gz#repDiaHid12m:2026-09-20
2026-07-19,delsitanisagua,caudal_m3s,45,ords:repDiaHid12m,,2026-09-22T01:12:47Z,celec_ords/2026/09/repDiaHid12m.ndjson.gz#repDiaHid12m:2026-09-20
2026-07-19,delsitanisagua,cota_masl,1490.95,ords:repDiaHid12m,,2026-09-22T01:12:47Z,celec_ords/2026/09/repDiaHid12m.ndjson.gz#repDiaHid12m:2026-09-20
2026-07-19,mazar,caudal_m3s,82,ords:repDiaHid12m,,2026-09-22T01:12:47Z,celec_ords/2026/09/repDiaHid12m.ndjson.gz#repDiaHid12m:2026-09-20
2026-07-19,mazar,cota_masl,2153.68,ords:repDiaHid12m,,2026-09-22T01:12:47Z,celec_ords/2026/09/repDiaHid12m.ndjson.gz#repDiaHid12m:2026-09-20
2026-07-19,minas_san_francisco,caudal_m3s,21,ords:repDiaHid12m,,2026-09-22T01:12:47Z,celec_ords/2026/09/repDiaHid12m.ndjson.gz#repDiaHid12m:2026-09-20
2026-07-19,minas_san_francisco,cota_masl,791.59,ords:repDiaHid12m,,2026-09-22T01:12:47Z,celec_ords/2026/09/repDiaHid12m.ndjson.gz#repDiaHid12m:2026-09-20
2026-07-20,amaluza,caudal_m3s,146,ords:repDiaHid12m,,2026-09-22T01:12:47Z,celec_ords/2026/09/repDiaHid12m.ndjson.gz#repDiaHid12m:2026-09-20
2026-07-20,amaluza,cota_masl,1990.25,ords:repDiaHid12m,,2026-09-22T01:12:47Z,celec_ords/2026/09/repDiaHid12m.ndjson.gz#repDiaHid12m:2026-09-20
2026-07-20,delsitanisagua,caudal_m3s,42,ords:repDiaHid12m,,2026-09-22T01:12:47Z,celec_ords/2026/09/repDiaHid12m.ndjson.gz#repDiaHid12m:2026-09-20
2026-07-20,delsitanisagua,cota_masl,1490.81,ords:repDiaHid12m,,2026-09-22T01:12:47Z,celec_ords/2026/09/repDiaHid12m.ndjson.gz#repDiaHid12m:2026-09-20
2026-07-20,mazar,caudal_m3s,71,ords:repDiaHid12m,,2026-09-22T01:12:47Z,celec_ords/2026/09/repDiaHid12m.ndjson.gz#repDiaHid12m:2026-09-20
2026-07-20,mazar,cota_masl,2153.44,ords:repDiaHid12m,,2026-09-22T01:12:47Z,celec_ords/2026/09/repDiaHid12m.ndjson.gz#repDiaHid12m:2026-09-20
2026-07-20,minas_san_francisco,caudal_m3s,20,ords:repDiaHid12m,,2026-09-22T01:12:47Z,celec_ords/2026/09/repDiaHid12m.ndjson.gz#repDiaHid12m:2026-09-20
2026-07-20,minas_san_francisco,cota_masl,790,ords:repDiaHid12m,,2026-09-22T01:12:47Z,celec_ords/2026/09/repDiaHid12m.ndjson.gz#repDiaHid12m:2026-09-20
2026-07-21,amaluza,caudal_m3s,107,ords:repDiaHid12m,,2026-09-22T01:12:47Z,celec_ords/2026/09/repDiaHid12m.ndjson.gz#repDiaHid12m:2026-09-20
2026-07-21,amaluza,cota_masl,1988.55,ords:repDiaHid12m,,2026-09-22T01:12:47Z,celec_ords/2026/09/repDiaHid12m.ndjson.gz#repDiaHid12m:2026-09-20
2026-07-21,delsitanisagua,caudal_m3s,41,ords:repDiaHid12m,,2026-09-22T01:12:47Z,celec_ords/2026/09/repDiaHid12m.ndjson.gz#repDiaHid12m:2026-09-20
2026-07-21,delsitanisagua,cota_masl,1490.96,ords:repDiaHid12m,,2026-09-22T01:12:47Z,celec_ords/2026/09/repDiaHid12m.ndjson.gz#repDiaHid12m:2026-09-20
2026-07-21,mazar,caudal_m3s,54,ords:repDiaHid12m,,2026-09-22T01:12:47Z,celec_ords/2026/09/repDiaHid12m.ndjson.gz#repDiaHid12m:2026-09-20
2026-07-21,mazar,cota_masl,2153.18,ords:repDiaHid12m,,2026-09-22T01:12:47Z,celec_ords/2026/09/repDiaHid12m.ndjson.gz#repDiaHid12m:2026-09-20
2026-07-21,minas_san_francisco,caudal_m3s,18,ords:repDiaHid12m,,2026-09-22T01:12:47Z,celec_ords/2026/09/repDiaHid12m.ndjson.gz#repDiaHid12m:2026-09-20
2026-07-21,minas_san_francisco,cota_masl,788.92,ords:repDiaHid12m,,2026-09-22T01:12:47Z,celec_ords/2026/09/repDiaHid12m.ndjson.gz#repDiaHid12m:2026-09-20
2026-07-22,amaluza,caudal_m3s,85,ords:repDiaHid12m,,2026-09-22T01:12:47Z,celec_ords/2026/09/repDiaHid12m.ndjson.gz#repDiaHid12m:2026-09-20
2026-07-22,amaluza,cota_masl,1985.94,ords:repDiaHid12m,,2026-09-22T01:12:47Z,celec_ords/2026/09/repDiaHid12m.ndjson.gz#repDiaHid12m:2026-09-20
2026-07-22,delsitanisagua,caudal_m3s,39,ords:repDiaHid12m,,2026-09-22T01:12:47Z,celec_ords/2026/09/repDiaHid12m.ndjson.gz#repDiaHid12m:2026-09-20
2026-07-22,delsitanisagua,cota_masl,1490.93,ords:repDiaHid12m,,2026-09-22T01:12:47Z,celec_ords/2026/09/repDiaHid12m.ndjson.gz#repDiaHid12m:2026-09-20
2026-07-22,mazar,caudal_m3s,61,ords:repDiaHid12m,,2026-09-22T01:12:47Z,celec_ords/2026/09/repDiaHid12m.ndjson.gz#repDiaHid12m:2026-09-20
2026-07-22,mazar,cota_masl,2153.03,ords:repDiaHid12m,,2026-09-22T01:12:47Z,celec_ords/2026/09/repDiaHid12m.ndjson.gz#repDiaHid12m:2026-09-20
2026-07-22,minas_san_francisco,caudal_m3s,19,ords:repDiaHid12m,,2026-09-22T01:12:47Z,celec_ords/2026/09/repDiaHid12m.ndjson.gz#repDiaHid12m:2026-09-20
2026-07-22,minas_san_francisco,cota_masl,788.22,ords:repDiaHid12m,,2026-09-22T01:12:47Z,celec_ords/2026/09/repDiaHid12m.ndjson.gz#repDiaHid12m:2026-09-20
2026-07-23,amaluza,caudal_m3s,211,ords:repDiaHid12m,,2026-09-22T01:12:47Z,celec_ords/2026/09/repDiaHid12m.ndjson.gz#repDiaHid12m:2026-09-20
2026-07-23,amaluza,cota_masl,1985.92,ords:repDiaHid12m,,2026-09-22T01:12:47Z,celec_ords/2026/09/repDiaHid12m.ndjson.gz#repDiaHid12m:2026-09-20
2026-07-23,delsitanisagua,caudal_m3s,39,ords:repDiaHid12m,,2026-09-22T01:12:47Z,celec_ords/2026/09/repDiaHid12m.ndjson.gz#repDiaHid12m:2026-09-20
2026-07-23,delsitanisagua,cota_masl,1490.88,ords:repDiaHid12m,,2026-09-22T01:12:47Z,celec_ords/2026/09/repDiaHid12m.ndjson.gz#repDiaHid12m:2026-09-20
2026-07-23,mazar,caudal_m3s,139,ords:repDiaHid12m,,2026-09-22T01:12:47Z,celec_ords/2026/09/repDiaHid12m.ndjson.gz#repDiaHid12m:2026-09-20
2026-07-23,mazar,cota_masl,2153.56,ords:repDiaHid12m,,2026-09-22T01:12:47Z,celec_ords/2026/09/repDiaHid12m.ndjson.gz#repDiaHid12m:2026-09-20
2026-07-23,minas_san_francisco,caudal_m3s,11,ords:repDiaHid12m,,2026-09-22T01:12:47Z,celec_ords/2026/09/repDiaHid12m.ndjson.gz#repDiaHid12m:2026-09-20
2026-07-23,minas_san_francisco,cota_masl,788.31,ords:repDiaHid12m,,2026-09-22T01:12:47Z,celec_ords/2026/09/repDiaHid12m.ndjson.gz#repDiaHid12m:2026-09-20
2026-07-24,amaluza,caudal_m3s,192,ords:repDiaHid12m,,2026-09-22T01:12:47Z,celec_ords/2026/09/repDiaHid12m.ndjson.gz#repDiaHid12m:2026-09-20
2026-07-24,amaluza,cota_masl,1987.83,ords:repDiaHid12m,,2026-09-22T01:12:47Z,celec_ords/2026/09/repDiaHid12m.ndjson.gz#repDiaHid12m:2026-09-20
2026-07-24,delsitanisagua,caudal_m3s,65,ords:repDiaHid12m,,2026-09-22T01:12:47Z,celec_ords/2026/09/repDiaHid12m.ndjson.gz#repDiaHid12m:2026-09-20
2026-07-24,delsitanisagua,cota_masl,1490.7,ords:repDiaHid12m,,2026-09-22T01:12:47Z,celec_ords/2026/09/repDiaHid12m.ndjson.gz#repDiaHid12m:2026-09-20
2026-07-24,mazar,caudal_m3s,142,ords:repDiaHid12m,,2026-09-22T01:12:47Z,celec_ords/2026/09/repDiaHid12m.ndjson.gz#repDiaHid12m:2026-09-20
2026-07-24,mazar,cota_masl,2153.83,ords:repDiaHid12m,,2026-09-22T01:12:47Z,celec_ords/2026/09/repDiaHid12m.ndjson.gz#repDiaHid12m:2026-09-20
2026-07-24,minas_san_francisco,caudal_m3s,76,ords:repDiaHid12m,,2026-09-22T01:12:47Z,celec_ords/2026/09/repDiaHid12m.ndjson.gz#repDiaHid12m:2026-09-20
2026-07-24,minas_san_francisco,cota_masl,791.74,ords:repDiaHid12m,,2026-09-22T01:12:47Z,celec_ords/2026/09/repDiaHid12m.ndjson.gz#repDiaHid12m:2026-09-20
2026-07-25,amaluza,caudal_m3s,169,ords:repDiaHid12m,,2026-09-22T01:12:47Z,celec_ords/2026/09/repDiaHid12m.ndjson.gz#repDiaHid12m:2026-09-20
2026-07-25,amaluza,cota_masl,1988.72,ords:repDiaHid12m,,2026-09-22T01:12:47Z,celec_ords/2026/09/repDiaHid12m.ndjson.gz#repDiaHid12m:2026-09-20
2026-07-25,delsitanisagua,caudal_m3s,52,ords:repDiaHid12m,,2026-09-22T01:12:47Z,celec_ords/2026/09/repDiaHid12m.ndjson.gz#repDiaHid12m:2026-09-20
2026-07-25,delsitanisagua,cota_masl,1490.91,ords:repDiaHid12m,,2026-09-22T01:12:47Z,celec_ords/2026/09/repDiaHid12m.ndjson.gz#repDiaHid12m:2026-09-20
2026-07-25,mazar,caudal_m3s,86,ords:repDiaHid12m,,2026-09-22T01:12:47Z,celec_ords/2026/09/repDiaHid12m.ndjson.gz#repDiaHid12m:2026-09-20
2026-07-25,mazar,cota_masl,2153.53,ords:repDiaHid12m,,2026-09-22T01:12:47Z,celec_ords/2026/09/repDiaHid12m.ndjson.gz#repDiaHid12m:2026-09-20
2026-07-25,minas_san_francisco,caudal_m3s,29,ords:repDiaHid12m,,2026-09-22T01:12:47Z,celec_ords/2026/09/repDiaHid12m.ndjson.gz#repDiaHid12m:2026-09-20
2026-07-25,minas_san_francisco,cota_masl,789.98,ords:repDiaHid12m,,2026-09-22T01:12:47Z,celec_ords/2026/09/repDiaHid12m.ndjson.gz#repDiaHid12m:2026-09-20
2026-07-26,amaluza,caudal_m3s,136,ords:repDiaHid12m,,2026-09-22T01:12:47Z,celec_ords/2026/09/repDiaHid12m.ndjson.gz#repDiaHid12m:2026-09-20
2026-07-26,amaluza,cota_masl,1988.64,ords:repDiaHid12m,,2026-09-22T01:12:47Z,celec_ords/2026/09/repDiaHid12m.ndjson.gz#repDiaHid12m:2026-09-20
2026-07-26,delsitanisagua,caudal_m3s,43,ords:repDiaHid12m,,2026-09-22T01:12:47Z,celec_ords/2026/09/repDiaHid12m.ndjson.gz#repDiaHid12m:2026-09-20
2026-07-26,delsitanisagua,cota_masl,1490.83,ords:repDiaHid12m,,2026-09-22T01:12:47Z,celec_ords/2026/09/repDiaHid12m.ndjson.gz#repDiaHid12m:2026-09-20
2026-07-26,mazar,caudal_m3s,60,ords:repDiaHid12m,,2026-09-22T01:12:47Z,celec_ords/2026/09/repDiaHid12m.ndjson.gz#repDiaHid12m:2026-09-20
2026-07-26,mazar,cota_masl,2153.32,ords:repDiaHid12m,,2026-09-22T01:12:47Z,celec_ords/2026/09/repDiaHid12m.ndjson.gz#repDiaHid12m:2026-09-20
2026-07-26,minas_san_francisco,caudal_m3s,23,ords:repDiaHid12m,,2026-09-22T01:12:47Z,celec_ords/2026/09/repDiaHid12m.ndjson.gz#repDiaHid12m:2026-09-20
2026-07-26,minas_san_francisco,cota_masl,790.89,ords:repDiaHid12m,,2026-09-22T01:12:47Z,celec_ords/2026/09/repDiaHid12m.ndjson.gz#repDiaHid12m:2026-09-20
2026-07-27,amaluza,caudal_m3s,159,ords:repDiaHid12m,,2026-09-22T01:12:47Z,celec_ords/2026/09/repDiaHid12m.ndjson.gz#repDiaHid12m:2026-09-20
2026-07-27,amaluza,cota_masl,1988.73,ords:repDiaHid12m,,2026-09-22T01:12:47Z,celec_ords/2026/09/repDiaHid12m.ndjson.gz#repDiaHid12m:2026-09-20
2026-07-27,delsitanisagua,caudal_m3s,57,ords:repDiaHid12m,,2026-09-22T01:12:47Z,celec_ords/2026/09/repDiaHid12m.ndjson.gz#repDiaHid12m:2026-09-20
2026-07-27,delsitanisagua,cota_masl,1490.81,ords:repDiaHid12m,,2026-09-22T01:12:47Z,celec_ords/2026/09/repDiaHid12m.ndjson.gz#repDiaHid12m:2026-09-20
2026-07-27,mazar,caudal_m3s,46,ords:repDiaHid12m,,2026-09-22T01:12:47Z,celec_ords/2026/09/repDiaHid12m.ndjson.gz#repDiaHid12m:2026-09-20
2026-07-27,mazar,cota_masl,2152.75,ords:repDiaHid12m,,2026-09-22T01:12:47Z,celec_ords/2026/09/repDiaHid12m.ndjson.gz#repDiaHid12m:2026-09-20
2026-07-27,minas_san_francisco,caudal_m3s,19,ords:repDiaHid12m,,2026-09-22T01:12:47Z,celec_ords/2026/09/repDiaHid12m.ndjson.gz#repDiaHid12m:2026-09-20
2026-07-27,minas_san_francisco,cota_masl,790.28,ords:repDiaHid12m,,2026-09-22T01:12:47Z,celec_ords/2026/09/repDiaHid12m.ndjson.gz#repDiaHid12m:2026-09-20
2026-07-28,amaluza,caudal_m3s,130,ords:repDiaHid12m,,2026-09-22T01:12:47Z,celec_ords/2026/09/repDiaHid12m.ndjson.gz#repDiaHid12m:2026-09-20
2026-07-28,amaluza,cota_masl,1987.01,ords:repDiaHid12m,,2026-09-22T01:12:47Z,celec_ords/2026/09/repDiaHid12m.ndjson.gz#repDiaHid12m:2026-09-20
2026-07-28,delsitanisagua,caudal_m3s,43,ords:repDiaHid12m,,2026-09-22T01:12:47Z,celec_ords/2026/09/repDiaHid12m.ndjson.gz#repDiaHid12m:2026-09-20
2026-07-28,delsitanisagua,cota_masl,1490.82,ords:repDiaHid12m,,2026-09-22T01:12:47Z,celec_ords/2026/09/repDiaHid12m.ndjson.gz#repDiaHid12m:2026-09-20
2026-07-28,mazar,caudal_m3s,65,ords:repDiaHid12m,,2026-09-22T01:12:47Z,celec_ords/2026/09/repDiaHid12m.ndjson.gz#repDiaHid12m:2026-09-20
2026-07-28,mazar,cota_masl,2152.8,ords:repDiaHid12m,,2026-09-22T01:12:47Z,celec_ords/2026/09/repDiaHid12m.ndjson.gz#repDiaHid12m:2026-09-20
2026-07-28,minas_san_francisco,caudal_m3s,17,ords:repDiaHid12m,,2026-09-22T01:12:47Z,celec_ords/2026/09/repDiaHid12m.ndjson.gz#repDiaHid12m:2026-09-20
2026-07-28,minas_san_francisco,cota_masl,790.55,ords:repDiaHid12m,,2026-09-22T01:12:47Z,celec_ords/2026/09/repDiaHid12m.ndjson.gz#repDiaHid12m:2026-09-20
2026-07-29,amaluza,caudal_m3s,106,ords:repDiaHid12m,,2026-09-22T01:12:47Z,celec_ords/2026/09/repDiaHid12m.ndjson.gz#repDiaHid12m:2026-09-20
2026-07-29,amaluza,cota_masl,1986.11,ords:repDiaHid12m,,2026-09-22T01:12:47Z,celec_ords/2026/09/repDiaHid12m.ndjson.gz#repDiaHid12m:2026-09-20
2026-07-29,delsitanisagua,caudal_m3s,39,ords:repDiaHid12m,,2026-09-22T01:12:47Z,celec_ords/2026/09/repDiaHid12m.ndjson.gz#repDiaHid12m:2026-09-20
2026-07-29,delsitanisagua,cota_masl,1490.86,ords:repDiaHid12m,,2026-09-22T01:12:47Z,celec_ords/2026/09/repDiaHid12m.ndjson.gz#repDiaHid12m:2026-09-20
2026-07-29,mazar,caudal_m3s,52,ords:repDiaHid12m,,2026-09-22T01:12:47Z,celec_ords/2026/09/repDiaHid12m.ndjson.gz#repDiaHid12m:2026-09-20
2026-07-29,mazar,cota_masl,2152.62,ords:repDiaHid12m,,2026-09-22T01:12:47Z,celec_ords/2026/09/repDiaHid12m.ndjson.gz#repDiaHid12m:2026-09-20
2026-07-29,minas_san_francisco,caudal_m3s,18,ords:repDiaHid12m,,2026-09-22T01:12:47Z,celec_ords/2026/09/repDiaHid12m.ndjson.gz#repDiaHid12m:2026-09-20
2026-07-29,minas_san_francisco,cota_masl,790.79,ords:repDiaHid12m,,2026-09-22T01:12:47Z,celec_ords/2026/09/repDiaHid12m.ndjson.gz#repDiaHid12m:2026-09-20
2026-07-30,amaluza,caudal_m3s,180,ords:repDiaHid12m,,2026-09-22T01:12:47Z,celec_ords/2026/09/repDiaHid12m.ndjson.gz#repDiaHid12m:2026-09-20
2026-07-30,amaluza,cota_masl,1985.84,ords:repDiaHid12m,,2026-09-22T01:12:47Z,celec_ords/2026/09/repDiaHid12m.ndjson.gz#repDiaHid12m:2026-09-20
2026-07-30,delsitanisagua,caudal_m3s,44,ords:repDiaHid12m,,2026-09-22T01:12:47Z,celec_ords/2026/09/repDiaHid12m.ndjson.gz#repDiaHid12m:2026-09-20
2026-07-30,delsitanisagua,cota_masl,1490.96,ords:repDiaHid12m,,2026-09-22T01:12:47Z,celec_ords/2026/09/repDiaHid12m.ndjson.gz#repDiaHid12m:2026-09-20
2026-07-30,mazar,caudal_m3s,94,ords:repDiaHid12m,,2026-09-22T01:12:47Z,celec_ords/2026/09/repDiaHid12m.ndjson.gz#repDiaHid12m:2026-09-20
2026-07-30,mazar,cota_masl,2152.59,ords:repDiaHid12m,,2026-09-22T01:12:47Z,celec_ords/2026/09/repDiaHid12m.ndjson.gz#repDiaHid12m:2026-09-20
2026-07-30,minas_san_francisco,caudal_m3s,15,ords:repDiaHid12m,,2026-09-22T01:12:47Z,celec_ords/2026/09/repDiaHid12m.ndjson.gz#repDiaHid12m:2026-09-20
2026-07-30,minas_san_francisco,cota_masl,790.78,ords:repDiaHid12m,,2026-09-22T01:12:47Z,celec_ords/2026/09/repDiaHid12m.ndjson.gz#repDiaHid12m:2026-09-20
2026-07-31,amaluza,caudal_m3s,169,ords:repDiaHid12m,,2026-09-22T01:12:47Z,celec_ords/2026/09/repDiaHid12m.ndjson.gz#repDiaHid12m:2026-09-20
2026-07-31,amaluza,cota_masl,1986.02,ords:repDiaHid12m,,2026-09-22T01:12:47Z,celec_ords/2026/09/repDiaHid12m.ndjson.gz#repDiaHid12m:2026-09-20
2026-07-31,delsitanisagua,caudal_m3s,38,ords:repDiaHid12m,,2026-09-22T01:12:47Z,celec_ords/2026/09/repDiaHid12m.ndjson.gz#repDiaHid12m:2026-09-20
2026-07-31,delsitanisagua,cota_masl,1490.94,ords:repDiaHid12m,,2026-09-22T01:12:47Z,celec_ords/2026/09/repDiaHid12m.ndjson.gz#repDiaHid12m:2026-09-20
2026-07-31,mazar,caudal_m3s,74,ords:repDiaHid12m,,2026-09-22T01:12:47Z,celec_ords/2026/09/repDiaHid12m.ndjson.gz#repDiaHid12m:2026-09-20
2026-07-31,mazar,cota_masl,2152.67,ords:repDiaHid12m,,2026-09-22T01:12:47Z,celec_ords/2026/09/repDiaHid12m.ndjson.gz#repDiaHid12m:2026-09-20
2026-07-31,minas_san_francisco,caudal_m3s,24,ords:repDiaHid12m,,2026-09-22T01:12:47Z,celec_ords/2026/09/repDiaHid12m.ndjson.gz#repDiaHid12m:2026-09-20
2026-07-31,minas_san_francisco,cota_masl,790.9,ords:repDiaHid12m,,2026-09-22T01:12:47Z,celec_ords/2026/09/repDiaHid12m.ndjson.gz#repDiaHid12m:2026-09-20
2026-08-01,amaluza,caudal_m3s,80,ords:repDiaHid12m,,2026-09-22T01:12:47Z,celec_ords/2026/09/repDiaHid12m.ndjson.gz#repDiaHid12m:2026-09-20
2026-08-01,amaluza,cota_masl,1985.48,ords:repDiaHid12m,,2026-09-22T01:12:47Z,celec_ords/2026/09/repDiaHid12m.ndjson.gz#repDiaHid12m:2026-09-20
2026-08-01,delsitanisagua,caudal_m3s,35,ords:repDiaHid12m,,2026-09-22T01:12:47Z,celec_ords/2026/09/repDiaHid12m.ndjson.gz#repDiaHid12m:2026-09-20
2026-08-01,delsitanisagua,cota_masl,1490.85,ords:repDiaHid12m,,2026-09-22T01:12:47Z,celec_ords/2026/09/repDiaHid12m.ndjson.gz#repDiaHid12m:2026-09-20
2026-08-01,mazar,caudal_m3s,47,ords:repDiaHid12m,,2026-09-22T01:12:47Z,celec_ords/2026/09/repDiaHid12m.ndjson.gz#repDiaHid12m:2026-09-20
2026-08-01,mazar,cota_masl,2152.68,ords:repDiaHid12m,,2026-09-22T01:12:47Z,celec_ords/2026/09/repDiaHid12m.ndjson.gz#repDiaHid12m:2026-09-20
2026-08-01,minas_san_francisco,caudal_m3s,19,ords:repDiaHid12m,,2026-09-22T01:12:47Z,celec_ords/2026/09/repDiaHid12m.ndjson.gz#repDiaHid12m:2026-09-20
2026-08-01,minas_san_francisco,cota_masl,791.77,ords:repDiaHid12m,,2026-09-22T01:12:47Z,celec_ords/2026/09/repDiaHid12m.ndjson.gz#repDiaHid12m:2026-09-20
2026-08-02,amaluza,caudal_m3s,100,ords:repDiaHid12m,,2026-09-22T01:12:47Z,celec_ords/2026/09/repDiaHid12m.ndjson.gz#repDiaHid12m:2026-09-20
2026-08-02,amaluza,cota_masl,1985.94,ords:repDiaHid12m,,2026-09-22T01:12:47Z,celec_ords/2026/09/repDiaHid12m.ndjson.gz#repDiaHid12m:2026-09-20
2026-08-02,delsitanisagua,caudal_m3s,41,ords:repDiaHid12m,,2026-09-22T01:12:47Z,celec_ords/2026/09/repDiaHid12m.ndjson.gz#repDiaHid12m:2026-09-20
2026-08-02,delsitanisagua,cota_masl,1490.9,ords:repDiaHid12m,,2026-09-22T01:12:47Z,celec_ords/2026/09/repDiaHid12m.ndjson.gz#repDiaHid12m:2026-09-20
2026-08-02,mazar,caudal_m3s,60,ords:repDiaHid12m,,2026-09-22T01:12:47Z,celec_ords/2026/09/repDiaHid12m.ndjson.gz#repDiaHid12m:2026-09-20
2026-08-02,mazar,cota_masl,2152.72,ords:repDiaHid12m,,2026-09-22T01:12:47Z,celec_ords/2026/09/repDiaHid12m.ndjson.gz#repDiaHid12m:2026-09-20
2026-08-02,minas_san_francisco,caudal_m3s,15,ords:repDiaHid12m,,2026-09-22T01:12:47Z,celec_ords/2026/09/repDiaHid12m.ndjson.gz#repDiaHid12m:2026-09-20
2026-08-02,minas_san_francisco,cota_masl,791.81,ords:repDiaHid12m,,2026-09-22T01:12:47Z,celec_ords/2026/09/repDiaHid12m.ndjson.gz#repDiaHid12m:2026-09-20
2026-08-03,amaluza,caudal_m3s,148,ords:repDiaHid12m,,2026-09-22T01:12:47Z,celec_ords/2026/09/repDiaHid12m.ndjson.gz#repDiaHid12m:2026-09-20
2026-08-03,amaluza,cota_masl,1986.04,ords:repDiaHid12m,,2026-09-22T01:12:47Z,celec_ords/2026/09/repDiaHid12m.ndjson.gz#repDiaHid12m:2026-09-20
2026-08-03,delsitanisagua,caudal_m3s,37,ords:repDiaHid12m,,2026-09-22T01:12:47Z,celec_ords/2026/09/repDiaHid12m.ndjson.gz#repDiaHid12m:2026-09-20
2026-08-03,delsitanisagua,cota_masl,1490.9,ords:repDiaHid12m,,2026-09-22T01:12:47Z,celec_ords/2026/09/repDiaHid12m.ndjson.gz#repDiaHid12m:2026-09-20
2026-08-03,mazar,caudal_m3s,54,ords:repDiaHid12m,,2026-09-22T01:12:47Z,celec_ords/2026/09/repDiaHid12m.ndjson.gz#repDiaHid12m:2026-09-20
2026-08-03,mazar,cota_masl,2152.59,ords:repDiaHid12m,,2026-09-22T01:12:47Z,celec_ords/2026/09/repDiaHid12m.ndjson.gz#repDiaHid12m:2026-09-20
2026-08-03,minas_san_francisco,caudal_m3s,21,ords:repDiaHid12m,,2026-09-22T01:12:47Z,celec_ords/2026/09/repDiaHid12m.ndjson.gz#repDiaHid12m:2026-09-20
2026-08-03,minas_san_francisco,cota_masl,792.03,ords:repDiaHid12m,,2026-09-22T01:12:47Z,celec_ords/2026/09/repDiaHid12m.ndjson.gz#repDiaHid12m:2026-09-20
2026-08-04,amaluza,caudal_m3s,134,ords:repDiaHid12m,,2026-09-22T01:12:47Z,celec_ords/2026/09/repDiaHid12m.ndjson.gz#repDiaHid12m:2026-09-20
2026-08-04,amaluza,cota_masl,1985.93,ords:repDiaHid12m,,2026-09-22T01:12:47Z,celec_ords/2026/09/repDiaHid12m.ndjson.gz#repDiaHid12m:2026-09-20
2026-08-04,delsitanisagua,caudal_m3s,34,ords:repDiaHid12m,,2026-09-22T01:12:47Z,celec_ords/2026/09/repDiaHid12m.ndjson.gz#repDiaHid12m:2026-09-20
2026-08-04,delsitanisagua,cota_masl,1490.88,ords:repDiaHid12m,,2026-09-22T01:12:47Z,celec_ords/2026/09/repDiaHid12m.ndjson.gz#repDiaHid12m:2026-09-20
2026-08-04,mazar,caudal_m3s,51,ords:repDiaHid12m,,2026-09-22T01:12:47Z,celec_ords/2026/09/repDiaHid12m.ndjson.gz#repDiaHid12m:2026-09-20
2026-08-04,mazar,cota_masl,2152.39,ords:repDiaHid12m,,2026-09-22T01:12:47Z,celec_ords/2026/09/repDiaHid12m.ndjson.gz#repDiaHid12m:2026-09-20
2026-08-04,minas_san_francisco,caudal_m3s,18,ords:repDiaHid12m,,2026-09-22T01:12:47Z,celec_ords/2026/09/repDiaHid12m.ndjson.gz#repDiaHid12m:2026-09-20
2026-08-04,minas_san_francisco,cota_masl,791.22,ords:repDiaHid12m,,2026-09-22T01:12:47Z,celec_ords/2026/09/repDiaHid12m.ndjson.gz#repDiaHid12m:2026-09-20
2026-08-05,amaluza,caudal_m3s,131,ords:repDiaHid12m,,2026-09-22T01:12:47Z,celec_ords/2026/09/repDiaHid12m.ndjson.gz#repDiaHid12m:2026-09-20
2026-08-05,amaluza,cota_masl,1986.04,ords:repDiaHid12m,,2026-09-22T01:12:47Z,celec_ords/2026/09/repDiaHid12m.ndjson.gz#repDiaHid12m:2026-09-20
2026-08-05,delsitanisagua,caudal_m3s,34,ords:repDiaHid12m,,2026-09-22T01:12:47Z,celec_ords/2026/09/repDiaHid12m.ndjson.gz#repDiaHid12m:2026-09-20
2026-08-05,delsitanisagua,cota_masl,1490.81,ords:repDiaHid12m,,2026-09-22T01:12:47Z,celec_ords/2026/09/repDiaHid12m.ndjson.gz#repDiaHid12m:2026-09-20
2026-08-05,mazar,caudal_m3s,65,ords:repDiaHid12m,,2026-09-22T01:12:47Z,celec_ords/2026/09/repDiaHid12m.ndjson.gz#repDiaHid12m:2026-09-20
2026-08-05,mazar,cota_masl,2152.28,ords:repDiaHid12m,,2026-09-22T01:12:47Z,celec_ords/2026/09/repDiaHid12m.ndjson.gz#repDiaHid12m:2026-09-20
2026-08-05,minas_san_francisco,caudal_m3s,13,ords:repDiaHid12m,,2026-09-22T01:12:47Z,celec_ords/2026/09/repDiaHid12m.ndjson.gz#repDiaHid12m:2026-09-20
2026-08-05,minas_san_francisco,cota_masl,791.07,ords:repDiaHid12m,,2026-09-22T01:12:47Z,celec_ords/2026/09/repDiaHid12m.ndjson.gz#repDiaHid12m:2026-09-20
2026-08-06,amaluza,caudal_m3s,123,ords:repDiaHid12m,,2026-09-22T01:12:47Z,celec_ords/2026/09/repDiaHid12m.ndjson.gz#repDiaHid12m:2026-09-20
2026-08-06,amaluza,cota_masl,1985.24,ords:repDiaHid12m,,2026-09-22T01:12:47Z,celec_ords/2026/09/repDiaHid12m.ndjson.gz#repDiaHid12m:2026-09-20
2026-08-06,delsitanisagua,caudal_m3s,36,ords:repDiaHid12m,,2026-09-22T01:12:47Z,celec_ords/2026/09/repDiaHid12m.ndjson.gz#repDiaHid12m:2026-09-20
2026-08-06,delsitanisagua,cota_masl,1490.78,ords:repDiaHid12m,,2026-09-22T01:12:47Z,celec_ords/2026/09/repDiaHid12m.ndjson.gz#repDiaHid12m:2026-09-20
2026-08-06,mazar,caudal_m3s,55,ords:repDiaHid12m,,2026-09-22T01:12:47Z,celec_ords/2026/09/repDiaHid12m.ndjson.gz#repDiaHid12m:2026-09-20
2026-08-06,mazar,cota_masl,2152.16,ords:repDiaHid12m,,2026-09-22T01:12:47Z,celec_ords/2026/09/repDiaHid12m.ndjson.gz#repDiaHid12m:2026-09-20
2026-08-06,minas_san_francisco,caudal_m3s,14,ords:repDiaHid12m,,2026-09-22T01:12:47Z,celec_ords/2026/09/repDiaHid12m.ndjson.gz#repDiaHid12m:2026-09-20
2026-08-06,minas_san_francisco,cota_masl,790.69,ords:repDiaHid12m,,2026-09-22T01:12:47Z,celec_ords/2026/09/repDiaHid12m.ndjson.gz#repDiaHid12m:2026-09-20
2026-08-07,amaluza,caudal_m3s,151,ords:repDiaHid12m,,2026-09-22T01:12:47Z,celec_ords/2026/09/repDiaHid12m.ndjson.gz#repDiaHid12m:2026-09-20
2026-08-07,amaluza,cota_masl,1984.31,ords:repDiaHid12m,,2026-09-22T01:12:47Z,celec_ords/2026/09/repDiaHid12m.ndjson.gz#repDiaHid12m:2026-09-20
2026-08-07,delsitanisagua,caudal_m3s,32,ords:repDiaHid12m,,2026-09-22T01:12:47Z,celec_ords/2026/09/repDiaHid12m.ndjson.gz#repDiaHid12m:2026-09-20
2026-08-07,delsitanisagua,cota_masl,1490,ords:repDiaHid12m,,2026-09-22T01:12:47Z,celec_ords/2026/09/repDiaHid12m.ndjson.gz#repDiaHid12m:2026-09-20
2026-08-07,mazar,caudal_m3s,43,ords:repDiaHid12m,,2026-09-22T01:12:47Z,celec_ords/2026/09/repDiaHid12m.ndjson.gz#repDiaHid12m:2026-09-20
2026-08-07,mazar,cota_masl,2151.62,ords:repDiaHid12m,,2026-09-22T01:12:47Z,celec_ords/2026/09/repDiaHid12m.ndjson.gz#repDiaHid12m:2026-09-20
2026-08-07,minas_san_francisco,caudal_m3s,10,ords:repDiaHid12m,,2026-09-22T01:12:47Z,celec_ords/2026/09/repDiaHid12m.ndjson.gz#repDiaHid12m:2026-09-20
2026-08-07,minas_san_francisco,cota_masl,789.21,ords:repDiaHid12m,,2026-09-22T01:12:47Z,celec_ords/2026/09/repDiaHid12m.ndjson.gz#repDiaHid12m:2026-09-20
2026-08-08,amaluza,caudal_m3s,157,ords:repDiaHid12m,,2026-09-22T01:12:47Z,celec_ords/2026/09/repDiaHid12m.ndjson.gz#repDiaHid12m:2026-09-20
2026-08-08,amaluza,cota_masl,1984.6,ords:repDiaHid12m,,2026-09-22T01:12:47Z,celec_ords/2026/09/repDiaHid12m.ndjson.gz#repDiaHid12m:2026-09-20
2026-08-08,delsitanisagua,caudal_m3s,33,ords:repDiaHid12m,,2026-09-22T01:12:47Z,celec_ords/2026/09/repDiaHid12m.ndjson.gz#repDiaHid12m:2026-09-20
2026-08-08,delsitanisagua,cota_masl,1490.71,ords:repDiaHid12m,,2026-09-22T01:12:47Z,celec_ords/2026/09/repDiaHid12m.ndjson.gz#repDiaHid12m:2026-09-20
2026-08-08,mazar,caudal_m3s,50,ords:repDiaHid12m,,2026-09-22T01:12:47Z,celec_ords/2026/09/repDiaHid12m.ndjson.gz#repDiaHid12m:2026-09-20
2026-08-08,mazar,cota_masl,2150.89,ords:repDiaHid12m,,2026-09-22T01:12:47Z,celec_ords/2026/09/repDiaHid12m.ndjson.gz#repDiaHid12m:2026-09-20
2026-08-08,minas_san_francisco,caudal_m3s,10,ords:repDiaHid12m,,2026-09-22T01:12:47Z,celec_ords/2026/09/repDiaHid12m.ndjson.gz#repDiaHid12m:2026-09-20
2026-08-08,minas_san_francisco,cota_masl,788.68,ords:repDiaHid12m,,2026-09-22T01:12:47Z,celec_ords/2026/09/repDiaHid12m.ndjson.gz#repDiaHid12m:2026-09-20
2026-08-09,amaluza,caudal_m3s,166,ords:repDiaHid12m,,2026-09-22T01:12:47Z,celec_ords/2026/09/repDiaHid12m.ndjson.gz#repDiaHid12m:2026-09-20
2026-08-09,amaluza,cota_masl,1984.48,ords:repDiaHid12m,,2026-09-22T01:12:47Z,celec_ords/2026/09/repDiaHid12m.ndjson.gz#repDiaHid12m:2026-09-20
2026-08-09,delsitanisagua,caudal_m3s,39,ords:repDiaHid12m,,2026-09-22T01:12:47Z,celec_ords/2026/09/repDiaHid12m.ndjson.gz#repDiaHid12m:2026-09-20
2026-08-09,delsitanisagua,cota_masl,1490.9,ords:repDiaHid12m,,2026-09-22T01:12:47Z,celec_ords/2026/09/repDiaHid12m.ndjson.gz#repDiaHid12m:2026-09-20
2026-08-09,mazar,caudal_m3s,38,ords:repDiaHid12m,,2026-09-22T01:12:47Z,celec_ords/2026/09/repDiaHid12m.ndjson.gz#repDiaHid12m:2026-09-20
2026-08-09,mazar,cota_masl,2150.56,ords:repDiaHid12m,,2026-09-22T01:12:47Z,celec_ords/2026/09/repDiaHid12m.ndjson.gz#repDiaHid12m:2026-09-20
2026-08-09,minas_san_francisco,caudal_m3s,12,ords:repDiaHid12m,,2026-09-22T01:12:47Z,celec_ords/2026/09/repDiaHid12m.ndjson.gz#repDiaHid12m:2026-09-20
2026-08-09,minas_san_francisco,cota_masl,789.08,ords:repDiaHid12m,,2026-09-22T01:12:47Z,celec_ords/2026/09/repDiaHid12m.ndjson.gz#repDiaHid12m:2026-09-20
2026-08-10,amaluza,caudal_m3s,164,ords:repDiaHid12m,,2026-09-22T01:12:47Z,celec_ords/2026/09/repDiaHid12m.ndjson.gz#repDiaHid12m:2026-09-20
2026-08-10,amaluza,cota_masl,1985.57,ords:repDiaHid12m,,2026-09-22T01:12:47Z,celec_ords/2026/09/repDiaHid12m.ndjson.gz#repDiaHid12m:2026-09-20
2026-08-10,delsitanisagua,caudal_m3s,50,ords:repDiaHid12m,,2026-09-22T01:12:47Z,celec_ords/2026/09/repDiaHid12m.ndjson.gz#repDiaHid12m:2026-09-20
2026-08-10,delsitanisagua,cota_masl,1490.77,ords:repDiaHid12m,,2026-09-22T01:12:47Z,celec_ords/2026/09/repDiaHid12m.ndjson.gz#repDiaHid12m:2026-09-20
2026-08-10,mazar,caudal_m3s,69,ords:repDiaHid12m,,2026-09-22T01:12:47Z,celec_ords/2026/09/repDiaHid12m.ndjson.gz#repDiaHid12m:2026-09-20
2026-08-10,mazar,cota_masl,2150.17,ords:repDiaHid12m,,2026-09-22T01:12:47Z,celec_ords/2026/09/repDiaHid12m.ndjson.gz#repDiaHid12m:2026-09-20
2026-08-10,minas_san_francisco,caudal_m3s,19,ords:repDiaHid12m,,2026-09-22T01:12:47Z,celec_ords/2026/09/repDiaHid12m.ndjson.gz#repDiaHid12m:2026-09-20
2026-08-10,minas_san_francisco,cota_masl,789.62,ords:repDiaHid12m,,2026-09-22T01:12:47Z,celec_ords/2026/09/repDiaHid12m.ndjson.gz#repDiaHid12m:2026-09-20
2026-08-11,amaluza,caudal_m3s,190,ords:repDiaHid12m,,2026-09-22T01:12:47Z,celec_ords/2026/09/repDiaHid12m.ndjson.gz#repDiaHid12m:2026-09-20
2026-08-11,amaluza,cota_masl,1987.2,ords:repDiaHid12m,,2026-09-22T01:12:47Z,celec_ords/2026/09/repDiaHid12m.ndjson.gz#repDiaHid12m:2026-09-20
2026-08-11,delsitanisagua,caudal_m3s,84,ords:repDiaHid12m,,2026-09-22T01:12:47Z,celec_ords/2026/09/repDiaHid12m.ndjson.gz#repDiaHid12m:2026-09-20
2026-08-11,delsitanisagua,cota_masl,1490.76,ords:repDiaHid12m,,2026-09-22T01:12:47Z,celec_ords/2026/09/repDiaHid12m.ndjson.gz#repDiaHid12m:2026-09-20
2026-08-11,mazar,caudal_m3s,238,ords:repDiaHid12m,,2026-09-22T01:12:47Z,celec_ords/2026/09/repDiaHid12m.ndjson.gz#repDiaHid12m:2026-09-20
2026-08-11,mazar,cota_masl,2150.82,ords:repDiaHid12m,,2026-09-22T01:12:47Z,celec_ords/2026/09/repDiaHid12m.ndjson.gz#repDiaHid12m:2026-09-20
2026-08-11,minas_san_francisco,caudal_m3s,69,ords:repDiaHid12m,,2026-09-22T01:12:47Z,celec_ords/2026/09/repDiaHid12m.ndjson.gz#repDiaHid12m:2026-09-20
2026-08-11,minas_san_francisco,cota_masl,791.61,ords:repDiaHid12m,,2026-09-22T01:12:47Z,celec_ords/2026/09/repDiaHid12m.ndjson.gz#repDiaHid12m:2026-09-20
2026-08-12,amaluza,caudal_m3s,147,ords:repDiaHid12m,,2026-09-22T01:12:47Z,celec_ords/2026/09/repDiaHid12m.ndjson.gz#repDiaHid12m:2026-09-20
2026-08-12,amaluza,cota_masl,1988.1,ords:repDiaHid12m,,2026-09-22T01:12:47Z,celec_ords/2026/09/repDiaHid12m.ndjson.gz#repDiaHid12m:2026-09-20
2026-08-12,delsitanisagua,caudal_m3s,39,ords:repDiaHid12m,,2026-09-22T01:12:47Z,celec_ords/2026/09/repDiaHid12m.ndjson.gz#repDiaHid12m:2026-09-20
2026-08-12,delsitanisagua,cota_masl,1490.79,ords:repDiaHid12m,,2026-09-22T01:12:47Z,celec_ords/2026/09/repDiaHid12m.ndjson.gz#repDiaHid12m:2026-09-20
2026-08-12,mazar,caudal_m3s,69,ords:repDiaHid12m,,2026-09-22T01:12:47Z,celec_ords/2026/09/repDiaHid12m.ndjson.gz#repDiaHid12m:2026-09-20
2026-08-12,mazar,cota_masl,2151.3,ords:repDiaHid12m,,2026-09-22T01:12:47Z,celec_ords/2026/09/repDiaHid12m.ndjson.gz#repDiaHid12m:2026-09-20
2026-08-12,minas_san_francisco,caudal_m3s,31,ords:repDiaHid12m,,2026-09-22T01:12:47Z,celec_ords/2026/09/repDiaHid12m.ndjson.gz#repDiaHid12m:2026-09-20
2026-08-12,minas_san_francisco,cota_masl,791.15,ords:repDiaHid12m,,2026-09-22T01:12:47Z,celec_ords/2026/09/repDiaHid12m.ndjson.gz#repDiaHid12m:2026-09-20
2026-08-13,amaluza,caudal_m3s,167,ords:repDiaHid12m,,2026-09-22T01:12:47Z,celec_ords/2026/09/repDiaHid12m.ndjson.gz#repDiaHid12m:2026-09-20
2026-08-13,amaluza,cota_masl,1986.63,ords:repDiaHid12m,,2026-09-22T01:12:47Z,celec_ords/2026/09/repDiaHid12m.ndjson.gz#repDiaHid12m:2026-09-20
2026-08-13,delsitanisagua,caudal_m3s,35,ords:repDiaHid12m,,2026-09-22T01:12:47Z,celec_ords/2026/09/repDiaHid12m.ndjson.gz#repDiaHid12m:2026-09-20
2026-08-13,delsitanisagua,cota_masl,1490.9,ords:repDiaHid12m,,2026-09-22T01:12:47Z,celec_ords/2026/09/repDiaHid12m.ndjson.gz#repDiaHid12m:2026-09-20
2026-08-13,mazar,caudal_m3s,44,ords:repDiaHid12m,,2026-09-22T01:12:47Z,celec_ords/2026/09/repDiaHid12m.ndjson.gz#repDiaHid12m:2026-09-20
2026-08-13,mazar,cota_masl,2151.26,ords:repDiaHid12m,,2026-09-22T01:12:47Z,celec_ords/2026/09/repDiaHid12m.ndjson.gz#repDiaHid12m:2026-09-20
2026-08-13,minas_san_francisco,caudal_m3s,11,ords:repDiaHid12m,,2026-09-22T01:12:47Z,celec_ords/2026/09/repDiaHid12m.ndjson.gz#repDiaHid12m:2026-09-20
2026-08-13,minas_san_francisco,cota_masl,787.86,ords:repDiaHid12m,,2026-09-22T01:12:47Z,celec_ords/2026/09/repDiaHid12m.ndjson.gz#repDiaHid12m:2026-09-20
2026-08-14,amaluza,caudal_m3s,159,ords:repDiaHid12m,,2026-09-22T01:12:47Z,celec_ords/2026/09/repDiaHid12m.ndjson.gz#repDiaHid12m:2026-09-20
2026-08-14,amaluza,cota_masl,1984.83,ords:repDiaHid12m,,2026-09-22T01:12:47Z,celec_ords/2026/09/repDiaHid12m.ndjson.gz#repDiaHid12m:2026-09-20
2026-08-14,delsitanisagua,caudal_m3s,33,ords:repDiaHid12m,,2026-09-22T01:12:47Z,celec_ords/2026/09/repDiaHid12m.ndjson.gz#repDiaHid12m:2026-09-20
2026-08-14,delsitanisagua,cota_masl,1490.82,ords:repDiaHid12m,,2026-09-22T01:12:47Z,celec_ords/2026/09/repDiaHid12m.ndjson.gz#repDiaHid12m:2026-09-20
2026-08-14,mazar,caudal_m3s,45,ords:repDiaHid12m,,2026-09-22T01:12:47Z,celec_ords/2026/09/repDiaHid12m.ndjson.gz#repDiaHid12m:2026-09-20
2026-08-14,mazar,cota_masl,2150.78,ords:repDiaHid12m,,2026-09-22T01:12:47Z,celec_ords/2026/09/repDiaHid12m.ndjson.gz#repDiaHid12m:2026-09-20
2026-08-14,minas_san_francisco,caudal_m3s,15,ords:repDiaHid12m,,2026-09-22T01:12:47Z,celec_ords/2026/09/repDiaHid12m.ndjson.gz#repDiaHid12m:2026-09-20
2026-08-14,minas_san_francisco,cota_masl,786.53,ords:repDiaHid12m,,2026-09-22T01:12:47Z,celec_ords/2026/09/repDiaHid12m.ndjson.gz#repDiaHid12m:2026-09-20
2026-08-15,amaluza,caudal_m3s,190,ords:repDiaHid12m,,2026-09-22T01:12:47Z,celec_ords/2026/09/repDiaHid12m.ndjson.gz#repDiaHid12m:2026-09-20
2026-08-15,amaluza,cota_masl,1985.13,ords:repDiaHid12m,,2026-09-22T01:12:47Z,celec_ords/2026/09/repDiaHid12m.ndjson.gz#repDiaHid12m:2026-09-20
2026-08-15,delsitanisagua,caudal_m3s,56,ords:repDiaHid12m,,2026-09-22T01:12:47Z,celec_ords/2026/09/repDiaHid12m.ndjson.gz#repDiaHid12m:2026-09-20
2026-08-15,delsitanisagua,cota_masl,1490.8,ords:repDiaHid12m,,2026-09-22T01:12:47Z,celec_ords/2026/09/repDiaHid12m.ndjson.gz#repDiaHid12m:2026-09-20
2026-08-15,mazar,caudal_m3s,107,ords:repDiaHid12m,,2026-09-22T01:12:47Z,celec_ords/2026/09/repDiaHid12m.ndjson.gz#repDiaHid12m:2026-09-20
2026-08-15,mazar,cota_masl,2150.65,ords:repDiaHid12m,,2026-09-22T01:12:47Z,celec_ords/2026/09/repDiaHid12m.ndjson.gz#repDiaHid12m:2026-09-20
2026-08-15,minas_san_francisco,caudal_m3s,14,ords:repDiaHid12m,,2026-09-22T01:12:47Z,celec_ords/2026/09/repDiaHid12m.ndjson.gz#repDiaHid12m:2026-09-20
2026-08-15,minas_san_francisco,cota_masl,787.55,ords:repDiaHid12m,,2026-09-22T01:12:47Z,celec_ords/2026/09/repDiaHid12m.ndjson.gz#repDiaHid12m:2026-09-20
2026-08-16,amaluza,caudal_m3s,147,ords:repDiaHid12m,,2026-09-22T01:12:47Z,celec_ords/2026/09/repDiaHid12m.ndjson.gz#repDiaHid12m:2026-09-20
2026-08-16,amaluza,cota_masl,1985.85,ords:repDiaHid12m,,2026-09-22T01:12:47Z,celec_ords/2026/09/repDiaHid12m.ndjson.gz#repDiaHid12m:2026-09-20
2026-08-16,delsitanisagua,caudal_m3s,35,ords:repDiaHid12m,,2026-09-22T01:12:47Z,celec_ords/2026/09/repDiaHid12m.ndjson.gz#repDiaHid12m:2026-09-20
2026-08-16,delsitanisagua,cota_masl,1490.89,ords:repDiaHid12m,,2026-09-22T01:12:47Z,celec_ords/2026/09/repDiaHid12m.ndjson.gz#repDiaHid12m:2026-09-20
2026-08-16,mazar,caudal_m3s,62,ords:repDiaHid12m,,2026-09-22T01:12:47Z,celec_ords/2026/09/repDiaHid12m.ndjson.gz#repDiaHid12m:2026-09-20
2026-08-16,mazar,cota_masl,2150.83,ords:repDiaHid12m,,2026-09-22T01:12:47Z,celec_ords/2026/09/repDiaHid12m.ndjson.gz#repDiaHid12m:2026-09-20
2026-08-16,minas_san_francisco,caudal_m3s,23,ords:repDiaHid12m,,2026-09-22T01:12:47Z,celec_ords/2026/09/repDiaHid12m.ndjson.gz#repDiaHid12m:2026-09-20
2026-08-16,minas_san_francisco,cota_masl,790.34,ords:repDiaHid12m,,2026-09-22T01:12:47Z,celec_ords/2026/09/repDiaHid12m.ndjson.gz#repDiaHid12m:2026-09-20
2026-08-17,amaluza,caudal_m3s,139,ords:repDiaHid12m,,2026-09-22T01:12:47Z,celec_ords/2026/09/repDiaHid12m.ndjson.gz#repDiaHid12m:2026-09-20
2026-08-17,amaluza,cota_masl,1985.47,ords:repDiaHid12m,,2026-09-22T01:12:47Z,celec_ords/2026/09/repDiaHid12m.ndjson.gz#repDiaHid12m:2026-09-20
2026-08-17,delsitanisagua,caudal_m3s,32,ords:repDiaHid12m,,2026-09-22T01:12:47Z,celec_ords/2026/09/repDiaHid12m.ndjson.gz#repDiaHid12m:2026-09-20
2026-08-17,delsitanisagua,cota_masl,1490.25,ords:repDiaHid12m,,2026-09-22T01:12:47Z,celec_ords/2026/09/repDiaHid12m.ndjson.gz#repDiaHid12m:2026-09-20
2026-08-17,mazar,caudal_m3s,52,ords:repDiaHid12m,,2026-09-22T01:12:47Z,celec_ords/2026/09/repDiaHid12m.ndjson.gz#repDiaHid12m:2026-09-20
2026-08-17,mazar,cota_masl,2150.75,ords:repDiaHid12m,,2026-09-22T01:12:47Z,celec_ords/2026/09/repDiaHid12m.ndjson.gz#repDiaHid12m:2026-09-20
2026-08-17,minas_san_francisco,caudal_m3s,17,ords:repDiaHid12m,,2026-09-22T01:12:47Z,celec_ords/2026/09/repDiaHid12m.ndjson.gz#repDiaHid12m:2026-09-20
2026-08-17,minas_san_francisco,cota_masl,789.77,ords:repDiaHid12m,,2026-09-22T01:12:47Z,celec_ords/2026/09/repDiaHid12m.ndjson.gz#repDiaHid12m:2026-09-20
2026-08-18,amaluza,caudal_m3s,152,ords:repDiaHid12m,,2026-09-22T01:12:47Z,celec_ords/2026/09/repDiaHid12m.ndjson.gz#repDiaHid12m:2026-09-20
2026-08-18,amaluza,cota_masl,1984.87,ords:repDiaHid12m,,2026-09-22T01:12:47Z,celec_ords/2026/09/repDiaHid12m.ndjson.gz#repDiaHid12m:2026-09-20
2026-08-18,delsitanisagua,caudal_m3s,31,ords:repDiaHid12m,,2026-09-22T01:12:47Z,celec_ords/2026/09/repDiaHid12m.ndjson.gz#repDiaHid12m:2026-09-20
2026-08-18,delsitanisagua,cota_masl,1489.28,ords:repDiaHid12m,,2026-09-22T01:12:47Z,celec_ords/2026/09/repDiaHid12m.ndjson.gz#repDiaHid12m:2026-09-20
2026-08-18,mazar,caudal_m3s,45,ords:repDiaHid12m,,2026-09-22T01:12:47Z,celec_ords/2026/09/repDiaHid12m.ndjson.gz#repDiaHid12m:2026-09-20
2026-08-18,mazar,cota_masl,2150.34,ords:repDiaHid12m,,2026-09-22T01:12:47Z,celec_ords/2026/09/repDiaHid12m.ndjson.gz#repDiaHid12m:2026-09-20
2026-08-18,minas_san_francisco,caudal_m3s,8,ords:repDiaHid12m,,2026-09-22T01:12:47Z,celec_ords/2026/09/repDiaHid12m.ndjson.gz#repDiaHid12m:2026-09-20
2026-08-18,minas_san_francisco,cota_masl,787.6,ords:repDiaHid12m,,2026-09-22T01:12:47Z,celec_ords/2026/09/repDiaHid12m.ndjson.gz#repDiaHid12m:2026-09-20
2026-08-19,amaluza,caudal_m3s,163,ords:repDiaHid12m,,2026-09-22T01:12:47Z,celec_ords/2026/09/repDiaHid12m.ndjson.gz#repDiaHid12m:2026-09-20
2026-08-19,amaluza,cota_masl,1984.94,ords:repDiaHid12m,,2026-09-22T01:12:47Z,celec_ords/2026/09/repDiaHid12m.ndjson.gz#repDiaHid12m:2026-09-20
2026-08-19,delsitanisagua,caudal_m3s,40,ords:repDiaHid12m,,2026-09-22T01:12:47Z,celec_ords/2026/09/repDiaHid12m.ndjson.gz#repDiaHid12m:2026-09-20
2026-08-19,delsitanisagua,cota_masl,1490.82,ords:repDiaHid12m,,2026-09-22T01:12:47Z,celec_ords/2026/09/repDiaHid12m.ndjson.gz#repDiaHid12m:2026-09-20
2026-08-19,mazar,caudal_m3s,33,ords:repDiaHid12m,,2026-09-22T01:12:47Z,celec_ords/2026/09/repDiaHid12m.ndjson.gz#repDiaHid12m:2026-09-20
2026-08-19,mazar,cota_masl,2149.52,ords:repDiaHid12m,,2026-09-22T01:12:47Z,celec_ords/2026/09/repDiaHid12m.ndjson.gz#repDiaHid12m:2026-09-20
2026-08-19,minas_san_francisco,caudal_m3s,10,ords:repDiaHid12m,,2026-09-22T01:12:47Z,celec_ords/2026/09/repDiaHid12m.ndjson.gz#repDiaHid12m:2026-09-20
2026-08-19,minas_san_francisco,cota_masl,787.11,ords:repDiaHid12m,,2026-09-22T01:12:47Z,celec_ords/2026/09/repDiaHid12m.ndjson.gz#repDiaHid12m:2026-09-20
2026-08-20,amaluza,caudal_m3s,139,ords:repDiaHid12m,,2026-09-22T01:12:47Z,celec_ords/2026/09/repDiaHid12m.ndjson.gz#repDiaHid12m:2026-09-20
2026-08-20,amaluza,cota_masl,1984.68,ords:repDiaHid12m,,2026-09-22T01:12:47Z,celec_ords/2026/09/repDiaHid12m.ndjson.gz#repDiaHid12m:2026-09-20
2026-08-20,delsitanisagua,caudal_m3s,35,ords:repDiaHid12m,,2026-09-22T01:12:47Z,celec_ords/2026/09/repDiaHid12m.ndjson.gz#repDiaHid12m:2026-09-20
2026-08-20,delsitanisagua,cota_masl,1490.96,ords:repDiaHid12m,,2026-09-22T01:12:47Z,celec_ords/2026/09/repDiaHid12m.ndjson.gz#repDiaHid12m:2026-09-20
2026-08-20,mazar,caudal_m3s,61,ords:repDiaHid12m,,2026-09-22T01:12:47Z,celec_ords/2026/09/repDiaHid12m.ndjson.gz#repDiaHid12m:2026-09-20
2026-08-20,mazar,cota_masl,2149.01,ords:repDiaHid12m,,2026-09-22T01:12:47Z,celec_ords/2026/09/repDiaHid12m.ndjson.gz#repDiaHid12m:2026-09-20
2026-08-20,minas_san_francisco,caudal_m3s,14,ords:repDiaHid12m,,2026-09-22T01:12:47Z,celec_ords/2026/09/repDiaHid12m.ndjson.gz#repDiaHid12m:2026-09-20
2026-08-20,minas_san_francisco,cota_masl,787.13,ords:repDiaHid12m,,2026-09-22T01:12:47Z,celec_ords/2026/09/repDiaHid12m.ndjson.gz#repDiaHid12m:2026-09-20
2026-08-21,amaluza,caudal_m3s,127,ords:repDiaHid12m,,2026-09-22T01:12:47Z,celec_ords/2026/09/repDiaHid12m.ndjson.gz#repDiaHid12m:2026-09-20
2026-08-21,amaluza,cota_masl,1985.24,ords:repDiaHid12m,,2026-09-22T01:12:47Z,celec_ords/2026/09/repDiaHid12m.ndjson.gz#repDiaHid12m:2026-09-20
2026-08-21,delsitanisagua,caudal_m3s,31,ords:repDiaHid12m,,2026-09-22T01:12:47Z,celec_ords/2026/09/repDiaHid12m.ndjson.gz#repDiaHid12m:2026-09-20
2026-08-21,delsitanisagua,cota_masl,1490.89,ords:repDiaHid12m,,2026-09-22T01:12:47Z,celec_ords/2026/09/repDiaHid12m.ndjson.gz#repDiaHid12m:2026-09-20
2026-08-21,mazar,caudal_m3s,47,ords:repDiaHid12m,,2026-09-22T01:12:47Z,celec_ords/2026/09/repDiaHid12m.ndjson.gz#repDiaHid12m:2026-09-20
2026-08-21,mazar,cota_masl,2148.5,ords:repDiaHid12m,,2026-09-22T01:12:47Z,celec_ords/2026/09/repDiaHid12m.ndjson.gz#repDiaHid12m:2026-09-20
2026-08-21,minas_san_francisco,caudal_m3s,16,ords:repDiaHid12m,,2026-09-22T01:12:47Z,celec_ords/2026/09/repDiaHid12m.ndjson.gz#repDiaHid12m:2026-09-20
2026-08-21,minas_san_francisco,cota_masl,784.52,ords:repDiaHid12m,,2026-09-22T01:12:47Z,celec_ords/2026/09/repDiaHid12m.ndjson.gz#repDiaHid12m:2026-09-20
2026-08-22,amaluza,caudal_m3s,27,ords:repDiaHid12m,,2026-09-22T01:12:47Z,celec_ords/2026/09/repDiaHid12m.ndjson.gz#repDiaHid12m:2026-09-20
2026-08-22,amaluza,cota_masl,1984.39,ords:repDiaHid12m,,2026-09-22T01:12:47Z,celec_ords/2026/09/repDiaHid12m.ndjson.gz#repDiaHid12m:2026-09-20
2026-08-22,delsitanisagua,caudal_m3s,31,ords:repDiaHid12m,,2026-09-22T01:12:47Z,celec_ords/2026/09/repDiaHid12m.ndjson.gz#repDiaHid12m:2026-09-20
2026-08-22,delsitanisagua,cota_masl,1488.7,ords:repDiaHid12m,,2026-09-22T01:12:47Z,celec_ords/2026/09/repDiaHid12m.ndjson.gz#repDiaHid12m:2026-09-20
2026-08-22,mazar,caudal_m3s,52,ords:repDiaHid12m,,2026-09-22T01:12:47Z,celec_ords/2026/09/repDiaHid12m.ndjson.gz#repDiaHid12m:2026-09-20
2026-08-22,mazar,cota_masl,2148.31,ords:repDiaHid12m,,2026-09-22T01:12:47Z,celec_ords/2026/09/repDiaHid12m.ndjson.gz#repDiaHid12m:2026-09-20
2026-08-22,minas_san_francisco,caudal_m3s,15,ords:repDiaHid12m,,2026-09-22T01:12:47Z,celec_ords/2026/09/repDiaHid12m.ndjson.gz#repDiaHid12m:2026-09-20
2026-08-22,minas_san_francisco,cota_masl,786.31,ords:repDiaHid12m,,2026-09-22T01:12:47Z,celec_ords/2026/09/repDiaHid12m.ndjson.gz#repDiaHid12m:2026-09-20
2026-08-23,amaluza,caudal_m3s,130,ords:repDiaHid12m,,2026-09-22T01:12:47Z,celec_ords/2026/09/repDiaHid12m.ndjson.gz#repDiaHid12m:2026-09-20
2026-08-23,amaluza,cota_masl,1984.32,ords:repDiaHid12m,,2026-09-22T01:12:47Z,celec_ords/2026/09/repDiaHid12m.ndjson.gz#repDiaHid12m:2026-09-20
2026-08-23,delsitanisagua,caudal_m3s,36,ords:repDiaHid12m,,2026-09-22T01:12:47Z,celec_ords/2026/09/repDiaHid12m.ndjson.gz#repDiaHid12m:2026-09-20
2026-08-23,delsitanisagua,cota_masl,1490.96,ords:repDiaHid12m,,2026-09-22T01:12:47Z,celec_ords/2026/09/repDiaHid12m.ndjson.gz#repDiaHid12m:2026-09-20
2026-08-23,mazar,caudal_m3s,44,ords:repDiaHid12m,,2026-09-22T01:12:47Z,celec_ords/2026/09/repDiaHid12m.ndjson.gz#repDiaHid12m:2026-09-20
2026-08-23,mazar,cota_masl,2148.29,ords:repDiaHid12m,,2026-09-22T01:12:47Z,celec_ords/2026/09/repDiaHid12m.ndjson.gz#repDiaHid12m:2026-09-20
2026-08-23,minas_san_francisco,caudal_m3s,14,ords:repDiaHid12m,,2026-09-22T01:12:47Z,celec_ords/2026/09/repDiaHid12m.ndjson.gz#repDiaHid12m:2026-09-20
2026-08-23,minas_san_francisco,cota_masl,787.56,ords:repDiaHid12m,,2026-09-22T01:12:47Z,celec_ords/2026/09/repDiaHid12m.ndjson.gz#repDiaHid12m:2026-09-20
2026-08-24,amaluza,caudal_m3s,169,ords:repDiaHid12m,,2026-09-22T01:12:47Z,celec_ords/2026/09/repDiaHid12m.ndjson.gz#repDiaHid12m:2026-09-20
2026-08-24,amaluza,cota_masl,1985.11,ords:repDiaHid12m,,2026-09-22T01:12:47Z,celec_ords/2026/09/repDiaHid12m.ndjson.gz#repDiaHid12m:2026-09-20
2026-08-24,delsitanisagua,caudal_m3s,49,ords:repDiaHid12m,,2026-09-22T01:12:47Z,celec_ords/2026/09/repDiaHid12m.ndjson.gz#repDiaHid12m:2026-09-20
2026-08-24,delsitanisagua,cota_masl,1490.83,ords:repDiaHid12m,,2026-09-22T01:12:47Z,celec_ords/2026/09/repDiaHid12m.ndjson.gz#repDiaHid12m:2026-09-20
2026-08-24,mazar,caudal_m3s,81,ords:repDiaHid12m,,2026-09-22T01:12:47Z,celec_ords/2026/09/repDiaHid12m.ndjson.gz#repDiaHid12m:2026-09-20
2026-08-24,mazar,cota_masl,2147.84,ords:repDiaHid12m,,2026-09-22T01:12:47Z,celec_ords/2026/09/repDiaHid12m.ndjson.gz#repDiaHid12m:2026-09-20
2026-08-24,minas_san_francisco,caudal_m3s,14,ords:repDiaHid12m,,2026-09-22T01:12:47Z,celec_ords/2026/09/repDiaHid12m.ndjson.gz#repDiaHid12m:2026-09-20
2026-08-24,minas_san_francisco,cota_masl,787.69,ords:repDiaHid12m,,2026-09-22T01:12:47Z,celec_ords/2026/09/repDiaHid12m.ndjson.gz#repDiaHid12m:2026-09-20
2026-08-25,amaluza,caudal_m3s,135,ords:repDiaHid12m,,2026-09-22T01:12:47Z,celec_ords/2026/09/repDiaHid12m.ndjson.gz#repDiaHid12m:2026-09-20
2026-08-25,amaluza,cota_masl,1985.93,ords:repDiaHid12m,,2026-09-22T01:12:47Z,celec_ords/2026/09/repDiaHid12m.ndjson.gz#repDiaHid12m:2026-09-20
2026-08-25,delsitanisagua,caudal_m3s,74,ords:repDiaHid12m,,2026-09-22T01:12:47Z,celec_ords/2026/09/repDiaHid12m.ndjson.gz#repDiaHid12m:2026-09-20
2026-08-25,delsitanisagua,cota_masl,1490.85,ords:repDiaHid12m,,2026-09-22T01:12:47Z,celec_ords/2026/09/repDiaHid12m.ndjson.gz#repDiaHid12m:2026-09-20
2026-08-25,mazar,caudal_m3s,77,ords:repDiaHid12m,,2026-09-22T01:12:47Z,celec_ords/2026/09/repDiaHid12m.ndjson.gz#repDiaHid12m:2026-09-20
2026-08-25,mazar,cota_masl,2147.96,ords:repDiaHid12m,,2026-09-22T01:12:47Z,celec_ords/2026/09/repDiaHid12m.ndjson.gz#repDiaHid12m:2026-09-20
2026-08-25,minas_san_francisco,caudal_m3s,21,ords:repDiaHid12m,,2026-09-22T01:12:47Z,celec_ords/2026/09/repDiaHid12m.ndjson.gz#repDiaHid12m:2026-09-20
2026-08-25,minas_san_francisco,cota_masl,789.32,ords:repDiaHid12m,,2026-09-22T01:12:47Z,celec_ords/2026/09/repDiaHid12m.ndjson.gz#repDiaHid12m:2026-09-20
2026-08-26,amaluza,caudal_m3s,117,ords:repDiaHid12m,,2026-09-22T01:12:47Z,celec_ords/2026/09/repDiaHid12m.ndjson.gz#repDiaHid12m:2026-09-20
2026-08-26,amaluza,cota_masl,1986.21,ords:repDiaHid12m,,2026-09-22T01:12:47Z,celec_ords/2026/09/repDiaHid12m.ndjson.gz#repDiaHid12m:2026-09-20
2026-08-26,delsitanisagua,caudal_m3s,34,ords:repDiaHid12m,,2026-09-22T01:12:47Z,celec_ords/2026/09/repDiaHid12m.ndjson.gz#repDiaHid12m:2026-09-20
2026-08-26,delsitanisagua,cota_masl,1490.85,ords:repDiaHid12m,,2026-09-22T01:12:47Z,celec_ords/2026/09/repDiaHid12m.ndjson.gz#repDiaHid12m:2026-09-20
2026-08-26,mazar,caudal_m3s,45,ords:repDiaHid12m,,2026-09-22T01:12:47Z,celec_ords/2026/09/repDiaHid12m.ndjson.gz#repDiaHid12m:2026-09-20
2026-08-26,mazar,cota_masl,2147.78,ords:repDiaHid12m,,2026-09-22T01:12:47Z,celec_ords/2026/09/repDiaHid12m.ndjson.gz#repDiaHid12m:2026-09-20
2026-08-26,minas_san_francisco,caudal_m3s,21,ords:repDiaHid12m,,2026-09-22T01:12:47Z,celec_ords/2026/09/repDiaHid12m.ndjson.gz#repDiaHid12m:2026-09-20
2026-08-26,minas_san_francisco,cota_masl,790.18,ords:repDiaHid12m,,2026-09-22T01:12:47Z,celec_ords/2026/09/repDiaHid12m.ndjson.gz#repDiaHid12m:2026-09-20
2026-08-27,amaluza,caudal_m3s,111,ords:repDiaHid12m,,2026-09-22T01:12:47Z,celec_ords/2026/09/repDiaHid12m.ndjson.gz#repDiaHid12m:2026-09-20
2026-08-27,amaluza,cota_masl,1985.42,ords:repDiaHid12m,,2026-09-22T01:12:47Z,celec_ords/2026/09/repDiaHid12m.ndjson.gz#repDiaHid12m:2026-09-20
2026-08-27,delsitanisagua,caudal_m3s,31,ords:repDiaHid12m,,2026-09-22T01:12:47Z,celec_ords/2026/09/repDiaHid12m.ndjson.gz#repDiaHid12m:2026-09-20
2026-08-27,delsitanisagua,cota_masl,1489.48,ords:repDiaHid12m,,2026-09-22T01:12:47Z,celec_ords/2026/09/repDiaHid12m.ndjson.gz#repDiaHid12m:2026-09-20
2026-08-27,mazar,caudal_m3s,41,ords:repDiaHid12m,,2026-09-22T01:12:47Z,celec_ords/2026/09/repDiaHid12m.ndjson.gz#repDiaHid12m:2026-09-20
2026-08-27,mazar,cota_masl,2147.51,ords:repDiaHid12m,,2026-09-22T01:12:47Z,celec_ords/2026/09/repDiaHid12m.ndjson.gz#repDiaHid12m:2026-09-20
2026-08-27,minas_san_francisco,caudal_m3s,12,ords:repDiaHid12m,,2026-09-22T01:12:47Z,celec_ords/2026/09/repDiaHid12m.ndjson.gz#repDiaHid12m:2026-09-20
2026-08-27,minas_san_francisco,cota_masl,788.26,ords:repDiaHid12m,,2026-09-22T01:12:47Z,celec_ords/2026/09/repDiaHid12m.ndjson.gz#repDiaHid12m:2026-09-20
2026-08-28,amaluza,caudal_m3s,99,ords:repDiaHid12m,,2026-09-22T01:12:47Z,celec_ords/2026/09/repDiaHid12m.ndjson.gz#repDiaHid12m:2026-09-20
2026-08-28,amaluza,cota_masl,1984.87,ords:repDiaHid12m,,2026-09-22T01:12:47Z,celec_ords/2026/09/repDiaHid12m.ndjson.gz#repDiaHid12m:2026-09-20
2026-08-28,delsitanisagua,caudal_m3s,30,ords:repDiaHid12m,,2026-09-22T01:12:47Z,celec_ords/2026/09/repDiaHid12m.ndjson.gz#repDiaHid12m:2026-09-20
2026-08-28,delsitanisagua,cota_masl,1490.77,ords:repDiaHid12m,,2026-09-22T01:12:47Z,celec_ords/2026/09/repDiaHid12m.ndjson.gz#repDiaHid12m:2026-09-20
2026-08-28,mazar,caudal_m3s,30,ords:repDiaHid12m,,2026-09-22T01:12:47Z,celec_ords/2026/09/repDiaHid12m.ndjson.gz#repDiaHid12m:2026-09-20
2026-08-28,mazar,cota_masl,2147.06,ords:repDiaHid12m,,2026-09-22T01:12:47Z,celec_ords/2026/09/repDiaHid12m.ndjson.gz#repDiaHid12m:2026-09-20
2026-08-28,minas_san_francisco,caudal_m3s,9,ords:repDiaHid12m,,2026-09-22T01:12:47Z,celec_ords/2026/09/repDiaHid12m.ndjson.gz#repDiaHid12m:2026-09-20
2026-08-28,minas_san_francisco,cota_masl,787.33,ords:repDiaHid12m,,2026-09-22T01:12:47Z,celec_ords/2026/09/repDiaHid12m.ndjson.gz#repDiaHid12m:2026-09-20
2026-08-29,amaluza,caudal_m3s,78,ords:repDiaHid12m,,2026-09-22T01:12:47Z,celec_ords/2026/09/repDiaHid12m.ndjson.gz#repDiaHid12m:2026-09-20
2026-08-29,amaluza,cota_masl,1985.68,ords:repDiaHid12m,,2026-09-22T01:12:47Z,celec_ords/2026/09/repDiaHid12m.ndjson.gz#repDiaHid12m:2026-09-20
2026-08-29,delsitanisagua,caudal_m3s,35,ords:repDiaHid12m,,2026-09-22T01:12:47Z,celec_ords/2026/09/repDiaHid12m.ndjson.gz#repDiaHid12m:2026-09-20
2026-08-29,delsitanisagua,cota_masl,1490.85,ords:repDiaHid12m,,2026-09-22T01:12:47Z,celec_ords/2026/09/repDiaHid12m.ndjson.gz#repDiaHid12m:2026-09-20
2026-08-29,mazar,caudal_m3s,49,ords:repDiaHid12m,,2026-09-22T01:12:47Z,celec_ords/2026/09/repDiaHid12m.ndjson.gz#repDiaHid12m:2026-09-20
2026-08-29,mazar,cota_masl,2146.82,ords:repDiaHid12m,,2026-09-22T01:12:47Z,celec_ords/2026/09/repDiaHid12m.ndjson.gz#repDiaHid12m:2026-09-20
2026-08-29,minas_san_francisco,caudal_m3s,56,ords:repDiaHid12m,,2026-09-22T01:12:47Z,celec_ords/2026/09/repDiaHid12m.ndjson.gz#repDiaHid12m:2026-09-20
2026-08-29,minas_san_francisco,cota_masl,790.56,ords:repDiaHid12m,,2026-09-22T01:12:47Z,celec_ords/2026/09/repDiaHid12m.ndjson.gz#repDiaHid12m:2026-09-20
2026-08-30,amaluza,caudal_m3s,127,ords:repDiaHid12m,,2026-09-22T01:12:47Z,celec_ords/2026/09/repDiaHid12m.ndjson.gz#repDiaHid12m:2026-09-20
2026-08-30,amaluza,cota_masl,1986.28,ords:repDiaHid12m,,2026-09-22T01:12:47Z,celec_ords/2026/09/repDiaHid12m.ndjson.gz#repDiaHid12m:2026-09-20
2026-08-30,delsitanisagua,caudal_m3s,38,ords:repDiaHid12m,,2026-09-22T01:12:47Z,celec_ords/2026/09/repDiaHid12m.ndjson.gz#repDiaHid12m:2026-09-20
2026-08-30,delsitanisagua,cota_masl,1490.95,ords:repDiaHid12m,,2026-09-22T01:12:47Z,celec_ords/2026/09/repDiaHid12m.ndjson.gz#repDiaHid12m:2026-09-20
2026-08-30,mazar,caudal_m3s,87,ords:repDiaHid12m,,2026-09-22T01:12:47Z,celec_ords/2026/09/repDiaHid12m.ndjson.gz#repDiaHid12m:2026-09-20
2026-08-30,mazar,cota_masl,2147.06,ords:repDiaHid12m,,2026-09-22T01:12:47Z,celec_ords/2026/09/repDiaHid12m.ndjson.gz#repDiaHid12m:2026-09-20
2026-08-30,minas_san_francisco,caudal_m3s,15,ords:repDiaHid12m,,2026-09-22T01:12:47Z,celec_ords/2026/09/repDiaHid12m.ndjson.gz#repDiaHid12m:2026-09-20
2026-08-30,minas_san_francisco,cota_masl,791.55,ords:repDiaHid12m,,2026-09-22T01:12:47Z,celec_ords/2026/09/repDiaHid12m.ndjson.gz#repDiaHid12m:2026-09-20
2026-08-31,amaluza,caudal_m3s,74,ords:repDiaHid12m,,2026-09-22T01:12:47Z,celec_ords/2026/09/repDiaHid12m.ndjson.gz#repDiaHid12m:2026-09-20
2026-08-31,amaluza,cota_masl,1985.77,ords:repDiaHid12m,,2026-09-22T01:12:47Z,celec_ords/2026/09/repDiaHid12m.ndjson.gz#repDiaHid12m:2026-09-20
2026-08-31,delsitanisagua,caudal_m3s,30,ords:repDiaHid12m,,2026-09-22T01:12:47Z,celec_ords/2026/09/repDiaHid12m.ndjson.gz#repDiaHid12m:2026-09-20
2026-08-31,delsitanisagua,cota_masl,1488.84,ords:repDiaHid12m,,2026-09-22T01:12:47Z,celec_ords/2026/09/repDiaHid12m.ndjson.gz#repDiaHid12m:2026-09-20
2026-08-31,mazar,caudal_m3s,48,ords:repDiaHid12m,,2026-09-22T01:12:47Z,celec_ords/2026/09/repDiaHid12m.ndjson.gz#repDiaHid12m:2026-09-20
2026-08-31,mazar,cota_masl,2147.24,ords:repDiaHid12m,,2026-09-22T01:12:47Z,celec_ords/2026/09/repDiaHid12m.ndjson.gz#repDiaHid12m:2026-09-20
2026-08-31,minas_san_francisco,caudal_m3s,14,ords:repDiaHid12m,,2026-09-22T01:12:47Z,celec_ords/2026/09/repDiaHid12m.ndjson.gz#repDiaHid12m:2026-09-20
2026-08-31,minas_san_francisco,cota_masl,790.03,ords:repDiaHid12m,,2026-09-22T01:12:47Z,celec_ords/2026/09/repDiaHid12m.ndjson.gz#repDiaHid12m:2026-09-20
2026-09-01,amaluza,caudal_m3s,124,ords:repDiaHid12m,,2026-09-22T01:12:47Z,celec_ords/2026/09/repDiaHid12m.ndjson.gz#repDiaHid12m:2026-09-20
2026-09-01,amaluza,cota_masl,1985.02,ords:repDiaHid12m,,2026-09-22T01:12:47Z,celec_ords/2026/09/repDiaHid12m.ndjson.gz#repDiaHid12m:2026-09-20
2026-09-01,delsitanisagua,caudal_m3s,29,ords:repDiaHid12m,,2026-09-22T01:12:47Z,celec_ords/2026/09/repDiaHid12m.ndjson.gz#repDiaHid12m:2026-09-20
2026-09-01,delsitanisagua,cota_masl,1490.02,ords:repDiaHid12m,,2026-09-22T01:12:47Z,celec_ords/2026/09/repDiaHid12m.ndjson.gz#repDiaHid12m:2026-09-20
2026-09-01,mazar,caudal_m3s,38,ords:repDiaHid12m,,2026-09-22T01:12:47Z,celec_ords/2026/09/repDiaHid12m.ndjson.gz#repDiaHid12m:2026-09-20
2026-09-01,mazar,cota_masl,2147.03,ords:repDiaHid12m,,2026-09-22T01:12:47Z,celec_ords/2026/09/repDiaHid12m.ndjson.gz#repDiaHid12m:2026-09-20
2026-09-01,minas_san_francisco,caudal_m3s,13,ords:repDiaHid12m,,2026-09-22T01:12:47Z,celec_ords/2026/09/repDiaHid12m.ndjson.gz#repDiaHid12m:2026-09-20
2026-09-01,minas_san_francisco,cota_masl,790.33,ords:repDiaHid12m,,2026-09-22T01:12:47Z,celec_ords/2026/09/repDiaHid12m.ndjson.gz#repDiaHid12m:2026-09-20
2026-09-02,amaluza,caudal_m3s,129,ords:repDiaHid12m,,2026-09-22T01:12:47Z,celec_ords/2026/09/repDiaHid12m.ndjson.gz#repDiaHid12m:2026-09-20
2026-09-02,amaluza,cota_masl,1984.34,ords:repDiaHid12m,,2026-09-22T01:12:47Z,celec_ords/2026/09/repDiaHid12m.ndjson.gz#repDiaHid12m:2026-09-20
2026-09-02,delsitanisagua,caudal_m3s,34,ords:repDiaHid12m,,2026-09-22T01:12:47Z,celec_ords/2026/09/repDiaHid12m.ndjson.gz#repDiaHid12m:2026-09-20
2026-09-02,delsitanisagua,cota_masl,1490.72,ords:repDiaHid12m,,2026-09-22T01:12:47Z,celec_ords/2026/09/repDiaHid12m.ndjson.gz#repDiaHid12m:2026-09-20
2026-09-02,mazar,caudal_m3s,39,ords:repDiaHid12m,,2026-09-22T01:12:47Z,celec_ords/2026/09/repDiaHid12m.ndjson.gz#repDiaHid12m:2026-09-20
2026-09-02,mazar,cota_masl,2146.66,ords:repDiaHid12m,,2026-09-22T01:12:47Z,celec_ords/2026/09/repDiaHid12m.ndjson.gz#repDiaHid12m:2026-09-20
2026-09-02,minas_san_francisco,caudal_m3s,12,ords:repDiaHid12m,,2026-09-22T01:12:47Z,celec_ords/2026/09/repDiaHid12m.ndjson.gz#repDiaHid12m:2026-09-20
2026-09-02,minas_san_francisco,cota_masl,789.8,ords:repDiaHid12m,,2026-09-22T01:12:47Z,celec_ords/2026/09/repDiaHid12m.ndjson.gz#repDiaHid12m:2026-09-20
2026-09-03,amaluza,caudal_m3s,130,ords:repDiaHid12m,,2026-09-22T01:12:47Z,celec_ords/2026/09/repDiaHid12m.ndjson.gz#repDiaHid12m:2026-09-20
2026-09-03,amaluza,cota_masl,1985.04,ords:repDiaHid12m,,2026-09-22T01:12:47Z,celec_ords/2026/09/repDiaHid12m.ndjson.gz#repDiaHid12m:2026-09-20
2026-09-03,delsitanisagua,caudal_m3s,37,ords:repDiaHid12m,,2026-09-22T01:12:47Z,celec_ords/2026/09/repDiaHid12m.ndjson.gz#repDiaHid12m:2026-09-20
2026-09-03,delsitanisagua,cota_masl,1490.81,ords:repDiaHid12m,,2026-09-22T01:12:47Z,celec_ords/2026/09/repDiaHid12m.ndjson.gz#repDiaHid12m:2026-09-20
2026-09-03,mazar,caudal_m3s,69,ords:repDiaHid12m,,2026-09-22T01:12:47Z,celec_ords/2026/09/repDiaHid12m.ndjson.gz#repDiaHid12m:2026-09-20
2026-09-03,mazar,cota_masl,2146.19,ords:repDiaHid12m,,2026-09-22T01:12:47Z,celec_ords/2026/09/repDiaHid12m.ndjson.gz#repDiaHid12m:2026-09-20
2026-09-03,minas_san_francisco,caudal_m3s,35,ords:repDiaHid12m,,2026-09-22T01:12:47Z,celec_ords/2026/09/repDiaHid12m.ndjson.gz#repDiaHid12m:2026-09-20
2026-09-03,minas_san_francisco,cota_masl,791.04,ords:repDiaHid12m,,2026-09-22T01:12:47Z,celec_ords/2026/09/repDiaHid12m.ndjson.gz#repDiaHid12m:2026-09-20
2026-09-04,amaluza,caudal_m3s,131,ords:repDiaHid12m,,2026-09-22T01:12:47Z,celec_ords/2026/09/repDiaHid12m.ndjson.gz#repDiaHid12m:2026-09-20
2026-09-04,amaluza,cota_masl,1985.32,ords:repDiaHid12m,,2026-09-22T01:12:47Z,celec_ords/2026/09/repDiaHid12m.ndjson.gz#repDiaHid12m:2026-09-20
2026-09-04,delsitanisagua,caudal_m3s,39,ords:repDiaHid12m,,2026-09-22T01:12:47Z,celec_ords/2026/09/repDiaHid12m.ndjson.gz#repDiaHid12m:2026-09-20
2026-09-04,delsitanisagua,cota_masl,1487.97,ords:repDiaHid12m,,2026-09-22T01:12:47Z,celec_ords/2026/09/repDiaHid12m.ndjson.gz#repDiaHid12m:2026-09-20
2026-09-04,mazar,caudal_m3s,75,ords:repDiaHid12m,,2026-09-22T01:12:47Z,celec_ords/2026/09/repDiaHid12m.ndjson.gz#repDiaHid12m:2026-09-20
2026-09-04,mazar,cota_masl,2146.3,ords:repDiaHid12m,,2026-09-22T01:12:47Z,celec_ords/2026/09/repDiaHid12m.ndjson.gz#repDiaHid12m:2026-09-20
2026-09-04,minas_san_francisco,caudal_m3s,30,ords:repDiaHid12m,,2026-09-22T01:12:47Z,celec_ords/2026/09/repDiaHid12m.ndjson.gz#repDiaHid12m:2026-09-20
2026-09-04,minas_san_francisco,cota_masl,791.99,ords:repDiaHid12m,,2026-09-22T01:12:47Z,celec_ords/2026/09/repDiaHid12m.ndjson.gz#repDiaHid12m:2026-09-20
2026-09-05,amaluza,caudal_m3s,122,ords:repDiaHid12m,,2026-09-22T01:12:47Z,celec_ords/2026/09/repDiaHid12m.ndjson.gz#repDiaHid12m:2026-09-20
2026-09-05,amaluza,cota_masl,1985.23,ords:repDiaHid12m,,2026-09-22T01:12:47Z,celec_ords/2026/09/repDiaHid12m.ndjson.gz#repDiaHid12m:2026-09-20
2026-09-05,delsitanisagua,caudal_m3s,47,ords:repDiaHid12m,,2026-09-22T01:12:47Z,celec_ords/2026/09/repDiaHid12m.ndjson.gz#repDiaHid12m:2026-09-20
2026-09-05,delsitanisagua,cota_masl,1479.02,ords:repDiaHid12m,,2026-09-22T01:12:47Z,celec_ords/2026/09/repDiaHid12m.ndjson.gz#repDiaHid12m:2026-09-20
2026-09-05,mazar,caudal_m3s,74,ords:repDiaHid12m,,2026-09-22T01:12:47Z,celec_ords/2026/09/repDiaHid12m.ndjson.gz#repDiaHid12m:2026-09-20
2026-09-05,mazar,cota_masl,2146.32,ords:repDiaHid12m,,2026-09-22T01:12:47Z,celec_ords/2026/09/repDiaHid12m.ndjson.gz#repDiaHid12m:2026-09-20
2026-09-05,minas_san_francisco,caudal_m3s,19,ords:repDiaHid12m,,2026-09-22T01:12:47Z,celec_ords/2026/09/repDiaHid12m.ndjson.gz#repDiaHid12m:2026-09-20
2026-09-05,minas_san_francisco,cota_masl,790.92,ords:repDiaHid12m,,2026-09-22T01:12:47Z,celec_ords/2026/09/repDiaHid12m.ndjson.gz#repDiaHid12m:2026-09-20
2026-09-06,amaluza,caudal_m3s,164,ords:repDiaHid12m,,2026-09-22T01:12:47Z,celec_ords/2026/09/repDiaHid12m.ndjson.gz#repDiaHid12m:2026-09-20
2026-09-06,amaluza,cota_masl,1986.65,ords:repDiaHid12m,,2026-09-22T01:12:47Z,celec_ords/2026/09/repDiaHid12m.ndjson.gz#repDiaHid12m:2026-09-20
2026-09-06,delsitanisagua,caudal_m3s,31,ords:repDiaHid12m,,2026-09-22T01:12:47Z,celec_ords/2026/09/repDiaHid12m.ndjson.gz#repDiaHid12m:2026-09-20
2026-09-06,delsitanisagua,cota_masl,1480.49,ords:repDiaHid12m,,2026-09-22T01:12:47Z,celec_ords/2026/09/repDiaHid12m.ndjson.gz#repDiaHid12m:2026-09-20
2026-09-06,mazar,caudal_m3s,49,ords:repDiaHid12m,,2026-09-22T01:12:47Z,celec_ords/2026/09/repDiaHid12m.ndjson.gz#repDiaHid12m:2026-09-20
2026-09-06,mazar,cota_masl,2145.74,ords:repDiaHid12m,,2026-09-22T01:12:47Z,celec_ords/2026/09/repDiaHid12m.ndjson.gz#repDiaHid12m:2026-09-20
2026-09-06,minas_san_francisco,caudal_m3s,15,ords:repDiaHid12m,,2026-09-22T01:12:47Z,celec_ords/2026/09/repDiaHid12m.ndjson.gz#repDiaHid12m:2026-09-20
2026-09-06,minas_san_francisco,cota_masl,789.15,ords:repDiaHid12m,,2026-09-22T01:12:47Z,celec_ords/2026/09/repDiaHid12m.ndjson.gz#repDiaHid12m:2026-09-20
2026-09-07,amaluza,caudal_m3s,126,ords:repDiaHid12m,,2026-09-22T01:12:47Z,celec_ords/2026/09/repDiaHid12m.ndjson.gz#repDiaHid12m:2026-09-20
2026-09-07,amaluza,cota_masl,1986.11,ords:repDiaHid12m,,2026-09-22T01:12:47Z,celec_ords/2026/09/repDiaHid12m.ndjson.gz#repDiaHid12m:2026-09-20
2026-09-07,delsitanisagua,caudal_m3s,31,ords:repDiaHid12m,,2026-09-22T01:12:47Z,celec_ords/2026/09/repDiaHid12m.ndjson.gz#repDiaHid12m:2026-09-20
2026-09-07,delsitanisagua,cota_masl,1490.94,ords:repDiaHid12m,,2026-09-22T01:12:47Z,celec_ords/2026/09/repDiaHid12m.ndjson.gz#repDiaHid12m:2026-09-20
2026-09-07,mazar,caudal_m3s,47,ords:repDiaHid12m,,2026-09-22T01:12:47Z,celec_ords/2026/09/repDiaHid12m.ndjson.gz#repDiaHid12m:2026-09-20
2026-09-07,mazar,cota_masl,2144.95,ords:repDiaHid12m,,2026-09-22T01:12:47Z,celec_ords/2026/09/repDiaHid12m.ndjson.gz#repDiaHid12m:2026-09-20
2026-09-07,minas_san_francisco,caudal_m3s,14,ords:repDiaHid12m,,2026-09-22T01:12:47Z,celec_ords/2026/09/repDiaHid12m.ndjson.gz#repDiaHid12m:2026-09-20
2026-09-07,minas_san_francisco,cota_masl,788.1,ords:repDiaHid12m,,2026-09-22T01:12:47Z,celec_ords/2026/09/repDiaHid12m.ndjson.gz#repDiaHid12m:2026-09-20
2026-09-08,amaluza,caudal_m3s,157,ords:repDiaHid12m,,2026-09-22T01:12:47Z,celec_ords/2026/09/repDiaHid12m.ndjson.gz#repDiaHid12m:2026-09-20
2026-09-08,amaluza,cota_masl,1985.42,ords:repDiaHid12m,,2026-09-22T01:12:47Z,celec_ords/2026/09/repDiaHid12m.ndjson.gz#repDiaHid12m:2026-09-20
2026-09-08,delsitanisagua,caudal_m3s,37,ords:repDiaHid12m,,2026-09-22T01:12:47Z,celec_ords/2026/09/repDiaHid12m.ndjson.gz#repDiaHid12m:2026-09-20
2026-09-08,delsitanisagua,cota_masl,1490.96,ords:repDiaHid12m,,2026-09-22T01:12:47Z,celec_ords/2026/09/repDiaHid12m.ndjson.gz#repDiaHid12m:2026-09-20
2026-09-08,mazar,caudal_m3s,47,ords:repDiaHid12m,,2026-09-22T01:12:47Z,celec_ords/2026/09/repDiaHid12m.ndjson.gz#repDiaHid12m:2026-09-20
2026-09-08,mazar,cota_masl,2144.09,ords:repDiaHid12m,,2026-09-22T01:12:47Z,celec_ords/2026/09/repDiaHid12m.ndjson.gz#repDiaHid12m:2026-09-20
2026-09-08,minas_san_francisco,caudal_m3s,5,ords:repDiaHid12m,,2026-09-22T01:12:47Z,celec_ords/2026/09/repDiaHid12m.ndjson.gz#repDiaHid12m:2026-09-20
2026-09-08,minas_san_francisco,cota_masl,786.17,ords:repDiaHid12m,,2026-09-22T01:12:47Z,celec_ords/2026/09/repDiaHid12m.ndjson.gz#repDiaHid12m:2026-09-20
2026-09-09,amaluza,caudal_m3s,174,ords:repDiaHid12m,,2026-09-22T01:12:47Z,celec_ords/2026/09/repDiaHid12m.ndjson.gz#repDiaHid12m:2026-09-20
2026-09-09,amaluza,cota_masl,1985.57,ords:repDiaHid12m,,2026-09-22T01:12:47Z,celec_ords/2026/09/repDiaHid12m.ndjson.gz#repDiaHid12m:2026-09-20
2026-09-09,delsitanisagua,caudal_m3s,71,ords:repDiaHid12m,,2026-09-22T01:12:47Z,celec_ords/2026/09/repDiaHid12m.ndjson.gz#repDiaHid12m:2026-09-20
2026-09-09,delsitanisagua,cota_masl,1490.91,ords:repDiaHid12m,,2026-09-22T01:12:47Z,celec_ords/2026/09/repDiaHid12m.ndjson.gz#repDiaHid12m:2026-09-20
2026-09-09,mazar,caudal_m3s,85,ords:repDiaHid12m,,2026-09-22T01:12:47Z,celec_ords/2026/09/repDiaHid12m.ndjson.gz#repDiaHid12m:2026-09-20
2026-09-09,mazar,cota_masl,2143.42,ords:repDiaHid12m,,2026-09-22T01:12:47Z,celec_ords/2026/09/repDiaHid12m.ndjson.gz#repDiaHid12m:2026-09-20
2026-09-09,minas_san_francisco,caudal_m3s,44,ords:repDiaHid12m,,2026-09-22T01:12:47Z,celec_ords/2026/09/repDiaHid12m.ndjson.gz#repDiaHid12m:2026-09-20
2026-09-09,minas_san_francisco,cota_masl,787.31,ords:repDiaHid12m,,2026-09-22T01:12:47Z,celec_ords/2026/09/repDiaHid12m.ndjson.gz#repDiaHid12m:2026-09-20
2026-09-10,amaluza,caudal_m3s,164,ords:repDiaHid12m,,2026-09-22T01:12:47Z,celec_ords/2026/09/repDiaHid12m.ndjson.gz#repDiaHid12m:2026-09-20
2026-09-10,amaluza,cota_masl,1984.97,ords:repDiaHid12m,,2026-09-22T01:12:47Z,celec_ords/2026/09/repDiaHid12m.ndjson.gz#repDiaHid12m:2026-09-20
2026-09-10,delsitanisagua,caudal_m3s,33,ords:repDiaHid12m,,2026-09-22T01:12:47Z,celec_ords/2026/09/repDiaHid12m.ndjson.gz#repDiaHid12m:2026-09-20
2026-09-10,delsitanisagua,cota_masl,1490.65,ords:repDiaHid12m,,2026-09-22T01:12:47Z,celec_ords/2026/09/repDiaHid12m.ndjson.gz#repDiaHid12m:2026-09-20
2026-09-10,mazar,caudal_m3s,48,ords:repDiaHid12m,,2026-09-22T01:12:47Z,celec_ords/2026/09/repDiaHid12m.ndjson.gz#repDiaHid12m:2026-09-20
2026-09-10,mazar,cota_masl,2143.12,ords:repDiaHid12m,,2026-09-22T01:12:47Z,celec_ords/2026/09/repDiaHid12m.ndjson.gz#repDiaHid12m:2026-09-20
2026-09-10,minas_san_francisco,caudal_m3s,27,ords:repDiaHid12m,,2026-09-22T01:12:47Z,celec_ords/2026/09/repDiaHid12m.ndjson.gz#repDiaHid12m:2026-09-20
2026-09-10,minas_san_francisco,cota_masl,789.13,ords:repDiaHid12m,,2026-09-22T01:12:47Z,celec_ords/2026/09/repDiaHid12m.ndjson.gz#repDiaHid12m:2026-09-20
2026-09-11,amaluza,caudal_m3s,150,ords:repDiaHid12m,,2026-09-22T01:12:47Z,celec_ords/2026/09/repDiaHid12m.ndjson.gz#repDiaHid12m:2026-09-20
2026-09-11,amaluza,cota_masl,1984.75,ords:repDiaHid12m,,2026-09-22T01:12:47Z,celec_ords/2026/09/repDiaHid12m.ndjson.gz#repDiaHid12m:2026-09-20
2026-09-11,delsitanisagua,caudal_m3s,31,ords:repDiaHid12m,,2026-09-22T01:12:47Z,celec_ords/2026/09/repDiaHid12m.ndjson.gz#repDiaHid12m:2026-09-20
2026-09-11,delsitanisagua,cota_masl,1488.14,ords:repDiaHid12m,,2026-09-22T01:12:47Z,celec_ords/2026/09/repDiaHid12m.ndjson.gz#repDiaHid12m:2026-09-20
2026-09-11,mazar,caudal_m3s,35,ords:repDiaHid12m,,2026-09-22T01:12:47Z,celec_ords/2026/09/repDiaHid12m.ndjson.gz#repDiaHid12m:2026-09-20
2026-09-11,mazar,cota_masl,2142.38,ords:repDiaHid12m,,2026-09-22T01:12:47Z,celec_ords/2026/09/repDiaHid12m.ndjson.gz#repDiaHid12m:2026-09-20
2026-09-11,minas_san_francisco,caudal_m3s,14,ords:repDiaHid12m,,2026-09-22T01:12:47Z,celec_ords/2026/09/repDiaHid12m.ndjson.gz#repDiaHid12m:2026-09-20
2026-09-11,minas_san_francisco,cota_masl,788.34,ords:repDiaHid12m,,2026-09-22T01:12:47Z,celec_ords/2026/09/repDiaHid12m.ndjson.gz#repDiaHid12m:2026-09-20
2026-09-12,amaluza,caudal_m3s,153,ords:repDiaHid12m,,2026-09-22T01:12:47Z,celec_ords/2026/09/repDiaHid12m.ndjson.gz#repDiaHid12m:2026-09-20
2026-09-12,amaluza,cota_masl,1984.23,ords:repDiaHid12m,,2026-09-22T01:12:47Z,celec_ords/2026/09/repDiaHid12m.ndjson.gz#repDiaHid12m:2026-09-20
2026-09-12,delsitanisagua,caudal_m3s,30,ords:repDiaHid12m,,2026-09-22T01:12:47Z,celec_ords/2026/09/repDiaHid12m.ndjson.gz#repDiaHid12m:2026-09-20
2026-09-12,delsitanisagua,cota_masl,1488.48,ords:repDiaHid12m,,2026-09-22T01:12:47Z,celec_ords/2026/09/repDiaHid12m.ndjson.gz#repDiaHid12m:2026-09-20
2026-09-12,mazar,caudal_m3s,38,ords:repDiaHid12m,,2026-09-22T01:12:47Z,celec_ords/2026/09/repDiaHid12m.ndjson.gz#repDiaHid12m:2026-09-20
2026-09-12,mazar,cota_masl,2141.6,ords:repDiaHid12m,,2026-09-22T01:12:47Z,celec_ords/2026/09/repDiaHid12m.ndjson.gz#repDiaHid12m:2026-09-20
2026-09-12,minas_san_francisco,caudal_m3s,12,ords:repDiaHid12m,,2026-09-22T01:12:47Z,celec_ords/2026/09/repDiaHid12m.ndjson.gz#repDiaHid12m:2026-09-20
2026-09-12,minas_san_francisco,cota_masl,787.75,ords:repDiaHid12m,,2026-09-22T01:12:47Z,celec_ords/2026/09/repDiaHid12m.ndjson.gz#repDiaHid12m:2026-09-20
2026-09-13,amaluza,caudal_m3s,162,ords:repDiaHid12m,,2026-09-22T01:12:47Z,celec_ords/2026/09/repDiaHid12m.ndjson.gz#repDiaHid12m:2026-09-20
2026-09-13,amaluza,cota_masl,1984.59,ords:repDiaHid12m,,2026-09-22T01:12:47Z,celec_ords/2026/09/repDiaHid12m.ndjson.gz#repDiaHid12m:2026-09-20
2026-09-13,delsitanisagua,caudal_m3s,29,ords:repDiaHid12m,,2026-09-22T01:12:47Z,celec_ords/2026/09/repDiaHid12m.ndjson.gz#repDiaHid12m:2026-09-20
2026-09-13,delsitanisagua,cota_masl,1488.39,ords:repDiaHid12m,,2026-09-22T01:12:47Z,celec_ords/2026/09/repDiaHid12m.ndjson.gz#repDiaHid12m:2026-09-20
2026-09-13,mazar,caudal_m3s,31,ords:repDiaHid12m,,2026-09-22T01:12:47Z,celec_ords/2026/09/repDiaHid12m.ndjson.gz#repDiaHid12m:2026-09-20
2026-09-13,mazar,cota_masl,2140.8,ords:repDiaHid12m,,2026-09-22T01:12:47Z,celec_ords/2026/09/repDiaHid12m.ndjson.gz#repDiaHid12m:2026-09-20
2026-09-13,minas_san_francisco,caudal_m3s,10,ords:repDiaHid12m,,2026-09-22T01:12:47Z,celec_ords/2026/09/repDiaHid12m.ndjson.gz#repDiaHid12m:2026-09-20
2026-09-13,minas_san_francisco,cota_masl,787.63,ords:repDiaHid12m,,2026-09-22T01:12:47Z,celec_ords/2026/09/repDiaHid12m.ndjson.gz#repDiaHid12m:2026-09-20
2026-09-14,amaluza,caudal_m3s,113,ords:repDiaHid12m,,2026-09-22T01:12:47Z,celec_ords/2026/09/repDiaHid12m.ndjson.gz#repDiaHid12m:2026-09-20
2026-09-14,amaluza,cota_masl,1984.49,ords:repDiaHid12m,,2026-09-22T01:12:47Z,celec_ords/2026/09/repDiaHid12m.ndjson.gz#repDiaHid12m:2026-09-20
2026-09-14,delsitanisagua,caudal_m3s,38,ords:repDiaHid12m,,2026-09-22T01:12:47Z,celec_ords/2026/09/repDiaHid12m.ndjson.gz#repDiaHid12m:2026-09-20
2026-09-14,delsitanisagua,cota_masl,1490.94,ords:repDiaHid12m,,2026-09-22T01:12:47Z,celec_ords/2026/09/repDiaHid12m.ndjson.gz#repDiaHid12m:2026-09-20
2026-09-14,mazar,caudal_m3s,67,ords:repDiaHid12m,,2026-09-22T01:12:47Z,celec_ords/2026/09/repDiaHid12m.ndjson.gz#repDiaHid12m:2026-09-20
2026-09-14,mazar,cota_masl,2139.86,ords:repDiaHid12m,,2026-09-22T01:12:47Z,celec_ords/2026/09/repDiaHid12m.ndjson.gz#repDiaHid12m:2026-09-20
2026-09-14,minas_san_francisco,caudal_m3s,10,ords:repDiaHid12m,,2026-09-22T01:12:47Z,celec_ords/2026/09/repDiaHid12m.ndjson.gz#repDiaHid12m:2026-09-20
2026-09-14,minas_san_francisco,cota_masl,785.1,ords:repDiaHid12m,,2026-09-22T01:12:47Z,celec_ords/2026/09/repDiaHid12m.ndjson.gz#repDiaHid12m:2026-09-20
2026-09-15,amaluza,caudal_m3s,116,ords:repDiaHid12m,,2026-09-22T01:12:47Z,celec_ords/2026/09/repDiaHid12m.ndjson.gz#repDiaHid12m:2026-09-20
2026-09-15,amaluza,cota_masl,1984.04,ords:repDiaHid12m,,2026-09-22T01:12:47Z,celec_ords/2026/09/repDiaHid12m.ndjson.gz#repDiaHid12m:2026-09-20
2026-09-15,delsitanisagua,caudal_m3s,37,ords:repDiaHid12m,,2026-09-22T01:12:47Z,celec_ords/2026/09/repDiaHid12m.ndjson.gz#repDiaHid12m:2026-09-20
2026-09-15,delsitanisagua,cota_masl,1490.82,ords:repDiaHid12m,,2026-09-22T01:12:47Z,celec_ords/2026/09/repDiaHid12m.ndjson.gz#repDiaHid12m:2026-09-20
2026-09-15,mazar,caudal_m3s,88,ords:repDiaHid12m,,2026-09-22T01:12:47Z,celec_ords/2026/09/repDiaHid12m.ndjson.gz#repDiaHid12m:2026-09-20
2026-09-15,mazar,cota_masl,2139.41,ords:repDiaHid12m,,2026-09-22T01:12:47Z,celec_ords/2026/09/repDiaHid12m.ndjson.gz#repDiaHid12m:2026-09-20
2026-09-15,minas_san_francisco,caudal_m3s,20,ords:repDiaHid12m,,2026-09-22T01:12:47Z,celec_ords/2026/09/repDiaHid12m.ndjson.gz#repDiaHid12m:2026-09-20
2026-09-15,minas_san_francisco,cota_masl,785.71,ords:repDiaHid12m,,2026-09-22T01:12:47Z,celec_ords/2026/09/repDiaHid12m.ndjson.gz#repDiaHid12m:2026-09-20
2026-09-16,amaluza,caudal_m3s,146,ords:repDiaHid12m,,2026-09-22T01:12:47Z,celec_ords/2026/09/repDiaHid12m.ndjson.gz#repDiaHid12m:2026-09-20
2026-09-16,amaluza,cota_masl,1984.06,ords:repDiaHid12m,,2026-09-22T01:12:47Z,celec_ords/2026/09/repDiaHid12m.ndjson.gz#repDiaHid12m:2026-09-20
2026-09-16,delsitanisagua,caudal_m3s,34,ords:repDiaHid12m,,2026-09-22T01:12:47Z,celec_ords/2026/09/repDiaHid12m.ndjson.gz#repDiaHid12m:2026-09-20
2026-09-16,delsitanisagua,cota_masl,1490.75,ords:repDiaHid12m,,2026-09-22T01:12:47Z,celec_ords/2026/09/repDiaHid12m.ndjson.gz#repDiaHid12m:2026-09-20
2026-09-16,mazar,caudal_m3s,46,ords:repDiaHid12m,,2026-09-22T01:12:47Z,celec_ords/2026/09/repDiaHid12m.ndjson.gz#repDiaHid12m:2026-09-20
2026-09-16,mazar,cota_masl,2138.78,ords:repDiaHid12m,,2026-09-22T01:12:47Z,celec_ords/2026/09/repDiaHid12m.ndjson.gz#repDiaHid12m:2026-09-20
2026-09-16,minas_san_francisco,caudal_m3s,19,ords:repDiaHid12m,,2026-09-22T01:12:47Z,celec_ords/2026/09/repDiaHid12m.ndjson.gz#repDiaHid12m:2026-09-20
2026-09-16,minas_san_francisco,cota_masl,787.77,ords:repDiaHid12m,,2026-09-22T01:12:47Z,celec_ords/2026/09/repDiaHid12m.ndjson.gz#repDiaHid12m:2026-09-20
2026-09-17,amaluza,caudal_m3s,166,ords:repDiaHid12m,,2026-09-22T01:12:47Z,celec_ords/2026/09/repDiaHid12m.ndjson.gz#repDiaHid12m:2026-09-20
2026-09-17,amaluza,cota_masl,1984.7,ords:repDiaHid12m,,2026-09-22T01:12:47Z,celec_ords/2026/09/repDiaHid12m.ndjson.gz#repDiaHid12m:2026-09-20
2026-09-17,delsitanisagua,caudal_m3s,56,ords:repDiaHid12m,,2026-09-22T01:12:47Z,celec_ords/2026/09/repDiaHid12m.ndjson.gz#repDiaHid12m:2026-09-20
2026-09-17,delsitanisagua,cota_masl,1490.84,ords:repDiaHid12m,,2026-09-22T01:12:47Z,celec_ords/2026/09/repDiaHid12m.ndjson.gz#repDiaHid12m:2026-09-20
2026-09-17,mazar,caudal_m3s,46,ords:repDiaHid12m,,2026-09-22T01:12:47Z,celec_ords/2026/09/repDiaHid12m.ndjson.gz#repDiaHid12m:2026-09-20
2026-09-17,mazar,cota_masl,2137.83,ords:repDiaHid12m,,2026-09-22T01:12:47Z,celec_ords/2026/09/repDiaHid12m.ndjson.gz#repDiaHid12m:2026-09-20
2026-09-17,minas_san_francisco,caudal_m3s,5,ords:repDiaHid12m,,2026-09-22T01:12:47Z,celec_ords/2026/09/repDiaHid12m.ndjson.gz#repDiaHid12m:2026-09-20
2026-09-17,minas_san_francisco,cota_masl,784.32,ords:repDiaHid12m,,2026-09-22T01:12:47Z,celec_ords/2026/09/repDiaHid12m.ndjson.gz#repDiaHid12m:2026-09-20
2026-09-18,amaluza,caudal_m3s,133,ords:repDiaHid12m,,2026-09-22T01:12:47Z,celec_ords/2026/09/repDiaHid12m.ndjson.gz#repDiaHid12m:2026-09-20
2026-09-18,amaluza,cota_masl,1985.51,ords:repDiaHid12m,,2026-09-22T01:12:47Z,celec_ords/2026/09/repDiaHid12m.ndjson.gz#repDiaHid12m:2026-09-20
2026-09-18,delsitanisagua,caudal_m3s,69,ords:repDiaHid12m,,2026-09-22T01:12:47Z,celec_ords/2026/09/repDiaHid12m.ndjson.gz#repDiaHid12m:2026-09-20
2026-09-18,delsitanisagua,cota_masl,1490.96,ords:repDiaHid12m,,2026-09-22T01:12:47Z,celec_ords/2026/09/repDiaHid12m.ndjson.gz#repDiaHid12m:2026-09-20
2026-09-18,mazar,caudal_m3s,116,ords:repDiaHid12m,,2026-09-22T01:12:47Z,celec_ords/2026/09/repDiaHid12m.ndjson.gz#repDiaHid12m:2026-09-20
2026-09-18,mazar,cota_masl,2138.05,ords:repDiaHid12m,,2026-09-22T01:12:47Z,celec_ords/2026/09/repDiaHid12m.ndjson.gz#repDiaHid12m:2026-09-20
2026-09-18,minas_san_francisco,caudal_m3s,63,ords:repDiaHid12m,,2026-09-22T01:12:47Z,celec_ords/2026/09/repDiaHid12m.ndjson.gz#repDiaHid12m:2026-09-20
2026-09-18,minas_san_francisco,cota_masl,788.5,ords:repDiaHid12m,,2026-09-22T01:12:47Z,celec_ords/2026/09/repDiaHid12m.ndjson.gz#repDiaHid12m:2026-09-20
2026-09-19,amaluza,caudal_m3s,77,ords:repDiaHid12m,,2026-09-22T01:12:47Z,celec_ords/2026/09/repDiaHid12m.ndjson.gz#repDiaHid12m:2026-09-20
2026-09-19,amaluza,cota_masl,1985.3,ords:repDiaHid12m,,2026-09-22T01:12:47Z,celec_ords/2026/09/repDiaHid12m.ndjson.gz#repDiaHid12m:2026-09-20
2026-09-19,delsitanisagua,caudal_m3s,44,ords:repDiaHid12m,,2026-09-22T01:12:47Z,celec_ords/2026/09/repDiaHid12m.ndjson.gz#repDiaHid12m:2026-09-20
2026-09-19,delsitanisagua,cota_masl,1490.88,ords:repDiaHid12m,,2026-09-22T01:12:47Z,celec_ords/2026/09/repDiaHid12m.ndjson.gz#repDiaHid12m:2026-09-20
2026-09-19,mazar,caudal_m3s,75,ords:repDiaHid12m,,2026-09-22T01:12:47Z,celec_ords/2026/09/repDiaHid12m.ndjson.gz#repDiaHid12m:2026-09-20
2026-09-19,mazar,cota_masl,2139.1,ords:repDiaHid12m,,2026-09-22T01:12:47Z,celec_ords/2026/09/repDiaHid12m.ndjson.gz#repDiaHid12m:2026-09-20
2026-09-19,minas_san_francisco,caudal_m3s,35,ords:repDiaHid12m,,2026-09-22T01:12:47Z,celec_ords/2026/09/repDiaHid12m.ndjson.gz#repDiaHid12m:2026-09-20
2026-09-19,minas_san_francisco,cota_masl,790.31,ords:repDiaHid12m,,2026-09-22T01:12:47Z,celec_ords/2026/09/repDiaHid12m.ndjson.gz#repDiaHid12m:2026-09-20
