issued,site,river_id,member,lead_days,q_m3s,store_key,etag,fetched_at
2024-07-01,agoyan,621014469,high_res,1,212.877,s3://geoglows-v2-forecasts/2024070100.zarr,0ab4c9859f4d7efcf90404b90e81a9e4-2,2026-09-25T06:27:40Z
2024-07-01,agoyan,621014469,high_res,10,147.644,s3://geoglows-v2-forecasts/2024070100.zarr,0ab4c9859f4d7efcf90404b90e81a9e4-2,2026-09-25T06:27:40Z
2024-07-01,agoyan,621014469,high_res,2,210.695,s3://geoglows-v2-forecasts/2024070100.zarr,0ab4c9859f4d7efcf90404b90e81a9e4-2,2026-09-25T06:27:40Z
2024-07-01,agoyan,621014469,high_res,3,223.966,s3://geoglows-v2-forecasts/2024070100.zarr,0ab4c9859f4d7efcf90404b90e81a9e4-2,2026-09-25T06:27:40Z
2024-07-01,agoyan,621014469,high_res,4,230.744,s3://geoglows-v2-forecasts/2024070100.zarr,0ab4c9859f4d7efcf90404b90e81a9e4-2,2026-09-25T06:27:40Z
2024-07-01,agoyan,621014469,high_res,5,230.376,s3://geoglows-v2-forecasts/2024070100.zarr,0ab4c9859f4d7efcf90404b90e81a9e4-2,2026-09-25T06:27:40Z
2024-07-01,agoyan,621014469,high_res,6,214.148,s3://geoglows-v2-forecasts/2024070100.zarr,0ab4c9859f4d7efcf90404b90e81a9e4-2,2026-09-25T06:27:40Z
2024-07-01,agoyan,621014469,high_res,7,196.049,s3://geoglows-v2-forecasts/2024070100.zarr,0ab4c9859f4d7efcf90404b90e81a9e4-2,2026-09-25T06:27:40Z
2024-07-01,agoyan,621014469,high_res,8,179.544,s3://geoglows-v2-forecasts/2024070100.zarr,0ab4c9859f4d7efcf90404b90e81a9e4-2,2026-09-25T06:27:40Z
2024-07-01,agoyan,621014469,high_res,9,162.865,s3://geoglows-v2-forecasts/2024070100.zarr,0ab4c9859f4d7efcf90404b90e81a9e4-2,2026-09-25T06:27:40Z
2024-07-01,manduriacu,670078161,high_res,1,366.564,s3://geoglows-v2-forecasts/2024070100.zarr,0ab4c9859f4d7efcf90404b90e81a9e4-2,2026-09-25T06:27:40Z
2024-07-01,manduriacu,670078161,high_res,10,271.788,s3://geoglows-v2-forecasts/2024070100.zarr,0ab4c9859f4d7efcf90404b90e81a9e4-2,2026-09-25T06:27:40Z
2024-07-01,manduriacu,670078161,high_res,2,392.311,s3://geoglows-v2-forecasts/2024070100.zarr,0ab4c9859f4d7efcf90404b90e81a9e4-2,2026-09-25T06:27:40Z
2024-07-01,manduriacu,670078161,high_res,3,411.842,s3://geoglows-v2-forecasts/2024070100.zarr,0ab4c9859f4d7efcf90404b90e81a9e4-2,2026-09-25T06:27:40Z
2024-07-01,manduriacu,670078161,high_res,4,396.106,s3://geoglows-v2-forecasts/2024070100.zarr,0ab4c9859f4d7efcf90404b90e81a9e4-2,2026-09-25T06:27:40Z
2024-07-01,manduriacu,670078161,high_res,5,381.549,s3://geoglows-v2-forecasts/2024070100.zarr,0ab4c9859f4d7efcf90404b90e81a9e4-2,2026-09-25T06:27:40Z
2024-07-01,manduriacu,670078161,high_res,6,383.541,s3://geoglows-v2-forecasts/2024070100.zarr,0ab4c9859f4d7efcf90404b90e81a9e4-2,2026-09-25T06:27:40Z
2024-07-01,manduriacu,670078161,high_res,7,359.389,s3://geoglows-v2-forecasts/2024070100.zarr,0ab4c9859f4d7efcf90404b90e81a9e4-2,2026-09-25T06:27:40Z
2024-07-01,manduriacu,670078161,high_res,8,355.993,s3://geoglows-v2-forecasts/2024070100.zarr,0ab4c9859f4d7efcf90404b90e81a9e4-2,2026-09-25T06:27:40Z
2024-07-01,manduriacu,670078161,high_res,9,329.3,s3://geoglows-v2-forecasts/2024070100.zarr,0ab4c9859f4d7efcf90404b90e81a9e4-2,2026-09-25T06:27:40Z
2024-07-01,minas_san_francisco,670027091,high_res,1,57.154,s3://geoglows-v2-forecasts/2024070100.zarr,0ab4c9859f4d7efcf90404b90e81a9e4-2,2026-09-25T06:27:40Z
2024-07-01,minas_san_francisco,670027091,high_res,10,25.898,s3://geoglows-v2-forecasts/2024070100.zarr,0ab4c9859f4d7efcf90404b90e81a9e4-2,2026-09-25T06:27:40Z
2024-07-01,minas_san_francisco,670027091,high_res,2,61.062,s3://geoglows-v2-forecasts/2024070100.zarr,0ab4c9859f4d7efcf90404b90e81a9e4-2,2026-09-25T06:27:40Z
2024-07-01,minas_san_francisco,670027091,high_res,3,82.024,s3://geoglows-v2-forecasts/2024070100.zarr,0ab4c9859f4d7efcf90404b90e81a9e4-2,2026-09-25T06:27:40Z
2024-07-01,minas_san_francisco,670027091,high_res,4,70.566,s3://geoglows-v2-forecasts/2024070100.zarr,0ab4c9859f4d7efcf90404b90e81a9e4-2,2026-09-25T06:27:40Z
2024-07-01,minas_san_francisco,670027091,high_res,5,56.559,s3://geoglows-v2-forecasts/2024070100.zarr,0ab4c9859f4d7efcf90404b90e81a9e4-2,2026-09-25T06:27:40Z
2024-07-01,minas_san_francisco,670027091,high_res,6,46.071,s3://geoglows-v2-forecasts/2024070100.zarr,0ab4c9859f4d7efcf90404b90e81a9e4-2,2026-09-25T06:27:40Z
2024-07-01,minas_san_francisco,670027091,high_res,7,40.19,s3://geoglows-v2-forecasts/2024070100.zarr,0ab4c9859f4d7efcf90404b90e81a9e4-2,2026-09-25T06:27:40Z
2024-07-01,minas_san_francisco,670027091,high_res,8,32.384,s3://geoglows-v2-forecasts/2024070100.zarr,0ab4c9859f4d7efcf90404b90e81a9e4-2,2026-09-25T06:27:40Z
2024-07-01,minas_san_francisco,670027091,high_res,9,27.611,s3://geoglows-v2-forecasts/2024070100.zarr,0ab4c9859f4d7efcf90404b90e81a9e4-2,2026-09-25T06:27:40Z
2024-07-02,agoyan,621014469,high_res,1,206.499,s3://geoglows-v2-forecasts/2024070200.zarr,2423735c8e6d9771cc5f3a4d92278c04-2,2026-09-25T06:27:43Z
2024-07-02,agoyan,621014469,high_res,10,135.935,s3://geoglows-v2-forecasts/2024070200.zarr,2423735c8e6d9771cc5f3a4d92278c04-2,2026-09-25T06:27:43Z
2024-07-02,agoyan,621014469,high_res,2,202.282,s3://geoglows-v2-forecasts/2024070200.zarr,2423735c8e6d9771cc5f3a4d92278c04-2,2026-09-25T06:27:43Z
2024-07-02,agoyan,621014469,high_res,3,210.122,s3://geoglows-v2-forecasts/2024070200.zarr,2423735c8e6d9771cc5f3a4d92278c04-2,2026-09-25T06:27:43Z
2024-07-02,agoyan,621014469,high_res,4,205.089,s3://geoglows-v2-forecasts/2024070200.zarr,2423735c8e6d9771cc5f3a4d92278c04-2,2026-09-25T06:27:43Z
2024-07-02,agoyan,621014469,high_res,5,190.655,s3://geoglows-v2-forecasts/2024070200.zarr,2423735c8e6d9771cc5f3a4d92278c04-2,2026-09-25T06:27:43Z
2024-07-02,agoyan,621014469,high_res,6,183.27,s3://geoglows-v2-forecasts/2024070200.zarr,2423735c8e6d9771cc5f3a4d92278c04-2,2026-09-25T06:27:43Z
2024-07-02,agoyan,621014469,high_res,7,171.873,s3://geoglows-v2-forecasts/2024070200.zarr,2423735c8e6d9771cc5f3a4d92278c04-2,2026-09-25T06:27:43Z
2024-07-02,agoyan,621014469,high_res,8,158.732,s3://geoglows-v2-forecasts/2024070200.zarr,2423735c8e6d9771cc5f3a4d92278c04-2,2026-09-25T06:27:43Z
2024-07-02,agoyan,621014469,high_res,9,146.921,s3://geoglows-v2-forecasts/2024070200.zarr,2423735c8e6d9771cc5f3a4d92278c04-2,2026-09-25T06:27:43Z
2024-07-02,manduriacu,670078161,high_res,1,371.742,s3://geoglows-v2-forecasts/2024070200.zarr,2423735c8e6d9771cc5f3a4d92278c04-2,2026-09-25T06:27:43Z
2024-07-02,manduriacu,670078161,high_res,10,229.909,s3://geoglows-v2-forecasts/2024070200.zarr,2423735c8e6d9771cc5f3a4d92278c04-2,2026-09-25T06:27:43Z
2024-07-02,manduriacu,670078161,high_res,2,377.022,s3://geoglows-v2-forecasts/2024070200.zarr,2423735c8e6d9771cc5f3a4d92278c04-2,2026-09-25T06:27:43Z
2024-07-02,manduriacu,670078161,high_res,3,383.055,s3://geoglows-v2-forecasts/2024070200.zarr,2423735c8e6d9771cc5f3a4d92278c04-2,2026-09-25T06:27:43Z
2024-07-02,manduriacu,670078161,high_res,4,395.732,s3://geoglows-v2-forecasts/2024070200.zarr,2423735c8e6d9771cc5f3a4d92278c04-2,2026-09-25T06:27:43Z
2024-07-02,manduriacu,670078161,high_res,5,413.775,s3://geoglows-v2-forecasts/2024070200.zarr,2423735c8e6d9771cc5f3a4d92278c04-2,2026-09-25T06:27:43Z
2024-07-02,manduriacu,670078161,high_res,6,366.978,s3://geoglows-v2-forecasts/2024070200.zarr,2423735c8e6d9771cc5f3a4d92278c04-2,2026-09-25T06:27:43Z
2024-07-02,manduriacu,670078161,high_res,7,329.375,s3://geoglows-v2-forecasts/2024070200.zarr,2423735c8e6d9771cc5f3a4d92278c04-2,2026-09-25T06:27:43Z
2024-07-02,manduriacu,670078161,high_res,8,307.214,s3://geoglows-v2-forecasts/2024070200.zarr,2423735c8e6d9771cc5f3a4d92278c04-2,2026-09-25T06:27:43Z
2024-07-02,manduriacu,670078161,high_res,9,269.38,s3://geoglows-v2-forecasts/2024070200.zarr,2423735c8e6d9771cc5f3a4d92278c04-2,2026-09-25T06:27:43Z
2024-07-02,minas_san_francisco,670027091,high_res,1,51.882,s3://geoglows-v2-forecasts/2024070200.zarr,2423735c8e6d9771cc5f3a4d92278c04-2,2026-09-25T06:27:43Z
2024-07-02,minas_san_francisco,670027091,high_res,10,24.501,s3://geoglows-v2-forecasts/2024070200.zarr,2423735c8e6d9771cc5f3a4d92278c04-2,2026-09-25T06:27:43Z
2024-07-02,minas_san_francisco,670027091,high_res,2,67.079,s3://geoglows-v2-forecasts/2024070200.zarr,2423735c8e6d9771cc5f3a4d92278c04-2,2026-09-25T06:27:43Z
2024-07-02,minas_san_francisco,670027091,high_res,3,76.291,s3://geoglows-v2-forecasts/2024070200.zarr,2423735c8e6d9771cc5f3a4d92278c04-2,2026-09-25T06:27:43Z
2024-07-02,minas_san_francisco,670027091,high_res,4,47.205,s3://geoglows-v2-forecasts/2024070200.zarr,2423735c8e6d9771cc5f3a4d92278c04-2,2026-09-25T06:27:43Z
2024-07-02,minas_san_francisco,670027091,high_res,5,45.551,s3://geoglows-v2-forecasts/2024070200.zarr,2423735c8e6d9771cc5f3a4d92278c04-2,2026-09-25T06:27:43Z
2024-07-02,minas_san_francisco,670027091,high_res,6,42.909,s3://geoglows-v2-forecasts/2024070200.zarr,2423735c8e6d9771cc5f3a4d92278c04-2,2026-09-25T06:27:43Z
2024-07-02,minas_san_francisco,670027091,high_res,7,29.582,s3://geoglows-v2-forecasts/2024070200.zarr,2423735c8e6d9771cc5f3a4d92278c04-2,2026-09-25T06:27:43Z
2024-07-02,minas_san_francisco,670027091,high_res,8,26.6,s3://geoglows-v2-forecasts/2024070200.zarr,2423735c8e6d9771cc5f3a4d92278c04-2,2026-09-25T06:27:43Z
2024-07-02,minas_san_francisco,670027091,high_res,9,25.639,s3://geoglows-v2-forecasts/2024070200.zarr,2423735c8e6d9771cc5f3a4d92278c04-2,2026-09-25T06:27:43Z
2024-07-03,agoyan,621014469,high_res,1,198.157,s3://geoglows-v2-forecasts/2024070300.zarr,9de8b56785062878641227b7d001e790-2,2026-09-25T06:27:47Z
2024-07-03,agoyan,621014469,high_res,10,133.582,s3://geoglows-v2-forecasts/2024070300.zarr,9de8b56785062878641227b7d001e790-2,2026-09-25T06:27:47Z
2024-07-03,agoyan,621014469,high_res,2,198.869,s3://geoglows-v2-forecasts/2024070300.zarr,9de8b56785062878641227b7d001e790-2,2026-09-25T06:27:47Z
2024-07-03,agoyan,621014469,high_res,3,192.519,s3://geoglows-v2-forecasts/2024070300.zarr,9de8b56785062878641227b7d001e790-2,2026-09-25T06:27:47Z
2024-07-03,agoyan,621014469,high_res,4,183.751,s3://geoglows-v2-forecasts/2024070300.zarr,9de8b56785062878641227b7d001e790-2,2026-09-25T06:27:47Z
2024-07-03,agoyan,621014469,high_res,5,177.741,s3://geoglows-v2-forecasts/2024070300.zarr,9de8b56785062878641227b7d001e790-2,2026-09-25T06:27:47Z
2024-07-03,agoyan,621014469,high_res,6,169.121,s3://geoglows-v2-forecasts/2024070300.zarr,9de8b56785062878641227b7d001e790-2,2026-09-25T06:27:47Z
2024-07-03,agoyan,621014469,high_res,7,156.503,s3://geoglows-v2-forecasts/2024070300.zarr,9de8b56785062878641227b7d001e790-2,2026-09-25T06:27:47Z
2024-07-03,agoyan,621014469,high_res,8,142.513,s3://geoglows-v2-forecasts/2024070300.zarr,9de8b56785062878641227b7d001e790-2,2026-09-25T06:27:47Z
2024-07-03,agoyan,621014469,high_res,9,135.457,s3://geoglows-v2-forecasts/2024070300.zarr,9de8b56785062878641227b7d001e790-2,2026-09-25T06:27:47Z
2024-07-03,manduriacu,670078161,high_res,1,375.914,s3://geoglows-v2-forecasts/2024070300.zarr,9de8b56785062878641227b7d001e790-2,2026-09-25T06:27:47Z
2024-07-03,manduriacu,670078161,high_res,10,230.65,s3://geoglows-v2-forecasts/2024070300.zarr,9de8b56785062878641227b7d001e790-2,2026-09-25T06:27:47Z
2024-07-03,manduriacu,670078161,high_res,2,362.435,s3://geoglows-v2-forecasts/2024070300.zarr,9de8b56785062878641227b7d001e790-2,2026-09-25T06:27:47Z
2024-07-03,manduriacu,670078161,high_res,3,337.711,s3://geoglows-v2-forecasts/2024070300.zarr,9de8b56785062878641227b7d001e790-2,2026-09-25T06:27:47Z
2024-07-03,manduriacu,670078161,high_res,4,360.162,s3://geoglows-v2-forecasts/2024070300.zarr,9de8b56785062878641227b7d001e790-2,2026-09-25T06:27:47Z
2024-07-03,manduriacu,670078161,high_res,5,319.109,s3://geoglows-v2-forecasts/2024070300.zarr,9de8b56785062878641227b7d001e790-2,2026-09-25T06:27:47Z
2024-07-03,manduriacu,670078161,high_res,6,290.11,s3://geoglows-v2-forecasts/2024070300.zarr,9de8b56785062878641227b7d001e790-2,2026-09-25T06:27:47Z
2024-07-03,manduriacu,670078161,high_res,7,275.312,s3://geoglows-v2-forecasts/2024070300.zarr,9de8b56785062878641227b7d001e790-2,2026-09-25T06:27:47Z
2024-07-03,manduriacu,670078161,high_res,8,242.628,s3://geoglows-v2-forecasts/2024070300.zarr,9de8b56785062878641227b7d001e790-2,2026-09-25T06:27:47Z
2024-07-03,manduriacu,670078161,high_res,9,256.079,s3://geoglows-v2-forecasts/2024070300.zarr,9de8b56785062878641227b7d001e790-2,2026-09-25T06:27:47Z
2024-07-03,minas_san_francisco,670027091,high_res,1,51.294,s3://geoglows-v2-forecasts/2024070300.zarr,9de8b56785062878641227b7d001e790-2,2026-09-25T06:27:47Z
2024-07-03,minas_san_francisco,670027091,high_res,10,31.598,s3://geoglows-v2-forecasts/2024070300.zarr,9de8b56785062878641227b7d001e790-2,2026-09-25T06:27:47Z
2024-07-03,minas_san_francisco,670027091,high_res,2,44.17,s3://geoglows-v2-forecasts/2024070300.zarr,9de8b56785062878641227b7d001e790-2,2026-09-25T06:27:47Z
2024-07-03,minas_san_francisco,670027091,high_res,3,38.266,s3://geoglows-v2-forecasts/2024070300.zarr,9de8b56785062878641227b7d001e790-2,2026-09-25T06:27:47Z
2024-07-03,minas_san_francisco,670027091,high_res,4,35.323,s3://geoglows-v2-forecasts/2024070300.zarr,9de8b56785062878641227b7d001e790-2,2026-09-25T06:27:47Z
2024-07-03,minas_san_francisco,670027091,high_res,5,32.419,s3://geoglows-v2-forecasts/2024070300.zarr,9de8b56785062878641227b7d001e790-2,2026-09-25T06:27:47Z
2024-07-03,minas_san_francisco,670027091,high_res,6,28.855,s3://geoglows-v2-forecasts/2024070300.zarr,9de8b56785062878641227b7d001e790-2,2026-09-25T06:27:47Z
2024-07-03,minas_san_francisco,670027091,high_res,7,27.561,s3://geoglows-v2-forecasts/2024070300.zarr,9de8b56785062878641227b7d001e790-2,2026-09-25T06:27:47Z
2024-07-03,minas_san_francisco,670027091,high_res,8,26.254,s3://geoglows-v2-forecasts/2024070300.zarr,9de8b56785062878641227b7d001e790-2,2026-09-25T06:27:47Z
2024-07-03,minas_san_francisco,670027091,high_res,9,26.891,s3://geoglows-v2-forecasts/2024070300.zarr,9de8b56785062878641227b7d001e790-2,2026-09-25T06:27:47Z
2024-07-04,agoyan,621014469,high_res,1,196.402,s3://geoglows-v2-forecasts/2024070400.zarr,c57b8abe9f3b598b6b23c47a9fb9ae58-2,2026-09-25T06:27:50Z
2024-07-04,agoyan,621014469,high_res,10,137.823,s3://geoglows-v2-forecasts/2024070400.zarr,c57b8abe9f3b598b6b23c47a9fb9ae58-2,2026-09-25T06:27:50Z
2024-07-04,agoyan,621014469,high_res,2,187.945,s3://geoglows-v2-forecasts/2024070400.zarr,c57b8abe9f3b598b6b23c47a9fb9ae58-2,2026-09-25T06:27:50Z
2024-07-04,agoyan,621014469,high_res,3,181.449,s3://geoglows-v2-forecasts/2024070400.zarr,c57b8abe9f3b598b6b23c47a9fb9ae58-2,2026-09-25T06:27:50Z
2024-07-04,agoyan,621014469,high_res,4,179.031,s3://geoglows-v2-forecasts/2024070400.zarr,c57b8abe9f3b598b6b23c47a9fb9ae58-2,2026-09-25T06:27:50Z
2024-07-04,agoyan,621014469,high_res,5,178.697,s3://geoglows-v2-forecasts/2024070400.zarr,c57b8abe9f3b598b6b23c47a9fb9ae58-2,2026-09-25T06:27:50Z
2024-07-04,agoyan,621014469,high_res,6,167.359,s3://geoglows-v2-forecasts/2024070400.zarr,c57b8abe9f3b598b6b23c47a9fb9ae58-2,2026-09-25T06:27:50Z
2024-07-04,agoyan,621014469,high_res,7,149.4,s3://geoglows-v2-forecasts/2024070400.zarr,c57b8abe9f3b598b6b23c47a9fb9ae58-2,2026-09-25T06:27:50Z
2024-07-04,agoyan,621014469,high_res,8,138.843,s3://geoglows-v2-forecasts/2024070400.zarr,c57b8abe9f3b598b6b23c47a9fb9ae58-2,2026-09-25T06:27:50Z
2024-07-04,agoyan,621014469,high_res,9,134.43,s3://geoglows-v2-forecasts/2024070400.zarr,c57b8abe9f3b598b6b23c47a9fb9ae58-2,2026-09-25T06:27:50Z
2024-07-04,manduriacu,670078161,high_res,1,358.635,s3://geoglows-v2-forecasts/2024070400.zarr,c57b8abe9f3b598b6b23c47a9fb9ae58-2,2026-09-25T06:27:50Z
2024-07-04,manduriacu,670078161,high_res,10,244.215,s3://geoglows-v2-forecasts/2024070400.zarr,c57b8abe9f3b598b6b23c47a9fb9ae58-2,2026-09-25T06:27:50Z
2024-07-04,manduriacu,670078161,high_res,2,339.409,s3://geoglows-v2-forecasts/2024070400.zarr,c57b8abe9f3b598b6b23c47a9fb9ae58-2,2026-09-25T06:27:50Z
2024-07-04,manduriacu,670078161,high_res,3,326.887,s3://geoglows-v2-forecasts/2024070400.zarr,c57b8abe9f3b598b6b23c47a9fb9ae58-2,2026-09-25T06:27:50Z
2024-07-04,manduriacu,670078161,high_res,4,307.951,s3://geoglows-v2-forecasts/2024070400.zarr,c57b8abe9f3b598b6b23c47a9fb9ae58-2,2026-09-25T06:27:50Z
2024-07-04,manduriacu,670078161,high_res,5,320.301,s3://geoglows-v2-forecasts/2024070400.zarr,c57b8abe9f3b598b6b23c47a9fb9ae58-2,2026-09-25T06:27:50Z
2024-07-04,manduriacu,670078161,high_res,6,308.148,s3://geoglows-v2-forecasts/2024070400.zarr,c57b8abe9f3b598b6b23c47a9fb9ae58-2,2026-09-25T06:27:50Z
2024-07-04,manduriacu,670078161,high_res,7,261.26,s3://geoglows-v2-forecasts/2024070400.zarr,c57b8abe9f3b598b6b23c47a9fb9ae58-2,2026-09-25T06:27:50Z
2024-07-04,manduriacu,670078161,high_res,8,251.416,s3://geoglows-v2-forecasts/2024070400.zarr,c57b8abe9f3b598b6b23c47a9fb9ae58-2,2026-09-25T06:27:50Z
2024-07-04,manduriacu,670078161,high_res,9,244.109,s3://geoglows-v2-forecasts/2024070400.zarr,c57b8abe9f3b598b6b23c47a9fb9ae58-2,2026-09-25T06:27:50Z
2024-07-04,minas_san_francisco,670027091,high_res,1,45.075,s3://geoglows-v2-forecasts/2024070400.zarr,c57b8abe9f3b598b6b23c47a9fb9ae58-2,2026-09-25T06:27:50Z
2024-07-04,minas_san_francisco,670027091,high_res,10,34.897,s3://geoglows-v2-forecasts/2024070400.zarr,c57b8abe9f3b598b6b23c47a9fb9ae58-2,2026-09-25T06:27:50Z
2024-07-04,minas_san_francisco,670027091,high_res,2,39.773,s3://geoglows-v2-forecasts/2024070400.zarr,c57b8abe9f3b598b6b23c47a9fb9ae58-2,2026-09-25T06:27:50Z
2024-07-04,minas_san_francisco,670027091,high_res,3,38.436,s3://geoglows-v2-forecasts/2024070400.zarr,c57b8abe9f3b598b6b23c47a9fb9ae58-2,2026-09-25T06:27:50Z
2024-07-04,minas_san_francisco,670027091,high_res,4,36.037,s3://geoglows-v2-forecasts/2024070400.zarr,c57b8abe9f3b598b6b23c47a9fb9ae58-2,2026-09-25T06:27:50Z
2024-07-04,minas_san_francisco,670027091,high_res,5,30.272,s3://geoglows-v2-forecasts/2024070400.zarr,c57b8abe9f3b598b6b23c47a9fb9ae58-2,2026-09-25T06:27:50Z
2024-07-04,minas_san_francisco,670027091,high_res,6,26.86,s3://geoglows-v2-forecasts/2024070400.zarr,c57b8abe9f3b598b6b23c47a9fb9ae58-2,2026-09-25T06:27:50Z
2024-07-04,minas_san_francisco,670027091,high_res,7,24.746,s3://geoglows-v2-forecasts/2024070400.zarr,c57b8abe9f3b598b6b23c47a9fb9ae58-2,2026-09-25T06:27:50Z
2024-07-04,minas_san_francisco,670027091,high_res,8,26.222,s3://geoglows-v2-forecasts/2024070400.zarr,c57b8abe9f3b598b6b23c47a9fb9ae58-2,2026-09-25T06:27:50Z
2024-07-04,minas_san_francisco,670027091,high_res,9,34.785,s3://geoglows-v2-forecasts/2024070400.zarr,c57b8abe9f3b598b6b23c47a9fb9ae58-2,2026-09-25T06:27:50Z
2024-07-05,agoyan,621014469,high_res,1,186.909,s3://geoglows-v2-forecasts/2024070500.zarr,7e2f989588828988e765416d271fc348-2,2026-09-25T06:27:54Z
2024-07-05,agoyan,621014469,high_res,10,144.331,s3://geoglows-v2-forecasts/2024070500.zarr,7e2f989588828988e765416d271fc348-2,2026-09-25T06:27:54Z
2024-07-05,agoyan,621014469,high_res,2,186.108,s3://geoglows-v2-forecasts/2024070500.zarr,7e2f989588828988e765416d271fc348-2,2026-09-25T06:27:54Z
2024-07-05,agoyan,621014469,high_res,3,199.944,s3://geoglows-v2-forecasts/2024070500.zarr,7e2f989588828988e765416d271fc348-2,2026-09-25T06:27:54Z
2024-07-05,agoyan,621014469,high_res,4,205.052,s3://geoglows-v2-forecasts/2024070500.zarr,7e2f989588828988e765416d271fc348-2,2026-09-25T06:27:54Z
2024-07-05,agoyan,621014469,high_res,5,182.649,s3://geoglows-v2-forecasts/2024070500.zarr,7e2f989588828988e765416d271fc348-2,2026-09-25T06:27:54Z
2024-07-05,agoyan,621014469,high_res,6,161.035,s3://geoglows-v2-forecasts/2024070500.zarr,7e2f989588828988e765416d271fc348-2,2026-09-25T06:27:54Z
2024-07-05,agoyan,621014469,high_res,7,141.65,s3://geoglows-v2-forecasts/2024070500.zarr,7e2f989588828988e765416d271fc348-2,2026-09-25T06:27:54Z
2024-07-05,agoyan,621014469,high_res,8,132.817,s3://geoglows-v2-forecasts/2024070500.zarr,7e2f989588828988e765416d271fc348-2,2026-09-25T06:27:54Z
2024-07-05,agoyan,621014469,high_res,9,130.803,s3://geoglows-v2-forecasts/2024070500.zarr,7e2f989588828988e765416d271fc348-2,2026-09-25T06:27:54Z
2024-07-05,manduriacu,670078161,high_res,1,336.484,s3://geoglows-v2-forecasts/2024070500.zarr,7e2f989588828988e765416d271fc348-2,2026-09-25T06:27:54Z
2024-07-05,manduriacu,670078161,high_res,10,210.021,s3://geoglows-v2-forecasts/2024070500.zarr,7e2f989588828988e765416d271fc348-2,2026-09-25T06:27:54Z
2024-07-05,manduriacu,670078161,high_res,2,321.238,s3://geoglows-v2-forecasts/2024070500.zarr,7e2f989588828988e765416d271fc348-2,2026-09-25T06:27:54Z
2024-07-05,manduriacu,670078161,high_res,3,289.118,s3://geoglows-v2-forecasts/2024070500.zarr,7e2f989588828988e765416d271fc348-2,2026-09-25T06:27:54Z
2024-07-05,manduriacu,670078161,high_res,4,293.807,s3://geoglows-v2-forecasts/2024070500.zarr,7e2f989588828988e765416d271fc348-2,2026-09-25T06:27:54Z
2024-07-05,manduriacu,670078161,high_res,5,289.267,s3://geoglows-v2-forecasts/2024070500.zarr,7e2f989588828988e765416d271fc348-2,2026-09-25T06:27:54Z
2024-07-05,manduriacu,670078161,high_res,6,272.718,s3://geoglows-v2-forecasts/2024070500.zarr,7e2f989588828988e765416d271fc348-2,2026-09-25T06:27:54Z
2024-07-05,manduriacu,670078161,high_res,7,255.119,s3://geoglows-v2-forecasts/2024070500.zarr,7e2f989588828988e765416d271fc348-2,2026-09-25T06:27:54Z
2024-07-05,manduriacu,670078161,high_res,8,256.013,s3://geoglows-v2-forecasts/2024070500.zarr,7e2f989588828988e765416d271fc348-2,2026-09-25T06:27:54Z
2024-07-05,manduriacu,670078161,high_res,9,241.815,s3://geoglows-v2-forecasts/2024070500.zarr,7e2f989588828988e765416d271fc348-2,2026-09-25T06:27:54Z
2024-07-05,minas_san_francisco,670027091,high_res,1,39.045,s3://geoglows-v2-forecasts/2024070500.zarr,7e2f989588828988e765416d271fc348-2,2026-09-25T06:27:54Z
2024-07-05,minas_san_francisco,670027091,high_res,10,24.158,s3://geoglows-v2-forecasts/2024070500.zarr,7e2f989588828988e765416d271fc348-2,2026-09-25T06:27:54Z
2024-07-05,minas_san_francisco,670027091,high_res,2,34.114,s3://geoglows-v2-forecasts/2024070500.zarr,7e2f989588828988e765416d271fc348-2,2026-09-25T06:27:54Z
2024-07-05,minas_san_francisco,670027091,high_res,3,31.206,s3://geoglows-v2-forecasts/2024070500.zarr,7e2f989588828988e765416d271fc348-2,2026-09-25T06:27:54Z
2024-07-05,minas_san_francisco,670027091,high_res,4,26.268,s3://geoglows-v2-forecasts/2024070500.zarr,7e2f989588828988e765416d271fc348-2,2026-09-25T06:27:54Z
2024-07-05,minas_san_francisco,670027091,high_res,5,24.94,s3://geoglows-v2-forecasts/2024070500.zarr,7e2f989588828988e765416d271fc348-2,2026-09-25T06:27:54Z
2024-07-05,minas_san_francisco,670027091,high_res,6,24.588,s3://geoglows-v2-forecasts/2024070500.zarr,7e2f989588828988e765416d271fc348-2,2026-09-25T06:27:54Z
2024-07-05,minas_san_francisco,670027091,high_res,7,24.191,s3://geoglows-v2-forecasts/2024070500.zarr,7e2f989588828988e765416d271fc348-2,2026-09-25T06:27:54Z
2024-07-05,minas_san_francisco,670027091,high_res,8,25.717,s3://geoglows-v2-forecasts/2024070500.zarr,7e2f989588828988e765416d271fc348-2,2026-09-25T06:27:54Z
2024-07-05,minas_san_francisco,670027091,high_res,9,26.294,s3://geoglows-v2-forecasts/2024070500.zarr,7e2f989588828988e765416d271fc348-2,2026-09-25T06:27:54Z
2024-07-06,agoyan,621014469,high_res,1,179.87,s3://geoglows-v2-forecasts/2024070600.zarr,546e38506be1e4b2f2a56321c924217a-2,2026-09-25T06:27:58Z
2024-07-06,agoyan,621014469,high_res,10,154.473,s3://geoglows-v2-forecasts/2024070600.zarr,546e38506be1e4b2f2a56321c924217a-2,2026-09-25T06:27:58Z
2024-07-06,agoyan,621014469,high_res,2,192.169,s3://geoglows-v2-forecasts/2024070600.zarr,546e38506be1e4b2f2a56321c924217a-2,2026-09-25T06:27:58Z
2024-07-06,agoyan,621014469,high_res,3,201.971,s3://geoglows-v2-forecasts/2024070600.zarr,546e38506be1e4b2f2a56321c924217a-2,2026-09-25T06:27:58Z
2024-07-06,agoyan,621014469,high_res,4,185.224,s3://geoglows-v2-forecasts/2024070600.zarr,546e38506be1e4b2f2a56321c924217a-2,2026-09-25T06:27:58Z
2024-07-06,agoyan,621014469,high_res,5,168.384,s3://geoglows-v2-forecasts/2024070600.zarr,546e38506be1e4b2f2a56321c924217a-2,2026-09-25T06:27:58Z
2024-07-06,agoyan,621014469,high_res,6,150.258,s3://geoglows-v2-forecasts/2024070600.zarr,546e38506be1e4b2f2a56321c924217a-2,2026-09-25T06:27:58Z
2024-07-06,agoyan,621014469,high_res,7,140.173,s3://geoglows-v2-forecasts/2024070600.zarr,546e38506be1e4b2f2a56321c924217a-2,2026-09-25T06:27:58Z
2024-07-06,agoyan,621014469,high_res,8,133.978,s3://geoglows-v2-forecasts/2024070600.zarr,546e38506be1e4b2f2a56321c924217a-2,2026-09-25T06:27:58Z
2024-07-06,agoyan,621014469,high_res,9,141.138,s3://geoglows-v2-forecasts/2024070600.zarr,546e38506be1e4b2f2a56321c924217a-2,2026-09-25T06:27:58Z
2024-07-06,manduriacu,670078161,high_res,1,306.679,s3://geoglows-v2-forecasts/2024070600.zarr,546e38506be1e4b2f2a56321c924217a-2,2026-09-25T06:27:58Z
2024-07-06,manduriacu,670078161,high_res,10,181.371,s3://geoglows-v2-forecasts/2024070600.zarr,546e38506be1e4b2f2a56321c924217a-2,2026-09-25T06:27:58Z
2024-07-06,manduriacu,670078161,high_res,2,266.438,s3://geoglows-v2-forecasts/2024070600.zarr,546e38506be1e4b2f2a56321c924217a-2,2026-09-25T06:27:58Z
2024-07-06,manduriacu,670078161,high_res,3,259.884,s3://geoglows-v2-forecasts/2024070600.zarr,546e38506be1e4b2f2a56321c924217a-2,2026-09-25T06:27:58Z
2024-07-06,manduriacu,670078161,high_res,4,257.377,s3://geoglows-v2-forecasts/2024070600.zarr,546e38506be1e4b2f2a56321c924217a-2,2026-09-25T06:27:58Z
2024-07-06,manduriacu,670078161,high_res,5,229.815,s3://geoglows-v2-forecasts/2024070600.zarr,546e38506be1e4b2f2a56321c924217a-2,2026-09-25T06:27:58Z
2024-07-06,manduriacu,670078161,high_res,6,211.031,s3://geoglows-v2-forecasts/2024070600.zarr,546e38506be1e4b2f2a56321c924217a-2,2026-09-25T06:27:58Z
2024-07-06,manduriacu,670078161,high_res,7,231.033,s3://geoglows-v2-forecasts/2024070600.zarr,546e38506be1e4b2f2a56321c924217a-2,2026-09-25T06:27:58Z
2024-07-06,manduriacu,670078161,high_res,8,212.364,s3://geoglows-v2-forecasts/2024070600.zarr,546e38506be1e4b2f2a56321c924217a-2,2026-09-25T06:27:58Z
2024-07-06,manduriacu,670078161,high_res,9,194.42,s3://geoglows-v2-forecasts/2024070600.zarr,546e38506be1e4b2f2a56321c924217a-2,2026-09-25T06:27:58Z
2024-07-06,minas_san_francisco,670027091,high_res,1,35.156,s3://geoglows-v2-forecasts/2024070600.zarr,546e38506be1e4b2f2a56321c924217a-2,2026-09-25T06:27:58Z
2024-07-06,minas_san_francisco,670027091,high_res,10,21.559,s3://geoglows-v2-forecasts/2024070600.zarr,546e38506be1e4b2f2a56321c924217a-2,2026-09-25T06:27:58Z
2024-07-06,minas_san_francisco,670027091,high_res,2,33.39,s3://geoglows-v2-forecasts/2024070600.zarr,546e38506be1e4b2f2a56321c924217a-2,2026-09-25T06:27:58Z
2024-07-06,minas_san_francisco,670027091,high_res,3,29.025,s3://geoglows-v2-forecasts/2024070600.zarr,546e38506be1e4b2f2a56321c924217a-2,2026-09-25T06:27:58Z
2024-07-06,minas_san_francisco,670027091,high_res,4,26.341,s3://geoglows-v2-forecasts/2024070600.zarr,546e38506be1e4b2f2a56321c924217a-2,2026-09-25T06:27:58Z
2024-07-06,minas_san_francisco,670027091,high_res,5,25.054,s3://geoglows-v2-forecasts/2024070600.zarr,546e38506be1e4b2f2a56321c924217a-2,2026-09-25T06:27:58Z
2024-07-06,minas_san_francisco,670027091,high_res,6,24.681,s3://geoglows-v2-forecasts/2024070600.zarr,546e38506be1e4b2f2a56321c924217a-2,2026-09-25T06:27:58Z
2024-07-06,minas_san_francisco,670027091,high_res,7,25.22,s3://geoglows-v2-forecasts/2024070600.zarr,546e38506be1e4b2f2a56321c924217a-2,2026-09-25T06:27:58Z
2024-07-06,minas_san_francisco,670027091,high_res,8,24.395,s3://geoglows-v2-forecasts/2024070600.zarr,546e38506be1e4b2f2a56321c924217a-2,2026-09-25T06:27:58Z
2024-07-06,minas_san_francisco,670027091,high_res,9,22.525,s3://geoglows-v2-forecasts/2024070600.zarr,546e38506be1e4b2f2a56321c924217a-2,2026-09-25T06:27:58Z
2024-07-07,agoyan,621014469,high_res,1,191.49,s3://geoglows-v2-forecasts/2024070700.zarr,b9da782816bdf7d9003daa7911d65b07-2,2026-09-25T06:28:01Z
2024-07-07,agoyan,621014469,high_res,10,148.085,s3://geoglows-v2-forecasts/2024070700.zarr,b9da782816bdf7d9003daa7911d65b07-2,2026-09-25T06:28:01Z
2024-07-07,agoyan,621014469,high_res,2,207.613,s3://geoglows-v2-forecasts/2024070700.zarr,b9da782816bdf7d9003daa7911d65b07-2,2026-09-25T06:28:01Z
2024-07-07,agoyan,621014469,high_res,3,202.462,s3://geoglows-v2-forecasts/2024070700.zarr,b9da782816bdf7d9003daa7911d65b07-2,2026-09-25T06:28:01Z
2024-07-07,agoyan,621014469,high_res,4,177.903,s3://geoglows-v2-forecasts/2024070700.zarr,b9da782816bdf7d9003daa7911d65b07-2,2026-09-25T06:28:01Z
2024-07-07,agoyan,621014469,high_res,5,158.009,s3://geoglows-v2-forecasts/2024070700.zarr,b9da782816bdf7d9003daa7911d65b07-2,2026-09-25T06:28:01Z
2024-07-07,agoyan,621014469,high_res,6,148.338,s3://geoglows-v2-forecasts/2024070700.zarr,b9da782816bdf7d9003daa7911d65b07-2,2026-09-25T06:28:01Z
2024-07-07,agoyan,621014469,high_res,7,137.392,s3://geoglows-v2-forecasts/2024070700.zarr,b9da782816bdf7d9003daa7911d65b07-2,2026-09-25T06:28:01Z
2024-07-07,agoyan,621014469,high_res,8,137.983,s3://geoglows-v2-forecasts/2024070700.zarr,b9da782816bdf7d9003daa7911d65b07-2,2026-09-25T06:28:01Z
2024-07-07,agoyan,621014469,high_res,9,155.198,s3://geoglows-v2-forecasts/2024070700.zarr,b9da782816bdf7d9003daa7911d65b07-2,2026-09-25T06:28:01Z
2024-07-07,manduriacu,670078161,high_res,1,267.798,s3://geoglows-v2-forecasts/2024070700.zarr,b9da782816bdf7d9003daa7911d65b07-2,2026-09-25T06:28:01Z
2024-07-07,manduriacu,670078161,high_res,10,166.118,s3://geoglows-v2-forecasts/2024070700.zarr,b9da782816bdf7d9003daa7911d65b07-2,2026-09-25T06:28:01Z
2024-07-07,manduriacu,670078161,high_res,2,257.714,s3://geoglows-v2-forecasts/2024070700.zarr,b9da782816bdf7d9003daa7911d65b07-2,2026-09-25T06:28:01Z
2024-07-07,manduriacu,670078161,high_res,3,253.681,s3://geoglows-v2-forecasts/2024070700.zarr,b9da782816bdf7d9003daa7911d65b07-2,2026-09-25T06:28:01Z
2024-07-07,manduriacu,670078161,high_res,4,230.478,s3://geoglows-v2-forecasts/2024070700.zarr,b9da782816bdf7d9003daa7911d65b07-2,2026-09-25T06:28:01Z
2024-07-07,manduriacu,670078161,high_res,5,218.459,s3://geoglows-v2-forecasts/2024070700.zarr,b9da782816bdf7d9003daa7911d65b07-2,2026-09-25T06:28:01Z
2024-07-07,manduriacu,670078161,high_res,6,217.87,s3://geoglows-v2-forecasts/2024070700.zarr,b9da782816bdf7d9003daa7911d65b07-2,2026-09-25T06:28:01Z
2024-07-07,manduriacu,670078161,high_res,7,207.533,s3://geoglows-v2-forecasts/2024070700.zarr,b9da782816bdf7d9003daa7911d65b07-2,2026-09-25T06:28:01Z
2024-07-07,manduriacu,670078161,high_res,8,183.795,s3://geoglows-v2-forecasts/2024070700.zarr,b9da782816bdf7d9003daa7911d65b07-2,2026-09-25T06:28:01Z
2024-07-07,manduriacu,670078161,high_res,9,174.211,s3://geoglows-v2-forecasts/2024070700.zarr,b9da782816bdf7d9003daa7911d65b07-2,2026-09-25T06:28:01Z
2024-07-07,minas_san_francisco,670027091,high_res,1,33.961,s3://geoglows-v2-forecasts/2024070700.zarr,b9da782816bdf7d9003daa7911d65b07-2,2026-09-25T06:28:01Z
2024-07-07,minas_san_francisco,670027091,high_res,10,23.29,s3://geoglows-v2-forecasts/2024070700.zarr,b9da782816bdf7d9003daa7911d65b07-2,2026-09-25T06:28:01Z
2024-07-07,minas_san_francisco,670027091,high_res,2,27.48,s3://geoglows-v2-forecasts/2024070700.zarr,b9da782816bdf7d9003daa7911d65b07-2,2026-09-25T06:28:01Z
2024-07-07,minas_san_francisco,670027091,high_res,3,26.354,s3://geoglows-v2-forecasts/2024070700.zarr,b9da782816bdf7d9003daa7911d65b07-2,2026-09-25T06:28:01Z
2024-07-07,minas_san_francisco,670027091,high_res,4,26.482,s3://geoglows-v2-forecasts/2024070700.zarr,b9da782816bdf7d9003daa7911d65b07-2,2026-09-25T06:28:01Z
2024-07-07,minas_san_francisco,670027091,high_res,5,25.914,s3://geoglows-v2-forecasts/2024070700.zarr,b9da782816bdf7d9003daa7911d65b07-2,2026-09-25T06:28:01Z
2024-07-07,minas_san_francisco,670027091,high_res,6,25.863,s3://geoglows-v2-forecasts/2024070700.zarr,b9da782816bdf7d9003daa7911d65b07-2,2026-09-25T06:28:01Z
2024-07-07,minas_san_francisco,670027091,high_res,7,24.643,s3://geoglows-v2-forecasts/2024070700.zarr,b9da782816bdf7d9003daa7911d65b07-2,2026-09-25T06:28:01Z
2024-07-07,minas_san_francisco,670027091,high_res,8,22.874,s3://geoglows-v2-forecasts/2024070700.zarr,b9da782816bdf7d9003daa7911d65b07-2,2026-09-25T06:28:01Z
2024-07-07,minas_san_francisco,670027091,high_res,9,22.033,s3://geoglows-v2-forecasts/2024070700.zarr,b9da782816bdf7d9003daa7911d65b07-2,2026-09-25T06:28:01Z
2024-07-08,agoyan,621014469,high_res,1,197.861,s3://geoglows-v2-forecasts/2024070800.zarr,dd86bb567c31c06c2d67a54cc8efb4d9-2,2026-09-25T06:28:04Z
2024-07-08,agoyan,621014469,high_res,10,155.878,s3://geoglows-v2-forecasts/2024070800.zarr,dd86bb567c31c06c2d67a54cc8efb4d9-2,2026-09-25T06:28:04Z
2024-07-08,agoyan,621014469,high_res,2,192.161,s3://geoglows-v2-forecasts/2024070800.zarr,dd86bb567c31c06c2d67a54cc8efb4d9-2,2026-09-25T06:28:04Z
2024-07-08,agoyan,621014469,high_res,3,170.126,s3://geoglows-v2-forecasts/2024070800.zarr,dd86bb567c31c06c2d67a54cc8efb4d9-2,2026-09-25T06:28:04Z
2024-07-08,agoyan,621014469,high_res,4,154.855,s3://geoglows-v2-forecasts/2024070800.zarr,dd86bb567c31c06c2d67a54cc8efb4d9-2,2026-09-25T06:28:04Z
2024-07-08,agoyan,621014469,high_res,5,146.641,s3://geoglows-v2-forecasts/2024070800.zarr,dd86bb567c31c06c2d67a54cc8efb4d9-2,2026-09-25T06:28:04Z
2024-07-08,agoyan,621014469,high_res,6,140.511,s3://geoglows-v2-forecasts/2024070800.zarr,dd86bb567c31c06c2d67a54cc8efb4d9-2,2026-09-25T06:28:04Z
2024-07-08,agoyan,621014469,high_res,7,152.67,s3://geoglows-v2-forecasts/2024070800.zarr,dd86bb567c31c06c2d67a54cc8efb4d9-2,2026-09-25T06:28:04Z
2024-07-08,agoyan,621014469,high_res,8,176.472,s3://geoglows-v2-forecasts/2024070800.zarr,dd86bb567c31c06c2d67a54cc8efb4d9-2,2026-09-25T06:28:04Z
2024-07-08,agoyan,621014469,high_res,9,168.695,s3://geoglows-v2-forecasts/2024070800.zarr,dd86bb567c31c06c2d67a54cc8efb4d9-2,2026-09-25T06:28:04Z
2024-07-08,manduriacu,670078161,high_res,1,254.15,s3://geoglows-v2-forecasts/2024070800.zarr,dd86bb567c31c06c2d67a54cc8efb4d9-2,2026-09-25T06:28:04Z
2024-07-08,manduriacu,670078161,high_res,10,165.504,s3://geoglows-v2-forecasts/2024070800.zarr,dd86bb567c31c06c2d67a54cc8efb4d9-2,2026-09-25T06:28:04Z
2024-07-08,manduriacu,670078161,high_res,2,249.036,s3://geoglows-v2-forecasts/2024070800.zarr,dd86bb567c31c06c2d67a54cc8efb4d9-2,2026-09-25T06:28:04Z
2024-07-08,manduriacu,670078161,high_res,3,226.937,s3://geoglows-v2-forecasts/2024070800.zarr,dd86bb567c31c06c2d67a54cc8efb4d9-2,2026-09-25T06:28:04Z
2024-07-08,manduriacu,670078161,high_res,4,211.505,s3://geoglows-v2-forecasts/2024070800.zarr,dd86bb567c31c06c2d67a54cc8efb4d9-2,2026-09-25T06:28:04Z
2024-07-08,manduriacu,670078161,high_res,5,217.008,s3://geoglows-v2-forecasts/2024070800.zarr,dd86bb567c31c06c2d67a54cc8efb4d9-2,2026-09-25T06:28:04Z
2024-07-08,manduriacu,670078161,high_res,6,217.939,s3://geoglows-v2-forecasts/2024070800.zarr,dd86bb567c31c06c2d67a54cc8efb4d9-2,2026-09-25T06:28:04Z
2024-07-08,manduriacu,670078161,high_res,7,193.501,s3://geoglows-v2-forecasts/2024070800.zarr,dd86bb567c31c06c2d67a54cc8efb4d9-2,2026-09-25T06:28:04Z
2024-07-08,manduriacu,670078161,high_res,8,186.268,s3://geoglows-v2-forecasts/2024070800.zarr,dd86bb567c31c06c2d67a54cc8efb4d9-2,2026-09-25T06:28:04Z
2024-07-08,manduriacu,670078161,high_res,9,173.04,s3://geoglows-v2-forecasts/2024070800.zarr,dd86bb567c31c06c2d67a54cc8efb4d9-2,2026-09-25T06:28:04Z
2024-07-08,minas_san_francisco,670027091,high_res,1,27.404,s3://geoglows-v2-forecasts/2024070800.zarr,dd86bb567c31c06c2d67a54cc8efb4d9-2,2026-09-25T06:28:04Z
2024-07-08,minas_san_francisco,670027091,high_res,10,30.897,s3://geoglows-v2-forecasts/2024070800.zarr,dd86bb567c31c06c2d67a54cc8efb4d9-2,2026-09-25T06:28:04Z
2024-07-08,minas_san_francisco,670027091,high_res,2,25.465,s3://geoglows-v2-forecasts/2024070800.zarr,dd86bb567c31c06c2d67a54cc8efb4d9-2,2026-09-25T06:28:04Z
2024-07-08,minas_san_francisco,670027091,high_res,3,25.306,s3://geoglows-v2-forecasts/2024070800.zarr,dd86bb567c31c06c2d67a54cc8efb4d9-2,2026-09-25T06:28:04Z
2024-07-08,minas_san_francisco,670027091,high_res,4,26.089,s3://geoglows-v2-forecasts/2024070800.zarr,dd86bb567c31c06c2d67a54cc8efb4d9-2,2026-09-25T06:28:04Z
2024-07-08,minas_san_francisco,670027091,high_res,5,27.423,s3://geoglows-v2-forecasts/2024070800.zarr,dd86bb567c31c06c2d67a54cc8efb4d9-2,2026-09-25T06:28:04Z
2024-07-08,minas_san_francisco,670027091,high_res,6,26.851,s3://geoglows-v2-forecasts/2024070800.zarr,dd86bb567c31c06c2d67a54cc8efb4d9-2,2026-09-25T06:28:04Z
2024-07-08,minas_san_francisco,670027091,high_res,7,24.336,s3://geoglows-v2-forecasts/2024070800.zarr,dd86bb567c31c06c2d67a54cc8efb4d9-2,2026-09-25T06:28:04Z
2024-07-08,minas_san_francisco,670027091,high_res,8,23.686,s3://geoglows-v2-forecasts/2024070800.zarr,dd86bb567c31c06c2d67a54cc8efb4d9-2,2026-09-25T06:28:04Z
2024-07-08,minas_san_francisco,670027091,high_res,9,28.792,s3://geoglows-v2-forecasts/2024070800.zarr,dd86bb567c31c06c2d67a54cc8efb4d9-2,2026-09-25T06:28:04Z
2024-07-09,agoyan,621014469,high_res,1,191.004,s3://geoglows-v2-forecasts/2024070900.zarr,d060abd535404c7728eb48090207877b-2,2026-09-25T06:28:07Z
2024-07-09,agoyan,621014469,high_res,10,160.134,s3://geoglows-v2-forecasts/2024070900.zarr,d060abd535404c7728eb48090207877b-2,2026-09-25T06:28:07Z
2024-07-09,agoyan,621014469,high_res,2,170.53,s3://geoglows-v2-forecasts/2024070900.zarr,d060abd535404c7728eb48090207877b-2,2026-09-25T06:28:07Z
2024-07-09,agoyan,621014469,high_res,3,156.734,s3://geoglows-v2-forecasts/2024070900.zarr,d060abd535404c7728eb48090207877b-2,2026-09-25T06:28:07Z
2024-07-09,agoyan,621014469,high_res,4,155.169,s3://geoglows-v2-forecasts/2024070900.zarr,d060abd535404c7728eb48090207877b-2,2026-09-25T06:28:07Z
2024-07-09,agoyan,621014469,high_res,5,151.98,s3://geoglows-v2-forecasts/2024070900.zarr,d060abd535404c7728eb48090207877b-2,2026-09-25T06:28:07Z
2024-07-09,agoyan,621014469,high_res,6,149.529,s3://geoglows-v2-forecasts/2024070900.zarr,d060abd535404c7728eb48090207877b-2,2026-09-25T06:28:07Z
2024-07-09,agoyan,621014469,high_res,7,150.432,s3://geoglows-v2-forecasts/2024070900.zarr,d060abd535404c7728eb48090207877b-2,2026-09-25T06:28:07Z
2024-07-09,agoyan,621014469,high_res,8,163.332,s3://geoglows-v2-forecasts/2024070900.zarr,d060abd535404c7728eb48090207877b-2,2026-09-25T06:28:07Z
2024-07-09,agoyan,621014469,high_res,9,172.062,s3://geoglows-v2-forecasts/2024070900.zarr,d060abd535404c7728eb48090207877b-2,2026-09-25T06:28:07Z
2024-07-09,manduriacu,670078161,high_res,1,246.642,s3://geoglows-v2-forecasts/2024070900.zarr,d060abd535404c7728eb48090207877b-2,2026-09-25T06:28:07Z
2024-07-09,manduriacu,670078161,high_res,10,168.782,s3://geoglows-v2-forecasts/2024070900.zarr,d060abd535404c7728eb48090207877b-2,2026-09-25T06:28:07Z
2024-07-09,manduriacu,670078161,high_res,2,235.961,s3://geoglows-v2-forecasts/2024070900.zarr,d060abd535404c7728eb48090207877b-2,2026-09-25T06:28:07Z
2024-07-09,manduriacu,670078161,high_res,3,240.493,s3://geoglows-v2-forecasts/2024070900.zarr,d060abd535404c7728eb48090207877b-2,2026-09-25T06:28:07Z
2024-07-09,manduriacu,670078161,high_res,4,237.142,s3://geoglows-v2-forecasts/2024070900.zarr,d060abd535404c7728eb48090207877b-2,2026-09-25T06:28:07Z
2024-07-09,manduriacu,670078161,high_res,5,248.732,s3://geoglows-v2-forecasts/2024070900.zarr,d060abd535404c7728eb48090207877b-2,2026-09-25T06:28:07Z
2024-07-09,manduriacu,670078161,high_res,6,215.078,s3://geoglows-v2-forecasts/2024070900.zarr,d060abd535404c7728eb48090207877b-2,2026-09-25T06:28:07Z
2024-07-09,manduriacu,670078161,high_res,7,203.572,s3://geoglows-v2-forecasts/2024070900.zarr,d060abd535404c7728eb48090207877b-2,2026-09-25T06:28:07Z
2024-07-09,manduriacu,670078161,high_res,8,194.288,s3://geoglows-v2-forecasts/2024070900.zarr,d060abd535404c7728eb48090207877b-2,2026-09-25T06:28:07Z
2024-07-09,manduriacu,670078161,high_res,9,177.376,s3://geoglows-v2-forecasts/2024070900.zarr,d060abd535404c7728eb48090207877b-2,2026-09-25T06:28:07Z
2024-07-09,minas_san_francisco,670027091,high_res,1,25.401,s3://geoglows-v2-forecasts/2024070900.zarr,d060abd535404c7728eb48090207877b-2,2026-09-25T06:28:07Z
2024-07-09,minas_san_francisco,670027091,high_res,10,26.898,s3://geoglows-v2-forecasts/2024070900.zarr,d060abd535404c7728eb48090207877b-2,2026-09-25T06:28:07Z
2024-07-09,minas_san_francisco,670027091,high_res,2,24.804,s3://geoglows-v2-forecasts/2024070900.zarr,d060abd535404c7728eb48090207877b-2,2026-09-25T06:28:07Z
2024-07-09,minas_san_francisco,670027091,high_res,3,27.223,s3://geoglows-v2-forecasts/2024070900.zarr,d060abd535404c7728eb48090207877b-2,2026-09-25T06:28:07Z
2024-07-09,minas_san_francisco,670027091,high_res,4,32.897,s3://geoglows-v2-forecasts/2024070900.zarr,d060abd535404c7728eb48090207877b-2,2026-09-25T06:28:07Z
2024-07-09,minas_san_francisco,670027091,high_res,5,31.758,s3://geoglows-v2-forecasts/2024070900.zarr,d060abd535404c7728eb48090207877b-2,2026-09-25T06:28:07Z
2024-07-09,minas_san_francisco,670027091,high_res,6,26.341,s3://geoglows-v2-forecasts/2024070900.zarr,d060abd535404c7728eb48090207877b-2,2026-09-25T06:28:07Z
2024-07-09,minas_san_francisco,670027091,high_res,7,24.148,s3://geoglows-v2-forecasts/2024070900.zarr,d060abd535404c7728eb48090207877b-2,2026-09-25T06:28:07Z
2024-07-09,minas_san_francisco,670027091,high_res,8,23.479,s3://geoglows-v2-forecasts/2024070900.zarr,d060abd535404c7728eb48090207877b-2,2026-09-25T06:28:07Z
2024-07-09,minas_san_francisco,670027091,high_res,9,23.377,s3://geoglows-v2-forecasts/2024070900.zarr,d060abd535404c7728eb48090207877b-2,2026-09-25T06:28:07Z
2024-07-10,agoyan,621014469,high_res,1,170.287,s3://geoglows-v2-forecasts/2024071000.zarr,a9661a625897623b839657a5cdd44b3d-2,2026-09-25T06:28:10Z
2024-07-10,agoyan,621014469,high_res,10,150.074,s3://geoglows-v2-forecasts/2024071000.zarr,a9661a625897623b839657a5cdd44b3d-2,2026-09-25T06:28:10Z
2024-07-10,agoyan,621014469,high_res,2,150.994,s3://geoglows-v2-forecasts/2024071000.zarr,a9661a625897623b839657a5cdd44b3d-2,2026-09-25T06:28:10Z
2024-07-10,agoyan,621014469,high_res,3,146.249,s3://geoglows-v2-forecasts/2024071000.zarr,a9661a625897623b839657a5cdd44b3d-2,2026-09-25T06:28:10Z
2024-07-10,agoyan,621014469,high_res,4,151.961,s3://geoglows-v2-forecasts/2024071000.zarr,a9661a625897623b839657a5cdd44b3d-2,2026-09-25T06:28:10Z
2024-07-10,agoyan,621014469,high_res,5,168.163,s3://geoglows-v2-forecasts/2024071000.zarr,a9661a625897623b839657a5cdd44b3d-2,2026-09-25T06:28:10Z
2024-07-10,agoyan,621014469,high_res,6,173.966,s3://geoglows-v2-forecasts/2024071000.zarr,a9661a625897623b839657a5cdd44b3d-2,2026-09-25T06:28:10Z
2024-07-10,agoyan,621014469,high_res,7,181.631,s3://geoglows-v2-forecasts/2024071000.zarr,a9661a625897623b839657a5cdd44b3d-2,2026-09-25T06:28:10Z
2024-07-10,agoyan,621014469,high_res,8,175.065,s3://geoglows-v2-forecasts/2024071000.zarr,a9661a625897623b839657a5cdd44b3d-2,2026-09-25T06:28:10Z
2024-07-10,agoyan,621014469,high_res,9,163.882,s3://geoglows-v2-forecasts/2024071000.zarr,a9661a625897623b839657a5cdd44b3d-2,2026-09-25T06:28:10Z
2024-07-10,manduriacu,670078161,high_res,1,226.065,s3://geoglows-v2-forecasts/2024071000.zarr,a9661a625897623b839657a5cdd44b3d-2,2026-09-25T06:28:10Z
2024-07-10,manduriacu,670078161,high_res,10,172.37,s3://geoglows-v2-forecasts/2024071000.zarr,a9661a625897623b839657a5cdd44b3d-2,2026-09-25T06:28:10Z
2024-07-10,manduriacu,670078161,high_res,2,215.542,s3://geoglows-v2-forecasts/2024071000.zarr,a9661a625897623b839657a5cdd44b3d-2,2026-09-25T06:28:10Z
2024-07-10,manduriacu,670078161,high_res,3,228.924,s3://geoglows-v2-forecasts/2024071000.zarr,a9661a625897623b839657a5cdd44b3d-2,2026-09-25T06:28:10Z
2024-07-10,manduriacu,670078161,high_res,4,229.971,s3://geoglows-v2-forecasts/2024071000.zarr,a9661a625897623b839657a5cdd44b3d-2,2026-09-25T06:28:10Z
2024-07-10,manduriacu,670078161,high_res,5,210.872,s3://geoglows-v2-forecasts/2024071000.zarr,a9661a625897623b839657a5cdd44b3d-2,2026-09-25T06:28:10Z
2024-07-10,manduriacu,670078161,high_res,6,211.858,s3://geoglows-v2-forecasts/2024071000.zarr,a9661a625897623b839657a5cdd44b3d-2,2026-09-25T06:28:10Z
2024-07-10,manduriacu,670078161,high_res,7,199.199,s3://geoglows-v2-forecasts/2024071000.zarr,a9661a625897623b839657a5cdd44b3d-2,2026-09-25T06:28:10Z
2024-07-10,manduriacu,670078161,high_res,8,181.253,s3://geoglows-v2-forecasts/2024071000.zarr,a9661a625897623b839657a5cdd44b3d-2,2026-09-25T06:28:10Z
2024-07-10,manduriacu,670078161,high_res,9,178.245,s3://geoglows-v2-forecasts/2024071000.zarr,a9661a625897623b839657a5cdd44b3d-2,2026-09-25T06:28:10Z
2024-07-10,minas_san_francisco,670027091,high_res,1,24.508,s3://geoglows-v2-forecasts/2024071000.zarr,a9661a625897623b839657a5cdd44b3d-2,2026-09-25T06:28:10Z
2024-07-10,minas_san_francisco,670027091,high_res,10,25.36,s3://geoglows-v2-forecasts/2024071000.zarr,a9661a625897623b839657a5cdd44b3d-2,2026-09-25T06:28:10Z
2024-07-10,minas_san_francisco,670027091,high_res,2,25.334,s3://geoglows-v2-forecasts/2024071000.zarr,a9661a625897623b839657a5cdd44b3d-2,2026-09-25T06:28:10Z
2024-07-10,minas_san_francisco,670027091,high_res,3,27.497,s3://geoglows-v2-forecasts/2024071000.zarr,a9661a625897623b839657a5cdd44b3d-2,2026-09-25T06:28:10Z
2024-07-10,minas_san_francisco,670027091,high_res,4,26.93,s3://geoglows-v2-forecasts/2024071000.zarr,a9661a625897623b839657a5cdd44b3d-2,2026-09-25T06:28:10Z
2024-07-10,minas_san_francisco,670027091,high_res,5,25.808,s3://geoglows-v2-forecasts/2024071000.zarr,a9661a625897623b839657a5cdd44b3d-2,2026-09-25T06:28:10Z
2024-07-10,minas_san_francisco,670027091,high_res,6,27.196,s3://geoglows-v2-forecasts/2024071000.zarr,a9661a625897623b839657a5cdd44b3d-2,2026-09-25T06:28:10Z
2024-07-10,minas_san_francisco,670027091,high_res,7,27.303,s3://geoglows-v2-forecasts/2024071000.zarr,a9661a625897623b839657a5cdd44b3d-2,2026-09-25T06:28:10Z
2024-07-10,minas_san_francisco,670027091,high_res,8,25.836,s3://geoglows-v2-forecasts/2024071000.zarr,a9661a625897623b839657a5cdd44b3d-2,2026-09-25T06:28:10Z
2024-07-10,minas_san_francisco,670027091,high_res,9,24.62,s3://geoglows-v2-forecasts/2024071000.zarr,a9661a625897623b839657a5cdd44b3d-2,2026-09-25T06:28:10Z
2024-07-11,agoyan,621014469,high_res,1,151.664,s3://geoglows-v2-forecasts/2024071100.zarr,a7eeea278c3600a67d2edbdd5cba6382-2,2026-09-25T06:28:14Z
2024-07-11,agoyan,621014469,high_res,10,151.388,s3://geoglows-v2-forecasts/2024071100.zarr,a7eeea278c3600a67d2edbdd5cba6382-2,2026-09-25T06:28:14Z
2024-07-11,agoyan,621014469,high_res,2,145.228,s3://geoglows-v2-forecasts/2024071100.zarr,a7eeea278c3600a67d2edbdd5cba6382-2,2026-09-25T06:28:14Z
2024-07-11,agoyan,621014469,high_res,3,155.157,s3://geoglows-v2-forecasts/2024071100.zarr,a7eeea278c3600a67d2edbdd5cba6382-2,2026-09-25T06:28:14Z
2024-07-11,agoyan,621014469,high_res,4,186.871,s3://geoglows-v2-forecasts/2024071100.zarr,a7eeea278c3600a67d2edbdd5cba6382-2,2026-09-25T06:28:14Z
2024-07-11,agoyan,621014469,high_res,5,206.803,s3://geoglows-v2-forecasts/2024071100.zarr,a7eeea278c3600a67d2edbdd5cba6382-2,2026-09-25T06:28:14Z
2024-07-11,agoyan,621014469,high_res,6,211.566,s3://geoglows-v2-forecasts/2024071100.zarr,a7eeea278c3600a67d2edbdd5cba6382-2,2026-09-25T06:28:14Z
2024-07-11,agoyan,621014469,high_res,7,201.591,s3://geoglows-v2-forecasts/2024071100.zarr,a7eeea278c3600a67d2edbdd5cba6382-2,2026-09-25T06:28:14Z
2024-07-11,agoyan,621014469,high_res,8,179.275,s3://geoglows-v2-forecasts/2024071100.zarr,a7eeea278c3600a67d2edbdd5cba6382-2,2026-09-25T06:28:14Z
2024-07-11,agoyan,621014469,high_res,9,163.219,s3://geoglows-v2-forecasts/2024071100.zarr,a7eeea278c3600a67d2edbdd5cba6382-2,2026-09-25T06:28:14Z
2024-07-11,manduriacu,670078161,high_res,1,204.029,s3://geoglows-v2-forecasts/2024071100.zarr,a7eeea278c3600a67d2edbdd5cba6382-2,2026-09-25T06:28:14Z
2024-07-11,manduriacu,670078161,high_res,10,166.917,s3://geoglows-v2-forecasts/2024071100.zarr,a7eeea278c3600a67d2edbdd5cba6382-2,2026-09-25T06:28:14Z
2024-07-11,manduriacu,670078161,high_res,2,222.427,s3://geoglows-v2-forecasts/2024071100.zarr,a7eeea278c3600a67d2edbdd5cba6382-2,2026-09-25T06:28:14Z
2024-07-11,manduriacu,670078161,high_res,3,213.718,s3://geoglows-v2-forecasts/2024071100.zarr,a7eeea278c3600a67d2edbdd5cba6382-2,2026-09-25T06:28:14Z
2024-07-11,manduriacu,670078161,high_res,4,207.191,s3://geoglows-v2-forecasts/2024071100.zarr,a7eeea278c3600a67d2edbdd5cba6382-2,2026-09-25T06:28:14Z
2024-07-11,manduriacu,670078161,high_res,5,219.29,s3://geoglows-v2-forecasts/2024071100.zarr,a7eeea278c3600a67d2edbdd5cba6382-2,2026-09-25T06:28:14Z
2024-07-11,manduriacu,670078161,high_res,6,209.043,s3://geoglows-v2-forecasts/2024071100.zarr,a7eeea278c3600a67d2edbdd5cba6382-2,2026-09-25T06:28:14Z
2024-07-11,manduriacu,670078161,high_res,7,191.507,s3://geoglows-v2-forecasts/2024071100.zarr,a7eeea278c3600a67d2edbdd5cba6382-2,2026-09-25T06:28:14Z
2024-07-11,manduriacu,670078161,high_res,8,187.795,s3://geoglows-v2-forecasts/2024071100.zarr,a7eeea278c3600a67d2edbdd5cba6382-2,2026-09-25T06:28:14Z
2024-07-11,manduriacu,670078161,high_res,9,180.737,s3://geoglows-v2-forecasts/2024071100.zarr,a7eeea278c3600a67d2edbdd5cba6382-2,2026-09-25T06:28:14Z
2024-07-11,minas_san_francisco,670027091,high_res,1,24.56,s3://geoglows-v2-forecasts/2024071100.zarr,a7eeea278c3600a67d2edbdd5cba6382-2,2026-09-25T06:28:14Z
2024-07-11,minas_san_francisco,670027091,high_res,10,23.646,s3://geoglows-v2-forecasts/2024071100.zarr,a7eeea278c3600a67d2edbdd5cba6382-2,2026-09-25T06:28:14Z
2024-07-11,minas_san_francisco,670027091,high_res,2,26.162,s3://geoglows-v2-forecasts/2024071100.zarr,a7eeea278c3600a67d2edbdd5cba6382-2,2026-09-25T06:28:14Z
2024-07-11,minas_san_francisco,670027091,high_res,3,27.194,s3://geoglows-v2-forecasts/2024071100.zarr,a7eeea278c3600a67d2edbdd5cba6382-2,2026-09-25T06:28:14Z
2024-07-11,minas_san_francisco,670027091,high_res,4,26.75,s3://geoglows-v2-forecasts/2024071100.zarr,a7eeea278c3600a67d2edbdd5cba6382-2,2026-09-25T06:28:14Z
2024-07-11,minas_san_francisco,670027091,high_res,5,27.012,s3://geoglows-v2-forecasts/2024071100.zarr,a7eeea278c3600a67d2edbdd5cba6382-2,2026-09-25T06:28:14Z
2024-07-11,minas_san_francisco,670027091,high_res,6,30.352,s3://geoglows-v2-forecasts/2024071100.zarr,a7eeea278c3600a67d2edbdd5cba6382-2,2026-09-25T06:28:14Z
2024-07-11,minas_san_francisco,670027091,high_res,7,27.997,s3://geoglows-v2-forecasts/2024071100.zarr,a7eeea278c3600a67d2edbdd5cba6382-2,2026-09-25T06:28:14Z
2024-07-11,minas_san_francisco,670027091,high_res,8,25.863,s3://geoglows-v2-forecasts/2024071100.zarr,a7eeea278c3600a67d2edbdd5cba6382-2,2026-09-25T06:28:14Z
2024-07-11,minas_san_francisco,670027091,high_res,9,27.733,s3://geoglows-v2-forecasts/2024071100.zarr,a7eeea278c3600a67d2edbdd5cba6382-2,2026-09-25T06:28:14Z
2024-07-12,agoyan,621014469,high_res,1,141.671,s3://geoglows-v2-forecasts/2024071200.zarr,557fe8b5bb9dfdd6249a9c6bd902cd9f-2,2026-09-25T06:28:17Z
2024-07-12,agoyan,621014469,high_res,10,134.949,s3://geoglows-v2-forecasts/2024071200.zarr,557fe8b5bb9dfdd6249a9c6bd902cd9f-2,2026-09-25T06:28:17Z
2024-07-12,agoyan,621014469,high_res,2,155.195,s3://geoglows-v2-forecasts/2024071200.zarr,557fe8b5bb9dfdd6249a9c6bd902cd9f-2,2026-09-25T06:28:17Z
2024-07-12,agoyan,621014469,high_res,3,185.29,s3://geoglows-v2-forecasts/2024071200.zarr,557fe8b5bb9dfdd6249a9c6bd902cd9f-2,2026-09-25T06:28:17Z
2024-07-12,agoyan,621014469,high_res,4,205.927,s3://geoglows-v2-forecasts/2024071200.zarr,557fe8b5bb9dfdd6249a9c6bd902cd9f-2,2026-09-25T06:28:17Z
2024-07-12,agoyan,621014469,high_res,5,190.699,s3://geoglows-v2-forecasts/2024071200.zarr,557fe8b5bb9dfdd6249a9c6bd902cd9f-2,2026-09-25T06:28:17Z
2024-07-12,agoyan,621014469,high_res,6,186.736,s3://geoglows-v2-forecasts/2024071200.zarr,557fe8b5bb9dfdd6249a9c6bd902cd9f-2,2026-09-25T06:28:17Z
2024-07-12,agoyan,621014469,high_res,7,166.504,s3://geoglows-v2-forecasts/2024071200.zarr,557fe8b5bb9dfdd6249a9c6bd902cd9f-2,2026-09-25T06:28:17Z
2024-07-12,agoyan,621014469,high_res,8,149.06,s3://geoglows-v2-forecasts/2024071200.zarr,557fe8b5bb9dfdd6249a9c6bd902cd9f-2,2026-09-25T06:28:17Z
2024-07-12,agoyan,621014469,high_res,9,139.826,s3://geoglows-v2-forecasts/2024071200.zarr,557fe8b5bb9dfdd6249a9c6bd902cd9f-2,2026-09-25T06:28:17Z
2024-07-12,manduriacu,670078161,high_res,1,194.052,s3://geoglows-v2-forecasts/2024071200.zarr,557fe8b5bb9dfdd6249a9c6bd902cd9f-2,2026-09-25T06:28:17Z
2024-07-12,manduriacu,670078161,high_res,10,155.619,s3://geoglows-v2-forecasts/2024071200.zarr,557fe8b5bb9dfdd6249a9c6bd902cd9f-2,2026-09-25T06:28:17Z
2024-07-12,manduriacu,670078161,high_res,2,222.59,s3://geoglows-v2-forecasts/2024071200.zarr,557fe8b5bb9dfdd6249a9c6bd902cd9f-2,2026-09-25T06:28:17Z
2024-07-12,manduriacu,670078161,high_res,3,205.382,s3://geoglows-v2-forecasts/2024071200.zarr,557fe8b5bb9dfdd6249a9c6bd902cd9f-2,2026-09-25T06:28:17Z
2024-07-12,manduriacu,670078161,high_res,4,200.83,s3://geoglows-v2-forecasts/2024071200.zarr,557fe8b5bb9dfdd6249a9c6bd902cd9f-2,2026-09-25T06:28:17Z
2024-07-12,manduriacu,670078161,high_res,5,182.259,s3://geoglows-v2-forecasts/2024071200.zarr,557fe8b5bb9dfdd6249a9c6bd902cd9f-2,2026-09-25T06:28:17Z
2024-07-12,manduriacu,670078161,high_res,6,177.501,s3://geoglows-v2-forecasts/2024071200.zarr,557fe8b5bb9dfdd6249a9c6bd902cd9f-2,2026-09-25T06:28:17Z
2024-07-12,manduriacu,670078161,high_res,7,178.666,s3://geoglows-v2-forecasts/2024071200.zarr,557fe8b5bb9dfdd6249a9c6bd902cd9f-2,2026-09-25T06:28:17Z
2024-07-12,manduriacu,670078161,high_res,8,169.909,s3://geoglows-v2-forecasts/2024071200.zarr,557fe8b5bb9dfdd6249a9c6bd902cd9f-2,2026-09-25T06:28:17Z
2024-07-12,manduriacu,670078161,high_res,9,162.046,s3://geoglows-v2-forecasts/2024071200.zarr,557fe8b5bb9dfdd6249a9c6bd902cd9f-2,2026-09-25T06:28:17Z
2024-07-12,minas_san_francisco,670027091,high_res,1,25.951,s3://geoglows-v2-forecasts/2024071200.zarr,557fe8b5bb9dfdd6249a9c6bd902cd9f-2,2026-09-25T06:28:17Z
2024-07-12,minas_san_francisco,670027091,high_res,10,20.579,s3://geoglows-v2-forecasts/2024071200.zarr,557fe8b5bb9dfdd6249a9c6bd902cd9f-2,2026-09-25T06:28:17Z
2024-07-12,minas_san_francisco,670027091,high_res,2,28.311,s3://geoglows-v2-forecasts/2024071200.zarr,557fe8b5bb9dfdd6249a9c6bd902cd9f-2,2026-09-25T06:28:17Z
2024-07-12,minas_san_francisco,670027091,high_res,3,29.289,s3://geoglows-v2-forecasts/2024071200.zarr,557fe8b5bb9dfdd6249a9c6bd902cd9f-2,2026-09-25T06:28:17Z
2024-07-12,minas_san_francisco,670027091,high_res,4,29.051,s3://geoglows-v2-forecasts/2024071200.zarr,557fe8b5bb9dfdd6249a9c6bd902cd9f-2,2026-09-25T06:28:17Z
2024-07-12,minas_san_francisco,670027091,high_res,5,28.557,s3://geoglows-v2-forecasts/2024071200.zarr,557fe8b5bb9dfdd6249a9c6bd902cd9f-2,2026-09-25T06:28:17Z
2024-07-12,minas_san_francisco,670027091,high_res,6,25.769,s3://geoglows-v2-forecasts/2024071200.zarr,557fe8b5bb9dfdd6249a9c6bd902cd9f-2,2026-09-25T06:28:17Z
2024-07-12,minas_san_francisco,670027091,high_res,7,25.512,s3://geoglows-v2-forecasts/2024071200.zarr,557fe8b5bb9dfdd6249a9c6bd902cd9f-2,2026-09-25T06:28:17Z
2024-07-12,minas_san_francisco,670027091,high_res,8,27.525,s3://geoglows-v2-forecasts/2024071200.zarr,557fe8b5bb9dfdd6249a9c6bd902cd9f-2,2026-09-25T06:28:17Z
2024-07-12,minas_san_francisco,670027091,high_res,9,23.594,s3://geoglows-v2-forecasts/2024071200.zarr,557fe8b5bb9dfdd6249a9c6bd902cd9f-2,2026-09-25T06:28:17Z
2024-07-13,agoyan,621014469,high_res,1,163.786,s3://geoglows-v2-forecasts/2024071300.zarr,a3b0e0eb0c1acdd3f59bb5f1ee51af1b-2,2026-09-25T06:28:21Z
2024-07-13,agoyan,621014469,high_res,10,147.49,s3://geoglows-v2-forecasts/2024071300.zarr,a3b0e0eb0c1acdd3f59bb5f1ee51af1b-2,2026-09-25T06:28:21Z
2024-07-13,agoyan,621014469,high_res,2,221.287,s3://geoglows-v2-forecasts/2024071300.zarr,a3b0e0eb0c1acdd3f59bb5f1ee51af1b-2,2026-09-25T06:28:21Z
2024-07-13,agoyan,621014469,high_res,3,289.793,s3://geoglows-v2-forecasts/2024071300.zarr,a3b0e0eb0c1acdd3f59bb5f1ee51af1b-2,2026-09-25T06:28:21Z
2024-07-13,agoyan,621014469,high_res,4,268.644,s3://geoglows-v2-forecasts/2024071300.zarr,a3b0e0eb0c1acdd3f59bb5f1ee51af1b-2,2026-09-25T06:28:21Z
2024-07-13,agoyan,621014469,high_res,5,242.529,s3://geoglows-v2-forecasts/2024071300.zarr,a3b0e0eb0c1acdd3f59bb5f1ee51af1b-2,2026-09-25T06:28:21Z
2024-07-13,agoyan,621014469,high_res,6,213.552,s3://geoglows-v2-forecasts/2024071300.zarr,a3b0e0eb0c1acdd3f59bb5f1ee51af1b-2,2026-09-25T06:28:21Z
2024-07-13,agoyan,621014469,high_res,7,185.877,s3://geoglows-v2-forecasts/2024071300.zarr,a3b0e0eb0c1acdd3f59bb5f1ee51af1b-2,2026-09-25T06:28:21Z
2024-07-13,agoyan,621014469,high_res,8,160.086,s3://geoglows-v2-forecasts/2024071300.zarr,a3b0e0eb0c1acdd3f59bb5f1ee51af1b-2,2026-09-25T06:28:21Z
2024-07-13,agoyan,621014469,high_res,9,149.942,s3://geoglows-v2-forecasts/2024071300.zarr,a3b0e0eb0c1acdd3f59bb5f1ee51af1b-2,2026-09-25T06:28:21Z
2024-07-13,manduriacu,670078161,high_res,1,191.093,s3://geoglows-v2-forecasts/2024071300.zarr,a3b0e0eb0c1acdd3f59bb5f1ee51af1b-2,2026-09-25T06:28:21Z
2024-07-13,manduriacu,670078161,high_res,10,163.169,s3://geoglows-v2-forecasts/2024071300.zarr,a3b0e0eb0c1acdd3f59bb5f1ee51af1b-2,2026-09-25T06:28:21Z
2024-07-13,manduriacu,670078161,high_res,2,180.828,s3://geoglows-v2-forecasts/2024071300.zarr,a3b0e0eb0c1acdd3f59bb5f1ee51af1b-2,2026-09-25T06:28:21Z
2024-07-13,manduriacu,670078161,high_res,3,182.114,s3://geoglows-v2-forecasts/2024071300.zarr,a3b0e0eb0c1acdd3f59bb5f1ee51af1b-2,2026-09-25T06:28:21Z
2024-07-13,manduriacu,670078161,high_res,4,176.921,s3://geoglows-v2-forecasts/2024071300.zarr,a3b0e0eb0c1acdd3f59bb5f1ee51af1b-2,2026-09-25T06:28:21Z
2024-07-13,manduriacu,670078161,high_res,5,182.285,s3://geoglows-v2-forecasts/2024071300.zarr,a3b0e0eb0c1acdd3f59bb5f1ee51af1b-2,2026-09-25T06:28:21Z
2024-07-13,manduriacu,670078161,high_res,6,192.155,s3://geoglows-v2-forecasts/2024071300.zarr,a3b0e0eb0c1acdd3f59bb5f1ee51af1b-2,2026-09-25T06:28:21Z
2024-07-13,manduriacu,670078161,high_res,7,181.085,s3://geoglows-v2-forecasts/2024071300.zarr,a3b0e0eb0c1acdd3f59bb5f1ee51af1b-2,2026-09-25T06:28:21Z
2024-07-13,manduriacu,670078161,high_res,8,166.515,s3://geoglows-v2-forecasts/2024071300.zarr,a3b0e0eb0c1acdd3f59bb5f1ee51af1b-2,2026-09-25T06:28:21Z
2024-07-13,manduriacu,670078161,high_res,9,162.42,s3://geoglows-v2-forecasts/2024071300.zarr,a3b0e0eb0c1acdd3f59bb5f1ee51af1b-2,2026-09-25T06:28:21Z
2024-07-13,minas_san_francisco,670027091,high_res,1,26.024,s3://geoglows-v2-forecasts/2024071300.zarr,a3b0e0eb0c1acdd3f59bb5f1ee51af1b-2,2026-09-25T06:28:21Z
2024-07-13,minas_san_francisco,670027091,high_res,10,22.194,s3://geoglows-v2-forecasts/2024071300.zarr,a3b0e0eb0c1acdd3f59bb5f1ee51af1b-2,2026-09-25T06:28:21Z
2024-07-13,minas_san_francisco,670027091,high_res,2,31.987,s3://geoglows-v2-forecasts/2024071300.zarr,a3b0e0eb0c1acdd3f59bb5f1ee51af1b-2,2026-09-25T06:28:21Z
2024-07-13,minas_san_francisco,670027091,high_res,3,39.26,s3://geoglows-v2-forecasts/2024071300.zarr,a3b0e0eb0c1acdd3f59bb5f1ee51af1b-2,2026-09-25T06:28:21Z
2024-07-13,minas_san_francisco,670027091,high_res,4,44.703,s3://geoglows-v2-forecasts/2024071300.zarr,a3b0e0eb0c1acdd3f59bb5f1ee51af1b-2,2026-09-25T06:28:21Z
2024-07-13,minas_san_francisco,670027091,high_res,5,34.794,s3://geoglows-v2-forecasts/2024071300.zarr,a3b0e0eb0c1acdd3f59bb5f1ee51af1b-2,2026-09-25T06:28:21Z
2024-07-13,minas_san_francisco,670027091,high_res,6,29.305,s3://geoglows-v2-forecasts/2024071300.zarr,a3b0e0eb0c1acdd3f59bb5f1ee51af1b-2,2026-09-25T06:28:21Z
2024-07-13,minas_san_francisco,670027091,high_res,7,29.804,s3://geoglows-v2-forecasts/2024071300.zarr,a3b0e0eb0c1acdd3f59bb5f1ee51af1b-2,2026-09-25T06:28:21Z
2024-07-13,minas_san_francisco,670027091,high_res,8,25.485,s3://geoglows-v2-forecasts/2024071300.zarr,a3b0e0eb0c1acdd3f59bb5f1ee51af1b-2,2026-09-25T06:28:21Z
2024-07-13,minas_san_francisco,670027091,high_res,9,22.856,s3://geoglows-v2-forecasts/2024071300.zarr,a3b0e0eb0c1acdd3f59bb5f1ee51af1b-2,2026-09-25T06:28:21Z
2024-07-14,agoyan,621014469,high_res,1,213.893,s3://geoglows-v2-forecasts/2024071400.zarr,885812ad292c8025bc1545e6391ed570-2,2026-09-25T06:28:25Z
2024-07-14,agoyan,621014469,high_res,10,148.266,s3://geoglows-v2-forecasts/2024071400.zarr,885812ad292c8025bc1545e6391ed570-2,2026-09-25T06:28:25Z
2024-07-14,agoyan,621014469,high_res,2,254.51,s3://geoglows-v2-forecasts/2024071400.zarr,885812ad292c8025bc1545e6391ed570-2,2026-09-25T06:28:25Z
2024-07-14,agoyan,621014469,high_res,3,243.547,s3://geoglows-v2-forecasts/2024071400.zarr,885812ad292c8025bc1545e6391ed570-2,2026-09-25T06:28:25Z
2024-07-14,agoyan,621014469,high_res,4,225.502,s3://geoglows-v2-forecasts/2024071400.zarr,885812ad292c8025bc1545e6391ed570-2,2026-09-25T06:28:25Z
2024-07-14,agoyan,621014469,high_res,5,191.087,s3://geoglows-v2-forecasts/2024071400.zarr,885812ad292c8025bc1545e6391ed570-2,2026-09-25T06:28:25Z
2024-07-14,agoyan,621014469,high_res,6,165.556,s3://geoglows-v2-forecasts/2024071400.zarr,885812ad292c8025bc1545e6391ed570-2,2026-09-25T06:28:25Z
2024-07-14,agoyan,621014469,high_res,7,147.494,s3://geoglows-v2-forecasts/2024071400.zarr,885812ad292c8025bc1545e6391ed570-2,2026-09-25T06:28:25Z
2024-07-14,agoyan,621014469,high_res,8,138.155,s3://geoglows-v2-forecasts/2024071400.zarr,885812ad292c8025bc1545e6391ed570-2,2026-09-25T06:28:25Z
2024-07-14,agoyan,621014469,high_res,9,137.98,s3://geoglows-v2-forecasts/2024071400.zarr,885812ad292c8025bc1545e6391ed570-2,2026-09-25T06:28:25Z
2024-07-14,manduriacu,670078161,high_res,1,182.228,s3://geoglows-v2-forecasts/2024071400.zarr,885812ad292c8025bc1545e6391ed570-2,2026-09-25T06:28:25Z
2024-07-14,manduriacu,670078161,high_res,10,158.314,s3://geoglows-v2-forecasts/2024071400.zarr,885812ad292c8025bc1545e6391ed570-2,2026-09-25T06:28:25Z
2024-07-14,manduriacu,670078161,high_res,2,180.933,s3://geoglows-v2-forecasts/2024071400.zarr,885812ad292c8025bc1545e6391ed570-2,2026-09-25T06:28:25Z
2024-07-14,manduriacu,670078161,high_res,3,178.73,s3://geoglows-v2-forecasts/2024071400.zarr,885812ad292c8025bc1545e6391ed570-2,2026-09-25T06:28:25Z
2024-07-14,manduriacu,670078161,high_res,4,178.615,s3://geoglows-v2-forecasts/2024071400.zarr,885812ad292c8025bc1545e6391ed570-2,2026-09-25T06:28:25Z
2024-07-14,manduriacu,670078161,high_res,5,185.868,s3://geoglows-v2-forecasts/2024071400.zarr,885812ad292c8025bc1545e6391ed570-2,2026-09-25T06:28:25Z
2024-07-14,manduriacu,670078161,high_res,6,179.073,s3://geoglows-v2-forecasts/2024071400.zarr,885812ad292c8025bc1545e6391ed570-2,2026-09-25T06:28:25Z
2024-07-14,manduriacu,670078161,high_res,7,167.137,s3://geoglows-v2-forecasts/2024071400.zarr,885812ad292c8025bc1545e6391ed570-2,2026-09-25T06:28:25Z
2024-07-14,manduriacu,670078161,high_res,8,165.271,s3://geoglows-v2-forecasts/2024071400.zarr,885812ad292c8025bc1545e6391ed570-2,2026-09-25T06:28:25Z
2024-07-14,manduriacu,670078161,high_res,9,167.36,s3://geoglows-v2-forecasts/2024071400.zarr,885812ad292c8025bc1545e6391ed570-2,2026-09-25T06:28:25Z
2024-07-14,minas_san_francisco,670027091,high_res,1,31.014,s3://geoglows-v2-forecasts/2024071400.zarr,885812ad292c8025bc1545e6391ed570-2,2026-09-25T06:28:25Z
2024-07-14,minas_san_francisco,670027091,high_res,10,22.401,s3://geoglows-v2-forecasts/2024071400.zarr,885812ad292c8025bc1545e6391ed570-2,2026-09-25T06:28:25Z
2024-07-14,minas_san_francisco,670027091,high_res,2,38.251,s3://geoglows-v2-forecasts/2024071400.zarr,885812ad292c8025bc1545e6391ed570-2,2026-09-25T06:28:25Z
2024-07-14,minas_san_francisco,670027091,high_res,3,43.346,s3://geoglows-v2-forecasts/2024071400.zarr,885812ad292c8025bc1545e6391ed570-2,2026-09-25T06:28:25Z
2024-07-14,minas_san_francisco,670027091,high_res,4,36.49,s3://geoglows-v2-forecasts/2024071400.zarr,885812ad292c8025bc1545e6391ed570-2,2026-09-25T06:28:25Z
2024-07-14,minas_san_francisco,670027091,high_res,5,31.214,s3://geoglows-v2-forecasts/2024071400.zarr,885812ad292c8025bc1545e6391ed570-2,2026-09-25T06:28:25Z
2024-07-14,minas_san_francisco,670027091,high_res,6,30.54,s3://geoglows-v2-forecasts/2024071400.zarr,885812ad292c8025bc1545e6391ed570-2,2026-09-25T06:28:25Z
2024-07-14,minas_san_francisco,670027091,high_res,7,24.938,s3://geoglows-v2-forecasts/2024071400.zarr,885812ad292c8025bc1545e6391ed570-2,2026-09-25T06:28:25Z
2024-07-14,minas_san_francisco,670027091,high_res,8,22.322,s3://geoglows-v2-forecasts/2024071400.zarr,885812ad292c8025bc1545e6391ed570-2,2026-09-25T06:28:25Z
2024-07-14,minas_san_francisco,670027091,high_res,9,21.603,s3://geoglows-v2-forecasts/2024071400.zarr,885812ad292c8025bc1545e6391ed570-2,2026-09-25T06:28:25Z
2024-07-15,agoyan,621014469,high_res,1,248.08,s3://geoglows-v2-forecasts/2024071500.zarr,84093800060a67021027d153d98f0ef8-2,2026-09-25T06:28:28Z
2024-07-15,agoyan,621014469,high_res,10,150.872,s3://geoglows-v2-forecasts/2024071500.zarr,84093800060a67021027d153d98f0ef8-2,2026-09-25T06:28:28Z
2024-07-15,agoyan,621014469,high_res,2,231.155,s3://geoglows-v2-forecasts/2024071500.zarr,84093800060a67021027d153d98f0ef8-2,2026-09-25T06:28:28Z
2024-07-15,agoyan,621014469,high_res,3,212.229,s3://geoglows-v2-forecasts/2024071500.zarr,84093800060a67021027d153d98f0ef8-2,2026-09-25T06:28:28Z
2024-07-15,agoyan,621014469,high_res,4,184.058,s3://geoglows-v2-forecasts/2024071500.zarr,84093800060a67021027d153d98f0ef8-2,2026-09-25T06:28:28Z
2024-07-15,agoyan,621014469,high_res,5,162.012,s3://geoglows-v2-forecasts/2024071500.zarr,84093800060a67021027d153d98f0ef8-2,2026-09-25T06:28:28Z
2024-07-15,agoyan,621014469,high_res,6,145.282,s3://geoglows-v2-forecasts/2024071500.zarr,84093800060a67021027d153d98f0ef8-2,2026-09-25T06:28:28Z
2024-07-15,agoyan,621014469,high_res,7,137.994,s3://geoglows-v2-forecasts/2024071500.zarr,84093800060a67021027d153d98f0ef8-2,2026-09-25T06:28:28Z
2024-07-15,agoyan,621014469,high_res,8,135.903,s3://geoglows-v2-forecasts/2024071500.zarr,84093800060a67021027d153d98f0ef8-2,2026-09-25T06:28:28Z
2024-07-15,agoyan,621014469,high_res,9,140.136,s3://geoglows-v2-forecasts/2024071500.zarr,84093800060a67021027d153d98f0ef8-2,2026-09-25T06:28:28Z
2024-07-15,manduriacu,670078161,high_res,1,179.054,s3://geoglows-v2-forecasts/2024071500.zarr,84093800060a67021027d153d98f0ef8-2,2026-09-25T06:28:28Z
2024-07-15,manduriacu,670078161,high_res,10,159.856,s3://geoglows-v2-forecasts/2024071500.zarr,84093800060a67021027d153d98f0ef8-2,2026-09-25T06:28:28Z
2024-07-15,manduriacu,670078161,high_res,2,175.096,s3://geoglows-v2-forecasts/2024071500.zarr,84093800060a67021027d153d98f0ef8-2,2026-09-25T06:28:28Z
2024-07-15,manduriacu,670078161,high_res,3,173.964,s3://geoglows-v2-forecasts/2024071500.zarr,84093800060a67021027d153d98f0ef8-2,2026-09-25T06:28:28Z
2024-07-15,manduriacu,670078161,high_res,4,182.349,s3://geoglows-v2-forecasts/2024071500.zarr,84093800060a67021027d153d98f0ef8-2,2026-09-25T06:28:28Z
2024-07-15,manduriacu,670078161,high_res,5,180.933,s3://geoglows-v2-forecasts/2024071500.zarr,84093800060a67021027d153d98f0ef8-2,2026-09-25T06:28:28Z
2024-07-15,manduriacu,670078161,high_res,6,172.574,s3://geoglows-v2-forecasts/2024071500.zarr,84093800060a67021027d153d98f0ef8-2,2026-09-25T06:28:28Z
2024-07-15,manduriacu,670078161,high_res,7,165.214,s3://geoglows-v2-forecasts/2024071500.zarr,84093800060a67021027d153d98f0ef8-2,2026-09-25T06:28:28Z
2024-07-15,manduriacu,670078161,high_res,8,164.099,s3://geoglows-v2-forecasts/2024071500.zarr,84093800060a67021027d153d98f0ef8-2,2026-09-25T06:28:28Z
2024-07-15,manduriacu,670078161,high_res,9,160.968,s3://geoglows-v2-forecasts/2024071500.zarr,84093800060a67021027d153d98f0ef8-2,2026-09-25T06:28:28Z
2024-07-15,minas_san_francisco,670027091,high_res,1,37.682,s3://geoglows-v2-forecasts/2024071500.zarr,84093800060a67021027d153d98f0ef8-2,2026-09-25T06:28:28Z
2024-07-15,minas_san_francisco,670027091,high_res,10,22.339,s3://geoglows-v2-forecasts/2024071500.zarr,84093800060a67021027d153d98f0ef8-2,2026-09-25T06:28:28Z
2024-07-15,minas_san_francisco,670027091,high_res,2,42.767,s3://geoglows-v2-forecasts/2024071500.zarr,84093800060a67021027d153d98f0ef8-2,2026-09-25T06:28:28Z
2024-07-15,minas_san_francisco,670027091,high_res,3,36.227,s3://geoglows-v2-forecasts/2024071500.zarr,84093800060a67021027d153d98f0ef8-2,2026-09-25T06:28:28Z
2024-07-15,minas_san_francisco,670027091,high_res,4,27.836,s3://geoglows-v2-forecasts/2024071500.zarr,84093800060a67021027d153d98f0ef8-2,2026-09-25T06:28:28Z
2024-07-15,minas_san_francisco,670027091,high_res,5,25.045,s3://geoglows-v2-forecasts/2024071500.zarr,84093800060a67021027d153d98f0ef8-2,2026-09-25T06:28:28Z
2024-07-15,minas_san_francisco,670027091,high_res,6,22.717,s3://geoglows-v2-forecasts/2024071500.zarr,84093800060a67021027d153d98f0ef8-2,2026-09-25T06:28:28Z
2024-07-15,minas_san_francisco,670027091,high_res,7,20.876,s3://geoglows-v2-forecasts/2024071500.zarr,84093800060a67021027d153d98f0ef8-2,2026-09-25T06:28:28Z
2024-07-15,minas_san_francisco,670027091,high_res,8,20.266,s3://geoglows-v2-forecasts/2024071500.zarr,84093800060a67021027d153d98f0ef8-2,2026-09-25T06:28:28Z
2024-07-15,minas_san_francisco,670027091,high_res,9,21.143,s3://geoglows-v2-forecasts/2024071500.zarr,84093800060a67021027d153d98f0ef8-2,2026-09-25T06:28:28Z
2024-07-16,agoyan,621014469,high_res,1,231.853,s3://geoglows-v2-forecasts/2024071600.zarr,d6f9a9c16a05523bc85df0340d0dffa6-2,2026-09-25T06:28:32Z
2024-07-16,agoyan,621014469,high_res,10,160.652,s3://geoglows-v2-forecasts/2024071600.zarr,d6f9a9c16a05523bc85df0340d0dffa6-2,2026-09-25T06:28:32Z
2024-07-16,agoyan,621014469,high_res,2,209.684,s3://geoglows-v2-forecasts/2024071600.zarr,d6f9a9c16a05523bc85df0340d0dffa6-2,2026-09-25T06:28:32Z
2024-07-16,agoyan,621014469,high_res,3,182.17,s3://geoglows-v2-forecasts/2024071600.zarr,d6f9a9c16a05523bc85df0340d0dffa6-2,2026-09-25T06:28:32Z
2024-07-16,agoyan,621014469,high_res,4,164.926,s3://geoglows-v2-forecasts/2024071600.zarr,d6f9a9c16a05523bc85df0340d0dffa6-2,2026-09-25T06:28:32Z
2024-07-16,agoyan,621014469,high_res,5,152.312,s3://geoglows-v2-forecasts/2024071600.zarr,d6f9a9c16a05523bc85df0340d0dffa6-2,2026-09-25T06:28:32Z
2024-07-16,agoyan,621014469,high_res,6,145.747,s3://geoglows-v2-forecasts/2024071600.zarr,d6f9a9c16a05523bc85df0340d0dffa6-2,2026-09-25T06:28:32Z
2024-07-16,agoyan,621014469,high_res,7,143.609,s3://geoglows-v2-forecasts/2024071600.zarr,d6f9a9c16a05523bc85df0340d0dffa6-2,2026-09-25T06:28:32Z
2024-07-16,agoyan,621014469,high_res,8,149.96,s3://geoglows-v2-forecasts/2024071600.zarr,d6f9a9c16a05523bc85df0340d0dffa6-2,2026-09-25T06:28:32Z
2024-07-16,agoyan,621014469,high_res,9,157.169,s3://geoglows-v2-forecasts/2024071600.zarr,d6f9a9c16a05523bc85df0340d0dffa6-2,2026-09-25T06:28:32Z
2024-07-16,manduriacu,670078161,high_res,1,172.185,s3://geoglows-v2-forecasts/2024071600.zarr,d6f9a9c16a05523bc85df0340d0dffa6-2,2026-09-25T06:28:32Z
2024-07-16,manduriacu,670078161,high_res,10,149.34,s3://geoglows-v2-forecasts/2024071600.zarr,d6f9a9c16a05523bc85df0340d0dffa6-2,2026-09-25T06:28:32Z
2024-07-16,manduriacu,670078161,high_res,2,165.455,s3://geoglows-v2-forecasts/2024071600.zarr,d6f9a9c16a05523bc85df0340d0dffa6-2,2026-09-25T06:28:32Z
2024-07-16,manduriacu,670078161,high_res,3,173.854,s3://geoglows-v2-forecasts/2024071600.zarr,d6f9a9c16a05523bc85df0340d0dffa6-2,2026-09-25T06:28:32Z
2024-07-16,manduriacu,670078161,high_res,4,175.139,s3://geoglows-v2-forecasts/2024071600.zarr,d6f9a9c16a05523bc85df0340d0dffa6-2,2026-09-25T06:28:32Z
2024-07-16,manduriacu,670078161,high_res,5,165.08,s3://geoglows-v2-forecasts/2024071600.zarr,d6f9a9c16a05523bc85df0340d0dffa6-2,2026-09-25T06:28:32Z
2024-07-16,manduriacu,670078161,high_res,6,153.947,s3://geoglows-v2-forecasts/2024071600.zarr,d6f9a9c16a05523bc85df0340d0dffa6-2,2026-09-25T06:28:32Z
2024-07-16,manduriacu,670078161,high_res,7,148.124,s3://geoglows-v2-forecasts/2024071600.zarr,d6f9a9c16a05523bc85df0340d0dffa6-2,2026-09-25T06:28:32Z
2024-07-16,manduriacu,670078161,high_res,8,145.609,s3://geoglows-v2-forecasts/2024071600.zarr,d6f9a9c16a05523bc85df0340d0dffa6-2,2026-09-25T06:28:32Z
2024-07-16,manduriacu,670078161,high_res,9,143.866,s3://geoglows-v2-forecasts/2024071600.zarr,d6f9a9c16a05523bc85df0340d0dffa6-2,2026-09-25T06:28:32Z
2024-07-16,minas_san_francisco,670027091,high_res,1,42.371,s3://geoglows-v2-forecasts/2024071600.zarr,d6f9a9c16a05523bc85df0340d0dffa6-2,2026-09-25T06:28:32Z
2024-07-16,minas_san_francisco,670027091,high_res,10,22.934,s3://geoglows-v2-forecasts/2024071600.zarr,d6f9a9c16a05523bc85df0340d0dffa6-2,2026-09-25T06:28:32Z
2024-07-16,minas_san_francisco,670027091,high_res,2,36.263,s3://geoglows-v2-forecasts/2024071600.zarr,d6f9a9c16a05523bc85df0340d0dffa6-2,2026-09-25T06:28:32Z
2024-07-16,minas_san_francisco,670027091,high_res,3,27.23,s3://geoglows-v2-forecasts/2024071600.zarr,d6f9a9c16a05523bc85df0340d0dffa6-2,2026-09-25T06:28:32Z
2024-07-16,minas_san_francisco,670027091,high_res,4,24.522,s3://geoglows-v2-forecasts/2024071600.zarr,d6f9a9c16a05523bc85df0340d0dffa6-2,2026-09-25T06:28:32Z
2024-07-16,minas_san_francisco,670027091,high_res,5,22.427,s3://geoglows-v2-forecasts/2024071600.zarr,d6f9a9c16a05523bc85df0340d0dffa6-2,2026-09-25T06:28:32Z
2024-07-16,minas_san_francisco,670027091,high_res,6,21.511,s3://geoglows-v2-forecasts/2024071600.zarr,d6f9a9c16a05523bc85df0340d0dffa6-2,2026-09-25T06:28:32Z
2024-07-16,minas_san_francisco,670027091,high_res,7,20.681,s3://geoglows-v2-forecasts/2024071600.zarr,d6f9a9c16a05523bc85df0340d0dffa6-2,2026-09-25T06:28:32Z
2024-07-16,minas_san_francisco,670027091,high_res,8,21.041,s3://geoglows-v2-forecasts/2024071600.zarr,d6f9a9c16a05523bc85df0340d0dffa6-2,2026-09-25T06:28:32Z
2024-07-16,minas_san_francisco,670027091,high_res,9,21.75,s3://geoglows-v2-forecasts/2024071600.zarr,d6f9a9c16a05523bc85df0340d0dffa6-2,2026-09-25T06:28:32Z
2024-07-17,agoyan,621014469,high_res,1,211.598,s3://geoglows-v2-forecasts/2024071700.zarr,9d96c3289b2f44b2059a8667a294a49b-2,2026-09-25T06:28:35Z
2024-07-17,agoyan,621014469,high_res,10,166.623,s3://geoglows-v2-forecasts/2024071700.zarr,9d96c3289b2f44b2059a8667a294a49b-2,2026-09-25T06:28:35Z
2024-07-17,agoyan,621014469,high_res,2,182.762,s3://geoglows-v2-forecasts/2024071700.zarr,9d96c3289b2f44b2059a8667a294a49b-2,2026-09-25T06:28:35Z
2024-07-17,agoyan,621014469,high_res,3,166.687,s3://geoglows-v2-forecasts/2024071700.zarr,9d96c3289b2f44b2059a8667a294a49b-2,2026-09-25T06:28:35Z
2024-07-17,agoyan,621014469,high_res,4,153.001,s3://geoglows-v2-forecasts/2024071700.zarr,9d96c3289b2f44b2059a8667a294a49b-2,2026-09-25T06:28:35Z
2024-07-17,agoyan,621014469,high_res,5,144.418,s3://geoglows-v2-forecasts/2024071700.zarr,9d96c3289b2f44b2059a8667a294a49b-2,2026-09-25T06:28:35Z
2024-07-17,agoyan,621014469,high_res,6,148.414,s3://geoglows-v2-forecasts/2024071700.zarr,9d96c3289b2f44b2059a8667a294a49b-2,2026-09-25T06:28:35Z
2024-07-17,agoyan,621014469,high_res,7,150.775,s3://geoglows-v2-forecasts/2024071700.zarr,9d96c3289b2f44b2059a8667a294a49b-2,2026-09-25T06:28:35Z
2024-07-17,agoyan,621014469,high_res,8,158.349,s3://geoglows-v2-forecasts/2024071700.zarr,9d96c3289b2f44b2059a8667a294a49b-2,2026-09-25T06:28:35Z
2024-07-17,agoyan,621014469,high_res,9,164.569,s3://geoglows-v2-forecasts/2024071700.zarr,9d96c3289b2f44b2059a8667a294a49b-2,2026-09-25T06:28:35Z
2024-07-17,manduriacu,670078161,high_res,1,162.692,s3://geoglows-v2-forecasts/2024071700.zarr,9d96c3289b2f44b2059a8667a294a49b-2,2026-09-25T06:28:35Z
2024-07-17,manduriacu,670078161,high_res,10,138.42,s3://geoglows-v2-forecasts/2024071700.zarr,9d96c3289b2f44b2059a8667a294a49b-2,2026-09-25T06:28:35Z
2024-07-17,manduriacu,670078161,high_res,2,168.799,s3://geoglows-v2-forecasts/2024071700.zarr,9d96c3289b2f44b2059a8667a294a49b-2,2026-09-25T06:28:35Z
2024-07-17,manduriacu,670078161,high_res,3,170.218,s3://geoglows-v2-forecasts/2024071700.zarr,9d96c3289b2f44b2059a8667a294a49b-2,2026-09-25T06:28:35Z
2024-07-17,manduriacu,670078161,high_res,4,158.563,s3://geoglows-v2-forecasts/2024071700.zarr,9d96c3289b2f44b2059a8667a294a49b-2,2026-09-25T06:28:35Z
2024-07-17,manduriacu,670078161,high_res,5,148.998,s3://geoglows-v2-forecasts/2024071700.zarr,9d96c3289b2f44b2059a8667a294a49b-2,2026-09-25T06:28:35Z
2024-07-17,manduriacu,670078161,high_res,6,143.87,s3://geoglows-v2-forecasts/2024071700.zarr,9d96c3289b2f44b2059a8667a294a49b-2,2026-09-25T06:28:35Z
2024-07-17,manduriacu,670078161,high_res,7,142.132,s3://geoglows-v2-forecasts/2024071700.zarr,9d96c3289b2f44b2059a8667a294a49b-2,2026-09-25T06:28:35Z
2024-07-17,manduriacu,670078161,high_res,8,142.209,s3://geoglows-v2-forecasts/2024071700.zarr,9d96c3289b2f44b2059a8667a294a49b-2,2026-09-25T06:28:35Z
2024-07-17,manduriacu,670078161,high_res,9,144.629,s3://geoglows-v2-forecasts/2024071700.zarr,9d96c3289b2f44b2059a8667a294a49b-2,2026-09-25T06:28:35Z
2024-07-17,minas_san_francisco,670027091,high_res,1,36.771,s3://geoglows-v2-forecasts/2024071700.zarr,9d96c3289b2f44b2059a8667a294a49b-2,2026-09-25T06:28:35Z
2024-07-17,minas_san_francisco,670027091,high_res,10,26.193,s3://geoglows-v2-forecasts/2024071700.zarr,9d96c3289b2f44b2059a8667a294a49b-2,2026-09-25T06:28:35Z
2024-07-17,minas_san_francisco,670027091,high_res,2,26.98,s3://geoglows-v2-forecasts/2024071700.zarr,9d96c3289b2f44b2059a8667a294a49b-2,2026-09-25T06:28:35Z
2024-07-17,minas_san_francisco,670027091,high_res,3,24.182,s3://geoglows-v2-forecasts/2024071700.zarr,9d96c3289b2f44b2059a8667a294a49b-2,2026-09-25T06:28:35Z
2024-07-17,minas_san_francisco,670027091,high_res,4,22.746,s3://geoglows-v2-forecasts/2024071700.zarr,9d96c3289b2f44b2059a8667a294a49b-2,2026-09-25T06:28:35Z
2024-07-17,minas_san_francisco,670027091,high_res,5,21.871,s3://geoglows-v2-forecasts/2024071700.zarr,9d96c3289b2f44b2059a8667a294a49b-2,2026-09-25T06:28:35Z
2024-07-17,minas_san_francisco,670027091,high_res,6,20.885,s3://geoglows-v2-forecasts/2024071700.zarr,9d96c3289b2f44b2059a8667a294a49b-2,2026-09-25T06:28:35Z
2024-07-17,minas_san_francisco,670027091,high_res,7,21.516,s3://geoglows-v2-forecasts/2024071700.zarr,9d96c3289b2f44b2059a8667a294a49b-2,2026-09-25T06:28:35Z
2024-07-17,minas_san_francisco,670027091,high_res,8,22.43,s3://geoglows-v2-forecasts/2024071700.zarr,9d96c3289b2f44b2059a8667a294a49b-2,2026-09-25T06:28:35Z
2024-07-17,minas_san_francisco,670027091,high_res,9,24.012,s3://geoglows-v2-forecasts/2024071700.zarr,9d96c3289b2f44b2059a8667a294a49b-2,2026-09-25T06:28:35Z
2024-07-18,agoyan,621014469,high_res,1,185.346,s3://geoglows-v2-forecasts/2024071800.zarr,92ce3ef7362f49206f05dbb4bde29bf4-2,2026-09-25T06:28:39Z
2024-07-18,agoyan,621014469,high_res,10,196.655,s3://geoglows-v2-forecasts/2024071800.zarr,92ce3ef7362f49206f05dbb4bde29bf4-2,2026-09-25T06:28:39Z
2024-07-18,agoyan,621014469,high_res,2,166.884,s3://geoglows-v2-forecasts/2024071800.zarr,92ce3ef7362f49206f05dbb4bde29bf4-2,2026-09-25T06:28:39Z
2024-07-18,agoyan,621014469,high_res,3,153.32,s3://geoglows-v2-forecasts/2024071800.zarr,92ce3ef7362f49206f05dbb4bde29bf4-2,2026-09-25T06:28:39Z
2024-07-18,agoyan,621014469,high_res,4,150.735,s3://geoglows-v2-forecasts/2024071800.zarr,92ce3ef7362f49206f05dbb4bde29bf4-2,2026-09-25T06:28:39Z
2024-07-18,agoyan,621014469,high_res,5,151.155,s3://geoglows-v2-forecasts/2024071800.zarr,92ce3ef7362f49206f05dbb4bde29bf4-2,2026-09-25T06:28:39Z
2024-07-18,agoyan,621014469,high_res,6,152.828,s3://geoglows-v2-forecasts/2024071800.zarr,92ce3ef7362f49206f05dbb4bde29bf4-2,2026-09-25T06:28:39Z
2024-07-18,agoyan,621014469,high_res,7,160.369,s3://geoglows-v2-forecasts/2024071800.zarr,92ce3ef7362f49206f05dbb4bde29bf4-2,2026-09-25T06:28:39Z
2024-07-18,agoyan,621014469,high_res,8,168.195,s3://geoglows-v2-forecasts/2024071800.zarr,92ce3ef7362f49206f05dbb4bde29bf4-2,2026-09-25T06:28:39Z
2024-07-18,agoyan,621014469,high_res,9,178.349,s3://geoglows-v2-forecasts/2024071800.zarr,92ce3ef7362f49206f05dbb4bde29bf4-2,2026-09-25T06:28:39Z
2024-07-18,manduriacu,670078161,high_res,1,166.003,s3://geoglows-v2-forecasts/2024071800.zarr,92ce3ef7362f49206f05dbb4bde29bf4-2,2026-09-25T06:28:39Z
2024-07-18,manduriacu,670078161,high_res,10,138.091,s3://geoglows-v2-forecasts/2024071800.zarr,92ce3ef7362f49206f05dbb4bde29bf4-2,2026-09-25T06:28:39Z
2024-07-18,manduriacu,670078161,high_res,2,166.652,s3://geoglows-v2-forecasts/2024071800.zarr,92ce3ef7362f49206f05dbb4bde29bf4-2,2026-09-25T06:28:39Z
2024-07-18,manduriacu,670078161,high_res,3,155.927,s3://geoglows-v2-forecasts/2024071800.zarr,92ce3ef7362f49206f05dbb4bde29bf4-2,2026-09-25T06:28:39Z
2024-07-18,manduriacu,670078161,high_res,4,149.092,s3://geoglows-v2-forecasts/2024071800.zarr,92ce3ef7362f49206f05dbb4bde29bf4-2,2026-09-25T06:28:39Z
2024-07-18,manduriacu,670078161,high_res,5,146.905,s3://geoglows-v2-forecasts/2024071800.zarr,92ce3ef7362f49206f05dbb4bde29bf4-2,2026-09-25T06:28:39Z
2024-07-18,manduriacu,670078161,high_res,6,145.208,s3://geoglows-v2-forecasts/2024071800.zarr,92ce3ef7362f49206f05dbb4bde29bf4-2,2026-09-25T06:28:39Z
2024-07-18,manduriacu,670078161,high_res,7,145.544,s3://geoglows-v2-forecasts/2024071800.zarr,92ce3ef7362f49206f05dbb4bde29bf4-2,2026-09-25T06:28:39Z
2024-07-18,manduriacu,670078161,high_res,8,148.552,s3://geoglows-v2-forecasts/2024071800.zarr,92ce3ef7362f49206f05dbb4bde29bf4-2,2026-09-25T06:28:39Z
2024-07-18,manduriacu,670078161,high_res,9,142.645,s3://geoglows-v2-forecasts/2024071800.zarr,92ce3ef7362f49206f05dbb4bde29bf4-2,2026-09-25T06:28:39Z
2024-07-18,minas_san_francisco,670027091,high_res,1,27.127,s3://geoglows-v2-forecasts/2024071800.zarr,92ce3ef7362f49206f05dbb4bde29bf4-2,2026-09-25T06:28:39Z
2024-07-18,minas_san_francisco,670027091,high_res,10,25.533,s3://geoglows-v2-forecasts/2024071800.zarr,92ce3ef7362f49206f05dbb4bde29bf4-2,2026-09-25T06:28:39Z
2024-07-18,minas_san_francisco,670027091,high_res,2,23.816,s3://geoglows-v2-forecasts/2024071800.zarr,92ce3ef7362f49206f05dbb4bde29bf4-2,2026-09-25T06:28:39Z
2024-07-18,minas_san_francisco,670027091,high_res,3,22.819,s3://geoglows-v2-forecasts/2024071800.zarr,92ce3ef7362f49206f05dbb4bde29bf4-2,2026-09-25T06:28:39Z
2024-07-18,minas_san_francisco,670027091,high_res,4,23.463,s3://geoglows-v2-forecasts/2024071800.zarr,92ce3ef7362f49206f05dbb4bde29bf4-2,2026-09-25T06:28:39Z
2024-07-18,minas_san_francisco,670027091,high_res,5,22.543,s3://geoglows-v2-forecasts/2024071800.zarr,92ce3ef7362f49206f05dbb4bde29bf4-2,2026-09-25T06:28:39Z
2024-07-18,minas_san_francisco,670027091,high_res,6,22.028,s3://geoglows-v2-forecasts/2024071800.zarr,92ce3ef7362f49206f05dbb4bde29bf4-2,2026-09-25T06:28:39Z
2024-07-18,minas_san_francisco,670027091,high_res,7,22.751,s3://geoglows-v2-forecasts/2024071800.zarr,92ce3ef7362f49206f05dbb4bde29bf4-2,2026-09-25T06:28:39Z
2024-07-18,minas_san_francisco,670027091,high_res,8,23.674,s3://geoglows-v2-forecasts/2024071800.zarr,92ce3ef7362f49206f05dbb4bde29bf4-2,2026-09-25T06:28:39Z
2024-07-18,minas_san_francisco,670027091,high_res,9,26.885,s3://geoglows-v2-forecasts/2024071800.zarr,92ce3ef7362f49206f05dbb4bde29bf4-2,2026-09-25T06:28:39Z
2024-07-19,agoyan,621014469,high_res,1,167.323,s3://geoglows-v2-forecasts/2024071900.zarr,d1fc07ce7120a36ec016fec1d7a2c2e1-2,2026-09-25T06:28:43Z
2024-07-19,agoyan,621014469,high_res,10,161.371,s3://geoglows-v2-forecasts/2024071900.zarr,d1fc07ce7120a36ec016fec1d7a2c2e1-2,2026-09-25T06:28:43Z
2024-07-19,agoyan,621014469,high_res,2,152.104,s3://geoglows-v2-forecasts/2024071900.zarr,d1fc07ce7120a36ec016fec1d7a2c2e1-2,2026-09-25T06:28:43Z
2024-07-19,agoyan,621014469,high_res,3,145.928,s3://geoglows-v2-forecasts/2024071900.zarr,d1fc07ce7120a36ec016fec1d7a2c2e1-2,2026-09-25T06:28:43Z
2024-07-19,agoyan,621014469,high_res,4,145.257,s3://geoglows-v2-forecasts/2024071900.zarr,d1fc07ce7120a36ec016fec1d7a2c2e1-2,2026-09-25T06:28:43Z
2024-07-19,agoyan,621014469,high_res,5,156.812,s3://geoglows-v2-forecasts/2024071900.zarr,d1fc07ce7120a36ec016fec1d7a2c2e1-2,2026-09-25T06:28:43Z
2024-07-19,agoyan,621014469,high_res,6,157.728,s3://geoglows-v2-forecasts/2024071900.zarr,d1fc07ce7120a36ec016fec1d7a2c2e1-2,2026-09-25T06:28:43Z
2024-07-19,agoyan,621014469,high_res,7,163.649,s3://geoglows-v2-forecasts/2024071900.zarr,d1fc07ce7120a36ec016fec1d7a2c2e1-2,2026-09-25T06:28:43Z
2024-07-19,agoyan,621014469,high_res,8,156.121,s3://geoglows-v2-forecasts/2024071900.zarr,d1fc07ce7120a36ec016fec1d7a2c2e1-2,2026-09-25T06:28:43Z
2024-07-19,agoyan,621014469,high_res,9,154.283,s3://geoglows-v2-forecasts/2024071900.zarr,d1fc07ce7120a36ec016fec1d7a2c2e1-2,2026-09-25T06:28:43Z
2024-07-19,manduriacu,670078161,high_res,1,163.965,s3://geoglows-v2-forecasts/2024071900.zarr,d1fc07ce7120a36ec016fec1d7a2c2e1-2,2026-09-25T06:28:43Z
2024-07-19,manduriacu,670078161,high_res,10,136.597,s3://geoglows-v2-forecasts/2024071900.zarr,d1fc07ce7120a36ec016fec1d7a2c2e1-2,2026-09-25T06:28:43Z
2024-07-19,manduriacu,670078161,high_res,2,154.398,s3://geoglows-v2-forecasts/2024071900.zarr,d1fc07ce7120a36ec016fec1d7a2c2e1-2,2026-09-25T06:28:43Z
2024-07-19,manduriacu,670078161,high_res,3,145.453,s3://geoglows-v2-forecasts/2024071900.zarr,d1fc07ce7120a36ec016fec1d7a2c2e1-2,2026-09-25T06:28:43Z
2024-07-19,manduriacu,670078161,high_res,4,145.117,s3://geoglows-v2-forecasts/2024071900.zarr,d1fc07ce7120a36ec016fec1d7a2c2e1-2,2026-09-25T06:28:43Z
2024-07-19,manduriacu,670078161,high_res,5,145.263,s3://geoglows-v2-forecasts/2024071900.zarr,d1fc07ce7120a36ec016fec1d7a2c2e1-2,2026-09-25T06:28:43Z
2024-07-19,manduriacu,670078161,high_res,6,144.231,s3://geoglows-v2-forecasts/2024071900.zarr,d1fc07ce7120a36ec016fec1d7a2c2e1-2,2026-09-25T06:28:43Z
2024-07-19,manduriacu,670078161,high_res,7,144.064,s3://geoglows-v2-forecasts/2024071900.zarr,d1fc07ce7120a36ec016fec1d7a2c2e1-2,2026-09-25T06:28:43Z
2024-07-19,manduriacu,670078161,high_res,8,138.624,s3://geoglows-v2-forecasts/2024071900.zarr,d1fc07ce7120a36ec016fec1d7a2c2e1-2,2026-09-25T06:28:43Z
2024-07-19,manduriacu,670078161,high_res,9,134.375,s3://geoglows-v2-forecasts/2024071900.zarr,d1fc07ce7120a36ec016fec1d7a2c2e1-2,2026-09-25T06:28:43Z
2024-07-19,minas_san_francisco,670027091,high_res,1,23.62,s3://geoglows-v2-forecasts/2024071900.zarr,d1fc07ce7120a36ec016fec1d7a2c2e1-2,2026-09-25T06:28:43Z
2024-07-19,minas_san_francisco,670027091,high_res,10,22.383,s3://geoglows-v2-forecasts/2024071900.zarr,d1fc07ce7120a36ec016fec1d7a2c2e1-2,2026-09-25T06:28:43Z
2024-07-19,minas_san_francisco,670027091,high_res,2,22.25,s3://geoglows-v2-forecasts/2024071900.zarr,d1fc07ce7120a36ec016fec1d7a2c2e1-2,2026-09-25T06:28:43Z
2024-07-19,minas_san_francisco,670027091,high_res,3,23.755,s3://geoglows-v2-forecasts/2024071900.zarr,d1fc07ce7120a36ec016fec1d7a2c2e1-2,2026-09-25T06:28:43Z
2024-07-19,minas_san_francisco,670027091,high_res,4,23.919,s3://geoglows-v2-forecasts/2024071900.zarr,d1fc07ce7120a36ec016fec1d7a2c2e1-2,2026-09-25T06:28:43Z
2024-07-19,minas_san_francisco,670027091,high_res,5,22.399,s3://geoglows-v2-forecasts/2024071900.zarr,d1fc07ce7120a36ec016fec1d7a2c2e1-2,2026-09-25T06:28:43Z
2024-07-19,minas_san_francisco,670027091,high_res,6,22.208,s3://geoglows-v2-forecasts/2024071900.zarr,d1fc07ce7120a36ec016fec1d7a2c2e1-2,2026-09-25T06:28:43Z
2024-07-19,minas_san_francisco,670027091,high_res,7,24.338,s3://geoglows-v2-forecasts/2024071900.zarr,d1fc07ce7120a36ec016fec1d7a2c2e1-2,2026-09-25T06:28:43Z
2024-07-19,minas_san_francisco,670027091,high_res,8,26.608,s3://geoglows-v2-forecasts/2024071900.zarr,d1fc07ce7120a36ec016fec1d7a2c2e1-2,2026-09-25T06:28:43Z
2024-07-19,minas_san_francisco,670027091,high_res,9,24.39,s3://geoglows-v2-forecasts/2024071900.zarr,d1fc07ce7120a36ec016fec1d7a2c2e1-2,2026-09-25T06:28:43Z
2024-07-20,agoyan,621014469,high_res,1,156.944,s3://geoglows-v2-forecasts/2024072000.zarr,fc906401d15777bb376d3a651fe4b05d-2,2026-09-25T06:28:46Z
2024-07-20,agoyan,621014469,high_res,10,141.092,s3://geoglows-v2-forecasts/2024072000.zarr,fc906401d15777bb376d3a651fe4b05d-2,2026-09-25T06:28:46Z
2024-07-20,agoyan,621014469,high_res,2,147.178,s3://geoglows-v2-forecasts/2024072000.zarr,fc906401d15777bb376d3a651fe4b05d-2,2026-09-25T06:28:46Z
2024-07-20,agoyan,621014469,high_res,3,147.407,s3://geoglows-v2-forecasts/2024072000.zarr,fc906401d15777bb376d3a651fe4b05d-2,2026-09-25T06:28:46Z
2024-07-20,agoyan,621014469,high_res,4,153.158,s3://geoglows-v2-forecasts/2024072000.zarr,fc906401d15777bb376d3a651fe4b05d-2,2026-09-25T06:28:46Z
2024-07-20,agoyan,621014469,high_res,5,155.389,s3://geoglows-v2-forecasts/2024072000.zarr,fc906401d15777bb376d3a651fe4b05d-2,2026-09-25T06:28:46Z
2024-07-20,agoyan,621014469,high_res,6,157.75,s3://geoglows-v2-forecasts/2024072000.zarr,fc906401d15777bb376d3a651fe4b05d-2,2026-09-25T06:28:46Z
2024-07-20,agoyan,621014469,high_res,7,152.633,s3://geoglows-v2-forecasts/2024072000.zarr,fc906401d15777bb376d3a651fe4b05d-2,2026-09-25T06:28:46Z
2024-07-20,agoyan,621014469,high_res,8,145.761,s3://geoglows-v2-forecasts/2024072000.zarr,fc906401d15777bb376d3a651fe4b05d-2,2026-09-25T06:28:46Z
2024-07-20,agoyan,621014469,high_res,9,144.286,s3://geoglows-v2-forecasts/2024072000.zarr,fc906401d15777bb376d3a651fe4b05d-2,2026-09-25T06:28:46Z
2024-07-20,manduriacu,670078161,high_res,1,150.576,s3://geoglows-v2-forecasts/2024072000.zarr,fc906401d15777bb376d3a651fe4b05d-2,2026-09-25T06:28:46Z
2024-07-20,manduriacu,670078161,high_res,10,132.862,s3://geoglows-v2-forecasts/2024072000.zarr,fc906401d15777bb376d3a651fe4b05d-2,2026-09-25T06:28:46Z
2024-07-20,manduriacu,670078161,high_res,2,144.638,s3://geoglows-v2-forecasts/2024072000.zarr,fc906401d15777bb376d3a651fe4b05d-2,2026-09-25T06:28:46Z
2024-07-20,manduriacu,670078161,high_res,3,146.089,s3://geoglows-v2-forecasts/2024072000.zarr,fc906401d15777bb376d3a651fe4b05d-2,2026-09-25T06:28:46Z
2024-07-20,manduriacu,670078161,high_res,4,146.526,s3://geoglows-v2-forecasts/2024072000.zarr,fc906401d15777bb376d3a651fe4b05d-2,2026-09-25T06:28:46Z
2024-07-20,manduriacu,670078161,high_res,5,145.07,s3://geoglows-v2-forecasts/2024072000.zarr,fc906401d15777bb376d3a651fe4b05d-2,2026-09-25T06:28:46Z
2024-07-20,manduriacu,670078161,high_res,6,144.972,s3://geoglows-v2-forecasts/2024072000.zarr,fc906401d15777bb376d3a651fe4b05d-2,2026-09-25T06:28:46Z
2024-07-20,manduriacu,670078161,high_res,7,141.13,s3://geoglows-v2-forecasts/2024072000.zarr,fc906401d15777bb376d3a651fe4b05d-2,2026-09-25T06:28:46Z
2024-07-20,manduriacu,670078161,high_res,8,138.174,s3://geoglows-v2-forecasts/2024072000.zarr,fc906401d15777bb376d3a651fe4b05d-2,2026-09-25T06:28:46Z
2024-07-20,manduriacu,670078161,high_res,9,137.623,s3://geoglows-v2-forecasts/2024072000.zarr,fc906401d15777bb376d3a651fe4b05d-2,2026-09-25T06:28:46Z
2024-07-20,minas_san_francisco,670027091,high_res,1,22.017,s3://geoglows-v2-forecasts/2024072000.zarr,fc906401d15777bb376d3a651fe4b05d-2,2026-09-25T06:28:46Z
2024-07-20,minas_san_francisco,670027091,high_res,10,21.268,s3://geoglows-v2-forecasts/2024072000.zarr,fc906401d15777bb376d3a651fe4b05d-2,2026-09-25T06:28:46Z
2024-07-20,minas_san_francisco,670027091,high_res,2,22.865,s3://geoglows-v2-forecasts/2024072000.zarr,fc906401d15777bb376d3a651fe4b05d-2,2026-09-25T06:28:46Z
2024-07-20,minas_san_francisco,670027091,high_res,3,23.443,s3://geoglows-v2-forecasts/2024072000.zarr,fc906401d15777bb376d3a651fe4b05d-2,2026-09-25T06:28:46Z
2024-07-20,minas_san_francisco,670027091,high_res,4,21.896,s3://geoglows-v2-forecasts/2024072000.zarr,fc906401d15777bb376d3a651fe4b05d-2,2026-09-25T06:28:46Z
2024-07-20,minas_san_francisco,670027091,high_res,5,21.446,s3://geoglows-v2-forecasts/2024072000.zarr,fc906401d15777bb376d3a651fe4b05d-2,2026-09-25T06:28:46Z
2024-07-20,minas_san_francisco,670027091,high_res,6,23.359,s3://geoglows-v2-forecasts/2024072000.zarr,fc906401d15777bb376d3a651fe4b05d-2,2026-09-25T06:28:46Z
2024-07-20,minas_san_francisco,670027091,high_res,7,24.8,s3://geoglows-v2-forecasts/2024072000.zarr,fc906401d15777bb376d3a651fe4b05d-2,2026-09-25T06:28:46Z
2024-07-20,minas_san_francisco,670027091,high_res,8,23.581,s3://geoglows-v2-forecasts/2024072000.zarr,fc906401d15777bb376d3a651fe4b05d-2,2026-09-25T06:28:46Z
2024-07-20,minas_san_francisco,670027091,high_res,9,22.237,s3://geoglows-v2-forecasts/2024072000.zarr,fc906401d15777bb376d3a651fe4b05d-2,2026-09-25T06:28:46Z
2024-07-21,agoyan,621014469,high_res,1,146.077,s3://geoglows-v2-forecasts/2024072100.zarr,3c06cc774e76e7c1eb31083990499239-2,2026-09-25T06:28:50Z
2024-07-21,agoyan,621014469,high_res,10,208.526,s3://geoglows-v2-forecasts/2024072100.zarr,3c06cc774e76e7c1eb31083990499239-2,2026-09-25T06:28:50Z
2024-07-21,agoyan,621014469,high_res,2,144.01,s3://geoglows-v2-forecasts/2024072100.zarr,3c06cc774e76e7c1eb31083990499239-2,2026-09-25T06:28:50Z
2024-07-21,agoyan,621014469,high_res,3,146.836,s3://geoglows-v2-forecasts/2024072100.zarr,3c06cc774e76e7c1eb31083990499239-2,2026-09-25T06:28:50Z
2024-07-21,agoyan,621014469,high_res,4,150.187,s3://geoglows-v2-forecasts/2024072100.zarr,3c06cc774e76e7c1eb31083990499239-2,2026-09-25T06:28:50Z
2024-07-21,agoyan,621014469,high_res,5,153.195,s3://geoglows-v2-forecasts/2024072100.zarr,3c06cc774e76e7c1eb31083990499239-2,2026-09-25T06:28:50Z
2024-07-21,agoyan,621014469,high_res,6,151.477,s3://geoglows-v2-forecasts/2024072100.zarr,3c06cc774e76e7c1eb31083990499239-2,2026-09-25T06:28:50Z
2024-07-21,agoyan,621014469,high_res,7,155.559,s3://geoglows-v2-forecasts/2024072100.zarr,3c06cc774e76e7c1eb31083990499239-2,2026-09-25T06:28:50Z
2024-07-21,agoyan,621014469,high_res,8,185.606,s3://geoglows-v2-forecasts/2024072100.zarr,3c06cc774e76e7c1eb31083990499239-2,2026-09-25T06:28:50Z
2024-07-21,agoyan,621014469,high_res,9,207.551,s3://geoglows-v2-forecasts/2024072100.zarr,3c06cc774e76e7c1eb31083990499239-2,2026-09-25T06:28:50Z
2024-07-21,manduriacu,670078161,high_res,1,138.065,s3://geoglows-v2-forecasts/2024072100.zarr,3c06cc774e76e7c1eb31083990499239-2,2026-09-25T06:28:50Z
2024-07-21,manduriacu,670078161,high_res,10,130.868,s3://geoglows-v2-forecasts/2024072100.zarr,3c06cc774e76e7c1eb31083990499239-2,2026-09-25T06:28:50Z
2024-07-21,manduriacu,670078161,high_res,2,135.561,s3://geoglows-v2-forecasts/2024072100.zarr,3c06cc774e76e7c1eb31083990499239-2,2026-09-25T06:28:50Z
2024-07-21,manduriacu,670078161,high_res,3,136.42,s3://geoglows-v2-forecasts/2024072100.zarr,3c06cc774e76e7c1eb31083990499239-2,2026-09-25T06:28:50Z
2024-07-21,manduriacu,670078161,high_res,4,138.937,s3://geoglows-v2-forecasts/2024072100.zarr,3c06cc774e76e7c1eb31083990499239-2,2026-09-25T06:28:50Z
2024-07-21,manduriacu,670078161,high_res,5,140.66,s3://geoglows-v2-forecasts/2024072100.zarr,3c06cc774e76e7c1eb31083990499239-2,2026-09-25T06:28:50Z
2024-07-21,manduriacu,670078161,high_res,6,136.589,s3://geoglows-v2-forecasts/2024072100.zarr,3c06cc774e76e7c1eb31083990499239-2,2026-09-25T06:28:50Z
2024-07-21,manduriacu,670078161,high_res,7,133.702,s3://geoglows-v2-forecasts/2024072100.zarr,3c06cc774e76e7c1eb31083990499239-2,2026-09-25T06:28:50Z
2024-07-21,manduriacu,670078161,high_res,8,136.852,s3://geoglows-v2-forecasts/2024072100.zarr,3c06cc774e76e7c1eb31083990499239-2,2026-09-25T06:28:50Z
2024-07-21,manduriacu,670078161,high_res,9,136.386,s3://geoglows-v2-forecasts/2024072100.zarr,3c06cc774e76e7c1eb31083990499239-2,2026-09-25T06:28:50Z
2024-07-21,minas_san_francisco,670027091,high_res,1,22.48,s3://geoglows-v2-forecasts/2024072100.zarr,3c06cc774e76e7c1eb31083990499239-2,2026-09-25T06:28:50Z
2024-07-21,minas_san_francisco,670027091,high_res,10,24.563,s3://geoglows-v2-forecasts/2024072100.zarr,3c06cc774e76e7c1eb31083990499239-2,2026-09-25T06:28:50Z
2024-07-21,minas_san_francisco,670027091,high_res,2,23.135,s3://geoglows-v2-forecasts/2024072100.zarr,3c06cc774e76e7c1eb31083990499239-2,2026-09-25T06:28:50Z
2024-07-21,minas_san_francisco,670027091,high_res,3,22.016,s3://geoglows-v2-forecasts/2024072100.zarr,3c06cc774e76e7c1eb31083990499239-2,2026-09-25T06:28:50Z
2024-07-21,minas_san_francisco,670027091,high_res,4,21.403,s3://geoglows-v2-forecasts/2024072100.zarr,3c06cc774e76e7c1eb31083990499239-2,2026-09-25T06:28:50Z
2024-07-21,minas_san_francisco,670027091,high_res,5,22.607,s3://geoglows-v2-forecasts/2024072100.zarr,3c06cc774e76e7c1eb31083990499239-2,2026-09-25T06:28:50Z
2024-07-21,minas_san_francisco,670027091,high_res,6,23.919,s3://geoglows-v2-forecasts/2024072100.zarr,3c06cc774e76e7c1eb31083990499239-2,2026-09-25T06:28:50Z
2024-07-21,minas_san_francisco,670027091,high_res,7,23.461,s3://geoglows-v2-forecasts/2024072100.zarr,3c06cc774e76e7c1eb31083990499239-2,2026-09-25T06:28:50Z
2024-07-21,minas_san_francisco,670027091,high_res,8,22.505,s3://geoglows-v2-forecasts/2024072100.zarr,3c06cc774e76e7c1eb31083990499239-2,2026-09-25T06:28:50Z
2024-07-21,minas_san_francisco,670027091,high_res,9,22.818,s3://geoglows-v2-forecasts/2024072100.zarr,3c06cc774e76e7c1eb31083990499239-2,2026-09-25T06:28:50Z
2024-07-22,agoyan,621014469,high_res,1,142.437,s3://geoglows-v2-forecasts/2024072200.zarr,13404563fd3aee7319b3fafd22dcdd70-2,2026-09-25T06:28:54Z
2024-07-22,agoyan,621014469,high_res,10,167.084,s3://geoglows-v2-forecasts/2024072200.zarr,13404563fd3aee7319b3fafd22dcdd70-2,2026-09-25T06:28:54Z
2024-07-22,agoyan,621014469,high_res,2,142.955,s3://geoglows-v2-forecasts/2024072200.zarr,13404563fd3aee7319b3fafd22dcdd70-2,2026-09-25T06:28:54Z
2024-07-22,agoyan,621014469,high_res,3,142.117,s3://geoglows-v2-forecasts/2024072200.zarr,13404563fd3aee7319b3fafd22dcdd70-2,2026-09-25T06:28:54Z
2024-07-22,agoyan,621014469,high_res,4,146.089,s3://geoglows-v2-forecasts/2024072200.zarr,13404563fd3aee7319b3fafd22dcdd70-2,2026-09-25T06:28:54Z
2024-07-22,agoyan,621014469,high_res,5,148.575,s3://geoglows-v2-forecasts/2024072200.zarr,13404563fd3aee7319b3fafd22dcdd70-2,2026-09-25T06:28:54Z
2024-07-22,agoyan,621014469,high_res,6,153.965,s3://geoglows-v2-forecasts/2024072200.zarr,13404563fd3aee7319b3fafd22dcdd70-2,2026-09-25T06:28:54Z
2024-07-22,agoyan,621014469,high_res,7,167.74,s3://geoglows-v2-forecasts/2024072200.zarr,13404563fd3aee7319b3fafd22dcdd70-2,2026-09-25T06:28:54Z
2024-07-22,agoyan,621014469,high_res,8,175.039,s3://geoglows-v2-forecasts/2024072200.zarr,13404563fd3aee7319b3fafd22dcdd70-2,2026-09-25T06:28:54Z
2024-07-22,agoyan,621014469,high_res,9,175.585,s3://geoglows-v2-forecasts/2024072200.zarr,13404563fd3aee7319b3fafd22dcdd70-2,2026-09-25T06:28:54Z
2024-07-22,manduriacu,670078161,high_res,1,131.687,s3://geoglows-v2-forecasts/2024072200.zarr,13404563fd3aee7319b3fafd22dcdd70-2,2026-09-25T06:28:54Z
2024-07-22,manduriacu,670078161,high_res,10,126.979,s3://geoglows-v2-forecasts/2024072200.zarr,13404563fd3aee7319b3fafd22dcdd70-2,2026-09-25T06:28:54Z
2024-07-22,manduriacu,670078161,high_res,2,129.716,s3://geoglows-v2-forecasts/2024072200.zarr,13404563fd3aee7319b3fafd22dcdd70-2,2026-09-25T06:28:54Z
2024-07-22,manduriacu,670078161,high_res,3,131.817,s3://geoglows-v2-forecasts/2024072200.zarr,13404563fd3aee7319b3fafd22dcdd70-2,2026-09-25T06:28:54Z
2024-07-22,manduriacu,670078161,high_res,4,136.385,s3://geoglows-v2-forecasts/2024072200.zarr,13404563fd3aee7319b3fafd22dcdd70-2,2026-09-25T06:28:54Z
2024-07-22,manduriacu,670078161,high_res,5,134.829,s3://geoglows-v2-forecasts/2024072200.zarr,13404563fd3aee7319b3fafd22dcdd70-2,2026-09-25T06:28:54Z
2024-07-22,manduriacu,670078161,high_res,6,132.962,s3://geoglows-v2-forecasts/2024072200.zarr,13404563fd3aee7319b3fafd22dcdd70-2,2026-09-25T06:28:54Z
2024-07-22,manduriacu,670078161,high_res,7,136.815,s3://geoglows-v2-forecasts/2024072200.zarr,13404563fd3aee7319b3fafd22dcdd70-2,2026-09-25T06:28:54Z
2024-07-22,manduriacu,670078161,high_res,8,135.73,s3://geoglows-v2-forecasts/2024072200.zarr,13404563fd3aee7319b3fafd22dcdd70-2,2026-09-25T06:28:54Z
2024-07-22,manduriacu,670078161,high_res,9,131.433,s3://geoglows-v2-forecasts/2024072200.zarr,13404563fd3aee7319b3fafd22dcdd70-2,2026-09-25T06:28:54Z
2024-07-22,minas_san_francisco,670027091,high_res,1,22.733,s3://geoglows-v2-forecasts/2024072200.zarr,13404563fd3aee7319b3fafd22dcdd70-2,2026-09-25T06:28:54Z
2024-07-22,minas_san_francisco,670027091,high_res,10,22.238,s3://geoglows-v2-forecasts/2024072200.zarr,13404563fd3aee7319b3fafd22dcdd70-2,2026-09-25T06:28:54Z
2024-07-22,minas_san_francisco,670027091,high_res,2,21.547,s3://geoglows-v2-forecasts/2024072200.zarr,13404563fd3aee7319b3fafd22dcdd70-2,2026-09-25T06:28:54Z
2024-07-22,minas_san_francisco,670027091,high_res,3,21.085,s3://geoglows-v2-forecasts/2024072200.zarr,13404563fd3aee7319b3fafd22dcdd70-2,2026-09-25T06:28:54Z
2024-07-22,minas_san_francisco,670027091,high_res,4,22.922,s3://geoglows-v2-forecasts/2024072200.zarr,13404563fd3aee7319b3fafd22dcdd70-2,2026-09-25T06:28:54Z
2024-07-22,minas_san_francisco,670027091,high_res,5,24.569,s3://geoglows-v2-forecasts/2024072200.zarr,13404563fd3aee7319b3fafd22dcdd70-2,2026-09-25T06:28:54Z
2024-07-22,minas_san_francisco,670027091,high_res,6,22.908,s3://geoglows-v2-forecasts/2024072200.zarr,13404563fd3aee7319b3fafd22dcdd70-2,2026-09-25T06:28:54Z
2024-07-22,minas_san_francisco,670027091,high_res,7,21.572,s3://geoglows-v2-forecasts/2024072200.zarr,13404563fd3aee7319b3fafd22dcdd70-2,2026-09-25T06:28:54Z
2024-07-22,minas_san_francisco,670027091,high_res,8,21.875,s3://geoglows-v2-forecasts/2024072200.zarr,13404563fd3aee7319b3fafd22dcdd70-2,2026-09-25T06:28:54Z
2024-07-22,minas_san_francisco,670027091,high_res,9,22.769,s3://geoglows-v2-forecasts/2024072200.zarr,13404563fd3aee7319b3fafd22dcdd70-2,2026-09-25T06:28:54Z
2024-07-23,agoyan,621014469,high_res,1,139.853,s3://geoglows-v2-forecasts/2024072300.zarr,4105a57655e600dfa12dc73f5360a41c-2,2026-09-25T06:28:57Z
2024-07-23,agoyan,621014469,high_res,10,155.901,s3://geoglows-v2-forecasts/2024072300.zarr,4105a57655e600dfa12dc73f5360a41c-2,2026-09-25T06:28:57Z
2024-07-23,agoyan,621014469,high_res,2,135.542,s3://geoglows-v2-forecasts/2024072300.zarr,4105a57655e600dfa12dc73f5360a41c-2,2026-09-25T06:28:57Z
2024-07-23,agoyan,621014469,high_res,3,135.291,s3://geoglows-v2-forecasts/2024072300.zarr,4105a57655e600dfa12dc73f5360a41c-2,2026-09-25T06:28:57Z
2024-07-23,agoyan,621014469,high_res,4,138.901,s3://geoglows-v2-forecasts/2024072300.zarr,4105a57655e600dfa12dc73f5360a41c-2,2026-09-25T06:28:57Z
2024-07-23,agoyan,621014469,high_res,5,144.335,s3://geoglows-v2-forecasts/2024072300.zarr,4105a57655e600dfa12dc73f5360a41c-2,2026-09-25T06:28:57Z
2024-07-23,agoyan,621014469,high_res,6,150.544,s3://geoglows-v2-forecasts/2024072300.zarr,4105a57655e600dfa12dc73f5360a41c-2,2026-09-25T06:28:57Z
2024-07-23,agoyan,621014469,high_res,7,153.352,s3://geoglows-v2-forecasts/2024072300.zarr,4105a57655e600dfa12dc73f5360a41c-2,2026-09-25T06:28:57Z
2024-07-23,agoyan,621014469,high_res,8,159.584,s3://geoglows-v2-forecasts/2024072300.zarr,4105a57655e600dfa12dc73f5360a41c-2,2026-09-25T06:28:57Z
2024-07-23,agoyan,621014469,high_res,9,159.555,s3://geoglows-v2-forecasts/2024072300.zarr,4105a57655e600dfa12dc73f5360a41c-2,2026-09-25T06:28:57Z
2024-07-23,manduriacu,670078161,high_res,1,127.811,s3://geoglows-v2-forecasts/2024072300.zarr,4105a57655e600dfa12dc73f5360a41c-2,2026-09-25T06:28:57Z
2024-07-23,manduriacu,670078161,high_res,10,122.849,s3://geoglows-v2-forecasts/2024072300.zarr,4105a57655e600dfa12dc73f5360a41c-2,2026-09-25T06:28:57Z
2024-07-23,manduriacu,670078161,high_res,2,129.724,s3://geoglows-v2-forecasts/2024072300.zarr,4105a57655e600dfa12dc73f5360a41c-2,2026-09-25T06:28:57Z
2024-07-23,manduriacu,670078161,high_res,3,131.494,s3://geoglows-v2-forecasts/2024072300.zarr,4105a57655e600dfa12dc73f5360a41c-2,2026-09-25T06:28:57Z
2024-07-23,manduriacu,670078161,high_res,4,131.346,s3://geoglows-v2-forecasts/2024072300.zarr,4105a57655e600dfa12dc73f5360a41c-2,2026-09-25T06:28:57Z
2024-07-23,manduriacu,670078161,high_res,5,129.276,s3://geoglows-v2-forecasts/2024072300.zarr,4105a57655e600dfa12dc73f5360a41c-2,2026-09-25T06:28:57Z
2024-07-23,manduriacu,670078161,high_res,6,131.993,s3://geoglows-v2-forecasts/2024072300.zarr,4105a57655e600dfa12dc73f5360a41c-2,2026-09-25T06:28:57Z
2024-07-23,manduriacu,670078161,high_res,7,136.143,s3://geoglows-v2-forecasts/2024072300.zarr,4105a57655e600dfa12dc73f5360a41c-2,2026-09-25T06:28:57Z
2024-07-23,manduriacu,670078161,high_res,8,131.876,s3://geoglows-v2-forecasts/2024072300.zarr,4105a57655e600dfa12dc73f5360a41c-2,2026-09-25T06:28:57Z
2024-07-23,manduriacu,670078161,high_res,9,126.619,s3://geoglows-v2-forecasts/2024072300.zarr,4105a57655e600dfa12dc73f5360a41c-2,2026-09-25T06:28:57Z
2024-07-23,minas_san_francisco,670027091,high_res,1,21.171,s3://geoglows-v2-forecasts/2024072300.zarr,4105a57655e600dfa12dc73f5360a41c-2,2026-09-25T06:28:57Z
2024-07-23,minas_san_francisco,670027091,high_res,10,20.524,s3://geoglows-v2-forecasts/2024072300.zarr,4105a57655e600dfa12dc73f5360a41c-2,2026-09-25T06:28:57Z
2024-07-23,minas_san_francisco,670027091,high_res,2,20.381,s3://geoglows-v2-forecasts/2024072300.zarr,4105a57655e600dfa12dc73f5360a41c-2,2026-09-25T06:28:57Z
2024-07-23,minas_san_francisco,670027091,high_res,3,21.359,s3://geoglows-v2-forecasts/2024072300.zarr,4105a57655e600dfa12dc73f5360a41c-2,2026-09-25T06:28:57Z
2024-07-23,minas_san_francisco,670027091,high_res,4,22.551,s3://geoglows-v2-forecasts/2024072300.zarr,4105a57655e600dfa12dc73f5360a41c-2,2026-09-25T06:28:57Z
2024-07-23,minas_san_francisco,670027091,high_res,5,23.262,s3://geoglows-v2-forecasts/2024072300.zarr,4105a57655e600dfa12dc73f5360a41c-2,2026-09-25T06:28:57Z
2024-07-23,minas_san_francisco,670027091,high_res,6,22.583,s3://geoglows-v2-forecasts/2024072300.zarr,4105a57655e600dfa12dc73f5360a41c-2,2026-09-25T06:28:57Z
2024-07-23,minas_san_francisco,670027091,high_res,7,21.701,s3://geoglows-v2-forecasts/2024072300.zarr,4105a57655e600dfa12dc73f5360a41c-2,2026-09-25T06:28:57Z
2024-07-23,minas_san_francisco,670027091,high_res,8,20.756,s3://geoglows-v2-forecasts/2024072300.zarr,4105a57655e600dfa12dc73f5360a41c-2,2026-09-25T06:28:57Z
2024-07-23,minas_san_francisco,670027091,high_res,9,20.306,s3://geoglows-v2-forecasts/2024072300.zarr,4105a57655e600dfa12dc73f5360a41c-2,2026-09-25T06:28:57Z
2024-07-24,agoyan,621014469,high_res,1,129.772,s3://geoglows-v2-forecasts/2024072400.zarr,7184f4ccd23db2f56e0f290b0abfcf81-2,2026-09-25T06:29:01Z
2024-07-24,agoyan,621014469,high_res,10,138.989,s3://geoglows-v2-forecasts/2024072400.zarr,7184f4ccd23db2f56e0f290b0abfcf81-2,2026-09-25T06:29:01Z
2024-07-24,agoyan,621014469,high_res,2,128.393,s3://geoglows-v2-forecasts/2024072400.zarr,7184f4ccd23db2f56e0f290b0abfcf81-2,2026-09-25T06:29:01Z
2024-07-24,agoyan,621014469,high_res,3,131.41,s3://geoglows-v2-forecasts/2024072400.zarr,7184f4ccd23db2f56e0f290b0abfcf81-2,2026-09-25T06:29:01Z
2024-07-24,agoyan,621014469,high_res,4,140.95,s3://geoglows-v2-forecasts/2024072400.zarr,7184f4ccd23db2f56e0f290b0abfcf81-2,2026-09-25T06:29:01Z
2024-07-24,agoyan,621014469,high_res,5,150.662,s3://geoglows-v2-forecasts/2024072400.zarr,7184f4ccd23db2f56e0f290b0abfcf81-2,2026-09-25T06:29:01Z
2024-07-24,agoyan,621014469,high_res,6,147.456,s3://geoglows-v2-forecasts/2024072400.zarr,7184f4ccd23db2f56e0f290b0abfcf81-2,2026-09-25T06:29:01Z
2024-07-24,agoyan,621014469,high_res,7,150.544,s3://geoglows-v2-forecasts/2024072400.zarr,7184f4ccd23db2f56e0f290b0abfcf81-2,2026-09-25T06:29:01Z
2024-07-24,agoyan,621014469,high_res,8,149.493,s3://geoglows-v2-forecasts/2024072400.zarr,7184f4ccd23db2f56e0f290b0abfcf81-2,2026-09-25T06:29:01Z
2024-07-24,agoyan,621014469,high_res,9,148.28,s3://geoglows-v2-forecasts/2024072400.zarr,7184f4ccd23db2f56e0f290b0abfcf81-2,2026-09-25T06:29:01Z
2024-07-24,manduriacu,670078161,high_res,1,126.277,s3://geoglows-v2-forecasts/2024072400.zarr,7184f4ccd23db2f56e0f290b0abfcf81-2,2026-09-25T06:29:01Z
2024-07-24,manduriacu,670078161,high_res,10,128.258,s3://geoglows-v2-forecasts/2024072400.zarr,7184f4ccd23db2f56e0f290b0abfcf81-2,2026-09-25T06:29:01Z
2024-07-24,manduriacu,670078161,high_res,2,128.529,s3://geoglows-v2-forecasts/2024072400.zarr,7184f4ccd23db2f56e0f290b0abfcf81-2,2026-09-25T06:29:01Z
2024-07-24,manduriacu,670078161,high_res,3,127.808,s3://geoglows-v2-forecasts/2024072400.zarr,7184f4ccd23db2f56e0f290b0abfcf81-2,2026-09-25T06:29:01Z
2024-07-24,manduriacu,670078161,high_res,4,128.143,s3://geoglows-v2-forecasts/2024072400.zarr,7184f4ccd23db2f56e0f290b0abfcf81-2,2026-09-25T06:29:01Z
2024-07-24,manduriacu,670078161,high_res,5,129.648,s3://geoglows-v2-forecasts/2024072400.zarr,7184f4ccd23db2f56e0f290b0abfcf81-2,2026-09-25T06:29:01Z
2024-07-24,manduriacu,670078161,high_res,6,128.933,s3://geoglows-v2-forecasts/2024072400.zarr,7184f4ccd23db2f56e0f290b0abfcf81-2,2026-09-25T06:29:01Z
2024-07-24,manduriacu,670078161,high_res,7,126.828,s3://geoglows-v2-forecasts/2024072400.zarr,7184f4ccd23db2f56e0f290b0abfcf81-2,2026-09-25T06:29:01Z
2024-07-24,manduriacu,670078161,high_res,8,125.012,s3://geoglows-v2-forecasts/2024072400.zarr,7184f4ccd23db2f56e0f290b0abfcf81-2,2026-09-25T06:29:01Z
2024-07-24,manduriacu,670078161,high_res,9,127.002,s3://geoglows-v2-forecasts/2024072400.zarr,7184f4ccd23db2f56e0f290b0abfcf81-2,2026-09-25T06:29:01Z
2024-07-24,minas_san_francisco,670027091,high_res,1,19.963,s3://geoglows-v2-forecasts/2024072400.zarr,7184f4ccd23db2f56e0f290b0abfcf81-2,2026-09-25T06:29:01Z
2024-07-24,minas_san_francisco,670027091,high_res,10,20.42,s3://geoglows-v2-forecasts/2024072400.zarr,7184f4ccd23db2f56e0f290b0abfcf81-2,2026-09-25T06:29:01Z
2024-07-24,minas_san_francisco,670027091,high_res,2,20.615,s3://geoglows-v2-forecasts/2024072400.zarr,7184f4ccd23db2f56e0f290b0abfcf81-2,2026-09-25T06:29:01Z
2024-07-24,minas_san_francisco,670027091,high_res,3,21.425,s3://geoglows-v2-forecasts/2024072400.zarr,7184f4ccd23db2f56e0f290b0abfcf81-2,2026-09-25T06:29:01Z
2024-07-24,minas_san_francisco,670027091,high_res,4,22.025,s3://geoglows-v2-forecasts/2024072400.zarr,7184f4ccd23db2f56e0f290b0abfcf81-2,2026-09-25T06:29:01Z
2024-07-24,minas_san_francisco,670027091,high_res,5,22.351,s3://geoglows-v2-forecasts/2024072400.zarr,7184f4ccd23db2f56e0f290b0abfcf81-2,2026-09-25T06:29:01Z
2024-07-24,minas_san_francisco,670027091,high_res,6,21.843,s3://geoglows-v2-forecasts/2024072400.zarr,7184f4ccd23db2f56e0f290b0abfcf81-2,2026-09-25T06:29:01Z
2024-07-24,minas_san_francisco,670027091,high_res,7,20.593,s3://geoglows-v2-forecasts/2024072400.zarr,7184f4ccd23db2f56e0f290b0abfcf81-2,2026-09-25T06:29:01Z
2024-07-24,minas_san_francisco,670027091,high_res,8,19.763,s3://geoglows-v2-forecasts/2024072400.zarr,7184f4ccd23db2f56e0f290b0abfcf81-2,2026-09-25T06:29:01Z
2024-07-24,minas_san_francisco,670027091,high_res,9,19.749,s3://geoglows-v2-forecasts/2024072400.zarr,7184f4ccd23db2f56e0f290b0abfcf81-2,2026-09-25T06:29:01Z
2024-07-25,agoyan,621014469,high_res,1,127.412,s3://geoglows-v2-forecasts/2024072500.zarr,0ce28801232eef569b85a780aa2cc0e0-2,2026-09-25T06:29:06Z
2024-07-25,agoyan,621014469,high_res,10,115.546,s3://geoglows-v2-forecasts/2024072500.zarr,0ce28801232eef569b85a780aa2cc0e0-2,2026-09-25T06:29:06Z
2024-07-25,agoyan,621014469,high_res,2,127.476,s3://geoglows-v2-forecasts/2024072500.zarr,0ce28801232eef569b85a780aa2cc0e0-2,2026-09-25T06:29:06Z
2024-07-25,agoyan,621014469,high_res,3,130.507,s3://geoglows-v2-forecasts/2024072500.zarr,0ce28801232eef569b85a780aa2cc0e0-2,2026-09-25T06:29:06Z
2024-07-25,agoyan,621014469,high_res,4,135.165,s3://geoglows-v2-forecasts/2024072500.zarr,0ce28801232eef569b85a780aa2cc0e0-2,2026-09-25T06:29:06Z
2024-07-25,agoyan,621014469,high_res,5,133.828,s3://geoglows-v2-forecasts/2024072500.zarr,0ce28801232eef569b85a780aa2cc0e0-2,2026-09-25T06:29:06Z
2024-07-25,agoyan,621014469,high_res,6,132.281,s3://geoglows-v2-forecasts/2024072500.zarr,0ce28801232eef569b85a780aa2cc0e0-2,2026-09-25T06:29:06Z
2024-07-25,agoyan,621014469,high_res,7,129.59,s3://geoglows-v2-forecasts/2024072500.zarr,0ce28801232eef569b85a780aa2cc0e0-2,2026-09-25T06:29:06Z
2024-07-25,agoyan,621014469,high_res,8,124.871,s3://geoglows-v2-forecasts/2024072500.zarr,0ce28801232eef569b85a780aa2cc0e0-2,2026-09-25T06:29:06Z
2024-07-25,agoyan,621014469,high_res,9,120.182,s3://geoglows-v2-forecasts/2024072500.zarr,0ce28801232eef569b85a780aa2cc0e0-2,2026-09-25T06:29:06Z
2024-07-25,manduriacu,670078161,high_res,1,123.664,s3://geoglows-v2-forecasts/2024072500.zarr,0ce28801232eef569b85a780aa2cc0e0-2,2026-09-25T06:29:06Z
2024-07-25,manduriacu,670078161,high_res,10,123.781,s3://geoglows-v2-forecasts/2024072500.zarr,0ce28801232eef569b85a780aa2cc0e0-2,2026-09-25T06:29:06Z
2024-07-25,manduriacu,670078161,high_res,2,120.722,s3://geoglows-v2-forecasts/2024072500.zarr,0ce28801232eef569b85a780aa2cc0e0-2,2026-09-25T06:29:06Z
2024-07-25,manduriacu,670078161,high_res,3,120.839,s3://geoglows-v2-forecasts/2024072500.zarr,0ce28801232eef569b85a780aa2cc0e0-2,2026-09-25T06:29:06Z
2024-07-25,manduriacu,670078161,high_res,4,124.85,s3://geoglows-v2-forecasts/2024072500.zarr,0ce28801232eef569b85a780aa2cc0e0-2,2026-09-25T06:29:06Z
2024-07-25,manduriacu,670078161,high_res,5,123.595,s3://geoglows-v2-forecasts/2024072500.zarr,0ce28801232eef569b85a780aa2cc0e0-2,2026-09-25T06:29:06Z
2024-07-25,manduriacu,670078161,high_res,6,120.257,s3://geoglows-v2-forecasts/2024072500.zarr,0ce28801232eef569b85a780aa2cc0e0-2,2026-09-25T06:29:06Z
2024-07-25,manduriacu,670078161,high_res,7,118.838,s3://geoglows-v2-forecasts/2024072500.zarr,0ce28801232eef569b85a780aa2cc0e0-2,2026-09-25T06:29:06Z
2024-07-25,manduriacu,670078161,high_res,8,118.164,s3://geoglows-v2-forecasts/2024072500.zarr,0ce28801232eef569b85a780aa2cc0e0-2,2026-09-25T06:29:06Z
2024-07-25,manduriacu,670078161,high_res,9,117.189,s3://geoglows-v2-forecasts/2024072500.zarr,0ce28801232eef569b85a780aa2cc0e0-2,2026-09-25T06:29:06Z
2024-07-25,minas_san_francisco,670027091,high_res,1,20.065,s3://geoglows-v2-forecasts/2024072500.zarr,0ce28801232eef569b85a780aa2cc0e0-2,2026-09-25T06:29:06Z
2024-07-25,minas_san_francisco,670027091,high_res,10,19.938,s3://geoglows-v2-forecasts/2024072500.zarr,0ce28801232eef569b85a780aa2cc0e0-2,2026-09-25T06:29:06Z
2024-07-25,minas_san_francisco,670027091,high_res,2,20.646,s3://geoglows-v2-forecasts/2024072500.zarr,0ce28801232eef569b85a780aa2cc0e0-2,2026-09-25T06:29:06Z
2024-07-25,minas_san_francisco,670027091,high_res,3,20.968,s3://geoglows-v2-forecasts/2024072500.zarr,0ce28801232eef569b85a780aa2cc0e0-2,2026-09-25T06:29:06Z
2024-07-25,minas_san_francisco,670027091,high_res,4,21.975,s3://geoglows-v2-forecasts/2024072500.zarr,0ce28801232eef569b85a780aa2cc0e0-2,2026-09-25T06:29:06Z
2024-07-25,minas_san_francisco,670027091,high_res,5,22.87,s3://geoglows-v2-forecasts/2024072500.zarr,0ce28801232eef569b85a780aa2cc0e0-2,2026-09-25T06:29:06Z
2024-07-25,minas_san_francisco,670027091,high_res,6,21.38,s3://geoglows-v2-forecasts/2024072500.zarr,0ce28801232eef569b85a780aa2cc0e0-2,2026-09-25T06:29:06Z
2024-07-25,minas_san_francisco,670027091,high_res,7,19.731,s3://geoglows-v2-forecasts/2024072500.zarr,0ce28801232eef569b85a780aa2cc0e0-2,2026-09-25T06:29:06Z
2024-07-25,minas_san_francisco,670027091,high_res,8,19.292,s3://geoglows-v2-forecasts/2024072500.zarr,0ce28801232eef569b85a780aa2cc0e0-2,2026-09-25T06:29:06Z
2024-07-25,minas_san_francisco,670027091,high_res,9,19.643,s3://geoglows-v2-forecasts/2024072500.zarr,0ce28801232eef569b85a780aa2cc0e0-2,2026-09-25T06:29:06Z
2024-07-26,agoyan,621014469,high_res,1,125.248,s3://geoglows-v2-forecasts/2024072600.zarr,3df5e14dcd23ee3104ba9cdf3d170140-2,2026-09-25T06:29:11Z
2024-07-26,agoyan,621014469,high_res,10,112.614,s3://geoglows-v2-forecasts/2024072600.zarr,3df5e14dcd23ee3104ba9cdf3d170140-2,2026-09-25T06:29:11Z
2024-07-26,agoyan,621014469,high_res,2,124.405,s3://geoglows-v2-forecasts/2024072600.zarr,3df5e14dcd23ee3104ba9cdf3d170140-2,2026-09-25T06:29:11Z
2024-07-26,agoyan,621014469,high_res,3,128.017,s3://geoglows-v2-forecasts/2024072600.zarr,3df5e14dcd23ee3104ba9cdf3d170140-2,2026-09-25T06:29:11Z
2024-07-26,agoyan,621014469,high_res,4,127.836,s3://geoglows-v2-forecasts/2024072600.zarr,3df5e14dcd23ee3104ba9cdf3d170140-2,2026-09-25T06:29:11Z
2024-07-26,agoyan,621014469,high_res,5,128.338,s3://geoglows-v2-forecasts/2024072600.zarr,3df5e14dcd23ee3104ba9cdf3d170140-2,2026-09-25T06:29:11Z
2024-07-26,agoyan,621014469,high_res,6,127.238,s3://geoglows-v2-forecasts/2024072600.zarr,3df5e14dcd23ee3104ba9cdf3d170140-2,2026-09-25T06:29:11Z
2024-07-26,agoyan,621014469,high_res,7,123.276,s3://geoglows-v2-forecasts/2024072600.zarr,3df5e14dcd23ee3104ba9cdf3d170140-2,2026-09-25T06:29:11Z
2024-07-26,agoyan,621014469,high_res,8,119.034,s3://geoglows-v2-forecasts/2024072600.zarr,3df5e14dcd23ee3104ba9cdf3d170140-2,2026-09-25T06:29:11Z
2024-07-26,agoyan,621014469,high_res,9,115.327,s3://geoglows-v2-forecasts/2024072600.zarr,3df5e14dcd23ee3104ba9cdf3d170140-2,2026-09-25T06:29:11Z
2024-07-26,manduriacu,670078161,high_res,1,118.648,s3://geoglows-v2-forecasts/2024072600.zarr,3df5e14dcd23ee3104ba9cdf3d170140-2,2026-09-25T06:29:11Z
2024-07-26,manduriacu,670078161,high_res,10,158.387,s3://geoglows-v2-forecasts/2024072600.zarr,3df5e14dcd23ee3104ba9cdf3d170140-2,2026-09-25T06:29:11Z
2024-07-26,manduriacu,670078161,high_res,2,115.662,s3://geoglows-v2-forecasts/2024072600.zarr,3df5e14dcd23ee3104ba9cdf3d170140-2,2026-09-25T06:29:11Z
2024-07-26,manduriacu,670078161,high_res,3,117.096,s3://geoglows-v2-forecasts/2024072600.zarr,3df5e14dcd23ee3104ba9cdf3d170140-2,2026-09-25T06:29:11Z
2024-07-26,manduriacu,670078161,high_res,4,116.855,s3://geoglows-v2-forecasts/2024072600.zarr,3df5e14dcd23ee3104ba9cdf3d170140-2,2026-09-25T06:29:11Z
2024-07-26,manduriacu,670078161,high_res,5,116.074,s3://geoglows-v2-forecasts/2024072600.zarr,3df5e14dcd23ee3104ba9cdf3d170140-2,2026-09-25T06:29:11Z
2024-07-26,manduriacu,670078161,high_res,6,115.997,s3://geoglows-v2-forecasts/2024072600.zarr,3df5e14dcd23ee3104ba9cdf3d170140-2,2026-09-25T06:29:11Z
2024-07-26,manduriacu,670078161,high_res,7,116.016,s3://geoglows-v2-forecasts/2024072600.zarr,3df5e14dcd23ee3104ba9cdf3d170140-2,2026-09-25T06:29:11Z
2024-07-26,manduriacu,670078161,high_res,8,118.775,s3://geoglows-v2-forecasts/2024072600.zarr,3df5e14dcd23ee3104ba9cdf3d170140-2,2026-09-25T06:29:11Z
2024-07-26,manduriacu,670078161,high_res,9,129.696,s3://geoglows-v2-forecasts/2024072600.zarr,3df5e14dcd23ee3104ba9cdf3d170140-2,2026-09-25T06:29:11Z
2024-07-26,minas_san_francisco,670027091,high_res,1,20.142,s3://geoglows-v2-forecasts/2024072600.zarr,3df5e14dcd23ee3104ba9cdf3d170140-2,2026-09-25T06:29:11Z
2024-07-26,minas_san_francisco,670027091,high_res,10,24.227,s3://geoglows-v2-forecasts/2024072600.zarr,3df5e14dcd23ee3104ba9cdf3d170140-2,2026-09-25T06:29:11Z
2024-07-26,minas_san_francisco,670027091,high_res,2,20.04,s3://geoglows-v2-forecasts/2024072600.zarr,3df5e14dcd23ee3104ba9cdf3d170140-2,2026-09-25T06:29:11Z
2024-07-26,minas_san_francisco,670027091,high_res,3,20.04,s3://geoglows-v2-forecasts/2024072600.zarr,3df5e14dcd23ee3104ba9cdf3d170140-2,2026-09-25T06:29:11Z
2024-07-26,minas_san_francisco,670027091,high_res,4,20.019,s3://geoglows-v2-forecasts/2024072600.zarr,3df5e14dcd23ee3104ba9cdf3d170140-2,2026-09-25T06:29:11Z
2024-07-26,minas_san_francisco,670027091,high_res,5,19.495,s3://geoglows-v2-forecasts/2024072600.zarr,3df5e14dcd23ee3104ba9cdf3d170140-2,2026-09-25T06:29:11Z
2024-07-26,minas_san_francisco,670027091,high_res,6,19.188,s3://geoglows-v2-forecasts/2024072600.zarr,3df5e14dcd23ee3104ba9cdf3d170140-2,2026-09-25T06:29:11Z
2024-07-26,minas_san_francisco,670027091,high_res,7,19.446,s3://geoglows-v2-forecasts/2024072600.zarr,3df5e14dcd23ee3104ba9cdf3d170140-2,2026-09-25T06:29:11Z
2024-07-26,minas_san_francisco,670027091,high_res,8,19.719,s3://geoglows-v2-forecasts/2024072600.zarr,3df5e14dcd23ee3104ba9cdf3d170140-2,2026-09-25T06:29:11Z
2024-07-26,minas_san_francisco,670027091,high_res,9,20.492,s3://geoglows-v2-forecasts/2024072600.zarr,3df5e14dcd23ee3104ba9cdf3d170140-2,2026-09-25T06:29:11Z
2024-07-27,agoyan,621014469,high_res,1,121.325,s3://geoglows-v2-forecasts/2024072700.zarr,9ea2bbbf14ed065cf830f4594d29a1da-2,2026-09-25T06:29:15Z
2024-07-27,agoyan,621014469,high_res,10,113.108,s3://geoglows-v2-forecasts/2024072700.zarr,9ea2bbbf14ed065cf830f4594d29a1da-2,2026-09-25T06:29:15Z
2024-07-27,agoyan,621014469,high_res,2,123.529,s3://geoglows-v2-forecasts/2024072700.zarr,9ea2bbbf14ed065cf830f4594d29a1da-2,2026-09-25T06:29:15Z
2024-07-27,agoyan,621014469,high_res,3,123.168,s3://geoglows-v2-forecasts/2024072700.zarr,9ea2bbbf14ed065cf830f4594d29a1da-2,2026-09-25T06:29:15Z
2024-07-27,agoyan,621014469,high_res,4,123.069,s3://geoglows-v2-forecasts/2024072700.zarr,9ea2bbbf14ed065cf830f4594d29a1da-2,2026-09-25T06:29:15Z
2024-07-27,agoyan,621014469,high_res,5,125.433,s3://geoglows-v2-forecasts/2024072700.zarr,9ea2bbbf14ed065cf830f4594d29a1da-2,2026-09-25T06:29:15Z
2024-07-27,agoyan,621014469,high_res,6,125.93,s3://geoglows-v2-forecasts/2024072700.zarr,9ea2bbbf14ed065cf830f4594d29a1da-2,2026-09-25T06:29:15Z
2024-07-27,agoyan,621014469,high_res,7,121.596,s3://geoglows-v2-forecasts/2024072700.zarr,9ea2bbbf14ed065cf830f4594d29a1da-2,2026-09-25T06:29:15Z
2024-07-27,agoyan,621014469,high_res,8,116.51,s3://geoglows-v2-forecasts/2024072700.zarr,9ea2bbbf14ed065cf830f4594d29a1da-2,2026-09-25T06:29:15Z
2024-07-27,agoyan,621014469,high_res,9,114.114,s3://geoglows-v2-forecasts/2024072700.zarr,9ea2bbbf14ed065cf830f4594d29a1da-2,2026-09-25T06:29:15Z
2024-07-27,manduriacu,670078161,high_res,1,113.702,s3://geoglows-v2-forecasts/2024072700.zarr,9ea2bbbf14ed065cf830f4594d29a1da-2,2026-09-25T06:29:15Z
2024-07-27,manduriacu,670078161,high_res,10,203.853,s3://geoglows-v2-forecasts/2024072700.zarr,9ea2bbbf14ed065cf830f4594d29a1da-2,2026-09-25T06:29:15Z
2024-07-27,manduriacu,670078161,high_res,2,113.107,s3://geoglows-v2-forecasts/2024072700.zarr,9ea2bbbf14ed065cf830f4594d29a1da-2,2026-09-25T06:29:15Z
2024-07-27,manduriacu,670078161,high_res,3,113.589,s3://geoglows-v2-forecasts/2024072700.zarr,9ea2bbbf14ed065cf830f4594d29a1da-2,2026-09-25T06:29:15Z
2024-07-27,manduriacu,670078161,high_res,4,114.704,s3://geoglows-v2-forecasts/2024072700.zarr,9ea2bbbf14ed065cf830f4594d29a1da-2,2026-09-25T06:29:15Z
2024-07-27,manduriacu,670078161,high_res,5,115.909,s3://geoglows-v2-forecasts/2024072700.zarr,9ea2bbbf14ed065cf830f4594d29a1da-2,2026-09-25T06:29:15Z
2024-07-27,manduriacu,670078161,high_res,6,118.152,s3://geoglows-v2-forecasts/2024072700.zarr,9ea2bbbf14ed065cf830f4594d29a1da-2,2026-09-25T06:29:15Z
2024-07-27,manduriacu,670078161,high_res,7,121.563,s3://geoglows-v2-forecasts/2024072700.zarr,9ea2bbbf14ed065cf830f4594d29a1da-2,2026-09-25T06:29:15Z
2024-07-27,manduriacu,670078161,high_res,8,127.444,s3://geoglows-v2-forecasts/2024072700.zarr,9ea2bbbf14ed065cf830f4594d29a1da-2,2026-09-25T06:29:15Z
2024-07-27,manduriacu,670078161,high_res,9,147.39,s3://geoglows-v2-forecasts/2024072700.zarr,9ea2bbbf14ed065cf830f4594d29a1da-2,2026-09-25T06:29:15Z
2024-07-27,minas_san_francisco,670027091,high_res,1,19.619,s3://geoglows-v2-forecasts/2024072700.zarr,9ea2bbbf14ed065cf830f4594d29a1da-2,2026-09-25T06:29:15Z
2024-07-27,minas_san_francisco,670027091,high_res,10,23.83,s3://geoglows-v2-forecasts/2024072700.zarr,9ea2bbbf14ed065cf830f4594d29a1da-2,2026-09-25T06:29:15Z
2024-07-27,minas_san_francisco,670027091,high_res,2,19.463,s3://geoglows-v2-forecasts/2024072700.zarr,9ea2bbbf14ed065cf830f4594d29a1da-2,2026-09-25T06:29:15Z
2024-07-27,minas_san_francisco,670027091,high_res,3,19.4,s3://geoglows-v2-forecasts/2024072700.zarr,9ea2bbbf14ed065cf830f4594d29a1da-2,2026-09-25T06:29:15Z
2024-07-27,minas_san_francisco,670027091,high_res,4,19.306,s3://geoglows-v2-forecasts/2024072700.zarr,9ea2bbbf14ed065cf830f4594d29a1da-2,2026-09-25T06:29:15Z
2024-07-27,minas_san_francisco,670027091,high_res,5,19.096,s3://geoglows-v2-forecasts/2024072700.zarr,9ea2bbbf14ed065cf830f4594d29a1da-2,2026-09-25T06:29:15Z
2024-07-27,minas_san_francisco,670027091,high_res,6,19.135,s3://geoglows-v2-forecasts/2024072700.zarr,9ea2bbbf14ed065cf830f4594d29a1da-2,2026-09-25T06:29:15Z
2024-07-27,minas_san_francisco,670027091,high_res,7,19.371,s3://geoglows-v2-forecasts/2024072700.zarr,9ea2bbbf14ed065cf830f4594d29a1da-2,2026-09-25T06:29:15Z
2024-07-27,minas_san_francisco,670027091,high_res,8,20.953,s3://geoglows-v2-forecasts/2024072700.zarr,9ea2bbbf14ed065cf830f4594d29a1da-2,2026-09-25T06:29:15Z
2024-07-27,minas_san_francisco,670027091,high_res,9,21.517,s3://geoglows-v2-forecasts/2024072700.zarr,9ea2bbbf14ed065cf830f4594d29a1da-2,2026-09-25T06:29:15Z
2024-07-28,agoyan,621014469,high_res,1,121.485,s3://geoglows-v2-forecasts/2024072800.zarr,ab05b267c8f6e90e00da9870168096ed-2,2026-09-25T06:29:19Z
2024-07-28,agoyan,621014469,high_res,10,111.828,s3://geoglows-v2-forecasts/2024072800.zarr,ab05b267c8f6e90e00da9870168096ed-2,2026-09-25T06:29:19Z
2024-07-28,agoyan,621014469,high_res,2,121.338,s3://geoglows-v2-forecasts/2024072800.zarr,ab05b267c8f6e90e00da9870168096ed-2,2026-09-25T06:29:19Z
2024-07-28,agoyan,621014469,high_res,3,121.153,s3://geoglows-v2-forecasts/2024072800.zarr,ab05b267c8f6e90e00da9870168096ed-2,2026-09-25T06:29:19Z
2024-07-28,agoyan,621014469,high_res,4,123.049,s3://geoglows-v2-forecasts/2024072800.zarr,ab05b267c8f6e90e00da9870168096ed-2,2026-09-25T06:29:19Z
2024-07-28,agoyan,621014469,high_res,5,123.085,s3://geoglows-v2-forecasts/2024072800.zarr,ab05b267c8f6e90e00da9870168096ed-2,2026-09-25T06:29:19Z
2024-07-28,agoyan,621014469,high_res,6,121.573,s3://geoglows-v2-forecasts/2024072800.zarr,ab05b267c8f6e90e00da9870168096ed-2,2026-09-25T06:29:19Z
2024-07-28,agoyan,621014469,high_res,7,117.843,s3://geoglows-v2-forecasts/2024072800.zarr,ab05b267c8f6e90e00da9870168096ed-2,2026-09-25T06:29:19Z
2024-07-28,agoyan,621014469,high_res,8,116.062,s3://geoglows-v2-forecasts/2024072800.zarr,ab05b267c8f6e90e00da9870168096ed-2,2026-09-25T06:29:19Z
2024-07-28,agoyan,621014469,high_res,9,113.526,s3://geoglows-v2-forecasts/2024072800.zarr,ab05b267c8f6e90e00da9870168096ed-2,2026-09-25T06:29:19Z
2024-07-28,manduriacu,670078161,high_res,1,111.032,s3://geoglows-v2-forecasts/2024072800.zarr,ab05b267c8f6e90e00da9870168096ed-2,2026-09-25T06:29:19Z
2024-07-28,manduriacu,670078161,high_res,10,185.905,s3://geoglows-v2-forecasts/2024072800.zarr,ab05b267c8f6e90e00da9870168096ed-2,2026-09-25T06:29:19Z
2024-07-28,manduriacu,670078161,high_res,2,111.194,s3://geoglows-v2-forecasts/2024072800.zarr,ab05b267c8f6e90e00da9870168096ed-2,2026-09-25T06:29:19Z
2024-07-28,manduriacu,670078161,high_res,3,112.29,s3://geoglows-v2-forecasts/2024072800.zarr,ab05b267c8f6e90e00da9870168096ed-2,2026-09-25T06:29:19Z
2024-07-28,manduriacu,670078161,high_res,4,115.203,s3://geoglows-v2-forecasts/2024072800.zarr,ab05b267c8f6e90e00da9870168096ed-2,2026-09-25T06:29:19Z
2024-07-28,manduriacu,670078161,high_res,5,116.452,s3://geoglows-v2-forecasts/2024072800.zarr,ab05b267c8f6e90e00da9870168096ed-2,2026-09-25T06:29:19Z
2024-07-28,manduriacu,670078161,high_res,6,119.069,s3://geoglows-v2-forecasts/2024072800.zarr,ab05b267c8f6e90e00da9870168096ed-2,2026-09-25T06:29:19Z
2024-07-28,manduriacu,670078161,high_res,7,132.324,s3://geoglows-v2-forecasts/2024072800.zarr,ab05b267c8f6e90e00da9870168096ed-2,2026-09-25T06:29:19Z
2024-07-28,manduriacu,670078161,high_res,8,160.907,s3://geoglows-v2-forecasts/2024072800.zarr,ab05b267c8f6e90e00da9870168096ed-2,2026-09-25T06:29:19Z
2024-07-28,manduriacu,670078161,high_res,9,188.013,s3://geoglows-v2-forecasts/2024072800.zarr,ab05b267c8f6e90e00da9870168096ed-2,2026-09-25T06:29:19Z
2024-07-28,minas_san_francisco,670027091,high_res,1,19.053,s3://geoglows-v2-forecasts/2024072800.zarr,ab05b267c8f6e90e00da9870168096ed-2,2026-09-25T06:29:19Z
2024-07-28,minas_san_francisco,670027091,high_res,10,22.161,s3://geoglows-v2-forecasts/2024072800.zarr,ab05b267c8f6e90e00da9870168096ed-2,2026-09-25T06:29:19Z
2024-07-28,minas_san_francisco,670027091,high_res,2,18.816,s3://geoglows-v2-forecasts/2024072800.zarr,ab05b267c8f6e90e00da9870168096ed-2,2026-09-25T06:29:19Z
2024-07-28,minas_san_francisco,670027091,high_res,3,18.796,s3://geoglows-v2-forecasts/2024072800.zarr,ab05b267c8f6e90e00da9870168096ed-2,2026-09-25T06:29:19Z
2024-07-28,minas_san_francisco,670027091,high_res,4,19.211,s3://geoglows-v2-forecasts/2024072800.zarr,ab05b267c8f6e90e00da9870168096ed-2,2026-09-25T06:29:19Z
2024-07-28,minas_san_francisco,670027091,high_res,5,19.266,s3://geoglows-v2-forecasts/2024072800.zarr,ab05b267c8f6e90e00da9870168096ed-2,2026-09-25T06:29:19Z
2024-07-28,minas_san_francisco,670027091,high_res,6,19.39,s3://geoglows-v2-forecasts/2024072800.zarr,ab05b267c8f6e90e00da9870168096ed-2,2026-09-25T06:29:19Z
2024-07-28,minas_san_francisco,670027091,high_res,7,20.169,s3://geoglows-v2-forecasts/2024072800.zarr,ab05b267c8f6e90e00da9870168096ed-2,2026-09-25T06:29:19Z
2024-07-28,minas_san_francisco,670027091,high_res,8,21.225,s3://geoglows-v2-forecasts/2024072800.zarr,ab05b267c8f6e90e00da9870168096ed-2,2026-09-25T06:29:19Z
2024-07-28,minas_san_francisco,670027091,high_res,9,22.456,s3://geoglows-v2-forecasts/2024072800.zarr,ab05b267c8f6e90e00da9870168096ed-2,2026-09-25T06:29:19Z
2024-07-29,agoyan,621014469,high_res,1,119.872,s3://geoglows-v2-forecasts/2024072900.zarr,fe52662259150ea9a39e0cc92abfd904-2,2026-09-25T06:29:23Z
2024-07-29,agoyan,621014469,high_res,10,114.58,s3://geoglows-v2-forecasts/2024072900.zarr,fe52662259150ea9a39e0cc92abfd904-2,2026-09-25T06:29:23Z
2024-07-29,agoyan,621014469,high_res,2,119.687,s3://geoglows-v2-forecasts/2024072900.zarr,fe52662259150ea9a39e0cc92abfd904-2,2026-09-25T06:29:23Z
2024-07-29,agoyan,621014469,high_res,3,121.459,s3://geoglows-v2-forecasts/2024072900.zarr,fe52662259150ea9a39e0cc92abfd904-2,2026-09-25T06:29:23Z
2024-07-29,agoyan,621014469,high_res,4,123.372,s3://geoglows-v2-forecasts/2024072900.zarr,fe52662259150ea9a39e0cc92abfd904-2,2026-09-25T06:29:23Z
2024-07-29,agoyan,621014469,high_res,5,121.707,s3://geoglows-v2-forecasts/2024072900.zarr,fe52662259150ea9a39e0cc92abfd904-2,2026-09-25T06:29:23Z
2024-07-29,agoyan,621014469,high_res,6,119.281,s3://geoglows-v2-forecasts/2024072900.zarr,fe52662259150ea9a39e0cc92abfd904-2,2026-09-25T06:29:23Z
2024-07-29,agoyan,621014469,high_res,7,118.05,s3://geoglows-v2-forecasts/2024072900.zarr,fe52662259150ea9a39e0cc92abfd904-2,2026-09-25T06:29:23Z
2024-07-29,agoyan,621014469,high_res,8,114.309,s3://geoglows-v2-forecasts/2024072900.zarr,fe52662259150ea9a39e0cc92abfd904-2,2026-09-25T06:29:23Z
2024-07-29,agoyan,621014469,high_res,9,113.447,s3://geoglows-v2-forecasts/2024072900.zarr,fe52662259150ea9a39e0cc92abfd904-2,2026-09-25T06:29:23Z
2024-07-29,manduriacu,670078161,high_res,1,109.17,s3://geoglows-v2-forecasts/2024072900.zarr,fe52662259150ea9a39e0cc92abfd904-2,2026-09-25T06:29:23Z
2024-07-29,manduriacu,670078161,high_res,10,143.026,s3://geoglows-v2-forecasts/2024072900.zarr,fe52662259150ea9a39e0cc92abfd904-2,2026-09-25T06:29:23Z
2024-07-29,manduriacu,670078161,high_res,2,109.141,s3://geoglows-v2-forecasts/2024072900.zarr,fe52662259150ea9a39e0cc92abfd904-2,2026-09-25T06:29:23Z
2024-07-29,manduriacu,670078161,high_res,3,110.684,s3://geoglows-v2-forecasts/2024072900.zarr,fe52662259150ea9a39e0cc92abfd904-2,2026-09-25T06:29:23Z
2024-07-29,manduriacu,670078161,high_res,4,114.609,s3://geoglows-v2-forecasts/2024072900.zarr,fe52662259150ea9a39e0cc92abfd904-2,2026-09-25T06:29:23Z
2024-07-29,manduriacu,670078161,high_res,5,117.943,s3://geoglows-v2-forecasts/2024072900.zarr,fe52662259150ea9a39e0cc92abfd904-2,2026-09-25T06:29:23Z
2024-07-29,manduriacu,670078161,high_res,6,128.419,s3://geoglows-v2-forecasts/2024072900.zarr,fe52662259150ea9a39e0cc92abfd904-2,2026-09-25T06:29:23Z
2024-07-29,manduriacu,670078161,high_res,7,144.609,s3://geoglows-v2-forecasts/2024072900.zarr,fe52662259150ea9a39e0cc92abfd904-2,2026-09-25T06:29:23Z
2024-07-29,manduriacu,670078161,high_res,8,160.986,s3://geoglows-v2-forecasts/2024072900.zarr,fe52662259150ea9a39e0cc92abfd904-2,2026-09-25T06:29:23Z
2024-07-29,manduriacu,670078161,high_res,9,146.896,s3://geoglows-v2-forecasts/2024072900.zarr,fe52662259150ea9a39e0cc92abfd904-2,2026-09-25T06:29:23Z
2024-07-29,minas_san_francisco,670027091,high_res,1,18.417,s3://geoglows-v2-forecasts/2024072900.zarr,fe52662259150ea9a39e0cc92abfd904-2,2026-09-25T06:29:23Z
2024-07-29,minas_san_francisco,670027091,high_res,10,20.178,s3://geoglows-v2-forecasts/2024072900.zarr,fe52662259150ea9a39e0cc92abfd904-2,2026-09-25T06:29:23Z
2024-07-29,minas_san_francisco,670027091,high_res,2,18.222,s3://geoglows-v2-forecasts/2024072900.zarr,fe52662259150ea9a39e0cc92abfd904-2,2026-09-25T06:29:23Z
2024-07-29,minas_san_francisco,670027091,high_res,3,18.551,s3://geoglows-v2-forecasts/2024072900.zarr,fe52662259150ea9a39e0cc92abfd904-2,2026-09-25T06:29:23Z
2024-07-29,minas_san_francisco,670027091,high_res,4,19.153,s3://geoglows-v2-forecasts/2024072900.zarr,fe52662259150ea9a39e0cc92abfd904-2,2026-09-25T06:29:23Z
2024-07-29,minas_san_francisco,670027091,high_res,5,19.441,s3://geoglows-v2-forecasts/2024072900.zarr,fe52662259150ea9a39e0cc92abfd904-2,2026-09-25T06:29:23Z
2024-07-29,minas_san_francisco,670027091,high_res,6,20.251,s3://geoglows-v2-forecasts/2024072900.zarr,fe52662259150ea9a39e0cc92abfd904-2,2026-09-25T06:29:23Z
2024-07-29,minas_san_francisco,670027091,high_res,7,22.125,s3://geoglows-v2-forecasts/2024072900.zarr,fe52662259150ea9a39e0cc92abfd904-2,2026-09-25T06:29:23Z
2024-07-29,minas_san_francisco,670027091,high_res,8,22.555,s3://geoglows-v2-forecasts/2024072900.zarr,fe52662259150ea9a39e0cc92abfd904-2,2026-09-25T06:29:23Z
2024-07-29,minas_san_francisco,670027091,high_res,9,22.212,s3://geoglows-v2-forecasts/2024072900.zarr,fe52662259150ea9a39e0cc92abfd904-2,2026-09-25T06:29:23Z
2024-07-30,agoyan,621014469,high_res,1,117.84,s3://geoglows-v2-forecasts/2024073000.zarr,a887edf49b75d3e5e9b523679fdd991b-2,2026-09-25T06:29:27Z
2024-07-30,agoyan,621014469,high_res,10,111.258,s3://geoglows-v2-forecasts/2024073000.zarr,a887edf49b75d3e5e9b523679fdd991b-2,2026-09-25T06:29:27Z
2024-07-30,agoyan,621014469,high_res,2,117.209,s3://geoglows-v2-forecasts/2024073000.zarr,a887edf49b75d3e5e9b523679fdd991b-2,2026-09-25T06:29:27Z
2024-07-30,agoyan,621014469,high_res,3,119.789,s3://geoglows-v2-forecasts/2024073000.zarr,a887edf49b75d3e5e9b523679fdd991b-2,2026-09-25T06:29:27Z
2024-07-30,agoyan,621014469,high_res,4,117.934,s3://geoglows-v2-forecasts/2024073000.zarr,a887edf49b75d3e5e9b523679fdd991b-2,2026-09-25T06:29:27Z
2024-07-30,agoyan,621014469,high_res,5,117.208,s3://geoglows-v2-forecasts/2024073000.zarr,a887edf49b75d3e5e9b523679fdd991b-2,2026-09-25T06:29:27Z
2024-07-30,agoyan,621014469,high_res,6,115.568,s3://geoglows-v2-forecasts/2024073000.zarr,a887edf49b75d3e5e9b523679fdd991b-2,2026-09-25T06:29:27Z
2024-07-30,agoyan,621014469,high_res,7,115.694,s3://geoglows-v2-forecasts/2024073000.zarr,a887edf49b75d3e5e9b523679fdd991b-2,2026-09-25T06:29:27Z
2024-07-30,agoyan,621014469,high_res,8,114.489,s3://geoglows-v2-forecasts/2024073000.zarr,a887edf49b75d3e5e9b523679fdd991b-2,2026-09-25T06:29:27Z
2024-07-30,agoyan,621014469,high_res,9,111.54,s3://geoglows-v2-forecasts/2024073000.zarr,a887edf49b75d3e5e9b523679fdd991b-2,2026-09-25T06:29:27Z
2024-07-30,manduriacu,670078161,high_res,1,107.063,s3://geoglows-v2-forecasts/2024073000.zarr,a887edf49b75d3e5e9b523679fdd991b-2,2026-09-25T06:29:27Z
2024-07-30,manduriacu,670078161,high_res,10,142.474,s3://geoglows-v2-forecasts/2024073000.zarr,a887edf49b75d3e5e9b523679fdd991b-2,2026-09-25T06:29:27Z
2024-07-30,manduriacu,670078161,high_res,2,107.478,s3://geoglows-v2-forecasts/2024073000.zarr,a887edf49b75d3e5e9b523679fdd991b-2,2026-09-25T06:29:27Z
2024-07-30,manduriacu,670078161,high_res,3,110.951,s3://geoglows-v2-forecasts/2024073000.zarr,a887edf49b75d3e5e9b523679fdd991b-2,2026-09-25T06:29:27Z
2024-07-30,manduriacu,670078161,high_res,4,117.121,s3://geoglows-v2-forecasts/2024073000.zarr,a887edf49b75d3e5e9b523679fdd991b-2,2026-09-25T06:29:27Z
2024-07-30,manduriacu,670078161,high_res,5,135.696,s3://geoglows-v2-forecasts/2024073000.zarr,a887edf49b75d3e5e9b523679fdd991b-2,2026-09-25T06:29:27Z
2024-07-30,manduriacu,670078161,high_res,6,185.812,s3://geoglows-v2-forecasts/2024073000.zarr,a887edf49b75d3e5e9b523679fdd991b-2,2026-09-25T06:29:27Z
2024-07-30,manduriacu,670078161,high_res,7,215.167,s3://geoglows-v2-forecasts/2024073000.zarr,a887edf49b75d3e5e9b523679fdd991b-2,2026-09-25T06:29:27Z
2024-07-30,manduriacu,670078161,high_res,8,170.381,s3://geoglows-v2-forecasts/2024073000.zarr,a887edf49b75d3e5e9b523679fdd991b-2,2026-09-25T06:29:27Z
2024-07-30,manduriacu,670078161,high_res,9,147.492,s3://geoglows-v2-forecasts/2024073000.zarr,a887edf49b75d3e5e9b523679fdd991b-2,2026-09-25T06:29:27Z
2024-07-30,minas_san_francisco,670027091,high_res,1,17.808,s3://geoglows-v2-forecasts/2024073000.zarr,a887edf49b75d3e5e9b523679fdd991b-2,2026-09-25T06:29:27Z
2024-07-30,minas_san_francisco,670027091,high_res,10,23.643,s3://geoglows-v2-forecasts/2024073000.zarr,a887edf49b75d3e5e9b523679fdd991b-2,2026-09-25T06:29:27Z
2024-07-30,minas_san_francisco,670027091,high_res,2,17.964,s3://geoglows-v2-forecasts/2024073000.zarr,a887edf49b75d3e5e9b523679fdd991b-2,2026-09-25T06:29:27Z
2024-07-30,minas_san_francisco,670027091,high_res,3,18.574,s3://geoglows-v2-forecasts/2024073000.zarr,a887edf49b75d3e5e9b523679fdd991b-2,2026-09-25T06:29:27Z
2024-07-30,minas_san_francisco,670027091,high_res,4,19.554,s3://geoglows-v2-forecasts/2024073000.zarr,a887edf49b75d3e5e9b523679fdd991b-2,2026-09-25T06:29:27Z
2024-07-30,minas_san_francisco,670027091,high_res,5,20.608,s3://geoglows-v2-forecasts/2024073000.zarr,a887edf49b75d3e5e9b523679fdd991b-2,2026-09-25T06:29:27Z
2024-07-30,minas_san_francisco,670027091,high_res,6,22.562,s3://geoglows-v2-forecasts/2024073000.zarr,a887edf49b75d3e5e9b523679fdd991b-2,2026-09-25T06:29:27Z
2024-07-30,minas_san_francisco,670027091,high_res,7,22.484,s3://geoglows-v2-forecasts/2024073000.zarr,a887edf49b75d3e5e9b523679fdd991b-2,2026-09-25T06:29:27Z
2024-07-30,minas_san_francisco,670027091,high_res,8,22.27,s3://geoglows-v2-forecasts/2024073000.zarr,a887edf49b75d3e5e9b523679fdd991b-2,2026-09-25T06:29:27Z
2024-07-30,minas_san_francisco,670027091,high_res,9,22.51,s3://geoglows-v2-forecasts/2024073000.zarr,a887edf49b75d3e5e9b523679fdd991b-2,2026-09-25T06:29:27Z
2024-07-31,agoyan,621014469,high_res,1,117.467,s3://geoglows-v2-forecasts/2024073100.zarr,2e707382fa10b38fcdb2e6afd2e13e9b-2,2026-09-25T06:30:28Z
2024-07-31,agoyan,621014469,high_res,10,120.302,s3://geoglows-v2-forecasts/2024073100.zarr,2e707382fa10b38fcdb2e6afd2e13e9b-2,2026-09-25T06:30:28Z
2024-07-31,agoyan,621014469,high_res,2,120.918,s3://geoglows-v2-forecasts/2024073100.zarr,2e707382fa10b38fcdb2e6afd2e13e9b-2,2026-09-25T06:30:28Z
2024-07-31,agoyan,621014469,high_res,3,121.35,s3://geoglows-v2-forecasts/2024073100.zarr,2e707382fa10b38fcdb2e6afd2e13e9b-2,2026-09-25T06:30:28Z
2024-07-31,agoyan,621014469,high_res,4,119.193,s3://geoglows-v2-forecasts/2024073100.zarr,2e707382fa10b38fcdb2e6afd2e13e9b-2,2026-09-25T06:30:28Z
2024-07-31,agoyan,621014469,high_res,5,118.529,s3://geoglows-v2-forecasts/2024073100.zarr,2e707382fa10b38fcdb2e6afd2e13e9b-2,2026-09-25T06:30:28Z
2024-07-31,agoyan,621014469,high_res,6,118.758,s3://geoglows-v2-forecasts/2024073100.zarr,2e707382fa10b38fcdb2e6afd2e13e9b-2,2026-09-25T06:30:28Z
2024-07-31,agoyan,621014469,high_res,7,117.511,s3://geoglows-v2-forecasts/2024073100.zarr,2e707382fa10b38fcdb2e6afd2e13e9b-2,2026-09-25T06:30:28Z
2024-07-31,agoyan,621014469,high_res,8,115.247,s3://geoglows-v2-forecasts/2024073100.zarr,2e707382fa10b38fcdb2e6afd2e13e9b-2,2026-09-25T06:30:28Z
2024-07-31,agoyan,621014469,high_res,9,115.357,s3://geoglows-v2-forecasts/2024073100.zarr,2e707382fa10b38fcdb2e6afd2e13e9b-2,2026-09-25T06:30:28Z
2024-07-31,manduriacu,670078161,high_res,1,104.962,s3://geoglows-v2-forecasts/2024073100.zarr,2e707382fa10b38fcdb2e6afd2e13e9b-2,2026-09-25T06:30:28Z
2024-07-31,manduriacu,670078161,high_res,10,166.692,s3://geoglows-v2-forecasts/2024073100.zarr,2e707382fa10b38fcdb2e6afd2e13e9b-2,2026-09-25T06:30:28Z
2024-07-31,manduriacu,670078161,high_res,2,106.055,s3://geoglows-v2-forecasts/2024073100.zarr,2e707382fa10b38fcdb2e6afd2e13e9b-2,2026-09-25T06:30:28Z
2024-07-31,manduriacu,670078161,high_res,3,109.73,s3://geoglows-v2-forecasts/2024073100.zarr,2e707382fa10b38fcdb2e6afd2e13e9b-2,2026-09-25T06:30:28Z
2024-07-31,manduriacu,670078161,high_res,4,132.844,s3://geoglows-v2-forecasts/2024073100.zarr,2e707382fa10b38fcdb2e6afd2e13e9b-2,2026-09-25T06:30:28Z
2024-07-31,manduriacu,670078161,high_res,5,162.848,s3://geoglows-v2-forecasts/2024073100.zarr,2e707382fa10b38fcdb2e6afd2e13e9b-2,2026-09-25T06:30:28Z
2024-07-31,manduriacu,670078161,high_res,6,171.816,s3://geoglows-v2-forecasts/2024073100.zarr,2e707382fa10b38fcdb2e6afd2e13e9b-2,2026-09-25T06:30:28Z
2024-07-31,manduriacu,670078161,high_res,7,143.54,s3://geoglows-v2-forecasts/2024073100.zarr,2e707382fa10b38fcdb2e6afd2e13e9b-2,2026-09-25T06:30:28Z
2024-07-31,manduriacu,670078161,high_res,8,143.222,s3://geoglows-v2-forecasts/2024073100.zarr,2e707382fa10b38fcdb2e6afd2e13e9b-2,2026-09-25T06:30:28Z
2024-07-31,manduriacu,670078161,high_res,9,161.585,s3://geoglows-v2-forecasts/2024073100.zarr,2e707382fa10b38fcdb2e6afd2e13e9b-2,2026-09-25T06:30:28Z
2024-07-31,minas_san_francisco,670027091,high_res,1,17.555,s3://geoglows-v2-forecasts/2024073100.zarr,2e707382fa10b38fcdb2e6afd2e13e9b-2,2026-09-25T06:30:28Z
2024-07-31,minas_san_francisco,670027091,high_res,10,26.09,s3://geoglows-v2-forecasts/2024073100.zarr,2e707382fa10b38fcdb2e6afd2e13e9b-2,2026-09-25T06:30:28Z
2024-07-31,minas_san_francisco,670027091,high_res,2,17.962,s3://geoglows-v2-forecasts/2024073100.zarr,2e707382fa10b38fcdb2e6afd2e13e9b-2,2026-09-25T06:30:28Z
2024-07-31,minas_san_francisco,670027091,high_res,3,18.798,s3://geoglows-v2-forecasts/2024073100.zarr,2e707382fa10b38fcdb2e6afd2e13e9b-2,2026-09-25T06:30:28Z
2024-07-31,minas_san_francisco,670027091,high_res,4,21.037,s3://geoglows-v2-forecasts/2024073100.zarr,2e707382fa10b38fcdb2e6afd2e13e9b-2,2026-09-25T06:30:28Z
2024-07-31,minas_san_francisco,670027091,high_res,5,25.653,s3://geoglows-v2-forecasts/2024073100.zarr,2e707382fa10b38fcdb2e6afd2e13e9b-2,2026-09-25T06:30:28Z
2024-07-31,minas_san_francisco,670027091,high_res,6,24.512,s3://geoglows-v2-forecasts/2024073100.zarr,2e707382fa10b38fcdb2e6afd2e13e9b-2,2026-09-25T06:30:28Z
2024-07-31,minas_san_francisco,670027091,high_res,7,27.479,s3://geoglows-v2-forecasts/2024073100.zarr,2e707382fa10b38fcdb2e6afd2e13e9b-2,2026-09-25T06:30:28Z
2024-07-31,minas_san_francisco,670027091,high_res,8,28.669,s3://geoglows-v2-forecasts/2024073100.zarr,2e707382fa10b38fcdb2e6afd2e13e9b-2,2026-09-25T06:30:28Z
2024-07-31,minas_san_francisco,670027091,high_res,9,27.93,s3://geoglows-v2-forecasts/2024073100.zarr,2e707382fa10b38fcdb2e6afd2e13e9b-2,2026-09-25T06:30:28Z
2024-08-01,agoyan,621014469,high_res,1,117.02,s3://geoglows-v2-forecasts/2024080100.zarr,7d8f54ff9783f5aecb76f439b27f2069-2,2026-09-25T06:30:29Z
2024-08-01,agoyan,621014469,high_res,10,127.077,s3://geoglows-v2-forecasts/2024080100.zarr,7d8f54ff9783f5aecb76f439b27f2069-2,2026-09-25T06:30:29Z
2024-08-01,agoyan,621014469,high_res,2,116.223,s3://geoglows-v2-forecasts/2024080100.zarr,7d8f54ff9783f5aecb76f439b27f2069-2,2026-09-25T06:30:29Z
2024-08-01,agoyan,621014469,high_res,3,113.823,s3://geoglows-v2-forecasts/2024080100.zarr,7d8f54ff9783f5aecb76f439b27f2069-2,2026-09-25T06:30:29Z
2024-08-01,agoyan,621014469,high_res,4,116.644,s3://geoglows-v2-forecasts/2024080100.zarr,7d8f54ff9783f5aecb76f439b27f2069-2,2026-09-25T06:30:29Z
2024-08-01,agoyan,621014469,high_res,5,118.483,s3://geoglows-v2-forecasts/2024080100.zarr,7d8f54ff9783f5aecb76f439b27f2069-2,2026-09-25T06:30:29Z
2024-08-01,agoyan,621014469,high_res,6,119.782,s3://geoglows-v2-forecasts/2024080100.zarr,7d8f54ff9783f5aecb76f439b27f2069-2,2026-09-25T06:30:29Z
2024-08-01,agoyan,621014469,high_res,7,116.928,s3://geoglows-v2-forecasts/2024080100.zarr,7d8f54ff9783f5aecb76f439b27f2069-2,2026-09-25T06:30:29Z
2024-08-01,agoyan,621014469,high_res,8,116.476,s3://geoglows-v2-forecasts/2024080100.zarr,7d8f54ff9783f5aecb76f439b27f2069-2,2026-09-25T06:30:29Z
2024-08-01,agoyan,621014469,high_res,9,121.261,s3://geoglows-v2-forecasts/2024080100.zarr,7d8f54ff9783f5aecb76f439b27f2069-2,2026-09-25T06:30:29Z
2024-08-01,manduriacu,670078161,high_res,1,103.046,s3://geoglows-v2-forecasts/2024080100.zarr,7d8f54ff9783f5aecb76f439b27f2069-2,2026-09-25T06:30:29Z
2024-08-01,manduriacu,670078161,high_res,10,163.938,s3://geoglows-v2-forecasts/2024080100.zarr,7d8f54ff9783f5aecb76f439b27f2069-2,2026-09-25T06:30:29Z
2024-08-01,manduriacu,670078161,high_res,2,103.939,s3://geoglows-v2-forecasts/2024080100.zarr,7d8f54ff9783f5aecb76f439b27f2069-2,2026-09-25T06:30:29Z
2024-08-01,manduriacu,670078161,high_res,3,109.63,s3://geoglows-v2-forecasts/2024080100.zarr,7d8f54ff9783f5aecb76f439b27f2069-2,2026-09-25T06:30:29Z
2024-08-01,manduriacu,670078161,high_res,4,119.864,s3://geoglows-v2-forecasts/2024080100.zarr,7d8f54ff9783f5aecb76f439b27f2069-2,2026-09-25T06:30:29Z
2024-08-01,manduriacu,670078161,high_res,5,155,s3://geoglows-v2-forecasts/2024080100.zarr,7d8f54ff9783f5aecb76f439b27f2069-2,2026-09-25T06:30:29Z
2024-08-01,manduriacu,670078161,high_res,6,142.721,s3://geoglows-v2-forecasts/2024080100.zarr,7d8f54ff9783f5aecb76f439b27f2069-2,2026-09-25T06:30:29Z
2024-08-01,manduriacu,670078161,high_res,7,146.261,s3://geoglows-v2-forecasts/2024080100.zarr,7d8f54ff9783f5aecb76f439b27f2069-2,2026-09-25T06:30:29Z
2024-08-01,manduriacu,670078161,high_res,8,169.63,s3://geoglows-v2-forecasts/2024080100.zarr,7d8f54ff9783f5aecb76f439b27f2069-2,2026-09-25T06:30:29Z
2024-08-01,manduriacu,670078161,high_res,9,178.191,s3://geoglows-v2-forecasts/2024080100.zarr,7d8f54ff9783f5aecb76f439b27f2069-2,2026-09-25T06:30:29Z
2024-08-01,minas_san_francisco,670027091,high_res,1,17.554,s3://geoglows-v2-forecasts/2024080100.zarr,7d8f54ff9783f5aecb76f439b27f2069-2,2026-09-25T06:30:29Z
2024-08-01,minas_san_francisco,670027091,high_res,10,23.025,s3://geoglows-v2-forecasts/2024080100.zarr,7d8f54ff9783f5aecb76f439b27f2069-2,2026-09-25T06:30:29Z
2024-08-01,minas_san_francisco,670027091,high_res,2,18.496,s3://geoglows-v2-forecasts/2024080100.zarr,7d8f54ff9783f5aecb76f439b27f2069-2,2026-09-25T06:30:29Z
2024-08-01,minas_san_francisco,670027091,high_res,3,22.195,s3://geoglows-v2-forecasts/2024080100.zarr,7d8f54ff9783f5aecb76f439b27f2069-2,2026-09-25T06:30:29Z
2024-08-01,minas_san_francisco,670027091,high_res,4,27.558,s3://geoglows-v2-forecasts/2024080100.zarr,7d8f54ff9783f5aecb76f439b27f2069-2,2026-09-25T06:30:29Z
2024-08-01,minas_san_francisco,670027091,high_res,5,26.278,s3://geoglows-v2-forecasts/2024080100.zarr,7d8f54ff9783f5aecb76f439b27f2069-2,2026-09-25T06:30:29Z
2024-08-01,minas_san_francisco,670027091,high_res,6,27.742,s3://geoglows-v2-forecasts/2024080100.zarr,7d8f54ff9783f5aecb76f439b27f2069-2,2026-09-25T06:30:29Z
2024-08-01,minas_san_francisco,670027091,high_res,7,29.021,s3://geoglows-v2-forecasts/2024080100.zarr,7d8f54ff9783f5aecb76f439b27f2069-2,2026-09-25T06:30:29Z
2024-08-01,minas_san_francisco,670027091,high_res,8,28.426,s3://geoglows-v2-forecasts/2024080100.zarr,7d8f54ff9783f5aecb76f439b27f2069-2,2026-09-25T06:30:29Z
2024-08-01,minas_san_francisco,670027091,high_res,9,27.506,s3://geoglows-v2-forecasts/2024080100.zarr,7d8f54ff9783f5aecb76f439b27f2069-2,2026-09-25T06:30:29Z
2024-08-02,agoyan,621014469,high_res,1,115.152,s3://geoglows-v2-forecasts/2024080200.zarr,3010ac309f260bbb1bac4e65cfc1276e-2,2026-09-25T06:30:29Z
2024-08-02,agoyan,621014469,high_res,10,116.724,s3://geoglows-v2-forecasts/2024080200.zarr,3010ac309f260bbb1bac4e65cfc1276e-2,2026-09-25T06:30:29Z
2024-08-02,agoyan,621014469,high_res,2,112.206,s3://geoglows-v2-forecasts/2024080200.zarr,3010ac309f260bbb1bac4e65cfc1276e-2,2026-09-25T06:30:29Z
2024-08-02,agoyan,621014469,high_res,3,111.215,s3://geoglows-v2-forecasts/2024080200.zarr,3010ac309f260bbb1bac4e65cfc1276e-2,2026-09-25T06:30:29Z
2024-08-02,agoyan,621014469,high_res,4,114.326,s3://geoglows-v2-forecasts/2024080200.zarr,3010ac309f260bbb1bac4e65cfc1276e-2,2026-09-25T06:30:29Z
2024-08-02,agoyan,621014469,high_res,5,117.044,s3://geoglows-v2-forecasts/2024080200.zarr,3010ac309f260bbb1bac4e65cfc1276e-2,2026-09-25T06:30:29Z
2024-08-02,agoyan,621014469,high_res,6,117.732,s3://geoglows-v2-forecasts/2024080200.zarr,3010ac309f260bbb1bac4e65cfc1276e-2,2026-09-25T06:30:29Z
2024-08-02,agoyan,621014469,high_res,7,123.318,s3://geoglows-v2-forecasts/2024080200.zarr,3010ac309f260bbb1bac4e65cfc1276e-2,2026-09-25T06:30:29Z
2024-08-02,agoyan,621014469,high_res,8,128.485,s3://geoglows-v2-forecasts/2024080200.zarr,3010ac309f260bbb1bac4e65cfc1276e-2,2026-09-25T06:30:29Z
2024-08-02,agoyan,621014469,high_res,9,121.013,s3://geoglows-v2-forecasts/2024080200.zarr,3010ac309f260bbb1bac4e65cfc1276e-2,2026-09-25T06:30:29Z
2024-08-02,manduriacu,670078161,high_res,1,101.031,s3://geoglows-v2-forecasts/2024080200.zarr,3010ac309f260bbb1bac4e65cfc1276e-2,2026-09-25T06:30:29Z
2024-08-02,manduriacu,670078161,high_res,10,166.544,s3://geoglows-v2-forecasts/2024080200.zarr,3010ac309f260bbb1bac4e65cfc1276e-2,2026-09-25T06:30:29Z
2024-08-02,manduriacu,670078161,high_res,2,105.579,s3://geoglows-v2-forecasts/2024080200.zarr,3010ac309f260bbb1bac4e65cfc1276e-2,2026-09-25T06:30:29Z
2024-08-02,manduriacu,670078161,high_res,3,121.612,s3://geoglows-v2-forecasts/2024080200.zarr,3010ac309f260bbb1bac4e65cfc1276e-2,2026-09-25T06:30:29Z
2024-08-02,manduriacu,670078161,high_res,4,207.816,s3://geoglows-v2-forecasts/2024080200.zarr,3010ac309f260bbb1bac4e65cfc1276e-2,2026-09-25T06:30:29Z
2024-08-02,manduriacu,670078161,high_res,5,186.166,s3://geoglows-v2-forecasts/2024080200.zarr,3010ac309f260bbb1bac4e65cfc1276e-2,2026-09-25T06:30:29Z
2024-08-02,manduriacu,670078161,high_res,6,165.771,s3://geoglows-v2-forecasts/2024080200.zarr,3010ac309f260bbb1bac4e65cfc1276e-2,2026-09-25T06:30:29Z
2024-08-02,manduriacu,670078161,high_res,7,186.469,s3://geoglows-v2-forecasts/2024080200.zarr,3010ac309f260bbb1bac4e65cfc1276e-2,2026-09-25T06:30:29Z
2024-08-02,manduriacu,670078161,high_res,8,194.437,s3://geoglows-v2-forecasts/2024080200.zarr,3010ac309f260bbb1bac4e65cfc1276e-2,2026-09-25T06:30:29Z
2024-08-02,manduriacu,670078161,high_res,9,171.427,s3://geoglows-v2-forecasts/2024080200.zarr,3010ac309f260bbb1bac4e65cfc1276e-2,2026-09-25T06:30:29Z
2024-08-02,minas_san_francisco,670027091,high_res,1,17.866,s3://geoglows-v2-forecasts/2024080200.zarr,3010ac309f260bbb1bac4e65cfc1276e-2,2026-09-25T06:30:29Z
2024-08-02,minas_san_francisco,670027091,high_res,10,22.484,s3://geoglows-v2-forecasts/2024080200.zarr,3010ac309f260bbb1bac4e65cfc1276e-2,2026-09-25T06:30:29Z
2024-08-02,minas_san_francisco,670027091,high_res,2,19.631,s3://geoglows-v2-forecasts/2024080200.zarr,3010ac309f260bbb1bac4e65cfc1276e-2,2026-09-25T06:30:29Z
2024-08-02,minas_san_francisco,670027091,high_res,3,22.736,s3://geoglows-v2-forecasts/2024080200.zarr,3010ac309f260bbb1bac4e65cfc1276e-2,2026-09-25T06:30:29Z
2024-08-02,minas_san_francisco,670027091,high_res,4,22.047,s3://geoglows-v2-forecasts/2024080200.zarr,3010ac309f260bbb1bac4e65cfc1276e-2,2026-09-25T06:30:29Z
2024-08-02,minas_san_francisco,670027091,high_res,5,25.905,s3://geoglows-v2-forecasts/2024080200.zarr,3010ac309f260bbb1bac4e65cfc1276e-2,2026-09-25T06:30:29Z
2024-08-02,minas_san_francisco,670027091,high_res,6,33.664,s3://geoglows-v2-forecasts/2024080200.zarr,3010ac309f260bbb1bac4e65cfc1276e-2,2026-09-25T06:30:29Z
2024-08-02,minas_san_francisco,670027091,high_res,7,37.148,s3://geoglows-v2-forecasts/2024080200.zarr,3010ac309f260bbb1bac4e65cfc1276e-2,2026-09-25T06:30:29Z
2024-08-02,minas_san_francisco,670027091,high_res,8,32.402,s3://geoglows-v2-forecasts/2024080200.zarr,3010ac309f260bbb1bac4e65cfc1276e-2,2026-09-25T06:30:29Z
2024-08-02,minas_san_francisco,670027091,high_res,9,25.101,s3://geoglows-v2-forecasts/2024080200.zarr,3010ac309f260bbb1bac4e65cfc1276e-2,2026-09-25T06:30:29Z
2024-08-03,agoyan,621014469,high_res,1,110.303,s3://geoglows-v2-forecasts/2024080300.zarr,ae0f6c862f446fc6aa5be978ca2375fb-2,2026-09-25T06:30:28Z
2024-08-03,agoyan,621014469,high_res,10,115.409,s3://geoglows-v2-forecasts/2024080300.zarr,ae0f6c862f446fc6aa5be978ca2375fb-2,2026-09-25T06:30:28Z
2024-08-03,agoyan,621014469,high_res,2,108.232,s3://geoglows-v2-forecasts/2024080300.zarr,ae0f6c862f446fc6aa5be978ca2375fb-2,2026-09-25T06:30:28Z
2024-08-03,agoyan,621014469,high_res,3,110.371,s3://geoglows-v2-forecasts/2024080300.zarr,ae0f6c862f446fc6aa5be978ca2375fb-2,2026-09-25T06:30:28Z
2024-08-03,agoyan,621014469,high_res,4,112.999,s3://geoglows-v2-forecasts/2024080300.zarr,ae0f6c862f446fc6aa5be978ca2375fb-2,2026-09-25T06:30:28Z
2024-08-03,agoyan,621014469,high_res,5,117.629,s3://geoglows-v2-forecasts/2024080300.zarr,ae0f6c862f446fc6aa5be978ca2375fb-2,2026-09-25T06:30:28Z
2024-08-03,agoyan,621014469,high_res,6,128.125,s3://geoglows-v2-forecasts/2024080300.zarr,ae0f6c862f446fc6aa5be978ca2375fb-2,2026-09-25T06:30:28Z
2024-08-03,agoyan,621014469,high_res,7,137.16,s3://geoglows-v2-forecasts/2024080300.zarr,ae0f6c862f446fc6aa5be978ca2375fb-2,2026-09-25T06:30:28Z
2024-08-03,agoyan,621014469,high_res,8,130.956,s3://geoglows-v2-forecasts/2024080300.zarr,ae0f6c862f446fc6aa5be978ca2375fb-2,2026-09-25T06:30:28Z
2024-08-03,agoyan,621014469,high_res,9,124.775,s3://geoglows-v2-forecasts/2024080300.zarr,ae0f6c862f446fc6aa5be978ca2375fb-2,2026-09-25T06:30:28Z
2024-08-03,manduriacu,670078161,high_res,1,100.91,s3://geoglows-v2-forecasts/2024080300.zarr,ae0f6c862f446fc6aa5be978ca2375fb-2,2026-09-25T06:30:28Z
2024-08-03,manduriacu,670078161,high_res,10,180.974,s3://geoglows-v2-forecasts/2024080300.zarr,ae0f6c862f446fc6aa5be978ca2375fb-2,2026-09-25T06:30:28Z
2024-08-03,manduriacu,670078161,high_res,2,122.488,s3://geoglows-v2-forecasts/2024080300.zarr,ae0f6c862f446fc6aa5be978ca2375fb-2,2026-09-25T06:30:28Z
2024-08-03,manduriacu,670078161,high_res,3,160.542,s3://geoglows-v2-forecasts/2024080300.zarr,ae0f6c862f446fc6aa5be978ca2375fb-2,2026-09-25T06:30:28Z
2024-08-03,manduriacu,670078161,high_res,4,136.01,s3://geoglows-v2-forecasts/2024080300.zarr,ae0f6c862f446fc6aa5be978ca2375fb-2,2026-09-25T06:30:28Z
2024-08-03,manduriacu,670078161,high_res,5,155.247,s3://geoglows-v2-forecasts/2024080300.zarr,ae0f6c862f446fc6aa5be978ca2375fb-2,2026-09-25T06:30:28Z
2024-08-03,manduriacu,670078161,high_res,6,182.658,s3://geoglows-v2-forecasts/2024080300.zarr,ae0f6c862f446fc6aa5be978ca2375fb-2,2026-09-25T06:30:28Z
2024-08-03,manduriacu,670078161,high_res,7,179.424,s3://geoglows-v2-forecasts/2024080300.zarr,ae0f6c862f446fc6aa5be978ca2375fb-2,2026-09-25T06:30:28Z
2024-08-03,manduriacu,670078161,high_res,8,172.045,s3://geoglows-v2-forecasts/2024080300.zarr,ae0f6c862f446fc6aa5be978ca2375fb-2,2026-09-25T06:30:28Z
2024-08-03,manduriacu,670078161,high_res,9,173.394,s3://geoglows-v2-forecasts/2024080300.zarr,ae0f6c862f446fc6aa5be978ca2375fb-2,2026-09-25T06:30:28Z
2024-08-03,minas_san_francisco,670027091,high_res,1,18.399,s3://geoglows-v2-forecasts/2024080300.zarr,ae0f6c862f446fc6aa5be978ca2375fb-2,2026-09-25T06:30:28Z
2024-08-03,minas_san_francisco,670027091,high_res,10,21.439,s3://geoglows-v2-forecasts/2024080300.zarr,ae0f6c862f446fc6aa5be978ca2375fb-2,2026-09-25T06:30:28Z
2024-08-03,minas_san_francisco,670027091,high_res,2,19.804,s3://geoglows-v2-forecasts/2024080300.zarr,ae0f6c862f446fc6aa5be978ca2375fb-2,2026-09-25T06:30:28Z
2024-08-03,minas_san_francisco,670027091,high_res,3,21.003,s3://geoglows-v2-forecasts/2024080300.zarr,ae0f6c862f446fc6aa5be978ca2375fb-2,2026-09-25T06:30:28Z
2024-08-03,minas_san_francisco,670027091,high_res,4,26.573,s3://geoglows-v2-forecasts/2024080300.zarr,ae0f6c862f446fc6aa5be978ca2375fb-2,2026-09-25T06:30:28Z
2024-08-03,minas_san_francisco,670027091,high_res,5,35.506,s3://geoglows-v2-forecasts/2024080300.zarr,ae0f6c862f446fc6aa5be978ca2375fb-2,2026-09-25T06:30:28Z
2024-08-03,minas_san_francisco,670027091,high_res,6,42.803,s3://geoglows-v2-forecasts/2024080300.zarr,ae0f6c862f446fc6aa5be978ca2375fb-2,2026-09-25T06:30:28Z
2024-08-03,minas_san_francisco,670027091,high_res,7,41.95,s3://geoglows-v2-forecasts/2024080300.zarr,ae0f6c862f446fc6aa5be978ca2375fb-2,2026-09-25T06:30:28Z
2024-08-03,minas_san_francisco,670027091,high_res,8,31.089,s3://geoglows-v2-forecasts/2024080300.zarr,ae0f6c862f446fc6aa5be978ca2375fb-2,2026-09-25T06:30:28Z
2024-08-03,minas_san_francisco,670027091,high_res,9,23.99,s3://geoglows-v2-forecasts/2024080300.zarr,ae0f6c862f446fc6aa5be978ca2375fb-2,2026-09-25T06:30:28Z
2024-08-04,agoyan,621014469,high_res,1,107.033,s3://geoglows-v2-forecasts/2024080400.zarr,5370a2be5e94cac5ff3c48bbf981e020-2,2026-09-25T06:30:29Z
2024-08-04,agoyan,621014469,high_res,10,120.07,s3://geoglows-v2-forecasts/2024080400.zarr,5370a2be5e94cac5ff3c48bbf981e020-2,2026-09-25T06:30:29Z
2024-08-04,agoyan,621014469,high_res,2,108.901,s3://geoglows-v2-forecasts/2024080400.zarr,5370a2be5e94cac5ff3c48bbf981e020-2,2026-09-25T06:30:29Z
2024-08-04,agoyan,621014469,high_res,3,116.135,s3://geoglows-v2-forecasts/2024080400.zarr,5370a2be5e94cac5ff3c48bbf981e020-2,2026-09-25T06:30:29Z
2024-08-04,agoyan,621014469,high_res,4,121.855,s3://geoglows-v2-forecasts/2024080400.zarr,5370a2be5e94cac5ff3c48bbf981e020-2,2026-09-25T06:30:29Z
2024-08-04,agoyan,621014469,high_res,5,131.072,s3://geoglows-v2-forecasts/2024080400.zarr,5370a2be5e94cac5ff3c48bbf981e020-2,2026-09-25T06:30:29Z
2024-08-04,agoyan,621014469,high_res,6,145.689,s3://geoglows-v2-forecasts/2024080400.zarr,5370a2be5e94cac5ff3c48bbf981e020-2,2026-09-25T06:30:29Z
2024-08-04,agoyan,621014469,high_res,7,136.337,s3://geoglows-v2-forecasts/2024080400.zarr,5370a2be5e94cac5ff3c48bbf981e020-2,2026-09-25T06:30:29Z
2024-08-04,agoyan,621014469,high_res,8,132.928,s3://geoglows-v2-forecasts/2024080400.zarr,5370a2be5e94cac5ff3c48bbf981e020-2,2026-09-25T06:30:29Z
2024-08-04,agoyan,621014469,high_res,9,123.084,s3://geoglows-v2-forecasts/2024080400.zarr,5370a2be5e94cac5ff3c48bbf981e020-2,2026-09-25T06:30:29Z
2024-08-04,manduriacu,670078161,high_res,1,114.562,s3://geoglows-v2-forecasts/2024080400.zarr,5370a2be5e94cac5ff3c48bbf981e020-2,2026-09-25T06:30:29Z
2024-08-04,manduriacu,670078161,high_res,10,170.424,s3://geoglows-v2-forecasts/2024080400.zarr,5370a2be5e94cac5ff3c48bbf981e020-2,2026-09-25T06:30:29Z
2024-08-04,manduriacu,670078161,high_res,2,146.857,s3://geoglows-v2-forecasts/2024080400.zarr,5370a2be5e94cac5ff3c48bbf981e020-2,2026-09-25T06:30:29Z
2024-08-04,manduriacu,670078161,high_res,3,139.399,s3://geoglows-v2-forecasts/2024080400.zarr,5370a2be5e94cac5ff3c48bbf981e020-2,2026-09-25T06:30:29Z
2024-08-04,manduriacu,670078161,high_res,4,153.35,s3://geoglows-v2-forecasts/2024080400.zarr,5370a2be5e94cac5ff3c48bbf981e020-2,2026-09-25T06:30:29Z
2024-08-04,manduriacu,670078161,high_res,5,173.263,s3://geoglows-v2-forecasts/2024080400.zarr,5370a2be5e94cac5ff3c48bbf981e020-2,2026-09-25T06:30:29Z
2024-08-04,manduriacu,670078161,high_res,6,161.838,s3://geoglows-v2-forecasts/2024080400.zarr,5370a2be5e94cac5ff3c48bbf981e020-2,2026-09-25T06:30:29Z
2024-08-04,manduriacu,670078161,high_res,7,158.104,s3://geoglows-v2-forecasts/2024080400.zarr,5370a2be5e94cac5ff3c48bbf981e020-2,2026-09-25T06:30:29Z
2024-08-04,manduriacu,670078161,high_res,8,156.714,s3://geoglows-v2-forecasts/2024080400.zarr,5370a2be5e94cac5ff3c48bbf981e020-2,2026-09-25T06:30:29Z
2024-08-04,manduriacu,670078161,high_res,9,165.292,s3://geoglows-v2-forecasts/2024080400.zarr,5370a2be5e94cac5ff3c48bbf981e020-2,2026-09-25T06:30:29Z
2024-08-04,minas_san_francisco,670027091,high_res,1,18.887,s3://geoglows-v2-forecasts/2024080400.zarr,5370a2be5e94cac5ff3c48bbf981e020-2,2026-09-25T06:30:29Z
2024-08-04,minas_san_francisco,670027091,high_res,10,19.828,s3://geoglows-v2-forecasts/2024080400.zarr,5370a2be5e94cac5ff3c48bbf981e020-2,2026-09-25T06:30:29Z
2024-08-04,minas_san_francisco,670027091,high_res,2,19.788,s3://geoglows-v2-forecasts/2024080400.zarr,5370a2be5e94cac5ff3c48bbf981e020-2,2026-09-25T06:30:29Z
2024-08-04,minas_san_francisco,670027091,high_res,3,27.751,s3://geoglows-v2-forecasts/2024080400.zarr,5370a2be5e94cac5ff3c48bbf981e020-2,2026-09-25T06:30:29Z
2024-08-04,minas_san_francisco,670027091,high_res,4,34.526,s3://geoglows-v2-forecasts/2024080400.zarr,5370a2be5e94cac5ff3c48bbf981e020-2,2026-09-25T06:30:29Z
2024-08-04,minas_san_francisco,670027091,high_res,5,39.668,s3://geoglows-v2-forecasts/2024080400.zarr,5370a2be5e94cac5ff3c48bbf981e020-2,2026-09-25T06:30:29Z
2024-08-04,minas_san_francisco,670027091,high_res,6,36.97,s3://geoglows-v2-forecasts/2024080400.zarr,5370a2be5e94cac5ff3c48bbf981e020-2,2026-09-25T06:30:29Z
2024-08-04,minas_san_francisco,670027091,high_res,7,31.558,s3://geoglows-v2-forecasts/2024080400.zarr,5370a2be5e94cac5ff3c48bbf981e020-2,2026-09-25T06:30:29Z
2024-08-04,minas_san_francisco,670027091,high_res,8,23.693,s3://geoglows-v2-forecasts/2024080400.zarr,5370a2be5e94cac5ff3c48bbf981e020-2,2026-09-25T06:30:29Z
2024-08-04,minas_san_francisco,670027091,high_res,9,20.256,s3://geoglows-v2-forecasts/2024080400.zarr,5370a2be5e94cac5ff3c48bbf981e020-2,2026-09-25T06:30:29Z
2024-08-05,agoyan,621014469,high_res,1,107.004,s3://geoglows-v2-forecasts/2024080500.zarr,598109a55c6b3ac00ee7855bdb36b482-2,2026-09-25T06:30:29Z
2024-08-05,agoyan,621014469,high_res,10,109.334,s3://geoglows-v2-forecasts/2024080500.zarr,598109a55c6b3ac00ee7855bdb36b482-2,2026-09-25T06:30:29Z
2024-08-05,agoyan,621014469,high_res,2,109.408,s3://geoglows-v2-forecasts/2024080500.zarr,598109a55c6b3ac00ee7855bdb36b482-2,2026-09-25T06:30:29Z
2024-08-05,agoyan,621014469,high_res,3,116.707,s3://geoglows-v2-forecasts/2024080500.zarr,598109a55c6b3ac00ee7855bdb36b482-2,2026-09-25T06:30:29Z
2024-08-05,agoyan,621014469,high_res,4,132.212,s3://geoglows-v2-forecasts/2024080500.zarr,598109a55c6b3ac00ee7855bdb36b482-2,2026-09-25T06:30:29Z
2024-08-05,agoyan,621014469,high_res,5,151.559,s3://geoglows-v2-forecasts/2024080500.zarr,598109a55c6b3ac00ee7855bdb36b482-2,2026-09-25T06:30:29Z
2024-08-05,agoyan,621014469,high_res,6,146.111,s3://geoglows-v2-forecasts/2024080500.zarr,598109a55c6b3ac00ee7855bdb36b482-2,2026-09-25T06:30:29Z
2024-08-05,agoyan,621014469,high_res,7,136.806,s3://geoglows-v2-forecasts/2024080500.zarr,598109a55c6b3ac00ee7855bdb36b482-2,2026-09-25T06:30:29Z
2024-08-05,agoyan,621014469,high_res,8,119.448,s3://geoglows-v2-forecasts/2024080500.zarr,598109a55c6b3ac00ee7855bdb36b482-2,2026-09-25T06:30:29Z
2024-08-05,agoyan,621014469,high_res,9,110.44,s3://geoglows-v2-forecasts/2024080500.zarr,598109a55c6b3ac00ee7855bdb36b482-2,2026-09-25T06:30:29Z
2024-08-05,manduriacu,670078161,high_res,1,124.648,s3://geoglows-v2-forecasts/2024080500.zarr,598109a55c6b3ac00ee7855bdb36b482-2,2026-09-25T06:30:29Z
2024-08-05,manduriacu,670078161,high_res,10,162.987,s3://geoglows-v2-forecasts/2024080500.zarr,598109a55c6b3ac00ee7855bdb36b482-2,2026-09-25T06:30:29Z
2024-08-05,manduriacu,670078161,high_res,2,115.607,s3://geoglows-v2-forecasts/2024080500.zarr,598109a55c6b3ac00ee7855bdb36b482-2,2026-09-25T06:30:29Z
2024-08-05,manduriacu,670078161,high_res,3,121.01,s3://geoglows-v2-forecasts/2024080500.zarr,598109a55c6b3ac00ee7855bdb36b482-2,2026-09-25T06:30:29Z
2024-08-05,manduriacu,670078161,high_res,4,146.788,s3://geoglows-v2-forecasts/2024080500.zarr,598109a55c6b3ac00ee7855bdb36b482-2,2026-09-25T06:30:29Z
2024-08-05,manduriacu,670078161,high_res,5,154.102,s3://geoglows-v2-forecasts/2024080500.zarr,598109a55c6b3ac00ee7855bdb36b482-2,2026-09-25T06:30:29Z
2024-08-05,manduriacu,670078161,high_res,6,160.711,s3://geoglows-v2-forecasts/2024080500.zarr,598109a55c6b3ac00ee7855bdb36b482-2,2026-09-25T06:30:29Z
2024-08-05,manduriacu,670078161,high_res,7,168.904,s3://geoglows-v2-forecasts/2024080500.zarr,598109a55c6b3ac00ee7855bdb36b482-2,2026-09-25T06:30:29Z
2024-08-05,manduriacu,670078161,high_res,8,181.864,s3://geoglows-v2-forecasts/2024080500.zarr,598109a55c6b3ac00ee7855bdb36b482-2,2026-09-25T06:30:29Z
2024-08-05,manduriacu,670078161,high_res,9,176.079,s3://geoglows-v2-forecasts/2024080500.zarr,598109a55c6b3ac00ee7855bdb36b482-2,2026-09-25T06:30:29Z
2024-08-05,minas_san_francisco,670027091,high_res,1,19.013,s3://geoglows-v2-forecasts/2024080500.zarr,598109a55c6b3ac00ee7855bdb36b482-2,2026-09-25T06:30:29Z
2024-08-05,minas_san_francisco,670027091,high_res,10,17.182,s3://geoglows-v2-forecasts/2024080500.zarr,598109a55c6b3ac00ee7855bdb36b482-2,2026-09-25T06:30:29Z
2024-08-05,minas_san_francisco,670027091,high_res,2,23.465,s3://geoglows-v2-forecasts/2024080500.zarr,598109a55c6b3ac00ee7855bdb36b482-2,2026-09-25T06:30:29Z
2024-08-05,minas_san_francisco,670027091,high_res,3,34.232,s3://geoglows-v2-forecasts/2024080500.zarr,598109a55c6b3ac00ee7855bdb36b482-2,2026-09-25T06:30:29Z
2024-08-05,minas_san_francisco,670027091,high_res,4,47.823,s3://geoglows-v2-forecasts/2024080500.zarr,598109a55c6b3ac00ee7855bdb36b482-2,2026-09-25T06:30:29Z
2024-08-05,minas_san_francisco,670027091,high_res,5,49.124,s3://geoglows-v2-forecasts/2024080500.zarr,598109a55c6b3ac00ee7855bdb36b482-2,2026-09-25T06:30:29Z
2024-08-05,minas_san_francisco,670027091,high_res,6,36.97,s3://geoglows-v2-forecasts/2024080500.zarr,598109a55c6b3ac00ee7855bdb36b482-2,2026-09-25T06:30:29Z
2024-08-05,minas_san_francisco,670027091,high_res,7,25.243,s3://geoglows-v2-forecasts/2024080500.zarr,598109a55c6b3ac00ee7855bdb36b482-2,2026-09-25T06:30:29Z
2024-08-05,minas_san_francisco,670027091,high_res,8,19.986,s3://geoglows-v2-forecasts/2024080500.zarr,598109a55c6b3ac00ee7855bdb36b482-2,2026-09-25T06:30:29Z
2024-08-05,minas_san_francisco,670027091,high_res,9,18.25,s3://geoglows-v2-forecasts/2024080500.zarr,598109a55c6b3ac00ee7855bdb36b482-2,2026-09-25T06:30:29Z
2024-08-06,agoyan,621014469,high_res,1,105.904,s3://geoglows-v2-forecasts/2024080600.zarr,058e849ac2880f3a7b77c08c003b2191-2,2026-09-25T06:30:29Z
2024-08-06,agoyan,621014469,high_res,10,110.04,s3://geoglows-v2-forecasts/2024080600.zarr,058e849ac2880f3a7b77c08c003b2191-2,2026-09-25T06:30:29Z
2024-08-06,agoyan,621014469,high_res,2,111.055,s3://geoglows-v2-forecasts/2024080600.zarr,058e849ac2880f3a7b77c08c003b2191-2,2026-09-25T06:30:29Z
2024-08-06,agoyan,621014469,high_res,3,125.661,s3://geoglows-v2-forecasts/2024080600.zarr,058e849ac2880f3a7b77c08c003b2191-2,2026-09-25T06:30:29Z
2024-08-06,agoyan,621014469,high_res,4,132.953,s3://geoglows-v2-forecasts/2024080600.zarr,058e849ac2880f3a7b77c08c003b2191-2,2026-09-25T06:30:29Z
2024-08-06,agoyan,621014469,high_res,5,129.199,s3://geoglows-v2-forecasts/2024080600.zarr,058e849ac2880f3a7b77c08c003b2191-2,2026-09-25T06:30:29Z
2024-08-06,agoyan,621014469,high_res,6,121.876,s3://geoglows-v2-forecasts/2024080600.zarr,058e849ac2880f3a7b77c08c003b2191-2,2026-09-25T06:30:29Z
2024-08-06,agoyan,621014469,high_res,7,116.081,s3://geoglows-v2-forecasts/2024080600.zarr,058e849ac2880f3a7b77c08c003b2191-2,2026-09-25T06:30:29Z
2024-08-06,agoyan,621014469,high_res,8,115.151,s3://geoglows-v2-forecasts/2024080600.zarr,058e849ac2880f3a7b77c08c003b2191-2,2026-09-25T06:30:29Z
2024-08-06,agoyan,621014469,high_res,9,112.198,s3://geoglows-v2-forecasts/2024080600.zarr,058e849ac2880f3a7b77c08c003b2191-2,2026-09-25T06:30:29Z
2024-08-06,manduriacu,670078161,high_res,1,115.251,s3://geoglows-v2-forecasts/2024080600.zarr,058e849ac2880f3a7b77c08c003b2191-2,2026-09-25T06:30:29Z
2024-08-06,manduriacu,670078161,high_res,10,151.406,s3://geoglows-v2-forecasts/2024080600.zarr,058e849ac2880f3a7b77c08c003b2191-2,2026-09-25T06:30:29Z
2024-08-06,manduriacu,670078161,high_res,2,114.315,s3://geoglows-v2-forecasts/2024080600.zarr,058e849ac2880f3a7b77c08c003b2191-2,2026-09-25T06:30:29Z
2024-08-06,manduriacu,670078161,high_res,3,128.337,s3://geoglows-v2-forecasts/2024080600.zarr,058e849ac2880f3a7b77c08c003b2191-2,2026-09-25T06:30:29Z
2024-08-06,manduriacu,670078161,high_res,4,143.028,s3://geoglows-v2-forecasts/2024080600.zarr,058e849ac2880f3a7b77c08c003b2191-2,2026-09-25T06:30:29Z
2024-08-06,manduriacu,670078161,high_res,5,145.216,s3://geoglows-v2-forecasts/2024080600.zarr,058e849ac2880f3a7b77c08c003b2191-2,2026-09-25T06:30:29Z
2024-08-06,manduriacu,670078161,high_res,6,230.114,s3://geoglows-v2-forecasts/2024080600.zarr,058e849ac2880f3a7b77c08c003b2191-2,2026-09-25T06:30:29Z
2024-08-06,manduriacu,670078161,high_res,7,224.074,s3://geoglows-v2-forecasts/2024080600.zarr,058e849ac2880f3a7b77c08c003b2191-2,2026-09-25T06:30:29Z
2024-08-06,manduriacu,670078161,high_res,8,195.159,s3://geoglows-v2-forecasts/2024080600.zarr,058e849ac2880f3a7b77c08c003b2191-2,2026-09-25T06:30:29Z
2024-08-06,manduriacu,670078161,high_res,9,165.743,s3://geoglows-v2-forecasts/2024080600.zarr,058e849ac2880f3a7b77c08c003b2191-2,2026-09-25T06:30:29Z
2024-08-06,minas_san_francisco,670027091,high_res,1,21.163,s3://geoglows-v2-forecasts/2024080600.zarr,058e849ac2880f3a7b77c08c003b2191-2,2026-09-25T06:30:29Z
2024-08-06,minas_san_francisco,670027091,high_res,10,16.893,s3://geoglows-v2-forecasts/2024080600.zarr,058e849ac2880f3a7b77c08c003b2191-2,2026-09-25T06:30:29Z
2024-08-06,minas_san_francisco,670027091,high_res,2,24.681,s3://geoglows-v2-forecasts/2024080600.zarr,058e849ac2880f3a7b77c08c003b2191-2,2026-09-25T06:30:29Z
2024-08-06,minas_san_francisco,670027091,high_res,3,30.681,s3://geoglows-v2-forecasts/2024080600.zarr,058e849ac2880f3a7b77c08c003b2191-2,2026-09-25T06:30:29Z
2024-08-06,minas_san_francisco,670027091,high_res,4,35.434,s3://geoglows-v2-forecasts/2024080600.zarr,058e849ac2880f3a7b77c08c003b2191-2,2026-09-25T06:30:29Z
2024-08-06,minas_san_francisco,670027091,high_res,5,30.236,s3://geoglows-v2-forecasts/2024080600.zarr,058e849ac2880f3a7b77c08c003b2191-2,2026-09-25T06:30:29Z
2024-08-06,minas_san_francisco,670027091,high_res,6,23.861,s3://geoglows-v2-forecasts/2024080600.zarr,058e849ac2880f3a7b77c08c003b2191-2,2026-09-25T06:30:29Z
2024-08-06,minas_san_francisco,670027091,high_res,7,22.477,s3://geoglows-v2-forecasts/2024080600.zarr,058e849ac2880f3a7b77c08c003b2191-2,2026-09-25T06:30:29Z
2024-08-06,minas_san_francisco,670027091,high_res,8,21.799,s3://geoglows-v2-forecasts/2024080600.zarr,058e849ac2880f3a7b77c08c003b2191-2,2026-09-25T06:30:29Z
2024-08-06,minas_san_francisco,670027091,high_res,9,20.033,s3://geoglows-v2-forecasts/2024080600.zarr,058e849ac2880f3a7b77c08c003b2191-2,2026-09-25T06:30:29Z
2024-08-07,agoyan,621014469,high_res,1,107.361,s3://geoglows-v2-forecasts/2024080700.zarr,2c0adb57f25fe3985fc0fd9077e1ede7-2,2026-09-25T06:30:29Z
2024-08-07,agoyan,621014469,high_res,10,104.422,s3://geoglows-v2-forecasts/2024080700.zarr,2c0adb57f25fe3985fc0fd9077e1ede7-2,2026-09-25T06:30:29Z
2024-08-07,agoyan,621014469,high_res,2,112.089,s3://geoglows-v2-forecasts/2024080700.zarr,2c0adb57f25fe3985fc0fd9077e1ede7-2,2026-09-25T06:30:29Z
2024-08-07,agoyan,621014469,high_res,3,114.711,s3://geoglows-v2-forecasts/2024080700.zarr,2c0adb57f25fe3985fc0fd9077e1ede7-2,2026-09-25T06:30:29Z
2024-08-07,agoyan,621014469,high_res,4,113.841,s3://geoglows-v2-forecasts/2024080700.zarr,2c0adb57f25fe3985fc0fd9077e1ede7-2,2026-09-25T06:30:29Z
2024-08-07,agoyan,621014469,high_res,5,114.918,s3://geoglows-v2-forecasts/2024080700.zarr,2c0adb57f25fe3985fc0fd9077e1ede7-2,2026-09-25T06:30:29Z
2024-08-07,agoyan,621014469,high_res,6,113.602,s3://geoglows-v2-forecasts/2024080700.zarr,2c0adb57f25fe3985fc0fd9077e1ede7-2,2026-09-25T06:30:29Z
2024-08-07,agoyan,621014469,high_res,7,110.737,s3://geoglows-v2-forecasts/2024080700.zarr,2c0adb57f25fe3985fc0fd9077e1ede7-2,2026-09-25T06:30:29Z
2024-08-07,agoyan,621014469,high_res,8,107.2,s3://geoglows-v2-forecasts/2024080700.zarr,2c0adb57f25fe3985fc0fd9077e1ede7-2,2026-09-25T06:30:29Z
2024-08-07,agoyan,621014469,high_res,9,106.978,s3://geoglows-v2-forecasts/2024080700.zarr,2c0adb57f25fe3985fc0fd9077e1ede7-2,2026-09-25T06:30:29Z
2024-08-07,manduriacu,670078161,high_res,1,111.378,s3://geoglows-v2-forecasts/2024080700.zarr,2c0adb57f25fe3985fc0fd9077e1ede7-2,2026-09-25T06:30:29Z
2024-08-07,manduriacu,670078161,high_res,10,145.792,s3://geoglows-v2-forecasts/2024080700.zarr,2c0adb57f25fe3985fc0fd9077e1ede7-2,2026-09-25T06:30:29Z
2024-08-07,manduriacu,670078161,high_res,2,128.427,s3://geoglows-v2-forecasts/2024080700.zarr,2c0adb57f25fe3985fc0fd9077e1ede7-2,2026-09-25T06:30:29Z
2024-08-07,manduriacu,670078161,high_res,3,142.973,s3://geoglows-v2-forecasts/2024080700.zarr,2c0adb57f25fe3985fc0fd9077e1ede7-2,2026-09-25T06:30:29Z
2024-08-07,manduriacu,670078161,high_res,4,153.352,s3://geoglows-v2-forecasts/2024080700.zarr,2c0adb57f25fe3985fc0fd9077e1ede7-2,2026-09-25T06:30:29Z
2024-08-07,manduriacu,670078161,high_res,5,188.296,s3://geoglows-v2-forecasts/2024080700.zarr,2c0adb57f25fe3985fc0fd9077e1ede7-2,2026-09-25T06:30:29Z
2024-08-07,manduriacu,670078161,high_res,6,200.388,s3://geoglows-v2-forecasts/2024080700.zarr,2c0adb57f25fe3985fc0fd9077e1ede7-2,2026-09-25T06:30:29Z
2024-08-07,manduriacu,670078161,high_res,7,178.514,s3://geoglows-v2-forecasts/2024080700.zarr,2c0adb57f25fe3985fc0fd9077e1ede7-2,2026-09-25T06:30:29Z
2024-08-07,manduriacu,670078161,high_res,8,158.892,s3://geoglows-v2-forecasts/2024080700.zarr,2c0adb57f25fe3985fc0fd9077e1ede7-2,2026-09-25T06:30:29Z
2024-08-07,manduriacu,670078161,high_res,9,152.755,s3://geoglows-v2-forecasts/2024080700.zarr,2c0adb57f25fe3985fc0fd9077e1ede7-2,2026-09-25T06:30:29Z
2024-08-07,minas_san_francisco,670027091,high_res,1,24.121,s3://geoglows-v2-forecasts/2024080700.zarr,2c0adb57f25fe3985fc0fd9077e1ede7-2,2026-09-25T06:30:29Z
2024-08-07,minas_san_francisco,670027091,high_res,10,16.165,s3://geoglows-v2-forecasts/2024080700.zarr,2c0adb57f25fe3985fc0fd9077e1ede7-2,2026-09-25T06:30:29Z
2024-08-07,minas_san_francisco,670027091,high_res,2,26.235,s3://geoglows-v2-forecasts/2024080700.zarr,2c0adb57f25fe3985fc0fd9077e1ede7-2,2026-09-25T06:30:29Z
2024-08-07,minas_san_francisco,670027091,high_res,3,27.067,s3://geoglows-v2-forecasts/2024080700.zarr,2c0adb57f25fe3985fc0fd9077e1ede7-2,2026-09-25T06:30:29Z
2024-08-07,minas_san_francisco,670027091,high_res,4,23.979,s3://geoglows-v2-forecasts/2024080700.zarr,2c0adb57f25fe3985fc0fd9077e1ede7-2,2026-09-25T06:30:29Z
2024-08-07,minas_san_francisco,670027091,high_res,5,23.025,s3://geoglows-v2-forecasts/2024080700.zarr,2c0adb57f25fe3985fc0fd9077e1ede7-2,2026-09-25T06:30:29Z
2024-08-07,minas_san_francisco,670027091,high_res,6,22.793,s3://geoglows-v2-forecasts/2024080700.zarr,2c0adb57f25fe3985fc0fd9077e1ede7-2,2026-09-25T06:30:29Z
2024-08-07,minas_san_francisco,670027091,high_res,7,21.998,s3://geoglows-v2-forecasts/2024080700.zarr,2c0adb57f25fe3985fc0fd9077e1ede7-2,2026-09-25T06:30:29Z
2024-08-07,minas_san_francisco,670027091,high_res,8,21.644,s3://geoglows-v2-forecasts/2024080700.zarr,2c0adb57f25fe3985fc0fd9077e1ede7-2,2026-09-25T06:30:29Z
2024-08-07,minas_san_francisco,670027091,high_res,9,18.239,s3://geoglows-v2-forecasts/2024080700.zarr,2c0adb57f25fe3985fc0fd9077e1ede7-2,2026-09-25T06:30:29Z
2024-08-08,agoyan,621014469,high_res,1,110.026,s3://geoglows-v2-forecasts/2024080800.zarr,18d8f77537ff812ab0442feaa5ead32c-2,2026-09-25T06:30:33Z
2024-08-08,agoyan,621014469,high_res,10,104.871,s3://geoglows-v2-forecasts/2024080800.zarr,18d8f77537ff812ab0442feaa5ead32c-2,2026-09-25T06:30:33Z
2024-08-08,agoyan,621014469,high_res,2,110.036,s3://geoglows-v2-forecasts/2024080800.zarr,18d8f77537ff812ab0442feaa5ead32c-2,2026-09-25T06:30:33Z
2024-08-08,agoyan,621014469,high_res,3,107.548,s3://geoglows-v2-forecasts/2024080800.zarr,18d8f77537ff812ab0442feaa5ead32c-2,2026-09-25T06:30:33Z
2024-08-08,agoyan,621014469,high_res,4,106.064,s3://geoglows-v2-forecasts/2024080800.zarr,18d8f77537ff812ab0442feaa5ead32c-2,2026-09-25T06:30:33Z
2024-08-08,agoyan,621014469,high_res,5,108.203,s3://geoglows-v2-forecasts/2024080800.zarr,18d8f77537ff812ab0442feaa5ead32c-2,2026-09-25T06:30:33Z
2024-08-08,agoyan,621014469,high_res,6,109.76,s3://geoglows-v2-forecasts/2024080800.zarr,18d8f77537ff812ab0442feaa5ead32c-2,2026-09-25T06:30:33Z
2024-08-08,agoyan,621014469,high_res,7,112.039,s3://geoglows-v2-forecasts/2024080800.zarr,18d8f77537ff812ab0442feaa5ead32c-2,2026-09-25T06:30:33Z
2024-08-08,agoyan,621014469,high_res,8,109.877,s3://geoglows-v2-forecasts/2024080800.zarr,18d8f77537ff812ab0442feaa5ead32c-2,2026-09-25T06:30:33Z
2024-08-08,agoyan,621014469,high_res,9,107.873,s3://geoglows-v2-forecasts/2024080800.zarr,18d8f77537ff812ab0442feaa5ead32c-2,2026-09-25T06:30:33Z
2024-08-08,manduriacu,670078161,high_res,1,118.705,s3://geoglows-v2-forecasts/2024080800.zarr,18d8f77537ff812ab0442feaa5ead32c-2,2026-09-25T06:30:33Z
2024-08-08,manduriacu,670078161,high_res,10,131.053,s3://geoglows-v2-forecasts/2024080800.zarr,18d8f77537ff812ab0442feaa5ead32c-2,2026-09-25T06:30:33Z
2024-08-08,manduriacu,670078161,high_res,2,127.293,s3://geoglows-v2-forecasts/2024080800.zarr,18d8f77537ff812ab0442feaa5ead32c-2,2026-09-25T06:30:33Z
2024-08-08,manduriacu,670078161,high_res,3,152.08,s3://geoglows-v2-forecasts/2024080800.zarr,18d8f77537ff812ab0442feaa5ead32c-2,2026-09-25T06:30:33Z
2024-08-08,manduriacu,670078161,high_res,4,207.246,s3://geoglows-v2-forecasts/2024080800.zarr,18d8f77537ff812ab0442feaa5ead32c-2,2026-09-25T06:30:33Z
2024-08-08,manduriacu,670078161,high_res,5,234.788,s3://geoglows-v2-forecasts/2024080800.zarr,18d8f77537ff812ab0442feaa5ead32c-2,2026-09-25T06:30:33Z
2024-08-08,manduriacu,670078161,high_res,6,194.57,s3://geoglows-v2-forecasts/2024080800.zarr,18d8f77537ff812ab0442feaa5ead32c-2,2026-09-25T06:30:33Z
2024-08-08,manduriacu,670078161,high_res,7,177.457,s3://geoglows-v2-forecasts/2024080800.zarr,18d8f77537ff812ab0442feaa5ead32c-2,2026-09-25T06:30:33Z
2024-08-08,manduriacu,670078161,high_res,8,169.278,s3://geoglows-v2-forecasts/2024080800.zarr,18d8f77537ff812ab0442feaa5ead32c-2,2026-09-25T06:30:33Z
2024-08-08,manduriacu,670078161,high_res,9,155.897,s3://geoglows-v2-forecasts/2024080800.zarr,18d8f77537ff812ab0442feaa5ead32c-2,2026-09-25T06:30:33Z
2024-08-08,minas_san_francisco,670027091,high_res,1,25.5,s3://geoglows-v2-forecasts/2024080800.zarr,18d8f77537ff812ab0442feaa5ead32c-2,2026-09-25T06:30:33Z
2024-08-08,minas_san_francisco,670027091,high_res,10,16.687,s3://geoglows-v2-forecasts/2024080800.zarr,18d8f77537ff812ab0442feaa5ead32c-2,2026-09-25T06:30:33Z
2024-08-08,minas_san_francisco,670027091,high_res,2,24.186,s3://geoglows-v2-forecasts/2024080800.zarr,18d8f77537ff812ab0442feaa5ead32c-2,2026-09-25T06:30:33Z
2024-08-08,minas_san_francisco,670027091,high_res,3,23.588,s3://geoglows-v2-forecasts/2024080800.zarr,18d8f77537ff812ab0442feaa5ead32c-2,2026-09-25T06:30:33Z
2024-08-08,minas_san_francisco,670027091,high_res,4,25.346,s3://geoglows-v2-forecasts/2024080800.zarr,18d8f77537ff812ab0442feaa5ead32c-2,2026-09-25T06:30:33Z
2024-08-08,minas_san_francisco,670027091,high_res,5,30.62,s3://geoglows-v2-forecasts/2024080800.zarr,18d8f77537ff812ab0442feaa5ead32c-2,2026-09-25T06:30:33Z
2024-08-08,minas_san_francisco,670027091,high_res,6,25.342,s3://geoglows-v2-forecasts/2024080800.zarr,18d8f77537ff812ab0442feaa5ead32c-2,2026-09-25T06:30:33Z
2024-08-08,minas_san_francisco,670027091,high_res,7,21.163,s3://geoglows-v2-forecasts/2024080800.zarr,18d8f77537ff812ab0442feaa5ead32c-2,2026-09-25T06:30:33Z
2024-08-08,minas_san_francisco,670027091,high_res,8,17.943,s3://geoglows-v2-forecasts/2024080800.zarr,18d8f77537ff812ab0442feaa5ead32c-2,2026-09-25T06:30:33Z
2024-08-08,minas_san_francisco,670027091,high_res,9,17.119,s3://geoglows-v2-forecasts/2024080800.zarr,18d8f77537ff812ab0442feaa5ead32c-2,2026-09-25T06:30:33Z
2024-08-09,agoyan,621014469,high_res,1,108.365,s3://geoglows-v2-forecasts/2024080900.zarr,c6f924c40f535eddc290a6e772edb6d4-2,2026-09-25T06:30:33Z
2024-08-09,agoyan,621014469,high_res,10,100.814,s3://geoglows-v2-forecasts/2024080900.zarr,c6f924c40f535eddc290a6e772edb6d4-2,2026-09-25T06:30:33Z
2024-08-09,agoyan,621014469,high_res,2,106.783,s3://geoglows-v2-forecasts/2024080900.zarr,c6f924c40f535eddc290a6e772edb6d4-2,2026-09-25T06:30:33Z
2024-08-09,agoyan,621014469,high_res,3,113.347,s3://geoglows-v2-forecasts/2024080900.zarr,c6f924c40f535eddc290a6e772edb6d4-2,2026-09-25T06:30:33Z
2024-08-09,agoyan,621014469,high_res,4,121.719,s3://geoglows-v2-forecasts/2024080900.zarr,c6f924c40f535eddc290a6e772edb6d4-2,2026-09-25T06:30:33Z
2024-08-09,agoyan,621014469,high_res,5,129.327,s3://geoglows-v2-forecasts/2024080900.zarr,c6f924c40f535eddc290a6e772edb6d4-2,2026-09-25T06:30:33Z
2024-08-09,agoyan,621014469,high_res,6,126.65,s3://geoglows-v2-forecasts/2024080900.zarr,c6f924c40f535eddc290a6e772edb6d4-2,2026-09-25T06:30:33Z
2024-08-09,agoyan,621014469,high_res,7,118.175,s3://geoglows-v2-forecasts/2024080900.zarr,c6f924c40f535eddc290a6e772edb6d4-2,2026-09-25T06:30:33Z
2024-08-09,agoyan,621014469,high_res,8,111.027,s3://geoglows-v2-forecasts/2024080900.zarr,c6f924c40f535eddc290a6e772edb6d4-2,2026-09-25T06:30:33Z
2024-08-09,agoyan,621014469,high_res,9,106.113,s3://geoglows-v2-forecasts/2024080900.zarr,c6f924c40f535eddc290a6e772edb6d4-2,2026-09-25T06:30:33Z
2024-08-09,manduriacu,670078161,high_res,1,128.149,s3://geoglows-v2-forecasts/2024080900.zarr,c6f924c40f535eddc290a6e772edb6d4-2,2026-09-25T06:30:33Z
2024-08-09,manduriacu,670078161,high_res,10,109.939,s3://geoglows-v2-forecasts/2024080900.zarr,c6f924c40f535eddc290a6e772edb6d4-2,2026-09-25T06:30:33Z
2024-08-09,manduriacu,670078161,high_res,2,172.021,s3://geoglows-v2-forecasts/2024080900.zarr,c6f924c40f535eddc290a6e772edb6d4-2,2026-09-25T06:30:33Z
2024-08-09,manduriacu,670078161,high_res,3,203.274,s3://geoglows-v2-forecasts/2024080900.zarr,c6f924c40f535eddc290a6e772edb6d4-2,2026-09-25T06:30:33Z
2024-08-09,manduriacu,670078161,high_res,4,232.823,s3://geoglows-v2-forecasts/2024080900.zarr,c6f924c40f535eddc290a6e772edb6d4-2,2026-09-25T06:30:33Z
2024-08-09,manduriacu,670078161,high_res,5,194.723,s3://geoglows-v2-forecasts/2024080900.zarr,c6f924c40f535eddc290a6e772edb6d4-2,2026-09-25T06:30:33Z
2024-08-09,manduriacu,670078161,high_res,6,176.48,s3://geoglows-v2-forecasts/2024080900.zarr,c6f924c40f535eddc290a6e772edb6d4-2,2026-09-25T06:30:33Z
2024-08-09,manduriacu,670078161,high_res,7,163.098,s3://geoglows-v2-forecasts/2024080900.zarr,c6f924c40f535eddc290a6e772edb6d4-2,2026-09-25T06:30:33Z
2024-08-09,manduriacu,670078161,high_res,8,142.605,s3://geoglows-v2-forecasts/2024080900.zarr,c6f924c40f535eddc290a6e772edb6d4-2,2026-09-25T06:30:33Z
2024-08-09,manduriacu,670078161,high_res,9,124.922,s3://geoglows-v2-forecasts/2024080900.zarr,c6f924c40f535eddc290a6e772edb6d4-2,2026-09-25T06:30:33Z
2024-08-09,minas_san_francisco,670027091,high_res,1,24.041,s3://geoglows-v2-forecasts/2024080900.zarr,c6f924c40f535eddc290a6e772edb6d4-2,2026-09-25T06:30:33Z
2024-08-09,minas_san_francisco,670027091,high_res,10,16.154,s3://geoglows-v2-forecasts/2024080900.zarr,c6f924c40f535eddc290a6e772edb6d4-2,2026-09-25T06:30:33Z
2024-08-09,minas_san_francisco,670027091,high_res,2,22.046,s3://geoglows-v2-forecasts/2024080900.zarr,c6f924c40f535eddc290a6e772edb6d4-2,2026-09-25T06:30:33Z
2024-08-09,minas_san_francisco,670027091,high_res,3,27.048,s3://geoglows-v2-forecasts/2024080900.zarr,c6f924c40f535eddc290a6e772edb6d4-2,2026-09-25T06:30:33Z
2024-08-09,minas_san_francisco,670027091,high_res,4,31.57,s3://geoglows-v2-forecasts/2024080900.zarr,c6f924c40f535eddc290a6e772edb6d4-2,2026-09-25T06:30:33Z
2024-08-09,minas_san_francisco,670027091,high_res,5,25.847,s3://geoglows-v2-forecasts/2024080900.zarr,c6f924c40f535eddc290a6e772edb6d4-2,2026-09-25T06:30:33Z
2024-08-09,minas_san_francisco,670027091,high_res,6,20.549,s3://geoglows-v2-forecasts/2024080900.zarr,c6f924c40f535eddc290a6e772edb6d4-2,2026-09-25T06:30:33Z
2024-08-09,minas_san_francisco,670027091,high_res,7,17.856,s3://geoglows-v2-forecasts/2024080900.zarr,c6f924c40f535eddc290a6e772edb6d4-2,2026-09-25T06:30:33Z
2024-08-09,minas_san_francisco,670027091,high_res,8,18.017,s3://geoglows-v2-forecasts/2024080900.zarr,c6f924c40f535eddc290a6e772edb6d4-2,2026-09-25T06:30:33Z
2024-08-09,minas_san_francisco,670027091,high_res,9,17.815,s3://geoglows-v2-forecasts/2024080900.zarr,c6f924c40f535eddc290a6e772edb6d4-2,2026-09-25T06:30:33Z
2024-08-10,agoyan,621014469,high_res,1,104.945,s3://geoglows-v2-forecasts/2024081000.zarr,f267408a71c3dff3867b2f65eaefaf89-2,2026-09-25T06:30:33Z
2024-08-10,agoyan,621014469,high_res,10,99.336,s3://geoglows-v2-forecasts/2024081000.zarr,f267408a71c3dff3867b2f65eaefaf89-2,2026-09-25T06:30:33Z
2024-08-10,agoyan,621014469,high_res,2,107.908,s3://geoglows-v2-forecasts/2024081000.zarr,f267408a71c3dff3867b2f65eaefaf89-2,2026-09-25T06:30:33Z
2024-08-10,agoyan,621014469,high_res,3,119.558,s3://geoglows-v2-forecasts/2024081000.zarr,f267408a71c3dff3867b2f65eaefaf89-2,2026-09-25T06:30:33Z
2024-08-10,agoyan,621014469,high_res,4,138.012,s3://geoglows-v2-forecasts/2024081000.zarr,f267408a71c3dff3867b2f65eaefaf89-2,2026-09-25T06:30:33Z
2024-08-10,agoyan,621014469,high_res,5,139.316,s3://geoglows-v2-forecasts/2024081000.zarr,f267408a71c3dff3867b2f65eaefaf89-2,2026-09-25T06:30:33Z
2024-08-10,agoyan,621014469,high_res,6,132.825,s3://geoglows-v2-forecasts/2024081000.zarr,f267408a71c3dff3867b2f65eaefaf89-2,2026-09-25T06:30:33Z
2024-08-10,agoyan,621014469,high_res,7,119.819,s3://geoglows-v2-forecasts/2024081000.zarr,f267408a71c3dff3867b2f65eaefaf89-2,2026-09-25T06:30:33Z
2024-08-10,agoyan,621014469,high_res,8,110.033,s3://geoglows-v2-forecasts/2024081000.zarr,f267408a71c3dff3867b2f65eaefaf89-2,2026-09-25T06:30:33Z
2024-08-10,agoyan,621014469,high_res,9,105.312,s3://geoglows-v2-forecasts/2024081000.zarr,f267408a71c3dff3867b2f65eaefaf89-2,2026-09-25T06:30:33Z
2024-08-10,manduriacu,670078161,high_res,1,136.732,s3://geoglows-v2-forecasts/2024081000.zarr,f267408a71c3dff3867b2f65eaefaf89-2,2026-09-25T06:30:33Z
2024-08-10,manduriacu,670078161,high_res,10,118.36,s3://geoglows-v2-forecasts/2024081000.zarr,f267408a71c3dff3867b2f65eaefaf89-2,2026-09-25T06:30:33Z
2024-08-10,manduriacu,670078161,high_res,2,170.895,s3://geoglows-v2-forecasts/2024081000.zarr,f267408a71c3dff3867b2f65eaefaf89-2,2026-09-25T06:30:33Z
2024-08-10,manduriacu,670078161,high_res,3,184.784,s3://geoglows-v2-forecasts/2024081000.zarr,f267408a71c3dff3867b2f65eaefaf89-2,2026-09-25T06:30:33Z
2024-08-10,manduriacu,670078161,high_res,4,185.431,s3://geoglows-v2-forecasts/2024081000.zarr,f267408a71c3dff3867b2f65eaefaf89-2,2026-09-25T06:30:33Z
2024-08-10,manduriacu,670078161,high_res,5,194.626,s3://geoglows-v2-forecasts/2024081000.zarr,f267408a71c3dff3867b2f65eaefaf89-2,2026-09-25T06:30:33Z
2024-08-10,manduriacu,670078161,high_res,6,183.203,s3://geoglows-v2-forecasts/2024081000.zarr,f267408a71c3dff3867b2f65eaefaf89-2,2026-09-25T06:30:33Z
2024-08-10,manduriacu,670078161,high_res,7,156.768,s3://geoglows-v2-forecasts/2024081000.zarr,f267408a71c3dff3867b2f65eaefaf89-2,2026-09-25T06:30:33Z
2024-08-10,manduriacu,670078161,high_res,8,140.598,s3://geoglows-v2-forecasts/2024081000.zarr,f267408a71c3dff3867b2f65eaefaf89-2,2026-09-25T06:30:33Z
2024-08-10,manduriacu,670078161,high_res,9,125.95,s3://geoglows-v2-forecasts/2024081000.zarr,f267408a71c3dff3867b2f65eaefaf89-2,2026-09-25T06:30:33Z
2024-08-10,minas_san_francisco,670027091,high_res,1,21.282,s3://geoglows-v2-forecasts/2024081000.zarr,f267408a71c3dff3867b2f65eaefaf89-2,2026-09-25T06:30:33Z
2024-08-10,minas_san_francisco,670027091,high_res,10,15.618,s3://geoglows-v2-forecasts/2024081000.zarr,f267408a71c3dff3867b2f65eaefaf89-2,2026-09-25T06:30:33Z
2024-08-10,minas_san_francisco,670027091,high_res,2,23.232,s3://geoglows-v2-forecasts/2024081000.zarr,f267408a71c3dff3867b2f65eaefaf89-2,2026-09-25T06:30:33Z
2024-08-10,minas_san_francisco,670027091,high_res,3,29.827,s3://geoglows-v2-forecasts/2024081000.zarr,f267408a71c3dff3867b2f65eaefaf89-2,2026-09-25T06:30:33Z
2024-08-10,minas_san_francisco,670027091,high_res,4,32.014,s3://geoglows-v2-forecasts/2024081000.zarr,f267408a71c3dff3867b2f65eaefaf89-2,2026-09-25T06:30:33Z
2024-08-10,minas_san_francisco,670027091,high_res,5,26.324,s3://geoglows-v2-forecasts/2024081000.zarr,f267408a71c3dff3867b2f65eaefaf89-2,2026-09-25T06:30:33Z
2024-08-10,minas_san_francisco,670027091,high_res,6,19.526,s3://geoglows-v2-forecasts/2024081000.zarr,f267408a71c3dff3867b2f65eaefaf89-2,2026-09-25T06:30:33Z
2024-08-10,minas_san_francisco,670027091,high_res,7,16.885,s3://geoglows-v2-forecasts/2024081000.zarr,f267408a71c3dff3867b2f65eaefaf89-2,2026-09-25T06:30:33Z
2024-08-10,minas_san_francisco,670027091,high_res,8,15.886,s3://geoglows-v2-forecasts/2024081000.zarr,f267408a71c3dff3867b2f65eaefaf89-2,2026-09-25T06:30:33Z
2024-08-10,minas_san_francisco,670027091,high_res,9,15.882,s3://geoglows-v2-forecasts/2024081000.zarr,f267408a71c3dff3867b2f65eaefaf89-2,2026-09-25T06:30:33Z
2024-08-11,agoyan,621014469,high_res,1,106.627,s3://geoglows-v2-forecasts/2024081100.zarr,172584077aff4b6ae1aea92bcdb94a4c-2,2026-09-25T06:30:33Z
2024-08-11,agoyan,621014469,high_res,10,94.17,s3://geoglows-v2-forecasts/2024081100.zarr,172584077aff4b6ae1aea92bcdb94a4c-2,2026-09-25T06:30:33Z
2024-08-11,agoyan,621014469,high_res,2,113.342,s3://geoglows-v2-forecasts/2024081100.zarr,172584077aff4b6ae1aea92bcdb94a4c-2,2026-09-25T06:30:33Z
2024-08-11,agoyan,621014469,high_res,3,116.418,s3://geoglows-v2-forecasts/2024081100.zarr,172584077aff4b6ae1aea92bcdb94a4c-2,2026-09-25T06:30:33Z
2024-08-11,agoyan,621014469,high_res,4,116.849,s3://geoglows-v2-forecasts/2024081100.zarr,172584077aff4b6ae1aea92bcdb94a4c-2,2026-09-25T06:30:33Z
2024-08-11,agoyan,621014469,high_res,5,115.181,s3://geoglows-v2-forecasts/2024081100.zarr,172584077aff4b6ae1aea92bcdb94a4c-2,2026-09-25T06:30:33Z
2024-08-11,agoyan,621014469,high_res,6,108.851,s3://geoglows-v2-forecasts/2024081100.zarr,172584077aff4b6ae1aea92bcdb94a4c-2,2026-09-25T06:30:33Z
2024-08-11,agoyan,621014469,high_res,7,103.627,s3://geoglows-v2-forecasts/2024081100.zarr,172584077aff4b6ae1aea92bcdb94a4c-2,2026-09-25T06:30:33Z
2024-08-11,agoyan,621014469,high_res,8,100.928,s3://geoglows-v2-forecasts/2024081100.zarr,172584077aff4b6ae1aea92bcdb94a4c-2,2026-09-25T06:30:33Z
2024-08-11,agoyan,621014469,high_res,9,97.209,s3://geoglows-v2-forecasts/2024081100.zarr,172584077aff4b6ae1aea92bcdb94a4c-2,2026-09-25T06:30:33Z
2024-08-11,manduriacu,670078161,high_res,1,137.016,s3://geoglows-v2-forecasts/2024081100.zarr,172584077aff4b6ae1aea92bcdb94a4c-2,2026-09-25T06:30:33Z
2024-08-11,manduriacu,670078161,high_res,10,103.704,s3://geoglows-v2-forecasts/2024081100.zarr,172584077aff4b6ae1aea92bcdb94a4c-2,2026-09-25T06:30:33Z
2024-08-11,manduriacu,670078161,high_res,2,141.6,s3://geoglows-v2-forecasts/2024081100.zarr,172584077aff4b6ae1aea92bcdb94a4c-2,2026-09-25T06:30:33Z
2024-08-11,manduriacu,670078161,high_res,3,150.406,s3://geoglows-v2-forecasts/2024081100.zarr,172584077aff4b6ae1aea92bcdb94a4c-2,2026-09-25T06:30:33Z
2024-08-11,manduriacu,670078161,high_res,4,152.873,s3://geoglows-v2-forecasts/2024081100.zarr,172584077aff4b6ae1aea92bcdb94a4c-2,2026-09-25T06:30:33Z
2024-08-11,manduriacu,670078161,high_res,5,152.299,s3://geoglows-v2-forecasts/2024081100.zarr,172584077aff4b6ae1aea92bcdb94a4c-2,2026-09-25T06:30:33Z
2024-08-11,manduriacu,670078161,high_res,6,137.112,s3://geoglows-v2-forecasts/2024081100.zarr,172584077aff4b6ae1aea92bcdb94a4c-2,2026-09-25T06:30:33Z
2024-08-11,manduriacu,670078161,high_res,7,124.372,s3://geoglows-v2-forecasts/2024081100.zarr,172584077aff4b6ae1aea92bcdb94a4c-2,2026-09-25T06:30:33Z
2024-08-11,manduriacu,670078161,high_res,8,112.366,s3://geoglows-v2-forecasts/2024081100.zarr,172584077aff4b6ae1aea92bcdb94a4c-2,2026-09-25T06:30:33Z
2024-08-11,manduriacu,670078161,high_res,9,106.17,s3://geoglows-v2-forecasts/2024081100.zarr,172584077aff4b6ae1aea92bcdb94a4c-2,2026-09-25T06:30:33Z
2024-08-11,minas_san_francisco,670027091,high_res,1,22.346,s3://geoglows-v2-forecasts/2024081100.zarr,172584077aff4b6ae1aea92bcdb94a4c-2,2026-09-25T06:30:33Z
2024-08-11,minas_san_francisco,670027091,high_res,10,14.193,s3://geoglows-v2-forecasts/2024081100.zarr,172584077aff4b6ae1aea92bcdb94a4c-2,2026-09-25T06:30:33Z
2024-08-11,minas_san_francisco,670027091,high_res,2,24.165,s3://geoglows-v2-forecasts/2024081100.zarr,172584077aff4b6ae1aea92bcdb94a4c-2,2026-09-25T06:30:33Z
2024-08-11,minas_san_francisco,670027091,high_res,3,23.471,s3://geoglows-v2-forecasts/2024081100.zarr,172584077aff4b6ae1aea92bcdb94a4c-2,2026-09-25T06:30:33Z
2024-08-11,minas_san_francisco,670027091,high_res,4,20.568,s3://geoglows-v2-forecasts/2024081100.zarr,172584077aff4b6ae1aea92bcdb94a4c-2,2026-09-25T06:30:33Z
2024-08-11,minas_san_francisco,670027091,high_res,5,18.184,s3://geoglows-v2-forecasts/2024081100.zarr,172584077aff4b6ae1aea92bcdb94a4c-2,2026-09-25T06:30:33Z
2024-08-11,minas_san_francisco,670027091,high_res,6,16.688,s3://geoglows-v2-forecasts/2024081100.zarr,172584077aff4b6ae1aea92bcdb94a4c-2,2026-09-25T06:30:33Z
2024-08-11,minas_san_francisco,670027091,high_res,7,15.272,s3://geoglows-v2-forecasts/2024081100.zarr,172584077aff4b6ae1aea92bcdb94a4c-2,2026-09-25T06:30:33Z
2024-08-11,minas_san_francisco,670027091,high_res,8,14.937,s3://geoglows-v2-forecasts/2024081100.zarr,172584077aff4b6ae1aea92bcdb94a4c-2,2026-09-25T06:30:33Z
2024-08-11,minas_san_francisco,670027091,high_res,9,14.624,s3://geoglows-v2-forecasts/2024081100.zarr,172584077aff4b6ae1aea92bcdb94a4c-2,2026-09-25T06:30:33Z
2024-08-12,agoyan,621014469,high_res,1,112.605,s3://geoglows-v2-forecasts/2024081200.zarr,a4166198153176ffbbce6b1c1f7b85d2-2,2026-09-25T06:30:33Z
2024-08-12,agoyan,621014469,high_res,10,90.691,s3://geoglows-v2-forecasts/2024081200.zarr,a4166198153176ffbbce6b1c1f7b85d2-2,2026-09-25T06:30:33Z
2024-08-12,agoyan,621014469,high_res,2,115.907,s3://geoglows-v2-forecasts/2024081200.zarr,a4166198153176ffbbce6b1c1f7b85d2-2,2026-09-25T06:30:33Z
2024-08-12,agoyan,621014469,high_res,3,115.229,s3://geoglows-v2-forecasts/2024081200.zarr,a4166198153176ffbbce6b1c1f7b85d2-2,2026-09-25T06:30:33Z
2024-08-12,agoyan,621014469,high_res,4,111.5,s3://geoglows-v2-forecasts/2024081200.zarr,a4166198153176ffbbce6b1c1f7b85d2-2,2026-09-25T06:30:33Z
2024-08-12,agoyan,621014469,high_res,5,108.988,s3://geoglows-v2-forecasts/2024081200.zarr,a4166198153176ffbbce6b1c1f7b85d2-2,2026-09-25T06:30:33Z
2024-08-12,agoyan,621014469,high_res,6,104.292,s3://geoglows-v2-forecasts/2024081200.zarr,a4166198153176ffbbce6b1c1f7b85d2-2,2026-09-25T06:30:33Z
2024-08-12,agoyan,621014469,high_res,7,102.463,s3://geoglows-v2-forecasts/2024081200.zarr,a4166198153176ffbbce6b1c1f7b85d2-2,2026-09-25T06:30:33Z
2024-08-12,agoyan,621014469,high_res,8,97.961,s3://geoglows-v2-forecasts/2024081200.zarr,a4166198153176ffbbce6b1c1f7b85d2-2,2026-09-25T06:30:33Z
2024-08-12,agoyan,621014469,high_res,9,93.427,s3://geoglows-v2-forecasts/2024081200.zarr,a4166198153176ffbbce6b1c1f7b85d2-2,2026-09-25T06:30:33Z
2024-08-12,manduriacu,670078161,high_res,1,142.347,s3://geoglows-v2-forecasts/2024081200.zarr,a4166198153176ffbbce6b1c1f7b85d2-2,2026-09-25T06:30:33Z
2024-08-12,manduriacu,670078161,high_res,10,100.298,s3://geoglows-v2-forecasts/2024081200.zarr,a4166198153176ffbbce6b1c1f7b85d2-2,2026-09-25T06:30:33Z
2024-08-12,manduriacu,670078161,high_res,2,145.269,s3://geoglows-v2-forecasts/2024081200.zarr,a4166198153176ffbbce6b1c1f7b85d2-2,2026-09-25T06:30:33Z
2024-08-12,manduriacu,670078161,high_res,3,137.668,s3://geoglows-v2-forecasts/2024081200.zarr,a4166198153176ffbbce6b1c1f7b85d2-2,2026-09-25T06:30:33Z
2024-08-12,manduriacu,670078161,high_res,4,128.441,s3://geoglows-v2-forecasts/2024081200.zarr,a4166198153176ffbbce6b1c1f7b85d2-2,2026-09-25T06:30:33Z
2024-08-12,manduriacu,670078161,high_res,5,117.404,s3://geoglows-v2-forecasts/2024081200.zarr,a4166198153176ffbbce6b1c1f7b85d2-2,2026-09-25T06:30:33Z
2024-08-12,manduriacu,670078161,high_res,6,114.496,s3://geoglows-v2-forecasts/2024081200.zarr,a4166198153176ffbbce6b1c1f7b85d2-2,2026-09-25T06:30:33Z
2024-08-12,manduriacu,670078161,high_res,7,108.678,s3://geoglows-v2-forecasts/2024081200.zarr,a4166198153176ffbbce6b1c1f7b85d2-2,2026-09-25T06:30:33Z
2024-08-12,manduriacu,670078161,high_res,8,105.654,s3://geoglows-v2-forecasts/2024081200.zarr,a4166198153176ffbbce6b1c1f7b85d2-2,2026-09-25T06:30:33Z
2024-08-12,manduriacu,670078161,high_res,9,100.824,s3://geoglows-v2-forecasts/2024081200.zarr,a4166198153176ffbbce6b1c1f7b85d2-2,2026-09-25T06:30:33Z
2024-08-12,minas_san_francisco,670027091,high_res,1,24.036,s3://geoglows-v2-forecasts/2024081200.zarr,a4166198153176ffbbce6b1c1f7b85d2-2,2026-09-25T06:30:33Z
2024-08-12,minas_san_francisco,670027091,high_res,10,14.675,s3://geoglows-v2-forecasts/2024081200.zarr,a4166198153176ffbbce6b1c1f7b85d2-2,2026-09-25T06:30:33Z
2024-08-12,minas_san_francisco,670027091,high_res,2,21.936,s3://geoglows-v2-forecasts/2024081200.zarr,a4166198153176ffbbce6b1c1f7b85d2-2,2026-09-25T06:30:33Z
2024-08-12,minas_san_francisco,670027091,high_res,3,19.236,s3://geoglows-v2-forecasts/2024081200.zarr,a4166198153176ffbbce6b1c1f7b85d2-2,2026-09-25T06:30:33Z
2024-08-12,minas_san_francisco,670027091,high_res,4,18.921,s3://geoglows-v2-forecasts/2024081200.zarr,a4166198153176ffbbce6b1c1f7b85d2-2,2026-09-25T06:30:33Z
2024-08-12,minas_san_francisco,670027091,high_res,5,18.373,s3://geoglows-v2-forecasts/2024081200.zarr,a4166198153176ffbbce6b1c1f7b85d2-2,2026-09-25T06:30:33Z
2024-08-12,minas_san_francisco,670027091,high_res,6,17.043,s3://geoglows-v2-forecasts/2024081200.zarr,a4166198153176ffbbce6b1c1f7b85d2-2,2026-09-25T06:30:33Z
2024-08-12,minas_san_francisco,670027091,high_res,7,16.253,s3://geoglows-v2-forecasts/2024081200.zarr,a4166198153176ffbbce6b1c1f7b85d2-2,2026-09-25T06:30:33Z
2024-08-12,minas_san_francisco,670027091,high_res,8,16.401,s3://geoglows-v2-forecasts/2024081200.zarr,a4166198153176ffbbce6b1c1f7b85d2-2,2026-09-25T06:30:33Z
2024-08-12,minas_san_francisco,670027091,high_res,9,15.284,s3://geoglows-v2-forecasts/2024081200.zarr,a4166198153176ffbbce6b1c1f7b85d2-2,2026-09-25T06:30:33Z
2024-08-13,agoyan,621014469,high_res,1,113.38,s3://geoglows-v2-forecasts/2024081300.zarr,e2b9d4e2d8b4a3e4a4dda816c6936cd7-2,2026-09-25T06:30:33Z
2024-08-13,agoyan,621014469,high_res,10,91.267,s3://geoglows-v2-forecasts/2024081300.zarr,e2b9d4e2d8b4a3e4a4dda816c6936cd7-2,2026-09-25T06:30:33Z
2024-08-13,agoyan,621014469,high_res,2,112.209,s3://geoglows-v2-forecasts/2024081300.zarr,e2b9d4e2d8b4a3e4a4dda816c6936cd7-2,2026-09-25T06:30:33Z
2024-08-13,agoyan,621014469,high_res,3,108.059,s3://geoglows-v2-forecasts/2024081300.zarr,e2b9d4e2d8b4a3e4a4dda816c6936cd7-2,2026-09-25T06:30:33Z
2024-08-13,agoyan,621014469,high_res,4,106.187,s3://geoglows-v2-forecasts/2024081300.zarr,e2b9d4e2d8b4a3e4a4dda816c6936cd7-2,2026-09-25T06:30:33Z
2024-08-13,agoyan,621014469,high_res,5,105.76,s3://geoglows-v2-forecasts/2024081300.zarr,e2b9d4e2d8b4a3e4a4dda816c6936cd7-2,2026-09-25T06:30:33Z
2024-08-13,agoyan,621014469,high_res,6,107.676,s3://geoglows-v2-forecasts/2024081300.zarr,e2b9d4e2d8b4a3e4a4dda816c6936cd7-2,2026-09-25T06:30:33Z
2024-08-13,agoyan,621014469,high_res,7,104.252,s3://geoglows-v2-forecasts/2024081300.zarr,e2b9d4e2d8b4a3e4a4dda816c6936cd7-2,2026-09-25T06:30:33Z
2024-08-13,agoyan,621014469,high_res,8,100.482,s3://geoglows-v2-forecasts/2024081300.zarr,e2b9d4e2d8b4a3e4a4dda816c6936cd7-2,2026-09-25T06:30:33Z
2024-08-13,agoyan,621014469,high_res,9,94.911,s3://geoglows-v2-forecasts/2024081300.zarr,e2b9d4e2d8b4a3e4a4dda816c6936cd7-2,2026-09-25T06:30:33Z
2024-08-13,manduriacu,670078161,high_res,1,143.513,s3://geoglows-v2-forecasts/2024081300.zarr,e2b9d4e2d8b4a3e4a4dda816c6936cd7-2,2026-09-25T06:30:33Z
2024-08-13,manduriacu,670078161,high_res,10,98.112,s3://geoglows-v2-forecasts/2024081300.zarr,e2b9d4e2d8b4a3e4a4dda816c6936cd7-2,2026-09-25T06:30:33Z
2024-08-13,manduriacu,670078161,high_res,2,133.207,s3://geoglows-v2-forecasts/2024081300.zarr,e2b9d4e2d8b4a3e4a4dda816c6936cd7-2,2026-09-25T06:30:33Z
2024-08-13,manduriacu,670078161,high_res,3,122.709,s3://geoglows-v2-forecasts/2024081300.zarr,e2b9d4e2d8b4a3e4a4dda816c6936cd7-2,2026-09-25T06:30:33Z
2024-08-13,manduriacu,670078161,high_res,4,114.278,s3://geoglows-v2-forecasts/2024081300.zarr,e2b9d4e2d8b4a3e4a4dda816c6936cd7-2,2026-09-25T06:30:33Z
2024-08-13,manduriacu,670078161,high_res,5,115.517,s3://geoglows-v2-forecasts/2024081300.zarr,e2b9d4e2d8b4a3e4a4dda816c6936cd7-2,2026-09-25T06:30:33Z
2024-08-13,manduriacu,670078161,high_res,6,109.611,s3://geoglows-v2-forecasts/2024081300.zarr,e2b9d4e2d8b4a3e4a4dda816c6936cd7-2,2026-09-25T06:30:33Z
2024-08-13,manduriacu,670078161,high_res,7,102.774,s3://geoglows-v2-forecasts/2024081300.zarr,e2b9d4e2d8b4a3e4a4dda816c6936cd7-2,2026-09-25T06:30:33Z
2024-08-13,manduriacu,670078161,high_res,8,99.528,s3://geoglows-v2-forecasts/2024081300.zarr,e2b9d4e2d8b4a3e4a4dda816c6936cd7-2,2026-09-25T06:30:33Z
2024-08-13,manduriacu,670078161,high_res,9,100.916,s3://geoglows-v2-forecasts/2024081300.zarr,e2b9d4e2d8b4a3e4a4dda816c6936cd7-2,2026-09-25T06:30:33Z
2024-08-13,minas_san_francisco,670027091,high_res,1,21.176,s3://geoglows-v2-forecasts/2024081300.zarr,e2b9d4e2d8b4a3e4a4dda816c6936cd7-2,2026-09-25T06:30:33Z
2024-08-13,minas_san_francisco,670027091,high_res,10,13.632,s3://geoglows-v2-forecasts/2024081300.zarr,e2b9d4e2d8b4a3e4a4dda816c6936cd7-2,2026-09-25T06:30:33Z
2024-08-13,minas_san_francisco,670027091,high_res,2,17.892,s3://geoglows-v2-forecasts/2024081300.zarr,e2b9d4e2d8b4a3e4a4dda816c6936cd7-2,2026-09-25T06:30:33Z
2024-08-13,minas_san_francisco,670027091,high_res,3,17.176,s3://geoglows-v2-forecasts/2024081300.zarr,e2b9d4e2d8b4a3e4a4dda816c6936cd7-2,2026-09-25T06:30:33Z
2024-08-13,minas_san_francisco,670027091,high_res,4,17.162,s3://geoglows-v2-forecasts/2024081300.zarr,e2b9d4e2d8b4a3e4a4dda816c6936cd7-2,2026-09-25T06:30:33Z
2024-08-13,minas_san_francisco,670027091,high_res,5,16.095,s3://geoglows-v2-forecasts/2024081300.zarr,e2b9d4e2d8b4a3e4a4dda816c6936cd7-2,2026-09-25T06:30:33Z
2024-08-13,minas_san_francisco,670027091,high_res,6,15.814,s3://geoglows-v2-forecasts/2024081300.zarr,e2b9d4e2d8b4a3e4a4dda816c6936cd7-2,2026-09-25T06:30:33Z
2024-08-13,minas_san_francisco,670027091,high_res,7,15.545,s3://geoglows-v2-forecasts/2024081300.zarr,e2b9d4e2d8b4a3e4a4dda816c6936cd7-2,2026-09-25T06:30:33Z
2024-08-13,minas_san_francisco,670027091,high_res,8,14.552,s3://geoglows-v2-forecasts/2024081300.zarr,e2b9d4e2d8b4a3e4a4dda816c6936cd7-2,2026-09-25T06:30:33Z
2024-08-13,minas_san_francisco,670027091,high_res,9,13.769,s3://geoglows-v2-forecasts/2024081300.zarr,e2b9d4e2d8b4a3e4a4dda816c6936cd7-2,2026-09-25T06:30:33Z
2024-08-14,agoyan,621014469,high_res,1,110.558,s3://geoglows-v2-forecasts/2024081400.zarr,69d657bdbf4d01456e0e8e6afb81e846-2,2026-09-25T06:30:33Z
2024-08-14,agoyan,621014469,high_res,10,84.239,s3://geoglows-v2-forecasts/2024081400.zarr,69d657bdbf4d01456e0e8e6afb81e846-2,2026-09-25T06:30:33Z
2024-08-14,agoyan,621014469,high_res,2,103.873,s3://geoglows-v2-forecasts/2024081400.zarr,69d657bdbf4d01456e0e8e6afb81e846-2,2026-09-25T06:30:33Z
2024-08-14,agoyan,621014469,high_res,3,100.219,s3://geoglows-v2-forecasts/2024081400.zarr,69d657bdbf4d01456e0e8e6afb81e846-2,2026-09-25T06:30:33Z
2024-08-14,agoyan,621014469,high_res,4,98.199,s3://geoglows-v2-forecasts/2024081400.zarr,69d657bdbf4d01456e0e8e6afb81e846-2,2026-09-25T06:30:33Z
2024-08-14,agoyan,621014469,high_res,5,101.136,s3://geoglows-v2-forecasts/2024081400.zarr,69d657bdbf4d01456e0e8e6afb81e846-2,2026-09-25T06:30:33Z
2024-08-14,agoyan,621014469,high_res,6,97.716,s3://geoglows-v2-forecasts/2024081400.zarr,69d657bdbf4d01456e0e8e6afb81e846-2,2026-09-25T06:30:33Z
2024-08-14,agoyan,621014469,high_res,7,95.041,s3://geoglows-v2-forecasts/2024081400.zarr,69d657bdbf4d01456e0e8e6afb81e846-2,2026-09-25T06:30:33Z
2024-08-14,agoyan,621014469,high_res,8,91.581,s3://geoglows-v2-forecasts/2024081400.zarr,69d657bdbf4d01456e0e8e6afb81e846-2,2026-09-25T06:30:33Z
2024-08-14,agoyan,621014469,high_res,9,87.169,s3://geoglows-v2-forecasts/2024081400.zarr,69d657bdbf4d01456e0e8e6afb81e846-2,2026-09-25T06:30:33Z
2024-08-14,manduriacu,670078161,high_res,1,131.167,s3://geoglows-v2-forecasts/2024081400.zarr,69d657bdbf4d01456e0e8e6afb81e846-2,2026-09-25T06:30:33Z
2024-08-14,manduriacu,670078161,high_res,10,95.898,s3://geoglows-v2-forecasts/2024081400.zarr,69d657bdbf4d01456e0e8e6afb81e846-2,2026-09-25T06:30:33Z
2024-08-14,manduriacu,670078161,high_res,2,117.928,s3://geoglows-v2-forecasts/2024081400.zarr,69d657bdbf4d01456e0e8e6afb81e846-2,2026-09-25T06:30:33Z
2024-08-14,manduriacu,670078161,high_res,3,105.438,s3://geoglows-v2-forecasts/2024081400.zarr,69d657bdbf4d01456e0e8e6afb81e846-2,2026-09-25T06:30:33Z
2024-08-14,manduriacu,670078161,high_res,4,101.521,s3://geoglows-v2-forecasts/2024081400.zarr,69d657bdbf4d01456e0e8e6afb81e846-2,2026-09-25T06:30:33Z
2024-08-14,manduriacu,670078161,high_res,5,99.565,s3://geoglows-v2-forecasts/2024081400.zarr,69d657bdbf4d01456e0e8e6afb81e846-2,2026-09-25T06:30:33Z
2024-08-14,manduriacu,670078161,high_res,6,97.39,s3://geoglows-v2-forecasts/2024081400.zarr,69d657bdbf4d01456e0e8e6afb81e846-2,2026-09-25T06:30:33Z
2024-08-14,manduriacu,670078161,high_res,7,94.373,s3://geoglows-v2-forecasts/2024081400.zarr,69d657bdbf4d01456e0e8e6afb81e846-2,2026-09-25T06:30:33Z
2024-08-14,manduriacu,670078161,high_res,8,94.117,s3://geoglows-v2-forecasts/2024081400.zarr,69d657bdbf4d01456e0e8e6afb81e846-2,2026-09-25T06:30:33Z
2024-08-14,manduriacu,670078161,high_res,9,94.368,s3://geoglows-v2-forecasts/2024081400.zarr,69d657bdbf4d01456e0e8e6afb81e846-2,2026-09-25T06:30:33Z
2024-08-14,minas_san_francisco,670027091,high_res,1,17.732,s3://geoglows-v2-forecasts/2024081400.zarr,69d657bdbf4d01456e0e8e6afb81e846-2,2026-09-25T06:30:33Z
2024-08-14,minas_san_francisco,670027091,high_res,10,13.795,s3://geoglows-v2-forecasts/2024081400.zarr,69d657bdbf4d01456e0e8e6afb81e846-2,2026-09-25T06:30:33Z
2024-08-14,minas_san_francisco,670027091,high_res,2,16.72,s3://geoglows-v2-forecasts/2024081400.zarr,69d657bdbf4d01456e0e8e6afb81e846-2,2026-09-25T06:30:33Z
2024-08-14,minas_san_francisco,670027091,high_res,3,17.159,s3://geoglows-v2-forecasts/2024081400.zarr,69d657bdbf4d01456e0e8e6afb81e846-2,2026-09-25T06:30:33Z
2024-08-14,minas_san_francisco,670027091,high_res,4,15.835,s3://geoglows-v2-forecasts/2024081400.zarr,69d657bdbf4d01456e0e8e6afb81e846-2,2026-09-25T06:30:33Z
2024-08-14,minas_san_francisco,670027091,high_res,5,15.333,s3://geoglows-v2-forecasts/2024081400.zarr,69d657bdbf4d01456e0e8e6afb81e846-2,2026-09-25T06:30:33Z
2024-08-14,minas_san_francisco,670027091,high_res,6,15.579,s3://geoglows-v2-forecasts/2024081400.zarr,69d657bdbf4d01456e0e8e6afb81e846-2,2026-09-25T06:30:33Z
2024-08-14,minas_san_francisco,670027091,high_res,7,14.739,s3://geoglows-v2-forecasts/2024081400.zarr,69d657bdbf4d01456e0e8e6afb81e846-2,2026-09-25T06:30:33Z
2024-08-14,minas_san_francisco,670027091,high_res,8,13.899,s3://geoglows-v2-forecasts/2024081400.zarr,69d657bdbf4d01456e0e8e6afb81e846-2,2026-09-25T06:30:33Z
2024-08-14,minas_san_francisco,670027091,high_res,9,13.548,s3://geoglows-v2-forecasts/2024081400.zarr,69d657bdbf4d01456e0e8e6afb81e846-2,2026-09-25T06:30:33Z
2024-08-15,agoyan,621014469,high_res,1,105.934,s3://geoglows-v2-forecasts/2024081500.zarr,584c2b496837baf32580e27f8eebf848-2,2026-09-25T06:30:33Z
2024-08-15,agoyan,621014469,high_res,10,81.574,s3://geoglows-v2-forecasts/2024081500.zarr,584c2b496837baf32580e27f8eebf848-2,2026-09-25T06:30:33Z
2024-08-15,agoyan,621014469,high_res,2,101.398,s3://geoglows-v2-forecasts/2024081500.zarr,584c2b496837baf32580e27f8eebf848-2,2026-09-25T06:30:33Z
2024-08-15,agoyan,621014469,high_res,3,101.388,s3://geoglows-v2-forecasts/2024081500.zarr,584c2b496837baf32580e27f8eebf848-2,2026-09-25T06:30:33Z
2024-08-15,agoyan,621014469,high_res,4,105.053,s3://geoglows-v2-forecasts/2024081500.zarr,584c2b496837baf32580e27f8eebf848-2,2026-09-25T06:30:33Z
2024-08-15,agoyan,621014469,high_res,5,101.808,s3://geoglows-v2-forecasts/2024081500.zarr,584c2b496837baf32580e27f8eebf848-2,2026-09-25T06:30:33Z
2024-08-15,agoyan,621014469,high_res,6,98.705,s3://geoglows-v2-forecasts/2024081500.zarr,584c2b496837baf32580e27f8eebf848-2,2026-09-25T06:30:33Z
2024-08-15,agoyan,621014469,high_res,7,94.146,s3://geoglows-v2-forecasts/2024081500.zarr,584c2b496837baf32580e27f8eebf848-2,2026-09-25T06:30:33Z
2024-08-15,agoyan,621014469,high_res,8,87.704,s3://geoglows-v2-forecasts/2024081500.zarr,584c2b496837baf32580e27f8eebf848-2,2026-09-25T06:30:33Z
2024-08-15,agoyan,621014469,high_res,9,82.9,s3://geoglows-v2-forecasts/2024081500.zarr,584c2b496837baf32580e27f8eebf848-2,2026-09-25T06:30:33Z
2024-08-15,manduriacu,670078161,high_res,1,116.761,s3://geoglows-v2-forecasts/2024081500.zarr,584c2b496837baf32580e27f8eebf848-2,2026-09-25T06:30:33Z
2024-08-15,manduriacu,670078161,high_res,10,104.945,s3://geoglows-v2-forecasts/2024081500.zarr,584c2b496837baf32580e27f8eebf848-2,2026-09-25T06:30:33Z
2024-08-15,manduriacu,670078161,high_res,2,103.241,s3://geoglows-v2-forecasts/2024081500.zarr,584c2b496837baf32580e27f8eebf848-2,2026-09-25T06:30:33Z
2024-08-15,manduriacu,670078161,high_res,3,97.989,s3://geoglows-v2-forecasts/2024081500.zarr,584c2b496837baf32580e27f8eebf848-2,2026-09-25T06:30:33Z
2024-08-15,manduriacu,670078161,high_res,4,95.832,s3://geoglows-v2-forecasts/2024081500.zarr,584c2b496837baf32580e27f8eebf848-2,2026-09-25T06:30:33Z
2024-08-15,manduriacu,670078161,high_res,5,95.928,s3://geoglows-v2-forecasts/2024081500.zarr,584c2b496837baf32580e27f8eebf848-2,2026-09-25T06:30:33Z
2024-08-15,manduriacu,670078161,high_res,6,97.133,s3://geoglows-v2-forecasts/2024081500.zarr,584c2b496837baf32580e27f8eebf848-2,2026-09-25T06:30:33Z
2024-08-15,manduriacu,670078161,high_res,7,97.101,s3://geoglows-v2-forecasts/2024081500.zarr,584c2b496837baf32580e27f8eebf848-2,2026-09-25T06:30:33Z
2024-08-15,manduriacu,670078161,high_res,8,94.487,s3://geoglows-v2-forecasts/2024081500.zarr,584c2b496837baf32580e27f8eebf848-2,2026-09-25T06:30:33Z
2024-08-15,manduriacu,670078161,high_res,9,95.446,s3://geoglows-v2-forecasts/2024081500.zarr,584c2b496837baf32580e27f8eebf848-2,2026-09-25T06:30:33Z
2024-08-15,minas_san_francisco,670027091,high_res,1,16.334,s3://geoglows-v2-forecasts/2024081500.zarr,584c2b496837baf32580e27f8eebf848-2,2026-09-25T06:30:33Z
2024-08-15,minas_san_francisco,670027091,high_res,10,13.434,s3://geoglows-v2-forecasts/2024081500.zarr,584c2b496837baf32580e27f8eebf848-2,2026-09-25T06:30:33Z
2024-08-15,minas_san_francisco,670027091,high_res,2,16.772,s3://geoglows-v2-forecasts/2024081500.zarr,584c2b496837baf32580e27f8eebf848-2,2026-09-25T06:30:33Z
2024-08-15,minas_san_francisco,670027091,high_res,3,15.659,s3://geoglows-v2-forecasts/2024081500.zarr,584c2b496837baf32580e27f8eebf848-2,2026-09-25T06:30:33Z
2024-08-15,minas_san_francisco,670027091,high_res,4,15.236,s3://geoglows-v2-forecasts/2024081500.zarr,584c2b496837baf32580e27f8eebf848-2,2026-09-25T06:30:33Z
2024-08-15,minas_san_francisco,670027091,high_res,5,15.301,s3://geoglows-v2-forecasts/2024081500.zarr,584c2b496837baf32580e27f8eebf848-2,2026-09-25T06:30:33Z
2024-08-15,minas_san_francisco,670027091,high_res,6,14.643,s3://geoglows-v2-forecasts/2024081500.zarr,584c2b496837baf32580e27f8eebf848-2,2026-09-25T06:30:33Z
2024-08-15,minas_san_francisco,670027091,high_res,7,13.976,s3://geoglows-v2-forecasts/2024081500.zarr,584c2b496837baf32580e27f8eebf848-2,2026-09-25T06:30:33Z
2024-08-15,minas_san_francisco,670027091,high_res,8,13.467,s3://geoglows-v2-forecasts/2024081500.zarr,584c2b496837baf32580e27f8eebf848-2,2026-09-25T06:30:33Z
2024-08-15,minas_san_francisco,670027091,high_res,9,13.421,s3://geoglows-v2-forecasts/2024081500.zarr,584c2b496837baf32580e27f8eebf848-2,2026-09-25T06:30:33Z
2024-08-16,agoyan,621014469,high_res,1,99.638,s3://geoglows-v2-forecasts/2024081600.zarr,146f01a98dd1df9c747dd97ff13e3d6a-2,2026-09-25T06:30:37Z
2024-08-16,agoyan,621014469,high_res,10,84.459,s3://geoglows-v2-forecasts/2024081600.zarr,146f01a98dd1df9c747dd97ff13e3d6a-2,2026-09-25T06:30:37Z
2024-08-16,agoyan,621014469,high_res,2,98.003,s3://geoglows-v2-forecasts/2024081600.zarr,146f01a98dd1df9c747dd97ff13e3d6a-2,2026-09-25T06:30:37Z
2024-08-16,agoyan,621014469,high_res,3,99.423,s3://geoglows-v2-forecasts/2024081600.zarr,146f01a98dd1df9c747dd97ff13e3d6a-2,2026-09-25T06:30:37Z
2024-08-16,agoyan,621014469,high_res,4,95.573,s3://geoglows-v2-forecasts/2024081600.zarr,146f01a98dd1df9c747dd97ff13e3d6a-2,2026-09-25T06:30:37Z
2024-08-16,agoyan,621014469,high_res,5,93.081,s3://geoglows-v2-forecasts/2024081600.zarr,146f01a98dd1df9c747dd97ff13e3d6a-2,2026-09-25T06:30:37Z
2024-08-16,agoyan,621014469,high_res,6,89.405,s3://geoglows-v2-forecasts/2024081600.zarr,146f01a98dd1df9c747dd97ff13e3d6a-2,2026-09-25T06:30:37Z
2024-08-16,agoyan,621014469,high_res,7,85.705,s3://geoglows-v2-forecasts/2024081600.zarr,146f01a98dd1df9c747dd97ff13e3d6a-2,2026-09-25T06:30:37Z
2024-08-16,agoyan,621014469,high_res,8,83.06,s3://geoglows-v2-forecasts/2024081600.zarr,146f01a98dd1df9c747dd97ff13e3d6a-2,2026-09-25T06:30:37Z
2024-08-16,agoyan,621014469,high_res,9,82.322,s3://geoglows-v2-forecasts/2024081600.zarr,146f01a98dd1df9c747dd97ff13e3d6a-2,2026-09-25T06:30:37Z
2024-08-16,manduriacu,670078161,high_res,1,102.756,s3://geoglows-v2-forecasts/2024081600.zarr,146f01a98dd1df9c747dd97ff13e3d6a-2,2026-09-25T06:30:37Z
2024-08-16,manduriacu,670078161,high_res,10,108.396,s3://geoglows-v2-forecasts/2024081600.zarr,146f01a98dd1df9c747dd97ff13e3d6a-2,2026-09-25T06:30:37Z
2024-08-16,manduriacu,670078161,high_res,2,96.076,s3://geoglows-v2-forecasts/2024081600.zarr,146f01a98dd1df9c747dd97ff13e3d6a-2,2026-09-25T06:30:37Z
2024-08-16,manduriacu,670078161,high_res,3,94.436,s3://geoglows-v2-forecasts/2024081600.zarr,146f01a98dd1df9c747dd97ff13e3d6a-2,2026-09-25T06:30:37Z
2024-08-16,manduriacu,670078161,high_res,4,95.616,s3://geoglows-v2-forecasts/2024081600.zarr,146f01a98dd1df9c747dd97ff13e3d6a-2,2026-09-25T06:30:37Z
2024-08-16,manduriacu,670078161,high_res,5,94.829,s3://geoglows-v2-forecasts/2024081600.zarr,146f01a98dd1df9c747dd97ff13e3d6a-2,2026-09-25T06:30:37Z
2024-08-16,manduriacu,670078161,high_res,6,94.232,s3://geoglows-v2-forecasts/2024081600.zarr,146f01a98dd1df9c747dd97ff13e3d6a-2,2026-09-25T06:30:37Z
2024-08-16,manduriacu,670078161,high_res,7,95.219,s3://geoglows-v2-forecasts/2024081600.zarr,146f01a98dd1df9c747dd97ff13e3d6a-2,2026-09-25T06:30:37Z
2024-08-16,manduriacu,670078161,high_res,8,95.952,s3://geoglows-v2-forecasts/2024081600.zarr,146f01a98dd1df9c747dd97ff13e3d6a-2,2026-09-25T06:30:37Z
2024-08-16,manduriacu,670078161,high_res,9,95.62,s3://geoglows-v2-forecasts/2024081600.zarr,146f01a98dd1df9c747dd97ff13e3d6a-2,2026-09-25T06:30:37Z
2024-08-16,minas_san_francisco,670027091,high_res,1,16.45,s3://geoglows-v2-forecasts/2024081600.zarr,146f01a98dd1df9c747dd97ff13e3d6a-2,2026-09-25T06:30:37Z
2024-08-16,minas_san_francisco,670027091,high_res,10,13.713,s3://geoglows-v2-forecasts/2024081600.zarr,146f01a98dd1df9c747dd97ff13e3d6a-2,2026-09-25T06:30:37Z
2024-08-16,minas_san_francisco,670027091,high_res,2,15.211,s3://geoglows-v2-forecasts/2024081600.zarr,146f01a98dd1df9c747dd97ff13e3d6a-2,2026-09-25T06:30:37Z
2024-08-16,minas_san_francisco,670027091,high_res,3,14.607,s3://geoglows-v2-forecasts/2024081600.zarr,146f01a98dd1df9c747dd97ff13e3d6a-2,2026-09-25T06:30:37Z
2024-08-16,minas_san_francisco,670027091,high_res,4,15.038,s3://geoglows-v2-forecasts/2024081600.zarr,146f01a98dd1df9c747dd97ff13e3d6a-2,2026-09-25T06:30:37Z
2024-08-16,minas_san_francisco,670027091,high_res,5,14.376,s3://geoglows-v2-forecasts/2024081600.zarr,146f01a98dd1df9c747dd97ff13e3d6a-2,2026-09-25T06:30:37Z
2024-08-16,minas_san_francisco,670027091,high_res,6,13.724,s3://geoglows-v2-forecasts/2024081600.zarr,146f01a98dd1df9c747dd97ff13e3d6a-2,2026-09-25T06:30:37Z
2024-08-16,minas_san_francisco,670027091,high_res,7,13.38,s3://geoglows-v2-forecasts/2024081600.zarr,146f01a98dd1df9c747dd97ff13e3d6a-2,2026-09-25T06:30:37Z
2024-08-16,minas_san_francisco,670027091,high_res,8,13.472,s3://geoglows-v2-forecasts/2024081600.zarr,146f01a98dd1df9c747dd97ff13e3d6a-2,2026-09-25T06:30:37Z
2024-08-16,minas_san_francisco,670027091,high_res,9,13.432,s3://geoglows-v2-forecasts/2024081600.zarr,146f01a98dd1df9c747dd97ff13e3d6a-2,2026-09-25T06:30:37Z
2024-08-17,agoyan,621014469,high_res,1,97.005,s3://geoglows-v2-forecasts/2024081700.zarr,7bea8f95d0d06f2ec49db3f1119aa1f4-2,2026-09-25T06:30:37Z
2024-08-17,agoyan,621014469,high_res,10,100.417,s3://geoglows-v2-forecasts/2024081700.zarr,7bea8f95d0d06f2ec49db3f1119aa1f4-2,2026-09-25T06:30:37Z
2024-08-17,agoyan,621014469,high_res,2,97.277,s3://geoglows-v2-forecasts/2024081700.zarr,7bea8f95d0d06f2ec49db3f1119aa1f4-2,2026-09-25T06:30:37Z
2024-08-17,agoyan,621014469,high_res,3,96.153,s3://geoglows-v2-forecasts/2024081700.zarr,7bea8f95d0d06f2ec49db3f1119aa1f4-2,2026-09-25T06:30:37Z
2024-08-17,agoyan,621014469,high_res,4,93.225,s3://geoglows-v2-forecasts/2024081700.zarr,7bea8f95d0d06f2ec49db3f1119aa1f4-2,2026-09-25T06:30:37Z
2024-08-17,agoyan,621014469,high_res,5,90.733,s3://geoglows-v2-forecasts/2024081700.zarr,7bea8f95d0d06f2ec49db3f1119aa1f4-2,2026-09-25T06:30:37Z
2024-08-17,agoyan,621014469,high_res,6,88.409,s3://geoglows-v2-forecasts/2024081700.zarr,7bea8f95d0d06f2ec49db3f1119aa1f4-2,2026-09-25T06:30:37Z
2024-08-17,agoyan,621014469,high_res,7,86.444,s3://geoglows-v2-forecasts/2024081700.zarr,7bea8f95d0d06f2ec49db3f1119aa1f4-2,2026-09-25T06:30:37Z
2024-08-17,agoyan,621014469,high_res,8,89.282,s3://geoglows-v2-forecasts/2024081700.zarr,7bea8f95d0d06f2ec49db3f1119aa1f4-2,2026-09-25T06:30:37Z
2024-08-17,agoyan,621014469,high_res,9,92.152,s3://geoglows-v2-forecasts/2024081700.zarr,7bea8f95d0d06f2ec49db3f1119aa1f4-2,2026-09-25T06:30:37Z
2024-08-17,manduriacu,670078161,high_res,1,94.083,s3://geoglows-v2-forecasts/2024081700.zarr,7bea8f95d0d06f2ec49db3f1119aa1f4-2,2026-09-25T06:30:37Z
2024-08-17,manduriacu,670078161,high_res,10,118.92,s3://geoglows-v2-forecasts/2024081700.zarr,7bea8f95d0d06f2ec49db3f1119aa1f4-2,2026-09-25T06:30:37Z
2024-08-17,manduriacu,670078161,high_res,2,90.447,s3://geoglows-v2-forecasts/2024081700.zarr,7bea8f95d0d06f2ec49db3f1119aa1f4-2,2026-09-25T06:30:37Z
2024-08-17,manduriacu,670078161,high_res,3,91.044,s3://geoglows-v2-forecasts/2024081700.zarr,7bea8f95d0d06f2ec49db3f1119aa1f4-2,2026-09-25T06:30:37Z
2024-08-17,manduriacu,670078161,high_res,4,91.856,s3://geoglows-v2-forecasts/2024081700.zarr,7bea8f95d0d06f2ec49db3f1119aa1f4-2,2026-09-25T06:30:37Z
2024-08-17,manduriacu,670078161,high_res,5,93.522,s3://geoglows-v2-forecasts/2024081700.zarr,7bea8f95d0d06f2ec49db3f1119aa1f4-2,2026-09-25T06:30:37Z
2024-08-17,manduriacu,670078161,high_res,6,91.939,s3://geoglows-v2-forecasts/2024081700.zarr,7bea8f95d0d06f2ec49db3f1119aa1f4-2,2026-09-25T06:30:37Z
2024-08-17,manduriacu,670078161,high_res,7,93.064,s3://geoglows-v2-forecasts/2024081700.zarr,7bea8f95d0d06f2ec49db3f1119aa1f4-2,2026-09-25T06:30:37Z
2024-08-17,manduriacu,670078161,high_res,8,109.859,s3://geoglows-v2-forecasts/2024081700.zarr,7bea8f95d0d06f2ec49db3f1119aa1f4-2,2026-09-25T06:30:37Z
2024-08-17,manduriacu,670078161,high_res,9,121.624,s3://geoglows-v2-forecasts/2024081700.zarr,7bea8f95d0d06f2ec49db3f1119aa1f4-2,2026-09-25T06:30:37Z
2024-08-17,minas_san_francisco,670027091,high_res,1,14.978,s3://geoglows-v2-forecasts/2024081700.zarr,7bea8f95d0d06f2ec49db3f1119aa1f4-2,2026-09-25T06:30:37Z
2024-08-17,minas_san_francisco,670027091,high_res,10,17.011,s3://geoglows-v2-forecasts/2024081700.zarr,7bea8f95d0d06f2ec49db3f1119aa1f4-2,2026-09-25T06:30:37Z
2024-08-17,minas_san_francisco,670027091,high_res,2,14.145,s3://geoglows-v2-forecasts/2024081700.zarr,7bea8f95d0d06f2ec49db3f1119aa1f4-2,2026-09-25T06:30:37Z
2024-08-17,minas_san_francisco,670027091,high_res,3,14.736,s3://geoglows-v2-forecasts/2024081700.zarr,7bea8f95d0d06f2ec49db3f1119aa1f4-2,2026-09-25T06:30:37Z
2024-08-17,minas_san_francisco,670027091,high_res,4,14.508,s3://geoglows-v2-forecasts/2024081700.zarr,7bea8f95d0d06f2ec49db3f1119aa1f4-2,2026-09-25T06:30:37Z
2024-08-17,minas_san_francisco,670027091,high_res,5,13.807,s3://geoglows-v2-forecasts/2024081700.zarr,7bea8f95d0d06f2ec49db3f1119aa1f4-2,2026-09-25T06:30:37Z
2024-08-17,minas_san_francisco,670027091,high_res,6,13.674,s3://geoglows-v2-forecasts/2024081700.zarr,7bea8f95d0d06f2ec49db3f1119aa1f4-2,2026-09-25T06:30:37Z
2024-08-17,minas_san_francisco,670027091,high_res,7,14.219,s3://geoglows-v2-forecasts/2024081700.zarr,7bea8f95d0d06f2ec49db3f1119aa1f4-2,2026-09-25T06:30:37Z
2024-08-17,minas_san_francisco,670027091,high_res,8,14.231,s3://geoglows-v2-forecasts/2024081700.zarr,7bea8f95d0d06f2ec49db3f1119aa1f4-2,2026-09-25T06:30:37Z
2024-08-17,minas_san_francisco,670027091,high_res,9,14.925,s3://geoglows-v2-forecasts/2024081700.zarr,7bea8f95d0d06f2ec49db3f1119aa1f4-2,2026-09-25T06:30:37Z
2024-08-18,agoyan,621014469,high_res,1,95.898,s3://geoglows-v2-forecasts/2024081800.zarr,a53b922d15646c8c04aba2a30fb7c665-2,2026-09-25T06:30:37Z
2024-08-18,agoyan,621014469,high_res,10,109.061,s3://geoglows-v2-forecasts/2024081800.zarr,a53b922d15646c8c04aba2a30fb7c665-2,2026-09-25T06:30:37Z
2024-08-18,agoyan,621014469,high_res,2,93.748,s3://geoglows-v2-forecasts/2024081800.zarr,a53b922d15646c8c04aba2a30fb7c665-2,2026-09-25T06:30:37Z
2024-08-18,agoyan,621014469,high_res,3,90.195,s3://geoglows-v2-forecasts/2024081800.zarr,a53b922d15646c8c04aba2a30fb7c665-2,2026-09-25T06:30:37Z
2024-08-18,agoyan,621014469,high_res,4,89.919,s3://geoglows-v2-forecasts/2024081800.zarr,a53b922d15646c8c04aba2a30fb7c665-2,2026-09-25T06:30:37Z
2024-08-18,agoyan,621014469,high_res,5,89.82,s3://geoglows-v2-forecasts/2024081800.zarr,a53b922d15646c8c04aba2a30fb7c665-2,2026-09-25T06:30:37Z
2024-08-18,agoyan,621014469,high_res,6,89.481,s3://geoglows-v2-forecasts/2024081800.zarr,a53b922d15646c8c04aba2a30fb7c665-2,2026-09-25T06:30:37Z
2024-08-18,agoyan,621014469,high_res,7,87.887,s3://geoglows-v2-forecasts/2024081800.zarr,a53b922d15646c8c04aba2a30fb7c665-2,2026-09-25T06:30:37Z
2024-08-18,agoyan,621014469,high_res,8,93.093,s3://geoglows-v2-forecasts/2024081800.zarr,a53b922d15646c8c04aba2a30fb7c665-2,2026-09-25T06:30:37Z
2024-08-18,agoyan,621014469,high_res,9,101.53,s3://geoglows-v2-forecasts/2024081800.zarr,a53b922d15646c8c04aba2a30fb7c665-2,2026-09-25T06:30:37Z
2024-08-18,manduriacu,670078161,high_res,1,88.286,s3://geoglows-v2-forecasts/2024081800.zarr,a53b922d15646c8c04aba2a30fb7c665-2,2026-09-25T06:30:37Z
2024-08-18,manduriacu,670078161,high_res,10,140.316,s3://geoglows-v2-forecasts/2024081800.zarr,a53b922d15646c8c04aba2a30fb7c665-2,2026-09-25T06:30:37Z
2024-08-18,manduriacu,670078161,high_res,2,85.27,s3://geoglows-v2-forecasts/2024081800.zarr,a53b922d15646c8c04aba2a30fb7c665-2,2026-09-25T06:30:37Z
2024-08-18,manduriacu,670078161,high_res,3,87.999,s3://geoglows-v2-forecasts/2024081800.zarr,a53b922d15646c8c04aba2a30fb7c665-2,2026-09-25T06:30:37Z
2024-08-18,manduriacu,670078161,high_res,4,89.561,s3://geoglows-v2-forecasts/2024081800.zarr,a53b922d15646c8c04aba2a30fb7c665-2,2026-09-25T06:30:37Z
2024-08-18,manduriacu,670078161,high_res,5,91.405,s3://geoglows-v2-forecasts/2024081800.zarr,a53b922d15646c8c04aba2a30fb7c665-2,2026-09-25T06:30:37Z
2024-08-18,manduriacu,670078161,high_res,6,95.618,s3://geoglows-v2-forecasts/2024081800.zarr,a53b922d15646c8c04aba2a30fb7c665-2,2026-09-25T06:30:37Z
2024-08-18,manduriacu,670078161,high_res,7,102.794,s3://geoglows-v2-forecasts/2024081800.zarr,a53b922d15646c8c04aba2a30fb7c665-2,2026-09-25T06:30:37Z
2024-08-18,manduriacu,670078161,high_res,8,112.673,s3://geoglows-v2-forecasts/2024081800.zarr,a53b922d15646c8c04aba2a30fb7c665-2,2026-09-25T06:30:37Z
2024-08-18,manduriacu,670078161,high_res,9,110.144,s3://geoglows-v2-forecasts/2024081800.zarr,a53b922d15646c8c04aba2a30fb7c665-2,2026-09-25T06:30:37Z
2024-08-18,minas_san_francisco,670027091,high_res,1,13.814,s3://geoglows-v2-forecasts/2024081800.zarr,a53b922d15646c8c04aba2a30fb7c665-2,2026-09-25T06:30:37Z
2024-08-18,minas_san_francisco,670027091,high_res,10,16.45,s3://geoglows-v2-forecasts/2024081800.zarr,a53b922d15646c8c04aba2a30fb7c665-2,2026-09-25T06:30:37Z
2024-08-18,minas_san_francisco,670027091,high_res,2,14.179,s3://geoglows-v2-forecasts/2024081800.zarr,a53b922d15646c8c04aba2a30fb7c665-2,2026-09-25T06:30:37Z
2024-08-18,minas_san_francisco,670027091,high_res,3,13.878,s3://geoglows-v2-forecasts/2024081800.zarr,a53b922d15646c8c04aba2a30fb7c665-2,2026-09-25T06:30:37Z
2024-08-18,minas_san_francisco,670027091,high_res,4,13.575,s3://geoglows-v2-forecasts/2024081800.zarr,a53b922d15646c8c04aba2a30fb7c665-2,2026-09-25T06:30:37Z
2024-08-18,minas_san_francisco,670027091,high_res,5,13.58,s3://geoglows-v2-forecasts/2024081800.zarr,a53b922d15646c8c04aba2a30fb7c665-2,2026-09-25T06:30:37Z
2024-08-18,minas_san_francisco,670027091,high_res,6,13.828,s3://geoglows-v2-forecasts/2024081800.zarr,a53b922d15646c8c04aba2a30fb7c665-2,2026-09-25T06:30:37Z
2024-08-18,minas_san_francisco,670027091,high_res,7,14.127,s3://geoglows-v2-forecasts/2024081800.zarr,a53b922d15646c8c04aba2a30fb7c665-2,2026-09-25T06:30:37Z
2024-08-18,minas_san_francisco,670027091,high_res,8,14.956,s3://geoglows-v2-forecasts/2024081800.zarr,a53b922d15646c8c04aba2a30fb7c665-2,2026-09-25T06:30:37Z
2024-08-18,minas_san_francisco,670027091,high_res,9,18.651,s3://geoglows-v2-forecasts/2024081800.zarr,a53b922d15646c8c04aba2a30fb7c665-2,2026-09-25T06:30:37Z
2024-08-19,agoyan,621014469,high_res,1,93.37,s3://geoglows-v2-forecasts/2024081900.zarr,9ed60c73cc8cd8e158873a8f51c89496-2,2026-09-25T06:30:38Z
2024-08-19,agoyan,621014469,high_res,10,123.239,s3://geoglows-v2-forecasts/2024081900.zarr,9ed60c73cc8cd8e158873a8f51c89496-2,2026-09-25T06:30:38Z
2024-08-19,agoyan,621014469,high_res,2,88.259,s3://geoglows-v2-forecasts/2024081900.zarr,9ed60c73cc8cd8e158873a8f51c89496-2,2026-09-25T06:30:38Z
2024-08-19,agoyan,621014469,high_res,3,87.444,s3://geoglows-v2-forecasts/2024081900.zarr,9ed60c73cc8cd8e158873a8f51c89496-2,2026-09-25T06:30:38Z
2024-08-19,agoyan,621014469,high_res,4,87.434,s3://geoglows-v2-forecasts/2024081900.zarr,9ed60c73cc8cd8e158873a8f51c89496-2,2026-09-25T06:30:38Z
2024-08-19,agoyan,621014469,high_res,5,87.01,s3://geoglows-v2-forecasts/2024081900.zarr,9ed60c73cc8cd8e158873a8f51c89496-2,2026-09-25T06:30:38Z
2024-08-19,agoyan,621014469,high_res,6,85.662,s3://geoglows-v2-forecasts/2024081900.zarr,9ed60c73cc8cd8e158873a8f51c89496-2,2026-09-25T06:30:38Z
2024-08-19,agoyan,621014469,high_res,7,84.069,s3://geoglows-v2-forecasts/2024081900.zarr,9ed60c73cc8cd8e158873a8f51c89496-2,2026-09-25T06:30:38Z
2024-08-19,agoyan,621014469,high_res,8,92.938,s3://geoglows-v2-forecasts/2024081900.zarr,9ed60c73cc8cd8e158873a8f51c89496-2,2026-09-25T06:30:38Z
2024-08-19,agoyan,621014469,high_res,9,110.74,s3://geoglows-v2-forecasts/2024081900.zarr,9ed60c73cc8cd8e158873a8f51c89496-2,2026-09-25T06:30:38Z
2024-08-19,manduriacu,670078161,high_res,1,84.301,s3://geoglows-v2-forecasts/2024081900.zarr,9ed60c73cc8cd8e158873a8f51c89496-2,2026-09-25T06:30:38Z
2024-08-19,manduriacu,670078161,high_res,10,130.884,s3://geoglows-v2-forecasts/2024081900.zarr,9ed60c73cc8cd8e158873a8f51c89496-2,2026-09-25T06:30:38Z
2024-08-19,manduriacu,670078161,high_res,2,83.758,s3://geoglows-v2-forecasts/2024081900.zarr,9ed60c73cc8cd8e158873a8f51c89496-2,2026-09-25T06:30:38Z
2024-08-19,manduriacu,670078161,high_res,3,86.876,s3://geoglows-v2-forecasts/2024081900.zarr,9ed60c73cc8cd8e158873a8f51c89496-2,2026-09-25T06:30:38Z
2024-08-19,manduriacu,670078161,high_res,4,88.522,s3://geoglows-v2-forecasts/2024081900.zarr,9ed60c73cc8cd8e158873a8f51c89496-2,2026-09-25T06:30:38Z
2024-08-19,manduriacu,670078161,high_res,5,98.459,s3://geoglows-v2-forecasts/2024081900.zarr,9ed60c73cc8cd8e158873a8f51c89496-2,2026-09-25T06:30:38Z
2024-08-19,manduriacu,670078161,high_res,6,105.493,s3://geoglows-v2-forecasts/2024081900.zarr,9ed60c73cc8cd8e158873a8f51c89496-2,2026-09-25T06:30:38Z
2024-08-19,manduriacu,670078161,high_res,7,118.408,s3://geoglows-v2-forecasts/2024081900.zarr,9ed60c73cc8cd8e158873a8f51c89496-2,2026-09-25T06:30:38Z
2024-08-19,manduriacu,670078161,high_res,8,119.127,s3://geoglows-v2-forecasts/2024081900.zarr,9ed60c73cc8cd8e158873a8f51c89496-2,2026-09-25T06:30:38Z
2024-08-19,manduriacu,670078161,high_res,9,131.625,s3://geoglows-v2-forecasts/2024081900.zarr,9ed60c73cc8cd8e158873a8f51c89496-2,2026-09-25T06:30:38Z
2024-08-19,minas_san_francisco,670027091,high_res,1,13.842,s3://geoglows-v2-forecasts/2024081900.zarr,9ed60c73cc8cd8e158873a8f51c89496-2,2026-09-25T06:30:38Z
2024-08-19,minas_san_francisco,670027091,high_res,10,27.892,s3://geoglows-v2-forecasts/2024081900.zarr,9ed60c73cc8cd8e158873a8f51c89496-2,2026-09-25T06:30:38Z
2024-08-19,minas_san_francisco,670027091,high_res,2,13.482,s3://geoglows-v2-forecasts/2024081900.zarr,9ed60c73cc8cd8e158873a8f51c89496-2,2026-09-25T06:30:38Z
2024-08-19,minas_san_francisco,670027091,high_res,3,13.117,s3://geoglows-v2-forecasts/2024081900.zarr,9ed60c73cc8cd8e158873a8f51c89496-2,2026-09-25T06:30:38Z
2024-08-19,minas_san_francisco,670027091,high_res,4,13.529,s3://geoglows-v2-forecasts/2024081900.zarr,9ed60c73cc8cd8e158873a8f51c89496-2,2026-09-25T06:30:38Z
2024-08-19,minas_san_francisco,670027091,high_res,5,14.096,s3://geoglows-v2-forecasts/2024081900.zarr,9ed60c73cc8cd8e158873a8f51c89496-2,2026-09-25T06:30:38Z
2024-08-19,minas_san_francisco,670027091,high_res,6,14.308,s3://geoglows-v2-forecasts/2024081900.zarr,9ed60c73cc8cd8e158873a8f51c89496-2,2026-09-25T06:30:38Z
2024-08-19,minas_san_francisco,670027091,high_res,7,15.08,s3://geoglows-v2-forecasts/2024081900.zarr,9ed60c73cc8cd8e158873a8f51c89496-2,2026-09-25T06:30:38Z
2024-08-19,minas_san_francisco,670027091,high_res,8,17.887,s3://geoglows-v2-forecasts/2024081900.zarr,9ed60c73cc8cd8e158873a8f51c89496-2,2026-09-25T06:30:38Z
2024-08-19,minas_san_francisco,670027091,high_res,9,20.812,s3://geoglows-v2-forecasts/2024081900.zarr,9ed60c73cc8cd8e158873a8f51c89496-2,2026-09-25T06:30:38Z
2024-08-20,agoyan,621014469,high_res,1,88.637,s3://geoglows-v2-forecasts/2024082000.zarr,3c7331ae4f6518b7222a0cc30df0ade3-2,2026-09-25T06:30:37Z
2024-08-20,agoyan,621014469,high_res,10,97.103,s3://geoglows-v2-forecasts/2024082000.zarr,3c7331ae4f6518b7222a0cc30df0ade3-2,2026-09-25T06:30:37Z
2024-08-20,agoyan,621014469,high_res,2,90.229,s3://geoglows-v2-forecasts/2024082000.zarr,3c7331ae4f6518b7222a0cc30df0ade3-2,2026-09-25T06:30:37Z
2024-08-20,agoyan,621014469,high_res,3,90.485,s3://geoglows-v2-forecasts/2024082000.zarr,3c7331ae4f6518b7222a0cc30df0ade3-2,2026-09-25T06:30:37Z
2024-08-20,agoyan,621014469,high_res,4,91.5,s3://geoglows-v2-forecasts/2024082000.zarr,3c7331ae4f6518b7222a0cc30df0ade3-2,2026-09-25T06:30:37Z
2024-08-20,agoyan,621014469,high_res,5,90.15,s3://geoglows-v2-forecasts/2024082000.zarr,3c7331ae4f6518b7222a0cc30df0ade3-2,2026-09-25T06:30:37Z
2024-08-20,agoyan,621014469,high_res,6,88.939,s3://geoglows-v2-forecasts/2024082000.zarr,3c7331ae4f6518b7222a0cc30df0ade3-2,2026-09-25T06:30:37Z
2024-08-20,agoyan,621014469,high_res,7,88.213,s3://geoglows-v2-forecasts/2024082000.zarr,3c7331ae4f6518b7222a0cc30df0ade3-2,2026-09-25T06:30:37Z
2024-08-20,agoyan,621014469,high_res,8,90.014,s3://geoglows-v2-forecasts/2024082000.zarr,3c7331ae4f6518b7222a0cc30df0ade3-2,2026-09-25T06:30:37Z
2024-08-20,agoyan,621014469,high_res,9,93.11,s3://geoglows-v2-forecasts/2024082000.zarr,3c7331ae4f6518b7222a0cc30df0ade3-2,2026-09-25T06:30:37Z
2024-08-20,manduriacu,670078161,high_res,1,81.341,s3://geoglows-v2-forecasts/2024082000.zarr,3c7331ae4f6518b7222a0cc30df0ade3-2,2026-09-25T06:30:37Z
2024-08-20,manduriacu,670078161,high_res,10,109.904,s3://geoglows-v2-forecasts/2024082000.zarr,3c7331ae4f6518b7222a0cc30df0ade3-2,2026-09-25T06:30:37Z
2024-08-20,manduriacu,670078161,high_res,2,81.622,s3://geoglows-v2-forecasts/2024082000.zarr,3c7331ae4f6518b7222a0cc30df0ade3-2,2026-09-25T06:30:37Z
2024-08-20,manduriacu,670078161,high_res,3,83.993,s3://geoglows-v2-forecasts/2024082000.zarr,3c7331ae4f6518b7222a0cc30df0ade3-2,2026-09-25T06:30:37Z
2024-08-20,manduriacu,670078161,high_res,4,92.061,s3://geoglows-v2-forecasts/2024082000.zarr,3c7331ae4f6518b7222a0cc30df0ade3-2,2026-09-25T06:30:37Z
2024-08-20,manduriacu,670078161,high_res,5,108.327,s3://geoglows-v2-forecasts/2024082000.zarr,3c7331ae4f6518b7222a0cc30df0ade3-2,2026-09-25T06:30:37Z
2024-08-20,manduriacu,670078161,high_res,6,112.87,s3://geoglows-v2-forecasts/2024082000.zarr,3c7331ae4f6518b7222a0cc30df0ade3-2,2026-09-25T06:30:37Z
2024-08-20,manduriacu,670078161,high_res,7,106.091,s3://geoglows-v2-forecasts/2024082000.zarr,3c7331ae4f6518b7222a0cc30df0ade3-2,2026-09-25T06:30:37Z
2024-08-20,manduriacu,670078161,high_res,8,107.461,s3://geoglows-v2-forecasts/2024082000.zarr,3c7331ae4f6518b7222a0cc30df0ade3-2,2026-09-25T06:30:37Z
2024-08-20,manduriacu,670078161,high_res,9,107.244,s3://geoglows-v2-forecasts/2024082000.zarr,3c7331ae4f6518b7222a0cc30df0ade3-2,2026-09-25T06:30:37Z
2024-08-20,minas_san_francisco,670027091,high_res,1,13.195,s3://geoglows-v2-forecasts/2024082000.zarr,3c7331ae4f6518b7222a0cc30df0ade3-2,2026-09-25T06:30:37Z
2024-08-20,minas_san_francisco,670027091,high_res,10,16.448,s3://geoglows-v2-forecasts/2024082000.zarr,3c7331ae4f6518b7222a0cc30df0ade3-2,2026-09-25T06:30:37Z
2024-08-20,minas_san_francisco,670027091,high_res,2,12.69,s3://geoglows-v2-forecasts/2024082000.zarr,3c7331ae4f6518b7222a0cc30df0ade3-2,2026-09-25T06:30:37Z
2024-08-20,minas_san_francisco,670027091,high_res,3,13.307,s3://geoglows-v2-forecasts/2024082000.zarr,3c7331ae4f6518b7222a0cc30df0ade3-2,2026-09-25T06:30:37Z
2024-08-20,minas_san_francisco,670027091,high_res,4,14.599,s3://geoglows-v2-forecasts/2024082000.zarr,3c7331ae4f6518b7222a0cc30df0ade3-2,2026-09-25T06:30:37Z
2024-08-20,minas_san_francisco,670027091,high_res,5,15.211,s3://geoglows-v2-forecasts/2024082000.zarr,3c7331ae4f6518b7222a0cc30df0ade3-2,2026-09-25T06:30:37Z
2024-08-20,minas_san_francisco,670027091,high_res,6,14.353,s3://geoglows-v2-forecasts/2024082000.zarr,3c7331ae4f6518b7222a0cc30df0ade3-2,2026-09-25T06:30:37Z
2024-08-20,minas_san_francisco,670027091,high_res,7,14.138,s3://geoglows-v2-forecasts/2024082000.zarr,3c7331ae4f6518b7222a0cc30df0ade3-2,2026-09-25T06:30:37Z
2024-08-20,minas_san_francisco,670027091,high_res,8,14.079,s3://geoglows-v2-forecasts/2024082000.zarr,3c7331ae4f6518b7222a0cc30df0ade3-2,2026-09-25T06:30:37Z
2024-08-20,minas_san_francisco,670027091,high_res,9,14.79,s3://geoglows-v2-forecasts/2024082000.zarr,3c7331ae4f6518b7222a0cc30df0ade3-2,2026-09-25T06:30:37Z
2024-08-21,agoyan,621014469,high_res,1,86.771,s3://geoglows-v2-forecasts/2024082100.zarr,6576e916c9e16c3851f33705621bcc4d-2,2026-09-25T06:30:37Z
2024-08-21,agoyan,621014469,high_res,10,100.116,s3://geoglows-v2-forecasts/2024082100.zarr,6576e916c9e16c3851f33705621bcc4d-2,2026-09-25T06:30:37Z
2024-08-21,agoyan,621014469,high_res,2,86.29,s3://geoglows-v2-forecasts/2024082100.zarr,6576e916c9e16c3851f33705621bcc4d-2,2026-09-25T06:30:37Z
2024-08-21,agoyan,621014469,high_res,3,87.137,s3://geoglows-v2-forecasts/2024082100.zarr,6576e916c9e16c3851f33705621bcc4d-2,2026-09-25T06:30:37Z
2024-08-21,agoyan,621014469,high_res,4,85.716,s3://geoglows-v2-forecasts/2024082100.zarr,6576e916c9e16c3851f33705621bcc4d-2,2026-09-25T06:30:37Z
2024-08-21,agoyan,621014469,high_res,5,85.125,s3://geoglows-v2-forecasts/2024082100.zarr,6576e916c9e16c3851f33705621bcc4d-2,2026-09-25T06:30:37Z
2024-08-21,agoyan,621014469,high_res,6,84.834,s3://geoglows-v2-forecasts/2024082100.zarr,6576e916c9e16c3851f33705621bcc4d-2,2026-09-25T06:30:37Z
2024-08-21,agoyan,621014469,high_res,7,91.865,s3://geoglows-v2-forecasts/2024082100.zarr,6576e916c9e16c3851f33705621bcc4d-2,2026-09-25T06:30:37Z
2024-08-21,agoyan,621014469,high_res,8,101.96,s3://geoglows-v2-forecasts/2024082100.zarr,6576e916c9e16c3851f33705621bcc4d-2,2026-09-25T06:30:37Z
2024-08-21,agoyan,621014469,high_res,9,105.325,s3://geoglows-v2-forecasts/2024082100.zarr,6576e916c9e16c3851f33705621bcc4d-2,2026-09-25T06:30:37Z
2024-08-21,manduriacu,670078161,high_res,1,79.658,s3://geoglows-v2-forecasts/2024082100.zarr,6576e916c9e16c3851f33705621bcc4d-2,2026-09-25T06:30:37Z
2024-08-21,manduriacu,670078161,high_res,10,119.223,s3://geoglows-v2-forecasts/2024082100.zarr,6576e916c9e16c3851f33705621bcc4d-2,2026-09-25T06:30:37Z
2024-08-21,manduriacu,670078161,high_res,2,79.82,s3://geoglows-v2-forecasts/2024082100.zarr,6576e916c9e16c3851f33705621bcc4d-2,2026-09-25T06:30:37Z
2024-08-21,manduriacu,670078161,high_res,3,88.578,s3://geoglows-v2-forecasts/2024082100.zarr,6576e916c9e16c3851f33705621bcc4d-2,2026-09-25T06:30:37Z
2024-08-21,manduriacu,670078161,high_res,4,131.559,s3://geoglows-v2-forecasts/2024082100.zarr,6576e916c9e16c3851f33705621bcc4d-2,2026-09-25T06:30:37Z
2024-08-21,manduriacu,670078161,high_res,5,134.59,s3://geoglows-v2-forecasts/2024082100.zarr,6576e916c9e16c3851f33705621bcc4d-2,2026-09-25T06:30:37Z
2024-08-21,manduriacu,670078161,high_res,6,109.21,s3://geoglows-v2-forecasts/2024082100.zarr,6576e916c9e16c3851f33705621bcc4d-2,2026-09-25T06:30:37Z
2024-08-21,manduriacu,670078161,high_res,7,117.906,s3://geoglows-v2-forecasts/2024082100.zarr,6576e916c9e16c3851f33705621bcc4d-2,2026-09-25T06:30:37Z
2024-08-21,manduriacu,670078161,high_res,8,124.381,s3://geoglows-v2-forecasts/2024082100.zarr,6576e916c9e16c3851f33705621bcc4d-2,2026-09-25T06:30:37Z
2024-08-21,manduriacu,670078161,high_res,9,125.05,s3://geoglows-v2-forecasts/2024082100.zarr,6576e916c9e16c3851f33705621bcc4d-2,2026-09-25T06:30:37Z
2024-08-21,minas_san_francisco,670027091,high_res,1,12.359,s3://geoglows-v2-forecasts/2024082100.zarr,6576e916c9e16c3851f33705621bcc4d-2,2026-09-25T06:30:37Z
2024-08-21,minas_san_francisco,670027091,high_res,10,15.617,s3://geoglows-v2-forecasts/2024082100.zarr,6576e916c9e16c3851f33705621bcc4d-2,2026-09-25T06:30:37Z
2024-08-21,minas_san_francisco,670027091,high_res,2,12.687,s3://geoglows-v2-forecasts/2024082100.zarr,6576e916c9e16c3851f33705621bcc4d-2,2026-09-25T06:30:37Z
2024-08-21,minas_san_francisco,670027091,high_res,3,14.192,s3://geoglows-v2-forecasts/2024082100.zarr,6576e916c9e16c3851f33705621bcc4d-2,2026-09-25T06:30:37Z
2024-08-21,minas_san_francisco,670027091,high_res,4,15.865,s3://geoglows-v2-forecasts/2024082100.zarr,6576e916c9e16c3851f33705621bcc4d-2,2026-09-25T06:30:37Z
2024-08-21,minas_san_francisco,670027091,high_res,5,16.347,s3://geoglows-v2-forecasts/2024082100.zarr,6576e916c9e16c3851f33705621bcc4d-2,2026-09-25T06:30:37Z
2024-08-21,minas_san_francisco,670027091,high_res,6,15.496,s3://geoglows-v2-forecasts/2024082100.zarr,6576e916c9e16c3851f33705621bcc4d-2,2026-09-25T06:30:37Z
2024-08-21,minas_san_francisco,670027091,high_res,7,14.212,s3://geoglows-v2-forecasts/2024082100.zarr,6576e916c9e16c3851f33705621bcc4d-2,2026-09-25T06:30:37Z
2024-08-21,minas_san_francisco,670027091,high_res,8,14.024,s3://geoglows-v2-forecasts/2024082100.zarr,6576e916c9e16c3851f33705621bcc4d-2,2026-09-25T06:30:37Z
2024-08-21,minas_san_francisco,670027091,high_res,9,15.281,s3://geoglows-v2-forecasts/2024082100.zarr,6576e916c9e16c3851f33705621bcc4d-2,2026-09-25T06:30:37Z
2024-08-22,agoyan,621014469,high_res,1,84.871,s3://geoglows-v2-forecasts/2024082200.zarr,c13f7a1817be40ace77afe2973199457-2,2026-09-25T06:30:37Z
2024-08-22,agoyan,621014469,high_res,10,90.979,s3://geoglows-v2-forecasts/2024082200.zarr,c13f7a1817be40ace77afe2973199457-2,2026-09-25T06:30:37Z
2024-08-22,agoyan,621014469,high_res,2,85.382,s3://geoglows-v2-forecasts/2024082200.zarr,c13f7a1817be40ace77afe2973199457-2,2026-09-25T06:30:37Z
2024-08-22,agoyan,621014469,high_res,3,84.231,s3://geoglows-v2-forecasts/2024082200.zarr,c13f7a1817be40ace77afe2973199457-2,2026-09-25T06:30:37Z
2024-08-22,agoyan,621014469,high_res,4,85.451,s3://geoglows-v2-forecasts/2024082200.zarr,c13f7a1817be40ace77afe2973199457-2,2026-09-25T06:30:37Z
2024-08-22,agoyan,621014469,high_res,5,91.583,s3://geoglows-v2-forecasts/2024082200.zarr,c13f7a1817be40ace77afe2973199457-2,2026-09-25T06:30:37Z
2024-08-22,agoyan,621014469,high_res,6,98.85,s3://geoglows-v2-forecasts/2024082200.zarr,c13f7a1817be40ace77afe2973199457-2,2026-09-25T06:30:37Z
2024-08-22,agoyan,621014469,high_res,7,106.361,s3://geoglows-v2-forecasts/2024082200.zarr,c13f7a1817be40ace77afe2973199457-2,2026-09-25T06:30:37Z
2024-08-22,agoyan,621014469,high_res,8,102.437,s3://geoglows-v2-forecasts/2024082200.zarr,c13f7a1817be40ace77afe2973199457-2,2026-09-25T06:30:37Z
2024-08-22,agoyan,621014469,high_res,9,97.336,s3://geoglows-v2-forecasts/2024082200.zarr,c13f7a1817be40ace77afe2973199457-2,2026-09-25T06:30:37Z
2024-08-22,manduriacu,670078161,high_res,1,77.981,s3://geoglows-v2-forecasts/2024082200.zarr,c13f7a1817be40ace77afe2973199457-2,2026-09-25T06:30:37Z
2024-08-22,manduriacu,670078161,high_res,10,93.761,s3://geoglows-v2-forecasts/2024082200.zarr,c13f7a1817be40ace77afe2973199457-2,2026-09-25T06:30:37Z
2024-08-22,manduriacu,670078161,high_res,2,79.94,s3://geoglows-v2-forecasts/2024082200.zarr,c13f7a1817be40ace77afe2973199457-2,2026-09-25T06:30:37Z
2024-08-22,manduriacu,670078161,high_res,3,111.94,s3://geoglows-v2-forecasts/2024082200.zarr,c13f7a1817be40ace77afe2973199457-2,2026-09-25T06:30:37Z
2024-08-22,manduriacu,670078161,high_res,4,132.856,s3://geoglows-v2-forecasts/2024082200.zarr,c13f7a1817be40ace77afe2973199457-2,2026-09-25T06:30:37Z
2024-08-22,manduriacu,670078161,high_res,5,117.358,s3://geoglows-v2-forecasts/2024082200.zarr,c13f7a1817be40ace77afe2973199457-2,2026-09-25T06:30:37Z
2024-08-22,manduriacu,670078161,high_res,6,113.838,s3://geoglows-v2-forecasts/2024082200.zarr,c13f7a1817be40ace77afe2973199457-2,2026-09-25T06:30:37Z
2024-08-22,manduriacu,670078161,high_res,7,111.846,s3://geoglows-v2-forecasts/2024082200.zarr,c13f7a1817be40ace77afe2973199457-2,2026-09-25T06:30:37Z
2024-08-22,manduriacu,670078161,high_res,8,106.506,s3://geoglows-v2-forecasts/2024082200.zarr,c13f7a1817be40ace77afe2973199457-2,2026-09-25T06:30:37Z
2024-08-22,manduriacu,670078161,high_res,9,95.011,s3://geoglows-v2-forecasts/2024082200.zarr,c13f7a1817be40ace77afe2973199457-2,2026-09-25T06:30:37Z
2024-08-22,minas_san_francisco,670027091,high_res,1,12.38,s3://geoglows-v2-forecasts/2024082200.zarr,c13f7a1817be40ace77afe2973199457-2,2026-09-25T06:30:37Z
2024-08-22,minas_san_francisco,670027091,high_res,10,12.906,s3://geoglows-v2-forecasts/2024082200.zarr,c13f7a1817be40ace77afe2973199457-2,2026-09-25T06:30:37Z
2024-08-22,minas_san_francisco,670027091,high_res,2,13.288,s3://geoglows-v2-forecasts/2024082200.zarr,c13f7a1817be40ace77afe2973199457-2,2026-09-25T06:30:37Z
2024-08-22,minas_san_francisco,670027091,high_res,3,14.594,s3://geoglows-v2-forecasts/2024082200.zarr,c13f7a1817be40ace77afe2973199457-2,2026-09-25T06:30:37Z
2024-08-22,minas_san_francisco,670027091,high_res,4,16.693,s3://geoglows-v2-forecasts/2024082200.zarr,c13f7a1817be40ace77afe2973199457-2,2026-09-25T06:30:37Z
2024-08-22,minas_san_francisco,670027091,high_res,5,17.691,s3://geoglows-v2-forecasts/2024082200.zarr,c13f7a1817be40ace77afe2973199457-2,2026-09-25T06:30:37Z
2024-08-22,minas_san_francisco,670027091,high_res,6,15.571,s3://geoglows-v2-forecasts/2024082200.zarr,c13f7a1817be40ace77afe2973199457-2,2026-09-25T06:30:37Z
2024-08-22,minas_san_francisco,670027091,high_res,7,15.772,s3://geoglows-v2-forecasts/2024082200.zarr,c13f7a1817be40ace77afe2973199457-2,2026-09-25T06:30:37Z
2024-08-22,minas_san_francisco,670027091,high_res,8,15.569,s3://geoglows-v2-forecasts/2024082200.zarr,c13f7a1817be40ace77afe2973199457-2,2026-09-25T06:30:37Z
2024-08-22,minas_san_francisco,670027091,high_res,9,14.1,s3://geoglows-v2-forecasts/2024082200.zarr,c13f7a1817be40ace77afe2973199457-2,2026-09-25T06:30:37Z
2024-08-23,agoyan,621014469,high_res,1,84.095,s3://geoglows-v2-forecasts/2024082300.zarr,3fa4382a6719b5774c6e81fe1f2e6ada-2,2026-09-25T06:30:37Z
2024-08-23,agoyan,621014469,high_res,10,87.901,s3://geoglows-v2-forecasts/2024082300.zarr,3fa4382a6719b5774c6e81fe1f2e6ada-2,2026-09-25T06:30:37Z
2024-08-23,agoyan,621014469,high_res,2,82.894,s3://geoglows-v2-forecasts/2024082300.zarr,3fa4382a6719b5774c6e81fe1f2e6ada-2,2026-09-25T06:30:37Z
2024-08-23,agoyan,621014469,high_res,3,85.832,s3://geoglows-v2-forecasts/2024082300.zarr,3fa4382a6719b5774c6e81fe1f2e6ada-2,2026-09-25T06:30:37Z
2024-08-23,agoyan,621014469,high_res,4,91.455,s3://geoglows-v2-forecasts/2024082300.zarr,3fa4382a6719b5774c6e81fe1f2e6ada-2,2026-09-25T06:30:37Z
2024-08-23,agoyan,621014469,high_res,5,95.311,s3://geoglows-v2-forecasts/2024082300.zarr,3fa4382a6719b5774c6e81fe1f2e6ada-2,2026-09-25T06:30:37Z
2024-08-23,agoyan,621014469,high_res,6,105.587,s3://geoglows-v2-forecasts/2024082300.zarr,3fa4382a6719b5774c6e81fe1f2e6ada-2,2026-09-25T06:30:37Z
2024-08-23,agoyan,621014469,high_res,7,106.456,s3://geoglows-v2-forecasts/2024082300.zarr,3fa4382a6719b5774c6e81fe1f2e6ada-2,2026-09-25T06:30:37Z
2024-08-23,agoyan,621014469,high_res,8,102.936,s3://geoglows-v2-forecasts/2024082300.zarr,3fa4382a6719b5774c6e81fe1f2e6ada-2,2026-09-25T06:30:37Z
2024-08-23,agoyan,621014469,high_res,9,94.536,s3://geoglows-v2-forecasts/2024082300.zarr,3fa4382a6719b5774c6e81fe1f2e6ada-2,2026-09-25T06:30:37Z
2024-08-23,manduriacu,670078161,high_res,1,77.008,s3://geoglows-v2-forecasts/2024082300.zarr,3fa4382a6719b5774c6e81fe1f2e6ada-2,2026-09-25T06:30:37Z
2024-08-23,manduriacu,670078161,high_res,10,112.497,s3://geoglows-v2-forecasts/2024082300.zarr,3fa4382a6719b5774c6e81fe1f2e6ada-2,2026-09-25T06:30:37Z
2024-08-23,manduriacu,670078161,high_res,2,89.608,s3://geoglows-v2-forecasts/2024082300.zarr,3fa4382a6719b5774c6e81fe1f2e6ada-2,2026-09-25T06:30:37Z
2024-08-23,manduriacu,670078161,high_res,3,116.489,s3://geoglows-v2-forecasts/2024082300.zarr,3fa4382a6719b5774c6e81fe1f2e6ada-2,2026-09-25T06:30:37Z
2024-08-23,manduriacu,670078161,high_res,4,106.523,s3://geoglows-v2-forecasts/2024082300.zarr,3fa4382a6719b5774c6e81fe1f2e6ada-2,2026-09-25T06:30:37Z
2024-08-23,manduriacu,670078161,high_res,5,119.649,s3://geoglows-v2-forecasts/2024082300.zarr,3fa4382a6719b5774c6e81fe1f2e6ada-2,2026-09-25T06:30:37Z
2024-08-23,manduriacu,670078161,high_res,6,120.278,s3://geoglows-v2-forecasts/2024082300.zarr,3fa4382a6719b5774c6e81fe1f2e6ada-2,2026-09-25T06:30:37Z
2024-08-23,manduriacu,670078161,high_res,7,112.723,s3://geoglows-v2-forecasts/2024082300.zarr,3fa4382a6719b5774c6e81fe1f2e6ada-2,2026-09-25T06:30:37Z
2024-08-23,manduriacu,670078161,high_res,8,105.977,s3://geoglows-v2-forecasts/2024082300.zarr,3fa4382a6719b5774c6e81fe1f2e6ada-2,2026-09-25T06:30:37Z
2024-08-23,manduriacu,670078161,high_res,9,105.553,s3://geoglows-v2-forecasts/2024082300.zarr,3fa4382a6719b5774c6e81fe1f2e6ada-2,2026-09-25T06:30:37Z
2024-08-23,minas_san_francisco,670027091,high_res,1,12.959,s3://geoglows-v2-forecasts/2024082300.zarr,3fa4382a6719b5774c6e81fe1f2e6ada-2,2026-09-25T06:30:37Z
2024-08-23,minas_san_francisco,670027091,high_res,10,12.065,s3://geoglows-v2-forecasts/2024082300.zarr,3fa4382a6719b5774c6e81fe1f2e6ada-2,2026-09-25T06:30:37Z
2024-08-23,minas_san_francisco,670027091,high_res,2,14.044,s3://geoglows-v2-forecasts/2024082300.zarr,3fa4382a6719b5774c6e81fe1f2e6ada-2,2026-09-25T06:30:37Z
2024-08-23,minas_san_francisco,670027091,high_res,3,15.877,s3://geoglows-v2-forecasts/2024082300.zarr,3fa4382a6719b5774c6e81fe1f2e6ada-2,2026-09-25T06:30:37Z
2024-08-23,minas_san_francisco,670027091,high_res,4,16.429,s3://geoglows-v2-forecasts/2024082300.zarr,3fa4382a6719b5774c6e81fe1f2e6ada-2,2026-09-25T06:30:37Z
2024-08-23,minas_san_francisco,670027091,high_res,5,15.367,s3://geoglows-v2-forecasts/2024082300.zarr,3fa4382a6719b5774c6e81fe1f2e6ada-2,2026-09-25T06:30:37Z
2024-08-23,minas_san_francisco,670027091,high_res,6,14.944,s3://geoglows-v2-forecasts/2024082300.zarr,3fa4382a6719b5774c6e81fe1f2e6ada-2,2026-09-25T06:30:37Z
2024-08-23,minas_san_francisco,670027091,high_res,7,14.556,s3://geoglows-v2-forecasts/2024082300.zarr,3fa4382a6719b5774c6e81fe1f2e6ada-2,2026-09-25T06:30:37Z
2024-08-23,minas_san_francisco,670027091,high_res,8,13.385,s3://geoglows-v2-forecasts/2024082300.zarr,3fa4382a6719b5774c6e81fe1f2e6ada-2,2026-09-25T06:30:37Z
2024-08-23,minas_san_francisco,670027091,high_res,9,12.542,s3://geoglows-v2-forecasts/2024082300.zarr,3fa4382a6719b5774c6e81fe1f2e6ada-2,2026-09-25T06:30:37Z
2024-08-24,agoyan,621014469,high_res,1,84.836,s3://geoglows-v2-forecasts/2024082400.zarr,8288d1804eee15101fb1e950f385e500-2,2026-09-25T06:30:42Z
2024-08-24,agoyan,621014469,high_res,10,80.583,s3://geoglows-v2-forecasts/2024082400.zarr,8288d1804eee15101fb1e950f385e500-2,2026-09-25T06:30:42Z
2024-08-24,agoyan,621014469,high_res,2,86.497,s3://geoglows-v2-forecasts/2024082400.zarr,8288d1804eee15101fb1e950f385e500-2,2026-09-25T06:30:42Z
2024-08-24,agoyan,621014469,high_res,3,92.628,s3://geoglows-v2-forecasts/2024082400.zarr,8288d1804eee15101fb1e950f385e500-2,2026-09-25T06:30:42Z
2024-08-24,agoyan,621014469,high_res,4,94.909,s3://geoglows-v2-forecasts/2024082400.zarr,8288d1804eee15101fb1e950f385e500-2,2026-09-25T06:30:42Z
2024-08-24,agoyan,621014469,high_res,5,97.368,s3://geoglows-v2-forecasts/2024082400.zarr,8288d1804eee15101fb1e950f385e500-2,2026-09-25T06:30:42Z
2024-08-24,agoyan,621014469,high_res,6,95.107,s3://geoglows-v2-forecasts/2024082400.zarr,8288d1804eee15101fb1e950f385e500-2,2026-09-25T06:30:42Z
2024-08-24,agoyan,621014469,high_res,7,89.872,s3://geoglows-v2-forecasts/2024082400.zarr,8288d1804eee15101fb1e950f385e500-2,2026-09-25T06:30:42Z
2024-08-24,agoyan,621014469,high_res,8,84.074,s3://geoglows-v2-forecasts/2024082400.zarr,8288d1804eee15101fb1e950f385e500-2,2026-09-25T06:30:42Z
2024-08-24,agoyan,621014469,high_res,9,80.189,s3://geoglows-v2-forecasts/2024082400.zarr,8288d1804eee15101fb1e950f385e500-2,2026-09-25T06:30:42Z
2024-08-24,manduriacu,670078161,high_res,1,83.839,s3://geoglows-v2-forecasts/2024082400.zarr,8288d1804eee15101fb1e950f385e500-2,2026-09-25T06:30:42Z
2024-08-24,manduriacu,670078161,high_res,10,109.302,s3://geoglows-v2-forecasts/2024082400.zarr,8288d1804eee15101fb1e950f385e500-2,2026-09-25T06:30:42Z
2024-08-24,manduriacu,670078161,high_res,2,127.625,s3://geoglows-v2-forecasts/2024082400.zarr,8288d1804eee15101fb1e950f385e500-2,2026-09-25T06:30:42Z
2024-08-24,manduriacu,670078161,high_res,3,118.868,s3://geoglows-v2-forecasts/2024082400.zarr,8288d1804eee15101fb1e950f385e500-2,2026-09-25T06:30:42Z
2024-08-24,manduriacu,670078161,high_res,4,113.708,s3://geoglows-v2-forecasts/2024082400.zarr,8288d1804eee15101fb1e950f385e500-2,2026-09-25T06:30:42Z
2024-08-24,manduriacu,670078161,high_res,5,111.289,s3://geoglows-v2-forecasts/2024082400.zarr,8288d1804eee15101fb1e950f385e500-2,2026-09-25T06:30:42Z
2024-08-24,manduriacu,670078161,high_res,6,107.065,s3://geoglows-v2-forecasts/2024082400.zarr,8288d1804eee15101fb1e950f385e500-2,2026-09-25T06:30:42Z
2024-08-24,manduriacu,670078161,high_res,7,101.788,s3://geoglows-v2-forecasts/2024082400.zarr,8288d1804eee15101fb1e950f385e500-2,2026-09-25T06:30:42Z
2024-08-24,manduriacu,670078161,high_res,8,103.656,s3://geoglows-v2-forecasts/2024082400.zarr,8288d1804eee15101fb1e950f385e500-2,2026-09-25T06:30:42Z
2024-08-24,manduriacu,670078161,high_res,9,105.551,s3://geoglows-v2-forecasts/2024082400.zarr,8288d1804eee15101fb1e950f385e500-2,2026-09-25T06:30:42Z
2024-08-24,minas_san_francisco,670027091,high_res,1,13.452,s3://geoglows-v2-forecasts/2024082400.zarr,8288d1804eee15101fb1e950f385e500-2,2026-09-25T06:30:42Z
2024-08-24,minas_san_francisco,670027091,high_res,10,11.66,s3://geoglows-v2-forecasts/2024082400.zarr,8288d1804eee15101fb1e950f385e500-2,2026-09-25T06:30:42Z
2024-08-24,minas_san_francisco,670027091,high_res,2,14.907,s3://geoglows-v2-forecasts/2024082400.zarr,8288d1804eee15101fb1e950f385e500-2,2026-09-25T06:30:42Z
2024-08-24,minas_san_francisco,670027091,high_res,3,16.198,s3://geoglows-v2-forecasts/2024082400.zarr,8288d1804eee15101fb1e950f385e500-2,2026-09-25T06:30:42Z
2024-08-24,minas_san_francisco,670027091,high_res,4,14.953,s3://geoglows-v2-forecasts/2024082400.zarr,8288d1804eee15101fb1e950f385e500-2,2026-09-25T06:30:42Z
2024-08-24,minas_san_francisco,670027091,high_res,5,15.548,s3://geoglows-v2-forecasts/2024082400.zarr,8288d1804eee15101fb1e950f385e500-2,2026-09-25T06:30:42Z
2024-08-24,minas_san_francisco,670027091,high_res,6,18.29,s3://geoglows-v2-forecasts/2024082400.zarr,8288d1804eee15101fb1e950f385e500-2,2026-09-25T06:30:42Z
2024-08-24,minas_san_francisco,670027091,high_res,7,15.112,s3://geoglows-v2-forecasts/2024082400.zarr,8288d1804eee15101fb1e950f385e500-2,2026-09-25T06:30:42Z
2024-08-24,minas_san_francisco,670027091,high_res,8,13.112,s3://geoglows-v2-forecasts/2024082400.zarr,8288d1804eee15101fb1e950f385e500-2,2026-09-25T06:30:42Z
2024-08-24,minas_san_francisco,670027091,high_res,9,11.952,s3://geoglows-v2-forecasts/2024082400.zarr,8288d1804eee15101fb1e950f385e500-2,2026-09-25T06:30:42Z
2024-08-25,agoyan,621014469,high_res,1,85.09,s3://geoglows-v2-forecasts/2024082500.zarr,c502796bafa4865ec938c72197e90b00-2,2026-09-25T06:30:42Z
2024-08-25,agoyan,621014469,high_res,10,80.134,s3://geoglows-v2-forecasts/2024082500.zarr,c502796bafa4865ec938c72197e90b00-2,2026-09-25T06:30:42Z
2024-08-25,agoyan,621014469,high_res,2,93.897,s3://geoglows-v2-forecasts/2024082500.zarr,c502796bafa4865ec938c72197e90b00-2,2026-09-25T06:30:42Z
2024-08-25,agoyan,621014469,high_res,3,104.689,s3://geoglows-v2-forecasts/2024082500.zarr,c502796bafa4865ec938c72197e90b00-2,2026-09-25T06:30:42Z
2024-08-25,agoyan,621014469,high_res,4,114.36,s3://geoglows-v2-forecasts/2024082500.zarr,c502796bafa4865ec938c72197e90b00-2,2026-09-25T06:30:42Z
2024-08-25,agoyan,621014469,high_res,5,109.176,s3://geoglows-v2-forecasts/2024082500.zarr,c502796bafa4865ec938c72197e90b00-2,2026-09-25T06:30:42Z
2024-08-25,agoyan,621014469,high_res,6,98.142,s3://geoglows-v2-forecasts/2024082500.zarr,c502796bafa4865ec938c72197e90b00-2,2026-09-25T06:30:42Z
2024-08-25,agoyan,621014469,high_res,7,91.371,s3://geoglows-v2-forecasts/2024082500.zarr,c502796bafa4865ec938c72197e90b00-2,2026-09-25T06:30:42Z
2024-08-25,agoyan,621014469,high_res,8,84.579,s3://geoglows-v2-forecasts/2024082500.zarr,c502796bafa4865ec938c72197e90b00-2,2026-09-25T06:30:42Z
2024-08-25,agoyan,621014469,high_res,9,79.608,s3://geoglows-v2-forecasts/2024082500.zarr,c502796bafa4865ec938c72197e90b00-2,2026-09-25T06:30:42Z
2024-08-25,manduriacu,670078161,high_res,1,98.847,s3://geoglows-v2-forecasts/2024082500.zarr,c502796bafa4865ec938c72197e90b00-2,2026-09-25T06:30:42Z
2024-08-25,manduriacu,670078161,high_res,10,97.287,s3://geoglows-v2-forecasts/2024082500.zarr,c502796bafa4865ec938c72197e90b00-2,2026-09-25T06:30:42Z
2024-08-25,manduriacu,670078161,high_res,2,95.733,s3://geoglows-v2-forecasts/2024082500.zarr,c502796bafa4865ec938c72197e90b00-2,2026-09-25T06:30:42Z
2024-08-25,manduriacu,670078161,high_res,3,119.821,s3://geoglows-v2-forecasts/2024082500.zarr,c502796bafa4865ec938c72197e90b00-2,2026-09-25T06:30:42Z
2024-08-25,manduriacu,670078161,high_res,4,125.397,s3://geoglows-v2-forecasts/2024082500.zarr,c502796bafa4865ec938c72197e90b00-2,2026-09-25T06:30:42Z
2024-08-25,manduriacu,670078161,high_res,5,112.101,s3://geoglows-v2-forecasts/2024082500.zarr,c502796bafa4865ec938c72197e90b00-2,2026-09-25T06:30:42Z
2024-08-25,manduriacu,670078161,high_res,6,110.534,s3://geoglows-v2-forecasts/2024082500.zarr,c502796bafa4865ec938c72197e90b00-2,2026-09-25T06:30:42Z
2024-08-25,manduriacu,670078161,high_res,7,106.397,s3://geoglows-v2-forecasts/2024082500.zarr,c502796bafa4865ec938c72197e90b00-2,2026-09-25T06:30:42Z
2024-08-25,manduriacu,670078161,high_res,8,110.529,s3://geoglows-v2-forecasts/2024082500.zarr,c502796bafa4865ec938c72197e90b00-2,2026-09-25T06:30:42Z
2024-08-25,manduriacu,670078161,high_res,9,103.076,s3://geoglows-v2-forecasts/2024082500.zarr,c502796bafa4865ec938c72197e90b00-2,2026-09-25T06:30:42Z
2024-08-25,minas_san_francisco,670027091,high_res,1,14.02,s3://geoglows-v2-forecasts/2024082500.zarr,c502796bafa4865ec938c72197e90b00-2,2026-09-25T06:30:42Z
2024-08-25,minas_san_francisco,670027091,high_res,10,11.985,s3://geoglows-v2-forecasts/2024082500.zarr,c502796bafa4865ec938c72197e90b00-2,2026-09-25T06:30:42Z
2024-08-25,minas_san_francisco,670027091,high_res,2,14.235,s3://geoglows-v2-forecasts/2024082500.zarr,c502796bafa4865ec938c72197e90b00-2,2026-09-25T06:30:42Z
2024-08-25,minas_san_francisco,670027091,high_res,3,13.615,s3://geoglows-v2-forecasts/2024082500.zarr,c502796bafa4865ec938c72197e90b00-2,2026-09-25T06:30:42Z
2024-08-25,minas_san_francisco,670027091,high_res,4,16.507,s3://geoglows-v2-forecasts/2024082500.zarr,c502796bafa4865ec938c72197e90b00-2,2026-09-25T06:30:42Z
2024-08-25,minas_san_francisco,670027091,high_res,5,19.337,s3://geoglows-v2-forecasts/2024082500.zarr,c502796bafa4865ec938c72197e90b00-2,2026-09-25T06:30:42Z
2024-08-25,minas_san_francisco,670027091,high_res,6,14.985,s3://geoglows-v2-forecasts/2024082500.zarr,c502796bafa4865ec938c72197e90b00-2,2026-09-25T06:30:42Z
2024-08-25,minas_san_francisco,670027091,high_res,7,12.693,s3://geoglows-v2-forecasts/2024082500.zarr,c502796bafa4865ec938c72197e90b00-2,2026-09-25T06:30:42Z
2024-08-25,minas_san_francisco,670027091,high_res,8,11.951,s3://geoglows-v2-forecasts/2024082500.zarr,c502796bafa4865ec938c72197e90b00-2,2026-09-25T06:30:42Z
2024-08-25,minas_san_francisco,670027091,high_res,9,12.396,s3://geoglows-v2-forecasts/2024082500.zarr,c502796bafa4865ec938c72197e90b00-2,2026-09-25T06:30:42Z
2024-08-26,agoyan,621014469,high_res,1,90.798,s3://geoglows-v2-forecasts/2024082600.zarr,0166a91a3c4b8694f5b3d81504f289e7-2,2026-09-25T06:30:42Z
2024-08-26,agoyan,621014469,high_res,10,77.849,s3://geoglows-v2-forecasts/2024082600.zarr,0166a91a3c4b8694f5b3d81504f289e7-2,2026-09-25T06:30:42Z
2024-08-26,agoyan,621014469,high_res,2,99.75,s3://geoglows-v2-forecasts/2024082600.zarr,0166a91a3c4b8694f5b3d81504f289e7-2,2026-09-25T06:30:42Z
2024-08-26,agoyan,621014469,high_res,3,113.006,s3://geoglows-v2-forecasts/2024082600.zarr,0166a91a3c4b8694f5b3d81504f289e7-2,2026-09-25T06:30:42Z
2024-08-26,agoyan,621014469,high_res,4,106.512,s3://geoglows-v2-forecasts/2024082600.zarr,0166a91a3c4b8694f5b3d81504f289e7-2,2026-09-25T06:30:42Z
2024-08-26,agoyan,621014469,high_res,5,98.426,s3://geoglows-v2-forecasts/2024082600.zarr,0166a91a3c4b8694f5b3d81504f289e7-2,2026-09-25T06:30:42Z
2024-08-26,agoyan,621014469,high_res,6,96.854,s3://geoglows-v2-forecasts/2024082600.zarr,0166a91a3c4b8694f5b3d81504f289e7-2,2026-09-25T06:30:42Z
2024-08-26,agoyan,621014469,high_res,7,90.53,s3://geoglows-v2-forecasts/2024082600.zarr,0166a91a3c4b8694f5b3d81504f289e7-2,2026-09-25T06:30:42Z
2024-08-26,agoyan,621014469,high_res,8,79.581,s3://geoglows-v2-forecasts/2024082600.zarr,0166a91a3c4b8694f5b3d81504f289e7-2,2026-09-25T06:30:42Z
2024-08-26,agoyan,621014469,high_res,9,77.274,s3://geoglows-v2-forecasts/2024082600.zarr,0166a91a3c4b8694f5b3d81504f289e7-2,2026-09-25T06:30:42Z
2024-08-26,manduriacu,670078161,high_res,1,94.533,s3://geoglows-v2-forecasts/2024082600.zarr,0166a91a3c4b8694f5b3d81504f289e7-2,2026-09-25T06:30:42Z
2024-08-26,manduriacu,670078161,high_res,10,100.958,s3://geoglows-v2-forecasts/2024082600.zarr,0166a91a3c4b8694f5b3d81504f289e7-2,2026-09-25T06:30:42Z
2024-08-26,manduriacu,670078161,high_res,2,115.081,s3://geoglows-v2-forecasts/2024082600.zarr,0166a91a3c4b8694f5b3d81504f289e7-2,2026-09-25T06:30:42Z
2024-08-26,manduriacu,670078161,high_res,3,116.505,s3://geoglows-v2-forecasts/2024082600.zarr,0166a91a3c4b8694f5b3d81504f289e7-2,2026-09-25T06:30:42Z
2024-08-26,manduriacu,670078161,high_res,4,103.041,s3://geoglows-v2-forecasts/2024082600.zarr,0166a91a3c4b8694f5b3d81504f289e7-2,2026-09-25T06:30:42Z
2024-08-26,manduriacu,670078161,high_res,5,98.181,s3://geoglows-v2-forecasts/2024082600.zarr,0166a91a3c4b8694f5b3d81504f289e7-2,2026-09-25T06:30:42Z
2024-08-26,manduriacu,670078161,high_res,6,98.794,s3://geoglows-v2-forecasts/2024082600.zarr,0166a91a3c4b8694f5b3d81504f289e7-2,2026-09-25T06:30:42Z
2024-08-26,manduriacu,670078161,high_res,7,108.237,s3://geoglows-v2-forecasts/2024082600.zarr,0166a91a3c4b8694f5b3d81504f289e7-2,2026-09-25T06:30:42Z
2024-08-26,manduriacu,670078161,high_res,8,110.702,s3://geoglows-v2-forecasts/2024082600.zarr,0166a91a3c4b8694f5b3d81504f289e7-2,2026-09-25T06:30:42Z
2024-08-26,manduriacu,670078161,high_res,9,106.518,s3://geoglows-v2-forecasts/2024082600.zarr,0166a91a3c4b8694f5b3d81504f289e7-2,2026-09-25T06:30:42Z
2024-08-26,minas_san_francisco,670027091,high_res,1,14.086,s3://geoglows-v2-forecasts/2024082600.zarr,0166a91a3c4b8694f5b3d81504f289e7-2,2026-09-25T06:30:42Z
2024-08-26,minas_san_francisco,670027091,high_res,10,12.113,s3://geoglows-v2-forecasts/2024082600.zarr,0166a91a3c4b8694f5b3d81504f289e7-2,2026-09-25T06:30:42Z
2024-08-26,minas_san_francisco,670027091,high_res,2,14.13,s3://geoglows-v2-forecasts/2024082600.zarr,0166a91a3c4b8694f5b3d81504f289e7-2,2026-09-25T06:30:42Z
2024-08-26,minas_san_francisco,670027091,high_res,3,17.433,s3://geoglows-v2-forecasts/2024082600.zarr,0166a91a3c4b8694f5b3d81504f289e7-2,2026-09-25T06:30:42Z
2024-08-26,minas_san_francisco,670027091,high_res,4,21.924,s3://geoglows-v2-forecasts/2024082600.zarr,0166a91a3c4b8694f5b3d81504f289e7-2,2026-09-25T06:30:42Z
2024-08-26,minas_san_francisco,670027091,high_res,5,16.072,s3://geoglows-v2-forecasts/2024082600.zarr,0166a91a3c4b8694f5b3d81504f289e7-2,2026-09-25T06:30:42Z
2024-08-26,minas_san_francisco,670027091,high_res,6,12.907,s3://geoglows-v2-forecasts/2024082600.zarr,0166a91a3c4b8694f5b3d81504f289e7-2,2026-09-25T06:30:42Z
2024-08-26,minas_san_francisco,670027091,high_res,7,11.871,s3://geoglows-v2-forecasts/2024082600.zarr,0166a91a3c4b8694f5b3d81504f289e7-2,2026-09-25T06:30:42Z
2024-08-26,minas_san_francisco,670027091,high_res,8,11.716,s3://geoglows-v2-forecasts/2024082600.zarr,0166a91a3c4b8694f5b3d81504f289e7-2,2026-09-25T06:30:42Z
2024-08-26,minas_san_francisco,670027091,high_res,9,11.718,s3://geoglows-v2-forecasts/2024082600.zarr,0166a91a3c4b8694f5b3d81504f289e7-2,2026-09-25T06:30:42Z
2024-08-27,agoyan,621014469,high_res,1,96.88,s3://geoglows-v2-forecasts/2024082700.zarr,a9e082eb36499381f5f70a12dd2a3366-2,2026-09-25T06:30:41Z
2024-08-27,agoyan,621014469,high_res,10,93.033,s3://geoglows-v2-forecasts/2024082700.zarr,a9e082eb36499381f5f70a12dd2a3366-2,2026-09-25T06:30:41Z
2024-08-27,agoyan,621014469,high_res,2,104.392,s3://geoglows-v2-forecasts/2024082700.zarr,a9e082eb36499381f5f70a12dd2a3366-2,2026-09-25T06:30:41Z
2024-08-27,agoyan,621014469,high_res,3,96.649,s3://geoglows-v2-forecasts/2024082700.zarr,a9e082eb36499381f5f70a12dd2a3366-2,2026-09-25T06:30:41Z
2024-08-27,agoyan,621014469,high_res,4,90.027,s3://geoglows-v2-forecasts/2024082700.zarr,a9e082eb36499381f5f70a12dd2a3366-2,2026-09-25T06:30:41Z
2024-08-27,agoyan,621014469,high_res,5,84.626,s3://geoglows-v2-forecasts/2024082700.zarr,a9e082eb36499381f5f70a12dd2a3366-2,2026-09-25T06:30:41Z
2024-08-27,agoyan,621014469,high_res,6,80.278,s3://geoglows-v2-forecasts/2024082700.zarr,a9e082eb36499381f5f70a12dd2a3366-2,2026-09-25T06:30:41Z
2024-08-27,agoyan,621014469,high_res,7,76.448,s3://geoglows-v2-forecasts/2024082700.zarr,a9e082eb36499381f5f70a12dd2a3366-2,2026-09-25T06:30:41Z
2024-08-27,agoyan,621014469,high_res,8,78.754,s3://geoglows-v2-forecasts/2024082700.zarr,a9e082eb36499381f5f70a12dd2a3366-2,2026-09-25T06:30:41Z
2024-08-27,agoyan,621014469,high_res,9,81.463,s3://geoglows-v2-forecasts/2024082700.zarr,a9e082eb36499381f5f70a12dd2a3366-2,2026-09-25T06:30:41Z
2024-08-27,manduriacu,670078161,high_res,1,96.19,s3://geoglows-v2-forecasts/2024082700.zarr,a9e082eb36499381f5f70a12dd2a3366-2,2026-09-25T06:30:41Z
2024-08-27,manduriacu,670078161,high_res,10,91.106,s3://geoglows-v2-forecasts/2024082700.zarr,a9e082eb36499381f5f70a12dd2a3366-2,2026-09-25T06:30:41Z
2024-08-27,manduriacu,670078161,high_res,2,97.635,s3://geoglows-v2-forecasts/2024082700.zarr,a9e082eb36499381f5f70a12dd2a3366-2,2026-09-25T06:30:41Z
2024-08-27,manduriacu,670078161,high_res,3,92.465,s3://geoglows-v2-forecasts/2024082700.zarr,a9e082eb36499381f5f70a12dd2a3366-2,2026-09-25T06:30:41Z
2024-08-27,manduriacu,670078161,high_res,4,91.589,s3://geoglows-v2-forecasts/2024082700.zarr,a9e082eb36499381f5f70a12dd2a3366-2,2026-09-25T06:30:41Z
2024-08-27,manduriacu,670078161,high_res,5,92.237,s3://geoglows-v2-forecasts/2024082700.zarr,a9e082eb36499381f5f70a12dd2a3366-2,2026-09-25T06:30:41Z
2024-08-27,manduriacu,670078161,high_res,6,96.062,s3://geoglows-v2-forecasts/2024082700.zarr,a9e082eb36499381f5f70a12dd2a3366-2,2026-09-25T06:30:41Z
2024-08-27,manduriacu,670078161,high_res,7,96.028,s3://geoglows-v2-forecasts/2024082700.zarr,a9e082eb36499381f5f70a12dd2a3366-2,2026-09-25T06:30:41Z
2024-08-27,manduriacu,670078161,high_res,8,100.939,s3://geoglows-v2-forecasts/2024082700.zarr,a9e082eb36499381f5f70a12dd2a3366-2,2026-09-25T06:30:41Z
2024-08-27,manduriacu,670078161,high_res,9,99.05,s3://geoglows-v2-forecasts/2024082700.zarr,a9e082eb36499381f5f70a12dd2a3366-2,2026-09-25T06:30:41Z
2024-08-27,minas_san_francisco,670027091,high_res,1,14.736,s3://geoglows-v2-forecasts/2024082700.zarr,a9e082eb36499381f5f70a12dd2a3366-2,2026-09-25T06:30:41Z
2024-08-27,minas_san_francisco,670027091,high_res,10,13.564,s3://geoglows-v2-forecasts/2024082700.zarr,a9e082eb36499381f5f70a12dd2a3366-2,2026-09-25T06:30:41Z
2024-08-27,minas_san_francisco,670027091,high_res,2,17.628,s3://geoglows-v2-forecasts/2024082700.zarr,a9e082eb36499381f5f70a12dd2a3366-2,2026-09-25T06:30:41Z
2024-08-27,minas_san_francisco,670027091,high_res,3,19.903,s3://geoglows-v2-forecasts/2024082700.zarr,a9e082eb36499381f5f70a12dd2a3366-2,2026-09-25T06:30:41Z
2024-08-27,minas_san_francisco,670027091,high_res,4,16.21,s3://geoglows-v2-forecasts/2024082700.zarr,a9e082eb36499381f5f70a12dd2a3366-2,2026-09-25T06:30:41Z
2024-08-27,minas_san_francisco,670027091,high_res,5,12.749,s3://geoglows-v2-forecasts/2024082700.zarr,a9e082eb36499381f5f70a12dd2a3366-2,2026-09-25T06:30:41Z
2024-08-27,minas_san_francisco,670027091,high_res,6,11.646,s3://geoglows-v2-forecasts/2024082700.zarr,a9e082eb36499381f5f70a12dd2a3366-2,2026-09-25T06:30:41Z
2024-08-27,minas_san_francisco,670027091,high_res,7,11.889,s3://geoglows-v2-forecasts/2024082700.zarr,a9e082eb36499381f5f70a12dd2a3366-2,2026-09-25T06:30:41Z
2024-08-27,minas_san_francisco,670027091,high_res,8,12.178,s3://geoglows-v2-forecasts/2024082700.zarr,a9e082eb36499381f5f70a12dd2a3366-2,2026-09-25T06:30:41Z
2024-08-27,minas_san_francisco,670027091,high_res,9,12.568,s3://geoglows-v2-forecasts/2024082700.zarr,a9e082eb36499381f5f70a12dd2a3366-2,2026-09-25T06:30:41Z
2024-08-28,agoyan,621014469,high_res,1,102.187,s3://geoglows-v2-forecasts/2024082800.zarr,5c2981a48bf5689c404593f3e67f6991-2,2026-09-25T06:30:41Z
2024-08-28,agoyan,621014469,high_res,10,79.47,s3://geoglows-v2-forecasts/2024082800.zarr,5c2981a48bf5689c404593f3e67f6991-2,2026-09-25T06:30:41Z
2024-08-28,agoyan,621014469,high_res,2,94.261,s3://geoglows-v2-forecasts/2024082800.zarr,5c2981a48bf5689c404593f3e67f6991-2,2026-09-25T06:30:41Z
2024-08-28,agoyan,621014469,high_res,3,85.885,s3://geoglows-v2-forecasts/2024082800.zarr,5c2981a48bf5689c404593f3e67f6991-2,2026-09-25T06:30:41Z
2024-08-28,agoyan,621014469,high_res,4,81.979,s3://geoglows-v2-forecasts/2024082800.zarr,5c2981a48bf5689c404593f3e67f6991-2,2026-09-25T06:30:41Z
2024-08-28,agoyan,621014469,high_res,5,78.761,s3://geoglows-v2-forecasts/2024082800.zarr,5c2981a48bf5689c404593f3e67f6991-2,2026-09-25T06:30:41Z
2024-08-28,agoyan,621014469,high_res,6,75.197,s3://geoglows-v2-forecasts/2024082800.zarr,5c2981a48bf5689c404593f3e67f6991-2,2026-09-25T06:30:41Z
2024-08-28,agoyan,621014469,high_res,7,75.14,s3://geoglows-v2-forecasts/2024082800.zarr,5c2981a48bf5689c404593f3e67f6991-2,2026-09-25T06:30:41Z
2024-08-28,agoyan,621014469,high_res,8,76.128,s3://geoglows-v2-forecasts/2024082800.zarr,5c2981a48bf5689c404593f3e67f6991-2,2026-09-25T06:30:41Z
2024-08-28,agoyan,621014469,high_res,9,76.197,s3://geoglows-v2-forecasts/2024082800.zarr,5c2981a48bf5689c404593f3e67f6991-2,2026-09-25T06:30:41Z
2024-08-28,manduriacu,670078161,high_res,1,95.997,s3://geoglows-v2-forecasts/2024082800.zarr,5c2981a48bf5689c404593f3e67f6991-2,2026-09-25T06:30:41Z
2024-08-28,manduriacu,670078161,high_res,10,93.98,s3://geoglows-v2-forecasts/2024082800.zarr,5c2981a48bf5689c404593f3e67f6991-2,2026-09-25T06:30:41Z
2024-08-28,manduriacu,670078161,high_res,2,89.879,s3://geoglows-v2-forecasts/2024082800.zarr,5c2981a48bf5689c404593f3e67f6991-2,2026-09-25T06:30:41Z
2024-08-28,manduriacu,670078161,high_res,3,88.831,s3://geoglows-v2-forecasts/2024082800.zarr,5c2981a48bf5689c404593f3e67f6991-2,2026-09-25T06:30:41Z
2024-08-28,manduriacu,670078161,high_res,4,88.86,s3://geoglows-v2-forecasts/2024082800.zarr,5c2981a48bf5689c404593f3e67f6991-2,2026-09-25T06:30:41Z
2024-08-28,manduriacu,670078161,high_res,5,93.43,s3://geoglows-v2-forecasts/2024082800.zarr,5c2981a48bf5689c404593f3e67f6991-2,2026-09-25T06:30:41Z
2024-08-28,manduriacu,670078161,high_res,6,101.207,s3://geoglows-v2-forecasts/2024082800.zarr,5c2981a48bf5689c404593f3e67f6991-2,2026-09-25T06:30:41Z
2024-08-28,manduriacu,670078161,high_res,7,102.616,s3://geoglows-v2-forecasts/2024082800.zarr,5c2981a48bf5689c404593f3e67f6991-2,2026-09-25T06:30:41Z
2024-08-28,manduriacu,670078161,high_res,8,104.718,s3://geoglows-v2-forecasts/2024082800.zarr,5c2981a48bf5689c404593f3e67f6991-2,2026-09-25T06:30:41Z
2024-08-28,manduriacu,670078161,high_res,9,101.825,s3://geoglows-v2-forecasts/2024082800.zarr,5c2981a48bf5689c404593f3e67f6991-2,2026-09-25T06:30:41Z
2024-08-28,minas_san_francisco,670027091,high_res,1,17.012,s3://geoglows-v2-forecasts/2024082800.zarr,5c2981a48bf5689c404593f3e67f6991-2,2026-09-25T06:30:41Z
2024-08-28,minas_san_francisco,670027091,high_res,10,11.068,s3://geoglows-v2-forecasts/2024082800.zarr,5c2981a48bf5689c404593f3e67f6991-2,2026-09-25T06:30:41Z
2024-08-28,minas_san_francisco,670027091,high_res,2,19.185,s3://geoglows-v2-forecasts/2024082800.zarr,5c2981a48bf5689c404593f3e67f6991-2,2026-09-25T06:30:41Z
2024-08-28,minas_san_francisco,670027091,high_res,3,15.939,s3://geoglows-v2-forecasts/2024082800.zarr,5c2981a48bf5689c404593f3e67f6991-2,2026-09-25T06:30:41Z
2024-08-28,minas_san_francisco,670027091,high_res,4,12.58,s3://geoglows-v2-forecasts/2024082800.zarr,5c2981a48bf5689c404593f3e67f6991-2,2026-09-25T06:30:41Z
2024-08-28,minas_san_francisco,670027091,high_res,5,11.583,s3://geoglows-v2-forecasts/2024082800.zarr,5c2981a48bf5689c404593f3e67f6991-2,2026-09-25T06:30:41Z
2024-08-28,minas_san_francisco,670027091,high_res,6,11.637,s3://geoglows-v2-forecasts/2024082800.zarr,5c2981a48bf5689c404593f3e67f6991-2,2026-09-25T06:30:41Z
2024-08-28,minas_san_francisco,670027091,high_res,7,11.85,s3://geoglows-v2-forecasts/2024082800.zarr,5c2981a48bf5689c404593f3e67f6991-2,2026-09-25T06:30:41Z
2024-08-28,minas_san_francisco,670027091,high_res,8,11.856,s3://geoglows-v2-forecasts/2024082800.zarr,5c2981a48bf5689c404593f3e67f6991-2,2026-09-25T06:30:41Z
2024-08-28,minas_san_francisco,670027091,high_res,9,11.569,s3://geoglows-v2-forecasts/2024082800.zarr,5c2981a48bf5689c404593f3e67f6991-2,2026-09-25T06:30:41Z
2024-08-29,agoyan,621014469,high_res,1,94.678,s3://geoglows-v2-forecasts/2024082900.zarr,1bbf3d23783117145a87abcef7352933-2,2026-09-25T06:30:42Z
2024-08-29,agoyan,621014469,high_res,10,70.919,s3://geoglows-v2-forecasts/2024082900.zarr,1bbf3d23783117145a87abcef7352933-2,2026-09-25T06:30:42Z
2024-08-29,agoyan,621014469,high_res,2,85.069,s3://geoglows-v2-forecasts/2024082900.zarr,1bbf3d23783117145a87abcef7352933-2,2026-09-25T06:30:42Z
2024-08-29,agoyan,621014469,high_res,3,80.7,s3://geoglows-v2-forecasts/2024082900.zarr,1bbf3d23783117145a87abcef7352933-2,2026-09-25T06:30:42Z
2024-08-29,agoyan,621014469,high_res,4,77.891,s3://geoglows-v2-forecasts/2024082900.zarr,1bbf3d23783117145a87abcef7352933-2,2026-09-25T06:30:42Z
2024-08-29,agoyan,621014469,high_res,5,74.252,s3://geoglows-v2-forecasts/2024082900.zarr,1bbf3d23783117145a87abcef7352933-2,2026-09-25T06:30:42Z
2024-08-29,agoyan,621014469,high_res,6,73.635,s3://geoglows-v2-forecasts/2024082900.zarr,1bbf3d23783117145a87abcef7352933-2,2026-09-25T06:30:42Z
2024-08-29,agoyan,621014469,high_res,7,74.027,s3://geoglows-v2-forecasts/2024082900.zarr,1bbf3d23783117145a87abcef7352933-2,2026-09-25T06:30:42Z
2024-08-29,agoyan,621014469,high_res,8,72.626,s3://geoglows-v2-forecasts/2024082900.zarr,1bbf3d23783117145a87abcef7352933-2,2026-09-25T06:30:42Z
2024-08-29,agoyan,621014469,high_res,9,71.252,s3://geoglows-v2-forecasts/2024082900.zarr,1bbf3d23783117145a87abcef7352933-2,2026-09-25T06:30:42Z
2024-08-29,manduriacu,670078161,high_res,1,87.927,s3://geoglows-v2-forecasts/2024082900.zarr,1bbf3d23783117145a87abcef7352933-2,2026-09-25T06:30:42Z
2024-08-29,manduriacu,670078161,high_res,10,96.229,s3://geoglows-v2-forecasts/2024082900.zarr,1bbf3d23783117145a87abcef7352933-2,2026-09-25T06:30:42Z
2024-08-29,manduriacu,670078161,high_res,2,83.781,s3://geoglows-v2-forecasts/2024082900.zarr,1bbf3d23783117145a87abcef7352933-2,2026-09-25T06:30:42Z
2024-08-29,manduriacu,670078161,high_res,3,82.177,s3://geoglows-v2-forecasts/2024082900.zarr,1bbf3d23783117145a87abcef7352933-2,2026-09-25T06:30:42Z
2024-08-29,manduriacu,670078161,high_res,4,87.684,s3://geoglows-v2-forecasts/2024082900.zarr,1bbf3d23783117145a87abcef7352933-2,2026-09-25T06:30:42Z
2024-08-29,manduriacu,670078161,high_res,5,92.563,s3://geoglows-v2-forecasts/2024082900.zarr,1bbf3d23783117145a87abcef7352933-2,2026-09-25T06:30:42Z
2024-08-29,manduriacu,670078161,high_res,6,95.989,s3://geoglows-v2-forecasts/2024082900.zarr,1bbf3d23783117145a87abcef7352933-2,2026-09-25T06:30:42Z
2024-08-29,manduriacu,670078161,high_res,7,99.733,s3://geoglows-v2-forecasts/2024082900.zarr,1bbf3d23783117145a87abcef7352933-2,2026-09-25T06:30:42Z
2024-08-29,manduriacu,670078161,high_res,8,95.999,s3://geoglows-v2-forecasts/2024082900.zarr,1bbf3d23783117145a87abcef7352933-2,2026-09-25T06:30:42Z
2024-08-29,manduriacu,670078161,high_res,9,96.028,s3://geoglows-v2-forecasts/2024082900.zarr,1bbf3d23783117145a87abcef7352933-2,2026-09-25T06:30:42Z
2024-08-29,minas_san_francisco,670027091,high_res,1,18.934,s3://geoglows-v2-forecasts/2024082900.zarr,1bbf3d23783117145a87abcef7352933-2,2026-09-25T06:30:42Z
2024-08-29,minas_san_francisco,670027091,high_res,10,10.724,s3://geoglows-v2-forecasts/2024082900.zarr,1bbf3d23783117145a87abcef7352933-2,2026-09-25T06:30:42Z
2024-08-29,minas_san_francisco,670027091,high_res,2,15.91,s3://geoglows-v2-forecasts/2024082900.zarr,1bbf3d23783117145a87abcef7352933-2,2026-09-25T06:30:42Z
2024-08-29,minas_san_francisco,670027091,high_res,3,12.504,s3://geoglows-v2-forecasts/2024082900.zarr,1bbf3d23783117145a87abcef7352933-2,2026-09-25T06:30:42Z
2024-08-29,minas_san_francisco,670027091,high_res,4,11.684,s3://geoglows-v2-forecasts/2024082900.zarr,1bbf3d23783117145a87abcef7352933-2,2026-09-25T06:30:42Z
2024-08-29,minas_san_francisco,670027091,high_res,5,11.514,s3://geoglows-v2-forecasts/2024082900.zarr,1bbf3d23783117145a87abcef7352933-2,2026-09-25T06:30:42Z
2024-08-29,minas_san_francisco,670027091,high_res,6,11.326,s3://geoglows-v2-forecasts/2024082900.zarr,1bbf3d23783117145a87abcef7352933-2,2026-09-25T06:30:42Z
2024-08-29,minas_san_francisco,670027091,high_res,7,11.446,s3://geoglows-v2-forecasts/2024082900.zarr,1bbf3d23783117145a87abcef7352933-2,2026-09-25T06:30:42Z
2024-08-29,minas_san_francisco,670027091,high_res,8,11.281,s3://geoglows-v2-forecasts/2024082900.zarr,1bbf3d23783117145a87abcef7352933-2,2026-09-25T06:30:42Z
2024-08-29,minas_san_francisco,670027091,high_res,9,10.859,s3://geoglows-v2-forecasts/2024082900.zarr,1bbf3d23783117145a87abcef7352933-2,2026-09-25T06:30:42Z
2024-08-30,agoyan,621014469,high_res,1,84.663,s3://geoglows-v2-forecasts/2024083000.zarr,6bae61f9dc65095469eae703877b8825-2,2026-09-25T06:30:41Z
2024-08-30,agoyan,621014469,high_res,10,75.999,s3://geoglows-v2-forecasts/2024083000.zarr,6bae61f9dc65095469eae703877b8825-2,2026-09-25T06:30:41Z
2024-08-30,agoyan,621014469,high_res,2,79.531,s3://geoglows-v2-forecasts/2024083000.zarr,6bae61f9dc65095469eae703877b8825-2,2026-09-25T06:30:41Z
2024-08-30,agoyan,621014469,high_res,3,75.57,s3://geoglows-v2-forecasts/2024083000.zarr,6bae61f9dc65095469eae703877b8825-2,2026-09-25T06:30:41Z
2024-08-30,agoyan,621014469,high_res,4,72.486,s3://geoglows-v2-forecasts/2024083000.zarr,6bae61f9dc65095469eae703877b8825-2,2026-09-25T06:30:41Z
2024-08-30,agoyan,621014469,high_res,5,71.84,s3://geoglows-v2-forecasts/2024083000.zarr,6bae61f9dc65095469eae703877b8825-2,2026-09-25T06:30:41Z
2024-08-30,agoyan,621014469,high_res,6,73.495,s3://geoglows-v2-forecasts/2024083000.zarr,6bae61f9dc65095469eae703877b8825-2,2026-09-25T06:30:41Z
2024-08-30,agoyan,621014469,high_res,7,73.309,s3://geoglows-v2-forecasts/2024083000.zarr,6bae61f9dc65095469eae703877b8825-2,2026-09-25T06:30:41Z
2024-08-30,agoyan,621014469,high_res,8,76.306,s3://geoglows-v2-forecasts/2024083000.zarr,6bae61f9dc65095469eae703877b8825-2,2026-09-25T06:30:41Z
2024-08-30,agoyan,621014469,high_res,9,75.865,s3://geoglows-v2-forecasts/2024083000.zarr,6bae61f9dc65095469eae703877b8825-2,2026-09-25T06:30:41Z
2024-08-30,manduriacu,670078161,high_res,1,82.403,s3://geoglows-v2-forecasts/2024083000.zarr,6bae61f9dc65095469eae703877b8825-2,2026-09-25T06:30:41Z
2024-08-30,manduriacu,670078161,high_res,10,94.903,s3://geoglows-v2-forecasts/2024083000.zarr,6bae61f9dc65095469eae703877b8825-2,2026-09-25T06:30:41Z
2024-08-30,manduriacu,670078161,high_res,2,81.22,s3://geoglows-v2-forecasts/2024083000.zarr,6bae61f9dc65095469eae703877b8825-2,2026-09-25T06:30:41Z
2024-08-30,manduriacu,670078161,high_res,3,83.579,s3://geoglows-v2-forecasts/2024083000.zarr,6bae61f9dc65095469eae703877b8825-2,2026-09-25T06:30:41Z
2024-08-30,manduriacu,670078161,high_res,4,89.034,s3://geoglows-v2-forecasts/2024083000.zarr,6bae61f9dc65095469eae703877b8825-2,2026-09-25T06:30:41Z
2024-08-30,manduriacu,670078161,high_res,5,97.789,s3://geoglows-v2-forecasts/2024083000.zarr,6bae61f9dc65095469eae703877b8825-2,2026-09-25T06:30:41Z
2024-08-30,manduriacu,670078161,high_res,6,103.524,s3://geoglows-v2-forecasts/2024083000.zarr,6bae61f9dc65095469eae703877b8825-2,2026-09-25T06:30:41Z
2024-08-30,manduriacu,670078161,high_res,7,100.077,s3://geoglows-v2-forecasts/2024083000.zarr,6bae61f9dc65095469eae703877b8825-2,2026-09-25T06:30:41Z
2024-08-30,manduriacu,670078161,high_res,8,102.569,s3://geoglows-v2-forecasts/2024083000.zarr,6bae61f9dc65095469eae703877b8825-2,2026-09-25T06:30:41Z
2024-08-30,manduriacu,670078161,high_res,9,100.557,s3://geoglows-v2-forecasts/2024083000.zarr,6bae61f9dc65095469eae703877b8825-2,2026-09-25T06:30:41Z
2024-08-30,minas_san_francisco,670027091,high_res,1,15.912,s3://geoglows-v2-forecasts/2024083000.zarr,6bae61f9dc65095469eae703877b8825-2,2026-09-25T06:30:41Z
2024-08-30,minas_san_francisco,670027091,high_res,10,11.283,s3://geoglows-v2-forecasts/2024083000.zarr,6bae61f9dc65095469eae703877b8825-2,2026-09-25T06:30:41Z
2024-08-30,minas_san_francisco,670027091,high_res,2,12.152,s3://geoglows-v2-forecasts/2024083000.zarr,6bae61f9dc65095469eae703877b8825-2,2026-09-25T06:30:41Z
2024-08-30,minas_san_francisco,670027091,high_res,3,10.99,s3://geoglows-v2-forecasts/2024083000.zarr,6bae61f9dc65095469eae703877b8825-2,2026-09-25T06:30:41Z
2024-08-30,minas_san_francisco,670027091,high_res,4,11.037,s3://geoglows-v2-forecasts/2024083000.zarr,6bae61f9dc65095469eae703877b8825-2,2026-09-25T06:30:41Z
2024-08-30,minas_san_francisco,670027091,high_res,5,11.143,s3://geoglows-v2-forecasts/2024083000.zarr,6bae61f9dc65095469eae703877b8825-2,2026-09-25T06:30:41Z
2024-08-30,minas_san_francisco,670027091,high_res,6,11.124,s3://geoglows-v2-forecasts/2024083000.zarr,6bae61f9dc65095469eae703877b8825-2,2026-09-25T06:30:41Z
2024-08-30,minas_san_francisco,670027091,high_res,7,11.103,s3://geoglows-v2-forecasts/2024083000.zarr,6bae61f9dc65095469eae703877b8825-2,2026-09-25T06:30:41Z
2024-08-30,minas_san_francisco,670027091,high_res,8,10.8,s3://geoglows-v2-forecasts/2024083000.zarr,6bae61f9dc65095469eae703877b8825-2,2026-09-25T06:30:41Z
2024-08-30,minas_san_francisco,670027091,high_res,9,10.77,s3://geoglows-v2-forecasts/2024083000.zarr,6bae61f9dc65095469eae703877b8825-2,2026-09-25T06:30:41Z
2024-08-31,agoyan,621014469,high_res,1,78.938,s3://geoglows-v2-forecasts/2024083100.zarr,0dfdc8c3ec3a447a44df352486ea9095-2,2026-09-25T06:30:42Z
2024-08-31,agoyan,621014469,high_res,10,77.399,s3://geoglows-v2-forecasts/2024083100.zarr,0dfdc8c3ec3a447a44df352486ea9095-2,2026-09-25T06:30:42Z
2024-08-31,agoyan,621014469,high_res,2,74.201,s3://geoglows-v2-forecasts/2024083100.zarr,0dfdc8c3ec3a447a44df352486ea9095-2,2026-09-25T06:30:42Z
2024-08-31,agoyan,621014469,high_res,3,70.313,s3://geoglows-v2-forecasts/2024083100.zarr,0dfdc8c3ec3a447a44df352486ea9095-2,2026-09-25T06:30:42Z
2024-08-31,agoyan,621014469,high_res,4,68.419,s3://geoglows-v2-forecasts/2024083100.zarr,0dfdc8c3ec3a447a44df352486ea9095-2,2026-09-25T06:30:42Z
2024-08-31,agoyan,621014469,high_res,5,69.758,s3://geoglows-v2-forecasts/2024083100.zarr,0dfdc8c3ec3a447a44df352486ea9095-2,2026-09-25T06:30:42Z
2024-08-31,agoyan,621014469,high_res,6,71.978,s3://geoglows-v2-forecasts/2024083100.zarr,0dfdc8c3ec3a447a44df352486ea9095-2,2026-09-25T06:30:42Z
2024-08-31,agoyan,621014469,high_res,7,74.717,s3://geoglows-v2-forecasts/2024083100.zarr,0dfdc8c3ec3a447a44df352486ea9095-2,2026-09-25T06:30:42Z
2024-08-31,agoyan,621014469,high_res,8,75.864,s3://geoglows-v2-forecasts/2024083100.zarr,0dfdc8c3ec3a447a44df352486ea9095-2,2026-09-25T06:30:42Z
2024-08-31,agoyan,621014469,high_res,9,76.611,s3://geoglows-v2-forecasts/2024083100.zarr,0dfdc8c3ec3a447a44df352486ea9095-2,2026-09-25T06:30:42Z
2024-08-31,manduriacu,670078161,high_res,1,77.573,s3://geoglows-v2-forecasts/2024083100.zarr,0dfdc8c3ec3a447a44df352486ea9095-2,2026-09-25T06:30:42Z
2024-08-31,manduriacu,670078161,high_res,10,92.089,s3://geoglows-v2-forecasts/2024083100.zarr,0dfdc8c3ec3a447a44df352486ea9095-2,2026-09-25T06:30:42Z
2024-08-31,manduriacu,670078161,high_res,2,76.25,s3://geoglows-v2-forecasts/2024083100.zarr,0dfdc8c3ec3a447a44df352486ea9095-2,2026-09-25T06:30:42Z
2024-08-31,manduriacu,670078161,high_res,3,85.32,s3://geoglows-v2-forecasts/2024083100.zarr,0dfdc8c3ec3a447a44df352486ea9095-2,2026-09-25T06:30:42Z
2024-08-31,manduriacu,670078161,high_res,4,91.383,s3://geoglows-v2-forecasts/2024083100.zarr,0dfdc8c3ec3a447a44df352486ea9095-2,2026-09-25T06:30:42Z
2024-08-31,manduriacu,670078161,high_res,5,96.956,s3://geoglows-v2-forecasts/2024083100.zarr,0dfdc8c3ec3a447a44df352486ea9095-2,2026-09-25T06:30:42Z
2024-08-31,manduriacu,670078161,high_res,6,96.667,s3://geoglows-v2-forecasts/2024083100.zarr,0dfdc8c3ec3a447a44df352486ea9095-2,2026-09-25T06:30:42Z
2024-08-31,manduriacu,670078161,high_res,7,103.836,s3://geoglows-v2-forecasts/2024083100.zarr,0dfdc8c3ec3a447a44df352486ea9095-2,2026-09-25T06:30:42Z
2024-08-31,manduriacu,670078161,high_res,8,105.176,s3://geoglows-v2-forecasts/2024083100.zarr,0dfdc8c3ec3a447a44df352486ea9095-2,2026-09-25T06:30:42Z
2024-08-31,manduriacu,670078161,high_res,9,96.913,s3://geoglows-v2-forecasts/2024083100.zarr,0dfdc8c3ec3a447a44df352486ea9095-2,2026-09-25T06:30:42Z
2024-08-31,minas_san_francisco,670027091,high_res,1,12.046,s3://geoglows-v2-forecasts/2024083100.zarr,0dfdc8c3ec3a447a44df352486ea9095-2,2026-09-25T06:30:42Z
2024-08-31,minas_san_francisco,670027091,high_res,10,12.176,s3://geoglows-v2-forecasts/2024083100.zarr,0dfdc8c3ec3a447a44df352486ea9095-2,2026-09-25T06:30:42Z
2024-08-31,minas_san_francisco,670027091,high_res,2,10.646,s3://geoglows-v2-forecasts/2024083100.zarr,0dfdc8c3ec3a447a44df352486ea9095-2,2026-09-25T06:30:42Z
2024-08-31,minas_san_francisco,670027091,high_res,3,10.672,s3://geoglows-v2-forecasts/2024083100.zarr,0dfdc8c3ec3a447a44df352486ea9095-2,2026-09-25T06:30:42Z
2024-08-31,minas_san_francisco,670027091,high_res,4,10.872,s3://geoglows-v2-forecasts/2024083100.zarr,0dfdc8c3ec3a447a44df352486ea9095-2,2026-09-25T06:30:42Z
2024-08-31,minas_san_francisco,670027091,high_res,5,11.134,s3://geoglows-v2-forecasts/2024083100.zarr,0dfdc8c3ec3a447a44df352486ea9095-2,2026-09-25T06:30:42Z
2024-08-31,minas_san_francisco,670027091,high_res,6,11.299,s3://geoglows-v2-forecasts/2024083100.zarr,0dfdc8c3ec3a447a44df352486ea9095-2,2026-09-25T06:30:42Z
2024-08-31,minas_san_francisco,670027091,high_res,7,10.916,s3://geoglows-v2-forecasts/2024083100.zarr,0dfdc8c3ec3a447a44df352486ea9095-2,2026-09-25T06:30:42Z
2024-08-31,minas_san_francisco,670027091,high_res,8,10.624,s3://geoglows-v2-forecasts/2024083100.zarr,0dfdc8c3ec3a447a44df352486ea9095-2,2026-09-25T06:30:42Z
2024-08-31,minas_san_francisco,670027091,high_res,9,11.369,s3://geoglows-v2-forecasts/2024083100.zarr,0dfdc8c3ec3a447a44df352486ea9095-2,2026-09-25T06:30:42Z
2024-09-01,agoyan,621014469,high_res,1,73.834,s3://geoglows-v2-forecasts/2024090100.zarr,6b44f8e3687d489dbae268c96b22911d-2,2026-09-25T06:30:45Z
2024-09-01,agoyan,621014469,high_res,10,83.304,s3://geoglows-v2-forecasts/2024090100.zarr,6b44f8e3687d489dbae268c96b22911d-2,2026-09-25T06:30:45Z
2024-09-01,agoyan,621014469,high_res,2,68.672,s3://geoglows-v2-forecasts/2024090100.zarr,6b44f8e3687d489dbae268c96b22911d-2,2026-09-25T06:30:45Z
2024-09-01,agoyan,621014469,high_res,3,66.49,s3://geoglows-v2-forecasts/2024090100.zarr,6b44f8e3687d489dbae268c96b22911d-2,2026-09-25T06:30:45Z
2024-09-01,agoyan,621014469,high_res,4,67.893,s3://geoglows-v2-forecasts/2024090100.zarr,6b44f8e3687d489dbae268c96b22911d-2,2026-09-25T06:30:45Z
2024-09-01,agoyan,621014469,high_res,5,70.19,s3://geoglows-v2-forecasts/2024090100.zarr,6b44f8e3687d489dbae268c96b22911d-2,2026-09-25T06:30:45Z
2024-09-01,agoyan,621014469,high_res,6,71.638,s3://geoglows-v2-forecasts/2024090100.zarr,6b44f8e3687d489dbae268c96b22911d-2,2026-09-25T06:30:45Z
2024-09-01,agoyan,621014469,high_res,7,74.137,s3://geoglows-v2-forecasts/2024090100.zarr,6b44f8e3687d489dbae268c96b22911d-2,2026-09-25T06:30:45Z
2024-09-01,agoyan,621014469,high_res,8,75.199,s3://geoglows-v2-forecasts/2024090100.zarr,6b44f8e3687d489dbae268c96b22911d-2,2026-09-25T06:30:45Z
2024-09-01,agoyan,621014469,high_res,9,79.258,s3://geoglows-v2-forecasts/2024090100.zarr,6b44f8e3687d489dbae268c96b22911d-2,2026-09-25T06:30:45Z
2024-09-01,manduriacu,670078161,high_res,1,74.572,s3://geoglows-v2-forecasts/2024090100.zarr,6b44f8e3687d489dbae268c96b22911d-2,2026-09-25T06:30:45Z
2024-09-01,manduriacu,670078161,high_res,10,85.873,s3://geoglows-v2-forecasts/2024090100.zarr,6b44f8e3687d489dbae268c96b22911d-2,2026-09-25T06:30:45Z
2024-09-01,manduriacu,670078161,high_res,2,74.989,s3://geoglows-v2-forecasts/2024090100.zarr,6b44f8e3687d489dbae268c96b22911d-2,2026-09-25T06:30:45Z
2024-09-01,manduriacu,670078161,high_res,3,77.232,s3://geoglows-v2-forecasts/2024090100.zarr,6b44f8e3687d489dbae268c96b22911d-2,2026-09-25T06:30:45Z
2024-09-01,manduriacu,670078161,high_res,4,81.776,s3://geoglows-v2-forecasts/2024090100.zarr,6b44f8e3687d489dbae268c96b22911d-2,2026-09-25T06:30:45Z
2024-09-01,manduriacu,670078161,high_res,5,83.19,s3://geoglows-v2-forecasts/2024090100.zarr,6b44f8e3687d489dbae268c96b22911d-2,2026-09-25T06:30:45Z
2024-09-01,manduriacu,670078161,high_res,6,89.022,s3://geoglows-v2-forecasts/2024090100.zarr,6b44f8e3687d489dbae268c96b22911d-2,2026-09-25T06:30:45Z
2024-09-01,manduriacu,670078161,high_res,7,91.49,s3://geoglows-v2-forecasts/2024090100.zarr,6b44f8e3687d489dbae268c96b22911d-2,2026-09-25T06:30:45Z
2024-09-01,manduriacu,670078161,high_res,8,88.209,s3://geoglows-v2-forecasts/2024090100.zarr,6b44f8e3687d489dbae268c96b22911d-2,2026-09-25T06:30:45Z
2024-09-01,manduriacu,670078161,high_res,9,85.216,s3://geoglows-v2-forecasts/2024090100.zarr,6b44f8e3687d489dbae268c96b22911d-2,2026-09-25T06:30:45Z
2024-09-01,minas_san_francisco,670027091,high_res,1,10.389,s3://geoglows-v2-forecasts/2024090100.zarr,6b44f8e3687d489dbae268c96b22911d-2,2026-09-25T06:30:45Z
2024-09-01,minas_san_francisco,670027091,high_res,10,11.485,s3://geoglows-v2-forecasts/2024090100.zarr,6b44f8e3687d489dbae268c96b22911d-2,2026-09-25T06:30:45Z
2024-09-01,minas_san_francisco,670027091,high_res,2,10.365,s3://geoglows-v2-forecasts/2024090100.zarr,6b44f8e3687d489dbae268c96b22911d-2,2026-09-25T06:30:45Z
2024-09-01,minas_san_francisco,670027091,high_res,3,10.964,s3://geoglows-v2-forecasts/2024090100.zarr,6b44f8e3687d489dbae268c96b22911d-2,2026-09-25T06:30:45Z
2024-09-01,minas_san_francisco,670027091,high_res,4,11.738,s3://geoglows-v2-forecasts/2024090100.zarr,6b44f8e3687d489dbae268c96b22911d-2,2026-09-25T06:30:45Z
2024-09-01,minas_san_francisco,670027091,high_res,5,12.107,s3://geoglows-v2-forecasts/2024090100.zarr,6b44f8e3687d489dbae268c96b22911d-2,2026-09-25T06:30:45Z
2024-09-01,minas_san_francisco,670027091,high_res,6,11.114,s3://geoglows-v2-forecasts/2024090100.zarr,6b44f8e3687d489dbae268c96b22911d-2,2026-09-25T06:30:45Z
2024-09-01,minas_san_francisco,670027091,high_res,7,10.739,s3://geoglows-v2-forecasts/2024090100.zarr,6b44f8e3687d489dbae268c96b22911d-2,2026-09-25T06:30:45Z
2024-09-01,minas_san_francisco,670027091,high_res,8,11.208,s3://geoglows-v2-forecasts/2024090100.zarr,6b44f8e3687d489dbae268c96b22911d-2,2026-09-25T06:30:45Z
2024-09-01,minas_san_francisco,670027091,high_res,9,11.902,s3://geoglows-v2-forecasts/2024090100.zarr,6b44f8e3687d489dbae268c96b22911d-2,2026-09-25T06:30:45Z
2024-09-02,agoyan,621014469,high_res,1,68.978,s3://geoglows-v2-forecasts/2024090200.zarr,54cdb77466291d76e04ed1d198e1ce3d-2,2026-09-25T06:30:46Z
2024-09-02,agoyan,621014469,high_res,10,88.809,s3://geoglows-v2-forecasts/2024090200.zarr,54cdb77466291d76e04ed1d198e1ce3d-2,2026-09-25T06:30:46Z
2024-09-02,agoyan,621014469,high_res,2,65.893,s3://geoglows-v2-forecasts/2024090200.zarr,54cdb77466291d76e04ed1d198e1ce3d-2,2026-09-25T06:30:46Z
2024-09-02,agoyan,621014469,high_res,3,67.122,s3://geoglows-v2-forecasts/2024090200.zarr,54cdb77466291d76e04ed1d198e1ce3d-2,2026-09-25T06:30:46Z
2024-09-02,agoyan,621014469,high_res,4,69.395,s3://geoglows-v2-forecasts/2024090200.zarr,54cdb77466291d76e04ed1d198e1ce3d-2,2026-09-25T06:30:46Z
2024-09-02,agoyan,621014469,high_res,5,72.376,s3://geoglows-v2-forecasts/2024090200.zarr,54cdb77466291d76e04ed1d198e1ce3d-2,2026-09-25T06:30:46Z
2024-09-02,agoyan,621014469,high_res,6,75.51,s3://geoglows-v2-forecasts/2024090200.zarr,54cdb77466291d76e04ed1d198e1ce3d-2,2026-09-25T06:30:46Z
2024-09-02,agoyan,621014469,high_res,7,76.596,s3://geoglows-v2-forecasts/2024090200.zarr,54cdb77466291d76e04ed1d198e1ce3d-2,2026-09-25T06:30:46Z
2024-09-02,agoyan,621014469,high_res,8,80.485,s3://geoglows-v2-forecasts/2024090200.zarr,54cdb77466291d76e04ed1d198e1ce3d-2,2026-09-25T06:30:46Z
2024-09-02,agoyan,621014469,high_res,9,85.248,s3://geoglows-v2-forecasts/2024090200.zarr,54cdb77466291d76e04ed1d198e1ce3d-2,2026-09-25T06:30:46Z
2024-09-02,manduriacu,670078161,high_res,1,72.179,s3://geoglows-v2-forecasts/2024090200.zarr,54cdb77466291d76e04ed1d198e1ce3d-2,2026-09-25T06:30:46Z
2024-09-02,manduriacu,670078161,high_res,10,85.249,s3://geoglows-v2-forecasts/2024090200.zarr,54cdb77466291d76e04ed1d198e1ce3d-2,2026-09-25T06:30:46Z
2024-09-02,manduriacu,670078161,high_res,2,72.964,s3://geoglows-v2-forecasts/2024090200.zarr,54cdb77466291d76e04ed1d198e1ce3d-2,2026-09-25T06:30:46Z
2024-09-02,manduriacu,670078161,high_res,3,77.081,s3://geoglows-v2-forecasts/2024090200.zarr,54cdb77466291d76e04ed1d198e1ce3d-2,2026-09-25T06:30:46Z
2024-09-02,manduriacu,670078161,high_res,4,79.227,s3://geoglows-v2-forecasts/2024090200.zarr,54cdb77466291d76e04ed1d198e1ce3d-2,2026-09-25T06:30:46Z
2024-09-02,manduriacu,670078161,high_res,5,81.445,s3://geoglows-v2-forecasts/2024090200.zarr,54cdb77466291d76e04ed1d198e1ce3d-2,2026-09-25T06:30:46Z
2024-09-02,manduriacu,670078161,high_res,6,82.007,s3://geoglows-v2-forecasts/2024090200.zarr,54cdb77466291d76e04ed1d198e1ce3d-2,2026-09-25T06:30:46Z
2024-09-02,manduriacu,670078161,high_res,7,79.003,s3://geoglows-v2-forecasts/2024090200.zarr,54cdb77466291d76e04ed1d198e1ce3d-2,2026-09-25T06:30:46Z
2024-09-02,manduriacu,670078161,high_res,8,79.145,s3://geoglows-v2-forecasts/2024090200.zarr,54cdb77466291d76e04ed1d198e1ce3d-2,2026-09-25T06:30:46Z
2024-09-02,manduriacu,670078161,high_res,9,86.815,s3://geoglows-v2-forecasts/2024090200.zarr,54cdb77466291d76e04ed1d198e1ce3d-2,2026-09-25T06:30:46Z
2024-09-02,minas_san_francisco,670027091,high_res,1,9.992,s3://geoglows-v2-forecasts/2024090200.zarr,54cdb77466291d76e04ed1d198e1ce3d-2,2026-09-25T06:30:46Z
2024-09-02,minas_san_francisco,670027091,high_res,10,12.127,s3://geoglows-v2-forecasts/2024090200.zarr,54cdb77466291d76e04ed1d198e1ce3d-2,2026-09-25T06:30:46Z
2024-09-02,minas_san_francisco,670027091,high_res,2,10.226,s3://geoglows-v2-forecasts/2024090200.zarr,54cdb77466291d76e04ed1d198e1ce3d-2,2026-09-25T06:30:46Z
2024-09-02,minas_san_francisco,670027091,high_res,3,10.881,s3://geoglows-v2-forecasts/2024090200.zarr,54cdb77466291d76e04ed1d198e1ce3d-2,2026-09-25T06:30:46Z
2024-09-02,minas_san_francisco,670027091,high_res,4,11.558,s3://geoglows-v2-forecasts/2024090200.zarr,54cdb77466291d76e04ed1d198e1ce3d-2,2026-09-25T06:30:46Z
2024-09-02,minas_san_francisco,670027091,high_res,5,11.177,s3://geoglows-v2-forecasts/2024090200.zarr,54cdb77466291d76e04ed1d198e1ce3d-2,2026-09-25T06:30:46Z
2024-09-02,minas_san_francisco,670027091,high_res,6,10.907,s3://geoglows-v2-forecasts/2024090200.zarr,54cdb77466291d76e04ed1d198e1ce3d-2,2026-09-25T06:30:46Z
2024-09-02,minas_san_francisco,670027091,high_res,7,12.274,s3://geoglows-v2-forecasts/2024090200.zarr,54cdb77466291d76e04ed1d198e1ce3d-2,2026-09-25T06:30:46Z
2024-09-02,minas_san_francisco,670027091,high_res,8,14.082,s3://geoglows-v2-forecasts/2024090200.zarr,54cdb77466291d76e04ed1d198e1ce3d-2,2026-09-25T06:30:46Z
2024-09-02,minas_san_francisco,670027091,high_res,9,13.632,s3://geoglows-v2-forecasts/2024090200.zarr,54cdb77466291d76e04ed1d198e1ce3d-2,2026-09-25T06:30:46Z
2024-09-03,agoyan,621014469,high_res,1,65.847,s3://geoglows-v2-forecasts/2024090300.zarr,79fada1daf4d4378e015e8ab23abad16-2,2026-09-25T06:30:46Z
2024-09-03,agoyan,621014469,high_res,10,85.119,s3://geoglows-v2-forecasts/2024090300.zarr,79fada1daf4d4378e015e8ab23abad16-2,2026-09-25T06:30:46Z
2024-09-03,agoyan,621014469,high_res,2,66.05,s3://geoglows-v2-forecasts/2024090300.zarr,79fada1daf4d4378e015e8ab23abad16-2,2026-09-25T06:30:46Z
2024-09-03,agoyan,621014469,high_res,3,67.594,s3://geoglows-v2-forecasts/2024090300.zarr,79fada1daf4d4378e015e8ab23abad16-2,2026-09-25T06:30:46Z
2024-09-03,agoyan,621014469,high_res,4,71.106,s3://geoglows-v2-forecasts/2024090300.zarr,79fada1daf4d4378e015e8ab23abad16-2,2026-09-25T06:30:46Z
2024-09-03,agoyan,621014469,high_res,5,74.788,s3://geoglows-v2-forecasts/2024090300.zarr,79fada1daf4d4378e015e8ab23abad16-2,2026-09-25T06:30:46Z
2024-09-03,agoyan,621014469,high_res,6,76.171,s3://geoglows-v2-forecasts/2024090300.zarr,79fada1daf4d4378e015e8ab23abad16-2,2026-09-25T06:30:46Z
2024-09-03,agoyan,621014469,high_res,7,81.052,s3://geoglows-v2-forecasts/2024090300.zarr,79fada1daf4d4378e015e8ab23abad16-2,2026-09-25T06:30:46Z
2024-09-03,agoyan,621014469,high_res,8,87.377,s3://geoglows-v2-forecasts/2024090300.zarr,79fada1daf4d4378e015e8ab23abad16-2,2026-09-25T06:30:46Z
2024-09-03,agoyan,621014469,high_res,9,89.894,s3://geoglows-v2-forecasts/2024090300.zarr,79fada1daf4d4378e015e8ab23abad16-2,2026-09-25T06:30:46Z
2024-09-03,manduriacu,670078161,high_res,1,71.139,s3://geoglows-v2-forecasts/2024090300.zarr,79fada1daf4d4378e015e8ab23abad16-2,2026-09-25T06:30:46Z
2024-09-03,manduriacu,670078161,high_res,10,76.081,s3://geoglows-v2-forecasts/2024090300.zarr,79fada1daf4d4378e015e8ab23abad16-2,2026-09-25T06:30:46Z
2024-09-03,manduriacu,670078161,high_res,2,75.669,s3://geoglows-v2-forecasts/2024090300.zarr,79fada1daf4d4378e015e8ab23abad16-2,2026-09-25T06:30:46Z
2024-09-03,manduriacu,670078161,high_res,3,78.542,s3://geoglows-v2-forecasts/2024090300.zarr,79fada1daf4d4378e015e8ab23abad16-2,2026-09-25T06:30:46Z
2024-09-03,manduriacu,670078161,high_res,4,79.584,s3://geoglows-v2-forecasts/2024090300.zarr,79fada1daf4d4378e015e8ab23abad16-2,2026-09-25T06:30:46Z
2024-09-03,manduriacu,670078161,high_res,5,81.749,s3://geoglows-v2-forecasts/2024090300.zarr,79fada1daf4d4378e015e8ab23abad16-2,2026-09-25T06:30:46Z
2024-09-03,manduriacu,670078161,high_res,6,81.631,s3://geoglows-v2-forecasts/2024090300.zarr,79fada1daf4d4378e015e8ab23abad16-2,2026-09-25T06:30:46Z
2024-09-03,manduriacu,670078161,high_res,7,82.045,s3://geoglows-v2-forecasts/2024090300.zarr,79fada1daf4d4378e015e8ab23abad16-2,2026-09-25T06:30:46Z
2024-09-03,manduriacu,670078161,high_res,8,85.382,s3://geoglows-v2-forecasts/2024090300.zarr,79fada1daf4d4378e015e8ab23abad16-2,2026-09-25T06:30:46Z
2024-09-03,manduriacu,670078161,high_res,9,81.377,s3://geoglows-v2-forecasts/2024090300.zarr,79fada1daf4d4378e015e8ab23abad16-2,2026-09-25T06:30:46Z
2024-09-03,minas_san_francisco,670027091,high_res,1,10.052,s3://geoglows-v2-forecasts/2024090300.zarr,79fada1daf4d4378e015e8ab23abad16-2,2026-09-25T06:30:46Z
2024-09-03,minas_san_francisco,670027091,high_res,10,13.142,s3://geoglows-v2-forecasts/2024090300.zarr,79fada1daf4d4378e015e8ab23abad16-2,2026-09-25T06:30:46Z
2024-09-03,minas_san_francisco,670027091,high_res,2,10.562,s3://geoglows-v2-forecasts/2024090300.zarr,79fada1daf4d4378e015e8ab23abad16-2,2026-09-25T06:30:46Z
2024-09-03,minas_san_francisco,670027091,high_res,3,11.37,s3://geoglows-v2-forecasts/2024090300.zarr,79fada1daf4d4378e015e8ab23abad16-2,2026-09-25T06:30:46Z
2024-09-03,minas_san_francisco,670027091,high_res,4,11.159,s3://geoglows-v2-forecasts/2024090300.zarr,79fada1daf4d4378e015e8ab23abad16-2,2026-09-25T06:30:46Z
2024-09-03,minas_san_francisco,670027091,high_res,5,11.095,s3://geoglows-v2-forecasts/2024090300.zarr,79fada1daf4d4378e015e8ab23abad16-2,2026-09-25T06:30:46Z
2024-09-03,minas_san_francisco,670027091,high_res,6,11.993,s3://geoglows-v2-forecasts/2024090300.zarr,79fada1daf4d4378e015e8ab23abad16-2,2026-09-25T06:30:46Z
2024-09-03,minas_san_francisco,670027091,high_res,7,12.864,s3://geoglows-v2-forecasts/2024090300.zarr,79fada1daf4d4378e015e8ab23abad16-2,2026-09-25T06:30:46Z
2024-09-03,minas_san_francisco,670027091,high_res,8,12.418,s3://geoglows-v2-forecasts/2024090300.zarr,79fada1daf4d4378e015e8ab23abad16-2,2026-09-25T06:30:46Z
2024-09-03,minas_san_francisco,670027091,high_res,9,12.394,s3://geoglows-v2-forecasts/2024090300.zarr,79fada1daf4d4378e015e8ab23abad16-2,2026-09-25T06:30:46Z
2024-09-04,agoyan,621014469,high_res,1,65.251,s3://geoglows-v2-forecasts/2024090400.zarr,131a17f143391ca87cdee92e981d4711-2,2026-09-25T06:30:46Z
2024-09-04,agoyan,621014469,high_res,10,79.194,s3://geoglows-v2-forecasts/2024090400.zarr,131a17f143391ca87cdee92e981d4711-2,2026-09-25T06:30:46Z
2024-09-04,agoyan,621014469,high_res,2,67.243,s3://geoglows-v2-forecasts/2024090400.zarr,131a17f143391ca87cdee92e981d4711-2,2026-09-25T06:30:46Z
2024-09-04,agoyan,621014469,high_res,3,73.27,s3://geoglows-v2-forecasts/2024090400.zarr,131a17f143391ca87cdee92e981d4711-2,2026-09-25T06:30:46Z
2024-09-04,agoyan,621014469,high_res,4,81.972,s3://geoglows-v2-forecasts/2024090400.zarr,131a17f143391ca87cdee92e981d4711-2,2026-09-25T06:30:46Z
2024-09-04,agoyan,621014469,high_res,5,87.974,s3://geoglows-v2-forecasts/2024090400.zarr,131a17f143391ca87cdee92e981d4711-2,2026-09-25T06:30:46Z
2024-09-04,agoyan,621014469,high_res,6,94.194,s3://geoglows-v2-forecasts/2024090400.zarr,131a17f143391ca87cdee92e981d4711-2,2026-09-25T06:30:46Z
2024-09-04,agoyan,621014469,high_res,7,98.173,s3://geoglows-v2-forecasts/2024090400.zarr,131a17f143391ca87cdee92e981d4711-2,2026-09-25T06:30:46Z
2024-09-04,agoyan,621014469,high_res,8,95.041,s3://geoglows-v2-forecasts/2024090400.zarr,131a17f143391ca87cdee92e981d4711-2,2026-09-25T06:30:46Z
2024-09-04,agoyan,621014469,high_res,9,86.323,s3://geoglows-v2-forecasts/2024090400.zarr,131a17f143391ca87cdee92e981d4711-2,2026-09-25T06:30:46Z
2024-09-04,manduriacu,670078161,high_res,1,69.747,s3://geoglows-v2-forecasts/2024090400.zarr,131a17f143391ca87cdee92e981d4711-2,2026-09-25T06:30:46Z
2024-09-04,manduriacu,670078161,high_res,10,78.107,s3://geoglows-v2-forecasts/2024090400.zarr,131a17f143391ca87cdee92e981d4711-2,2026-09-25T06:30:46Z
2024-09-04,manduriacu,670078161,high_res,2,68.924,s3://geoglows-v2-forecasts/2024090400.zarr,131a17f143391ca87cdee92e981d4711-2,2026-09-25T06:30:46Z
2024-09-04,manduriacu,670078161,high_res,3,71.225,s3://geoglows-v2-forecasts/2024090400.zarr,131a17f143391ca87cdee92e981d4711-2,2026-09-25T06:30:46Z
2024-09-04,manduriacu,670078161,high_res,4,75.836,s3://geoglows-v2-forecasts/2024090400.zarr,131a17f143391ca87cdee92e981d4711-2,2026-09-25T06:30:46Z
2024-09-04,manduriacu,670078161,high_res,5,79.623,s3://geoglows-v2-forecasts/2024090400.zarr,131a17f143391ca87cdee92e981d4711-2,2026-09-25T06:30:46Z
2024-09-04,manduriacu,670078161,high_res,6,79.306,s3://geoglows-v2-forecasts/2024090400.zarr,131a17f143391ca87cdee92e981d4711-2,2026-09-25T06:30:46Z
2024-09-04,manduriacu,670078161,high_res,7,81.524,s3://geoglows-v2-forecasts/2024090400.zarr,131a17f143391ca87cdee92e981d4711-2,2026-09-25T06:30:46Z
2024-09-04,manduriacu,670078161,high_res,8,79.308,s3://geoglows-v2-forecasts/2024090400.zarr,131a17f143391ca87cdee92e981d4711-2,2026-09-25T06:30:46Z
2024-09-04,manduriacu,670078161,high_res,9,77.564,s3://geoglows-v2-forecasts/2024090400.zarr,131a17f143391ca87cdee92e981d4711-2,2026-09-25T06:30:46Z
2024-09-04,minas_san_francisco,670027091,high_res,1,10.226,s3://geoglows-v2-forecasts/2024090400.zarr,131a17f143391ca87cdee92e981d4711-2,2026-09-25T06:30:46Z
2024-09-04,minas_san_francisco,670027091,high_res,10,11.421,s3://geoglows-v2-forecasts/2024090400.zarr,131a17f143391ca87cdee92e981d4711-2,2026-09-25T06:30:46Z
2024-09-04,minas_san_francisco,670027091,high_res,2,10.967,s3://geoglows-v2-forecasts/2024090400.zarr,131a17f143391ca87cdee92e981d4711-2,2026-09-25T06:30:46Z
2024-09-04,minas_san_francisco,670027091,high_res,3,10.892,s3://geoglows-v2-forecasts/2024090400.zarr,131a17f143391ca87cdee92e981d4711-2,2026-09-25T06:30:46Z
2024-09-04,minas_san_francisco,670027091,high_res,4,10.812,s3://geoglows-v2-forecasts/2024090400.zarr,131a17f143391ca87cdee92e981d4711-2,2026-09-25T06:30:46Z
2024-09-04,minas_san_francisco,670027091,high_res,5,11.895,s3://geoglows-v2-forecasts/2024090400.zarr,131a17f143391ca87cdee92e981d4711-2,2026-09-25T06:30:46Z
2024-09-04,minas_san_francisco,670027091,high_res,6,13.41,s3://geoglows-v2-forecasts/2024090400.zarr,131a17f143391ca87cdee92e981d4711-2,2026-09-25T06:30:46Z
2024-09-04,minas_san_francisco,670027091,high_res,7,12.899,s3://geoglows-v2-forecasts/2024090400.zarr,131a17f143391ca87cdee92e981d4711-2,2026-09-25T06:30:46Z
2024-09-04,minas_san_francisco,670027091,high_res,8,12.491,s3://geoglows-v2-forecasts/2024090400.zarr,131a17f143391ca87cdee92e981d4711-2,2026-09-25T06:30:46Z
2024-09-04,minas_san_francisco,670027091,high_res,9,12.643,s3://geoglows-v2-forecasts/2024090400.zarr,131a17f143391ca87cdee92e981d4711-2,2026-09-25T06:30:46Z
2024-09-05,agoyan,621014469,high_res,1,64.892,s3://geoglows-v2-forecasts/2024090500.zarr,6f22c596beaec512bd3171ecdc69f6fb-2,2026-09-25T06:30:45Z
2024-09-05,agoyan,621014469,high_res,10,77.08,s3://geoglows-v2-forecasts/2024090500.zarr,6f22c596beaec512bd3171ecdc69f6fb-2,2026-09-25T06:30:45Z
2024-09-05,agoyan,621014469,high_res,2,67.868,s3://geoglows-v2-forecasts/2024090500.zarr,6f22c596beaec512bd3171ecdc69f6fb-2,2026-09-25T06:30:45Z
2024-09-05,agoyan,621014469,high_res,3,73.424,s3://geoglows-v2-forecasts/2024090500.zarr,6f22c596beaec512bd3171ecdc69f6fb-2,2026-09-25T06:30:45Z
2024-09-05,agoyan,621014469,high_res,4,76.151,s3://geoglows-v2-forecasts/2024090500.zarr,6f22c596beaec512bd3171ecdc69f6fb-2,2026-09-25T06:30:45Z
2024-09-05,agoyan,621014469,high_res,5,85.806,s3://geoglows-v2-forecasts/2024090500.zarr,6f22c596beaec512bd3171ecdc69f6fb-2,2026-09-25T06:30:45Z
2024-09-05,agoyan,621014469,high_res,6,94.941,s3://geoglows-v2-forecasts/2024090500.zarr,6f22c596beaec512bd3171ecdc69f6fb-2,2026-09-25T06:30:45Z
2024-09-05,agoyan,621014469,high_res,7,94.282,s3://geoglows-v2-forecasts/2024090500.zarr,6f22c596beaec512bd3171ecdc69f6fb-2,2026-09-25T06:30:45Z
2024-09-05,agoyan,621014469,high_res,8,87.556,s3://geoglows-v2-forecasts/2024090500.zarr,6f22c596beaec512bd3171ecdc69f6fb-2,2026-09-25T06:30:45Z
2024-09-05,agoyan,621014469,high_res,9,82.546,s3://geoglows-v2-forecasts/2024090500.zarr,6f22c596beaec512bd3171ecdc69f6fb-2,2026-09-25T06:30:45Z
2024-09-05,manduriacu,670078161,high_res,1,66.945,s3://geoglows-v2-forecasts/2024090500.zarr,6f22c596beaec512bd3171ecdc69f6fb-2,2026-09-25T06:30:45Z
2024-09-05,manduriacu,670078161,high_res,10,73.662,s3://geoglows-v2-forecasts/2024090500.zarr,6f22c596beaec512bd3171ecdc69f6fb-2,2026-09-25T06:30:45Z
2024-09-05,manduriacu,670078161,high_res,2,68.459,s3://geoglows-v2-forecasts/2024090500.zarr,6f22c596beaec512bd3171ecdc69f6fb-2,2026-09-25T06:30:45Z
2024-09-05,manduriacu,670078161,high_res,3,73.885,s3://geoglows-v2-forecasts/2024090500.zarr,6f22c596beaec512bd3171ecdc69f6fb-2,2026-09-25T06:30:45Z
2024-09-05,manduriacu,670078161,high_res,4,78.273,s3://geoglows-v2-forecasts/2024090500.zarr,6f22c596beaec512bd3171ecdc69f6fb-2,2026-09-25T06:30:45Z
2024-09-05,manduriacu,670078161,high_res,5,80.072,s3://geoglows-v2-forecasts/2024090500.zarr,6f22c596beaec512bd3171ecdc69f6fb-2,2026-09-25T06:30:45Z
2024-09-05,manduriacu,670078161,high_res,6,80.6,s3://geoglows-v2-forecasts/2024090500.zarr,6f22c596beaec512bd3171ecdc69f6fb-2,2026-09-25T06:30:45Z
2024-09-05,manduriacu,670078161,high_res,7,76.396,s3://geoglows-v2-forecasts/2024090500.zarr,6f22c596beaec512bd3171ecdc69f6fb-2,2026-09-25T06:30:45Z
2024-09-05,manduriacu,670078161,high_res,8,73.81,s3://geoglows-v2-forecasts/2024090500.zarr,6f22c596beaec512bd3171ecdc69f6fb-2,2026-09-25T06:30:45Z
2024-09-05,manduriacu,670078161,high_res,9,74.864,s3://geoglows-v2-forecasts/2024090500.zarr,6f22c596beaec512bd3171ecdc69f6fb-2,2026-09-25T06:30:45Z
2024-09-05,minas_san_francisco,670027091,high_res,1,10.652,s3://geoglows-v2-forecasts/2024090500.zarr,6f22c596beaec512bd3171ecdc69f6fb-2,2026-09-25T06:30:45Z
2024-09-05,minas_san_francisco,670027091,high_res,10,10.685,s3://geoglows-v2-forecasts/2024090500.zarr,6f22c596beaec512bd3171ecdc69f6fb-2,2026-09-25T06:30:45Z
2024-09-05,minas_san_francisco,670027091,high_res,2,10.418,s3://geoglows-v2-forecasts/2024090500.zarr,6f22c596beaec512bd3171ecdc69f6fb-2,2026-09-25T06:30:45Z
2024-09-05,minas_san_francisco,670027091,high_res,3,10.12,s3://geoglows-v2-forecasts/2024090500.zarr,6f22c596beaec512bd3171ecdc69f6fb-2,2026-09-25T06:30:45Z
2024-09-05,minas_san_francisco,670027091,high_res,4,10.842,s3://geoglows-v2-forecasts/2024090500.zarr,6f22c596beaec512bd3171ecdc69f6fb-2,2026-09-25T06:30:45Z
2024-09-05,minas_san_francisco,670027091,high_res,5,11.952,s3://geoglows-v2-forecasts/2024090500.zarr,6f22c596beaec512bd3171ecdc69f6fb-2,2026-09-25T06:30:45Z
2024-09-05,minas_san_francisco,670027091,high_res,6,12.476,s3://geoglows-v2-forecasts/2024090500.zarr,6f22c596beaec512bd3171ecdc69f6fb-2,2026-09-25T06:30:45Z
2024-09-05,minas_san_francisco,670027091,high_res,7,12.548,s3://geoglows-v2-forecasts/2024090500.zarr,6f22c596beaec512bd3171ecdc69f6fb-2,2026-09-25T06:30:45Z
2024-09-05,minas_san_francisco,670027091,high_res,8,13.298,s3://geoglows-v2-forecasts/2024090500.zarr,6f22c596beaec512bd3171ecdc69f6fb-2,2026-09-25T06:30:45Z
2024-09-05,minas_san_francisco,670027091,high_res,9,12.422,s3://geoglows-v2-forecasts/2024090500.zarr,6f22c596beaec512bd3171ecdc69f6fb-2,2026-09-25T06:30:45Z
2024-09-06,agoyan,621014469,high_res,1,65.909,s3://geoglows-v2-forecasts/2024090600.zarr,3eca1f49e33f750e9ad893f34e82d5cd-2,2026-09-25T06:30:46Z
2024-09-06,agoyan,621014469,high_res,10,67.295,s3://geoglows-v2-forecasts/2024090600.zarr,3eca1f49e33f750e9ad893f34e82d5cd-2,2026-09-25T06:30:46Z
2024-09-06,agoyan,621014469,high_res,2,68.743,s3://geoglows-v2-forecasts/2024090600.zarr,3eca1f49e33f750e9ad893f34e82d5cd-2,2026-09-25T06:30:46Z
2024-09-06,agoyan,621014469,high_res,3,72.474,s3://geoglows-v2-forecasts/2024090600.zarr,3eca1f49e33f750e9ad893f34e82d5cd-2,2026-09-25T06:30:46Z
2024-09-06,agoyan,621014469,high_res,4,77.48,s3://geoglows-v2-forecasts/2024090600.zarr,3eca1f49e33f750e9ad893f34e82d5cd-2,2026-09-25T06:30:46Z
2024-09-06,agoyan,621014469,high_res,5,86.434,s3://geoglows-v2-forecasts/2024090600.zarr,3eca1f49e33f750e9ad893f34e82d5cd-2,2026-09-25T06:30:46Z
2024-09-06,agoyan,621014469,high_res,6,90.432,s3://geoglows-v2-forecasts/2024090600.zarr,3eca1f49e33f750e9ad893f34e82d5cd-2,2026-09-25T06:30:46Z
2024-09-06,agoyan,621014469,high_res,7,85.146,s3://geoglows-v2-forecasts/2024090600.zarr,3eca1f49e33f750e9ad893f34e82d5cd-2,2026-09-25T06:30:46Z
2024-09-06,agoyan,621014469,high_res,8,78.371,s3://geoglows-v2-forecasts/2024090600.zarr,3eca1f49e33f750e9ad893f34e82d5cd-2,2026-09-25T06:30:46Z
2024-09-06,agoyan,621014469,high_res,9,73.169,s3://geoglows-v2-forecasts/2024090600.zarr,3eca1f49e33f750e9ad893f34e82d5cd-2,2026-09-25T06:30:46Z
2024-09-06,manduriacu,670078161,high_res,1,65.615,s3://geoglows-v2-forecasts/2024090600.zarr,3eca1f49e33f750e9ad893f34e82d5cd-2,2026-09-25T06:30:46Z
2024-09-06,manduriacu,670078161,high_res,10,77.793,s3://geoglows-v2-forecasts/2024090600.zarr,3eca1f49e33f750e9ad893f34e82d5cd-2,2026-09-25T06:30:46Z
2024-09-06,manduriacu,670078161,high_res,2,71.338,s3://geoglows-v2-forecasts/2024090600.zarr,3eca1f49e33f750e9ad893f34e82d5cd-2,2026-09-25T06:30:46Z
2024-09-06,manduriacu,670078161,high_res,3,75.034,s3://geoglows-v2-forecasts/2024090600.zarr,3eca1f49e33f750e9ad893f34e82d5cd-2,2026-09-25T06:30:46Z
2024-09-06,manduriacu,670078161,high_res,4,75.323,s3://geoglows-v2-forecasts/2024090600.zarr,3eca1f49e33f750e9ad893f34e82d5cd-2,2026-09-25T06:30:46Z
2024-09-06,manduriacu,670078161,high_res,5,77.297,s3://geoglows-v2-forecasts/2024090600.zarr,3eca1f49e33f750e9ad893f34e82d5cd-2,2026-09-25T06:30:46Z
2024-09-06,manduriacu,670078161,high_res,6,74.644,s3://geoglows-v2-forecasts/2024090600.zarr,3eca1f49e33f750e9ad893f34e82d5cd-2,2026-09-25T06:30:46Z
2024-09-06,manduriacu,670078161,high_res,7,70.72,s3://geoglows-v2-forecasts/2024090600.zarr,3eca1f49e33f750e9ad893f34e82d5cd-2,2026-09-25T06:30:46Z
2024-09-06,manduriacu,670078161,high_res,8,72.154,s3://geoglows-v2-forecasts/2024090600.zarr,3eca1f49e33f750e9ad893f34e82d5cd-2,2026-09-25T06:30:46Z
2024-09-06,manduriacu,670078161,high_res,9,76.559,s3://geoglows-v2-forecasts/2024090600.zarr,3eca1f49e33f750e9ad893f34e82d5cd-2,2026-09-25T06:30:46Z
2024-09-06,minas_san_francisco,670027091,high_res,1,10.199,s3://geoglows-v2-forecasts/2024090600.zarr,3eca1f49e33f750e9ad893f34e82d5cd-2,2026-09-25T06:30:46Z
2024-09-06,minas_san_francisco,670027091,high_res,10,9.364,s3://geoglows-v2-forecasts/2024090600.zarr,3eca1f49e33f750e9ad893f34e82d5cd-2,2026-09-25T06:30:46Z
2024-09-06,minas_san_francisco,670027091,high_res,2,9.777,s3://geoglows-v2-forecasts/2024090600.zarr,3eca1f49e33f750e9ad893f34e82d5cd-2,2026-09-25T06:30:46Z
2024-09-06,minas_san_francisco,670027091,high_res,3,10.859,s3://geoglows-v2-forecasts/2024090600.zarr,3eca1f49e33f750e9ad893f34e82d5cd-2,2026-09-25T06:30:46Z
2024-09-06,minas_san_francisco,670027091,high_res,4,13.002,s3://geoglows-v2-forecasts/2024090600.zarr,3eca1f49e33f750e9ad893f34e82d5cd-2,2026-09-25T06:30:46Z
2024-09-06,minas_san_francisco,670027091,high_res,5,12.839,s3://geoglows-v2-forecasts/2024090600.zarr,3eca1f49e33f750e9ad893f34e82d5cd-2,2026-09-25T06:30:46Z
2024-09-06,minas_san_francisco,670027091,high_res,6,12.799,s3://geoglows-v2-forecasts/2024090600.zarr,3eca1f49e33f750e9ad893f34e82d5cd-2,2026-09-25T06:30:46Z
2024-09-06,minas_san_francisco,670027091,high_res,7,12.918,s3://geoglows-v2-forecasts/2024090600.zarr,3eca1f49e33f750e9ad893f34e82d5cd-2,2026-09-25T06:30:46Z
2024-09-06,minas_san_francisco,670027091,high_res,8,11.299,s3://geoglows-v2-forecasts/2024090600.zarr,3eca1f49e33f750e9ad893f34e82d5cd-2,2026-09-25T06:30:46Z
2024-09-06,minas_san_francisco,670027091,high_res,9,10.035,s3://geoglows-v2-forecasts/2024090600.zarr,3eca1f49e33f750e9ad893f34e82d5cd-2,2026-09-25T06:30:46Z
2024-09-07,agoyan,621014469,high_res,1,68.01,s3://geoglows-v2-forecasts/2024090700.zarr,04d460544822a1ccb8dc2ce20c3c95a4-2,2026-09-25T06:30:46Z
2024-09-07,agoyan,621014469,high_res,10,61.536,s3://geoglows-v2-forecasts/2024090700.zarr,04d460544822a1ccb8dc2ce20c3c95a4-2,2026-09-25T06:30:46Z
2024-09-07,agoyan,621014469,high_res,2,69.582,s3://geoglows-v2-forecasts/2024090700.zarr,04d460544822a1ccb8dc2ce20c3c95a4-2,2026-09-25T06:30:46Z
2024-09-07,agoyan,621014469,high_res,3,78.035,s3://geoglows-v2-forecasts/2024090700.zarr,04d460544822a1ccb8dc2ce20c3c95a4-2,2026-09-25T06:30:46Z
2024-09-07,agoyan,621014469,high_res,4,88.701,s3://geoglows-v2-forecasts/2024090700.zarr,04d460544822a1ccb8dc2ce20c3c95a4-2,2026-09-25T06:30:46Z
2024-09-07,agoyan,621014469,high_res,5,96.403,s3://geoglows-v2-forecasts/2024090700.zarr,04d460544822a1ccb8dc2ce20c3c95a4-2,2026-09-25T06:30:46Z
2024-09-07,agoyan,621014469,high_res,6,87.303,s3://geoglows-v2-forecasts/2024090700.zarr,04d460544822a1ccb8dc2ce20c3c95a4-2,2026-09-25T06:30:46Z
2024-09-07,agoyan,621014469,high_res,7,80.587,s3://geoglows-v2-forecasts/2024090700.zarr,04d460544822a1ccb8dc2ce20c3c95a4-2,2026-09-25T06:30:46Z
2024-09-07,agoyan,621014469,high_res,8,74.614,s3://geoglows-v2-forecasts/2024090700.zarr,04d460544822a1ccb8dc2ce20c3c95a4-2,2026-09-25T06:30:46Z
2024-09-07,agoyan,621014469,high_res,9,67.563,s3://geoglows-v2-forecasts/2024090700.zarr,04d460544822a1ccb8dc2ce20c3c95a4-2,2026-09-25T06:30:46Z
2024-09-07,manduriacu,670078161,high_res,1,67.158,s3://geoglows-v2-forecasts/2024090700.zarr,04d460544822a1ccb8dc2ce20c3c95a4-2,2026-09-25T06:30:46Z
2024-09-07,manduriacu,670078161,high_res,10,80.657,s3://geoglows-v2-forecasts/2024090700.zarr,04d460544822a1ccb8dc2ce20c3c95a4-2,2026-09-25T06:30:46Z
2024-09-07,manduriacu,670078161,high_res,2,69.884,s3://geoglows-v2-forecasts/2024090700.zarr,04d460544822a1ccb8dc2ce20c3c95a4-2,2026-09-25T06:30:46Z
2024-09-07,manduriacu,670078161,high_res,3,70.083,s3://geoglows-v2-forecasts/2024090700.zarr,04d460544822a1ccb8dc2ce20c3c95a4-2,2026-09-25T06:30:46Z
2024-09-07,manduriacu,670078161,high_res,4,72.162,s3://geoglows-v2-forecasts/2024090700.zarr,04d460544822a1ccb8dc2ce20c3c95a4-2,2026-09-25T06:30:46Z
2024-09-07,manduriacu,670078161,high_res,5,72.087,s3://geoglows-v2-forecasts/2024090700.zarr,04d460544822a1ccb8dc2ce20c3c95a4-2,2026-09-25T06:30:46Z
2024-09-07,manduriacu,670078161,high_res,6,69.615,s3://geoglows-v2-forecasts/2024090700.zarr,04d460544822a1ccb8dc2ce20c3c95a4-2,2026-09-25T06:30:46Z
2024-09-07,manduriacu,670078161,high_res,7,70.708,s3://geoglows-v2-forecasts/2024090700.zarr,04d460544822a1ccb8dc2ce20c3c95a4-2,2026-09-25T06:30:46Z
2024-09-07,manduriacu,670078161,high_res,8,78.237,s3://geoglows-v2-forecasts/2024090700.zarr,04d460544822a1ccb8dc2ce20c3c95a4-2,2026-09-25T06:30:46Z
2024-09-07,manduriacu,670078161,high_res,9,81.112,s3://geoglows-v2-forecasts/2024090700.zarr,04d460544822a1ccb8dc2ce20c3c95a4-2,2026-09-25T06:30:46Z
2024-09-07,minas_san_francisco,670027091,high_res,1,9.507,s3://geoglows-v2-forecasts/2024090700.zarr,04d460544822a1ccb8dc2ce20c3c95a4-2,2026-09-25T06:30:46Z
2024-09-07,minas_san_francisco,670027091,high_res,10,9.218,s3://geoglows-v2-forecasts/2024090700.zarr,04d460544822a1ccb8dc2ce20c3c95a4-2,2026-09-25T06:30:46Z
2024-09-07,minas_san_francisco,670027091,high_res,2,10.371,s3://geoglows-v2-forecasts/2024090700.zarr,04d460544822a1ccb8dc2ce20c3c95a4-2,2026-09-25T06:30:46Z
2024-09-07,minas_san_francisco,670027091,high_res,3,12.021,s3://geoglows-v2-forecasts/2024090700.zarr,04d460544822a1ccb8dc2ce20c3c95a4-2,2026-09-25T06:30:46Z
2024-09-07,minas_san_francisco,670027091,high_res,4,11.492,s3://geoglows-v2-forecasts/2024090700.zarr,04d460544822a1ccb8dc2ce20c3c95a4-2,2026-09-25T06:30:46Z
2024-09-07,minas_san_francisco,670027091,high_res,5,11.599,s3://geoglows-v2-forecasts/2024090700.zarr,04d460544822a1ccb8dc2ce20c3c95a4-2,2026-09-25T06:30:46Z
2024-09-07,minas_san_francisco,670027091,high_res,6,12.692,s3://geoglows-v2-forecasts/2024090700.zarr,04d460544822a1ccb8dc2ce20c3c95a4-2,2026-09-25T06:30:46Z
2024-09-07,minas_san_francisco,670027091,high_res,7,11.208,s3://geoglows-v2-forecasts/2024090700.zarr,04d460544822a1ccb8dc2ce20c3c95a4-2,2026-09-25T06:30:46Z
2024-09-07,minas_san_francisco,670027091,high_res,8,9.758,s3://geoglows-v2-forecasts/2024090700.zarr,04d460544822a1ccb8dc2ce20c3c95a4-2,2026-09-25T06:30:46Z
2024-09-07,minas_san_francisco,670027091,high_res,9,9.247,s3://geoglows-v2-forecasts/2024090700.zarr,04d460544822a1ccb8dc2ce20c3c95a4-2,2026-09-25T06:30:46Z
2024-09-08,agoyan,621014469,high_res,1,68.685,s3://geoglows-v2-forecasts/2024090800.zarr,2a4cbab9d4c3092c2ce8e00c2b78b457-2,2026-09-25T06:30:46Z
2024-09-08,agoyan,621014469,high_res,10,60.401,s3://geoglows-v2-forecasts/2024090800.zarr,2a4cbab9d4c3092c2ce8e00c2b78b457-2,2026-09-25T06:30:46Z
2024-09-08,agoyan,621014469,high_res,2,72.116,s3://geoglows-v2-forecasts/2024090800.zarr,2a4cbab9d4c3092c2ce8e00c2b78b457-2,2026-09-25T06:30:46Z
2024-09-08,agoyan,621014469,high_res,3,81.558,s3://geoglows-v2-forecasts/2024090800.zarr,2a4cbab9d4c3092c2ce8e00c2b78b457-2,2026-09-25T06:30:46Z
2024-09-08,agoyan,621014469,high_res,4,86.479,s3://geoglows-v2-forecasts/2024090800.zarr,2a4cbab9d4c3092c2ce8e00c2b78b457-2,2026-09-25T06:30:46Z
2024-09-08,agoyan,621014469,high_res,5,84.362,s3://geoglows-v2-forecasts/2024090800.zarr,2a4cbab9d4c3092c2ce8e00c2b78b457-2,2026-09-25T06:30:46Z
2024-09-08,agoyan,621014469,high_res,6,79.194,s3://geoglows-v2-forecasts/2024090800.zarr,2a4cbab9d4c3092c2ce8e00c2b78b457-2,2026-09-25T06:30:46Z
2024-09-08,agoyan,621014469,high_res,7,75.666,s3://geoglows-v2-forecasts/2024090800.zarr,2a4cbab9d4c3092c2ce8e00c2b78b457-2,2026-09-25T06:30:46Z
2024-09-08,agoyan,621014469,high_res,8,70.573,s3://geoglows-v2-forecasts/2024090800.zarr,2a4cbab9d4c3092c2ce8e00c2b78b457-2,2026-09-25T06:30:46Z
2024-09-08,agoyan,621014469,high_res,9,64.08,s3://geoglows-v2-forecasts/2024090800.zarr,2a4cbab9d4c3092c2ce8e00c2b78b457-2,2026-09-25T06:30:46Z
2024-09-08,manduriacu,670078161,high_res,1,67.685,s3://geoglows-v2-forecasts/2024090800.zarr,2a4cbab9d4c3092c2ce8e00c2b78b457-2,2026-09-25T06:30:46Z
2024-09-08,manduriacu,670078161,high_res,10,73.463,s3://geoglows-v2-forecasts/2024090800.zarr,2a4cbab9d4c3092c2ce8e00c2b78b457-2,2026-09-25T06:30:46Z
2024-09-08,manduriacu,670078161,high_res,2,66.053,s3://geoglows-v2-forecasts/2024090800.zarr,2a4cbab9d4c3092c2ce8e00c2b78b457-2,2026-09-25T06:30:46Z
2024-09-08,manduriacu,670078161,high_res,3,65.722,s3://geoglows-v2-forecasts/2024090800.zarr,2a4cbab9d4c3092c2ce8e00c2b78b457-2,2026-09-25T06:30:46Z
2024-09-08,manduriacu,670078161,high_res,4,67.308,s3://geoglows-v2-forecasts/2024090800.zarr,2a4cbab9d4c3092c2ce8e00c2b78b457-2,2026-09-25T06:30:46Z
2024-09-08,manduriacu,670078161,high_res,5,67.385,s3://geoglows-v2-forecasts/2024090800.zarr,2a4cbab9d4c3092c2ce8e00c2b78b457-2,2026-09-25T06:30:46Z
2024-09-08,manduriacu,670078161,high_res,6,68.988,s3://geoglows-v2-forecasts/2024090800.zarr,2a4cbab9d4c3092c2ce8e00c2b78b457-2,2026-09-25T06:30:46Z
2024-09-08,manduriacu,670078161,high_res,7,73.045,s3://geoglows-v2-forecasts/2024090800.zarr,2a4cbab9d4c3092c2ce8e00c2b78b457-2,2026-09-25T06:30:46Z
2024-09-08,manduriacu,670078161,high_res,8,74.023,s3://geoglows-v2-forecasts/2024090800.zarr,2a4cbab9d4c3092c2ce8e00c2b78b457-2,2026-09-25T06:30:46Z
2024-09-08,manduriacu,670078161,high_res,9,73.328,s3://geoglows-v2-forecasts/2024090800.zarr,2a4cbab9d4c3092c2ce8e00c2b78b457-2,2026-09-25T06:30:46Z
2024-09-08,minas_san_francisco,670027091,high_res,1,10.019,s3://geoglows-v2-forecasts/2024090800.zarr,2a4cbab9d4c3092c2ce8e00c2b78b457-2,2026-09-25T06:30:46Z
2024-09-08,minas_san_francisco,670027091,high_res,10,9.042,s3://geoglows-v2-forecasts/2024090800.zarr,2a4cbab9d4c3092c2ce8e00c2b78b457-2,2026-09-25T06:30:46Z
2024-09-08,minas_san_francisco,670027091,high_res,2,11.611,s3://geoglows-v2-forecasts/2024090800.zarr,2a4cbab9d4c3092c2ce8e00c2b78b457-2,2026-09-25T06:30:46Z
2024-09-08,minas_san_francisco,670027091,high_res,3,11.192,s3://geoglows-v2-forecasts/2024090800.zarr,2a4cbab9d4c3092c2ce8e00c2b78b457-2,2026-09-25T06:30:46Z
2024-09-08,minas_san_francisco,670027091,high_res,4,10.912,s3://geoglows-v2-forecasts/2024090800.zarr,2a4cbab9d4c3092c2ce8e00c2b78b457-2,2026-09-25T06:30:46Z
2024-09-08,minas_san_francisco,670027091,high_res,5,11.897,s3://geoglows-v2-forecasts/2024090800.zarr,2a4cbab9d4c3092c2ce8e00c2b78b457-2,2026-09-25T06:30:46Z
2024-09-08,minas_san_francisco,670027091,high_res,6,10.958,s3://geoglows-v2-forecasts/2024090800.zarr,2a4cbab9d4c3092c2ce8e00c2b78b457-2,2026-09-25T06:30:46Z
2024-09-08,minas_san_francisco,670027091,high_res,7,9.686,s3://geoglows-v2-forecasts/2024090800.zarr,2a4cbab9d4c3092c2ce8e00c2b78b457-2,2026-09-25T06:30:46Z
2024-09-08,minas_san_francisco,670027091,high_res,8,9.166,s3://geoglows-v2-forecasts/2024090800.zarr,2a4cbab9d4c3092c2ce8e00c2b78b457-2,2026-09-25T06:30:46Z
2024-09-08,minas_san_francisco,670027091,high_res,9,9.033,s3://geoglows-v2-forecasts/2024090800.zarr,2a4cbab9d4c3092c2ce8e00c2b78b457-2,2026-09-25T06:30:46Z
2024-09-09,agoyan,621014469,high_res,1,70.049,s3://geoglows-v2-forecasts/2024090900.zarr,1d7cc88c32891a1b6e95c0960f42ca38-2,2026-09-25T06:30:50Z
2024-09-09,agoyan,621014469,high_res,10,59.31,s3://geoglows-v2-forecasts/2024090900.zarr,1d7cc88c32891a1b6e95c0960f42ca38-2,2026-09-25T06:30:50Z
2024-09-09,agoyan,621014469,high_res,2,73.963,s3://geoglows-v2-forecasts/2024090900.zarr,1d7cc88c32891a1b6e95c0960f42ca38-2,2026-09-25T06:30:50Z
2024-09-09,agoyan,621014469,high_res,3,79.36,s3://geoglows-v2-forecasts/2024090900.zarr,1d7cc88c32891a1b6e95c0960f42ca38-2,2026-09-25T06:30:50Z
2024-09-09,agoyan,621014469,high_res,4,76.954,s3://geoglows-v2-forecasts/2024090900.zarr,1d7cc88c32891a1b6e95c0960f42ca38-2,2026-09-25T06:30:50Z
2024-09-09,agoyan,621014469,high_res,5,71.951,s3://geoglows-v2-forecasts/2024090900.zarr,1d7cc88c32891a1b6e95c0960f42ca38-2,2026-09-25T06:30:50Z
2024-09-09,agoyan,621014469,high_res,6,70.317,s3://geoglows-v2-forecasts/2024090900.zarr,1d7cc88c32891a1b6e95c0960f42ca38-2,2026-09-25T06:30:50Z
2024-09-09,agoyan,621014469,high_res,7,67.473,s3://geoglows-v2-forecasts/2024090900.zarr,1d7cc88c32891a1b6e95c0960f42ca38-2,2026-09-25T06:30:50Z
2024-09-09,agoyan,621014469,high_res,8,62.273,s3://geoglows-v2-forecasts/2024090900.zarr,1d7cc88c32891a1b6e95c0960f42ca38-2,2026-09-25T06:30:50Z
2024-09-09,agoyan,621014469,high_res,9,59.675,s3://geoglows-v2-forecasts/2024090900.zarr,1d7cc88c32891a1b6e95c0960f42ca38-2,2026-09-25T06:30:50Z
2024-09-09,manduriacu,670078161,high_res,1,65.201,s3://geoglows-v2-forecasts/2024090900.zarr,1d7cc88c32891a1b6e95c0960f42ca38-2,2026-09-25T06:30:50Z
2024-09-09,manduriacu,670078161,high_res,10,73.497,s3://geoglows-v2-forecasts/2024090900.zarr,1d7cc88c32891a1b6e95c0960f42ca38-2,2026-09-25T06:30:50Z
2024-09-09,manduriacu,670078161,high_res,2,65.147,s3://geoglows-v2-forecasts/2024090900.zarr,1d7cc88c32891a1b6e95c0960f42ca38-2,2026-09-25T06:30:50Z
2024-09-09,manduriacu,670078161,high_res,3,67.521,s3://geoglows-v2-forecasts/2024090900.zarr,1d7cc88c32891a1b6e95c0960f42ca38-2,2026-09-25T06:30:50Z
2024-09-09,manduriacu,670078161,high_res,4,67.471,s3://geoglows-v2-forecasts/2024090900.zarr,1d7cc88c32891a1b6e95c0960f42ca38-2,2026-09-25T06:30:50Z
2024-09-09,manduriacu,670078161,high_res,5,68.501,s3://geoglows-v2-forecasts/2024090900.zarr,1d7cc88c32891a1b6e95c0960f42ca38-2,2026-09-25T06:30:50Z
2024-09-09,manduriacu,670078161,high_res,6,71.968,s3://geoglows-v2-forecasts/2024090900.zarr,1d7cc88c32891a1b6e95c0960f42ca38-2,2026-09-25T06:30:50Z
2024-09-09,manduriacu,670078161,high_res,7,72.099,s3://geoglows-v2-forecasts/2024090900.zarr,1d7cc88c32891a1b6e95c0960f42ca38-2,2026-09-25T06:30:50Z
2024-09-09,manduriacu,670078161,high_res,8,74.388,s3://geoglows-v2-forecasts/2024090900.zarr,1d7cc88c32891a1b6e95c0960f42ca38-2,2026-09-25T06:30:50Z
2024-09-09,manduriacu,670078161,high_res,9,75.261,s3://geoglows-v2-forecasts/2024090900.zarr,1d7cc88c32891a1b6e95c0960f42ca38-2,2026-09-25T06:30:50Z
2024-09-09,minas_san_francisco,670027091,high_res,1,11.29,s3://geoglows-v2-forecasts/2024090900.zarr,1d7cc88c32891a1b6e95c0960f42ca38-2,2026-09-25T06:30:50Z
2024-09-09,minas_san_francisco,670027091,high_res,10,8.891,s3://geoglows-v2-forecasts/2024090900.zarr,1d7cc88c32891a1b6e95c0960f42ca38-2,2026-09-25T06:30:50Z
2024-09-09,minas_san_francisco,670027091,high_res,2,10.908,s3://geoglows-v2-forecasts/2024090900.zarr,1d7cc88c32891a1b6e95c0960f42ca38-2,2026-09-25T06:30:50Z
2024-09-09,minas_san_francisco,670027091,high_res,3,10.297,s3://geoglows-v2-forecasts/2024090900.zarr,1d7cc88c32891a1b6e95c0960f42ca38-2,2026-09-25T06:30:50Z
2024-09-09,minas_san_francisco,670027091,high_res,4,10.879,s3://geoglows-v2-forecasts/2024090900.zarr,1d7cc88c32891a1b6e95c0960f42ca38-2,2026-09-25T06:30:50Z
2024-09-09,minas_san_francisco,670027091,high_res,5,10.26,s3://geoglows-v2-forecasts/2024090900.zarr,1d7cc88c32891a1b6e95c0960f42ca38-2,2026-09-25T06:30:50Z
2024-09-09,minas_san_francisco,670027091,high_res,6,9.524,s3://geoglows-v2-forecasts/2024090900.zarr,1d7cc88c32891a1b6e95c0960f42ca38-2,2026-09-25T06:30:50Z
2024-09-09,minas_san_francisco,670027091,high_res,7,9.249,s3://geoglows-v2-forecasts/2024090900.zarr,1d7cc88c32891a1b6e95c0960f42ca38-2,2026-09-25T06:30:50Z
2024-09-09,minas_san_francisco,670027091,high_res,8,9.155,s3://geoglows-v2-forecasts/2024090900.zarr,1d7cc88c32891a1b6e95c0960f42ca38-2,2026-09-25T06:30:50Z
2024-09-09,minas_san_francisco,670027091,high_res,9,8.943,s3://geoglows-v2-forecasts/2024090900.zarr,1d7cc88c32891a1b6e95c0960f42ca38-2,2026-09-25T06:30:50Z
2024-09-10,agoyan,621014469,high_res,1,72.437,s3://geoglows-v2-forecasts/2024091000.zarr,8f8fe789fabe2b368435756c556793b2-2,2026-09-25T06:30:50Z
2024-09-10,agoyan,621014469,high_res,10,59.308,s3://geoglows-v2-forecasts/2024091000.zarr,8f8fe789fabe2b368435756c556793b2-2,2026-09-25T06:30:50Z
2024-09-10,agoyan,621014469,high_res,2,74.45,s3://geoglows-v2-forecasts/2024091000.zarr,8f8fe789fabe2b368435756c556793b2-2,2026-09-25T06:30:50Z
2024-09-10,agoyan,621014469,high_res,3,71.354,s3://geoglows-v2-forecasts/2024091000.zarr,8f8fe789fabe2b368435756c556793b2-2,2026-09-25T06:30:50Z
2024-09-10,agoyan,621014469,high_res,4,67.81,s3://geoglows-v2-forecasts/2024091000.zarr,8f8fe789fabe2b368435756c556793b2-2,2026-09-25T06:30:50Z
2024-09-10,agoyan,621014469,high_res,5,65.712,s3://geoglows-v2-forecasts/2024091000.zarr,8f8fe789fabe2b368435756c556793b2-2,2026-09-25T06:30:50Z
2024-09-10,agoyan,621014469,high_res,6,63.607,s3://geoglows-v2-forecasts/2024091000.zarr,8f8fe789fabe2b368435756c556793b2-2,2026-09-25T06:30:50Z
2024-09-10,agoyan,621014469,high_res,7,60.674,s3://geoglows-v2-forecasts/2024091000.zarr,8f8fe789fabe2b368435756c556793b2-2,2026-09-25T06:30:50Z
2024-09-10,agoyan,621014469,high_res,8,59.758,s3://geoglows-v2-forecasts/2024091000.zarr,8f8fe789fabe2b368435756c556793b2-2,2026-09-25T06:30:50Z
2024-09-10,agoyan,621014469,high_res,9,60.385,s3://geoglows-v2-forecasts/2024091000.zarr,8f8fe789fabe2b368435756c556793b2-2,2026-09-25T06:30:50Z
2024-09-10,manduriacu,670078161,high_res,1,62.416,s3://geoglows-v2-forecasts/2024091000.zarr,8f8fe789fabe2b368435756c556793b2-2,2026-09-25T06:30:50Z
2024-09-10,manduriacu,670078161,high_res,10,71.086,s3://geoglows-v2-forecasts/2024091000.zarr,8f8fe789fabe2b368435756c556793b2-2,2026-09-25T06:30:50Z
2024-09-10,manduriacu,670078161,high_res,2,62.649,s3://geoglows-v2-forecasts/2024091000.zarr,8f8fe789fabe2b368435756c556793b2-2,2026-09-25T06:30:50Z
2024-09-10,manduriacu,670078161,high_res,3,63.544,s3://geoglows-v2-forecasts/2024091000.zarr,8f8fe789fabe2b368435756c556793b2-2,2026-09-25T06:30:50Z
2024-09-10,manduriacu,670078161,high_res,4,65.996,s3://geoglows-v2-forecasts/2024091000.zarr,8f8fe789fabe2b368435756c556793b2-2,2026-09-25T06:30:50Z
2024-09-10,manduriacu,670078161,high_res,5,72.038,s3://geoglows-v2-forecasts/2024091000.zarr,8f8fe789fabe2b368435756c556793b2-2,2026-09-25T06:30:50Z
2024-09-10,manduriacu,670078161,high_res,6,76.187,s3://geoglows-v2-forecasts/2024091000.zarr,8f8fe789fabe2b368435756c556793b2-2,2026-09-25T06:30:50Z
2024-09-10,manduriacu,670078161,high_res,7,75.291,s3://geoglows-v2-forecasts/2024091000.zarr,8f8fe789fabe2b368435756c556793b2-2,2026-09-25T06:30:50Z
2024-09-10,manduriacu,670078161,high_res,8,75.224,s3://geoglows-v2-forecasts/2024091000.zarr,8f8fe789fabe2b368435756c556793b2-2,2026-09-25T06:30:50Z
2024-09-10,manduriacu,670078161,high_res,9,73.237,s3://geoglows-v2-forecasts/2024091000.zarr,8f8fe789fabe2b368435756c556793b2-2,2026-09-25T06:30:50Z
2024-09-10,minas_san_francisco,670027091,high_res,1,10.744,s3://geoglows-v2-forecasts/2024091000.zarr,8f8fe789fabe2b368435756c556793b2-2,2026-09-25T06:30:50Z
2024-09-10,minas_san_francisco,670027091,high_res,10,9.138,s3://geoglows-v2-forecasts/2024091000.zarr,8f8fe789fabe2b368435756c556793b2-2,2026-09-25T06:30:50Z
2024-09-10,minas_san_francisco,670027091,high_res,2,9.895,s3://geoglows-v2-forecasts/2024091000.zarr,8f8fe789fabe2b368435756c556793b2-2,2026-09-25T06:30:50Z
2024-09-10,minas_san_francisco,670027091,high_res,3,10.484,s3://geoglows-v2-forecasts/2024091000.zarr,8f8fe789fabe2b368435756c556793b2-2,2026-09-25T06:30:50Z
2024-09-10,minas_san_francisco,670027091,high_res,4,10.079,s3://geoglows-v2-forecasts/2024091000.zarr,8f8fe789fabe2b368435756c556793b2-2,2026-09-25T06:30:50Z
2024-09-10,minas_san_francisco,670027091,high_res,5,9.371,s3://geoglows-v2-forecasts/2024091000.zarr,8f8fe789fabe2b368435756c556793b2-2,2026-09-25T06:30:50Z
2024-09-10,minas_san_francisco,670027091,high_res,6,9.097,s3://geoglows-v2-forecasts/2024091000.zarr,8f8fe789fabe2b368435756c556793b2-2,2026-09-25T06:30:50Z
2024-09-10,minas_san_francisco,670027091,high_res,7,9.041,s3://geoglows-v2-forecasts/2024091000.zarr,8f8fe789fabe2b368435756c556793b2-2,2026-09-25T06:30:50Z
2024-09-10,minas_san_francisco,670027091,high_res,8,8.967,s3://geoglows-v2-forecasts/2024091000.zarr,8f8fe789fabe2b368435756c556793b2-2,2026-09-25T06:30:50Z
2024-09-10,minas_san_francisco,670027091,high_res,9,8.896,s3://geoglows-v2-forecasts/2024091000.zarr,8f8fe789fabe2b368435756c556793b2-2,2026-09-25T06:30:50Z
2024-09-11,agoyan,621014469,high_res,1,73.542,s3://geoglows-v2-forecasts/2024091100.zarr,76f04f1220cbdde1846b3bbfd4ca5253-2,2026-09-25T06:30:49Z
2024-09-11,agoyan,621014469,high_res,10,58.702,s3://geoglows-v2-forecasts/2024091100.zarr,76f04f1220cbdde1846b3bbfd4ca5253-2,2026-09-25T06:30:49Z
2024-09-11,agoyan,621014469,high_res,2,70.201,s3://geoglows-v2-forecasts/2024091100.zarr,76f04f1220cbdde1846b3bbfd4ca5253-2,2026-09-25T06:30:49Z
2024-09-11,agoyan,621014469,high_res,3,67.144,s3://geoglows-v2-forecasts/2024091100.zarr,76f04f1220cbdde1846b3bbfd4ca5253-2,2026-09-25T06:30:49Z
2024-09-11,agoyan,621014469,high_res,4,66.009,s3://geoglows-v2-forecasts/2024091100.zarr,76f04f1220cbdde1846b3bbfd4ca5253-2,2026-09-25T06:30:49Z
2024-09-11,agoyan,621014469,high_res,5,64.058,s3://geoglows-v2-forecasts/2024091100.zarr,76f04f1220cbdde1846b3bbfd4ca5253-2,2026-09-25T06:30:49Z
2024-09-11,agoyan,621014469,high_res,6,61.253,s3://geoglows-v2-forecasts/2024091100.zarr,76f04f1220cbdde1846b3bbfd4ca5253-2,2026-09-25T06:30:49Z
2024-09-11,agoyan,621014469,high_res,7,60.746,s3://geoglows-v2-forecasts/2024091100.zarr,76f04f1220cbdde1846b3bbfd4ca5253-2,2026-09-25T06:30:49Z
2024-09-11,agoyan,621014469,high_res,8,60.701,s3://geoglows-v2-forecasts/2024091100.zarr,76f04f1220cbdde1846b3bbfd4ca5253-2,2026-09-25T06:30:49Z
2024-09-11,agoyan,621014469,high_res,9,59.769,s3://geoglows-v2-forecasts/2024091100.zarr,76f04f1220cbdde1846b3bbfd4ca5253-2,2026-09-25T06:30:49Z
2024-09-11,manduriacu,670078161,high_res,1,61.37,s3://geoglows-v2-forecasts/2024091100.zarr,76f04f1220cbdde1846b3bbfd4ca5253-2,2026-09-25T06:30:49Z
2024-09-11,manduriacu,670078161,high_res,10,76.639,s3://geoglows-v2-forecasts/2024091100.zarr,76f04f1220cbdde1846b3bbfd4ca5253-2,2026-09-25T06:30:49Z
2024-09-11,manduriacu,670078161,high_res,2,61.219,s3://geoglows-v2-forecasts/2024091100.zarr,76f04f1220cbdde1846b3bbfd4ca5253-2,2026-09-25T06:30:49Z
2024-09-11,manduriacu,670078161,high_res,3,63.308,s3://geoglows-v2-forecasts/2024091100.zarr,76f04f1220cbdde1846b3bbfd4ca5253-2,2026-09-25T06:30:49Z
2024-09-11,manduriacu,670078161,high_res,4,66.673,s3://geoglows-v2-forecasts/2024091100.zarr,76f04f1220cbdde1846b3bbfd4ca5253-2,2026-09-25T06:30:49Z
2024-09-11,manduriacu,670078161,high_res,5,72.274,s3://geoglows-v2-forecasts/2024091100.zarr,76f04f1220cbdde1846b3bbfd4ca5253-2,2026-09-25T06:30:49Z
2024-09-11,manduriacu,670078161,high_res,6,72.919,s3://geoglows-v2-forecasts/2024091100.zarr,76f04f1220cbdde1846b3bbfd4ca5253-2,2026-09-25T06:30:49Z
2024-09-11,manduriacu,670078161,high_res,7,73.294,s3://geoglows-v2-forecasts/2024091100.zarr,76f04f1220cbdde1846b3bbfd4ca5253-2,2026-09-25T06:30:49Z
2024-09-11,manduriacu,670078161,high_res,8,73.044,s3://geoglows-v2-forecasts/2024091100.zarr,76f04f1220cbdde1846b3bbfd4ca5253-2,2026-09-25T06:30:49Z
2024-09-11,manduriacu,670078161,high_res,9,73.167,s3://geoglows-v2-forecasts/2024091100.zarr,76f04f1220cbdde1846b3bbfd4ca5253-2,2026-09-25T06:30:49Z
2024-09-11,minas_san_francisco,670027091,high_res,1,9.664,s3://geoglows-v2-forecasts/2024091100.zarr,76f04f1220cbdde1846b3bbfd4ca5253-2,2026-09-25T06:30:49Z
2024-09-11,minas_san_francisco,670027091,high_res,10,9.193,s3://geoglows-v2-forecasts/2024091100.zarr,76f04f1220cbdde1846b3bbfd4ca5253-2,2026-09-25T06:30:49Z
2024-09-11,minas_san_francisco,670027091,high_res,2,10.121,s3://geoglows-v2-forecasts/2024091100.zarr,76f04f1220cbdde1846b3bbfd4ca5253-2,2026-09-25T06:30:49Z
2024-09-11,minas_san_francisco,670027091,high_res,3,9.875,s3://geoglows-v2-forecasts/2024091100.zarr,76f04f1220cbdde1846b3bbfd4ca5253-2,2026-09-25T06:30:49Z
2024-09-11,minas_san_francisco,670027091,high_res,4,9.44,s3://geoglows-v2-forecasts/2024091100.zarr,76f04f1220cbdde1846b3bbfd4ca5253-2,2026-09-25T06:30:49Z
2024-09-11,minas_san_francisco,670027091,high_res,5,9.34,s3://geoglows-v2-forecasts/2024091100.zarr,76f04f1220cbdde1846b3bbfd4ca5253-2,2026-09-25T06:30:49Z
2024-09-11,minas_san_francisco,670027091,high_res,6,9.256,s3://geoglows-v2-forecasts/2024091100.zarr,76f04f1220cbdde1846b3bbfd4ca5253-2,2026-09-25T06:30:49Z
2024-09-11,minas_san_francisco,670027091,high_res,7,9.139,s3://geoglows-v2-forecasts/2024091100.zarr,76f04f1220cbdde1846b3bbfd4ca5253-2,2026-09-25T06:30:49Z
2024-09-11,minas_san_francisco,670027091,high_res,8,9.304,s3://geoglows-v2-forecasts/2024091100.zarr,76f04f1220cbdde1846b3bbfd4ca5253-2,2026-09-25T06:30:49Z
2024-09-11,minas_san_francisco,670027091,high_res,9,9.148,s3://geoglows-v2-forecasts/2024091100.zarr,76f04f1220cbdde1846b3bbfd4ca5253-2,2026-09-25T06:30:49Z
2024-09-12,agoyan,621014469,high_res,1,69.837,s3://geoglows-v2-forecasts/2024091200.zarr,93500fc8e69e0d1c143a35e2b200c413-2,2026-09-25T06:30:50Z
2024-09-12,agoyan,621014469,high_res,10,58.256,s3://geoglows-v2-forecasts/2024091200.zarr,93500fc8e69e0d1c143a35e2b200c413-2,2026-09-25T06:30:50Z
2024-09-12,agoyan,621014469,high_res,2,65.711,s3://geoglows-v2-forecasts/2024091200.zarr,93500fc8e69e0d1c143a35e2b200c413-2,2026-09-25T06:30:50Z
2024-09-12,agoyan,621014469,high_res,3,63.478,s3://geoglows-v2-forecasts/2024091200.zarr,93500fc8e69e0d1c143a35e2b200c413-2,2026-09-25T06:30:50Z
2024-09-12,agoyan,621014469,high_res,4,61.822,s3://geoglows-v2-forecasts/2024091200.zarr,93500fc8e69e0d1c143a35e2b200c413-2,2026-09-25T06:30:50Z
2024-09-12,agoyan,621014469,high_res,5,60.193,s3://geoglows-v2-forecasts/2024091200.zarr,93500fc8e69e0d1c143a35e2b200c413-2,2026-09-25T06:30:50Z
2024-09-12,agoyan,621014469,high_res,6,59.753,s3://geoglows-v2-forecasts/2024091200.zarr,93500fc8e69e0d1c143a35e2b200c413-2,2026-09-25T06:30:50Z
2024-09-12,agoyan,621014469,high_res,7,60.637,s3://geoglows-v2-forecasts/2024091200.zarr,93500fc8e69e0d1c143a35e2b200c413-2,2026-09-25T06:30:50Z
2024-09-12,agoyan,621014469,high_res,8,60.292,s3://geoglows-v2-forecasts/2024091200.zarr,93500fc8e69e0d1c143a35e2b200c413-2,2026-09-25T06:30:50Z
2024-09-12,agoyan,621014469,high_res,9,59.555,s3://geoglows-v2-forecasts/2024091200.zarr,93500fc8e69e0d1c143a35e2b200c413-2,2026-09-25T06:30:50Z
2024-09-12,manduriacu,670078161,high_res,1,59.423,s3://geoglows-v2-forecasts/2024091200.zarr,93500fc8e69e0d1c143a35e2b200c413-2,2026-09-25T06:30:50Z
2024-09-12,manduriacu,670078161,high_res,10,75,s3://geoglows-v2-forecasts/2024091200.zarr,93500fc8e69e0d1c143a35e2b200c413-2,2026-09-25T06:30:50Z
2024-09-12,manduriacu,670078161,high_res,2,60.557,s3://geoglows-v2-forecasts/2024091200.zarr,93500fc8e69e0d1c143a35e2b200c413-2,2026-09-25T06:30:50Z
2024-09-12,manduriacu,670078161,high_res,3,65.07,s3://geoglows-v2-forecasts/2024091200.zarr,93500fc8e69e0d1c143a35e2b200c413-2,2026-09-25T06:30:50Z
2024-09-12,manduriacu,670078161,high_res,4,68.67,s3://geoglows-v2-forecasts/2024091200.zarr,93500fc8e69e0d1c143a35e2b200c413-2,2026-09-25T06:30:50Z
2024-09-12,manduriacu,670078161,high_res,5,68.156,s3://geoglows-v2-forecasts/2024091200.zarr,93500fc8e69e0d1c143a35e2b200c413-2,2026-09-25T06:30:50Z
2024-09-12,manduriacu,670078161,high_res,6,67.931,s3://geoglows-v2-forecasts/2024091200.zarr,93500fc8e69e0d1c143a35e2b200c413-2,2026-09-25T06:30:50Z
2024-09-12,manduriacu,670078161,high_res,7,66.275,s3://geoglows-v2-forecasts/2024091200.zarr,93500fc8e69e0d1c143a35e2b200c413-2,2026-09-25T06:30:50Z
2024-09-12,manduriacu,670078161,high_res,8,69.645,s3://geoglows-v2-forecasts/2024091200.zarr,93500fc8e69e0d1c143a35e2b200c413-2,2026-09-25T06:30:50Z
2024-09-12,manduriacu,670078161,high_res,9,71.494,s3://geoglows-v2-forecasts/2024091200.zarr,93500fc8e69e0d1c143a35e2b200c413-2,2026-09-25T06:30:50Z
2024-09-12,minas_san_francisco,670027091,high_res,1,9.867,s3://geoglows-v2-forecasts/2024091200.zarr,93500fc8e69e0d1c143a35e2b200c413-2,2026-09-25T06:30:50Z
2024-09-12,minas_san_francisco,670027091,high_res,10,8.909,s3://geoglows-v2-forecasts/2024091200.zarr,93500fc8e69e0d1c143a35e2b200c413-2,2026-09-25T06:30:50Z
2024-09-12,minas_san_francisco,670027091,high_res,2,9.546,s3://geoglows-v2-forecasts/2024091200.zarr,93500fc8e69e0d1c143a35e2b200c413-2,2026-09-25T06:30:50Z
2024-09-12,minas_san_francisco,670027091,high_res,3,8.985,s3://geoglows-v2-forecasts/2024091200.zarr,93500fc8e69e0d1c143a35e2b200c413-2,2026-09-25T06:30:50Z
2024-09-12,minas_san_francisco,670027091,high_res,4,9.051,s3://geoglows-v2-forecasts/2024091200.zarr,93500fc8e69e0d1c143a35e2b200c413-2,2026-09-25T06:30:50Z
2024-09-12,minas_san_francisco,670027091,high_res,5,9.139,s3://geoglows-v2-forecasts/2024091200.zarr,93500fc8e69e0d1c143a35e2b200c413-2,2026-09-25T06:30:50Z
2024-09-12,minas_san_francisco,670027091,high_res,6,9.025,s3://geoglows-v2-forecasts/2024091200.zarr,93500fc8e69e0d1c143a35e2b200c413-2,2026-09-25T06:30:50Z
2024-09-12,minas_san_francisco,670027091,high_res,7,8.963,s3://geoglows-v2-forecasts/2024091200.zarr,93500fc8e69e0d1c143a35e2b200c413-2,2026-09-25T06:30:50Z
2024-09-12,minas_san_francisco,670027091,high_res,8,9.076,s3://geoglows-v2-forecasts/2024091200.zarr,93500fc8e69e0d1c143a35e2b200c413-2,2026-09-25T06:30:50Z
2024-09-12,minas_san_francisco,670027091,high_res,9,9.052,s3://geoglows-v2-forecasts/2024091200.zarr,93500fc8e69e0d1c143a35e2b200c413-2,2026-09-25T06:30:50Z
2024-09-13,agoyan,621014469,high_res,1,64.752,s3://geoglows-v2-forecasts/2024091300.zarr,61fdc3d9ec932b45b218210c9517a2e2-2,2026-09-25T06:30:50Z
2024-09-13,agoyan,621014469,high_res,10,59.328,s3://geoglows-v2-forecasts/2024091300.zarr,61fdc3d9ec932b45b218210c9517a2e2-2,2026-09-25T06:30:50Z
2024-09-13,agoyan,621014469,high_res,2,62.085,s3://geoglows-v2-forecasts/2024091300.zarr,61fdc3d9ec932b45b218210c9517a2e2-2,2026-09-25T06:30:50Z
2024-09-13,agoyan,621014469,high_res,3,60.948,s3://geoglows-v2-forecasts/2024091300.zarr,61fdc3d9ec932b45b218210c9517a2e2-2,2026-09-25T06:30:50Z
2024-09-13,agoyan,621014469,high_res,4,59.715,s3://geoglows-v2-forecasts/2024091300.zarr,61fdc3d9ec932b45b218210c9517a2e2-2,2026-09-25T06:30:50Z
2024-09-13,agoyan,621014469,high_res,5,60.688,s3://geoglows-v2-forecasts/2024091300.zarr,61fdc3d9ec932b45b218210c9517a2e2-2,2026-09-25T06:30:50Z
2024-09-13,agoyan,621014469,high_res,6,62.152,s3://geoglows-v2-forecasts/2024091300.zarr,61fdc3d9ec932b45b218210c9517a2e2-2,2026-09-25T06:30:50Z
2024-09-13,agoyan,621014469,high_res,7,63.136,s3://geoglows-v2-forecasts/2024091300.zarr,61fdc3d9ec932b45b218210c9517a2e2-2,2026-09-25T06:30:50Z
2024-09-13,agoyan,621014469,high_res,8,62.668,s3://geoglows-v2-forecasts/2024091300.zarr,61fdc3d9ec932b45b218210c9517a2e2-2,2026-09-25T06:30:50Z
2024-09-13,agoyan,621014469,high_res,9,60.796,s3://geoglows-v2-forecasts/2024091300.zarr,61fdc3d9ec932b45b218210c9517a2e2-2,2026-09-25T06:30:50Z
2024-09-13,manduriacu,670078161,high_res,1,58.252,s3://geoglows-v2-forecasts/2024091300.zarr,61fdc3d9ec932b45b218210c9517a2e2-2,2026-09-25T06:30:50Z
2024-09-13,manduriacu,670078161,high_res,10,69.039,s3://geoglows-v2-forecasts/2024091300.zarr,61fdc3d9ec932b45b218210c9517a2e2-2,2026-09-25T06:30:50Z
2024-09-13,manduriacu,670078161,high_res,2,59.599,s3://geoglows-v2-forecasts/2024091300.zarr,61fdc3d9ec932b45b218210c9517a2e2-2,2026-09-25T06:30:50Z
2024-09-13,manduriacu,670078161,high_res,3,62.698,s3://geoglows-v2-forecasts/2024091300.zarr,61fdc3d9ec932b45b218210c9517a2e2-2,2026-09-25T06:30:50Z
2024-09-13,manduriacu,670078161,high_res,4,66.68,s3://geoglows-v2-forecasts/2024091300.zarr,61fdc3d9ec932b45b218210c9517a2e2-2,2026-09-25T06:30:50Z
2024-09-13,manduriacu,670078161,high_res,5,68.947,s3://geoglows-v2-forecasts/2024091300.zarr,61fdc3d9ec932b45b218210c9517a2e2-2,2026-09-25T06:30:50Z
2024-09-13,manduriacu,670078161,high_res,6,69.212,s3://geoglows-v2-forecasts/2024091300.zarr,61fdc3d9ec932b45b218210c9517a2e2-2,2026-09-25T06:30:50Z
2024-09-13,manduriacu,670078161,high_res,7,69.158,s3://geoglows-v2-forecasts/2024091300.zarr,61fdc3d9ec932b45b218210c9517a2e2-2,2026-09-25T06:30:50Z
2024-09-13,manduriacu,670078161,high_res,8,69.884,s3://geoglows-v2-forecasts/2024091300.zarr,61fdc3d9ec932b45b218210c9517a2e2-2,2026-09-25T06:30:50Z
2024-09-13,manduriacu,670078161,high_res,9,69.095,s3://geoglows-v2-forecasts/2024091300.zarr,61fdc3d9ec932b45b218210c9517a2e2-2,2026-09-25T06:30:50Z
2024-09-13,minas_san_francisco,670027091,high_res,1,9.372,s3://geoglows-v2-forecasts/2024091300.zarr,61fdc3d9ec932b45b218210c9517a2e2-2,2026-09-25T06:30:50Z
2024-09-13,minas_san_francisco,670027091,high_res,10,9.252,s3://geoglows-v2-forecasts/2024091300.zarr,61fdc3d9ec932b45b218210c9517a2e2-2,2026-09-25T06:30:50Z
2024-09-13,minas_san_francisco,670027091,high_res,2,8.681,s3://geoglows-v2-forecasts/2024091300.zarr,61fdc3d9ec932b45b218210c9517a2e2-2,2026-09-25T06:30:50Z
2024-09-13,minas_san_francisco,670027091,high_res,3,8.684,s3://geoglows-v2-forecasts/2024091300.zarr,61fdc3d9ec932b45b218210c9517a2e2-2,2026-09-25T06:30:50Z
2024-09-13,minas_san_francisco,670027091,high_res,4,8.887,s3://geoglows-v2-forecasts/2024091300.zarr,61fdc3d9ec932b45b218210c9517a2e2-2,2026-09-25T06:30:50Z
2024-09-13,minas_san_francisco,670027091,high_res,5,8.971,s3://geoglows-v2-forecasts/2024091300.zarr,61fdc3d9ec932b45b218210c9517a2e2-2,2026-09-25T06:30:50Z
2024-09-13,minas_san_francisco,670027091,high_res,6,9.078,s3://geoglows-v2-forecasts/2024091300.zarr,61fdc3d9ec932b45b218210c9517a2e2-2,2026-09-25T06:30:50Z
2024-09-13,minas_san_francisco,670027091,high_res,7,9.181,s3://geoglows-v2-forecasts/2024091300.zarr,61fdc3d9ec932b45b218210c9517a2e2-2,2026-09-25T06:30:50Z
2024-09-13,minas_san_francisco,670027091,high_res,8,9.408,s3://geoglows-v2-forecasts/2024091300.zarr,61fdc3d9ec932b45b218210c9517a2e2-2,2026-09-25T06:30:50Z
2024-09-13,minas_san_francisco,670027091,high_res,9,9.354,s3://geoglows-v2-forecasts/2024091300.zarr,61fdc3d9ec932b45b218210c9517a2e2-2,2026-09-25T06:30:50Z
2024-09-14,agoyan,621014469,high_res,1,61.165,s3://geoglows-v2-forecasts/2024091400.zarr,c3c53079a07371edbea9761008ab2181-2,2026-09-25T06:30:49Z
2024-09-14,agoyan,621014469,high_res,10,61.286,s3://geoglows-v2-forecasts/2024091400.zarr,c3c53079a07371edbea9761008ab2181-2,2026-09-25T06:30:49Z
2024-09-14,agoyan,621014469,high_res,2,59.634,s3://geoglows-v2-forecasts/2024091400.zarr,c3c53079a07371edbea9761008ab2181-2,2026-09-25T06:30:49Z
2024-09-14,agoyan,621014469,high_res,3,58.366,s3://geoglows-v2-forecasts/2024091400.zarr,c3c53079a07371edbea9761008ab2181-2,2026-09-25T06:30:49Z
2024-09-14,agoyan,621014469,high_res,4,60.358,s3://geoglows-v2-forecasts/2024091400.zarr,c3c53079a07371edbea9761008ab2181-2,2026-09-25T06:30:49Z
2024-09-14,agoyan,621014469,high_res,5,63.791,s3://geoglows-v2-forecasts/2024091400.zarr,c3c53079a07371edbea9761008ab2181-2,2026-09-25T06:30:49Z
2024-09-14,agoyan,621014469,high_res,6,64.811,s3://geoglows-v2-forecasts/2024091400.zarr,c3c53079a07371edbea9761008ab2181-2,2026-09-25T06:30:49Z
2024-09-14,agoyan,621014469,high_res,7,64.093,s3://geoglows-v2-forecasts/2024091400.zarr,c3c53079a07371edbea9761008ab2181-2,2026-09-25T06:30:49Z
2024-09-14,agoyan,621014469,high_res,8,63.139,s3://geoglows-v2-forecasts/2024091400.zarr,c3c53079a07371edbea9761008ab2181-2,2026-09-25T06:30:49Z
2024-09-14,agoyan,621014469,high_res,9,61.868,s3://geoglows-v2-forecasts/2024091400.zarr,c3c53079a07371edbea9761008ab2181-2,2026-09-25T06:30:49Z
2024-09-14,manduriacu,670078161,high_res,1,58.186,s3://geoglows-v2-forecasts/2024091400.zarr,c3c53079a07371edbea9761008ab2181-2,2026-09-25T06:30:49Z
2024-09-14,manduriacu,670078161,high_res,10,71.48,s3://geoglows-v2-forecasts/2024091400.zarr,c3c53079a07371edbea9761008ab2181-2,2026-09-25T06:30:49Z
2024-09-14,manduriacu,670078161,high_res,2,62.029,s3://geoglows-v2-forecasts/2024091400.zarr,c3c53079a07371edbea9761008ab2181-2,2026-09-25T06:30:49Z
2024-09-14,manduriacu,670078161,high_res,3,65.531,s3://geoglows-v2-forecasts/2024091400.zarr,c3c53079a07371edbea9761008ab2181-2,2026-09-25T06:30:49Z
2024-09-14,manduriacu,670078161,high_res,4,66.928,s3://geoglows-v2-forecasts/2024091400.zarr,c3c53079a07371edbea9761008ab2181-2,2026-09-25T06:30:49Z
2024-09-14,manduriacu,670078161,high_res,5,69.362,s3://geoglows-v2-forecasts/2024091400.zarr,c3c53079a07371edbea9761008ab2181-2,2026-09-25T06:30:49Z
2024-09-14,manduriacu,670078161,high_res,6,71.729,s3://geoglows-v2-forecasts/2024091400.zarr,c3c53079a07371edbea9761008ab2181-2,2026-09-25T06:30:49Z
2024-09-14,manduriacu,670078161,high_res,7,72.044,s3://geoglows-v2-forecasts/2024091400.zarr,c3c53079a07371edbea9761008ab2181-2,2026-09-25T06:30:49Z
2024-09-14,manduriacu,670078161,high_res,8,72.273,s3://geoglows-v2-forecasts/2024091400.zarr,c3c53079a07371edbea9761008ab2181-2,2026-09-25T06:30:49Z
2024-09-14,manduriacu,670078161,high_res,9,70.365,s3://geoglows-v2-forecasts/2024091400.zarr,c3c53079a07371edbea9761008ab2181-2,2026-09-25T06:30:49Z
2024-09-14,minas_san_francisco,670027091,high_res,1,8.485,s3://geoglows-v2-forecasts/2024091400.zarr,c3c53079a07371edbea9761008ab2181-2,2026-09-25T06:30:49Z
2024-09-14,minas_san_francisco,670027091,high_res,10,9.557,s3://geoglows-v2-forecasts/2024091400.zarr,c3c53079a07371edbea9761008ab2181-2,2026-09-25T06:30:49Z
2024-09-14,minas_san_francisco,670027091,high_res,2,8.357,s3://geoglows-v2-forecasts/2024091400.zarr,c3c53079a07371edbea9761008ab2181-2,2026-09-25T06:30:49Z
2024-09-14,minas_san_francisco,670027091,high_res,3,8.571,s3://geoglows-v2-forecasts/2024091400.zarr,c3c53079a07371edbea9761008ab2181-2,2026-09-25T06:30:49Z
2024-09-14,minas_san_francisco,670027091,high_res,4,8.83,s3://geoglows-v2-forecasts/2024091400.zarr,c3c53079a07371edbea9761008ab2181-2,2026-09-25T06:30:49Z
2024-09-14,minas_san_francisco,670027091,high_res,5,9.134,s3://geoglows-v2-forecasts/2024091400.zarr,c3c53079a07371edbea9761008ab2181-2,2026-09-25T06:30:49Z
2024-09-14,minas_san_francisco,670027091,high_res,6,9.504,s3://geoglows-v2-forecasts/2024091400.zarr,c3c53079a07371edbea9761008ab2181-2,2026-09-25T06:30:49Z
2024-09-14,minas_san_francisco,670027091,high_res,7,9.981,s3://geoglows-v2-forecasts/2024091400.zarr,c3c53079a07371edbea9761008ab2181-2,2026-09-25T06:30:49Z
2024-09-14,minas_san_francisco,670027091,high_res,8,9.63,s3://geoglows-v2-forecasts/2024091400.zarr,c3c53079a07371edbea9761008ab2181-2,2026-09-25T06:30:49Z
2024-09-14,minas_san_francisco,670027091,high_res,9,9.119,s3://geoglows-v2-forecasts/2024091400.zarr,c3c53079a07371edbea9761008ab2181-2,2026-09-25T06:30:49Z
2024-09-15,agoyan,621014469,high_res,1,58.902,s3://geoglows-v2-forecasts/2024091500.zarr,48da07bf69b6a7ad7e328a4546987a92-2,2026-09-25T06:30:50Z
2024-09-15,agoyan,621014469,high_res,10,61.819,s3://geoglows-v2-forecasts/2024091500.zarr,48da07bf69b6a7ad7e328a4546987a92-2,2026-09-25T06:30:50Z
2024-09-15,agoyan,621014469,high_res,2,56.545,s3://geoglows-v2-forecasts/2024091500.zarr,48da07bf69b6a7ad7e328a4546987a92-2,2026-09-25T06:30:50Z
2024-09-15,agoyan,621014469,high_res,3,59.243,s3://geoglows-v2-forecasts/2024091500.zarr,48da07bf69b6a7ad7e328a4546987a92-2,2026-09-25T06:30:50Z
2024-09-15,agoyan,621014469,high_res,4,62.222,s3://geoglows-v2-forecasts/2024091500.zarr,48da07bf69b6a7ad7e328a4546987a92-2,2026-09-25T06:30:50Z
2024-09-15,agoyan,621014469,high_res,5,63.284,s3://geoglows-v2-forecasts/2024091500.zarr,48da07bf69b6a7ad7e328a4546987a92-2,2026-09-25T06:30:50Z
2024-09-15,agoyan,621014469,high_res,6,61.585,s3://geoglows-v2-forecasts/2024091500.zarr,48da07bf69b6a7ad7e328a4546987a92-2,2026-09-25T06:30:50Z
2024-09-15,agoyan,621014469,high_res,7,60.028,s3://geoglows-v2-forecasts/2024091500.zarr,48da07bf69b6a7ad7e328a4546987a92-2,2026-09-25T06:30:50Z
2024-09-15,agoyan,621014469,high_res,8,60.583,s3://geoglows-v2-forecasts/2024091500.zarr,48da07bf69b6a7ad7e328a4546987a92-2,2026-09-25T06:30:50Z
2024-09-15,agoyan,621014469,high_res,9,61.18,s3://geoglows-v2-forecasts/2024091500.zarr,48da07bf69b6a7ad7e328a4546987a92-2,2026-09-25T06:30:50Z
2024-09-15,manduriacu,670078161,high_res,1,59.285,s3://geoglows-v2-forecasts/2024091500.zarr,48da07bf69b6a7ad7e328a4546987a92-2,2026-09-25T06:30:50Z
2024-09-15,manduriacu,670078161,high_res,10,89.079,s3://geoglows-v2-forecasts/2024091500.zarr,48da07bf69b6a7ad7e328a4546987a92-2,2026-09-25T06:30:50Z
2024-09-15,manduriacu,670078161,high_res,2,62.664,s3://geoglows-v2-forecasts/2024091500.zarr,48da07bf69b6a7ad7e328a4546987a92-2,2026-09-25T06:30:50Z
2024-09-15,manduriacu,670078161,high_res,3,64.816,s3://geoglows-v2-forecasts/2024091500.zarr,48da07bf69b6a7ad7e328a4546987a92-2,2026-09-25T06:30:50Z
2024-09-15,manduriacu,670078161,high_res,4,64.282,s3://geoglows-v2-forecasts/2024091500.zarr,48da07bf69b6a7ad7e328a4546987a92-2,2026-09-25T06:30:50Z
2024-09-15,manduriacu,670078161,high_res,5,66.731,s3://geoglows-v2-forecasts/2024091500.zarr,48da07bf69b6a7ad7e328a4546987a92-2,2026-09-25T06:30:50Z
2024-09-15,manduriacu,670078161,high_res,6,67.978,s3://geoglows-v2-forecasts/2024091500.zarr,48da07bf69b6a7ad7e328a4546987a92-2,2026-09-25T06:30:50Z
2024-09-15,manduriacu,670078161,high_res,7,69.373,s3://geoglows-v2-forecasts/2024091500.zarr,48da07bf69b6a7ad7e328a4546987a92-2,2026-09-25T06:30:50Z
2024-09-15,manduriacu,670078161,high_res,8,70.082,s3://geoglows-v2-forecasts/2024091500.zarr,48da07bf69b6a7ad7e328a4546987a92-2,2026-09-25T06:30:50Z
2024-09-15,manduriacu,670078161,high_res,9,80.541,s3://geoglows-v2-forecasts/2024091500.zarr,48da07bf69b6a7ad7e328a4546987a92-2,2026-09-25T06:30:50Z
2024-09-15,minas_san_francisco,670027091,high_res,1,8.133,s3://geoglows-v2-forecasts/2024091500.zarr,48da07bf69b6a7ad7e328a4546987a92-2,2026-09-25T06:30:50Z
2024-09-15,minas_san_francisco,670027091,high_res,10,12.516,s3://geoglows-v2-forecasts/2024091500.zarr,48da07bf69b6a7ad7e328a4546987a92-2,2026-09-25T06:30:50Z
2024-09-15,minas_san_francisco,670027091,high_res,2,8.325,s3://geoglows-v2-forecasts/2024091500.zarr,48da07bf69b6a7ad7e328a4546987a92-2,2026-09-25T06:30:50Z
2024-09-15,minas_san_francisco,670027091,high_res,3,8.593,s3://geoglows-v2-forecasts/2024091500.zarr,48da07bf69b6a7ad7e328a4546987a92-2,2026-09-25T06:30:50Z
2024-09-15,minas_san_francisco,670027091,high_res,4,8.966,s3://geoglows-v2-forecasts/2024091500.zarr,48da07bf69b6a7ad7e328a4546987a92-2,2026-09-25T06:30:50Z
2024-09-15,minas_san_francisco,670027091,high_res,5,9.769,s3://geoglows-v2-forecasts/2024091500.zarr,48da07bf69b6a7ad7e328a4546987a92-2,2026-09-25T06:30:50Z
2024-09-15,minas_san_francisco,670027091,high_res,6,10.482,s3://geoglows-v2-forecasts/2024091500.zarr,48da07bf69b6a7ad7e328a4546987a92-2,2026-09-25T06:30:50Z
2024-09-15,minas_san_francisco,670027091,high_res,7,9.668,s3://geoglows-v2-forecasts/2024091500.zarr,48da07bf69b6a7ad7e328a4546987a92-2,2026-09-25T06:30:50Z
2024-09-15,minas_san_francisco,670027091,high_res,8,9.962,s3://geoglows-v2-forecasts/2024091500.zarr,48da07bf69b6a7ad7e328a4546987a92-2,2026-09-25T06:30:50Z
2024-09-15,minas_san_francisco,670027091,high_res,9,12.242,s3://geoglows-v2-forecasts/2024091500.zarr,48da07bf69b6a7ad7e328a4546987a92-2,2026-09-25T06:30:50Z
2024-09-16,agoyan,621014469,high_res,1,56.964,s3://geoglows-v2-forecasts/2024091600.zarr,624fa9d9f384e9ed364d870f430c66f3-2,2026-09-25T06:30:50Z
2024-09-16,agoyan,621014469,high_res,10,62.979,s3://geoglows-v2-forecasts/2024091600.zarr,624fa9d9f384e9ed364d870f430c66f3-2,2026-09-25T06:30:50Z
2024-09-16,agoyan,621014469,high_res,2,56.977,s3://geoglows-v2-forecasts/2024091600.zarr,624fa9d9f384e9ed364d870f430c66f3-2,2026-09-25T06:30:50Z
2024-09-16,agoyan,621014469,high_res,3,61.594,s3://geoglows-v2-forecasts/2024091600.zarr,624fa9d9f384e9ed364d870f430c66f3-2,2026-09-25T06:30:50Z
2024-09-16,agoyan,621014469,high_res,4,61.567,s3://geoglows-v2-forecasts/2024091600.zarr,624fa9d9f384e9ed364d870f430c66f3-2,2026-09-25T06:30:50Z
2024-09-16,agoyan,621014469,high_res,5,61.082,s3://geoglows-v2-forecasts/2024091600.zarr,624fa9d9f384e9ed364d870f430c66f3-2,2026-09-25T06:30:50Z
2024-09-16,agoyan,621014469,high_res,6,60.808,s3://geoglows-v2-forecasts/2024091600.zarr,624fa9d9f384e9ed364d870f430c66f3-2,2026-09-25T06:30:50Z
2024-09-16,agoyan,621014469,high_res,7,63.007,s3://geoglows-v2-forecasts/2024091600.zarr,624fa9d9f384e9ed364d870f430c66f3-2,2026-09-25T06:30:50Z
2024-09-16,agoyan,621014469,high_res,8,65.599,s3://geoglows-v2-forecasts/2024091600.zarr,624fa9d9f384e9ed364d870f430c66f3-2,2026-09-25T06:30:50Z
2024-09-16,agoyan,621014469,high_res,9,67.535,s3://geoglows-v2-forecasts/2024091600.zarr,624fa9d9f384e9ed364d870f430c66f3-2,2026-09-25T06:30:50Z
2024-09-16,manduriacu,670078161,high_res,1,58.892,s3://geoglows-v2-forecasts/2024091600.zarr,624fa9d9f384e9ed364d870f430c66f3-2,2026-09-25T06:30:50Z
2024-09-16,manduriacu,670078161,high_res,10,77.851,s3://geoglows-v2-forecasts/2024091600.zarr,624fa9d9f384e9ed364d870f430c66f3-2,2026-09-25T06:30:50Z
2024-09-16,manduriacu,670078161,high_res,2,60.199,s3://geoglows-v2-forecasts/2024091600.zarr,624fa9d9f384e9ed364d870f430c66f3-2,2026-09-25T06:30:50Z
2024-09-16,manduriacu,670078161,high_res,3,59.938,s3://geoglows-v2-forecasts/2024091600.zarr,624fa9d9f384e9ed364d870f430c66f3-2,2026-09-25T06:30:50Z
2024-09-16,manduriacu,670078161,high_res,4,61.059,s3://geoglows-v2-forecasts/2024091600.zarr,624fa9d9f384e9ed364d870f430c66f3-2,2026-09-25T06:30:50Z
2024-09-16,manduriacu,670078161,high_res,5,61.422,s3://geoglows-v2-forecasts/2024091600.zarr,624fa9d9f384e9ed364d870f430c66f3-2,2026-09-25T06:30:50Z
2024-09-16,manduriacu,670078161,high_res,6,65.044,s3://geoglows-v2-forecasts/2024091600.zarr,624fa9d9f384e9ed364d870f430c66f3-2,2026-09-25T06:30:50Z
2024-09-16,manduriacu,670078161,high_res,7,66.261,s3://geoglows-v2-forecasts/2024091600.zarr,624fa9d9f384e9ed364d870f430c66f3-2,2026-09-25T06:30:50Z
2024-09-16,manduriacu,670078161,high_res,8,66.988,s3://geoglows-v2-forecasts/2024091600.zarr,624fa9d9f384e9ed364d870f430c66f3-2,2026-09-25T06:30:50Z
2024-09-16,manduriacu,670078161,high_res,9,73.93,s3://geoglows-v2-forecasts/2024091600.zarr,624fa9d9f384e9ed364d870f430c66f3-2,2026-09-25T06:30:50Z
2024-09-16,minas_san_francisco,670027091,high_res,1,8.048,s3://geoglows-v2-forecasts/2024091600.zarr,624fa9d9f384e9ed364d870f430c66f3-2,2026-09-25T06:30:50Z
2024-09-16,minas_san_francisco,670027091,high_res,10,10.783,s3://geoglows-v2-forecasts/2024091600.zarr,624fa9d9f384e9ed364d870f430c66f3-2,2026-09-25T06:30:50Z
2024-09-16,minas_san_francisco,670027091,high_res,2,8.324,s3://geoglows-v2-forecasts/2024091600.zarr,624fa9d9f384e9ed364d870f430c66f3-2,2026-09-25T06:30:50Z
2024-09-16,minas_san_francisco,670027091,high_res,3,9.148,s3://geoglows-v2-forecasts/2024091600.zarr,624fa9d9f384e9ed364d870f430c66f3-2,2026-09-25T06:30:50Z
2024-09-16,minas_san_francisco,670027091,high_res,4,10.087,s3://geoglows-v2-forecasts/2024091600.zarr,624fa9d9f384e9ed364d870f430c66f3-2,2026-09-25T06:30:50Z
2024-09-16,minas_san_francisco,670027091,high_res,5,10.626,s3://geoglows-v2-forecasts/2024091600.zarr,624fa9d9f384e9ed364d870f430c66f3-2,2026-09-25T06:30:50Z
2024-09-16,minas_san_francisco,670027091,high_res,6,10.132,s3://geoglows-v2-forecasts/2024091600.zarr,624fa9d9f384e9ed364d870f430c66f3-2,2026-09-25T06:30:50Z
2024-09-16,minas_san_francisco,670027091,high_res,7,9.764,s3://geoglows-v2-forecasts/2024091600.zarr,624fa9d9f384e9ed364d870f430c66f3-2,2026-09-25T06:30:50Z
2024-09-16,minas_san_francisco,670027091,high_res,8,13.27,s3://geoglows-v2-forecasts/2024091600.zarr,624fa9d9f384e9ed364d870f430c66f3-2,2026-09-25T06:30:50Z
2024-09-16,minas_san_francisco,670027091,high_res,9,13.431,s3://geoglows-v2-forecasts/2024091600.zarr,624fa9d9f384e9ed364d870f430c66f3-2,2026-09-25T06:30:50Z
2024-09-17,agoyan,621014469,high_res,1,55.966,s3://geoglows-v2-forecasts/2024091700.zarr,1a9545c21eda74fb9b68a7d49f18cae0-2,2026-09-25T06:30:54Z
2024-09-17,agoyan,621014469,high_res,10,61.002,s3://geoglows-v2-forecasts/2024091700.zarr,1a9545c21eda74fb9b68a7d49f18cae0-2,2026-09-25T06:30:54Z
2024-09-17,agoyan,621014469,high_res,2,60.947,s3://geoglows-v2-forecasts/2024091700.zarr,1a9545c21eda74fb9b68a7d49f18cae0-2,2026-09-25T06:30:54Z
2024-09-17,agoyan,621014469,high_res,3,60.38,s3://geoglows-v2-forecasts/2024091700.zarr,1a9545c21eda74fb9b68a7d49f18cae0-2,2026-09-25T06:30:54Z
2024-09-17,agoyan,621014469,high_res,4,61.319,s3://geoglows-v2-forecasts/2024091700.zarr,1a9545c21eda74fb9b68a7d49f18cae0-2,2026-09-25T06:30:54Z
2024-09-17,agoyan,621014469,high_res,5,62.349,s3://geoglows-v2-forecasts/2024091700.zarr,1a9545c21eda74fb9b68a7d49f18cae0-2,2026-09-25T06:30:54Z
2024-09-17,agoyan,621014469,high_res,6,64.076,s3://geoglows-v2-forecasts/2024091700.zarr,1a9545c21eda74fb9b68a7d49f18cae0-2,2026-09-25T06:30:54Z
2024-09-17,agoyan,621014469,high_res,7,67.358,s3://geoglows-v2-forecasts/2024091700.zarr,1a9545c21eda74fb9b68a7d49f18cae0-2,2026-09-25T06:30:54Z
2024-09-17,agoyan,621014469,high_res,8,68.596,s3://geoglows-v2-forecasts/2024091700.zarr,1a9545c21eda74fb9b68a7d49f18cae0-2,2026-09-25T06:30:54Z
2024-09-17,agoyan,621014469,high_res,9,64.743,s3://geoglows-v2-forecasts/2024091700.zarr,1a9545c21eda74fb9b68a7d49f18cae0-2,2026-09-25T06:30:54Z
2024-09-17,manduriacu,670078161,high_res,1,56.723,s3://geoglows-v2-forecasts/2024091700.zarr,1a9545c21eda74fb9b68a7d49f18cae0-2,2026-09-25T06:30:54Z
2024-09-17,manduriacu,670078161,high_res,10,72.506,s3://geoglows-v2-forecasts/2024091700.zarr,1a9545c21eda74fb9b68a7d49f18cae0-2,2026-09-25T06:30:54Z
2024-09-17,manduriacu,670078161,high_res,2,55.767,s3://geoglows-v2-forecasts/2024091700.zarr,1a9545c21eda74fb9b68a7d49f18cae0-2,2026-09-25T06:30:54Z
2024-09-17,manduriacu,670078161,high_res,3,57.043,s3://geoglows-v2-forecasts/2024091700.zarr,1a9545c21eda74fb9b68a7d49f18cae0-2,2026-09-25T06:30:54Z
2024-09-17,manduriacu,670078161,high_res,4,58.072,s3://geoglows-v2-forecasts/2024091700.zarr,1a9545c21eda74fb9b68a7d49f18cae0-2,2026-09-25T06:30:54Z
2024-09-17,manduriacu,670078161,high_res,5,61.52,s3://geoglows-v2-forecasts/2024091700.zarr,1a9545c21eda74fb9b68a7d49f18cae0-2,2026-09-25T06:30:54Z
2024-09-17,manduriacu,670078161,high_res,6,67.224,s3://geoglows-v2-forecasts/2024091700.zarr,1a9545c21eda74fb9b68a7d49f18cae0-2,2026-09-25T06:30:54Z
2024-09-17,manduriacu,670078161,high_res,7,70.09,s3://geoglows-v2-forecasts/2024091700.zarr,1a9545c21eda74fb9b68a7d49f18cae0-2,2026-09-25T06:30:54Z
2024-09-17,manduriacu,670078161,high_res,8,70.699,s3://geoglows-v2-forecasts/2024091700.zarr,1a9545c21eda74fb9b68a7d49f18cae0-2,2026-09-25T06:30:54Z
2024-09-17,manduriacu,670078161,high_res,9,72.27,s3://geoglows-v2-forecasts/2024091700.zarr,1a9545c21eda74fb9b68a7d49f18cae0-2,2026-09-25T06:30:54Z
2024-09-17,minas_san_francisco,670027091,high_res,1,8.077,s3://geoglows-v2-forecasts/2024091700.zarr,1a9545c21eda74fb9b68a7d49f18cae0-2,2026-09-25T06:30:54Z
2024-09-17,minas_san_francisco,670027091,high_res,10,9.96,s3://geoglows-v2-forecasts/2024091700.zarr,1a9545c21eda74fb9b68a7d49f18cae0-2,2026-09-25T06:30:54Z
2024-09-17,minas_san_francisco,670027091,high_res,2,8.637,s3://geoglows-v2-forecasts/2024091700.zarr,1a9545c21eda74fb9b68a7d49f18cae0-2,2026-09-25T06:30:54Z
2024-09-17,minas_san_francisco,670027091,high_res,3,9.579,s3://geoglows-v2-forecasts/2024091700.zarr,1a9545c21eda74fb9b68a7d49f18cae0-2,2026-09-25T06:30:54Z
2024-09-17,minas_san_francisco,670027091,high_res,4,10.427,s3://geoglows-v2-forecasts/2024091700.zarr,1a9545c21eda74fb9b68a7d49f18cae0-2,2026-09-25T06:30:54Z
2024-09-17,minas_san_francisco,670027091,high_res,5,10.367,s3://geoglows-v2-forecasts/2024091700.zarr,1a9545c21eda74fb9b68a7d49f18cae0-2,2026-09-25T06:30:54Z
2024-09-17,minas_san_francisco,670027091,high_res,6,10.497,s3://geoglows-v2-forecasts/2024091700.zarr,1a9545c21eda74fb9b68a7d49f18cae0-2,2026-09-25T06:30:54Z
2024-09-17,minas_san_francisco,670027091,high_res,7,12.253,s3://geoglows-v2-forecasts/2024091700.zarr,1a9545c21eda74fb9b68a7d49f18cae0-2,2026-09-25T06:30:54Z
2024-09-17,minas_san_francisco,670027091,high_res,8,12.072,s3://geoglows-v2-forecasts/2024091700.zarr,1a9545c21eda74fb9b68a7d49f18cae0-2,2026-09-25T06:30:54Z
2024-09-17,minas_san_francisco,670027091,high_res,9,10.691,s3://geoglows-v2-forecasts/2024091700.zarr,1a9545c21eda74fb9b68a7d49f18cae0-2,2026-09-25T06:30:54Z
2024-09-18,agoyan,621014469,high_res,1,58.081,s3://geoglows-v2-forecasts/2024091800.zarr,6fa58e68811ce4078ea6272cfa5e29ec-2,2026-09-25T06:30:54Z
2024-09-18,agoyan,621014469,high_res,10,56.826,s3://geoglows-v2-forecasts/2024091800.zarr,6fa58e68811ce4078ea6272cfa5e29ec-2,2026-09-25T06:30:54Z
2024-09-18,agoyan,621014469,high_res,2,57.383,s3://geoglows-v2-forecasts/2024091800.zarr,6fa58e68811ce4078ea6272cfa5e29ec-2,2026-09-25T06:30:54Z
2024-09-18,agoyan,621014469,high_res,3,57.336,s3://geoglows-v2-forecasts/2024091800.zarr,6fa58e68811ce4078ea6272cfa5e29ec-2,2026-09-25T06:30:54Z
2024-09-18,agoyan,621014469,high_res,4,58.836,s3://geoglows-v2-forecasts/2024091800.zarr,6fa58e68811ce4078ea6272cfa5e29ec-2,2026-09-25T06:30:54Z
2024-09-18,agoyan,621014469,high_res,5,65.182,s3://geoglows-v2-forecasts/2024091800.zarr,6fa58e68811ce4078ea6272cfa5e29ec-2,2026-09-25T06:30:54Z
2024-09-18,agoyan,621014469,high_res,6,71.384,s3://geoglows-v2-forecasts/2024091800.zarr,6fa58e68811ce4078ea6272cfa5e29ec-2,2026-09-25T06:30:54Z
2024-09-18,agoyan,621014469,high_res,7,72.278,s3://geoglows-v2-forecasts/2024091800.zarr,6fa58e68811ce4078ea6272cfa5e29ec-2,2026-09-25T06:30:54Z
2024-09-18,agoyan,621014469,high_res,8,66.213,s3://geoglows-v2-forecasts/2024091800.zarr,6fa58e68811ce4078ea6272cfa5e29ec-2,2026-09-25T06:30:54Z
2024-09-18,agoyan,621014469,high_res,9,59.776,s3://geoglows-v2-forecasts/2024091800.zarr,6fa58e68811ce4078ea6272cfa5e29ec-2,2026-09-25T06:30:54Z
2024-09-18,manduriacu,670078161,high_res,1,54.853,s3://geoglows-v2-forecasts/2024091800.zarr,6fa58e68811ce4078ea6272cfa5e29ec-2,2026-09-25T06:30:54Z
2024-09-18,manduriacu,670078161,high_res,10,82.517,s3://geoglows-v2-forecasts/2024091800.zarr,6fa58e68811ce4078ea6272cfa5e29ec-2,2026-09-25T06:30:54Z
2024-09-18,manduriacu,670078161,high_res,2,54.734,s3://geoglows-v2-forecasts/2024091800.zarr,6fa58e68811ce4078ea6272cfa5e29ec-2,2026-09-25T06:30:54Z
2024-09-18,manduriacu,670078161,high_res,3,55.25,s3://geoglows-v2-forecasts/2024091800.zarr,6fa58e68811ce4078ea6272cfa5e29ec-2,2026-09-25T06:30:54Z
2024-09-18,manduriacu,670078161,high_res,4,56.741,s3://geoglows-v2-forecasts/2024091800.zarr,6fa58e68811ce4078ea6272cfa5e29ec-2,2026-09-25T06:30:54Z
2024-09-18,manduriacu,670078161,high_res,5,59.774,s3://geoglows-v2-forecasts/2024091800.zarr,6fa58e68811ce4078ea6272cfa5e29ec-2,2026-09-25T06:30:54Z
2024-09-18,manduriacu,670078161,high_res,6,64.535,s3://geoglows-v2-forecasts/2024091800.zarr,6fa58e68811ce4078ea6272cfa5e29ec-2,2026-09-25T06:30:54Z
2024-09-18,manduriacu,670078161,high_res,7,67.524,s3://geoglows-v2-forecasts/2024091800.zarr,6fa58e68811ce4078ea6272cfa5e29ec-2,2026-09-25T06:30:54Z
2024-09-18,manduriacu,670078161,high_res,8,68.159,s3://geoglows-v2-forecasts/2024091800.zarr,6fa58e68811ce4078ea6272cfa5e29ec-2,2026-09-25T06:30:54Z
2024-09-18,manduriacu,670078161,high_res,9,70.481,s3://geoglows-v2-forecasts/2024091800.zarr,6fa58e68811ce4078ea6272cfa5e29ec-2,2026-09-25T06:30:54Z
2024-09-18,minas_san_francisco,670027091,high_res,1,8.368,s3://geoglows-v2-forecasts/2024091800.zarr,6fa58e68811ce4078ea6272cfa5e29ec-2,2026-09-25T06:30:54Z
2024-09-18,minas_san_francisco,670027091,high_res,10,10.803,s3://geoglows-v2-forecasts/2024091800.zarr,6fa58e68811ce4078ea6272cfa5e29ec-2,2026-09-25T06:30:54Z
2024-09-18,minas_san_francisco,670027091,high_res,2,9.188,s3://geoglows-v2-forecasts/2024091800.zarr,6fa58e68811ce4078ea6272cfa5e29ec-2,2026-09-25T06:30:54Z
2024-09-18,minas_san_francisco,670027091,high_res,3,9.844,s3://geoglows-v2-forecasts/2024091800.zarr,6fa58e68811ce4078ea6272cfa5e29ec-2,2026-09-25T06:30:54Z
2024-09-18,minas_san_francisco,670027091,high_res,4,9.653,s3://geoglows-v2-forecasts/2024091800.zarr,6fa58e68811ce4078ea6272cfa5e29ec-2,2026-09-25T06:30:54Z
2024-09-18,minas_san_francisco,670027091,high_res,5,11.101,s3://geoglows-v2-forecasts/2024091800.zarr,6fa58e68811ce4078ea6272cfa5e29ec-2,2026-09-25T06:30:54Z
2024-09-18,minas_san_francisco,670027091,high_res,6,19.835,s3://geoglows-v2-forecasts/2024091800.zarr,6fa58e68811ce4078ea6272cfa5e29ec-2,2026-09-25T06:30:54Z
2024-09-18,minas_san_francisco,670027091,high_res,7,18.16,s3://geoglows-v2-forecasts/2024091800.zarr,6fa58e68811ce4078ea6272cfa5e29ec-2,2026-09-25T06:30:54Z
2024-09-18,minas_san_francisco,670027091,high_res,8,14.934,s3://geoglows-v2-forecasts/2024091800.zarr,6fa58e68811ce4078ea6272cfa5e29ec-2,2026-09-25T06:30:54Z
2024-09-18,minas_san_francisco,670027091,high_res,9,10.569,s3://geoglows-v2-forecasts/2024091800.zarr,6fa58e68811ce4078ea6272cfa5e29ec-2,2026-09-25T06:30:54Z
2024-09-19,agoyan,621014469,high_res,1,57.902,s3://geoglows-v2-forecasts/2024091900.zarr,d02f0fe22cf0e12460ce1a542925f31d-2,2026-09-25T06:30:54Z
2024-09-19,agoyan,621014469,high_res,10,54.827,s3://geoglows-v2-forecasts/2024091900.zarr,d02f0fe22cf0e12460ce1a542925f31d-2,2026-09-25T06:30:54Z
2024-09-19,agoyan,621014469,high_res,2,57.938,s3://geoglows-v2-forecasts/2024091900.zarr,d02f0fe22cf0e12460ce1a542925f31d-2,2026-09-25T06:30:54Z
2024-09-19,agoyan,621014469,high_res,3,59.588,s3://geoglows-v2-forecasts/2024091900.zarr,d02f0fe22cf0e12460ce1a542925f31d-2,2026-09-25T06:30:54Z
2024-09-19,agoyan,621014469,high_res,4,61.946,s3://geoglows-v2-forecasts/2024091900.zarr,d02f0fe22cf0e12460ce1a542925f31d-2,2026-09-25T06:30:54Z
2024-09-19,agoyan,621014469,high_res,5,69.342,s3://geoglows-v2-forecasts/2024091900.zarr,d02f0fe22cf0e12460ce1a542925f31d-2,2026-09-25T06:30:54Z
2024-09-19,agoyan,621014469,high_res,6,68.632,s3://geoglows-v2-forecasts/2024091900.zarr,d02f0fe22cf0e12460ce1a542925f31d-2,2026-09-25T06:30:54Z
2024-09-19,agoyan,621014469,high_res,7,63.927,s3://geoglows-v2-forecasts/2024091900.zarr,d02f0fe22cf0e12460ce1a542925f31d-2,2026-09-25T06:30:54Z
2024-09-19,agoyan,621014469,high_res,8,58.809,s3://geoglows-v2-forecasts/2024091900.zarr,d02f0fe22cf0e12460ce1a542925f31d-2,2026-09-25T06:30:54Z
2024-09-19,agoyan,621014469,high_res,9,56.167,s3://geoglows-v2-forecasts/2024091900.zarr,d02f0fe22cf0e12460ce1a542925f31d-2,2026-09-25T06:30:54Z
2024-09-19,manduriacu,670078161,high_res,1,53.573,s3://geoglows-v2-forecasts/2024091900.zarr,d02f0fe22cf0e12460ce1a542925f31d-2,2026-09-25T06:30:54Z
2024-09-19,manduriacu,670078161,high_res,10,136.24,s3://geoglows-v2-forecasts/2024091900.zarr,d02f0fe22cf0e12460ce1a542925f31d-2,2026-09-25T06:30:54Z
2024-09-19,manduriacu,670078161,high_res,2,53.633,s3://geoglows-v2-forecasts/2024091900.zarr,d02f0fe22cf0e12460ce1a542925f31d-2,2026-09-25T06:30:54Z
2024-09-19,manduriacu,670078161,high_res,3,55.336,s3://geoglows-v2-forecasts/2024091900.zarr,d02f0fe22cf0e12460ce1a542925f31d-2,2026-09-25T06:30:54Z
2024-09-19,manduriacu,670078161,high_res,4,59.308,s3://geoglows-v2-forecasts/2024091900.zarr,d02f0fe22cf0e12460ce1a542925f31d-2,2026-09-25T06:30:54Z
2024-09-19,manduriacu,670078161,high_res,5,65.967,s3://geoglows-v2-forecasts/2024091900.zarr,d02f0fe22cf0e12460ce1a542925f31d-2,2026-09-25T06:30:54Z
2024-09-19,manduriacu,670078161,high_res,6,68.952,s3://geoglows-v2-forecasts/2024091900.zarr,d02f0fe22cf0e12460ce1a542925f31d-2,2026-09-25T06:30:54Z
2024-09-19,manduriacu,670078161,high_res,7,68.137,s3://geoglows-v2-forecasts/2024091900.zarr,d02f0fe22cf0e12460ce1a542925f31d-2,2026-09-25T06:30:54Z
2024-09-19,manduriacu,670078161,high_res,8,74.582,s3://geoglows-v2-forecasts/2024091900.zarr,d02f0fe22cf0e12460ce1a542925f31d-2,2026-09-25T06:30:54Z
2024-09-19,manduriacu,670078161,high_res,9,79.209,s3://geoglows-v2-forecasts/2024091900.zarr,d02f0fe22cf0e12460ce1a542925f31d-2,2026-09-25T06:30:54Z
2024-09-19,minas_san_francisco,670027091,high_res,1,8.928,s3://geoglows-v2-forecasts/2024091900.zarr,d02f0fe22cf0e12460ce1a542925f31d-2,2026-09-25T06:30:54Z
2024-09-19,minas_san_francisco,670027091,high_res,10,11.842,s3://geoglows-v2-forecasts/2024091900.zarr,d02f0fe22cf0e12460ce1a542925f31d-2,2026-09-25T06:30:54Z
2024-09-19,minas_san_francisco,670027091,high_res,2,9.627,s3://geoglows-v2-forecasts/2024091900.zarr,d02f0fe22cf0e12460ce1a542925f31d-2,2026-09-25T06:30:54Z
2024-09-19,minas_san_francisco,670027091,high_res,3,9.806,s3://geoglows-v2-forecasts/2024091900.zarr,d02f0fe22cf0e12460ce1a542925f31d-2,2026-09-25T06:30:54Z
2024-09-19,minas_san_francisco,670027091,high_res,4,11.388,s3://geoglows-v2-forecasts/2024091900.zarr,d02f0fe22cf0e12460ce1a542925f31d-2,2026-09-25T06:30:54Z
2024-09-19,minas_san_francisco,670027091,high_res,5,15.294,s3://geoglows-v2-forecasts/2024091900.zarr,d02f0fe22cf0e12460ce1a542925f31d-2,2026-09-25T06:30:54Z
2024-09-19,minas_san_francisco,670027091,high_res,6,14.02,s3://geoglows-v2-forecasts/2024091900.zarr,d02f0fe22cf0e12460ce1a542925f31d-2,2026-09-25T06:30:54Z
2024-09-19,minas_san_francisco,670027091,high_res,7,12.073,s3://geoglows-v2-forecasts/2024091900.zarr,d02f0fe22cf0e12460ce1a542925f31d-2,2026-09-25T06:30:54Z
2024-09-19,minas_san_francisco,670027091,high_res,8,9.797,s3://geoglows-v2-forecasts/2024091900.zarr,d02f0fe22cf0e12460ce1a542925f31d-2,2026-09-25T06:30:54Z
2024-09-19,minas_san_francisco,670027091,high_res,9,10.092,s3://geoglows-v2-forecasts/2024091900.zarr,d02f0fe22cf0e12460ce1a542925f31d-2,2026-09-25T06:30:54Z
2024-09-20,agoyan,621014469,high_res,1,56.769,s3://geoglows-v2-forecasts/2024092000.zarr,19aba7ce62a37cd2b53d70465023325f-2,2026-09-25T06:30:54Z
2024-09-20,agoyan,621014469,high_res,10,68.696,s3://geoglows-v2-forecasts/2024092000.zarr,19aba7ce62a37cd2b53d70465023325f-2,2026-09-25T06:30:54Z
2024-09-20,agoyan,621014469,high_res,2,57.551,s3://geoglows-v2-forecasts/2024092000.zarr,19aba7ce62a37cd2b53d70465023325f-2,2026-09-25T06:30:54Z
2024-09-20,agoyan,621014469,high_res,3,63.148,s3://geoglows-v2-forecasts/2024092000.zarr,19aba7ce62a37cd2b53d70465023325f-2,2026-09-25T06:30:54Z
2024-09-20,agoyan,621014469,high_res,4,71.916,s3://geoglows-v2-forecasts/2024092000.zarr,19aba7ce62a37cd2b53d70465023325f-2,2026-09-25T06:30:54Z
2024-09-20,agoyan,621014469,high_res,5,74.522,s3://geoglows-v2-forecasts/2024092000.zarr,19aba7ce62a37cd2b53d70465023325f-2,2026-09-25T06:30:54Z
2024-09-20,agoyan,621014469,high_res,6,71.825,s3://geoglows-v2-forecasts/2024092000.zarr,19aba7ce62a37cd2b53d70465023325f-2,2026-09-25T06:30:54Z
2024-09-20,agoyan,621014469,high_res,7,65.613,s3://geoglows-v2-forecasts/2024092000.zarr,19aba7ce62a37cd2b53d70465023325f-2,2026-09-25T06:30:54Z
2024-09-20,agoyan,621014469,high_res,8,59.068,s3://geoglows-v2-forecasts/2024092000.zarr,19aba7ce62a37cd2b53d70465023325f-2,2026-09-25T06:30:54Z
2024-09-20,agoyan,621014469,high_res,9,57.687,s3://geoglows-v2-forecasts/2024092000.zarr,19aba7ce62a37cd2b53d70465023325f-2,2026-09-25T06:30:54Z
2024-09-20,manduriacu,670078161,high_res,1,52.387,s3://geoglows-v2-forecasts/2024092000.zarr,19aba7ce62a37cd2b53d70465023325f-2,2026-09-25T06:30:54Z
2024-09-20,manduriacu,670078161,high_res,10,181.768,s3://geoglows-v2-forecasts/2024092000.zarr,19aba7ce62a37cd2b53d70465023325f-2,2026-09-25T06:30:54Z
2024-09-20,manduriacu,670078161,high_res,2,52.698,s3://geoglows-v2-forecasts/2024092000.zarr,19aba7ce62a37cd2b53d70465023325f-2,2026-09-25T06:30:54Z
2024-09-20,manduriacu,670078161,high_res,3,56.568,s3://geoglows-v2-forecasts/2024092000.zarr,19aba7ce62a37cd2b53d70465023325f-2,2026-09-25T06:30:54Z
2024-09-20,manduriacu,670078161,high_res,4,66.006,s3://geoglows-v2-forecasts/2024092000.zarr,19aba7ce62a37cd2b53d70465023325f-2,2026-09-25T06:30:54Z
2024-09-20,manduriacu,670078161,high_res,5,78.363,s3://geoglows-v2-forecasts/2024092000.zarr,19aba7ce62a37cd2b53d70465023325f-2,2026-09-25T06:30:54Z
2024-09-20,manduriacu,670078161,high_res,6,80.965,s3://geoglows-v2-forecasts/2024092000.zarr,19aba7ce62a37cd2b53d70465023325f-2,2026-09-25T06:30:54Z
2024-09-20,manduriacu,670078161,high_res,7,88.78,s3://geoglows-v2-forecasts/2024092000.zarr,19aba7ce62a37cd2b53d70465023325f-2,2026-09-25T06:30:54Z
2024-09-20,manduriacu,670078161,high_res,8,96.877,s3://geoglows-v2-forecasts/2024092000.zarr,19aba7ce62a37cd2b53d70465023325f-2,2026-09-25T06:30:54Z
2024-09-20,manduriacu,670078161,high_res,9,202.19,s3://geoglows-v2-forecasts/2024092000.zarr,19aba7ce62a37cd2b53d70465023325f-2,2026-09-25T06:30:54Z
2024-09-20,minas_san_francisco,670027091,high_res,1,9.361,s3://geoglows-v2-forecasts/2024092000.zarr,19aba7ce62a37cd2b53d70465023325f-2,2026-09-25T06:30:54Z
2024-09-20,minas_san_francisco,670027091,high_res,10,25.201,s3://geoglows-v2-forecasts/2024092000.zarr,19aba7ce62a37cd2b53d70465023325f-2,2026-09-25T06:30:54Z
2024-09-20,minas_san_francisco,670027091,high_res,2,9.706,s3://geoglows-v2-forecasts/2024092000.zarr,19aba7ce62a37cd2b53d70465023325f-2,2026-09-25T06:30:54Z
2024-09-20,minas_san_francisco,670027091,high_res,3,12.197,s3://geoglows-v2-forecasts/2024092000.zarr,19aba7ce62a37cd2b53d70465023325f-2,2026-09-25T06:30:54Z
2024-09-20,minas_san_francisco,670027091,high_res,4,19.938,s3://geoglows-v2-forecasts/2024092000.zarr,19aba7ce62a37cd2b53d70465023325f-2,2026-09-25T06:30:54Z
2024-09-20,minas_san_francisco,670027091,high_res,5,13.342,s3://geoglows-v2-forecasts/2024092000.zarr,19aba7ce62a37cd2b53d70465023325f-2,2026-09-25T06:30:54Z
2024-09-20,minas_san_francisco,670027091,high_res,6,11.276,s3://geoglows-v2-forecasts/2024092000.zarr,19aba7ce62a37cd2b53d70465023325f-2,2026-09-25T06:30:54Z
2024-09-20,minas_san_francisco,670027091,high_res,7,9.519,s3://geoglows-v2-forecasts/2024092000.zarr,19aba7ce62a37cd2b53d70465023325f-2,2026-09-25T06:30:54Z
2024-09-20,minas_san_francisco,670027091,high_res,8,9.631,s3://geoglows-v2-forecasts/2024092000.zarr,19aba7ce62a37cd2b53d70465023325f-2,2026-09-25T06:30:54Z
2024-09-20,minas_san_francisco,670027091,high_res,9,14.828,s3://geoglows-v2-forecasts/2024092000.zarr,19aba7ce62a37cd2b53d70465023325f-2,2026-09-25T06:30:54Z
2024-09-21,agoyan,621014469,high_res,1,56.474,s3://geoglows-v2-forecasts/2024092100.zarr,3db2ea5162c243ae279467a3a61f4d57-2,2026-09-25T06:30:54Z
2024-09-21,agoyan,621014469,high_res,10,91.515,s3://geoglows-v2-forecasts/2024092100.zarr,3db2ea5162c243ae279467a3a61f4d57-2,2026-09-25T06:30:54Z
2024-09-21,agoyan,621014469,high_res,2,61.404,s3://geoglows-v2-forecasts/2024092100.zarr,3db2ea5162c243ae279467a3a61f4d57-2,2026-09-25T06:30:54Z
2024-09-21,agoyan,621014469,high_res,3,70.401,s3://geoglows-v2-forecasts/2024092100.zarr,3db2ea5162c243ae279467a3a61f4d57-2,2026-09-25T06:30:54Z
2024-09-21,agoyan,621014469,high_res,4,74.323,s3://geoglows-v2-forecasts/2024092100.zarr,3db2ea5162c243ae279467a3a61f4d57-2,2026-09-25T06:30:54Z
2024-09-21,agoyan,621014469,high_res,5,70.924,s3://geoglows-v2-forecasts/2024092100.zarr,3db2ea5162c243ae279467a3a61f4d57-2,2026-09-25T06:30:54Z
2024-09-21,agoyan,621014469,high_res,6,66.414,s3://geoglows-v2-forecasts/2024092100.zarr,3db2ea5162c243ae279467a3a61f4d57-2,2026-09-25T06:30:54Z
2024-09-21,agoyan,621014469,high_res,7,60.014,s3://geoglows-v2-forecasts/2024092100.zarr,3db2ea5162c243ae279467a3a61f4d57-2,2026-09-25T06:30:54Z
2024-09-21,agoyan,621014469,high_res,8,60.658,s3://geoglows-v2-forecasts/2024092100.zarr,3db2ea5162c243ae279467a3a61f4d57-2,2026-09-25T06:30:54Z
2024-09-21,agoyan,621014469,high_res,9,73.137,s3://geoglows-v2-forecasts/2024092100.zarr,3db2ea5162c243ae279467a3a61f4d57-2,2026-09-25T06:30:54Z
2024-09-21,manduriacu,670078161,high_res,1,51.473,s3://geoglows-v2-forecasts/2024092100.zarr,3db2ea5162c243ae279467a3a61f4d57-2,2026-09-25T06:30:54Z
2024-09-21,manduriacu,670078161,high_res,10,190.997,s3://geoglows-v2-forecasts/2024092100.zarr,3db2ea5162c243ae279467a3a61f4d57-2,2026-09-25T06:30:54Z
2024-09-21,manduriacu,670078161,high_res,2,52.359,s3://geoglows-v2-forecasts/2024092100.zarr,3db2ea5162c243ae279467a3a61f4d57-2,2026-09-25T06:30:54Z
2024-09-21,manduriacu,670078161,high_res,3,59.473,s3://geoglows-v2-forecasts/2024092100.zarr,3db2ea5162c243ae279467a3a61f4d57-2,2026-09-25T06:30:54Z
2024-09-21,manduriacu,670078161,high_res,4,69.305,s3://geoglows-v2-forecasts/2024092100.zarr,3db2ea5162c243ae279467a3a61f4d57-2,2026-09-25T06:30:54Z
2024-09-21,manduriacu,670078161,high_res,5,78.449,s3://geoglows-v2-forecasts/2024092100.zarr,3db2ea5162c243ae279467a3a61f4d57-2,2026-09-25T06:30:54Z
2024-09-21,manduriacu,670078161,high_res,6,88.667,s3://geoglows-v2-forecasts/2024092100.zarr,3db2ea5162c243ae279467a3a61f4d57-2,2026-09-25T06:30:54Z
2024-09-21,manduriacu,670078161,high_res,7,91.169,s3://geoglows-v2-forecasts/2024092100.zarr,3db2ea5162c243ae279467a3a61f4d57-2,2026-09-25T06:30:54Z
2024-09-21,manduriacu,670078161,high_res,8,166.928,s3://geoglows-v2-forecasts/2024092100.zarr,3db2ea5162c243ae279467a3a61f4d57-2,2026-09-25T06:30:54Z
2024-09-21,manduriacu,670078161,high_res,9,189.273,s3://geoglows-v2-forecasts/2024092100.zarr,3db2ea5162c243ae279467a3a61f4d57-2,2026-09-25T06:30:54Z
2024-09-21,minas_san_francisco,670027091,high_res,1,9.392,s3://geoglows-v2-forecasts/2024092100.zarr,3db2ea5162c243ae279467a3a61f4d57-2,2026-09-25T06:30:54Z
2024-09-21,minas_san_francisco,670027091,high_res,10,47.998,s3://geoglows-v2-forecasts/2024092100.zarr,3db2ea5162c243ae279467a3a61f4d57-2,2026-09-25T06:30:54Z
2024-09-21,minas_san_francisco,670027091,high_res,2,10.513,s3://geoglows-v2-forecasts/2024092100.zarr,3db2ea5162c243ae279467a3a61f4d57-2,2026-09-25T06:30:54Z
2024-09-21,minas_san_francisco,670027091,high_res,3,18.343,s3://geoglows-v2-forecasts/2024092100.zarr,3db2ea5162c243ae279467a3a61f4d57-2,2026-09-25T06:30:54Z
2024-09-21,minas_san_francisco,670027091,high_res,4,17.382,s3://geoglows-v2-forecasts/2024092100.zarr,3db2ea5162c243ae279467a3a61f4d57-2,2026-09-25T06:30:54Z
2024-09-21,minas_san_francisco,670027091,high_res,5,13.74,s3://geoglows-v2-forecasts/2024092100.zarr,3db2ea5162c243ae279467a3a61f4d57-2,2026-09-25T06:30:54Z
2024-09-21,minas_san_francisco,670027091,high_res,6,9.988,s3://geoglows-v2-forecasts/2024092100.zarr,3db2ea5162c243ae279467a3a61f4d57-2,2026-09-25T06:30:54Z
2024-09-21,minas_san_francisco,670027091,high_res,7,9.052,s3://geoglows-v2-forecasts/2024092100.zarr,3db2ea5162c243ae279467a3a61f4d57-2,2026-09-25T06:30:54Z
2024-09-21,minas_san_francisco,670027091,high_res,8,15.449,s3://geoglows-v2-forecasts/2024092100.zarr,3db2ea5162c243ae279467a3a61f4d57-2,2026-09-25T06:30:54Z
2024-09-21,minas_san_francisco,670027091,high_res,9,29.606,s3://geoglows-v2-forecasts/2024092100.zarr,3db2ea5162c243ae279467a3a61f4d57-2,2026-09-25T06:30:54Z
2024-09-22,agoyan,621014469,high_res,1,59.143,s3://geoglows-v2-forecasts/2024092200.zarr,38dc2d33c9f64376979ccb91182c15ea-2,2026-09-25T06:30:54Z
2024-09-22,agoyan,621014469,high_res,10,105.359,s3://geoglows-v2-forecasts/2024092200.zarr,38dc2d33c9f64376979ccb91182c15ea-2,2026-09-25T06:30:54Z
2024-09-22,agoyan,621014469,high_res,2,70.333,s3://geoglows-v2-forecasts/2024092200.zarr,38dc2d33c9f64376979ccb91182c15ea-2,2026-09-25T06:30:54Z
2024-09-22,agoyan,621014469,high_res,3,79.518,s3://geoglows-v2-forecasts/2024092200.zarr,38dc2d33c9f64376979ccb91182c15ea-2,2026-09-25T06:30:54Z
2024-09-22,agoyan,621014469,high_res,4,75.275,s3://geoglows-v2-forecasts/2024092200.zarr,38dc2d33c9f64376979ccb91182c15ea-2,2026-09-25T06:30:54Z
2024-09-22,agoyan,621014469,high_res,5,70.866,s3://geoglows-v2-forecasts/2024092200.zarr,38dc2d33c9f64376979ccb91182c15ea-2,2026-09-25T06:30:54Z
2024-09-22,agoyan,621014469,high_res,6,62.891,s3://geoglows-v2-forecasts/2024092200.zarr,38dc2d33c9f64376979ccb91182c15ea-2,2026-09-25T06:30:54Z
2024-09-22,agoyan,621014469,high_res,7,58.561,s3://geoglows-v2-forecasts/2024092200.zarr,38dc2d33c9f64376979ccb91182c15ea-2,2026-09-25T06:30:54Z
2024-09-22,agoyan,621014469,high_res,8,66.043,s3://geoglows-v2-forecasts/2024092200.zarr,38dc2d33c9f64376979ccb91182c15ea-2,2026-09-25T06:30:54Z
2024-09-22,agoyan,621014469,high_res,9,84.695,s3://geoglows-v2-forecasts/2024092200.zarr,38dc2d33c9f64376979ccb91182c15ea-2,2026-09-25T06:30:54Z
2024-09-22,manduriacu,670078161,high_res,1,51.118,s3://geoglows-v2-forecasts/2024092200.zarr,38dc2d33c9f64376979ccb91182c15ea-2,2026-09-25T06:30:54Z
2024-09-22,manduriacu,670078161,high_res,10,251.591,s3://geoglows-v2-forecasts/2024092200.zarr,38dc2d33c9f64376979ccb91182c15ea-2,2026-09-25T06:30:54Z
2024-09-22,manduriacu,670078161,high_res,2,61.005,s3://geoglows-v2-forecasts/2024092200.zarr,38dc2d33c9f64376979ccb91182c15ea-2,2026-09-25T06:30:54Z
2024-09-22,manduriacu,670078161,high_res,3,70.753,s3://geoglows-v2-forecasts/2024092200.zarr,38dc2d33c9f64376979ccb91182c15ea-2,2026-09-25T06:30:54Z
2024-09-22,manduriacu,670078161,high_res,4,75.722,s3://geoglows-v2-forecasts/2024092200.zarr,38dc2d33c9f64376979ccb91182c15ea-2,2026-09-25T06:30:54Z
2024-09-22,manduriacu,670078161,high_res,5,81.78,s3://geoglows-v2-forecasts/2024092200.zarr,38dc2d33c9f64376979ccb91182c15ea-2,2026-09-25T06:30:54Z
2024-09-22,manduriacu,670078161,high_res,6,81.327,s3://geoglows-v2-forecasts/2024092200.zarr,38dc2d33c9f64376979ccb91182c15ea-2,2026-09-25T06:30:54Z
2024-09-22,manduriacu,670078161,high_res,7,168.698,s3://geoglows-v2-forecasts/2024092200.zarr,38dc2d33c9f64376979ccb91182c15ea-2,2026-09-25T06:30:54Z
2024-09-22,manduriacu,670078161,high_res,8,213.821,s3://geoglows-v2-forecasts/2024092200.zarr,38dc2d33c9f64376979ccb91182c15ea-2,2026-09-25T06:30:54Z
2024-09-22,manduriacu,670078161,high_res,9,210.963,s3://geoglows-v2-forecasts/2024092200.zarr,38dc2d33c9f64376979ccb91182c15ea-2,2026-09-25T06:30:54Z
2024-09-22,minas_san_francisco,670027091,high_res,1,10.208,s3://geoglows-v2-forecasts/2024092200.zarr,38dc2d33c9f64376979ccb91182c15ea-2,2026-09-25T06:30:54Z
2024-09-22,minas_san_francisco,670027091,high_res,10,52.587,s3://geoglows-v2-forecasts/2024092200.zarr,38dc2d33c9f64376979ccb91182c15ea-2,2026-09-25T06:30:54Z
2024-09-22,minas_san_francisco,670027091,high_res,2,14.52,s3://geoglows-v2-forecasts/2024092200.zarr,38dc2d33c9f64376979ccb91182c15ea-2,2026-09-25T06:30:54Z
2024-09-22,minas_san_francisco,670027091,high_res,3,13.816,s3://geoglows-v2-forecasts/2024092200.zarr,38dc2d33c9f64376979ccb91182c15ea-2,2026-09-25T06:30:54Z
2024-09-22,minas_san_francisco,670027091,high_res,4,11.98,s3://geoglows-v2-forecasts/2024092200.zarr,38dc2d33c9f64376979ccb91182c15ea-2,2026-09-25T06:30:54Z
2024-09-22,minas_san_francisco,670027091,high_res,5,9.823,s3://geoglows-v2-forecasts/2024092200.zarr,38dc2d33c9f64376979ccb91182c15ea-2,2026-09-25T06:30:54Z
2024-09-22,minas_san_francisco,670027091,high_res,6,9.521,s3://geoglows-v2-forecasts/2024092200.zarr,38dc2d33c9f64376979ccb91182c15ea-2,2026-09-25T06:30:54Z
2024-09-22,minas_san_francisco,670027091,high_res,7,11.629,s3://geoglows-v2-forecasts/2024092200.zarr,38dc2d33c9f64376979ccb91182c15ea-2,2026-09-25T06:30:54Z
2024-09-22,minas_san_francisco,670027091,high_res,8,20.652,s3://geoglows-v2-forecasts/2024092200.zarr,38dc2d33c9f64376979ccb91182c15ea-2,2026-09-25T06:30:54Z
2024-09-22,minas_san_francisco,670027091,high_res,9,41.86,s3://geoglows-v2-forecasts/2024092200.zarr,38dc2d33c9f64376979ccb91182c15ea-2,2026-09-25T06:30:54Z
2024-09-23,agoyan,621014469,high_res,1,66.685,s3://geoglows-v2-forecasts/2024092300.zarr,b977c3b501c0e08872d94d3414008029-2,2026-09-25T06:30:54Z
2024-09-23,agoyan,621014469,high_res,10,122.381,s3://geoglows-v2-forecasts/2024092300.zarr,b977c3b501c0e08872d94d3414008029-2,2026-09-25T06:30:54Z
2024-09-23,agoyan,621014469,high_res,2,74.958,s3://geoglows-v2-forecasts/2024092300.zarr,b977c3b501c0e08872d94d3414008029-2,2026-09-25T06:30:54Z
2024-09-23,agoyan,621014469,high_res,3,71.775,s3://geoglows-v2-forecasts/2024092300.zarr,b977c3b501c0e08872d94d3414008029-2,2026-09-25T06:30:54Z
2024-09-23,agoyan,621014469,high_res,4,68.386,s3://geoglows-v2-forecasts/2024092300.zarr,b977c3b501c0e08872d94d3414008029-2,2026-09-25T06:30:54Z
2024-09-23,agoyan,621014469,high_res,5,62.426,s3://geoglows-v2-forecasts/2024092300.zarr,b977c3b501c0e08872d94d3414008029-2,2026-09-25T06:30:54Z
2024-09-23,agoyan,621014469,high_res,6,57.879,s3://geoglows-v2-forecasts/2024092300.zarr,b977c3b501c0e08872d94d3414008029-2,2026-09-25T06:30:54Z
2024-09-23,agoyan,621014469,high_res,7,63.128,s3://geoglows-v2-forecasts/2024092300.zarr,b977c3b501c0e08872d94d3414008029-2,2026-09-25T06:30:54Z
2024-09-23,agoyan,621014469,high_res,8,79.102,s3://geoglows-v2-forecasts/2024092300.zarr,b977c3b501c0e08872d94d3414008029-2,2026-09-25T06:30:54Z
2024-09-23,agoyan,621014469,high_res,9,106.201,s3://geoglows-v2-forecasts/2024092300.zarr,b977c3b501c0e08872d94d3414008029-2,2026-09-25T06:30:54Z
2024-09-23,manduriacu,670078161,high_res,1,53.433,s3://geoglows-v2-forecasts/2024092300.zarr,b977c3b501c0e08872d94d3414008029-2,2026-09-25T06:30:54Z
2024-09-23,manduriacu,670078161,high_res,10,223.395,s3://geoglows-v2-forecasts/2024092300.zarr,b977c3b501c0e08872d94d3414008029-2,2026-09-25T06:30:54Z
2024-09-23,manduriacu,670078161,high_res,2,61.179,s3://geoglows-v2-forecasts/2024092300.zarr,b977c3b501c0e08872d94d3414008029-2,2026-09-25T06:30:54Z
2024-09-23,manduriacu,670078161,high_res,3,66.977,s3://geoglows-v2-forecasts/2024092300.zarr,b977c3b501c0e08872d94d3414008029-2,2026-09-25T06:30:54Z
2024-09-23,manduriacu,670078161,high_res,4,74.236,s3://geoglows-v2-forecasts/2024092300.zarr,b977c3b501c0e08872d94d3414008029-2,2026-09-25T06:30:54Z
2024-09-23,manduriacu,670078161,high_res,5,79.828,s3://geoglows-v2-forecasts/2024092300.zarr,b977c3b501c0e08872d94d3414008029-2,2026-09-25T06:30:54Z
2024-09-23,manduriacu,670078161,high_res,6,145.591,s3://geoglows-v2-forecasts/2024092300.zarr,b977c3b501c0e08872d94d3414008029-2,2026-09-25T06:30:54Z
2024-09-23,manduriacu,670078161,high_res,7,187.168,s3://geoglows-v2-forecasts/2024092300.zarr,b977c3b501c0e08872d94d3414008029-2,2026-09-25T06:30:54Z
2024-09-23,manduriacu,670078161,high_res,8,182.091,s3://geoglows-v2-forecasts/2024092300.zarr,b977c3b501c0e08872d94d3414008029-2,2026-09-25T06:30:54Z
2024-09-23,manduriacu,670078161,high_res,9,194.577,s3://geoglows-v2-forecasts/2024092300.zarr,b977c3b501c0e08872d94d3414008029-2,2026-09-25T06:30:54Z
2024-09-23,minas_san_francisco,670027091,high_res,1,12.85,s3://geoglows-v2-forecasts/2024092300.zarr,b977c3b501c0e08872d94d3414008029-2,2026-09-25T06:30:54Z
2024-09-23,minas_san_francisco,670027091,high_res,10,38.175,s3://geoglows-v2-forecasts/2024092300.zarr,b977c3b501c0e08872d94d3414008029-2,2026-09-25T06:30:54Z
2024-09-23,minas_san_francisco,670027091,high_res,2,12.444,s3://geoglows-v2-forecasts/2024092300.zarr,b977c3b501c0e08872d94d3414008029-2,2026-09-25T06:30:54Z
2024-09-23,minas_san_francisco,670027091,high_res,3,11.292,s3://geoglows-v2-forecasts/2024092300.zarr,b977c3b501c0e08872d94d3414008029-2,2026-09-25T06:30:54Z
2024-09-23,minas_san_francisco,670027091,high_res,4,10.684,s3://geoglows-v2-forecasts/2024092300.zarr,b977c3b501c0e08872d94d3414008029-2,2026-09-25T06:30:54Z
2024-09-23,minas_san_francisco,670027091,high_res,5,9.754,s3://geoglows-v2-forecasts/2024092300.zarr,b977c3b501c0e08872d94d3414008029-2,2026-09-25T06:30:54Z
2024-09-23,minas_san_francisco,670027091,high_res,6,10.129,s3://geoglows-v2-forecasts/2024092300.zarr,b977c3b501c0e08872d94d3414008029-2,2026-09-25T06:30:54Z
2024-09-23,minas_san_francisco,670027091,high_res,7,16.154,s3://geoglows-v2-forecasts/2024092300.zarr,b977c3b501c0e08872d94d3414008029-2,2026-09-25T06:30:54Z
2024-09-23,minas_san_francisco,670027091,high_res,8,33.626,s3://geoglows-v2-forecasts/2024092300.zarr,b977c3b501c0e08872d94d3414008029-2,2026-09-25T06:30:54Z
2024-09-23,minas_san_francisco,670027091,high_res,9,48.888,s3://geoglows-v2-forecasts/2024092300.zarr,b977c3b501c0e08872d94d3414008029-2,2026-09-25T06:30:54Z
2024-09-24,agoyan,621014469,high_res,1,73.703,s3://geoglows-v2-forecasts/2024092400.zarr,98721f75181684ac0346ae8a47c1e3fd-2,2026-09-25T06:30:54Z
2024-09-24,agoyan,621014469,high_res,10,142.652,s3://geoglows-v2-forecasts/2024092400.zarr,98721f75181684ac0346ae8a47c1e3fd-2,2026-09-25T06:30:54Z
2024-09-24,agoyan,621014469,high_res,2,70.412,s3://geoglows-v2-forecasts/2024092400.zarr,98721f75181684ac0346ae8a47c1e3fd-2,2026-09-25T06:30:54Z
2024-09-24,agoyan,621014469,high_res,3,66.526,s3://geoglows-v2-forecasts/2024092400.zarr,98721f75181684ac0346ae8a47c1e3fd-2,2026-09-25T06:30:54Z
2024-09-24,agoyan,621014469,high_res,4,61.167,s3://geoglows-v2-forecasts/2024092400.zarr,98721f75181684ac0346ae8a47c1e3fd-2,2026-09-25T06:30:54Z
2024-09-24,agoyan,621014469,high_res,5,57.23,s3://geoglows-v2-forecasts/2024092400.zarr,98721f75181684ac0346ae8a47c1e3fd-2,2026-09-25T06:30:54Z
2024-09-24,agoyan,621014469,high_res,6,61.274,s3://geoglows-v2-forecasts/2024092400.zarr,98721f75181684ac0346ae8a47c1e3fd-2,2026-09-25T06:30:54Z
2024-09-24,agoyan,621014469,high_res,7,84.165,s3://geoglows-v2-forecasts/2024092400.zarr,98721f75181684ac0346ae8a47c1e3fd-2,2026-09-25T06:30:54Z
2024-09-24,agoyan,621014469,high_res,8,115.671,s3://geoglows-v2-forecasts/2024092400.zarr,98721f75181684ac0346ae8a47c1e3fd-2,2026-09-25T06:30:54Z
2024-09-24,agoyan,621014469,high_res,9,145.45,s3://geoglows-v2-forecasts/2024092400.zarr,98721f75181684ac0346ae8a47c1e3fd-2,2026-09-25T06:30:54Z
2024-09-24,manduriacu,670078161,high_res,1,58.104,s3://geoglows-v2-forecasts/2024092400.zarr,98721f75181684ac0346ae8a47c1e3fd-2,2026-09-25T06:30:54Z
2024-09-24,manduriacu,670078161,high_res,10,254.116,s3://geoglows-v2-forecasts/2024092400.zarr,98721f75181684ac0346ae8a47c1e3fd-2,2026-09-25T06:30:54Z
2024-09-24,manduriacu,670078161,high_res,2,58.412,s3://geoglows-v2-forecasts/2024092400.zarr,98721f75181684ac0346ae8a47c1e3fd-2,2026-09-25T06:30:54Z
2024-09-24,manduriacu,670078161,high_res,3,61.413,s3://geoglows-v2-forecasts/2024092400.zarr,98721f75181684ac0346ae8a47c1e3fd-2,2026-09-25T06:30:54Z
2024-09-24,manduriacu,670078161,high_res,4,65.624,s3://geoglows-v2-forecasts/2024092400.zarr,98721f75181684ac0346ae8a47c1e3fd-2,2026-09-25T06:30:54Z
2024-09-24,manduriacu,670078161,high_res,5,90.861,s3://geoglows-v2-forecasts/2024092400.zarr,98721f75181684ac0346ae8a47c1e3fd-2,2026-09-25T06:30:54Z
2024-09-24,manduriacu,670078161,high_res,6,116.785,s3://geoglows-v2-forecasts/2024092400.zarr,98721f75181684ac0346ae8a47c1e3fd-2,2026-09-25T06:30:54Z
2024-09-24,manduriacu,670078161,high_res,7,124.654,s3://geoglows-v2-forecasts/2024092400.zarr,98721f75181684ac0346ae8a47c1e3fd-2,2026-09-25T06:30:54Z
2024-09-24,manduriacu,670078161,high_res,8,214.29,s3://geoglows-v2-forecasts/2024092400.zarr,98721f75181684ac0346ae8a47c1e3fd-2,2026-09-25T06:30:54Z
2024-09-24,manduriacu,670078161,high_res,9,234.9,s3://geoglows-v2-forecasts/2024092400.zarr,98721f75181684ac0346ae8a47c1e3fd-2,2026-09-25T06:30:54Z
2024-09-24,minas_san_francisco,670027091,high_res,1,12.411,s3://geoglows-v2-forecasts/2024092400.zarr,98721f75181684ac0346ae8a47c1e3fd-2,2026-09-25T06:30:54Z
2024-09-24,minas_san_francisco,670027091,high_res,10,39.293,s3://geoglows-v2-forecasts/2024092400.zarr,98721f75181684ac0346ae8a47c1e3fd-2,2026-09-25T06:30:54Z
2024-09-24,minas_san_francisco,670027091,high_res,2,10.808,s3://geoglows-v2-forecasts/2024092400.zarr,98721f75181684ac0346ae8a47c1e3fd-2,2026-09-25T06:30:54Z
2024-09-24,minas_san_francisco,670027091,high_res,3,9.261,s3://geoglows-v2-forecasts/2024092400.zarr,98721f75181684ac0346ae8a47c1e3fd-2,2026-09-25T06:30:54Z
2024-09-24,minas_san_francisco,670027091,high_res,4,8.637,s3://geoglows-v2-forecasts/2024092400.zarr,98721f75181684ac0346ae8a47c1e3fd-2,2026-09-25T06:30:54Z
2024-09-24,minas_san_francisco,670027091,high_res,5,9.426,s3://geoglows-v2-forecasts/2024092400.zarr,98721f75181684ac0346ae8a47c1e3fd-2,2026-09-25T06:30:54Z
2024-09-24,minas_san_francisco,670027091,high_res,6,17.057,s3://geoglows-v2-forecasts/2024092400.zarr,98721f75181684ac0346ae8a47c1e3fd-2,2026-09-25T06:30:54Z
2024-09-24,minas_san_francisco,670027091,high_res,7,31.808,s3://geoglows-v2-forecasts/2024092400.zarr,98721f75181684ac0346ae8a47c1e3fd-2,2026-09-25T06:30:54Z
2024-09-24,minas_san_francisco,670027091,high_res,8,54.292,s3://geoglows-v2-forecasts/2024092400.zarr,98721f75181684ac0346ae8a47c1e3fd-2,2026-09-25T06:30:54Z
2024-09-24,minas_san_francisco,670027091,high_res,9,56.985,s3://geoglows-v2-forecasts/2024092400.zarr,98721f75181684ac0346ae8a47c1e3fd-2,2026-09-25T06:30:54Z
2024-09-25,agoyan,621014469,high_res,1,69.739,s3://geoglows-v2-forecasts/2024092500.zarr,503a7551d626a729a83babb544210708-2,2026-09-25T06:30:58Z
2024-09-25,agoyan,621014469,high_res,10,106.117,s3://geoglows-v2-forecasts/2024092500.zarr,503a7551d626a729a83babb544210708-2,2026-09-25T06:30:58Z
2024-09-25,agoyan,621014469,high_res,2,65.532,s3://geoglows-v2-forecasts/2024092500.zarr,503a7551d626a729a83babb544210708-2,2026-09-25T06:30:58Z
2024-09-25,agoyan,621014469,high_res,3,60.291,s3://geoglows-v2-forecasts/2024092500.zarr,503a7551d626a729a83babb544210708-2,2026-09-25T06:30:58Z
2024-09-25,agoyan,621014469,high_res,4,59.663,s3://geoglows-v2-forecasts/2024092500.zarr,503a7551d626a729a83babb544210708-2,2026-09-25T06:30:58Z
2024-09-25,agoyan,621014469,high_res,5,75.641,s3://geoglows-v2-forecasts/2024092500.zarr,503a7551d626a729a83babb544210708-2,2026-09-25T06:30:58Z
2024-09-25,agoyan,621014469,high_res,6,103.903,s3://geoglows-v2-forecasts/2024092500.zarr,503a7551d626a729a83babb544210708-2,2026-09-25T06:30:58Z
2024-09-25,agoyan,621014469,high_res,7,131.149,s3://geoglows-v2-forecasts/2024092500.zarr,503a7551d626a729a83babb544210708-2,2026-09-25T06:30:58Z
2024-09-25,agoyan,621014469,high_res,8,160.171,s3://geoglows-v2-forecasts/2024092500.zarr,503a7551d626a729a83babb544210708-2,2026-09-25T06:30:58Z
2024-09-25,agoyan,621014469,high_res,9,140.03,s3://geoglows-v2-forecasts/2024092500.zarr,503a7551d626a729a83babb544210708-2,2026-09-25T06:30:58Z
2024-09-25,manduriacu,670078161,high_res,1,57.477,s3://geoglows-v2-forecasts/2024092500.zarr,503a7551d626a729a83babb544210708-2,2026-09-25T06:30:58Z
2024-09-25,manduriacu,670078161,high_res,10,166.903,s3://geoglows-v2-forecasts/2024092500.zarr,503a7551d626a729a83babb544210708-2,2026-09-25T06:30:58Z
2024-09-25,manduriacu,670078161,high_res,2,62.086,s3://geoglows-v2-forecasts/2024092500.zarr,503a7551d626a729a83babb544210708-2,2026-09-25T06:30:58Z
2024-09-25,manduriacu,670078161,high_res,3,64.733,s3://geoglows-v2-forecasts/2024092500.zarr,503a7551d626a729a83babb544210708-2,2026-09-25T06:30:58Z
2024-09-25,manduriacu,670078161,high_res,4,165.964,s3://geoglows-v2-forecasts/2024092500.zarr,503a7551d626a729a83babb544210708-2,2026-09-25T06:30:58Z
2024-09-25,manduriacu,670078161,high_res,5,166.135,s3://geoglows-v2-forecasts/2024092500.zarr,503a7551d626a729a83babb544210708-2,2026-09-25T06:30:58Z
2024-09-25,manduriacu,670078161,high_res,6,137.499,s3://geoglows-v2-forecasts/2024092500.zarr,503a7551d626a729a83babb544210708-2,2026-09-25T06:30:58Z
2024-09-25,manduriacu,670078161,high_res,7,174.758,s3://geoglows-v2-forecasts/2024092500.zarr,503a7551d626a729a83babb544210708-2,2026-09-25T06:30:58Z
2024-09-25,manduriacu,670078161,high_res,8,168.64,s3://geoglows-v2-forecasts/2024092500.zarr,503a7551d626a729a83babb544210708-2,2026-09-25T06:30:58Z
2024-09-25,manduriacu,670078161,high_res,9,170.104,s3://geoglows-v2-forecasts/2024092500.zarr,503a7551d626a729a83babb544210708-2,2026-09-25T06:30:58Z
2024-09-25,minas_san_francisco,670027091,high_res,1,10.679,s3://geoglows-v2-forecasts/2024092500.zarr,503a7551d626a729a83babb544210708-2,2026-09-25T06:30:58Z
2024-09-25,minas_san_francisco,670027091,high_res,10,19.244,s3://geoglows-v2-forecasts/2024092500.zarr,503a7551d626a729a83babb544210708-2,2026-09-25T06:30:58Z
2024-09-25,minas_san_francisco,670027091,high_res,2,9.028,s3://geoglows-v2-forecasts/2024092500.zarr,503a7551d626a729a83babb544210708-2,2026-09-25T06:30:58Z
2024-09-25,minas_san_francisco,670027091,high_res,3,8.883,s3://geoglows-v2-forecasts/2024092500.zarr,503a7551d626a729a83babb544210708-2,2026-09-25T06:30:58Z
2024-09-25,minas_san_francisco,670027091,high_res,4,10.731,s3://geoglows-v2-forecasts/2024092500.zarr,503a7551d626a729a83babb544210708-2,2026-09-25T06:30:58Z
2024-09-25,minas_san_francisco,670027091,high_res,5,23.058,s3://geoglows-v2-forecasts/2024092500.zarr,503a7551d626a729a83babb544210708-2,2026-09-25T06:30:58Z
2024-09-25,minas_san_francisco,670027091,high_res,6,55.254,s3://geoglows-v2-forecasts/2024092500.zarr,503a7551d626a729a83babb544210708-2,2026-09-25T06:30:58Z
2024-09-25,minas_san_francisco,670027091,high_res,7,80.987,s3://geoglows-v2-forecasts/2024092500.zarr,503a7551d626a729a83babb544210708-2,2026-09-25T06:30:58Z
2024-09-25,minas_san_francisco,670027091,high_res,8,68.857,s3://geoglows-v2-forecasts/2024092500.zarr,503a7551d626a729a83babb544210708-2,2026-09-25T06:30:58Z
2024-09-25,minas_san_francisco,670027091,high_res,9,33.176,s3://geoglows-v2-forecasts/2024092500.zarr,503a7551d626a729a83babb544210708-2,2026-09-25T06:30:58Z
2024-09-26,agoyan,621014469,high_res,1,65.186,s3://geoglows-v2-forecasts/2024092600.zarr,72b9426ae5d870f11be890fe98453f22-2,2026-09-25T06:30:58Z
2024-09-26,agoyan,621014469,high_res,10,90.124,s3://geoglows-v2-forecasts/2024092600.zarr,72b9426ae5d870f11be890fe98453f22-2,2026-09-25T06:30:58Z
2024-09-26,agoyan,621014469,high_res,2,59.306,s3://geoglows-v2-forecasts/2024092600.zarr,72b9426ae5d870f11be890fe98453f22-2,2026-09-25T06:30:58Z
2024-09-26,agoyan,621014469,high_res,3,56.249,s3://geoglows-v2-forecasts/2024092600.zarr,72b9426ae5d870f11be890fe98453f22-2,2026-09-25T06:30:58Z
2024-09-26,agoyan,621014469,high_res,4,69.293,s3://geoglows-v2-forecasts/2024092600.zarr,72b9426ae5d870f11be890fe98453f22-2,2026-09-25T06:30:58Z
2024-09-26,agoyan,621014469,high_res,5,107.304,s3://geoglows-v2-forecasts/2024092600.zarr,72b9426ae5d870f11be890fe98453f22-2,2026-09-25T06:30:58Z
2024-09-26,agoyan,621014469,high_res,6,133.625,s3://geoglows-v2-forecasts/2024092600.zarr,72b9426ae5d870f11be890fe98453f22-2,2026-09-25T06:30:58Z
2024-09-26,agoyan,621014469,high_res,7,174.961,s3://geoglows-v2-forecasts/2024092600.zarr,72b9426ae5d870f11be890fe98453f22-2,2026-09-25T06:30:58Z
2024-09-26,agoyan,621014469,high_res,8,167.78,s3://geoglows-v2-forecasts/2024092600.zarr,72b9426ae5d870f11be890fe98453f22-2,2026-09-25T06:30:58Z
2024-09-26,agoyan,621014469,high_res,9,124.628,s3://geoglows-v2-forecasts/2024092600.zarr,72b9426ae5d870f11be890fe98453f22-2,2026-09-25T06:30:58Z
2024-09-26,manduriacu,670078161,high_res,1,57.02,s3://geoglows-v2-forecasts/2024092600.zarr,72b9426ae5d870f11be890fe98453f22-2,2026-09-25T06:30:58Z
2024-09-26,manduriacu,670078161,high_res,10,262.095,s3://geoglows-v2-forecasts/2024092600.zarr,72b9426ae5d870f11be890fe98453f22-2,2026-09-25T06:30:58Z
2024-09-26,manduriacu,670078161,high_res,2,59.162,s3://geoglows-v2-forecasts/2024092600.zarr,72b9426ae5d870f11be890fe98453f22-2,2026-09-25T06:30:58Z
2024-09-26,manduriacu,670078161,high_res,3,126.2,s3://geoglows-v2-forecasts/2024092600.zarr,72b9426ae5d870f11be890fe98453f22-2,2026-09-25T06:30:58Z
2024-09-26,manduriacu,670078161,high_res,4,161.319,s3://geoglows-v2-forecasts/2024092600.zarr,72b9426ae5d870f11be890fe98453f22-2,2026-09-25T06:30:58Z
2024-09-26,manduriacu,670078161,high_res,5,161.769,s3://geoglows-v2-forecasts/2024092600.zarr,72b9426ae5d870f11be890fe98453f22-2,2026-09-25T06:30:58Z
2024-09-26,manduriacu,670078161,high_res,6,235.039,s3://geoglows-v2-forecasts/2024092600.zarr,72b9426ae5d870f11be890fe98453f22-2,2026-09-25T06:30:58Z
2024-09-26,manduriacu,670078161,high_res,7,215.732,s3://geoglows-v2-forecasts/2024092600.zarr,72b9426ae5d870f11be890fe98453f22-2,2026-09-25T06:30:58Z
2024-09-26,manduriacu,670078161,high_res,8,237.49,s3://geoglows-v2-forecasts/2024092600.zarr,72b9426ae5d870f11be890fe98453f22-2,2026-09-25T06:30:58Z
2024-09-26,manduriacu,670078161,high_res,9,251.647,s3://geoglows-v2-forecasts/2024092600.zarr,72b9426ae5d870f11be890fe98453f22-2,2026-09-25T06:30:58Z
2024-09-26,minas_san_francisco,670027091,high_res,1,8.863,s3://geoglows-v2-forecasts/2024092600.zarr,72b9426ae5d870f11be890fe98453f22-2,2026-09-25T06:30:58Z
2024-09-26,minas_san_francisco,670027091,high_res,10,16.947,s3://geoglows-v2-forecasts/2024092600.zarr,72b9426ae5d870f11be890fe98453f22-2,2026-09-25T06:30:58Z
2024-09-26,minas_san_francisco,670027091,high_res,2,8.191,s3://geoglows-v2-forecasts/2024092600.zarr,72b9426ae5d870f11be890fe98453f22-2,2026-09-25T06:30:58Z
2024-09-26,minas_san_francisco,670027091,high_res,3,9.387,s3://geoglows-v2-forecasts/2024092600.zarr,72b9426ae5d870f11be890fe98453f22-2,2026-09-25T06:30:58Z
2024-09-26,minas_san_francisco,670027091,high_res,4,20.55,s3://geoglows-v2-forecasts/2024092600.zarr,72b9426ae5d870f11be890fe98453f22-2,2026-09-25T06:30:58Z
2024-09-26,minas_san_francisco,670027091,high_res,5,41.09,s3://geoglows-v2-forecasts/2024092600.zarr,72b9426ae5d870f11be890fe98453f22-2,2026-09-25T06:30:58Z
2024-09-26,minas_san_francisco,670027091,high_res,6,60.101,s3://geoglows-v2-forecasts/2024092600.zarr,72b9426ae5d870f11be890fe98453f22-2,2026-09-25T06:30:58Z
2024-09-26,minas_san_francisco,670027091,high_res,7,57.843,s3://geoglows-v2-forecasts/2024092600.zarr,72b9426ae5d870f11be890fe98453f22-2,2026-09-25T06:30:58Z
2024-09-26,minas_san_francisco,670027091,high_res,8,50.8,s3://geoglows-v2-forecasts/2024092600.zarr,72b9426ae5d870f11be890fe98453f22-2,2026-09-25T06:30:58Z
2024-09-26,minas_san_francisco,670027091,high_res,9,30.945,s3://geoglows-v2-forecasts/2024092600.zarr,72b9426ae5d870f11be890fe98453f22-2,2026-09-25T06:30:58Z
2024-09-27,agoyan,621014469,high_res,1,59.206,s3://geoglows-v2-forecasts/2024092700.zarr,a4988034e204af7bf92f38afdd39f71a-2,2026-09-25T06:30:58Z
2024-09-27,agoyan,621014469,high_res,10,95.057,s3://geoglows-v2-forecasts/2024092700.zarr,a4988034e204af7bf92f38afdd39f71a-2,2026-09-25T06:30:58Z
2024-09-27,agoyan,621014469,high_res,2,56.992,s3://geoglows-v2-forecasts/2024092700.zarr,a4988034e204af7bf92f38afdd39f71a-2,2026-09-25T06:30:58Z
2024-09-27,agoyan,621014469,high_res,3,68.794,s3://geoglows-v2-forecasts/2024092700.zarr,a4988034e204af7bf92f38afdd39f71a-2,2026-09-25T06:30:58Z
2024-09-27,agoyan,621014469,high_res,4,100.669,s3://geoglows-v2-forecasts/2024092700.zarr,a4988034e204af7bf92f38afdd39f71a-2,2026-09-25T06:30:58Z
2024-09-27,agoyan,621014469,high_res,5,123.036,s3://geoglows-v2-forecasts/2024092700.zarr,a4988034e204af7bf92f38afdd39f71a-2,2026-09-25T06:30:58Z
2024-09-27,agoyan,621014469,high_res,6,159.346,s3://geoglows-v2-forecasts/2024092700.zarr,a4988034e204af7bf92f38afdd39f71a-2,2026-09-25T06:30:58Z
2024-09-27,agoyan,621014469,high_res,7,158.396,s3://geoglows-v2-forecasts/2024092700.zarr,a4988034e204af7bf92f38afdd39f71a-2,2026-09-25T06:30:58Z
2024-09-27,agoyan,621014469,high_res,8,130.811,s3://geoglows-v2-forecasts/2024092700.zarr,a4988034e204af7bf92f38afdd39f71a-2,2026-09-25T06:30:58Z
2024-09-27,agoyan,621014469,high_res,9,106.972,s3://geoglows-v2-forecasts/2024092700.zarr,a4988034e204af7bf92f38afdd39f71a-2,2026-09-25T06:30:58Z
2024-09-27,manduriacu,670078161,high_res,1,62.279,s3://geoglows-v2-forecasts/2024092700.zarr,a4988034e204af7bf92f38afdd39f71a-2,2026-09-25T06:30:58Z
2024-09-27,manduriacu,670078161,high_res,10,261.269,s3://geoglows-v2-forecasts/2024092700.zarr,a4988034e204af7bf92f38afdd39f71a-2,2026-09-25T06:30:58Z
2024-09-27,manduriacu,670078161,high_res,2,186.512,s3://geoglows-v2-forecasts/2024092700.zarr,a4988034e204af7bf92f38afdd39f71a-2,2026-09-25T06:30:58Z
2024-09-27,manduriacu,670078161,high_res,3,225.975,s3://geoglows-v2-forecasts/2024092700.zarr,a4988034e204af7bf92f38afdd39f71a-2,2026-09-25T06:30:58Z
2024-09-27,manduriacu,670078161,high_res,4,179.685,s3://geoglows-v2-forecasts/2024092700.zarr,a4988034e204af7bf92f38afdd39f71a-2,2026-09-25T06:30:58Z
2024-09-27,manduriacu,670078161,high_res,5,275.704,s3://geoglows-v2-forecasts/2024092700.zarr,a4988034e204af7bf92f38afdd39f71a-2,2026-09-25T06:30:58Z
2024-09-27,manduriacu,670078161,high_res,6,231.568,s3://geoglows-v2-forecasts/2024092700.zarr,a4988034e204af7bf92f38afdd39f71a-2,2026-09-25T06:30:58Z
2024-09-27,manduriacu,670078161,high_res,7,204.225,s3://geoglows-v2-forecasts/2024092700.zarr,a4988034e204af7bf92f38afdd39f71a-2,2026-09-25T06:30:58Z
2024-09-27,manduriacu,670078161,high_res,8,199.953,s3://geoglows-v2-forecasts/2024092700.zarr,a4988034e204af7bf92f38afdd39f71a-2,2026-09-25T06:30:58Z
2024-09-27,manduriacu,670078161,high_res,9,299.98,s3://geoglows-v2-forecasts/2024092700.zarr,a4988034e204af7bf92f38afdd39f71a-2,2026-09-25T06:30:58Z
2024-09-27,minas_san_francisco,670027091,high_res,1,8.004,s3://geoglows-v2-forecasts/2024092700.zarr,a4988034e204af7bf92f38afdd39f71a-2,2026-09-25T06:30:58Z
2024-09-27,minas_san_francisco,670027091,high_res,10,33.976,s3://geoglows-v2-forecasts/2024092700.zarr,a4988034e204af7bf92f38afdd39f71a-2,2026-09-25T06:30:58Z
2024-09-27,minas_san_francisco,670027091,high_res,2,10.096,s3://geoglows-v2-forecasts/2024092700.zarr,a4988034e204af7bf92f38afdd39f71a-2,2026-09-25T06:30:58Z
2024-09-27,minas_san_francisco,670027091,high_res,3,26.695,s3://geoglows-v2-forecasts/2024092700.zarr,a4988034e204af7bf92f38afdd39f71a-2,2026-09-25T06:30:58Z
2024-09-27,minas_san_francisco,670027091,high_res,4,58.924,s3://geoglows-v2-forecasts/2024092700.zarr,a4988034e204af7bf92f38afdd39f71a-2,2026-09-25T06:30:58Z
2024-09-27,minas_san_francisco,670027091,high_res,5,89.956,s3://geoglows-v2-forecasts/2024092700.zarr,a4988034e204af7bf92f38afdd39f71a-2,2026-09-25T06:30:58Z
2024-09-27,minas_san_francisco,670027091,high_res,6,94.017,s3://geoglows-v2-forecasts/2024092700.zarr,a4988034e204af7bf92f38afdd39f71a-2,2026-09-25T06:30:58Z
2024-09-27,minas_san_francisco,670027091,high_res,7,84.834,s3://geoglows-v2-forecasts/2024092700.zarr,a4988034e204af7bf92f38afdd39f71a-2,2026-09-25T06:30:58Z
2024-09-27,minas_san_francisco,670027091,high_res,8,66.817,s3://geoglows-v2-forecasts/2024092700.zarr,a4988034e204af7bf92f38afdd39f71a-2,2026-09-25T06:30:58Z
2024-09-27,minas_san_francisco,670027091,high_res,9,40.403,s3://geoglows-v2-forecasts/2024092700.zarr,a4988034e204af7bf92f38afdd39f71a-2,2026-09-25T06:30:58Z
2024-09-28,agoyan,621014469,high_res,1,55.825,s3://geoglows-v2-forecasts/2024092800.zarr,1b2cbc9a3da061360ab03a16b6fb1ac4-2,2026-09-25T06:30:58Z
2024-09-28,agoyan,621014469,high_res,10,116.867,s3://geoglows-v2-forecasts/2024092800.zarr,1b2cbc9a3da061360ab03a16b6fb1ac4-2,2026-09-25T06:30:58Z
2024-09-28,agoyan,621014469,high_res,2,61.473,s3://geoglows-v2-forecasts/2024092800.zarr,1b2cbc9a3da061360ab03a16b6fb1ac4-2,2026-09-25T06:30:58Z
2024-09-28,agoyan,621014469,high_res,3,88.891,s3://geoglows-v2-forecasts/2024092800.zarr,1b2cbc9a3da061360ab03a16b6fb1ac4-2,2026-09-25T06:30:58Z
2024-09-28,agoyan,621014469,high_res,4,125.515,s3://geoglows-v2-forecasts/2024092800.zarr,1b2cbc9a3da061360ab03a16b6fb1ac4-2,2026-09-25T06:30:58Z
2024-09-28,agoyan,621014469,high_res,5,178.453,s3://geoglows-v2-forecasts/2024092800.zarr,1b2cbc9a3da061360ab03a16b6fb1ac4-2,2026-09-25T06:30:58Z
2024-09-28,agoyan,621014469,high_res,6,174.982,s3://geoglows-v2-forecasts/2024092800.zarr,1b2cbc9a3da061360ab03a16b6fb1ac4-2,2026-09-25T06:30:58Z
2024-09-28,agoyan,621014469,high_res,7,154.257,s3://geoglows-v2-forecasts/2024092800.zarr,1b2cbc9a3da061360ab03a16b6fb1ac4-2,2026-09-25T06:30:58Z
2024-09-28,agoyan,621014469,high_res,8,120.073,s3://geoglows-v2-forecasts/2024092800.zarr,1b2cbc9a3da061360ab03a16b6fb1ac4-2,2026-09-25T06:30:58Z
2024-09-28,agoyan,621014469,high_res,9,111.912,s3://geoglows-v2-forecasts/2024092800.zarr,1b2cbc9a3da061360ab03a16b6fb1ac4-2,2026-09-25T06:30:58Z
2024-09-28,manduriacu,670078161,high_res,1,79.928,s3://geoglows-v2-forecasts/2024092800.zarr,1b2cbc9a3da061360ab03a16b6fb1ac4-2,2026-09-25T06:30:58Z
2024-09-28,manduriacu,670078161,high_res,10,393.523,s3://geoglows-v2-forecasts/2024092800.zarr,1b2cbc9a3da061360ab03a16b6fb1ac4-2,2026-09-25T06:30:58Z
2024-09-28,manduriacu,670078161,high_res,2,78.585,s3://geoglows-v2-forecasts/2024092800.zarr,1b2cbc9a3da061360ab03a16b6fb1ac4-2,2026-09-25T06:30:58Z
2024-09-28,manduriacu,670078161,high_res,3,119.515,s3://geoglows-v2-forecasts/2024092800.zarr,1b2cbc9a3da061360ab03a16b6fb1ac4-2,2026-09-25T06:30:58Z
2024-09-28,manduriacu,670078161,high_res,4,210.693,s3://geoglows-v2-forecasts/2024092800.zarr,1b2cbc9a3da061360ab03a16b6fb1ac4-2,2026-09-25T06:30:58Z
2024-09-28,manduriacu,670078161,high_res,5,251.164,s3://geoglows-v2-forecasts/2024092800.zarr,1b2cbc9a3da061360ab03a16b6fb1ac4-2,2026-09-25T06:30:58Z
2024-09-28,manduriacu,670078161,high_res,6,234.961,s3://geoglows-v2-forecasts/2024092800.zarr,1b2cbc9a3da061360ab03a16b6fb1ac4-2,2026-09-25T06:30:58Z
2024-09-28,manduriacu,670078161,high_res,7,204.627,s3://geoglows-v2-forecasts/2024092800.zarr,1b2cbc9a3da061360ab03a16b6fb1ac4-2,2026-09-25T06:30:58Z
2024-09-28,manduriacu,670078161,high_res,8,298.288,s3://geoglows-v2-forecasts/2024092800.zarr,1b2cbc9a3da061360ab03a16b6fb1ac4-2,2026-09-25T06:30:58Z
2024-09-28,manduriacu,670078161,high_res,9,389.205,s3://geoglows-v2-forecasts/2024092800.zarr,1b2cbc9a3da061360ab03a16b6fb1ac4-2,2026-09-25T06:30:58Z
2024-09-28,minas_san_francisco,670027091,high_res,1,9.315,s3://geoglows-v2-forecasts/2024092800.zarr,1b2cbc9a3da061360ab03a16b6fb1ac4-2,2026-09-25T06:30:58Z
2024-09-28,minas_san_francisco,670027091,high_res,10,38.596,s3://geoglows-v2-forecasts/2024092800.zarr,1b2cbc9a3da061360ab03a16b6fb1ac4-2,2026-09-25T06:30:58Z
2024-09-28,minas_san_francisco,670027091,high_res,2,25.119,s3://geoglows-v2-forecasts/2024092800.zarr,1b2cbc9a3da061360ab03a16b6fb1ac4-2,2026-09-25T06:30:58Z
2024-09-28,minas_san_francisco,670027091,high_res,3,51.909,s3://geoglows-v2-forecasts/2024092800.zarr,1b2cbc9a3da061360ab03a16b6fb1ac4-2,2026-09-25T06:30:58Z
2024-09-28,minas_san_francisco,670027091,high_res,4,75.78,s3://geoglows-v2-forecasts/2024092800.zarr,1b2cbc9a3da061360ab03a16b6fb1ac4-2,2026-09-25T06:30:58Z
2024-09-28,minas_san_francisco,670027091,high_res,5,78.191,s3://geoglows-v2-forecasts/2024092800.zarr,1b2cbc9a3da061360ab03a16b6fb1ac4-2,2026-09-25T06:30:58Z
2024-09-28,minas_san_francisco,670027091,high_res,6,71.489,s3://geoglows-v2-forecasts/2024092800.zarr,1b2cbc9a3da061360ab03a16b6fb1ac4-2,2026-09-25T06:30:58Z
2024-09-28,minas_san_francisco,670027091,high_res,7,57.781,s3://geoglows-v2-forecasts/2024092800.zarr,1b2cbc9a3da061360ab03a16b6fb1ac4-2,2026-09-25T06:30:58Z
2024-09-28,minas_san_francisco,670027091,high_res,8,38.599,s3://geoglows-v2-forecasts/2024092800.zarr,1b2cbc9a3da061360ab03a16b6fb1ac4-2,2026-09-25T06:30:58Z
2024-09-28,minas_san_francisco,670027091,high_res,9,35.011,s3://geoglows-v2-forecasts/2024092800.zarr,1b2cbc9a3da061360ab03a16b6fb1ac4-2,2026-09-25T06:30:58Z
2024-09-29,agoyan,621014469,high_res,1,61.052,s3://geoglows-v2-forecasts/2024092900.zarr,218731ea233dbb5d8dc1c5774b7005cf-2,2026-09-25T06:30:58Z
2024-09-29,agoyan,621014469,high_res,10,79.29,s3://geoglows-v2-forecasts/2024092900.zarr,218731ea233dbb5d8dc1c5774b7005cf-2,2026-09-25T06:30:58Z
2024-09-29,agoyan,621014469,high_res,2,90.066,s3://geoglows-v2-forecasts/2024092900.zarr,218731ea233dbb5d8dc1c5774b7005cf-2,2026-09-25T06:30:58Z
2024-09-29,agoyan,621014469,high_res,3,126.342,s3://geoglows-v2-forecasts/2024092900.zarr,218731ea233dbb5d8dc1c5774b7005cf-2,2026-09-25T06:30:58Z
2024-09-29,agoyan,621014469,high_res,4,138.34,s3://geoglows-v2-forecasts/2024092900.zarr,218731ea233dbb5d8dc1c5774b7005cf-2,2026-09-25T06:30:58Z
2024-09-29,agoyan,621014469,high_res,5,141.486,s3://geoglows-v2-forecasts/2024092900.zarr,218731ea233dbb5d8dc1c5774b7005cf-2,2026-09-25T06:30:58Z
2024-09-29,agoyan,621014469,high_res,6,125.356,s3://geoglows-v2-forecasts/2024092900.zarr,218731ea233dbb5d8dc1c5774b7005cf-2,2026-09-25T06:30:58Z
2024-09-29,agoyan,621014469,high_res,7,97.244,s3://geoglows-v2-forecasts/2024092900.zarr,218731ea233dbb5d8dc1c5774b7005cf-2,2026-09-25T06:30:58Z
2024-09-29,agoyan,621014469,high_res,8,78.954,s3://geoglows-v2-forecasts/2024092900.zarr,218731ea233dbb5d8dc1c5774b7005cf-2,2026-09-25T06:30:58Z
2024-09-29,agoyan,621014469,high_res,9,76.234,s3://geoglows-v2-forecasts/2024092900.zarr,218731ea233dbb5d8dc1c5774b7005cf-2,2026-09-25T06:30:58Z
2024-09-29,manduriacu,670078161,high_res,1,87.247,s3://geoglows-v2-forecasts/2024092900.zarr,218731ea233dbb5d8dc1c5774b7005cf-2,2026-09-25T06:30:58Z
2024-09-29,manduriacu,670078161,high_res,10,297.072,s3://geoglows-v2-forecasts/2024092900.zarr,218731ea233dbb5d8dc1c5774b7005cf-2,2026-09-25T06:30:58Z
2024-09-29,manduriacu,670078161,high_res,2,86.764,s3://geoglows-v2-forecasts/2024092900.zarr,218731ea233dbb5d8dc1c5774b7005cf-2,2026-09-25T06:30:58Z
2024-09-29,manduriacu,670078161,high_res,3,135.236,s3://geoglows-v2-forecasts/2024092900.zarr,218731ea233dbb5d8dc1c5774b7005cf-2,2026-09-25T06:30:58Z
2024-09-29,manduriacu,670078161,high_res,4,189.225,s3://geoglows-v2-forecasts/2024092900.zarr,218731ea233dbb5d8dc1c5774b7005cf-2,2026-09-25T06:30:58Z
2024-09-29,manduriacu,670078161,high_res,5,199.231,s3://geoglows-v2-forecasts/2024092900.zarr,218731ea233dbb5d8dc1c5774b7005cf-2,2026-09-25T06:30:58Z
2024-09-29,manduriacu,670078161,high_res,6,176.045,s3://geoglows-v2-forecasts/2024092900.zarr,218731ea233dbb5d8dc1c5774b7005cf-2,2026-09-25T06:30:58Z
2024-09-29,manduriacu,670078161,high_res,7,244.909,s3://geoglows-v2-forecasts/2024092900.zarr,218731ea233dbb5d8dc1c5774b7005cf-2,2026-09-25T06:30:58Z
2024-09-29,manduriacu,670078161,high_res,8,199.553,s3://geoglows-v2-forecasts/2024092900.zarr,218731ea233dbb5d8dc1c5774b7005cf-2,2026-09-25T06:30:58Z
2024-09-29,manduriacu,670078161,high_res,9,220.447,s3://geoglows-v2-forecasts/2024092900.zarr,218731ea233dbb5d8dc1c5774b7005cf-2,2026-09-25T06:30:58Z
2024-09-29,minas_san_francisco,670027091,high_res,1,23.676,s3://geoglows-v2-forecasts/2024092900.zarr,218731ea233dbb5d8dc1c5774b7005cf-2,2026-09-25T06:30:58Z
2024-09-29,minas_san_francisco,670027091,high_res,10,21.586,s3://geoglows-v2-forecasts/2024092900.zarr,218731ea233dbb5d8dc1c5774b7005cf-2,2026-09-25T06:30:58Z
2024-09-29,minas_san_francisco,670027091,high_res,2,48.032,s3://geoglows-v2-forecasts/2024092900.zarr,218731ea233dbb5d8dc1c5774b7005cf-2,2026-09-25T06:30:58Z
2024-09-29,minas_san_francisco,670027091,high_res,3,69.029,s3://geoglows-v2-forecasts/2024092900.zarr,218731ea233dbb5d8dc1c5774b7005cf-2,2026-09-25T06:30:58Z
2024-09-29,minas_san_francisco,670027091,high_res,4,62.427,s3://geoglows-v2-forecasts/2024092900.zarr,218731ea233dbb5d8dc1c5774b7005cf-2,2026-09-25T06:30:58Z
2024-09-29,minas_san_francisco,670027091,high_res,5,57.38,s3://geoglows-v2-forecasts/2024092900.zarr,218731ea233dbb5d8dc1c5774b7005cf-2,2026-09-25T06:30:58Z
2024-09-29,minas_san_francisco,670027091,high_res,6,53.843,s3://geoglows-v2-forecasts/2024092900.zarr,218731ea233dbb5d8dc1c5774b7005cf-2,2026-09-25T06:30:58Z
2024-09-29,minas_san_francisco,670027091,high_res,7,38.271,s3://geoglows-v2-forecasts/2024092900.zarr,218731ea233dbb5d8dc1c5774b7005cf-2,2026-09-25T06:30:58Z
2024-09-29,minas_san_francisco,670027091,high_res,8,25.253,s3://geoglows-v2-forecasts/2024092900.zarr,218731ea233dbb5d8dc1c5774b7005cf-2,2026-09-25T06:30:58Z
2024-09-29,minas_san_francisco,670027091,high_res,9,22.786,s3://geoglows-v2-forecasts/2024092900.zarr,218731ea233dbb5d8dc1c5774b7005cf-2,2026-09-25T06:30:58Z
2024-09-30,agoyan,621014469,high_res,1,79.69,s3://geoglows-v2-forecasts/2024093000.zarr,3d2d7f32a3c82e2a5c54d4f97580130d-2,2026-09-25T06:30:58Z
2024-09-30,agoyan,621014469,high_res,10,86.145,s3://geoglows-v2-forecasts/2024093000.zarr,3d2d7f32a3c82e2a5c54d4f97580130d-2,2026-09-25T06:30:58Z
2024-09-30,agoyan,621014469,high_res,2,100.17,s3://geoglows-v2-forecasts/2024093000.zarr,3d2d7f32a3c82e2a5c54d4f97580130d-2,2026-09-25T06:30:58Z
2024-09-30,agoyan,621014469,high_res,3,120.24,s3://geoglows-v2-forecasts/2024093000.zarr,3d2d7f32a3c82e2a5c54d4f97580130d-2,2026-09-25T06:30:58Z
2024-09-30,agoyan,621014469,high_res,4,125.047,s3://geoglows-v2-forecasts/2024093000.zarr,3d2d7f32a3c82e2a5c54d4f97580130d-2,2026-09-25T06:30:58Z
2024-09-30,agoyan,621014469,high_res,5,115.036,s3://geoglows-v2-forecasts/2024093000.zarr,3d2d7f32a3c82e2a5c54d4f97580130d-2,2026-09-25T06:30:58Z
2024-09-30,agoyan,621014469,high_res,6,92.675,s3://geoglows-v2-forecasts/2024093000.zarr,3d2d7f32a3c82e2a5c54d4f97580130d-2,2026-09-25T06:30:58Z
2024-09-30,agoyan,621014469,high_res,7,82.236,s3://geoglows-v2-forecasts/2024093000.zarr,3d2d7f32a3c82e2a5c54d4f97580130d-2,2026-09-25T06:30:58Z
2024-09-30,agoyan,621014469,high_res,8,82.852,s3://geoglows-v2-forecasts/2024093000.zarr,3d2d7f32a3c82e2a5c54d4f97580130d-2,2026-09-25T06:30:58Z
2024-09-30,agoyan,621014469,high_res,9,83.502,s3://geoglows-v2-forecasts/2024093000.zarr,3d2d7f32a3c82e2a5c54d4f97580130d-2,2026-09-25T06:30:58Z
2024-09-30,manduriacu,670078161,high_res,1,85.924,s3://geoglows-v2-forecasts/2024093000.zarr,3d2d7f32a3c82e2a5c54d4f97580130d-2,2026-09-25T06:30:58Z
2024-09-30,manduriacu,670078161,high_res,10,418.792,s3://geoglows-v2-forecasts/2024093000.zarr,3d2d7f32a3c82e2a5c54d4f97580130d-2,2026-09-25T06:30:58Z
2024-09-30,manduriacu,670078161,high_res,2,114.457,s3://geoglows-v2-forecasts/2024093000.zarr,3d2d7f32a3c82e2a5c54d4f97580130d-2,2026-09-25T06:30:58Z
2024-09-30,manduriacu,670078161,high_res,3,153.703,s3://geoglows-v2-forecasts/2024093000.zarr,3d2d7f32a3c82e2a5c54d4f97580130d-2,2026-09-25T06:30:58Z
2024-09-30,manduriacu,670078161,high_res,4,184.446,s3://geoglows-v2-forecasts/2024093000.zarr,3d2d7f32a3c82e2a5c54d4f97580130d-2,2026-09-25T06:30:58Z
2024-09-30,manduriacu,670078161,high_res,5,165.831,s3://geoglows-v2-forecasts/2024093000.zarr,3d2d7f32a3c82e2a5c54d4f97580130d-2,2026-09-25T06:30:58Z
2024-09-30,manduriacu,670078161,high_res,6,329.174,s3://geoglows-v2-forecasts/2024093000.zarr,3d2d7f32a3c82e2a5c54d4f97580130d-2,2026-09-25T06:30:58Z
2024-09-30,manduriacu,670078161,high_res,7,315.311,s3://geoglows-v2-forecasts/2024093000.zarr,3d2d7f32a3c82e2a5c54d4f97580130d-2,2026-09-25T06:30:58Z
2024-09-30,manduriacu,670078161,high_res,8,215.421,s3://geoglows-v2-forecasts/2024093000.zarr,3d2d7f32a3c82e2a5c54d4f97580130d-2,2026-09-25T06:30:58Z
2024-09-30,manduriacu,670078161,high_res,9,264.742,s3://geoglows-v2-forecasts/2024093000.zarr,3d2d7f32a3c82e2a5c54d4f97580130d-2,2026-09-25T06:30:58Z
2024-09-30,minas_san_francisco,670027091,high_res,1,41.544,s3://geoglows-v2-forecasts/2024093000.zarr,3d2d7f32a3c82e2a5c54d4f97580130d-2,2026-09-25T06:30:58Z
2024-09-30,minas_san_francisco,670027091,high_res,10,25.409,s3://geoglows-v2-forecasts/2024093000.zarr,3d2d7f32a3c82e2a5c54d4f97580130d-2,2026-09-25T06:30:58Z
2024-09-30,minas_san_francisco,670027091,high_res,2,51.249,s3://geoglows-v2-forecasts/2024093000.zarr,3d2d7f32a3c82e2a5c54d4f97580130d-2,2026-09-25T06:30:58Z
2024-09-30,minas_san_francisco,670027091,high_res,3,56.49,s3://geoglows-v2-forecasts/2024093000.zarr,3d2d7f32a3c82e2a5c54d4f97580130d-2,2026-09-25T06:30:58Z
2024-09-30,minas_san_francisco,670027091,high_res,4,52.728,s3://geoglows-v2-forecasts/2024093000.zarr,3d2d7f32a3c82e2a5c54d4f97580130d-2,2026-09-25T06:30:58Z
2024-09-30,minas_san_francisco,670027091,high_res,5,37.565,s3://geoglows-v2-forecasts/2024093000.zarr,3d2d7f32a3c82e2a5c54d4f97580130d-2,2026-09-25T06:30:58Z
2024-09-30,minas_san_francisco,670027091,high_res,6,27.583,s3://geoglows-v2-forecasts/2024093000.zarr,3d2d7f32a3c82e2a5c54d4f97580130d-2,2026-09-25T06:30:58Z
2024-09-30,minas_san_francisco,670027091,high_res,7,23.653,s3://geoglows-v2-forecasts/2024093000.zarr,3d2d7f32a3c82e2a5c54d4f97580130d-2,2026-09-25T06:30:58Z
2024-09-30,minas_san_francisco,670027091,high_res,8,21.444,s3://geoglows-v2-forecasts/2024093000.zarr,3d2d7f32a3c82e2a5c54d4f97580130d-2,2026-09-25T06:30:58Z
2024-09-30,minas_san_francisco,670027091,high_res,9,21.099,s3://geoglows-v2-forecasts/2024093000.zarr,3d2d7f32a3c82e2a5c54d4f97580130d-2,2026-09-25T06:30:58Z
2024-10-01,agoyan,621014469,high_res,1,98.034,s3://geoglows-v2-forecasts/2024100100.zarr,fa9391a1baaede3d435ffd41e119cb12-2,2026-09-25T06:30:58Z
2024-10-01,agoyan,621014469,high_res,10,116.459,s3://geoglows-v2-forecasts/2024100100.zarr,fa9391a1baaede3d435ffd41e119cb12-2,2026-09-25T06:30:58Z
2024-10-01,agoyan,621014469,high_res,2,111.588,s3://geoglows-v2-forecasts/2024100100.zarr,fa9391a1baaede3d435ffd41e119cb12-2,2026-09-25T06:30:58Z
2024-10-01,agoyan,621014469,high_res,3,121.253,s3://geoglows-v2-forecasts/2024100100.zarr,fa9391a1baaede3d435ffd41e119cb12-2,2026-09-25T06:30:58Z
2024-10-01,agoyan,621014469,high_res,4,117.369,s3://geoglows-v2-forecasts/2024100100.zarr,fa9391a1baaede3d435ffd41e119cb12-2,2026-09-25T06:30:58Z
2024-10-01,agoyan,621014469,high_res,5,104.757,s3://geoglows-v2-forecasts/2024100100.zarr,fa9391a1baaede3d435ffd41e119cb12-2,2026-09-25T06:30:58Z
2024-10-01,agoyan,621014469,high_res,6,102.699,s3://geoglows-v2-forecasts/2024100100.zarr,fa9391a1baaede3d435ffd41e119cb12-2,2026-09-25T06:30:58Z
2024-10-01,agoyan,621014469,high_res,7,94.045,s3://geoglows-v2-forecasts/2024100100.zarr,fa9391a1baaede3d435ffd41e119cb12-2,2026-09-25T06:30:58Z
2024-10-01,agoyan,621014469,high_res,8,101.416,s3://geoglows-v2-forecasts/2024100100.zarr,fa9391a1baaede3d435ffd41e119cb12-2,2026-09-25T06:30:58Z
2024-10-01,agoyan,621014469,high_res,9,108.76,s3://geoglows-v2-forecasts/2024100100.zarr,fa9391a1baaede3d435ffd41e119cb12-2,2026-09-25T06:30:58Z
2024-10-01,manduriacu,670078161,high_res,1,118.738,s3://geoglows-v2-forecasts/2024100100.zarr,fa9391a1baaede3d435ffd41e119cb12-2,2026-09-25T06:30:58Z
2024-10-01,manduriacu,670078161,high_res,10,566.538,s3://geoglows-v2-forecasts/2024100100.zarr,fa9391a1baaede3d435ffd41e119cb12-2,2026-09-25T06:30:58Z
2024-10-01,manduriacu,670078161,high_res,2,182.183,s3://geoglows-v2-forecasts/2024100100.zarr,fa9391a1baaede3d435ffd41e119cb12-2,2026-09-25T06:30:58Z
2024-10-01,manduriacu,670078161,high_res,3,191.354,s3://geoglows-v2-forecasts/2024100100.zarr,fa9391a1baaede3d435ffd41e119cb12-2,2026-09-25T06:30:58Z
2024-10-01,manduriacu,670078161,high_res,4,179.197,s3://geoglows-v2-forecasts/2024100100.zarr,fa9391a1baaede3d435ffd41e119cb12-2,2026-09-25T06:30:58Z
2024-10-01,manduriacu,670078161,high_res,5,291.845,s3://geoglows-v2-forecasts/2024100100.zarr,fa9391a1baaede3d435ffd41e119cb12-2,2026-09-25T06:30:58Z
2024-10-01,manduriacu,670078161,high_res,6,297.306,s3://geoglows-v2-forecasts/2024100100.zarr,fa9391a1baaede3d435ffd41e119cb12-2,2026-09-25T06:30:58Z
2024-10-01,manduriacu,670078161,high_res,7,392.248,s3://geoglows-v2-forecasts/2024100100.zarr,fa9391a1baaede3d435ffd41e119cb12-2,2026-09-25T06:30:58Z
2024-10-01,manduriacu,670078161,high_res,8,519.865,s3://geoglows-v2-forecasts/2024100100.zarr,fa9391a1baaede3d435ffd41e119cb12-2,2026-09-25T06:30:58Z
2024-10-01,manduriacu,670078161,high_res,9,546.815,s3://geoglows-v2-forecasts/2024100100.zarr,fa9391a1baaede3d435ffd41e119cb12-2,2026-09-25T06:30:58Z
2024-10-01,minas_san_francisco,670027091,high_res,1,50.269,s3://geoglows-v2-forecasts/2024100100.zarr,fa9391a1baaede3d435ffd41e119cb12-2,2026-09-25T06:30:58Z
2024-10-01,minas_san_francisco,670027091,high_res,10,25.784,s3://geoglows-v2-forecasts/2024100100.zarr,fa9391a1baaede3d435ffd41e119cb12-2,2026-09-25T06:30:58Z
2024-10-01,minas_san_francisco,670027091,high_res,2,63.518,s3://geoglows-v2-forecasts/2024100100.zarr,fa9391a1baaede3d435ffd41e119cb12-2,2026-09-25T06:30:58Z
2024-10-01,minas_san_francisco,670027091,high_res,3,83.186,s3://geoglows-v2-forecasts/2024100100.zarr,fa9391a1baaede3d435ffd41e119cb12-2,2026-09-25T06:30:58Z
2024-10-01,minas_san_francisco,670027091,high_res,4,74.314,s3://geoglows-v2-forecasts/2024100100.zarr,fa9391a1baaede3d435ffd41e119cb12-2,2026-09-25T06:30:58Z
2024-10-01,minas_san_francisco,670027091,high_res,5,46.107,s3://geoglows-v2-forecasts/2024100100.zarr,fa9391a1baaede3d435ffd41e119cb12-2,2026-09-25T06:30:58Z
2024-10-01,minas_san_francisco,670027091,high_res,6,29.24,s3://geoglows-v2-forecasts/2024100100.zarr,fa9391a1baaede3d435ffd41e119cb12-2,2026-09-25T06:30:58Z
2024-10-01,minas_san_francisco,670027091,high_res,7,27.589,s3://geoglows-v2-forecasts/2024100100.zarr,fa9391a1baaede3d435ffd41e119cb12-2,2026-09-25T06:30:58Z
2024-10-01,minas_san_francisco,670027091,high_res,8,30.044,s3://geoglows-v2-forecasts/2024100100.zarr,fa9391a1baaede3d435ffd41e119cb12-2,2026-09-25T06:30:58Z
2024-10-01,minas_san_francisco,670027091,high_res,9,30.331,s3://geoglows-v2-forecasts/2024100100.zarr,fa9391a1baaede3d435ffd41e119cb12-2,2026-09-25T06:30:58Z
2024-10-02,agoyan,621014469,high_res,1,109.378,s3://geoglows-v2-forecasts/2024100200.zarr,1bec1301032f59b8d896bab070c7b23e-2,2026-09-25T06:30:58Z
2024-10-02,agoyan,621014469,high_res,10,152.222,s3://geoglows-v2-forecasts/2024100200.zarr,1bec1301032f59b8d896bab070c7b23e-2,2026-09-25T06:30:58Z
2024-10-02,agoyan,621014469,high_res,2,115.264,s3://geoglows-v2-forecasts/2024100200.zarr,1bec1301032f59b8d896bab070c7b23e-2,2026-09-25T06:30:58Z
2024-10-02,agoyan,621014469,high_res,3,114.687,s3://geoglows-v2-forecasts/2024100200.zarr,1bec1301032f59b8d896bab070c7b23e-2,2026-09-25T06:30:58Z
2024-10-02,agoyan,621014469,high_res,4,99.202,s3://geoglows-v2-forecasts/2024100200.zarr,1bec1301032f59b8d896bab070c7b23e-2,2026-09-25T06:30:58Z
2024-10-02,agoyan,621014469,high_res,5,88.572,s3://geoglows-v2-forecasts/2024100200.zarr,1bec1301032f59b8d896bab070c7b23e-2,2026-09-25T06:30:58Z
2024-10-02,agoyan,621014469,high_res,6,86.963,s3://geoglows-v2-forecasts/2024100200.zarr,1bec1301032f59b8d896bab070c7b23e-2,2026-09-25T06:30:58Z
2024-10-02,agoyan,621014469,high_res,7,98.202,s3://geoglows-v2-forecasts/2024100200.zarr,1bec1301032f59b8d896bab070c7b23e-2,2026-09-25T06:30:58Z
2024-10-02,agoyan,621014469,high_res,8,121.625,s3://geoglows-v2-forecasts/2024100200.zarr,1bec1301032f59b8d896bab070c7b23e-2,2026-09-25T06:30:58Z
2024-10-02,agoyan,621014469,high_res,9,148.738,s3://geoglows-v2-forecasts/2024100200.zarr,1bec1301032f59b8d896bab070c7b23e-2,2026-09-25T06:30:58Z
2024-10-02,manduriacu,670078161,high_res,1,135.906,s3://geoglows-v2-forecasts/2024100200.zarr,1bec1301032f59b8d896bab070c7b23e-2,2026-09-25T06:30:58Z
2024-10-02,manduriacu,670078161,high_res,10,301.327,s3://geoglows-v2-forecasts/2024100200.zarr,1bec1301032f59b8d896bab070c7b23e-2,2026-09-25T06:30:58Z
2024-10-02,manduriacu,670078161,high_res,2,187.467,s3://geoglows-v2-forecasts/2024100200.zarr,1bec1301032f59b8d896bab070c7b23e-2,2026-09-25T06:30:58Z
2024-10-02,manduriacu,670078161,high_res,3,181.78,s3://geoglows-v2-forecasts/2024100200.zarr,1bec1301032f59b8d896bab070c7b23e-2,2026-09-25T06:30:58Z
2024-10-02,manduriacu,670078161,high_res,4,171.409,s3://geoglows-v2-forecasts/2024100200.zarr,1bec1301032f59b8d896bab070c7b23e-2,2026-09-25T06:30:58Z
2024-10-02,manduriacu,670078161,high_res,5,205.512,s3://geoglows-v2-forecasts/2024100200.zarr,1bec1301032f59b8d896bab070c7b23e-2,2026-09-25T06:30:58Z
2024-10-02,manduriacu,670078161,high_res,6,320.566,s3://geoglows-v2-forecasts/2024100200.zarr,1bec1301032f59b8d896bab070c7b23e-2,2026-09-25T06:30:58Z
2024-10-02,manduriacu,670078161,high_res,7,478.506,s3://geoglows-v2-forecasts/2024100200.zarr,1bec1301032f59b8d896bab070c7b23e-2,2026-09-25T06:30:58Z
2024-10-02,manduriacu,670078161,high_res,8,485.383,s3://geoglows-v2-forecasts/2024100200.zarr,1bec1301032f59b8d896bab070c7b23e-2,2026-09-25T06:30:58Z
2024-10-02,manduriacu,670078161,high_res,9,371.61,s3://geoglows-v2-forecasts/2024100200.zarr,1bec1301032f59b8d896bab070c7b23e-2,2026-09-25T06:30:58Z
2024-10-02,minas_san_francisco,670027091,high_res,1,52.01,s3://geoglows-v2-forecasts/2024100200.zarr,1bec1301032f59b8d896bab070c7b23e-2,2026-09-25T06:30:58Z
2024-10-02,minas_san_francisco,670027091,high_res,10,44.009,s3://geoglows-v2-forecasts/2024100200.zarr,1bec1301032f59b8d896bab070c7b23e-2,2026-09-25T06:30:58Z
2024-10-02,minas_san_francisco,670027091,high_res,2,56.392,s3://geoglows-v2-forecasts/2024100200.zarr,1bec1301032f59b8d896bab070c7b23e-2,2026-09-25T06:30:58Z
2024-10-02,minas_san_francisco,670027091,high_res,3,53.723,s3://geoglows-v2-forecasts/2024100200.zarr,1bec1301032f59b8d896bab070c7b23e-2,2026-09-25T06:30:58Z
2024-10-02,minas_san_francisco,670027091,high_res,4,35.179,s3://geoglows-v2-forecasts/2024100200.zarr,1bec1301032f59b8d896bab070c7b23e-2,2026-09-25T06:30:58Z
2024-10-02,minas_san_francisco,670027091,high_res,5,21.818,s3://geoglows-v2-forecasts/2024100200.zarr,1bec1301032f59b8d896bab070c7b23e-2,2026-09-25T06:30:58Z
2024-10-02,minas_san_francisco,670027091,high_res,6,20.758,s3://geoglows-v2-forecasts/2024100200.zarr,1bec1301032f59b8d896bab070c7b23e-2,2026-09-25T06:30:58Z
2024-10-02,minas_san_francisco,670027091,high_res,7,46.667,s3://geoglows-v2-forecasts/2024100200.zarr,1bec1301032f59b8d896bab070c7b23e-2,2026-09-25T06:30:58Z
2024-10-02,minas_san_francisco,670027091,high_res,8,77.872,s3://geoglows-v2-forecasts/2024100200.zarr,1bec1301032f59b8d896bab070c7b23e-2,2026-09-25T06:30:58Z
2024-10-02,minas_san_francisco,670027091,high_res,9,71.11,s3://geoglows-v2-forecasts/2024100200.zarr,1bec1301032f59b8d896bab070c7b23e-2,2026-09-25T06:30:58Z
2024-10-03,agoyan,621014469,high_res,1,114.748,s3://geoglows-v2-forecasts/2024100300.zarr,61326498807c6d29f630e75020fb9580-2,2026-09-25T06:31:02Z
2024-10-03,agoyan,621014469,high_res,10,152.105,s3://geoglows-v2-forecasts/2024100300.zarr,61326498807c6d29f630e75020fb9580-2,2026-09-25T06:31:02Z
2024-10-03,agoyan,621014469,high_res,2,108.894,s3://geoglows-v2-forecasts/2024100300.zarr,61326498807c6d29f630e75020fb9580-2,2026-09-25T06:31:02Z
2024-10-03,agoyan,621014469,high_res,3,94.304,s3://geoglows-v2-forecasts/2024100300.zarr,61326498807c6d29f630e75020fb9580-2,2026-09-25T06:31:02Z
2024-10-03,agoyan,621014469,high_res,4,86.974,s3://geoglows-v2-forecasts/2024100300.zarr,61326498807c6d29f630e75020fb9580-2,2026-09-25T06:31:02Z
2024-10-03,agoyan,621014469,high_res,5,89.961,s3://geoglows-v2-forecasts/2024100300.zarr,61326498807c6d29f630e75020fb9580-2,2026-09-25T06:31:02Z
2024-10-03,agoyan,621014469,high_res,6,95.448,s3://geoglows-v2-forecasts/2024100300.zarr,61326498807c6d29f630e75020fb9580-2,2026-09-25T06:31:02Z
2024-10-03,agoyan,621014469,high_res,7,100.481,s3://geoglows-v2-forecasts/2024100300.zarr,61326498807c6d29f630e75020fb9580-2,2026-09-25T06:31:02Z
2024-10-03,agoyan,621014469,high_res,8,111.294,s3://geoglows-v2-forecasts/2024100300.zarr,61326498807c6d29f630e75020fb9580-2,2026-09-25T06:31:02Z
2024-10-03,agoyan,621014469,high_res,9,126.476,s3://geoglows-v2-forecasts/2024100300.zarr,61326498807c6d29f630e75020fb9580-2,2026-09-25T06:31:02Z
2024-10-03,manduriacu,670078161,high_res,1,150.775,s3://geoglows-v2-forecasts/2024100300.zarr,61326498807c6d29f630e75020fb9580-2,2026-09-25T06:31:02Z
2024-10-03,manduriacu,670078161,high_res,10,454.528,s3://geoglows-v2-forecasts/2024100300.zarr,61326498807c6d29f630e75020fb9580-2,2026-09-25T06:31:02Z
2024-10-03,manduriacu,670078161,high_res,2,146.412,s3://geoglows-v2-forecasts/2024100300.zarr,61326498807c6d29f630e75020fb9580-2,2026-09-25T06:31:02Z
2024-10-03,manduriacu,670078161,high_res,3,221.782,s3://geoglows-v2-forecasts/2024100300.zarr,61326498807c6d29f630e75020fb9580-2,2026-09-25T06:31:02Z
2024-10-03,manduriacu,670078161,high_res,4,263.454,s3://geoglows-v2-forecasts/2024100300.zarr,61326498807c6d29f630e75020fb9580-2,2026-09-25T06:31:02Z
2024-10-03,manduriacu,670078161,high_res,5,317.771,s3://geoglows-v2-forecasts/2024100300.zarr,61326498807c6d29f630e75020fb9580-2,2026-09-25T06:31:02Z
2024-10-03,manduriacu,670078161,high_res,6,408.604,s3://geoglows-v2-forecasts/2024100300.zarr,61326498807c6d29f630e75020fb9580-2,2026-09-25T06:31:02Z
2024-10-03,manduriacu,670078161,high_res,7,699.192,s3://geoglows-v2-forecasts/2024100300.zarr,61326498807c6d29f630e75020fb9580-2,2026-09-25T06:31:02Z
2024-10-03,manduriacu,670078161,high_res,8,656.635,s3://geoglows-v2-forecasts/2024100300.zarr,61326498807c6d29f630e75020fb9580-2,2026-09-25T06:31:02Z
2024-10-03,manduriacu,670078161,high_res,9,492.278,s3://geoglows-v2-forecasts/2024100300.zarr,61326498807c6d29f630e75020fb9580-2,2026-09-25T06:31:02Z
2024-10-03,minas_san_francisco,670027091,high_res,1,52.146,s3://geoglows-v2-forecasts/2024100300.zarr,61326498807c6d29f630e75020fb9580-2,2026-09-25T06:31:02Z
2024-10-03,minas_san_francisco,670027091,high_res,10,62.677,s3://geoglows-v2-forecasts/2024100300.zarr,61326498807c6d29f630e75020fb9580-2,2026-09-25T06:31:02Z
2024-10-03,minas_san_francisco,670027091,high_res,2,47.043,s3://geoglows-v2-forecasts/2024100300.zarr,61326498807c6d29f630e75020fb9580-2,2026-09-25T06:31:02Z
2024-10-03,minas_san_francisco,670027091,high_res,3,38.057,s3://geoglows-v2-forecasts/2024100300.zarr,61326498807c6d29f630e75020fb9580-2,2026-09-25T06:31:02Z
2024-10-03,minas_san_francisco,670027091,high_res,4,30.781,s3://geoglows-v2-forecasts/2024100300.zarr,61326498807c6d29f630e75020fb9580-2,2026-09-25T06:31:02Z
2024-10-03,minas_san_francisco,670027091,high_res,5,25.485,s3://geoglows-v2-forecasts/2024100300.zarr,61326498807c6d29f630e75020fb9580-2,2026-09-25T06:31:02Z
2024-10-03,minas_san_francisco,670027091,high_res,6,27.441,s3://geoglows-v2-forecasts/2024100300.zarr,61326498807c6d29f630e75020fb9580-2,2026-09-25T06:31:02Z
2024-10-03,minas_san_francisco,670027091,high_res,7,28.836,s3://geoglows-v2-forecasts/2024100300.zarr,61326498807c6d29f630e75020fb9580-2,2026-09-25T06:31:02Z
2024-10-03,minas_san_francisco,670027091,high_res,8,32.034,s3://geoglows-v2-forecasts/2024100300.zarr,61326498807c6d29f630e75020fb9580-2,2026-09-25T06:31:02Z
2024-10-03,minas_san_francisco,670027091,high_res,9,44.804,s3://geoglows-v2-forecasts/2024100300.zarr,61326498807c6d29f630e75020fb9580-2,2026-09-25T06:31:02Z
2024-10-04,agoyan,621014469,high_res,1,107.649,s3://geoglows-v2-forecasts/2024100400.zarr,2fc12f8c28ac0058df7d7cb11d1c7845-2,2026-09-25T06:31:02Z
2024-10-04,agoyan,621014469,high_res,10,144.637,s3://geoglows-v2-forecasts/2024100400.zarr,2fc12f8c28ac0058df7d7cb11d1c7845-2,2026-09-25T06:31:02Z
2024-10-04,agoyan,621014469,high_res,2,94.024,s3://geoglows-v2-forecasts/2024100400.zarr,2fc12f8c28ac0058df7d7cb11d1c7845-2,2026-09-25T06:31:02Z
2024-10-04,agoyan,621014469,high_res,3,86.234,s3://geoglows-v2-forecasts/2024100400.zarr,2fc12f8c28ac0058df7d7cb11d1c7845-2,2026-09-25T06:31:02Z
2024-10-04,agoyan,621014469,high_res,4,81.717,s3://geoglows-v2-forecasts/2024100400.zarr,2fc12f8c28ac0058df7d7cb11d1c7845-2,2026-09-25T06:31:02Z
2024-10-04,agoyan,621014469,high_res,5,84.354,s3://geoglows-v2-forecasts/2024100400.zarr,2fc12f8c28ac0058df7d7cb11d1c7845-2,2026-09-25T06:31:02Z
2024-10-04,agoyan,621014469,high_res,6,96.979,s3://geoglows-v2-forecasts/2024100400.zarr,2fc12f8c28ac0058df7d7cb11d1c7845-2,2026-09-25T06:31:02Z
2024-10-04,agoyan,621014469,high_res,7,119.813,s3://geoglows-v2-forecasts/2024100400.zarr,2fc12f8c28ac0058df7d7cb11d1c7845-2,2026-09-25T06:31:02Z
2024-10-04,agoyan,621014469,high_res,8,141.171,s3://geoglows-v2-forecasts/2024100400.zarr,2fc12f8c28ac0058df7d7cb11d1c7845-2,2026-09-25T06:31:02Z
2024-10-04,agoyan,621014469,high_res,9,160.583,s3://geoglows-v2-forecasts/2024100400.zarr,2fc12f8c28ac0058df7d7cb11d1c7845-2,2026-09-25T06:31:02Z
2024-10-04,manduriacu,670078161,high_res,1,148.153,s3://geoglows-v2-forecasts/2024100400.zarr,2fc12f8c28ac0058df7d7cb11d1c7845-2,2026-09-25T06:31:02Z
2024-10-04,manduriacu,670078161,high_res,10,450.636,s3://geoglows-v2-forecasts/2024100400.zarr,2fc12f8c28ac0058df7d7cb11d1c7845-2,2026-09-25T06:31:02Z
2024-10-04,manduriacu,670078161,high_res,2,190.668,s3://geoglows-v2-forecasts/2024100400.zarr,2fc12f8c28ac0058df7d7cb11d1c7845-2,2026-09-25T06:31:02Z
2024-10-04,manduriacu,670078161,high_res,3,204.843,s3://geoglows-v2-forecasts/2024100400.zarr,2fc12f8c28ac0058df7d7cb11d1c7845-2,2026-09-25T06:31:02Z
2024-10-04,manduriacu,670078161,high_res,4,195.478,s3://geoglows-v2-forecasts/2024100400.zarr,2fc12f8c28ac0058df7d7cb11d1c7845-2,2026-09-25T06:31:02Z
2024-10-04,manduriacu,670078161,high_res,5,247.182,s3://geoglows-v2-forecasts/2024100400.zarr,2fc12f8c28ac0058df7d7cb11d1c7845-2,2026-09-25T06:31:02Z
2024-10-04,manduriacu,670078161,high_res,6,369.13,s3://geoglows-v2-forecasts/2024100400.zarr,2fc12f8c28ac0058df7d7cb11d1c7845-2,2026-09-25T06:31:02Z
2024-10-04,manduriacu,670078161,high_res,7,478.735,s3://geoglows-v2-forecasts/2024100400.zarr,2fc12f8c28ac0058df7d7cb11d1c7845-2,2026-09-25T06:31:02Z
2024-10-04,manduriacu,670078161,high_res,8,504.442,s3://geoglows-v2-forecasts/2024100400.zarr,2fc12f8c28ac0058df7d7cb11d1c7845-2,2026-09-25T06:31:02Z
2024-10-04,manduriacu,670078161,high_res,9,535.157,s3://geoglows-v2-forecasts/2024100400.zarr,2fc12f8c28ac0058df7d7cb11d1c7845-2,2026-09-25T06:31:02Z
2024-10-04,minas_san_francisco,670027091,high_res,1,45.883,s3://geoglows-v2-forecasts/2024100400.zarr,2fc12f8c28ac0058df7d7cb11d1c7845-2,2026-09-25T06:31:02Z
2024-10-04,minas_san_francisco,670027091,high_res,10,81.012,s3://geoglows-v2-forecasts/2024100400.zarr,2fc12f8c28ac0058df7d7cb11d1c7845-2,2026-09-25T06:31:02Z
2024-10-04,minas_san_francisco,670027091,high_res,2,33.507,s3://geoglows-v2-forecasts/2024100400.zarr,2fc12f8c28ac0058df7d7cb11d1c7845-2,2026-09-25T06:31:02Z
2024-10-04,minas_san_francisco,670027091,high_res,3,33.734,s3://geoglows-v2-forecasts/2024100400.zarr,2fc12f8c28ac0058df7d7cb11d1c7845-2,2026-09-25T06:31:02Z
2024-10-04,minas_san_francisco,670027091,high_res,4,30.22,s3://geoglows-v2-forecasts/2024100400.zarr,2fc12f8c28ac0058df7d7cb11d1c7845-2,2026-09-25T06:31:02Z
2024-10-04,minas_san_francisco,670027091,high_res,5,34.443,s3://geoglows-v2-forecasts/2024100400.zarr,2fc12f8c28ac0058df7d7cb11d1c7845-2,2026-09-25T06:31:02Z
2024-10-04,minas_san_francisco,670027091,high_res,6,37.754,s3://geoglows-v2-forecasts/2024100400.zarr,2fc12f8c28ac0058df7d7cb11d1c7845-2,2026-09-25T06:31:02Z
2024-10-04,minas_san_francisco,670027091,high_res,7,49.865,s3://geoglows-v2-forecasts/2024100400.zarr,2fc12f8c28ac0058df7d7cb11d1c7845-2,2026-09-25T06:31:02Z
2024-10-04,minas_san_francisco,670027091,high_res,8,72.05,s3://geoglows-v2-forecasts/2024100400.zarr,2fc12f8c28ac0058df7d7cb11d1c7845-2,2026-09-25T06:31:02Z
2024-10-04,minas_san_francisco,670027091,high_res,9,84.581,s3://geoglows-v2-forecasts/2024100400.zarr,2fc12f8c28ac0058df7d7cb11d1c7845-2,2026-09-25T06:31:02Z
2024-10-05,agoyan,621014469,high_res,1,94.219,s3://geoglows-v2-forecasts/2024100500.zarr,719fc8ed90878f949fbabf14af1c8864-2,2026-09-25T06:31:02Z
2024-10-05,agoyan,621014469,high_res,10,104.227,s3://geoglows-v2-forecasts/2024100500.zarr,719fc8ed90878f949fbabf14af1c8864-2,2026-09-25T06:31:02Z
2024-10-05,agoyan,621014469,high_res,2,79.768,s3://geoglows-v2-forecasts/2024100500.zarr,719fc8ed90878f949fbabf14af1c8864-2,2026-09-25T06:31:02Z
2024-10-05,agoyan,621014469,high_res,3,76.515,s3://geoglows-v2-forecasts/2024100500.zarr,719fc8ed90878f949fbabf14af1c8864-2,2026-09-25T06:31:02Z
2024-10-05,agoyan,621014469,high_res,4,77.669,s3://geoglows-v2-forecasts/2024100500.zarr,719fc8ed90878f949fbabf14af1c8864-2,2026-09-25T06:31:02Z
2024-10-05,agoyan,621014469,high_res,5,86.389,s3://geoglows-v2-forecasts/2024100500.zarr,719fc8ed90878f949fbabf14af1c8864-2,2026-09-25T06:31:02Z
2024-10-05,agoyan,621014469,high_res,6,89.916,s3://geoglows-v2-forecasts/2024100500.zarr,719fc8ed90878f949fbabf14af1c8864-2,2026-09-25T06:31:02Z
2024-10-05,agoyan,621014469,high_res,7,96.066,s3://geoglows-v2-forecasts/2024100500.zarr,719fc8ed90878f949fbabf14af1c8864-2,2026-09-25T06:31:02Z
2024-10-05,agoyan,621014469,high_res,8,103.312,s3://geoglows-v2-forecasts/2024100500.zarr,719fc8ed90878f949fbabf14af1c8864-2,2026-09-25T06:31:02Z
2024-10-05,agoyan,621014469,high_res,9,106.466,s3://geoglows-v2-forecasts/2024100500.zarr,719fc8ed90878f949fbabf14af1c8864-2,2026-09-25T06:31:02Z
2024-10-05,manduriacu,670078161,high_res,1,156.035,s3://geoglows-v2-forecasts/2024100500.zarr,719fc8ed90878f949fbabf14af1c8864-2,2026-09-25T06:31:02Z
2024-10-05,manduriacu,670078161,high_res,10,282.338,s3://geoglows-v2-forecasts/2024100500.zarr,719fc8ed90878f949fbabf14af1c8864-2,2026-09-25T06:31:02Z
2024-10-05,manduriacu,670078161,high_res,2,169.059,s3://geoglows-v2-forecasts/2024100500.zarr,719fc8ed90878f949fbabf14af1c8864-2,2026-09-25T06:31:02Z
2024-10-05,manduriacu,670078161,high_res,3,190.501,s3://geoglows-v2-forecasts/2024100500.zarr,719fc8ed90878f949fbabf14af1c8864-2,2026-09-25T06:31:02Z
2024-10-05,manduriacu,670078161,high_res,4,202.121,s3://geoglows-v2-forecasts/2024100500.zarr,719fc8ed90878f949fbabf14af1c8864-2,2026-09-25T06:31:02Z
2024-10-05,manduriacu,670078161,high_res,5,246.034,s3://geoglows-v2-forecasts/2024100500.zarr,719fc8ed90878f949fbabf14af1c8864-2,2026-09-25T06:31:02Z
2024-10-05,manduriacu,670078161,high_res,6,271.332,s3://geoglows-v2-forecasts/2024100500.zarr,719fc8ed90878f949fbabf14af1c8864-2,2026-09-25T06:31:02Z
2024-10-05,manduriacu,670078161,high_res,7,313.942,s3://geoglows-v2-forecasts/2024100500.zarr,719fc8ed90878f949fbabf14af1c8864-2,2026-09-25T06:31:02Z
2024-10-05,manduriacu,670078161,high_res,8,319.945,s3://geoglows-v2-forecasts/2024100500.zarr,719fc8ed90878f949fbabf14af1c8864-2,2026-09-25T06:31:02Z
2024-10-05,manduriacu,670078161,high_res,9,286.261,s3://geoglows-v2-forecasts/2024100500.zarr,719fc8ed90878f949fbabf14af1c8864-2,2026-09-25T06:31:02Z
2024-10-05,minas_san_francisco,670027091,high_res,1,31.539,s3://geoglows-v2-forecasts/2024100500.zarr,719fc8ed90878f949fbabf14af1c8864-2,2026-09-25T06:31:02Z
2024-10-05,minas_san_francisco,670027091,high_res,10,71.271,s3://geoglows-v2-forecasts/2024100500.zarr,719fc8ed90878f949fbabf14af1c8864-2,2026-09-25T06:31:02Z
2024-10-05,minas_san_francisco,670027091,high_res,2,22.138,s3://geoglows-v2-forecasts/2024100500.zarr,719fc8ed90878f949fbabf14af1c8864-2,2026-09-25T06:31:02Z
2024-10-05,minas_san_francisco,670027091,high_res,3,21.957,s3://geoglows-v2-forecasts/2024100500.zarr,719fc8ed90878f949fbabf14af1c8864-2,2026-09-25T06:31:02Z
2024-10-05,minas_san_francisco,670027091,high_res,4,18.923,s3://geoglows-v2-forecasts/2024100500.zarr,719fc8ed90878f949fbabf14af1c8864-2,2026-09-25T06:31:02Z
2024-10-05,minas_san_francisco,670027091,high_res,5,21.592,s3://geoglows-v2-forecasts/2024100500.zarr,719fc8ed90878f949fbabf14af1c8864-2,2026-09-25T06:31:02Z
2024-10-05,minas_san_francisco,670027091,high_res,6,33.375,s3://geoglows-v2-forecasts/2024100500.zarr,719fc8ed90878f949fbabf14af1c8864-2,2026-09-25T06:31:02Z
2024-10-05,minas_san_francisco,670027091,high_res,7,49.019,s3://geoglows-v2-forecasts/2024100500.zarr,719fc8ed90878f949fbabf14af1c8864-2,2026-09-25T06:31:02Z
2024-10-05,minas_san_francisco,670027091,high_res,8,53.364,s3://geoglows-v2-forecasts/2024100500.zarr,719fc8ed90878f949fbabf14af1c8864-2,2026-09-25T06:31:02Z
2024-10-05,minas_san_francisco,670027091,high_res,9,68.367,s3://geoglows-v2-forecasts/2024100500.zarr,719fc8ed90878f949fbabf14af1c8864-2,2026-09-25T06:31:02Z
2024-10-06,agoyan,621014469,high_res,1,81.027,s3://geoglows-v2-forecasts/2024100600.zarr,027e1f1fca53f71fe5936b787e0acf8a-2,2026-09-25T06:31:02Z
2024-10-06,agoyan,621014469,high_res,10,101.655,s3://geoglows-v2-forecasts/2024100600.zarr,027e1f1fca53f71fe5936b787e0acf8a-2,2026-09-25T06:31:02Z
2024-10-06,agoyan,621014469,high_res,2,76.345,s3://geoglows-v2-forecasts/2024100600.zarr,027e1f1fca53f71fe5936b787e0acf8a-2,2026-09-25T06:31:02Z
2024-10-06,agoyan,621014469,high_res,3,81.527,s3://geoglows-v2-forecasts/2024100600.zarr,027e1f1fca53f71fe5936b787e0acf8a-2,2026-09-25T06:31:02Z
2024-10-06,agoyan,621014469,high_res,4,85.208,s3://geoglows-v2-forecasts/2024100600.zarr,027e1f1fca53f71fe5936b787e0acf8a-2,2026-09-25T06:31:02Z
2024-10-06,agoyan,621014469,high_res,5,89.281,s3://geoglows-v2-forecasts/2024100600.zarr,027e1f1fca53f71fe5936b787e0acf8a-2,2026-09-25T06:31:02Z
2024-10-06,agoyan,621014469,high_res,6,99.77,s3://geoglows-v2-forecasts/2024100600.zarr,027e1f1fca53f71fe5936b787e0acf8a-2,2026-09-25T06:31:02Z
2024-10-06,agoyan,621014469,high_res,7,111.054,s3://geoglows-v2-forecasts/2024100600.zarr,027e1f1fca53f71fe5936b787e0acf8a-2,2026-09-25T06:31:02Z
2024-10-06,agoyan,621014469,high_res,8,112.423,s3://geoglows-v2-forecasts/2024100600.zarr,027e1f1fca53f71fe5936b787e0acf8a-2,2026-09-25T06:31:02Z
2024-10-06,agoyan,621014469,high_res,9,110.168,s3://geoglows-v2-forecasts/2024100600.zarr,027e1f1fca53f71fe5936b787e0acf8a-2,2026-09-25T06:31:02Z
2024-10-06,manduriacu,670078161,high_res,1,161.904,s3://geoglows-v2-forecasts/2024100600.zarr,027e1f1fca53f71fe5936b787e0acf8a-2,2026-09-25T06:31:02Z
2024-10-06,manduriacu,670078161,high_res,10,263.276,s3://geoglows-v2-forecasts/2024100600.zarr,027e1f1fca53f71fe5936b787e0acf8a-2,2026-09-25T06:31:02Z
2024-10-06,manduriacu,670078161,high_res,2,154.893,s3://geoglows-v2-forecasts/2024100600.zarr,027e1f1fca53f71fe5936b787e0acf8a-2,2026-09-25T06:31:02Z
2024-10-06,manduriacu,670078161,high_res,3,172.568,s3://geoglows-v2-forecasts/2024100600.zarr,027e1f1fca53f71fe5936b787e0acf8a-2,2026-09-25T06:31:02Z
2024-10-06,manduriacu,670078161,high_res,4,226.286,s3://geoglows-v2-forecasts/2024100600.zarr,027e1f1fca53f71fe5936b787e0acf8a-2,2026-09-25T06:31:02Z
2024-10-06,manduriacu,670078161,high_res,5,266.515,s3://geoglows-v2-forecasts/2024100600.zarr,027e1f1fca53f71fe5936b787e0acf8a-2,2026-09-25T06:31:02Z
2024-10-06,manduriacu,670078161,high_res,6,334.715,s3://geoglows-v2-forecasts/2024100600.zarr,027e1f1fca53f71fe5936b787e0acf8a-2,2026-09-25T06:31:02Z
2024-10-06,manduriacu,670078161,high_res,7,422.599,s3://geoglows-v2-forecasts/2024100600.zarr,027e1f1fca53f71fe5936b787e0acf8a-2,2026-09-25T06:31:02Z
2024-10-06,manduriacu,670078161,high_res,8,360.701,s3://geoglows-v2-forecasts/2024100600.zarr,027e1f1fca53f71fe5936b787e0acf8a-2,2026-09-25T06:31:02Z
2024-10-06,manduriacu,670078161,high_res,9,311.371,s3://geoglows-v2-forecasts/2024100600.zarr,027e1f1fca53f71fe5936b787e0acf8a-2,2026-09-25T06:31:02Z
2024-10-06,minas_san_francisco,670027091,high_res,1,21.932,s3://geoglows-v2-forecasts/2024100600.zarr,027e1f1fca53f71fe5936b787e0acf8a-2,2026-09-25T06:31:02Z
2024-10-06,minas_san_francisco,670027091,high_res,10,21.081,s3://geoglows-v2-forecasts/2024100600.zarr,027e1f1fca53f71fe5936b787e0acf8a-2,2026-09-25T06:31:02Z
2024-10-06,minas_san_francisco,670027091,high_res,2,18.28,s3://geoglows-v2-forecasts/2024100600.zarr,027e1f1fca53f71fe5936b787e0acf8a-2,2026-09-25T06:31:02Z
2024-10-06,minas_san_francisco,670027091,high_res,3,15.76,s3://geoglows-v2-forecasts/2024100600.zarr,027e1f1fca53f71fe5936b787e0acf8a-2,2026-09-25T06:31:02Z
2024-10-06,minas_san_francisco,670027091,high_res,4,18.66,s3://geoglows-v2-forecasts/2024100600.zarr,027e1f1fca53f71fe5936b787e0acf8a-2,2026-09-25T06:31:02Z
2024-10-06,minas_san_francisco,670027091,high_res,5,28.468,s3://geoglows-v2-forecasts/2024100600.zarr,027e1f1fca53f71fe5936b787e0acf8a-2,2026-09-25T06:31:02Z
2024-10-06,minas_san_francisco,670027091,high_res,6,44.389,s3://geoglows-v2-forecasts/2024100600.zarr,027e1f1fca53f71fe5936b787e0acf8a-2,2026-09-25T06:31:02Z
2024-10-06,minas_san_francisco,670027091,high_res,7,59.542,s3://geoglows-v2-forecasts/2024100600.zarr,027e1f1fca53f71fe5936b787e0acf8a-2,2026-09-25T06:31:02Z
2024-10-06,minas_san_francisco,670027091,high_res,8,69.79,s3://geoglows-v2-forecasts/2024100600.zarr,027e1f1fca53f71fe5936b787e0acf8a-2,2026-09-25T06:31:02Z
2024-10-06,minas_san_francisco,670027091,high_res,9,56.241,s3://geoglows-v2-forecasts/2024100600.zarr,027e1f1fca53f71fe5936b787e0acf8a-2,2026-09-25T06:31:02Z
2024-10-07,agoyan,621014469,high_res,1,74.52,s3://geoglows-v2-forecasts/2024100700.zarr,fa680efe5675bceb438652cb2b2a40ad-2,2026-09-25T06:31:03Z
2024-10-07,agoyan,621014469,high_res,10,70.738,s3://geoglows-v2-forecasts/2024100700.zarr,fa680efe5675bceb438652cb2b2a40ad-2,2026-09-25T06:31:03Z
2024-10-07,agoyan,621014469,high_res,2,73.9,s3://geoglows-v2-forecasts/2024100700.zarr,fa680efe5675bceb438652cb2b2a40ad-2,2026-09-25T06:31:03Z
2024-10-07,agoyan,621014469,high_res,3,81.452,s3://geoglows-v2-forecasts/2024100700.zarr,fa680efe5675bceb438652cb2b2a40ad-2,2026-09-25T06:31:03Z
2024-10-07,agoyan,621014469,high_res,4,95.411,s3://geoglows-v2-forecasts/2024100700.zarr,fa680efe5675bceb438652cb2b2a40ad-2,2026-09-25T06:31:03Z
2024-10-07,agoyan,621014469,high_res,5,107.468,s3://geoglows-v2-forecasts/2024100700.zarr,fa680efe5675bceb438652cb2b2a40ad-2,2026-09-25T06:31:03Z
2024-10-07,agoyan,621014469,high_res,6,112.844,s3://geoglows-v2-forecasts/2024100700.zarr,fa680efe5675bceb438652cb2b2a40ad-2,2026-09-25T06:31:03Z
2024-10-07,agoyan,621014469,high_res,7,112.77,s3://geoglows-v2-forecasts/2024100700.zarr,fa680efe5675bceb438652cb2b2a40ad-2,2026-09-25T06:31:03Z
2024-10-07,agoyan,621014469,high_res,8,103.478,s3://geoglows-v2-forecasts/2024100700.zarr,fa680efe5675bceb438652cb2b2a40ad-2,2026-09-25T06:31:03Z
2024-10-07,agoyan,621014469,high_res,9,94.734,s3://geoglows-v2-forecasts/2024100700.zarr,fa680efe5675bceb438652cb2b2a40ad-2,2026-09-25T06:31:03Z
2024-10-07,manduriacu,670078161,high_res,1,163.377,s3://geoglows-v2-forecasts/2024100700.zarr,fa680efe5675bceb438652cb2b2a40ad-2,2026-09-25T06:31:03Z
2024-10-07,manduriacu,670078161,high_res,10,210.056,s3://geoglows-v2-forecasts/2024100700.zarr,fa680efe5675bceb438652cb2b2a40ad-2,2026-09-25T06:31:03Z
2024-10-07,manduriacu,670078161,high_res,2,195.754,s3://geoglows-v2-forecasts/2024100700.zarr,fa680efe5675bceb438652cb2b2a40ad-2,2026-09-25T06:31:03Z
2024-10-07,manduriacu,670078161,high_res,3,290.997,s3://geoglows-v2-forecasts/2024100700.zarr,fa680efe5675bceb438652cb2b2a40ad-2,2026-09-25T06:31:03Z
2024-10-07,manduriacu,670078161,high_res,4,367.31,s3://geoglows-v2-forecasts/2024100700.zarr,fa680efe5675bceb438652cb2b2a40ad-2,2026-09-25T06:31:03Z
2024-10-07,manduriacu,670078161,high_res,5,409.356,s3://geoglows-v2-forecasts/2024100700.zarr,fa680efe5675bceb438652cb2b2a40ad-2,2026-09-25T06:31:03Z
2024-10-07,manduriacu,670078161,high_res,6,460.071,s3://geoglows-v2-forecasts/2024100700.zarr,fa680efe5675bceb438652cb2b2a40ad-2,2026-09-25T06:31:03Z
2024-10-07,manduriacu,670078161,high_res,7,406.457,s3://geoglows-v2-forecasts/2024100700.zarr,fa680efe5675bceb438652cb2b2a40ad-2,2026-09-25T06:31:03Z
2024-10-07,manduriacu,670078161,high_res,8,344.054,s3://geoglows-v2-forecasts/2024100700.zarr,fa680efe5675bceb438652cb2b2a40ad-2,2026-09-25T06:31:03Z
2024-10-07,manduriacu,670078161,high_res,9,269.889,s3://geoglows-v2-forecasts/2024100700.zarr,fa680efe5675bceb438652cb2b2a40ad-2,2026-09-25T06:31:03Z
2024-10-07,minas_san_francisco,670027091,high_res,1,17.696,s3://geoglows-v2-forecasts/2024100700.zarr,fa680efe5675bceb438652cb2b2a40ad-2,2026-09-25T06:31:03Z
2024-10-07,minas_san_francisco,670027091,high_res,10,12.544,s3://geoglows-v2-forecasts/2024100700.zarr,fa680efe5675bceb438652cb2b2a40ad-2,2026-09-25T06:31:03Z
2024-10-07,minas_san_francisco,670027091,high_res,2,19.539,s3://geoglows-v2-forecasts/2024100700.zarr,fa680efe5675bceb438652cb2b2a40ad-2,2026-09-25T06:31:03Z
2024-10-07,minas_san_francisco,670027091,high_res,3,36.171,s3://geoglows-v2-forecasts/2024100700.zarr,fa680efe5675bceb438652cb2b2a40ad-2,2026-09-25T06:31:03Z
2024-10-07,minas_san_francisco,670027091,high_res,4,48.433,s3://geoglows-v2-forecasts/2024100700.zarr,fa680efe5675bceb438652cb2b2a40ad-2,2026-09-25T06:31:03Z
2024-10-07,minas_san_francisco,670027091,high_res,5,44.081,s3://geoglows-v2-forecasts/2024100700.zarr,fa680efe5675bceb438652cb2b2a40ad-2,2026-09-25T06:31:03Z
2024-10-07,minas_san_francisco,670027091,high_res,6,36.251,s3://geoglows-v2-forecasts/2024100700.zarr,fa680efe5675bceb438652cb2b2a40ad-2,2026-09-25T06:31:03Z
2024-10-07,minas_san_francisco,670027091,high_res,7,51.164,s3://geoglows-v2-forecasts/2024100700.zarr,fa680efe5675bceb438652cb2b2a40ad-2,2026-09-25T06:31:03Z
2024-10-07,minas_san_francisco,670027091,high_res,8,66.789,s3://geoglows-v2-forecasts/2024100700.zarr,fa680efe5675bceb438652cb2b2a40ad-2,2026-09-25T06:31:03Z
2024-10-07,minas_san_francisco,670027091,high_res,9,32.439,s3://geoglows-v2-forecasts/2024100700.zarr,fa680efe5675bceb438652cb2b2a40ad-2,2026-09-25T06:31:03Z
2024-10-08,agoyan,621014469,high_res,1,70.811,s3://geoglows-v2-forecasts/2024100800.zarr,a48bab046ecbb3e7e0a460d8789b9ab1-2,2026-09-25T06:31:02Z
2024-10-08,agoyan,621014469,high_res,10,59.002,s3://geoglows-v2-forecasts/2024100800.zarr,a48bab046ecbb3e7e0a460d8789b9ab1-2,2026-09-25T06:31:02Z
2024-10-08,agoyan,621014469,high_res,2,70.123,s3://geoglows-v2-forecasts/2024100800.zarr,a48bab046ecbb3e7e0a460d8789b9ab1-2,2026-09-25T06:31:02Z
2024-10-08,agoyan,621014469,high_res,3,80.374,s3://geoglows-v2-forecasts/2024100800.zarr,a48bab046ecbb3e7e0a460d8789b9ab1-2,2026-09-25T06:31:02Z
2024-10-08,agoyan,621014469,high_res,4,102.941,s3://geoglows-v2-forecasts/2024100800.zarr,a48bab046ecbb3e7e0a460d8789b9ab1-2,2026-09-25T06:31:02Z
2024-10-08,agoyan,621014469,high_res,5,134.262,s3://geoglows-v2-forecasts/2024100800.zarr,a48bab046ecbb3e7e0a460d8789b9ab1-2,2026-09-25T06:31:02Z
2024-10-08,agoyan,621014469,high_res,6,132.837,s3://geoglows-v2-forecasts/2024100800.zarr,a48bab046ecbb3e7e0a460d8789b9ab1-2,2026-09-25T06:31:02Z
2024-10-08,agoyan,621014469,high_res,7,119.278,s3://geoglows-v2-forecasts/2024100800.zarr,a48bab046ecbb3e7e0a460d8789b9ab1-2,2026-09-25T06:31:02Z
2024-10-08,agoyan,621014469,high_res,8,104.677,s3://geoglows-v2-forecasts/2024100800.zarr,a48bab046ecbb3e7e0a460d8789b9ab1-2,2026-09-25T06:31:02Z
2024-10-08,agoyan,621014469,high_res,9,78.025,s3://geoglows-v2-forecasts/2024100800.zarr,a48bab046ecbb3e7e0a460d8789b9ab1-2,2026-09-25T06:31:02Z
2024-10-08,manduriacu,670078161,high_res,1,164.55,s3://geoglows-v2-forecasts/2024100800.zarr,a48bab046ecbb3e7e0a460d8789b9ab1-2,2026-09-25T06:31:02Z
2024-10-08,manduriacu,670078161,high_res,10,160.211,s3://geoglows-v2-forecasts/2024100800.zarr,a48bab046ecbb3e7e0a460d8789b9ab1-2,2026-09-25T06:31:02Z
2024-10-08,manduriacu,670078161,high_res,2,203.565,s3://geoglows-v2-forecasts/2024100800.zarr,a48bab046ecbb3e7e0a460d8789b9ab1-2,2026-09-25T06:31:02Z
2024-10-08,manduriacu,670078161,high_res,3,287.167,s3://geoglows-v2-forecasts/2024100800.zarr,a48bab046ecbb3e7e0a460d8789b9ab1-2,2026-09-25T06:31:02Z
2024-10-08,manduriacu,670078161,high_res,4,311.979,s3://geoglows-v2-forecasts/2024100800.zarr,a48bab046ecbb3e7e0a460d8789b9ab1-2,2026-09-25T06:31:02Z
2024-10-08,manduriacu,670078161,high_res,5,328.791,s3://geoglows-v2-forecasts/2024100800.zarr,a48bab046ecbb3e7e0a460d8789b9ab1-2,2026-09-25T06:31:02Z
2024-10-08,manduriacu,670078161,high_res,6,285.124,s3://geoglows-v2-forecasts/2024100800.zarr,a48bab046ecbb3e7e0a460d8789b9ab1-2,2026-09-25T06:31:02Z
2024-10-08,manduriacu,670078161,high_res,7,281.022,s3://geoglows-v2-forecasts/2024100800.zarr,a48bab046ecbb3e7e0a460d8789b9ab1-2,2026-09-25T06:31:02Z
2024-10-08,manduriacu,670078161,high_res,8,246.496,s3://geoglows-v2-forecasts/2024100800.zarr,a48bab046ecbb3e7e0a460d8789b9ab1-2,2026-09-25T06:31:02Z
2024-10-08,manduriacu,670078161,high_res,9,193.83,s3://geoglows-v2-forecasts/2024100800.zarr,a48bab046ecbb3e7e0a460d8789b9ab1-2,2026-09-25T06:31:02Z
2024-10-08,minas_san_francisco,670027091,high_res,1,16.247,s3://geoglows-v2-forecasts/2024100800.zarr,a48bab046ecbb3e7e0a460d8789b9ab1-2,2026-09-25T06:31:02Z
2024-10-08,minas_san_francisco,670027091,high_res,10,9.064,s3://geoglows-v2-forecasts/2024100800.zarr,a48bab046ecbb3e7e0a460d8789b9ab1-2,2026-09-25T06:31:02Z
2024-10-08,minas_san_francisco,670027091,high_res,2,27.38,s3://geoglows-v2-forecasts/2024100800.zarr,a48bab046ecbb3e7e0a460d8789b9ab1-2,2026-09-25T06:31:02Z
2024-10-08,minas_san_francisco,670027091,high_res,3,50.229,s3://geoglows-v2-forecasts/2024100800.zarr,a48bab046ecbb3e7e0a460d8789b9ab1-2,2026-09-25T06:31:02Z
2024-10-08,minas_san_francisco,670027091,high_res,4,55.971,s3://geoglows-v2-forecasts/2024100800.zarr,a48bab046ecbb3e7e0a460d8789b9ab1-2,2026-09-25T06:31:02Z
2024-10-08,minas_san_francisco,670027091,high_res,5,59.519,s3://geoglows-v2-forecasts/2024100800.zarr,a48bab046ecbb3e7e0a460d8789b9ab1-2,2026-09-25T06:31:02Z
2024-10-08,minas_san_francisco,670027091,high_res,6,70.027,s3://geoglows-v2-forecasts/2024100800.zarr,a48bab046ecbb3e7e0a460d8789b9ab1-2,2026-09-25T06:31:02Z
2024-10-08,minas_san_francisco,670027091,high_res,7,48.332,s3://geoglows-v2-forecasts/2024100800.zarr,a48bab046ecbb3e7e0a460d8789b9ab1-2,2026-09-25T06:31:02Z
2024-10-08,minas_san_francisco,670027091,high_res,8,21.095,s3://geoglows-v2-forecasts/2024100800.zarr,a48bab046ecbb3e7e0a460d8789b9ab1-2,2026-09-25T06:31:02Z
2024-10-08,minas_san_francisco,670027091,high_res,9,10.321,s3://geoglows-v2-forecasts/2024100800.zarr,a48bab046ecbb3e7e0a460d8789b9ab1-2,2026-09-25T06:31:02Z
2024-10-09,agoyan,621014469,high_res,1,68.627,s3://geoglows-v2-forecasts/2024100900.zarr,990d0c2c675c95e48e8d729e3993abb4-2,2026-09-25T06:31:03Z
2024-10-09,agoyan,621014469,high_res,10,49.014,s3://geoglows-v2-forecasts/2024100900.zarr,990d0c2c675c95e48e8d729e3993abb4-2,2026-09-25T06:31:03Z
2024-10-09,agoyan,621014469,high_res,2,72.486,s3://geoglows-v2-forecasts/2024100900.zarr,990d0c2c675c95e48e8d729e3993abb4-2,2026-09-25T06:31:03Z
2024-10-09,agoyan,621014469,high_res,3,89.748,s3://geoglows-v2-forecasts/2024100900.zarr,990d0c2c675c95e48e8d729e3993abb4-2,2026-09-25T06:31:03Z
2024-10-09,agoyan,621014469,high_res,4,107.473,s3://geoglows-v2-forecasts/2024100900.zarr,990d0c2c675c95e48e8d729e3993abb4-2,2026-09-25T06:31:03Z
2024-10-09,agoyan,621014469,high_res,5,119.431,s3://geoglows-v2-forecasts/2024100900.zarr,990d0c2c675c95e48e8d729e3993abb4-2,2026-09-25T06:31:03Z
2024-10-09,agoyan,621014469,high_res,6,116.587,s3://geoglows-v2-forecasts/2024100900.zarr,990d0c2c675c95e48e8d729e3993abb4-2,2026-09-25T06:31:03Z
2024-10-09,agoyan,621014469,high_res,7,104.016,s3://geoglows-v2-forecasts/2024100900.zarr,990d0c2c675c95e48e8d729e3993abb4-2,2026-09-25T06:31:03Z
2024-10-09,agoyan,621014469,high_res,8,74.536,s3://geoglows-v2-forecasts/2024100900.zarr,990d0c2c675c95e48e8d729e3993abb4-2,2026-09-25T06:31:03Z
2024-10-09,agoyan,621014469,high_res,9,56.472,s3://geoglows-v2-forecasts/2024100900.zarr,990d0c2c675c95e48e8d729e3993abb4-2,2026-09-25T06:31:03Z
2024-10-09,manduriacu,670078161,high_res,1,176.61,s3://geoglows-v2-forecasts/2024100900.zarr,990d0c2c675c95e48e8d729e3993abb4-2,2026-09-25T06:31:03Z
2024-10-09,manduriacu,670078161,high_res,10,160.054,s3://geoglows-v2-forecasts/2024100900.zarr,990d0c2c675c95e48e8d729e3993abb4-2,2026-09-25T06:31:03Z
2024-10-09,manduriacu,670078161,high_res,2,222.135,s3://geoglows-v2-forecasts/2024100900.zarr,990d0c2c675c95e48e8d729e3993abb4-2,2026-09-25T06:31:03Z
2024-10-09,manduriacu,670078161,high_res,3,332.955,s3://geoglows-v2-forecasts/2024100900.zarr,990d0c2c675c95e48e8d729e3993abb4-2,2026-09-25T06:31:03Z
2024-10-09,manduriacu,670078161,high_res,4,340.777,s3://geoglows-v2-forecasts/2024100900.zarr,990d0c2c675c95e48e8d729e3993abb4-2,2026-09-25T06:31:03Z
2024-10-09,manduriacu,670078161,high_res,5,323.073,s3://geoglows-v2-forecasts/2024100900.zarr,990d0c2c675c95e48e8d729e3993abb4-2,2026-09-25T06:31:03Z
2024-10-09,manduriacu,670078161,high_res,6,291.387,s3://geoglows-v2-forecasts/2024100900.zarr,990d0c2c675c95e48e8d729e3993abb4-2,2026-09-25T06:31:03Z
2024-10-09,manduriacu,670078161,high_res,7,231.281,s3://geoglows-v2-forecasts/2024100900.zarr,990d0c2c675c95e48e8d729e3993abb4-2,2026-09-25T06:31:03Z
2024-10-09,manduriacu,670078161,high_res,8,201.847,s3://geoglows-v2-forecasts/2024100900.zarr,990d0c2c675c95e48e8d729e3993abb4-2,2026-09-25T06:31:03Z
2024-10-09,manduriacu,670078161,high_res,9,166.667,s3://geoglows-v2-forecasts/2024100900.zarr,990d0c2c675c95e48e8d729e3993abb4-2,2026-09-25T06:31:03Z
2024-10-09,minas_san_francisco,670027091,high_res,1,20.392,s3://geoglows-v2-forecasts/2024100900.zarr,990d0c2c675c95e48e8d729e3993abb4-2,2026-09-25T06:31:03Z
2024-10-09,minas_san_francisco,670027091,high_res,10,10.901,s3://geoglows-v2-forecasts/2024100900.zarr,990d0c2c675c95e48e8d729e3993abb4-2,2026-09-25T06:31:03Z
2024-10-09,minas_san_francisco,670027091,high_res,2,33.915,s3://geoglows-v2-forecasts/2024100900.zarr,990d0c2c675c95e48e8d729e3993abb4-2,2026-09-25T06:31:03Z
2024-10-09,minas_san_francisco,670027091,high_res,3,47.06,s3://geoglows-v2-forecasts/2024100900.zarr,990d0c2c675c95e48e8d729e3993abb4-2,2026-09-25T06:31:03Z
2024-10-09,minas_san_francisco,670027091,high_res,4,59.183,s3://geoglows-v2-forecasts/2024100900.zarr,990d0c2c675c95e48e8d729e3993abb4-2,2026-09-25T06:31:03Z
2024-10-09,minas_san_francisco,670027091,high_res,5,65.52,s3://geoglows-v2-forecasts/2024100900.zarr,990d0c2c675c95e48e8d729e3993abb4-2,2026-09-25T06:31:03Z
2024-10-09,minas_san_francisco,670027091,high_res,6,35.894,s3://geoglows-v2-forecasts/2024100900.zarr,990d0c2c675c95e48e8d729e3993abb4-2,2026-09-25T06:31:03Z
2024-10-09,minas_san_francisco,670027091,high_res,7,16.003,s3://geoglows-v2-forecasts/2024100900.zarr,990d0c2c675c95e48e8d729e3993abb4-2,2026-09-25T06:31:03Z
2024-10-09,minas_san_francisco,670027091,high_res,8,12.394,s3://geoglows-v2-forecasts/2024100900.zarr,990d0c2c675c95e48e8d729e3993abb4-2,2026-09-25T06:31:03Z
2024-10-09,minas_san_francisco,670027091,high_res,9,13.695,s3://geoglows-v2-forecasts/2024100900.zarr,990d0c2c675c95e48e8d729e3993abb4-2,2026-09-25T06:31:03Z
2024-10-10,agoyan,621014469,high_res,1,74.894,s3://geoglows-v2-forecasts/2024101000.zarr,3bde37344c4814614a97784a3fae1390-2,2026-09-25T06:31:03Z
2024-10-10,agoyan,621014469,high_res,10,50.399,s3://geoglows-v2-forecasts/2024101000.zarr,3bde37344c4814614a97784a3fae1390-2,2026-09-25T06:31:03Z
2024-10-10,agoyan,621014469,high_res,2,89.301,s3://geoglows-v2-forecasts/2024101000.zarr,3bde37344c4814614a97784a3fae1390-2,2026-09-25T06:31:03Z
2024-10-10,agoyan,621014469,high_res,3,108.008,s3://geoglows-v2-forecasts/2024101000.zarr,3bde37344c4814614a97784a3fae1390-2,2026-09-25T06:31:03Z
2024-10-10,agoyan,621014469,high_res,4,117.562,s3://geoglows-v2-forecasts/2024101000.zarr,3bde37344c4814614a97784a3fae1390-2,2026-09-25T06:31:03Z
2024-10-10,agoyan,621014469,high_res,5,125.564,s3://geoglows-v2-forecasts/2024101000.zarr,3bde37344c4814614a97784a3fae1390-2,2026-09-25T06:31:03Z
2024-10-10,agoyan,621014469,high_res,6,108.359,s3://geoglows-v2-forecasts/2024101000.zarr,3bde37344c4814614a97784a3fae1390-2,2026-09-25T06:31:03Z
2024-10-10,agoyan,621014469,high_res,7,79.029,s3://geoglows-v2-forecasts/2024101000.zarr,3bde37344c4814614a97784a3fae1390-2,2026-09-25T06:31:03Z
2024-10-10,agoyan,621014469,high_res,8,59.929,s3://geoglows-v2-forecasts/2024101000.zarr,3bde37344c4814614a97784a3fae1390-2,2026-09-25T06:31:03Z
2024-10-10,agoyan,621014469,high_res,9,51.458,s3://geoglows-v2-forecasts/2024101000.zarr,3bde37344c4814614a97784a3fae1390-2,2026-09-25T06:31:03Z
2024-10-10,manduriacu,670078161,high_res,1,206.847,s3://geoglows-v2-forecasts/2024101000.zarr,3bde37344c4814614a97784a3fae1390-2,2026-09-25T06:31:03Z
2024-10-10,manduriacu,670078161,high_res,10,203.12,s3://geoglows-v2-forecasts/2024101000.zarr,3bde37344c4814614a97784a3fae1390-2,2026-09-25T06:31:03Z
2024-10-10,manduriacu,670078161,high_res,2,281.593,s3://geoglows-v2-forecasts/2024101000.zarr,3bde37344c4814614a97784a3fae1390-2,2026-09-25T06:31:03Z
2024-10-10,manduriacu,670078161,high_res,3,329.858,s3://geoglows-v2-forecasts/2024101000.zarr,3bde37344c4814614a97784a3fae1390-2,2026-09-25T06:31:03Z
2024-10-10,manduriacu,670078161,high_res,4,330.606,s3://geoglows-v2-forecasts/2024101000.zarr,3bde37344c4814614a97784a3fae1390-2,2026-09-25T06:31:03Z
2024-10-10,manduriacu,670078161,high_res,5,327.813,s3://geoglows-v2-forecasts/2024101000.zarr,3bde37344c4814614a97784a3fae1390-2,2026-09-25T06:31:03Z
2024-10-10,manduriacu,670078161,high_res,6,253.01,s3://geoglows-v2-forecasts/2024101000.zarr,3bde37344c4814614a97784a3fae1390-2,2026-09-25T06:31:03Z
2024-10-10,manduriacu,670078161,high_res,7,181.249,s3://geoglows-v2-forecasts/2024101000.zarr,3bde37344c4814614a97784a3fae1390-2,2026-09-25T06:31:03Z
2024-10-10,manduriacu,670078161,high_res,8,165.041,s3://geoglows-v2-forecasts/2024101000.zarr,3bde37344c4814614a97784a3fae1390-2,2026-09-25T06:31:03Z
2024-10-10,manduriacu,670078161,high_res,9,181.437,s3://geoglows-v2-forecasts/2024101000.zarr,3bde37344c4814614a97784a3fae1390-2,2026-09-25T06:31:03Z
2024-10-10,minas_san_francisco,670027091,high_res,1,29.664,s3://geoglows-v2-forecasts/2024101000.zarr,3bde37344c4814614a97784a3fae1390-2,2026-09-25T06:31:03Z
2024-10-10,minas_san_francisco,670027091,high_res,10,10.015,s3://geoglows-v2-forecasts/2024101000.zarr,3bde37344c4814614a97784a3fae1390-2,2026-09-25T06:31:03Z
2024-10-10,minas_san_francisco,670027091,high_res,2,38.733,s3://geoglows-v2-forecasts/2024101000.zarr,3bde37344c4814614a97784a3fae1390-2,2026-09-25T06:31:03Z
2024-10-10,minas_san_francisco,670027091,high_res,3,50.399,s3://geoglows-v2-forecasts/2024101000.zarr,3bde37344c4814614a97784a3fae1390-2,2026-09-25T06:31:03Z
2024-10-10,minas_san_francisco,670027091,high_res,4,68.185,s3://geoglows-v2-forecasts/2024101000.zarr,3bde37344c4814614a97784a3fae1390-2,2026-09-25T06:31:03Z
2024-10-10,minas_san_francisco,670027091,high_res,5,56.642,s3://geoglows-v2-forecasts/2024101000.zarr,3bde37344c4814614a97784a3fae1390-2,2026-09-25T06:31:03Z
2024-10-10,minas_san_francisco,670027091,high_res,6,26.765,s3://geoglows-v2-forecasts/2024101000.zarr,3bde37344c4814614a97784a3fae1390-2,2026-09-25T06:31:03Z
2024-10-10,minas_san_francisco,670027091,high_res,7,13.093,s3://geoglows-v2-forecasts/2024101000.zarr,3bde37344c4814614a97784a3fae1390-2,2026-09-25T06:31:03Z
2024-10-10,minas_san_francisco,670027091,high_res,8,10.575,s3://geoglows-v2-forecasts/2024101000.zarr,3bde37344c4814614a97784a3fae1390-2,2026-09-25T06:31:03Z
2024-10-10,minas_san_francisco,670027091,high_res,9,9.878,s3://geoglows-v2-forecasts/2024101000.zarr,3bde37344c4814614a97784a3fae1390-2,2026-09-25T06:31:03Z
2024-10-11,agoyan,621014469,high_res,1,84.515,s3://geoglows-v2-forecasts/2024101100.zarr,06126ea7470443a95980aba3fe9f8b95-2,2026-09-25T06:31:06Z
2024-10-11,agoyan,621014469,high_res,10,52.094,s3://geoglows-v2-forecasts/2024101100.zarr,06126ea7470443a95980aba3fe9f8b95-2,2026-09-25T06:31:06Z
2024-10-11,agoyan,621014469,high_res,2,94.03,s3://geoglows-v2-forecasts/2024101100.zarr,06126ea7470443a95980aba3fe9f8b95-2,2026-09-25T06:31:06Z
2024-10-11,agoyan,621014469,high_res,3,106.278,s3://geoglows-v2-forecasts/2024101100.zarr,06126ea7470443a95980aba3fe9f8b95-2,2026-09-25T06:31:06Z
2024-10-11,agoyan,621014469,high_res,4,103.569,s3://geoglows-v2-forecasts/2024101100.zarr,06126ea7470443a95980aba3fe9f8b95-2,2026-09-25T06:31:06Z
2024-10-11,agoyan,621014469,high_res,5,97.674,s3://geoglows-v2-forecasts/2024101100.zarr,06126ea7470443a95980aba3fe9f8b95-2,2026-09-25T06:31:06Z
2024-10-11,agoyan,621014469,high_res,6,79.51,s3://geoglows-v2-forecasts/2024101100.zarr,06126ea7470443a95980aba3fe9f8b95-2,2026-09-25T06:31:06Z
2024-10-11,agoyan,621014469,high_res,7,64.075,s3://geoglows-v2-forecasts/2024101100.zarr,06126ea7470443a95980aba3fe9f8b95-2,2026-09-25T06:31:06Z
2024-10-11,agoyan,621014469,high_res,8,54.391,s3://geoglows-v2-forecasts/2024101100.zarr,06126ea7470443a95980aba3fe9f8b95-2,2026-09-25T06:31:06Z
2024-10-11,agoyan,621014469,high_res,9,52.136,s3://geoglows-v2-forecasts/2024101100.zarr,06126ea7470443a95980aba3fe9f8b95-2,2026-09-25T06:31:06Z
2024-10-11,manduriacu,670078161,high_res,1,262.277,s3://geoglows-v2-forecasts/2024101100.zarr,06126ea7470443a95980aba3fe9f8b95-2,2026-09-25T06:31:06Z
2024-10-11,manduriacu,670078161,high_res,10,253.457,s3://geoglows-v2-forecasts/2024101100.zarr,06126ea7470443a95980aba3fe9f8b95-2,2026-09-25T06:31:06Z
2024-10-11,manduriacu,670078161,high_res,2,294.395,s3://geoglows-v2-forecasts/2024101100.zarr,06126ea7470443a95980aba3fe9f8b95-2,2026-09-25T06:31:06Z
2024-10-11,manduriacu,670078161,high_res,3,262.751,s3://geoglows-v2-forecasts/2024101100.zarr,06126ea7470443a95980aba3fe9f8b95-2,2026-09-25T06:31:06Z
2024-10-11,manduriacu,670078161,high_res,4,286.217,s3://geoglows-v2-forecasts/2024101100.zarr,06126ea7470443a95980aba3fe9f8b95-2,2026-09-25T06:31:06Z
2024-10-11,manduriacu,670078161,high_res,5,258.076,s3://geoglows-v2-forecasts/2024101100.zarr,06126ea7470443a95980aba3fe9f8b95-2,2026-09-25T06:31:06Z
2024-10-11,manduriacu,670078161,high_res,6,203.56,s3://geoglows-v2-forecasts/2024101100.zarr,06126ea7470443a95980aba3fe9f8b95-2,2026-09-25T06:31:06Z
2024-10-11,manduriacu,670078161,high_res,7,187.69,s3://geoglows-v2-forecasts/2024101100.zarr,06126ea7470443a95980aba3fe9f8b95-2,2026-09-25T06:31:06Z
2024-10-11,manduriacu,670078161,high_res,8,184.298,s3://geoglows-v2-forecasts/2024101100.zarr,06126ea7470443a95980aba3fe9f8b95-2,2026-09-25T06:31:06Z
2024-10-11,manduriacu,670078161,high_res,9,206.178,s3://geoglows-v2-forecasts/2024101100.zarr,06126ea7470443a95980aba3fe9f8b95-2,2026-09-25T06:31:06Z
2024-10-11,minas_san_francisco,670027091,high_res,1,35.211,s3://geoglows-v2-forecasts/2024101100.zarr,06126ea7470443a95980aba3fe9f8b95-2,2026-09-25T06:31:06Z
2024-10-11,minas_san_francisco,670027091,high_res,10,15.399,s3://geoglows-v2-forecasts/2024101100.zarr,06126ea7470443a95980aba3fe9f8b95-2,2026-09-25T06:31:06Z
2024-10-11,minas_san_francisco,670027091,high_res,2,47.099,s3://geoglows-v2-forecasts/2024101100.zarr,06126ea7470443a95980aba3fe9f8b95-2,2026-09-25T06:31:06Z
2024-10-11,minas_san_francisco,670027091,high_res,3,68.955,s3://geoglows-v2-forecasts/2024101100.zarr,06126ea7470443a95980aba3fe9f8b95-2,2026-09-25T06:31:06Z
2024-10-11,minas_san_francisco,670027091,high_res,4,42.675,s3://geoglows-v2-forecasts/2024101100.zarr,06126ea7470443a95980aba3fe9f8b95-2,2026-09-25T06:31:06Z
2024-10-11,minas_san_francisco,670027091,high_res,5,17.838,s3://geoglows-v2-forecasts/2024101100.zarr,06126ea7470443a95980aba3fe9f8b95-2,2026-09-25T06:31:06Z
2024-10-11,minas_san_francisco,670027091,high_res,6,10.732,s3://geoglows-v2-forecasts/2024101100.zarr,06126ea7470443a95980aba3fe9f8b95-2,2026-09-25T06:31:06Z
2024-10-11,minas_san_francisco,670027091,high_res,7,10.688,s3://geoglows-v2-forecasts/2024101100.zarr,06126ea7470443a95980aba3fe9f8b95-2,2026-09-25T06:31:06Z
2024-10-11,minas_san_francisco,670027091,high_res,8,12.171,s3://geoglows-v2-forecasts/2024101100.zarr,06126ea7470443a95980aba3fe9f8b95-2,2026-09-25T06:31:06Z
2024-10-11,minas_san_francisco,670027091,high_res,9,14.623,s3://geoglows-v2-forecasts/2024101100.zarr,06126ea7470443a95980aba3fe9f8b95-2,2026-09-25T06:31:06Z
2024-10-12,agoyan,621014469,high_res,1,92.195,s3://geoglows-v2-forecasts/2024101200.zarr,20ddfaa4a0f292186a490ead5c74f442-2,2026-09-25T06:31:07Z
2024-10-12,agoyan,621014469,high_res,10,52.027,s3://geoglows-v2-forecasts/2024101200.zarr,20ddfaa4a0f292186a490ead5c74f442-2,2026-09-25T06:31:07Z
2024-10-12,agoyan,621014469,high_res,2,96.627,s3://geoglows-v2-forecasts/2024101200.zarr,20ddfaa4a0f292186a490ead5c74f442-2,2026-09-25T06:31:07Z
2024-10-12,agoyan,621014469,high_res,3,94.635,s3://geoglows-v2-forecasts/2024101200.zarr,20ddfaa4a0f292186a490ead5c74f442-2,2026-09-25T06:31:07Z
2024-10-12,agoyan,621014469,high_res,4,85.234,s3://geoglows-v2-forecasts/2024101200.zarr,20ddfaa4a0f292186a490ead5c74f442-2,2026-09-25T06:31:07Z
2024-10-12,agoyan,621014469,high_res,5,69.565,s3://geoglows-v2-forecasts/2024101200.zarr,20ddfaa4a0f292186a490ead5c74f442-2,2026-09-25T06:31:07Z
2024-10-12,agoyan,621014469,high_res,6,63.05,s3://geoglows-v2-forecasts/2024101200.zarr,20ddfaa4a0f292186a490ead5c74f442-2,2026-09-25T06:31:07Z
2024-10-12,agoyan,621014469,high_res,7,54.559,s3://geoglows-v2-forecasts/2024101200.zarr,20ddfaa4a0f292186a490ead5c74f442-2,2026-09-25T06:31:07Z
2024-10-12,agoyan,621014469,high_res,8,50.329,s3://geoglows-v2-forecasts/2024101200.zarr,20ddfaa4a0f292186a490ead5c74f442-2,2026-09-25T06:31:07Z
2024-10-12,agoyan,621014469,high_res,9,48.423,s3://geoglows-v2-forecasts/2024101200.zarr,20ddfaa4a0f292186a490ead5c74f442-2,2026-09-25T06:31:07Z
2024-10-12,manduriacu,670078161,high_res,1,282.005,s3://geoglows-v2-forecasts/2024101200.zarr,20ddfaa4a0f292186a490ead5c74f442-2,2026-09-25T06:31:07Z
2024-10-12,manduriacu,670078161,high_res,10,268.234,s3://geoglows-v2-forecasts/2024101200.zarr,20ddfaa4a0f292186a490ead5c74f442-2,2026-09-25T06:31:07Z
2024-10-12,manduriacu,670078161,high_res,2,264.583,s3://geoglows-v2-forecasts/2024101200.zarr,20ddfaa4a0f292186a490ead5c74f442-2,2026-09-25T06:31:07Z
2024-10-12,manduriacu,670078161,high_res,3,255.358,s3://geoglows-v2-forecasts/2024101200.zarr,20ddfaa4a0f292186a490ead5c74f442-2,2026-09-25T06:31:07Z
2024-10-12,manduriacu,670078161,high_res,4,234.126,s3://geoglows-v2-forecasts/2024101200.zarr,20ddfaa4a0f292186a490ead5c74f442-2,2026-09-25T06:31:07Z
2024-10-12,manduriacu,670078161,high_res,5,193.588,s3://geoglows-v2-forecasts/2024101200.zarr,20ddfaa4a0f292186a490ead5c74f442-2,2026-09-25T06:31:07Z
2024-10-12,manduriacu,670078161,high_res,6,183.808,s3://geoglows-v2-forecasts/2024101200.zarr,20ddfaa4a0f292186a490ead5c74f442-2,2026-09-25T06:31:07Z
2024-10-12,manduriacu,670078161,high_res,7,194.19,s3://geoglows-v2-forecasts/2024101200.zarr,20ddfaa4a0f292186a490ead5c74f442-2,2026-09-25T06:31:07Z
2024-10-12,manduriacu,670078161,high_res,8,246.804,s3://geoglows-v2-forecasts/2024101200.zarr,20ddfaa4a0f292186a490ead5c74f442-2,2026-09-25T06:31:07Z
2024-10-12,manduriacu,670078161,high_res,9,214.313,s3://geoglows-v2-forecasts/2024101200.zarr,20ddfaa4a0f292186a490ead5c74f442-2,2026-09-25T06:31:07Z
2024-10-12,minas_san_francisco,670027091,high_res,1,40.543,s3://geoglows-v2-forecasts/2024101200.zarr,20ddfaa4a0f292186a490ead5c74f442-2,2026-09-25T06:31:07Z
2024-10-12,minas_san_francisco,670027091,high_res,10,24.688,s3://geoglows-v2-forecasts/2024101200.zarr,20ddfaa4a0f292186a490ead5c74f442-2,2026-09-25T06:31:07Z
2024-10-12,minas_san_francisco,670027091,high_res,2,49.666,s3://geoglows-v2-forecasts/2024101200.zarr,20ddfaa4a0f292186a490ead5c74f442-2,2026-09-25T06:31:07Z
2024-10-12,minas_san_francisco,670027091,high_res,3,28.944,s3://geoglows-v2-forecasts/2024101200.zarr,20ddfaa4a0f292186a490ead5c74f442-2,2026-09-25T06:31:07Z
2024-10-12,minas_san_francisco,670027091,high_res,4,15.963,s3://geoglows-v2-forecasts/2024101200.zarr,20ddfaa4a0f292186a490ead5c74f442-2,2026-09-25T06:31:07Z
2024-10-12,minas_san_francisco,670027091,high_res,5,11.872,s3://geoglows-v2-forecasts/2024101200.zarr,20ddfaa4a0f292186a490ead5c74f442-2,2026-09-25T06:31:07Z
2024-10-12,minas_san_francisco,670027091,high_res,6,11.128,s3://geoglows-v2-forecasts/2024101200.zarr,20ddfaa4a0f292186a490ead5c74f442-2,2026-09-25T06:31:07Z
2024-10-12,minas_san_francisco,670027091,high_res,7,9.56,s3://geoglows-v2-forecasts/2024101200.zarr,20ddfaa4a0f292186a490ead5c74f442-2,2026-09-25T06:31:07Z
2024-10-12,minas_san_francisco,670027091,high_res,8,10.338,s3://geoglows-v2-forecasts/2024101200.zarr,20ddfaa4a0f292186a490ead5c74f442-2,2026-09-25T06:31:07Z
2024-10-12,minas_san_francisco,670027091,high_res,9,15.468,s3://geoglows-v2-forecasts/2024101200.zarr,20ddfaa4a0f292186a490ead5c74f442-2,2026-09-25T06:31:07Z
2024-10-13,agoyan,621014469,high_res,1,97.535,s3://geoglows-v2-forecasts/2024101300.zarr,f2437a995aed5619094a92fa1fc80e83-2,2026-09-25T06:31:07Z
2024-10-13,agoyan,621014469,high_res,10,55.675,s3://geoglows-v2-forecasts/2024101300.zarr,f2437a995aed5619094a92fa1fc80e83-2,2026-09-25T06:31:07Z
2024-10-13,agoyan,621014469,high_res,2,98.552,s3://geoglows-v2-forecasts/2024101300.zarr,f2437a995aed5619094a92fa1fc80e83-2,2026-09-25T06:31:07Z
2024-10-13,agoyan,621014469,high_res,3,93.994,s3://geoglows-v2-forecasts/2024101300.zarr,f2437a995aed5619094a92fa1fc80e83-2,2026-09-25T06:31:07Z
2024-10-13,agoyan,621014469,high_res,4,74.569,s3://geoglows-v2-forecasts/2024101300.zarr,f2437a995aed5619094a92fa1fc80e83-2,2026-09-25T06:31:07Z
2024-10-13,agoyan,621014469,high_res,5,63.913,s3://geoglows-v2-forecasts/2024101300.zarr,f2437a995aed5619094a92fa1fc80e83-2,2026-09-25T06:31:07Z
2024-10-13,agoyan,621014469,high_res,6,55.586,s3://geoglows-v2-forecasts/2024101300.zarr,f2437a995aed5619094a92fa1fc80e83-2,2026-09-25T06:31:07Z
2024-10-13,agoyan,621014469,high_res,7,50.89,s3://geoglows-v2-forecasts/2024101300.zarr,f2437a995aed5619094a92fa1fc80e83-2,2026-09-25T06:31:07Z
2024-10-13,agoyan,621014469,high_res,8,49.471,s3://geoglows-v2-forecasts/2024101300.zarr,f2437a995aed5619094a92fa1fc80e83-2,2026-09-25T06:31:07Z
2024-10-13,agoyan,621014469,high_res,9,50.274,s3://geoglows-v2-forecasts/2024101300.zarr,f2437a995aed5619094a92fa1fc80e83-2,2026-09-25T06:31:07Z
2024-10-13,manduriacu,670078161,high_res,1,266.324,s3://geoglows-v2-forecasts/2024101300.zarr,f2437a995aed5619094a92fa1fc80e83-2,2026-09-25T06:31:07Z
2024-10-13,manduriacu,670078161,high_res,10,318.386,s3://geoglows-v2-forecasts/2024101300.zarr,f2437a995aed5619094a92fa1fc80e83-2,2026-09-25T06:31:07Z
2024-10-13,manduriacu,670078161,high_res,2,249.994,s3://geoglows-v2-forecasts/2024101300.zarr,f2437a995aed5619094a92fa1fc80e83-2,2026-09-25T06:31:07Z
2024-10-13,manduriacu,670078161,high_res,3,215.874,s3://geoglows-v2-forecasts/2024101300.zarr,f2437a995aed5619094a92fa1fc80e83-2,2026-09-25T06:31:07Z
2024-10-13,manduriacu,670078161,high_res,4,182.851,s3://geoglows-v2-forecasts/2024101300.zarr,f2437a995aed5619094a92fa1fc80e83-2,2026-09-25T06:31:07Z
2024-10-13,manduriacu,670078161,high_res,5,166.49,s3://geoglows-v2-forecasts/2024101300.zarr,f2437a995aed5619094a92fa1fc80e83-2,2026-09-25T06:31:07Z
2024-10-13,manduriacu,670078161,high_res,6,176.638,s3://geoglows-v2-forecasts/2024101300.zarr,f2437a995aed5619094a92fa1fc80e83-2,2026-09-25T06:31:07Z
2024-10-13,manduriacu,670078161,high_res,7,247.6,s3://geoglows-v2-forecasts/2024101300.zarr,f2437a995aed5619094a92fa1fc80e83-2,2026-09-25T06:31:07Z
2024-10-13,manduriacu,670078161,high_res,8,186.792,s3://geoglows-v2-forecasts/2024101300.zarr,f2437a995aed5619094a92fa1fc80e83-2,2026-09-25T06:31:07Z
2024-10-13,manduriacu,670078161,high_res,9,249.089,s3://geoglows-v2-forecasts/2024101300.zarr,f2437a995aed5619094a92fa1fc80e83-2,2026-09-25T06:31:07Z
2024-10-13,minas_san_francisco,670027091,high_res,1,48.095,s3://geoglows-v2-forecasts/2024101300.zarr,f2437a995aed5619094a92fa1fc80e83-2,2026-09-25T06:31:07Z
2024-10-13,minas_san_francisco,670027091,high_res,10,21.045,s3://geoglows-v2-forecasts/2024101300.zarr,f2437a995aed5619094a92fa1fc80e83-2,2026-09-25T06:31:07Z
2024-10-13,minas_san_francisco,670027091,high_res,2,30.415,s3://geoglows-v2-forecasts/2024101300.zarr,f2437a995aed5619094a92fa1fc80e83-2,2026-09-25T06:31:07Z
2024-10-13,minas_san_francisco,670027091,high_res,3,24.262,s3://geoglows-v2-forecasts/2024101300.zarr,f2437a995aed5619094a92fa1fc80e83-2,2026-09-25T06:31:07Z
2024-10-13,minas_san_francisco,670027091,high_res,4,19.075,s3://geoglows-v2-forecasts/2024101300.zarr,f2437a995aed5619094a92fa1fc80e83-2,2026-09-25T06:31:07Z
2024-10-13,minas_san_francisco,670027091,high_res,5,15.316,s3://geoglows-v2-forecasts/2024101300.zarr,f2437a995aed5619094a92fa1fc80e83-2,2026-09-25T06:31:07Z
2024-10-13,minas_san_francisco,670027091,high_res,6,13.44,s3://geoglows-v2-forecasts/2024101300.zarr,f2437a995aed5619094a92fa1fc80e83-2,2026-09-25T06:31:07Z
2024-10-13,minas_san_francisco,670027091,high_res,7,10.582,s3://geoglows-v2-forecasts/2024101300.zarr,f2437a995aed5619094a92fa1fc80e83-2,2026-09-25T06:31:07Z
2024-10-13,minas_san_francisco,670027091,high_res,8,11.45,s3://geoglows-v2-forecasts/2024101300.zarr,f2437a995aed5619094a92fa1fc80e83-2,2026-09-25T06:31:07Z
2024-10-13,minas_san_francisco,670027091,high_res,9,17.043,s3://geoglows-v2-forecasts/2024101300.zarr,f2437a995aed5619094a92fa1fc80e83-2,2026-09-25T06:31:07Z
2024-10-14,agoyan,621014469,high_res,1,98.662,s3://geoglows-v2-forecasts/2024101400.zarr,3ea498b868f8d3ba97f0e9c17b093831-2,2026-09-25T06:31:06Z
2024-10-14,agoyan,621014469,high_res,10,82.465,s3://geoglows-v2-forecasts/2024101400.zarr,3ea498b868f8d3ba97f0e9c17b093831-2,2026-09-25T06:31:06Z
2024-10-14,agoyan,621014469,high_res,2,93.111,s3://geoglows-v2-forecasts/2024101400.zarr,3ea498b868f8d3ba97f0e9c17b093831-2,2026-09-25T06:31:06Z
2024-10-14,agoyan,621014469,high_res,3,74.428,s3://geoglows-v2-forecasts/2024101400.zarr,3ea498b868f8d3ba97f0e9c17b093831-2,2026-09-25T06:31:06Z
2024-10-14,agoyan,621014469,high_res,4,62.748,s3://geoglows-v2-forecasts/2024101400.zarr,3ea498b868f8d3ba97f0e9c17b093831-2,2026-09-25T06:31:06Z
2024-10-14,agoyan,621014469,high_res,5,54.34,s3://geoglows-v2-forecasts/2024101400.zarr,3ea498b868f8d3ba97f0e9c17b093831-2,2026-09-25T06:31:06Z
2024-10-14,agoyan,621014469,high_res,6,49.689,s3://geoglows-v2-forecasts/2024101400.zarr,3ea498b868f8d3ba97f0e9c17b093831-2,2026-09-25T06:31:06Z
2024-10-14,agoyan,621014469,high_res,7,46.619,s3://geoglows-v2-forecasts/2024101400.zarr,3ea498b868f8d3ba97f0e9c17b093831-2,2026-09-25T06:31:06Z
2024-10-14,agoyan,621014469,high_res,8,46.582,s3://geoglows-v2-forecasts/2024101400.zarr,3ea498b868f8d3ba97f0e9c17b093831-2,2026-09-25T06:31:06Z
2024-10-14,agoyan,621014469,high_res,9,56.634,s3://geoglows-v2-forecasts/2024101400.zarr,3ea498b868f8d3ba97f0e9c17b093831-2,2026-09-25T06:31:06Z
2024-10-14,manduriacu,670078161,high_res,1,245.782,s3://geoglows-v2-forecasts/2024101400.zarr,3ea498b868f8d3ba97f0e9c17b093831-2,2026-09-25T06:31:06Z
2024-10-14,manduriacu,670078161,high_res,10,176.221,s3://geoglows-v2-forecasts/2024101400.zarr,3ea498b868f8d3ba97f0e9c17b093831-2,2026-09-25T06:31:06Z
2024-10-14,manduriacu,670078161,high_res,2,215.586,s3://geoglows-v2-forecasts/2024101400.zarr,3ea498b868f8d3ba97f0e9c17b093831-2,2026-09-25T06:31:06Z
2024-10-14,manduriacu,670078161,high_res,3,180.834,s3://geoglows-v2-forecasts/2024101400.zarr,3ea498b868f8d3ba97f0e9c17b093831-2,2026-09-25T06:31:06Z
2024-10-14,manduriacu,670078161,high_res,4,161.022,s3://geoglows-v2-forecasts/2024101400.zarr,3ea498b868f8d3ba97f0e9c17b093831-2,2026-09-25T06:31:06Z
2024-10-14,manduriacu,670078161,high_res,5,164.773,s3://geoglows-v2-forecasts/2024101400.zarr,3ea498b868f8d3ba97f0e9c17b093831-2,2026-09-25T06:31:06Z
2024-10-14,manduriacu,670078161,high_res,6,174.578,s3://geoglows-v2-forecasts/2024101400.zarr,3ea498b868f8d3ba97f0e9c17b093831-2,2026-09-25T06:31:06Z
2024-10-14,manduriacu,670078161,high_res,7,176.584,s3://geoglows-v2-forecasts/2024101400.zarr,3ea498b868f8d3ba97f0e9c17b093831-2,2026-09-25T06:31:06Z
2024-10-14,manduriacu,670078161,high_res,8,169.892,s3://geoglows-v2-forecasts/2024101400.zarr,3ea498b868f8d3ba97f0e9c17b093831-2,2026-09-25T06:31:06Z
2024-10-14,manduriacu,670078161,high_res,9,160.31,s3://geoglows-v2-forecasts/2024101400.zarr,3ea498b868f8d3ba97f0e9c17b093831-2,2026-09-25T06:31:06Z
2024-10-14,minas_san_francisco,670027091,high_res,1,31.51,s3://geoglows-v2-forecasts/2024101400.zarr,3ea498b868f8d3ba97f0e9c17b093831-2,2026-09-25T06:31:06Z
2024-10-14,minas_san_francisco,670027091,high_res,10,25.772,s3://geoglows-v2-forecasts/2024101400.zarr,3ea498b868f8d3ba97f0e9c17b093831-2,2026-09-25T06:31:06Z
2024-10-14,minas_san_francisco,670027091,high_res,2,16.992,s3://geoglows-v2-forecasts/2024101400.zarr,3ea498b868f8d3ba97f0e9c17b093831-2,2026-09-25T06:31:06Z
2024-10-14,minas_san_francisco,670027091,high_res,3,11.993,s3://geoglows-v2-forecasts/2024101400.zarr,3ea498b868f8d3ba97f0e9c17b093831-2,2026-09-25T06:31:06Z
2024-10-14,minas_san_francisco,670027091,high_res,4,10.206,s3://geoglows-v2-forecasts/2024101400.zarr,3ea498b868f8d3ba97f0e9c17b093831-2,2026-09-25T06:31:06Z
2024-10-14,minas_san_francisco,670027091,high_res,5,9.437,s3://geoglows-v2-forecasts/2024101400.zarr,3ea498b868f8d3ba97f0e9c17b093831-2,2026-09-25T06:31:06Z
2024-10-14,minas_san_francisco,670027091,high_res,6,8.506,s3://geoglows-v2-forecasts/2024101400.zarr,3ea498b868f8d3ba97f0e9c17b093831-2,2026-09-25T06:31:06Z
2024-10-14,minas_san_francisco,670027091,high_res,7,10.825,s3://geoglows-v2-forecasts/2024101400.zarr,3ea498b868f8d3ba97f0e9c17b093831-2,2026-09-25T06:31:06Z
2024-10-14,minas_san_francisco,670027091,high_res,8,16.709,s3://geoglows-v2-forecasts/2024101400.zarr,3ea498b868f8d3ba97f0e9c17b093831-2,2026-09-25T06:31:06Z
2024-10-14,minas_san_francisco,670027091,high_res,9,22.583,s3://geoglows-v2-forecasts/2024101400.zarr,3ea498b868f8d3ba97f0e9c17b093831-2,2026-09-25T06:31:06Z
2024-10-15,agoyan,621014469,high_res,1,95.2,s3://geoglows-v2-forecasts/2024101500.zarr,b3bddb12e74ef2aac199a9d18d71722a-2,2026-09-25T06:31:06Z
2024-10-15,agoyan,621014469,high_res,10,53.633,s3://geoglows-v2-forecasts/2024101500.zarr,b3bddb12e74ef2aac199a9d18d71722a-2,2026-09-25T06:31:06Z
2024-10-15,agoyan,621014469,high_res,2,78.267,s3://geoglows-v2-forecasts/2024101500.zarr,b3bddb12e74ef2aac199a9d18d71722a-2,2026-09-25T06:31:06Z
2024-10-15,agoyan,621014469,high_res,3,66.69,s3://geoglows-v2-forecasts/2024101500.zarr,b3bddb12e74ef2aac199a9d18d71722a-2,2026-09-25T06:31:06Z
2024-10-15,agoyan,621014469,high_res,4,55.194,s3://geoglows-v2-forecasts/2024101500.zarr,b3bddb12e74ef2aac199a9d18d71722a-2,2026-09-25T06:31:06Z
2024-10-15,agoyan,621014469,high_res,5,50.59,s3://geoglows-v2-forecasts/2024101500.zarr,b3bddb12e74ef2aac199a9d18d71722a-2,2026-09-25T06:31:06Z
2024-10-15,agoyan,621014469,high_res,6,49.55,s3://geoglows-v2-forecasts/2024101500.zarr,b3bddb12e74ef2aac199a9d18d71722a-2,2026-09-25T06:31:06Z
2024-10-15,agoyan,621014469,high_res,7,49.434,s3://geoglows-v2-forecasts/2024101500.zarr,b3bddb12e74ef2aac199a9d18d71722a-2,2026-09-25T06:31:06Z
2024-10-15,agoyan,621014469,high_res,8,52.037,s3://geoglows-v2-forecasts/2024101500.zarr,b3bddb12e74ef2aac199a9d18d71722a-2,2026-09-25T06:31:06Z
2024-10-15,agoyan,621014469,high_res,9,56.286,s3://geoglows-v2-forecasts/2024101500.zarr,b3bddb12e74ef2aac199a9d18d71722a-2,2026-09-25T06:31:06Z
2024-10-15,manduriacu,670078161,high_res,1,214.161,s3://geoglows-v2-forecasts/2024101500.zarr,b3bddb12e74ef2aac199a9d18d71722a-2,2026-09-25T06:31:06Z
2024-10-15,manduriacu,670078161,high_res,10,177.196,s3://geoglows-v2-forecasts/2024101500.zarr,b3bddb12e74ef2aac199a9d18d71722a-2,2026-09-25T06:31:06Z
2024-10-15,manduriacu,670078161,high_res,2,170.785,s3://geoglows-v2-forecasts/2024101500.zarr,b3bddb12e74ef2aac199a9d18d71722a-2,2026-09-25T06:31:06Z
2024-10-15,manduriacu,670078161,high_res,3,147.946,s3://geoglows-v2-forecasts/2024101500.zarr,b3bddb12e74ef2aac199a9d18d71722a-2,2026-09-25T06:31:06Z
2024-10-15,manduriacu,670078161,high_res,4,135.972,s3://geoglows-v2-forecasts/2024101500.zarr,b3bddb12e74ef2aac199a9d18d71722a-2,2026-09-25T06:31:06Z
2024-10-15,manduriacu,670078161,high_res,5,166.802,s3://geoglows-v2-forecasts/2024101500.zarr,b3bddb12e74ef2aac199a9d18d71722a-2,2026-09-25T06:31:06Z
2024-10-15,manduriacu,670078161,high_res,6,178.018,s3://geoglows-v2-forecasts/2024101500.zarr,b3bddb12e74ef2aac199a9d18d71722a-2,2026-09-25T06:31:06Z
2024-10-15,manduriacu,670078161,high_res,7,168.172,s3://geoglows-v2-forecasts/2024101500.zarr,b3bddb12e74ef2aac199a9d18d71722a-2,2026-09-25T06:31:06Z
2024-10-15,manduriacu,670078161,high_res,8,157.881,s3://geoglows-v2-forecasts/2024101500.zarr,b3bddb12e74ef2aac199a9d18d71722a-2,2026-09-25T06:31:06Z
2024-10-15,manduriacu,670078161,high_res,9,175.978,s3://geoglows-v2-forecasts/2024101500.zarr,b3bddb12e74ef2aac199a9d18d71722a-2,2026-09-25T06:31:06Z
2024-10-15,minas_san_francisco,670027091,high_res,1,17.083,s3://geoglows-v2-forecasts/2024101500.zarr,b3bddb12e74ef2aac199a9d18d71722a-2,2026-09-25T06:31:06Z
2024-10-15,minas_san_francisco,670027091,high_res,10,8.287,s3://geoglows-v2-forecasts/2024101500.zarr,b3bddb12e74ef2aac199a9d18d71722a-2,2026-09-25T06:31:06Z
2024-10-15,minas_san_francisco,670027091,high_res,2,11.604,s3://geoglows-v2-forecasts/2024101500.zarr,b3bddb12e74ef2aac199a9d18d71722a-2,2026-09-25T06:31:06Z
2024-10-15,minas_san_francisco,670027091,high_res,3,10.188,s3://geoglows-v2-forecasts/2024101500.zarr,b3bddb12e74ef2aac199a9d18d71722a-2,2026-09-25T06:31:06Z
2024-10-15,minas_san_francisco,670027091,high_res,4,9.007,s3://geoglows-v2-forecasts/2024101500.zarr,b3bddb12e74ef2aac199a9d18d71722a-2,2026-09-25T06:31:06Z
2024-10-15,minas_san_francisco,670027091,high_res,5,8.442,s3://geoglows-v2-forecasts/2024101500.zarr,b3bddb12e74ef2aac199a9d18d71722a-2,2026-09-25T06:31:06Z
2024-10-15,minas_san_francisco,670027091,high_res,6,10.852,s3://geoglows-v2-forecasts/2024101500.zarr,b3bddb12e74ef2aac199a9d18d71722a-2,2026-09-25T06:31:06Z
2024-10-15,minas_san_francisco,670027091,high_res,7,16.932,s3://geoglows-v2-forecasts/2024101500.zarr,b3bddb12e74ef2aac199a9d18d71722a-2,2026-09-25T06:31:06Z
2024-10-15,minas_san_francisco,670027091,high_res,8,16.873,s3://geoglows-v2-forecasts/2024101500.zarr,b3bddb12e74ef2aac199a9d18d71722a-2,2026-09-25T06:31:06Z
2024-10-15,minas_san_francisco,670027091,high_res,9,11.955,s3://geoglows-v2-forecasts/2024101500.zarr,b3bddb12e74ef2aac199a9d18d71722a-2,2026-09-25T06:31:06Z
2024-10-16,agoyan,621014469,high_res,1,77.69,s3://geoglows-v2-forecasts/2024101600.zarr,71b6b6423b9a67a8c0d691770fd35027-2,2026-09-25T06:31:07Z
2024-10-16,agoyan,621014469,high_res,10,58.018,s3://geoglows-v2-forecasts/2024101600.zarr,71b6b6423b9a67a8c0d691770fd35027-2,2026-09-25T06:31:07Z
2024-10-16,agoyan,621014469,high_res,2,63.656,s3://geoglows-v2-forecasts/2024101600.zarr,71b6b6423b9a67a8c0d691770fd35027-2,2026-09-25T06:31:07Z
2024-10-16,agoyan,621014469,high_res,3,54.3,s3://geoglows-v2-forecasts/2024101600.zarr,71b6b6423b9a67a8c0d691770fd35027-2,2026-09-25T06:31:07Z
2024-10-16,agoyan,621014469,high_res,4,50.119,s3://geoglows-v2-forecasts/2024101600.zarr,71b6b6423b9a67a8c0d691770fd35027-2,2026-09-25T06:31:07Z
2024-10-16,agoyan,621014469,high_res,5,50.265,s3://geoglows-v2-forecasts/2024101600.zarr,71b6b6423b9a67a8c0d691770fd35027-2,2026-09-25T06:31:07Z
2024-10-16,agoyan,621014469,high_res,6,50.949,s3://geoglows-v2-forecasts/2024101600.zarr,71b6b6423b9a67a8c0d691770fd35027-2,2026-09-25T06:31:07Z
2024-10-16,agoyan,621014469,high_res,7,53.28,s3://geoglows-v2-forecasts/2024101600.zarr,71b6b6423b9a67a8c0d691770fd35027-2,2026-09-25T06:31:07Z
2024-10-16,agoyan,621014469,high_res,8,57.092,s3://geoglows-v2-forecasts/2024101600.zarr,71b6b6423b9a67a8c0d691770fd35027-2,2026-09-25T06:31:07Z
2024-10-16,agoyan,621014469,high_res,9,58.483,s3://geoglows-v2-forecasts/2024101600.zarr,71b6b6423b9a67a8c0d691770fd35027-2,2026-09-25T06:31:07Z
2024-10-16,manduriacu,670078161,high_res,1,178.245,s3://geoglows-v2-forecasts/2024101600.zarr,71b6b6423b9a67a8c0d691770fd35027-2,2026-09-25T06:31:07Z
2024-10-16,manduriacu,670078161,high_res,10,144.618,s3://geoglows-v2-forecasts/2024101600.zarr,71b6b6423b9a67a8c0d691770fd35027-2,2026-09-25T06:31:07Z
2024-10-16,manduriacu,670078161,high_res,2,145.353,s3://geoglows-v2-forecasts/2024101600.zarr,71b6b6423b9a67a8c0d691770fd35027-2,2026-09-25T06:31:07Z
2024-10-16,manduriacu,670078161,high_res,3,122.447,s3://geoglows-v2-forecasts/2024101600.zarr,71b6b6423b9a67a8c0d691770fd35027-2,2026-09-25T06:31:07Z
2024-10-16,manduriacu,670078161,high_res,4,118.977,s3://geoglows-v2-forecasts/2024101600.zarr,71b6b6423b9a67a8c0d691770fd35027-2,2026-09-25T06:31:07Z
2024-10-16,manduriacu,670078161,high_res,5,125.612,s3://geoglows-v2-forecasts/2024101600.zarr,71b6b6423b9a67a8c0d691770fd35027-2,2026-09-25T06:31:07Z
2024-10-16,manduriacu,670078161,high_res,6,122.956,s3://geoglows-v2-forecasts/2024101600.zarr,71b6b6423b9a67a8c0d691770fd35027-2,2026-09-25T06:31:07Z
2024-10-16,manduriacu,670078161,high_res,7,124.191,s3://geoglows-v2-forecasts/2024101600.zarr,71b6b6423b9a67a8c0d691770fd35027-2,2026-09-25T06:31:07Z
2024-10-16,manduriacu,670078161,high_res,8,145.865,s3://geoglows-v2-forecasts/2024101600.zarr,71b6b6423b9a67a8c0d691770fd35027-2,2026-09-25T06:31:07Z
2024-10-16,manduriacu,670078161,high_res,9,148.32,s3://geoglows-v2-forecasts/2024101600.zarr,71b6b6423b9a67a8c0d691770fd35027-2,2026-09-25T06:31:07Z
2024-10-16,minas_san_francisco,670027091,high_res,1,11.479,s3://geoglows-v2-forecasts/2024101600.zarr,71b6b6423b9a67a8c0d691770fd35027-2,2026-09-25T06:31:07Z
2024-10-16,minas_san_francisco,670027091,high_res,10,7.242,s3://geoglows-v2-forecasts/2024101600.zarr,71b6b6423b9a67a8c0d691770fd35027-2,2026-09-25T06:31:07Z
2024-10-16,minas_san_francisco,670027091,high_res,2,10.124,s3://geoglows-v2-forecasts/2024101600.zarr,71b6b6423b9a67a8c0d691770fd35027-2,2026-09-25T06:31:07Z
2024-10-16,minas_san_francisco,670027091,high_res,3,8.9,s3://geoglows-v2-forecasts/2024101600.zarr,71b6b6423b9a67a8c0d691770fd35027-2,2026-09-25T06:31:07Z
2024-10-16,minas_san_francisco,670027091,high_res,4,8.395,s3://geoglows-v2-forecasts/2024101600.zarr,71b6b6423b9a67a8c0d691770fd35027-2,2026-09-25T06:31:07Z
2024-10-16,minas_san_francisco,670027091,high_res,5,10.781,s3://geoglows-v2-forecasts/2024101600.zarr,71b6b6423b9a67a8c0d691770fd35027-2,2026-09-25T06:31:07Z
2024-10-16,minas_san_francisco,670027091,high_res,6,17.866,s3://geoglows-v2-forecasts/2024101600.zarr,71b6b6423b9a67a8c0d691770fd35027-2,2026-09-25T06:31:07Z
2024-10-16,minas_san_francisco,670027091,high_res,7,18.593,s3://geoglows-v2-forecasts/2024101600.zarr,71b6b6423b9a67a8c0d691770fd35027-2,2026-09-25T06:31:07Z
2024-10-16,minas_san_francisco,670027091,high_res,8,13.106,s3://geoglows-v2-forecasts/2024101600.zarr,71b6b6423b9a67a8c0d691770fd35027-2,2026-09-25T06:31:07Z
2024-10-16,minas_san_francisco,670027091,high_res,9,8.557,s3://geoglows-v2-forecasts/2024101600.zarr,71b6b6423b9a67a8c0d691770fd35027-2,2026-09-25T06:31:07Z
2024-10-17,agoyan,621014469,high_res,1,63.78,s3://geoglows-v2-forecasts/2024101700.zarr,21b40e9b156565f5d175e54120e6ccdc-2,2026-09-25T06:31:06Z
2024-10-17,agoyan,621014469,high_res,10,50.18,s3://geoglows-v2-forecasts/2024101700.zarr,21b40e9b156565f5d175e54120e6ccdc-2,2026-09-25T06:31:06Z
2024-10-17,agoyan,621014469,high_res,2,53.386,s3://geoglows-v2-forecasts/2024101700.zarr,21b40e9b156565f5d175e54120e6ccdc-2,2026-09-25T06:31:06Z
2024-10-17,agoyan,621014469,high_res,3,48.53,s3://geoglows-v2-forecasts/2024101700.zarr,21b40e9b156565f5d175e54120e6ccdc-2,2026-09-25T06:31:06Z
2024-10-17,agoyan,621014469,high_res,4,46.58,s3://geoglows-v2-forecasts/2024101700.zarr,21b40e9b156565f5d175e54120e6ccdc-2,2026-09-25T06:31:06Z
2024-10-17,agoyan,621014469,high_res,5,46.955,s3://geoglows-v2-forecasts/2024101700.zarr,21b40e9b156565f5d175e54120e6ccdc-2,2026-09-25T06:31:06Z
2024-10-17,agoyan,621014469,high_res,6,50.682,s3://geoglows-v2-forecasts/2024101700.zarr,21b40e9b156565f5d175e54120e6ccdc-2,2026-09-25T06:31:06Z
2024-10-17,agoyan,621014469,high_res,7,52.417,s3://geoglows-v2-forecasts/2024101700.zarr,21b40e9b156565f5d175e54120e6ccdc-2,2026-09-25T06:31:06Z
2024-10-17,agoyan,621014469,high_res,8,54.96,s3://geoglows-v2-forecasts/2024101700.zarr,21b40e9b156565f5d175e54120e6ccdc-2,2026-09-25T06:31:06Z
2024-10-17,agoyan,621014469,high_res,9,52.974,s3://geoglows-v2-forecasts/2024101700.zarr,21b40e9b156565f5d175e54120e6ccdc-2,2026-09-25T06:31:06Z
2024-10-17,manduriacu,670078161,high_res,1,147.66,s3://geoglows-v2-forecasts/2024101700.zarr,21b40e9b156565f5d175e54120e6ccdc-2,2026-09-25T06:31:06Z
2024-10-17,manduriacu,670078161,high_res,10,119.964,s3://geoglows-v2-forecasts/2024101700.zarr,21b40e9b156565f5d175e54120e6ccdc-2,2026-09-25T06:31:06Z
2024-10-17,manduriacu,670078161,high_res,2,127.049,s3://geoglows-v2-forecasts/2024101700.zarr,21b40e9b156565f5d175e54120e6ccdc-2,2026-09-25T06:31:06Z
2024-10-17,manduriacu,670078161,high_res,3,126.582,s3://geoglows-v2-forecasts/2024101700.zarr,21b40e9b156565f5d175e54120e6ccdc-2,2026-09-25T06:31:06Z
2024-10-17,manduriacu,670078161,high_res,4,140.318,s3://geoglows-v2-forecasts/2024101700.zarr,21b40e9b156565f5d175e54120e6ccdc-2,2026-09-25T06:31:06Z
2024-10-17,manduriacu,670078161,high_res,5,129.967,s3://geoglows-v2-forecasts/2024101700.zarr,21b40e9b156565f5d175e54120e6ccdc-2,2026-09-25T06:31:06Z
2024-10-17,manduriacu,670078161,high_res,6,122.088,s3://geoglows-v2-forecasts/2024101700.zarr,21b40e9b156565f5d175e54120e6ccdc-2,2026-09-25T06:31:06Z
2024-10-17,manduriacu,670078161,high_res,7,141.404,s3://geoglows-v2-forecasts/2024101700.zarr,21b40e9b156565f5d175e54120e6ccdc-2,2026-09-25T06:31:06Z
2024-10-17,manduriacu,670078161,high_res,8,139.642,s3://geoglows-v2-forecasts/2024101700.zarr,21b40e9b156565f5d175e54120e6ccdc-2,2026-09-25T06:31:06Z
2024-10-17,manduriacu,670078161,high_res,9,119.298,s3://geoglows-v2-forecasts/2024101700.zarr,21b40e9b156565f5d175e54120e6ccdc-2,2026-09-25T06:31:06Z
2024-10-17,minas_san_francisco,670027091,high_res,1,9.937,s3://geoglows-v2-forecasts/2024101700.zarr,21b40e9b156565f5d175e54120e6ccdc-2,2026-09-25T06:31:06Z
2024-10-17,minas_san_francisco,670027091,high_res,10,6.541,s3://geoglows-v2-forecasts/2024101700.zarr,21b40e9b156565f5d175e54120e6ccdc-2,2026-09-25T06:31:06Z
2024-10-17,minas_san_francisco,670027091,high_res,2,8.808,s3://geoglows-v2-forecasts/2024101700.zarr,21b40e9b156565f5d175e54120e6ccdc-2,2026-09-25T06:31:06Z
2024-10-17,minas_san_francisco,670027091,high_res,3,7.924,s3://geoglows-v2-forecasts/2024101700.zarr,21b40e9b156565f5d175e54120e6ccdc-2,2026-09-25T06:31:06Z
2024-10-17,minas_san_francisco,670027091,high_res,4,10.255,s3://geoglows-v2-forecasts/2024101700.zarr,21b40e9b156565f5d175e54120e6ccdc-2,2026-09-25T06:31:06Z
2024-10-17,minas_san_francisco,670027091,high_res,5,14.924,s3://geoglows-v2-forecasts/2024101700.zarr,21b40e9b156565f5d175e54120e6ccdc-2,2026-09-25T06:31:06Z
2024-10-17,minas_san_francisco,670027091,high_res,6,16.18,s3://geoglows-v2-forecasts/2024101700.zarr,21b40e9b156565f5d175e54120e6ccdc-2,2026-09-25T06:31:06Z
2024-10-17,minas_san_francisco,670027091,high_res,7,13.876,s3://geoglows-v2-forecasts/2024101700.zarr,21b40e9b156565f5d175e54120e6ccdc-2,2026-09-25T06:31:06Z
2024-10-17,minas_san_francisco,670027091,high_res,8,9.209,s3://geoglows-v2-forecasts/2024101700.zarr,21b40e9b156565f5d175e54120e6ccdc-2,2026-09-25T06:31:06Z
2024-10-17,minas_san_francisco,670027091,high_res,9,7.019,s3://geoglows-v2-forecasts/2024101700.zarr,21b40e9b156565f5d175e54120e6ccdc-2,2026-09-25T06:31:06Z
2024-10-18,agoyan,621014469,high_res,1,53.765,s3://geoglows-v2-forecasts/2024101800.zarr,420aa1a727273780ae3913f99f86572f-2,2026-09-25T06:31:07Z
2024-10-18,agoyan,621014469,high_res,10,53.041,s3://geoglows-v2-forecasts/2024101800.zarr,420aa1a727273780ae3913f99f86572f-2,2026-09-25T06:31:07Z
2024-10-18,agoyan,621014469,high_res,2,49.101,s3://geoglows-v2-forecasts/2024101800.zarr,420aa1a727273780ae3913f99f86572f-2,2026-09-25T06:31:07Z
2024-10-18,agoyan,621014469,high_res,3,47.938,s3://geoglows-v2-forecasts/2024101800.zarr,420aa1a727273780ae3913f99f86572f-2,2026-09-25T06:31:07Z
2024-10-18,agoyan,621014469,high_res,4,48.66,s3://geoglows-v2-forecasts/2024101800.zarr,420aa1a727273780ae3913f99f86572f-2,2026-09-25T06:31:07Z
2024-10-18,agoyan,621014469,high_res,5,51.054,s3://geoglows-v2-forecasts/2024101800.zarr,420aa1a727273780ae3913f99f86572f-2,2026-09-25T06:31:07Z
2024-10-18,agoyan,621014469,high_res,6,53.771,s3://geoglows-v2-forecasts/2024101800.zarr,420aa1a727273780ae3913f99f86572f-2,2026-09-25T06:31:07Z
2024-10-18,agoyan,621014469,high_res,7,56.51,s3://geoglows-v2-forecasts/2024101800.zarr,420aa1a727273780ae3913f99f86572f-2,2026-09-25T06:31:07Z
2024-10-18,agoyan,621014469,high_res,8,55.644,s3://geoglows-v2-forecasts/2024101800.zarr,420aa1a727273780ae3913f99f86572f-2,2026-09-25T06:31:07Z
2024-10-18,agoyan,621014469,high_res,9,53.399,s3://geoglows-v2-forecasts/2024101800.zarr,420aa1a727273780ae3913f99f86572f-2,2026-09-25T06:31:07Z
2024-10-18,manduriacu,670078161,high_res,1,124.191,s3://geoglows-v2-forecasts/2024101800.zarr,420aa1a727273780ae3913f99f86572f-2,2026-09-25T06:31:07Z
2024-10-18,manduriacu,670078161,high_res,10,118.746,s3://geoglows-v2-forecasts/2024101800.zarr,420aa1a727273780ae3913f99f86572f-2,2026-09-25T06:31:07Z
2024-10-18,manduriacu,670078161,high_res,2,113.413,s3://geoglows-v2-forecasts/2024101800.zarr,420aa1a727273780ae3913f99f86572f-2,2026-09-25T06:31:07Z
2024-10-18,manduriacu,670078161,high_res,3,129.513,s3://geoglows-v2-forecasts/2024101800.zarr,420aa1a727273780ae3913f99f86572f-2,2026-09-25T06:31:07Z
2024-10-18,manduriacu,670078161,high_res,4,178.454,s3://geoglows-v2-forecasts/2024101800.zarr,420aa1a727273780ae3913f99f86572f-2,2026-09-25T06:31:07Z
2024-10-18,manduriacu,670078161,high_res,5,242.465,s3://geoglows-v2-forecasts/2024101800.zarr,420aa1a727273780ae3913f99f86572f-2,2026-09-25T06:31:07Z
2024-10-18,manduriacu,670078161,high_res,6,228.784,s3://geoglows-v2-forecasts/2024101800.zarr,420aa1a727273780ae3913f99f86572f-2,2026-09-25T06:31:07Z
2024-10-18,manduriacu,670078161,high_res,7,170.208,s3://geoglows-v2-forecasts/2024101800.zarr,420aa1a727273780ae3913f99f86572f-2,2026-09-25T06:31:07Z
2024-10-18,manduriacu,670078161,high_res,8,123.667,s3://geoglows-v2-forecasts/2024101800.zarr,420aa1a727273780ae3913f99f86572f-2,2026-09-25T06:31:07Z
2024-10-18,manduriacu,670078161,high_res,9,116.929,s3://geoglows-v2-forecasts/2024101800.zarr,420aa1a727273780ae3913f99f86572f-2,2026-09-25T06:31:07Z
2024-10-18,minas_san_francisco,670027091,high_res,1,8.786,s3://geoglows-v2-forecasts/2024101800.zarr,420aa1a727273780ae3913f99f86572f-2,2026-09-25T06:31:07Z
2024-10-18,minas_san_francisco,670027091,high_res,10,10.087,s3://geoglows-v2-forecasts/2024101800.zarr,420aa1a727273780ae3913f99f86572f-2,2026-09-25T06:31:07Z
2024-10-18,minas_san_francisco,670027091,high_res,2,7.902,s3://geoglows-v2-forecasts/2024101800.zarr,420aa1a727273780ae3913f99f86572f-2,2026-09-25T06:31:07Z
2024-10-18,minas_san_francisco,670027091,high_res,3,9.298,s3://geoglows-v2-forecasts/2024101800.zarr,420aa1a727273780ae3913f99f86572f-2,2026-09-25T06:31:07Z
2024-10-18,minas_san_francisco,670027091,high_res,4,13.975,s3://geoglows-v2-forecasts/2024101800.zarr,420aa1a727273780ae3913f99f86572f-2,2026-09-25T06:31:07Z
2024-10-18,minas_san_francisco,670027091,high_res,5,18.352,s3://geoglows-v2-forecasts/2024101800.zarr,420aa1a727273780ae3913f99f86572f-2,2026-09-25T06:31:07Z
2024-10-18,minas_san_francisco,670027091,high_res,6,15.72,s3://geoglows-v2-forecasts/2024101800.zarr,420aa1a727273780ae3913f99f86572f-2,2026-09-25T06:31:07Z
2024-10-18,minas_san_francisco,670027091,high_res,7,9.686,s3://geoglows-v2-forecasts/2024101800.zarr,420aa1a727273780ae3913f99f86572f-2,2026-09-25T06:31:07Z
2024-10-18,minas_san_francisco,670027091,high_res,8,7.445,s3://geoglows-v2-forecasts/2024101800.zarr,420aa1a727273780ae3913f99f86572f-2,2026-09-25T06:31:07Z
2024-10-18,minas_san_francisco,670027091,high_res,9,8.048,s3://geoglows-v2-forecasts/2024101800.zarr,420aa1a727273780ae3913f99f86572f-2,2026-09-25T06:31:07Z
2024-10-19,agoyan,621014469,high_res,1,48.359,s3://geoglows-v2-forecasts/2024101900.zarr,1bc43e8171cc63fbf9cc05ccc2b37146-2,2026-09-25T06:31:12Z
2024-10-19,agoyan,621014469,high_res,10,63.929,s3://geoglows-v2-forecasts/2024101900.zarr,1bc43e8171cc63fbf9cc05ccc2b37146-2,2026-09-25T06:31:12Z
2024-10-19,agoyan,621014469,high_res,2,46.631,s3://geoglows-v2-forecasts/2024101900.zarr,1bc43e8171cc63fbf9cc05ccc2b37146-2,2026-09-25T06:31:12Z
2024-10-19,agoyan,621014469,high_res,3,47.224,s3://geoglows-v2-forecasts/2024101900.zarr,1bc43e8171cc63fbf9cc05ccc2b37146-2,2026-09-25T06:31:12Z
2024-10-19,agoyan,621014469,high_res,4,48.406,s3://geoglows-v2-forecasts/2024101900.zarr,1bc43e8171cc63fbf9cc05ccc2b37146-2,2026-09-25T06:31:12Z
2024-10-19,agoyan,621014469,high_res,5,52.249,s3://geoglows-v2-forecasts/2024101900.zarr,1bc43e8171cc63fbf9cc05ccc2b37146-2,2026-09-25T06:31:12Z
2024-10-19,agoyan,621014469,high_res,6,56.058,s3://geoglows-v2-forecasts/2024101900.zarr,1bc43e8171cc63fbf9cc05ccc2b37146-2,2026-09-25T06:31:12Z
2024-10-19,agoyan,621014469,high_res,7,56.538,s3://geoglows-v2-forecasts/2024101900.zarr,1bc43e8171cc63fbf9cc05ccc2b37146-2,2026-09-25T06:31:12Z
2024-10-19,agoyan,621014469,high_res,8,58.003,s3://geoglows-v2-forecasts/2024101900.zarr,1bc43e8171cc63fbf9cc05ccc2b37146-2,2026-09-25T06:31:12Z
2024-10-19,agoyan,621014469,high_res,9,58.63,s3://geoglows-v2-forecasts/2024101900.zarr,1bc43e8171cc63fbf9cc05ccc2b37146-2,2026-09-25T06:31:12Z
2024-10-19,manduriacu,670078161,high_res,1,109.739,s3://geoglows-v2-forecasts/2024101900.zarr,1bc43e8171cc63fbf9cc05ccc2b37146-2,2026-09-25T06:31:12Z
2024-10-19,manduriacu,670078161,high_res,10,143.404,s3://geoglows-v2-forecasts/2024101900.zarr,1bc43e8171cc63fbf9cc05ccc2b37146-2,2026-09-25T06:31:12Z
2024-10-19,manduriacu,670078161,high_res,2,99.69,s3://geoglows-v2-forecasts/2024101900.zarr,1bc43e8171cc63fbf9cc05ccc2b37146-2,2026-09-25T06:31:12Z
2024-10-19,manduriacu,670078161,high_res,3,121.223,s3://geoglows-v2-forecasts/2024101900.zarr,1bc43e8171cc63fbf9cc05ccc2b37146-2,2026-09-25T06:31:12Z
2024-10-19,manduriacu,670078161,high_res,4,199.464,s3://geoglows-v2-forecasts/2024101900.zarr,1bc43e8171cc63fbf9cc05ccc2b37146-2,2026-09-25T06:31:12Z
2024-10-19,manduriacu,670078161,high_res,5,226.981,s3://geoglows-v2-forecasts/2024101900.zarr,1bc43e8171cc63fbf9cc05ccc2b37146-2,2026-09-25T06:31:12Z
2024-10-19,manduriacu,670078161,high_res,6,166.899,s3://geoglows-v2-forecasts/2024101900.zarr,1bc43e8171cc63fbf9cc05ccc2b37146-2,2026-09-25T06:31:12Z
2024-10-19,manduriacu,670078161,high_res,7,138.437,s3://geoglows-v2-forecasts/2024101900.zarr,1bc43e8171cc63fbf9cc05ccc2b37146-2,2026-09-25T06:31:12Z
2024-10-19,manduriacu,670078161,high_res,8,168.619,s3://geoglows-v2-forecasts/2024101900.zarr,1bc43e8171cc63fbf9cc05ccc2b37146-2,2026-09-25T06:31:12Z
2024-10-19,manduriacu,670078161,high_res,9,176.581,s3://geoglows-v2-forecasts/2024101900.zarr,1bc43e8171cc63fbf9cc05ccc2b37146-2,2026-09-25T06:31:12Z
2024-10-19,minas_san_francisco,670027091,high_res,1,7.622,s3://geoglows-v2-forecasts/2024101900.zarr,1bc43e8171cc63fbf9cc05ccc2b37146-2,2026-09-25T06:31:12Z
2024-10-19,minas_san_francisco,670027091,high_res,10,13.139,s3://geoglows-v2-forecasts/2024101900.zarr,1bc43e8171cc63fbf9cc05ccc2b37146-2,2026-09-25T06:31:12Z
2024-10-19,minas_san_francisco,670027091,high_res,2,8.647,s3://geoglows-v2-forecasts/2024101900.zarr,1bc43e8171cc63fbf9cc05ccc2b37146-2,2026-09-25T06:31:12Z
2024-10-19,minas_san_francisco,670027091,high_res,3,12.609,s3://geoglows-v2-forecasts/2024101900.zarr,1bc43e8171cc63fbf9cc05ccc2b37146-2,2026-09-25T06:31:12Z
2024-10-19,minas_san_francisco,670027091,high_res,4,14.848,s3://geoglows-v2-forecasts/2024101900.zarr,1bc43e8171cc63fbf9cc05ccc2b37146-2,2026-09-25T06:31:12Z
2024-10-19,minas_san_francisco,670027091,high_res,5,13.595,s3://geoglows-v2-forecasts/2024101900.zarr,1bc43e8171cc63fbf9cc05ccc2b37146-2,2026-09-25T06:31:12Z
2024-10-19,minas_san_francisco,670027091,high_res,6,9.926,s3://geoglows-v2-forecasts/2024101900.zarr,1bc43e8171cc63fbf9cc05ccc2b37146-2,2026-09-25T06:31:12Z
2024-10-19,minas_san_francisco,670027091,high_res,7,8.754,s3://geoglows-v2-forecasts/2024101900.zarr,1bc43e8171cc63fbf9cc05ccc2b37146-2,2026-09-25T06:31:12Z
2024-10-19,minas_san_francisco,670027091,high_res,8,10.224,s3://geoglows-v2-forecasts/2024101900.zarr,1bc43e8171cc63fbf9cc05ccc2b37146-2,2026-09-25T06:31:12Z
2024-10-19,minas_san_francisco,670027091,high_res,9,11.271,s3://geoglows-v2-forecasts/2024101900.zarr,1bc43e8171cc63fbf9cc05ccc2b37146-2,2026-09-25T06:31:12Z
2024-10-20,agoyan,621014469,high_res,1,46.087,s3://geoglows-v2-forecasts/2024102000.zarr,317dc95776e11470d24d45dddc71183a-2,2026-09-25T06:31:11Z
2024-10-20,agoyan,621014469,high_res,10,78.738,s3://geoglows-v2-forecasts/2024102000.zarr,317dc95776e11470d24d45dddc71183a-2,2026-09-25T06:31:11Z
2024-10-20,agoyan,621014469,high_res,2,46.153,s3://geoglows-v2-forecasts/2024102000.zarr,317dc95776e11470d24d45dddc71183a-2,2026-09-25T06:31:11Z
2024-10-20,agoyan,621014469,high_res,3,46.478,s3://geoglows-v2-forecasts/2024102000.zarr,317dc95776e11470d24d45dddc71183a-2,2026-09-25T06:31:11Z
2024-10-20,agoyan,621014469,high_res,4,49.406,s3://geoglows-v2-forecasts/2024102000.zarr,317dc95776e11470d24d45dddc71183a-2,2026-09-25T06:31:11Z
2024-10-20,agoyan,621014469,high_res,5,59.759,s3://geoglows-v2-forecasts/2024102000.zarr,317dc95776e11470d24d45dddc71183a-2,2026-09-25T06:31:11Z
2024-10-20,agoyan,621014469,high_res,6,66.974,s3://geoglows-v2-forecasts/2024102000.zarr,317dc95776e11470d24d45dddc71183a-2,2026-09-25T06:31:11Z
2024-10-20,agoyan,621014469,high_res,7,63.624,s3://geoglows-v2-forecasts/2024102000.zarr,317dc95776e11470d24d45dddc71183a-2,2026-09-25T06:31:11Z
2024-10-20,agoyan,621014469,high_res,8,62.649,s3://geoglows-v2-forecasts/2024102000.zarr,317dc95776e11470d24d45dddc71183a-2,2026-09-25T06:31:11Z
2024-10-20,agoyan,621014469,high_res,9,69.149,s3://geoglows-v2-forecasts/2024102000.zarr,317dc95776e11470d24d45dddc71183a-2,2026-09-25T06:31:11Z
2024-10-20,manduriacu,670078161,high_res,1,115.82,s3://geoglows-v2-forecasts/2024102000.zarr,317dc95776e11470d24d45dddc71183a-2,2026-09-25T06:31:11Z
2024-10-20,manduriacu,670078161,high_res,10,121.965,s3://geoglows-v2-forecasts/2024102000.zarr,317dc95776e11470d24d45dddc71183a-2,2026-09-25T06:31:11Z
2024-10-20,manduriacu,670078161,high_res,2,113.97,s3://geoglows-v2-forecasts/2024102000.zarr,317dc95776e11470d24d45dddc71183a-2,2026-09-25T06:31:11Z
2024-10-20,manduriacu,670078161,high_res,3,136.84,s3://geoglows-v2-forecasts/2024102000.zarr,317dc95776e11470d24d45dddc71183a-2,2026-09-25T06:31:11Z
2024-10-20,manduriacu,670078161,high_res,4,157.687,s3://geoglows-v2-forecasts/2024102000.zarr,317dc95776e11470d24d45dddc71183a-2,2026-09-25T06:31:11Z
2024-10-20,manduriacu,670078161,high_res,5,128.867,s3://geoglows-v2-forecasts/2024102000.zarr,317dc95776e11470d24d45dddc71183a-2,2026-09-25T06:31:11Z
2024-10-20,manduriacu,670078161,high_res,6,108.898,s3://geoglows-v2-forecasts/2024102000.zarr,317dc95776e11470d24d45dddc71183a-2,2026-09-25T06:31:11Z
2024-10-20,manduriacu,670078161,high_res,7,138.937,s3://geoglows-v2-forecasts/2024102000.zarr,317dc95776e11470d24d45dddc71183a-2,2026-09-25T06:31:11Z
2024-10-20,manduriacu,670078161,high_res,8,146.047,s3://geoglows-v2-forecasts/2024102000.zarr,317dc95776e11470d24d45dddc71183a-2,2026-09-25T06:31:11Z
2024-10-20,manduriacu,670078161,high_res,9,126.345,s3://geoglows-v2-forecasts/2024102000.zarr,317dc95776e11470d24d45dddc71183a-2,2026-09-25T06:31:11Z
2024-10-20,minas_san_francisco,670027091,high_res,1,7.882,s3://geoglows-v2-forecasts/2024102000.zarr,317dc95776e11470d24d45dddc71183a-2,2026-09-25T06:31:11Z
2024-10-20,minas_san_francisco,670027091,high_res,10,16.657,s3://geoglows-v2-forecasts/2024102000.zarr,317dc95776e11470d24d45dddc71183a-2,2026-09-25T06:31:11Z
2024-10-20,minas_san_francisco,670027091,high_res,2,10.251,s3://geoglows-v2-forecasts/2024102000.zarr,317dc95776e11470d24d45dddc71183a-2,2026-09-25T06:31:11Z
2024-10-20,minas_san_francisco,670027091,high_res,3,13.077,s3://geoglows-v2-forecasts/2024102000.zarr,317dc95776e11470d24d45dddc71183a-2,2026-09-25T06:31:11Z
2024-10-20,minas_san_francisco,670027091,high_res,4,11.675,s3://geoglows-v2-forecasts/2024102000.zarr,317dc95776e11470d24d45dddc71183a-2,2026-09-25T06:31:11Z
2024-10-20,minas_san_francisco,670027091,high_res,5,8.332,s3://geoglows-v2-forecasts/2024102000.zarr,317dc95776e11470d24d45dddc71183a-2,2026-09-25T06:31:11Z
2024-10-20,minas_san_francisco,670027091,high_res,6,8.546,s3://geoglows-v2-forecasts/2024102000.zarr,317dc95776e11470d24d45dddc71183a-2,2026-09-25T06:31:11Z
2024-10-20,minas_san_francisco,670027091,high_res,7,11.827,s3://geoglows-v2-forecasts/2024102000.zarr,317dc95776e11470d24d45dddc71183a-2,2026-09-25T06:31:11Z
2024-10-20,minas_san_francisco,670027091,high_res,8,14.21,s3://geoglows-v2-forecasts/2024102000.zarr,317dc95776e11470d24d45dddc71183a-2,2026-09-25T06:31:11Z
2024-10-20,minas_san_francisco,670027091,high_res,9,14.719,s3://geoglows-v2-forecasts/2024102000.zarr,317dc95776e11470d24d45dddc71183a-2,2026-09-25T06:31:11Z
2024-10-21,agoyan,621014469,high_res,1,44.439,s3://geoglows-v2-forecasts/2024102100.zarr,4de4872d04d6a5e2ea9f9f72e70f77a1-2,2026-09-25T06:31:11Z
2024-10-21,agoyan,621014469,high_res,10,103.833,s3://geoglows-v2-forecasts/2024102100.zarr,4de4872d04d6a5e2ea9f9f72e70f77a1-2,2026-09-25T06:31:11Z
2024-10-21,agoyan,621014469,high_res,2,44.247,s3://geoglows-v2-forecasts/2024102100.zarr,4de4872d04d6a5e2ea9f9f72e70f77a1-2,2026-09-25T06:31:11Z
2024-10-21,agoyan,621014469,high_res,3,47.149,s3://geoglows-v2-forecasts/2024102100.zarr,4de4872d04d6a5e2ea9f9f72e70f77a1-2,2026-09-25T06:31:11Z
2024-10-21,agoyan,621014469,high_res,4,53.812,s3://geoglows-v2-forecasts/2024102100.zarr,4de4872d04d6a5e2ea9f9f72e70f77a1-2,2026-09-25T06:31:11Z
2024-10-21,agoyan,621014469,high_res,5,57.88,s3://geoglows-v2-forecasts/2024102100.zarr,4de4872d04d6a5e2ea9f9f72e70f77a1-2,2026-09-25T06:31:11Z
2024-10-21,agoyan,621014469,high_res,6,59.216,s3://geoglows-v2-forecasts/2024102100.zarr,4de4872d04d6a5e2ea9f9f72e70f77a1-2,2026-09-25T06:31:11Z
2024-10-21,agoyan,621014469,high_res,7,65.045,s3://geoglows-v2-forecasts/2024102100.zarr,4de4872d04d6a5e2ea9f9f72e70f77a1-2,2026-09-25T06:31:11Z
2024-10-21,agoyan,621014469,high_res,8,79.697,s3://geoglows-v2-forecasts/2024102100.zarr,4de4872d04d6a5e2ea9f9f72e70f77a1-2,2026-09-25T06:31:11Z
2024-10-21,agoyan,621014469,high_res,9,96.609,s3://geoglows-v2-forecasts/2024102100.zarr,4de4872d04d6a5e2ea9f9f72e70f77a1-2,2026-09-25T06:31:11Z
2024-10-21,manduriacu,670078161,high_res,1,115.356,s3://geoglows-v2-forecasts/2024102100.zarr,4de4872d04d6a5e2ea9f9f72e70f77a1-2,2026-09-25T06:31:11Z
2024-10-21,manduriacu,670078161,high_res,10,121.213,s3://geoglows-v2-forecasts/2024102100.zarr,4de4872d04d6a5e2ea9f9f72e70f77a1-2,2026-09-25T06:31:11Z
2024-10-21,manduriacu,670078161,high_res,2,116.633,s3://geoglows-v2-forecasts/2024102100.zarr,4de4872d04d6a5e2ea9f9f72e70f77a1-2,2026-09-25T06:31:11Z
2024-10-21,manduriacu,670078161,high_res,3,122.38,s3://geoglows-v2-forecasts/2024102100.zarr,4de4872d04d6a5e2ea9f9f72e70f77a1-2,2026-09-25T06:31:11Z
2024-10-21,manduriacu,670078161,high_res,4,101.488,s3://geoglows-v2-forecasts/2024102100.zarr,4de4872d04d6a5e2ea9f9f72e70f77a1-2,2026-09-25T06:31:11Z
2024-10-21,manduriacu,670078161,high_res,5,98.659,s3://geoglows-v2-forecasts/2024102100.zarr,4de4872d04d6a5e2ea9f9f72e70f77a1-2,2026-09-25T06:31:11Z
2024-10-21,manduriacu,670078161,high_res,6,122.079,s3://geoglows-v2-forecasts/2024102100.zarr,4de4872d04d6a5e2ea9f9f72e70f77a1-2,2026-09-25T06:31:11Z
2024-10-21,manduriacu,670078161,high_res,7,122.376,s3://geoglows-v2-forecasts/2024102100.zarr,4de4872d04d6a5e2ea9f9f72e70f77a1-2,2026-09-25T06:31:11Z
2024-10-21,manduriacu,670078161,high_res,8,107.099,s3://geoglows-v2-forecasts/2024102100.zarr,4de4872d04d6a5e2ea9f9f72e70f77a1-2,2026-09-25T06:31:11Z
2024-10-21,manduriacu,670078161,high_res,9,109.791,s3://geoglows-v2-forecasts/2024102100.zarr,4de4872d04d6a5e2ea9f9f72e70f77a1-2,2026-09-25T06:31:11Z
2024-10-21,minas_san_francisco,670027091,high_res,1,10.048,s3://geoglows-v2-forecasts/2024102100.zarr,4de4872d04d6a5e2ea9f9f72e70f77a1-2,2026-09-25T06:31:11Z
2024-10-21,minas_san_francisco,670027091,high_res,10,19.659,s3://geoglows-v2-forecasts/2024102100.zarr,4de4872d04d6a5e2ea9f9f72e70f77a1-2,2026-09-25T06:31:11Z
2024-10-21,minas_san_francisco,670027091,high_res,2,12.12,s3://geoglows-v2-forecasts/2024102100.zarr,4de4872d04d6a5e2ea9f9f72e70f77a1-2,2026-09-25T06:31:11Z
2024-10-21,minas_san_francisco,670027091,high_res,3,12.373,s3://geoglows-v2-forecasts/2024102100.zarr,4de4872d04d6a5e2ea9f9f72e70f77a1-2,2026-09-25T06:31:11Z
2024-10-21,minas_san_francisco,670027091,high_res,4,9.692,s3://geoglows-v2-forecasts/2024102100.zarr,4de4872d04d6a5e2ea9f9f72e70f77a1-2,2026-09-25T06:31:11Z
2024-10-21,minas_san_francisco,670027091,high_res,5,10.493,s3://geoglows-v2-forecasts/2024102100.zarr,4de4872d04d6a5e2ea9f9f72e70f77a1-2,2026-09-25T06:31:11Z
2024-10-21,minas_san_francisco,670027091,high_res,6,16.25,s3://geoglows-v2-forecasts/2024102100.zarr,4de4872d04d6a5e2ea9f9f72e70f77a1-2,2026-09-25T06:31:11Z
2024-10-21,minas_san_francisco,670027091,high_res,7,22.592,s3://geoglows-v2-forecasts/2024102100.zarr,4de4872d04d6a5e2ea9f9f72e70f77a1-2,2026-09-25T06:31:11Z
2024-10-21,minas_san_francisco,670027091,high_res,8,26.42,s3://geoglows-v2-forecasts/2024102100.zarr,4de4872d04d6a5e2ea9f9f72e70f77a1-2,2026-09-25T06:31:11Z
2024-10-21,minas_san_francisco,670027091,high_res,9,25.468,s3://geoglows-v2-forecasts/2024102100.zarr,4de4872d04d6a5e2ea9f9f72e70f77a1-2,2026-09-25T06:31:11Z
2024-10-22,agoyan,621014469,high_res,1,43.78,s3://geoglows-v2-forecasts/2024102200.zarr,02a690b3a51e5f3d913ad71001956df9-2,2026-09-25T06:31:12Z
2024-10-22,agoyan,621014469,high_res,10,112.49,s3://geoglows-v2-forecasts/2024102200.zarr,02a690b3a51e5f3d913ad71001956df9-2,2026-09-25T06:31:12Z
2024-10-22,agoyan,621014469,high_res,2,46.444,s3://geoglows-v2-forecasts/2024102200.zarr,02a690b3a51e5f3d913ad71001956df9-2,2026-09-25T06:31:12Z
2024-10-22,agoyan,621014469,high_res,3,53.308,s3://geoglows-v2-forecasts/2024102200.zarr,02a690b3a51e5f3d913ad71001956df9-2,2026-09-25T06:31:12Z
2024-10-22,agoyan,621014469,high_res,4,57.576,s3://geoglows-v2-forecasts/2024102200.zarr,02a690b3a51e5f3d913ad71001956df9-2,2026-09-25T06:31:12Z
2024-10-22,agoyan,621014469,high_res,5,58.487,s3://geoglows-v2-forecasts/2024102200.zarr,02a690b3a51e5f3d913ad71001956df9-2,2026-09-25T06:31:12Z
2024-10-22,agoyan,621014469,high_res,6,66.278,s3://geoglows-v2-forecasts/2024102200.zarr,02a690b3a51e5f3d913ad71001956df9-2,2026-09-25T06:31:12Z
2024-10-22,agoyan,621014469,high_res,7,83.176,s3://geoglows-v2-forecasts/2024102200.zarr,02a690b3a51e5f3d913ad71001956df9-2,2026-09-25T06:31:12Z
2024-10-22,agoyan,621014469,high_res,8,100.714,s3://geoglows-v2-forecasts/2024102200.zarr,02a690b3a51e5f3d913ad71001956df9-2,2026-09-25T06:31:12Z
2024-10-22,agoyan,621014469,high_res,9,108.035,s3://geoglows-v2-forecasts/2024102200.zarr,02a690b3a51e5f3d913ad71001956df9-2,2026-09-25T06:31:12Z
2024-10-22,manduriacu,670078161,high_res,1,116.262,s3://geoglows-v2-forecasts/2024102200.zarr,02a690b3a51e5f3d913ad71001956df9-2,2026-09-25T06:31:12Z
2024-10-22,manduriacu,670078161,high_res,10,250.58,s3://geoglows-v2-forecasts/2024102200.zarr,02a690b3a51e5f3d913ad71001956df9-2,2026-09-25T06:31:12Z
2024-10-22,manduriacu,670078161,high_res,2,128.008,s3://geoglows-v2-forecasts/2024102200.zarr,02a690b3a51e5f3d913ad71001956df9-2,2026-09-25T06:31:12Z
2024-10-22,manduriacu,670078161,high_res,3,123.76,s3://geoglows-v2-forecasts/2024102200.zarr,02a690b3a51e5f3d913ad71001956df9-2,2026-09-25T06:31:12Z
2024-10-22,manduriacu,670078161,high_res,4,133.164,s3://geoglows-v2-forecasts/2024102200.zarr,02a690b3a51e5f3d913ad71001956df9-2,2026-09-25T06:31:12Z
2024-10-22,manduriacu,670078161,high_res,5,148.539,s3://geoglows-v2-forecasts/2024102200.zarr,02a690b3a51e5f3d913ad71001956df9-2,2026-09-25T06:31:12Z
2024-10-22,manduriacu,670078161,high_res,6,161.099,s3://geoglows-v2-forecasts/2024102200.zarr,02a690b3a51e5f3d913ad71001956df9-2,2026-09-25T06:31:12Z
2024-10-22,manduriacu,670078161,high_res,7,178.477,s3://geoglows-v2-forecasts/2024102200.zarr,02a690b3a51e5f3d913ad71001956df9-2,2026-09-25T06:31:12Z
2024-10-22,manduriacu,670078161,high_res,8,181.012,s3://geoglows-v2-forecasts/2024102200.zarr,02a690b3a51e5f3d913ad71001956df9-2,2026-09-25T06:31:12Z
2024-10-22,manduriacu,670078161,high_res,9,183.92,s3://geoglows-v2-forecasts/2024102200.zarr,02a690b3a51e5f3d913ad71001956df9-2,2026-09-25T06:31:12Z
2024-10-22,minas_san_francisco,670027091,high_res,1,11.656,s3://geoglows-v2-forecasts/2024102200.zarr,02a690b3a51e5f3d913ad71001956df9-2,2026-09-25T06:31:12Z
2024-10-22,minas_san_francisco,670027091,high_res,10,43.799,s3://geoglows-v2-forecasts/2024102200.zarr,02a690b3a51e5f3d913ad71001956df9-2,2026-09-25T06:31:12Z
2024-10-22,minas_san_francisco,670027091,high_res,2,10.613,s3://geoglows-v2-forecasts/2024102200.zarr,02a690b3a51e5f3d913ad71001956df9-2,2026-09-25T06:31:12Z
2024-10-22,minas_san_francisco,670027091,high_res,3,9.405,s3://geoglows-v2-forecasts/2024102200.zarr,02a690b3a51e5f3d913ad71001956df9-2,2026-09-25T06:31:12Z
2024-10-22,minas_san_francisco,670027091,high_res,4,11.709,s3://geoglows-v2-forecasts/2024102200.zarr,02a690b3a51e5f3d913ad71001956df9-2,2026-09-25T06:31:12Z
2024-10-22,minas_san_francisco,670027091,high_res,5,17.709,s3://geoglows-v2-forecasts/2024102200.zarr,02a690b3a51e5f3d913ad71001956df9-2,2026-09-25T06:31:12Z
2024-10-22,minas_san_francisco,670027091,high_res,6,23.872,s3://geoglows-v2-forecasts/2024102200.zarr,02a690b3a51e5f3d913ad71001956df9-2,2026-09-25T06:31:12Z
2024-10-22,minas_san_francisco,670027091,high_res,7,27.834,s3://geoglows-v2-forecasts/2024102200.zarr,02a690b3a51e5f3d913ad71001956df9-2,2026-09-25T06:31:12Z
2024-10-22,minas_san_francisco,670027091,high_res,8,31.188,s3://geoglows-v2-forecasts/2024102200.zarr,02a690b3a51e5f3d913ad71001956df9-2,2026-09-25T06:31:12Z
2024-10-22,minas_san_francisco,670027091,high_res,9,31.574,s3://geoglows-v2-forecasts/2024102200.zarr,02a690b3a51e5f3d913ad71001956df9-2,2026-09-25T06:31:12Z
2024-10-23,agoyan,621014469,high_res,1,50.947,s3://geoglows-v2-forecasts/2024102300.zarr,9ec5c500e5def17538a522dac98d773e-2,2026-09-25T06:31:11Z
2024-10-23,agoyan,621014469,high_res,10,89.309,s3://geoglows-v2-forecasts/2024102300.zarr,9ec5c500e5def17538a522dac98d773e-2,2026-09-25T06:31:11Z
2024-10-23,agoyan,621014469,high_res,2,55.438,s3://geoglows-v2-forecasts/2024102300.zarr,9ec5c500e5def17538a522dac98d773e-2,2026-09-25T06:31:11Z
2024-10-23,agoyan,621014469,high_res,3,58.655,s3://geoglows-v2-forecasts/2024102300.zarr,9ec5c500e5def17538a522dac98d773e-2,2026-09-25T06:31:11Z
2024-10-23,agoyan,621014469,high_res,4,60.316,s3://geoglows-v2-forecasts/2024102300.zarr,9ec5c500e5def17538a522dac98d773e-2,2026-09-25T06:31:11Z
2024-10-23,agoyan,621014469,high_res,5,62.859,s3://geoglows-v2-forecasts/2024102300.zarr,9ec5c500e5def17538a522dac98d773e-2,2026-09-25T06:31:11Z
2024-10-23,agoyan,621014469,high_res,6,71.198,s3://geoglows-v2-forecasts/2024102300.zarr,9ec5c500e5def17538a522dac98d773e-2,2026-09-25T06:31:11Z
2024-10-23,agoyan,621014469,high_res,7,81.559,s3://geoglows-v2-forecasts/2024102300.zarr,9ec5c500e5def17538a522dac98d773e-2,2026-09-25T06:31:11Z
2024-10-23,agoyan,621014469,high_res,8,89.515,s3://geoglows-v2-forecasts/2024102300.zarr,9ec5c500e5def17538a522dac98d773e-2,2026-09-25T06:31:11Z
2024-10-23,agoyan,621014469,high_res,9,93.807,s3://geoglows-v2-forecasts/2024102300.zarr,9ec5c500e5def17538a522dac98d773e-2,2026-09-25T06:31:11Z
2024-10-23,manduriacu,670078161,high_res,1,119.369,s3://geoglows-v2-forecasts/2024102300.zarr,9ec5c500e5def17538a522dac98d773e-2,2026-09-25T06:31:11Z
2024-10-23,manduriacu,670078161,high_res,10,201.736,s3://geoglows-v2-forecasts/2024102300.zarr,9ec5c500e5def17538a522dac98d773e-2,2026-09-25T06:31:11Z
2024-10-23,manduriacu,670078161,high_res,2,143.941,s3://geoglows-v2-forecasts/2024102300.zarr,9ec5c500e5def17538a522dac98d773e-2,2026-09-25T06:31:11Z
2024-10-23,manduriacu,670078161,high_res,3,211.317,s3://geoglows-v2-forecasts/2024102300.zarr,9ec5c500e5def17538a522dac98d773e-2,2026-09-25T06:31:11Z
2024-10-23,manduriacu,670078161,high_res,4,187.413,s3://geoglows-v2-forecasts/2024102300.zarr,9ec5c500e5def17538a522dac98d773e-2,2026-09-25T06:31:11Z
2024-10-23,manduriacu,670078161,high_res,5,174.251,s3://geoglows-v2-forecasts/2024102300.zarr,9ec5c500e5def17538a522dac98d773e-2,2026-09-25T06:31:11Z
2024-10-23,manduriacu,670078161,high_res,6,186.948,s3://geoglows-v2-forecasts/2024102300.zarr,9ec5c500e5def17538a522dac98d773e-2,2026-09-25T06:31:11Z
2024-10-23,manduriacu,670078161,high_res,7,202.565,s3://geoglows-v2-forecasts/2024102300.zarr,9ec5c500e5def17538a522dac98d773e-2,2026-09-25T06:31:11Z
2024-10-23,manduriacu,670078161,high_res,8,197.683,s3://geoglows-v2-forecasts/2024102300.zarr,9ec5c500e5def17538a522dac98d773e-2,2026-09-25T06:31:11Z
2024-10-23,manduriacu,670078161,high_res,9,202.742,s3://geoglows-v2-forecasts/2024102300.zarr,9ec5c500e5def17538a522dac98d773e-2,2026-09-25T06:31:11Z
2024-10-23,minas_san_francisco,670027091,high_res,1,11.168,s3://geoglows-v2-forecasts/2024102300.zarr,9ec5c500e5def17538a522dac98d773e-2,2026-09-25T06:31:11Z
2024-10-23,minas_san_francisco,670027091,high_res,10,45.969,s3://geoglows-v2-forecasts/2024102300.zarr,9ec5c500e5def17538a522dac98d773e-2,2026-09-25T06:31:11Z
2024-10-23,minas_san_francisco,670027091,high_res,2,11.481,s3://geoglows-v2-forecasts/2024102300.zarr,9ec5c500e5def17538a522dac98d773e-2,2026-09-25T06:31:11Z
2024-10-23,minas_san_francisco,670027091,high_res,3,17.047,s3://geoglows-v2-forecasts/2024102300.zarr,9ec5c500e5def17538a522dac98d773e-2,2026-09-25T06:31:11Z
2024-10-23,minas_san_francisco,670027091,high_res,4,20.596,s3://geoglows-v2-forecasts/2024102300.zarr,9ec5c500e5def17538a522dac98d773e-2,2026-09-25T06:31:11Z
2024-10-23,minas_san_francisco,670027091,high_res,5,21.323,s3://geoglows-v2-forecasts/2024102300.zarr,9ec5c500e5def17538a522dac98d773e-2,2026-09-25T06:31:11Z
2024-10-23,minas_san_francisco,670027091,high_res,6,25.476,s3://geoglows-v2-forecasts/2024102300.zarr,9ec5c500e5def17538a522dac98d773e-2,2026-09-25T06:31:11Z
2024-10-23,minas_san_francisco,670027091,high_res,7,28.283,s3://geoglows-v2-forecasts/2024102300.zarr,9ec5c500e5def17538a522dac98d773e-2,2026-09-25T06:31:11Z
2024-10-23,minas_san_francisco,670027091,high_res,8,23.146,s3://geoglows-v2-forecasts/2024102300.zarr,9ec5c500e5def17538a522dac98d773e-2,2026-09-25T06:31:11Z
2024-10-23,minas_san_francisco,670027091,high_res,9,25.495,s3://geoglows-v2-forecasts/2024102300.zarr,9ec5c500e5def17538a522dac98d773e-2,2026-09-25T06:31:11Z
2024-10-24,agoyan,621014469,high_res,1,54.127,s3://geoglows-v2-forecasts/2024102400.zarr,2bb82a7c748d8a78cf295bc76ed056a5-2,2026-09-25T06:31:11Z
2024-10-24,agoyan,621014469,high_res,10,98.973,s3://geoglows-v2-forecasts/2024102400.zarr,2bb82a7c748d8a78cf295bc76ed056a5-2,2026-09-25T06:31:11Z
2024-10-24,agoyan,621014469,high_res,2,59.382,s3://geoglows-v2-forecasts/2024102400.zarr,2bb82a7c748d8a78cf295bc76ed056a5-2,2026-09-25T06:31:11Z
2024-10-24,agoyan,621014469,high_res,3,60.674,s3://geoglows-v2-forecasts/2024102400.zarr,2bb82a7c748d8a78cf295bc76ed056a5-2,2026-09-25T06:31:11Z
2024-10-24,agoyan,621014469,high_res,4,69.664,s3://geoglows-v2-forecasts/2024102400.zarr,2bb82a7c748d8a78cf295bc76ed056a5-2,2026-09-25T06:31:11Z
2024-10-24,agoyan,621014469,high_res,5,80.114,s3://geoglows-v2-forecasts/2024102400.zarr,2bb82a7c748d8a78cf295bc76ed056a5-2,2026-09-25T06:31:11Z
2024-10-24,agoyan,621014469,high_res,6,86.581,s3://geoglows-v2-forecasts/2024102400.zarr,2bb82a7c748d8a78cf295bc76ed056a5-2,2026-09-25T06:31:11Z
2024-10-24,agoyan,621014469,high_res,7,92.345,s3://geoglows-v2-forecasts/2024102400.zarr,2bb82a7c748d8a78cf295bc76ed056a5-2,2026-09-25T06:31:11Z
2024-10-24,agoyan,621014469,high_res,8,98.769,s3://geoglows-v2-forecasts/2024102400.zarr,2bb82a7c748d8a78cf295bc76ed056a5-2,2026-09-25T06:31:11Z
2024-10-24,agoyan,621014469,high_res,9,99.801,s3://geoglows-v2-forecasts/2024102400.zarr,2bb82a7c748d8a78cf295bc76ed056a5-2,2026-09-25T06:31:11Z
2024-10-24,manduriacu,670078161,high_res,1,131.597,s3://geoglows-v2-forecasts/2024102400.zarr,2bb82a7c748d8a78cf295bc76ed056a5-2,2026-09-25T06:31:11Z
2024-10-24,manduriacu,670078161,high_res,10,214.447,s3://geoglows-v2-forecasts/2024102400.zarr,2bb82a7c748d8a78cf295bc76ed056a5-2,2026-09-25T06:31:11Z
2024-10-24,manduriacu,670078161,high_res,2,124.162,s3://geoglows-v2-forecasts/2024102400.zarr,2bb82a7c748d8a78cf295bc76ed056a5-2,2026-09-25T06:31:11Z
2024-10-24,manduriacu,670078161,high_res,3,106.554,s3://geoglows-v2-forecasts/2024102400.zarr,2bb82a7c748d8a78cf295bc76ed056a5-2,2026-09-25T06:31:11Z
2024-10-24,manduriacu,670078161,high_res,4,117.658,s3://geoglows-v2-forecasts/2024102400.zarr,2bb82a7c748d8a78cf295bc76ed056a5-2,2026-09-25T06:31:11Z
2024-10-24,manduriacu,670078161,high_res,5,168.385,s3://geoglows-v2-forecasts/2024102400.zarr,2bb82a7c748d8a78cf295bc76ed056a5-2,2026-09-25T06:31:11Z
2024-10-24,manduriacu,670078161,high_res,6,167.781,s3://geoglows-v2-forecasts/2024102400.zarr,2bb82a7c748d8a78cf295bc76ed056a5-2,2026-09-25T06:31:11Z
2024-10-24,manduriacu,670078161,high_res,7,175.187,s3://geoglows-v2-forecasts/2024102400.zarr,2bb82a7c748d8a78cf295bc76ed056a5-2,2026-09-25T06:31:11Z
2024-10-24,manduriacu,670078161,high_res,8,226.415,s3://geoglows-v2-forecasts/2024102400.zarr,2bb82a7c748d8a78cf295bc76ed056a5-2,2026-09-25T06:31:11Z
2024-10-24,manduriacu,670078161,high_res,9,218.64,s3://geoglows-v2-forecasts/2024102400.zarr,2bb82a7c748d8a78cf295bc76ed056a5-2,2026-09-25T06:31:11Z
2024-10-24,minas_san_francisco,670027091,high_res,1,10.418,s3://geoglows-v2-forecasts/2024102400.zarr,2bb82a7c748d8a78cf295bc76ed056a5-2,2026-09-25T06:31:11Z
2024-10-24,minas_san_francisco,670027091,high_res,10,68.231,s3://geoglows-v2-forecasts/2024102400.zarr,2bb82a7c748d8a78cf295bc76ed056a5-2,2026-09-25T06:31:11Z
2024-10-24,minas_san_francisco,670027091,high_res,2,13.225,s3://geoglows-v2-forecasts/2024102400.zarr,2bb82a7c748d8a78cf295bc76ed056a5-2,2026-09-25T06:31:11Z
2024-10-24,minas_san_francisco,670027091,high_res,3,16.586,s3://geoglows-v2-forecasts/2024102400.zarr,2bb82a7c748d8a78cf295bc76ed056a5-2,2026-09-25T06:31:11Z
2024-10-24,minas_san_francisco,670027091,high_res,4,18.855,s3://geoglows-v2-forecasts/2024102400.zarr,2bb82a7c748d8a78cf295bc76ed056a5-2,2026-09-25T06:31:11Z
2024-10-24,minas_san_francisco,670027091,high_res,5,24.471,s3://geoglows-v2-forecasts/2024102400.zarr,2bb82a7c748d8a78cf295bc76ed056a5-2,2026-09-25T06:31:11Z
2024-10-24,minas_san_francisco,670027091,high_res,6,30.485,s3://geoglows-v2-forecasts/2024102400.zarr,2bb82a7c748d8a78cf295bc76ed056a5-2,2026-09-25T06:31:11Z
2024-10-24,minas_san_francisco,670027091,high_res,7,28.399,s3://geoglows-v2-forecasts/2024102400.zarr,2bb82a7c748d8a78cf295bc76ed056a5-2,2026-09-25T06:31:11Z
2024-10-24,minas_san_francisco,670027091,high_res,8,35.965,s3://geoglows-v2-forecasts/2024102400.zarr,2bb82a7c748d8a78cf295bc76ed056a5-2,2026-09-25T06:31:11Z
2024-10-24,minas_san_francisco,670027091,high_res,9,57.563,s3://geoglows-v2-forecasts/2024102400.zarr,2bb82a7c748d8a78cf295bc76ed056a5-2,2026-09-25T06:31:11Z
2024-10-25,agoyan,621014469,high_res,1,57.948,s3://geoglows-v2-forecasts/2024102500.zarr,a44ba46439a3345587ebb327461e1856-2,2026-09-25T06:31:11Z
2024-10-25,agoyan,621014469,high_res,10,90.462,s3://geoglows-v2-forecasts/2024102500.zarr,a44ba46439a3345587ebb327461e1856-2,2026-09-25T06:31:11Z
2024-10-25,agoyan,621014469,high_res,2,56.571,s3://geoglows-v2-forecasts/2024102500.zarr,a44ba46439a3345587ebb327461e1856-2,2026-09-25T06:31:11Z
2024-10-25,agoyan,621014469,high_res,3,58.267,s3://geoglows-v2-forecasts/2024102500.zarr,a44ba46439a3345587ebb327461e1856-2,2026-09-25T06:31:11Z
2024-10-25,agoyan,621014469,high_res,4,71.192,s3://geoglows-v2-forecasts/2024102500.zarr,a44ba46439a3345587ebb327461e1856-2,2026-09-25T06:31:11Z
2024-10-25,agoyan,621014469,high_res,5,88.671,s3://geoglows-v2-forecasts/2024102500.zarr,a44ba46439a3345587ebb327461e1856-2,2026-09-25T06:31:11Z
2024-10-25,agoyan,621014469,high_res,6,101.329,s3://geoglows-v2-forecasts/2024102500.zarr,a44ba46439a3345587ebb327461e1856-2,2026-09-25T06:31:11Z
2024-10-25,agoyan,621014469,high_res,7,103.287,s3://geoglows-v2-forecasts/2024102500.zarr,a44ba46439a3345587ebb327461e1856-2,2026-09-25T06:31:11Z
2024-10-25,agoyan,621014469,high_res,8,93.929,s3://geoglows-v2-forecasts/2024102500.zarr,a44ba46439a3345587ebb327461e1856-2,2026-09-25T06:31:11Z
2024-10-25,agoyan,621014469,high_res,9,89.034,s3://geoglows-v2-forecasts/2024102500.zarr,a44ba46439a3345587ebb327461e1856-2,2026-09-25T06:31:11Z
2024-10-25,manduriacu,670078161,high_res,1,138.756,s3://geoglows-v2-forecasts/2024102500.zarr,a44ba46439a3345587ebb327461e1856-2,2026-09-25T06:31:11Z
2024-10-25,manduriacu,670078161,high_res,10,342.901,s3://geoglows-v2-forecasts/2024102500.zarr,a44ba46439a3345587ebb327461e1856-2,2026-09-25T06:31:11Z
2024-10-25,manduriacu,670078161,high_res,2,111.964,s3://geoglows-v2-forecasts/2024102500.zarr,a44ba46439a3345587ebb327461e1856-2,2026-09-25T06:31:11Z
2024-10-25,manduriacu,670078161,high_res,3,111.106,s3://geoglows-v2-forecasts/2024102500.zarr,a44ba46439a3345587ebb327461e1856-2,2026-09-25T06:31:11Z
2024-10-25,manduriacu,670078161,high_res,4,129.728,s3://geoglows-v2-forecasts/2024102500.zarr,a44ba46439a3345587ebb327461e1856-2,2026-09-25T06:31:11Z
2024-10-25,manduriacu,670078161,high_res,5,143.212,s3://geoglows-v2-forecasts/2024102500.zarr,a44ba46439a3345587ebb327461e1856-2,2026-09-25T06:31:11Z
2024-10-25,manduriacu,670078161,high_res,6,159.951,s3://geoglows-v2-forecasts/2024102500.zarr,a44ba46439a3345587ebb327461e1856-2,2026-09-25T06:31:11Z
2024-10-25,manduriacu,670078161,high_res,7,191.518,s3://geoglows-v2-forecasts/2024102500.zarr,a44ba46439a3345587ebb327461e1856-2,2026-09-25T06:31:11Z
2024-10-25,manduriacu,670078161,high_res,8,247.414,s3://geoglows-v2-forecasts/2024102500.zarr,a44ba46439a3345587ebb327461e1856-2,2026-09-25T06:31:11Z
2024-10-25,manduriacu,670078161,high_res,9,325.997,s3://geoglows-v2-forecasts/2024102500.zarr,a44ba46439a3345587ebb327461e1856-2,2026-09-25T06:31:11Z
2024-10-25,minas_san_francisco,670027091,high_res,1,12.822,s3://geoglows-v2-forecasts/2024102500.zarr,a44ba46439a3345587ebb327461e1856-2,2026-09-25T06:31:11Z
2024-10-25,minas_san_francisco,670027091,high_res,10,31.991,s3://geoglows-v2-forecasts/2024102500.zarr,a44ba46439a3345587ebb327461e1856-2,2026-09-25T06:31:11Z
2024-10-25,minas_san_francisco,670027091,high_res,2,15.036,s3://geoglows-v2-forecasts/2024102500.zarr,a44ba46439a3345587ebb327461e1856-2,2026-09-25T06:31:11Z
2024-10-25,minas_san_francisco,670027091,high_res,3,16.76,s3://geoglows-v2-forecasts/2024102500.zarr,a44ba46439a3345587ebb327461e1856-2,2026-09-25T06:31:11Z
2024-10-25,minas_san_francisco,670027091,high_res,4,27.233,s3://geoglows-v2-forecasts/2024102500.zarr,a44ba46439a3345587ebb327461e1856-2,2026-09-25T06:31:11Z
2024-10-25,minas_san_francisco,670027091,high_res,5,38.779,s3://geoglows-v2-forecasts/2024102500.zarr,a44ba46439a3345587ebb327461e1856-2,2026-09-25T06:31:11Z
2024-10-25,minas_san_francisco,670027091,high_res,6,32.577,s3://geoglows-v2-forecasts/2024102500.zarr,a44ba46439a3345587ebb327461e1856-2,2026-09-25T06:31:11Z
2024-10-25,minas_san_francisco,670027091,high_res,7,21.904,s3://geoglows-v2-forecasts/2024102500.zarr,a44ba46439a3345587ebb327461e1856-2,2026-09-25T06:31:11Z
2024-10-25,minas_san_francisco,670027091,high_res,8,25.538,s3://geoglows-v2-forecasts/2024102500.zarr,a44ba46439a3345587ebb327461e1856-2,2026-09-25T06:31:11Z
2024-10-25,minas_san_francisco,670027091,high_res,9,33.894,s3://geoglows-v2-forecasts/2024102500.zarr,a44ba46439a3345587ebb327461e1856-2,2026-09-25T06:31:11Z
2024-10-26,agoyan,621014469,high_res,1,56.94,s3://geoglows-v2-forecasts/2024102600.zarr,7e325702d8431408466b23ab3b0ac9a4-2,2026-09-25T06:31:11Z
2024-10-26,agoyan,621014469,high_res,10,96.879,s3://geoglows-v2-forecasts/2024102600.zarr,7e325702d8431408466b23ab3b0ac9a4-2,2026-09-25T06:31:11Z
2024-10-26,agoyan,621014469,high_res,2,59.136,s3://geoglows-v2-forecasts/2024102600.zarr,7e325702d8431408466b23ab3b0ac9a4-2,2026-09-25T06:31:11Z
2024-10-26,agoyan,621014469,high_res,3,63.084,s3://geoglows-v2-forecasts/2024102600.zarr,7e325702d8431408466b23ab3b0ac9a4-2,2026-09-25T06:31:11Z
2024-10-26,agoyan,621014469,high_res,4,76.01,s3://geoglows-v2-forecasts/2024102600.zarr,7e325702d8431408466b23ab3b0ac9a4-2,2026-09-25T06:31:11Z
2024-10-26,agoyan,621014469,high_res,5,80.57,s3://geoglows-v2-forecasts/2024102600.zarr,7e325702d8431408466b23ab3b0ac9a4-2,2026-09-25T06:31:11Z
2024-10-26,agoyan,621014469,high_res,6,81.447,s3://geoglows-v2-forecasts/2024102600.zarr,7e325702d8431408466b23ab3b0ac9a4-2,2026-09-25T06:31:11Z
2024-10-26,agoyan,621014469,high_res,7,75.95,s3://geoglows-v2-forecasts/2024102600.zarr,7e325702d8431408466b23ab3b0ac9a4-2,2026-09-25T06:31:11Z
2024-10-26,agoyan,621014469,high_res,8,78.185,s3://geoglows-v2-forecasts/2024102600.zarr,7e325702d8431408466b23ab3b0ac9a4-2,2026-09-25T06:31:11Z
2024-10-26,agoyan,621014469,high_res,9,87.903,s3://geoglows-v2-forecasts/2024102600.zarr,7e325702d8431408466b23ab3b0ac9a4-2,2026-09-25T06:31:11Z
2024-10-26,manduriacu,670078161,high_res,1,114.484,s3://geoglows-v2-forecasts/2024102600.zarr,7e325702d8431408466b23ab3b0ac9a4-2,2026-09-25T06:31:11Z
2024-10-26,manduriacu,670078161,high_res,10,380.14,s3://geoglows-v2-forecasts/2024102600.zarr,7e325702d8431408466b23ab3b0ac9a4-2,2026-09-25T06:31:11Z
2024-10-26,manduriacu,670078161,high_res,2,122.585,s3://geoglows-v2-forecasts/2024102600.zarr,7e325702d8431408466b23ab3b0ac9a4-2,2026-09-25T06:31:11Z
2024-10-26,manduriacu,670078161,high_res,3,145.144,s3://geoglows-v2-forecasts/2024102600.zarr,7e325702d8431408466b23ab3b0ac9a4-2,2026-09-25T06:31:11Z
2024-10-26,manduriacu,670078161,high_res,4,176.538,s3://geoglows-v2-forecasts/2024102600.zarr,7e325702d8431408466b23ab3b0ac9a4-2,2026-09-25T06:31:11Z
2024-10-26,manduriacu,670078161,high_res,5,204.392,s3://geoglows-v2-forecasts/2024102600.zarr,7e325702d8431408466b23ab3b0ac9a4-2,2026-09-25T06:31:11Z
2024-10-26,manduriacu,670078161,high_res,6,250.327,s3://geoglows-v2-forecasts/2024102600.zarr,7e325702d8431408466b23ab3b0ac9a4-2,2026-09-25T06:31:11Z
2024-10-26,manduriacu,670078161,high_res,7,250.561,s3://geoglows-v2-forecasts/2024102600.zarr,7e325702d8431408466b23ab3b0ac9a4-2,2026-09-25T06:31:11Z
2024-10-26,manduriacu,670078161,high_res,8,276.267,s3://geoglows-v2-forecasts/2024102600.zarr,7e325702d8431408466b23ab3b0ac9a4-2,2026-09-25T06:31:11Z
2024-10-26,manduriacu,670078161,high_res,9,372.883,s3://geoglows-v2-forecasts/2024102600.zarr,7e325702d8431408466b23ab3b0ac9a4-2,2026-09-25T06:31:11Z
2024-10-26,minas_san_francisco,670027091,high_res,1,14.674,s3://geoglows-v2-forecasts/2024102600.zarr,7e325702d8431408466b23ab3b0ac9a4-2,2026-09-25T06:31:11Z
2024-10-26,minas_san_francisco,670027091,high_res,10,24.829,s3://geoglows-v2-forecasts/2024102600.zarr,7e325702d8431408466b23ab3b0ac9a4-2,2026-09-25T06:31:11Z
2024-10-26,minas_san_francisco,670027091,high_res,2,16.324,s3://geoglows-v2-forecasts/2024102600.zarr,7e325702d8431408466b23ab3b0ac9a4-2,2026-09-25T06:31:11Z
2024-10-26,minas_san_francisco,670027091,high_res,3,27.019,s3://geoglows-v2-forecasts/2024102600.zarr,7e325702d8431408466b23ab3b0ac9a4-2,2026-09-25T06:31:11Z
2024-10-26,minas_san_francisco,670027091,high_res,4,39.903,s3://geoglows-v2-forecasts/2024102600.zarr,7e325702d8431408466b23ab3b0ac9a4-2,2026-09-25T06:31:11Z
2024-10-26,minas_san_francisco,670027091,high_res,5,34.135,s3://geoglows-v2-forecasts/2024102600.zarr,7e325702d8431408466b23ab3b0ac9a4-2,2026-09-25T06:31:11Z
2024-10-26,minas_san_francisco,670027091,high_res,6,26.573,s3://geoglows-v2-forecasts/2024102600.zarr,7e325702d8431408466b23ab3b0ac9a4-2,2026-09-25T06:31:11Z
2024-10-26,minas_san_francisco,670027091,high_res,7,25.028,s3://geoglows-v2-forecasts/2024102600.zarr,7e325702d8431408466b23ab3b0ac9a4-2,2026-09-25T06:31:11Z
2024-10-26,minas_san_francisco,670027091,high_res,8,38.318,s3://geoglows-v2-forecasts/2024102600.zarr,7e325702d8431408466b23ab3b0ac9a4-2,2026-09-25T06:31:11Z
2024-10-26,minas_san_francisco,670027091,high_res,9,35.067,s3://geoglows-v2-forecasts/2024102600.zarr,7e325702d8431408466b23ab3b0ac9a4-2,2026-09-25T06:31:11Z
2024-10-27,agoyan,621014469,high_res,1,57.781,s3://geoglows-v2-forecasts/2024102700.zarr,f4c7e7b48874ccc76554fb94bceb0b98-2,2026-09-25T06:31:15Z
2024-10-27,agoyan,621014469,high_res,10,69.209,s3://geoglows-v2-forecasts/2024102700.zarr,f4c7e7b48874ccc76554fb94bceb0b98-2,2026-09-25T06:31:15Z
2024-10-27,agoyan,621014469,high_res,2,60.971,s3://geoglows-v2-forecasts/2024102700.zarr,f4c7e7b48874ccc76554fb94bceb0b98-2,2026-09-25T06:31:15Z
2024-10-27,agoyan,621014469,high_res,3,71.984,s3://geoglows-v2-forecasts/2024102700.zarr,f4c7e7b48874ccc76554fb94bceb0b98-2,2026-09-25T06:31:15Z
2024-10-27,agoyan,621014469,high_res,4,84.553,s3://geoglows-v2-forecasts/2024102700.zarr,f4c7e7b48874ccc76554fb94bceb0b98-2,2026-09-25T06:31:15Z
2024-10-27,agoyan,621014469,high_res,5,91.889,s3://geoglows-v2-forecasts/2024102700.zarr,f4c7e7b48874ccc76554fb94bceb0b98-2,2026-09-25T06:31:15Z
2024-10-27,agoyan,621014469,high_res,6,81.216,s3://geoglows-v2-forecasts/2024102700.zarr,f4c7e7b48874ccc76554fb94bceb0b98-2,2026-09-25T06:31:15Z
2024-10-27,agoyan,621014469,high_res,7,72.772,s3://geoglows-v2-forecasts/2024102700.zarr,f4c7e7b48874ccc76554fb94bceb0b98-2,2026-09-25T06:31:15Z
2024-10-27,agoyan,621014469,high_res,8,71.836,s3://geoglows-v2-forecasts/2024102700.zarr,f4c7e7b48874ccc76554fb94bceb0b98-2,2026-09-25T06:31:15Z
2024-10-27,agoyan,621014469,high_res,9,72.031,s3://geoglows-v2-forecasts/2024102700.zarr,f4c7e7b48874ccc76554fb94bceb0b98-2,2026-09-25T06:31:15Z
2024-10-27,manduriacu,670078161,high_res,1,106.962,s3://geoglows-v2-forecasts/2024102700.zarr,f4c7e7b48874ccc76554fb94bceb0b98-2,2026-09-25T06:31:15Z
2024-10-27,manduriacu,670078161,high_res,10,227.635,s3://geoglows-v2-forecasts/2024102700.zarr,f4c7e7b48874ccc76554fb94bceb0b98-2,2026-09-25T06:31:15Z
2024-10-27,manduriacu,670078161,high_res,2,106.489,s3://geoglows-v2-forecasts/2024102700.zarr,f4c7e7b48874ccc76554fb94bceb0b98-2,2026-09-25T06:31:15Z
2024-10-27,manduriacu,670078161,high_res,3,133.589,s3://geoglows-v2-forecasts/2024102700.zarr,f4c7e7b48874ccc76554fb94bceb0b98-2,2026-09-25T06:31:15Z
2024-10-27,manduriacu,670078161,high_res,4,156.5,s3://geoglows-v2-forecasts/2024102700.zarr,f4c7e7b48874ccc76554fb94bceb0b98-2,2026-09-25T06:31:15Z
2024-10-27,manduriacu,670078161,high_res,5,177.006,s3://geoglows-v2-forecasts/2024102700.zarr,f4c7e7b48874ccc76554fb94bceb0b98-2,2026-09-25T06:31:15Z
2024-10-27,manduriacu,670078161,high_res,6,196.413,s3://geoglows-v2-forecasts/2024102700.zarr,f4c7e7b48874ccc76554fb94bceb0b98-2,2026-09-25T06:31:15Z
2024-10-27,manduriacu,670078161,high_res,7,207.939,s3://geoglows-v2-forecasts/2024102700.zarr,f4c7e7b48874ccc76554fb94bceb0b98-2,2026-09-25T06:31:15Z
2024-10-27,manduriacu,670078161,high_res,8,240.597,s3://geoglows-v2-forecasts/2024102700.zarr,f4c7e7b48874ccc76554fb94bceb0b98-2,2026-09-25T06:31:15Z
2024-10-27,manduriacu,670078161,high_res,9,281.09,s3://geoglows-v2-forecasts/2024102700.zarr,f4c7e7b48874ccc76554fb94bceb0b98-2,2026-09-25T06:31:15Z
2024-10-27,minas_san_francisco,670027091,high_res,1,14.903,s3://geoglows-v2-forecasts/2024102700.zarr,f4c7e7b48874ccc76554fb94bceb0b98-2,2026-09-25T06:31:15Z
2024-10-27,minas_san_francisco,670027091,high_res,10,10.315,s3://geoglows-v2-forecasts/2024102700.zarr,f4c7e7b48874ccc76554fb94bceb0b98-2,2026-09-25T06:31:15Z
2024-10-27,minas_san_francisco,670027091,high_res,2,23.754,s3://geoglows-v2-forecasts/2024102700.zarr,f4c7e7b48874ccc76554fb94bceb0b98-2,2026-09-25T06:31:15Z
2024-10-27,minas_san_francisco,670027091,high_res,3,41.633,s3://geoglows-v2-forecasts/2024102700.zarr,f4c7e7b48874ccc76554fb94bceb0b98-2,2026-09-25T06:31:15Z
2024-10-27,minas_san_francisco,670027091,high_res,4,46.843,s3://geoglows-v2-forecasts/2024102700.zarr,f4c7e7b48874ccc76554fb94bceb0b98-2,2026-09-25T06:31:15Z
2024-10-27,minas_san_francisco,670027091,high_res,5,39.616,s3://geoglows-v2-forecasts/2024102700.zarr,f4c7e7b48874ccc76554fb94bceb0b98-2,2026-09-25T06:31:15Z
2024-10-27,minas_san_francisco,670027091,high_res,6,22.84,s3://geoglows-v2-forecasts/2024102700.zarr,f4c7e7b48874ccc76554fb94bceb0b98-2,2026-09-25T06:31:15Z
2024-10-27,minas_san_francisco,670027091,high_res,7,19.272,s3://geoglows-v2-forecasts/2024102700.zarr,f4c7e7b48874ccc76554fb94bceb0b98-2,2026-09-25T06:31:15Z
2024-10-27,minas_san_francisco,670027091,high_res,8,20.35,s3://geoglows-v2-forecasts/2024102700.zarr,f4c7e7b48874ccc76554fb94bceb0b98-2,2026-09-25T06:31:15Z
2024-10-27,minas_san_francisco,670027091,high_res,9,13.382,s3://geoglows-v2-forecasts/2024102700.zarr,f4c7e7b48874ccc76554fb94bceb0b98-2,2026-09-25T06:31:15Z
2024-10-28,agoyan,621014469,high_res,1,65.564,s3://geoglows-v2-forecasts/2024102800.zarr,bf434754a84e0c16a69557d208221971-2,2026-09-25T06:31:16Z
2024-10-28,agoyan,621014469,high_res,10,107.552,s3://geoglows-v2-forecasts/2024102800.zarr,bf434754a84e0c16a69557d208221971-2,2026-09-25T06:31:16Z
2024-10-28,agoyan,621014469,high_res,2,99.383,s3://geoglows-v2-forecasts/2024102800.zarr,bf434754a84e0c16a69557d208221971-2,2026-09-25T06:31:16Z
2024-10-28,agoyan,621014469,high_res,3,158.19,s3://geoglows-v2-forecasts/2024102800.zarr,bf434754a84e0c16a69557d208221971-2,2026-09-25T06:31:16Z
2024-10-28,agoyan,621014469,high_res,4,147.249,s3://geoglows-v2-forecasts/2024102800.zarr,bf434754a84e0c16a69557d208221971-2,2026-09-25T06:31:16Z
2024-10-28,agoyan,621014469,high_res,5,128.709,s3://geoglows-v2-forecasts/2024102800.zarr,bf434754a84e0c16a69557d208221971-2,2026-09-25T06:31:16Z
2024-10-28,agoyan,621014469,high_res,6,104.642,s3://geoglows-v2-forecasts/2024102800.zarr,bf434754a84e0c16a69557d208221971-2,2026-09-25T06:31:16Z
2024-10-28,agoyan,621014469,high_res,7,101.681,s3://geoglows-v2-forecasts/2024102800.zarr,bf434754a84e0c16a69557d208221971-2,2026-09-25T06:31:16Z
2024-10-28,agoyan,621014469,high_res,8,104.43,s3://geoglows-v2-forecasts/2024102800.zarr,bf434754a84e0c16a69557d208221971-2,2026-09-25T06:31:16Z
2024-10-28,agoyan,621014469,high_res,9,110.959,s3://geoglows-v2-forecasts/2024102800.zarr,bf434754a84e0c16a69557d208221971-2,2026-09-25T06:31:16Z
2024-10-28,manduriacu,670078161,high_res,1,109.109,s3://geoglows-v2-forecasts/2024102800.zarr,bf434754a84e0c16a69557d208221971-2,2026-09-25T06:31:16Z
2024-10-28,manduriacu,670078161,high_res,10,200.739,s3://geoglows-v2-forecasts/2024102800.zarr,bf434754a84e0c16a69557d208221971-2,2026-09-25T06:31:16Z
2024-10-28,manduriacu,670078161,high_res,2,115.106,s3://geoglows-v2-forecasts/2024102800.zarr,bf434754a84e0c16a69557d208221971-2,2026-09-25T06:31:16Z
2024-10-28,manduriacu,670078161,high_res,3,142.02,s3://geoglows-v2-forecasts/2024102800.zarr,bf434754a84e0c16a69557d208221971-2,2026-09-25T06:31:16Z
2024-10-28,manduriacu,670078161,high_res,4,187.904,s3://geoglows-v2-forecasts/2024102800.zarr,bf434754a84e0c16a69557d208221971-2,2026-09-25T06:31:16Z
2024-10-28,manduriacu,670078161,high_res,5,248.654,s3://geoglows-v2-forecasts/2024102800.zarr,bf434754a84e0c16a69557d208221971-2,2026-09-25T06:31:16Z
2024-10-28,manduriacu,670078161,high_res,6,310.687,s3://geoglows-v2-forecasts/2024102800.zarr,bf434754a84e0c16a69557d208221971-2,2026-09-25T06:31:16Z
2024-10-28,manduriacu,670078161,high_res,7,402.552,s3://geoglows-v2-forecasts/2024102800.zarr,bf434754a84e0c16a69557d208221971-2,2026-09-25T06:31:16Z
2024-10-28,manduriacu,670078161,high_res,8,375.708,s3://geoglows-v2-forecasts/2024102800.zarr,bf434754a84e0c16a69557d208221971-2,2026-09-25T06:31:16Z
2024-10-28,manduriacu,670078161,high_res,9,251.739,s3://geoglows-v2-forecasts/2024102800.zarr,bf434754a84e0c16a69557d208221971-2,2026-09-25T06:31:16Z
2024-10-28,minas_san_francisco,670027091,high_res,1,22.512,s3://geoglows-v2-forecasts/2024102800.zarr,bf434754a84e0c16a69557d208221971-2,2026-09-25T06:31:16Z
2024-10-28,minas_san_francisco,670027091,high_res,10,15.052,s3://geoglows-v2-forecasts/2024102800.zarr,bf434754a84e0c16a69557d208221971-2,2026-09-25T06:31:16Z
2024-10-28,minas_san_francisco,670027091,high_res,2,36.403,s3://geoglows-v2-forecasts/2024102800.zarr,bf434754a84e0c16a69557d208221971-2,2026-09-25T06:31:16Z
2024-10-28,minas_san_francisco,670027091,high_res,3,53.207,s3://geoglows-v2-forecasts/2024102800.zarr,bf434754a84e0c16a69557d208221971-2,2026-09-25T06:31:16Z
2024-10-28,minas_san_francisco,670027091,high_res,4,48.609,s3://geoglows-v2-forecasts/2024102800.zarr,bf434754a84e0c16a69557d208221971-2,2026-09-25T06:31:16Z
2024-10-28,minas_san_francisco,670027091,high_res,5,29.077,s3://geoglows-v2-forecasts/2024102800.zarr,bf434754a84e0c16a69557d208221971-2,2026-09-25T06:31:16Z
2024-10-28,minas_san_francisco,670027091,high_res,6,20.82,s3://geoglows-v2-forecasts/2024102800.zarr,bf434754a84e0c16a69557d208221971-2,2026-09-25T06:31:16Z
2024-10-28,minas_san_francisco,670027091,high_res,7,24.647,s3://geoglows-v2-forecasts/2024102800.zarr,bf434754a84e0c16a69557d208221971-2,2026-09-25T06:31:16Z
2024-10-28,minas_san_francisco,670027091,high_res,8,23.977,s3://geoglows-v2-forecasts/2024102800.zarr,bf434754a84e0c16a69557d208221971-2,2026-09-25T06:31:16Z
2024-10-28,minas_san_francisco,670027091,high_res,9,18.898,s3://geoglows-v2-forecasts/2024102800.zarr,bf434754a84e0c16a69557d208221971-2,2026-09-25T06:31:16Z
2024-10-29,agoyan,621014469,high_res,1,93.156,s3://geoglows-v2-forecasts/2024102900.zarr,38976c8b7afaa7c4dd6fe4e30cee28db-2,2026-09-25T06:31:15Z
2024-10-29,agoyan,621014469,high_res,10,54.506,s3://geoglows-v2-forecasts/2024102900.zarr,38976c8b7afaa7c4dd6fe4e30cee28db-2,2026-09-25T06:31:15Z
2024-10-29,agoyan,621014469,high_res,2,116.196,s3://geoglows-v2-forecasts/2024102900.zarr,38976c8b7afaa7c4dd6fe4e30cee28db-2,2026-09-25T06:31:15Z
2024-10-29,agoyan,621014469,high_res,3,113.427,s3://geoglows-v2-forecasts/2024102900.zarr,38976c8b7afaa7c4dd6fe4e30cee28db-2,2026-09-25T06:31:15Z
2024-10-29,agoyan,621014469,high_res,4,113.64,s3://geoglows-v2-forecasts/2024102900.zarr,38976c8b7afaa7c4dd6fe4e30cee28db-2,2026-09-25T06:31:15Z
2024-10-29,agoyan,621014469,high_res,5,104.399,s3://geoglows-v2-forecasts/2024102900.zarr,38976c8b7afaa7c4dd6fe4e30cee28db-2,2026-09-25T06:31:15Z
2024-10-29,agoyan,621014469,high_res,6,98.301,s3://geoglows-v2-forecasts/2024102900.zarr,38976c8b7afaa7c4dd6fe4e30cee28db-2,2026-09-25T06:31:15Z
2024-10-29,agoyan,621014469,high_res,7,99.061,s3://geoglows-v2-forecasts/2024102900.zarr,38976c8b7afaa7c4dd6fe4e30cee28db-2,2026-09-25T06:31:15Z
2024-10-29,agoyan,621014469,high_res,8,87.643,s3://geoglows-v2-forecasts/2024102900.zarr,38976c8b7afaa7c4dd6fe4e30cee28db-2,2026-09-25T06:31:15Z
2024-10-29,agoyan,621014469,high_res,9,68.194,s3://geoglows-v2-forecasts/2024102900.zarr,38976c8b7afaa7c4dd6fe4e30cee28db-2,2026-09-25T06:31:15Z
2024-10-29,manduriacu,670078161,high_res,1,112.764,s3://geoglows-v2-forecasts/2024102900.zarr,38976c8b7afaa7c4dd6fe4e30cee28db-2,2026-09-25T06:31:15Z
2024-10-29,manduriacu,670078161,high_res,10,149.148,s3://geoglows-v2-forecasts/2024102900.zarr,38976c8b7afaa7c4dd6fe4e30cee28db-2,2026-09-25T06:31:15Z
2024-10-29,manduriacu,670078161,high_res,2,136.952,s3://geoglows-v2-forecasts/2024102900.zarr,38976c8b7afaa7c4dd6fe4e30cee28db-2,2026-09-25T06:31:15Z
2024-10-29,manduriacu,670078161,high_res,3,206.346,s3://geoglows-v2-forecasts/2024102900.zarr,38976c8b7afaa7c4dd6fe4e30cee28db-2,2026-09-25T06:31:15Z
2024-10-29,manduriacu,670078161,high_res,4,203.466,s3://geoglows-v2-forecasts/2024102900.zarr,38976c8b7afaa7c4dd6fe4e30cee28db-2,2026-09-25T06:31:15Z
2024-10-29,manduriacu,670078161,high_res,5,246.272,s3://geoglows-v2-forecasts/2024102900.zarr,38976c8b7afaa7c4dd6fe4e30cee28db-2,2026-09-25T06:31:15Z
2024-10-29,manduriacu,670078161,high_res,6,317.285,s3://geoglows-v2-forecasts/2024102900.zarr,38976c8b7afaa7c4dd6fe4e30cee28db-2,2026-09-25T06:31:15Z
2024-10-29,manduriacu,670078161,high_res,7,354.598,s3://geoglows-v2-forecasts/2024102900.zarr,38976c8b7afaa7c4dd6fe4e30cee28db-2,2026-09-25T06:31:15Z
2024-10-29,manduriacu,670078161,high_res,8,284.185,s3://geoglows-v2-forecasts/2024102900.zarr,38976c8b7afaa7c4dd6fe4e30cee28db-2,2026-09-25T06:31:15Z
2024-10-29,manduriacu,670078161,high_res,9,191.371,s3://geoglows-v2-forecasts/2024102900.zarr,38976c8b7afaa7c4dd6fe4e30cee28db-2,2026-09-25T06:31:15Z
2024-10-29,minas_san_francisco,670027091,high_res,1,33.221,s3://geoglows-v2-forecasts/2024102900.zarr,38976c8b7afaa7c4dd6fe4e30cee28db-2,2026-09-25T06:31:15Z
2024-10-29,minas_san_francisco,670027091,high_res,10,9.491,s3://geoglows-v2-forecasts/2024102900.zarr,38976c8b7afaa7c4dd6fe4e30cee28db-2,2026-09-25T06:31:15Z
2024-10-29,minas_san_francisco,670027091,high_res,2,39.427,s3://geoglows-v2-forecasts/2024102900.zarr,38976c8b7afaa7c4dd6fe4e30cee28db-2,2026-09-25T06:31:15Z
2024-10-29,minas_san_francisco,670027091,high_res,3,38.897,s3://geoglows-v2-forecasts/2024102900.zarr,38976c8b7afaa7c4dd6fe4e30cee28db-2,2026-09-25T06:31:15Z
2024-10-29,minas_san_francisco,670027091,high_res,4,34.667,s3://geoglows-v2-forecasts/2024102900.zarr,38976c8b7afaa7c4dd6fe4e30cee28db-2,2026-09-25T06:31:15Z
2024-10-29,minas_san_francisco,670027091,high_res,5,32.278,s3://geoglows-v2-forecasts/2024102900.zarr,38976c8b7afaa7c4dd6fe4e30cee28db-2,2026-09-25T06:31:15Z
2024-10-29,minas_san_francisco,670027091,high_res,6,28.474,s3://geoglows-v2-forecasts/2024102900.zarr,38976c8b7afaa7c4dd6fe4e30cee28db-2,2026-09-25T06:31:15Z
2024-10-29,minas_san_francisco,670027091,high_res,7,22.05,s3://geoglows-v2-forecasts/2024102900.zarr,38976c8b7afaa7c4dd6fe4e30cee28db-2,2026-09-25T06:31:15Z
2024-10-29,minas_san_francisco,670027091,high_res,8,15.11,s3://geoglows-v2-forecasts/2024102900.zarr,38976c8b7afaa7c4dd6fe4e30cee28db-2,2026-09-25T06:31:15Z
2024-10-29,minas_san_francisco,670027091,high_res,9,12.346,s3://geoglows-v2-forecasts/2024102900.zarr,38976c8b7afaa7c4dd6fe4e30cee28db-2,2026-09-25T06:31:15Z
2024-10-30,agoyan,621014469,high_res,1,114.239,s3://geoglows-v2-forecasts/2024103000.zarr,96fb00895192da199dccb35fadd9b2e7-2,2026-09-25T06:31:15Z
2024-10-30,agoyan,621014469,high_res,10,52.617,s3://geoglows-v2-forecasts/2024103000.zarr,96fb00895192da199dccb35fadd9b2e7-2,2026-09-25T06:31:15Z
2024-10-30,agoyan,621014469,high_res,2,112.165,s3://geoglows-v2-forecasts/2024103000.zarr,96fb00895192da199dccb35fadd9b2e7-2,2026-09-25T06:31:15Z
2024-10-30,agoyan,621014469,high_res,3,112.026,s3://geoglows-v2-forecasts/2024103000.zarr,96fb00895192da199dccb35fadd9b2e7-2,2026-09-25T06:31:15Z
2024-10-30,agoyan,621014469,high_res,4,104.984,s3://geoglows-v2-forecasts/2024103000.zarr,96fb00895192da199dccb35fadd9b2e7-2,2026-09-25T06:31:15Z
2024-10-30,agoyan,621014469,high_res,5,100.606,s3://geoglows-v2-forecasts/2024103000.zarr,96fb00895192da199dccb35fadd9b2e7-2,2026-09-25T06:31:15Z
2024-10-30,agoyan,621014469,high_res,6,101.673,s3://geoglows-v2-forecasts/2024103000.zarr,96fb00895192da199dccb35fadd9b2e7-2,2026-09-25T06:31:15Z
2024-10-30,agoyan,621014469,high_res,7,93.316,s3://geoglows-v2-forecasts/2024103000.zarr,96fb00895192da199dccb35fadd9b2e7-2,2026-09-25T06:31:15Z
2024-10-30,agoyan,621014469,high_res,8,75.221,s3://geoglows-v2-forecasts/2024103000.zarr,96fb00895192da199dccb35fadd9b2e7-2,2026-09-25T06:31:15Z
2024-10-30,agoyan,621014469,high_res,9,60.079,s3://geoglows-v2-forecasts/2024103000.zarr,96fb00895192da199dccb35fadd9b2e7-2,2026-09-25T06:31:15Z
2024-10-30,manduriacu,670078161,high_res,1,126.061,s3://geoglows-v2-forecasts/2024103000.zarr,96fb00895192da199dccb35fadd9b2e7-2,2026-09-25T06:31:15Z
2024-10-30,manduriacu,670078161,high_res,10,141.436,s3://geoglows-v2-forecasts/2024103000.zarr,96fb00895192da199dccb35fadd9b2e7-2,2026-09-25T06:31:15Z
2024-10-30,manduriacu,670078161,high_res,2,159.944,s3://geoglows-v2-forecasts/2024103000.zarr,96fb00895192da199dccb35fadd9b2e7-2,2026-09-25T06:31:15Z
2024-10-30,manduriacu,670078161,high_res,3,210.548,s3://geoglows-v2-forecasts/2024103000.zarr,96fb00895192da199dccb35fadd9b2e7-2,2026-09-25T06:31:15Z
2024-10-30,manduriacu,670078161,high_res,4,273.997,s3://geoglows-v2-forecasts/2024103000.zarr,96fb00895192da199dccb35fadd9b2e7-2,2026-09-25T06:31:15Z
2024-10-30,manduriacu,670078161,high_res,5,351.609,s3://geoglows-v2-forecasts/2024103000.zarr,96fb00895192da199dccb35fadd9b2e7-2,2026-09-25T06:31:15Z
2024-10-30,manduriacu,670078161,high_res,6,356.194,s3://geoglows-v2-forecasts/2024103000.zarr,96fb00895192da199dccb35fadd9b2e7-2,2026-09-25T06:31:15Z
2024-10-30,manduriacu,670078161,high_res,7,257.968,s3://geoglows-v2-forecasts/2024103000.zarr,96fb00895192da199dccb35fadd9b2e7-2,2026-09-25T06:31:15Z
2024-10-30,manduriacu,670078161,high_res,8,205.668,s3://geoglows-v2-forecasts/2024103000.zarr,96fb00895192da199dccb35fadd9b2e7-2,2026-09-25T06:31:15Z
2024-10-30,manduriacu,670078161,high_res,9,162.586,s3://geoglows-v2-forecasts/2024103000.zarr,96fb00895192da199dccb35fadd9b2e7-2,2026-09-25T06:31:15Z
2024-10-30,minas_san_francisco,670027091,high_res,1,35.364,s3://geoglows-v2-forecasts/2024103000.zarr,96fb00895192da199dccb35fadd9b2e7-2,2026-09-25T06:31:15Z
2024-10-30,minas_san_francisco,670027091,high_res,10,7.838,s3://geoglows-v2-forecasts/2024103000.zarr,96fb00895192da199dccb35fadd9b2e7-2,2026-09-25T06:31:15Z
2024-10-30,minas_san_francisco,670027091,high_res,2,36.032,s3://geoglows-v2-forecasts/2024103000.zarr,96fb00895192da199dccb35fadd9b2e7-2,2026-09-25T06:31:15Z
2024-10-30,minas_san_francisco,670027091,high_res,3,39.39,s3://geoglows-v2-forecasts/2024103000.zarr,96fb00895192da199dccb35fadd9b2e7-2,2026-09-25T06:31:15Z
2024-10-30,minas_san_francisco,670027091,high_res,4,35.486,s3://geoglows-v2-forecasts/2024103000.zarr,96fb00895192da199dccb35fadd9b2e7-2,2026-09-25T06:31:15Z
2024-10-30,minas_san_francisco,670027091,high_res,5,29.752,s3://geoglows-v2-forecasts/2024103000.zarr,96fb00895192da199dccb35fadd9b2e7-2,2026-09-25T06:31:15Z
2024-10-30,minas_san_francisco,670027091,high_res,6,22.723,s3://geoglows-v2-forecasts/2024103000.zarr,96fb00895192da199dccb35fadd9b2e7-2,2026-09-25T06:31:15Z
2024-10-30,minas_san_francisco,670027091,high_res,7,17.748,s3://geoglows-v2-forecasts/2024103000.zarr,96fb00895192da199dccb35fadd9b2e7-2,2026-09-25T06:31:15Z
2024-10-30,minas_san_francisco,670027091,high_res,8,13.6,s3://geoglows-v2-forecasts/2024103000.zarr,96fb00895192da199dccb35fadd9b2e7-2,2026-09-25T06:31:15Z
2024-10-30,minas_san_francisco,670027091,high_res,9,10.144,s3://geoglows-v2-forecasts/2024103000.zarr,96fb00895192da199dccb35fadd9b2e7-2,2026-09-25T06:31:15Z
2024-10-31,agoyan,621014469,high_res,1,112.671,s3://geoglows-v2-forecasts/2024103100.zarr,3d987849d23ac09ebed473be1de3bf80-2,2026-09-25T06:31:16Z
2024-10-31,agoyan,621014469,high_res,10,66.755,s3://geoglows-v2-forecasts/2024103100.zarr,3d987849d23ac09ebed473be1de3bf80-2,2026-09-25T06:31:16Z
2024-10-31,agoyan,621014469,high_res,2,111.536,s3://geoglows-v2-forecasts/2024103100.zarr,3d987849d23ac09ebed473be1de3bf80-2,2026-09-25T06:31:16Z
2024-10-31,agoyan,621014469,high_res,3,108.739,s3://geoglows-v2-forecasts/2024103100.zarr,3d987849d23ac09ebed473be1de3bf80-2,2026-09-25T06:31:16Z
2024-10-31,agoyan,621014469,high_res,4,115.465,s3://geoglows-v2-forecasts/2024103100.zarr,3d987849d23ac09ebed473be1de3bf80-2,2026-09-25T06:31:16Z
2024-10-31,agoyan,621014469,high_res,5,140.643,s3://geoglows-v2-forecasts/2024103100.zarr,3d987849d23ac09ebed473be1de3bf80-2,2026-09-25T06:31:16Z
2024-10-31,agoyan,621014469,high_res,6,127.728,s3://geoglows-v2-forecasts/2024103100.zarr,3d987849d23ac09ebed473be1de3bf80-2,2026-09-25T06:31:16Z
2024-10-31,agoyan,621014469,high_res,7,112.601,s3://geoglows-v2-forecasts/2024103100.zarr,3d987849d23ac09ebed473be1de3bf80-2,2026-09-25T06:31:16Z
2024-10-31,agoyan,621014469,high_res,8,92.858,s3://geoglows-v2-forecasts/2024103100.zarr,3d987849d23ac09ebed473be1de3bf80-2,2026-09-25T06:31:16Z
2024-10-31,agoyan,621014469,high_res,9,76.991,s3://geoglows-v2-forecasts/2024103100.zarr,3d987849d23ac09ebed473be1de3bf80-2,2026-09-25T06:31:16Z
2024-10-31,manduriacu,670078161,high_res,1,136.892,s3://geoglows-v2-forecasts/2024103100.zarr,3d987849d23ac09ebed473be1de3bf80-2,2026-09-25T06:31:16Z
2024-10-31,manduriacu,670078161,high_res,10,111.196,s3://geoglows-v2-forecasts/2024103100.zarr,3d987849d23ac09ebed473be1de3bf80-2,2026-09-25T06:31:16Z
2024-10-31,manduriacu,670078161,high_res,2,146.958,s3://geoglows-v2-forecasts/2024103100.zarr,3d987849d23ac09ebed473be1de3bf80-2,2026-09-25T06:31:16Z
2024-10-31,manduriacu,670078161,high_res,3,195.382,s3://geoglows-v2-forecasts/2024103100.zarr,3d987849d23ac09ebed473be1de3bf80-2,2026-09-25T06:31:16Z
2024-10-31,manduriacu,670078161,high_res,4,273.64,s3://geoglows-v2-forecasts/2024103100.zarr,3d987849d23ac09ebed473be1de3bf80-2,2026-09-25T06:31:16Z
2024-10-31,manduriacu,670078161,high_res,5,271.711,s3://geoglows-v2-forecasts/2024103100.zarr,3d987849d23ac09ebed473be1de3bf80-2,2026-09-25T06:31:16Z
2024-10-31,manduriacu,670078161,high_res,6,212.464,s3://geoglows-v2-forecasts/2024103100.zarr,3d987849d23ac09ebed473be1de3bf80-2,2026-09-25T06:31:16Z
2024-10-31,manduriacu,670078161,high_res,7,169.712,s3://geoglows-v2-forecasts/2024103100.zarr,3d987849d23ac09ebed473be1de3bf80-2,2026-09-25T06:31:16Z
2024-10-31,manduriacu,670078161,high_res,8,152.913,s3://geoglows-v2-forecasts/2024103100.zarr,3d987849d23ac09ebed473be1de3bf80-2,2026-09-25T06:31:16Z
2024-10-31,manduriacu,670078161,high_res,9,130.44,s3://geoglows-v2-forecasts/2024103100.zarr,3d987849d23ac09ebed473be1de3bf80-2,2026-09-25T06:31:16Z
2024-10-31,minas_san_francisco,670027091,high_res,1,31.643,s3://geoglows-v2-forecasts/2024103100.zarr,3d987849d23ac09ebed473be1de3bf80-2,2026-09-25T06:31:16Z
2024-10-31,minas_san_francisco,670027091,high_res,10,10.342,s3://geoglows-v2-forecasts/2024103100.zarr,3d987849d23ac09ebed473be1de3bf80-2,2026-09-25T06:31:16Z
2024-10-31,minas_san_francisco,670027091,high_res,2,25.977,s3://geoglows-v2-forecasts/2024103100.zarr,3d987849d23ac09ebed473be1de3bf80-2,2026-09-25T06:31:16Z
2024-10-31,minas_san_francisco,670027091,high_res,3,22.125,s3://geoglows-v2-forecasts/2024103100.zarr,3d987849d23ac09ebed473be1de3bf80-2,2026-09-25T06:31:16Z
2024-10-31,minas_san_francisco,670027091,high_res,4,18.998,s3://geoglows-v2-forecasts/2024103100.zarr,3d987849d23ac09ebed473be1de3bf80-2,2026-09-25T06:31:16Z
2024-10-31,minas_san_francisco,670027091,high_res,5,17.249,s3://geoglows-v2-forecasts/2024103100.zarr,3d987849d23ac09ebed473be1de3bf80-2,2026-09-25T06:31:16Z
2024-10-31,minas_san_francisco,670027091,high_res,6,20.12,s3://geoglows-v2-forecasts/2024103100.zarr,3d987849d23ac09ebed473be1de3bf80-2,2026-09-25T06:31:16Z
2024-10-31,minas_san_francisco,670027091,high_res,7,21.388,s3://geoglows-v2-forecasts/2024103100.zarr,3d987849d23ac09ebed473be1de3bf80-2,2026-09-25T06:31:16Z
2024-10-31,minas_san_francisco,670027091,high_res,8,19.074,s3://geoglows-v2-forecasts/2024103100.zarr,3d987849d23ac09ebed473be1de3bf80-2,2026-09-25T06:31:16Z
2024-10-31,minas_san_francisco,670027091,high_res,9,15.969,s3://geoglows-v2-forecasts/2024103100.zarr,3d987849d23ac09ebed473be1de3bf80-2,2026-09-25T06:31:16Z
2024-11-01,agoyan,621014469,high_res,1,107.519,s3://geoglows-v2-forecasts/2024110100.zarr,c7af6910a71ce059a4ff6bddd947100d-2,2026-09-25T06:31:15Z
2024-11-01,agoyan,621014469,high_res,10,43.827,s3://geoglows-v2-forecasts/2024110100.zarr,c7af6910a71ce059a4ff6bddd947100d-2,2026-09-25T06:31:15Z
2024-11-01,agoyan,621014469,high_res,2,95.707,s3://geoglows-v2-forecasts/2024110100.zarr,c7af6910a71ce059a4ff6bddd947100d-2,2026-09-25T06:31:15Z
2024-11-01,agoyan,621014469,high_res,3,85.611,s3://geoglows-v2-forecasts/2024110100.zarr,c7af6910a71ce059a4ff6bddd947100d-2,2026-09-25T06:31:15Z
2024-11-01,agoyan,621014469,high_res,4,80.732,s3://geoglows-v2-forecasts/2024110100.zarr,c7af6910a71ce059a4ff6bddd947100d-2,2026-09-25T06:31:15Z
2024-11-01,agoyan,621014469,high_res,5,73.991,s3://geoglows-v2-forecasts/2024110100.zarr,c7af6910a71ce059a4ff6bddd947100d-2,2026-09-25T06:31:15Z
2024-11-01,agoyan,621014469,high_res,6,72.505,s3://geoglows-v2-forecasts/2024110100.zarr,c7af6910a71ce059a4ff6bddd947100d-2,2026-09-25T06:31:15Z
2024-11-01,agoyan,621014469,high_res,7,64.599,s3://geoglows-v2-forecasts/2024110100.zarr,c7af6910a71ce059a4ff6bddd947100d-2,2026-09-25T06:31:15Z
2024-11-01,agoyan,621014469,high_res,8,54.569,s3://geoglows-v2-forecasts/2024110100.zarr,c7af6910a71ce059a4ff6bddd947100d-2,2026-09-25T06:31:15Z
2024-11-01,agoyan,621014469,high_res,9,48.382,s3://geoglows-v2-forecasts/2024110100.zarr,c7af6910a71ce059a4ff6bddd947100d-2,2026-09-25T06:31:15Z
2024-11-01,manduriacu,670078161,high_res,1,141.594,s3://geoglows-v2-forecasts/2024110100.zarr,c7af6910a71ce059a4ff6bddd947100d-2,2026-09-25T06:31:15Z
2024-11-01,manduriacu,670078161,high_res,10,65.264,s3://geoglows-v2-forecasts/2024110100.zarr,c7af6910a71ce059a4ff6bddd947100d-2,2026-09-25T06:31:15Z
2024-11-01,manduriacu,670078161,high_res,2,154.77,s3://geoglows-v2-forecasts/2024110100.zarr,c7af6910a71ce059a4ff6bddd947100d-2,2026-09-25T06:31:15Z
2024-11-01,manduriacu,670078161,high_res,3,181.423,s3://geoglows-v2-forecasts/2024110100.zarr,c7af6910a71ce059a4ff6bddd947100d-2,2026-09-25T06:31:15Z
2024-11-01,manduriacu,670078161,high_res,4,176.265,s3://geoglows-v2-forecasts/2024110100.zarr,c7af6910a71ce059a4ff6bddd947100d-2,2026-09-25T06:31:15Z
2024-11-01,manduriacu,670078161,high_res,5,137.516,s3://geoglows-v2-forecasts/2024110100.zarr,c7af6910a71ce059a4ff6bddd947100d-2,2026-09-25T06:31:15Z
2024-11-01,manduriacu,670078161,high_res,6,120.548,s3://geoglows-v2-forecasts/2024110100.zarr,c7af6910a71ce059a4ff6bddd947100d-2,2026-09-25T06:31:15Z
2024-11-01,manduriacu,670078161,high_res,7,108.308,s3://geoglows-v2-forecasts/2024110100.zarr,c7af6910a71ce059a4ff6bddd947100d-2,2026-09-25T06:31:15Z
2024-11-01,manduriacu,670078161,high_res,8,89.227,s3://geoglows-v2-forecasts/2024110100.zarr,c7af6910a71ce059a4ff6bddd947100d-2,2026-09-25T06:31:15Z
2024-11-01,manduriacu,670078161,high_res,9,75.616,s3://geoglows-v2-forecasts/2024110100.zarr,c7af6910a71ce059a4ff6bddd947100d-2,2026-09-25T06:31:15Z
2024-11-01,minas_san_francisco,670027091,high_res,1,25.462,s3://geoglows-v2-forecasts/2024110100.zarr,c7af6910a71ce059a4ff6bddd947100d-2,2026-09-25T06:31:15Z
2024-11-01,minas_san_francisco,670027091,high_res,10,5.154,s3://geoglows-v2-forecasts/2024110100.zarr,c7af6910a71ce059a4ff6bddd947100d-2,2026-09-25T06:31:15Z
2024-11-01,minas_san_francisco,670027091,high_res,2,17.86,s3://geoglows-v2-forecasts/2024110100.zarr,c7af6910a71ce059a4ff6bddd947100d-2,2026-09-25T06:31:15Z
2024-11-01,minas_san_francisco,670027091,high_res,3,14.415,s3://geoglows-v2-forecasts/2024110100.zarr,c7af6910a71ce059a4ff6bddd947100d-2,2026-09-25T06:31:15Z
2024-11-01,minas_san_francisco,670027091,high_res,4,12.671,s3://geoglows-v2-forecasts/2024110100.zarr,c7af6910a71ce059a4ff6bddd947100d-2,2026-09-25T06:31:15Z
2024-11-01,minas_san_francisco,670027091,high_res,5,13.622,s3://geoglows-v2-forecasts/2024110100.zarr,c7af6910a71ce059a4ff6bddd947100d-2,2026-09-25T06:31:15Z
2024-11-01,minas_san_francisco,670027091,high_res,6,14.442,s3://geoglows-v2-forecasts/2024110100.zarr,c7af6910a71ce059a4ff6bddd947100d-2,2026-09-25T06:31:15Z
2024-11-01,minas_san_francisco,670027091,high_res,7,12.088,s3://geoglows-v2-forecasts/2024110100.zarr,c7af6910a71ce059a4ff6bddd947100d-2,2026-09-25T06:31:15Z
2024-11-01,minas_san_francisco,670027091,high_res,8,8.315,s3://geoglows-v2-forecasts/2024110100.zarr,c7af6910a71ce059a4ff6bddd947100d-2,2026-09-25T06:31:15Z
2024-11-01,minas_san_francisco,670027091,high_res,9,5.893,s3://geoglows-v2-forecasts/2024110100.zarr,c7af6910a71ce059a4ff6bddd947100d-2,2026-09-25T06:31:15Z
2024-11-02,agoyan,621014469,high_res,1,93.768,s3://geoglows-v2-forecasts/2024110200.zarr,e4e65c218f4d46e086d79eb718f795da-2,2026-09-25T06:31:16Z
2024-11-02,agoyan,621014469,high_res,10,40.585,s3://geoglows-v2-forecasts/2024110200.zarr,e4e65c218f4d46e086d79eb718f795da-2,2026-09-25T06:31:16Z
2024-11-02,agoyan,621014469,high_res,2,83.722,s3://geoglows-v2-forecasts/2024110200.zarr,e4e65c218f4d46e086d79eb718f795da-2,2026-09-25T06:31:16Z
2024-11-02,agoyan,621014469,high_res,3,77.399,s3://geoglows-v2-forecasts/2024110200.zarr,e4e65c218f4d46e086d79eb718f795da-2,2026-09-25T06:31:16Z
2024-11-02,agoyan,621014469,high_res,4,66.464,s3://geoglows-v2-forecasts/2024110200.zarr,e4e65c218f4d46e086d79eb718f795da-2,2026-09-25T06:31:16Z
2024-11-02,agoyan,621014469,high_res,5,62.749,s3://geoglows-v2-forecasts/2024110200.zarr,e4e65c218f4d46e086d79eb718f795da-2,2026-09-25T06:31:16Z
2024-11-02,agoyan,621014469,high_res,6,55.683,s3://geoglows-v2-forecasts/2024110200.zarr,e4e65c218f4d46e086d79eb718f795da-2,2026-09-25T06:31:16Z
2024-11-02,agoyan,621014469,high_res,7,48.046,s3://geoglows-v2-forecasts/2024110200.zarr,e4e65c218f4d46e086d79eb718f795da-2,2026-09-25T06:31:16Z
2024-11-02,agoyan,621014469,high_res,8,44.448,s3://geoglows-v2-forecasts/2024110200.zarr,e4e65c218f4d46e086d79eb718f795da-2,2026-09-25T06:31:16Z
2024-11-02,agoyan,621014469,high_res,9,42.962,s3://geoglows-v2-forecasts/2024110200.zarr,e4e65c218f4d46e086d79eb718f795da-2,2026-09-25T06:31:16Z
2024-11-02,manduriacu,670078161,high_res,1,152.323,s3://geoglows-v2-forecasts/2024110200.zarr,e4e65c218f4d46e086d79eb718f795da-2,2026-09-25T06:31:16Z
2024-11-02,manduriacu,670078161,high_res,10,66.417,s3://geoglows-v2-forecasts/2024110200.zarr,e4e65c218f4d46e086d79eb718f795da-2,2026-09-25T06:31:16Z
2024-11-02,manduriacu,670078161,high_res,2,171.744,s3://geoglows-v2-forecasts/2024110200.zarr,e4e65c218f4d46e086d79eb718f795da-2,2026-09-25T06:31:16Z
2024-11-02,manduriacu,670078161,high_res,3,168.409,s3://geoglows-v2-forecasts/2024110200.zarr,e4e65c218f4d46e086d79eb718f795da-2,2026-09-25T06:31:16Z
2024-11-02,manduriacu,670078161,high_res,4,144.534,s3://geoglows-v2-forecasts/2024110200.zarr,e4e65c218f4d46e086d79eb718f795da-2,2026-09-25T06:31:16Z
2024-11-02,manduriacu,670078161,high_res,5,120.428,s3://geoglows-v2-forecasts/2024110200.zarr,e4e65c218f4d46e086d79eb718f795da-2,2026-09-25T06:31:16Z
2024-11-02,manduriacu,670078161,high_res,6,105.016,s3://geoglows-v2-forecasts/2024110200.zarr,e4e65c218f4d46e086d79eb718f795da-2,2026-09-25T06:31:16Z
2024-11-02,manduriacu,670078161,high_res,7,95.289,s3://geoglows-v2-forecasts/2024110200.zarr,e4e65c218f4d46e086d79eb718f795da-2,2026-09-25T06:31:16Z
2024-11-02,manduriacu,670078161,high_res,8,89.974,s3://geoglows-v2-forecasts/2024110200.zarr,e4e65c218f4d46e086d79eb718f795da-2,2026-09-25T06:31:16Z
2024-11-02,manduriacu,670078161,high_res,9,75.841,s3://geoglows-v2-forecasts/2024110200.zarr,e4e65c218f4d46e086d79eb718f795da-2,2026-09-25T06:31:16Z
2024-11-02,minas_san_francisco,670027091,high_res,1,18.192,s3://geoglows-v2-forecasts/2024110200.zarr,e4e65c218f4d46e086d79eb718f795da-2,2026-09-25T06:31:16Z
2024-11-02,minas_san_francisco,670027091,high_res,10,5.183,s3://geoglows-v2-forecasts/2024110200.zarr,e4e65c218f4d46e086d79eb718f795da-2,2026-09-25T06:31:16Z
2024-11-02,minas_san_francisco,670027091,high_res,2,14.853,s3://geoglows-v2-forecasts/2024110200.zarr,e4e65c218f4d46e086d79eb718f795da-2,2026-09-25T06:31:16Z
2024-11-02,minas_san_francisco,670027091,high_res,3,14.756,s3://geoglows-v2-forecasts/2024110200.zarr,e4e65c218f4d46e086d79eb718f795da-2,2026-09-25T06:31:16Z
2024-11-02,minas_san_francisco,670027091,high_res,4,15.484,s3://geoglows-v2-forecasts/2024110200.zarr,e4e65c218f4d46e086d79eb718f795da-2,2026-09-25T06:31:16Z
2024-11-02,minas_san_francisco,670027091,high_res,5,12.558,s3://geoglows-v2-forecasts/2024110200.zarr,e4e65c218f4d46e086d79eb718f795da-2,2026-09-25T06:31:16Z
2024-11-02,minas_san_francisco,670027091,high_res,6,10.072,s3://geoglows-v2-forecasts/2024110200.zarr,e4e65c218f4d46e086d79eb718f795da-2,2026-09-25T06:31:16Z
2024-11-02,minas_san_francisco,670027091,high_res,7,8.31,s3://geoglows-v2-forecasts/2024110200.zarr,e4e65c218f4d46e086d79eb718f795da-2,2026-09-25T06:31:16Z
2024-11-02,minas_san_francisco,670027091,high_res,8,6.97,s3://geoglows-v2-forecasts/2024110200.zarr,e4e65c218f4d46e086d79eb718f795da-2,2026-09-25T06:31:16Z
2024-11-02,minas_san_francisco,670027091,high_res,9,5.703,s3://geoglows-v2-forecasts/2024110200.zarr,e4e65c218f4d46e086d79eb718f795da-2,2026-09-25T06:31:16Z
2024-11-03,agoyan,621014469,high_res,1,78.377,s3://geoglows-v2-forecasts/2024110300.zarr,f81b59b656b1e71b482e41cecc88a15f-2,2026-09-25T06:31:16Z
2024-11-03,agoyan,621014469,high_res,10,49.496,s3://geoglows-v2-forecasts/2024110300.zarr,f81b59b656b1e71b482e41cecc88a15f-2,2026-09-25T06:31:16Z
2024-11-03,agoyan,621014469,high_res,2,69.679,s3://geoglows-v2-forecasts/2024110300.zarr,f81b59b656b1e71b482e41cecc88a15f-2,2026-09-25T06:31:16Z
2024-11-03,agoyan,621014469,high_res,3,65.53,s3://geoglows-v2-forecasts/2024110300.zarr,f81b59b656b1e71b482e41cecc88a15f-2,2026-09-25T06:31:16Z
2024-11-03,agoyan,621014469,high_res,4,64.655,s3://geoglows-v2-forecasts/2024110300.zarr,f81b59b656b1e71b482e41cecc88a15f-2,2026-09-25T06:31:16Z
2024-11-03,agoyan,621014469,high_res,5,63.391,s3://geoglows-v2-forecasts/2024110300.zarr,f81b59b656b1e71b482e41cecc88a15f-2,2026-09-25T06:31:16Z
2024-11-03,agoyan,621014469,high_res,6,61.838,s3://geoglows-v2-forecasts/2024110300.zarr,f81b59b656b1e71b482e41cecc88a15f-2,2026-09-25T06:31:16Z
2024-11-03,agoyan,621014469,high_res,7,60.768,s3://geoglows-v2-forecasts/2024110300.zarr,f81b59b656b1e71b482e41cecc88a15f-2,2026-09-25T06:31:16Z
2024-11-03,agoyan,621014469,high_res,8,57.331,s3://geoglows-v2-forecasts/2024110300.zarr,f81b59b656b1e71b482e41cecc88a15f-2,2026-09-25T06:31:16Z
2024-11-03,agoyan,621014469,high_res,9,51.744,s3://geoglows-v2-forecasts/2024110300.zarr,f81b59b656b1e71b482e41cecc88a15f-2,2026-09-25T06:31:16Z
2024-11-03,manduriacu,670078161,high_res,1,166.657,s3://geoglows-v2-forecasts/2024110300.zarr,f81b59b656b1e71b482e41cecc88a15f-2,2026-09-25T06:31:16Z
2024-11-03,manduriacu,670078161,high_res,10,76.12,s3://geoglows-v2-forecasts/2024110300.zarr,f81b59b656b1e71b482e41cecc88a15f-2,2026-09-25T06:31:16Z
2024-11-03,manduriacu,670078161,high_res,2,164.652,s3://geoglows-v2-forecasts/2024110300.zarr,f81b59b656b1e71b482e41cecc88a15f-2,2026-09-25T06:31:16Z
2024-11-03,manduriacu,670078161,high_res,3,157.102,s3://geoglows-v2-forecasts/2024110300.zarr,f81b59b656b1e71b482e41cecc88a15f-2,2026-09-25T06:31:16Z
2024-11-03,manduriacu,670078161,high_res,4,131.947,s3://geoglows-v2-forecasts/2024110300.zarr,f81b59b656b1e71b482e41cecc88a15f-2,2026-09-25T06:31:16Z
2024-11-03,manduriacu,670078161,high_res,5,103.564,s3://geoglows-v2-forecasts/2024110300.zarr,f81b59b656b1e71b482e41cecc88a15f-2,2026-09-25T06:31:16Z
2024-11-03,manduriacu,670078161,high_res,6,97.035,s3://geoglows-v2-forecasts/2024110300.zarr,f81b59b656b1e71b482e41cecc88a15f-2,2026-09-25T06:31:16Z
2024-11-03,manduriacu,670078161,high_res,7,102.427,s3://geoglows-v2-forecasts/2024110300.zarr,f81b59b656b1e71b482e41cecc88a15f-2,2026-09-25T06:31:16Z
2024-11-03,manduriacu,670078161,high_res,8,101.678,s3://geoglows-v2-forecasts/2024110300.zarr,f81b59b656b1e71b482e41cecc88a15f-2,2026-09-25T06:31:16Z
2024-11-03,manduriacu,670078161,high_res,9,86.809,s3://geoglows-v2-forecasts/2024110300.zarr,f81b59b656b1e71b482e41cecc88a15f-2,2026-09-25T06:31:16Z
2024-11-03,minas_san_francisco,670027091,high_res,1,15.065,s3://geoglows-v2-forecasts/2024110300.zarr,f81b59b656b1e71b482e41cecc88a15f-2,2026-09-25T06:31:16Z
2024-11-03,minas_san_francisco,670027091,high_res,10,5.035,s3://geoglows-v2-forecasts/2024110300.zarr,f81b59b656b1e71b482e41cecc88a15f-2,2026-09-25T06:31:16Z
2024-11-03,minas_san_francisco,670027091,high_res,2,14.25,s3://geoglows-v2-forecasts/2024110300.zarr,f81b59b656b1e71b482e41cecc88a15f-2,2026-09-25T06:31:16Z
2024-11-03,minas_san_francisco,670027091,high_res,3,12.369,s3://geoglows-v2-forecasts/2024110300.zarr,f81b59b656b1e71b482e41cecc88a15f-2,2026-09-25T06:31:16Z
2024-11-03,minas_san_francisco,670027091,high_res,4,10.768,s3://geoglows-v2-forecasts/2024110300.zarr,f81b59b656b1e71b482e41cecc88a15f-2,2026-09-25T06:31:16Z
2024-11-03,minas_san_francisco,670027091,high_res,5,9.079,s3://geoglows-v2-forecasts/2024110300.zarr,f81b59b656b1e71b482e41cecc88a15f-2,2026-09-25T06:31:16Z
2024-11-03,minas_san_francisco,670027091,high_res,6,7.832,s3://geoglows-v2-forecasts/2024110300.zarr,f81b59b656b1e71b482e41cecc88a15f-2,2026-09-25T06:31:16Z
2024-11-03,minas_san_francisco,670027091,high_res,7,6.944,s3://geoglows-v2-forecasts/2024110300.zarr,f81b59b656b1e71b482e41cecc88a15f-2,2026-09-25T06:31:16Z
2024-11-03,minas_san_francisco,670027091,high_res,8,5.87,s3://geoglows-v2-forecasts/2024110300.zarr,f81b59b656b1e71b482e41cecc88a15f-2,2026-09-25T06:31:16Z
2024-11-03,minas_san_francisco,670027091,high_res,9,5.12,s3://geoglows-v2-forecasts/2024110300.zarr,f81b59b656b1e71b482e41cecc88a15f-2,2026-09-25T06:31:16Z
2024-11-04,agoyan,621014469,high_res,1,68.439,s3://geoglows-v2-forecasts/2024110400.zarr,bc08761e1be7533a2a48d8f2e938f40b-2,2026-09-25T06:31:20Z
2024-11-04,agoyan,621014469,high_res,10,60.247,s3://geoglows-v2-forecasts/2024110400.zarr,bc08761e1be7533a2a48d8f2e938f40b-2,2026-09-25T06:31:20Z
2024-11-04,agoyan,621014469,high_res,2,62.511,s3://geoglows-v2-forecasts/2024110400.zarr,bc08761e1be7533a2a48d8f2e938f40b-2,2026-09-25T06:31:20Z
2024-11-04,agoyan,621014469,high_res,3,58.161,s3://geoglows-v2-forecasts/2024110400.zarr,bc08761e1be7533a2a48d8f2e938f40b-2,2026-09-25T06:31:20Z
2024-11-04,agoyan,621014469,high_res,4,54.438,s3://geoglows-v2-forecasts/2024110400.zarr,bc08761e1be7533a2a48d8f2e938f40b-2,2026-09-25T06:31:20Z
2024-11-04,agoyan,621014469,high_res,5,51.036,s3://geoglows-v2-forecasts/2024110400.zarr,bc08761e1be7533a2a48d8f2e938f40b-2,2026-09-25T06:31:20Z
2024-11-04,agoyan,621014469,high_res,6,49.801,s3://geoglows-v2-forecasts/2024110400.zarr,bc08761e1be7533a2a48d8f2e938f40b-2,2026-09-25T06:31:20Z
2024-11-04,agoyan,621014469,high_res,7,54.947,s3://geoglows-v2-forecasts/2024110400.zarr,bc08761e1be7533a2a48d8f2e938f40b-2,2026-09-25T06:31:20Z
2024-11-04,agoyan,621014469,high_res,8,55.894,s3://geoglows-v2-forecasts/2024110400.zarr,bc08761e1be7533a2a48d8f2e938f40b-2,2026-09-25T06:31:20Z
2024-11-04,agoyan,621014469,high_res,9,58.074,s3://geoglows-v2-forecasts/2024110400.zarr,bc08761e1be7533a2a48d8f2e938f40b-2,2026-09-25T06:31:20Z
2024-11-04,manduriacu,670078161,high_res,1,163.386,s3://geoglows-v2-forecasts/2024110400.zarr,bc08761e1be7533a2a48d8f2e938f40b-2,2026-09-25T06:31:20Z
2024-11-04,manduriacu,670078161,high_res,10,104.785,s3://geoglows-v2-forecasts/2024110400.zarr,bc08761e1be7533a2a48d8f2e938f40b-2,2026-09-25T06:31:20Z
2024-11-04,manduriacu,670078161,high_res,2,144.044,s3://geoglows-v2-forecasts/2024110400.zarr,bc08761e1be7533a2a48d8f2e938f40b-2,2026-09-25T06:31:20Z
2024-11-04,manduriacu,670078161,high_res,3,115.588,s3://geoglows-v2-forecasts/2024110400.zarr,bc08761e1be7533a2a48d8f2e938f40b-2,2026-09-25T06:31:20Z
2024-11-04,manduriacu,670078161,high_res,4,97.83,s3://geoglows-v2-forecasts/2024110400.zarr,bc08761e1be7533a2a48d8f2e938f40b-2,2026-09-25T06:31:20Z
2024-11-04,manduriacu,670078161,high_res,5,91.695,s3://geoglows-v2-forecasts/2024110400.zarr,bc08761e1be7533a2a48d8f2e938f40b-2,2026-09-25T06:31:20Z
2024-11-04,manduriacu,670078161,high_res,6,96.014,s3://geoglows-v2-forecasts/2024110400.zarr,bc08761e1be7533a2a48d8f2e938f40b-2,2026-09-25T06:31:20Z
2024-11-04,manduriacu,670078161,high_res,7,100.598,s3://geoglows-v2-forecasts/2024110400.zarr,bc08761e1be7533a2a48d8f2e938f40b-2,2026-09-25T06:31:20Z
2024-11-04,manduriacu,670078161,high_res,8,94.251,s3://geoglows-v2-forecasts/2024110400.zarr,bc08761e1be7533a2a48d8f2e938f40b-2,2026-09-25T06:31:20Z
2024-11-04,manduriacu,670078161,high_res,9,94.343,s3://geoglows-v2-forecasts/2024110400.zarr,bc08761e1be7533a2a48d8f2e938f40b-2,2026-09-25T06:31:20Z
2024-11-04,minas_san_francisco,670027091,high_res,1,14.269,s3://geoglows-v2-forecasts/2024110400.zarr,bc08761e1be7533a2a48d8f2e938f40b-2,2026-09-25T06:31:20Z
2024-11-04,minas_san_francisco,670027091,high_res,10,6.337,s3://geoglows-v2-forecasts/2024110400.zarr,bc08761e1be7533a2a48d8f2e938f40b-2,2026-09-25T06:31:20Z
2024-11-04,minas_san_francisco,670027091,high_res,2,11.939,s3://geoglows-v2-forecasts/2024110400.zarr,bc08761e1be7533a2a48d8f2e938f40b-2,2026-09-25T06:31:20Z
2024-11-04,minas_san_francisco,670027091,high_res,3,9.636,s3://geoglows-v2-forecasts/2024110400.zarr,bc08761e1be7533a2a48d8f2e938f40b-2,2026-09-25T06:31:20Z
2024-11-04,minas_san_francisco,670027091,high_res,4,7.33,s3://geoglows-v2-forecasts/2024110400.zarr,bc08761e1be7533a2a48d8f2e938f40b-2,2026-09-25T06:31:20Z
2024-11-04,minas_san_francisco,670027091,high_res,5,6.75,s3://geoglows-v2-forecasts/2024110400.zarr,bc08761e1be7533a2a48d8f2e938f40b-2,2026-09-25T06:31:20Z
2024-11-04,minas_san_francisco,670027091,high_res,6,6.485,s3://geoglows-v2-forecasts/2024110400.zarr,bc08761e1be7533a2a48d8f2e938f40b-2,2026-09-25T06:31:20Z
2024-11-04,minas_san_francisco,670027091,high_res,7,5.736,s3://geoglows-v2-forecasts/2024110400.zarr,bc08761e1be7533a2a48d8f2e938f40b-2,2026-09-25T06:31:20Z
2024-11-04,minas_san_francisco,670027091,high_res,8,5.066,s3://geoglows-v2-forecasts/2024110400.zarr,bc08761e1be7533a2a48d8f2e938f40b-2,2026-09-25T06:31:20Z
2024-11-04,minas_san_francisco,670027091,high_res,9,5.636,s3://geoglows-v2-forecasts/2024110400.zarr,bc08761e1be7533a2a48d8f2e938f40b-2,2026-09-25T06:31:20Z
2024-11-05,agoyan,621014469,high_res,1,61.095,s3://geoglows-v2-forecasts/2024110500.zarr,702d7957f99f610750fd426548d0557e-2,2026-09-25T06:31:20Z
2024-11-05,agoyan,621014469,high_res,10,60.607,s3://geoglows-v2-forecasts/2024110500.zarr,702d7957f99f610750fd426548d0557e-2,2026-09-25T06:31:20Z
2024-11-05,agoyan,621014469,high_res,2,56,s3://geoglows-v2-forecasts/2024110500.zarr,702d7957f99f610750fd426548d0557e-2,2026-09-25T06:31:20Z
2024-11-05,agoyan,621014469,high_res,3,51.71,s3://geoglows-v2-forecasts/2024110500.zarr,702d7957f99f610750fd426548d0557e-2,2026-09-25T06:31:20Z
2024-11-05,agoyan,621014469,high_res,4,47.336,s3://geoglows-v2-forecasts/2024110500.zarr,702d7957f99f610750fd426548d0557e-2,2026-09-25T06:31:20Z
2024-11-05,agoyan,621014469,high_res,5,45.744,s3://geoglows-v2-forecasts/2024110500.zarr,702d7957f99f610750fd426548d0557e-2,2026-09-25T06:31:20Z
2024-11-05,agoyan,621014469,high_res,6,46.706,s3://geoglows-v2-forecasts/2024110500.zarr,702d7957f99f610750fd426548d0557e-2,2026-09-25T06:31:20Z
2024-11-05,agoyan,621014469,high_res,7,47.646,s3://geoglows-v2-forecasts/2024110500.zarr,702d7957f99f610750fd426548d0557e-2,2026-09-25T06:31:20Z
2024-11-05,agoyan,621014469,high_res,8,56.58,s3://geoglows-v2-forecasts/2024110500.zarr,702d7957f99f610750fd426548d0557e-2,2026-09-25T06:31:20Z
2024-11-05,agoyan,621014469,high_res,9,59.404,s3://geoglows-v2-forecasts/2024110500.zarr,702d7957f99f610750fd426548d0557e-2,2026-09-25T06:31:20Z
2024-11-05,manduriacu,670078161,high_res,1,145.434,s3://geoglows-v2-forecasts/2024110500.zarr,702d7957f99f610750fd426548d0557e-2,2026-09-25T06:31:20Z
2024-11-05,manduriacu,670078161,high_res,10,127.857,s3://geoglows-v2-forecasts/2024110500.zarr,702d7957f99f610750fd426548d0557e-2,2026-09-25T06:31:20Z
2024-11-05,manduriacu,670078161,high_res,2,117.132,s3://geoglows-v2-forecasts/2024110500.zarr,702d7957f99f610750fd426548d0557e-2,2026-09-25T06:31:20Z
2024-11-05,manduriacu,670078161,high_res,3,98.038,s3://geoglows-v2-forecasts/2024110500.zarr,702d7957f99f610750fd426548d0557e-2,2026-09-25T06:31:20Z
2024-11-05,manduriacu,670078161,high_res,4,86.533,s3://geoglows-v2-forecasts/2024110500.zarr,702d7957f99f610750fd426548d0557e-2,2026-09-25T06:31:20Z
2024-11-05,manduriacu,670078161,high_res,5,81.196,s3://geoglows-v2-forecasts/2024110500.zarr,702d7957f99f610750fd426548d0557e-2,2026-09-25T06:31:20Z
2024-11-05,manduriacu,670078161,high_res,6,81.213,s3://geoglows-v2-forecasts/2024110500.zarr,702d7957f99f610750fd426548d0557e-2,2026-09-25T06:31:20Z
2024-11-05,manduriacu,670078161,high_res,7,83.252,s3://geoglows-v2-forecasts/2024110500.zarr,702d7957f99f610750fd426548d0557e-2,2026-09-25T06:31:20Z
2024-11-05,manduriacu,670078161,high_res,8,95.527,s3://geoglows-v2-forecasts/2024110500.zarr,702d7957f99f610750fd426548d0557e-2,2026-09-25T06:31:20Z
2024-11-05,manduriacu,670078161,high_res,9,118.305,s3://geoglows-v2-forecasts/2024110500.zarr,702d7957f99f610750fd426548d0557e-2,2026-09-25T06:31:20Z
2024-11-05,minas_san_francisco,670027091,high_res,1,11.865,s3://geoglows-v2-forecasts/2024110500.zarr,702d7957f99f610750fd426548d0557e-2,2026-09-25T06:31:20Z
2024-11-05,minas_san_francisco,670027091,high_res,10,5.399,s3://geoglows-v2-forecasts/2024110500.zarr,702d7957f99f610750fd426548d0557e-2,2026-09-25T06:31:20Z
2024-11-05,minas_san_francisco,670027091,high_res,2,9.271,s3://geoglows-v2-forecasts/2024110500.zarr,702d7957f99f610750fd426548d0557e-2,2026-09-25T06:31:20Z
2024-11-05,minas_san_francisco,670027091,high_res,3,6.912,s3://geoglows-v2-forecasts/2024110500.zarr,702d7957f99f610750fd426548d0557e-2,2026-09-25T06:31:20Z
2024-11-05,minas_san_francisco,670027091,high_res,4,6.549,s3://geoglows-v2-forecasts/2024110500.zarr,702d7957f99f610750fd426548d0557e-2,2026-09-25T06:31:20Z
2024-11-05,minas_san_francisco,670027091,high_res,5,6.816,s3://geoglows-v2-forecasts/2024110500.zarr,702d7957f99f610750fd426548d0557e-2,2026-09-25T06:31:20Z
2024-11-05,minas_san_francisco,670027091,high_res,6,6.173,s3://geoglows-v2-forecasts/2024110500.zarr,702d7957f99f610750fd426548d0557e-2,2026-09-25T06:31:20Z
2024-11-05,minas_san_francisco,670027091,high_res,7,5.281,s3://geoglows-v2-forecasts/2024110500.zarr,702d7957f99f610750fd426548d0557e-2,2026-09-25T06:31:20Z
2024-11-05,minas_san_francisco,670027091,high_res,8,5.249,s3://geoglows-v2-forecasts/2024110500.zarr,702d7957f99f610750fd426548d0557e-2,2026-09-25T06:31:20Z
2024-11-05,minas_san_francisco,670027091,high_res,9,5.501,s3://geoglows-v2-forecasts/2024110500.zarr,702d7957f99f610750fd426548d0557e-2,2026-09-25T06:31:20Z
2024-11-06,agoyan,621014469,high_res,1,55.956,s3://geoglows-v2-forecasts/2024110600.zarr,c81f18c88935b3e6176317381ef13f54-2,2026-09-25T06:31:20Z
2024-11-06,agoyan,621014469,high_res,10,54.742,s3://geoglows-v2-forecasts/2024110600.zarr,c81f18c88935b3e6176317381ef13f54-2,2026-09-25T06:31:20Z
2024-11-06,agoyan,621014469,high_res,2,51.463,s3://geoglows-v2-forecasts/2024110600.zarr,c81f18c88935b3e6176317381ef13f54-2,2026-09-25T06:31:20Z
2024-11-06,agoyan,621014469,high_res,3,46.681,s3://geoglows-v2-forecasts/2024110600.zarr,c81f18c88935b3e6176317381ef13f54-2,2026-09-25T06:31:20Z
2024-11-06,agoyan,621014469,high_res,4,44.89,s3://geoglows-v2-forecasts/2024110600.zarr,c81f18c88935b3e6176317381ef13f54-2,2026-09-25T06:31:20Z
2024-11-06,agoyan,621014469,high_res,5,45.205,s3://geoglows-v2-forecasts/2024110600.zarr,c81f18c88935b3e6176317381ef13f54-2,2026-09-25T06:31:20Z
2024-11-06,agoyan,621014469,high_res,6,46.862,s3://geoglows-v2-forecasts/2024110600.zarr,c81f18c88935b3e6176317381ef13f54-2,2026-09-25T06:31:20Z
2024-11-06,agoyan,621014469,high_res,7,54.075,s3://geoglows-v2-forecasts/2024110600.zarr,c81f18c88935b3e6176317381ef13f54-2,2026-09-25T06:31:20Z
2024-11-06,agoyan,621014469,high_res,8,54.585,s3://geoglows-v2-forecasts/2024110600.zarr,c81f18c88935b3e6176317381ef13f54-2,2026-09-25T06:31:20Z
2024-11-06,agoyan,621014469,high_res,9,54.641,s3://geoglows-v2-forecasts/2024110600.zarr,c81f18c88935b3e6176317381ef13f54-2,2026-09-25T06:31:20Z
2024-11-06,manduriacu,670078161,high_res,1,117.818,s3://geoglows-v2-forecasts/2024110600.zarr,c81f18c88935b3e6176317381ef13f54-2,2026-09-25T06:31:20Z
2024-11-06,manduriacu,670078161,high_res,10,131.24,s3://geoglows-v2-forecasts/2024110600.zarr,c81f18c88935b3e6176317381ef13f54-2,2026-09-25T06:31:20Z
2024-11-06,manduriacu,670078161,high_res,2,98.43,s3://geoglows-v2-forecasts/2024110600.zarr,c81f18c88935b3e6176317381ef13f54-2,2026-09-25T06:31:20Z
2024-11-06,manduriacu,670078161,high_res,3,88.347,s3://geoglows-v2-forecasts/2024110600.zarr,c81f18c88935b3e6176317381ef13f54-2,2026-09-25T06:31:20Z
2024-11-06,manduriacu,670078161,high_res,4,85.457,s3://geoglows-v2-forecasts/2024110600.zarr,c81f18c88935b3e6176317381ef13f54-2,2026-09-25T06:31:20Z
2024-11-06,manduriacu,670078161,high_res,5,87.891,s3://geoglows-v2-forecasts/2024110600.zarr,c81f18c88935b3e6176317381ef13f54-2,2026-09-25T06:31:20Z
2024-11-06,manduriacu,670078161,high_res,6,80.127,s3://geoglows-v2-forecasts/2024110600.zarr,c81f18c88935b3e6176317381ef13f54-2,2026-09-25T06:31:20Z
2024-11-06,manduriacu,670078161,high_res,7,75.247,s3://geoglows-v2-forecasts/2024110600.zarr,c81f18c88935b3e6176317381ef13f54-2,2026-09-25T06:31:20Z
2024-11-06,manduriacu,670078161,high_res,8,91.63,s3://geoglows-v2-forecasts/2024110600.zarr,c81f18c88935b3e6176317381ef13f54-2,2026-09-25T06:31:20Z
2024-11-06,manduriacu,670078161,high_res,9,111.981,s3://geoglows-v2-forecasts/2024110600.zarr,c81f18c88935b3e6176317381ef13f54-2,2026-09-25T06:31:20Z
2024-11-06,minas_san_francisco,670027091,high_res,1,9.327,s3://geoglows-v2-forecasts/2024110600.zarr,c81f18c88935b3e6176317381ef13f54-2,2026-09-25T06:31:20Z
2024-11-06,minas_san_francisco,670027091,high_res,10,4.991,s3://geoglows-v2-forecasts/2024110600.zarr,c81f18c88935b3e6176317381ef13f54-2,2026-09-25T06:31:20Z
2024-11-06,minas_san_francisco,670027091,high_res,2,6.859,s3://geoglows-v2-forecasts/2024110600.zarr,c81f18c88935b3e6176317381ef13f54-2,2026-09-25T06:31:20Z
2024-11-06,minas_san_francisco,670027091,high_res,3,6.386,s3://geoglows-v2-forecasts/2024110600.zarr,c81f18c88935b3e6176317381ef13f54-2,2026-09-25T06:31:20Z
2024-11-06,minas_san_francisco,670027091,high_res,4,7.047,s3://geoglows-v2-forecasts/2024110600.zarr,c81f18c88935b3e6176317381ef13f54-2,2026-09-25T06:31:20Z
2024-11-06,minas_san_francisco,670027091,high_res,5,6.886,s3://geoglows-v2-forecasts/2024110600.zarr,c81f18c88935b3e6176317381ef13f54-2,2026-09-25T06:31:20Z
2024-11-06,minas_san_francisco,670027091,high_res,6,5.414,s3://geoglows-v2-forecasts/2024110600.zarr,c81f18c88935b3e6176317381ef13f54-2,2026-09-25T06:31:20Z
2024-11-06,minas_san_francisco,670027091,high_res,7,5.448,s3://geoglows-v2-forecasts/2024110600.zarr,c81f18c88935b3e6176317381ef13f54-2,2026-09-25T06:31:20Z
2024-11-06,minas_san_francisco,670027091,high_res,8,5.64,s3://geoglows-v2-forecasts/2024110600.zarr,c81f18c88935b3e6176317381ef13f54-2,2026-09-25T06:31:20Z
2024-11-06,minas_san_francisco,670027091,high_res,9,5.226,s3://geoglows-v2-forecasts/2024110600.zarr,c81f18c88935b3e6176317381ef13f54-2,2026-09-25T06:31:20Z
2024-11-07,agoyan,621014469,high_res,1,51.114,s3://geoglows-v2-forecasts/2024110700.zarr,cdacbd68d7dfaff3e74bfb0d4431f6f8-2,2026-09-25T06:31:20Z
2024-11-07,agoyan,621014469,high_res,10,49.439,s3://geoglows-v2-forecasts/2024110700.zarr,cdacbd68d7dfaff3e74bfb0d4431f6f8-2,2026-09-25T06:31:20Z
2024-11-07,agoyan,621014469,high_res,2,46.147,s3://geoglows-v2-forecasts/2024110700.zarr,cdacbd68d7dfaff3e74bfb0d4431f6f8-2,2026-09-25T06:31:20Z
2024-11-07,agoyan,621014469,high_res,3,46.034,s3://geoglows-v2-forecasts/2024110700.zarr,cdacbd68d7dfaff3e74bfb0d4431f6f8-2,2026-09-25T06:31:20Z
2024-11-07,agoyan,621014469,high_res,4,45.026,s3://geoglows-v2-forecasts/2024110700.zarr,cdacbd68d7dfaff3e74bfb0d4431f6f8-2,2026-09-25T06:31:20Z
2024-11-07,agoyan,621014469,high_res,5,45.07,s3://geoglows-v2-forecasts/2024110700.zarr,cdacbd68d7dfaff3e74bfb0d4431f6f8-2,2026-09-25T06:31:20Z
2024-11-07,agoyan,621014469,high_res,6,50.815,s3://geoglows-v2-forecasts/2024110700.zarr,cdacbd68d7dfaff3e74bfb0d4431f6f8-2,2026-09-25T06:31:20Z
2024-11-07,agoyan,621014469,high_res,7,54.493,s3://geoglows-v2-forecasts/2024110700.zarr,cdacbd68d7dfaff3e74bfb0d4431f6f8-2,2026-09-25T06:31:20Z
2024-11-07,agoyan,621014469,high_res,8,57.985,s3://geoglows-v2-forecasts/2024110700.zarr,cdacbd68d7dfaff3e74bfb0d4431f6f8-2,2026-09-25T06:31:20Z
2024-11-07,agoyan,621014469,high_res,9,56.725,s3://geoglows-v2-forecasts/2024110700.zarr,cdacbd68d7dfaff3e74bfb0d4431f6f8-2,2026-09-25T06:31:20Z
2024-11-07,manduriacu,670078161,high_res,1,96.618,s3://geoglows-v2-forecasts/2024110700.zarr,cdacbd68d7dfaff3e74bfb0d4431f6f8-2,2026-09-25T06:31:20Z
2024-11-07,manduriacu,670078161,high_res,10,96.327,s3://geoglows-v2-forecasts/2024110700.zarr,cdacbd68d7dfaff3e74bfb0d4431f6f8-2,2026-09-25T06:31:20Z
2024-11-07,manduriacu,670078161,high_res,2,83.737,s3://geoglows-v2-forecasts/2024110700.zarr,cdacbd68d7dfaff3e74bfb0d4431f6f8-2,2026-09-25T06:31:20Z
2024-11-07,manduriacu,670078161,high_res,3,76.373,s3://geoglows-v2-forecasts/2024110700.zarr,cdacbd68d7dfaff3e74bfb0d4431f6f8-2,2026-09-25T06:31:20Z
2024-11-07,manduriacu,670078161,high_res,4,74.019,s3://geoglows-v2-forecasts/2024110700.zarr,cdacbd68d7dfaff3e74bfb0d4431f6f8-2,2026-09-25T06:31:20Z
2024-11-07,manduriacu,670078161,high_res,5,72.688,s3://geoglows-v2-forecasts/2024110700.zarr,cdacbd68d7dfaff3e74bfb0d4431f6f8-2,2026-09-25T06:31:20Z
2024-11-07,manduriacu,670078161,high_res,6,72.03,s3://geoglows-v2-forecasts/2024110700.zarr,cdacbd68d7dfaff3e74bfb0d4431f6f8-2,2026-09-25T06:31:20Z
2024-11-07,manduriacu,670078161,high_res,7,72.333,s3://geoglows-v2-forecasts/2024110700.zarr,cdacbd68d7dfaff3e74bfb0d4431f6f8-2,2026-09-25T06:31:20Z
2024-11-07,manduriacu,670078161,high_res,8,78.374,s3://geoglows-v2-forecasts/2024110700.zarr,cdacbd68d7dfaff3e74bfb0d4431f6f8-2,2026-09-25T06:31:20Z
2024-11-07,manduriacu,670078161,high_res,9,94.645,s3://geoglows-v2-forecasts/2024110700.zarr,cdacbd68d7dfaff3e74bfb0d4431f6f8-2,2026-09-25T06:31:20Z
2024-11-07,minas_san_francisco,670027091,high_res,1,6.92,s3://geoglows-v2-forecasts/2024110700.zarr,cdacbd68d7dfaff3e74bfb0d4431f6f8-2,2026-09-25T06:31:20Z
2024-11-07,minas_san_francisco,670027091,high_res,10,4.907,s3://geoglows-v2-forecasts/2024110700.zarr,cdacbd68d7dfaff3e74bfb0d4431f6f8-2,2026-09-25T06:31:20Z
2024-11-07,minas_san_francisco,670027091,high_res,2,6.215,s3://geoglows-v2-forecasts/2024110700.zarr,cdacbd68d7dfaff3e74bfb0d4431f6f8-2,2026-09-25T06:31:20Z
2024-11-07,minas_san_francisco,670027091,high_res,3,6.337,s3://geoglows-v2-forecasts/2024110700.zarr,cdacbd68d7dfaff3e74bfb0d4431f6f8-2,2026-09-25T06:31:20Z
2024-11-07,minas_san_francisco,670027091,high_res,4,5.931,s3://geoglows-v2-forecasts/2024110700.zarr,cdacbd68d7dfaff3e74bfb0d4431f6f8-2,2026-09-25T06:31:20Z
2024-11-07,minas_san_francisco,670027091,high_res,5,5.215,s3://geoglows-v2-forecasts/2024110700.zarr,cdacbd68d7dfaff3e74bfb0d4431f6f8-2,2026-09-25T06:31:20Z
2024-11-07,minas_san_francisco,670027091,high_res,6,5.192,s3://geoglows-v2-forecasts/2024110700.zarr,cdacbd68d7dfaff3e74bfb0d4431f6f8-2,2026-09-25T06:31:20Z
2024-11-07,minas_san_francisco,670027091,high_res,7,5.251,s3://geoglows-v2-forecasts/2024110700.zarr,cdacbd68d7dfaff3e74bfb0d4431f6f8-2,2026-09-25T06:31:20Z
2024-11-07,minas_san_francisco,670027091,high_res,8,5.152,s3://geoglows-v2-forecasts/2024110700.zarr,cdacbd68d7dfaff3e74bfb0d4431f6f8-2,2026-09-25T06:31:20Z
2024-11-07,minas_san_francisco,670027091,high_res,9,4.977,s3://geoglows-v2-forecasts/2024110700.zarr,cdacbd68d7dfaff3e74bfb0d4431f6f8-2,2026-09-25T06:31:20Z
2024-11-08,agoyan,621014469,high_res,1,45.732,s3://geoglows-v2-forecasts/2024110800.zarr,997d00189430bdf745e42331b3ab74e1-2,2026-09-25T06:31:20Z
2024-11-08,agoyan,621014469,high_res,10,48.968,s3://geoglows-v2-forecasts/2024110800.zarr,997d00189430bdf745e42331b3ab74e1-2,2026-09-25T06:31:20Z
2024-11-08,agoyan,621014469,high_res,2,43.284,s3://geoglows-v2-forecasts/2024110800.zarr,997d00189430bdf745e42331b3ab74e1-2,2026-09-25T06:31:20Z
2024-11-08,agoyan,621014469,high_res,3,42.396,s3://geoglows-v2-forecasts/2024110800.zarr,997d00189430bdf745e42331b3ab74e1-2,2026-09-25T06:31:20Z
2024-11-08,agoyan,621014469,high_res,4,42.209,s3://geoglows-v2-forecasts/2024110800.zarr,997d00189430bdf745e42331b3ab74e1-2,2026-09-25T06:31:20Z
2024-11-08,agoyan,621014469,high_res,5,46.338,s3://geoglows-v2-forecasts/2024110800.zarr,997d00189430bdf745e42331b3ab74e1-2,2026-09-25T06:31:20Z
2024-11-08,agoyan,621014469,high_res,6,54.616,s3://geoglows-v2-forecasts/2024110800.zarr,997d00189430bdf745e42331b3ab74e1-2,2026-09-25T06:31:20Z
2024-11-08,agoyan,621014469,high_res,7,55.938,s3://geoglows-v2-forecasts/2024110800.zarr,997d00189430bdf745e42331b3ab74e1-2,2026-09-25T06:31:20Z
2024-11-08,agoyan,621014469,high_res,8,56.636,s3://geoglows-v2-forecasts/2024110800.zarr,997d00189430bdf745e42331b3ab74e1-2,2026-09-25T06:31:20Z
2024-11-08,agoyan,621014469,high_res,9,54.284,s3://geoglows-v2-forecasts/2024110800.zarr,997d00189430bdf745e42331b3ab74e1-2,2026-09-25T06:31:20Z
2024-11-08,manduriacu,670078161,high_res,1,83.134,s3://geoglows-v2-forecasts/2024110800.zarr,997d00189430bdf745e42331b3ab74e1-2,2026-09-25T06:31:20Z
2024-11-08,manduriacu,670078161,high_res,10,123.214,s3://geoglows-v2-forecasts/2024110800.zarr,997d00189430bdf745e42331b3ab74e1-2,2026-09-25T06:31:20Z
2024-11-08,manduriacu,670078161,high_res,2,75.156,s3://geoglows-v2-forecasts/2024110800.zarr,997d00189430bdf745e42331b3ab74e1-2,2026-09-25T06:31:20Z
2024-11-08,manduriacu,670078161,high_res,3,72.692,s3://geoglows-v2-forecasts/2024110800.zarr,997d00189430bdf745e42331b3ab74e1-2,2026-09-25T06:31:20Z
2024-11-08,manduriacu,670078161,high_res,4,71.371,s3://geoglows-v2-forecasts/2024110800.zarr,997d00189430bdf745e42331b3ab74e1-2,2026-09-25T06:31:20Z
2024-11-08,manduriacu,670078161,high_res,5,70.609,s3://geoglows-v2-forecasts/2024110800.zarr,997d00189430bdf745e42331b3ab74e1-2,2026-09-25T06:31:20Z
2024-11-08,manduriacu,670078161,high_res,6,82.193,s3://geoglows-v2-forecasts/2024110800.zarr,997d00189430bdf745e42331b3ab74e1-2,2026-09-25T06:31:20Z
2024-11-08,manduriacu,670078161,high_res,7,109.074,s3://geoglows-v2-forecasts/2024110800.zarr,997d00189430bdf745e42331b3ab74e1-2,2026-09-25T06:31:20Z
2024-11-08,manduriacu,670078161,high_res,8,137.924,s3://geoglows-v2-forecasts/2024110800.zarr,997d00189430bdf745e42331b3ab74e1-2,2026-09-25T06:31:20Z
2024-11-08,manduriacu,670078161,high_res,9,135.435,s3://geoglows-v2-forecasts/2024110800.zarr,997d00189430bdf745e42331b3ab74e1-2,2026-09-25T06:31:20Z
2024-11-08,minas_san_francisco,670027091,high_res,1,6.098,s3://geoglows-v2-forecasts/2024110800.zarr,997d00189430bdf745e42331b3ab74e1-2,2026-09-25T06:31:20Z
2024-11-08,minas_san_francisco,670027091,high_res,10,4.825,s3://geoglows-v2-forecasts/2024110800.zarr,997d00189430bdf745e42331b3ab74e1-2,2026-09-25T06:31:20Z
2024-11-08,minas_san_francisco,670027091,high_res,2,5.891,s3://geoglows-v2-forecasts/2024110800.zarr,997d00189430bdf745e42331b3ab74e1-2,2026-09-25T06:31:20Z
2024-11-08,minas_san_francisco,670027091,high_res,3,5.604,s3://geoglows-v2-forecasts/2024110800.zarr,997d00189430bdf745e42331b3ab74e1-2,2026-09-25T06:31:20Z
2024-11-08,minas_san_francisco,670027091,high_res,4,5.215,s3://geoglows-v2-forecasts/2024110800.zarr,997d00189430bdf745e42331b3ab74e1-2,2026-09-25T06:31:20Z
2024-11-08,minas_san_francisco,670027091,high_res,5,5.22,s3://geoglows-v2-forecasts/2024110800.zarr,997d00189430bdf745e42331b3ab74e1-2,2026-09-25T06:31:20Z
2024-11-08,minas_san_francisco,670027091,high_res,6,5.173,s3://geoglows-v2-forecasts/2024110800.zarr,997d00189430bdf745e42331b3ab74e1-2,2026-09-25T06:31:20Z
2024-11-08,minas_san_francisco,670027091,high_res,7,5.085,s3://geoglows-v2-forecasts/2024110800.zarr,997d00189430bdf745e42331b3ab74e1-2,2026-09-25T06:31:20Z
2024-11-08,minas_san_francisco,670027091,high_res,8,4.917,s3://geoglows-v2-forecasts/2024110800.zarr,997d00189430bdf745e42331b3ab74e1-2,2026-09-25T06:31:20Z
2024-11-08,minas_san_francisco,670027091,high_res,9,4.916,s3://geoglows-v2-forecasts/2024110800.zarr,997d00189430bdf745e42331b3ab74e1-2,2026-09-25T06:31:20Z
2024-11-09,agoyan,621014469,high_res,1,42.364,s3://geoglows-v2-forecasts/2024110900.zarr,bab3c253ccaf46b252157785c3d243f2-2,2026-09-25T06:31:20Z
2024-11-09,agoyan,621014469,high_res,10,48.121,s3://geoglows-v2-forecasts/2024110900.zarr,bab3c253ccaf46b252157785c3d243f2-2,2026-09-25T06:31:20Z
2024-11-09,agoyan,621014469,high_res,2,39.976,s3://geoglows-v2-forecasts/2024110900.zarr,bab3c253ccaf46b252157785c3d243f2-2,2026-09-25T06:31:20Z
2024-11-09,agoyan,621014469,high_res,3,39.663,s3://geoglows-v2-forecasts/2024110900.zarr,bab3c253ccaf46b252157785c3d243f2-2,2026-09-25T06:31:20Z
2024-11-09,agoyan,621014469,high_res,4,42.581,s3://geoglows-v2-forecasts/2024110900.zarr,bab3c253ccaf46b252157785c3d243f2-2,2026-09-25T06:31:20Z
2024-11-09,agoyan,621014469,high_res,5,48.158,s3://geoglows-v2-forecasts/2024110900.zarr,bab3c253ccaf46b252157785c3d243f2-2,2026-09-25T06:31:20Z
2024-11-09,agoyan,621014469,high_res,6,50.782,s3://geoglows-v2-forecasts/2024110900.zarr,bab3c253ccaf46b252157785c3d243f2-2,2026-09-25T06:31:20Z
2024-11-09,agoyan,621014469,high_res,7,52.573,s3://geoglows-v2-forecasts/2024110900.zarr,bab3c253ccaf46b252157785c3d243f2-2,2026-09-25T06:31:20Z
2024-11-09,agoyan,621014469,high_res,8,52.38,s3://geoglows-v2-forecasts/2024110900.zarr,bab3c253ccaf46b252157785c3d243f2-2,2026-09-25T06:31:20Z
2024-11-09,agoyan,621014469,high_res,9,48.629,s3://geoglows-v2-forecasts/2024110900.zarr,bab3c253ccaf46b252157785c3d243f2-2,2026-09-25T06:31:20Z
2024-11-09,manduriacu,670078161,high_res,1,75.144,s3://geoglows-v2-forecasts/2024110900.zarr,bab3c253ccaf46b252157785c3d243f2-2,2026-09-25T06:31:20Z
2024-11-09,manduriacu,670078161,high_res,10,84.703,s3://geoglows-v2-forecasts/2024110900.zarr,bab3c253ccaf46b252157785c3d243f2-2,2026-09-25T06:31:20Z
2024-11-09,manduriacu,670078161,high_res,2,70.843,s3://geoglows-v2-forecasts/2024110900.zarr,bab3c253ccaf46b252157785c3d243f2-2,2026-09-25T06:31:20Z
2024-11-09,manduriacu,670078161,high_res,3,67.135,s3://geoglows-v2-forecasts/2024110900.zarr,bab3c253ccaf46b252157785c3d243f2-2,2026-09-25T06:31:20Z
2024-11-09,manduriacu,670078161,high_res,4,66.015,s3://geoglows-v2-forecasts/2024110900.zarr,bab3c253ccaf46b252157785c3d243f2-2,2026-09-25T06:31:20Z
2024-11-09,manduriacu,670078161,high_res,5,69.532,s3://geoglows-v2-forecasts/2024110900.zarr,bab3c253ccaf46b252157785c3d243f2-2,2026-09-25T06:31:20Z
2024-11-09,manduriacu,670078161,high_res,6,78.349,s3://geoglows-v2-forecasts/2024110900.zarr,bab3c253ccaf46b252157785c3d243f2-2,2026-09-25T06:31:20Z
2024-11-09,manduriacu,670078161,high_res,7,84.6,s3://geoglows-v2-forecasts/2024110900.zarr,bab3c253ccaf46b252157785c3d243f2-2,2026-09-25T06:31:20Z
2024-11-09,manduriacu,670078161,high_res,8,82.555,s3://geoglows-v2-forecasts/2024110900.zarr,bab3c253ccaf46b252157785c3d243f2-2,2026-09-25T06:31:20Z
2024-11-09,manduriacu,670078161,high_res,9,87.87,s3://geoglows-v2-forecasts/2024110900.zarr,bab3c253ccaf46b252157785c3d243f2-2,2026-09-25T06:31:20Z
2024-11-09,minas_san_francisco,670027091,high_res,1,5.795,s3://geoglows-v2-forecasts/2024110900.zarr,bab3c253ccaf46b252157785c3d243f2-2,2026-09-25T06:31:20Z
2024-11-09,minas_san_francisco,670027091,high_res,10,4.662,s3://geoglows-v2-forecasts/2024110900.zarr,bab3c253ccaf46b252157785c3d243f2-2,2026-09-25T06:31:20Z
2024-11-09,minas_san_francisco,670027091,high_res,2,5.47,s3://geoglows-v2-forecasts/2024110900.zarr,bab3c253ccaf46b252157785c3d243f2-2,2026-09-25T06:31:20Z
2024-11-09,minas_san_francisco,670027091,high_res,3,5.158,s3://geoglows-v2-forecasts/2024110900.zarr,bab3c253ccaf46b252157785c3d243f2-2,2026-09-25T06:31:20Z
2024-11-09,minas_san_francisco,670027091,high_res,4,5.155,s3://geoglows-v2-forecasts/2024110900.zarr,bab3c253ccaf46b252157785c3d243f2-2,2026-09-25T06:31:20Z
2024-11-09,minas_san_francisco,670027091,high_res,5,5.131,s3://geoglows-v2-forecasts/2024110900.zarr,bab3c253ccaf46b252157785c3d243f2-2,2026-09-25T06:31:20Z
2024-11-09,minas_san_francisco,670027091,high_res,6,5.179,s3://geoglows-v2-forecasts/2024110900.zarr,bab3c253ccaf46b252157785c3d243f2-2,2026-09-25T06:31:20Z
2024-11-09,minas_san_francisco,670027091,high_res,7,4.971,s3://geoglows-v2-forecasts/2024110900.zarr,bab3c253ccaf46b252157785c3d243f2-2,2026-09-25T06:31:20Z
2024-11-09,minas_san_francisco,670027091,high_res,8,4.877,s3://geoglows-v2-forecasts/2024110900.zarr,bab3c253ccaf46b252157785c3d243f2-2,2026-09-25T06:31:20Z
2024-11-09,minas_san_francisco,670027091,high_res,9,4.722,s3://geoglows-v2-forecasts/2024110900.zarr,bab3c253ccaf46b252157785c3d243f2-2,2026-09-25T06:31:20Z
2024-11-10,agoyan,621014469,high_res,1,39.767,s3://geoglows-v2-forecasts/2024111000.zarr,7356f6b8af3ff13308da3b3e8aac6c4c-2,2026-09-25T06:31:20Z
2024-11-10,agoyan,621014469,high_res,10,68.526,s3://geoglows-v2-forecasts/2024111000.zarr,7356f6b8af3ff13308da3b3e8aac6c4c-2,2026-09-25T06:31:20Z
2024-11-10,agoyan,621014469,high_res,2,38.328,s3://geoglows-v2-forecasts/2024111000.zarr,7356f6b8af3ff13308da3b3e8aac6c4c-2,2026-09-25T06:31:20Z
2024-11-10,agoyan,621014469,high_res,3,41.275,s3://geoglows-v2-forecasts/2024111000.zarr,7356f6b8af3ff13308da3b3e8aac6c4c-2,2026-09-25T06:31:20Z
2024-11-10,agoyan,621014469,high_res,4,46.421,s3://geoglows-v2-forecasts/2024111000.zarr,7356f6b8af3ff13308da3b3e8aac6c4c-2,2026-09-25T06:31:20Z
2024-11-10,agoyan,621014469,high_res,5,53.702,s3://geoglows-v2-forecasts/2024111000.zarr,7356f6b8af3ff13308da3b3e8aac6c4c-2,2026-09-25T06:31:20Z
2024-11-10,agoyan,621014469,high_res,6,54.788,s3://geoglows-v2-forecasts/2024111000.zarr,7356f6b8af3ff13308da3b3e8aac6c4c-2,2026-09-25T06:31:20Z
2024-11-10,agoyan,621014469,high_res,7,51.763,s3://geoglows-v2-forecasts/2024111000.zarr,7356f6b8af3ff13308da3b3e8aac6c4c-2,2026-09-25T06:31:20Z
2024-11-10,agoyan,621014469,high_res,8,46.541,s3://geoglows-v2-forecasts/2024111000.zarr,7356f6b8af3ff13308da3b3e8aac6c4c-2,2026-09-25T06:31:20Z
2024-11-10,agoyan,621014469,high_res,9,47.856,s3://geoglows-v2-forecasts/2024111000.zarr,7356f6b8af3ff13308da3b3e8aac6c4c-2,2026-09-25T06:31:20Z
2024-11-10,manduriacu,670078161,high_res,1,69.557,s3://geoglows-v2-forecasts/2024111000.zarr,7356f6b8af3ff13308da3b3e8aac6c4c-2,2026-09-25T06:31:20Z
2024-11-10,manduriacu,670078161,high_res,10,98.128,s3://geoglows-v2-forecasts/2024111000.zarr,7356f6b8af3ff13308da3b3e8aac6c4c-2,2026-09-25T06:31:20Z
2024-11-10,manduriacu,670078161,high_res,2,73.244,s3://geoglows-v2-forecasts/2024111000.zarr,7356f6b8af3ff13308da3b3e8aac6c4c-2,2026-09-25T06:31:20Z
2024-11-10,manduriacu,670078161,high_res,3,88.958,s3://geoglows-v2-forecasts/2024111000.zarr,7356f6b8af3ff13308da3b3e8aac6c4c-2,2026-09-25T06:31:20Z
2024-11-10,manduriacu,670078161,high_res,4,95.153,s3://geoglows-v2-forecasts/2024111000.zarr,7356f6b8af3ff13308da3b3e8aac6c4c-2,2026-09-25T06:31:20Z
2024-11-10,manduriacu,670078161,high_res,5,103.428,s3://geoglows-v2-forecasts/2024111000.zarr,7356f6b8af3ff13308da3b3e8aac6c4c-2,2026-09-25T06:31:20Z
2024-11-10,manduriacu,670078161,high_res,6,114.677,s3://geoglows-v2-forecasts/2024111000.zarr,7356f6b8af3ff13308da3b3e8aac6c4c-2,2026-09-25T06:31:20Z
2024-11-10,manduriacu,670078161,high_res,7,111.285,s3://geoglows-v2-forecasts/2024111000.zarr,7356f6b8af3ff13308da3b3e8aac6c4c-2,2026-09-25T06:31:20Z
2024-11-10,manduriacu,670078161,high_res,8,98.977,s3://geoglows-v2-forecasts/2024111000.zarr,7356f6b8af3ff13308da3b3e8aac6c4c-2,2026-09-25T06:31:20Z
2024-11-10,manduriacu,670078161,high_res,9,98.016,s3://geoglows-v2-forecasts/2024111000.zarr,7356f6b8af3ff13308da3b3e8aac6c4c-2,2026-09-25T06:31:20Z
2024-11-10,minas_san_francisco,670027091,high_res,1,5.375,s3://geoglows-v2-forecasts/2024111000.zarr,7356f6b8af3ff13308da3b3e8aac6c4c-2,2026-09-25T06:31:20Z
2024-11-10,minas_san_francisco,670027091,high_res,10,4.663,s3://geoglows-v2-forecasts/2024111000.zarr,7356f6b8af3ff13308da3b3e8aac6c4c-2,2026-09-25T06:31:20Z
2024-11-10,minas_san_francisco,670027091,high_res,2,4.981,s3://geoglows-v2-forecasts/2024111000.zarr,7356f6b8af3ff13308da3b3e8aac6c4c-2,2026-09-25T06:31:20Z
2024-11-10,minas_san_francisco,670027091,high_res,3,4.829,s3://geoglows-v2-forecasts/2024111000.zarr,7356f6b8af3ff13308da3b3e8aac6c4c-2,2026-09-25T06:31:20Z
2024-11-10,minas_san_francisco,670027091,high_res,4,4.937,s3://geoglows-v2-forecasts/2024111000.zarr,7356f6b8af3ff13308da3b3e8aac6c4c-2,2026-09-25T06:31:20Z
2024-11-10,minas_san_francisco,670027091,high_res,5,5.053,s3://geoglows-v2-forecasts/2024111000.zarr,7356f6b8af3ff13308da3b3e8aac6c4c-2,2026-09-25T06:31:20Z
2024-11-10,minas_san_francisco,670027091,high_res,6,4.887,s3://geoglows-v2-forecasts/2024111000.zarr,7356f6b8af3ff13308da3b3e8aac6c4c-2,2026-09-25T06:31:20Z
2024-11-10,minas_san_francisco,670027091,high_res,7,4.889,s3://geoglows-v2-forecasts/2024111000.zarr,7356f6b8af3ff13308da3b3e8aac6c4c-2,2026-09-25T06:31:20Z
2024-11-10,minas_san_francisco,670027091,high_res,8,4.815,s3://geoglows-v2-forecasts/2024111000.zarr,7356f6b8af3ff13308da3b3e8aac6c4c-2,2026-09-25T06:31:20Z
2024-11-10,minas_san_francisco,670027091,high_res,9,4.684,s3://geoglows-v2-forecasts/2024111000.zarr,7356f6b8af3ff13308da3b3e8aac6c4c-2,2026-09-25T06:31:20Z
2024-11-11,agoyan,621014469,high_res,1,38.53,s3://geoglows-v2-forecasts/2024111100.zarr,8a5c50e2fd6d02e695c4bbd408e6426f-2,2026-09-25T06:31:20Z
2024-11-11,agoyan,621014469,high_res,10,70.114,s3://geoglows-v2-forecasts/2024111100.zarr,8a5c50e2fd6d02e695c4bbd408e6426f-2,2026-09-25T06:31:20Z
2024-11-11,agoyan,621014469,high_res,2,38.166,s3://geoglows-v2-forecasts/2024111100.zarr,8a5c50e2fd6d02e695c4bbd408e6426f-2,2026-09-25T06:31:20Z
2024-11-11,agoyan,621014469,high_res,3,40.804,s3://geoglows-v2-forecasts/2024111100.zarr,8a5c50e2fd6d02e695c4bbd408e6426f-2,2026-09-25T06:31:20Z
2024-11-11,agoyan,621014469,high_res,4,48.276,s3://geoglows-v2-forecasts/2024111100.zarr,8a5c50e2fd6d02e695c4bbd408e6426f-2,2026-09-25T06:31:20Z
2024-11-11,agoyan,621014469,high_res,5,51.035,s3://geoglows-v2-forecasts/2024111100.zarr,8a5c50e2fd6d02e695c4bbd408e6426f-2,2026-09-25T06:31:20Z
2024-11-11,agoyan,621014469,high_res,6,52.091,s3://geoglows-v2-forecasts/2024111100.zarr,8a5c50e2fd6d02e695c4bbd408e6426f-2,2026-09-25T06:31:20Z
2024-11-11,agoyan,621014469,high_res,7,46.669,s3://geoglows-v2-forecasts/2024111100.zarr,8a5c50e2fd6d02e695c4bbd408e6426f-2,2026-09-25T06:31:20Z
2024-11-11,agoyan,621014469,high_res,8,48.017,s3://geoglows-v2-forecasts/2024111100.zarr,8a5c50e2fd6d02e695c4bbd408e6426f-2,2026-09-25T06:31:20Z
2024-11-11,agoyan,621014469,high_res,9,60.967,s3://geoglows-v2-forecasts/2024111100.zarr,8a5c50e2fd6d02e695c4bbd408e6426f-2,2026-09-25T06:31:20Z
2024-11-11,manduriacu,670078161,high_res,1,65.339,s3://geoglows-v2-forecasts/2024111100.zarr,8a5c50e2fd6d02e695c4bbd408e6426f-2,2026-09-25T06:31:20Z
2024-11-11,manduriacu,670078161,high_res,10,79.309,s3://geoglows-v2-forecasts/2024111100.zarr,8a5c50e2fd6d02e695c4bbd408e6426f-2,2026-09-25T06:31:20Z
2024-11-11,manduriacu,670078161,high_res,2,63.179,s3://geoglows-v2-forecasts/2024111100.zarr,8a5c50e2fd6d02e695c4bbd408e6426f-2,2026-09-25T06:31:20Z
2024-11-11,manduriacu,670078161,high_res,3,65.67,s3://geoglows-v2-forecasts/2024111100.zarr,8a5c50e2fd6d02e695c4bbd408e6426f-2,2026-09-25T06:31:20Z
2024-11-11,manduriacu,670078161,high_res,4,69.459,s3://geoglows-v2-forecasts/2024111100.zarr,8a5c50e2fd6d02e695c4bbd408e6426f-2,2026-09-25T06:31:20Z
2024-11-11,manduriacu,670078161,high_res,5,76.419,s3://geoglows-v2-forecasts/2024111100.zarr,8a5c50e2fd6d02e695c4bbd408e6426f-2,2026-09-25T06:31:20Z
2024-11-11,manduriacu,670078161,high_res,6,78.304,s3://geoglows-v2-forecasts/2024111100.zarr,8a5c50e2fd6d02e695c4bbd408e6426f-2,2026-09-25T06:31:20Z
2024-11-11,manduriacu,670078161,high_res,7,80.267,s3://geoglows-v2-forecasts/2024111100.zarr,8a5c50e2fd6d02e695c4bbd408e6426f-2,2026-09-25T06:31:20Z
2024-11-11,manduriacu,670078161,high_res,8,76.171,s3://geoglows-v2-forecasts/2024111100.zarr,8a5c50e2fd6d02e695c4bbd408e6426f-2,2026-09-25T06:31:20Z
2024-11-11,manduriacu,670078161,high_res,9,69.487,s3://geoglows-v2-forecasts/2024111100.zarr,8a5c50e2fd6d02e695c4bbd408e6426f-2,2026-09-25T06:31:20Z
2024-11-11,minas_san_francisco,670027091,high_res,1,4.863,s3://geoglows-v2-forecasts/2024111100.zarr,8a5c50e2fd6d02e695c4bbd408e6426f-2,2026-09-25T06:31:20Z
2024-11-11,minas_san_francisco,670027091,high_res,10,5.225,s3://geoglows-v2-forecasts/2024111100.zarr,8a5c50e2fd6d02e695c4bbd408e6426f-2,2026-09-25T06:31:20Z
2024-11-11,minas_san_francisco,670027091,high_res,2,4.654,s3://geoglows-v2-forecasts/2024111100.zarr,8a5c50e2fd6d02e695c4bbd408e6426f-2,2026-09-25T06:31:20Z
2024-11-11,minas_san_francisco,670027091,high_res,3,4.78,s3://geoglows-v2-forecasts/2024111100.zarr,8a5c50e2fd6d02e695c4bbd408e6426f-2,2026-09-25T06:31:20Z
2024-11-11,minas_san_francisco,670027091,high_res,4,4.991,s3://geoglows-v2-forecasts/2024111100.zarr,8a5c50e2fd6d02e695c4bbd408e6426f-2,2026-09-25T06:31:20Z
2024-11-11,minas_san_francisco,670027091,high_res,5,5.025,s3://geoglows-v2-forecasts/2024111100.zarr,8a5c50e2fd6d02e695c4bbd408e6426f-2,2026-09-25T06:31:20Z
2024-11-11,minas_san_francisco,670027091,high_res,6,5.038,s3://geoglows-v2-forecasts/2024111100.zarr,8a5c50e2fd6d02e695c4bbd408e6426f-2,2026-09-25T06:31:20Z
2024-11-11,minas_san_francisco,670027091,high_res,7,4.817,s3://geoglows-v2-forecasts/2024111100.zarr,8a5c50e2fd6d02e695c4bbd408e6426f-2,2026-09-25T06:31:20Z
2024-11-11,minas_san_francisco,670027091,high_res,8,4.689,s3://geoglows-v2-forecasts/2024111100.zarr,8a5c50e2fd6d02e695c4bbd408e6426f-2,2026-09-25T06:31:20Z
2024-11-11,minas_san_francisco,670027091,high_res,9,4.865,s3://geoglows-v2-forecasts/2024111100.zarr,8a5c50e2fd6d02e695c4bbd408e6426f-2,2026-09-25T06:31:20Z
2024-11-12,agoyan,621014469,high_res,1,38.138,s3://geoglows-v2-forecasts/2024111200.zarr,4b1de32d92961251b778e145c4c66727-2,2026-09-25T06:31:25Z
2024-11-12,agoyan,621014469,high_res,10,75.707,s3://geoglows-v2-forecasts/2024111200.zarr,4b1de32d92961251b778e145c4c66727-2,2026-09-25T06:31:25Z
2024-11-12,agoyan,621014469,high_res,2,42.387,s3://geoglows-v2-forecasts/2024111200.zarr,4b1de32d92961251b778e145c4c66727-2,2026-09-25T06:31:25Z
2024-11-12,agoyan,621014469,high_res,3,50.575,s3://geoglows-v2-forecasts/2024111200.zarr,4b1de32d92961251b778e145c4c66727-2,2026-09-25T06:31:25Z
2024-11-12,agoyan,621014469,high_res,4,52.64,s3://geoglows-v2-forecasts/2024111200.zarr,4b1de32d92961251b778e145c4c66727-2,2026-09-25T06:31:25Z
2024-11-12,agoyan,621014469,high_res,5,52.463,s3://geoglows-v2-forecasts/2024111200.zarr,4b1de32d92961251b778e145c4c66727-2,2026-09-25T06:31:25Z
2024-11-12,agoyan,621014469,high_res,6,51.767,s3://geoglows-v2-forecasts/2024111200.zarr,4b1de32d92961251b778e145c4c66727-2,2026-09-25T06:31:25Z
2024-11-12,agoyan,621014469,high_res,7,52.278,s3://geoglows-v2-forecasts/2024111200.zarr,4b1de32d92961251b778e145c4c66727-2,2026-09-25T06:31:25Z
2024-11-12,agoyan,621014469,high_res,8,62.482,s3://geoglows-v2-forecasts/2024111200.zarr,4b1de32d92961251b778e145c4c66727-2,2026-09-25T06:31:25Z
2024-11-12,agoyan,621014469,high_res,9,75.007,s3://geoglows-v2-forecasts/2024111200.zarr,4b1de32d92961251b778e145c4c66727-2,2026-09-25T06:31:25Z
2024-11-12,manduriacu,670078161,high_res,1,65.179,s3://geoglows-v2-forecasts/2024111200.zarr,4b1de32d92961251b778e145c4c66727-2,2026-09-25T06:31:25Z
2024-11-12,manduriacu,670078161,high_res,10,110.774,s3://geoglows-v2-forecasts/2024111200.zarr,4b1de32d92961251b778e145c4c66727-2,2026-09-25T06:31:25Z
2024-11-12,manduriacu,670078161,high_res,2,63.842,s3://geoglows-v2-forecasts/2024111200.zarr,4b1de32d92961251b778e145c4c66727-2,2026-09-25T06:31:25Z
2024-11-12,manduriacu,670078161,high_res,3,67.507,s3://geoglows-v2-forecasts/2024111200.zarr,4b1de32d92961251b778e145c4c66727-2,2026-09-25T06:31:25Z
2024-11-12,manduriacu,670078161,high_res,4,76.08,s3://geoglows-v2-forecasts/2024111200.zarr,4b1de32d92961251b778e145c4c66727-2,2026-09-25T06:31:25Z
2024-11-12,manduriacu,670078161,high_res,5,78.507,s3://geoglows-v2-forecasts/2024111200.zarr,4b1de32d92961251b778e145c4c66727-2,2026-09-25T06:31:25Z
2024-11-12,manduriacu,670078161,high_res,6,82.674,s3://geoglows-v2-forecasts/2024111200.zarr,4b1de32d92961251b778e145c4c66727-2,2026-09-25T06:31:25Z
2024-11-12,manduriacu,670078161,high_res,7,82.644,s3://geoglows-v2-forecasts/2024111200.zarr,4b1de32d92961251b778e145c4c66727-2,2026-09-25T06:31:25Z
2024-11-12,manduriacu,670078161,high_res,8,78.972,s3://geoglows-v2-forecasts/2024111200.zarr,4b1de32d92961251b778e145c4c66727-2,2026-09-25T06:31:25Z
2024-11-12,manduriacu,670078161,high_res,9,88.501,s3://geoglows-v2-forecasts/2024111200.zarr,4b1de32d92961251b778e145c4c66727-2,2026-09-25T06:31:25Z
2024-11-12,minas_san_francisco,670027091,high_res,1,4.515,s3://geoglows-v2-forecasts/2024111200.zarr,4b1de32d92961251b778e145c4c66727-2,2026-09-25T06:31:25Z
2024-11-12,minas_san_francisco,670027091,high_res,10,4.927,s3://geoglows-v2-forecasts/2024111200.zarr,4b1de32d92961251b778e145c4c66727-2,2026-09-25T06:31:25Z
2024-11-12,minas_san_francisco,670027091,high_res,2,4.583,s3://geoglows-v2-forecasts/2024111200.zarr,4b1de32d92961251b778e145c4c66727-2,2026-09-25T06:31:25Z
2024-11-12,minas_san_francisco,670027091,high_res,3,4.852,s3://geoglows-v2-forecasts/2024111200.zarr,4b1de32d92961251b778e145c4c66727-2,2026-09-25T06:31:25Z
2024-11-12,minas_san_francisco,670027091,high_res,4,5.033,s3://geoglows-v2-forecasts/2024111200.zarr,4b1de32d92961251b778e145c4c66727-2,2026-09-25T06:31:25Z
2024-11-12,minas_san_francisco,670027091,high_res,5,5.222,s3://geoglows-v2-forecasts/2024111200.zarr,4b1de32d92961251b778e145c4c66727-2,2026-09-25T06:31:25Z
2024-11-12,minas_san_francisco,670027091,high_res,6,5.012,s3://geoglows-v2-forecasts/2024111200.zarr,4b1de32d92961251b778e145c4c66727-2,2026-09-25T06:31:25Z
2024-11-12,minas_san_francisco,670027091,high_res,7,4.689,s3://geoglows-v2-forecasts/2024111200.zarr,4b1de32d92961251b778e145c4c66727-2,2026-09-25T06:31:25Z
2024-11-12,minas_san_francisco,670027091,high_res,8,4.663,s3://geoglows-v2-forecasts/2024111200.zarr,4b1de32d92961251b778e145c4c66727-2,2026-09-25T06:31:25Z
2024-11-12,minas_san_francisco,670027091,high_res,9,4.831,s3://geoglows-v2-forecasts/2024111200.zarr,4b1de32d92961251b778e145c4c66727-2,2026-09-25T06:31:25Z
2024-11-13,agoyan,621014469,high_res,1,38.029,s3://geoglows-v2-forecasts/2024111300.zarr,4fa99eaf9e3ce0fe7000886577b275c8-2,2026-09-25T06:31:24Z
2024-11-13,agoyan,621014469,high_res,10,82.654,s3://geoglows-v2-forecasts/2024111300.zarr,4fa99eaf9e3ce0fe7000886577b275c8-2,2026-09-25T06:31:24Z
2024-11-13,agoyan,621014469,high_res,2,40.527,s3://geoglows-v2-forecasts/2024111300.zarr,4fa99eaf9e3ce0fe7000886577b275c8-2,2026-09-25T06:31:24Z
2024-11-13,agoyan,621014469,high_res,3,43.245,s3://geoglows-v2-forecasts/2024111300.zarr,4fa99eaf9e3ce0fe7000886577b275c8-2,2026-09-25T06:31:24Z
2024-11-13,agoyan,621014469,high_res,4,45.986,s3://geoglows-v2-forecasts/2024111300.zarr,4fa99eaf9e3ce0fe7000886577b275c8-2,2026-09-25T06:31:24Z
2024-11-13,agoyan,621014469,high_res,5,45.853,s3://geoglows-v2-forecasts/2024111300.zarr,4fa99eaf9e3ce0fe7000886577b275c8-2,2026-09-25T06:31:24Z
2024-11-13,agoyan,621014469,high_res,6,46.399,s3://geoglows-v2-forecasts/2024111300.zarr,4fa99eaf9e3ce0fe7000886577b275c8-2,2026-09-25T06:31:24Z
2024-11-13,agoyan,621014469,high_res,7,54.884,s3://geoglows-v2-forecasts/2024111300.zarr,4fa99eaf9e3ce0fe7000886577b275c8-2,2026-09-25T06:31:24Z
2024-11-13,agoyan,621014469,high_res,8,65.03,s3://geoglows-v2-forecasts/2024111300.zarr,4fa99eaf9e3ce0fe7000886577b275c8-2,2026-09-25T06:31:24Z
2024-11-13,agoyan,621014469,high_res,9,75.538,s3://geoglows-v2-forecasts/2024111300.zarr,4fa99eaf9e3ce0fe7000886577b275c8-2,2026-09-25T06:31:24Z
2024-11-13,manduriacu,670078161,high_res,1,63.236,s3://geoglows-v2-forecasts/2024111300.zarr,4fa99eaf9e3ce0fe7000886577b275c8-2,2026-09-25T06:31:24Z
2024-11-13,manduriacu,670078161,high_res,10,180.033,s3://geoglows-v2-forecasts/2024111300.zarr,4fa99eaf9e3ce0fe7000886577b275c8-2,2026-09-25T06:31:24Z
2024-11-13,manduriacu,670078161,high_res,2,64.658,s3://geoglows-v2-forecasts/2024111300.zarr,4fa99eaf9e3ce0fe7000886577b275c8-2,2026-09-25T06:31:24Z
2024-11-13,manduriacu,670078161,high_res,3,69.291,s3://geoglows-v2-forecasts/2024111300.zarr,4fa99eaf9e3ce0fe7000886577b275c8-2,2026-09-25T06:31:24Z
2024-11-13,manduriacu,670078161,high_res,4,71.653,s3://geoglows-v2-forecasts/2024111300.zarr,4fa99eaf9e3ce0fe7000886577b275c8-2,2026-09-25T06:31:24Z
2024-11-13,manduriacu,670078161,high_res,5,76.525,s3://geoglows-v2-forecasts/2024111300.zarr,4fa99eaf9e3ce0fe7000886577b275c8-2,2026-09-25T06:31:24Z
2024-11-13,manduriacu,670078161,high_res,6,88.095,s3://geoglows-v2-forecasts/2024111300.zarr,4fa99eaf9e3ce0fe7000886577b275c8-2,2026-09-25T06:31:24Z
2024-11-13,manduriacu,670078161,high_res,7,100.212,s3://geoglows-v2-forecasts/2024111300.zarr,4fa99eaf9e3ce0fe7000886577b275c8-2,2026-09-25T06:31:24Z
2024-11-13,manduriacu,670078161,high_res,8,162.55,s3://geoglows-v2-forecasts/2024111300.zarr,4fa99eaf9e3ce0fe7000886577b275c8-2,2026-09-25T06:31:24Z
2024-11-13,manduriacu,670078161,high_res,9,174.849,s3://geoglows-v2-forecasts/2024111300.zarr,4fa99eaf9e3ce0fe7000886577b275c8-2,2026-09-25T06:31:24Z
2024-11-13,minas_san_francisco,670027091,high_res,1,4.368,s3://geoglows-v2-forecasts/2024111300.zarr,4fa99eaf9e3ce0fe7000886577b275c8-2,2026-09-25T06:31:24Z
2024-11-13,minas_san_francisco,670027091,high_res,10,5.339,s3://geoglows-v2-forecasts/2024111300.zarr,4fa99eaf9e3ce0fe7000886577b275c8-2,2026-09-25T06:31:24Z
2024-11-13,minas_san_francisco,670027091,high_res,2,4.333,s3://geoglows-v2-forecasts/2024111300.zarr,4fa99eaf9e3ce0fe7000886577b275c8-2,2026-09-25T06:31:24Z
2024-11-13,minas_san_francisco,670027091,high_res,3,4.446,s3://geoglows-v2-forecasts/2024111300.zarr,4fa99eaf9e3ce0fe7000886577b275c8-2,2026-09-25T06:31:24Z
2024-11-13,minas_san_francisco,670027091,high_res,4,4.778,s3://geoglows-v2-forecasts/2024111300.zarr,4fa99eaf9e3ce0fe7000886577b275c8-2,2026-09-25T06:31:24Z
2024-11-13,minas_san_francisco,670027091,high_res,5,4.745,s3://geoglows-v2-forecasts/2024111300.zarr,4fa99eaf9e3ce0fe7000886577b275c8-2,2026-09-25T06:31:24Z
2024-11-13,minas_san_francisco,670027091,high_res,6,4.488,s3://geoglows-v2-forecasts/2024111300.zarr,4fa99eaf9e3ce0fe7000886577b275c8-2,2026-09-25T06:31:24Z
2024-11-13,minas_san_francisco,670027091,high_res,7,4.758,s3://geoglows-v2-forecasts/2024111300.zarr,4fa99eaf9e3ce0fe7000886577b275c8-2,2026-09-25T06:31:24Z
2024-11-13,minas_san_francisco,670027091,high_res,8,5.375,s3://geoglows-v2-forecasts/2024111300.zarr,4fa99eaf9e3ce0fe7000886577b275c8-2,2026-09-25T06:31:24Z
2024-11-13,minas_san_francisco,670027091,high_res,9,5.16,s3://geoglows-v2-forecasts/2024111300.zarr,4fa99eaf9e3ce0fe7000886577b275c8-2,2026-09-25T06:31:24Z
2024-11-14,agoyan,621014469,high_res,1,39.554,s3://geoglows-v2-forecasts/2024111400.zarr,7767862b29aba68c851a143c3cef2503-2,2026-09-25T06:31:24Z
2024-11-14,agoyan,621014469,high_res,10,103.624,s3://geoglows-v2-forecasts/2024111400.zarr,7767862b29aba68c851a143c3cef2503-2,2026-09-25T06:31:24Z
2024-11-14,agoyan,621014469,high_res,2,41.257,s3://geoglows-v2-forecasts/2024111400.zarr,7767862b29aba68c851a143c3cef2503-2,2026-09-25T06:31:24Z
2024-11-14,agoyan,621014469,high_res,3,42.556,s3://geoglows-v2-forecasts/2024111400.zarr,7767862b29aba68c851a143c3cef2503-2,2026-09-25T06:31:24Z
2024-11-14,agoyan,621014469,high_res,4,45.723,s3://geoglows-v2-forecasts/2024111400.zarr,7767862b29aba68c851a143c3cef2503-2,2026-09-25T06:31:24Z
2024-11-14,agoyan,621014469,high_res,5,53.474,s3://geoglows-v2-forecasts/2024111400.zarr,7767862b29aba68c851a143c3cef2503-2,2026-09-25T06:31:24Z
2024-11-14,agoyan,621014469,high_res,6,69.839,s3://geoglows-v2-forecasts/2024111400.zarr,7767862b29aba68c851a143c3cef2503-2,2026-09-25T06:31:24Z
2024-11-14,agoyan,621014469,high_res,7,83.866,s3://geoglows-v2-forecasts/2024111400.zarr,7767862b29aba68c851a143c3cef2503-2,2026-09-25T06:31:24Z
2024-11-14,agoyan,621014469,high_res,8,95.716,s3://geoglows-v2-forecasts/2024111400.zarr,7767862b29aba68c851a143c3cef2503-2,2026-09-25T06:31:24Z
2024-11-14,agoyan,621014469,high_res,9,99.646,s3://geoglows-v2-forecasts/2024111400.zarr,7767862b29aba68c851a143c3cef2503-2,2026-09-25T06:31:24Z
2024-11-14,manduriacu,670078161,high_res,1,63.597,s3://geoglows-v2-forecasts/2024111400.zarr,7767862b29aba68c851a143c3cef2503-2,2026-09-25T06:31:24Z
2024-11-14,manduriacu,670078161,high_res,10,199.643,s3://geoglows-v2-forecasts/2024111400.zarr,7767862b29aba68c851a143c3cef2503-2,2026-09-25T06:31:24Z
2024-11-14,manduriacu,670078161,high_res,2,74.031,s3://geoglows-v2-forecasts/2024111400.zarr,7767862b29aba68c851a143c3cef2503-2,2026-09-25T06:31:24Z
2024-11-14,manduriacu,670078161,high_res,3,77.576,s3://geoglows-v2-forecasts/2024111400.zarr,7767862b29aba68c851a143c3cef2503-2,2026-09-25T06:31:24Z
2024-11-14,manduriacu,670078161,high_res,4,84.093,s3://geoglows-v2-forecasts/2024111400.zarr,7767862b29aba68c851a143c3cef2503-2,2026-09-25T06:31:24Z
2024-11-14,manduriacu,670078161,high_res,5,98.939,s3://geoglows-v2-forecasts/2024111400.zarr,7767862b29aba68c851a143c3cef2503-2,2026-09-25T06:31:24Z
2024-11-14,manduriacu,670078161,high_res,6,127.54,s3://geoglows-v2-forecasts/2024111400.zarr,7767862b29aba68c851a143c3cef2503-2,2026-09-25T06:31:24Z
2024-11-14,manduriacu,670078161,high_res,7,196.698,s3://geoglows-v2-forecasts/2024111400.zarr,7767862b29aba68c851a143c3cef2503-2,2026-09-25T06:31:24Z
2024-11-14,manduriacu,670078161,high_res,8,221.824,s3://geoglows-v2-forecasts/2024111400.zarr,7767862b29aba68c851a143c3cef2503-2,2026-09-25T06:31:24Z
2024-11-14,manduriacu,670078161,high_res,9,205.862,s3://geoglows-v2-forecasts/2024111400.zarr,7767862b29aba68c851a143c3cef2503-2,2026-09-25T06:31:24Z
2024-11-14,minas_san_francisco,670027091,high_res,1,4.243,s3://geoglows-v2-forecasts/2024111400.zarr,7767862b29aba68c851a143c3cef2503-2,2026-09-25T06:31:24Z
2024-11-14,minas_san_francisco,670027091,high_res,10,6.188,s3://geoglows-v2-forecasts/2024111400.zarr,7767862b29aba68c851a143c3cef2503-2,2026-09-25T06:31:24Z
2024-11-14,minas_san_francisco,670027091,high_res,2,4.226,s3://geoglows-v2-forecasts/2024111400.zarr,7767862b29aba68c851a143c3cef2503-2,2026-09-25T06:31:24Z
2024-11-14,minas_san_francisco,670027091,high_res,3,4.55,s3://geoglows-v2-forecasts/2024111400.zarr,7767862b29aba68c851a143c3cef2503-2,2026-09-25T06:31:24Z
2024-11-14,minas_san_francisco,670027091,high_res,4,4.74,s3://geoglows-v2-forecasts/2024111400.zarr,7767862b29aba68c851a143c3cef2503-2,2026-09-25T06:31:24Z
2024-11-14,minas_san_francisco,670027091,high_res,5,4.694,s3://geoglows-v2-forecasts/2024111400.zarr,7767862b29aba68c851a143c3cef2503-2,2026-09-25T06:31:24Z
2024-11-14,minas_san_francisco,670027091,high_res,6,5.466,s3://geoglows-v2-forecasts/2024111400.zarr,7767862b29aba68c851a143c3cef2503-2,2026-09-25T06:31:24Z
2024-11-14,minas_san_francisco,670027091,high_res,7,6.087,s3://geoglows-v2-forecasts/2024111400.zarr,7767862b29aba68c851a143c3cef2503-2,2026-09-25T06:31:24Z
2024-11-14,minas_san_francisco,670027091,high_res,8,5.381,s3://geoglows-v2-forecasts/2024111400.zarr,7767862b29aba68c851a143c3cef2503-2,2026-09-25T06:31:24Z
2024-11-14,minas_san_francisco,670027091,high_res,9,5.592,s3://geoglows-v2-forecasts/2024111400.zarr,7767862b29aba68c851a143c3cef2503-2,2026-09-25T06:31:24Z
2024-11-15,agoyan,621014469,high_res,1,40.87,s3://geoglows-v2-forecasts/2024111500.zarr,acf3d8a1180c8e80e07e185515295226-2,2026-09-25T06:31:24Z
2024-11-15,agoyan,621014469,high_res,10,94.275,s3://geoglows-v2-forecasts/2024111500.zarr,acf3d8a1180c8e80e07e185515295226-2,2026-09-25T06:31:24Z
2024-11-15,agoyan,621014469,high_res,2,42.495,s3://geoglows-v2-forecasts/2024111500.zarr,acf3d8a1180c8e80e07e185515295226-2,2026-09-25T06:31:24Z
2024-11-15,agoyan,621014469,high_res,3,44.073,s3://geoglows-v2-forecasts/2024111500.zarr,acf3d8a1180c8e80e07e185515295226-2,2026-09-25T06:31:24Z
2024-11-15,agoyan,621014469,high_res,4,49.945,s3://geoglows-v2-forecasts/2024111500.zarr,acf3d8a1180c8e80e07e185515295226-2,2026-09-25T06:31:24Z
2024-11-15,agoyan,621014469,high_res,5,66.315,s3://geoglows-v2-forecasts/2024111500.zarr,acf3d8a1180c8e80e07e185515295226-2,2026-09-25T06:31:24Z
2024-11-15,agoyan,621014469,high_res,6,86.884,s3://geoglows-v2-forecasts/2024111500.zarr,acf3d8a1180c8e80e07e185515295226-2,2026-09-25T06:31:24Z
2024-11-15,agoyan,621014469,high_res,7,88.699,s3://geoglows-v2-forecasts/2024111500.zarr,acf3d8a1180c8e80e07e185515295226-2,2026-09-25T06:31:24Z
2024-11-15,agoyan,621014469,high_res,8,92.776,s3://geoglows-v2-forecasts/2024111500.zarr,acf3d8a1180c8e80e07e185515295226-2,2026-09-25T06:31:24Z
2024-11-15,agoyan,621014469,high_res,9,93.359,s3://geoglows-v2-forecasts/2024111500.zarr,acf3d8a1180c8e80e07e185515295226-2,2026-09-25T06:31:24Z
2024-11-15,manduriacu,670078161,high_res,1,65.716,s3://geoglows-v2-forecasts/2024111500.zarr,acf3d8a1180c8e80e07e185515295226-2,2026-09-25T06:31:24Z
2024-11-15,manduriacu,670078161,high_res,10,261.251,s3://geoglows-v2-forecasts/2024111500.zarr,acf3d8a1180c8e80e07e185515295226-2,2026-09-25T06:31:24Z
2024-11-15,manduriacu,670078161,high_res,2,69.676,s3://geoglows-v2-forecasts/2024111500.zarr,acf3d8a1180c8e80e07e185515295226-2,2026-09-25T06:31:24Z
2024-11-15,manduriacu,670078161,high_res,3,81.947,s3://geoglows-v2-forecasts/2024111500.zarr,acf3d8a1180c8e80e07e185515295226-2,2026-09-25T06:31:24Z
2024-11-15,manduriacu,670078161,high_res,4,102.92,s3://geoglows-v2-forecasts/2024111500.zarr,acf3d8a1180c8e80e07e185515295226-2,2026-09-25T06:31:24Z
2024-11-15,manduriacu,670078161,high_res,5,125.125,s3://geoglows-v2-forecasts/2024111500.zarr,acf3d8a1180c8e80e07e185515295226-2,2026-09-25T06:31:24Z
2024-11-15,manduriacu,670078161,high_res,6,170.36,s3://geoglows-v2-forecasts/2024111500.zarr,acf3d8a1180c8e80e07e185515295226-2,2026-09-25T06:31:24Z
2024-11-15,manduriacu,670078161,high_res,7,226.887,s3://geoglows-v2-forecasts/2024111500.zarr,acf3d8a1180c8e80e07e185515295226-2,2026-09-25T06:31:24Z
2024-11-15,manduriacu,670078161,high_res,8,277.783,s3://geoglows-v2-forecasts/2024111500.zarr,acf3d8a1180c8e80e07e185515295226-2,2026-09-25T06:31:24Z
2024-11-15,manduriacu,670078161,high_res,9,277.326,s3://geoglows-v2-forecasts/2024111500.zarr,acf3d8a1180c8e80e07e185515295226-2,2026-09-25T06:31:24Z
2024-11-15,minas_san_francisco,670027091,high_res,1,4.121,s3://geoglows-v2-forecasts/2024111500.zarr,acf3d8a1180c8e80e07e185515295226-2,2026-09-25T06:31:24Z
2024-11-15,minas_san_francisco,670027091,high_res,10,5.751,s3://geoglows-v2-forecasts/2024111500.zarr,acf3d8a1180c8e80e07e185515295226-2,2026-09-25T06:31:24Z
2024-11-15,minas_san_francisco,670027091,high_res,2,4.316,s3://geoglows-v2-forecasts/2024111500.zarr,acf3d8a1180c8e80e07e185515295226-2,2026-09-25T06:31:24Z
2024-11-15,minas_san_francisco,670027091,high_res,3,4.447,s3://geoglows-v2-forecasts/2024111500.zarr,acf3d8a1180c8e80e07e185515295226-2,2026-09-25T06:31:24Z
2024-11-15,minas_san_francisco,670027091,high_res,4,4.611,s3://geoglows-v2-forecasts/2024111500.zarr,acf3d8a1180c8e80e07e185515295226-2,2026-09-25T06:31:24Z
2024-11-15,minas_san_francisco,670027091,high_res,5,5.316,s3://geoglows-v2-forecasts/2024111500.zarr,acf3d8a1180c8e80e07e185515295226-2,2026-09-25T06:31:24Z
2024-11-15,minas_san_francisco,670027091,high_res,6,5.881,s3://geoglows-v2-forecasts/2024111500.zarr,acf3d8a1180c8e80e07e185515295226-2,2026-09-25T06:31:24Z
2024-11-15,minas_san_francisco,670027091,high_res,7,5.453,s3://geoglows-v2-forecasts/2024111500.zarr,acf3d8a1180c8e80e07e185515295226-2,2026-09-25T06:31:24Z
2024-11-15,minas_san_francisco,670027091,high_res,8,5.366,s3://geoglows-v2-forecasts/2024111500.zarr,acf3d8a1180c8e80e07e185515295226-2,2026-09-25T06:31:24Z
2024-11-15,minas_san_francisco,670027091,high_res,9,5.188,s3://geoglows-v2-forecasts/2024111500.zarr,acf3d8a1180c8e80e07e185515295226-2,2026-09-25T06:31:24Z
2024-11-16,agoyan,621014469,high_res,1,42.605,s3://geoglows-v2-forecasts/2024111600.zarr,02d67101a53ee6dc0a03fbd7aa8d6b66-2,2026-09-25T06:31:24Z
2024-11-16,agoyan,621014469,high_res,10,99.066,s3://geoglows-v2-forecasts/2024111600.zarr,02d67101a53ee6dc0a03fbd7aa8d6b66-2,2026-09-25T06:31:24Z
2024-11-16,agoyan,621014469,high_res,2,44.592,s3://geoglows-v2-forecasts/2024111600.zarr,02d67101a53ee6dc0a03fbd7aa8d6b66-2,2026-09-25T06:31:24Z
2024-11-16,agoyan,621014469,high_res,3,52.789,s3://geoglows-v2-forecasts/2024111600.zarr,02d67101a53ee6dc0a03fbd7aa8d6b66-2,2026-09-25T06:31:24Z
2024-11-16,agoyan,621014469,high_res,4,68.214,s3://geoglows-v2-forecasts/2024111600.zarr,02d67101a53ee6dc0a03fbd7aa8d6b66-2,2026-09-25T06:31:24Z
2024-11-16,agoyan,621014469,high_res,5,89.701,s3://geoglows-v2-forecasts/2024111600.zarr,02d67101a53ee6dc0a03fbd7aa8d6b66-2,2026-09-25T06:31:24Z
2024-11-16,agoyan,621014469,high_res,6,98.018,s3://geoglows-v2-forecasts/2024111600.zarr,02d67101a53ee6dc0a03fbd7aa8d6b66-2,2026-09-25T06:31:24Z
2024-11-16,agoyan,621014469,high_res,7,106.353,s3://geoglows-v2-forecasts/2024111600.zarr,02d67101a53ee6dc0a03fbd7aa8d6b66-2,2026-09-25T06:31:24Z
2024-11-16,agoyan,621014469,high_res,8,106.955,s3://geoglows-v2-forecasts/2024111600.zarr,02d67101a53ee6dc0a03fbd7aa8d6b66-2,2026-09-25T06:31:24Z
2024-11-16,agoyan,621014469,high_res,9,102.231,s3://geoglows-v2-forecasts/2024111600.zarr,02d67101a53ee6dc0a03fbd7aa8d6b66-2,2026-09-25T06:31:24Z
2024-11-16,manduriacu,670078161,high_res,1,75.978,s3://geoglows-v2-forecasts/2024111600.zarr,02d67101a53ee6dc0a03fbd7aa8d6b66-2,2026-09-25T06:31:24Z
2024-11-16,manduriacu,670078161,high_res,10,350.564,s3://geoglows-v2-forecasts/2024111600.zarr,02d67101a53ee6dc0a03fbd7aa8d6b66-2,2026-09-25T06:31:24Z
2024-11-16,manduriacu,670078161,high_res,2,92.734,s3://geoglows-v2-forecasts/2024111600.zarr,02d67101a53ee6dc0a03fbd7aa8d6b66-2,2026-09-25T06:31:24Z
2024-11-16,manduriacu,670078161,high_res,3,91.26,s3://geoglows-v2-forecasts/2024111600.zarr,02d67101a53ee6dc0a03fbd7aa8d6b66-2,2026-09-25T06:31:24Z
2024-11-16,manduriacu,670078161,high_res,4,113.574,s3://geoglows-v2-forecasts/2024111600.zarr,02d67101a53ee6dc0a03fbd7aa8d6b66-2,2026-09-25T06:31:24Z
2024-11-16,manduriacu,670078161,high_res,5,172.125,s3://geoglows-v2-forecasts/2024111600.zarr,02d67101a53ee6dc0a03fbd7aa8d6b66-2,2026-09-25T06:31:24Z
2024-11-16,manduriacu,670078161,high_res,6,224.192,s3://geoglows-v2-forecasts/2024111600.zarr,02d67101a53ee6dc0a03fbd7aa8d6b66-2,2026-09-25T06:31:24Z
2024-11-16,manduriacu,670078161,high_res,7,272.517,s3://geoglows-v2-forecasts/2024111600.zarr,02d67101a53ee6dc0a03fbd7aa8d6b66-2,2026-09-25T06:31:24Z
2024-11-16,manduriacu,670078161,high_res,8,289.512,s3://geoglows-v2-forecasts/2024111600.zarr,02d67101a53ee6dc0a03fbd7aa8d6b66-2,2026-09-25T06:31:24Z
2024-11-16,manduriacu,670078161,high_res,9,334.343,s3://geoglows-v2-forecasts/2024111600.zarr,02d67101a53ee6dc0a03fbd7aa8d6b66-2,2026-09-25T06:31:24Z
2024-11-16,minas_san_francisco,670027091,high_res,1,4.186,s3://geoglows-v2-forecasts/2024111600.zarr,02d67101a53ee6dc0a03fbd7aa8d6b66-2,2026-09-25T06:31:24Z
2024-11-16,minas_san_francisco,670027091,high_res,10,13.443,s3://geoglows-v2-forecasts/2024111600.zarr,02d67101a53ee6dc0a03fbd7aa8d6b66-2,2026-09-25T06:31:24Z
2024-11-16,minas_san_francisco,670027091,high_res,2,4.347,s3://geoglows-v2-forecasts/2024111600.zarr,02d67101a53ee6dc0a03fbd7aa8d6b66-2,2026-09-25T06:31:24Z
2024-11-16,minas_san_francisco,670027091,high_res,3,4.922,s3://geoglows-v2-forecasts/2024111600.zarr,02d67101a53ee6dc0a03fbd7aa8d6b66-2,2026-09-25T06:31:24Z
2024-11-16,minas_san_francisco,670027091,high_res,4,7.855,s3://geoglows-v2-forecasts/2024111600.zarr,02d67101a53ee6dc0a03fbd7aa8d6b66-2,2026-09-25T06:31:24Z
2024-11-16,minas_san_francisco,670027091,high_res,5,9.574,s3://geoglows-v2-forecasts/2024111600.zarr,02d67101a53ee6dc0a03fbd7aa8d6b66-2,2026-09-25T06:31:24Z
2024-11-16,minas_san_francisco,670027091,high_res,6,8.127,s3://geoglows-v2-forecasts/2024111600.zarr,02d67101a53ee6dc0a03fbd7aa8d6b66-2,2026-09-25T06:31:24Z
2024-11-16,minas_san_francisco,670027091,high_res,7,7.613,s3://geoglows-v2-forecasts/2024111600.zarr,02d67101a53ee6dc0a03fbd7aa8d6b66-2,2026-09-25T06:31:24Z
2024-11-16,minas_san_francisco,670027091,high_res,8,8.204,s3://geoglows-v2-forecasts/2024111600.zarr,02d67101a53ee6dc0a03fbd7aa8d6b66-2,2026-09-25T06:31:24Z
2024-11-16,minas_san_francisco,670027091,high_res,9,10.808,s3://geoglows-v2-forecasts/2024111600.zarr,02d67101a53ee6dc0a03fbd7aa8d6b66-2,2026-09-25T06:31:24Z
2024-11-17,agoyan,621014469,high_res,1,41.946,s3://geoglows-v2-forecasts/2024111700.zarr,7326a80496997d73e5eb7a02efd1e45d-2,2026-09-25T06:31:24Z
2024-11-17,agoyan,621014469,high_res,10,205.904,s3://geoglows-v2-forecasts/2024111700.zarr,7326a80496997d73e5eb7a02efd1e45d-2,2026-09-25T06:31:24Z
2024-11-17,agoyan,621014469,high_res,2,44.532,s3://geoglows-v2-forecasts/2024111700.zarr,7326a80496997d73e5eb7a02efd1e45d-2,2026-09-25T06:31:24Z
2024-11-17,agoyan,621014469,high_res,3,59.806,s3://geoglows-v2-forecasts/2024111700.zarr,7326a80496997d73e5eb7a02efd1e45d-2,2026-09-25T06:31:24Z
2024-11-17,agoyan,621014469,high_res,4,78.414,s3://geoglows-v2-forecasts/2024111700.zarr,7326a80496997d73e5eb7a02efd1e45d-2,2026-09-25T06:31:24Z
2024-11-17,agoyan,621014469,high_res,5,92.248,s3://geoglows-v2-forecasts/2024111700.zarr,7326a80496997d73e5eb7a02efd1e45d-2,2026-09-25T06:31:24Z
2024-11-17,agoyan,621014469,high_res,6,111.439,s3://geoglows-v2-forecasts/2024111700.zarr,7326a80496997d73e5eb7a02efd1e45d-2,2026-09-25T06:31:24Z
2024-11-17,agoyan,621014469,high_res,7,142.796,s3://geoglows-v2-forecasts/2024111700.zarr,7326a80496997d73e5eb7a02efd1e45d-2,2026-09-25T06:31:24Z
2024-11-17,agoyan,621014469,high_res,8,169.486,s3://geoglows-v2-forecasts/2024111700.zarr,7326a80496997d73e5eb7a02efd1e45d-2,2026-09-25T06:31:24Z
2024-11-17,agoyan,621014469,high_res,9,190.302,s3://geoglows-v2-forecasts/2024111700.zarr,7326a80496997d73e5eb7a02efd1e45d-2,2026-09-25T06:31:24Z
2024-11-17,manduriacu,670078161,high_res,1,97.085,s3://geoglows-v2-forecasts/2024111700.zarr,7326a80496997d73e5eb7a02efd1e45d-2,2026-09-25T06:31:24Z
2024-11-17,manduriacu,670078161,high_res,10,349.72,s3://geoglows-v2-forecasts/2024111700.zarr,7326a80496997d73e5eb7a02efd1e45d-2,2026-09-25T06:31:24Z
2024-11-17,manduriacu,670078161,high_res,2,97.095,s3://geoglows-v2-forecasts/2024111700.zarr,7326a80496997d73e5eb7a02efd1e45d-2,2026-09-25T06:31:24Z
2024-11-17,manduriacu,670078161,high_res,3,105.251,s3://geoglows-v2-forecasts/2024111700.zarr,7326a80496997d73e5eb7a02efd1e45d-2,2026-09-25T06:31:24Z
2024-11-17,manduriacu,670078161,high_res,4,128.759,s3://geoglows-v2-forecasts/2024111700.zarr,7326a80496997d73e5eb7a02efd1e45d-2,2026-09-25T06:31:24Z
2024-11-17,manduriacu,670078161,high_res,5,184.9,s3://geoglows-v2-forecasts/2024111700.zarr,7326a80496997d73e5eb7a02efd1e45d-2,2026-09-25T06:31:24Z
2024-11-17,manduriacu,670078161,high_res,6,237.697,s3://geoglows-v2-forecasts/2024111700.zarr,7326a80496997d73e5eb7a02efd1e45d-2,2026-09-25T06:31:24Z
2024-11-17,manduriacu,670078161,high_res,7,263.333,s3://geoglows-v2-forecasts/2024111700.zarr,7326a80496997d73e5eb7a02efd1e45d-2,2026-09-25T06:31:24Z
2024-11-17,manduriacu,670078161,high_res,8,302.854,s3://geoglows-v2-forecasts/2024111700.zarr,7326a80496997d73e5eb7a02efd1e45d-2,2026-09-25T06:31:24Z
2024-11-17,manduriacu,670078161,high_res,9,326.805,s3://geoglows-v2-forecasts/2024111700.zarr,7326a80496997d73e5eb7a02efd1e45d-2,2026-09-25T06:31:24Z
2024-11-17,minas_san_francisco,670027091,high_res,1,4.202,s3://geoglows-v2-forecasts/2024111700.zarr,7326a80496997d73e5eb7a02efd1e45d-2,2026-09-25T06:31:24Z
2024-11-17,minas_san_francisco,670027091,high_res,10,43.385,s3://geoglows-v2-forecasts/2024111700.zarr,7326a80496997d73e5eb7a02efd1e45d-2,2026-09-25T06:31:24Z
2024-11-17,minas_san_francisco,670027091,high_res,2,4.692,s3://geoglows-v2-forecasts/2024111700.zarr,7326a80496997d73e5eb7a02efd1e45d-2,2026-09-25T06:31:24Z
2024-11-17,minas_san_francisco,670027091,high_res,3,7.757,s3://geoglows-v2-forecasts/2024111700.zarr,7326a80496997d73e5eb7a02efd1e45d-2,2026-09-25T06:31:24Z
2024-11-17,minas_san_francisco,670027091,high_res,4,11.847,s3://geoglows-v2-forecasts/2024111700.zarr,7326a80496997d73e5eb7a02efd1e45d-2,2026-09-25T06:31:24Z
2024-11-17,minas_san_francisco,670027091,high_res,5,10.511,s3://geoglows-v2-forecasts/2024111700.zarr,7326a80496997d73e5eb7a02efd1e45d-2,2026-09-25T06:31:24Z
2024-11-17,minas_san_francisco,670027091,high_res,6,8.994,s3://geoglows-v2-forecasts/2024111700.zarr,7326a80496997d73e5eb7a02efd1e45d-2,2026-09-25T06:31:24Z
2024-11-17,minas_san_francisco,670027091,high_res,7,12.691,s3://geoglows-v2-forecasts/2024111700.zarr,7326a80496997d73e5eb7a02efd1e45d-2,2026-09-25T06:31:24Z
2024-11-17,minas_san_francisco,670027091,high_res,8,27.075,s3://geoglows-v2-forecasts/2024111700.zarr,7326a80496997d73e5eb7a02efd1e45d-2,2026-09-25T06:31:24Z
2024-11-17,minas_san_francisco,670027091,high_res,9,35.055,s3://geoglows-v2-forecasts/2024111700.zarr,7326a80496997d73e5eb7a02efd1e45d-2,2026-09-25T06:31:24Z
2024-11-18,agoyan,621014469,high_res,1,44.268,s3://geoglows-v2-forecasts/2024111800.zarr,8302da2c784f1c00bc531477b8cd5176-2,2026-09-25T06:31:24Z
2024-11-18,agoyan,621014469,high_res,10,123.82,s3://geoglows-v2-forecasts/2024111800.zarr,8302da2c784f1c00bc531477b8cd5176-2,2026-09-25T06:31:24Z
2024-11-18,agoyan,621014469,high_res,2,49.938,s3://geoglows-v2-forecasts/2024111800.zarr,8302da2c784f1c00bc531477b8cd5176-2,2026-09-25T06:31:24Z
2024-11-18,agoyan,621014469,high_res,3,65.622,s3://geoglows-v2-forecasts/2024111800.zarr,8302da2c784f1c00bc531477b8cd5176-2,2026-09-25T06:31:24Z
2024-11-18,agoyan,621014469,high_res,4,77.287,s3://geoglows-v2-forecasts/2024111800.zarr,8302da2c784f1c00bc531477b8cd5176-2,2026-09-25T06:31:24Z
2024-11-18,agoyan,621014469,high_res,5,91.003,s3://geoglows-v2-forecasts/2024111800.zarr,8302da2c784f1c00bc531477b8cd5176-2,2026-09-25T06:31:24Z
2024-11-18,agoyan,621014469,high_res,6,115.927,s3://geoglows-v2-forecasts/2024111800.zarr,8302da2c784f1c00bc531477b8cd5176-2,2026-09-25T06:31:24Z
2024-11-18,agoyan,621014469,high_res,7,136.364,s3://geoglows-v2-forecasts/2024111800.zarr,8302da2c784f1c00bc531477b8cd5176-2,2026-09-25T06:31:24Z
2024-11-18,agoyan,621014469,high_res,8,148.851,s3://geoglows-v2-forecasts/2024111800.zarr,8302da2c784f1c00bc531477b8cd5176-2,2026-09-25T06:31:24Z
2024-11-18,agoyan,621014469,high_res,9,142.326,s3://geoglows-v2-forecasts/2024111800.zarr,8302da2c784f1c00bc531477b8cd5176-2,2026-09-25T06:31:24Z
2024-11-18,manduriacu,670078161,high_res,1,119.068,s3://geoglows-v2-forecasts/2024111800.zarr,8302da2c784f1c00bc531477b8cd5176-2,2026-09-25T06:31:24Z
2024-11-18,manduriacu,670078161,high_res,10,343.855,s3://geoglows-v2-forecasts/2024111800.zarr,8302da2c784f1c00bc531477b8cd5176-2,2026-09-25T06:31:24Z
2024-11-18,manduriacu,670078161,high_res,2,116.868,s3://geoglows-v2-forecasts/2024111800.zarr,8302da2c784f1c00bc531477b8cd5176-2,2026-09-25T06:31:24Z
2024-11-18,manduriacu,670078161,high_res,3,113.047,s3://geoglows-v2-forecasts/2024111800.zarr,8302da2c784f1c00bc531477b8cd5176-2,2026-09-25T06:31:24Z
2024-11-18,manduriacu,670078161,high_res,4,144.412,s3://geoglows-v2-forecasts/2024111800.zarr,8302da2c784f1c00bc531477b8cd5176-2,2026-09-25T06:31:24Z
2024-11-18,manduriacu,670078161,high_res,5,187.139,s3://geoglows-v2-forecasts/2024111800.zarr,8302da2c784f1c00bc531477b8cd5176-2,2026-09-25T06:31:24Z
2024-11-18,manduriacu,670078161,high_res,6,244.283,s3://geoglows-v2-forecasts/2024111800.zarr,8302da2c784f1c00bc531477b8cd5176-2,2026-09-25T06:31:24Z
2024-11-18,manduriacu,670078161,high_res,7,320.477,s3://geoglows-v2-forecasts/2024111800.zarr,8302da2c784f1c00bc531477b8cd5176-2,2026-09-25T06:31:24Z
2024-11-18,manduriacu,670078161,high_res,8,433.078,s3://geoglows-v2-forecasts/2024111800.zarr,8302da2c784f1c00bc531477b8cd5176-2,2026-09-25T06:31:24Z
2024-11-18,manduriacu,670078161,high_res,9,417.376,s3://geoglows-v2-forecasts/2024111800.zarr,8302da2c784f1c00bc531477b8cd5176-2,2026-09-25T06:31:24Z
2024-11-18,minas_san_francisco,670027091,high_res,1,4.341,s3://geoglows-v2-forecasts/2024111800.zarr,8302da2c784f1c00bc531477b8cd5176-2,2026-09-25T06:31:24Z
2024-11-18,minas_san_francisco,670027091,high_res,10,46.221,s3://geoglows-v2-forecasts/2024111800.zarr,8302da2c784f1c00bc531477b8cd5176-2,2026-09-25T06:31:24Z
2024-11-18,minas_san_francisco,670027091,high_res,2,5.483,s3://geoglows-v2-forecasts/2024111800.zarr,8302da2c784f1c00bc531477b8cd5176-2,2026-09-25T06:31:24Z
2024-11-18,minas_san_francisco,670027091,high_res,3,6.776,s3://geoglows-v2-forecasts/2024111800.zarr,8302da2c784f1c00bc531477b8cd5176-2,2026-09-25T06:31:24Z
2024-11-18,minas_san_francisco,670027091,high_res,4,7.569,s3://geoglows-v2-forecasts/2024111800.zarr,8302da2c784f1c00bc531477b8cd5176-2,2026-09-25T06:31:24Z
2024-11-18,minas_san_francisco,670027091,high_res,5,7.71,s3://geoglows-v2-forecasts/2024111800.zarr,8302da2c784f1c00bc531477b8cd5176-2,2026-09-25T06:31:24Z
2024-11-18,minas_san_francisco,670027091,high_res,6,10.275,s3://geoglows-v2-forecasts/2024111800.zarr,8302da2c784f1c00bc531477b8cd5176-2,2026-09-25T06:31:24Z
2024-11-18,minas_san_francisco,670027091,high_res,7,21.852,s3://geoglows-v2-forecasts/2024111800.zarr,8302da2c784f1c00bc531477b8cd5176-2,2026-09-25T06:31:24Z
2024-11-18,minas_san_francisco,670027091,high_res,8,37.674,s3://geoglows-v2-forecasts/2024111800.zarr,8302da2c784f1c00bc531477b8cd5176-2,2026-09-25T06:31:24Z
2024-11-18,minas_san_francisco,670027091,high_res,9,50.424,s3://geoglows-v2-forecasts/2024111800.zarr,8302da2c784f1c00bc531477b8cd5176-2,2026-09-25T06:31:24Z
2024-11-19,agoyan,621014469,high_res,1,46.405,s3://geoglows-v2-forecasts/2024111900.zarr,efa61d084fba6b299bc249ef02fada4f-2,2026-09-25T06:31:24Z
2024-11-19,agoyan,621014469,high_res,10,129.964,s3://geoglows-v2-forecasts/2024111900.zarr,efa61d084fba6b299bc249ef02fada4f-2,2026-09-25T06:31:24Z
2024-11-19,agoyan,621014469,high_res,2,57.365,s3://geoglows-v2-forecasts/2024111900.zarr,efa61d084fba6b299bc249ef02fada4f-2,2026-09-25T06:31:24Z
2024-11-19,agoyan,621014469,high_res,3,70.98,s3://geoglows-v2-forecasts/2024111900.zarr,efa61d084fba6b299bc249ef02fada4f-2,2026-09-25T06:31:24Z
2024-11-19,agoyan,621014469,high_res,4,93.556,s3://geoglows-v2-forecasts/2024111900.zarr,efa61d084fba6b299bc249ef02fada4f-2,2026-09-25T06:31:24Z
2024-11-19,agoyan,621014469,high_res,5,130.538,s3://geoglows-v2-forecasts/2024111900.zarr,efa61d084fba6b299bc249ef02fada4f-2,2026-09-25T06:31:24Z
2024-11-19,agoyan,621014469,high_res,6,159.837,s3://geoglows-v2-forecasts/2024111900.zarr,efa61d084fba6b299bc249ef02fada4f-2,2026-09-25T06:31:24Z
2024-11-19,agoyan,621014469,high_res,7,185.066,s3://geoglows-v2-forecasts/2024111900.zarr,efa61d084fba6b299bc249ef02fada4f-2,2026-09-25T06:31:24Z
2024-11-19,agoyan,621014469,high_res,8,186.587,s3://geoglows-v2-forecasts/2024111900.zarr,efa61d084fba6b299bc249ef02fada4f-2,2026-09-25T06:31:24Z
2024-11-19,agoyan,621014469,high_res,9,165.636,s3://geoglows-v2-forecasts/2024111900.zarr,efa61d084fba6b299bc249ef02fada4f-2,2026-09-25T06:31:24Z
2024-11-19,manduriacu,670078161,high_res,1,123.576,s3://geoglows-v2-forecasts/2024111900.zarr,efa61d084fba6b299bc249ef02fada4f-2,2026-09-25T06:31:24Z
2024-11-19,manduriacu,670078161,high_res,10,264.632,s3://geoglows-v2-forecasts/2024111900.zarr,efa61d084fba6b299bc249ef02fada4f-2,2026-09-25T06:31:24Z
2024-11-19,manduriacu,670078161,high_res,2,119.142,s3://geoglows-v2-forecasts/2024111900.zarr,efa61d084fba6b299bc249ef02fada4f-2,2026-09-25T06:31:24Z
2024-11-19,manduriacu,670078161,high_res,3,136.497,s3://geoglows-v2-forecasts/2024111900.zarr,efa61d084fba6b299bc249ef02fada4f-2,2026-09-25T06:31:24Z
2024-11-19,manduriacu,670078161,high_res,4,163.12,s3://geoglows-v2-forecasts/2024111900.zarr,efa61d084fba6b299bc249ef02fada4f-2,2026-09-25T06:31:24Z
2024-11-19,manduriacu,670078161,high_res,5,195.788,s3://geoglows-v2-forecasts/2024111900.zarr,efa61d084fba6b299bc249ef02fada4f-2,2026-09-25T06:31:24Z
2024-11-19,manduriacu,670078161,high_res,6,228.291,s3://geoglows-v2-forecasts/2024111900.zarr,efa61d084fba6b299bc249ef02fada4f-2,2026-09-25T06:31:24Z
2024-11-19,manduriacu,670078161,high_res,7,287.458,s3://geoglows-v2-forecasts/2024111900.zarr,efa61d084fba6b299bc249ef02fada4f-2,2026-09-25T06:31:24Z
2024-11-19,manduriacu,670078161,high_res,8,300.882,s3://geoglows-v2-forecasts/2024111900.zarr,efa61d084fba6b299bc249ef02fada4f-2,2026-09-25T06:31:24Z
2024-11-19,manduriacu,670078161,high_res,9,281.641,s3://geoglows-v2-forecasts/2024111900.zarr,efa61d084fba6b299bc249ef02fada4f-2,2026-09-25T06:31:24Z
2024-11-19,minas_san_francisco,670027091,high_res,1,5.583,s3://geoglows-v2-forecasts/2024111900.zarr,efa61d084fba6b299bc249ef02fada4f-2,2026-09-25T06:31:24Z
2024-11-19,minas_san_francisco,670027091,high_res,10,36.434,s3://geoglows-v2-forecasts/2024111900.zarr,efa61d084fba6b299bc249ef02fada4f-2,2026-09-25T06:31:24Z
2024-11-19,minas_san_francisco,670027091,high_res,2,7.299,s3://geoglows-v2-forecasts/2024111900.zarr,efa61d084fba6b299bc249ef02fada4f-2,2026-09-25T06:31:24Z
2024-11-19,minas_san_francisco,670027091,high_res,3,9.382,s3://geoglows-v2-forecasts/2024111900.zarr,efa61d084fba6b299bc249ef02fada4f-2,2026-09-25T06:31:24Z
2024-11-19,minas_san_francisco,670027091,high_res,4,9.897,s3://geoglows-v2-forecasts/2024111900.zarr,efa61d084fba6b299bc249ef02fada4f-2,2026-09-25T06:31:24Z
2024-11-19,minas_san_francisco,670027091,high_res,5,10.452,s3://geoglows-v2-forecasts/2024111900.zarr,efa61d084fba6b299bc249ef02fada4f-2,2026-09-25T06:31:24Z
2024-11-19,minas_san_francisco,670027091,high_res,6,21.986,s3://geoglows-v2-forecasts/2024111900.zarr,efa61d084fba6b299bc249ef02fada4f-2,2026-09-25T06:31:24Z
2024-11-19,minas_san_francisco,670027091,high_res,7,34.056,s3://geoglows-v2-forecasts/2024111900.zarr,efa61d084fba6b299bc249ef02fada4f-2,2026-09-25T06:31:24Z
2024-11-19,minas_san_francisco,670027091,high_res,8,34.475,s3://geoglows-v2-forecasts/2024111900.zarr,efa61d084fba6b299bc249ef02fada4f-2,2026-09-25T06:31:24Z
2024-11-19,minas_san_francisco,670027091,high_res,9,36.759,s3://geoglows-v2-forecasts/2024111900.zarr,efa61d084fba6b299bc249ef02fada4f-2,2026-09-25T06:31:24Z
2024-11-20,agoyan,621014469,high_res,1,52.303,s3://geoglows-v2-forecasts/2024112000.zarr,44029c9b6fc73618330100162ac523de-2,2026-09-25T06:31:29Z
2024-11-20,agoyan,621014469,high_res,10,100.446,s3://geoglows-v2-forecasts/2024112000.zarr,44029c9b6fc73618330100162ac523de-2,2026-09-25T06:31:29Z
2024-11-20,agoyan,621014469,high_res,2,70.887,s3://geoglows-v2-forecasts/2024112000.zarr,44029c9b6fc73618330100162ac523de-2,2026-09-25T06:31:29Z
2024-11-20,agoyan,621014469,high_res,3,85.043,s3://geoglows-v2-forecasts/2024112000.zarr,44029c9b6fc73618330100162ac523de-2,2026-09-25T06:31:29Z
2024-11-20,agoyan,621014469,high_res,4,133.9,s3://geoglows-v2-forecasts/2024112000.zarr,44029c9b6fc73618330100162ac523de-2,2026-09-25T06:31:29Z
2024-11-20,agoyan,621014469,high_res,5,177.286,s3://geoglows-v2-forecasts/2024112000.zarr,44029c9b6fc73618330100162ac523de-2,2026-09-25T06:31:29Z
2024-11-20,agoyan,621014469,high_res,6,216.674,s3://geoglows-v2-forecasts/2024112000.zarr,44029c9b6fc73618330100162ac523de-2,2026-09-25T06:31:29Z
2024-11-20,agoyan,621014469,high_res,7,201.186,s3://geoglows-v2-forecasts/2024112000.zarr,44029c9b6fc73618330100162ac523de-2,2026-09-25T06:31:29Z
2024-11-20,agoyan,621014469,high_res,8,164.058,s3://geoglows-v2-forecasts/2024112000.zarr,44029c9b6fc73618330100162ac523de-2,2026-09-25T06:31:29Z
2024-11-20,agoyan,621014469,high_res,9,125.759,s3://geoglows-v2-forecasts/2024112000.zarr,44029c9b6fc73618330100162ac523de-2,2026-09-25T06:31:29Z
2024-11-20,manduriacu,670078161,high_res,1,113.48,s3://geoglows-v2-forecasts/2024112000.zarr,44029c9b6fc73618330100162ac523de-2,2026-09-25T06:31:29Z
2024-11-20,manduriacu,670078161,high_res,10,214.959,s3://geoglows-v2-forecasts/2024112000.zarr,44029c9b6fc73618330100162ac523de-2,2026-09-25T06:31:29Z
2024-11-20,manduriacu,670078161,high_res,2,124.835,s3://geoglows-v2-forecasts/2024112000.zarr,44029c9b6fc73618330100162ac523de-2,2026-09-25T06:31:29Z
2024-11-20,manduriacu,670078161,high_res,3,145.189,s3://geoglows-v2-forecasts/2024112000.zarr,44029c9b6fc73618330100162ac523de-2,2026-09-25T06:31:29Z
2024-11-20,manduriacu,670078161,high_res,4,148.281,s3://geoglows-v2-forecasts/2024112000.zarr,44029c9b6fc73618330100162ac523de-2,2026-09-25T06:31:29Z
2024-11-20,manduriacu,670078161,high_res,5,179.75,s3://geoglows-v2-forecasts/2024112000.zarr,44029c9b6fc73618330100162ac523de-2,2026-09-25T06:31:29Z
2024-11-20,manduriacu,670078161,high_res,6,217.506,s3://geoglows-v2-forecasts/2024112000.zarr,44029c9b6fc73618330100162ac523de-2,2026-09-25T06:31:29Z
2024-11-20,manduriacu,670078161,high_res,7,230.8,s3://geoglows-v2-forecasts/2024112000.zarr,44029c9b6fc73618330100162ac523de-2,2026-09-25T06:31:29Z
2024-11-20,manduriacu,670078161,high_res,8,224.249,s3://geoglows-v2-forecasts/2024112000.zarr,44029c9b6fc73618330100162ac523de-2,2026-09-25T06:31:29Z
2024-11-20,manduriacu,670078161,high_res,9,207.759,s3://geoglows-v2-forecasts/2024112000.zarr,44029c9b6fc73618330100162ac523de-2,2026-09-25T06:31:29Z
2024-11-20,minas_san_francisco,670027091,high_res,1,6.707,s3://geoglows-v2-forecasts/2024112000.zarr,44029c9b6fc73618330100162ac523de-2,2026-09-25T06:31:29Z
2024-11-20,minas_san_francisco,670027091,high_res,10,36.272,s3://geoglows-v2-forecasts/2024112000.zarr,44029c9b6fc73618330100162ac523de-2,2026-09-25T06:31:29Z
2024-11-20,minas_san_francisco,670027091,high_res,2,7.79,s3://geoglows-v2-forecasts/2024112000.zarr,44029c9b6fc73618330100162ac523de-2,2026-09-25T06:31:29Z
2024-11-20,minas_san_francisco,670027091,high_res,3,7.806,s3://geoglows-v2-forecasts/2024112000.zarr,44029c9b6fc73618330100162ac523de-2,2026-09-25T06:31:29Z
2024-11-20,minas_san_francisco,670027091,high_res,4,9.322,s3://geoglows-v2-forecasts/2024112000.zarr,44029c9b6fc73618330100162ac523de-2,2026-09-25T06:31:29Z
2024-11-20,minas_san_francisco,670027091,high_res,5,23.646,s3://geoglows-v2-forecasts/2024112000.zarr,44029c9b6fc73618330100162ac523de-2,2026-09-25T06:31:29Z
2024-11-20,minas_san_francisco,670027091,high_res,6,41.595,s3://geoglows-v2-forecasts/2024112000.zarr,44029c9b6fc73618330100162ac523de-2,2026-09-25T06:31:29Z
2024-11-20,minas_san_francisco,670027091,high_res,7,49.847,s3://geoglows-v2-forecasts/2024112000.zarr,44029c9b6fc73618330100162ac523de-2,2026-09-25T06:31:29Z
2024-11-20,minas_san_francisco,670027091,high_res,8,52.512,s3://geoglows-v2-forecasts/2024112000.zarr,44029c9b6fc73618330100162ac523de-2,2026-09-25T06:31:29Z
2024-11-20,minas_san_francisco,670027091,high_res,9,42.258,s3://geoglows-v2-forecasts/2024112000.zarr,44029c9b6fc73618330100162ac523de-2,2026-09-25T06:31:29Z
2024-11-21,agoyan,621014469,high_res,1,63.253,s3://geoglows-v2-forecasts/2024112100.zarr,44ac040975b9caeeb11f5047641ff493-2,2026-09-25T06:31:29Z
2024-11-21,agoyan,621014469,high_res,10,90.362,s3://geoglows-v2-forecasts/2024112100.zarr,44ac040975b9caeeb11f5047641ff493-2,2026-09-25T06:31:29Z
2024-11-21,agoyan,621014469,high_res,2,65.151,s3://geoglows-v2-forecasts/2024112100.zarr,44ac040975b9caeeb11f5047641ff493-2,2026-09-25T06:31:29Z
2024-11-21,agoyan,621014469,high_res,3,84.725,s3://geoglows-v2-forecasts/2024112100.zarr,44ac040975b9caeeb11f5047641ff493-2,2026-09-25T06:31:29Z
2024-11-21,agoyan,621014469,high_res,4,101.981,s3://geoglows-v2-forecasts/2024112100.zarr,44ac040975b9caeeb11f5047641ff493-2,2026-09-25T06:31:29Z
2024-11-21,agoyan,621014469,high_res,5,111.799,s3://geoglows-v2-forecasts/2024112100.zarr,44ac040975b9caeeb11f5047641ff493-2,2026-09-25T06:31:29Z
2024-11-21,agoyan,621014469,high_res,6,116.706,s3://geoglows-v2-forecasts/2024112100.zarr,44ac040975b9caeeb11f5047641ff493-2,2026-09-25T06:31:29Z
2024-11-21,agoyan,621014469,high_res,7,108.415,s3://geoglows-v2-forecasts/2024112100.zarr,44ac040975b9caeeb11f5047641ff493-2,2026-09-25T06:31:29Z
2024-11-21,agoyan,621014469,high_res,8,94.797,s3://geoglows-v2-forecasts/2024112100.zarr,44ac040975b9caeeb11f5047641ff493-2,2026-09-25T06:31:29Z
2024-11-21,agoyan,621014469,high_res,9,88.781,s3://geoglows-v2-forecasts/2024112100.zarr,44ac040975b9caeeb11f5047641ff493-2,2026-09-25T06:31:29Z
2024-11-21,manduriacu,670078161,high_res,1,116.802,s3://geoglows-v2-forecasts/2024112100.zarr,44ac040975b9caeeb11f5047641ff493-2,2026-09-25T06:31:29Z
2024-11-21,manduriacu,670078161,high_res,10,269.215,s3://geoglows-v2-forecasts/2024112100.zarr,44ac040975b9caeeb11f5047641ff493-2,2026-09-25T06:31:29Z
2024-11-21,manduriacu,670078161,high_res,2,116.865,s3://geoglows-v2-forecasts/2024112100.zarr,44ac040975b9caeeb11f5047641ff493-2,2026-09-25T06:31:29Z
2024-11-21,manduriacu,670078161,high_res,3,114.433,s3://geoglows-v2-forecasts/2024112100.zarr,44ac040975b9caeeb11f5047641ff493-2,2026-09-25T06:31:29Z
2024-11-21,manduriacu,670078161,high_res,4,123.568,s3://geoglows-v2-forecasts/2024112100.zarr,44ac040975b9caeeb11f5047641ff493-2,2026-09-25T06:31:29Z
2024-11-21,manduriacu,670078161,high_res,5,143.965,s3://geoglows-v2-forecasts/2024112100.zarr,44ac040975b9caeeb11f5047641ff493-2,2026-09-25T06:31:29Z
2024-11-21,manduriacu,670078161,high_res,6,179.155,s3://geoglows-v2-forecasts/2024112100.zarr,44ac040975b9caeeb11f5047641ff493-2,2026-09-25T06:31:29Z
2024-11-21,manduriacu,670078161,high_res,7,170.891,s3://geoglows-v2-forecasts/2024112100.zarr,44ac040975b9caeeb11f5047641ff493-2,2026-09-25T06:31:29Z
2024-11-21,manduriacu,670078161,high_res,8,169.066,s3://geoglows-v2-forecasts/2024112100.zarr,44ac040975b9caeeb11f5047641ff493-2,2026-09-25T06:31:29Z
2024-11-21,manduriacu,670078161,high_res,9,178.556,s3://geoglows-v2-forecasts/2024112100.zarr,44ac040975b9caeeb11f5047641ff493-2,2026-09-25T06:31:29Z
2024-11-21,minas_san_francisco,670027091,high_res,1,7.594,s3://geoglows-v2-forecasts/2024112100.zarr,44ac040975b9caeeb11f5047641ff493-2,2026-09-25T06:31:29Z
2024-11-21,minas_san_francisco,670027091,high_res,10,47.344,s3://geoglows-v2-forecasts/2024112100.zarr,44ac040975b9caeeb11f5047641ff493-2,2026-09-25T06:31:29Z
2024-11-21,minas_san_francisco,670027091,high_res,2,6.779,s3://geoglows-v2-forecasts/2024112100.zarr,44ac040975b9caeeb11f5047641ff493-2,2026-09-25T06:31:29Z
2024-11-21,minas_san_francisco,670027091,high_res,3,6.585,s3://geoglows-v2-forecasts/2024112100.zarr,44ac040975b9caeeb11f5047641ff493-2,2026-09-25T06:31:29Z
2024-11-21,minas_san_francisco,670027091,high_res,4,9.512,s3://geoglows-v2-forecasts/2024112100.zarr,44ac040975b9caeeb11f5047641ff493-2,2026-09-25T06:31:29Z
2024-11-21,minas_san_francisco,670027091,high_res,5,15.382,s3://geoglows-v2-forecasts/2024112100.zarr,44ac040975b9caeeb11f5047641ff493-2,2026-09-25T06:31:29Z
2024-11-21,minas_san_francisco,670027091,high_res,6,24.884,s3://geoglows-v2-forecasts/2024112100.zarr,44ac040975b9caeeb11f5047641ff493-2,2026-09-25T06:31:29Z
2024-11-21,minas_san_francisco,670027091,high_res,7,32.115,s3://geoglows-v2-forecasts/2024112100.zarr,44ac040975b9caeeb11f5047641ff493-2,2026-09-25T06:31:29Z
2024-11-21,minas_san_francisco,670027091,high_res,8,43.54,s3://geoglows-v2-forecasts/2024112100.zarr,44ac040975b9caeeb11f5047641ff493-2,2026-09-25T06:31:29Z
2024-11-21,minas_san_francisco,670027091,high_res,9,44.846,s3://geoglows-v2-forecasts/2024112100.zarr,44ac040975b9caeeb11f5047641ff493-2,2026-09-25T06:31:29Z
2024-11-22,agoyan,621014469,high_res,1,71.144,s3://geoglows-v2-forecasts/2024112200.zarr,061e9137454fb65691c4a6a8469dca46-2,2026-09-25T06:31:28Z
2024-11-22,agoyan,621014469,high_res,10,70.712,s3://geoglows-v2-forecasts/2024112200.zarr,061e9137454fb65691c4a6a8469dca46-2,2026-09-25T06:31:28Z
2024-11-22,agoyan,621014469,high_res,2,76.863,s3://geoglows-v2-forecasts/2024112200.zarr,061e9137454fb65691c4a6a8469dca46-2,2026-09-25T06:31:28Z
2024-11-22,agoyan,621014469,high_res,3,76.088,s3://geoglows-v2-forecasts/2024112200.zarr,061e9137454fb65691c4a6a8469dca46-2,2026-09-25T06:31:28Z
2024-11-22,agoyan,621014469,high_res,4,71.324,s3://geoglows-v2-forecasts/2024112200.zarr,061e9137454fb65691c4a6a8469dca46-2,2026-09-25T06:31:28Z
2024-11-22,agoyan,621014469,high_res,5,62.865,s3://geoglows-v2-forecasts/2024112200.zarr,061e9137454fb65691c4a6a8469dca46-2,2026-09-25T06:31:28Z
2024-11-22,agoyan,621014469,high_res,6,58.054,s3://geoglows-v2-forecasts/2024112200.zarr,061e9137454fb65691c4a6a8469dca46-2,2026-09-25T06:31:28Z
2024-11-22,agoyan,621014469,high_res,7,61.22,s3://geoglows-v2-forecasts/2024112200.zarr,061e9137454fb65691c4a6a8469dca46-2,2026-09-25T06:31:28Z
2024-11-22,agoyan,621014469,high_res,8,69.323,s3://geoglows-v2-forecasts/2024112200.zarr,061e9137454fb65691c4a6a8469dca46-2,2026-09-25T06:31:28Z
2024-11-22,agoyan,621014469,high_res,9,75.932,s3://geoglows-v2-forecasts/2024112200.zarr,061e9137454fb65691c4a6a8469dca46-2,2026-09-25T06:31:28Z
2024-11-22,manduriacu,670078161,high_res,1,115.913,s3://geoglows-v2-forecasts/2024112200.zarr,061e9137454fb65691c4a6a8469dca46-2,2026-09-25T06:31:28Z
2024-11-22,manduriacu,670078161,high_res,10,240.836,s3://geoglows-v2-forecasts/2024112200.zarr,061e9137454fb65691c4a6a8469dca46-2,2026-09-25T06:31:28Z
2024-11-22,manduriacu,670078161,high_res,2,111.486,s3://geoglows-v2-forecasts/2024112200.zarr,061e9137454fb65691c4a6a8469dca46-2,2026-09-25T06:31:28Z
2024-11-22,manduriacu,670078161,high_res,3,117.721,s3://geoglows-v2-forecasts/2024112200.zarr,061e9137454fb65691c4a6a8469dca46-2,2026-09-25T06:31:28Z
2024-11-22,manduriacu,670078161,high_res,4,119.302,s3://geoglows-v2-forecasts/2024112200.zarr,061e9137454fb65691c4a6a8469dca46-2,2026-09-25T06:31:28Z
2024-11-22,manduriacu,670078161,high_res,5,117.282,s3://geoglows-v2-forecasts/2024112200.zarr,061e9137454fb65691c4a6a8469dca46-2,2026-09-25T06:31:28Z
2024-11-22,manduriacu,670078161,high_res,6,110.381,s3://geoglows-v2-forecasts/2024112200.zarr,061e9137454fb65691c4a6a8469dca46-2,2026-09-25T06:31:28Z
2024-11-22,manduriacu,670078161,high_res,7,116.348,s3://geoglows-v2-forecasts/2024112200.zarr,061e9137454fb65691c4a6a8469dca46-2,2026-09-25T06:31:28Z
2024-11-22,manduriacu,670078161,high_res,8,140.306,s3://geoglows-v2-forecasts/2024112200.zarr,061e9137454fb65691c4a6a8469dca46-2,2026-09-25T06:31:28Z
2024-11-22,manduriacu,670078161,high_res,9,217.091,s3://geoglows-v2-forecasts/2024112200.zarr,061e9137454fb65691c4a6a8469dca46-2,2026-09-25T06:31:28Z
2024-11-22,minas_san_francisco,670027091,high_res,1,6.702,s3://geoglows-v2-forecasts/2024112200.zarr,061e9137454fb65691c4a6a8469dca46-2,2026-09-25T06:31:28Z
2024-11-22,minas_san_francisco,670027091,high_res,10,51.905,s3://geoglows-v2-forecasts/2024112200.zarr,061e9137454fb65691c4a6a8469dca46-2,2026-09-25T06:31:28Z
2024-11-22,minas_san_francisco,670027091,high_res,2,6.421,s3://geoglows-v2-forecasts/2024112200.zarr,061e9137454fb65691c4a6a8469dca46-2,2026-09-25T06:31:28Z
2024-11-22,minas_san_francisco,670027091,high_res,3,7.921,s3://geoglows-v2-forecasts/2024112200.zarr,061e9137454fb65691c4a6a8469dca46-2,2026-09-25T06:31:28Z
2024-11-22,minas_san_francisco,670027091,high_res,4,9.875,s3://geoglows-v2-forecasts/2024112200.zarr,061e9137454fb65691c4a6a8469dca46-2,2026-09-25T06:31:28Z
2024-11-22,minas_san_francisco,670027091,high_res,5,14.841,s3://geoglows-v2-forecasts/2024112200.zarr,061e9137454fb65691c4a6a8469dca46-2,2026-09-25T06:31:28Z
2024-11-22,minas_san_francisco,670027091,high_res,6,23.616,s3://geoglows-v2-forecasts/2024112200.zarr,061e9137454fb65691c4a6a8469dca46-2,2026-09-25T06:31:28Z
2024-11-22,minas_san_francisco,670027091,high_res,7,33.846,s3://geoglows-v2-forecasts/2024112200.zarr,061e9137454fb65691c4a6a8469dca46-2,2026-09-25T06:31:28Z
2024-11-22,minas_san_francisco,670027091,high_res,8,35.57,s3://geoglows-v2-forecasts/2024112200.zarr,061e9137454fb65691c4a6a8469dca46-2,2026-09-25T06:31:28Z
2024-11-22,minas_san_francisco,670027091,high_res,9,42.626,s3://geoglows-v2-forecasts/2024112200.zarr,061e9137454fb65691c4a6a8469dca46-2,2026-09-25T06:31:28Z
2024-11-23,agoyan,621014469,high_res,1,75.108,s3://geoglows-v2-forecasts/2024112300.zarr,022e261790e4df9c9abf80813c49b1d2-2,2026-09-25T06:31:29Z
2024-11-23,agoyan,621014469,high_res,10,82.225,s3://geoglows-v2-forecasts/2024112300.zarr,022e261790e4df9c9abf80813c49b1d2-2,2026-09-25T06:31:29Z
2024-11-23,agoyan,621014469,high_res,2,75.283,s3://geoglows-v2-forecasts/2024112300.zarr,022e261790e4df9c9abf80813c49b1d2-2,2026-09-25T06:31:29Z
2024-11-23,agoyan,621014469,high_res,3,70.528,s3://geoglows-v2-forecasts/2024112300.zarr,022e261790e4df9c9abf80813c49b1d2-2,2026-09-25T06:31:29Z
2024-11-23,agoyan,621014469,high_res,4,71.743,s3://geoglows-v2-forecasts/2024112300.zarr,022e261790e4df9c9abf80813c49b1d2-2,2026-09-25T06:31:29Z
2024-11-23,agoyan,621014469,high_res,5,74.921,s3://geoglows-v2-forecasts/2024112300.zarr,022e261790e4df9c9abf80813c49b1d2-2,2026-09-25T06:31:29Z
2024-11-23,agoyan,621014469,high_res,6,82.338,s3://geoglows-v2-forecasts/2024112300.zarr,022e261790e4df9c9abf80813c49b1d2-2,2026-09-25T06:31:29Z
2024-11-23,agoyan,621014469,high_res,7,87.121,s3://geoglows-v2-forecasts/2024112300.zarr,022e261790e4df9c9abf80813c49b1d2-2,2026-09-25T06:31:29Z
2024-11-23,agoyan,621014469,high_res,8,91.627,s3://geoglows-v2-forecasts/2024112300.zarr,022e261790e4df9c9abf80813c49b1d2-2,2026-09-25T06:31:29Z
2024-11-23,agoyan,621014469,high_res,9,91.982,s3://geoglows-v2-forecasts/2024112300.zarr,022e261790e4df9c9abf80813c49b1d2-2,2026-09-25T06:31:29Z
2024-11-23,manduriacu,670078161,high_res,1,110.175,s3://geoglows-v2-forecasts/2024112300.zarr,022e261790e4df9c9abf80813c49b1d2-2,2026-09-25T06:31:29Z
2024-11-23,manduriacu,670078161,high_res,10,262.765,s3://geoglows-v2-forecasts/2024112300.zarr,022e261790e4df9c9abf80813c49b1d2-2,2026-09-25T06:31:29Z
2024-11-23,manduriacu,670078161,high_res,2,113.737,s3://geoglows-v2-forecasts/2024112300.zarr,022e261790e4df9c9abf80813c49b1d2-2,2026-09-25T06:31:29Z
2024-11-23,manduriacu,670078161,high_res,3,122.844,s3://geoglows-v2-forecasts/2024112300.zarr,022e261790e4df9c9abf80813c49b1d2-2,2026-09-25T06:31:29Z
2024-11-23,manduriacu,670078161,high_res,4,128.484,s3://geoglows-v2-forecasts/2024112300.zarr,022e261790e4df9c9abf80813c49b1d2-2,2026-09-25T06:31:29Z
2024-11-23,manduriacu,670078161,high_res,5,119.734,s3://geoglows-v2-forecasts/2024112300.zarr,022e261790e4df9c9abf80813c49b1d2-2,2026-09-25T06:31:29Z
2024-11-23,manduriacu,670078161,high_res,6,134.719,s3://geoglows-v2-forecasts/2024112300.zarr,022e261790e4df9c9abf80813c49b1d2-2,2026-09-25T06:31:29Z
2024-11-23,manduriacu,670078161,high_res,7,159.144,s3://geoglows-v2-forecasts/2024112300.zarr,022e261790e4df9c9abf80813c49b1d2-2,2026-09-25T06:31:29Z
2024-11-23,manduriacu,670078161,high_res,8,296.746,s3://geoglows-v2-forecasts/2024112300.zarr,022e261790e4df9c9abf80813c49b1d2-2,2026-09-25T06:31:29Z
2024-11-23,manduriacu,670078161,high_res,9,319.933,s3://geoglows-v2-forecasts/2024112300.zarr,022e261790e4df9c9abf80813c49b1d2-2,2026-09-25T06:31:29Z
2024-11-23,minas_san_francisco,670027091,high_res,1,5.783,s3://geoglows-v2-forecasts/2024112300.zarr,022e261790e4df9c9abf80813c49b1d2-2,2026-09-25T06:31:29Z
2024-11-23,minas_san_francisco,670027091,high_res,10,34.866,s3://geoglows-v2-forecasts/2024112300.zarr,022e261790e4df9c9abf80813c49b1d2-2,2026-09-25T06:31:29Z
2024-11-23,minas_san_francisco,670027091,high_res,2,6.66,s3://geoglows-v2-forecasts/2024112300.zarr,022e261790e4df9c9abf80813c49b1d2-2,2026-09-25T06:31:29Z
2024-11-23,minas_san_francisco,670027091,high_res,3,12.646,s3://geoglows-v2-forecasts/2024112300.zarr,022e261790e4df9c9abf80813c49b1d2-2,2026-09-25T06:31:29Z
2024-11-23,minas_san_francisco,670027091,high_res,4,25.49,s3://geoglows-v2-forecasts/2024112300.zarr,022e261790e4df9c9abf80813c49b1d2-2,2026-09-25T06:31:29Z
2024-11-23,minas_san_francisco,670027091,high_res,5,35.095,s3://geoglows-v2-forecasts/2024112300.zarr,022e261790e4df9c9abf80813c49b1d2-2,2026-09-25T06:31:29Z
2024-11-23,minas_san_francisco,670027091,high_res,6,42.366,s3://geoglows-v2-forecasts/2024112300.zarr,022e261790e4df9c9abf80813c49b1d2-2,2026-09-25T06:31:29Z
2024-11-23,minas_san_francisco,670027091,high_res,7,35.809,s3://geoglows-v2-forecasts/2024112300.zarr,022e261790e4df9c9abf80813c49b1d2-2,2026-09-25T06:31:29Z
2024-11-23,minas_san_francisco,670027091,high_res,8,31.084,s3://geoglows-v2-forecasts/2024112300.zarr,022e261790e4df9c9abf80813c49b1d2-2,2026-09-25T06:31:29Z
2024-11-23,minas_san_francisco,670027091,high_res,9,39.745,s3://geoglows-v2-forecasts/2024112300.zarr,022e261790e4df9c9abf80813c49b1d2-2,2026-09-25T06:31:29Z
2024-11-24,agoyan,621014469,high_res,1,75.321,s3://geoglows-v2-forecasts/2024112400.zarr,5e4e1ba14cd3696ce3718cb9e41f1667-2,2026-09-25T06:31:29Z
2024-11-24,agoyan,621014469,high_res,10,79.867,s3://geoglows-v2-forecasts/2024112400.zarr,5e4e1ba14cd3696ce3718cb9e41f1667-2,2026-09-25T06:31:29Z
2024-11-24,agoyan,621014469,high_res,2,74.137,s3://geoglows-v2-forecasts/2024112400.zarr,5e4e1ba14cd3696ce3718cb9e41f1667-2,2026-09-25T06:31:29Z
2024-11-24,agoyan,621014469,high_res,3,77.03,s3://geoglows-v2-forecasts/2024112400.zarr,5e4e1ba14cd3696ce3718cb9e41f1667-2,2026-09-25T06:31:29Z
2024-11-24,agoyan,621014469,high_res,4,82.077,s3://geoglows-v2-forecasts/2024112400.zarr,5e4e1ba14cd3696ce3718cb9e41f1667-2,2026-09-25T06:31:29Z
2024-11-24,agoyan,621014469,high_res,5,85.3,s3://geoglows-v2-forecasts/2024112400.zarr,5e4e1ba14cd3696ce3718cb9e41f1667-2,2026-09-25T06:31:29Z
2024-11-24,agoyan,621014469,high_res,6,91.72,s3://geoglows-v2-forecasts/2024112400.zarr,5e4e1ba14cd3696ce3718cb9e41f1667-2,2026-09-25T06:31:29Z
2024-11-24,agoyan,621014469,high_res,7,98.159,s3://geoglows-v2-forecasts/2024112400.zarr,5e4e1ba14cd3696ce3718cb9e41f1667-2,2026-09-25T06:31:29Z
2024-11-24,agoyan,621014469,high_res,8,95.927,s3://geoglows-v2-forecasts/2024112400.zarr,5e4e1ba14cd3696ce3718cb9e41f1667-2,2026-09-25T06:31:29Z
2024-11-24,agoyan,621014469,high_res,9,92.213,s3://geoglows-v2-forecasts/2024112400.zarr,5e4e1ba14cd3696ce3718cb9e41f1667-2,2026-09-25T06:31:29Z
2024-11-24,manduriacu,670078161,high_res,1,110.971,s3://geoglows-v2-forecasts/2024112400.zarr,5e4e1ba14cd3696ce3718cb9e41f1667-2,2026-09-25T06:31:29Z
2024-11-24,manduriacu,670078161,high_res,10,244.501,s3://geoglows-v2-forecasts/2024112400.zarr,5e4e1ba14cd3696ce3718cb9e41f1667-2,2026-09-25T06:31:29Z
2024-11-24,manduriacu,670078161,high_res,2,112.47,s3://geoglows-v2-forecasts/2024112400.zarr,5e4e1ba14cd3696ce3718cb9e41f1667-2,2026-09-25T06:31:29Z
2024-11-24,manduriacu,670078161,high_res,3,116.976,s3://geoglows-v2-forecasts/2024112400.zarr,5e4e1ba14cd3696ce3718cb9e41f1667-2,2026-09-25T06:31:29Z
2024-11-24,manduriacu,670078161,high_res,4,111.313,s3://geoglows-v2-forecasts/2024112400.zarr,5e4e1ba14cd3696ce3718cb9e41f1667-2,2026-09-25T06:31:29Z
2024-11-24,manduriacu,670078161,high_res,5,129.624,s3://geoglows-v2-forecasts/2024112400.zarr,5e4e1ba14cd3696ce3718cb9e41f1667-2,2026-09-25T06:31:29Z
2024-11-24,manduriacu,670078161,high_res,6,180.03,s3://geoglows-v2-forecasts/2024112400.zarr,5e4e1ba14cd3696ce3718cb9e41f1667-2,2026-09-25T06:31:29Z
2024-11-24,manduriacu,670078161,high_res,7,245.111,s3://geoglows-v2-forecasts/2024112400.zarr,5e4e1ba14cd3696ce3718cb9e41f1667-2,2026-09-25T06:31:29Z
2024-11-24,manduriacu,670078161,high_res,8,252.729,s3://geoglows-v2-forecasts/2024112400.zarr,5e4e1ba14cd3696ce3718cb9e41f1667-2,2026-09-25T06:31:29Z
2024-11-24,manduriacu,670078161,high_res,9,254.748,s3://geoglows-v2-forecasts/2024112400.zarr,5e4e1ba14cd3696ce3718cb9e41f1667-2,2026-09-25T06:31:29Z
2024-11-24,minas_san_francisco,670027091,high_res,1,6.194,s3://geoglows-v2-forecasts/2024112400.zarr,5e4e1ba14cd3696ce3718cb9e41f1667-2,2026-09-25T06:31:29Z
2024-11-24,minas_san_francisco,670027091,high_res,10,15.099,s3://geoglows-v2-forecasts/2024112400.zarr,5e4e1ba14cd3696ce3718cb9e41f1667-2,2026-09-25T06:31:29Z
2024-11-24,minas_san_francisco,670027091,high_res,2,9.691,s3://geoglows-v2-forecasts/2024112400.zarr,5e4e1ba14cd3696ce3718cb9e41f1667-2,2026-09-25T06:31:29Z
2024-11-24,minas_san_francisco,670027091,high_res,3,16.817,s3://geoglows-v2-forecasts/2024112400.zarr,5e4e1ba14cd3696ce3718cb9e41f1667-2,2026-09-25T06:31:29Z
2024-11-24,minas_san_francisco,670027091,high_res,4,28.572,s3://geoglows-v2-forecasts/2024112400.zarr,5e4e1ba14cd3696ce3718cb9e41f1667-2,2026-09-25T06:31:29Z
2024-11-24,minas_san_francisco,670027091,high_res,5,46.031,s3://geoglows-v2-forecasts/2024112400.zarr,5e4e1ba14cd3696ce3718cb9e41f1667-2,2026-09-25T06:31:29Z
2024-11-24,minas_san_francisco,670027091,high_res,6,43.646,s3://geoglows-v2-forecasts/2024112400.zarr,5e4e1ba14cd3696ce3718cb9e41f1667-2,2026-09-25T06:31:29Z
2024-11-24,minas_san_francisco,670027091,high_res,7,46.092,s3://geoglows-v2-forecasts/2024112400.zarr,5e4e1ba14cd3696ce3718cb9e41f1667-2,2026-09-25T06:31:29Z
2024-11-24,minas_san_francisco,670027091,high_res,8,44.661,s3://geoglows-v2-forecasts/2024112400.zarr,5e4e1ba14cd3696ce3718cb9e41f1667-2,2026-09-25T06:31:29Z
2024-11-24,minas_san_francisco,670027091,high_res,9,26.701,s3://geoglows-v2-forecasts/2024112400.zarr,5e4e1ba14cd3696ce3718cb9e41f1667-2,2026-09-25T06:31:29Z
2024-11-25,agoyan,621014469,high_res,1,73.01,s3://geoglows-v2-forecasts/2024112500.zarr,94764226cbf2f7f1a5fa51cb182be955-2,2026-09-25T06:31:29Z
2024-11-25,agoyan,621014469,high_res,10,75.318,s3://geoglows-v2-forecasts/2024112500.zarr,94764226cbf2f7f1a5fa51cb182be955-2,2026-09-25T06:31:29Z
2024-11-25,agoyan,621014469,high_res,2,79.056,s3://geoglows-v2-forecasts/2024112500.zarr,94764226cbf2f7f1a5fa51cb182be955-2,2026-09-25T06:31:29Z
2024-11-25,agoyan,621014469,high_res,3,82.07,s3://geoglows-v2-forecasts/2024112500.zarr,94764226cbf2f7f1a5fa51cb182be955-2,2026-09-25T06:31:29Z
2024-11-25,agoyan,621014469,high_res,4,78.532,s3://geoglows-v2-forecasts/2024112500.zarr,94764226cbf2f7f1a5fa51cb182be955-2,2026-09-25T06:31:29Z
2024-11-25,agoyan,621014469,high_res,5,94.219,s3://geoglows-v2-forecasts/2024112500.zarr,94764226cbf2f7f1a5fa51cb182be955-2,2026-09-25T06:31:29Z
2024-11-25,agoyan,621014469,high_res,6,98.087,s3://geoglows-v2-forecasts/2024112500.zarr,94764226cbf2f7f1a5fa51cb182be955-2,2026-09-25T06:31:29Z
2024-11-25,agoyan,621014469,high_res,7,95.285,s3://geoglows-v2-forecasts/2024112500.zarr,94764226cbf2f7f1a5fa51cb182be955-2,2026-09-25T06:31:29Z
2024-11-25,agoyan,621014469,high_res,8,94.997,s3://geoglows-v2-forecasts/2024112500.zarr,94764226cbf2f7f1a5fa51cb182be955-2,2026-09-25T06:31:29Z
2024-11-25,agoyan,621014469,high_res,9,91.209,s3://geoglows-v2-forecasts/2024112500.zarr,94764226cbf2f7f1a5fa51cb182be955-2,2026-09-25T06:31:29Z
2024-11-25,manduriacu,670078161,high_res,1,111.711,s3://geoglows-v2-forecasts/2024112500.zarr,94764226cbf2f7f1a5fa51cb182be955-2,2026-09-25T06:31:29Z
2024-11-25,manduriacu,670078161,high_res,10,338.904,s3://geoglows-v2-forecasts/2024112500.zarr,94764226cbf2f7f1a5fa51cb182be955-2,2026-09-25T06:31:29Z
2024-11-25,manduriacu,670078161,high_res,2,115.427,s3://geoglows-v2-forecasts/2024112500.zarr,94764226cbf2f7f1a5fa51cb182be955-2,2026-09-25T06:31:29Z
2024-11-25,manduriacu,670078161,high_res,3,110.949,s3://geoglows-v2-forecasts/2024112500.zarr,94764226cbf2f7f1a5fa51cb182be955-2,2026-09-25T06:31:29Z
2024-11-25,manduriacu,670078161,high_res,4,129.421,s3://geoglows-v2-forecasts/2024112500.zarr,94764226cbf2f7f1a5fa51cb182be955-2,2026-09-25T06:31:29Z
2024-11-25,manduriacu,670078161,high_res,5,156.432,s3://geoglows-v2-forecasts/2024112500.zarr,94764226cbf2f7f1a5fa51cb182be955-2,2026-09-25T06:31:29Z
2024-11-25,manduriacu,670078161,high_res,6,213.366,s3://geoglows-v2-forecasts/2024112500.zarr,94764226cbf2f7f1a5fa51cb182be955-2,2026-09-25T06:31:29Z
2024-11-25,manduriacu,670078161,high_res,7,267.668,s3://geoglows-v2-forecasts/2024112500.zarr,94764226cbf2f7f1a5fa51cb182be955-2,2026-09-25T06:31:29Z
2024-11-25,manduriacu,670078161,high_res,8,294.526,s3://geoglows-v2-forecasts/2024112500.zarr,94764226cbf2f7f1a5fa51cb182be955-2,2026-09-25T06:31:29Z
2024-11-25,manduriacu,670078161,high_res,9,331.683,s3://geoglows-v2-forecasts/2024112500.zarr,94764226cbf2f7f1a5fa51cb182be955-2,2026-09-25T06:31:29Z
2024-11-25,minas_san_francisco,670027091,high_res,1,8.404,s3://geoglows-v2-forecasts/2024112500.zarr,94764226cbf2f7f1a5fa51cb182be955-2,2026-09-25T06:31:29Z
2024-11-25,minas_san_francisco,670027091,high_res,10,38.54,s3://geoglows-v2-forecasts/2024112500.zarr,94764226cbf2f7f1a5fa51cb182be955-2,2026-09-25T06:31:29Z
2024-11-25,minas_san_francisco,670027091,high_res,2,15.428,s3://geoglows-v2-forecasts/2024112500.zarr,94764226cbf2f7f1a5fa51cb182be955-2,2026-09-25T06:31:29Z
2024-11-25,minas_san_francisco,670027091,high_res,3,27.075,s3://geoglows-v2-forecasts/2024112500.zarr,94764226cbf2f7f1a5fa51cb182be955-2,2026-09-25T06:31:29Z
2024-11-25,minas_san_francisco,670027091,high_res,4,44.258,s3://geoglows-v2-forecasts/2024112500.zarr,94764226cbf2f7f1a5fa51cb182be955-2,2026-09-25T06:31:29Z
2024-11-25,minas_san_francisco,670027091,high_res,5,51.941,s3://geoglows-v2-forecasts/2024112500.zarr,94764226cbf2f7f1a5fa51cb182be955-2,2026-09-25T06:31:29Z
2024-11-25,minas_san_francisco,670027091,high_res,6,55.016,s3://geoglows-v2-forecasts/2024112500.zarr,94764226cbf2f7f1a5fa51cb182be955-2,2026-09-25T06:31:29Z
2024-11-25,minas_san_francisco,670027091,high_res,7,57.875,s3://geoglows-v2-forecasts/2024112500.zarr,94764226cbf2f7f1a5fa51cb182be955-2,2026-09-25T06:31:29Z
2024-11-25,minas_san_francisco,670027091,high_res,8,43.953,s3://geoglows-v2-forecasts/2024112500.zarr,94764226cbf2f7f1a5fa51cb182be955-2,2026-09-25T06:31:29Z
2024-11-25,minas_san_francisco,670027091,high_res,9,35.449,s3://geoglows-v2-forecasts/2024112500.zarr,94764226cbf2f7f1a5fa51cb182be955-2,2026-09-25T06:31:29Z
2024-11-26,agoyan,621014469,high_res,1,70.374,s3://geoglows-v2-forecasts/2024112600.zarr,fc1e9359f840f6ddfe9a012ffc60a543-2,2026-09-25T06:31:29Z
2024-11-26,agoyan,621014469,high_res,10,57.725,s3://geoglows-v2-forecasts/2024112600.zarr,fc1e9359f840f6ddfe9a012ffc60a543-2,2026-09-25T06:31:29Z
2024-11-26,agoyan,621014469,high_res,2,66.833,s3://geoglows-v2-forecasts/2024112600.zarr,fc1e9359f840f6ddfe9a012ffc60a543-2,2026-09-25T06:31:29Z
2024-11-26,agoyan,621014469,high_res,3,71.748,s3://geoglows-v2-forecasts/2024112600.zarr,fc1e9359f840f6ddfe9a012ffc60a543-2,2026-09-25T06:31:29Z
2024-11-26,agoyan,621014469,high_res,4,83.342,s3://geoglows-v2-forecasts/2024112600.zarr,fc1e9359f840f6ddfe9a012ffc60a543-2,2026-09-25T06:31:29Z
2024-11-26,agoyan,621014469,high_res,5,101.995,s3://geoglows-v2-forecasts/2024112600.zarr,fc1e9359f840f6ddfe9a012ffc60a543-2,2026-09-25T06:31:29Z
2024-11-26,agoyan,621014469,high_res,6,102.237,s3://geoglows-v2-forecasts/2024112600.zarr,fc1e9359f840f6ddfe9a012ffc60a543-2,2026-09-25T06:31:29Z
2024-11-26,agoyan,621014469,high_res,7,89.651,s3://geoglows-v2-forecasts/2024112600.zarr,fc1e9359f840f6ddfe9a012ffc60a543-2,2026-09-25T06:31:29Z
2024-11-26,agoyan,621014469,high_res,8,71.638,s3://geoglows-v2-forecasts/2024112600.zarr,fc1e9359f840f6ddfe9a012ffc60a543-2,2026-09-25T06:31:29Z
2024-11-26,agoyan,621014469,high_res,9,56.904,s3://geoglows-v2-forecasts/2024112600.zarr,fc1e9359f840f6ddfe9a012ffc60a543-2,2026-09-25T06:31:29Z
2024-11-26,manduriacu,670078161,high_res,1,114.582,s3://geoglows-v2-forecasts/2024112600.zarr,fc1e9359f840f6ddfe9a012ffc60a543-2,2026-09-25T06:31:29Z
2024-11-26,manduriacu,670078161,high_res,10,413.007,s3://geoglows-v2-forecasts/2024112600.zarr,fc1e9359f840f6ddfe9a012ffc60a543-2,2026-09-25T06:31:29Z
2024-11-26,manduriacu,670078161,high_res,2,106.298,s3://geoglows-v2-forecasts/2024112600.zarr,fc1e9359f840f6ddfe9a012ffc60a543-2,2026-09-25T06:31:29Z
2024-11-26,manduriacu,670078161,high_res,3,112.212,s3://geoglows-v2-forecasts/2024112600.zarr,fc1e9359f840f6ddfe9a012ffc60a543-2,2026-09-25T06:31:29Z
2024-11-26,manduriacu,670078161,high_res,4,141.231,s3://geoglows-v2-forecasts/2024112600.zarr,fc1e9359f840f6ddfe9a012ffc60a543-2,2026-09-25T06:31:29Z
2024-11-26,manduriacu,670078161,high_res,5,181.746,s3://geoglows-v2-forecasts/2024112600.zarr,fc1e9359f840f6ddfe9a012ffc60a543-2,2026-09-25T06:31:29Z
2024-11-26,manduriacu,670078161,high_res,6,202.549,s3://geoglows-v2-forecasts/2024112600.zarr,fc1e9359f840f6ddfe9a012ffc60a543-2,2026-09-25T06:31:29Z
2024-11-26,manduriacu,670078161,high_res,7,230.187,s3://geoglows-v2-forecasts/2024112600.zarr,fc1e9359f840f6ddfe9a012ffc60a543-2,2026-09-25T06:31:29Z
2024-11-26,manduriacu,670078161,high_res,8,224.076,s3://geoglows-v2-forecasts/2024112600.zarr,fc1e9359f840f6ddfe9a012ffc60a543-2,2026-09-25T06:31:29Z
2024-11-26,manduriacu,670078161,high_res,9,288.249,s3://geoglows-v2-forecasts/2024112600.zarr,fc1e9359f840f6ddfe9a012ffc60a543-2,2026-09-25T06:31:29Z
2024-11-26,minas_san_francisco,670027091,high_res,1,12.631,s3://geoglows-v2-forecasts/2024112600.zarr,fc1e9359f840f6ddfe9a012ffc60a543-2,2026-09-25T06:31:29Z
2024-11-26,minas_san_francisco,670027091,high_res,10,63.438,s3://geoglows-v2-forecasts/2024112600.zarr,fc1e9359f840f6ddfe9a012ffc60a543-2,2026-09-25T06:31:29Z
2024-11-26,minas_san_francisco,670027091,high_res,2,23.732,s3://geoglows-v2-forecasts/2024112600.zarr,fc1e9359f840f6ddfe9a012ffc60a543-2,2026-09-25T06:31:29Z
2024-11-26,minas_san_francisco,670027091,high_res,3,49.122,s3://geoglows-v2-forecasts/2024112600.zarr,fc1e9359f840f6ddfe9a012ffc60a543-2,2026-09-25T06:31:29Z
2024-11-26,minas_san_francisco,670027091,high_res,4,53.175,s3://geoglows-v2-forecasts/2024112600.zarr,fc1e9359f840f6ddfe9a012ffc60a543-2,2026-09-25T06:31:29Z
2024-11-26,minas_san_francisco,670027091,high_res,5,53.675,s3://geoglows-v2-forecasts/2024112600.zarr,fc1e9359f840f6ddfe9a012ffc60a543-2,2026-09-25T06:31:29Z
2024-11-26,minas_san_francisco,670027091,high_res,6,50.836,s3://geoglows-v2-forecasts/2024112600.zarr,fc1e9359f840f6ddfe9a012ffc60a543-2,2026-09-25T06:31:29Z
2024-11-26,minas_san_francisco,670027091,high_res,7,31.716,s3://geoglows-v2-forecasts/2024112600.zarr,fc1e9359f840f6ddfe9a012ffc60a543-2,2026-09-25T06:31:29Z
2024-11-26,minas_san_francisco,670027091,high_res,8,25.484,s3://geoglows-v2-forecasts/2024112600.zarr,fc1e9359f840f6ddfe9a012ffc60a543-2,2026-09-25T06:31:29Z
2024-11-26,minas_san_francisco,670027091,high_res,9,33.767,s3://geoglows-v2-forecasts/2024112600.zarr,fc1e9359f840f6ddfe9a012ffc60a543-2,2026-09-25T06:31:29Z
2024-11-27,agoyan,621014469,high_res,1,67.547,s3://geoglows-v2-forecasts/2024112700.zarr,f607027e437a3c38bc43bddece608bdd-2,2026-09-25T06:31:29Z
2024-11-27,agoyan,621014469,high_res,10,63.627,s3://geoglows-v2-forecasts/2024112700.zarr,f607027e437a3c38bc43bddece608bdd-2,2026-09-25T06:31:29Z
2024-11-27,agoyan,621014469,high_res,2,58.993,s3://geoglows-v2-forecasts/2024112700.zarr,f607027e437a3c38bc43bddece608bdd-2,2026-09-25T06:31:29Z
2024-11-27,agoyan,621014469,high_res,3,60.312,s3://geoglows-v2-forecasts/2024112700.zarr,f607027e437a3c38bc43bddece608bdd-2,2026-09-25T06:31:29Z
2024-11-27,agoyan,621014469,high_res,4,67.269,s3://geoglows-v2-forecasts/2024112700.zarr,f607027e437a3c38bc43bddece608bdd-2,2026-09-25T06:31:29Z
2024-11-27,agoyan,621014469,high_res,5,77.532,s3://geoglows-v2-forecasts/2024112700.zarr,f607027e437a3c38bc43bddece608bdd-2,2026-09-25T06:31:29Z
2024-11-27,agoyan,621014469,high_res,6,83.295,s3://geoglows-v2-forecasts/2024112700.zarr,f607027e437a3c38bc43bddece608bdd-2,2026-09-25T06:31:29Z
2024-11-27,agoyan,621014469,high_res,7,71.1,s3://geoglows-v2-forecasts/2024112700.zarr,f607027e437a3c38bc43bddece608bdd-2,2026-09-25T06:31:29Z
2024-11-27,agoyan,621014469,high_res,8,57.472,s3://geoglows-v2-forecasts/2024112700.zarr,f607027e437a3c38bc43bddece608bdd-2,2026-09-25T06:31:29Z
2024-11-27,agoyan,621014469,high_res,9,51.79,s3://geoglows-v2-forecasts/2024112700.zarr,f607027e437a3c38bc43bddece608bdd-2,2026-09-25T06:31:29Z
2024-11-27,manduriacu,670078161,high_res,1,106.329,s3://geoglows-v2-forecasts/2024112700.zarr,f607027e437a3c38bc43bddece608bdd-2,2026-09-25T06:31:29Z
2024-11-27,manduriacu,670078161,high_res,10,426.114,s3://geoglows-v2-forecasts/2024112700.zarr,f607027e437a3c38bc43bddece608bdd-2,2026-09-25T06:31:29Z
2024-11-27,manduriacu,670078161,high_res,2,106.717,s3://geoglows-v2-forecasts/2024112700.zarr,f607027e437a3c38bc43bddece608bdd-2,2026-09-25T06:31:29Z
2024-11-27,manduriacu,670078161,high_res,3,122.423,s3://geoglows-v2-forecasts/2024112700.zarr,f607027e437a3c38bc43bddece608bdd-2,2026-09-25T06:31:29Z
2024-11-27,manduriacu,670078161,high_res,4,143.128,s3://geoglows-v2-forecasts/2024112700.zarr,f607027e437a3c38bc43bddece608bdd-2,2026-09-25T06:31:29Z
2024-11-27,manduriacu,670078161,high_res,5,151.985,s3://geoglows-v2-forecasts/2024112700.zarr,f607027e437a3c38bc43bddece608bdd-2,2026-09-25T06:31:29Z
2024-11-27,manduriacu,670078161,high_res,6,176.798,s3://geoglows-v2-forecasts/2024112700.zarr,f607027e437a3c38bc43bddece608bdd-2,2026-09-25T06:31:29Z
2024-11-27,manduriacu,670078161,high_res,7,177.256,s3://geoglows-v2-forecasts/2024112700.zarr,f607027e437a3c38bc43bddece608bdd-2,2026-09-25T06:31:29Z
2024-11-27,manduriacu,670078161,high_res,8,240.081,s3://geoglows-v2-forecasts/2024112700.zarr,f607027e437a3c38bc43bddece608bdd-2,2026-09-25T06:31:29Z
2024-11-27,manduriacu,670078161,high_res,9,350.976,s3://geoglows-v2-forecasts/2024112700.zarr,f607027e437a3c38bc43bddece608bdd-2,2026-09-25T06:31:29Z
2024-11-27,minas_san_francisco,670027091,high_res,1,18.506,s3://geoglows-v2-forecasts/2024112700.zarr,f607027e437a3c38bc43bddece608bdd-2,2026-09-25T06:31:29Z
2024-11-27,minas_san_francisco,670027091,high_res,10,71.241,s3://geoglows-v2-forecasts/2024112700.zarr,f607027e437a3c38bc43bddece608bdd-2,2026-09-25T06:31:29Z
2024-11-27,minas_san_francisco,670027091,high_res,2,34.387,s3://geoglows-v2-forecasts/2024112700.zarr,f607027e437a3c38bc43bddece608bdd-2,2026-09-25T06:31:29Z
2024-11-27,minas_san_francisco,670027091,high_res,3,55.949,s3://geoglows-v2-forecasts/2024112700.zarr,f607027e437a3c38bc43bddece608bdd-2,2026-09-25T06:31:29Z
2024-11-27,minas_san_francisco,670027091,high_res,4,68.591,s3://geoglows-v2-forecasts/2024112700.zarr,f607027e437a3c38bc43bddece608bdd-2,2026-09-25T06:31:29Z
2024-11-27,minas_san_francisco,670027091,high_res,5,52.104,s3://geoglows-v2-forecasts/2024112700.zarr,f607027e437a3c38bc43bddece608bdd-2,2026-09-25T06:31:29Z
2024-11-27,minas_san_francisco,670027091,high_res,6,30.572,s3://geoglows-v2-forecasts/2024112700.zarr,f607027e437a3c38bc43bddece608bdd-2,2026-09-25T06:31:29Z
2024-11-27,minas_san_francisco,670027091,high_res,7,17.575,s3://geoglows-v2-forecasts/2024112700.zarr,f607027e437a3c38bc43bddece608bdd-2,2026-09-25T06:31:29Z
2024-11-27,minas_san_francisco,670027091,high_res,8,22.935,s3://geoglows-v2-forecasts/2024112700.zarr,f607027e437a3c38bc43bddece608bdd-2,2026-09-25T06:31:29Z
2024-11-27,minas_san_francisco,670027091,high_res,9,49.102,s3://geoglows-v2-forecasts/2024112700.zarr,f607027e437a3c38bc43bddece608bdd-2,2026-09-25T06:31:29Z
2024-11-28,agoyan,621014469,high_res,1,61.915,s3://geoglows-v2-forecasts/2024112800.zarr,1f9ec4f31bff8709d998725e0db5f71d-2,2026-09-25T06:31:33Z
2024-11-28,agoyan,621014469,high_res,10,66.497,s3://geoglows-v2-forecasts/2024112800.zarr,1f9ec4f31bff8709d998725e0db5f71d-2,2026-09-25T06:31:33Z
2024-11-28,agoyan,621014469,high_res,2,61.925,s3://geoglows-v2-forecasts/2024112800.zarr,1f9ec4f31bff8709d998725e0db5f71d-2,2026-09-25T06:31:33Z
2024-11-28,agoyan,621014469,high_res,3,65.981,s3://geoglows-v2-forecasts/2024112800.zarr,1f9ec4f31bff8709d998725e0db5f71d-2,2026-09-25T06:31:33Z
2024-11-28,agoyan,621014469,high_res,4,74.699,s3://geoglows-v2-forecasts/2024112800.zarr,1f9ec4f31bff8709d998725e0db5f71d-2,2026-09-25T06:31:33Z
2024-11-28,agoyan,621014469,high_res,5,83.513,s3://geoglows-v2-forecasts/2024112800.zarr,1f9ec4f31bff8709d998725e0db5f71d-2,2026-09-25T06:31:33Z
2024-11-28,agoyan,621014469,high_res,6,77.464,s3://geoglows-v2-forecasts/2024112800.zarr,1f9ec4f31bff8709d998725e0db5f71d-2,2026-09-25T06:31:33Z
2024-11-28,agoyan,621014469,high_res,7,59.117,s3://geoglows-v2-forecasts/2024112800.zarr,1f9ec4f31bff8709d998725e0db5f71d-2,2026-09-25T06:31:33Z
2024-11-28,agoyan,621014469,high_res,8,50.537,s3://geoglows-v2-forecasts/2024112800.zarr,1f9ec4f31bff8709d998725e0db5f71d-2,2026-09-25T06:31:33Z
2024-11-28,agoyan,621014469,high_res,9,55.614,s3://geoglows-v2-forecasts/2024112800.zarr,1f9ec4f31bff8709d998725e0db5f71d-2,2026-09-25T06:31:33Z
2024-11-28,manduriacu,670078161,high_res,1,101.49,s3://geoglows-v2-forecasts/2024112800.zarr,1f9ec4f31bff8709d998725e0db5f71d-2,2026-09-25T06:31:33Z
2024-11-28,manduriacu,670078161,high_res,10,404.571,s3://geoglows-v2-forecasts/2024112800.zarr,1f9ec4f31bff8709d998725e0db5f71d-2,2026-09-25T06:31:33Z
2024-11-28,manduriacu,670078161,high_res,2,110.817,s3://geoglows-v2-forecasts/2024112800.zarr,1f9ec4f31bff8709d998725e0db5f71d-2,2026-09-25T06:31:33Z
2024-11-28,manduriacu,670078161,high_res,3,129.213,s3://geoglows-v2-forecasts/2024112800.zarr,1f9ec4f31bff8709d998725e0db5f71d-2,2026-09-25T06:31:33Z
2024-11-28,manduriacu,670078161,high_res,4,138.919,s3://geoglows-v2-forecasts/2024112800.zarr,1f9ec4f31bff8709d998725e0db5f71d-2,2026-09-25T06:31:33Z
2024-11-28,manduriacu,670078161,high_res,5,167.514,s3://geoglows-v2-forecasts/2024112800.zarr,1f9ec4f31bff8709d998725e0db5f71d-2,2026-09-25T06:31:33Z
2024-11-28,manduriacu,670078161,high_res,6,179.523,s3://geoglows-v2-forecasts/2024112800.zarr,1f9ec4f31bff8709d998725e0db5f71d-2,2026-09-25T06:31:33Z
2024-11-28,manduriacu,670078161,high_res,7,210.164,s3://geoglows-v2-forecasts/2024112800.zarr,1f9ec4f31bff8709d998725e0db5f71d-2,2026-09-25T06:31:33Z
2024-11-28,manduriacu,670078161,high_res,8,295.758,s3://geoglows-v2-forecasts/2024112800.zarr,1f9ec4f31bff8709d998725e0db5f71d-2,2026-09-25T06:31:33Z
2024-11-28,manduriacu,670078161,high_res,9,399.426,s3://geoglows-v2-forecasts/2024112800.zarr,1f9ec4f31bff8709d998725e0db5f71d-2,2026-09-25T06:31:33Z
2024-11-28,minas_san_francisco,670027091,high_res,1,28.269,s3://geoglows-v2-forecasts/2024112800.zarr,1f9ec4f31bff8709d998725e0db5f71d-2,2026-09-25T06:31:33Z
2024-11-28,minas_san_francisco,670027091,high_res,10,97.685,s3://geoglows-v2-forecasts/2024112800.zarr,1f9ec4f31bff8709d998725e0db5f71d-2,2026-09-25T06:31:33Z
2024-11-28,minas_san_francisco,670027091,high_res,2,40.136,s3://geoglows-v2-forecasts/2024112800.zarr,1f9ec4f31bff8709d998725e0db5f71d-2,2026-09-25T06:31:33Z
2024-11-28,minas_san_francisco,670027091,high_res,3,56.938,s3://geoglows-v2-forecasts/2024112800.zarr,1f9ec4f31bff8709d998725e0db5f71d-2,2026-09-25T06:31:33Z
2024-11-28,minas_san_francisco,670027091,high_res,4,60.296,s3://geoglows-v2-forecasts/2024112800.zarr,1f9ec4f31bff8709d998725e0db5f71d-2,2026-09-25T06:31:33Z
2024-11-28,minas_san_francisco,670027091,high_res,5,36.49,s3://geoglows-v2-forecasts/2024112800.zarr,1f9ec4f31bff8709d998725e0db5f71d-2,2026-09-25T06:31:33Z
2024-11-28,minas_san_francisco,670027091,high_res,6,18.036,s3://geoglows-v2-forecasts/2024112800.zarr,1f9ec4f31bff8709d998725e0db5f71d-2,2026-09-25T06:31:33Z
2024-11-28,minas_san_francisco,670027091,high_res,7,25.08,s3://geoglows-v2-forecasts/2024112800.zarr,1f9ec4f31bff8709d998725e0db5f71d-2,2026-09-25T06:31:33Z
2024-11-28,minas_san_francisco,670027091,high_res,8,52.035,s3://geoglows-v2-forecasts/2024112800.zarr,1f9ec4f31bff8709d998725e0db5f71d-2,2026-09-25T06:31:33Z
2024-11-28,minas_san_francisco,670027091,high_res,9,82.174,s3://geoglows-v2-forecasts/2024112800.zarr,1f9ec4f31bff8709d998725e0db5f71d-2,2026-09-25T06:31:33Z
2024-11-29,agoyan,621014469,high_res,1,61.537,s3://geoglows-v2-forecasts/2024112900.zarr,db86a0a889e9aeb8c23d1c07099358a2-2,2026-09-25T06:31:33Z
2024-11-29,agoyan,621014469,high_res,10,117.641,s3://geoglows-v2-forecasts/2024112900.zarr,db86a0a889e9aeb8c23d1c07099358a2-2,2026-09-25T06:31:33Z
2024-11-29,agoyan,621014469,high_res,2,65.321,s3://geoglows-v2-forecasts/2024112900.zarr,db86a0a889e9aeb8c23d1c07099358a2-2,2026-09-25T06:31:33Z
2024-11-29,agoyan,621014469,high_res,3,75.257,s3://geoglows-v2-forecasts/2024112900.zarr,db86a0a889e9aeb8c23d1c07099358a2-2,2026-09-25T06:31:33Z
2024-11-29,agoyan,621014469,high_res,4,80.618,s3://geoglows-v2-forecasts/2024112900.zarr,db86a0a889e9aeb8c23d1c07099358a2-2,2026-09-25T06:31:33Z
2024-11-29,agoyan,621014469,high_res,5,77.885,s3://geoglows-v2-forecasts/2024112900.zarr,db86a0a889e9aeb8c23d1c07099358a2-2,2026-09-25T06:31:33Z
2024-11-29,agoyan,621014469,high_res,6,62.564,s3://geoglows-v2-forecasts/2024112900.zarr,db86a0a889e9aeb8c23d1c07099358a2-2,2026-09-25T06:31:33Z
2024-11-29,agoyan,621014469,high_res,7,61.713,s3://geoglows-v2-forecasts/2024112900.zarr,db86a0a889e9aeb8c23d1c07099358a2-2,2026-09-25T06:31:33Z
2024-11-29,agoyan,621014469,high_res,8,70.333,s3://geoglows-v2-forecasts/2024112900.zarr,db86a0a889e9aeb8c23d1c07099358a2-2,2026-09-25T06:31:33Z
2024-11-29,agoyan,621014469,high_res,9,89.653,s3://geoglows-v2-forecasts/2024112900.zarr,db86a0a889e9aeb8c23d1c07099358a2-2,2026-09-25T06:31:33Z
2024-11-29,manduriacu,670078161,high_res,1,107.263,s3://geoglows-v2-forecasts/2024112900.zarr,db86a0a889e9aeb8c23d1c07099358a2-2,2026-09-25T06:31:33Z
2024-11-29,manduriacu,670078161,high_res,10,713.196,s3://geoglows-v2-forecasts/2024112900.zarr,db86a0a889e9aeb8c23d1c07099358a2-2,2026-09-25T06:31:33Z
2024-11-29,manduriacu,670078161,high_res,2,114.714,s3://geoglows-v2-forecasts/2024112900.zarr,db86a0a889e9aeb8c23d1c07099358a2-2,2026-09-25T06:31:33Z
2024-11-29,manduriacu,670078161,high_res,3,120.35,s3://geoglows-v2-forecasts/2024112900.zarr,db86a0a889e9aeb8c23d1c07099358a2-2,2026-09-25T06:31:33Z
2024-11-29,manduriacu,670078161,high_res,4,136.687,s3://geoglows-v2-forecasts/2024112900.zarr,db86a0a889e9aeb8c23d1c07099358a2-2,2026-09-25T06:31:33Z
2024-11-29,manduriacu,670078161,high_res,5,163.042,s3://geoglows-v2-forecasts/2024112900.zarr,db86a0a889e9aeb8c23d1c07099358a2-2,2026-09-25T06:31:33Z
2024-11-29,manduriacu,670078161,high_res,6,216.941,s3://geoglows-v2-forecasts/2024112900.zarr,db86a0a889e9aeb8c23d1c07099358a2-2,2026-09-25T06:31:33Z
2024-11-29,manduriacu,670078161,high_res,7,376.269,s3://geoglows-v2-forecasts/2024112900.zarr,db86a0a889e9aeb8c23d1c07099358a2-2,2026-09-25T06:31:33Z
2024-11-29,manduriacu,670078161,high_res,8,457.988,s3://geoglows-v2-forecasts/2024112900.zarr,db86a0a889e9aeb8c23d1c07099358a2-2,2026-09-25T06:31:33Z
2024-11-29,manduriacu,670078161,high_res,9,572.854,s3://geoglows-v2-forecasts/2024112900.zarr,db86a0a889e9aeb8c23d1c07099358a2-2,2026-09-25T06:31:33Z
2024-11-29,minas_san_francisco,670027091,high_res,1,36.373,s3://geoglows-v2-forecasts/2024112900.zarr,db86a0a889e9aeb8c23d1c07099358a2-2,2026-09-25T06:31:33Z
2024-11-29,minas_san_francisco,670027091,high_res,10,120.029,s3://geoglows-v2-forecasts/2024112900.zarr,db86a0a889e9aeb8c23d1c07099358a2-2,2026-09-25T06:31:33Z
2024-11-29,minas_san_francisco,670027091,high_res,2,43.304,s3://geoglows-v2-forecasts/2024112900.zarr,db86a0a889e9aeb8c23d1c07099358a2-2,2026-09-25T06:31:33Z
2024-11-29,minas_san_francisco,670027091,high_res,3,54.447,s3://geoglows-v2-forecasts/2024112900.zarr,db86a0a889e9aeb8c23d1c07099358a2-2,2026-09-25T06:31:33Z
2024-11-29,minas_san_francisco,670027091,high_res,4,38.199,s3://geoglows-v2-forecasts/2024112900.zarr,db86a0a889e9aeb8c23d1c07099358a2-2,2026-09-25T06:31:33Z
2024-11-29,minas_san_francisco,670027091,high_res,5,18.831,s3://geoglows-v2-forecasts/2024112900.zarr,db86a0a889e9aeb8c23d1c07099358a2-2,2026-09-25T06:31:33Z
2024-11-29,minas_san_francisco,670027091,high_res,6,25.538,s3://geoglows-v2-forecasts/2024112900.zarr,db86a0a889e9aeb8c23d1c07099358a2-2,2026-09-25T06:31:33Z
2024-11-29,minas_san_francisco,670027091,high_res,7,54.576,s3://geoglows-v2-forecasts/2024112900.zarr,db86a0a889e9aeb8c23d1c07099358a2-2,2026-09-25T06:31:33Z
2024-11-29,minas_san_francisco,670027091,high_res,8,69.735,s3://geoglows-v2-forecasts/2024112900.zarr,db86a0a889e9aeb8c23d1c07099358a2-2,2026-09-25T06:31:33Z
2024-11-29,minas_san_francisco,670027091,high_res,9,85.685,s3://geoglows-v2-forecasts/2024112900.zarr,db86a0a889e9aeb8c23d1c07099358a2-2,2026-09-25T06:31:33Z
2024-11-30,agoyan,621014469,high_res,1,63.469,s3://geoglows-v2-forecasts/2024113000.zarr,8cbb8f2abe7d2fa945aa5987efa7136d-2,2026-09-25T06:31:33Z
2024-11-30,agoyan,621014469,high_res,10,178.692,s3://geoglows-v2-forecasts/2024113000.zarr,8cbb8f2abe7d2fa945aa5987efa7136d-2,2026-09-25T06:31:33Z
2024-11-30,agoyan,621014469,high_res,2,64.692,s3://geoglows-v2-forecasts/2024113000.zarr,8cbb8f2abe7d2fa945aa5987efa7136d-2,2026-09-25T06:31:33Z
2024-11-30,agoyan,621014469,high_res,3,65.182,s3://geoglows-v2-forecasts/2024113000.zarr,8cbb8f2abe7d2fa945aa5987efa7136d-2,2026-09-25T06:31:33Z
2024-11-30,agoyan,621014469,high_res,4,57.31,s3://geoglows-v2-forecasts/2024113000.zarr,8cbb8f2abe7d2fa945aa5987efa7136d-2,2026-09-25T06:31:33Z
2024-11-30,agoyan,621014469,high_res,5,51.869,s3://geoglows-v2-forecasts/2024113000.zarr,8cbb8f2abe7d2fa945aa5987efa7136d-2,2026-09-25T06:31:33Z
2024-11-30,agoyan,621014469,high_res,6,55.92,s3://geoglows-v2-forecasts/2024113000.zarr,8cbb8f2abe7d2fa945aa5987efa7136d-2,2026-09-25T06:31:33Z
2024-11-30,agoyan,621014469,high_res,7,71.573,s3://geoglows-v2-forecasts/2024113000.zarr,8cbb8f2abe7d2fa945aa5987efa7136d-2,2026-09-25T06:31:33Z
2024-11-30,agoyan,621014469,high_res,8,95.578,s3://geoglows-v2-forecasts/2024113000.zarr,8cbb8f2abe7d2fa945aa5987efa7136d-2,2026-09-25T06:31:33Z
2024-11-30,agoyan,621014469,high_res,9,134.764,s3://geoglows-v2-forecasts/2024113000.zarr,8cbb8f2abe7d2fa945aa5987efa7136d-2,2026-09-25T06:31:33Z
2024-11-30,manduriacu,670078161,high_res,1,110.638,s3://geoglows-v2-forecasts/2024113000.zarr,8cbb8f2abe7d2fa945aa5987efa7136d-2,2026-09-25T06:31:33Z
2024-11-30,manduriacu,670078161,high_res,10,679.42,s3://geoglows-v2-forecasts/2024113000.zarr,8cbb8f2abe7d2fa945aa5987efa7136d-2,2026-09-25T06:31:33Z
2024-11-30,manduriacu,670078161,high_res,2,112.599,s3://geoglows-v2-forecasts/2024113000.zarr,8cbb8f2abe7d2fa945aa5987efa7136d-2,2026-09-25T06:31:33Z
2024-11-30,manduriacu,670078161,high_res,3,117.146,s3://geoglows-v2-forecasts/2024113000.zarr,8cbb8f2abe7d2fa945aa5987efa7136d-2,2026-09-25T06:31:33Z
2024-11-30,manduriacu,670078161,high_res,4,124.7,s3://geoglows-v2-forecasts/2024113000.zarr,8cbb8f2abe7d2fa945aa5987efa7136d-2,2026-09-25T06:31:33Z
2024-11-30,manduriacu,670078161,high_res,5,270.667,s3://geoglows-v2-forecasts/2024113000.zarr,8cbb8f2abe7d2fa945aa5987efa7136d-2,2026-09-25T06:31:33Z
2024-11-30,manduriacu,670078161,high_res,6,379.849,s3://geoglows-v2-forecasts/2024113000.zarr,8cbb8f2abe7d2fa945aa5987efa7136d-2,2026-09-25T06:31:33Z
2024-11-30,manduriacu,670078161,high_res,7,431.272,s3://geoglows-v2-forecasts/2024113000.zarr,8cbb8f2abe7d2fa945aa5987efa7136d-2,2026-09-25T06:31:33Z
2024-11-30,manduriacu,670078161,high_res,8,590.615,s3://geoglows-v2-forecasts/2024113000.zarr,8cbb8f2abe7d2fa945aa5987efa7136d-2,2026-09-25T06:31:33Z
2024-11-30,manduriacu,670078161,high_res,9,586.643,s3://geoglows-v2-forecasts/2024113000.zarr,8cbb8f2abe7d2fa945aa5987efa7136d-2,2026-09-25T06:31:33Z
2024-11-30,minas_san_francisco,670027091,high_res,1,39.167,s3://geoglows-v2-forecasts/2024113000.zarr,8cbb8f2abe7d2fa945aa5987efa7136d-2,2026-09-25T06:31:33Z
2024-11-30,minas_san_francisco,670027091,high_res,10,98.701,s3://geoglows-v2-forecasts/2024113000.zarr,8cbb8f2abe7d2fa945aa5987efa7136d-2,2026-09-25T06:31:33Z
2024-11-30,minas_san_francisco,670027091,high_res,2,31.844,s3://geoglows-v2-forecasts/2024113000.zarr,8cbb8f2abe7d2fa945aa5987efa7136d-2,2026-09-25T06:31:33Z
2024-11-30,minas_san_francisco,670027091,high_res,3,20.29,s3://geoglows-v2-forecasts/2024113000.zarr,8cbb8f2abe7d2fa945aa5987efa7136d-2,2026-09-25T06:31:33Z
2024-11-30,minas_san_francisco,670027091,high_res,4,12.845,s3://geoglows-v2-forecasts/2024113000.zarr,8cbb8f2abe7d2fa945aa5987efa7136d-2,2026-09-25T06:31:33Z
2024-11-30,minas_san_francisco,670027091,high_res,5,23.512,s3://geoglows-v2-forecasts/2024113000.zarr,8cbb8f2abe7d2fa945aa5987efa7136d-2,2026-09-25T06:31:33Z
2024-11-30,minas_san_francisco,670027091,high_res,6,58.185,s3://geoglows-v2-forecasts/2024113000.zarr,8cbb8f2abe7d2fa945aa5987efa7136d-2,2026-09-25T06:31:33Z
2024-11-30,minas_san_francisco,670027091,high_res,7,87.448,s3://geoglows-v2-forecasts/2024113000.zarr,8cbb8f2abe7d2fa945aa5987efa7136d-2,2026-09-25T06:31:33Z
2024-11-30,minas_san_francisco,670027091,high_res,8,106.686,s3://geoglows-v2-forecasts/2024113000.zarr,8cbb8f2abe7d2fa945aa5987efa7136d-2,2026-09-25T06:31:33Z
2024-11-30,minas_san_francisco,670027091,high_res,9,108.822,s3://geoglows-v2-forecasts/2024113000.zarr,8cbb8f2abe7d2fa945aa5987efa7136d-2,2026-09-25T06:31:33Z
2024-12-01,agoyan,621014469,high_res,1,63.969,s3://geoglows-v2-forecasts/2024120100.zarr,244a5a99e592b746ce4624ee58066c3f-2,2026-09-25T06:31:33Z
2024-12-01,agoyan,621014469,high_res,10,198.048,s3://geoglows-v2-forecasts/2024120100.zarr,244a5a99e592b746ce4624ee58066c3f-2,2026-09-25T06:31:33Z
2024-12-01,agoyan,621014469,high_res,2,65.088,s3://geoglows-v2-forecasts/2024120100.zarr,244a5a99e592b746ce4624ee58066c3f-2,2026-09-25T06:31:33Z
2024-12-01,agoyan,621014469,high_res,3,58.549,s3://geoglows-v2-forecasts/2024120100.zarr,244a5a99e592b746ce4624ee58066c3f-2,2026-09-25T06:31:33Z
2024-12-01,agoyan,621014469,high_res,4,56.501,s3://geoglows-v2-forecasts/2024120100.zarr,244a5a99e592b746ce4624ee58066c3f-2,2026-09-25T06:31:33Z
2024-12-01,agoyan,621014469,high_res,5,61.48,s3://geoglows-v2-forecasts/2024120100.zarr,244a5a99e592b746ce4624ee58066c3f-2,2026-09-25T06:31:33Z
2024-12-01,agoyan,621014469,high_res,6,82.163,s3://geoglows-v2-forecasts/2024120100.zarr,244a5a99e592b746ce4624ee58066c3f-2,2026-09-25T06:31:33Z
2024-12-01,agoyan,621014469,high_res,7,101.408,s3://geoglows-v2-forecasts/2024120100.zarr,244a5a99e592b746ce4624ee58066c3f-2,2026-09-25T06:31:33Z
2024-12-01,agoyan,621014469,high_res,8,130.667,s3://geoglows-v2-forecasts/2024120100.zarr,244a5a99e592b746ce4624ee58066c3f-2,2026-09-25T06:31:33Z
2024-12-01,agoyan,621014469,high_res,9,172.788,s3://geoglows-v2-forecasts/2024120100.zarr,244a5a99e592b746ce4624ee58066c3f-2,2026-09-25T06:31:33Z
2024-12-01,manduriacu,670078161,high_res,1,109.476,s3://geoglows-v2-forecasts/2024120100.zarr,244a5a99e592b746ce4624ee58066c3f-2,2026-09-25T06:31:33Z
2024-12-01,manduriacu,670078161,high_res,10,724.664,s3://geoglows-v2-forecasts/2024120100.zarr,244a5a99e592b746ce4624ee58066c3f-2,2026-09-25T06:31:33Z
2024-12-01,manduriacu,670078161,high_res,2,112.492,s3://geoglows-v2-forecasts/2024120100.zarr,244a5a99e592b746ce4624ee58066c3f-2,2026-09-25T06:31:33Z
2024-12-01,manduriacu,670078161,high_res,3,123.606,s3://geoglows-v2-forecasts/2024120100.zarr,244a5a99e592b746ce4624ee58066c3f-2,2026-09-25T06:31:33Z
2024-12-01,manduriacu,670078161,high_res,4,201.038,s3://geoglows-v2-forecasts/2024120100.zarr,244a5a99e592b746ce4624ee58066c3f-2,2026-09-25T06:31:33Z
2024-12-01,manduriacu,670078161,high_res,5,380.159,s3://geoglows-v2-forecasts/2024120100.zarr,244a5a99e592b746ce4624ee58066c3f-2,2026-09-25T06:31:33Z
2024-12-01,manduriacu,670078161,high_res,6,394.144,s3://geoglows-v2-forecasts/2024120100.zarr,244a5a99e592b746ce4624ee58066c3f-2,2026-09-25T06:31:33Z
2024-12-01,manduriacu,670078161,high_res,7,450.58,s3://geoglows-v2-forecasts/2024120100.zarr,244a5a99e592b746ce4624ee58066c3f-2,2026-09-25T06:31:33Z
2024-12-01,manduriacu,670078161,high_res,8,638.782,s3://geoglows-v2-forecasts/2024120100.zarr,244a5a99e592b746ce4624ee58066c3f-2,2026-09-25T06:31:33Z
2024-12-01,manduriacu,670078161,high_res,9,800.276,s3://geoglows-v2-forecasts/2024120100.zarr,244a5a99e592b746ce4624ee58066c3f-2,2026-09-25T06:31:33Z
2024-12-01,minas_san_francisco,670027091,high_res,1,32.098,s3://geoglows-v2-forecasts/2024120100.zarr,244a5a99e592b746ce4624ee58066c3f-2,2026-09-25T06:31:33Z
2024-12-01,minas_san_francisco,670027091,high_res,10,63.66,s3://geoglows-v2-forecasts/2024120100.zarr,244a5a99e592b746ce4624ee58066c3f-2,2026-09-25T06:31:33Z
2024-12-01,minas_san_francisco,670027091,high_res,2,19.607,s3://geoglows-v2-forecasts/2024120100.zarr,244a5a99e592b746ce4624ee58066c3f-2,2026-09-25T06:31:33Z
2024-12-01,minas_san_francisco,670027091,high_res,3,11.13,s3://geoglows-v2-forecasts/2024120100.zarr,244a5a99e592b746ce4624ee58066c3f-2,2026-09-25T06:31:33Z
2024-12-01,minas_san_francisco,670027091,high_res,4,20.677,s3://geoglows-v2-forecasts/2024120100.zarr,244a5a99e592b746ce4624ee58066c3f-2,2026-09-25T06:31:33Z
2024-12-01,minas_san_francisco,670027091,high_res,5,51.116,s3://geoglows-v2-forecasts/2024120100.zarr,244a5a99e592b746ce4624ee58066c3f-2,2026-09-25T06:31:33Z
2024-12-01,minas_san_francisco,670027091,high_res,6,76.335,s3://geoglows-v2-forecasts/2024120100.zarr,244a5a99e592b746ce4624ee58066c3f-2,2026-09-25T06:31:33Z
2024-12-01,minas_san_francisco,670027091,high_res,7,86.486,s3://geoglows-v2-forecasts/2024120100.zarr,244a5a99e592b746ce4624ee58066c3f-2,2026-09-25T06:31:33Z
2024-12-01,minas_san_francisco,670027091,high_res,8,77.727,s3://geoglows-v2-forecasts/2024120100.zarr,244a5a99e592b746ce4624ee58066c3f-2,2026-09-25T06:31:33Z
2024-12-01,minas_san_francisco,670027091,high_res,9,66.915,s3://geoglows-v2-forecasts/2024120100.zarr,244a5a99e592b746ce4624ee58066c3f-2,2026-09-25T06:31:33Z
2024-12-02,agoyan,621014469,high_res,1,65.193,s3://geoglows-v2-forecasts/2024120200.zarr,b07d707702b7e1463c000d029ed60ccf-2,2026-09-25T06:31:33Z
2024-12-02,agoyan,621014469,high_res,10,188.625,s3://geoglows-v2-forecasts/2024120200.zarr,b07d707702b7e1463c000d029ed60ccf-2,2026-09-25T06:31:33Z
2024-12-02,agoyan,621014469,high_res,2,62.156,s3://geoglows-v2-forecasts/2024120200.zarr,b07d707702b7e1463c000d029ed60ccf-2,2026-09-25T06:31:33Z
2024-12-02,agoyan,621014469,high_res,3,66.888,s3://geoglows-v2-forecasts/2024120200.zarr,b07d707702b7e1463c000d029ed60ccf-2,2026-09-25T06:31:33Z
2024-12-02,agoyan,621014469,high_res,4,67.086,s3://geoglows-v2-forecasts/2024120200.zarr,b07d707702b7e1463c000d029ed60ccf-2,2026-09-25T06:31:33Z
2024-12-02,agoyan,621014469,high_res,5,93.051,s3://geoglows-v2-forecasts/2024120200.zarr,b07d707702b7e1463c000d029ed60ccf-2,2026-09-25T06:31:33Z
2024-12-02,agoyan,621014469,high_res,6,120.806,s3://geoglows-v2-forecasts/2024120200.zarr,b07d707702b7e1463c000d029ed60ccf-2,2026-09-25T06:31:33Z
2024-12-02,agoyan,621014469,high_res,7,152.452,s3://geoglows-v2-forecasts/2024120200.zarr,b07d707702b7e1463c000d029ed60ccf-2,2026-09-25T06:31:33Z
2024-12-02,agoyan,621014469,high_res,8,173.699,s3://geoglows-v2-forecasts/2024120200.zarr,b07d707702b7e1463c000d029ed60ccf-2,2026-09-25T06:31:33Z
2024-12-02,agoyan,621014469,high_res,9,187.373,s3://geoglows-v2-forecasts/2024120200.zarr,b07d707702b7e1463c000d029ed60ccf-2,2026-09-25T06:31:33Z
2024-12-02,manduriacu,670078161,high_res,1,109.505,s3://geoglows-v2-forecasts/2024120200.zarr,b07d707702b7e1463c000d029ed60ccf-2,2026-09-25T06:31:33Z
2024-12-02,manduriacu,670078161,high_res,10,457.06,s3://geoglows-v2-forecasts/2024120200.zarr,b07d707702b7e1463c000d029ed60ccf-2,2026-09-25T06:31:33Z
2024-12-02,manduriacu,670078161,high_res,2,112.127,s3://geoglows-v2-forecasts/2024120200.zarr,b07d707702b7e1463c000d029ed60ccf-2,2026-09-25T06:31:33Z
2024-12-02,manduriacu,670078161,high_res,3,253.616,s3://geoglows-v2-forecasts/2024120200.zarr,b07d707702b7e1463c000d029ed60ccf-2,2026-09-25T06:31:33Z
2024-12-02,manduriacu,670078161,high_res,4,381.205,s3://geoglows-v2-forecasts/2024120200.zarr,b07d707702b7e1463c000d029ed60ccf-2,2026-09-25T06:31:33Z
2024-12-02,manduriacu,670078161,high_res,5,373.445,s3://geoglows-v2-forecasts/2024120200.zarr,b07d707702b7e1463c000d029ed60ccf-2,2026-09-25T06:31:33Z
2024-12-02,manduriacu,670078161,high_res,6,404.532,s3://geoglows-v2-forecasts/2024120200.zarr,b07d707702b7e1463c000d029ed60ccf-2,2026-09-25T06:31:33Z
2024-12-02,manduriacu,670078161,high_res,7,473.624,s3://geoglows-v2-forecasts/2024120200.zarr,b07d707702b7e1463c000d029ed60ccf-2,2026-09-25T06:31:33Z
2024-12-02,manduriacu,670078161,high_res,8,646.596,s3://geoglows-v2-forecasts/2024120200.zarr,b07d707702b7e1463c000d029ed60ccf-2,2026-09-25T06:31:33Z
2024-12-02,manduriacu,670078161,high_res,9,538.179,s3://geoglows-v2-forecasts/2024120200.zarr,b07d707702b7e1463c000d029ed60ccf-2,2026-09-25T06:31:33Z
2024-12-02,minas_san_francisco,670027091,high_res,1,20.205,s3://geoglows-v2-forecasts/2024120200.zarr,b07d707702b7e1463c000d029ed60ccf-2,2026-09-25T06:31:33Z
2024-12-02,minas_san_francisco,670027091,high_res,10,65.921,s3://geoglows-v2-forecasts/2024120200.zarr,b07d707702b7e1463c000d029ed60ccf-2,2026-09-25T06:31:33Z
2024-12-02,minas_san_francisco,670027091,high_res,2,11.637,s3://geoglows-v2-forecasts/2024120200.zarr,b07d707702b7e1463c000d029ed60ccf-2,2026-09-25T06:31:33Z
2024-12-02,minas_san_francisco,670027091,high_res,3,21.167,s3://geoglows-v2-forecasts/2024120200.zarr,b07d707702b7e1463c000d029ed60ccf-2,2026-09-25T06:31:33Z
2024-12-02,minas_san_francisco,670027091,high_res,4,55.432,s3://geoglows-v2-forecasts/2024120200.zarr,b07d707702b7e1463c000d029ed60ccf-2,2026-09-25T06:31:33Z
2024-12-02,minas_san_francisco,670027091,high_res,5,89.754,s3://geoglows-v2-forecasts/2024120200.zarr,b07d707702b7e1463c000d029ed60ccf-2,2026-09-25T06:31:33Z
2024-12-02,minas_san_francisco,670027091,high_res,6,90.66,s3://geoglows-v2-forecasts/2024120200.zarr,b07d707702b7e1463c000d029ed60ccf-2,2026-09-25T06:31:33Z
2024-12-02,minas_san_francisco,670027091,high_res,7,73.876,s3://geoglows-v2-forecasts/2024120200.zarr,b07d707702b7e1463c000d029ed60ccf-2,2026-09-25T06:31:33Z
2024-12-02,minas_san_francisco,670027091,high_res,8,54.986,s3://geoglows-v2-forecasts/2024120200.zarr,b07d707702b7e1463c000d029ed60ccf-2,2026-09-25T06:31:33Z
2024-12-02,minas_san_francisco,670027091,high_res,9,62.247,s3://geoglows-v2-forecasts/2024120200.zarr,b07d707702b7e1463c000d029ed60ccf-2,2026-09-25T06:31:33Z
2024-12-03,agoyan,621014469,high_res,1,59.599,s3://geoglows-v2-forecasts/2024120300.zarr,eb88c3664c490e0ac9f37451a9d9e855-2,2026-09-25T06:31:33Z
2024-12-03,agoyan,621014469,high_res,10,188.377,s3://geoglows-v2-forecasts/2024120300.zarr,eb88c3664c490e0ac9f37451a9d9e855-2,2026-09-25T06:31:33Z
2024-12-03,agoyan,621014469,high_res,2,58.886,s3://geoglows-v2-forecasts/2024120300.zarr,eb88c3664c490e0ac9f37451a9d9e855-2,2026-09-25T06:31:33Z
2024-12-03,agoyan,621014469,high_res,3,77.305,s3://geoglows-v2-forecasts/2024120300.zarr,eb88c3664c490e0ac9f37451a9d9e855-2,2026-09-25T06:31:33Z
2024-12-03,agoyan,621014469,high_res,4,96.793,s3://geoglows-v2-forecasts/2024120300.zarr,eb88c3664c490e0ac9f37451a9d9e855-2,2026-09-25T06:31:33Z
2024-12-03,agoyan,621014469,high_res,5,124.231,s3://geoglows-v2-forecasts/2024120300.zarr,eb88c3664c490e0ac9f37451a9d9e855-2,2026-09-25T06:31:33Z
2024-12-03,agoyan,621014469,high_res,6,159.28,s3://geoglows-v2-forecasts/2024120300.zarr,eb88c3664c490e0ac9f37451a9d9e855-2,2026-09-25T06:31:33Z
2024-12-03,agoyan,621014469,high_res,7,196.87,s3://geoglows-v2-forecasts/2024120300.zarr,eb88c3664c490e0ac9f37451a9d9e855-2,2026-09-25T06:31:33Z
2024-12-03,agoyan,621014469,high_res,8,227.065,s3://geoglows-v2-forecasts/2024120300.zarr,eb88c3664c490e0ac9f37451a9d9e855-2,2026-09-25T06:31:33Z
2024-12-03,agoyan,621014469,high_res,9,220.661,s3://geoglows-v2-forecasts/2024120300.zarr,eb88c3664c490e0ac9f37451a9d9e855-2,2026-09-25T06:31:33Z
2024-12-03,manduriacu,670078161,high_res,1,107.048,s3://geoglows-v2-forecasts/2024120300.zarr,eb88c3664c490e0ac9f37451a9d9e855-2,2026-09-25T06:31:33Z
2024-12-03,manduriacu,670078161,high_res,10,407.985,s3://geoglows-v2-forecasts/2024120300.zarr,eb88c3664c490e0ac9f37451a9d9e855-2,2026-09-25T06:31:33Z
2024-12-03,manduriacu,670078161,high_res,2,211.383,s3://geoglows-v2-forecasts/2024120300.zarr,eb88c3664c490e0ac9f37451a9d9e855-2,2026-09-25T06:31:33Z
2024-12-03,manduriacu,670078161,high_res,3,403.136,s3://geoglows-v2-forecasts/2024120300.zarr,eb88c3664c490e0ac9f37451a9d9e855-2,2026-09-25T06:31:33Z
2024-12-03,manduriacu,670078161,high_res,4,412.019,s3://geoglows-v2-forecasts/2024120300.zarr,eb88c3664c490e0ac9f37451a9d9e855-2,2026-09-25T06:31:33Z
2024-12-03,manduriacu,670078161,high_res,5,416.687,s3://geoglows-v2-forecasts/2024120300.zarr,eb88c3664c490e0ac9f37451a9d9e855-2,2026-09-25T06:31:33Z
2024-12-03,manduriacu,670078161,high_res,6,563.214,s3://geoglows-v2-forecasts/2024120300.zarr,eb88c3664c490e0ac9f37451a9d9e855-2,2026-09-25T06:31:33Z
2024-12-03,manduriacu,670078161,high_res,7,673.669,s3://geoglows-v2-forecasts/2024120300.zarr,eb88c3664c490e0ac9f37451a9d9e855-2,2026-09-25T06:31:33Z
2024-12-03,manduriacu,670078161,high_res,8,525.455,s3://geoglows-v2-forecasts/2024120300.zarr,eb88c3664c490e0ac9f37451a9d9e855-2,2026-09-25T06:31:33Z
2024-12-03,manduriacu,670078161,high_res,9,455.313,s3://geoglows-v2-forecasts/2024120300.zarr,eb88c3664c490e0ac9f37451a9d9e855-2,2026-09-25T06:31:33Z
2024-12-03,minas_san_francisco,670027091,high_res,1,11.245,s3://geoglows-v2-forecasts/2024120300.zarr,eb88c3664c490e0ac9f37451a9d9e855-2,2026-09-25T06:31:33Z
2024-12-03,minas_san_francisco,670027091,high_res,10,30.433,s3://geoglows-v2-forecasts/2024120300.zarr,eb88c3664c490e0ac9f37451a9d9e855-2,2026-09-25T06:31:33Z
2024-12-03,minas_san_francisco,670027091,high_res,2,20.532,s3://geoglows-v2-forecasts/2024120300.zarr,eb88c3664c490e0ac9f37451a9d9e855-2,2026-09-25T06:31:33Z
2024-12-03,minas_san_francisco,670027091,high_res,3,57.353,s3://geoglows-v2-forecasts/2024120300.zarr,eb88c3664c490e0ac9f37451a9d9e855-2,2026-09-25T06:31:33Z
2024-12-03,minas_san_francisco,670027091,high_res,4,101.194,s3://geoglows-v2-forecasts/2024120300.zarr,eb88c3664c490e0ac9f37451a9d9e855-2,2026-09-25T06:31:33Z
2024-12-03,minas_san_francisco,670027091,high_res,5,109.61,s3://geoglows-v2-forecasts/2024120300.zarr,eb88c3664c490e0ac9f37451a9d9e855-2,2026-09-25T06:31:33Z
2024-12-03,minas_san_francisco,670027091,high_res,6,83.316,s3://geoglows-v2-forecasts/2024120300.zarr,eb88c3664c490e0ac9f37451a9d9e855-2,2026-09-25T06:31:33Z
2024-12-03,minas_san_francisco,670027091,high_res,7,79.799,s3://geoglows-v2-forecasts/2024120300.zarr,eb88c3664c490e0ac9f37451a9d9e855-2,2026-09-25T06:31:33Z
2024-12-03,minas_san_francisco,670027091,high_res,8,83.345,s3://geoglows-v2-forecasts/2024120300.zarr,eb88c3664c490e0ac9f37451a9d9e855-2,2026-09-25T06:31:33Z
2024-12-03,minas_san_francisco,670027091,high_res,9,51.725,s3://geoglows-v2-forecasts/2024120300.zarr,eb88c3664c490e0ac9f37451a9d9e855-2,2026-09-25T06:31:33Z
2024-12-04,agoyan,621014469,high_res,1,64.38,s3://geoglows-v2-forecasts/2024120400.zarr,2b40794b8c87bf5b42641a5de8568dfb-2,2026-09-25T06:31:33Z
2024-12-04,agoyan,621014469,high_res,10,147.508,s3://geoglows-v2-forecasts/2024120400.zarr,2b40794b8c87bf5b42641a5de8568dfb-2,2026-09-25T06:31:33Z
2024-12-04,agoyan,621014469,high_res,2,72.123,s3://geoglows-v2-forecasts/2024120400.zarr,2b40794b8c87bf5b42641a5de8568dfb-2,2026-09-25T06:31:33Z
2024-12-04,agoyan,621014469,high_res,3,92.977,s3://geoglows-v2-forecasts/2024120400.zarr,2b40794b8c87bf5b42641a5de8568dfb-2,2026-09-25T06:31:33Z
2024-12-04,agoyan,621014469,high_res,4,113.541,s3://geoglows-v2-forecasts/2024120400.zarr,2b40794b8c87bf5b42641a5de8568dfb-2,2026-09-25T06:31:33Z
2024-12-04,agoyan,621014469,high_res,5,161.488,s3://geoglows-v2-forecasts/2024120400.zarr,2b40794b8c87bf5b42641a5de8568dfb-2,2026-09-25T06:31:33Z
2024-12-04,agoyan,621014469,high_res,6,203.619,s3://geoglows-v2-forecasts/2024120400.zarr,2b40794b8c87bf5b42641a5de8568dfb-2,2026-09-25T06:31:33Z
2024-12-04,agoyan,621014469,high_res,7,229.365,s3://geoglows-v2-forecasts/2024120400.zarr,2b40794b8c87bf5b42641a5de8568dfb-2,2026-09-25T06:31:33Z
2024-12-04,agoyan,621014469,high_res,8,232.127,s3://geoglows-v2-forecasts/2024120400.zarr,2b40794b8c87bf5b42641a5de8568dfb-2,2026-09-25T06:31:33Z
2024-12-04,agoyan,621014469,high_res,9,203.234,s3://geoglows-v2-forecasts/2024120400.zarr,2b40794b8c87bf5b42641a5de8568dfb-2,2026-09-25T06:31:33Z
2024-12-04,manduriacu,670078161,high_res,1,147.124,s3://geoglows-v2-forecasts/2024120400.zarr,2b40794b8c87bf5b42641a5de8568dfb-2,2026-09-25T06:31:33Z
2024-12-04,manduriacu,670078161,high_res,10,419.235,s3://geoglows-v2-forecasts/2024120400.zarr,2b40794b8c87bf5b42641a5de8568dfb-2,2026-09-25T06:31:33Z
2024-12-04,manduriacu,670078161,high_res,2,210.199,s3://geoglows-v2-forecasts/2024120400.zarr,2b40794b8c87bf5b42641a5de8568dfb-2,2026-09-25T06:31:33Z
2024-12-04,manduriacu,670078161,high_res,3,256.657,s3://geoglows-v2-forecasts/2024120400.zarr,2b40794b8c87bf5b42641a5de8568dfb-2,2026-09-25T06:31:33Z
2024-12-04,manduriacu,670078161,high_res,4,326.436,s3://geoglows-v2-forecasts/2024120400.zarr,2b40794b8c87bf5b42641a5de8568dfb-2,2026-09-25T06:31:33Z
2024-12-04,manduriacu,670078161,high_res,5,415.323,s3://geoglows-v2-forecasts/2024120400.zarr,2b40794b8c87bf5b42641a5de8568dfb-2,2026-09-25T06:31:33Z
2024-12-04,manduriacu,670078161,high_res,6,509.961,s3://geoglows-v2-forecasts/2024120400.zarr,2b40794b8c87bf5b42641a5de8568dfb-2,2026-09-25T06:31:33Z
2024-12-04,manduriacu,670078161,high_res,7,519.513,s3://geoglows-v2-forecasts/2024120400.zarr,2b40794b8c87bf5b42641a5de8568dfb-2,2026-09-25T06:31:33Z
2024-12-04,manduriacu,670078161,high_res,8,500.321,s3://geoglows-v2-forecasts/2024120400.zarr,2b40794b8c87bf5b42641a5de8568dfb-2,2026-09-25T06:31:33Z
2024-12-04,manduriacu,670078161,high_res,9,444.876,s3://geoglows-v2-forecasts/2024120400.zarr,2b40794b8c87bf5b42641a5de8568dfb-2,2026-09-25T06:31:33Z
2024-12-04,minas_san_francisco,670027091,high_res,1,14.451,s3://geoglows-v2-forecasts/2024120400.zarr,2b40794b8c87bf5b42641a5de8568dfb-2,2026-09-25T06:31:33Z
2024-12-04,minas_san_francisco,670027091,high_res,10,43.519,s3://geoglows-v2-forecasts/2024120400.zarr,2b40794b8c87bf5b42641a5de8568dfb-2,2026-09-25T06:31:33Z
2024-12-04,minas_san_francisco,670027091,high_res,2,47.634,s3://geoglows-v2-forecasts/2024120400.zarr,2b40794b8c87bf5b42641a5de8568dfb-2,2026-09-25T06:31:33Z
2024-12-04,minas_san_francisco,670027091,high_res,3,102.924,s3://geoglows-v2-forecasts/2024120400.zarr,2b40794b8c87bf5b42641a5de8568dfb-2,2026-09-25T06:31:33Z
2024-12-04,minas_san_francisco,670027091,high_res,4,115.413,s3://geoglows-v2-forecasts/2024120400.zarr,2b40794b8c87bf5b42641a5de8568dfb-2,2026-09-25T06:31:33Z
2024-12-04,minas_san_francisco,670027091,high_res,5,98.379,s3://geoglows-v2-forecasts/2024120400.zarr,2b40794b8c87bf5b42641a5de8568dfb-2,2026-09-25T06:31:33Z
2024-12-04,minas_san_francisco,670027091,high_res,6,91.27,s3://geoglows-v2-forecasts/2024120400.zarr,2b40794b8c87bf5b42641a5de8568dfb-2,2026-09-25T06:31:33Z
2024-12-04,minas_san_francisco,670027091,high_res,7,101.664,s3://geoglows-v2-forecasts/2024120400.zarr,2b40794b8c87bf5b42641a5de8568dfb-2,2026-09-25T06:31:33Z
2024-12-04,minas_san_francisco,670027091,high_res,8,78.148,s3://geoglows-v2-forecasts/2024120400.zarr,2b40794b8c87bf5b42641a5de8568dfb-2,2026-09-25T06:31:33Z
2024-12-04,minas_san_francisco,670027091,high_res,9,46.413,s3://geoglows-v2-forecasts/2024120400.zarr,2b40794b8c87bf5b42641a5de8568dfb-2,2026-09-25T06:31:33Z
2024-12-05,agoyan,621014469,high_res,1,63.316,s3://geoglows-v2-forecasts/2024120500.zarr,3893f0a4e6cec0fac179477c2e2ec0bc-2,2026-09-25T06:31:33Z
2024-12-05,agoyan,621014469,high_res,10,117.825,s3://geoglows-v2-forecasts/2024120500.zarr,3893f0a4e6cec0fac179477c2e2ec0bc-2,2026-09-25T06:31:33Z
2024-12-05,agoyan,621014469,high_res,2,76.756,s3://geoglows-v2-forecasts/2024120500.zarr,3893f0a4e6cec0fac179477c2e2ec0bc-2,2026-09-25T06:31:33Z
2024-12-05,agoyan,621014469,high_res,3,102.434,s3://geoglows-v2-forecasts/2024120500.zarr,3893f0a4e6cec0fac179477c2e2ec0bc-2,2026-09-25T06:31:33Z
2024-12-05,agoyan,621014469,high_res,4,131.776,s3://geoglows-v2-forecasts/2024120500.zarr,3893f0a4e6cec0fac179477c2e2ec0bc-2,2026-09-25T06:31:33Z
2024-12-05,agoyan,621014469,high_res,5,174.18,s3://geoglows-v2-forecasts/2024120500.zarr,3893f0a4e6cec0fac179477c2e2ec0bc-2,2026-09-25T06:31:33Z
2024-12-05,agoyan,621014469,high_res,6,205.259,s3://geoglows-v2-forecasts/2024120500.zarr,3893f0a4e6cec0fac179477c2e2ec0bc-2,2026-09-25T06:31:33Z
2024-12-05,agoyan,621014469,high_res,7,198.779,s3://geoglows-v2-forecasts/2024120500.zarr,3893f0a4e6cec0fac179477c2e2ec0bc-2,2026-09-25T06:31:33Z
2024-12-05,agoyan,621014469,high_res,8,175.194,s3://geoglows-v2-forecasts/2024120500.zarr,3893f0a4e6cec0fac179477c2e2ec0bc-2,2026-09-25T06:31:33Z
2024-12-05,agoyan,621014469,high_res,9,127.52,s3://geoglows-v2-forecasts/2024120500.zarr,3893f0a4e6cec0fac179477c2e2ec0bc-2,2026-09-25T06:31:33Z
2024-12-05,manduriacu,670078161,high_res,1,173.068,s3://geoglows-v2-forecasts/2024120500.zarr,3893f0a4e6cec0fac179477c2e2ec0bc-2,2026-09-25T06:31:33Z
2024-12-05,manduriacu,670078161,high_res,10,440.614,s3://geoglows-v2-forecasts/2024120500.zarr,3893f0a4e6cec0fac179477c2e2ec0bc-2,2026-09-25T06:31:33Z
2024-12-05,manduriacu,670078161,high_res,2,205.623,s3://geoglows-v2-forecasts/2024120500.zarr,3893f0a4e6cec0fac179477c2e2ec0bc-2,2026-09-25T06:31:33Z
2024-12-05,manduriacu,670078161,high_res,3,270.709,s3://geoglows-v2-forecasts/2024120500.zarr,3893f0a4e6cec0fac179477c2e2ec0bc-2,2026-09-25T06:31:33Z
2024-12-05,manduriacu,670078161,high_res,4,405.148,s3://geoglows-v2-forecasts/2024120500.zarr,3893f0a4e6cec0fac179477c2e2ec0bc-2,2026-09-25T06:31:33Z
2024-12-05,manduriacu,670078161,high_res,5,481.047,s3://geoglows-v2-forecasts/2024120500.zarr,3893f0a4e6cec0fac179477c2e2ec0bc-2,2026-09-25T06:31:33Z
2024-12-05,manduriacu,670078161,high_res,6,439.291,s3://geoglows-v2-forecasts/2024120500.zarr,3893f0a4e6cec0fac179477c2e2ec0bc-2,2026-09-25T06:31:33Z
2024-12-05,manduriacu,670078161,high_res,7,428.385,s3://geoglows-v2-forecasts/2024120500.zarr,3893f0a4e6cec0fac179477c2e2ec0bc-2,2026-09-25T06:31:33Z
2024-12-05,manduriacu,670078161,high_res,8,363.848,s3://geoglows-v2-forecasts/2024120500.zarr,3893f0a4e6cec0fac179477c2e2ec0bc-2,2026-09-25T06:31:33Z
2024-12-05,manduriacu,670078161,high_res,9,387.107,s3://geoglows-v2-forecasts/2024120500.zarr,3893f0a4e6cec0fac179477c2e2ec0bc-2,2026-09-25T06:31:33Z
2024-12-05,minas_san_francisco,670027091,high_res,1,34.26,s3://geoglows-v2-forecasts/2024120500.zarr,3893f0a4e6cec0fac179477c2e2ec0bc-2,2026-09-25T06:31:33Z
2024-12-05,minas_san_francisco,670027091,high_res,10,68.694,s3://geoglows-v2-forecasts/2024120500.zarr,3893f0a4e6cec0fac179477c2e2ec0bc-2,2026-09-25T06:31:33Z
2024-12-05,minas_san_francisco,670027091,high_res,2,87.09,s3://geoglows-v2-forecasts/2024120500.zarr,3893f0a4e6cec0fac179477c2e2ec0bc-2,2026-09-25T06:31:33Z
2024-12-05,minas_san_francisco,670027091,high_res,3,116.478,s3://geoglows-v2-forecasts/2024120500.zarr,3893f0a4e6cec0fac179477c2e2ec0bc-2,2026-09-25T06:31:33Z
2024-12-05,minas_san_francisco,670027091,high_res,4,108.375,s3://geoglows-v2-forecasts/2024120500.zarr,3893f0a4e6cec0fac179477c2e2ec0bc-2,2026-09-25T06:31:33Z
2024-12-05,minas_san_francisco,670027091,high_res,5,108.7,s3://geoglows-v2-forecasts/2024120500.zarr,3893f0a4e6cec0fac179477c2e2ec0bc-2,2026-09-25T06:31:33Z
2024-12-05,minas_san_francisco,670027091,high_res,6,113.01,s3://geoglows-v2-forecasts/2024120500.zarr,3893f0a4e6cec0fac179477c2e2ec0bc-2,2026-09-25T06:31:33Z
2024-12-05,minas_san_francisco,670027091,high_res,7,71.255,s3://geoglows-v2-forecasts/2024120500.zarr,3893f0a4e6cec0fac179477c2e2ec0bc-2,2026-09-25T06:31:33Z
2024-12-05,minas_san_francisco,670027091,high_res,8,38.793,s3://geoglows-v2-forecasts/2024120500.zarr,3893f0a4e6cec0fac179477c2e2ec0bc-2,2026-09-25T06:31:33Z
2024-12-05,minas_san_francisco,670027091,high_res,9,41.807,s3://geoglows-v2-forecasts/2024120500.zarr,3893f0a4e6cec0fac179477c2e2ec0bc-2,2026-09-25T06:31:33Z
2024-12-06,agoyan,621014469,high_res,1,68.167,s3://geoglows-v2-forecasts/2024120600.zarr,1aa4e87c788cb2103838b1538a7b36b0-2,2026-09-25T06:31:37Z
2024-12-06,agoyan,621014469,high_res,10,126.833,s3://geoglows-v2-forecasts/2024120600.zarr,1aa4e87c788cb2103838b1538a7b36b0-2,2026-09-25T06:31:37Z
2024-12-06,agoyan,621014469,high_res,2,80.481,s3://geoglows-v2-forecasts/2024120600.zarr,1aa4e87c788cb2103838b1538a7b36b0-2,2026-09-25T06:31:37Z
2024-12-06,agoyan,621014469,high_res,3,112.566,s3://geoglows-v2-forecasts/2024120600.zarr,1aa4e87c788cb2103838b1538a7b36b0-2,2026-09-25T06:31:37Z
2024-12-06,agoyan,621014469,high_res,4,159.235,s3://geoglows-v2-forecasts/2024120600.zarr,1aa4e87c788cb2103838b1538a7b36b0-2,2026-09-25T06:31:37Z
2024-12-06,agoyan,621014469,high_res,5,201.899,s3://geoglows-v2-forecasts/2024120600.zarr,1aa4e87c788cb2103838b1538a7b36b0-2,2026-09-25T06:31:37Z
2024-12-06,agoyan,621014469,high_res,6,218.781,s3://geoglows-v2-forecasts/2024120600.zarr,1aa4e87c788cb2103838b1538a7b36b0-2,2026-09-25T06:31:37Z
2024-12-06,agoyan,621014469,high_res,7,192.162,s3://geoglows-v2-forecasts/2024120600.zarr,1aa4e87c788cb2103838b1538a7b36b0-2,2026-09-25T06:31:37Z
2024-12-06,agoyan,621014469,high_res,8,139.38,s3://geoglows-v2-forecasts/2024120600.zarr,1aa4e87c788cb2103838b1538a7b36b0-2,2026-09-25T06:31:37Z
2024-12-06,agoyan,621014469,high_res,9,109.982,s3://geoglows-v2-forecasts/2024120600.zarr,1aa4e87c788cb2103838b1538a7b36b0-2,2026-09-25T06:31:37Z
2024-12-06,manduriacu,670078161,high_res,1,204.108,s3://geoglows-v2-forecasts/2024120600.zarr,1aa4e87c788cb2103838b1538a7b36b0-2,2026-09-25T06:31:37Z
2024-12-06,manduriacu,670078161,high_res,10,589.256,s3://geoglows-v2-forecasts/2024120600.zarr,1aa4e87c788cb2103838b1538a7b36b0-2,2026-09-25T06:31:37Z
2024-12-06,manduriacu,670078161,high_res,2,253.35,s3://geoglows-v2-forecasts/2024120600.zarr,1aa4e87c788cb2103838b1538a7b36b0-2,2026-09-25T06:31:37Z
2024-12-06,manduriacu,670078161,high_res,3,345.926,s3://geoglows-v2-forecasts/2024120600.zarr,1aa4e87c788cb2103838b1538a7b36b0-2,2026-09-25T06:31:37Z
2024-12-06,manduriacu,670078161,high_res,4,452.515,s3://geoglows-v2-forecasts/2024120600.zarr,1aa4e87c788cb2103838b1538a7b36b0-2,2026-09-25T06:31:37Z
2024-12-06,manduriacu,670078161,high_res,5,435.918,s3://geoglows-v2-forecasts/2024120600.zarr,1aa4e87c788cb2103838b1538a7b36b0-2,2026-09-25T06:31:37Z
2024-12-06,manduriacu,670078161,high_res,6,445.565,s3://geoglows-v2-forecasts/2024120600.zarr,1aa4e87c788cb2103838b1538a7b36b0-2,2026-09-25T06:31:37Z
2024-12-06,manduriacu,670078161,high_res,7,390.906,s3://geoglows-v2-forecasts/2024120600.zarr,1aa4e87c788cb2103838b1538a7b36b0-2,2026-09-25T06:31:37Z
2024-12-06,manduriacu,670078161,high_res,8,397.364,s3://geoglows-v2-forecasts/2024120600.zarr,1aa4e87c788cb2103838b1538a7b36b0-2,2026-09-25T06:31:37Z
2024-12-06,manduriacu,670078161,high_res,9,541.127,s3://geoglows-v2-forecasts/2024120600.zarr,1aa4e87c788cb2103838b1538a7b36b0-2,2026-09-25T06:31:37Z
2024-12-06,minas_san_francisco,670027091,high_res,1,66.281,s3://geoglows-v2-forecasts/2024120600.zarr,1aa4e87c788cb2103838b1538a7b36b0-2,2026-09-25T06:31:37Z
2024-12-06,minas_san_francisco,670027091,high_res,10,105.894,s3://geoglows-v2-forecasts/2024120600.zarr,1aa4e87c788cb2103838b1538a7b36b0-2,2026-09-25T06:31:37Z
2024-12-06,minas_san_francisco,670027091,high_res,2,88.232,s3://geoglows-v2-forecasts/2024120600.zarr,1aa4e87c788cb2103838b1538a7b36b0-2,2026-09-25T06:31:37Z
2024-12-06,minas_san_francisco,670027091,high_res,3,100.665,s3://geoglows-v2-forecasts/2024120600.zarr,1aa4e87c788cb2103838b1538a7b36b0-2,2026-09-25T06:31:37Z
2024-12-06,minas_san_francisco,670027091,high_res,4,102.233,s3://geoglows-v2-forecasts/2024120600.zarr,1aa4e87c788cb2103838b1538a7b36b0-2,2026-09-25T06:31:37Z
2024-12-06,minas_san_francisco,670027091,high_res,5,103.494,s3://geoglows-v2-forecasts/2024120600.zarr,1aa4e87c788cb2103838b1538a7b36b0-2,2026-09-25T06:31:37Z
2024-12-06,minas_san_francisco,670027091,high_res,6,77.694,s3://geoglows-v2-forecasts/2024120600.zarr,1aa4e87c788cb2103838b1538a7b36b0-2,2026-09-25T06:31:37Z
2024-12-06,minas_san_francisco,670027091,high_res,7,42.422,s3://geoglows-v2-forecasts/2024120600.zarr,1aa4e87c788cb2103838b1538a7b36b0-2,2026-09-25T06:31:37Z
2024-12-06,minas_san_francisco,670027091,high_res,8,42.672,s3://geoglows-v2-forecasts/2024120600.zarr,1aa4e87c788cb2103838b1538a7b36b0-2,2026-09-25T06:31:37Z
2024-12-06,minas_san_francisco,670027091,high_res,9,71.464,s3://geoglows-v2-forecasts/2024120600.zarr,1aa4e87c788cb2103838b1538a7b36b0-2,2026-09-25T06:31:37Z
2024-12-07,agoyan,621014469,high_res,1,73.815,s3://geoglows-v2-forecasts/2024120700.zarr,f154e607bf2a7c2cd3aa5e7b3eef346e-2,2026-09-25T06:31:37Z
2024-12-07,agoyan,621014469,high_res,10,132.733,s3://geoglows-v2-forecasts/2024120700.zarr,f154e607bf2a7c2cd3aa5e7b3eef346e-2,2026-09-25T06:31:37Z
2024-12-07,agoyan,621014469,high_res,2,115.099,s3://geoglows-v2-forecasts/2024120700.zarr,f154e607bf2a7c2cd3aa5e7b3eef346e-2,2026-09-25T06:31:37Z
2024-12-07,agoyan,621014469,high_res,3,141.773,s3://geoglows-v2-forecasts/2024120700.zarr,f154e607bf2a7c2cd3aa5e7b3eef346e-2,2026-09-25T06:31:37Z
2024-12-07,agoyan,621014469,high_res,4,160.776,s3://geoglows-v2-forecasts/2024120700.zarr,f154e607bf2a7c2cd3aa5e7b3eef346e-2,2026-09-25T06:31:37Z
2024-12-07,agoyan,621014469,high_res,5,187.455,s3://geoglows-v2-forecasts/2024120700.zarr,f154e607bf2a7c2cd3aa5e7b3eef346e-2,2026-09-25T06:31:37Z
2024-12-07,agoyan,621014469,high_res,6,183.315,s3://geoglows-v2-forecasts/2024120700.zarr,f154e607bf2a7c2cd3aa5e7b3eef346e-2,2026-09-25T06:31:37Z
2024-12-07,agoyan,621014469,high_res,7,137.903,s3://geoglows-v2-forecasts/2024120700.zarr,f154e607bf2a7c2cd3aa5e7b3eef346e-2,2026-09-25T06:31:37Z
2024-12-07,agoyan,621014469,high_res,8,116.397,s3://geoglows-v2-forecasts/2024120700.zarr,f154e607bf2a7c2cd3aa5e7b3eef346e-2,2026-09-25T06:31:37Z
2024-12-07,agoyan,621014469,high_res,9,120.579,s3://geoglows-v2-forecasts/2024120700.zarr,f154e607bf2a7c2cd3aa5e7b3eef346e-2,2026-09-25T06:31:37Z
2024-12-07,manduriacu,670078161,high_res,1,251.089,s3://geoglows-v2-forecasts/2024120700.zarr,f154e607bf2a7c2cd3aa5e7b3eef346e-2,2026-09-25T06:31:37Z
2024-12-07,manduriacu,670078161,high_res,10,635.331,s3://geoglows-v2-forecasts/2024120700.zarr,f154e607bf2a7c2cd3aa5e7b3eef346e-2,2026-09-25T06:31:37Z
2024-12-07,manduriacu,670078161,high_res,2,365.135,s3://geoglows-v2-forecasts/2024120700.zarr,f154e607bf2a7c2cd3aa5e7b3eef346e-2,2026-09-25T06:31:37Z
2024-12-07,manduriacu,670078161,high_res,3,491.394,s3://geoglows-v2-forecasts/2024120700.zarr,f154e607bf2a7c2cd3aa5e7b3eef346e-2,2026-09-25T06:31:37Z
2024-12-07,manduriacu,670078161,high_res,4,404.853,s3://geoglows-v2-forecasts/2024120700.zarr,f154e607bf2a7c2cd3aa5e7b3eef346e-2,2026-09-25T06:31:37Z
2024-12-07,manduriacu,670078161,high_res,5,364.938,s3://geoglows-v2-forecasts/2024120700.zarr,f154e607bf2a7c2cd3aa5e7b3eef346e-2,2026-09-25T06:31:37Z
2024-12-07,manduriacu,670078161,high_res,6,322.159,s3://geoglows-v2-forecasts/2024120700.zarr,f154e607bf2a7c2cd3aa5e7b3eef346e-2,2026-09-25T06:31:37Z
2024-12-07,manduriacu,670078161,high_res,7,322.461,s3://geoglows-v2-forecasts/2024120700.zarr,f154e607bf2a7c2cd3aa5e7b3eef346e-2,2026-09-25T06:31:37Z
2024-12-07,manduriacu,670078161,high_res,8,405.429,s3://geoglows-v2-forecasts/2024120700.zarr,f154e607bf2a7c2cd3aa5e7b3eef346e-2,2026-09-25T06:31:37Z
2024-12-07,manduriacu,670078161,high_res,9,453.721,s3://geoglows-v2-forecasts/2024120700.zarr,f154e607bf2a7c2cd3aa5e7b3eef346e-2,2026-09-25T06:31:37Z
2024-12-07,minas_san_francisco,670027091,high_res,1,78.949,s3://geoglows-v2-forecasts/2024120700.zarr,f154e607bf2a7c2cd3aa5e7b3eef346e-2,2026-09-25T06:31:37Z
2024-12-07,minas_san_francisco,670027091,high_res,10,90.462,s3://geoglows-v2-forecasts/2024120700.zarr,f154e607bf2a7c2cd3aa5e7b3eef346e-2,2026-09-25T06:31:37Z
2024-12-07,minas_san_francisco,670027091,high_res,2,74.683,s3://geoglows-v2-forecasts/2024120700.zarr,f154e607bf2a7c2cd3aa5e7b3eef346e-2,2026-09-25T06:31:37Z
2024-12-07,minas_san_francisco,670027091,high_res,3,85.047,s3://geoglows-v2-forecasts/2024120700.zarr,f154e607bf2a7c2cd3aa5e7b3eef346e-2,2026-09-25T06:31:37Z
2024-12-07,minas_san_francisco,670027091,high_res,4,94.193,s3://geoglows-v2-forecasts/2024120700.zarr,f154e607bf2a7c2cd3aa5e7b3eef346e-2,2026-09-25T06:31:37Z
2024-12-07,minas_san_francisco,670027091,high_res,5,63.051,s3://geoglows-v2-forecasts/2024120700.zarr,f154e607bf2a7c2cd3aa5e7b3eef346e-2,2026-09-25T06:31:37Z
2024-12-07,minas_san_francisco,670027091,high_res,6,36.706,s3://geoglows-v2-forecasts/2024120700.zarr,f154e607bf2a7c2cd3aa5e7b3eef346e-2,2026-09-25T06:31:37Z
2024-12-07,minas_san_francisco,670027091,high_res,7,45.906,s3://geoglows-v2-forecasts/2024120700.zarr,f154e607bf2a7c2cd3aa5e7b3eef346e-2,2026-09-25T06:31:37Z
2024-12-07,minas_san_francisco,670027091,high_res,8,69.848,s3://geoglows-v2-forecasts/2024120700.zarr,f154e607bf2a7c2cd3aa5e7b3eef346e-2,2026-09-25T06:31:37Z
2024-12-07,minas_san_francisco,670027091,high_res,9,76.962,s3://geoglows-v2-forecasts/2024120700.zarr,f154e607bf2a7c2cd3aa5e7b3eef346e-2,2026-09-25T06:31:37Z
2024-12-08,agoyan,621014469,high_res,1,104.128,s3://geoglows-v2-forecasts/2024120800.zarr,ba149d8e7164534486b8c55cd546a974-2,2026-09-25T06:31:37Z
2024-12-08,agoyan,621014469,high_res,10,251.77,s3://geoglows-v2-forecasts/2024120800.zarr,ba149d8e7164534486b8c55cd546a974-2,2026-09-25T06:31:37Z
2024-12-08,agoyan,621014469,high_res,2,123.879,s3://geoglows-v2-forecasts/2024120800.zarr,ba149d8e7164534486b8c55cd546a974-2,2026-09-25T06:31:37Z
2024-12-08,agoyan,621014469,high_res,3,128.384,s3://geoglows-v2-forecasts/2024120800.zarr,ba149d8e7164534486b8c55cd546a974-2,2026-09-25T06:31:37Z
2024-12-08,agoyan,621014469,high_res,4,143.513,s3://geoglows-v2-forecasts/2024120800.zarr,ba149d8e7164534486b8c55cd546a974-2,2026-09-25T06:31:37Z
2024-12-08,agoyan,621014469,high_res,5,155.159,s3://geoglows-v2-forecasts/2024120800.zarr,ba149d8e7164534486b8c55cd546a974-2,2026-09-25T06:31:37Z
2024-12-08,agoyan,621014469,high_res,6,136.562,s3://geoglows-v2-forecasts/2024120800.zarr,ba149d8e7164534486b8c55cd546a974-2,2026-09-25T06:31:37Z
2024-12-08,agoyan,621014469,high_res,7,124.704,s3://geoglows-v2-forecasts/2024120800.zarr,ba149d8e7164534486b8c55cd546a974-2,2026-09-25T06:31:37Z
2024-12-08,agoyan,621014469,high_res,8,149.858,s3://geoglows-v2-forecasts/2024120800.zarr,ba149d8e7164534486b8c55cd546a974-2,2026-09-25T06:31:37Z
2024-12-08,agoyan,621014469,high_res,9,213.613,s3://geoglows-v2-forecasts/2024120800.zarr,ba149d8e7164534486b8c55cd546a974-2,2026-09-25T06:31:37Z
2024-12-08,manduriacu,670078161,high_res,1,352.317,s3://geoglows-v2-forecasts/2024120800.zarr,ba149d8e7164534486b8c55cd546a974-2,2026-09-25T06:31:37Z
2024-12-08,manduriacu,670078161,high_res,10,598.853,s3://geoglows-v2-forecasts/2024120800.zarr,ba149d8e7164534486b8c55cd546a974-2,2026-09-25T06:31:37Z
2024-12-08,manduriacu,670078161,high_res,2,478.161,s3://geoglows-v2-forecasts/2024120800.zarr,ba149d8e7164534486b8c55cd546a974-2,2026-09-25T06:31:37Z
2024-12-08,manduriacu,670078161,high_res,3,441.268,s3://geoglows-v2-forecasts/2024120800.zarr,ba149d8e7164534486b8c55cd546a974-2,2026-09-25T06:31:37Z
2024-12-08,manduriacu,670078161,high_res,4,393.062,s3://geoglows-v2-forecasts/2024120800.zarr,ba149d8e7164534486b8c55cd546a974-2,2026-09-25T06:31:37Z
2024-12-08,manduriacu,670078161,high_res,5,357.904,s3://geoglows-v2-forecasts/2024120800.zarr,ba149d8e7164534486b8c55cd546a974-2,2026-09-25T06:31:37Z
2024-12-08,manduriacu,670078161,high_res,6,317.322,s3://geoglows-v2-forecasts/2024120800.zarr,ba149d8e7164534486b8c55cd546a974-2,2026-09-25T06:31:37Z
2024-12-08,manduriacu,670078161,high_res,7,422.767,s3://geoglows-v2-forecasts/2024120800.zarr,ba149d8e7164534486b8c55cd546a974-2,2026-09-25T06:31:37Z
2024-12-08,manduriacu,670078161,high_res,8,541.751,s3://geoglows-v2-forecasts/2024120800.zarr,ba149d8e7164534486b8c55cd546a974-2,2026-09-25T06:31:37Z
2024-12-08,manduriacu,670078161,high_res,9,587.258,s3://geoglows-v2-forecasts/2024120800.zarr,ba149d8e7164534486b8c55cd546a974-2,2026-09-25T06:31:37Z
2024-12-08,minas_san_francisco,670027091,high_res,1,73.817,s3://geoglows-v2-forecasts/2024120800.zarr,ba149d8e7164534486b8c55cd546a974-2,2026-09-25T06:31:37Z
2024-12-08,minas_san_francisco,670027091,high_res,10,112.379,s3://geoglows-v2-forecasts/2024120800.zarr,ba149d8e7164534486b8c55cd546a974-2,2026-09-25T06:31:37Z
2024-12-08,minas_san_francisco,670027091,high_res,2,77.128,s3://geoglows-v2-forecasts/2024120800.zarr,ba149d8e7164534486b8c55cd546a974-2,2026-09-25T06:31:37Z
2024-12-08,minas_san_francisco,670027091,high_res,3,97.316,s3://geoglows-v2-forecasts/2024120800.zarr,ba149d8e7164534486b8c55cd546a974-2,2026-09-25T06:31:37Z
2024-12-08,minas_san_francisco,670027091,high_res,4,73.844,s3://geoglows-v2-forecasts/2024120800.zarr,ba149d8e7164534486b8c55cd546a974-2,2026-09-25T06:31:37Z
2024-12-08,minas_san_francisco,670027091,high_res,5,45.768,s3://geoglows-v2-forecasts/2024120800.zarr,ba149d8e7164534486b8c55cd546a974-2,2026-09-25T06:31:37Z
2024-12-08,minas_san_francisco,670027091,high_res,6,63.964,s3://geoglows-v2-forecasts/2024120800.zarr,ba149d8e7164534486b8c55cd546a974-2,2026-09-25T06:31:37Z
2024-12-08,minas_san_francisco,670027091,high_res,7,95.063,s3://geoglows-v2-forecasts/2024120800.zarr,ba149d8e7164534486b8c55cd546a974-2,2026-09-25T06:31:37Z
2024-12-08,minas_san_francisco,670027091,high_res,8,124.823,s3://geoglows-v2-forecasts/2024120800.zarr,ba149d8e7164534486b8c55cd546a974-2,2026-09-25T06:31:37Z
2024-12-08,minas_san_francisco,670027091,high_res,9,123.811,s3://geoglows-v2-forecasts/2024120800.zarr,ba149d8e7164534486b8c55cd546a974-2,2026-09-25T06:31:37Z
2024-12-09,agoyan,621014469,high_res,1,120.71,s3://geoglows-v2-forecasts/2024120900.zarr,ea67b11adcf7870bf512ce30331325bc-2,2026-09-25T06:31:37Z
2024-12-09,agoyan,621014469,high_res,10,258.476,s3://geoglows-v2-forecasts/2024120900.zarr,ea67b11adcf7870bf512ce30331325bc-2,2026-09-25T06:31:37Z
2024-12-09,agoyan,621014469,high_res,2,128.93,s3://geoglows-v2-forecasts/2024120900.zarr,ea67b11adcf7870bf512ce30331325bc-2,2026-09-25T06:31:37Z
2024-12-09,agoyan,621014469,high_res,3,139.908,s3://geoglows-v2-forecasts/2024120900.zarr,ea67b11adcf7870bf512ce30331325bc-2,2026-09-25T06:31:37Z
2024-12-09,agoyan,621014469,high_res,4,142.112,s3://geoglows-v2-forecasts/2024120900.zarr,ea67b11adcf7870bf512ce30331325bc-2,2026-09-25T06:31:37Z
2024-12-09,agoyan,621014469,high_res,5,141.626,s3://geoglows-v2-forecasts/2024120900.zarr,ea67b11adcf7870bf512ce30331325bc-2,2026-09-25T06:31:37Z
2024-12-09,agoyan,621014469,high_res,6,135.585,s3://geoglows-v2-forecasts/2024120900.zarr,ea67b11adcf7870bf512ce30331325bc-2,2026-09-25T06:31:37Z
2024-12-09,agoyan,621014469,high_res,7,169.535,s3://geoglows-v2-forecasts/2024120900.zarr,ea67b11adcf7870bf512ce30331325bc-2,2026-09-25T06:31:37Z
2024-12-09,agoyan,621014469,high_res,8,233.804,s3://geoglows-v2-forecasts/2024120900.zarr,ea67b11adcf7870bf512ce30331325bc-2,2026-09-25T06:31:37Z
2024-12-09,agoyan,621014469,high_res,9,271.668,s3://geoglows-v2-forecasts/2024120900.zarr,ea67b11adcf7870bf512ce30331325bc-2,2026-09-25T06:31:37Z
2024-12-09,manduriacu,670078161,high_res,1,407.963,s3://geoglows-v2-forecasts/2024120900.zarr,ea67b11adcf7870bf512ce30331325bc-2,2026-09-25T06:31:37Z
2024-12-09,manduriacu,670078161,high_res,10,544.23,s3://geoglows-v2-forecasts/2024120900.zarr,ea67b11adcf7870bf512ce30331325bc-2,2026-09-25T06:31:37Z
2024-12-09,manduriacu,670078161,high_res,2,397.243,s3://geoglows-v2-forecasts/2024120900.zarr,ea67b11adcf7870bf512ce30331325bc-2,2026-09-25T06:31:37Z
2024-12-09,manduriacu,670078161,high_res,3,363.216,s3://geoglows-v2-forecasts/2024120900.zarr,ea67b11adcf7870bf512ce30331325bc-2,2026-09-25T06:31:37Z
2024-12-09,manduriacu,670078161,high_res,4,318.927,s3://geoglows-v2-forecasts/2024120900.zarr,ea67b11adcf7870bf512ce30331325bc-2,2026-09-25T06:31:37Z
2024-12-09,manduriacu,670078161,high_res,5,323.142,s3://geoglows-v2-forecasts/2024120900.zarr,ea67b11adcf7870bf512ce30331325bc-2,2026-09-25T06:31:37Z
2024-12-09,manduriacu,670078161,high_res,6,443.413,s3://geoglows-v2-forecasts/2024120900.zarr,ea67b11adcf7870bf512ce30331325bc-2,2026-09-25T06:31:37Z
2024-12-09,manduriacu,670078161,high_res,7,478.811,s3://geoglows-v2-forecasts/2024120900.zarr,ea67b11adcf7870bf512ce30331325bc-2,2026-09-25T06:31:37Z
2024-12-09,manduriacu,670078161,high_res,8,474.597,s3://geoglows-v2-forecasts/2024120900.zarr,ea67b11adcf7870bf512ce30331325bc-2,2026-09-25T06:31:37Z
2024-12-09,manduriacu,670078161,high_res,9,502.041,s3://geoglows-v2-forecasts/2024120900.zarr,ea67b11adcf7870bf512ce30331325bc-2,2026-09-25T06:31:37Z
2024-12-09,minas_san_francisco,670027091,high_res,1,66.204,s3://geoglows-v2-forecasts/2024120900.zarr,ea67b11adcf7870bf512ce30331325bc-2,2026-09-25T06:31:37Z
2024-12-09,minas_san_francisco,670027091,high_res,10,93.498,s3://geoglows-v2-forecasts/2024120900.zarr,ea67b11adcf7870bf512ce30331325bc-2,2026-09-25T06:31:37Z
2024-12-09,minas_san_francisco,670027091,high_res,2,65.902,s3://geoglows-v2-forecasts/2024120900.zarr,ea67b11adcf7870bf512ce30331325bc-2,2026-09-25T06:31:37Z
2024-12-09,minas_san_francisco,670027091,high_res,3,62.397,s3://geoglows-v2-forecasts/2024120900.zarr,ea67b11adcf7870bf512ce30331325bc-2,2026-09-25T06:31:37Z
2024-12-09,minas_san_francisco,670027091,high_res,4,48.257,s3://geoglows-v2-forecasts/2024120900.zarr,ea67b11adcf7870bf512ce30331325bc-2,2026-09-25T06:31:37Z
2024-12-09,minas_san_francisco,670027091,high_res,5,70.758,s3://geoglows-v2-forecasts/2024120900.zarr,ea67b11adcf7870bf512ce30331325bc-2,2026-09-25T06:31:37Z
2024-12-09,minas_san_francisco,670027091,high_res,6,102.482,s3://geoglows-v2-forecasts/2024120900.zarr,ea67b11adcf7870bf512ce30331325bc-2,2026-09-25T06:31:37Z
2024-12-09,minas_san_francisco,670027091,high_res,7,115.098,s3://geoglows-v2-forecasts/2024120900.zarr,ea67b11adcf7870bf512ce30331325bc-2,2026-09-25T06:31:37Z
2024-12-09,minas_san_francisco,670027091,high_res,8,104.815,s3://geoglows-v2-forecasts/2024120900.zarr,ea67b11adcf7870bf512ce30331325bc-2,2026-09-25T06:31:37Z
2024-12-09,minas_san_francisco,670027091,high_res,9,107.857,s3://geoglows-v2-forecasts/2024120900.zarr,ea67b11adcf7870bf512ce30331325bc-2,2026-09-25T06:31:37Z
2024-12-10,agoyan,621014469,high_res,1,128.995,s3://geoglows-v2-forecasts/2024121000.zarr,f7e21ebb1c3d8792b24cb8fde4f1d256-2,2026-09-25T06:31:37Z
2024-12-10,agoyan,621014469,high_res,10,175.565,s3://geoglows-v2-forecasts/2024121000.zarr,f7e21ebb1c3d8792b24cb8fde4f1d256-2,2026-09-25T06:31:37Z
2024-12-10,agoyan,621014469,high_res,2,133.034,s3://geoglows-v2-forecasts/2024121000.zarr,f7e21ebb1c3d8792b24cb8fde4f1d256-2,2026-09-25T06:31:37Z
2024-12-10,agoyan,621014469,high_res,3,128.32,s3://geoglows-v2-forecasts/2024121000.zarr,f7e21ebb1c3d8792b24cb8fde4f1d256-2,2026-09-25T06:31:37Z
2024-12-10,agoyan,621014469,high_res,4,124.906,s3://geoglows-v2-forecasts/2024121000.zarr,f7e21ebb1c3d8792b24cb8fde4f1d256-2,2026-09-25T06:31:37Z
2024-12-10,agoyan,621014469,high_res,5,131.372,s3://geoglows-v2-forecasts/2024121000.zarr,f7e21ebb1c3d8792b24cb8fde4f1d256-2,2026-09-25T06:31:37Z
2024-12-10,agoyan,621014469,high_res,6,153.724,s3://geoglows-v2-forecasts/2024121000.zarr,f7e21ebb1c3d8792b24cb8fde4f1d256-2,2026-09-25T06:31:37Z
2024-12-10,agoyan,621014469,high_res,7,199.914,s3://geoglows-v2-forecasts/2024121000.zarr,f7e21ebb1c3d8792b24cb8fde4f1d256-2,2026-09-25T06:31:37Z
2024-12-10,agoyan,621014469,high_res,8,217.562,s3://geoglows-v2-forecasts/2024121000.zarr,f7e21ebb1c3d8792b24cb8fde4f1d256-2,2026-09-25T06:31:37Z
2024-12-10,agoyan,621014469,high_res,9,194.763,s3://geoglows-v2-forecasts/2024121000.zarr,f7e21ebb1c3d8792b24cb8fde4f1d256-2,2026-09-25T06:31:37Z
2024-12-10,manduriacu,670078161,high_res,1,398.781,s3://geoglows-v2-forecasts/2024121000.zarr,f7e21ebb1c3d8792b24cb8fde4f1d256-2,2026-09-25T06:31:37Z
2024-12-10,manduriacu,670078161,high_res,10,523.344,s3://geoglows-v2-forecasts/2024121000.zarr,f7e21ebb1c3d8792b24cb8fde4f1d256-2,2026-09-25T06:31:37Z
2024-12-10,manduriacu,670078161,high_res,2,362.572,s3://geoglows-v2-forecasts/2024121000.zarr,f7e21ebb1c3d8792b24cb8fde4f1d256-2,2026-09-25T06:31:37Z
2024-12-10,manduriacu,670078161,high_res,3,327.982,s3://geoglows-v2-forecasts/2024121000.zarr,f7e21ebb1c3d8792b24cb8fde4f1d256-2,2026-09-25T06:31:37Z
2024-12-10,manduriacu,670078161,high_res,4,479.682,s3://geoglows-v2-forecasts/2024121000.zarr,f7e21ebb1c3d8792b24cb8fde4f1d256-2,2026-09-25T06:31:37Z
2024-12-10,manduriacu,670078161,high_res,5,486.083,s3://geoglows-v2-forecasts/2024121000.zarr,f7e21ebb1c3d8792b24cb8fde4f1d256-2,2026-09-25T06:31:37Z
2024-12-10,manduriacu,670078161,high_res,6,465.633,s3://geoglows-v2-forecasts/2024121000.zarr,f7e21ebb1c3d8792b24cb8fde4f1d256-2,2026-09-25T06:31:37Z
2024-12-10,manduriacu,670078161,high_res,7,494.901,s3://geoglows-v2-forecasts/2024121000.zarr,f7e21ebb1c3d8792b24cb8fde4f1d256-2,2026-09-25T06:31:37Z
2024-12-10,manduriacu,670078161,high_res,8,576.728,s3://geoglows-v2-forecasts/2024121000.zarr,f7e21ebb1c3d8792b24cb8fde4f1d256-2,2026-09-25T06:31:37Z
2024-12-10,manduriacu,670078161,high_res,9,574.771,s3://geoglows-v2-forecasts/2024121000.zarr,f7e21ebb1c3d8792b24cb8fde4f1d256-2,2026-09-25T06:31:37Z
2024-12-10,minas_san_francisco,670027091,high_res,1,62.342,s3://geoglows-v2-forecasts/2024121000.zarr,f7e21ebb1c3d8792b24cb8fde4f1d256-2,2026-09-25T06:31:37Z
2024-12-10,minas_san_francisco,670027091,high_res,10,47.541,s3://geoglows-v2-forecasts/2024121000.zarr,f7e21ebb1c3d8792b24cb8fde4f1d256-2,2026-09-25T06:31:37Z
2024-12-10,minas_san_francisco,670027091,high_res,2,46.918,s3://geoglows-v2-forecasts/2024121000.zarr,f7e21ebb1c3d8792b24cb8fde4f1d256-2,2026-09-25T06:31:37Z
2024-12-10,minas_san_francisco,670027091,high_res,3,34.254,s3://geoglows-v2-forecasts/2024121000.zarr,f7e21ebb1c3d8792b24cb8fde4f1d256-2,2026-09-25T06:31:37Z
2024-12-10,minas_san_francisco,670027091,high_res,4,52.601,s3://geoglows-v2-forecasts/2024121000.zarr,f7e21ebb1c3d8792b24cb8fde4f1d256-2,2026-09-25T06:31:37Z
2024-12-10,minas_san_francisco,670027091,high_res,5,78.395,s3://geoglows-v2-forecasts/2024121000.zarr,f7e21ebb1c3d8792b24cb8fde4f1d256-2,2026-09-25T06:31:37Z
2024-12-10,minas_san_francisco,670027091,high_res,6,91.102,s3://geoglows-v2-forecasts/2024121000.zarr,f7e21ebb1c3d8792b24cb8fde4f1d256-2,2026-09-25T06:31:37Z
2024-12-10,minas_san_francisco,670027091,high_res,7,83.181,s3://geoglows-v2-forecasts/2024121000.zarr,f7e21ebb1c3d8792b24cb8fde4f1d256-2,2026-09-25T06:31:37Z
2024-12-10,minas_san_francisco,670027091,high_res,8,62.23,s3://geoglows-v2-forecasts/2024121000.zarr,f7e21ebb1c3d8792b24cb8fde4f1d256-2,2026-09-25T06:31:37Z
2024-12-10,minas_san_francisco,670027091,high_res,9,47.391,s3://geoglows-v2-forecasts/2024121000.zarr,f7e21ebb1c3d8792b24cb8fde4f1d256-2,2026-09-25T06:31:37Z
2024-12-11,agoyan,621014469,high_res,1,137.377,s3://geoglows-v2-forecasts/2024121100.zarr,eea938b90135c0cab1ac2d0398db573e-2,2026-09-25T06:31:37Z
2024-12-11,agoyan,621014469,high_res,10,137.803,s3://geoglows-v2-forecasts/2024121100.zarr,eea938b90135c0cab1ac2d0398db573e-2,2026-09-25T06:31:37Z
2024-12-11,agoyan,621014469,high_res,2,134.634,s3://geoglows-v2-forecasts/2024121100.zarr,eea938b90135c0cab1ac2d0398db573e-2,2026-09-25T06:31:37Z
2024-12-11,agoyan,621014469,high_res,3,121.892,s3://geoglows-v2-forecasts/2024121100.zarr,eea938b90135c0cab1ac2d0398db573e-2,2026-09-25T06:31:37Z
2024-12-11,agoyan,621014469,high_res,4,122.47,s3://geoglows-v2-forecasts/2024121100.zarr,eea938b90135c0cab1ac2d0398db573e-2,2026-09-25T06:31:37Z
2024-12-11,agoyan,621014469,high_res,5,153.402,s3://geoglows-v2-forecasts/2024121100.zarr,eea938b90135c0cab1ac2d0398db573e-2,2026-09-25T06:31:37Z
2024-12-11,agoyan,621014469,high_res,6,188.8,s3://geoglows-v2-forecasts/2024121100.zarr,eea938b90135c0cab1ac2d0398db573e-2,2026-09-25T06:31:37Z
2024-12-11,agoyan,621014469,high_res,7,227.622,s3://geoglows-v2-forecasts/2024121100.zarr,eea938b90135c0cab1ac2d0398db573e-2,2026-09-25T06:31:37Z
2024-12-11,agoyan,621014469,high_res,8,203.684,s3://geoglows-v2-forecasts/2024121100.zarr,eea938b90135c0cab1ac2d0398db573e-2,2026-09-25T06:31:37Z
2024-12-11,agoyan,621014469,high_res,9,168.89,s3://geoglows-v2-forecasts/2024121100.zarr,eea938b90135c0cab1ac2d0398db573e-2,2026-09-25T06:31:37Z
2024-12-11,manduriacu,670078161,high_res,1,362.092,s3://geoglows-v2-forecasts/2024121100.zarr,eea938b90135c0cab1ac2d0398db573e-2,2026-09-25T06:31:37Z
2024-12-11,manduriacu,670078161,high_res,10,516.51,s3://geoglows-v2-forecasts/2024121100.zarr,eea938b90135c0cab1ac2d0398db573e-2,2026-09-25T06:31:37Z
2024-12-11,manduriacu,670078161,high_res,2,318.34,s3://geoglows-v2-forecasts/2024121100.zarr,eea938b90135c0cab1ac2d0398db573e-2,2026-09-25T06:31:37Z
2024-12-11,manduriacu,670078161,high_res,3,388.742,s3://geoglows-v2-forecasts/2024121100.zarr,eea938b90135c0cab1ac2d0398db573e-2,2026-09-25T06:31:37Z
2024-12-11,manduriacu,670078161,high_res,4,540.088,s3://geoglows-v2-forecasts/2024121100.zarr,eea938b90135c0cab1ac2d0398db573e-2,2026-09-25T06:31:37Z
2024-12-11,manduriacu,670078161,high_res,5,577.65,s3://geoglows-v2-forecasts/2024121100.zarr,eea938b90135c0cab1ac2d0398db573e-2,2026-09-25T06:31:37Z
2024-12-11,manduriacu,670078161,high_res,6,587.914,s3://geoglows-v2-forecasts/2024121100.zarr,eea938b90135c0cab1ac2d0398db573e-2,2026-09-25T06:31:37Z
2024-12-11,manduriacu,670078161,high_res,7,558.225,s3://geoglows-v2-forecasts/2024121100.zarr,eea938b90135c0cab1ac2d0398db573e-2,2026-09-25T06:31:37Z
2024-12-11,manduriacu,670078161,high_res,8,525.142,s3://geoglows-v2-forecasts/2024121100.zarr,eea938b90135c0cab1ac2d0398db573e-2,2026-09-25T06:31:37Z
2024-12-11,manduriacu,670078161,high_res,9,591.248,s3://geoglows-v2-forecasts/2024121100.zarr,eea938b90135c0cab1ac2d0398db573e-2,2026-09-25T06:31:37Z
2024-12-11,minas_san_francisco,670027091,high_res,1,47.472,s3://geoglows-v2-forecasts/2024121100.zarr,eea938b90135c0cab1ac2d0398db573e-2,2026-09-25T06:31:37Z
2024-12-11,minas_san_francisco,670027091,high_res,10,90.365,s3://geoglows-v2-forecasts/2024121100.zarr,eea938b90135c0cab1ac2d0398db573e-2,2026-09-25T06:31:37Z
2024-12-11,minas_san_francisco,670027091,high_res,2,29.959,s3://geoglows-v2-forecasts/2024121100.zarr,eea938b90135c0cab1ac2d0398db573e-2,2026-09-25T06:31:37Z
2024-12-11,minas_san_francisco,670027091,high_res,3,34.539,s3://geoglows-v2-forecasts/2024121100.zarr,eea938b90135c0cab1ac2d0398db573e-2,2026-09-25T06:31:37Z
2024-12-11,minas_san_francisco,670027091,high_res,4,62.108,s3://geoglows-v2-forecasts/2024121100.zarr,eea938b90135c0cab1ac2d0398db573e-2,2026-09-25T06:31:37Z
2024-12-11,minas_san_francisco,670027091,high_res,5,86.58,s3://geoglows-v2-forecasts/2024121100.zarr,eea938b90135c0cab1ac2d0398db573e-2,2026-09-25T06:31:37Z
2024-12-11,minas_san_francisco,670027091,high_res,6,79.752,s3://geoglows-v2-forecasts/2024121100.zarr,eea938b90135c0cab1ac2d0398db573e-2,2026-09-25T06:31:37Z
2024-12-11,minas_san_francisco,670027091,high_res,7,65.015,s3://geoglows-v2-forecasts/2024121100.zarr,eea938b90135c0cab1ac2d0398db573e-2,2026-09-25T06:31:37Z
2024-12-11,minas_san_francisco,670027091,high_res,8,46.885,s3://geoglows-v2-forecasts/2024121100.zarr,eea938b90135c0cab1ac2d0398db573e-2,2026-09-25T06:31:37Z
2024-12-11,minas_san_francisco,670027091,high_res,9,47.563,s3://geoglows-v2-forecasts/2024121100.zarr,eea938b90135c0cab1ac2d0398db573e-2,2026-09-25T06:31:37Z
2024-12-12,agoyan,621014469,high_res,1,131.312,s3://geoglows-v2-forecasts/2024121200.zarr,10c2ba9b90e88054e96c4a9f60cf73ff-2,2026-09-25T06:31:37Z
2024-12-12,agoyan,621014469,high_res,10,117.113,s3://geoglows-v2-forecasts/2024121200.zarr,10c2ba9b90e88054e96c4a9f60cf73ff-2,2026-09-25T06:31:37Z
2024-12-12,agoyan,621014469,high_res,2,119.146,s3://geoglows-v2-forecasts/2024121200.zarr,10c2ba9b90e88054e96c4a9f60cf73ff-2,2026-09-25T06:31:37Z
2024-12-12,agoyan,621014469,high_res,3,109.623,s3://geoglows-v2-forecasts/2024121200.zarr,10c2ba9b90e88054e96c4a9f60cf73ff-2,2026-09-25T06:31:37Z
2024-12-12,agoyan,621014469,high_res,4,126.251,s3://geoglows-v2-forecasts/2024121200.zarr,10c2ba9b90e88054e96c4a9f60cf73ff-2,2026-09-25T06:31:37Z
2024-12-12,agoyan,621014469,high_res,5,149.791,s3://geoglows-v2-forecasts/2024121200.zarr,10c2ba9b90e88054e96c4a9f60cf73ff-2,2026-09-25T06:31:37Z
2024-12-12,agoyan,621014469,high_res,6,171.867,s3://geoglows-v2-forecasts/2024121200.zarr,10c2ba9b90e88054e96c4a9f60cf73ff-2,2026-09-25T06:31:37Z
2024-12-12,agoyan,621014469,high_res,7,157.777,s3://geoglows-v2-forecasts/2024121200.zarr,10c2ba9b90e88054e96c4a9f60cf73ff-2,2026-09-25T06:31:37Z
2024-12-12,agoyan,621014469,high_res,8,136.471,s3://geoglows-v2-forecasts/2024121200.zarr,10c2ba9b90e88054e96c4a9f60cf73ff-2,2026-09-25T06:31:37Z
2024-12-12,agoyan,621014469,high_res,9,117.818,s3://geoglows-v2-forecasts/2024121200.zarr,10c2ba9b90e88054e96c4a9f60cf73ff-2,2026-09-25T06:31:37Z
2024-12-12,manduriacu,670078161,high_res,1,314.96,s3://geoglows-v2-forecasts/2024121200.zarr,10c2ba9b90e88054e96c4a9f60cf73ff-2,2026-09-25T06:31:37Z
2024-12-12,manduriacu,670078161,high_res,10,594.76,s3://geoglows-v2-forecasts/2024121200.zarr,10c2ba9b90e88054e96c4a9f60cf73ff-2,2026-09-25T06:31:37Z
2024-12-12,manduriacu,670078161,high_res,2,385.426,s3://geoglows-v2-forecasts/2024121200.zarr,10c2ba9b90e88054e96c4a9f60cf73ff-2,2026-09-25T06:31:37Z
2024-12-12,manduriacu,670078161,high_res,3,554.415,s3://geoglows-v2-forecasts/2024121200.zarr,10c2ba9b90e88054e96c4a9f60cf73ff-2,2026-09-25T06:31:37Z
2024-12-12,manduriacu,670078161,high_res,4,640.055,s3://geoglows-v2-forecasts/2024121200.zarr,10c2ba9b90e88054e96c4a9f60cf73ff-2,2026-09-25T06:31:37Z
2024-12-12,manduriacu,670078161,high_res,5,669.726,s3://geoglows-v2-forecasts/2024121200.zarr,10c2ba9b90e88054e96c4a9f60cf73ff-2,2026-09-25T06:31:37Z
2024-12-12,manduriacu,670078161,high_res,6,599.377,s3://geoglows-v2-forecasts/2024121200.zarr,10c2ba9b90e88054e96c4a9f60cf73ff-2,2026-09-25T06:31:37Z
2024-12-12,manduriacu,670078161,high_res,7,539.09,s3://geoglows-v2-forecasts/2024121200.zarr,10c2ba9b90e88054e96c4a9f60cf73ff-2,2026-09-25T06:31:37Z
2024-12-12,manduriacu,670078161,high_res,8,444.028,s3://geoglows-v2-forecasts/2024121200.zarr,10c2ba9b90e88054e96c4a9f60cf73ff-2,2026-09-25T06:31:37Z
2024-12-12,manduriacu,670078161,high_res,9,512.485,s3://geoglows-v2-forecasts/2024121200.zarr,10c2ba9b90e88054e96c4a9f60cf73ff-2,2026-09-25T06:31:37Z
2024-12-12,minas_san_francisco,670027091,high_res,1,27.873,s3://geoglows-v2-forecasts/2024121200.zarr,10c2ba9b90e88054e96c4a9f60cf73ff-2,2026-09-25T06:31:37Z
2024-12-12,minas_san_francisco,670027091,high_res,10,94.402,s3://geoglows-v2-forecasts/2024121200.zarr,10c2ba9b90e88054e96c4a9f60cf73ff-2,2026-09-25T06:31:37Z
2024-12-12,minas_san_francisco,670027091,high_res,2,29.148,s3://geoglows-v2-forecasts/2024121200.zarr,10c2ba9b90e88054e96c4a9f60cf73ff-2,2026-09-25T06:31:37Z
2024-12-12,minas_san_francisco,670027091,high_res,3,61.432,s3://geoglows-v2-forecasts/2024121200.zarr,10c2ba9b90e88054e96c4a9f60cf73ff-2,2026-09-25T06:31:37Z
2024-12-12,minas_san_francisco,670027091,high_res,4,97.471,s3://geoglows-v2-forecasts/2024121200.zarr,10c2ba9b90e88054e96c4a9f60cf73ff-2,2026-09-25T06:31:37Z
2024-12-12,minas_san_francisco,670027091,high_res,5,101.03,s3://geoglows-v2-forecasts/2024121200.zarr,10c2ba9b90e88054e96c4a9f60cf73ff-2,2026-09-25T06:31:37Z
2024-12-12,minas_san_francisco,670027091,high_res,6,74.093,s3://geoglows-v2-forecasts/2024121200.zarr,10c2ba9b90e88054e96c4a9f60cf73ff-2,2026-09-25T06:31:37Z
2024-12-12,minas_san_francisco,670027091,high_res,7,41.571,s3://geoglows-v2-forecasts/2024121200.zarr,10c2ba9b90e88054e96c4a9f60cf73ff-2,2026-09-25T06:31:37Z
2024-12-12,minas_san_francisco,670027091,high_res,8,30.271,s3://geoglows-v2-forecasts/2024121200.zarr,10c2ba9b90e88054e96c4a9f60cf73ff-2,2026-09-25T06:31:37Z
2024-12-12,minas_san_francisco,670027091,high_res,9,47.73,s3://geoglows-v2-forecasts/2024121200.zarr,10c2ba9b90e88054e96c4a9f60cf73ff-2,2026-09-25T06:31:37Z
2024-12-13,agoyan,621014469,high_res,1,115.781,s3://geoglows-v2-forecasts/2024121300.zarr,99a13d4a9da4da9f85a1a7aee6741a58-2,2026-09-25T06:31:37Z
2024-12-13,agoyan,621014469,high_res,10,163.785,s3://geoglows-v2-forecasts/2024121300.zarr,99a13d4a9da4da9f85a1a7aee6741a58-2,2026-09-25T06:31:37Z
2024-12-13,agoyan,621014469,high_res,2,98.309,s3://geoglows-v2-forecasts/2024121300.zarr,99a13d4a9da4da9f85a1a7aee6741a58-2,2026-09-25T06:31:37Z
2024-12-13,agoyan,621014469,high_res,3,107.872,s3://geoglows-v2-forecasts/2024121300.zarr,99a13d4a9da4da9f85a1a7aee6741a58-2,2026-09-25T06:31:37Z
2024-12-13,agoyan,621014469,high_res,4,124.79,s3://geoglows-v2-forecasts/2024121300.zarr,99a13d4a9da4da9f85a1a7aee6741a58-2,2026-09-25T06:31:37Z
2024-12-13,agoyan,621014469,high_res,5,159.479,s3://geoglows-v2-forecasts/2024121300.zarr,99a13d4a9da4da9f85a1a7aee6741a58-2,2026-09-25T06:31:37Z
2024-12-13,agoyan,621014469,high_res,6,168.554,s3://geoglows-v2-forecasts/2024121300.zarr,99a13d4a9da4da9f85a1a7aee6741a58-2,2026-09-25T06:31:37Z
2024-12-13,agoyan,621014469,high_res,7,154.256,s3://geoglows-v2-forecasts/2024121300.zarr,99a13d4a9da4da9f85a1a7aee6741a58-2,2026-09-25T06:31:37Z
2024-12-13,agoyan,621014469,high_res,8,136.465,s3://geoglows-v2-forecasts/2024121300.zarr,99a13d4a9da4da9f85a1a7aee6741a58-2,2026-09-25T06:31:37Z
2024-12-13,agoyan,621014469,high_res,9,149.374,s3://geoglows-v2-forecasts/2024121300.zarr,99a13d4a9da4da9f85a1a7aee6741a58-2,2026-09-25T06:31:37Z
2024-12-13,manduriacu,670078161,high_res,1,306.787,s3://geoglows-v2-forecasts/2024121300.zarr,99a13d4a9da4da9f85a1a7aee6741a58-2,2026-09-25T06:31:37Z
2024-12-13,manduriacu,670078161,high_res,10,836.238,s3://geoglows-v2-forecasts/2024121300.zarr,99a13d4a9da4da9f85a1a7aee6741a58-2,2026-09-25T06:31:37Z
2024-12-13,manduriacu,670078161,high_res,2,347.52,s3://geoglows-v2-forecasts/2024121300.zarr,99a13d4a9da4da9f85a1a7aee6741a58-2,2026-09-25T06:31:37Z
2024-12-13,manduriacu,670078161,high_res,3,391.537,s3://geoglows-v2-forecasts/2024121300.zarr,99a13d4a9da4da9f85a1a7aee6741a58-2,2026-09-25T06:31:37Z
2024-12-13,manduriacu,670078161,high_res,4,448.418,s3://geoglows-v2-forecasts/2024121300.zarr,99a13d4a9da4da9f85a1a7aee6741a58-2,2026-09-25T06:31:37Z
2024-12-13,manduriacu,670078161,high_res,5,422.721,s3://geoglows-v2-forecasts/2024121300.zarr,99a13d4a9da4da9f85a1a7aee6741a58-2,2026-09-25T06:31:37Z
2024-12-13,manduriacu,670078161,high_res,6,437.074,s3://geoglows-v2-forecasts/2024121300.zarr,99a13d4a9da4da9f85a1a7aee6741a58-2,2026-09-25T06:31:37Z
2024-12-13,manduriacu,670078161,high_res,7,497.428,s3://geoglows-v2-forecasts/2024121300.zarr,99a13d4a9da4da9f85a1a7aee6741a58-2,2026-09-25T06:31:37Z
2024-12-13,manduriacu,670078161,high_res,8,552.272,s3://geoglows-v2-forecasts/2024121300.zarr,99a13d4a9da4da9f85a1a7aee6741a58-2,2026-09-25T06:31:37Z
2024-12-13,manduriacu,670078161,high_res,9,622.311,s3://geoglows-v2-forecasts/2024121300.zarr,99a13d4a9da4da9f85a1a7aee6741a58-2,2026-09-25T06:31:37Z
2024-12-13,minas_san_francisco,670027091,high_res,1,23.592,s3://geoglows-v2-forecasts/2024121300.zarr,99a13d4a9da4da9f85a1a7aee6741a58-2,2026-09-25T06:31:37Z
2024-12-13,minas_san_francisco,670027091,high_res,10,117.76,s3://geoglows-v2-forecasts/2024121300.zarr,99a13d4a9da4da9f85a1a7aee6741a58-2,2026-09-25T06:31:37Z
2024-12-13,minas_san_francisco,670027091,high_res,2,51.31,s3://geoglows-v2-forecasts/2024121300.zarr,99a13d4a9da4da9f85a1a7aee6741a58-2,2026-09-25T06:31:37Z
2024-12-13,minas_san_francisco,670027091,high_res,3,84.236,s3://geoglows-v2-forecasts/2024121300.zarr,99a13d4a9da4da9f85a1a7aee6741a58-2,2026-09-25T06:31:37Z
2024-12-13,minas_san_francisco,670027091,high_res,4,84.977,s3://geoglows-v2-forecasts/2024121300.zarr,99a13d4a9da4da9f85a1a7aee6741a58-2,2026-09-25T06:31:37Z
2024-12-13,minas_san_francisco,670027091,high_res,5,61.964,s3://geoglows-v2-forecasts/2024121300.zarr,99a13d4a9da4da9f85a1a7aee6741a58-2,2026-09-25T06:31:37Z
2024-12-13,minas_san_francisco,670027091,high_res,6,43.654,s3://geoglows-v2-forecasts/2024121300.zarr,99a13d4a9da4da9f85a1a7aee6741a58-2,2026-09-25T06:31:37Z
2024-12-13,minas_san_francisco,670027091,high_res,7,38.684,s3://geoglows-v2-forecasts/2024121300.zarr,99a13d4a9da4da9f85a1a7aee6741a58-2,2026-09-25T06:31:37Z
2024-12-13,minas_san_francisco,670027091,high_res,8,56.392,s3://geoglows-v2-forecasts/2024121300.zarr,99a13d4a9da4da9f85a1a7aee6741a58-2,2026-09-25T06:31:37Z
2024-12-13,minas_san_francisco,670027091,high_res,9,102.54,s3://geoglows-v2-forecasts/2024121300.zarr,99a13d4a9da4da9f85a1a7aee6741a58-2,2026-09-25T06:31:37Z
2024-12-14,agoyan,621014469,high_res,1,96.513,s3://geoglows-v2-forecasts/2024121400.zarr,8f30bcc4b8524b49dbad9967590def47-2,2026-09-25T06:31:41Z
2024-12-14,agoyan,621014469,high_res,10,182.123,s3://geoglows-v2-forecasts/2024121400.zarr,8f30bcc4b8524b49dbad9967590def47-2,2026-09-25T06:31:41Z
2024-12-14,agoyan,621014469,high_res,2,100.819,s3://geoglows-v2-forecasts/2024121400.zarr,8f30bcc4b8524b49dbad9967590def47-2,2026-09-25T06:31:41Z
2024-12-14,agoyan,621014469,high_res,3,104.667,s3://geoglows-v2-forecasts/2024121400.zarr,8f30bcc4b8524b49dbad9967590def47-2,2026-09-25T06:31:41Z
2024-12-14,agoyan,621014469,high_res,4,115.021,s3://geoglows-v2-forecasts/2024121400.zarr,8f30bcc4b8524b49dbad9967590def47-2,2026-09-25T06:31:41Z
2024-12-14,agoyan,621014469,high_res,5,112.63,s3://geoglows-v2-forecasts/2024121400.zarr,8f30bcc4b8524b49dbad9967590def47-2,2026-09-25T06:31:41Z
2024-12-14,agoyan,621014469,high_res,6,106.947,s3://geoglows-v2-forecasts/2024121400.zarr,8f30bcc4b8524b49dbad9967590def47-2,2026-09-25T06:31:41Z
2024-12-14,agoyan,621014469,high_res,7,122.025,s3://geoglows-v2-forecasts/2024121400.zarr,8f30bcc4b8524b49dbad9967590def47-2,2026-09-25T06:31:41Z
2024-12-14,agoyan,621014469,high_res,8,140.273,s3://geoglows-v2-forecasts/2024121400.zarr,8f30bcc4b8524b49dbad9967590def47-2,2026-09-25T06:31:41Z
2024-12-14,agoyan,621014469,high_res,9,160.544,s3://geoglows-v2-forecasts/2024121400.zarr,8f30bcc4b8524b49dbad9967590def47-2,2026-09-25T06:31:41Z
2024-12-14,manduriacu,670078161,high_res,1,321.347,s3://geoglows-v2-forecasts/2024121400.zarr,8f30bcc4b8524b49dbad9967590def47-2,2026-09-25T06:31:41Z
2024-12-14,manduriacu,670078161,high_res,10,770.289,s3://geoglows-v2-forecasts/2024121400.zarr,8f30bcc4b8524b49dbad9967590def47-2,2026-09-25T06:31:41Z
2024-12-14,manduriacu,670078161,high_res,2,313.419,s3://geoglows-v2-forecasts/2024121400.zarr,8f30bcc4b8524b49dbad9967590def47-2,2026-09-25T06:31:41Z
2024-12-14,manduriacu,670078161,high_res,3,350.473,s3://geoglows-v2-forecasts/2024121400.zarr,8f30bcc4b8524b49dbad9967590def47-2,2026-09-25T06:31:41Z
2024-12-14,manduriacu,670078161,high_res,4,392.7,s3://geoglows-v2-forecasts/2024121400.zarr,8f30bcc4b8524b49dbad9967590def47-2,2026-09-25T06:31:41Z
2024-12-14,manduriacu,670078161,high_res,5,361.553,s3://geoglows-v2-forecasts/2024121400.zarr,8f30bcc4b8524b49dbad9967590def47-2,2026-09-25T06:31:41Z
2024-12-14,manduriacu,670078161,high_res,6,344.62,s3://geoglows-v2-forecasts/2024121400.zarr,8f30bcc4b8524b49dbad9967590def47-2,2026-09-25T06:31:41Z
2024-12-14,manduriacu,670078161,high_res,7,362.16,s3://geoglows-v2-forecasts/2024121400.zarr,8f30bcc4b8524b49dbad9967590def47-2,2026-09-25T06:31:41Z
2024-12-14,manduriacu,670078161,high_res,8,417.353,s3://geoglows-v2-forecasts/2024121400.zarr,8f30bcc4b8524b49dbad9967590def47-2,2026-09-25T06:31:41Z
2024-12-14,manduriacu,670078161,high_res,9,547.877,s3://geoglows-v2-forecasts/2024121400.zarr,8f30bcc4b8524b49dbad9967590def47-2,2026-09-25T06:31:41Z
2024-12-14,minas_san_francisco,670027091,high_res,1,35.942,s3://geoglows-v2-forecasts/2024121400.zarr,8f30bcc4b8524b49dbad9967590def47-2,2026-09-25T06:31:41Z
2024-12-14,minas_san_francisco,670027091,high_res,10,106.073,s3://geoglows-v2-forecasts/2024121400.zarr,8f30bcc4b8524b49dbad9967590def47-2,2026-09-25T06:31:41Z
2024-12-14,minas_san_francisco,670027091,high_res,2,52.379,s3://geoglows-v2-forecasts/2024121400.zarr,8f30bcc4b8524b49dbad9967590def47-2,2026-09-25T06:31:41Z
2024-12-14,minas_san_francisco,670027091,high_res,3,47.644,s3://geoglows-v2-forecasts/2024121400.zarr,8f30bcc4b8524b49dbad9967590def47-2,2026-09-25T06:31:41Z
2024-12-14,minas_san_francisco,670027091,high_res,4,36.655,s3://geoglows-v2-forecasts/2024121400.zarr,8f30bcc4b8524b49dbad9967590def47-2,2026-09-25T06:31:41Z
2024-12-14,minas_san_francisco,670027091,high_res,5,28.286,s3://geoglows-v2-forecasts/2024121400.zarr,8f30bcc4b8524b49dbad9967590def47-2,2026-09-25T06:31:41Z
2024-12-14,minas_san_francisco,670027091,high_res,6,33.312,s3://geoglows-v2-forecasts/2024121400.zarr,8f30bcc4b8524b49dbad9967590def47-2,2026-09-25T06:31:41Z
2024-12-14,minas_san_francisco,670027091,high_res,7,61.469,s3://geoglows-v2-forecasts/2024121400.zarr,8f30bcc4b8524b49dbad9967590def47-2,2026-09-25T06:31:41Z
2024-12-14,minas_san_francisco,670027091,high_res,8,105.633,s3://geoglows-v2-forecasts/2024121400.zarr,8f30bcc4b8524b49dbad9967590def47-2,2026-09-25T06:31:41Z
2024-12-14,minas_san_francisco,670027091,high_res,9,118.372,s3://geoglows-v2-forecasts/2024121400.zarr,8f30bcc4b8524b49dbad9967590def47-2,2026-09-25T06:31:41Z
2024-12-15,agoyan,621014469,high_res,1,94.597,s3://geoglows-v2-forecasts/2024121500.zarr,38bb7e4c4c26d90048f4fdb1c8af34fa-2,2026-09-25T06:31:41Z
2024-12-15,agoyan,621014469,high_res,10,166.862,s3://geoglows-v2-forecasts/2024121500.zarr,38bb7e4c4c26d90048f4fdb1c8af34fa-2,2026-09-25T06:31:41Z
2024-12-15,agoyan,621014469,high_res,2,96.293,s3://geoglows-v2-forecasts/2024121500.zarr,38bb7e4c4c26d90048f4fdb1c8af34fa-2,2026-09-25T06:31:41Z
2024-12-15,agoyan,621014469,high_res,3,111.356,s3://geoglows-v2-forecasts/2024121500.zarr,38bb7e4c4c26d90048f4fdb1c8af34fa-2,2026-09-25T06:31:41Z
2024-12-15,agoyan,621014469,high_res,4,110.745,s3://geoglows-v2-forecasts/2024121500.zarr,38bb7e4c4c26d90048f4fdb1c8af34fa-2,2026-09-25T06:31:41Z
2024-12-15,agoyan,621014469,high_res,5,104.513,s3://geoglows-v2-forecasts/2024121500.zarr,38bb7e4c4c26d90048f4fdb1c8af34fa-2,2026-09-25T06:31:41Z
2024-12-15,agoyan,621014469,high_res,6,105.365,s3://geoglows-v2-forecasts/2024121500.zarr,38bb7e4c4c26d90048f4fdb1c8af34fa-2,2026-09-25T06:31:41Z
2024-12-15,agoyan,621014469,high_res,7,112.26,s3://geoglows-v2-forecasts/2024121500.zarr,38bb7e4c4c26d90048f4fdb1c8af34fa-2,2026-09-25T06:31:41Z
2024-12-15,agoyan,621014469,high_res,8,138.213,s3://geoglows-v2-forecasts/2024121500.zarr,38bb7e4c4c26d90048f4fdb1c8af34fa-2,2026-09-25T06:31:41Z
2024-12-15,agoyan,621014469,high_res,9,165.273,s3://geoglows-v2-forecasts/2024121500.zarr,38bb7e4c4c26d90048f4fdb1c8af34fa-2,2026-09-25T06:31:41Z
2024-12-15,manduriacu,670078161,high_res,1,309.724,s3://geoglows-v2-forecasts/2024121500.zarr,38bb7e4c4c26d90048f4fdb1c8af34fa-2,2026-09-25T06:31:41Z
2024-12-15,manduriacu,670078161,high_res,10,522.512,s3://geoglows-v2-forecasts/2024121500.zarr,38bb7e4c4c26d90048f4fdb1c8af34fa-2,2026-09-25T06:31:41Z
2024-12-15,manduriacu,670078161,high_res,2,375.767,s3://geoglows-v2-forecasts/2024121500.zarr,38bb7e4c4c26d90048f4fdb1c8af34fa-2,2026-09-25T06:31:41Z
2024-12-15,manduriacu,670078161,high_res,3,467.931,s3://geoglows-v2-forecasts/2024121500.zarr,38bb7e4c4c26d90048f4fdb1c8af34fa-2,2026-09-25T06:31:41Z
2024-12-15,manduriacu,670078161,high_res,4,449.707,s3://geoglows-v2-forecasts/2024121500.zarr,38bb7e4c4c26d90048f4fdb1c8af34fa-2,2026-09-25T06:31:41Z
2024-12-15,manduriacu,670078161,high_res,5,497.455,s3://geoglows-v2-forecasts/2024121500.zarr,38bb7e4c4c26d90048f4fdb1c8af34fa-2,2026-09-25T06:31:41Z
2024-12-15,manduriacu,670078161,high_res,6,534.491,s3://geoglows-v2-forecasts/2024121500.zarr,38bb7e4c4c26d90048f4fdb1c8af34fa-2,2026-09-25T06:31:41Z
2024-12-15,manduriacu,670078161,high_res,7,527.153,s3://geoglows-v2-forecasts/2024121500.zarr,38bb7e4c4c26d90048f4fdb1c8af34fa-2,2026-09-25T06:31:41Z
2024-12-15,manduriacu,670078161,high_res,8,504.207,s3://geoglows-v2-forecasts/2024121500.zarr,38bb7e4c4c26d90048f4fdb1c8af34fa-2,2026-09-25T06:31:41Z
2024-12-15,manduriacu,670078161,high_res,9,549.241,s3://geoglows-v2-forecasts/2024121500.zarr,38bb7e4c4c26d90048f4fdb1c8af34fa-2,2026-09-25T06:31:41Z
2024-12-15,minas_san_francisco,670027091,high_res,1,50.027,s3://geoglows-v2-forecasts/2024121500.zarr,38bb7e4c4c26d90048f4fdb1c8af34fa-2,2026-09-25T06:31:41Z
2024-12-15,minas_san_francisco,670027091,high_res,10,131.922,s3://geoglows-v2-forecasts/2024121500.zarr,38bb7e4c4c26d90048f4fdb1c8af34fa-2,2026-09-25T06:31:41Z
2024-12-15,minas_san_francisco,670027091,high_res,2,41.282,s3://geoglows-v2-forecasts/2024121500.zarr,38bb7e4c4c26d90048f4fdb1c8af34fa-2,2026-09-25T06:31:41Z
2024-12-15,minas_san_francisco,670027091,high_res,3,29.987,s3://geoglows-v2-forecasts/2024121500.zarr,38bb7e4c4c26d90048f4fdb1c8af34fa-2,2026-09-25T06:31:41Z
2024-12-15,minas_san_francisco,670027091,high_res,4,24.636,s3://geoglows-v2-forecasts/2024121500.zarr,38bb7e4c4c26d90048f4fdb1c8af34fa-2,2026-09-25T06:31:41Z
2024-12-15,minas_san_francisco,670027091,high_res,5,30.759,s3://geoglows-v2-forecasts/2024121500.zarr,38bb7e4c4c26d90048f4fdb1c8af34fa-2,2026-09-25T06:31:41Z
2024-12-15,minas_san_francisco,670027091,high_res,6,51.883,s3://geoglows-v2-forecasts/2024121500.zarr,38bb7e4c4c26d90048f4fdb1c8af34fa-2,2026-09-25T06:31:41Z
2024-12-15,minas_san_francisco,670027091,high_res,7,89.084,s3://geoglows-v2-forecasts/2024121500.zarr,38bb7e4c4c26d90048f4fdb1c8af34fa-2,2026-09-25T06:31:41Z
2024-12-15,minas_san_francisco,670027091,high_res,8,100.677,s3://geoglows-v2-forecasts/2024121500.zarr,38bb7e4c4c26d90048f4fdb1c8af34fa-2,2026-09-25T06:31:41Z
2024-12-15,minas_san_francisco,670027091,high_res,9,102.253,s3://geoglows-v2-forecasts/2024121500.zarr,38bb7e4c4c26d90048f4fdb1c8af34fa-2,2026-09-25T06:31:41Z
2024-12-16,agoyan,621014469,high_res,1,97.345,s3://geoglows-v2-forecasts/2024121600.zarr,2d52625c1d9c9dc5eaf34bca258dd325-2,2026-09-25T06:31:42Z
2024-12-16,agoyan,621014469,high_res,10,163.272,s3://geoglows-v2-forecasts/2024121600.zarr,2d52625c1d9c9dc5eaf34bca258dd325-2,2026-09-25T06:31:42Z
2024-12-16,agoyan,621014469,high_res,2,109.842,s3://geoglows-v2-forecasts/2024121600.zarr,2d52625c1d9c9dc5eaf34bca258dd325-2,2026-09-25T06:31:42Z
2024-12-16,agoyan,621014469,high_res,3,109.058,s3://geoglows-v2-forecasts/2024121600.zarr,2d52625c1d9c9dc5eaf34bca258dd325-2,2026-09-25T06:31:42Z
2024-12-16,agoyan,621014469,high_res,4,103.214,s3://geoglows-v2-forecasts/2024121600.zarr,2d52625c1d9c9dc5eaf34bca258dd325-2,2026-09-25T06:31:42Z
2024-12-16,agoyan,621014469,high_res,5,111.596,s3://geoglows-v2-forecasts/2024121600.zarr,2d52625c1d9c9dc5eaf34bca258dd325-2,2026-09-25T06:31:42Z
2024-12-16,agoyan,621014469,high_res,6,130.768,s3://geoglows-v2-forecasts/2024121600.zarr,2d52625c1d9c9dc5eaf34bca258dd325-2,2026-09-25T06:31:42Z
2024-12-16,agoyan,621014469,high_res,7,133.572,s3://geoglows-v2-forecasts/2024121600.zarr,2d52625c1d9c9dc5eaf34bca258dd325-2,2026-09-25T06:31:42Z
2024-12-16,agoyan,621014469,high_res,8,144.495,s3://geoglows-v2-forecasts/2024121600.zarr,2d52625c1d9c9dc5eaf34bca258dd325-2,2026-09-25T06:31:42Z
2024-12-16,agoyan,621014469,high_res,9,149.741,s3://geoglows-v2-forecasts/2024121600.zarr,2d52625c1d9c9dc5eaf34bca258dd325-2,2026-09-25T06:31:42Z
2024-12-16,manduriacu,670078161,high_res,1,420.531,s3://geoglows-v2-forecasts/2024121600.zarr,2d52625c1d9c9dc5eaf34bca258dd325-2,2026-09-25T06:31:42Z
2024-12-16,manduriacu,670078161,high_res,10,531.167,s3://geoglows-v2-forecasts/2024121600.zarr,2d52625c1d9c9dc5eaf34bca258dd325-2,2026-09-25T06:31:42Z
2024-12-16,manduriacu,670078161,high_res,2,507.504,s3://geoglows-v2-forecasts/2024121600.zarr,2d52625c1d9c9dc5eaf34bca258dd325-2,2026-09-25T06:31:42Z
2024-12-16,manduriacu,670078161,high_res,3,442.535,s3://geoglows-v2-forecasts/2024121600.zarr,2d52625c1d9c9dc5eaf34bca258dd325-2,2026-09-25T06:31:42Z
2024-12-16,manduriacu,670078161,high_res,4,464.945,s3://geoglows-v2-forecasts/2024121600.zarr,2d52625c1d9c9dc5eaf34bca258dd325-2,2026-09-25T06:31:42Z
2024-12-16,manduriacu,670078161,high_res,5,402.487,s3://geoglows-v2-forecasts/2024121600.zarr,2d52625c1d9c9dc5eaf34bca258dd325-2,2026-09-25T06:31:42Z
2024-12-16,manduriacu,670078161,high_res,6,394.08,s3://geoglows-v2-forecasts/2024121600.zarr,2d52625c1d9c9dc5eaf34bca258dd325-2,2026-09-25T06:31:42Z
2024-12-16,manduriacu,670078161,high_res,7,432.509,s3://geoglows-v2-forecasts/2024121600.zarr,2d52625c1d9c9dc5eaf34bca258dd325-2,2026-09-25T06:31:42Z
2024-12-16,manduriacu,670078161,high_res,8,464.735,s3://geoglows-v2-forecasts/2024121600.zarr,2d52625c1d9c9dc5eaf34bca258dd325-2,2026-09-25T06:31:42Z
2024-12-16,manduriacu,670078161,high_res,9,501.599,s3://geoglows-v2-forecasts/2024121600.zarr,2d52625c1d9c9dc5eaf34bca258dd325-2,2026-09-25T06:31:42Z
2024-12-16,minas_san_francisco,670027091,high_res,1,41.302,s3://geoglows-v2-forecasts/2024121600.zarr,2d52625c1d9c9dc5eaf34bca258dd325-2,2026-09-25T06:31:42Z
2024-12-16,minas_san_francisco,670027091,high_res,10,145.313,s3://geoglows-v2-forecasts/2024121600.zarr,2d52625c1d9c9dc5eaf34bca258dd325-2,2026-09-25T06:31:42Z
2024-12-16,minas_san_francisco,670027091,high_res,2,31.126,s3://geoglows-v2-forecasts/2024121600.zarr,2d52625c1d9c9dc5eaf34bca258dd325-2,2026-09-25T06:31:42Z
2024-12-16,minas_san_francisco,670027091,high_res,3,23.766,s3://geoglows-v2-forecasts/2024121600.zarr,2d52625c1d9c9dc5eaf34bca258dd325-2,2026-09-25T06:31:42Z
2024-12-16,minas_san_francisco,670027091,high_res,4,30.395,s3://geoglows-v2-forecasts/2024121600.zarr,2d52625c1d9c9dc5eaf34bca258dd325-2,2026-09-25T06:31:42Z
2024-12-16,minas_san_francisco,670027091,high_res,5,58.143,s3://geoglows-v2-forecasts/2024121600.zarr,2d52625c1d9c9dc5eaf34bca258dd325-2,2026-09-25T06:31:42Z
2024-12-16,minas_san_francisco,670027091,high_res,6,105.444,s3://geoglows-v2-forecasts/2024121600.zarr,2d52625c1d9c9dc5eaf34bca258dd325-2,2026-09-25T06:31:42Z
2024-12-16,minas_san_francisco,670027091,high_res,7,144.814,s3://geoglows-v2-forecasts/2024121600.zarr,2d52625c1d9c9dc5eaf34bca258dd325-2,2026-09-25T06:31:42Z
2024-12-16,minas_san_francisco,670027091,high_res,8,149.059,s3://geoglows-v2-forecasts/2024121600.zarr,2d52625c1d9c9dc5eaf34bca258dd325-2,2026-09-25T06:31:42Z
2024-12-16,minas_san_francisco,670027091,high_res,9,144.639,s3://geoglows-v2-forecasts/2024121600.zarr,2d52625c1d9c9dc5eaf34bca258dd325-2,2026-09-25T06:31:42Z
2024-12-17,agoyan,621014469,high_res,1,108.704,s3://geoglows-v2-forecasts/2024121700.zarr,5ad81e1d5bbe6cb99babb78288b781c1-2,2026-09-25T06:31:42Z
2024-12-17,agoyan,621014469,high_res,10,199.909,s3://geoglows-v2-forecasts/2024121700.zarr,5ad81e1d5bbe6cb99babb78288b781c1-2,2026-09-25T06:31:42Z
2024-12-17,agoyan,621014469,high_res,2,108.063,s3://geoglows-v2-forecasts/2024121700.zarr,5ad81e1d5bbe6cb99babb78288b781c1-2,2026-09-25T06:31:42Z
2024-12-17,agoyan,621014469,high_res,3,106.596,s3://geoglows-v2-forecasts/2024121700.zarr,5ad81e1d5bbe6cb99babb78288b781c1-2,2026-09-25T06:31:42Z
2024-12-17,agoyan,621014469,high_res,4,104.743,s3://geoglows-v2-forecasts/2024121700.zarr,5ad81e1d5bbe6cb99babb78288b781c1-2,2026-09-25T06:31:42Z
2024-12-17,agoyan,621014469,high_res,5,107.642,s3://geoglows-v2-forecasts/2024121700.zarr,5ad81e1d5bbe6cb99babb78288b781c1-2,2026-09-25T06:31:42Z
2024-12-17,agoyan,621014469,high_res,6,124.715,s3://geoglows-v2-forecasts/2024121700.zarr,5ad81e1d5bbe6cb99babb78288b781c1-2,2026-09-25T06:31:42Z
2024-12-17,agoyan,621014469,high_res,7,153.736,s3://geoglows-v2-forecasts/2024121700.zarr,5ad81e1d5bbe6cb99babb78288b781c1-2,2026-09-25T06:31:42Z
2024-12-17,agoyan,621014469,high_res,8,162.632,s3://geoglows-v2-forecasts/2024121700.zarr,5ad81e1d5bbe6cb99babb78288b781c1-2,2026-09-25T06:31:42Z
2024-12-17,agoyan,621014469,high_res,9,173.145,s3://geoglows-v2-forecasts/2024121700.zarr,5ad81e1d5bbe6cb99babb78288b781c1-2,2026-09-25T06:31:42Z
2024-12-17,manduriacu,670078161,high_res,1,458.74,s3://geoglows-v2-forecasts/2024121700.zarr,5ad81e1d5bbe6cb99babb78288b781c1-2,2026-09-25T06:31:42Z
2024-12-17,manduriacu,670078161,high_res,10,697.728,s3://geoglows-v2-forecasts/2024121700.zarr,5ad81e1d5bbe6cb99babb78288b781c1-2,2026-09-25T06:31:42Z
2024-12-17,manduriacu,670078161,high_res,2,416.186,s3://geoglows-v2-forecasts/2024121700.zarr,5ad81e1d5bbe6cb99babb78288b781c1-2,2026-09-25T06:31:42Z
2024-12-17,manduriacu,670078161,high_res,3,411.198,s3://geoglows-v2-forecasts/2024121700.zarr,5ad81e1d5bbe6cb99babb78288b781c1-2,2026-09-25T06:31:42Z
2024-12-17,manduriacu,670078161,high_res,4,394.903,s3://geoglows-v2-forecasts/2024121700.zarr,5ad81e1d5bbe6cb99babb78288b781c1-2,2026-09-25T06:31:42Z
2024-12-17,manduriacu,670078161,high_res,5,371.401,s3://geoglows-v2-forecasts/2024121700.zarr,5ad81e1d5bbe6cb99babb78288b781c1-2,2026-09-25T06:31:42Z
2024-12-17,manduriacu,670078161,high_res,6,396.118,s3://geoglows-v2-forecasts/2024121700.zarr,5ad81e1d5bbe6cb99babb78288b781c1-2,2026-09-25T06:31:42Z
2024-12-17,manduriacu,670078161,high_res,7,509.537,s3://geoglows-v2-forecasts/2024121700.zarr,5ad81e1d5bbe6cb99babb78288b781c1-2,2026-09-25T06:31:42Z
2024-12-17,manduriacu,670078161,high_res,8,615.068,s3://geoglows-v2-forecasts/2024121700.zarr,5ad81e1d5bbe6cb99babb78288b781c1-2,2026-09-25T06:31:42Z
2024-12-17,manduriacu,670078161,high_res,9,673.409,s3://geoglows-v2-forecasts/2024121700.zarr,5ad81e1d5bbe6cb99babb78288b781c1-2,2026-09-25T06:31:42Z
2024-12-17,minas_san_francisco,670027091,high_res,1,29.888,s3://geoglows-v2-forecasts/2024121700.zarr,5ad81e1d5bbe6cb99babb78288b781c1-2,2026-09-25T06:31:42Z
2024-12-17,minas_san_francisco,670027091,high_res,10,130.571,s3://geoglows-v2-forecasts/2024121700.zarr,5ad81e1d5bbe6cb99babb78288b781c1-2,2026-09-25T06:31:42Z
2024-12-17,minas_san_francisco,670027091,high_res,2,21.564,s3://geoglows-v2-forecasts/2024121700.zarr,5ad81e1d5bbe6cb99babb78288b781c1-2,2026-09-25T06:31:42Z
2024-12-17,minas_san_francisco,670027091,high_res,3,25.75,s3://geoglows-v2-forecasts/2024121700.zarr,5ad81e1d5bbe6cb99babb78288b781c1-2,2026-09-25T06:31:42Z
2024-12-17,minas_san_francisco,670027091,high_res,4,57.639,s3://geoglows-v2-forecasts/2024121700.zarr,5ad81e1d5bbe6cb99babb78288b781c1-2,2026-09-25T06:31:42Z
2024-12-17,minas_san_francisco,670027091,high_res,5,105.999,s3://geoglows-v2-forecasts/2024121700.zarr,5ad81e1d5bbe6cb99babb78288b781c1-2,2026-09-25T06:31:42Z
2024-12-17,minas_san_francisco,670027091,high_res,6,128.053,s3://geoglows-v2-forecasts/2024121700.zarr,5ad81e1d5bbe6cb99babb78288b781c1-2,2026-09-25T06:31:42Z
2024-12-17,minas_san_francisco,670027091,high_res,7,146.117,s3://geoglows-v2-forecasts/2024121700.zarr,5ad81e1d5bbe6cb99babb78288b781c1-2,2026-09-25T06:31:42Z
2024-12-17,minas_san_francisco,670027091,high_res,8,160.326,s3://geoglows-v2-forecasts/2024121700.zarr,5ad81e1d5bbe6cb99babb78288b781c1-2,2026-09-25T06:31:42Z
2024-12-17,minas_san_francisco,670027091,high_res,9,155.795,s3://geoglows-v2-forecasts/2024121700.zarr,5ad81e1d5bbe6cb99babb78288b781c1-2,2026-09-25T06:31:42Z
2024-12-18,agoyan,621014469,high_res,1,107.052,s3://geoglows-v2-forecasts/2024121800.zarr,a59df875b8dc018314e11d0398585fe6-2,2026-09-25T06:31:42Z
2024-12-18,agoyan,621014469,high_res,10,194.828,s3://geoglows-v2-forecasts/2024121800.zarr,a59df875b8dc018314e11d0398585fe6-2,2026-09-25T06:31:42Z
2024-12-18,agoyan,621014469,high_res,2,102.157,s3://geoglows-v2-forecasts/2024121800.zarr,a59df875b8dc018314e11d0398585fe6-2,2026-09-25T06:31:42Z
2024-12-18,agoyan,621014469,high_res,3,102.024,s3://geoglows-v2-forecasts/2024121800.zarr,a59df875b8dc018314e11d0398585fe6-2,2026-09-25T06:31:42Z
2024-12-18,agoyan,621014469,high_res,4,111.576,s3://geoglows-v2-forecasts/2024121800.zarr,a59df875b8dc018314e11d0398585fe6-2,2026-09-25T06:31:42Z
2024-12-18,agoyan,621014469,high_res,5,130.309,s3://geoglows-v2-forecasts/2024121800.zarr,a59df875b8dc018314e11d0398585fe6-2,2026-09-25T06:31:42Z
2024-12-18,agoyan,621014469,high_res,6,164.571,s3://geoglows-v2-forecasts/2024121800.zarr,a59df875b8dc018314e11d0398585fe6-2,2026-09-25T06:31:42Z
2024-12-18,agoyan,621014469,high_res,7,176.72,s3://geoglows-v2-forecasts/2024121800.zarr,a59df875b8dc018314e11d0398585fe6-2,2026-09-25T06:31:42Z
2024-12-18,agoyan,621014469,high_res,8,165.925,s3://geoglows-v2-forecasts/2024121800.zarr,a59df875b8dc018314e11d0398585fe6-2,2026-09-25T06:31:42Z
2024-12-18,agoyan,621014469,high_res,9,170.933,s3://geoglows-v2-forecasts/2024121800.zarr,a59df875b8dc018314e11d0398585fe6-2,2026-09-25T06:31:42Z
2024-12-18,manduriacu,670078161,high_res,1,416.79,s3://geoglows-v2-forecasts/2024121800.zarr,a59df875b8dc018314e11d0398585fe6-2,2026-09-25T06:31:42Z
2024-12-18,manduriacu,670078161,high_res,10,576.558,s3://geoglows-v2-forecasts/2024121800.zarr,a59df875b8dc018314e11d0398585fe6-2,2026-09-25T06:31:42Z
2024-12-18,manduriacu,670078161,high_res,2,358.243,s3://geoglows-v2-forecasts/2024121800.zarr,a59df875b8dc018314e11d0398585fe6-2,2026-09-25T06:31:42Z
2024-12-18,manduriacu,670078161,high_res,3,338.839,s3://geoglows-v2-forecasts/2024121800.zarr,a59df875b8dc018314e11d0398585fe6-2,2026-09-25T06:31:42Z
2024-12-18,manduriacu,670078161,high_res,4,327.753,s3://geoglows-v2-forecasts/2024121800.zarr,a59df875b8dc018314e11d0398585fe6-2,2026-09-25T06:31:42Z
2024-12-18,manduriacu,670078161,high_res,5,358.393,s3://geoglows-v2-forecasts/2024121800.zarr,a59df875b8dc018314e11d0398585fe6-2,2026-09-25T06:31:42Z
2024-12-18,manduriacu,670078161,high_res,6,455.037,s3://geoglows-v2-forecasts/2024121800.zarr,a59df875b8dc018314e11d0398585fe6-2,2026-09-25T06:31:42Z
2024-12-18,manduriacu,670078161,high_res,7,536.41,s3://geoglows-v2-forecasts/2024121800.zarr,a59df875b8dc018314e11d0398585fe6-2,2026-09-25T06:31:42Z
2024-12-18,manduriacu,670078161,high_res,8,537.72,s3://geoglows-v2-forecasts/2024121800.zarr,a59df875b8dc018314e11d0398585fe6-2,2026-09-25T06:31:42Z
2024-12-18,manduriacu,670078161,high_res,9,589.204,s3://geoglows-v2-forecasts/2024121800.zarr,a59df875b8dc018314e11d0398585fe6-2,2026-09-25T06:31:42Z
2024-12-18,minas_san_francisco,670027091,high_res,1,21.406,s3://geoglows-v2-forecasts/2024121800.zarr,a59df875b8dc018314e11d0398585fe6-2,2026-09-25T06:31:42Z
2024-12-18,minas_san_francisco,670027091,high_res,10,140.821,s3://geoglows-v2-forecasts/2024121800.zarr,a59df875b8dc018314e11d0398585fe6-2,2026-09-25T06:31:42Z
2024-12-18,minas_san_francisco,670027091,high_res,2,21.322,s3://geoglows-v2-forecasts/2024121800.zarr,a59df875b8dc018314e11d0398585fe6-2,2026-09-25T06:31:42Z
2024-12-18,minas_san_francisco,670027091,high_res,3,43.712,s3://geoglows-v2-forecasts/2024121800.zarr,a59df875b8dc018314e11d0398585fe6-2,2026-09-25T06:31:42Z
2024-12-18,minas_san_francisco,670027091,high_res,4,94.894,s3://geoglows-v2-forecasts/2024121800.zarr,a59df875b8dc018314e11d0398585fe6-2,2026-09-25T06:31:42Z
2024-12-18,minas_san_francisco,670027091,high_res,5,129.103,s3://geoglows-v2-forecasts/2024121800.zarr,a59df875b8dc018314e11d0398585fe6-2,2026-09-25T06:31:42Z
2024-12-18,minas_san_francisco,670027091,high_res,6,145.378,s3://geoglows-v2-forecasts/2024121800.zarr,a59df875b8dc018314e11d0398585fe6-2,2026-09-25T06:31:42Z
2024-12-18,minas_san_francisco,670027091,high_res,7,160.715,s3://geoglows-v2-forecasts/2024121800.zarr,a59df875b8dc018314e11d0398585fe6-2,2026-09-25T06:31:42Z
2024-12-18,minas_san_francisco,670027091,high_res,8,167.542,s3://geoglows-v2-forecasts/2024121800.zarr,a59df875b8dc018314e11d0398585fe6-2,2026-09-25T06:31:42Z
2024-12-18,minas_san_francisco,670027091,high_res,9,171.137,s3://geoglows-v2-forecasts/2024121800.zarr,a59df875b8dc018314e11d0398585fe6-2,2026-09-25T06:31:42Z
2024-12-19,agoyan,621014469,high_res,1,98.595,s3://geoglows-v2-forecasts/2024121900.zarr,9ff0b160ce6554a79d05cdb15bf7cc85-2,2026-09-25T06:31:41Z
2024-12-19,agoyan,621014469,high_res,10,253.571,s3://geoglows-v2-forecasts/2024121900.zarr,9ff0b160ce6554a79d05cdb15bf7cc85-2,2026-09-25T06:31:41Z
2024-12-19,agoyan,621014469,high_res,2,96.399,s3://geoglows-v2-forecasts/2024121900.zarr,9ff0b160ce6554a79d05cdb15bf7cc85-2,2026-09-25T06:31:41Z
2024-12-19,agoyan,621014469,high_res,3,102.73,s3://geoglows-v2-forecasts/2024121900.zarr,9ff0b160ce6554a79d05cdb15bf7cc85-2,2026-09-25T06:31:41Z
2024-12-19,agoyan,621014469,high_res,4,118.944,s3://geoglows-v2-forecasts/2024121900.zarr,9ff0b160ce6554a79d05cdb15bf7cc85-2,2026-09-25T06:31:41Z
2024-12-19,agoyan,621014469,high_res,5,155.145,s3://geoglows-v2-forecasts/2024121900.zarr,9ff0b160ce6554a79d05cdb15bf7cc85-2,2026-09-25T06:31:41Z
2024-12-19,agoyan,621014469,high_res,6,168.918,s3://geoglows-v2-forecasts/2024121900.zarr,9ff0b160ce6554a79d05cdb15bf7cc85-2,2026-09-25T06:31:41Z
2024-12-19,agoyan,621014469,high_res,7,167.572,s3://geoglows-v2-forecasts/2024121900.zarr,9ff0b160ce6554a79d05cdb15bf7cc85-2,2026-09-25T06:31:41Z
2024-12-19,agoyan,621014469,high_res,8,176.927,s3://geoglows-v2-forecasts/2024121900.zarr,9ff0b160ce6554a79d05cdb15bf7cc85-2,2026-09-25T06:31:41Z
2024-12-19,agoyan,621014469,high_res,9,216.562,s3://geoglows-v2-forecasts/2024121900.zarr,9ff0b160ce6554a79d05cdb15bf7cc85-2,2026-09-25T06:31:41Z
2024-12-19,manduriacu,670078161,high_res,1,339.628,s3://geoglows-v2-forecasts/2024121900.zarr,9ff0b160ce6554a79d05cdb15bf7cc85-2,2026-09-25T06:31:41Z
2024-12-19,manduriacu,670078161,high_res,10,659.216,s3://geoglows-v2-forecasts/2024121900.zarr,9ff0b160ce6554a79d05cdb15bf7cc85-2,2026-09-25T06:31:41Z
2024-12-19,manduriacu,670078161,high_res,2,331.123,s3://geoglows-v2-forecasts/2024121900.zarr,9ff0b160ce6554a79d05cdb15bf7cc85-2,2026-09-25T06:31:41Z
2024-12-19,manduriacu,670078161,high_res,3,362.409,s3://geoglows-v2-forecasts/2024121900.zarr,9ff0b160ce6554a79d05cdb15bf7cc85-2,2026-09-25T06:31:41Z
2024-12-19,manduriacu,670078161,high_res,4,399.295,s3://geoglows-v2-forecasts/2024121900.zarr,9ff0b160ce6554a79d05cdb15bf7cc85-2,2026-09-25T06:31:41Z
2024-12-19,manduriacu,670078161,high_res,5,414.825,s3://geoglows-v2-forecasts/2024121900.zarr,9ff0b160ce6554a79d05cdb15bf7cc85-2,2026-09-25T06:31:41Z
2024-12-19,manduriacu,670078161,high_res,6,486.365,s3://geoglows-v2-forecasts/2024121900.zarr,9ff0b160ce6554a79d05cdb15bf7cc85-2,2026-09-25T06:31:41Z
2024-12-19,manduriacu,670078161,high_res,7,501.934,s3://geoglows-v2-forecasts/2024121900.zarr,9ff0b160ce6554a79d05cdb15bf7cc85-2,2026-09-25T06:31:41Z
2024-12-19,manduriacu,670078161,high_res,8,578.739,s3://geoglows-v2-forecasts/2024121900.zarr,9ff0b160ce6554a79d05cdb15bf7cc85-2,2026-09-25T06:31:41Z
2024-12-19,manduriacu,670078161,high_res,9,638.203,s3://geoglows-v2-forecasts/2024121900.zarr,9ff0b160ce6554a79d05cdb15bf7cc85-2,2026-09-25T06:31:41Z
2024-12-19,minas_san_francisco,670027091,high_res,1,19.709,s3://geoglows-v2-forecasts/2024121900.zarr,9ff0b160ce6554a79d05cdb15bf7cc85-2,2026-09-25T06:31:41Z
2024-12-19,minas_san_francisco,670027091,high_res,10,150.293,s3://geoglows-v2-forecasts/2024121900.zarr,9ff0b160ce6554a79d05cdb15bf7cc85-2,2026-09-25T06:31:41Z
2024-12-19,minas_san_francisco,670027091,high_res,2,39.794,s3://geoglows-v2-forecasts/2024121900.zarr,9ff0b160ce6554a79d05cdb15bf7cc85-2,2026-09-25T06:31:41Z
2024-12-19,minas_san_francisco,670027091,high_res,3,91.592,s3://geoglows-v2-forecasts/2024121900.zarr,9ff0b160ce6554a79d05cdb15bf7cc85-2,2026-09-25T06:31:41Z
2024-12-19,minas_san_francisco,670027091,high_res,4,132.683,s3://geoglows-v2-forecasts/2024121900.zarr,9ff0b160ce6554a79d05cdb15bf7cc85-2,2026-09-25T06:31:41Z
2024-12-19,minas_san_francisco,670027091,high_res,5,140.712,s3://geoglows-v2-forecasts/2024121900.zarr,9ff0b160ce6554a79d05cdb15bf7cc85-2,2026-09-25T06:31:41Z
2024-12-19,minas_san_francisco,670027091,high_res,6,148.716,s3://geoglows-v2-forecasts/2024121900.zarr,9ff0b160ce6554a79d05cdb15bf7cc85-2,2026-09-25T06:31:41Z
2024-12-19,minas_san_francisco,670027091,high_res,7,166.829,s3://geoglows-v2-forecasts/2024121900.zarr,9ff0b160ce6554a79d05cdb15bf7cc85-2,2026-09-25T06:31:41Z
2024-12-19,minas_san_francisco,670027091,high_res,8,176.917,s3://geoglows-v2-forecasts/2024121900.zarr,9ff0b160ce6554a79d05cdb15bf7cc85-2,2026-09-25T06:31:41Z
2024-12-19,minas_san_francisco,670027091,high_res,9,172.712,s3://geoglows-v2-forecasts/2024121900.zarr,9ff0b160ce6554a79d05cdb15bf7cc85-2,2026-09-25T06:31:41Z
2024-12-20,agoyan,621014469,high_res,1,94.113,s3://geoglows-v2-forecasts/2024122000.zarr,448d8c50cef5493417a2ed86b9be959a-2,2026-09-25T06:31:41Z
2024-12-20,agoyan,621014469,high_res,10,256.473,s3://geoglows-v2-forecasts/2024122000.zarr,448d8c50cef5493417a2ed86b9be959a-2,2026-09-25T06:31:41Z
2024-12-20,agoyan,621014469,high_res,2,95.256,s3://geoglows-v2-forecasts/2024122000.zarr,448d8c50cef5493417a2ed86b9be959a-2,2026-09-25T06:31:41Z
2024-12-20,agoyan,621014469,high_res,3,104.871,s3://geoglows-v2-forecasts/2024122000.zarr,448d8c50cef5493417a2ed86b9be959a-2,2026-09-25T06:31:41Z
2024-12-20,agoyan,621014469,high_res,4,117.378,s3://geoglows-v2-forecasts/2024122000.zarr,448d8c50cef5493417a2ed86b9be959a-2,2026-09-25T06:31:41Z
2024-12-20,agoyan,621014469,high_res,5,131.586,s3://geoglows-v2-forecasts/2024122000.zarr,448d8c50cef5493417a2ed86b9be959a-2,2026-09-25T06:31:41Z
2024-12-20,agoyan,621014469,high_res,6,137.893,s3://geoglows-v2-forecasts/2024122000.zarr,448d8c50cef5493417a2ed86b9be959a-2,2026-09-25T06:31:41Z
2024-12-20,agoyan,621014469,high_res,7,153.858,s3://geoglows-v2-forecasts/2024122000.zarr,448d8c50cef5493417a2ed86b9be959a-2,2026-09-25T06:31:41Z
2024-12-20,agoyan,621014469,high_res,8,178.849,s3://geoglows-v2-forecasts/2024122000.zarr,448d8c50cef5493417a2ed86b9be959a-2,2026-09-25T06:31:41Z
2024-12-20,agoyan,621014469,high_res,9,213.792,s3://geoglows-v2-forecasts/2024122000.zarr,448d8c50cef5493417a2ed86b9be959a-2,2026-09-25T06:31:41Z
2024-12-20,manduriacu,670078161,high_res,1,279.455,s3://geoglows-v2-forecasts/2024122000.zarr,448d8c50cef5493417a2ed86b9be959a-2,2026-09-25T06:31:41Z
2024-12-20,manduriacu,670078161,high_res,10,762.73,s3://geoglows-v2-forecasts/2024122000.zarr,448d8c50cef5493417a2ed86b9be959a-2,2026-09-25T06:31:41Z
2024-12-20,manduriacu,670078161,high_res,2,271.674,s3://geoglows-v2-forecasts/2024122000.zarr,448d8c50cef5493417a2ed86b9be959a-2,2026-09-25T06:31:41Z
2024-12-20,manduriacu,670078161,high_res,3,356.938,s3://geoglows-v2-forecasts/2024122000.zarr,448d8c50cef5493417a2ed86b9be959a-2,2026-09-25T06:31:41Z
2024-12-20,manduriacu,670078161,high_res,4,458.932,s3://geoglows-v2-forecasts/2024122000.zarr,448d8c50cef5493417a2ed86b9be959a-2,2026-09-25T06:31:41Z
2024-12-20,manduriacu,670078161,high_res,5,468.661,s3://geoglows-v2-forecasts/2024122000.zarr,448d8c50cef5493417a2ed86b9be959a-2,2026-09-25T06:31:41Z
2024-12-20,manduriacu,670078161,high_res,6,406.292,s3://geoglows-v2-forecasts/2024122000.zarr,448d8c50cef5493417a2ed86b9be959a-2,2026-09-25T06:31:41Z
2024-12-20,manduriacu,670078161,high_res,7,431.964,s3://geoglows-v2-forecasts/2024122000.zarr,448d8c50cef5493417a2ed86b9be959a-2,2026-09-25T06:31:41Z
2024-12-20,manduriacu,670078161,high_res,8,598.756,s3://geoglows-v2-forecasts/2024122000.zarr,448d8c50cef5493417a2ed86b9be959a-2,2026-09-25T06:31:41Z
2024-12-20,manduriacu,670078161,high_res,9,719.276,s3://geoglows-v2-forecasts/2024122000.zarr,448d8c50cef5493417a2ed86b9be959a-2,2026-09-25T06:31:41Z
2024-12-20,minas_san_francisco,670027091,high_res,1,27.641,s3://geoglows-v2-forecasts/2024122000.zarr,448d8c50cef5493417a2ed86b9be959a-2,2026-09-25T06:31:41Z
2024-12-20,minas_san_francisco,670027091,high_res,10,164.103,s3://geoglows-v2-forecasts/2024122000.zarr,448d8c50cef5493417a2ed86b9be959a-2,2026-09-25T06:31:41Z
2024-12-20,minas_san_francisco,670027091,high_res,2,62.175,s3://geoglows-v2-forecasts/2024122000.zarr,448d8c50cef5493417a2ed86b9be959a-2,2026-09-25T06:31:41Z
2024-12-20,minas_san_francisco,670027091,high_res,3,85.925,s3://geoglows-v2-forecasts/2024122000.zarr,448d8c50cef5493417a2ed86b9be959a-2,2026-09-25T06:31:41Z
2024-12-20,minas_san_francisco,670027091,high_res,4,96.403,s3://geoglows-v2-forecasts/2024122000.zarr,448d8c50cef5493417a2ed86b9be959a-2,2026-09-25T06:31:41Z
2024-12-20,minas_san_francisco,670027091,high_res,5,105.405,s3://geoglows-v2-forecasts/2024122000.zarr,448d8c50cef5493417a2ed86b9be959a-2,2026-09-25T06:31:41Z
2024-12-20,minas_san_francisco,670027091,high_res,6,130.47,s3://geoglows-v2-forecasts/2024122000.zarr,448d8c50cef5493417a2ed86b9be959a-2,2026-09-25T06:31:41Z
2024-12-20,minas_san_francisco,670027091,high_res,7,161.066,s3://geoglows-v2-forecasts/2024122000.zarr,448d8c50cef5493417a2ed86b9be959a-2,2026-09-25T06:31:41Z
2024-12-20,minas_san_francisco,670027091,high_res,8,160.733,s3://geoglows-v2-forecasts/2024122000.zarr,448d8c50cef5493417a2ed86b9be959a-2,2026-09-25T06:31:41Z
2024-12-20,minas_san_francisco,670027091,high_res,9,142.583,s3://geoglows-v2-forecasts/2024122000.zarr,448d8c50cef5493417a2ed86b9be959a-2,2026-09-25T06:31:41Z
2024-12-21,agoyan,621014469,high_res,1,90.836,s3://geoglows-v2-forecasts/2024122100.zarr,1010c7069e0307d01f16ec90dd4af56f-2,2026-09-25T06:31:41Z
2024-12-21,agoyan,621014469,high_res,10,220.39,s3://geoglows-v2-forecasts/2024122100.zarr,1010c7069e0307d01f16ec90dd4af56f-2,2026-09-25T06:31:41Z
2024-12-21,agoyan,621014469,high_res,2,99.582,s3://geoglows-v2-forecasts/2024122100.zarr,1010c7069e0307d01f16ec90dd4af56f-2,2026-09-25T06:31:41Z
2024-12-21,agoyan,621014469,high_res,3,114.812,s3://geoglows-v2-forecasts/2024122100.zarr,1010c7069e0307d01f16ec90dd4af56f-2,2026-09-25T06:31:41Z
2024-12-21,agoyan,621014469,high_res,4,120.38,s3://geoglows-v2-forecasts/2024122100.zarr,1010c7069e0307d01f16ec90dd4af56f-2,2026-09-25T06:31:41Z
2024-12-21,agoyan,621014469,high_res,5,131.173,s3://geoglows-v2-forecasts/2024122100.zarr,1010c7069e0307d01f16ec90dd4af56f-2,2026-09-25T06:31:41Z
2024-12-21,agoyan,621014469,high_res,6,140.058,s3://geoglows-v2-forecasts/2024122100.zarr,1010c7069e0307d01f16ec90dd4af56f-2,2026-09-25T06:31:41Z
2024-12-21,agoyan,621014469,high_res,7,161.325,s3://geoglows-v2-forecasts/2024122100.zarr,1010c7069e0307d01f16ec90dd4af56f-2,2026-09-25T06:31:41Z
2024-12-21,agoyan,621014469,high_res,8,181.45,s3://geoglows-v2-forecasts/2024122100.zarr,1010c7069e0307d01f16ec90dd4af56f-2,2026-09-25T06:31:41Z
2024-12-21,agoyan,621014469,high_res,9,198.194,s3://geoglows-v2-forecasts/2024122100.zarr,1010c7069e0307d01f16ec90dd4af56f-2,2026-09-25T06:31:41Z
2024-12-21,manduriacu,670078161,high_res,1,262.164,s3://geoglows-v2-forecasts/2024122100.zarr,1010c7069e0307d01f16ec90dd4af56f-2,2026-09-25T06:31:41Z
2024-12-21,manduriacu,670078161,high_res,10,773.583,s3://geoglows-v2-forecasts/2024122100.zarr,1010c7069e0307d01f16ec90dd4af56f-2,2026-09-25T06:31:41Z
2024-12-21,manduriacu,670078161,high_res,2,286.084,s3://geoglows-v2-forecasts/2024122100.zarr,1010c7069e0307d01f16ec90dd4af56f-2,2026-09-25T06:31:41Z
2024-12-21,manduriacu,670078161,high_res,3,376.427,s3://geoglows-v2-forecasts/2024122100.zarr,1010c7069e0307d01f16ec90dd4af56f-2,2026-09-25T06:31:41Z
2024-12-21,manduriacu,670078161,high_res,4,480.458,s3://geoglows-v2-forecasts/2024122100.zarr,1010c7069e0307d01f16ec90dd4af56f-2,2026-09-25T06:31:41Z
2024-12-21,manduriacu,670078161,high_res,5,404.482,s3://geoglows-v2-forecasts/2024122100.zarr,1010c7069e0307d01f16ec90dd4af56f-2,2026-09-25T06:31:41Z
2024-12-21,manduriacu,670078161,high_res,6,421.656,s3://geoglows-v2-forecasts/2024122100.zarr,1010c7069e0307d01f16ec90dd4af56f-2,2026-09-25T06:31:41Z
2024-12-21,manduriacu,670078161,high_res,7,507.183,s3://geoglows-v2-forecasts/2024122100.zarr,1010c7069e0307d01f16ec90dd4af56f-2,2026-09-25T06:31:41Z
2024-12-21,manduriacu,670078161,high_res,8,641.751,s3://geoglows-v2-forecasts/2024122100.zarr,1010c7069e0307d01f16ec90dd4af56f-2,2026-09-25T06:31:41Z
2024-12-21,manduriacu,670078161,high_res,9,713.78,s3://geoglows-v2-forecasts/2024122100.zarr,1010c7069e0307d01f16ec90dd4af56f-2,2026-09-25T06:31:41Z
2024-12-21,minas_san_francisco,670027091,high_res,1,48.337,s3://geoglows-v2-forecasts/2024122100.zarr,1010c7069e0307d01f16ec90dd4af56f-2,2026-09-25T06:31:41Z
2024-12-21,minas_san_francisco,670027091,high_res,10,118.451,s3://geoglows-v2-forecasts/2024122100.zarr,1010c7069e0307d01f16ec90dd4af56f-2,2026-09-25T06:31:41Z
2024-12-21,minas_san_francisco,670027091,high_res,2,70.607,s3://geoglows-v2-forecasts/2024122100.zarr,1010c7069e0307d01f16ec90dd4af56f-2,2026-09-25T06:31:41Z
2024-12-21,minas_san_francisco,670027091,high_res,3,89.351,s3://geoglows-v2-forecasts/2024122100.zarr,1010c7069e0307d01f16ec90dd4af56f-2,2026-09-25T06:31:41Z
2024-12-21,minas_san_francisco,670027091,high_res,4,116.551,s3://geoglows-v2-forecasts/2024122100.zarr,1010c7069e0307d01f16ec90dd4af56f-2,2026-09-25T06:31:41Z
2024-12-21,minas_san_francisco,670027091,high_res,5,119.035,s3://geoglows-v2-forecasts/2024122100.zarr,1010c7069e0307d01f16ec90dd4af56f-2,2026-09-25T06:31:41Z
2024-12-21,minas_san_francisco,670027091,high_res,6,128.229,s3://geoglows-v2-forecasts/2024122100.zarr,1010c7069e0307d01f16ec90dd4af56f-2,2026-09-25T06:31:41Z
2024-12-21,minas_san_francisco,670027091,high_res,7,140.674,s3://geoglows-v2-forecasts/2024122100.zarr,1010c7069e0307d01f16ec90dd4af56f-2,2026-09-25T06:31:41Z
2024-12-21,minas_san_francisco,670027091,high_res,8,149.716,s3://geoglows-v2-forecasts/2024122100.zarr,1010c7069e0307d01f16ec90dd4af56f-2,2026-09-25T06:31:41Z
2024-12-21,minas_san_francisco,670027091,high_res,9,139.479,s3://geoglows-v2-forecasts/2024122100.zarr,1010c7069e0307d01f16ec90dd4af56f-2,2026-09-25T06:31:41Z
2024-12-22,agoyan,621014469,high_res,1,94.407,s3://geoglows-v2-forecasts/2024122200.zarr,5b1a5576859520eaeef77bdb723be354-2,2026-09-25T06:31:46Z
2024-12-22,agoyan,621014469,high_res,10,248.86,s3://geoglows-v2-forecasts/2024122200.zarr,5b1a5576859520eaeef77bdb723be354-2,2026-09-25T06:31:46Z
2024-12-22,agoyan,621014469,high_res,2,99.983,s3://geoglows-v2-forecasts/2024122200.zarr,5b1a5576859520eaeef77bdb723be354-2,2026-09-25T06:31:46Z
2024-12-22,agoyan,621014469,high_res,3,112.122,s3://geoglows-v2-forecasts/2024122200.zarr,5b1a5576859520eaeef77bdb723be354-2,2026-09-25T06:31:46Z
2024-12-22,agoyan,621014469,high_res,4,124.878,s3://geoglows-v2-forecasts/2024122200.zarr,5b1a5576859520eaeef77bdb723be354-2,2026-09-25T06:31:46Z
2024-12-22,agoyan,621014469,high_res,5,143.26,s3://geoglows-v2-forecasts/2024122200.zarr,5b1a5576859520eaeef77bdb723be354-2,2026-09-25T06:31:46Z
2024-12-22,agoyan,621014469,high_res,6,189.209,s3://geoglows-v2-forecasts/2024122200.zarr,5b1a5576859520eaeef77bdb723be354-2,2026-09-25T06:31:46Z
2024-12-22,agoyan,621014469,high_res,7,202.32,s3://geoglows-v2-forecasts/2024122200.zarr,5b1a5576859520eaeef77bdb723be354-2,2026-09-25T06:31:46Z
2024-12-22,agoyan,621014469,high_res,8,207.826,s3://geoglows-v2-forecasts/2024122200.zarr,5b1a5576859520eaeef77bdb723be354-2,2026-09-25T06:31:46Z
2024-12-22,agoyan,621014469,high_res,9,235.204,s3://geoglows-v2-forecasts/2024122200.zarr,5b1a5576859520eaeef77bdb723be354-2,2026-09-25T06:31:46Z
2024-12-22,manduriacu,670078161,high_res,1,256.378,s3://geoglows-v2-forecasts/2024122200.zarr,5b1a5576859520eaeef77bdb723be354-2,2026-09-25T06:31:46Z
2024-12-22,manduriacu,670078161,high_res,10,733.009,s3://geoglows-v2-forecasts/2024122200.zarr,5b1a5576859520eaeef77bdb723be354-2,2026-09-25T06:31:46Z
2024-12-22,manduriacu,670078161,high_res,2,300.807,s3://geoglows-v2-forecasts/2024122200.zarr,5b1a5576859520eaeef77bdb723be354-2,2026-09-25T06:31:46Z
2024-12-22,manduriacu,670078161,high_res,3,354.558,s3://geoglows-v2-forecasts/2024122200.zarr,5b1a5576859520eaeef77bdb723be354-2,2026-09-25T06:31:46Z
2024-12-22,manduriacu,670078161,high_res,4,363.2,s3://geoglows-v2-forecasts/2024122200.zarr,5b1a5576859520eaeef77bdb723be354-2,2026-09-25T06:31:46Z
2024-12-22,manduriacu,670078161,high_res,5,424.269,s3://geoglows-v2-forecasts/2024122200.zarr,5b1a5576859520eaeef77bdb723be354-2,2026-09-25T06:31:46Z
2024-12-22,manduriacu,670078161,high_res,6,493.737,s3://geoglows-v2-forecasts/2024122200.zarr,5b1a5576859520eaeef77bdb723be354-2,2026-09-25T06:31:46Z
2024-12-22,manduriacu,670078161,high_res,7,592.806,s3://geoglows-v2-forecasts/2024122200.zarr,5b1a5576859520eaeef77bdb723be354-2,2026-09-25T06:31:46Z
2024-12-22,manduriacu,670078161,high_res,8,770.342,s3://geoglows-v2-forecasts/2024122200.zarr,5b1a5576859520eaeef77bdb723be354-2,2026-09-25T06:31:46Z
2024-12-22,manduriacu,670078161,high_res,9,775.949,s3://geoglows-v2-forecasts/2024122200.zarr,5b1a5576859520eaeef77bdb723be354-2,2026-09-25T06:31:46Z
2024-12-22,minas_san_francisco,670027091,high_res,1,61.772,s3://geoglows-v2-forecasts/2024122200.zarr,5b1a5576859520eaeef77bdb723be354-2,2026-09-25T06:31:46Z
2024-12-22,minas_san_francisco,670027091,high_res,10,158.25,s3://geoglows-v2-forecasts/2024122200.zarr,5b1a5576859520eaeef77bdb723be354-2,2026-09-25T06:31:46Z
2024-12-22,minas_san_francisco,670027091,high_res,2,68.312,s3://geoglows-v2-forecasts/2024122200.zarr,5b1a5576859520eaeef77bdb723be354-2,2026-09-25T06:31:46Z
2024-12-22,minas_san_francisco,670027091,high_res,3,95.206,s3://geoglows-v2-forecasts/2024122200.zarr,5b1a5576859520eaeef77bdb723be354-2,2026-09-25T06:31:46Z
2024-12-22,minas_san_francisco,670027091,high_res,4,114.145,s3://geoglows-v2-forecasts/2024122200.zarr,5b1a5576859520eaeef77bdb723be354-2,2026-09-25T06:31:46Z
2024-12-22,minas_san_francisco,670027091,high_res,5,126.499,s3://geoglows-v2-forecasts/2024122200.zarr,5b1a5576859520eaeef77bdb723be354-2,2026-09-25T06:31:46Z
2024-12-22,minas_san_francisco,670027091,high_res,6,161.257,s3://geoglows-v2-forecasts/2024122200.zarr,5b1a5576859520eaeef77bdb723be354-2,2026-09-25T06:31:46Z
2024-12-22,minas_san_francisco,670027091,high_res,7,207.273,s3://geoglows-v2-forecasts/2024122200.zarr,5b1a5576859520eaeef77bdb723be354-2,2026-09-25T06:31:46Z
2024-12-22,minas_san_francisco,670027091,high_res,8,206.049,s3://geoglows-v2-forecasts/2024122200.zarr,5b1a5576859520eaeef77bdb723be354-2,2026-09-25T06:31:46Z
2024-12-22,minas_san_francisco,670027091,high_res,9,187.945,s3://geoglows-v2-forecasts/2024122200.zarr,5b1a5576859520eaeef77bdb723be354-2,2026-09-25T06:31:46Z
2024-12-23,agoyan,621014469,high_res,1,102.58,s3://geoglows-v2-forecasts/2024122300.zarr,c0d89dac76f6ec810ca982fddf2ff6fe-2,2026-09-25T06:31:46Z
2024-12-23,agoyan,621014469,high_res,10,271.562,s3://geoglows-v2-forecasts/2024122300.zarr,c0d89dac76f6ec810ca982fddf2ff6fe-2,2026-09-25T06:31:46Z
2024-12-23,agoyan,621014469,high_res,2,121.957,s3://geoglows-v2-forecasts/2024122300.zarr,c0d89dac76f6ec810ca982fddf2ff6fe-2,2026-09-25T06:31:46Z
2024-12-23,agoyan,621014469,high_res,3,140.447,s3://geoglows-v2-forecasts/2024122300.zarr,c0d89dac76f6ec810ca982fddf2ff6fe-2,2026-09-25T06:31:46Z
2024-12-23,agoyan,621014469,high_res,4,162.738,s3://geoglows-v2-forecasts/2024122300.zarr,c0d89dac76f6ec810ca982fddf2ff6fe-2,2026-09-25T06:31:46Z
2024-12-23,agoyan,621014469,high_res,5,177.437,s3://geoglows-v2-forecasts/2024122300.zarr,c0d89dac76f6ec810ca982fddf2ff6fe-2,2026-09-25T06:31:46Z
2024-12-23,agoyan,621014469,high_res,6,214.212,s3://geoglows-v2-forecasts/2024122300.zarr,c0d89dac76f6ec810ca982fddf2ff6fe-2,2026-09-25T06:31:46Z
2024-12-23,agoyan,621014469,high_res,7,251.417,s3://geoglows-v2-forecasts/2024122300.zarr,c0d89dac76f6ec810ca982fddf2ff6fe-2,2026-09-25T06:31:46Z
2024-12-23,agoyan,621014469,high_res,8,289.632,s3://geoglows-v2-forecasts/2024122300.zarr,c0d89dac76f6ec810ca982fddf2ff6fe-2,2026-09-25T06:31:46Z
2024-12-23,agoyan,621014469,high_res,9,296.729,s3://geoglows-v2-forecasts/2024122300.zarr,c0d89dac76f6ec810ca982fddf2ff6fe-2,2026-09-25T06:31:46Z
2024-12-23,manduriacu,670078161,high_res,1,273.299,s3://geoglows-v2-forecasts/2024122300.zarr,c0d89dac76f6ec810ca982fddf2ff6fe-2,2026-09-25T06:31:46Z
2024-12-23,manduriacu,670078161,high_res,10,821.526,s3://geoglows-v2-forecasts/2024122300.zarr,c0d89dac76f6ec810ca982fddf2ff6fe-2,2026-09-25T06:31:46Z
2024-12-23,manduriacu,670078161,high_res,2,280.956,s3://geoglows-v2-forecasts/2024122300.zarr,c0d89dac76f6ec810ca982fddf2ff6fe-2,2026-09-25T06:31:46Z
2024-12-23,manduriacu,670078161,high_res,3,287.831,s3://geoglows-v2-forecasts/2024122300.zarr,c0d89dac76f6ec810ca982fddf2ff6fe-2,2026-09-25T06:31:46Z
2024-12-23,manduriacu,670078161,high_res,4,365.237,s3://geoglows-v2-forecasts/2024122300.zarr,c0d89dac76f6ec810ca982fddf2ff6fe-2,2026-09-25T06:31:46Z
2024-12-23,manduriacu,670078161,high_res,5,455.78,s3://geoglows-v2-forecasts/2024122300.zarr,c0d89dac76f6ec810ca982fddf2ff6fe-2,2026-09-25T06:31:46Z
2024-12-23,manduriacu,670078161,high_res,6,596.34,s3://geoglows-v2-forecasts/2024122300.zarr,c0d89dac76f6ec810ca982fddf2ff6fe-2,2026-09-25T06:31:46Z
2024-12-23,manduriacu,670078161,high_res,7,895.606,s3://geoglows-v2-forecasts/2024122300.zarr,c0d89dac76f6ec810ca982fddf2ff6fe-2,2026-09-25T06:31:46Z
2024-12-23,manduriacu,670078161,high_res,8,994.872,s3://geoglows-v2-forecasts/2024122300.zarr,c0d89dac76f6ec810ca982fddf2ff6fe-2,2026-09-25T06:31:46Z
2024-12-23,manduriacu,670078161,high_res,9,866.231,s3://geoglows-v2-forecasts/2024122300.zarr,c0d89dac76f6ec810ca982fddf2ff6fe-2,2026-09-25T06:31:46Z
2024-12-23,minas_san_francisco,670027091,high_res,1,59.935,s3://geoglows-v2-forecasts/2024122300.zarr,c0d89dac76f6ec810ca982fddf2ff6fe-2,2026-09-25T06:31:46Z
2024-12-23,minas_san_francisco,670027091,high_res,10,131.876,s3://geoglows-v2-forecasts/2024122300.zarr,c0d89dac76f6ec810ca982fddf2ff6fe-2,2026-09-25T06:31:46Z
2024-12-23,minas_san_francisco,670027091,high_res,2,72.867,s3://geoglows-v2-forecasts/2024122300.zarr,c0d89dac76f6ec810ca982fddf2ff6fe-2,2026-09-25T06:31:46Z
2024-12-23,minas_san_francisco,670027091,high_res,3,98.312,s3://geoglows-v2-forecasts/2024122300.zarr,c0d89dac76f6ec810ca982fddf2ff6fe-2,2026-09-25T06:31:46Z
2024-12-23,minas_san_francisco,670027091,high_res,4,134.372,s3://geoglows-v2-forecasts/2024122300.zarr,c0d89dac76f6ec810ca982fddf2ff6fe-2,2026-09-25T06:31:46Z
2024-12-23,minas_san_francisco,670027091,high_res,5,178.159,s3://geoglows-v2-forecasts/2024122300.zarr,c0d89dac76f6ec810ca982fddf2ff6fe-2,2026-09-25T06:31:46Z
2024-12-23,minas_san_francisco,670027091,high_res,6,210.572,s3://geoglows-v2-forecasts/2024122300.zarr,c0d89dac76f6ec810ca982fddf2ff6fe-2,2026-09-25T06:31:46Z
2024-12-23,minas_san_francisco,670027091,high_res,7,192.988,s3://geoglows-v2-forecasts/2024122300.zarr,c0d89dac76f6ec810ca982fddf2ff6fe-2,2026-09-25T06:31:46Z
2024-12-23,minas_san_francisco,670027091,high_res,8,179.787,s3://geoglows-v2-forecasts/2024122300.zarr,c0d89dac76f6ec810ca982fddf2ff6fe-2,2026-09-25T06:31:46Z
2024-12-23,minas_san_francisco,670027091,high_res,9,167.292,s3://geoglows-v2-forecasts/2024122300.zarr,c0d89dac76f6ec810ca982fddf2ff6fe-2,2026-09-25T06:31:46Z
2024-12-24,agoyan,621014469,high_res,1,112.663,s3://geoglows-v2-forecasts/2024122400.zarr,38f70bf53b0f03c54eb19bbb36bab890-2,2026-09-25T06:31:46Z
2024-12-24,agoyan,621014469,high_res,10,352.745,s3://geoglows-v2-forecasts/2024122400.zarr,38f70bf53b0f03c54eb19bbb36bab890-2,2026-09-25T06:31:46Z
2024-12-24,agoyan,621014469,high_res,2,128.117,s3://geoglows-v2-forecasts/2024122400.zarr,38f70bf53b0f03c54eb19bbb36bab890-2,2026-09-25T06:31:46Z
2024-12-24,agoyan,621014469,high_res,3,131.252,s3://geoglows-v2-forecasts/2024122400.zarr,38f70bf53b0f03c54eb19bbb36bab890-2,2026-09-25T06:31:46Z
2024-12-24,agoyan,621014469,high_res,4,158.618,s3://geoglows-v2-forecasts/2024122400.zarr,38f70bf53b0f03c54eb19bbb36bab890-2,2026-09-25T06:31:46Z
2024-12-24,agoyan,621014469,high_res,5,189.735,s3://geoglows-v2-forecasts/2024122400.zarr,38f70bf53b0f03c54eb19bbb36bab890-2,2026-09-25T06:31:46Z
2024-12-24,agoyan,621014469,high_res,6,258.965,s3://geoglows-v2-forecasts/2024122400.zarr,38f70bf53b0f03c54eb19bbb36bab890-2,2026-09-25T06:31:46Z
2024-12-24,agoyan,621014469,high_res,7,323.477,s3://geoglows-v2-forecasts/2024122400.zarr,38f70bf53b0f03c54eb19bbb36bab890-2,2026-09-25T06:31:46Z
2024-12-24,agoyan,621014469,high_res,8,327.237,s3://geoglows-v2-forecasts/2024122400.zarr,38f70bf53b0f03c54eb19bbb36bab890-2,2026-09-25T06:31:46Z
2024-12-24,agoyan,621014469,high_res,9,329.432,s3://geoglows-v2-forecasts/2024122400.zarr,38f70bf53b0f03c54eb19bbb36bab890-2,2026-09-25T06:31:46Z
2024-12-24,manduriacu,670078161,high_res,1,298.701,s3://geoglows-v2-forecasts/2024122400.zarr,38f70bf53b0f03c54eb19bbb36bab890-2,2026-09-25T06:31:46Z
2024-12-24,manduriacu,670078161,high_res,10,868.538,s3://geoglows-v2-forecasts/2024122400.zarr,38f70bf53b0f03c54eb19bbb36bab890-2,2026-09-25T06:31:46Z
2024-12-24,manduriacu,670078161,high_res,2,318.977,s3://geoglows-v2-forecasts/2024122400.zarr,38f70bf53b0f03c54eb19bbb36bab890-2,2026-09-25T06:31:46Z
2024-12-24,manduriacu,670078161,high_res,3,391.264,s3://geoglows-v2-forecasts/2024122400.zarr,38f70bf53b0f03c54eb19bbb36bab890-2,2026-09-25T06:31:46Z
2024-12-24,manduriacu,670078161,high_res,4,496.575,s3://geoglows-v2-forecasts/2024122400.zarr,38f70bf53b0f03c54eb19bbb36bab890-2,2026-09-25T06:31:46Z
2024-12-24,manduriacu,670078161,high_res,5,621.503,s3://geoglows-v2-forecasts/2024122400.zarr,38f70bf53b0f03c54eb19bbb36bab890-2,2026-09-25T06:31:46Z
2024-12-24,manduriacu,670078161,high_res,6,745.444,s3://geoglows-v2-forecasts/2024122400.zarr,38f70bf53b0f03c54eb19bbb36bab890-2,2026-09-25T06:31:46Z
2024-12-24,manduriacu,670078161,high_res,7,741.576,s3://geoglows-v2-forecasts/2024122400.zarr,38f70bf53b0f03c54eb19bbb36bab890-2,2026-09-25T06:31:46Z
2024-12-24,manduriacu,670078161,high_res,8,700.28,s3://geoglows-v2-forecasts/2024122400.zarr,38f70bf53b0f03c54eb19bbb36bab890-2,2026-09-25T06:31:46Z
2024-12-24,manduriacu,670078161,high_res,9,790.286,s3://geoglows-v2-forecasts/2024122400.zarr,38f70bf53b0f03c54eb19bbb36bab890-2,2026-09-25T06:31:46Z
2024-12-24,minas_san_francisco,670027091,high_res,1,66.402,s3://geoglows-v2-forecasts/2024122400.zarr,38f70bf53b0f03c54eb19bbb36bab890-2,2026-09-25T06:31:46Z
2024-12-24,minas_san_francisco,670027091,high_res,10,174.301,s3://geoglows-v2-forecasts/2024122400.zarr,38f70bf53b0f03c54eb19bbb36bab890-2,2026-09-25T06:31:46Z
2024-12-24,minas_san_francisco,670027091,high_res,2,85.298,s3://geoglows-v2-forecasts/2024122400.zarr,38f70bf53b0f03c54eb19bbb36bab890-2,2026-09-25T06:31:46Z
2024-12-24,minas_san_francisco,670027091,high_res,3,112.916,s3://geoglows-v2-forecasts/2024122400.zarr,38f70bf53b0f03c54eb19bbb36bab890-2,2026-09-25T06:31:46Z
2024-12-24,minas_san_francisco,670027091,high_res,4,155.16,s3://geoglows-v2-forecasts/2024122400.zarr,38f70bf53b0f03c54eb19bbb36bab890-2,2026-09-25T06:31:46Z
2024-12-24,minas_san_francisco,670027091,high_res,5,198.024,s3://geoglows-v2-forecasts/2024122400.zarr,38f70bf53b0f03c54eb19bbb36bab890-2,2026-09-25T06:31:46Z
2024-12-24,minas_san_francisco,670027091,high_res,6,189.233,s3://geoglows-v2-forecasts/2024122400.zarr,38f70bf53b0f03c54eb19bbb36bab890-2,2026-09-25T06:31:46Z
2024-12-24,minas_san_francisco,670027091,high_res,7,149.037,s3://geoglows-v2-forecasts/2024122400.zarr,38f70bf53b0f03c54eb19bbb36bab890-2,2026-09-25T06:31:46Z
2024-12-24,minas_san_francisco,670027091,high_res,8,134.606,s3://geoglows-v2-forecasts/2024122400.zarr,38f70bf53b0f03c54eb19bbb36bab890-2,2026-09-25T06:31:46Z
2024-12-24,minas_san_francisco,670027091,high_res,9,137.488,s3://geoglows-v2-forecasts/2024122400.zarr,38f70bf53b0f03c54eb19bbb36bab890-2,2026-09-25T06:31:46Z
2024-12-25,agoyan,621014469,high_res,1,118.873,s3://geoglows-v2-forecasts/2024122500.zarr,b3ea7622d1b35e712ae91cf24fb8ac2e-2,2026-09-25T06:31:46Z
2024-12-25,agoyan,621014469,high_res,10,370.394,s3://geoglows-v2-forecasts/2024122500.zarr,b3ea7622d1b35e712ae91cf24fb8ac2e-2,2026-09-25T06:31:46Z
2024-12-25,agoyan,621014469,high_res,2,124.007,s3://geoglows-v2-forecasts/2024122500.zarr,b3ea7622d1b35e712ae91cf24fb8ac2e-2,2026-09-25T06:31:46Z
2024-12-25,agoyan,621014469,high_res,3,150.792,s3://geoglows-v2-forecasts/2024122500.zarr,b3ea7622d1b35e712ae91cf24fb8ac2e-2,2026-09-25T06:31:46Z
2024-12-25,agoyan,621014469,high_res,4,185.007,s3://geoglows-v2-forecasts/2024122500.zarr,b3ea7622d1b35e712ae91cf24fb8ac2e-2,2026-09-25T06:31:46Z
2024-12-25,agoyan,621014469,high_res,5,215.357,s3://geoglows-v2-forecasts/2024122500.zarr,b3ea7622d1b35e712ae91cf24fb8ac2e-2,2026-09-25T06:31:46Z
2024-12-25,agoyan,621014469,high_res,6,262.554,s3://geoglows-v2-forecasts/2024122500.zarr,b3ea7622d1b35e712ae91cf24fb8ac2e-2,2026-09-25T06:31:46Z
2024-12-25,agoyan,621014469,high_res,7,284.274,s3://geoglows-v2-forecasts/2024122500.zarr,b3ea7622d1b35e712ae91cf24fb8ac2e-2,2026-09-25T06:31:46Z
2024-12-25,agoyan,621014469,high_res,8,301.961,s3://geoglows-v2-forecasts/2024122500.zarr,b3ea7622d1b35e712ae91cf24fb8ac2e-2,2026-09-25T06:31:46Z
2024-12-25,agoyan,621014469,high_res,9,346.456,s3://geoglows-v2-forecasts/2024122500.zarr,b3ea7622d1b35e712ae91cf24fb8ac2e-2,2026-09-25T06:31:46Z
2024-12-25,manduriacu,670078161,high_res,1,301.777,s3://geoglows-v2-forecasts/2024122500.zarr,b3ea7622d1b35e712ae91cf24fb8ac2e-2,2026-09-25T06:31:46Z
2024-12-25,manduriacu,670078161,high_res,10,857.538,s3://geoglows-v2-forecasts/2024122500.zarr,b3ea7622d1b35e712ae91cf24fb8ac2e-2,2026-09-25T06:31:46Z
2024-12-25,manduriacu,670078161,high_res,2,346.549,s3://geoglows-v2-forecasts/2024122500.zarr,b3ea7622d1b35e712ae91cf24fb8ac2e-2,2026-09-25T06:31:46Z
2024-12-25,manduriacu,670078161,high_res,3,407.457,s3://geoglows-v2-forecasts/2024122500.zarr,b3ea7622d1b35e712ae91cf24fb8ac2e-2,2026-09-25T06:31:46Z
2024-12-25,manduriacu,670078161,high_res,4,458.4,s3://geoglows-v2-forecasts/2024122500.zarr,b3ea7622d1b35e712ae91cf24fb8ac2e-2,2026-09-25T06:31:46Z
2024-12-25,manduriacu,670078161,high_res,5,486.767,s3://geoglows-v2-forecasts/2024122500.zarr,b3ea7622d1b35e712ae91cf24fb8ac2e-2,2026-09-25T06:31:46Z
2024-12-25,manduriacu,670078161,high_res,6,514.73,s3://geoglows-v2-forecasts/2024122500.zarr,b3ea7622d1b35e712ae91cf24fb8ac2e-2,2026-09-25T06:31:46Z
2024-12-25,manduriacu,670078161,high_res,7,566.303,s3://geoglows-v2-forecasts/2024122500.zarr,b3ea7622d1b35e712ae91cf24fb8ac2e-2,2026-09-25T06:31:46Z
2024-12-25,manduriacu,670078161,high_res,8,695.012,s3://geoglows-v2-forecasts/2024122500.zarr,b3ea7622d1b35e712ae91cf24fb8ac2e-2,2026-09-25T06:31:46Z
2024-12-25,manduriacu,670078161,high_res,9,841.128,s3://geoglows-v2-forecasts/2024122500.zarr,b3ea7622d1b35e712ae91cf24fb8ac2e-2,2026-09-25T06:31:46Z
2024-12-25,minas_san_francisco,670027091,high_res,1,73.911,s3://geoglows-v2-forecasts/2024122500.zarr,b3ea7622d1b35e712ae91cf24fb8ac2e-2,2026-09-25T06:31:46Z
2024-12-25,minas_san_francisco,670027091,high_res,10,235.549,s3://geoglows-v2-forecasts/2024122500.zarr,b3ea7622d1b35e712ae91cf24fb8ac2e-2,2026-09-25T06:31:46Z
2024-12-25,minas_san_francisco,670027091,high_res,2,90.329,s3://geoglows-v2-forecasts/2024122500.zarr,b3ea7622d1b35e712ae91cf24fb8ac2e-2,2026-09-25T06:31:46Z
2024-12-25,minas_san_francisco,670027091,high_res,3,137.691,s3://geoglows-v2-forecasts/2024122500.zarr,b3ea7622d1b35e712ae91cf24fb8ac2e-2,2026-09-25T06:31:46Z
2024-12-25,minas_san_francisco,670027091,high_res,4,181.79,s3://geoglows-v2-forecasts/2024122500.zarr,b3ea7622d1b35e712ae91cf24fb8ac2e-2,2026-09-25T06:31:46Z
2024-12-25,minas_san_francisco,670027091,high_res,5,209.436,s3://geoglows-v2-forecasts/2024122500.zarr,b3ea7622d1b35e712ae91cf24fb8ac2e-2,2026-09-25T06:31:46Z
2024-12-25,minas_san_francisco,670027091,high_res,6,199.064,s3://geoglows-v2-forecasts/2024122500.zarr,b3ea7622d1b35e712ae91cf24fb8ac2e-2,2026-09-25T06:31:46Z
2024-12-25,minas_san_francisco,670027091,high_res,7,187.72,s3://geoglows-v2-forecasts/2024122500.zarr,b3ea7622d1b35e712ae91cf24fb8ac2e-2,2026-09-25T06:31:46Z
2024-12-25,minas_san_francisco,670027091,high_res,8,168.371,s3://geoglows-v2-forecasts/2024122500.zarr,b3ea7622d1b35e712ae91cf24fb8ac2e-2,2026-09-25T06:31:46Z
2024-12-25,minas_san_francisco,670027091,high_res,9,185.564,s3://geoglows-v2-forecasts/2024122500.zarr,b3ea7622d1b35e712ae91cf24fb8ac2e-2,2026-09-25T06:31:46Z
2024-12-26,agoyan,621014469,high_res,1,113.34,s3://geoglows-v2-forecasts/2024122600.zarr,9960ec593012b62fb51f1cc52cc21a48-2,2026-09-25T06:31:46Z
2024-12-26,agoyan,621014469,high_res,10,318.777,s3://geoglows-v2-forecasts/2024122600.zarr,9960ec593012b62fb51f1cc52cc21a48-2,2026-09-25T06:31:46Z
2024-12-26,agoyan,621014469,high_res,2,124.236,s3://geoglows-v2-forecasts/2024122600.zarr,9960ec593012b62fb51f1cc52cc21a48-2,2026-09-25T06:31:46Z
2024-12-26,agoyan,621014469,high_res,3,153.276,s3://geoglows-v2-forecasts/2024122600.zarr,9960ec593012b62fb51f1cc52cc21a48-2,2026-09-25T06:31:46Z
2024-12-26,agoyan,621014469,high_res,4,176.33,s3://geoglows-v2-forecasts/2024122600.zarr,9960ec593012b62fb51f1cc52cc21a48-2,2026-09-25T06:31:46Z
2024-12-26,agoyan,621014469,high_res,5,225.592,s3://geoglows-v2-forecasts/2024122600.zarr,9960ec593012b62fb51f1cc52cc21a48-2,2026-09-25T06:31:46Z
2024-12-26,agoyan,621014469,high_res,6,254.57,s3://geoglows-v2-forecasts/2024122600.zarr,9960ec593012b62fb51f1cc52cc21a48-2,2026-09-25T06:31:46Z
2024-12-26,agoyan,621014469,high_res,7,280.43,s3://geoglows-v2-forecasts/2024122600.zarr,9960ec593012b62fb51f1cc52cc21a48-2,2026-09-25T06:31:46Z
2024-12-26,agoyan,621014469,high_res,8,324.824,s3://geoglows-v2-forecasts/2024122600.zarr,9960ec593012b62fb51f1cc52cc21a48-2,2026-09-25T06:31:46Z
2024-12-26,agoyan,621014469,high_res,9,338.239,s3://geoglows-v2-forecasts/2024122600.zarr,9960ec593012b62fb51f1cc52cc21a48-2,2026-09-25T06:31:46Z
2024-12-26,manduriacu,670078161,high_res,1,300.58,s3://geoglows-v2-forecasts/2024122600.zarr,9960ec593012b62fb51f1cc52cc21a48-2,2026-09-25T06:31:46Z
2024-12-26,manduriacu,670078161,high_res,10,1029.977,s3://geoglows-v2-forecasts/2024122600.zarr,9960ec593012b62fb51f1cc52cc21a48-2,2026-09-25T06:31:46Z
2024-12-26,manduriacu,670078161,high_res,2,306.868,s3://geoglows-v2-forecasts/2024122600.zarr,9960ec593012b62fb51f1cc52cc21a48-2,2026-09-25T06:31:46Z
2024-12-26,manduriacu,670078161,high_res,3,340.598,s3://geoglows-v2-forecasts/2024122600.zarr,9960ec593012b62fb51f1cc52cc21a48-2,2026-09-25T06:31:46Z
2024-12-26,manduriacu,670078161,high_res,4,384.243,s3://geoglows-v2-forecasts/2024122600.zarr,9960ec593012b62fb51f1cc52cc21a48-2,2026-09-25T06:31:46Z
2024-12-26,manduriacu,670078161,high_res,5,462.05,s3://geoglows-v2-forecasts/2024122600.zarr,9960ec593012b62fb51f1cc52cc21a48-2,2026-09-25T06:31:46Z
2024-12-26,manduriacu,670078161,high_res,6,597.967,s3://geoglows-v2-forecasts/2024122600.zarr,9960ec593012b62fb51f1cc52cc21a48-2,2026-09-25T06:31:46Z
2024-12-26,manduriacu,670078161,high_res,7,709.452,s3://geoglows-v2-forecasts/2024122600.zarr,9960ec593012b62fb51f1cc52cc21a48-2,2026-09-25T06:31:46Z
2024-12-26,manduriacu,670078161,high_res,8,773.217,s3://geoglows-v2-forecasts/2024122600.zarr,9960ec593012b62fb51f1cc52cc21a48-2,2026-09-25T06:31:46Z
2024-12-26,manduriacu,670078161,high_res,9,883.527,s3://geoglows-v2-forecasts/2024122600.zarr,9960ec593012b62fb51f1cc52cc21a48-2,2026-09-25T06:31:46Z
2024-12-26,minas_san_francisco,670027091,high_res,1,73.619,s3://geoglows-v2-forecasts/2024122600.zarr,9960ec593012b62fb51f1cc52cc21a48-2,2026-09-25T06:31:46Z
2024-12-26,minas_san_francisco,670027091,high_res,10,259.535,s3://geoglows-v2-forecasts/2024122600.zarr,9960ec593012b62fb51f1cc52cc21a48-2,2026-09-25T06:31:46Z
2024-12-26,minas_san_francisco,670027091,high_res,2,110.212,s3://geoglows-v2-forecasts/2024122600.zarr,9960ec593012b62fb51f1cc52cc21a48-2,2026-09-25T06:31:46Z
2024-12-26,minas_san_francisco,670027091,high_res,3,176.322,s3://geoglows-v2-forecasts/2024122600.zarr,9960ec593012b62fb51f1cc52cc21a48-2,2026-09-25T06:31:46Z
2024-12-26,minas_san_francisco,670027091,high_res,4,232.304,s3://geoglows-v2-forecasts/2024122600.zarr,9960ec593012b62fb51f1cc52cc21a48-2,2026-09-25T06:31:46Z
2024-12-26,minas_san_francisco,670027091,high_res,5,246.321,s3://geoglows-v2-forecasts/2024122600.zarr,9960ec593012b62fb51f1cc52cc21a48-2,2026-09-25T06:31:46Z
2024-12-26,minas_san_francisco,670027091,high_res,6,246.83,s3://geoglows-v2-forecasts/2024122600.zarr,9960ec593012b62fb51f1cc52cc21a48-2,2026-09-25T06:31:46Z
2024-12-26,minas_san_francisco,670027091,high_res,7,211.333,s3://geoglows-v2-forecasts/2024122600.zarr,9960ec593012b62fb51f1cc52cc21a48-2,2026-09-25T06:31:46Z
2024-12-26,minas_san_francisco,670027091,high_res,8,189.519,s3://geoglows-v2-forecasts/2024122600.zarr,9960ec593012b62fb51f1cc52cc21a48-2,2026-09-25T06:31:46Z
2024-12-26,minas_san_francisco,670027091,high_res,9,219.775,s3://geoglows-v2-forecasts/2024122600.zarr,9960ec593012b62fb51f1cc52cc21a48-2,2026-09-25T06:31:46Z
2024-12-27,agoyan,621014469,high_res,1,119.521,s3://geoglows-v2-forecasts/2024122700.zarr,ead8218ec18dd26464d1f3ac5139e3c5-2,2026-09-25T06:31:46Z
2024-12-27,agoyan,621014469,high_res,10,311.05,s3://geoglows-v2-forecasts/2024122700.zarr,ead8218ec18dd26464d1f3ac5139e3c5-2,2026-09-25T06:31:46Z
2024-12-27,agoyan,621014469,high_res,2,141.092,s3://geoglows-v2-forecasts/2024122700.zarr,ead8218ec18dd26464d1f3ac5139e3c5-2,2026-09-25T06:31:46Z
2024-12-27,agoyan,621014469,high_res,3,170.805,s3://geoglows-v2-forecasts/2024122700.zarr,ead8218ec18dd26464d1f3ac5139e3c5-2,2026-09-25T06:31:46Z
2024-12-27,agoyan,621014469,high_res,4,232.014,s3://geoglows-v2-forecasts/2024122700.zarr,ead8218ec18dd26464d1f3ac5139e3c5-2,2026-09-25T06:31:46Z
2024-12-27,agoyan,621014469,high_res,5,265.915,s3://geoglows-v2-forecasts/2024122700.zarr,ead8218ec18dd26464d1f3ac5139e3c5-2,2026-09-25T06:31:46Z
2024-12-27,agoyan,621014469,high_res,6,296.766,s3://geoglows-v2-forecasts/2024122700.zarr,ead8218ec18dd26464d1f3ac5139e3c5-2,2026-09-25T06:31:46Z
2024-12-27,agoyan,621014469,high_res,7,309.8,s3://geoglows-v2-forecasts/2024122700.zarr,ead8218ec18dd26464d1f3ac5139e3c5-2,2026-09-25T06:31:46Z
2024-12-27,agoyan,621014469,high_res,8,317.835,s3://geoglows-v2-forecasts/2024122700.zarr,ead8218ec18dd26464d1f3ac5139e3c5-2,2026-09-25T06:31:46Z
2024-12-27,agoyan,621014469,high_res,9,309.248,s3://geoglows-v2-forecasts/2024122700.zarr,ead8218ec18dd26464d1f3ac5139e3c5-2,2026-09-25T06:31:46Z
2024-12-27,manduriacu,670078161,high_res,1,321.423,s3://geoglows-v2-forecasts/2024122700.zarr,ead8218ec18dd26464d1f3ac5139e3c5-2,2026-09-25T06:31:46Z
2024-12-27,manduriacu,670078161,high_res,10,1026.239,s3://geoglows-v2-forecasts/2024122700.zarr,ead8218ec18dd26464d1f3ac5139e3c5-2,2026-09-25T06:31:46Z
2024-12-27,manduriacu,670078161,high_res,2,363.123,s3://geoglows-v2-forecasts/2024122700.zarr,ead8218ec18dd26464d1f3ac5139e3c5-2,2026-09-25T06:31:46Z
2024-12-27,manduriacu,670078161,high_res,3,428.298,s3://geoglows-v2-forecasts/2024122700.zarr,ead8218ec18dd26464d1f3ac5139e3c5-2,2026-09-25T06:31:46Z
2024-12-27,manduriacu,670078161,high_res,4,585.564,s3://geoglows-v2-forecasts/2024122700.zarr,ead8218ec18dd26464d1f3ac5139e3c5-2,2026-09-25T06:31:46Z
2024-12-27,manduriacu,670078161,high_res,5,800.387,s3://geoglows-v2-forecasts/2024122700.zarr,ead8218ec18dd26464d1f3ac5139e3c5-2,2026-09-25T06:31:46Z
2024-12-27,manduriacu,670078161,high_res,6,1049.649,s3://geoglows-v2-forecasts/2024122700.zarr,ead8218ec18dd26464d1f3ac5139e3c5-2,2026-09-25T06:31:46Z
2024-12-27,manduriacu,670078161,high_res,7,1040.027,s3://geoglows-v2-forecasts/2024122700.zarr,ead8218ec18dd26464d1f3ac5139e3c5-2,2026-09-25T06:31:46Z
2024-12-27,manduriacu,670078161,high_res,8,998.812,s3://geoglows-v2-forecasts/2024122700.zarr,ead8218ec18dd26464d1f3ac5139e3c5-2,2026-09-25T06:31:46Z
2024-12-27,manduriacu,670078161,high_res,9,1071.279,s3://geoglows-v2-forecasts/2024122700.zarr,ead8218ec18dd26464d1f3ac5139e3c5-2,2026-09-25T06:31:46Z
2024-12-27,minas_san_francisco,670027091,high_res,1,90.635,s3://geoglows-v2-forecasts/2024122700.zarr,ead8218ec18dd26464d1f3ac5139e3c5-2,2026-09-25T06:31:46Z
2024-12-27,minas_san_francisco,670027091,high_res,10,232.842,s3://geoglows-v2-forecasts/2024122700.zarr,ead8218ec18dd26464d1f3ac5139e3c5-2,2026-09-25T06:31:46Z
2024-12-27,minas_san_francisco,670027091,high_res,2,115.907,s3://geoglows-v2-forecasts/2024122700.zarr,ead8218ec18dd26464d1f3ac5139e3c5-2,2026-09-25T06:31:46Z
2024-12-27,minas_san_francisco,670027091,high_res,3,160.486,s3://geoglows-v2-forecasts/2024122700.zarr,ead8218ec18dd26464d1f3ac5139e3c5-2,2026-09-25T06:31:46Z
2024-12-27,minas_san_francisco,670027091,high_res,4,210.394,s3://geoglows-v2-forecasts/2024122700.zarr,ead8218ec18dd26464d1f3ac5139e3c5-2,2026-09-25T06:31:46Z
2024-12-27,minas_san_francisco,670027091,high_res,5,220.276,s3://geoglows-v2-forecasts/2024122700.zarr,ead8218ec18dd26464d1f3ac5139e3c5-2,2026-09-25T06:31:46Z
2024-12-27,minas_san_francisco,670027091,high_res,6,230.06,s3://geoglows-v2-forecasts/2024122700.zarr,ead8218ec18dd26464d1f3ac5139e3c5-2,2026-09-25T06:31:46Z
2024-12-27,minas_san_francisco,670027091,high_res,7,260.42,s3://geoglows-v2-forecasts/2024122700.zarr,ead8218ec18dd26464d1f3ac5139e3c5-2,2026-09-25T06:31:46Z
2024-12-27,minas_san_francisco,670027091,high_res,8,270.337,s3://geoglows-v2-forecasts/2024122700.zarr,ead8218ec18dd26464d1f3ac5139e3c5-2,2026-09-25T06:31:46Z
2024-12-27,minas_san_francisco,670027091,high_res,9,256.12,s3://geoglows-v2-forecasts/2024122700.zarr,ead8218ec18dd26464d1f3ac5139e3c5-2,2026-09-25T06:31:46Z
2024-12-28,agoyan,621014469,high_res,1,123.271,s3://geoglows-v2-forecasts/2024122800.zarr,7544934b202a814dace902bd81b5f826-2,2026-09-25T06:31:46Z
2024-12-28,agoyan,621014469,high_res,10,317.651,s3://geoglows-v2-forecasts/2024122800.zarr,7544934b202a814dace902bd81b5f826-2,2026-09-25T06:31:46Z
2024-12-28,agoyan,621014469,high_res,2,141.887,s3://geoglows-v2-forecasts/2024122800.zarr,7544934b202a814dace902bd81b5f826-2,2026-09-25T06:31:46Z
2024-12-28,agoyan,621014469,high_res,3,178.802,s3://geoglows-v2-forecasts/2024122800.zarr,7544934b202a814dace902bd81b5f826-2,2026-09-25T06:31:46Z
2024-12-28,agoyan,621014469,high_res,4,219.026,s3://geoglows-v2-forecasts/2024122800.zarr,7544934b202a814dace902bd81b5f826-2,2026-09-25T06:31:46Z
2024-12-28,agoyan,621014469,high_res,5,265.882,s3://geoglows-v2-forecasts/2024122800.zarr,7544934b202a814dace902bd81b5f826-2,2026-09-25T06:31:46Z
2024-12-28,agoyan,621014469,high_res,6,292.239,s3://geoglows-v2-forecasts/2024122800.zarr,7544934b202a814dace902bd81b5f826-2,2026-09-25T06:31:46Z
2024-12-28,agoyan,621014469,high_res,7,333.24,s3://geoglows-v2-forecasts/2024122800.zarr,7544934b202a814dace902bd81b5f826-2,2026-09-25T06:31:46Z
2024-12-28,agoyan,621014469,high_res,8,349.087,s3://geoglows-v2-forecasts/2024122800.zarr,7544934b202a814dace902bd81b5f826-2,2026-09-25T06:31:46Z
2024-12-28,agoyan,621014469,high_res,9,341.132,s3://geoglows-v2-forecasts/2024122800.zarr,7544934b202a814dace902bd81b5f826-2,2026-09-25T06:31:46Z
2024-12-28,manduriacu,670078161,high_res,1,340.791,s3://geoglows-v2-forecasts/2024122800.zarr,7544934b202a814dace902bd81b5f826-2,2026-09-25T06:31:46Z
2024-12-28,manduriacu,670078161,high_res,10,956.535,s3://geoglows-v2-forecasts/2024122800.zarr,7544934b202a814dace902bd81b5f826-2,2026-09-25T06:31:46Z
2024-12-28,manduriacu,670078161,high_res,2,378.148,s3://geoglows-v2-forecasts/2024122800.zarr,7544934b202a814dace902bd81b5f826-2,2026-09-25T06:31:46Z
2024-12-28,manduriacu,670078161,high_res,3,508.054,s3://geoglows-v2-forecasts/2024122800.zarr,7544934b202a814dace902bd81b5f826-2,2026-09-25T06:31:46Z
2024-12-28,manduriacu,670078161,high_res,4,643.867,s3://geoglows-v2-forecasts/2024122800.zarr,7544934b202a814dace902bd81b5f826-2,2026-09-25T06:31:46Z
2024-12-28,manduriacu,670078161,high_res,5,790.518,s3://geoglows-v2-forecasts/2024122800.zarr,7544934b202a814dace902bd81b5f826-2,2026-09-25T06:31:46Z
2024-12-28,manduriacu,670078161,high_res,6,856.494,s3://geoglows-v2-forecasts/2024122800.zarr,7544934b202a814dace902bd81b5f826-2,2026-09-25T06:31:46Z
2024-12-28,manduriacu,670078161,high_res,7,1001.872,s3://geoglows-v2-forecasts/2024122800.zarr,7544934b202a814dace902bd81b5f826-2,2026-09-25T06:31:46Z
2024-12-28,manduriacu,670078161,high_res,8,1032.577,s3://geoglows-v2-forecasts/2024122800.zarr,7544934b202a814dace902bd81b5f826-2,2026-09-25T06:31:46Z
2024-12-28,manduriacu,670078161,high_res,9,945.963,s3://geoglows-v2-forecasts/2024122800.zarr,7544934b202a814dace902bd81b5f826-2,2026-09-25T06:31:46Z
2024-12-28,minas_san_francisco,670027091,high_res,1,108.455,s3://geoglows-v2-forecasts/2024122800.zarr,7544934b202a814dace902bd81b5f826-2,2026-09-25T06:31:46Z
2024-12-28,minas_san_francisco,670027091,high_res,10,238.608,s3://geoglows-v2-forecasts/2024122800.zarr,7544934b202a814dace902bd81b5f826-2,2026-09-25T06:31:46Z
2024-12-28,minas_san_francisco,670027091,high_res,2,141.996,s3://geoglows-v2-forecasts/2024122800.zarr,7544934b202a814dace902bd81b5f826-2,2026-09-25T06:31:46Z
2024-12-28,minas_san_francisco,670027091,high_res,3,194.355,s3://geoglows-v2-forecasts/2024122800.zarr,7544934b202a814dace902bd81b5f826-2,2026-09-25T06:31:46Z
2024-12-28,minas_san_francisco,670027091,high_res,4,194.453,s3://geoglows-v2-forecasts/2024122800.zarr,7544934b202a814dace902bd81b5f826-2,2026-09-25T06:31:46Z
2024-12-28,minas_san_francisco,670027091,high_res,5,209.47,s3://geoglows-v2-forecasts/2024122800.zarr,7544934b202a814dace902bd81b5f826-2,2026-09-25T06:31:46Z
2024-12-28,minas_san_francisco,670027091,high_res,6,220.654,s3://geoglows-v2-forecasts/2024122800.zarr,7544934b202a814dace902bd81b5f826-2,2026-09-25T06:31:46Z
2024-12-28,minas_san_francisco,670027091,high_res,7,243.584,s3://geoglows-v2-forecasts/2024122800.zarr,7544934b202a814dace902bd81b5f826-2,2026-09-25T06:31:46Z
2024-12-28,minas_san_francisco,670027091,high_res,8,249.216,s3://geoglows-v2-forecasts/2024122800.zarr,7544934b202a814dace902bd81b5f826-2,2026-09-25T06:31:46Z
2024-12-28,minas_san_francisco,670027091,high_res,9,227.961,s3://geoglows-v2-forecasts/2024122800.zarr,7544934b202a814dace902bd81b5f826-2,2026-09-25T06:31:46Z
2024-12-29,agoyan,621014469,high_res,1,132.211,s3://geoglows-v2-forecasts/2024122900.zarr,a524c72b4f875f140272a56391ed4105-2,2026-09-25T06:31:46Z
2024-12-29,agoyan,621014469,high_res,10,309.672,s3://geoglows-v2-forecasts/2024122900.zarr,a524c72b4f875f140272a56391ed4105-2,2026-09-25T06:31:46Z
2024-12-29,agoyan,621014469,high_res,2,159.057,s3://geoglows-v2-forecasts/2024122900.zarr,a524c72b4f875f140272a56391ed4105-2,2026-09-25T06:31:46Z
2024-12-29,agoyan,621014469,high_res,3,215.592,s3://geoglows-v2-forecasts/2024122900.zarr,a524c72b4f875f140272a56391ed4105-2,2026-09-25T06:31:46Z
2024-12-29,agoyan,621014469,high_res,4,255.121,s3://geoglows-v2-forecasts/2024122900.zarr,a524c72b4f875f140272a56391ed4105-2,2026-09-25T06:31:46Z
2024-12-29,agoyan,621014469,high_res,5,317.332,s3://geoglows-v2-forecasts/2024122900.zarr,a524c72b4f875f140272a56391ed4105-2,2026-09-25T06:31:46Z
2024-12-29,agoyan,621014469,high_res,6,357.98,s3://geoglows-v2-forecasts/2024122900.zarr,a524c72b4f875f140272a56391ed4105-2,2026-09-25T06:31:46Z
2024-12-29,agoyan,621014469,high_res,7,350.685,s3://geoglows-v2-forecasts/2024122900.zarr,a524c72b4f875f140272a56391ed4105-2,2026-09-25T06:31:46Z
2024-12-29,agoyan,621014469,high_res,8,337.862,s3://geoglows-v2-forecasts/2024122900.zarr,a524c72b4f875f140272a56391ed4105-2,2026-09-25T06:31:46Z
2024-12-29,agoyan,621014469,high_res,9,325.863,s3://geoglows-v2-forecasts/2024122900.zarr,a524c72b4f875f140272a56391ed4105-2,2026-09-25T06:31:46Z
2024-12-29,manduriacu,670078161,high_res,1,366.217,s3://geoglows-v2-forecasts/2024122900.zarr,a524c72b4f875f140272a56391ed4105-2,2026-09-25T06:31:46Z
2024-12-29,manduriacu,670078161,high_res,10,785.559,s3://geoglows-v2-forecasts/2024122900.zarr,a524c72b4f875f140272a56391ed4105-2,2026-09-25T06:31:46Z
2024-12-29,manduriacu,670078161,high_res,2,440.768,s3://geoglows-v2-forecasts/2024122900.zarr,a524c72b4f875f140272a56391ed4105-2,2026-09-25T06:31:46Z
2024-12-29,manduriacu,670078161,high_res,3,558.245,s3://geoglows-v2-forecasts/2024122900.zarr,a524c72b4f875f140272a56391ed4105-2,2026-09-25T06:31:46Z
2024-12-29,manduriacu,670078161,high_res,4,776.633,s3://geoglows-v2-forecasts/2024122900.zarr,a524c72b4f875f140272a56391ed4105-2,2026-09-25T06:31:46Z
2024-12-29,manduriacu,670078161,high_res,5,847.623,s3://geoglows-v2-forecasts/2024122900.zarr,a524c72b4f875f140272a56391ed4105-2,2026-09-25T06:31:46Z
2024-12-29,manduriacu,670078161,high_res,6,975.786,s3://geoglows-v2-forecasts/2024122900.zarr,a524c72b4f875f140272a56391ed4105-2,2026-09-25T06:31:46Z
2024-12-29,manduriacu,670078161,high_res,7,967.935,s3://geoglows-v2-forecasts/2024122900.zarr,a524c72b4f875f140272a56391ed4105-2,2026-09-25T06:31:46Z
2024-12-29,manduriacu,670078161,high_res,8,866.776,s3://geoglows-v2-forecasts/2024122900.zarr,a524c72b4f875f140272a56391ed4105-2,2026-09-25T06:31:46Z
2024-12-29,manduriacu,670078161,high_res,9,806.898,s3://geoglows-v2-forecasts/2024122900.zarr,a524c72b4f875f140272a56391ed4105-2,2026-09-25T06:31:46Z
2024-12-29,minas_san_francisco,670027091,high_res,1,113.79,s3://geoglows-v2-forecasts/2024122900.zarr,a524c72b4f875f140272a56391ed4105-2,2026-09-25T06:31:46Z
2024-12-29,minas_san_francisco,670027091,high_res,10,243.731,s3://geoglows-v2-forecasts/2024122900.zarr,a524c72b4f875f140272a56391ed4105-2,2026-09-25T06:31:46Z
2024-12-29,minas_san_francisco,670027091,high_res,2,144.946,s3://geoglows-v2-forecasts/2024122900.zarr,a524c72b4f875f140272a56391ed4105-2,2026-09-25T06:31:46Z
2024-12-29,minas_san_francisco,670027091,high_res,3,192.455,s3://geoglows-v2-forecasts/2024122900.zarr,a524c72b4f875f140272a56391ed4105-2,2026-09-25T06:31:46Z
2024-12-29,minas_san_francisco,670027091,high_res,4,219.695,s3://geoglows-v2-forecasts/2024122900.zarr,a524c72b4f875f140272a56391ed4105-2,2026-09-25T06:31:46Z
2024-12-29,minas_san_francisco,670027091,high_res,5,233.799,s3://geoglows-v2-forecasts/2024122900.zarr,a524c72b4f875f140272a56391ed4105-2,2026-09-25T06:31:46Z
2024-12-29,minas_san_francisco,670027091,high_res,6,224.558,s3://geoglows-v2-forecasts/2024122900.zarr,a524c72b4f875f140272a56391ed4105-2,2026-09-25T06:31:46Z
2024-12-29,minas_san_francisco,670027091,high_res,7,179.421,s3://geoglows-v2-forecasts/2024122900.zarr,a524c72b4f875f140272a56391ed4105-2,2026-09-25T06:31:46Z
2024-12-29,minas_san_francisco,670027091,high_res,8,192.699,s3://geoglows-v2-forecasts/2024122900.zarr,a524c72b4f875f140272a56391ed4105-2,2026-09-25T06:31:46Z
2024-12-29,minas_san_francisco,670027091,high_res,9,238.113,s3://geoglows-v2-forecasts/2024122900.zarr,a524c72b4f875f140272a56391ed4105-2,2026-09-25T06:31:46Z
2024-12-30,agoyan,621014469,high_res,1,147.012,s3://geoglows-v2-forecasts/2024123000.zarr,5c0ae39cdb283dd114396d036e06d0cd-2,2026-09-25T06:31:51Z
2024-12-30,agoyan,621014469,high_res,10,259.124,s3://geoglows-v2-forecasts/2024123000.zarr,5c0ae39cdb283dd114396d036e06d0cd-2,2026-09-25T06:31:51Z
2024-12-30,agoyan,621014469,high_res,2,180.029,s3://geoglows-v2-forecasts/2024123000.zarr,5c0ae39cdb283dd114396d036e06d0cd-2,2026-09-25T06:31:51Z
2024-12-30,agoyan,621014469,high_res,3,216.937,s3://geoglows-v2-forecasts/2024123000.zarr,5c0ae39cdb283dd114396d036e06d0cd-2,2026-09-25T06:31:51Z
2024-12-30,agoyan,621014469,high_res,4,273.063,s3://geoglows-v2-forecasts/2024123000.zarr,5c0ae39cdb283dd114396d036e06d0cd-2,2026-09-25T06:31:51Z
2024-12-30,agoyan,621014469,high_res,5,335.27,s3://geoglows-v2-forecasts/2024123000.zarr,5c0ae39cdb283dd114396d036e06d0cd-2,2026-09-25T06:31:51Z
2024-12-30,agoyan,621014469,high_res,6,341.989,s3://geoglows-v2-forecasts/2024123000.zarr,5c0ae39cdb283dd114396d036e06d0cd-2,2026-09-25T06:31:51Z
2024-12-30,agoyan,621014469,high_res,7,325.652,s3://geoglows-v2-forecasts/2024123000.zarr,5c0ae39cdb283dd114396d036e06d0cd-2,2026-09-25T06:31:51Z
2024-12-30,agoyan,621014469,high_res,8,291.173,s3://geoglows-v2-forecasts/2024123000.zarr,5c0ae39cdb283dd114396d036e06d0cd-2,2026-09-25T06:31:51Z
2024-12-30,agoyan,621014469,high_res,9,266.343,s3://geoglows-v2-forecasts/2024123000.zarr,5c0ae39cdb283dd114396d036e06d0cd-2,2026-09-25T06:31:51Z
2024-12-30,manduriacu,670078161,high_res,1,420.545,s3://geoglows-v2-forecasts/2024123000.zarr,5c0ae39cdb283dd114396d036e06d0cd-2,2026-09-25T06:31:51Z
2024-12-30,manduriacu,670078161,high_res,10,759.988,s3://geoglows-v2-forecasts/2024123000.zarr,5c0ae39cdb283dd114396d036e06d0cd-2,2026-09-25T06:31:51Z
2024-12-30,manduriacu,670078161,high_res,2,497.32,s3://geoglows-v2-forecasts/2024123000.zarr,5c0ae39cdb283dd114396d036e06d0cd-2,2026-09-25T06:31:51Z
2024-12-30,manduriacu,670078161,high_res,3,730.026,s3://geoglows-v2-forecasts/2024123000.zarr,5c0ae39cdb283dd114396d036e06d0cd-2,2026-09-25T06:31:51Z
2024-12-30,manduriacu,670078161,high_res,4,859.575,s3://geoglows-v2-forecasts/2024123000.zarr,5c0ae39cdb283dd114396d036e06d0cd-2,2026-09-25T06:31:51Z
2024-12-30,manduriacu,670078161,high_res,5,912.061,s3://geoglows-v2-forecasts/2024123000.zarr,5c0ae39cdb283dd114396d036e06d0cd-2,2026-09-25T06:31:51Z
2024-12-30,manduriacu,670078161,high_res,6,952.75,s3://geoglows-v2-forecasts/2024123000.zarr,5c0ae39cdb283dd114396d036e06d0cd-2,2026-09-25T06:31:51Z
2024-12-30,manduriacu,670078161,high_res,7,882.819,s3://geoglows-v2-forecasts/2024123000.zarr,5c0ae39cdb283dd114396d036e06d0cd-2,2026-09-25T06:31:51Z
2024-12-30,manduriacu,670078161,high_res,8,790.652,s3://geoglows-v2-forecasts/2024123000.zarr,5c0ae39cdb283dd114396d036e06d0cd-2,2026-09-25T06:31:51Z
2024-12-30,manduriacu,670078161,high_res,9,752.23,s3://geoglows-v2-forecasts/2024123000.zarr,5c0ae39cdb283dd114396d036e06d0cd-2,2026-09-25T06:31:51Z
2024-12-30,minas_san_francisco,670027091,high_res,1,122.468,s3://geoglows-v2-forecasts/2024123000.zarr,5c0ae39cdb283dd114396d036e06d0cd-2,2026-09-25T06:31:51Z
2024-12-30,minas_san_francisco,670027091,high_res,10,237.699,s3://geoglows-v2-forecasts/2024123000.zarr,5c0ae39cdb283dd114396d036e06d0cd-2,2026-09-25T06:31:51Z
2024-12-30,minas_san_francisco,670027091,high_res,2,167.433,s3://geoglows-v2-forecasts/2024123000.zarr,5c0ae39cdb283dd114396d036e06d0cd-2,2026-09-25T06:31:51Z
2024-12-30,minas_san_francisco,670027091,high_res,3,228.058,s3://geoglows-v2-forecasts/2024123000.zarr,5c0ae39cdb283dd114396d036e06d0cd-2,2026-09-25T06:31:51Z
2024-12-30,minas_san_francisco,670027091,high_res,4,243.555,s3://geoglows-v2-forecasts/2024123000.zarr,5c0ae39cdb283dd114396d036e06d0cd-2,2026-09-25T06:31:51Z
2024-12-30,minas_san_francisco,670027091,high_res,5,246.714,s3://geoglows-v2-forecasts/2024123000.zarr,5c0ae39cdb283dd114396d036e06d0cd-2,2026-09-25T06:31:51Z
2024-12-30,minas_san_francisco,670027091,high_res,6,231.733,s3://geoglows-v2-forecasts/2024123000.zarr,5c0ae39cdb283dd114396d036e06d0cd-2,2026-09-25T06:31:51Z
2024-12-30,minas_san_francisco,670027091,high_res,7,208.882,s3://geoglows-v2-forecasts/2024123000.zarr,5c0ae39cdb283dd114396d036e06d0cd-2,2026-09-25T06:31:51Z
2024-12-30,minas_san_francisco,670027091,high_res,8,214.76,s3://geoglows-v2-forecasts/2024123000.zarr,5c0ae39cdb283dd114396d036e06d0cd-2,2026-09-25T06:31:51Z
2024-12-30,minas_san_francisco,670027091,high_res,9,254.795,s3://geoglows-v2-forecasts/2024123000.zarr,5c0ae39cdb283dd114396d036e06d0cd-2,2026-09-25T06:31:51Z
2024-12-31,agoyan,621014469,high_res,1,166.443,s3://geoglows-v2-forecasts/2024123100.zarr,9f091da81e8794da844e96fc884a1c02-2,2026-09-25T06:31:50Z
2024-12-31,agoyan,621014469,high_res,10,276.683,s3://geoglows-v2-forecasts/2024123100.zarr,9f091da81e8794da844e96fc884a1c02-2,2026-09-25T06:31:50Z
2024-12-31,agoyan,621014469,high_res,2,176.503,s3://geoglows-v2-forecasts/2024123100.zarr,9f091da81e8794da844e96fc884a1c02-2,2026-09-25T06:31:50Z
2024-12-31,agoyan,621014469,high_res,3,241.267,s3://geoglows-v2-forecasts/2024123100.zarr,9f091da81e8794da844e96fc884a1c02-2,2026-09-25T06:31:50Z
2024-12-31,agoyan,621014469,high_res,4,280.566,s3://geoglows-v2-forecasts/2024123100.zarr,9f091da81e8794da844e96fc884a1c02-2,2026-09-25T06:31:50Z
2024-12-31,agoyan,621014469,high_res,5,305.175,s3://geoglows-v2-forecasts/2024123100.zarr,9f091da81e8794da844e96fc884a1c02-2,2026-09-25T06:31:50Z
2024-12-31,agoyan,621014469,high_res,6,345.561,s3://geoglows-v2-forecasts/2024123100.zarr,9f091da81e8794da844e96fc884a1c02-2,2026-09-25T06:31:50Z
2024-12-31,agoyan,621014469,high_res,7,311.283,s3://geoglows-v2-forecasts/2024123100.zarr,9f091da81e8794da844e96fc884a1c02-2,2026-09-25T06:31:50Z
2024-12-31,agoyan,621014469,high_res,8,287.41,s3://geoglows-v2-forecasts/2024123100.zarr,9f091da81e8794da844e96fc884a1c02-2,2026-09-25T06:31:50Z
2024-12-31,agoyan,621014469,high_res,9,264.809,s3://geoglows-v2-forecasts/2024123100.zarr,9f091da81e8794da844e96fc884a1c02-2,2026-09-25T06:31:50Z
2024-12-31,manduriacu,670078161,high_res,1,491.866,s3://geoglows-v2-forecasts/2024123100.zarr,9f091da81e8794da844e96fc884a1c02-2,2026-09-25T06:31:50Z
2024-12-31,manduriacu,670078161,high_res,10,809.969,s3://geoglows-v2-forecasts/2024123100.zarr,9f091da81e8794da844e96fc884a1c02-2,2026-09-25T06:31:50Z
2024-12-31,manduriacu,670078161,high_res,2,764.896,s3://geoglows-v2-forecasts/2024123100.zarr,9f091da81e8794da844e96fc884a1c02-2,2026-09-25T06:31:50Z
2024-12-31,manduriacu,670078161,high_res,3,924.018,s3://geoglows-v2-forecasts/2024123100.zarr,9f091da81e8794da844e96fc884a1c02-2,2026-09-25T06:31:50Z
2024-12-31,manduriacu,670078161,high_res,4,992.495,s3://geoglows-v2-forecasts/2024123100.zarr,9f091da81e8794da844e96fc884a1c02-2,2026-09-25T06:31:50Z
2024-12-31,manduriacu,670078161,high_res,5,976.889,s3://geoglows-v2-forecasts/2024123100.zarr,9f091da81e8794da844e96fc884a1c02-2,2026-09-25T06:31:50Z
2024-12-31,manduriacu,670078161,high_res,6,919.392,s3://geoglows-v2-forecasts/2024123100.zarr,9f091da81e8794da844e96fc884a1c02-2,2026-09-25T06:31:50Z
2024-12-31,manduriacu,670078161,high_res,7,881.716,s3://geoglows-v2-forecasts/2024123100.zarr,9f091da81e8794da844e96fc884a1c02-2,2026-09-25T06:31:50Z
2024-12-31,manduriacu,670078161,high_res,8,824.09,s3://geoglows-v2-forecasts/2024123100.zarr,9f091da81e8794da844e96fc884a1c02-2,2026-09-25T06:31:50Z
2024-12-31,manduriacu,670078161,high_res,9,835.868,s3://geoglows-v2-forecasts/2024123100.zarr,9f091da81e8794da844e96fc884a1c02-2,2026-09-25T06:31:50Z
2024-12-31,minas_san_francisco,670027091,high_res,1,136.777,s3://geoglows-v2-forecasts/2024123100.zarr,9f091da81e8794da844e96fc884a1c02-2,2026-09-25T06:31:50Z
2024-12-31,minas_san_francisco,670027091,high_res,10,200.17,s3://geoglows-v2-forecasts/2024123100.zarr,9f091da81e8794da844e96fc884a1c02-2,2026-09-25T06:31:50Z
2024-12-31,minas_san_francisco,670027091,high_res,2,145.274,s3://geoglows-v2-forecasts/2024123100.zarr,9f091da81e8794da844e96fc884a1c02-2,2026-09-25T06:31:50Z
2024-12-31,minas_san_francisco,670027091,high_res,3,177.939,s3://geoglows-v2-forecasts/2024123100.zarr,9f091da81e8794da844e96fc884a1c02-2,2026-09-25T06:31:50Z
2024-12-31,minas_san_francisco,670027091,high_res,4,229.215,s3://geoglows-v2-forecasts/2024123100.zarr,9f091da81e8794da844e96fc884a1c02-2,2026-09-25T06:31:50Z
2024-12-31,minas_san_francisco,670027091,high_res,5,254.318,s3://geoglows-v2-forecasts/2024123100.zarr,9f091da81e8794da844e96fc884a1c02-2,2026-09-25T06:31:50Z
2024-12-31,minas_san_francisco,670027091,high_res,6,253.184,s3://geoglows-v2-forecasts/2024123100.zarr,9f091da81e8794da844e96fc884a1c02-2,2026-09-25T06:31:50Z
2024-12-31,minas_san_francisco,670027091,high_res,7,237.626,s3://geoglows-v2-forecasts/2024123100.zarr,9f091da81e8794da844e96fc884a1c02-2,2026-09-25T06:31:50Z
2024-12-31,minas_san_francisco,670027091,high_res,8,224.756,s3://geoglows-v2-forecasts/2024123100.zarr,9f091da81e8794da844e96fc884a1c02-2,2026-09-25T06:31:50Z
2024-12-31,minas_san_francisco,670027091,high_res,9,202.861,s3://geoglows-v2-forecasts/2024123100.zarr,9f091da81e8794da844e96fc884a1c02-2,2026-09-25T06:31:50Z
